0_Avg-Duration_s,0_Min-Duration_s,0_Max-Duration_s,0_Median-Duration_s,0_MainRank-Duration_s
5.3881e-05,4.693e-05,6.495e-05,5.2695e-05,4.693e-05
5.5133e-05,4.877e-05,6.469e-05,5.328e-05,5.225e-05
5.322e-05,4.638e-05,6.404e-05,5.253e-05,4.638e-05
5.8142e-05,5.089e-05,7.113e-05,5.64e-05,5.376e-05
5.3565e-05,4.707e-05,6.349e-05,5.2085e-05,4.898e-05
5.9447e-05,5.273e-05,7.172e-05,5.523e-05,5.591e-05
5.2918e-05,4.642e-05,6.232e-05,5.13e-05,4.834e-05
5.7676e-05,5.068e-05,6.762e-05,5.611e-05,5.068e-05
5.1621e-05,4.506e-05,6.023e-05,5.1215e-05,4.644e-05
5.7068e-05,5.16e-05,6.91e-05,5.443e-05,5.16e-05
5.1675e-05,4.501e-05,6.075e-05,5.024e-05,4.774e-05
5.5526e-05,4.941e-05,6.39e-05,5.3655e-05,4.941e-05
5.1872e-05,4.621e-05,6.282e-05,5.0385e-05,4.823e-05
5.5645e-05,4.917e-05,6.466e-05,5.2685e-05,5.198e-05
5.3451e-05,4.782e-05,6.423e-05,5.147e-05,4.782e-05
5.5256e-05,4.84e-05,6.344e-05,5.3215e-05,5.119e-05
5.5119e-05,4.813e-05,6.41e-05,5.352e-05,4.813e-05
5.4464e-05,4.757e-05,6.301e-05,5.273e-05,4.996e-05
5.7805e-05,5.081e-05,7.001e-05,5.509e-05,5.451e-05
5.3611e-05,4.641e-05,6.364e-05,5.1905e-05,4.861e-05
5.571e-05,4.942e-05,6.859e-05,5.3395e-05,5.231e-05
5.3043e-05,4.607e-05,6.127e-05,5.1905e-05,4.805e-05
5.6813e-05,4.991e-05,6.604e-05,5.39e-05,5.088e-05
5.1697e-05,4.506e-05,5.965e-05,5.009e-05,4.72e-05
5.8035e-05,5.26e-05,6.742e-05,5.418e-05,5.295e-05
5.2161e-05,4.684e-05,6.131e-05,5.0265e-05,4.958e-05
5.53e-05,4.819e-05,6.527e-05,5.299e-05,4.998e-05
4.8746e-05,4.183e-05,5.602e-05,4.848e-05,4.455e-05
5.3123e-05,4.76e-05,6.085e-05,5.039e-05,4.932e-05
5.2236e-05,4.765e-05,6.25e-05,5.0185e-05,4.933e-05
5.3727e-05,4.802e-05,6.233e-05,5.0855e-05,5.015e-05
5.2083e-05,4.482e-05,6.057e-05,5.0585e-05,4.482e-05
5.1986e-05,4.649e-05,6.225e-05,4.984e-05,4.706e-05
5.2156e-05,4.618e-05,6.149e-05,5.022e-05,4.618e-05
5.1691e-05,4.644e-05,6.192e-05,4.9415e-05,4.724e-05
5.4592e-05,4.826e-05,6.721e-05,5.1865e-05,5.006e-05
5.1225e-05,4.45e-05,5.942e-05,4.966e-05,4.718e-05
5.5829e-05,4.87e-05,6.768e-05,5.4165e-05,4.917e-05
5.1004e-05,4.394e-05,6.085e-05,5.0045e-05,4.703e-05
5.549e-05,4.838e-05,6.653e-05,5.3505e-05,4.896e-05
5.1801e-05,4.491e-05,5.933e-05,5.08e-05,4.691e-05
5.676e-05,5.056e-05,7.003e-05,5.486e-05,5.056e-05
5.154e-05,4.425e-05,6.04e-05,5.05e-05,4.674e-05
5.5832e-05,4.976e-05,6.759e-05,5.3855e-05,4.976e-05
7.3491e-05,5.477e-05,8.219e-05,7.6255e-05,7.357e-05
5.4434e-05,4.617e-05,5.998e-05,5.581e-05,5.698e-05
5.0673e-05,4.51e-05,5.88e-05,4.985e-05,4.796e-05
5.4472e-05,4.896e-05,6.301e-05,5.253e-05,4.99e-05
5.5626e-05,4.982e-05,6.676e-05,5.2845e-05,5.29e-05
5.2871e-05,4.688e-05,6.12e-05,5.16e-05,4.688e-05
5.7806e-05,5.109e-05,6.899e-05,5.6275e-05,5.392e-05
5.2755e-05,4.643e-05,6.146e-05,5.1475e-05,4.806e-05
5.5601e-05,4.938e-05,6.821e-05,5.3555e-05,4.947e-05
5.3285e-05,4.627e-05,6.111e-05,5.174e-05,4.901e-05
5.8751e-05,5.165e-05,7.049e-05,5.7325e-05,5.185e-05
5.21e-05,4.484e-05,6.118e-05,5.128e-05,4.771e-05
5.7541e-05,5.116e-05,6.637e-05,5.4725e-05,5.116e-05
5.1682e-05,4.523e-05,6.085e-05,5.0795e-05,4.741e-05
5.5026e-05,4.914e-05,6.368e-05,5.2725e-05,4.914e-05
4.9196e-05,4.245e-05,5.663e-05,4.9395e-05,4.376e-05
5.3213e-05,4.784e-05,6.588e-05,5.106e-05,4.784e-05
5.0418e-05,4.39e-05,6.185e-05,4.878e-05,4.687e-05
5.3694e-05,4.662e-05,6.439e-05,5.146e-05,5.238e-05
5.2106e-05,4.589e-05,6.133e-05,5.032e-05,4.589e-05
5.2151e-05,4.618e-05,6.309e-05,4.9715e-05,4.828e-05
5.2165e-05,4.723e-05,6.374e-05,4.9395e-05,4.723e-05
5.0874e-05,4.404e-05,5.986e-05,4.9345e-05,4.404e-05
6.5869e-05,5.28e-05,7.509e-05,6.549e-05,6.598e-05
5.2704e-05,4.77e-05,6.264e-05,5.1185e-05,4.973e-05
5.6129e-05,5.071e-05,6.649e-05,5.1985e-05,5.071e-05
5.1074e-05,4.652e-05,6.058e-05,4.8875e-05,4.783e-05
5.5627e-05,5.024e-05,6.677e-05,5.1285e-05,5.058e-05
5.0519e-05,4.553e-05,5.949e-05,4.9105e-05,4.769e-05
5.4651e-05,4.876e-05,6.324e-05,5.1495e-05,5.076e-05
4.979e-05,4.322e-05,5.86e-05,4.936e-05,4.322e-05
5.5099e-05,4.858e-05,6.414e-05,5.172e-05,5.076e-05
5.3085e-05,4.886e-05,6.37e-05,5.067e-05,4.928e-05
5.3971e-05,4.741e-05,6.331e-05,5.1415e-05,4.86e-05
5.3349e-05,4.784e-05,6.396e-05,5.058e-05,5.247e-05
5.2899e-05,4.654e-05,6.084e-05,5.065e-05,4.83e-05
5.3571e-05,4.834e-05,6.272e-05,5.1065e-05,4.834e-05
5.237e-05,4.616e-05,6.08e-05,5.0045e-05,4.839e-05
5.4985e-05,4.898e-05,6.774e-05,5.168e-05,4.967e-05
5.2111e-05,4.526e-05,6.009e-05,5.061e-05,4.746e-05
5.4606e-05,4.828e-05,6.696e-05,5.2225e-05,4.895e-05
5.1409e-05,4.429e-05,6.092e-05,5.0245e-05,4.669e-05
5.6119e-05,4.878e-05,6.73e-05,5.437e-05,4.984e-05
5.0227e-05,4.383e-05,5.997e-05,4.9105e-05,4.638e-05
5.7045e-05,5.025e-05,7.148e-05,5.426e-05,5.211e-05
5.0078e-05,4.264e-05,5.827e-05,4.92e-05,4.604e-05
5.4715e-05,4.744e-05,6.692e-05,5.3465e-05,4.744e-05
4.9306e-05,4.198e-05,5.779e-05,4.818e-05,4.449e-05
5.4241e-05,4.673e-05,6.285e-05,5.206e-05,4.673e-05
5.3805e-05,4.89e-05,6.5e-05,5.094e-05,5.352e-05
5.3884e-05,4.733e-05,6.518e-05,5.1795e-05,5.055e-05
5.3361e-05,4.672e-05,6.17e-05,5.099e-05,4.672e-05
5.8335e-05,4.519e-05,0.00010771,5.1245e-05,4.607e-05
5.5726e-05,4.761e-05,6.437e-05,5.449e-05,5.566e-05
5.1453e-05,4.484e-05,5.936e-05,5.098e-05,4.484e-05
5.5804e-05,4.891e-05,6.699e-05,5.455e-05,5.117e-05
5.1e-05,4.488e-05,6.068e-05,4.9345e-05,4.64e-05
5.6629e-05,4.947e-05,6.845e-05,5.468e-05,5.08e-05
5.0589e-05,4.349e-05,6.048e-05,4.9635e-05,4.675e-05
5.5001e-05,4.818e-05,6.488e-05,5.2795e-05,4.848e-05
4.995e-05,4.306e-05,5.946e-05,4.951e-05,4.564e-05
5.6459e-05,4.995e-05,6.976e-05,5.415e-05,5.156e-05
4.9915e-05,4.236e-05,5.893e-05,4.9195e-05,4.546e-05
5.435e-05,4.891e-05,6.657e-05,5.199e-05,4.891e-05
5.0809e-05,4.407e-05,6.184e-05,4.997e-05,4.65e-05
5.455e-05,4.822e-05,6.337e-05,5.158e-05,5.064e-05
5.2274e-05,4.751e-05,6.325e-05,5.0035e-05,4.751e-05
5.4016e-05,4.747e-05,6.248e-05,5.1435e-05,5.017e-05
5.321e-05,4.746e-05,6.335e-05,5.123e-05,4.746e-05
5.2522e-05,4.623e-05,6.339e-05,5.1505e-05,4.623e-05
5.6201e-05,4.971e-05,6.908e-05,5.464e-05,5.129e-05
5.257e-05,4.576e-05,6.118e-05,5.05e-05,4.895e-05
5.4088e-05,4.781e-05,6.707e-05,5.092e-05,4.959e-05
5.1922e-05,4.462e-05,6.003e-05,5.0135e-05,4.769e-05
5.5863e-05,4.833e-05,6.66e-05,5.4855e-05,4.833e-05
5.0397e-05,4.336e-05,5.934e-05,4.9625e-05,4.539e-05
7.0751e-05,5.259e-05,8.956e-05,7.3045e-05,7.996e-05
5.0794e-05,4.337e-05,5.836e-05,5.0395e-05,5.32e-05
5.325e-05,4.692e-05,5.705e-05,5.4605e-05,5.589e-05
4.9034e-05,4.259e-05,5.474e-05,4.939e-05,4.773e-05
5.2251e-05,4.483e-05,6.063e-05,5.245e-05,5.218e-05
5.1192e-05,4.522e-05,6.356e-05,4.916e-05,4.824e-05
5.354e-05,4.72e-05,6.218e-05,5.0595e-05,4.944e-05
5.3074e-05,4.797e-05,6.337e-05,5.1005e-05,4.797e-05
5.1766e-05,4.574e-05,6.292e-05,5.015e-05,4.574e-05
5.2942e-05,4.655e-05,6.286e-05,5.146e-05,5.076e-05
5.1025e-05,4.419e-05,6.091e-05,5.0885e-05,4.419e-05
5.4874e-05,4.77e-05,6.867e-05,5.3225e-05,5.096e-05
5.1563e-05,4.464e-05,6.186e-05,4.9555e-05,4.742e-05
5.6422e-05,4.945e-05,6.774e-05,5.44e-05,5.029e-05
5.0315e-05,4.281e-05,5.946e-05,4.8945e-05,4.573e-05
5.481e-05,4.796e-05,6.503e-05,5.313e-05,4.796e-05
4.942e-05,4.285e-05,5.651e-05,4.873e-05,4.418e-05
5.4124e-05,4.829e-05,6.667e-05,5.153e-05,4.829e-05
4.956e-05,4.181e-05,5.693e-05,4.8985e-05,4.453e-05
5.41e-05,4.775e-05,6.712e-05,5.227e-05,4.775e-05
5.0724e-05,4.471e-05,6.311e-05,4.92e-05,4.75e-05
5.3241e-05,4.704e-05,6.302e-05,5.0885e-05,4.861e-05
5.269e-05,4.689e-05,6.513e-05,4.9995e-05,5.153e-05
5.371e-05,4.649e-05,6.163e-05,5.21e-05,4.97e-05
5.1926e-05,4.542e-05,5.952e-05,5.05e-05,4.542e-05
5.2499e-05,4.635e-05,6.315e-05,4.9425e-05,4.829e-05
5.5151e-05,4.912e-05,6.73e-05,5.26e-05,4.952e-05
5.2091e-05,4.581e-05,6.042e-05,4.9885e-05,4.782e-05
5.356e-05,4.779e-05,6.589e-05,5.1095e-05,4.783e-05
5.1028e-05,4.381e-05,5.939e-05,4.9385e-05,4.655e-05
5.5188e-05,4.851e-05,6.687e-05,5.343e-05,4.891e-05
5.0682e-05,4.272e-05,5.801e-05,4.972e-05,4.578e-05
5.5184e-05,4.829e-05,6.954e-05,5.2265e-05,4.829e-05
4.9765e-05,4.249e-05,5.902e-05,4.904e-05,4.591e-05
5.5013e-05,4.861e-05,6.745e-05,5.346e-05,4.861e-05
5.1274e-05,4.194e-05,5.738e-05,5.206e-05,4.359e-05
5.2812e-05,4.446e-05,6.127e-05,5.241e-05,5.124e-05
4.9697e-05,4.418e-05,5.962e-05,4.7405e-05,4.724e-05
5.3505e-05,4.798e-05,6.21e-05,5.059e-05,4.914e-05
5.3083e-05,4.62e-05,6.045e-05,5.0995e-05,4.62e-05
5.153e-05,4.421e-05,5.966e-05,5.1095e-05,4.421e-05
5.2345e-05,4.621e-05,6.214e-05,5.0475e-05,4.941e-05
5.1362e-05,4.538e-05,6.23e-05,5.026e-05,4.538e-05
5.5899e-05,4.784e-05,6.983e-05,5.294e-05,5.289e-05
5.0936e-05,4.455e-05,5.989e-05,4.9695e-05,4.634e-05
5.5249e-05,4.889e-05,6.672e-05,5.2935e-05,4.889e-05
5.0417e-05,4.329e-05,6.007e-05,4.934e-05,4.615e-05
5.5329e-05,4.833e-05,6.642e-05,5.3595e-05,4.932e-05
4.9637e-05,4.25e-05,5.843e-05,4.9115e-05,4.476e-05
5.563e-05,4.808e-05,6.887e-05,5.375e-05,5.049e-05
4.9194e-05,4.18e-05,5.656e-05,4.8545e-05,4.397e-05
5.3323e-05,4.875e-05,6.512e-05,5.1255e-05,4.875e-05
5.0592e-05,4.421e-05,6.157e-05,4.898e-05,4.647e-05
5.434e-05,4.807e-05,6.298e-05,5.115e-05,5.01e-05
5.1678e-05,4.609e-05,6.099e-05,4.9415e-05,4.609e-05
5.2456e-05,4.613e-05,6.143e-05,4.9705e-05,4.809e-05
5.4314e-05,4.894e-05,6.453e-05,5.1805e-05,4.894e-05
5.122e-05,4.434e-05,6.178e-05,5.0145e-05,4.434e-05
5.5664e-05,4.977e-05,6.863e-05,5.338e-05,5.112e-05
5.2166e-05,4.532e-05,6.037e-05,4.9935e-05,4.811e-05
5.4104e-05,4.782e-05,6.552e-05,5.239e-05,4.782e-05
5.0991e-05,4.456e-05,5.937e-05,4.948e-05,4.599e-05
5.643e-05,4.963e-05,6.724e-05,5.319e-05,4.963e-05
5.0254e-05,4.374e-05,5.964e-05,4.892e-05,4.6e-05
5.6375e-05,5.001e-05,7.103e-05,5.356e-05,5.107e-05
4.9971e-05,4.298e-05,5.901e-05,4.9315e-05,4.536e-05
5.4406e-05,4.792e-05,6.649e-05,5.24e-05,4.792e-05
4.9134e-05,4.212e-05,5.625e-05,4.912e-05,4.398e-05
5.3807e-05,4.751e-05,6.69e-05,5.2045e-05,4.751e-05
5.119e-05,4.37e-05,6.323e-05,4.9265e-05,4.758e-05
5.397e-05,4.713e-05,6.24e-05,5.145e-05,5.015e-05
5.2358e-05,4.585e-05,6.051e-05,5.076e-05,4.585e-05
5.2296e-05,4.561e-05,6.063e-05,5.123e-05,4.561e-05
5.4354e-05,4.921e-05,6.477e-05,5.3465e-05,5.276e-05
5.0957e-05,4.409e-05,5.675e-05,5.0995e-05,4.409e-05
5.3435e-05,4.872e-05,6.41e-05,5.0965e-05,5.204e-05
5.0982e-05,4.456e-05,5.886e-05,4.9695e-05,4.686e-05
5.6098e-05,4.877e-05,6.706e-05,5.467e-05,4.877e-05
5.1043e-05,4.373e-05,5.902e-05,4.9645e-05,4.661e-05
5.5712e-05,4.811e-05,6.556e-05,5.5e-05,4.811e-05
4.9502e-05,4.208e-05,5.709e-05,4.8855e-05,4.481e-05
5.4005e-05,4.777e-05,6.777e-05,5.219e-05,4.777e-05
4.913e-05,4.147e-05,5.648e-05,4.9435e-05,4.414e-05
5.3585e-05,4.85e-05,6.725e-05,5.068e-05,4.881e-05
5.0095e-05,4.379e-05,6.156e-05,4.8535e-05,4.61e-05
5.4515e-05,4.882e-05,6.566e-05,5.127e-05,5.075e-05
5.1997e-05,4.673e-05,6.225e-05,4.937e-05,4.673e-05
5.322e-05,4.648e-05,6.185e-05,5.052e-05,4.946e-05
5.347e-05,4.701e-05,6.113e-05,5.132e-05,4.701e-05
5.1378e-05,4.423e-05,5.838e-05,5.062e-05,4.423e-05
5.5377e-05,4.775e-05,6.834e-05,5.235e-05,5.187e-05
5.1911e-05,4.509e-05,6.386e-05,5.0075e-05,4.72e-05
5.312e-05,4.617e-05,6.559e-05,5.1335e-05,4.842e-05
5.1198e-05,4.392e-05,5.948e-05,4.928e-05,4.737e-05
5.4886e-05,4.832e-05,6.551e-05,5.4095e-05,4.832e-05
5.0313e-05,4.377e-05,6.022e-05,4.8915e-05,4.67e-05
6.1702e-05,5.093e-05,0.00010398,5.589e-05,5.221e-05
5.0277e-05,4.297e-05,5.698e-05,5.0445e-05,4.44e-05
5.4439e-05,4.852e-05,6.75e-05,5.231e-05,4.999e-05
4.8735e-05,4.158e-05,5.601e-05,4.865e-05,4.378e-05
5.322e-05,4.749e-05,6.58e-05,5.164e-05,4.776e-05
5.045e-05,4.505e-05,6.26e-05,4.893e-05,4.696e-05
5.3756e-05,4.774e-05,6.203e-05,5.1095e-05,4.97e-05
5.27e-05,4.693e-05,6.133e-05,5.0535e-05,4.693e-05
5.113e-05,4.405e-05,5.98e-05,5.006e-05,4.405e-05
5.2524e-05,4.724e-05,6.253e-05,5.0855e-05,5.003e-05
5.0761e-05,4.45e-05,6.126e-05,4.9595e-05,4.45e-05
5.5106e-05,4.857e-05,6.827e-05,5.2395e-05,5.108e-05
5.0991e-05,4.448e-05,6.007e-05,4.976e-05,4.605e-05
5.6146e-05,4.896e-05,6.806e-05,5.3755e-05,5.03e-05
5.0565e-05,4.395e-05,5.93e-05,4.9725e-05,4.544e-05
5.5012e-05,4.845e-05,6.686e-05,5.272e-05,4.934e-05
5.0107e-05,4.251e-05,5.891e-05,4.9075e-05,4.539e-05
5.5415e-05,4.859e-05,6.873e-05,5.304e-05,5.098e-05
4.9185e-05,4.136e-05,5.735e-05,4.8515e-05,4.432e-05
5.3931e-05,4.925e-05,6.279e-05,5.013e-05,5e-05
5.0313e-05,4.482e-05,6.042e-05,4.863e-05,4.747e-05
5.3721e-05,4.728e-05,6.286e-05,5.092e-05,5.012e-05
5.1544e-05,4.598e-05,6.164e-05,4.919e-05,4.598e-05
5.3171e-05,4.63e-05,6.155e-05,5.0555e-05,4.874e-05
5.3424e-05,4.792e-05,6.344e-05,5.158e-05,4.792e-05
5.1415e-05,4.467e-05,6.255e-05,5.001e-05,4.467e-05
5.4924e-05,4.786e-05,6.807e-05,5.3465e-05,5.07e-05
7.7559e-05,7.082e-05,9.292e-05,7.5015e-05,7.656e-05
5.5368e-05,4.848e-05,6.665e-05,5.32e-05,5.146e-05
5.1022e-05,4.461e-05,6.03e-05,4.9705e-05,4.461e-05
5.6211e-05,5.121e-05,6.515e-05,5.2335e-05,5.163e-05
5.1282e-05,4.539e-05,6.229e-05,4.9445e-05,4.715e-05
5.6684e-05,4.914e-05,6.998e-05,5.4475e-05,5.135e-05
4.9742e-05,4.299e-05,5.806e-05,4.9305e-05,4.443e-05
5.5058e-05,4.927e-05,6.424e-05,5.2685e-05,4.927e-05
4.9413e-05,4.279e-05,5.836e-05,4.91e-05,4.525e-05
5.3969e-05,4.748e-05,6.599e-05,5.254e-05,4.748e-05
5.1598e-05,4.551e-05,6.382e-05,4.968e-05,4.822e-05
5.3566e-05,4.712e-05,6.233e-05,5.168e-05,4.843e-05
5.3309e-05,4.838e-05,6.244e-05,4.9935e-05,4.915e-05
5.1668e-05,4.585e-05,6.357e-05,4.95e-05,4.585e-05
5.2955e-05,4.648e-05,6.3e-05,5.116e-05,5.026e-05
5.0888e-05,4.374e-05,5.9e-05,5.0935e-05,4.374e-05
5.478e-05,4.72e-05,6.848e-05,5.236e-05,5.144e-05
5.1168e-05,4.478e-05,5.969e-05,4.885e-05,4.736e-05
5.6394e-05,4.981e-05,6.89e-05,5.4285e-05,4.981e-05
5.049e-05,4.409e-05,5.894e-05,4.953e-05,4.652e-05
5.5568e-05,4.799e-05,6.592e-05,5.4485e-05,4.799e-05
4.9223e-05,4.213e-05,5.834e-05,4.9025e-05,4.452e-05
5.3986e-05,4.818e-05,6.621e-05,5.189e-05,4.878e-05
4.8954e-05,4.207e-05,5.727e-05,4.8005e-05,4.383e-05
5.3925e-05,4.77e-05,6.605e-05,5.214e-05,4.77e-05
4.9965e-05,4.38e-05,6.135e-05,4.8375e-05,4.651e-05
5.4036e-05,4.851e-05,6.251e-05,5.166e-05,5.013e-05
5.018e-05,4.481e-05,6.016e-05,4.837e-05,4.481e-05
5.2745e-05,4.656e-05,6.128e-05,5.033e-05,4.819e-05
5.3275e-05,4.785e-05,6.275e-05,4.983e-05,4.785e-05
5.1341e-05,4.43e-05,6.227e-05,5.074e-05,4.43e-05
5.5043e-05,4.852e-05,6.767e-05,5.241e-05,5.015e-05
5.1491e-05,4.446e-05,6.143e-05,4.9415e-05,4.717e-05
5.4395e-05,4.717e-05,6.654e-05,5.103e-05,5.016e-05
5.0474e-05,4.324e-05,6.022e-05,4.9285e-05,4.613e-05
5.5757e-05,4.759e-05,6.484e-05,5.2995e-05,4.759e-05
5.0151e-05,4.36e-05,5.951e-05,4.8525e-05,4.592e-05
5.5807e-05,5.015e-05,6.58e-05,5.3605e-05,5.063e-05
4.8565e-05,4.186e-05,5.563e-05,4.789e-05,4.453e-05
5.441e-05,4.94e-05,6.438e-05,5.121e-05,4.957e-05
4.8624e-05,4.236e-05,5.688e-05,4.7135e-05,4.486e-05
5.3037e-05,4.611e-05,6.259e-05,5.147e-05,4.611e-05
4.9645e-05,4.349e-05,5.978e-05,4.8705e-05,4.645e-05
5.4339e-05,4.747e-05,6.297e-05,5.1155e-05,5.053e-05
5.2684e-05,4.691e-05,6.142e-05,5.0985e-05,4.691e-05
5.2217e-05,4.716e-05,6.121e-05,4.981e-05,4.716e-05
5.2474e-05,4.722e-05,6.302e-05,5.1115e-05,4.964e-05
5.1973e-05,4.46e-05,6.327e-05,5.141e-05,4.46e-05
5.5515e-05,4.897e-05,6.853e-05,5.215e-05,5.166e-05
5.0974e-05,4.41e-05,5.902e-05,4.9205e-05,4.648e-05
5.5346e-05,4.809e-05,6.624e-05,5.419e-05,4.809e-05
5.0697e-05,4.407e-05,5.926e-05,5.008e-05,4.57e-05
5.4742e-05,4.774e-05,6.631e-05,5.281e-05,4.916e-05
4.9348e-05,4.256e-05,5.79e-05,4.91e-05,4.415e-05
5.5904e-05,4.948e-05,6.939e-05,5.381e-05,5.065e-05
4.924e-05,4.177e-05,5.677e-05,4.884e-05,4.372e-05
5.3457e-05,4.751e-05,6.618e-05,5.0985e-05,4.751e-05
5.0986e-05,4.501e-05,6.357e-05,4.92e-05,4.736e-05
5.3694e-05,4.699e-05,6.208e-05,5.103e-05,4.912e-05
5.3465e-05,4.906e-05,6.366e-05,5.098e-05,4.906e-05
5.3244e-05,4.641e-05,6.208e-05,5.051e-05,4.884e-05
5.298e-05,4.792e-05,6.32e-05,5.051e-05,4.792e-05
5.074e-05,4.397e-05,5.896e-05,5.0625e-05,4.397e-05
5.5351e-05,4.858e-05,6.754e-05,5.3385e-05,5.12e-05
5.247e-05,4.593e-05,6.071e-05,5.0075e-05,4.833e-05
5.4475e-05,4.872e-05,6.617e-05,5.1765e-05,4.875e-05
5.0642e-05,4.371e-05,6.033e-05,4.9495e-05,4.623e-05
5.5638e-05,5.016e-05,6.552e-05,5.167e-05,5.016e-05
4.9829e-05,4.351e-05,5.83e-05,4.858e-05,4.607e-05
5.5314e-05,4.787e-05,6.399e-05,5.2965e-05,4.787e-05
4.9429e-05,4.363e-05,5.826e-05,4.7925e-05,4.661e-05
5.5694e-05,4.925e-05,6.475e-05,5.3265e-05,5.199e-05
4.879e-05,4.201e-05,5.602e-05,4.886e-05,4.201e-05
5.3624e-05,4.759e-05,6.284e-05,5.1235e-05,4.984e-05
5.3096e-05,4.853e-05,6.478e-05,5.063e-05,5.087e-05
5.4799e-05,4.907e-05,6.588e-05,5.269e-05,5.12e-05
5.4405e-05,4.869e-05,6.516e-05,5.184e-05,4.869e-05
5.1704e-05,4.568e-05,6.074e-05,5.008e-05,4.568e-05
5.2995e-05,4.736e-05,6.266e-05,5.1015e-05,5.018e-05
5.054e-05,4.351e-05,6.078e-05,5.005e-05,4.351e-05
5.4322e-05,4.724e-05,6.804e-05,5.2565e-05,5.05e-05
5.1055e-05,4.431e-05,5.899e-05,4.9505e-05,4.635e-05
5.5874e-05,4.928e-05,6.826e-05,5.4215e-05,4.964e-05
5.6882e-05,4.626e-05,6.056e-05,5.895e-05,4.626e-05
5.9711e-05,5.573e-05,6.74e-05,5.78e-05,5.655e-05
5.008e-05,4.311e-05,5.719e-05,5.049e-05,5.007e-05
5.6692e-05,4.38e-05,6.316e-05,5.856e-05,6.316e-05
4.7934e-05,4.178e-05,5.338e-05,4.888e-05,4.285e-05
5.3316e-05,4.231e-05,5.881e-05,5.5955e-05,5.712e-05
4.8991e-05,4.366e-05,5.687e-05,4.86e-05,4.582e-05
5.2774e-05,4.77e-05,6.067e-05,5.001e-05,4.895e-05
5.0018e-05,4.465e-05,5.958e-05,4.876e-05,4.604e-05
5.2316e-05,4.581e-05,6.063e-05,4.978e-05,4.797e-05
5.3186e-05,4.726e-05,6.228e-05,5.0305e-05,4.726e-05
5.1281e-05,4.44e-05,5.957e-05,5.094e-05,4.44e-05
5.5251e-05,4.864e-05,6.641e-05,5.2855e-05,5.099e-05
5.157e-05,4.538e-05,6.007e-05,4.914e-05,4.753e-05
5.3354e-05,4.834e-05,6.521e-05,5.08e-05,4.876e-05
5.0917e-05,4.41e-05,6.067e-05,4.9595e-05,4.694e-05
5.5801e-05,4.859e-05,6.694e-05,5.4125e-05,4.963e-05
4.9744e-05,4.293e-05,5.764e-05,4.8575e-05,4.537e-05
5.4825e-05,4.807e-05,6.792e-05,5.3295e-05,4.807e-05
4.9459e-05,4.28e-05,5.798e-05,4.868e-05,4.463e-05
5.4807e-05,4.881e-05,6.339e-05,5.34e-05,4.936e-05
4.9192e-05,4.229e-05,5.645e-05,4.879e-05,4.4e-05
5.3549e-05,4.757e-05,6.588e-05,5.1405e-05,4.757e-05
5.0376e-05,4.391e-05,6.266e-05,4.8745e-05,4.71e-05
5.354e-05,4.774e-05,6.249e-05,5.1255e-05,4.89e-05
5.3751e-05,4.878e-05,6.39e-05,5.0875e-05,4.961e-05
5.1156e-05,4.462e-05,5.938e-05,4.9985e-05,4.462e-05
5.2642e-05,4.733e-05,6.241e-05,5.0935e-05,4.987e-05
5.077e-05,4.381e-05,6.143e-05,5.002e-05,4.381e-05
5.5775e-05,4.815e-05,6.808e-05,5.38e-05,5.155e-05
5.0954e-05,4.47e-05,5.967e-05,4.9105e-05,4.631e-05
5.4828e-05,4.762e-05,6.432e-05,5.197e-05,4.762e-05
5.0095e-05,4.334e-05,5.828e-05,4.835e-05,4.639e-05
5.5204e-05,4.914e-05,6.639e-05,5.1675e-05,5.082e-05
4.9236e-05,4.37e-05,5.737e-05,4.7905e-05,4.434e-05
5.4064e-05,4.838e-05,6.668e-05,5.1115e-05,4.866e-05
4.9055e-05,4.196e-05,5.831e-05,4.8275e-05,4.493e-05
5.3939e-05,4.773e-05,6.683e-05,5.182e-05,4.793e-05
5.0106e-05,4.363e-05,6.221e-05,4.86e-05,4.684e-05
5.4267e-05,4.732e-05,6.261e-05,5.1465e-05,5.004e-05
5.1224e-05,4.69e-05,6.018e-05,4.9385e-05,4.69e-05
5.3396e-05,4.662e-05,6.208e-05,5.112e-05,5.02e-05
5.3022e-05,4.756e-05,6.303e-05,5.1e-05,4.756e-05
5.4238e-05,4.867e-05,6.596e-05,5.201e-05,4.867e-05
8.0668e-05,5.557e-05,9.244e-05,8.011e-05,8.042e-05
5.2825e-05,4.827e-05,6.268e-05,5.071e-05,4.985e-05
5.5362e-05,4.874e-05,6.788e-05,5.32e-05,5.006e-05
5.1775e-05,4.53e-05,6.181e-05,5.0375e-05,4.778e-05
5.6669e-05,4.952e-05,6.788e-05,5.452e-05,5.07e-05
5.0158e-05,4.341e-05,5.942e-05,4.9225e-05,4.56e-05
5.5735e-05,4.806e-05,6.725e-05,5.43e-05,4.806e-05
4.9549e-05,4.307e-05,5.714e-05,4.9735e-05,4.417e-05
5.4717e-05,4.961e-05,6.741e-05,5.212e-05,4.961e-05
4.903e-05,4.208e-05,5.596e-05,4.83e-05,4.337e-05
5.4792e-05,4.862e-05,6.547e-05,5.199e-05,5.032e-05
5.076e-05,4.451e-05,6.142e-05,4.87e-05,4.739e-05
5.3279e-05,4.672e-05,6.169e-05,5.0805e-05,4.857e-05
5.3809e-05,4.808e-05,6.374e-05,5.1155e-05,4.808e-05
5.2165e-05,4.536e-05,6.015e-05,5.205e-05,4.536e-05
5.369e-05,4.795e-05,6.484e-05,5.352e-05,5.329e-05
5.1149e-05,4.411e-05,6.165e-05,5.0985e-05,4.411e-05
5.5224e-05,4.801e-05,6.864e-05,5.2735e-05,5.094e-05
5.0512e-05,4.332e-05,5.827e-05,4.9005e-05,4.456e-05
5.62e-05,5.055e-05,6.47e-05,5.373e-05,5.175e-05
5.0395e-05,4.339e-05,5.965e-05,4.9445e-05,4.591e-05
5.5074e-05,4.844e-05,6.581e-05,5.356e-05,4.848e-05
4.9901e-05,4.279e-05,5.834e-05,4.9305e-05,4.475e-05
5.3745e-05,4.825e-05,6.628e-05,5.0625e-05,4.828e-05
4.859e-05,4.16e-05,5.617e-05,4.829e-05,4.32e-05
5.4099e-05,4.794e-05,6.187e-05,5.1215e-05,4.794e-05
5.2853e-05,4.773e-05,6.367e-05,5.0365e-05,5.19e-05
5.3406e-05,4.703e-05,6.233e-05,5.0455e-05,4.966e-05
5.1791e-05,4.649e-05,6.272e-05,4.9575e-05,4.649e-05
5.3397e-05,4.711e-05,6.221e-05,5.0075e-05,4.973e-05
5.2769e-05,4.708e-05,6.262e-05,5.0365e-05,4.708e-05
5.0778e-05,4.427e-05,5.887e-05,4.9785e-05,4.427e-05
5.5794e-05,4.858e-05,6.824e-05,5.4e-05,5.136e-05
5.2054e-05,4.404e-05,6.168e-05,5.0665e-05,4.724e-05
5.459e-05,4.821e-05,6.645e-05,5.1935e-05,4.926e-05
5.1419e-05,4.445e-05,6.135e-05,5.0565e-05,4.683e-05
5.6157e-05,4.905e-05,6.729e-05,5.4465e-05,5.002e-05
4.9976e-05,4.284e-05,5.883e-05,4.9165e-05,4.517e-05
5.5895e-05,4.884e-05,7.096e-05,5.236e-05,4.884e-05
4.9719e-05,4.237e-05,5.893e-05,4.9105e-05,4.512e-05
5.5134e-05,4.785e-05,6.964e-05,5.2315e-05,5.042e-05
4.9041e-05,4.206e-05,5.649e-05,4.8825e-05,4.402e-05
5.3081e-05,4.705e-05,6.612e-05,5.1195e-05,4.705e-05
5.0076e-05,4.358e-05,6.189e-05,4.8915e-05,4.65e-05
5.3278e-05,4.747e-05,6.305e-05,5.0905e-05,4.776e-05
5.3805e-05,4.821e-05,6.428e-05,5.1105e-05,5.135e-05
5.2819e-05,4.622e-05,6.395e-05,5.109e-05,4.622e-05
5.2134e-05,4.624e-05,6.163e-05,5.0345e-05,4.927e-05
5.162e-05,4.413e-05,5.974e-05,5.123e-05,4.413e-05
5.4426e-05,4.821e-05,6.717e-05,5.169e-05,5.004e-05
5.0555e-05,4.391e-05,5.909e-05,4.8785e-05,4.561e-05
5.5209e-05,4.861e-05,6.577e-05,5.315e-05,4.861e-05
4.9661e-05,4.258e-05,5.77e-05,4.873e-05,4.511e-05
5.3534e-05,4.614e-05,6.402e-05,5.295e-05,4.614e-05
5.1064e-05,4.204e-05,5.704e-05,5.108e-05,4.542e-05
5.3434e-05,4.743e-05,6.636e-05,5.0515e-05,5.026e-05
4.9047e-05,4.233e-05,5.824e-05,4.8265e-05,4.46e-05
5.3577e-05,4.8e-05,6.627e-05,5.104e-05,4.8e-05
4.9822e-05,4.366e-05,6.095e-05,4.826e-05,4.577e-05
5.3736e-05,4.743e-05,6.221e-05,5.1155e-05,5.009e-05
5.1588e-05,4.631e-05,6.197e-05,4.933e-05,4.631e-05
5.3317e-05,4.68e-05,6.159e-05,5.1525e-05,4.87e-05
5.2799e-05,4.737e-05,6.289e-05,5.019e-05,4.737e-05
5.1476e-05,4.507e-05,6.28e-05,4.9865e-05,4.507e-05
5.781e-05,5.238e-05,6.776e-05,5.523e-05,5.539e-05
5.2079e-05,4.529e-05,6.346e-05,5.097e-05,4.529e-05
5.4361e-05,4.675e-05,6.679e-05,5.2325e-05,5.077e-05
5.0764e-05,4.463e-05,6.014e-05,4.9535e-05,4.608e-05
5.6475e-05,4.946e-05,6.843e-05,5.408e-05,5.069e-05
5.0459e-05,4.397e-05,5.943e-05,4.985e-05,4.572e-05
5.5275e-05,4.931e-05,6.821e-05,5.194e-05,4.931e-05
4.9824e-05,4.324e-05,5.759e-05,4.9075e-05,4.47e-05
5.4687e-05,4.816e-05,6.813e-05,5.219e-05,4.816e-05
4.9136e-05,4.211e-05,5.754e-05,4.93e-05,4.356e-05
5.3808e-05,4.826e-05,6.617e-05,5.0525e-05,4.874e-05
5.0901e-05,4.568e-05,6.233e-05,4.9405e-05,4.747e-05
5.376e-05,4.837e-05,6.158e-05,5.075e-05,4.929e-05
5.3818e-05,4.812e-05,6.32e-05,5.061e-05,4.812e-05
5.4238e-05,4.612e-05,6.113e-05,5.453e-05,4.612e-05
5.6459e-05,4.862e-05,6.574e-05,5.527e-05,5.728e-05
5.1806e-05,4.477e-05,6.017e-05,5.17e-05,4.477e-05
5.4338e-05,4.794e-05,6.747e-05,5.248e-05,5.021e-05
5.1342e-05,4.365e-05,6.076e-05,5.081e-05,4.662e-05
5.5356e-05,4.856e-05,6.742e-05,5.334e-05,4.97e-05
5.0159e-05,4.304e-05,5.954e-05,4.926e-05,4.563e-05
5.4526e-05,4.81e-05,6.505e-05,5.2675e-05,4.813e-05
4.9791e-05,4.281e-05,5.906e-05,4.9485e-05,4.551e-05
5.46e-05,4.839e-05,6.74e-05,5.1765e-05,4.839e-05
4.9373e-05,4.187e-05,5.655e-05,4.8745e-05,4.405e-05
5.3301e-05,4.724e-05,6.47e-05,5.1255e-05,4.724e-05
6.0831e-05,4.114e-05,6.947e-05,6.5445e-05,6.175e-05
5.4554e-05,4.735e-05,6.597e-05,5.2795e-05,5.343e-05
5.0049e-05,4.354e-05,6.199e-05,4.859e-05,4.686e-05
5.3036e-05,4.68e-05,6.264e-05,5.102e-05,4.825e-05
5.3261e-05,4.797e-05,6.272e-05,5.012e-05,4.985e-05
5.2464e-05,4.622e-05,6.368e-05,5.0585e-05,4.622e-05
5.5938e-05,4.909e-05,6.765e-05,5.4015e-05,5.331e-05
5.0835e-05,4.417e-05,5.938e-05,4.9855e-05,4.417e-05
5.3351e-05,4.699e-05,6.574e-05,5.1525e-05,4.914e-05
5.0954e-05,4.437e-05,6.126e-05,4.9505e-05,4.704e-05
5.5797e-05,4.854e-05,6.776e-05,5.354e-05,5.024e-05
4.9801e-05,4.271e-05,5.922e-05,4.864e-05,4.551e-05
5.5021e-05,4.897e-05,6.874e-05,5.1025e-05,5.023e-05
4.9171e-05,4.222e-05,5.666e-05,4.8635e-05,4.458e-05
5.3714e-05,4.721e-05,6.593e-05,5.1245e-05,4.721e-05
4.9093e-05,4.197e-05,5.593e-05,4.8755e-05,4.387e-05
5.2544e-05,4.66e-05,6.457e-05,5.059e-05,4.66e-05
4.9827e-05,4.342e-05,6.156e-05,4.847e-05,4.639e-05
5.5643e-05,5.05e-05,6.359e-05,5.396e-05,5.05e-05
5.2366e-05,4.621e-05,5.925e-05,5.0715e-05,4.621e-05
5.2568e-05,4.665e-05,6.307e-05,5.13e-05,4.665e-05
5.4785e-05,4.931e-05,6.581e-05,5.3825e-05,5.36e-05
5.2018e-05,4.541e-05,6.254e-05,5.1185e-05,4.541e-05
5.5175e-05,4.902e-05,6.708e-05,5.2625e-05,5.308e-05
4.9729e-05,4.259e-05,5.767e-05,4.939e-05,4.259e-05
5.4987e-05,4.744e-05,6.45e-05,5.2305e-05,5.074e-05
4.9673e-05,4.344e-05,5.81e-05,4.8685e-05,4.542e-05
5.3728e-05,4.804e-05,6.32e-05,5.0655e-05,4.804e-05
4.8803e-05,4.248e-05,5.643e-05,4.7875e-05,4.413e-05
5.445e-05,4.9e-05,6.324e-05,5.1245e-05,5.046e-05
4.7812e-05,4.091e-05,5.541e-05,4.7525e-05,4.091e-05
5.4136e-05,4.756e-05,6.287e-05,5.2155e-05,5.065e-05
5.1604e-05,4.68e-05,6.225e-05,4.926e-05,4.68e-05
5.3965e-05,4.8e-05,6.595e-05,5.0815e-05,5.051e-05
5.0685e-05,4.561e-05,6.048e-05,4.865e-05,4.561e-05
5.2802e-05,4.581e-05,6.093e-05,5.0965e-05,4.918e-05
5.3005e-05,4.646e-05,6.162e-05,4.9745e-05,4.646e-05
5.2066e-05,4.555e-05,6.281e-05,5.081e-05,4.555e-05
5.6675e-05,4.915e-05,6.981e-05,5.515e-05,5.159e-05
5.23e-05,4.601e-05,6.066e-05,5.0635e-05,4.741e-05
5.3963e-05,4.826e-05,6.667e-05,5.1165e-05,4.879e-05
5.1515e-05,4.427e-05,6.152e-05,5.013e-05,4.738e-05
5.6603e-05,4.925e-05,6.765e-05,5.4015e-05,5.051e-05
5.1295e-05,4.347e-05,6.032e-05,5.0615e-05,4.652e-05
5.5194e-05,4.97e-05,6.752e-05,5.1605e-05,4.97e-05
5.0458e-05,4.311e-05,5.941e-05,4.9575e-05,4.631e-05
5.493e-05,4.889e-05,6.418e-05,5.2285e-05,4.889e-05
4.9765e-05,4.33e-05,5.825e-05,4.9575e-05,4.481e-05
5.4674e-05,4.903e-05,6.44e-05,5.1495e-05,4.903e-05
5.0499e-05,4.401e-05,6.111e-05,4.96e-05,4.739e-05
5.381e-05,4.771e-05,6.189e-05,5.1245e-05,4.969e-05
5.3811e-05,4.807e-05,6.305e-05,5.025e-05,4.807e-05
5.3489e-05,4.615e-05,6.211e-05,5.3165e-05,4.615e-05
5.4064e-05,4.903e-05,6.499e-05,5.298e-05,5.221e-05
5.0839e-05,4.356e-05,5.875e-05,5.007e-05,4.356e-05
5.5284e-05,4.833e-05,6.792e-05,5.2665e-05,5.114e-05
5.1079e-05,4.388e-05,6.139e-05,4.9485e-05,4.731e-05
5.6694e-05,4.936e-05,6.849e-05,5.4705e-05,5.038e-05
5.0939e-05,4.327e-05,5.973e-05,5.058e-05,4.568e-05
5.5539e-05,4.908e-05,6.58e-05,5.355e-05,4.908e-05
4.9634e-05,4.239e-05,5.912e-05,4.944e-05,4.515e-05
5.4906e-05,4.921e-05,6.791e-05,5.225e-05,4.921e-05
4.9247e-05,4.313e-05,5.569e-05,4.8665e-05,4.313e-05
5.3421e-05,4.827e-05,6.174e-05,5.342e-05,4.827e-05
4.9709e-05,4.371e-05,5.959e-05,4.905e-05,4.581e-05
5.3718e-05,4.823e-05,6.39e-05,5.1625e-05,4.955e-05
5.0697e-05,4.591e-05,6.181e-05,4.848e-05,4.591e-05
5.258e-05,4.606e-05,6.122e-05,5.013e-05,4.777e-05
5.2815e-05,4.718e-05,6.251e-05,4.9605e-05,4.718e-05
5.1168e-05,4.468e-05,6.175e-05,5.03e-05,4.468e-05
5.5601e-05,4.894e-05,6.834e-05,5.2855e-05,5.12e-05
5.126e-05,4.458e-05,6.062e-05,5.026e-05,4.659e-05
5.44e-05,4.786e-05,6.708e-05,5.1565e-05,4.916e-05
5.0597e-05,4.385e-05,5.897e-05,4.9725e-05,4.545e-05
5.547e-05,4.859e-05,6.672e-05,5.199e-05,4.919e-05
4.9915e-05,4.264e-05,5.76e-05,4.901e-05,4.393e-05
5.5126e-05,4.928e-05,6.299e-05,5.283e-05,5.149e-05
4.8956e-05,4.138e-05,5.629e-05,4.808e-05,4.35e-05
5.4976e-05,4.884e-05,6.334e-05,5.294e-05,5.072e-05
4.851e-05,4.219e-05,5.84e-05,4.79e-05,4.219e-05
5.3725e-05,4.752e-05,6.266e-05,5.0425e-05,4.941e-05
5.2797e-05,4.791e-05,6.371e-05,5.049e-05,4.808e-05
5.365e-05,4.762e-05,6.228e-05,5.0895e-05,4.954e-05
5.3285e-05,4.744e-05,6.305e-05,5.08e-05,4.744e-05
5.1889e-05,4.454e-05,6.259e-05,5.1e-05,4.454e-05
5.3517e-05,4.788e-05,6.365e-05,5.1745e-05,5.085e-05
5.1197e-05,4.489e-05,6.188e-05,4.98e-05,4.489e-05
5.5437e-05,4.754e-05,6.906e-05,5.194e-05,5.179e-05
0.000125799,4.281e-05,0.00014603,0.000137205,4.281e-05
5.6301e-05,4.505e-05,6.78e-05,5.552e-05,5.716e-05
4.9032e-05,4.258e-05,5.648e-05,4.812e-05,4.258e-05
5.4639e-05,4.987e-05,6.367e-05,5.122e-05,5.029e-05
4.9143e-05,4.213e-05,5.621e-05,4.9095e-05,4.213e-05
5.4602e-05,4.905e-05,7.04e-05,5.138e-05,4.905e-05
4.8685e-05,4.216e-05,5.733e-05,4.849e-05,4.306e-05
5.2931e-05,4.62e-05,6.074e-05,5.0545e-05,4.62e-05
5.1745e-05,4.711e-05,6.33e-05,4.904e-05,4.995e-05
5.3862e-05,4.814e-05,6.239e-05,5.0815e-05,5.005e-05
5.1827e-05,4.638e-05,6.255e-05,4.9755e-05,4.638e-05
5.2805e-05,4.614e-05,6.112e-05,5.053e-05,4.904e-05
5.2653e-05,4.678e-05,6.172e-05,4.9495e-05,4.678e-05
5.1386e-05,4.441e-05,5.98e-05,5.1325e-05,4.441e-05
5.5569e-05,4.893e-05,6.773e-05,5.242e-05,5.224e-05
5.171e-05,4.545e-05,6.173e-05,5.0005e-05,4.699e-05
5.3697e-05,4.811e-05,6.536e-05,5.1135e-05,4.856e-05
5.0812e-05,4.417e-05,5.968e-05,4.907e-05,4.636e-05
5.586e-05,4.906e-05,6.726e-05,5.246e-05,4.917e-05
5.0258e-05,4.375e-05,5.818e-05,4.9715e-05,4.538e-05
5.478e-05,4.87e-05,6.312e-05,5.206e-05,4.87e-05
4.9054e-05,4.19e-05,5.729e-05,4.789e-05,4.484e-05
5.3733e-05,4.716e-05,6.294e-05,5.1795e-05,4.716e-05
4.8066e-05,4.136e-05,5.546e-05,4.7725e-05,4.379e-05
5.2601e-05,4.556e-05,6.193e-05,5.143e-05,4.556e-05
4.9507e-05,4.371e-05,5.953e-05,4.8145e-05,4.601e-05
5.3451e-05,4.699e-05,6.194e-05,5.092e-05,4.956e-05
5.3506e-05,4.747e-05,6.306e-05,5.095e-05,4.747e-05
5.2944e-05,4.577e-05,6.446e-05,5.1835e-05,4.577e-05
5.3136e-05,4.663e-05,6.29e-05,5.1275e-05,5.027e-05
5.2808e-05,4.635e-05,6.441e-05,5.1275e-05,4.635e-05
5.4992e-05,4.777e-05,6.899e-05,5.269e-05,5.147e-05
5.1031e-05,4.41e-05,5.9e-05,5.058e-05,4.603e-05
5.5217e-05,4.834e-05,6.548e-05,5.2175e-05,4.914e-05
5.0011e-05,4.439e-05,5.878e-05,4.805e-05,4.586e-05
5.4104e-05,4.79e-05,6.53e-05,5.15e-05,4.79e-05
4.9881e-05,4.196e-05,5.707e-05,4.9485e-05,4.475e-05
5.3584e-05,4.819e-05,6.537e-05,5.1115e-05,4.819e-05
4.8708e-05,4.249e-05,5.685e-05,4.819e-05,4.301e-05
5.3543e-05,4.848e-05,6.557e-05,5.128e-05,4.941e-05
5.0006e-05,4.348e-05,6.168e-05,4.862e-05,4.632e-05
5.3193e-05,4.748e-05,6.3e-05,5.074e-05,4.874e-05
4.9676e-05,4.397e-05,6.069e-05,4.7905e-05,4.642e-05
5.2866e-05,4.566e-05,6.135e-05,5.041e-05,4.868e-05
5.2751e-05,4.748e-05,6.308e-05,4.911e-05,4.766e-05
5.0925e-05,4.404e-05,6.149e-05,4.9615e-05,4.404e-05
5.6745e-05,4.999e-05,6.77e-05,5.4925e-05,5.421e-05
5.1874e-05,4.623e-05,6.327e-05,4.9785e-05,4.623e-05
5.4976e-05,4.872e-05,6.667e-05,5.3315e-05,5.048e-05
5.0865e-05,4.473e-05,6.02e-05,4.9405e-05,4.599e-05
5.6246e-05,4.885e-05,6.707e-05,5.3455e-05,5.043e-05
4.9706e-05,4.263e-05,5.818e-05,4.973e-05,4.434e-05
5.5485e-05,4.866e-05,6.958e-05,5.281e-05,5.063e-05
4.924e-05,4.216e-05,5.652e-05,4.9055e-05,4.409e-05
5.3287e-05,4.714e-05,6.639e-05,5.1205e-05,4.714e-05
4.905e-05,4.153e-05,5.655e-05,4.828e-05,4.448e-05
5.3448e-05,4.747e-05,6.63e-05,5.151e-05,4.747e-05
5.0083e-05,4.358e-05,6.14e-05,4.908e-05,4.649e-05
5.3554e-05,4.717e-05,6.176e-05,5.0805e-05,4.91e-05
5.3712e-05,4.808e-05,6.342e-05,5.0885e-05,4.894e-05
5.2686e-05,4.611e-05,6.136e-05,5.0645e-05,4.793e-05
5.2541e-05,4.756e-05,6.356e-05,4.968e-05,4.825e-05
5.1575e-05,4.448e-05,6.182e-05,5.0815e-05,4.448e-05
5.7366e-05,5.132e-05,6.834e-05,5.446e-05,5.585e-05
6.1661e-05,4.541e-05,7.102e-05,6.5155e-05,5.798e-05
5.5076e-05,5.011e-05,6.457e-05,5.3385e-05,5.212e-05
4.9284e-05,4.304e-05,5.702e-05,4.8515e-05,4.304e-05
5.457e-05,4.967e-05,6.262e-05,5.152e-05,4.967e-05
4.8878e-05,4.326e-05,5.633e-05,4.751e-05,4.54e-05
5.4964e-05,4.931e-05,6.684e-05,5.126e-05,5.085e-05
4.8781e-05,4.217e-05,5.629e-05,4.7845e-05,4.217e-05
5.3039e-05,4.745e-05,6.167e-05,5.05e-05,4.834e-05
5.1951e-05,4.754e-05,6.392e-05,4.936e-05,4.964e-05
5.4674e-05,4.786e-05,6.276e-05,5.296e-05,5.07e-05
5.0781e-05,4.472e-05,6.084e-05,4.8945e-05,4.472e-05
5.2276e-05,4.512e-05,5.975e-05,5.1025e-05,4.762e-05
5.2731e-05,4.709e-05,6.197e-05,4.95e-05,4.709e-05
5.1811e-05,4.426e-05,6.227e-05,5.136e-05,4.426e-05
5.6791e-05,5.026e-05,6.933e-05,5.364e-05,5.487e-05
5.1659e-05,4.516e-05,6.228e-05,4.997e-05,4.516e-05
5.429e-05,4.705e-05,6.822e-05,5.2085e-05,5.05e-05
5.114e-05,4.414e-05,6.027e-05,5.0125e-05,4.624e-05
5.6031e-05,4.884e-05,6.723e-05,5.308e-05,5.011e-05
5.0464e-05,4.261e-05,5.927e-05,5.0005e-05,4.558e-05
5.4865e-05,4.887e-05,6.358e-05,5.1405e-05,4.887e-05
4.9464e-05,4.336e-05,5.663e-05,4.875e-05,4.47e-05
5.523e-05,4.999e-05,6.435e-05,5.164e-05,5.073e-05
4.8477e-05,4.209e-05,5.765e-05,4.785e-05,4.209e-05
5.4351e-05,4.811e-05,6.284e-05,5.133e-05,5.017e-05
5.3131e-05,4.818e-05,6.351e-05,5.118e-05,4.818e-05
5.3774e-05,4.655e-05,6.161e-05,5.185e-05,4.946e-05
5.3685e-05,4.816e-05,6.375e-05,5.0875e-05,4.816e-05
5.2621e-05,4.541e-05,6.079e-05,5.1835e-05,4.541e-05
5.3326e-05,4.708e-05,6.34e-05,5.161e-05,5.053e-05
5.1899e-05,4.519e-05,6.259e-05,5.101e-05,4.519e-05
5.5556e-05,4.854e-05,6.943e-05,5.3585e-05,5.151e-05
5.148e-05,4.405e-05,6.049e-05,5.06e-05,4.64e-05
5.6044e-05,4.871e-05,6.785e-05,5.371e-05,5.003e-05
5.0904e-05,4.314e-05,5.972e-05,5.0495e-05,4.595e-05
5.417e-05,4.735e-05,6.355e-05,5.1385e-05,4.735e-05
4.8914e-05,4.184e-05,5.671e-05,4.852e-05,4.397e-05
5.4862e-05,4.883e-05,6.732e-05,5.1495e-05,5.135e-05
5.4339e-05,4.68e-05,6.755e-05,5.167e-05,5.019e-05
5.5236e-05,4.863e-05,6.374e-05,5.3505e-05,5.157e-05
5.2615e-05,4.669e-05,6.309e-05,5.1395e-05,4.669e-05
5.5397e-05,4.877e-05,6.592e-05,5.3165e-05,5.082e-05
5.1732e-05,4.575e-05,6.157e-05,4.958e-05,4.575e-05
5.2838e-05,4.603e-05,6.253e-05,5.0745e-05,4.733e-05
5.2999e-05,4.827e-05,6.348e-05,4.988e-05,5.027e-05
5.1335e-05,4.453e-05,5.978e-05,5.0795e-05,4.453e-05
5.6626e-05,5.064e-05,6.744e-05,5.3595e-05,5.49e-05
5.1538e-05,4.471e-05,6.233e-05,5.0195e-05,4.471e-05
5.581e-05,4.951e-05,6.729e-05,5.347e-05,5.184e-05
5.0977e-05,4.504e-05,6.106e-05,4.934e-05,4.615e-05
5.5558e-05,4.901e-05,6.638e-05,5.337e-05,4.957e-05
5.0189e-05,4.323e-05,5.993e-05,4.889e-05,4.611e-05
5.4716e-05,4.84e-05,6.33e-05,5.1765e-05,4.84e-05
4.9167e-05,4.326e-05,5.793e-05,4.8285e-05,4.534e-05
5.3223e-05,4.734e-05,6.574e-05,5.0075e-05,4.734e-05
4.8944e-05,4.222e-05,5.702e-05,4.875e-05,4.38e-05
5.3722e-05,4.79e-05,6.631e-05,5.133e-05,4.79e-05
4.9919e-05,4.385e-05,6.129e-05,4.875e-05,4.625e-05
5.3276e-05,4.739e-05,6.158e-05,5.063e-05,4.933e-05
5.3024e-05,4.677e-05,6.147e-05,5.0455e-05,4.677e-05
5.3011e-05,4.499e-05,6.552e-05,5.2385e-05,4.499e-05
5.2626e-05,4.7e-05,6.257e-05,5.0975e-05,5.005e-05
5.2566e-05,4.481e-05,6.009e-05,5.3415e-05,4.481e-05
5.563e-05,4.918e-05,6.653e-05,5.366e-05,5.343e-05
5.1214e-05,4.455e-05,6.004e-05,5.0425e-05,4.455e-05
5.7819e-05,5.153e-05,6.836e-05,5.429e-05,5.262e-05
4.9895e-05,4.38e-05,5.755e-05,4.9085e-05,4.551e-05
5.4556e-05,4.888e-05,6.466e-05,5.0615e-05,4.888e-05
4.9212e-05,4.182e-05,5.687e-05,4.925e-05,4.396e-05
5.4644e-05,4.908e-05,6.41e-05,5.1305e-05,5.014e-05
4.8624e-05,4.169e-05,5.693e-05,4.7495e-05,4.47e-05
5.3668e-05,4.682e-05,6.354e-05,5.129e-05,4.931e-05
5.2036e-05,4.666e-05,6.313e-05,5.0165e-05,4.957e-05
5.3184e-05,4.668e-05,6.167e-05,5.0575e-05,4.891e-05
5.2378e-05,4.8e-05,6.336e-05,4.9615e-05,4.8e-05
5.2671e-05,4.591e-05,6.17e-05,5.045e-05,4.84e-05
5.2965e-05,4.8e-05,6.294e-05,5.054e-05,4.811e-05
5.1003e-05,4.418e-05,5.975e-05,5.0805e-05,4.418e-05
5.4542e-05,4.773e-05,6.806e-05,5.2925e-05,5.026e-05
5.1399e-05,4.46e-05,6.134e-05,5.0215e-05,4.691e-05
5.5106e-05,4.798e-05,6.683e-05,5.279e-05,4.905e-05
5.1124e-05,4.456e-05,6.064e-05,4.9995e-05,4.629e-05
5.4702e-05,4.736e-05,6.417e-05,5.18e-05,4.736e-05
4.949e-05,4.24e-05,5.787e-05,4.8435e-05,4.534e-05
5.6008e-05,4.943e-05,6.43e-05,5.374e-05,5.131e-05
4.8973e-05,4.271e-05,5.679e-05,4.8495e-05,4.271e-05
5.5094e-05,4.932e-05,6.352e-05,5.338e-05,5.088e-05
4.8516e-05,4.185e-05,5.622e-05,4.813e-05,4.185e-05
5.489e-05,4.846e-05,6.099e-05,5.4505e-05,5.134e-05
5.2807e-05,4.65e-05,6.44e-05,5.12e-05,5.077e-05
5.366e-05,4.781e-05,6.177e-05,5.0845e-05,4.954e-05
5.3585e-05,4.775e-05,6.228e-05,5.097e-05,4.775e-05
6.146e-05,5.533e-05,7.609e-05,5.863e-05,5.859e-05
5.4316e-05,4.856e-05,6.469e-05,5.252e-05,5.195e-05
5.1207e-05,4.369e-05,5.893e-05,5.115e-05,4.369e-05
5.6564e-05,5.107e-05,6.83e-05,5.319e-05,5.356e-05
5.1464e-05,4.554e-05,6.122e-05,4.9175e-05,4.652e-05
5.5484e-05,4.95e-05,6.534e-05,5.269e-05,4.95e-05
5.098e-05,4.488e-05,6.009e-05,4.981e-05,4.627e-05
5.4543e-05,4.801e-05,6.443e-05,5.2515e-05,4.802e-05
4.9624e-05,4.197e-05,5.843e-05,4.9325e-05,4.49e-05
5.5424e-05,4.866e-05,6.885e-05,5.2755e-05,5.05e-05
4.8775e-05,4.181e-05,5.617e-05,4.8705e-05,4.355e-05
5.355e-05,4.662e-05,6.62e-05,5.2235e-05,4.662e-05
5.0084e-05,4.34e-05,6.124e-05,4.8415e-05,4.602e-05
5.4029e-05,4.721e-05,6.466e-05,5.2415e-05,5.01e-05
5.1036e-05,4.595e-05,6.102e-05,4.8945e-05,4.595e-05
5.2656e-05,4.632e-05,6.174e-05,5.086e-05,4.798e-05
5.3214e-05,4.713e-05,6.38e-05,5.0125e-05,5.045e-05
5.1609e-05,4.526e-05,6.315e-05,5.053e-05,4.526e-05
5.6468e-05,5.059e-05,6.903e-05,5.3455e-05,5.364e-05
5.0979e-05,4.503e-05,6.005e-05,5.0445e-05,4.509e-05
5.4845e-05,4.893e-05,6.507e-05,5.2895e-05,5.011e-05
5.0753e-05,4.403e-05,5.876e-05,4.9275e-05,4.602e-05
5.5082e-05,4.786e-05,6.574e-05,5.457e-05,4.786e-05
4.9799e-05,4.332e-05,5.893e-05,4.8935e-05,4.506e-05
5.5486e-05,4.911e-05,6.458e-05,5.285e-05,4.911e-05
4.8849e-05,4.24e-05,5.786e-05,4.886e-05,4.45e-05
5.3318e-05,4.759e-05,6.638e-05,5.0855e-05,4.759e-05
4.8795e-05,4.224e-05,5.7e-05,4.829e-05,4.354e-05
5.2959e-05,4.674e-05,6.525e-05,5.066e-05,4.674e-05
5.0005e-05,4.422e-05,6.209e-05,4.848e-05,4.631e-05
5.3144e-05,4.684e-05,6.135e-05,5.0765e-05,4.919e-05
5.2535e-05,4.568e-05,6.062e-05,5.074e-05,4.568e-05
5.364e-05,4.796e-05,6.234e-05,5.0905e-05,4.932e-05
5.2431e-05,4.693e-05,6.24e-05,5.02e-05,4.693e-05
5.1264e-05,4.464e-05,6.176e-05,5.0175e-05,4.464e-05
5.6526e-05,4.928e-05,6.848e-05,5.4635e-05,5.205e-05
5.1495e-05,4.468e-05,5.94e-05,4.9645e-05,4.647e-05
5.5919e-05,4.912e-05,6.836e-05,5.4175e-05,4.958e-05
5.0561e-05,4.333e-05,6.022e-05,4.957e-05,4.637e-05
5.4893e-05,4.771e-05,6.633e-05,5.2915e-05,4.904e-05
4.9333e-05,4.229e-05,5.698e-05,4.923e-05,4.397e-05
5.381e-05,4.722e-05,6.363e-05,5.1785e-05,4.722e-05
4.8765e-05,4.227e-05,5.737e-05,4.8275e-05,4.367e-05
5.4087e-05,4.806e-05,6.65e-05,5.1305e-05,4.806e-05
5.0749e-05,4.447e-05,6.234e-05,4.886e-05,4.705e-05
5.3429e-05,4.669e-05,6.336e-05,5.078e-05,4.892e-05
5.032e-05,4.478e-05,6.172e-05,4.801e-05,4.723e-05
5.2669e-05,4.586e-05,6.111e-05,5.0105e-05,4.898e-05
5.2361e-05,4.621e-05,6.169e-05,5.0225e-05,4.621e-05
5.1368e-05,4.475e-05,6.248e-05,5.065e-05,4.475e-05
5.4692e-05,4.849e-05,6.73e-05,5.2095e-05,4.961e-05
5.1541e-05,4.461e-05,6.11e-05,5.026e-05,4.673e-05
5.5314e-05,4.757e-05,6.648e-05,5.3335e-05,4.965e-05
5.1176e-05,4.446e-05,6.062e-05,4.986e-05,4.663e-05
5.5342e-05,4.801e-05,6.447e-05,5.2455e-05,4.801e-05
4.9945e-05,4.31e-05,5.766e-05,4.885e-05,4.54e-05
5.4581e-05,4.896e-05,6.384e-05,5.111e-05,4.998e-05
4.9131e-05,4.269e-05,5.742e-05,4.8155e-05,4.49e-05
5.4734e-05,4.845e-05,6.301e-05,5.1345e-05,4.981e-05
4.9559e-05,4.463e-05,5.811e-05,4.8275e-05,4.463e-05
5.5476e-05,4.781e-05,6.698e-05,5.1435e-05,5.03e-05
5.543e-05,5.104e-05,6.458e-05,5.3415e-05,5.305e-05
5.4265e-05,4.768e-05,6.228e-05,5.1985e-05,4.994e-05
5.3196e-05,4.71e-05,6.228e-05,5.1305e-05,4.71e-05
5.2504e-05,4.634e-05,6.098e-05,4.9905e-05,4.788e-05
5.3362e-05,4.842e-05,6.378e-05,5.117e-05,4.842e-05
5.2221e-05,4.52e-05,6.295e-05,5.141e-05,4.52e-05
5.5705e-05,4.88e-05,6.907e-05,5.285e-05,5.151e-05
5.1563e-05,4.424e-05,6.068e-05,5.047e-05,4.671e-05
5.5691e-05,4.844e-05,6.557e-05,5.326e-05,4.854e-05
5.0945e-05,4.416e-05,6.065e-05,4.9565e-05,4.695e-05
5.4038e-05,4.778e-05,6.42e-05,5.1875e-05,4.778e-05
5.0299e-05,4.301e-05,5.942e-05,5.0165e-05,4.568e-05
5.5132e-05,4.825e-05,6.858e-05,5.2755e-05,5.021e-05
4.9793e-05,4.185e-05,5.663e-05,4.946e-05,4.459e-05
5.335e-05,4.797e-05,6.471e-05,5.0545e-05,4.797e-05
5.1075e-05,4.573e-05,6.369e-05,4.879e-05,4.867e-05
5.3824e-05,4.751e-05,6.207e-05,5.1355e-05,4.98e-05
5.1322e-05,4.604e-05,6.152e-05,4.9625e-05,4.604e-05
5.374e-05,4.596e-05,6.299e-05,5.1115e-05,4.911e-05
5.4167e-05,4.935e-05,6.178e-05,5.132e-05,5.064e-05
5.2404e-05,4.532e-05,6.107e-05,5.0605e-05,4.888e-05
5.4621e-05,4.87e-05,6.723e-05,5.237e-05,4.87e-05
5.1631e-05,4.553e-05,6.099e-05,5.0935e-05,4.681e-05
5.4524e-05,4.736e-05,6.56e-05,5.138e-05,5.063e-05
5.0819e-05,4.368e-05,6.001e-05,4.929e-05,4.572e-05
5.5595e-05,4.83e-05,6.757e-05,5.232e-05,5.017e-05
5.0248e-05,4.317e-05,5.885e-05,4.979e-05,4.514e-05
5.4701e-05,4.852e-05,6.332e-05,5.185e-05,4.87e-05
4.8946e-05,4.176e-05,5.623e-05,4.8695e-05,4.417e-05
5.3693e-05,4.749e-05,6.363e-05,5.144e-05,4.749e-05
4.9126e-05,4.277e-05,5.831e-05,4.8285e-05,4.478e-05
5.322e-05,4.683e-05,6.529e-05,5.1795e-05,4.683e-05
4.993e-05,4.405e-05,6.198e-05,4.822e-05,4.611e-05
5.3434e-05,4.759e-05,6.194e-05,5.1135e-05,4.917e-05
5.2951e-05,4.745e-05,6.261e-05,4.924e-05,4.745e-05
5.2489e-05,4.489e-05,6.403e-05,5.158e-05,4.489e-05
5.3504e-05,4.799e-05,6.428e-05,5.2695e-05,5.195e-05
5.1033e-05,4.315e-05,5.915e-05,5.2005e-05,4.315e-05
5.392e-05,4.713e-05,6.613e-05,5.191e-05,5.126e-05
5.0965e-05,4.38e-05,5.881e-05,4.981e-05,4.565e-05
5.5342e-05,4.807e-05,6.508e-05,5.3645e-05,4.85e-05
5.1181e-05,4.438e-05,5.978e-05,5.004e-05,4.758e-05
5.4899e-05,4.808e-05,6.565e-05,5.2205e-05,4.808e-05
4.9614e-05,4.214e-05,5.668e-05,4.9875e-05,4.429e-05
5.4589e-05,4.785e-05,6.357e-05,5.2e-05,4.785e-05
4.8534e-05,4.207e-05,5.505e-05,4.8465e-05,4.412e-05
5.2789e-05,4.797e-05,6.171e-05,5.0955e-05,4.877e-05
5.1389e-05,4.69e-05,6.309e-05,4.8775e-05,4.794e-05
5.3175e-05,4.69e-05,6.175e-05,5.0575e-05,4.923e-05
5.0824e-05,4.481e-05,6.067e-05,4.9075e-05,4.481e-05
5.2741e-05,4.613e-05,6.138e-05,5.055e-05,4.932e-05
5.2218e-05,4.581e-05,6.121e-05,4.9975e-05,4.581e-05
5.072e-05,4.447e-05,6.219e-05,4.9585e-05,4.447e-05
5.393e-05,4.782e-05,6.774e-05,5.0895e-05,5.016e-05
5.1029e-05,4.437e-05,6.054e-05,4.9825e-05,4.653e-05
5.3843e-05,4.801e-05,6.584e-05,5.09e-05,4.87e-05
5.1476e-05,4.528e-05,6.049e-05,5.006e-05,4.68e-05
5.5115e-05,4.813e-05,6.571e-05,5.159e-05,4.813e-05
5.0341e-05,4.33e-05,5.908e-05,4.9765e-05,4.555e-05
5.518e-05,4.876e-05,6.766e-05,5.151e-05,4.876e-05
5.041e-05,4.482e-05,6.04e-05,4.9055e-05,4.577e-05
5.5768e-05,5.037e-05,6.518e-05,5.2405e-05,5.184e-05
4.8879e-05,4.255e-05,5.543e-05,4.9095e-05,4.368e-05
5.2543e-05,4.682e-05,5.964e-05,5.245e-05,4.936e-05
5.0666e-05,4.544e-05,6.101e-05,4.8285e-05,4.768e-05
5.3275e-05,4.707e-05,6.318e-05,5.147e-05,4.863e-05
5.3247e-05,4.731e-05,6.212e-05,5.136e-05,4.731e-05
5.2324e-05,4.544e-05,6.07e-05,5.077e-05,4.771e-05
5.3817e-05,4.903e-05,6.373e-05,5.047e-05,5.087e-05
5.0882e-05,4.363e-05,6.149e-05,4.991e-05,4.363e-05
5.5418e-05,4.973e-05,6.926e-05,5.282e-05,5.138e-05
5.1031e-05,4.361e-05,5.877e-05,5.012e-05,4.59e-05
5.4297e-05,4.766e-05,6.369e-05,5.064e-05,4.766e-05
5.141e-05,4.579e-05,5.964e-05,5.0745e-05,4.698e-05
5.5024e-05,4.913e-05,6.425e-05,5.1855e-05,5.137e-05
4.9969e-05,4.352e-05,5.936e-05,4.8735e-05,4.565e-05
5.5006e-05,4.879e-05,6.807e-05,5.2075e-05,4.944e-05
4.9091e-05,4.132e-05,5.754e-05,4.8625e-05,4.399e-05
5.3702e-05,4.758e-05,6.6e-05,5.0525e-05,4.758e-05
5.1034e-05,4.648e-05,6.28e-05,4.8975e-05,4.748e-05
5.3224e-05,4.627e-05,6.156e-05,5.151e-05,4.913e-05
5.146e-05,4.668e-05,6.113e-05,4.9565e-05,4.668e-05
5.2775e-05,4.654e-05,6.384e-05,5.1195e-05,4.914e-05
5.3459e-05,4.772e-05,6.457e-05,5.0695e-05,4.772e-05
5.0998e-05,4.478e-05,6.22e-05,4.9305e-05,4.478e-05
5.4857e-05,4.989e-05,6.747e-05,5.1365e-05,5.039e-05
5.0819e-05,4.42e-05,6.08e-05,4.97e-05,4.658e-05
5.4151e-05,4.709e-05,6.521e-05,5.2445e-05,4.759e-05
5.1681e-05,4.654e-05,6.102e-05,5.0665e-05,4.742e-05
5.5759e-05,4.914e-05,6.668e-05,5.372e-05,5.059e-05
4.9535e-05,4.246e-05,5.736e-05,4.96e-05,4.466e-05
5.5311e-05,4.9e-05,6.454e-05,5.293e-05,4.97e-05
5.2991e-05,4.828e-05,6.54e-05,5.0215e-05,4.962e-05
5.4108e-05,4.814e-05,6.264e-05,5.1565e-05,5.052e-05
4.9069e-05,4.216e-05,5.783e-05,4.9105e-05,4.216e-05
5.3446e-05,4.783e-05,6.193e-05,5.039e-05,4.945e-05
5.292e-05,4.865e-05,6.483e-05,5.028e-05,4.865e-05
5.3034e-05,4.684e-05,6.455e-05,5.0475e-05,4.965e-05
5.2694e-05,4.567e-05,6.067e-05,5.142e-05,4.567e-05
5.1905e-05,4.593e-05,5.997e-05,4.9455e-05,4.751e-05
5.332e-05,4.8e-05,6.449e-05,5.0865e-05,5.153e-05
5.1566e-05,4.458e-05,5.944e-05,5.112e-05,4.458e-05
5.4161e-05,4.738e-05,6.784e-05,5.167e-05,5.119e-05
5.1238e-05,4.46e-05,5.956e-05,4.888e-05,4.707e-05
5.5728e-05,4.83e-05,6.954e-05,5.3015e-05,5.008e-05
5.0955e-05,4.417e-05,6.065e-05,4.969e-05,4.665e-05
5.394e-05,4.762e-05,6.487e-05,5.106e-05,4.762e-05
4.9706e-05,4.287e-05,5.827e-05,4.905e-05,4.475e-05
5.5741e-05,4.927e-05,6.956e-05,5.3185e-05,5.11e-05
4.9334e-05,4.212e-05,5.693e-05,4.815e-05,4.479e-05
5.3706e-05,4.78e-05,6.654e-05,5.1545e-05,4.78e-05
4.9951e-05,4.449e-05,6.132e-05,4.8645e-05,4.568e-05
5.2898e-05,4.62e-05,6.118e-05,5.128e-05,4.859e-05
5.098e-05,4.624e-05,6.076e-05,4.867e-05,4.624e-05
5.2573e-05,4.596e-05,6.003e-05,5.087e-05,4.848e-05
5.3254e-05,4.74e-05,6.281e-05,5.0775e-05,4.74e-05
5.3914e-05,4.83e-05,6.864e-05,4.9935e-05,5.017e-05
5.6203e-05,4.928e-05,6.694e-05,5.3175e-05,5.378e-05
5.1266e-05,4.455e-05,5.897e-05,5.0875e-05,4.455e-05
5.5076e-05,4.97e-05,6.482e-05,5.203e-05,5.166e-05
5.0559e-05,4.368e-05,6.079e-05,4.991e-05,4.368e-05
5.605e-05,5.05e-05,6.642e-05,5.2345e-05,5.109e-05
4.9741e-05,4.337e-05,5.957e-05,4.8375e-05,4.638e-05
5.6204e-05,4.889e-05,6.572e-05,5.426e-05,5.215e-05
4.9021e-05,4.194e-05,5.693e-05,4.8235e-05,4.194e-05
5.4871e-05,4.964e-05,6.373e-05,5.1055e-05,5.036e-05
4.9514e-05,4.416e-05,5.837e-05,4.869e-05,4.416e-05
5.4256e-05,4.683e-05,6.269e-05,5.1745e-05,5.067e-05
5.3574e-05,4.893e-05,6.428e-05,5.158e-05,4.893e-05
5.2775e-05,4.499e-05,6.166e-05,5.013e-05,4.911e-05
5.3808e-05,4.793e-05,6.217e-05,5.087e-05,4.793e-05
5.2355e-05,4.562e-05,6.351e-05,4.9695e-05,4.798e-05
5.3055e-05,4.721e-05,6.209e-05,5.069e-05,4.721e-05
5.1891e-05,4.531e-05,5.962e-05,5.0365e-05,4.707e-05
5.5325e-05,4.944e-05,6.797e-05,5.228e-05,4.988e-05
5.0786e-05,4.357e-05,5.924e-05,4.964e-05,4.631e-05
5.596e-05,4.893e-05,6.802e-05,5.399e-05,4.893e-05
5.0937e-05,4.481e-05,6.031e-05,5.0215e-05,4.62e-05
5.5144e-05,4.993e-05,6.415e-05,5.138e-05,4.993e-05
5.0094e-05,4.44e-05,5.796e-05,4.863e-05,4.708e-05
5.5383e-05,5.006e-05,6.342e-05,5.276e-05,5.167e-05
4.8336e-05,4.131e-05,5.61e-05,4.79e-05,4.131e-05
5.3289e-05,4.805e-05,6.262e-05,5.088e-05,4.862e-05
5.0285e-05,4.529e-05,6.066e-05,4.8205e-05,4.697e-05
5.309e-05,4.561e-05,6.174e-05,5.1475e-05,4.946e-05
5.1065e-05,4.59e-05,6.152e-05,4.8985e-05,4.59e-05
5.2764e-05,4.62e-05,6.099e-05,5.025e-05,4.88e-05
5.218e-05,4.675e-05,6.228e-05,4.944e-05,4.675e-05
5.1308e-05,4.481e-05,6.005e-05,5.054e-05,4.481e-05
5.442e-05,4.692e-05,6.774e-05,5.2285e-05,5.032e-05
5.0944e-05,4.367e-05,5.947e-05,5.037e-05,4.606e-05
5.4224e-05,4.742e-05,6.641e-05,5.223e-05,4.761e-05
5.0716e-05,4.291e-05,6.044e-05,4.976e-05,4.656e-05
5.4406e-05,4.809e-05,6.438e-05,5.315e-05,4.809e-05
5.0223e-05,4.249e-05,5.734e-05,5.0135e-05,4.496e-05
5.3826e-05,4.811e-05,6.766e-05,5.141e-05,4.811e-05
4.9361e-05,4.144e-05,5.892e-05,4.8965e-05,4.475e-05
5.4851e-05,4.917e-05,6.337e-05,5.167e-05,5.118e-05
4.8449e-05,4.08e-05,5.646e-05,4.857e-05,4.08e-05
5.3548e-05,4.715e-05,6.211e-05,5.141e-05,5.082e-05
5.2566e-05,4.76e-05,6.322e-05,5.017e-05,4.76e-05
5.2968e-05,4.655e-05,6.147e-05,5.041e-05,4.935e-05
5.3074e-05,4.691e-05,6.231e-05,4.9545e-05,4.691e-05
5.1884e-05,4.493e-05,6.266e-05,5.107e-05,4.493e-05
5.2671e-05,4.62e-05,6.242e-05,5.0925e-05,4.984e-05
5.104e-05,4.377e-05,5.916e-05,5.111e-05,4.377e-05
5.3776e-05,4.718e-05,6.678e-05,5.1675e-05,4.948e-05
5.0856e-05,4.427e-05,6.021e-05,4.928e-05,4.628e-05
5.6693e-05,4.949e-05,6.859e-05,5.4645e-05,5.067e-05
5.0398e-05,4.476e-05,5.979e-05,4.8835e-05,4.61e-05
5.49e-05,4.765e-05,6.632e-05,5.2095e-05,4.892e-05
5.0241e-05,4.416e-05,5.892e-05,4.949e-05,4.491e-05
8.6105e-05,7.568e-05,9.317e-05,8.7335e-05,8.012e-05
4.8939e-05,4.138e-05,5.649e-05,4.975e-05,4.973e-05
5.3755e-05,4.268e-05,5.947e-05,5.5565e-05,5.947e-05
5.0184e-05,4.418e-05,5.526e-05,5.029e-05,4.623e-05
5.1794e-05,4.563e-05,5.994e-05,5.1675e-05,4.994e-05
4.9375e-05,4.37e-05,5.973e-05,4.761e-05,4.604e-05
5.3239e-05,4.603e-05,6.222e-05,5.093e-05,4.826e-05
5.4349e-05,4.896e-05,6.545e-05,5.2505e-05,5.278e-05
5.0952e-05,4.449e-05,6.139e-05,4.96e-05,4.516e-05
5.4924e-05,4.667e-05,6.868e-05,5.186e-05,5.089e-05
5.1138e-05,4.438e-05,6.112e-05,4.9755e-05,4.719e-05
5.4159e-05,4.866e-05,6.642e-05,5.113e-05,4.893e-05
5.1739e-05,4.372e-05,5.926e-05,5.045e-05,4.665e-05
5.456e-05,4.805e-05,6.542e-05,5.1875e-05,4.861e-05
5.0826e-05,4.34e-05,6.026e-05,5.0415e-05,4.652e-05
5.4561e-05,4.824e-05,6.672e-05,5.0575e-05,4.824e-05
5.0268e-05,4.377e-05,5.989e-05,4.9435e-05,4.567e-05
5.4665e-05,4.866e-05,6.357e-05,5.158e-05,5.041e-05
4.8239e-05,4.198e-05,5.709e-05,4.731e-05,4.198e-05
5.4436e-05,4.838e-05,6.33e-05,5.1155e-05,5.095e-05
5.2677e-05,4.69e-05,6.335e-05,5.0345e-05,4.69e-05
5.3509e-05,4.723e-05,6.219e-05,5.144e-05,4.975e-05
5.3271e-05,4.753e-05,6.305e-05,5.0515e-05,4.753e-05
5.2992e-05,4.675e-05,6.397e-05,5.0575e-05,4.675e-05
5.3588e-05,4.727e-05,6.393e-05,5.1985e-05,5.12e-05
5.1743e-05,4.526e-05,5.963e-05,5.1145e-05,4.526e-05
5.4582e-05,4.886e-05,6.738e-05,5.23e-05,5.032e-05
5.0765e-05,4.364e-05,5.879e-05,4.937e-05,4.619e-05
5.53e-05,4.786e-05,6.583e-05,5.1665e-05,4.786e-05
5.1463e-05,4.687e-05,6.028e-05,4.979e-05,4.772e-05
5.5335e-05,4.977e-05,6.344e-05,5.248e-05,5.09e-05
5.1151e-05,4.597e-05,6.182e-05,4.9255e-05,4.779e-05
5.498e-05,4.76e-05,6.565e-05,5.3345e-05,5.026e-05
4.8528e-05,4.235e-05,5.584e-05,4.752e-05,4.422e-05
5.4238e-05,4.789e-05,6.344e-05,5.1495e-05,4.995e-05
5.1579e-05,4.652e-05,6.244e-05,4.909e-05,4.652e-05
5.3471e-05,4.657e-05,6.238e-05,5.158e-05,5.038e-05
5.1005e-05,4.493e-05,6.108e-05,4.9375e-05,4.493e-05
5.3149e-05,4.555e-05,6.064e-05,5.1125e-05,4.875e-05
5.3539e-05,4.813e-05,6.356e-05,5.1655e-05,4.813e-05
5.1701e-05,4.499e-05,6.272e-05,5.0895e-05,4.499e-05
5.6414e-05,4.958e-05,6.946e-05,5.4135e-05,5.221e-05
5.1681e-05,4.499e-05,6.128e-05,4.995e-05,4.664e-05
5.4655e-05,4.81e-05,6.476e-05,5.1675e-05,4.81e-05
5.0578e-05,4.413e-05,5.814e-05,4.97e-05,4.557e-05
5.3704e-05,4.68e-05,6.388e-05,5.263e-05,4.68e-05
4.9879e-05,4.307e-05,5.881e-05,4.8815e-05,4.495e-05
5.3859e-05,4.87e-05,6.311e-05,5.0465e-05,4.87e-05
5.0021e-05,4.345e-05,5.89e-05,4.9125e-05,4.494e-05
5.5454e-05,4.907e-05,6.591e-05,5.2325e-05,5.292e-05
4.9663e-05,4.382e-05,5.86e-05,4.8475e-05,4.502e-05
5.315e-05,4.629e-05,6.463e-05,5.147e-05,4.629e-05
4.9798e-05,4.35e-05,5.966e-05,4.919e-05,4.629e-05
5.3306e-05,4.79e-05,6.355e-05,5.184e-05,4.975e-05
5.2844e-05,4.796e-05,6.464e-05,4.9095e-05,4.796e-05
5.164e-05,4.462e-05,5.99e-05,5.1185e-05,4.462e-05
5.3038e-05,4.678e-05,6.253e-05,5.0775e-05,4.98e-05
5.1131e-05,4.413e-05,5.916e-05,5.0675e-05,4.413e-05
5.6962e-05,4.802e-05,6.91e-05,5.526e-05,5.307e-05
5.1328e-05,4.441e-05,6.077e-05,5.0075e-05,4.693e-05
5.6062e-05,4.852e-05,6.763e-05,5.4105e-05,4.98e-05
5.1314e-05,4.478e-05,6.072e-05,4.9735e-05,4.598e-05
5.3931e-05,4.782e-05,6.352e-05,5.056e-05,4.809e-05
5.3567e-05,4.569e-05,5.871e-05,5.4945e-05,4.569e-05
5.3093e-05,4.658e-05,6.279e-05,5.244e-05,4.907e-05
5.4539e-05,4.607e-05,6.253e-05,5.341e-05,5.214e-05
5.651e-05,5.063e-05,6.54e-05,5.448e-05,5.382e-05
5.3074e-05,4.508e-05,6.184e-05,5.2175e-05,5.261e-05
5.7274e-05,4.796e-05,6.35e-05,5.7945e-05,5.517e-05
5.2863e-05,4.793e-05,6.364e-05,5.0715e-05,4.793e-05
5.8295e-05,4.846e-05,6.561e-05,5.714e-05,5.598e-05
5.1761e-05,4.613e-05,6.057e-05,5.042e-05,5.109e-05
5.686e-05,4.705e-05,6.51e-05,5.577e-05,5.4e-05
5.2396e-05,4.805e-05,6.17e-05,5.0515e-05,4.957e-05
5.6587e-05,4.753e-05,6.317e-05,5.632e-05,5.43e-05
5.1224e-05,4.616e-05,5.793e-05,5.154e-05,5.204e-05
5.4624e-05,4.612e-05,6.026e-05,5.5375e-05,4.813e-05
5.132e-05,4.592e-05,5.762e-05,5.1025e-05,5.134e-05
5.3976e-05,4.651e-05,5.948e-05,5.5415e-05,4.651e-05
5.3583e-05,4.83e-05,6.334e-05,5.2835e-05,4.83e-05
5.4454e-05,4.608e-05,6.236e-05,5.308e-05,5.156e-05
5.4945e-05,4.759e-05,6.336e-05,5.336e-05,5.31e-05
5.4469e-05,4.502e-05,6.287e-05,5.4325e-05,5.345e-05
5.4692e-05,4.909e-05,6.104e-05,5.474e-05,4.915e-05
5.2801e-05,4.689e-05,6.292e-05,5.126e-05,5.162e-05
5.7589e-05,4.803e-05,6.625e-05,5.6925e-05,5.451e-05
5.245e-05,4.665e-05,6.059e-05,5.095e-05,5.127e-05
5.7739e-05,4.752e-05,6.554e-05,5.6975e-05,5.437e-05
5.4503e-05,5.035e-05,6.461e-05,5.178e-05,5.035e-05
5.4604e-05,4.527e-05,6.277e-05,5.287e-05,5.097e-05
6.7107e-05,5.993e-05,7.401e-05,6.764e-05,7.401e-05
5.393e-05,4.771e-05,6.165e-05,5.245e-05,4.771e-05
4.926e-05,4.221e-05,5.422e-05,5.034e-05,5.365e-05
5.3625e-05,4.852e-05,6.216e-05,5.2245e-05,4.877e-05
5.1601e-05,4.577e-05,6.089e-05,5.07e-05,5.204e-05
5.2385e-05,4.405e-05,6.038e-05,5.1325e-05,4.972e-05
5.1114e-05,4.671e-05,5.968e-05,4.906e-05,4.943e-05
5.1707e-05,4.203e-05,5.979e-05,5.1705e-05,5.092e-05
5.3541e-05,4.722e-05,6.114e-05,5.1775e-05,4.842e-05
5.0838e-05,4.348e-05,5.842e-05,4.896e-05,4.8e-05
5.5531e-05,4.58e-05,6.249e-05,5.598e-05,5.338e-05
5.0621e-05,4.655e-05,5.949e-05,4.8915e-05,4.882e-05
5.5984e-05,4.655e-05,6.373e-05,5.5575e-05,5.253e-05
5.1256e-05,4.595e-05,5.916e-05,5.0665e-05,4.595e-05
5.6806e-05,4.874e-05,6.562e-05,5.599e-05,5.368e-05
5.1149e-05,4.491e-05,5.848e-05,5.058e-05,5.281e-05
5.5189e-05,4.669e-05,6.118e-05,5.5885e-05,5.088e-05
5.4269e-05,4.836e-05,6.448e-05,5.315e-05,5.08e-05
5.6479e-05,4.669e-05,6.317e-05,5.636e-05,5.277e-05
5.4347e-05,4.802e-05,6.524e-05,5.265e-05,5.141e-05
5.506e-05,4.635e-05,6.285e-05,5.5545e-05,5.363e-05
5.3806e-05,4.64e-05,6.281e-05,5.255e-05,4.64e-05
5.4546e-05,4.577e-05,6.382e-05,5.4085e-05,5.315e-05
5.74e-05,4.891e-05,6.367e-05,5.6975e-05,5.511e-05
5.8409e-05,5.009e-05,6.992e-05,5.618e-05,5.009e-05
5.6437e-05,4.869e-05,6.392e-05,5.4825e-05,5.363e-05
5.322e-05,4.851e-05,6.234e-05,5.075e-05,5.119e-05
5.7996e-05,4.827e-05,6.633e-05,5.7135e-05,5.433e-05
5.2541e-05,4.69e-05,5.957e-05,5.1335e-05,5.133e-05
5.7009e-05,4.795e-05,6.287e-05,5.6645e-05,5.53e-05
5.2024e-05,4.731e-05,6.082e-05,4.9615e-05,5.209e-05
5.6986e-05,4.807e-05,6.662e-05,5.638e-05,5.454e-05
5.0519e-05,4.299e-05,5.815e-05,4.9775e-05,5.254e-05
5.4229e-05,4.389e-05,6.191e-05,5.39e-05,5.12e-05
5.6915e-05,5.038e-05,6.703e-05,5.5375e-05,5.543e-05
5.3966e-05,4.499e-05,6.364e-05,5.1955e-05,5.054e-05
5.2679e-05,4.727e-05,6.169e-05,5.1635e-05,5.239e-05
5.2834e-05,4.315e-05,6.209e-05,5.163e-05,5.02e-05
5.2835e-05,4.743e-05,6.12e-05,5.047e-05,4.987e-05
5.2441e-05,4.356e-05,6.083e-05,5.1355e-05,5.13e-05
5.3966e-05,4.604e-05,6.255e-05,5.313e-05,5.37e-05
5.1385e-05,4.358e-05,5.962e-05,4.9575e-05,4.833e-05
5.573e-05,4.611e-05,6.241e-05,5.592e-05,5.44e-05
5.1143e-05,4.739e-05,5.986e-05,4.977e-05,4.997e-05
5.5091e-05,4.484e-05,6.284e-05,5.4865e-05,5.198e-05
4.9231e-05,4.449e-05,5.801e-05,4.7355e-05,4.594e-05
5.4515e-05,4.442e-05,6.185e-05,5.427e-05,5.216e-05
5.0509e-05,4.636e-05,5.953e-05,4.8235e-05,4.636e-05
5.4563e-05,4.527e-05,6.14e-05,5.307e-05,5.177e-05
5.4813e-05,4.927e-05,6.476e-05,5.3305e-05,5.219e-05
5.3851e-05,4.433e-05,6.324e-05,5.2545e-05,5.08e-05
4.9701e-05,4.178e-05,5.522e-05,5.0075e-05,5.111e-05
5.1981e-05,4.404e-05,6.1e-05,5.1425e-05,4.763e-05
5.22e-05,4.332e-05,5.846e-05,5.2535e-05,5.324e-05
5.4002e-05,4.672e-05,6.345e-05,5.284e-05,4.672e-05
5.4654e-05,4.534e-05,6.13e-05,5.418e-05,5.382e-05
5.3469e-05,4.78e-05,6.37e-05,5.1215e-05,4.78e-05
5.3868e-05,4.604e-05,6.101e-05,5.289e-05,5.196e-05
5.1162e-05,4.754e-05,5.932e-05,4.9415e-05,4.927e-05
5.5498e-05,4.485e-05,6.332e-05,5.5685e-05,5.269e-05
5.057e-05,4.534e-05,5.995e-05,4.9635e-05,4.585e-05
5.5941e-05,4.595e-05,6.267e-05,5.6085e-05,5.256e-05
8.5388e-05,7.848e-05,9.012e-05,8.6205e-05,8.647e-05
5.3444e-05,4.711e-05,6.285e-05,5.1935e-05,4.711e-05
4.8401e-05,4.044e-05,5.467e-05,4.9055e-05,4.312e-05
5.2411e-05,4.597e-05,6.148e-05,5.1715e-05,4.597e-05
4.8279e-05,4.22e-05,5.747e-05,4.763e-05,4.45e-05
5.2944e-05,4.395e-05,6.4e-05,5.145e-05,4.395e-05
5.1685e-05,4.473e-05,5.725e-05,5.352e-05,4.537e-05
5.1549e-05,4.504e-05,6.098e-05,5.0545e-05,4.504e-05
5.0877e-05,4.389e-05,5.688e-05,5.1645e-05,4.521e-05
5.2379e-05,4.518e-05,6.11e-05,5.132e-05,4.956e-05
5.262e-05,4.802e-05,5.883e-05,5.247e-05,4.814e-05
4.968e-05,4.187e-05,5.443e-05,5.135e-05,4.187e-05
5.417e-05,4.81e-05,6.416e-05,5.274e-05,4.918e-05
4.9456e-05,4.129e-05,5.678e-05,4.969e-05,4.372e-05
5.3746e-05,4.617e-05,6.507e-05,5.2495e-05,4.617e-05
4.9267e-05,4.13e-05,5.801e-05,4.893e-05,4.414e-05
5.3489e-05,4.687e-05,6.41e-05,5.123e-05,4.687e-05
4.8601e-05,4.011e-05,5.658e-05,4.9305e-05,4.312e-05
5.2955e-05,4.686e-05,6.272e-05,5.084e-05,4.686e-05
4.9969e-05,4.477e-05,5.98e-05,4.8495e-05,4.74e-05
5.4289e-05,4.381e-05,6.477e-05,5.361e-05,4.381e-05
4.9601e-05,4.418e-05,5.932e-05,4.786e-05,4.666e-05
5.335e-05,4.359e-05,6.379e-05,5.24e-05,4.359e-05
5.2457e-05,4.465e-05,5.868e-05,5.383e-05,4.701e-05
5.1765e-05,4.606e-05,6.146e-05,5.0175e-05,4.7e-05
5.4149e-05,4.809e-05,6.054e-05,5.3275e-05,4.809e-05
5.2881e-05,4.531e-05,6.062e-05,5.2255e-05,4.531e-05
5.4584e-05,4.676e-05,6.08e-05,5.415e-05,5.221e-05
5.134e-05,4.709e-05,6.095e-05,4.899e-05,4.709e-05
5.6249e-05,4.521e-05,6.388e-05,5.633e-05,5.562e-05
5.0855e-05,4.641e-05,5.954e-05,4.9355e-05,4.641e-05
5.6281e-05,4.692e-05,6.567e-05,5.574e-05,5.53e-05
4.9983e-05,4.256e-05,5.829e-05,4.965e-05,4.984e-05
5.4173e-05,4.503e-05,6.009e-05,5.494e-05,4.887e-05
4.9691e-05,4.492e-05,6.007e-05,4.8185e-05,4.806e-05
5.4535e-05,4.512e-05,6.55e-05,5.284e-05,5.152e-05
5.057e-05,4.151e-05,5.512e-05,5.146e-05,5.161e-05
5.2299e-05,4.594e-05,6.135e-05,5.1855e-05,4.594e-05
5.184e-05,4.319e-05,5.996e-05,5.146e-05,5.251e-05
5.4589e-05,4.844e-05,6.448e-05,5.3955e-05,4.886e-05
5.1907e-05,4.213e-05,5.875e-05,5.198e-05,5.176e-05
5.2755e-05,4.429e-05,6.353e-05,5.0545e-05,4.429e-05
5.4674e-05,4.611e-05,6.268e-05,5.2745e-05,5.149e-05
5.1285e-05,4.747e-05,5.889e-05,4.951e-05,4.833e-05
5.5576e-05,4.619e-05,6.392e-05,5.5855e-05,5.238e-05
4.9863e-05,4.459e-05,5.938e-05,4.822e-05,4.655e-05
5.5164e-05,4.524e-05,6.406e-05,5.4475e-05,5.259e-05
4.9646e-05,4.454e-05,5.8e-05,4.804e-05,4.741e-05
5.4277e-05,4.383e-05,6.233e-05,5.3525e-05,5.18e-05
5.0242e-05,4.67e-05,5.976e-05,4.742e-05,4.736e-05
5.4569e-05,4.564e-05,6.152e-05,5.334e-05,5.166e-05
5.5091e-05,4.945e-05,6.489e-05,5.3555e-05,5.446e-05
5.3383e-05,4.376e-05,6.081e-05,5.243e-05,5.068e-05
5.4611e-05,4.954e-05,6.338e-05,5.307e-05,5.278e-05
5.7705e-05,4.985e-05,6.801e-05,5.7285e-05,5.274e-05
5.1654e-05,4.333e-05,5.815e-05,5.146e-05,5.096e-05
5.2265e-05,4.517e-05,6.322e-05,5.082e-05,4.517e-05
5.4324e-05,4.625e-05,6.139e-05,5.413e-05,5.407e-05
5.328e-05,4.909e-05,6.322e-05,5.0735e-05,4.909e-05
5.4255e-05,4.65e-05,6.145e-05,5.29e-05,5.136e-05
5.2111e-05,4.754e-05,6.161e-05,5.0005e-05,4.96e-05
5.5346e-05,4.613e-05,6.373e-05,5.494e-05,5.223e-05
4.9775e-05,4.515e-05,5.844e-05,4.8095e-05,4.741e-05
5.497e-05,4.547e-05,6.269e-05,5.391e-05,5.206e-05
5.0391e-05,4.629e-05,5.998e-05,4.787e-05,4.751e-05
5.4465e-05,4.466e-05,6.196e-05,5.385e-05,5.291e-05
4.825e-05,4.297e-05,5.655e-05,4.6475e-05,4.865e-05
5.4054e-05,4.415e-05,6.132e-05,5.3455e-05,5.192e-05
5.5574e-05,4.828e-05,6.631e-05,5.42e-05,5.112e-05
5.3428e-05,4.343e-05,6.338e-05,5.233e-05,5.051e-05
5.1571e-05,4.471e-05,5.893e-05,5.0775e-05,4.985e-05
5.1579e-05,4.369e-05,5.945e-05,5.086e-05,4.547e-05
5.0957e-05,4.32e-05,5.832e-05,5.13e-05,5.137e-05
5.1691e-05,4.418e-05,6.009e-05,5.19e-05,4.47e-05
5.3929e-05,4.663e-05,6.074e-05,5.2655e-05,5.133e-05
5.237e-05,4.886e-05,6.164e-05,4.973e-05,4.889e-05
5.5871e-05,4.599e-05,6.487e-05,5.5595e-05,5.215e-05
5.0853e-05,4.593e-05,6.031e-05,4.8685e-05,4.825e-05
5.5795e-05,4.686e-05,6.409e-05,5.428e-05,5.214e-05
4.9921e-05,4.33e-05,5.989e-05,4.876e-05,4.797e-05
5.4943e-05,4.538e-05,6.225e-05,5.388e-05,5.294e-05
5.0573e-05,4.685e-05,5.935e-05,4.883e-05,4.874e-05
5.4021e-05,4.435e-05,6.163e-05,5.267e-05,5.118e-05
5.3154e-05,4.876e-05,6.141e-05,5.1645e-05,5.279e-05
5.4287e-05,4.584e-05,6.108e-05,5.308e-05,5.127e-05
5.2534e-05,4.778e-05,6.087e-05,5.0215e-05,5.433e-05
5.288e-05,4.464e-05,5.915e-05,5.1985e-05,5.037e-05
5.2615e-05,4.862e-05,6.182e-05,5.086e-05,5.096e-05
5.2906e-05,4.323e-05,6.198e-05,5.214e-05,5.092e-05
5.3781e-05,4.729e-05,6.158e-05,5.2195e-05,4.827e-05
6.294e-05,4.864e-05,8.302e-05,6.103e-05,4.9e-05
5.435e-05,4.593e-05,6.074e-05,5.395e-05,5.247e-05
5.1495e-05,4.562e-05,6.139e-05,4.928e-05,4.562e-05
5.6144e-05,4.757e-05,6.396e-05,5.4865e-05,5.206e-05
5.1052e-05,4.711e-05,6.066e-05,4.8875e-05,4.927e-05
5.5709e-05,4.654e-05,6.271e-05,5.3975e-05,5.208e-05
5.1167e-05,4.758e-05,5.948e-05,4.9395e-05,4.972e-05
5.4585e-05,4.516e-05,6.158e-05,5.4005e-05,5.152e-05
4.985e-05,4.646e-05,5.785e-05,4.7965e-05,4.853e-05
5.4198e-05,4.42e-05,6.257e-05,5.3815e-05,5.199e-05
5.0992e-05,4.433e-05,5.743e-05,5.156e-05,5.091e-05
5.2093e-05,4.414e-05,5.688e-05,5.3265e-05,4.555e-05
5.1463e-05,4.574e-05,5.98e-05,5.0825e-05,4.574e-05
5.2799e-05,4.355e-05,6.121e-05,5.1825e-05,5.002e-05
5.2584e-05,4.776e-05,6.131e-05,5.0885e-05,4.924e-05
5.1797e-05,4.35e-05,5.895e-05,5.118e-05,5.061e-05
5.3262e-05,4.604e-05,6.136e-05,5.213e-05,5.239e-05
5.1362e-05,4.469e-05,5.996e-05,4.9765e-05,4.826e-05
5.561e-05,4.62e-05,6.162e-05,5.5505e-05,5.352e-05
9.1175e-05,8.358e-05,0.00010248,8.955e-05,8.936e-05
5.5754e-05,4.644e-05,6.183e-05,5.5395e-05,5.502e-05
5.0548e-05,4.65e-05,5.96e-05,4.897e-05,4.786e-05
5.578e-05,4.446e-05,6.267e-05,5.733e-05,6.124e-05
4.9636e-05,4.47e-05,5.811e-05,4.781e-05,4.47e-05
5.3891e-05,4.467e-05,6e-05,5.501e-05,5.509e-05
4.9621e-05,4.328e-05,5.782e-05,4.8385e-05,4.81e-05
5.2957e-05,4.417e-05,5.97e-05,5.3365e-05,4.667e-05
5.234e-05,4.617e-05,6.26e-05,5.0455e-05,5.054e-05
5.5168e-05,4.568e-05,6.223e-05,5.4875e-05,5.266e-05
5.6691e-05,5.059e-05,6.662e-05,5.483e-05,5.265e-05
5.3011e-05,4.436e-05,6.257e-05,5.1675e-05,5.037e-05
5.458e-05,4.742e-05,6.272e-05,5.304e-05,5.346e-05
5.1691e-05,4.246e-05,6.017e-05,5.065e-05,5.045e-05
5.3551e-05,4.6e-05,6.218e-05,5.177e-05,4.931e-05
5.1298e-05,4.407e-05,5.966e-05,4.9665e-05,4.901e-05
5.494e-05,4.511e-05,6.293e-05,5.508e-05,5.231e-05
5.0296e-05,4.6e-05,6.014e-05,4.805e-05,4.656e-05
5.5131e-05,4.468e-05,6.283e-05,5.4755e-05,5.238e-05
5.0144e-05,4.629e-05,5.933e-05,4.8265e-05,4.795e-05
5.471e-05,4.538e-05,6.408e-05,5.2985e-05,5.108e-05
4.9502e-05,4.333e-05,5.851e-05,4.7785e-05,4.788e-05
5.4236e-05,4.553e-05,6.27e-05,5.284e-05,5.105e-05
4.9756e-05,4.195e-05,5.635e-05,5.069e-05,5.026e-05
5.1762e-05,4.425e-05,5.692e-05,5.2675e-05,4.425e-05
5.048e-05,4.484e-05,5.599e-05,5.031e-05,4.652e-05
5.0996e-05,4.397e-05,5.65e-05,5.2245e-05,4.397e-05
5.0065e-05,4.547e-05,5.576e-05,4.964e-05,4.547e-05
5.0121e-05,4.282e-05,5.557e-05,5.085e-05,4.454e-05
5.2405e-05,4.77e-05,5.886e-05,5.194e-05,4.79e-05
4.95e-05,4.269e-05,5.454e-05,5.0175e-05,4.269e-05
5.3786e-05,4.676e-05,6.054e-05,5.4925e-05,4.737e-05
4.9253e-05,4.279e-05,5.655e-05,4.988e-05,4.498e-05
5.4162e-05,4.575e-05,5.973e-05,5.5225e-05,4.74e-05
5.0054e-05,4.46e-05,6.038e-05,4.939e-05,4.487e-05
5.454e-05,4.549e-05,6.161e-05,5.363e-05,5.095e-05
5.124e-05,4.733e-05,5.921e-05,4.927e-05,5.019e-05
5.445e-05,4.432e-05,6.155e-05,5.4015e-05,5.262e-05
5.0517e-05,4.615e-05,5.832e-05,4.9065e-05,5.135e-05
5.4181e-05,4.493e-05,6.238e-05,5.286e-05,5.026e-05
4.9955e-05,4.383e-05,5.583e-05,4.9425e-05,5.425e-05
5.3036e-05,4.479e-05,5.939e-05,5.223e-05,5.035e-05
5.245e-05,4.821e-05,6.037e-05,5.047e-05,5.035e-05
5.3449e-05,4.385e-05,6.032e-05,5.3015e-05,5.163e-05
5.4763e-05,4.749e-05,6.207e-05,5.6335e-05,5.038e-05
5.0303e-05,4.369e-05,5.597e-05,5.1065e-05,4.605e-05
5.2892e-05,4.654e-05,6.002e-05,5.3755e-05,4.654e-05
5.0368e-05,4.25e-05,5.791e-05,4.989e-05,4.574e-05
5.5423e-05,4.699e-05,6.496e-05,5.5275e-05,5.126e-05
5.0132e-05,4.283e-05,5.7e-05,5.0315e-05,4.996e-05
5.3537e-05,4.579e-05,5.951e-05,5.4475e-05,4.936e-05
4.9775e-05,4.39e-05,5.956e-05,4.899e-05,4.524e-05
5.5973e-05,4.476e-05,6.608e-05,5.49e-05,5.304e-05
4.9646e-05,4.266e-05,5.841e-05,4.8335e-05,4.83e-05
5.432e-05,4.597e-05,6.243e-05,5.548e-05,5.43e-05
5.0374e-05,4.369e-05,5.679e-05,5.1045e-05,4.832e-05
5.2583e-05,4.576e-05,5.816e-05,5.34e-05,4.576e-05
5.1415e-05,4.568e-05,6.069e-05,5.133e-05,4.658e-05
5.3127e-05,4.459e-05,6.127e-05,5.1685e-05,5.003e-05
5.2156e-05,4.776e-05,6.21e-05,5.091e-05,5.239e-05
5.1706e-05,4.21e-05,6.005e-05,5.15e-05,5.108e-05
5.3236e-05,4.594e-05,6.074e-05,5.153e-05,4.952e-05
5.0824e-05,4.41e-05,5.829e-05,4.9165e-05,4.753e-05
5.5292e-05,4.504e-05,6.192e-05,5.5905e-05,5.496e-05
5.0441e-05,4.479e-05,5.926e-05,4.946e-05,4.744e-05
5.512e-05,4.523e-05,6.36e-05,5.4345e-05,5.146e-05
4.9289e-05,4.513e-05,5.728e-05,4.795e-05,4.655e-05
5.454e-05,4.504e-05,6.158e-05,5.3475e-05,5.165e-05
4.9151e-05,4.596e-05,5.791e-05,4.6875e-05,4.703e-05
5.4533e-05,4.431e-05,6.332e-05,5.3515e-05,5.145e-05
5.2055e-05,4.711e-05,6.099e-05,5.0565e-05,5.234e-05
5.3331e-05,4.67e-05,6.223e-05,5.1085e-05,4.977e-05
4.952e-05,4.181e-05,5.331e-05,5.1135e-05,5.124e-05
5.2339e-05,4.723e-05,6.109e-05,5.1425e-05,4.773e-05
7.1016e-05,4.286e-05,9.575e-05,6.9405e-05,5.299e-05
5.5426e-05,5.006e-05,6.39e-05,5.35e-05,5.006e-05
5.5093e-05,4.553e-05,6.198e-05,5.4605e-05,5.453e-05
5.3768e-05,4.821e-05,6.372e-05,5.1465e-05,4.821e-05
5.4545e-05,4.67e-05,6.102e-05,5.332e-05,5.227e-05
5.1073e-05,4.719e-05,6.05e-05,4.878e-05,4.875e-05
5.493e-05,4.465e-05,6.296e-05,5.4205e-05,5.181e-05
5.0185e-05,4.53e-05,5.821e-05,4.8975e-05,4.735e-05
5.5765e-05,4.508e-05,6.274e-05,5.6355e-05,5.286e-05
4.9429e-05,4.573e-05,5.835e-05,4.681e-05,4.573e-05
5.4409e-05,4.42e-05,6.129e-05,5.332e-05,5.134e-05
4.9653e-05,4.541e-05,5.863e-05,4.7435e-05,4.847e-05
5.3801e-05,4.425e-05,6.117e-05,5.243e-05,5.113e-05
4.9987e-05,4.519e-05,5.583e-05,4.89e-05,5.384e-05
5.3214e-05,4.32e-05,5.981e-05,5.339e-05,4.953e-05
5.6747e-05,4.988e-05,6.675e-05,5.5415e-05,5.193e-05
5.1635e-05,4.258e-05,6.038e-05,5.188e-05,5.133e-05
5.0575e-05,4.339e-05,5.912e-05,5.02e-05,5.081e-05
5.1823e-05,4.295e-05,5.974e-05,5.138e-05,4.778e-05
5.2811e-05,4.681e-05,6.026e-05,5.121e-05,4.713e-05
5.1287e-05,4.587e-05,6.094e-05,4.947e-05,4.89e-05
5.5921e-05,4.655e-05,6.388e-05,5.496e-05,5.191e-05
5.0355e-05,4.483e-05,5.886e-05,4.923e-05,4.684e-05
5.4486e-05,4.409e-05,6.243e-05,5.411e-05,5.193e-05
5.0336e-05,4.535e-05,5.855e-05,4.926e-05,4.69e-05
5.4724e-05,4.533e-05,6.179e-05,5.3125e-05,5.133e-05
4.9338e-05,4.531e-05,5.78e-05,4.733e-05,4.776e-05
5.3703e-05,4.367e-05,6.054e-05,5.335e-05,5.12e-05
5.3101e-05,4.739e-05,6.168e-05,5.2095e-05,5.223e-05
5.3201e-05,4.407e-05,6.023e-05,5.243e-05,5.047e-05
5.5824e-05,4.925e-05,6.543e-05,5.442e-05,5.43e-05
5.3139e-05,4.432e-05,6.105e-05,5.207e-05,5.075e-05
5.198e-05,4.639e-05,6.176e-05,5.0715e-05,5.273e-05
5.226e-05,4.343e-05,5.895e-05,5.1305e-05,5.051e-05
5.8095e-05,5.255e-05,6.555e-05,5.6575e-05,5.255e-05
5.2004e-05,4.232e-05,5.765e-05,5.239e-05,5.122e-05
5.6179e-05,4.988e-05,6.464e-05,5.476e-05,4.988e-05
5.1059e-05,4.288e-05,5.848e-05,5.0835e-05,5.013e-05
5.5992e-05,4.71e-05,6.571e-05,5.61e-05,5.576e-05
4.9745e-05,4.214e-05,5.641e-05,5.0405e-05,4.98e-05
5.4935e-05,4.683e-05,6.389e-05,5.3725e-05,5.216e-05
5.0306e-05,4.392e-05,5.806e-05,4.943e-05,4.766e-05
5.396e-05,4.521e-05,6.218e-05,5.311e-05,5.184e-05
4.9459e-05,4.14e-05,5.423e-05,5.079e-05,4.734e-05
5.2878e-05,4.69e-05,6.049e-05,5.253e-05,4.87e-05
4.9726e-05,4.13e-05,5.289e-05,5.194e-05,4.944e-05
5.3396e-05,4.505e-05,6.091e-05,5.452e-05,4.505e-05
5.2104e-05,4.344e-05,6.062e-05,5.228e-05,5.301e-05
5.2629e-05,4.43e-05,6.135e-05,5.1515e-05,5.081e-05
5.1063e-05,4.303e-05,5.788e-05,5.21e-05,5.125e-05
4.9889e-05,4.192e-05,5.496e-05,5.0885e-05,4.192e-05
5.2509e-05,4.606e-05,5.747e-05,5.3975e-05,4.827e-05
4.9537e-05,4.421e-05,5.65e-05,4.859e-05,4.421e-05
5.487e-05,4.638e-05,6.39e-05,5.526e-05,4.809e-05
4.987e-05,4.261e-05,5.883e-05,4.887e-05,4.793e-05
5.4732e-05,4.507e-05,6.38e-05,5.4835e-05,5.154e-05
4.9335e-05,4.253e-05,5.677e-05,4.8715e-05,4.705e-05
5.3705e-05,4.565e-05,6.162e-05,5.251e-05,5.057e-05
4.8918e-05,4.225e-05,5.83e-05,4.776e-05,4.629e-05
5.399e-05,4.509e-05,6.089e-05,5.281e-05,5.101e-05
5.4199e-05,4.824e-05,6.443e-05,5.2745e-05,5.297e-05
5.4321e-05,4.674e-05,6.039e-05,5.359e-05,5.181e-05
5.102e-05,4.574e-05,5.996e-05,4.907e-05,5.058e-05
5.3067e-05,4.355e-05,6.236e-05,5.167e-05,4.979e-05
5.3245e-05,4.738e-05,6.23e-05,5.0895e-05,5.017e-05
5.2206e-05,4.387e-05,5.853e-05,5.15e-05,5.089e-05
5.3999e-05,4.832e-05,6.205e-05,5.3215e-05,5.457e-05
5.1672e-05,4.237e-05,6.06e-05,5.099e-05,4.924e-05
5.2618e-05,4.624e-05,5.983e-05,5.1235e-05,4.624e-05
5.1489e-05,4.62e-05,6.124e-05,4.9595e-05,4.906e-05
5.5001e-05,4.544e-05,6.337e-05,5.433e-05,5.227e-05
5.0401e-05,4.538e-05,5.907e-05,4.8895e-05,4.749e-05
5.509e-05,4.519e-05,6.231e-05,5.46e-05,5.285e-05
5.0202e-05,4.685e-05,5.914e-05,4.803e-05,4.9e-05
5.367e-05,4.546e-05,6.076e-05,5.271e-05,5.086e-05
4.8526e-05,4.393e-05,5.729e-05,4.7435e-05,4.826e-05
5.464e-05,4.436e-05,6.3e-05,5.3915e-05,5.313e-05
4.9536e-05,4.302e-05,5.561e-05,4.984e-05,4.885e-05
5.2173e-05,4.474e-05,5.929e-05,5.285e-05,4.524e-05
5.2275e-05,4.897e-05,6.207e-05,5.0595e-05,5.126e-05
5.2778e-05,4.377e-05,6.016e-05,5.3275e-05,5.48e-05
5.099e-05,4.487e-05,6.029e-05,5.037e-05,5.177e-05
5.1649e-05,4.335e-05,5.925e-05,5.1335e-05,5.056e-05
5.2611e-05,4.643e-05,6.027e-05,5.094e-05,4.937e-05
5.0873e-05,4.476e-05,5.968e-05,4.937e-05,4.889e-05
5.5251e-05,4.598e-05,6.163e-05,5.5665e-05,5.227e-05
5.0418e-05,4.486e-05,5.916e-05,4.913e-05,4.778e-05
5.3984e-05,4.393e-05,6.023e-05,5.479e-05,5.077e-05
5.014e-05,4.514e-05,5.956e-05,4.8535e-05,4.704e-05
5.4799e-05,4.487e-05,6.375e-05,5.425e-05,5.237e-05
4.8005e-05,4.158e-05,5.649e-05,4.7305e-05,4.404e-05
5.4277e-05,4.495e-05,6.097e-05,5.3935e-05,5.122e-05
5.3176e-05,4.655e-05,6.333e-05,5.1015e-05,5.068e-05
5.3654e-05,4.533e-05,6.014e-05,5.245e-05,5.111e-05
5.1895e-05,4.726e-05,5.987e-05,4.9865e-05,5.385e-05
5.2624e-05,4.375e-05,6.192e-05,5.154e-05,5.027e-05
5.2365e-05,4.573e-05,6.173e-05,5.1115e-05,5.238e-05
5.2152e-05,4.299e-05,6.144e-05,5.167e-05,5.076e-05
5.3991e-05,4.791e-05,6.157e-05,5.1635e-05,4.917e-05
5.272e-05,4.62e-05,6.208e-05,5.056e-05,4.916e-05
5.487e-05,4.751e-05,6.241e-05,5.3975e-05,5.349e-05
5.1019e-05,4.52e-05,6.062e-05,4.925e-05,4.902e-05
5.5737e-05,4.724e-05,6.392e-05,5.5065e-05,5.233e-05
5.0556e-05,4.571e-05,5.923e-05,4.9115e-05,4.81e-05
5.5093e-05,4.555e-05,6.266e-05,5.4215e-05,5.221e-05
5.0569e-05,4.692e-05,6.06e-05,4.788e-05,4.869e-05
5.447e-05,4.445e-05,6.26e-05,5.354e-05,5.152e-05
5.0428e-05,4.663e-05,5.955e-05,4.8555e-05,4.84e-05
5.4024e-05,4.473e-05,6.267e-05,5.3035e-05,5.137e-05
5.0716e-05,4.408e-05,5.731e-05,5.1215e-05,5.145e-05
5.289e-05,4.465e-05,6.04e-05,5.3225e-05,4.59e-05
5.3269e-05,4.974e-05,6.302e-05,5.099e-05,5.151e-05
5.3446e-05,4.432e-05,6.354e-05,5.2725e-05,5.214e-05
5.2407e-05,4.516e-05,6.03e-05,5.1215e-05,5.048e-05
5.0914e-05,4.326e-05,5.828e-05,5.0285e-05,4.532e-05
5.3049e-05,4.66e-05,6.054e-05,5.248e-05,4.805e-05
5.1176e-05,4.463e-05,6.155e-05,4.933e-05,4.773e-05
5.5671e-05,4.644e-05,6.421e-05,5.5765e-05,5.221e-05
5.1273e-05,4.544e-05,6.101e-05,5.0465e-05,4.699e-05
5.5459e-05,4.587e-05,6.382e-05,5.458e-05,5.253e-05
5.0658e-05,4.494e-05,6.014e-05,5.0055e-05,4.675e-05
5.4608e-05,4.497e-05,6.214e-05,5.3695e-05,5.209e-05
5.16e-05,4.676e-05,6.144e-05,4.881e-05,4.867e-05
5.6721e-05,4.63e-05,6.363e-05,5.716e-05,5.32e-05
5.1617e-05,4.399e-05,6.094e-05,5.0765e-05,4.93e-05
5.4355e-05,4.507e-05,6.185e-05,5.372e-05,5.132e-05
4.8709e-05,4.327e-05,5.567e-05,4.872e-05,4.887e-05
5.2032e-05,4.376e-05,5.986e-05,5.212e-05,4.551e-05
5.2156e-05,4.694e-05,6.133e-05,5.07e-05,4.865e-05
5.2339e-05,4.368e-05,6.088e-05,5.1365e-05,5.013e-05
5.391e-05,4.609e-05,6.165e-05,5.3435e-05,5.363e-05
5.1454e-05,4.32e-05,6.067e-05,5.0385e-05,4.907e-05
5.4086e-05,4.69e-05,6.072e-05,5.2585e-05,5.086e-05
5.2065e-05,4.724e-05,6.163e-05,4.9785e-05,4.881e-05
5.6441e-05,4.655e-05,6.665e-05,5.563e-05,5.394e-05
4.9923e-05,4.222e-05,5.827e-05,4.987e-05,4.945e-05
5.4979e-05,4.601e-05,6.43e-05,5.523e-05,4.93e-05
4.9357e-05,4.264e-05,5.872e-05,4.7895e-05,4.885e-05
5.4372e-05,4.465e-05,6.202e-05,5.3025e-05,5.11e-05
5.0455e-05,4.686e-05,5.928e-05,4.836e-05,4.905e-05
5.3619e-05,4.434e-05,6.095e-05,5.2635e-05,5.069e-05
5.059e-05,4.604e-05,5.696e-05,4.937e-05,5.151e-05
5.334e-05,4.516e-05,6.03e-05,5.3165e-05,4.981e-05
5.2419e-05,4.776e-05,6.165e-05,5.156e-05,5.227e-05
5.2817e-05,4.479e-05,6.121e-05,5.205e-05,5.117e-05
5.2517e-05,4.674e-05,6.235e-05,5.0665e-05,5.249e-05
5.2113e-05,4.311e-05,6.016e-05,5.1875e-05,5.13e-05
5.3219e-05,4.714e-05,5.973e-05,5.285e-05,4.778e-05
5.3336e-05,4.869e-05,6.32e-05,5.065e-05,4.994e-05
5.553e-05,4.623e-05,6.393e-05,5.5105e-05,5.256e-05
5.3e-05,4.679e-05,6.064e-05,5.3095e-05,5.356e-05
5.2942e-05,4.497e-05,6.027e-05,5.362e-05,4.69e-05
4.9369e-05,4.457e-05,5.849e-05,4.8005e-05,4.457e-05
5.4088e-05,4.407e-05,6.196e-05,5.3035e-05,5.101e-05
5.034e-05,4.597e-05,5.713e-05,4.8275e-05,4.842e-05
5.4055e-05,4.487e-05,6.135e-05,5.353e-05,5.347e-05
4.9061e-05,4.272e-05,5.783e-05,4.7305e-05,4.272e-05
5.3189e-05,4.392e-05,6.384e-05,5.1875e-05,4.392e-05
4.9304e-05,4.359e-05,5.754e-05,4.9245e-05,4.457e-05
5.2419e-05,4.134e-05,6.166e-05,5.238e-05,4.134e-05
5.1625e-05,4.428e-05,5.796e-05,5.254e-05,4.648e-05
5.1457e-05,4.604e-05,5.981e-05,4.9795e-05,4.604e-05
5.3393e-05,4.71e-05,6.18e-05,5.201e-05,4.71e-05
5.1189e-05,4.332e-05,5.885e-05,5.109e-05,4.605e-05
5.319e-05,4.718e-05,5.988e-05,5.2935e-05,4.718e-05
5.0225e-05,4.299e-05,5.678e-05,5.116e-05,4.299e-05
5.5118e-05,4.782e-05,6.453e-05,5.444e-05,4.782e-05
4.921e-05,4.103e-05,5.639e-05,4.848e-05,4.412e-05
5.3476e-05,4.729e-05,6.071e-05,5.2105e-05,4.729e-05
5.033e-05,4.543e-05,5.891e-05,4.805e-05,4.677e-05
5.4864e-05,4.75e-05,6.486e-05,5.2715e-05,4.75e-05
4.9425e-05,4.222e-05,5.743e-05,4.916e-05,4.458e-05
5.3988e-05,4.363e-05,6.435e-05,5.324e-05,4.363e-05
4.9997e-05,4.437e-05,5.891e-05,4.8465e-05,4.576e-05
5.4657e-05,4.54e-05,6.55e-05,5.3375e-05,4.54e-05
5.2061e-05,4.496e-05,5.825e-05,5.313e-05,4.62e-05
5.286e-05,4.614e-05,5.976e-05,5.2205e-05,4.614e-05
5.0731e-05,4.561e-05,5.485e-05,5.123e-05,4.561e-05
5.0661e-05,4.42e-05,5.583e-05,5.1685e-05,4.42e-05
6.8415e-05,4.689e-05,8.978e-05,6.862e-05,8.178e-05
4.9753e-05,4.22e-05,5.907e-05,4.827e-05,4.53e-05
5.4509e-05,4.633e-05,6.468e-05,5.2445e-05,4.633e-05
4.9806e-05,4.292e-05,5.764e-05,4.9135e-05,4.535e-05
5.4624e-05,4.238e-05,6.293e-05,5.3845e-05,4.238e-05
4.9692e-05,4.532e-05,5.817e-05,4.7395e-05,4.786e-05
5.4539e-05,4.528e-05,6.611e-05,5.252e-05,4.528e-05
4.8856e-05,4.084e-05,5.817e-05,4.92e-05,4.356e-05
5.3508e-05,4.659e-05,6.297e-05,5.2865e-05,4.686e-05
4.8951e-05,4.336e-05,5.724e-05,4.8475e-05,4.517e-05
5.4546e-05,4.679e-05,6.606e-05,5.2265e-05,4.679e-05
4.9288e-05,4.375e-05,5.884e-05,4.782e-05,4.666e-05
5.2903e-05,4.166e-05,6.246e-05,5.286e-05,4.166e-05
5.1586e-05,4.424e-05,5.746e-05,5.2295e-05,4.618e-05
5.3257e-05,4.795e-05,6.137e-05,5.209e-05,5.114e-05
5.3336e-05,4.85e-05,6.163e-05,5.184e-05,4.963e-05
5.262e-05,4.537e-05,6.249e-05,5.064e-05,4.537e-05
5.2732e-05,4.596e-05,6.151e-05,5.2695e-05,4.596e-05
4.9297e-05,4.274e-05,5.605e-05,4.875e-05,4.374e-05
5.4124e-05,4.645e-05,6.47e-05,5.121e-05,4.645e-05
4.934e-05,4.099e-05,5.812e-05,4.964e-05,4.385e-05
5.4162e-05,4.713e-05,6.236e-05,5.3325e-05,4.713e-05
4.8386e-05,4.125e-05,5.423e-05,4.773e-05,4.421e-05
5.26e-05,4.537e-05,5.894e-05,5.3785e-05,4.537e-05
4.7852e-05,4.116e-05,5.638e-05,4.703e-05,4.361e-05
5.3975e-05,4.578e-05,6.314e-05,5.3455e-05,4.733e-05
4.9816e-05,4.445e-05,5.736e-05,4.9065e-05,5.003e-05
5.3625e-05,4.361e-05,6.207e-05,5.3105e-05,5.265e-05
5.2385e-05,4.618e-05,6.173e-05,5.0355e-05,4.618e-05
5.26e-05,4.291e-05,6.132e-05,5.1315e-05,5e-05
5.259e-05,4.746e-05,6.082e-05,5.0075e-05,4.916e-05
5.1602e-05,4.248e-05,6e-05,5.0825e-05,4.844e-05
5.3968e-05,4.675e-05,5.997e-05,5.3285e-05,5.072e-05
5.1664e-05,4.727e-05,6.206e-05,4.963e-05,4.749e-05
5.6077e-05,4.619e-05,6.483e-05,5.5855e-05,5.339e-05
5.0124e-05,4.401e-05,5.851e-05,4.926e-05,4.708e-05
5.4622e-05,4.491e-05,6.081e-05,5.5285e-05,5.144e-05
5.048e-05,4.49e-05,5.8e-05,4.91e-05,4.71e-05
5.4454e-05,4.478e-05,6.361e-05,5.406e-05,5.405e-05
4.8412e-05,4.157e-05,5.525e-05,4.874e-05,4.933e-05
5.3515e-05,4.449e-05,6.166e-05,5.296e-05,5.12e-05
4.9648e-05,4.227e-05,5.577e-05,4.994e-05,5.024e-05
5.174e-05,4.487e-05,5.725e-05,5.253e-05,4.717e-05
4.7481e-05,4.238e-05,5.298e-05,4.6825e-05,4.519e-05
5.156e-05,4.352e-05,5.758e-05,5.27e-05,4.352e-05
5.0516e-05,4.581e-05,5.624e-05,5.0425e-05,4.585e-05
5.1009e-05,4.363e-05,5.822e-05,5.2125e-05,4.363e-05
5.2475e-05,4.777e-05,5.993e-05,5.114e-05,4.777e-05
5.042e-05,4.33e-05,5.639e-05,5.196e-05,4.33e-05
5.2029e-05,4.598e-05,5.715e-05,5.215e-05,4.769e-05
5.0115e-05,4.369e-05,5.539e-05,5.123e-05,4.369e-05
5.4547e-05,4.795e-05,6.539e-05,5.3045e-05,4.795e-05
4.9475e-05,4.138e-05,5.635e-05,4.9045e-05,4.408e-05
5.343e-05,4.718e-05,6.181e-05,5.1825e-05,4.718e-05
4.8941e-05,4.139e-05,5.672e-05,4.8285e-05,4.439e-05
5.2944e-05,4.66e-05,6.361e-05,5.056e-05,4.688e-05
4.9487e-05,4.083e-05,6.055e-05,4.9315e-05,4.32e-05
5.3468e-05,4.66e-05,6.173e-05,5.202e-05,4.813e-05
5.0266e-05,4.424e-05,5.947e-05,4.867e-05,4.424e-05
5.3516e-05,4.257e-05,6.304e-05,5.318e-05,4.257e-05
5.1236e-05,4.516e-05,5.887e-05,5.0485e-05,4.633e-05
5.4133e-05,4.624e-05,6.436e-05,5.2175e-05,4.624e-05
5.2514e-05,4.545e-05,5.849e-05,5.311e-05,4.669e-05
5.3766e-05,4.767e-05,6.21e-05,5.2135e-05,5.135e-05
5.391e-05,4.823e-05,6.08e-05,5.3635e-05,4.823e-05
5.0334e-05,4.048e-05,5.74e-05,5.073e-05,4.048e-05
5.5183e-05,4.704e-05,6.463e-05,5.416e-05,4.704e-05
4.9134e-05,4.133e-05,5.608e-05,4.845e-05,4.36e-05
5.3966e-05,4.271e-05,6.342e-05,5.32e-05,4.271e-05
4.9523e-05,4.408e-05,5.812e-05,4.701e-05,4.634e-05
5.494e-05,4.56e-05,6.616e-05,5.314e-05,4.56e-05
4.8461e-05,4.025e-05,5.735e-05,4.863e-05,4.329e-05
5.275e-05,4.645e-05,6.322e-05,5.0885e-05,4.645e-05
4.8999e-05,4.291e-05,5.794e-05,4.794e-05,4.473e-05
5.3686e-05,4.733e-05,6.373e-05,5.1275e-05,4.733e-05
4.8804e-05,4.278e-05,5.748e-05,4.79e-05,4.446e-05
5.6921e-05,4.197e-05,8.748e-05,5.4795e-05,4.197e-05
5.2215e-05,4.448e-05,5.939e-05,5.289e-05,5.718e-05
5.2865e-05,4.661e-05,6.013e-05,5.181e-05,5.09e-05
5.4178e-05,4.589e-05,6.274e-05,5.4885e-05,5.7e-05
5.1824e-05,4.346e-05,5.96e-05,5.09e-05,4.941e-05
5.3504e-05,4.623e-05,6.045e-05,5.3955e-05,5.054e-05
5.0796e-05,4.636e-05,6.067e-05,4.9305e-05,4.691e-05
5.5206e-05,4.402e-05,6.276e-05,5.5325e-05,5.375e-05
4.9946e-05,4.488e-05,5.904e-05,4.9415e-05,4.571e-05
5.504e-05,4.482e-05,6.251e-05,5.414e-05,5.253e-05
4.9751e-05,4.596e-05,5.941e-05,4.7455e-05,4.762e-05
5.4667e-05,4.447e-05,6.163e-05,5.4615e-05,5.216e-05
4.8741e-05,4.42e-05,5.861e-05,4.693e-05,4.59e-05
5.4099e-05,4.436e-05,6.27e-05,5.338e-05,5.175e-05
4.995e-05,4.243e-05,5.653e-05,4.948e-05,4.743e-05
5.2404e-05,4.373e-05,6.11e-05,5.275e-05,4.766e-05
5.1448e-05,4.42e-05,5.904e-05,4.9675e-05,4.884e-05
5.2273e-05,4.421e-05,5.993e-05,5.1345e-05,4.872e-05
5.105e-05,4.328e-05,5.789e-05,5.122e-05,5.102e-05
5.2874e-05,4.485e-05,6.176e-05,5.3335e-05,4.485e-05
5.414e-05,4.696e-05,6.104e-05,5.2555e-05,5.113e-05
5.2001e-05,4.78e-05,6.057e-05,5.0385e-05,5.043e-05
5.58e-05,4.633e-05,6.462e-05,5.5615e-05,5.207e-05
5.1979e-05,4.891e-05,5.986e-05,4.984e-05,4.893e-05
5.4124e-05,4.559e-05,6.062e-05,5.4395e-05,5.352e-05
6.6299e-05,4.167e-05,8.641e-05,6.885e-05,7.98e-05
5.4649e-05,4.687e-05,6.347e-05,5.4265e-05,5.797e-05
4.9021e-05,4.086e-05,5.594e-05,4.931e-05,4.895e-05
5.2627e-05,4.521e-05,6.386e-05,5.109e-05,5e-05
5.0206e-05,4.098e-05,5.519e-05,5.1935e-05,5.188e-05
5.202e-05,4.527e-05,6.039e-05,5.2025e-05,4.527e-05
4.9766e-05,4.005e-05,5.383e-05,5.1735e-05,5.183e-05
5.3045e-05,4.499e-05,6.312e-05,5.192e-05,4.499e-05
5.182e-05,4.404e-05,5.851e-05,5.136e-05,5.172e-05
5.37e-05,4.917e-05,6.305e-05,5.164e-05,4.917e-05
5.49e-05,4.754e-05,6.175e-05,5.4255e-05,5.324e-05
5.1818e-05,4.34e-05,6.012e-05,5.037e-05,5.024e-05
5.4341e-05,4.666e-05,6.138e-05,5.3485e-05,5.27e-05
5.266e-05,4.862e-05,6.244e-05,4.9865e-05,4.932e-05
5.6384e-05,4.575e-05,6.528e-05,5.5675e-05,5.405e-05
5.0668e-05,4.502e-05,5.946e-05,4.903e-05,4.787e-05
5.5525e-05,4.547e-05,6.245e-05,5.4755e-05,5.382e-05
5.1365e-05,4.712e-05,6.112e-05,4.9025e-05,4.712e-05
5.4882e-05,4.539e-05,6.217e-05,5.3155e-05,5.172e-05
4.9326e-05,4.598e-05,5.718e-05,4.7135e-05,4.845e-05
5.424e-05,4.39e-05,6.268e-05,5.455e-05,5.174e-05
4.9665e-05,4.319e-05,5.686e-05,4.841e-05,4.747e-05
5.2941e-05,4.413e-05,6.032e-05,5.3575e-05,4.593e-05
5.3755e-05,5.008e-05,6.368e-05,5.17e-05,5.008e-05
5.3871e-05,4.483e-05,6.183e-05,5.401e-05,5.117e-05
5.2962e-05,4.677e-05,5.876e-05,5.2935e-05,4.948e-05
5.4333e-05,4.915e-05,6.445e-05,5.2155e-05,4.915e-05
5.5885e-05,4.707e-05,6.32e-05,5.557e-05,5.541e-05
5.2883e-05,4.83e-05,6.26e-05,5.034e-05,5e-05
5.5546e-05,4.542e-05,6.428e-05,5.5795e-05,5.192e-05
5.1352e-05,4.521e-05,6.035e-05,5.04e-05,4.897e-05
5.4332e-05,4.414e-05,6.289e-05,5.4195e-05,5.097e-05
4.9611e-05,4.393e-05,5.884e-05,4.765e-05,4.73e-05
5.4859e-05,4.541e-05,6.203e-05,5.3245e-05,5.115e-05
5.0192e-05,4.632e-05,5.954e-05,4.779e-05,4.726e-05
5.3922e-05,4.535e-05,6.11e-05,5.2745e-05,5.06e-05
5.4315e-05,4.964e-05,6.412e-05,5.2075e-05,5.209e-05
5.3112e-05,4.356e-05,6.093e-05,5.2565e-05,5.191e-05
4.9644e-05,4.519e-05,5.671e-05,4.8755e-05,4.971e-05
5.2382e-05,4.265e-05,5.906e-05,5.1615e-05,4.986e-05
5.6674e-05,5.045e-05,6.784e-05,5.4255e-05,5.244e-05
5.1711e-05,4.326e-05,6.014e-05,5.033e-05,4.914e-05
5.39e-05,4.675e-05,6.192e-05,5.3375e-05,5.447e-05
5.112e-05,4.319e-05,5.94e-05,5.028e-05,5.065e-05
5.4213e-05,4.674e-05,6.196e-05,5.2545e-05,5.041e-05
5.1829e-05,4.837e-05,5.953e-05,4.983e-05,4.905e-05
5.5548e-05,4.537e-05,6.308e-05,5.5325e-05,5.302e-05
4.9582e-05,4.429e-05,5.844e-05,4.83e-05,4.606e-05
5.5371e-05,4.555e-05,6.286e-05,5.454e-05,5.229e-05
5.0255e-05,4.612e-05,6.044e-05,4.782e-05,4.728e-05
5.4722e-05,4.475e-05,6.373e-05,5.4355e-05,5.179e-05
4.8834e-05,4.244e-05,5.753e-05,4.791e-05,4.772e-05
5.3746e-05,4.476e-05,6.067e-05,5.2545e-05,4.985e-05
5.4444e-05,4.775e-05,6.337e-05,5.373e-05,6.337e-05
5.4635e-05,4.811e-05,6.265e-05,5.3635e-05,5.303e-05
5.159e-05,4.353e-05,5.841e-05,5.117e-05,4.956e-05
5.5614e-05,5.061e-05,6.607e-05,5.2945e-05,5.061e-05
5.1489e-05,4.235e-05,5.832e-05,5.189e-05,5.205e-05
5.3617e-05,4.83e-05,6.391e-05,5.16e-05,4.892e-05
5.5915e-05,4.758e-05,6.256e-05,5.528e-05,5.325e-05
5.156e-05,4.675e-05,6.114e-05,4.919e-05,4.675e-05
5.6282e-05,4.598e-05,6.462e-05,5.5745e-05,5.477e-05
5.0722e-05,4.411e-05,6.016e-05,4.999e-05,4.904e-05
5.4309e-05,4.549e-05,6.243e-05,5.3435e-05,5.149e-05
4.9644e-05,4.412e-05,5.756e-05,4.8495e-05,4.668e-05
5.4369e-05,4.521e-05,6.19e-05,5.2965e-05,5.014e-05
4.9235e-05,4.468e-05,5.83e-05,4.7255e-05,4.766e-05
5.4149e-05,4.472e-05,6.134e-05,5.2515e-05,5.045e-05
5.4708e-05,4.962e-05,6.434e-05,5.33e-05,5.324e-05
5.3015e-05,4.38e-05,6.002e-05,5.1985e-05,4.965e-05
5.3377e-05,4.764e-05,6.313e-05,5.179e-05,5.209e-05
5.288e-05,4.407e-05,6.109e-05,5.154e-05,5.037e-05
5.2521e-05,4.699e-05,6.107e-05,5.1625e-05,5.459e-05
5.2309e-05,4.384e-05,6.017e-05,5.19e-05,5.094e-05
5.3871e-05,4.662e-05,6.246e-05,5.333e-05,5.353e-05
5.193e-05,4.38e-05,5.973e-05,5.1085e-05,4.893e-05
5.3004e-05,4.714e-05,6.014e-05,5.197e-05,4.772e-05
5.1563e-05,4.675e-05,6.08e-05,4.9425e-05,4.729e-05
5.5646e-05,4.541e-05,6.402e-05,5.523e-05,5.3e-05
5.1043e-05,4.523e-05,5.906e-05,5.025e-05,4.791e-05
5.4829e-05,4.584e-05,6.217e-05,5.44e-05,5.116e-05
5.1406e-05,4.778e-05,6.098e-05,4.882e-05,4.818e-05
5.4389e-05,4.535e-05,6.081e-05,5.4565e-05,5.321e-05
4.8369e-05,4.459e-05,5.653e-05,4.6785e-05,4.787e-05
5.4255e-05,4.49e-05,6.279e-05,5.343e-05,5.143e-05
5.0039e-05,4.31e-05,5.623e-05,5.0755e-05,5e-05
5.2154e-05,4.465e-05,5.742e-05,5.3495e-05,4.559e-05
5.1626e-05,4.519e-05,6.031e-05,5.158e-05,4.519e-05
5.3153e-05,4.474e-05,6.069e-05,5.1485e-05,5.063e-05
5.2379e-05,4.71e-05,6.265e-05,5.1165e-05,5.271e-05
6.938e-05,6.366e-05,8.095e-05,6.875e-05,6.669e-05
5.4895e-05,4.769e-05,6.348e-05,5.298e-05,5.342e-05
5.1676e-05,4.49e-05,5.93e-05,5.0985e-05,5.03e-05
5.5721e-05,4.732e-05,6.502e-05,5.491e-05,5.363e-05
5.0359e-05,4.275e-05,5.741e-05,5.0695e-05,5.031e-05
5.3391e-05,4.565e-05,6.07e-05,5.3645e-05,4.876e-05
4.8675e-05,4.268e-05,5.769e-05,4.7945e-05,4.42e-05
5.498e-05,4.449e-05,6.284e-05,5.4775e-05,5.141e-05
5.1251e-05,4.73e-05,5.988e-05,4.954e-05,5.085e-05
5.4025e-05,4.503e-05,6.286e-05,5.2715e-05,5.03e-05
4.9404e-05,4.173e-05,5.617e-05,5.029e-05,5.055e-05
5.2144e-05,4.435e-05,5.711e-05,5.3745e-05,4.643e-05
4.8508e-05,4.347e-05,5.773e-05,4.6425e-05,4.589e-05
5.2516e-05,4.429e-05,6.087e-05,5.216e-05,4.747e-05
5.2486e-05,4.862e-05,6.238e-05,5.0255e-05,5.036e-05
5.183e-05,4.342e-05,6.019e-05,5.092e-05,5.01e-05
5.421e-05,4.742e-05,6.215e-05,5.401e-05,5.644e-05
5.1406e-05,4.281e-05,5.96e-05,5.0795e-05,5.024e-05
5.3196e-05,4.639e-05,6.129e-05,5.205e-05,4.874e-05
5.558e-05,5.095e-05,6.508e-05,5.477e-05,5.117e-05
5.5451e-05,4.54e-05,6.324e-05,5.491e-05,5.23e-05
5.0385e-05,4.503e-05,5.794e-05,4.9775e-05,4.677e-05
5.4902e-05,4.476e-05,6.275e-05,5.4825e-05,4.927e-05
5.179e-05,4.576e-05,5.819e-05,5.0405e-05,4.899e-05
5.335e-05,4.428e-05,6.239e-05,5.3045e-05,4.874e-05
4.947e-05,4.151e-05,5.77e-05,4.9465e-05,4.942e-05
5.2831e-05,4.424e-05,5.911e-05,5.314e-05,4.733e-05
4.9423e-05,4.41e-05,5.559e-05,4.8945e-05,4.907e-05
5.2481e-05,4.429e-05,5.85e-05,5.3325e-05,4.761e-05
5.2724e-05,4.915e-05,6.229e-05,5.0695e-05,5.222e-05
5.2965e-05,4.432e-05,6.125e-05,5.1685e-05,5.077e-05
5.1684e-05,4.542e-05,6.158e-05,5.048e-05,5.173e-05
5.2565e-05,4.417e-05,6.1e-05,5.1605e-05,5.055e-05
5.4402e-05,4.728e-05,6.076e-05,5.498e-05,5.807e-05
5.0989e-05,4.603e-05,5.888e-05,5.014e-05,5.058e-05
5.6704e-05,4.669e-05,6.524e-05,5.7665e-05,5.758e-05
4.8703e-05,4.285e-05,5.474e-05,4.839e-05,4.587e-05
5.3099e-05,4.614e-05,6.032e-05,5.3215e-05,4.831e-05
4.8817e-05,4.245e-05,5.783e-05,4.7765e-05,4.747e-05
5.3845e-05,4.569e-05,5.993e-05,5.353e-05,5.074e-05
4.8907e-05,4.4e-05,5.814e-05,4.7205e-05,4.754e-05
5.4023e-05,4.457e-05,6.305e-05,5.2685e-05,5.063e-05
4.9716e-05,4.31e-05,5.597e-05,5.023e-05,5.066e-05
5.2201e-05,4.448e-05,5.854e-05,5.2985e-05,4.698e-05
4.8651e-05,4.399e-05,5.642e-05,4.807e-05,4.973e-05
5.2555e-05,4.39e-05,6.094e-05,5.275e-05,4.604e-05
5.2146e-05,4.758e-05,6.094e-05,4.9805e-05,5.413e-05
5.2014e-05,4.357e-05,5.952e-05,5.1855e-05,4.996e-05
5.3508e-05,4.769e-05,6.188e-05,5.3205e-05,5.15e-05
5.1185e-05,4.349e-05,5.962e-05,5.028e-05,4.626e-05
5.3485e-05,4.613e-05,5.985e-05,5.3385e-05,5.27e-05
5.0815e-05,4.593e-05,6.066e-05,4.9005e-05,4.913e-05
5.605e-05,4.639e-05,6.434e-05,5.496e-05,5.191e-05
5.0514e-05,4.423e-05,5.997e-05,4.964e-05,4.577e-05
5.4974e-05,4.531e-05,6.306e-05,5.427e-05,5.236e-05
5.0195e-05,4.515e-05,5.859e-05,4.858e-05,4.725e-05
5.4495e-05,4.523e-05,6.244e-05,5.406e-05,5.148e-05
4.826e-05,4.148e-05,5.624e-05,4.6955e-05,4.683e-05
5.3246e-05,4.347e-05,6.067e-05,5.392e-05,4.758e-05
5.0079e-05,4.599e-05,5.688e-05,4.9245e-05,5.146e-05
5.3224e-05,4.436e-05,5.994e-05,5.383e-05,4.609e-05
5.6871e-05,4.964e-05,6.889e-05,5.5595e-05,5.03e-05
5.3467e-05,4.516e-05,6.199e-05,5.2545e-05,5.118e-05
5.2881e-05,4.781e-05,6.19e-05,5.1335e-05,4.98e-05
5.3809e-05,4.272e-05,5.963e-05,5.496e-05,5.116e-05
5.3669e-05,4.895e-05,6.271e-05,5.244e-05,4.895e-05
5.1891e-05,4.334e-05,5.996e-05,5.153e-05,5.093e-05
5.7583e-05,5.041e-05,6.74e-05,5.7795e-05,5.375e-05
5.0489e-05,4.192e-05,5.67e-05,5.1755e-05,4.926e-05
5.4215e-05,4.689e-05,6.05e-05,5.5625e-05,4.698e-05
4.8969e-05,4.301e-05,5.791e-05,4.827e-05,4.573e-05
5.4666e-05,4.512e-05,6.192e-05,5.34e-05,5.094e-05
5.157e-05,4.799e-05,6.07e-05,4.932e-05,4.89e-05
5.4292e-05,4.428e-05,6.425e-05,5.3775e-05,5.204e-05
5.0355e-05,4.137e-05,5.663e-05,5.047e-05,4.875e-05
5.6013e-05,4.77e-05,6.681e-05,5.5675e-05,4.77e-05
5.0684e-05,4.058e-05,5.544e-05,5.2625e-05,5.313e-05
5.3163e-05,4.427e-05,6.338e-05,5.253e-05,4.427e-05
5.1485e-05,4.326e-05,5.986e-05,5.172e-05,5.255e-05
5.3e-05,4.553e-05,6.102e-05,5.2085e-05,4.881e-05
5.4825e-05,4.647e-05,6.134e-05,5.518e-05,5.303e-05
5.1804e-05,4.524e-05,6.181e-05,4.9745e-05,4.524e-05
5.4201e-05,4.689e-05,6.123e-05,5.212e-05,5.099e-05
5.1259e-05,4.698e-05,6.114e-05,4.9185e-05,4.972e-05
5.566e-05,4.574e-05,6.589e-05,5.5515e-05,5.183e-05
4.9735e-05,4.244e-05,5.7e-05,4.935e-05,4.795e-05
5.3791e-05,4.489e-05,6.038e-05,5.4305e-05,4.703e-05
4.9456e-05,4.452e-05,5.953e-05,4.72e-05,4.592e-05
5.3784e-05,4.422e-05,6.14e-05,5.279e-05,5.104e-05
4.9696e-05,4.578e-05,5.799e-05,4.8025e-05,4.741e-05
5.3186e-05,4.422e-05,6.186e-05,5.194e-05,5.03e-05
4.9629e-05,4.258e-05,5.543e-05,4.9635e-05,5.02e-05
5.2659e-05,4.509e-05,6.095e-05,5.173e-05,4.703e-05
5.2719e-05,4.548e-05,6.267e-05,5.21e-05,5.073e-05
5.2689e-05,4.315e-05,6.013e-05,5.3465e-05,4.89e-05
5.1031e-05,4.557e-05,5.917e-05,4.995e-05,4.594e-05
5.1941e-05,4.289e-05,5.946e-05,5.2075e-05,5.097e-05
5.3106e-05,4.74e-05,5.98e-05,5.201e-05,5.112e-05
5.1239e-05,4.517e-05,6.138e-05,4.9135e-05,4.806e-05
5.6519e-05,4.692e-05,6.425e-05,5.661e-05,5.304e-05
5.1015e-05,4.581e-05,6.122e-05,4.9095e-05,4.881e-05
5.4891e-05,4.539e-05,6.309e-05,5.396e-05,5.199e-05
4.9921e-05,4.51e-05,5.814e-05,4.8275e-05,4.827e-05
5.4964e-05,4.574e-05,6.433e-05,5.446e-05,5.332e-05
4.8939e-05,4.225e-05,5.78e-05,4.7585e-05,4.73e-05
5.3636e-05,4.323e-05,6.042e-05,5.342e-05,5.204e-05
5.4014e-05,4.811e-05,6.333e-05,5.2685e-05,5.306e-05
5.3556e-05,4.48e-05,5.997e-05,5.3425e-05,5.037e-05
4.9526e-05,4.424e-05,5.875e-05,4.82e-05,4.868e-05
5.2166e-05,4.283e-05,5.816e-05,5.221e-05,5.015e-05
5.2746e-05,4.943e-05,6.158e-05,5.0965e-05,5.071e-05
5.1712e-05,4.28e-05,6.077e-05,5.041e-05,4.926e-05
5.3489e-05,4.597e-05,6.191e-05,5.1315e-05,4.779e-05
5.259e-05,4.784e-05,6.161e-05,5.0965e-05,4.837e-05
5.4525e-05,4.627e-05,6.122e-05,5.311e-05,5.268e-05
5.1791e-05,4.744e-05,6.223e-05,4.9405e-05,4.744e-05
5.5691e-05,4.596e-05,6.403e-05,5.516e-05,5.32e-05
5.0738e-05,4.59e-05,5.995e-05,4.9065e-05,4.835e-05
5.704e-05,4.617e-05,6.282e-05,5.77e-05,5.637e-05
4.9642e-05,4.335e-05,5.825e-05,4.831e-05,4.335e-05
5.4818e-05,4.521e-05,6.226e-05,5.338e-05,5.157e-05
4.9945e-05,4.573e-05,5.953e-05,4.7155e-05,5.001e-05
5.4164e-05,4.551e-05,6.381e-05,5.3015e-05,5.084e-05
5.0526e-05,4.222e-05,5.75e-05,5.129e-05,5.039e-05
5.1938e-05,4.432e-05,5.677e-05,5.314e-05,4.432e-05
5.0865e-05,4.626e-05,5.763e-05,5.04e-05,4.626e-05
5.1737e-05,4.381e-05,5.75e-05,5.347e-05,4.571e-05
5.1586e-05,4.528e-05,5.796e-05,5.1195e-05,5.023e-05
5.1229e-05,4.375e-05,5.993e-05,5.145e-05,4.496e-05
5.3964e-05,4.634e-05,6.195e-05,5.4115e-05,5.462e-05
5.1811e-05,4.38e-05,6.032e-05,5.0795e-05,5.053e-05
5.7612e-05,4.944e-05,6.434e-05,5.78e-05,5.262e-05
5.2415e-05,4.778e-05,6.344e-05,5.054e-05,5.128e-05
5.5668e-05,4.716e-05,6.333e-05,5.4275e-05,5.213e-05
4.968e-05,4.506e-05,5.81e-05,4.784e-05,4.898e-05
5.4504e-05,4.348e-05,6.171e-05,5.432e-05,5.356e-05
4.9878e-05,4.595e-05,5.93e-05,4.747e-05,4.645e-05
5.4539e-05,4.48e-05,6.13e-05,5.477e-05,5.353e-05
5.3754e-05,4.575e-05,6.467e-05,5.214e-05,4.988e-05
5.355e-05,4.364e-05,6.072e-05,5.347e-05,5.158e-05
5.4688e-05,4.76e-05,6.575e-05,5.342e-05,5.004e-05
5.2276e-05,4.361e-05,6.191e-05,5.0985e-05,4.936e-05
5.2454e-05,4.735e-05,6.168e-05,5.08e-05,5.197e-05
5.1903e-05,4.329e-05,5.842e-05,5.1165e-05,5.04e-05
5.6968e-05,5.241e-05,6.493e-05,5.489e-05,5.914e-05
5.2441e-05,4.392e-05,6.109e-05,5.118e-05,5.059e-05
5.2695e-05,4.518e-05,6.07e-05,5.1845e-05,5.242e-05
5.0857e-05,4.19e-05,5.927e-05,5.0825e-05,5.058e-05
5.4886e-05,4.582e-05,6.367e-05,5.5715e-05,4.953e-05
4.9827e-05,4.336e-05,5.795e-05,4.961e-05,4.55e-05
5.5995e-05,4.545e-05,6.431e-05,5.512e-05,5.375e-05
5.0534e-05,4.526e-05,6.03e-05,4.9165e-05,4.93e-05
5.3931e-05,4.429e-05,6.164e-05,5.2915e-05,5.09e-05
5.0811e-05,4.729e-05,6.01e-05,4.843e-05,4.793e-05
5.4064e-05,4.417e-05,6.272e-05,5.262e-05,5.148e-05
5.8399e-05,4e-05,6.538e-05,6.185e-05,6.36e-05
5.516e-05,4.633e-05,6.633e-05,5.2875e-05,4.633e-05
5.1875e-05,4.355e-05,6.066e-05,5.154e-05,5.199e-05
5.3179e-05,4.439e-05,6.149e-05,5.2805e-05,4.873e-05
5.1051e-05,4.269e-05,5.784e-05,5.1285e-05,5.16e-05
5.2547e-05,4.584e-05,6.192e-05,5.192e-05,4.584e-05
5.5544e-05,4.666e-05,6.173e-05,5.4425e-05,5.426e-05
5.2004e-05,4.662e-05,6.219e-05,4.925e-05,4.662e-05
5.6106e-05,4.626e-05,6.581e-05,5.6185e-05,5.42e-05
5.012e-05,4.328e-05,5.876e-05,4.916e-05,4.768e-05
5.4174e-05,4.557e-05,6.195e-05,5.404e-05,5.162e-05
4.9689e-05,4.336e-05,5.713e-05,4.9325e-05,4.608e-05
5.3985e-05,4.459e-05,6.11e-05,5.359e-05,5.07e-05
5.0002e-05,4.596e-05,5.97e-05,4.7805e-05,4.749e-05
5.4285e-05,4.384e-05,6.354e-05,5.333e-05,5.208e-05
4.992e-05,4.228e-05,5.501e-05,5.131e-05,5.074e-05
5.2484e-05,4.411e-05,5.789e-05,5.325e-05,4.411e-05
4.7614e-05,4.26e-05,5.223e-05,4.6865e-05,4.516e-05
5.9683e-05,4.308e-05,9.202e-05,5.1835e-05,4.308e-05
5.1696e-05,4.359e-05,5.739e-05,5.367e-05,4.511e-05
5.0255e-05,4.352e-05,5.725e-05,5.09e-05,4.458e-05
5.2587e-05,4.743e-05,5.835e-05,5.195e-05,4.743e-05
5.1079e-05,4.33e-05,5.708e-05,5.1e-05,4.33e-05
5.2441e-05,4.639e-05,5.841e-05,5.2405e-05,4.949e-05
4.9666e-05,4.342e-05,5.42e-05,5.019e-05,4.382e-05
5.3956e-05,4.727e-05,5.998e-05,5.4635e-05,4.727e-05
4.969e-05,4.309e-05,5.766e-05,4.868e-05,4.688e-05
5.4228e-05,4.543e-05,6.199e-05,5.501e-05,4.762e-05
5.0669e-05,4.729e-05,6.003e-05,4.815e-05,4.868e-05
5.4842e-05,4.442e-05,6.189e-05,5.4565e-05,5.192e-05
5.0032e-05,4.645e-05,5.929e-05,4.7535e-05,4.726e-05
5.3375e-05,4.42e-05,6.267e-05,5.225e-05,5.066e-05
5.0895e-05,4.308e-05,5.725e-05,5.18e-05,5.22e-05
5.2569e-05,4.527e-05,5.969e-05,5.3045e-05,4.634e-05
5.1486e-05,4.405e-05,5.894e-05,5.1285e-05,5.131e-05
5.4044e-05,4.912e-05,6.335e-05,5.304e-05,4.941e-05
5.259e-05,4.236e-05,5.879e-05,5.3835e-05,5.334e-05
5.233e-05,4.495e-05,6.174e-05,5.053e-05,4.495e-05
5.4796e-05,4.66e-05,6.207e-05,5.368e-05,5.181e-05
5.3154e-05,4.907e-05,6.292e-05,5.083e-05,4.907e-05
5.6303e-05,4.62e-05,6.426e-05,5.6075e-05,5.318e-05
5.1864e-05,4.621e-05,6.154e-05,5.1175e-05,4.621e-05
5.5516e-05,4.543e-05,6.342e-05,5.538e-05,5.3e-05
5.0319e-05,4.418e-05,5.973e-05,4.981e-05,4.5e-05
5.4229e-05,4.422e-05,6.167e-05,5.3185e-05,5.229e-05
5.2066e-05,4.775e-05,6.098e-05,5.017e-05,4.954e-05
5.3932e-05,4.568e-05,6.098e-05,5.2195e-05,5.04e-05
5.0111e-05,4.427e-05,5.593e-05,4.972e-05,5.391e-05
5.2443e-05,4.484e-05,5.92e-05,5.2665e-05,4.658e-05
4.994e-05,4.614e-05,5.88e-05,4.8495e-05,4.976e-05
5.2665e-05,4.353e-05,5.954e-05,5.1765e-05,5.051e-05
5.6681e-05,5.149e-05,6.69e-05,5.452e-05,5.268e-05
5.1999e-05,4.427e-05,5.994e-05,5.135e-05,5.046e-05
5.3991e-05,4.692e-05,6.035e-05,5.461e-05,5.598e-05
5.0296e-05,4.351e-05,5.917e-05,4.9575e-05,4.993e-05
5.4289e-05,4.608e-05,6.05e-05,5.3975e-05,5.289e-05
5.0336e-05,4.575e-05,5.816e-05,4.9205e-05,4.575e-05
5.4759e-05,4.537e-05,6.218e-05,5.474e-05,5.309e-05
4.9913e-05,4.489e-05,5.906e-05,4.8275e-05,4.714e-05
5.5145e-05,4.64e-05,6.291e-05,5.254e-05,5.176e-05
5.0486e-05,4.659e-05,5.806e-05,4.8745e-05,4.932e-05
5.4651e-05,4.412e-05,6.196e-05,5.509e-05,5.408e-05
4.8838e-05,4.312e-05,5.824e-05,4.757e-05,4.312e-05
5.3635e-05,4.484e-05,6.029e-05,5.27e-05,5.09e-05
5.1426e-05,4.629e-05,5.822e-05,4.979e-05,5.539e-05
5.3694e-05,4.335e-05,6.022e-05,5.3265e-05,5.174e-05
5.7198e-05,5.079e-05,6.877e-05,5.5075e-05,5.079e-05
5.1811e-05,4.338e-05,5.984e-05,5.049e-05,5.026e-05
5.2375e-05,4.692e-05,6.1e-05,5.18e-05,5.317e-05
5.2058e-05,4.354e-05,5.97e-05,5.1425e-05,5.093e-05
5.3521e-05,4.78e-05,6.013e-05,5.3325e-05,4.78e-05
5.0715e-05,4.472e-05,5.844e-05,4.944e-05,4.726e-05
5.5574e-05,4.69e-05,6.222e-05,5.5525e-05,5.222e-05
5.0171e-05,4.477e-05,5.999e-05,4.874e-05,4.859e-05
5.5425e-05,4.609e-05,6.528e-05,5.4545e-05,5.229e-05
5.0243e-05,4.281e-05,5.82e-05,4.8535e-05,4.803e-05
5.5074e-05,4.553e-05,6.188e-05,5.434e-05,5.181e-05
4.879e-05,4.533e-05,5.728e-05,4.6615e-05,4.72e-05
5.4029e-05,4.488e-05,6.083e-05,5.2315e-05,5.092e-05
5.4986e-05,4.937e-05,6.442e-05,5.3425e-05,5.394e-05
5.3019e-05,4.468e-05,5.963e-05,5.174e-05,5.022e-05
5.292e-05,4.741e-05,6.224e-05,5.096e-05,5.125e-05
5.2364e-05,4.407e-05,5.883e-05,5.166e-05,4.932e-05
5.1654e-05,4.827e-05,6.094e-05,4.923e-05,5.139e-05
5.1426e-05,4.22e-05,6.029e-05,5.048e-05,4.945e-05
5.3205e-05,4.589e-05,6.098e-05,5.1765e-05,5.118e-05
5.1725e-05,4.307e-05,6.006e-05,5.089e-05,4.91e-05
5.3465e-05,4.681e-05,5.996e-05,5.2675e-05,4.857e-05
5.1999e-05,4.775e-05,5.987e-05,5.0135e-05,5.049e-05
5.6086e-05,4.642e-05,6.277e-05,5.5995e-05,5.346e-05
5.0855e-05,4.711e-05,5.976e-05,4.896e-05,4.838e-05
5.5079e-05,4.487e-05,6.271e-05,5.43e-05,5.244e-05
5.0014e-05,4.593e-05,5.807e-05,4.833e-05,4.597e-05
5.5515e-05,4.555e-05,6.24e-05,5.7805e-05,5.831e-05
4.8414e-05,4.326e-05,5.657e-05,4.718e-05,4.753e-05
5.2709e-05,4.502e-05,5.935e-05,5.281e-05,4.679e-05
5.0074e-05,4.418e-05,5.667e-05,5.0335e-05,5.141e-05
5.1942e-05,4.375e-05,5.794e-05,5.3005e-05,4.375e-05
5.2384e-05,4.714e-05,6.119e-05,5.1005e-05,4.879e-05
5.2035e-05,4.4e-05,5.944e-05,5.168e-05,4.714e-05
5.2432e-05,4.907e-05,6.182e-05,5.0845e-05,5.081e-05
5.2243e-05,4.325e-05,6.012e-05,5.1965e-05,5.033e-05
5.3821e-05,4.712e-05,6.114e-05,5.343e-05,5.118e-05
5.1634e-05,4.435e-05,5.954e-05,5.008e-05,4.864e-05
5.6925e-05,4.626e-05,6.356e-05,5.651e-05,5.529e-05
5.1298e-05,4.692e-05,6.027e-05,4.916e-05,4.893e-05
5.6111e-05,4.594e-05,6.562e-05,5.5485e-05,5.425e-05
5.1058e-05,4.367e-05,5.905e-05,5.052e-05,5.171e-05
5.5113e-05,4.598e-05,6.035e-05,5.567e-05,5.378e-05
4.7881e-05,4.189e-05,5.302e-05,4.975e-05,4.189e-05
5.293e-05,4.682e-05,5.938e-05,5.252e-05,4.682e-05
5.1264e-05,4.499e-05,5.806e-05,5.087e-05,4.566e-05
5.249e-05,4.323e-05,5.821e-05,5.3865e-05,4.619e-05
4.9506e-05,4.49e-05,5.748e-05,4.7655e-05,4.72e-05
5.1047e-05,4.382e-05,5.673e-05,5.2055e-05,4.417e-05
5.6004e-05,4.909e-05,6.75e-05,5.4515e-05,4.943e-05
5.2081e-05,4.365e-05,6.054e-05,5.1275e-05,5.069e-05
5.4701e-05,4.876e-05,6.234e-05,5.275e-05,5.367e-05
5.2295e-05,4.45e-05,6.01e-05,5.0195e-05,5e-05
5.4185e-05,4.621e-05,6.073e-05,5.4115e-05,5.199e-05
5.1435e-05,4.68e-05,6.059e-05,4.9385e-05,4.68e-05
5.5034e-05,4.548e-05,6.321e-05,5.4665e-05,5.213e-05
4.9846e-05,4.48e-05,5.813e-05,4.8385e-05,4.748e-05
5.6259e-05,4.471e-05,6.343e-05,5.626e-05,5.499e-05
5.0054e-05,4.626e-05,5.85e-05,4.815e-05,4.697e-05
5.4348e-05,4.478e-05,6.43e-05,5.3325e-05,5.271e-05
4.943e-05,4.373e-05,5.699e-05,4.8145e-05,4.869e-05
5.352e-05,4.565e-05,6.21e-05,5.3165e-05,5.284e-05
4.9772e-05,4.101e-05,5.331e-05,5.1425e-05,5.165e-05
5.2156e-05,4.599e-05,5.954e-05,5.1505e-05,4.599e-05
5.1298e-05,4.282e-05,5.827e-05,5.153e-05,5.157e-05
5.3011e-05,4.762e-05,6.222e-05,5.184e-05,4.833e-05
5.2146e-05,4.163e-05,5.785e-05,5.3935e-05,5.431e-05
5.2207e-05,4.419e-05,6.003e-05,5.182e-05,4.419e-05
5.3422e-05,4.681e-05,6.062e-05,5.245e-05,5.096e-05
5.1009e-05,4.466e-05,6.062e-05,4.963e-05,4.994e-05
5.6201e-05,4.606e-05,6.482e-05,5.5655e-05,5.467e-05
5.1504e-05,4.593e-05,5.926e-05,5.0395e-05,4.942e-05
5.401e-05,4.513e-05,6.156e-05,5.4195e-05,5.095e-05
5.0399e-05,4.501e-05,5.977e-05,4.9505e-05,4.559e-05
5.515e-05,4.82e-05,6.207e-05,5.323e-05,5.176e-05
4.9609e-05,4.617e-05,5.887e-05,4.7335e-05,4.797e-05
5.3429e-05,4.435e-05,6.113e-05,5.2905e-05,5.148e-05
5.6874e-05,5.033e-05,6.715e-05,5.5525e-05,5.614e-05
5.3295e-05,4.501e-05,6.031e-05,5.163e-05,4.973e-05
5.2237e-05,4.739e-05,6.077e-05,5.024e-05,5.397e-05
5.1789e-05,4.37e-05,6.022e-05,5.042e-05,4.872e-05
5.248e-05,4.781e-05,6.179e-05,5.0915e-05,5.327e-05
5.1743e-05,4.242e-05,5.928e-05,5.1105e-05,5.003e-05
5.3088e-05,4.632e-05,6.115e-05,5.149e-05,4.826e-05
5.1358e-05,4.385e-05,5.991e-05,4.9695e-05,4.816e-05
5.3949e-05,4.545e-05,6.039e-05,5.354e-05,5.392e-05
5.088e-05,4.679e-05,6.012e-05,4.8865e-05,4.685e-05
5.5512e-05,4.554e-05,6.381e-05,5.56e-05,5.457e-05
5.2481e-05,4.605e-05,5.907e-05,5.264e-05,5.28e-05
5.3215e-05,4.643e-05,5.825e-05,5.4255e-05,4.821e-05
4.9797e-05,4.457e-05,5.907e-05,4.8415e-05,4.765e-05
5.4725e-05,4.567e-05,6.439e-05,5.3465e-05,5.13e-05
4.9491e-05,4.268e-05,5.778e-05,4.849e-05,4.885e-05
5.4651e-05,4.491e-05,6.22e-05,5.454e-05,5.322e-05
4.967e-05,4.317e-05,5.384e-05,5.041e-05,4.939e-05
5.1852e-05,4.49e-05,5.765e-05,5.244e-05,4.594e-05
5.1307e-05,4.568e-05,5.977e-05,5.1515e-05,5.157e-05
5.2176e-05,4.387e-05,5.931e-05,5.1585e-05,4.832e-05
5.238e-05,4.624e-05,6.021e-05,5.1905e-05,5.454e-05
5.2039e-05,4.337e-05,5.782e-05,5.213e-05,4.93e-05
5.4016e-05,4.974e-05,6.185e-05,5.298e-05,5.033e-05
5.0604e-05,4.357e-05,5.846e-05,4.974e-05,4.661e-05
5.5186e-05,4.762e-05,6.387e-05,5.4965e-05,5.3e-05
5.0437e-05,4.333e-05,5.847e-05,4.9745e-05,4.893e-05
5.5008e-05,4.59e-05,6.15e-05,5.5015e-05,5.108e-05
5.0118e-05,4.504e-05,5.91e-05,4.901e-05,4.571e-05
5.476e-05,4.563e-05,6.19e-05,5.406e-05,5.275e-05
5.1563e-05,4.744e-05,6.076e-05,4.954e-05,4.798e-05
5.429e-05,4.559e-05,6.388e-05,5.2515e-05,5.062e-05
4.9685e-05,4.254e-05,5.509e-05,5.1025e-05,5.328e-05
5.2952e-05,4.641e-05,6.022e-05,5.289e-05,4.641e-05
4.9725e-05,4.313e-05,5.484e-05,5.051e-05,5.203e-05
5.0381e-05,4.54e-05,5.546e-05,4.984e-05,4.54e-05
5.0595e-05,4.48e-05,5.691e-05,5.1095e-05,4.689e-05
5.1149e-05,4.326e-05,5.911e-05,5.0865e-05,4.778e-05
5.398e-05,4.59e-05,5.988e-05,5.419e-05,5.366e-05
5.1201e-05,4.631e-05,6.044e-05,4.9555e-05,5.026e-05
5.4138e-05,4.7e-05,6.048e-05,5.2435e-05,5.127e-05
5.1869e-05,4.746e-05,6.111e-05,4.9745e-05,4.941e-05
5.5789e-05,4.567e-05,6.281e-05,5.473e-05,5.285e-05
4.9992e-05,4.505e-05,5.965e-05,4.81e-05,4.854e-05
5.5872e-05,4.567e-05,6.548e-05,5.404e-05,5.292e-05
5.0211e-05,4.372e-05,5.839e-05,4.856e-05,4.7e-05
5.4666e-05,4.376e-05,6.295e-05,5.457e-05,5.208e-05
4.9171e-05,4.414e-05,5.91e-05,4.7405e-05,4.492e-05
5.3216e-05,4.439e-05,6.165e-05,5.247e-05,5.099e-05
4.9959e-05,4.258e-05,5.585e-05,4.99e-05,5.512e-05
5.2957e-05,4.706e-05,6.182e-05,5.184e-05,4.772e-05
5.1672e-05,4.369e-05,5.967e-05,5.137e-05,5.223e-05
5.2374e-05,4.405e-05,6.103e-05,5.187e-05,4.79e-05
5.0984e-05,4.261e-05,5.833e-05,5.164e-05,5.3e-05
5.1891e-05,4.329e-05,5.989e-05,5.095e-05,4.509e-05
5.3739e-05,4.655e-05,6.078e-05,5.2355e-05,4.948e-05
5.3109e-05,4.844e-05,6.325e-05,5.0715e-05,4.916e-05
5.4941e-05,4.626e-05,6.493e-05,5.456e-05,5.264e-05
5.0153e-05,4.226e-05,5.8e-05,4.99e-05,4.961e-05
5.3312e-05,4.498e-05,5.887e-05,5.5175e-05,4.693e-05
5.3925e-05,4.712e-05,6.254e-05,5.362e-05,4.712e-05
5.2254e-05,4.556e-05,5.811e-05,5.2425e-05,4.818e-05
5.3261e-05,4.635e-05,6.328e-05,5.125e-05,4.945e-05
5.4746e-05,4.683e-05,6.094e-05,5.5425e-05,4.892e-05
5.2388e-05,4.802e-05,6.042e-05,5.0735e-05,5.108e-05
5.9647e-05,4.819e-05,7.215e-05,6.0975e-05,4.819e-05
5.2514e-05,4.362e-05,6.067e-05,5.296e-05,4.608e-05
5.6691e-05,4.894e-05,6.66e-05,5.6965e-05,4.916e-05
5.1286e-05,4.18e-05,5.865e-05,5.1595e-05,4.513e-05
5.6794e-05,4.917e-05,6.61e-05,5.6575e-05,4.917e-05
5.153e-05,4.377e-05,6.051e-05,5.0535e-05,4.649e-05
5.6502e-05,4.585e-05,6.668e-05,5.768e-05,4.585e-05
5.0797e-05,4.474e-05,5.908e-05,5.0315e-05,4.718e-05
5.45e-05,4.611e-05,6.296e-05,5.365e-05,4.869e-05
5.0466e-05,4.409e-05,5.924e-05,5.005e-05,4.609e-05
5.4015e-05,4.508e-05,6.181e-05,5.4255e-05,4.776e-05
5.324e-05,4.559e-05,5.94e-05,5.4125e-05,4.863e-05
5.3913e-05,4.814e-05,6.255e-05,5.2525e-05,4.929e-05
5.4892e-05,4.671e-05,5.908e-05,5.6935e-05,4.92e-05
5.2095e-05,4.8e-05,5.897e-05,5.0655e-05,4.928e-05
5.5904e-05,4.789e-05,6.161e-05,5.6655e-05,5.004e-05
5.3234e-05,4.969e-05,6.048e-05,5.1505e-05,5.002e-05
5.5534e-05,4.722e-05,6.211e-05,5.63e-05,4.853e-05
5.066e-05,4.387e-05,5.81e-05,5.009e-05,4.588e-05
5.6605e-05,4.942e-05,6.746e-05,5.582e-05,4.942e-05
5.3634e-05,4.067e-05,6.036e-05,5.5965e-05,4.067e-05
5.3857e-05,4.737e-05,5.959e-05,5.357e-05,5.281e-05
4.7351e-05,4.076e-05,5.362e-05,4.6855e-05,4.301e-05
5.0992e-05,4.56e-05,5.566e-05,5.0885e-05,4.793e-05
4.8591e-05,4.414e-05,5.36e-05,4.846e-05,4.517e-05
5.1489e-05,4.577e-05,5.751e-05,5.173e-05,4.577e-05
5.051e-05,4.545e-05,5.81e-05,5.096e-05,4.665e-05
5.1594e-05,4.38e-05,5.861e-05,5.095e-05,4.781e-05
5.0212e-05,4.34e-05,5.733e-05,5.084e-05,4.654e-05
5.157e-05,4.302e-05,5.992e-05,5.14e-05,4.898e-05
5.2802e-05,4.408e-05,5.74e-05,5.4625e-05,4.645e-05
4.9949e-05,4.607e-05,5.744e-05,4.8525e-05,4.901e-05
5.6554e-05,4.584e-05,6.86e-05,5.7475e-05,4.584e-05
4.9367e-05,4.03e-05,5.732e-05,4.9315e-05,4.303e-05
5.6195e-05,4.703e-05,6.797e-05,5.679e-05,4.703e-05
5.1575e-05,4.27e-05,5.94e-05,5.1535e-05,4.538e-05
5.6473e-05,4.574e-05,6.456e-05,5.869e-05,4.574e-05
4.988e-05,4.266e-05,5.764e-05,4.912e-05,4.563e-05
5.5461e-05,4.859e-05,6.573e-05,5.4575e-05,4.859e-05
5.0972e-05,4.488e-05,6.09e-05,4.9485e-05,4.65e-05
5.4209e-05,4.542e-05,6.159e-05,5.401e-05,4.721e-05
5.0339e-05,4.494e-05,5.755e-05,4.8865e-05,4.607e-05
5.3315e-05,4.621e-05,6.12e-05,5.3715e-05,4.744e-05
5.2736e-05,4.675e-05,5.788e-05,5.3185e-05,4.816e-05
5.5319e-05,5.037e-05,6.369e-05,5.343e-05,5.128e-05
5.4441e-05,4.696e-05,5.813e-05,5.693e-05,4.859e-05
5.2305e-05,4.79e-05,5.901e-05,5.128e-05,5.173e-05
5.541e-05,4.853e-05,6.094e-05,5.619e-05,4.853e-05
5.2736e-05,4.69e-05,6.044e-05,5.1345e-05,5.069e-05
5.9174e-05,4.841e-05,7.04e-05,6.042e-05,4.841e-05
5.1642e-05,4.349e-05,6.038e-05,5.0585e-05,4.687e-05
5.7205e-05,4.709e-05,6.748e-05,5.93e-05,4.709e-05
5.0278e-05,4.249e-05,5.795e-05,4.99e-05,4.547e-05
5.6496e-05,4.915e-05,6.663e-05,5.6915e-05,4.915e-05
4.7549e-05,3.948e-05,5.518e-05,4.688e-05,4.317e-05
5.378e-05,4.705e-05,6.462e-05,5.2865e-05,4.752e-05
4.9244e-05,4.296e-05,5.87e-05,4.796e-05,4.521e-05
5.2006e-05,4.33e-05,6.041e-05,5.1765e-05,4.55e-05
5.0477e-05,4.326e-05,5.786e-05,5.034e-05,4.572e-05
5.4505e-05,4.342e-05,6.666e-05,5.4545e-05,4.342e-05
5.1115e-05,4.322e-05,5.721e-05,5.18e-05,4.55e-05
5.14e-05,4.701e-05,5.856e-05,4.9445e-05,4.701e-05
5.293e-05,4.444e-05,5.973e-05,5.3525e-05,4.732e-05
5.1131e-05,4.647e-05,5.833e-05,4.9585e-05,4.932e-05
5.5681e-05,4.721e-05,6.545e-05,5.5825e-05,4.721e-05
4.9853e-05,4.126e-05,5.878e-05,4.94e-05,4.368e-05
5.5849e-05,4.549e-05,6.853e-05,5.586e-05,4.549e-05
4.9058e-05,3.985e-05,5.661e-05,4.908e-05,4.312e-05
5.3936e-05,4.614e-05,6.222e-05,5.3975e-05,4.614e-05
4.9145e-05,4.106e-05,5.889e-05,4.8645e-05,4.377e-05
5.39e-05,4.525e-05,6.554e-05,5.2585e-05,4.638e-05
4.9865e-05,4.269e-05,6.003e-05,4.93e-05,4.489e-05
5.3384e-05,4.468e-05,6.248e-05,5.2395e-05,4.68e-05
4.905e-05,4.371e-05,5.794e-05,4.8e-05,4.465e-05
5.2464e-05,4.314e-05,6.042e-05,5.2055e-05,4.592e-05
5.1204e-05,4.161e-05,5.843e-05,5.2515e-05,4.161e-05
5.0935e-05,4.428e-05,5.873e-05,5.0285e-05,4.672e-05
5.3219e-05,4.563e-05,5.939e-05,5.385e-05,4.791e-05
5.0556e-05,4.517e-05,5.792e-05,4.9385e-05,4.834e-05
5.296e-05,4.632e-05,5.887e-05,5.3735e-05,4.632e-05
5.4086e-05,4.862e-05,6.531e-05,5.271e-05,5.3e-05
7.0893e-05,6.46e-05,8.528e-05,6.936e-05,6.857e-05
5.0551e-05,4.148e-05,5.999e-05,5.1705e-05,4.148e-05
5.3936e-05,4.479e-05,6.253e-05,5.4095e-05,4.742e-05
4.8301e-05,3.977e-05,5.562e-05,4.801e-05,4.266e-05
5.3824e-05,4.586e-05,6.308e-05,5.481e-05,4.586e-05
4.7881e-05,4.042e-05,5.561e-05,4.79e-05,4.313e-05
5.3266e-05,4.601e-05,6.241e-05,5.291e-05,4.601e-05
4.8459e-05,4.206e-05,5.763e-05,4.7825e-05,4.48e-05
5.2379e-05,4.323e-05,6.209e-05,5.1665e-05,4.582e-05
5.173e-05,4.42e-05,5.718e-05,5.1565e-05,4.75e-05
5.2108e-05,4.795e-05,6.098e-05,4.9975e-05,4.823e-05
5.0931e-05,4.298e-05,5.702e-05,5.168e-05,4.513e-05
5.1501e-05,4.61e-05,6.055e-05,4.9535e-05,4.61e-05
5.339e-05,4.39e-05,6.106e-05,5.377e-05,4.703e-05
5.0214e-05,4.561e-05,5.749e-05,4.847e-05,4.863e-05
5.7157e-05,4.563e-05,6.856e-05,5.748e-05,4.563e-05
4.9581e-05,4.07e-05,5.743e-05,4.9185e-05,4.346e-05
5.5372e-05,4.457e-05,6.74e-05,5.6405e-05,4.457e-05
4.9312e-05,4.059e-05,5.762e-05,4.907e-05,4.344e-05
8.319e-05,7.634e-05,9.337e-05,7.878e-05,7.671e-05
5.0494e-05,4.599e-05,5.801e-05,4.869e-05,4.67e-05
5.349e-05,4.439e-05,6.33e-05,5.2545e-05,4.674e-05
4.9877e-05,4.441e-05,5.831e-05,4.886e-05,4.561e-05
5.2957e-05,4.36e-05,6.083e-05,5.2605e-05,4.653e-05
5.0455e-05,4.349e-05,6.001e-05,4.8755e-05,4.349e-05
5.3021e-05,4.353e-05,6.15e-05,5.2495e-05,4.675e-05
5.1739e-05,4.207e-05,5.793e-05,5.275e-05,4.207e-05
5.1651e-05,4.66e-05,5.958e-05,5.043e-05,4.841e-05
5.3516e-05,4.523e-05,5.898e-05,5.4805e-05,4.762e-05
5.117e-05,4.764e-05,5.878e-05,4.9095e-05,5.054e-05
5.4449e-05,4.425e-05,6.065e-05,5.608e-05,4.425e-05
5.0697e-05,4.67e-05,5.748e-05,4.943e-05,4.978e-05
5.6996e-05,4.572e-05,6.874e-05,5.7905e-05,4.572e-05
4.992e-05,4.148e-05,5.773e-05,4.96e-05,4.372e-05
5.605e-05,4.535e-05,6.739e-05,5.649e-05,4.535e-05
4.9755e-05,4.107e-05,5.829e-05,4.873e-05,4.447e-05
5.5121e-05,4.536e-05,6.394e-05,5.637e-05,4.536e-05
4.9648e-05,4.159e-05,5.795e-05,4.894e-05,4.475e-05
5.7176e-05,5.136e-05,7.023e-05,5.459e-05,5.136e-05
5.2046e-05,4.604e-05,6.112e-05,5.0775e-05,4.604e-05
5.2829e-05,4.46e-05,6.226e-05,5.2035e-05,4.597e-05
5.1475e-05,4.391e-05,5.78e-05,5.2195e-05,4.635e-05
5.2048e-05,4.68e-05,6.133e-05,4.997e-05,4.68e-05
5.098e-05,4.277e-05,5.693e-05,5.1665e-05,4.58e-05
5.1094e-05,4.595e-05,5.742e-05,4.969e-05,4.595e-05
5.3499e-05,4.553e-05,5.951e-05,5.452e-05,4.752e-05
5.0667e-05,4.625e-05,5.723e-05,4.9385e-05,4.923e-05
5.5604e-05,4.751e-05,6.526e-05,5.57e-05,4.751e-05
5.0011e-05,4.217e-05,5.968e-05,4.901e-05,4.436e-05
5.4444e-05,4.539e-05,6.575e-05,5.3735e-05,4.802e-05
4.9116e-05,3.995e-05,5.661e-05,4.947e-05,4.28e-05
5.3065e-05,4.682e-05,5.841e-05,5.3125e-05,4.682e-05
4.6838e-05,3.979e-05,5.349e-05,4.6945e-05,4.284e-05
5.3476e-05,4.697e-05,6.161e-05,5.3075e-05,4.697e-05
4.8662e-05,4.343e-05,5.511e-05,4.759e-05,4.455e-05
5.1366e-05,4.607e-05,5.704e-05,5.1225e-05,4.629e-05
4.9433e-05,4.466e-05,5.806e-05,4.903e-05,4.625e-05
5.2554e-05,4.33e-05,6.056e-05,5.2315e-05,5.128e-05
5.1385e-05,4.573e-05,6.05e-05,4.939e-05,4.827e-05
5.1206e-05,4.399e-05,6.084e-05,4.986e-05,4.679e-05
5.8698e-05,5.225e-05,6.652e-05,5.867e-05,6.652e-05
5.2147e-05,4.693e-05,5.973e-05,5.0835e-05,5.027e-05
6.1065e-05,5.132e-05,7.26e-05,5.925e-05,6.395e-05
9.6314e-05,9.058e-05,0.00010304,9.523e-05,9.058e-05
5.7286e-05,5.281e-05,6.307e-05,5.6115e-05,5.281e-05
4.8463e-05,4.302e-05,5.444e-05,4.8795e-05,4.42e-05
5.3718e-05,4.68e-05,6.123e-05,5.337e-05,4.68e-05
4.841e-05,4.372e-05,5.634e-05,4.732e-05,4.695e-05
5.481e-05,4.639e-05,6.128e-05,5.5825e-05,5.875e-05
4.769e-05,4.413e-05,5.557e-05,4.629e-05,4.68e-05
5.6145e-05,4.904e-05,6.182e-05,5.768e-05,5.986e-05
5.1557e-05,4.639e-05,5.975e-05,5.061e-05,4.639e-05
5.3719e-05,4.602e-05,5.941e-05,5.474e-05,5.735e-05
5.3325e-05,4.603e-05,6.331e-05,5.328e-05,4.771e-05
5.2499e-05,4.49e-05,5.704e-05,5.4145e-05,5.616e-05
5.2474e-05,4.601e-05,6.278e-05,5.223e-05,4.601e-05
5.1971e-05,4.404e-05,5.848e-05,5.2605e-05,5.581e-05
5.294e-05,4.779e-05,6.354e-05,5.1945e-05,4.783e-05
4.9882e-05,4.158e-05,5.631e-05,5.0865e-05,5.135e-05
5.4581e-05,4.708e-05,6.323e-05,5.441e-05,4.708e-05
4.8795e-05,4.085e-05,5.652e-05,4.8155e-05,4.419e-05
5.4006e-05,4.706e-05,6.431e-05,5.3145e-05,4.706e-05
4.8805e-05,4.097e-05,5.699e-05,4.8725e-05,4.328e-05
5.4806e-05,4.411e-05,6.48e-05,5.6205e-05,4.411e-05
4.7621e-05,3.996e-05,5.515e-05,4.728e-05,4.238e-05
5.3288e-05,4.567e-05,6.319e-05,5.3e-05,4.567e-05
4.9326e-05,4.322e-05,5.873e-05,4.829e-05,4.499e-05
5.2939e-05,4.426e-05,6.095e-05,5.1985e-05,4.711e-05
7.0736e-05,4.481e-05,0.00014258,4.8375e-05,0.00012834
5.2164e-05,4.36e-05,6.126e-05,5.401e-05,4.36e-05
5.0997e-05,4.334e-05,5.812e-05,5.1335e-05,4.629e-05
5.2475e-05,4.771e-05,6.214e-05,5.019e-05,4.771e-05
5.5105e-05,4.321e-05,6.264e-05,5.656e-05,4.321e-05
5.3962e-05,5.029e-05,6.276e-05,5.213e-05,5.309e-05
5.4266e-05,4.468e-05,6.116e-05,5.582e-05,4.468e-05
5.088e-05,4.664e-05,5.832e-05,5.004e-05,4.909e-05
5.4791e-05,4.737e-05,6.277e-05,5.5335e-05,4.742e-05
5.0054e-05,4.155e-05,5.818e-05,4.933e-05,4.513e-05
5.556e-05,4.487e-05,6.561e-05,5.62e-05,4.487e-05
5.0291e-05,4.156e-05,5.846e-05,4.995e-05,4.477e-05
5.5504e-05,4.536e-05,6.696e-05,5.5905e-05,4.536e-05
4.8499e-05,4.001e-05,5.675e-05,4.8455e-05,4.307e-05
5.4965e-05,4.432e-05,6.525e-05,5.511e-05,4.432e-05
5.0215e-05,4.341e-05,6e-05,4.8655e-05,4.532e-05
5.2931e-05,4.413e-05,6.34e-05,5.2725e-05,4.577e-05
5.1047e-05,4.287e-05,5.719e-05,5.183e-05,4.585e-05
5.1719e-05,4.682e-05,5.996e-05,4.986e-05,4.682e-05
5.1009e-05,4.273e-05,5.637e-05,5.1995e-05,4.566e-05
5.1173e-05,4.636e-05,5.852e-05,5.009e-05,4.719e-05
5.2611e-05,4.463e-05,5.727e-05,5.4205e-05,4.676e-05
5.0465e-05,4.608e-05,5.867e-05,4.858e-05,4.887e-05
5.5391e-05,4.712e-05,6.535e-05,5.5835e-05,4.712e-05
5.0084e-05,4.12e-05,5.843e-05,5e-05,4.446e-05
5.6087e-05,4.566e-05,6.936e-05,5.6785e-05,4.566e-05
4.9011e-05,4.068e-05,5.706e-05,4.829e-05,4.348e-05
5.5205e-05,4.527e-05,6.657e-05,5.5205e-05,4.527e-05
5.0741e-05,4.206e-05,5.803e-05,5.1345e-05,4.419e-05
5.2644e-05,4.673e-05,6.092e-05,5.196e-05,4.842e-05
4.9257e-05,4.433e-05,5.63e-05,4.781e-05,4.433e-05
5.2364e-05,4.456e-05,6.063e-05,5.3e-05,4.673e-05
4.8727e-05,4.241e-05,5.44e-05,4.744e-05,4.414e-05
5.1141e-05,4.568e-05,5.782e-05,5.175e-05,4.608e-05
5.0176e-05,4.501e-05,5.676e-05,5.0835e-05,4.638e-05
5.0757e-05,4.324e-05,5.8e-05,4.9315e-05,4.829e-05
5.2756e-05,4.525e-05,5.694e-05,5.411e-05,4.762e-05
5.0114e-05,4.523e-05,5.643e-05,4.9285e-05,4.872e-05
5.3391e-05,4.721e-05,5.788e-05,5.412e-05,4.721e-05
4.9854e-05,4.321e-05,5.817e-05,4.872e-05,4.594e-05
5.4477e-05,4.721e-05,6.167e-05,5.473e-05,4.721e-05
4.9587e-05,4.158e-05,5.738e-05,4.935e-05,4.425e-05
5.5631e-05,4.538e-05,6.627e-05,5.594e-05,4.538e-05
4.8805e-05,4.036e-05,5.708e-05,4.8695e-05,4.317e-05
5.5732e-05,4.52e-05,6.628e-05,5.5865e-05,4.52e-05
4.93e-05,4.211e-05,5.682e-05,4.9425e-05,4.388e-05
5.4393e-05,4.371e-05,6.607e-05,5.547e-05,4.371e-05
4.9264e-05,4.316e-05,5.866e-05,4.7895e-05,4.547e-05
5.1985e-05,4.399e-05,6.028e-05,5.153e-05,4.499e-05
5.0577e-05,4.285e-05,5.727e-05,5.078e-05,4.595e-05
5.2557e-05,4.76e-05,6.073e-05,5.1225e-05,4.76e-05
5.0739e-05,4.286e-05,5.694e-05,5.1075e-05,4.608e-05
5.1381e-05,4.623e-05,6.09e-05,4.99e-05,4.623e-05
5.3059e-05,4.436e-05,6.033e-05,5.3215e-05,4.622e-05
4.9825e-05,4.563e-05,5.694e-05,4.8595e-05,4.874e-05
5.6556e-05,4.571e-05,6.888e-05,5.769e-05,4.571e-05
5.0015e-05,4.198e-05,5.972e-05,4.947e-05,4.422e-05
5.381e-05,4.498e-05,6.5e-05,5.2825e-05,4.747e-05
4.9124e-05,4.103e-05,5.722e-05,4.8795e-05,4.334e-05
5.4513e-05,4.359e-05,6.469e-05,5.6025e-05,4.359e-05
4.8301e-05,4.063e-05,5.623e-05,4.7565e-05,4.368e-05
5.4459e-05,4.475e-05,6.475e-05,5.496e-05,4.475e-05
4.9169e-05,4.331e-05,5.822e-05,4.836e-05,4.516e-05
5.2869e-05,4.341e-05,6.054e-05,5.21e-05,4.704e-05
5.1049e-05,4.407e-05,6.045e-05,5.0085e-05,4.407e-05
6.2328e-05,4.352e-05,9.581e-05,5.448e-05,4.537e-05
5.234e-05,4.718e-05,5.967e-05,5.1615e-05,4.932e-05
5.1318e-05,4.381e-05,6.024e-05,5.005e-05,4.578e-05
5.386e-05,4.659e-05,6.064e-05,5.434e-05,4.741e-05
5.2089e-05,4.743e-05,5.983e-05,5.085e-05,5.126e-05
5.4801e-05,4.481e-05,6.117e-05,5.6675e-05,4.481e-05
5.0756e-05,4.663e-05,5.738e-05,4.9395e-05,4.933e-05
5.6937e-05,4.681e-05,6.854e-05,5.737e-05,4.681e-05
4.963e-05,4.073e-05,5.784e-05,4.924e-05,4.379e-05
5.6021e-05,4.625e-05,6.806e-05,5.634e-05,4.625e-05
4.975e-05,4.065e-05,5.79e-05,5.033e-05,4.373e-05
5.6011e-05,4.483e-05,6.751e-05,5.7035e-05,4.483e-05
4.8311e-05,3.995e-05,5.544e-05,4.796e-05,4.281e-05
5.3531e-05,4.608e-05,6.279e-05,5.373e-05,4.608e-05
5.0409e-05,4.339e-05,5.906e-05,4.956e-05,4.647e-05
5.4373e-05,4.481e-05,6.274e-05,5.5595e-05,4.639e-05
5.1084e-05,4.511e-05,5.863e-05,5.2425e-05,4.511e-05
5.0309e-05,4.409e-05,5.742e-05,4.9795e-05,4.594e-05
5.0151e-05,4.455e-05,5.827e-05,4.995e-05,4.851e-05
5.6145e-05,4.929e-05,6.844e-05,5.462e-05,4.929e-05
5.7496e-05,5.072e-05,6.524e-05,5.751e-05,6.524e-05
5.1975e-05,4.599e-05,5.92e-05,5.0795e-05,5.116e-05
5.9327e-05,5.084e-05,6.462e-05,6.1725e-05,6.462e-05
5.0145e-05,4.464e-05,5.865e-05,4.909e-05,4.464e-05
5.5733e-05,4.773e-05,6.334e-05,5.644e-05,5.835e-05
4.7099e-05,4.231e-05,5.253e-05,4.7295e-05,4.231e-05
5.2835e-05,4.794e-05,5.881e-05,5.2035e-05,4.911e-05
4.7569e-05,4.145e-05,5.312e-05,4.774e-05,4.421e-05
5.2589e-05,4.568e-05,5.995e-05,5.1695e-05,4.568e-05
4.8971e-05,4.433e-05,5.722e-05,4.7965e-05,4.523e-05
5.2292e-05,4.457e-05,6.067e-05,5.0345e-05,4.926e-05
5.1449e-05,4.143e-05,5.791e-05,5.237e-05,5.63e-05
5.2357e-05,4.649e-05,6.155e-05,5.1505e-05,4.682e-05
5.3856e-05,4.39e-05,5.92e-05,5.459e-05,5.92e-05
5.2197e-05,4.753e-05,6.13e-05,4.954e-05,4.753e-05
5.9568e-05,5.344e-05,6.602e-05,6.0025e-05,6.602e-05
5.1607e-05,4.63e-05,5.951e-05,5.0745e-05,4.777e-05
5.7654e-05,5.119e-05,6.522e-05,5.7945e-05,6.522e-05
6.6859e-05,4.623e-05,8.386e-05,6.927e-05,8.382e-05
5.6606e-05,4.63e-05,6.823e-05,5.737e-05,4.63e-05
4.947e-05,4.201e-05,5.883e-05,4.8855e-05,4.374e-05
5.4184e-05,4.537e-05,6.315e-05,5.349e-05,4.725e-05
4.879e-05,4.135e-05,5.664e-05,4.811e-05,4.377e-05
5.5379e-05,4.446e-05,6.795e-05,5.627e-05,4.446e-05
4.8905e-05,4.073e-05,5.71e-05,4.9165e-05,4.328e-05
5.341e-05,4.727e-05,6.366e-05,5.2325e-05,4.727e-05
4.92e-05,4.317e-05,5.849e-05,4.8105e-05,4.528e-05
5.2904e-05,4.389e-05,6.036e-05,5.3025e-05,4.658e-05
5.0859e-05,4.45e-05,5.718e-05,5.057e-05,4.45e-05
5.1668e-05,4.599e-05,6.126e-05,4.982e-05,4.711e-05
5.0465e-05,4.241e-05,5.688e-05,5.1835e-05,4.452e-05
5.0935e-05,4.622e-05,6.025e-05,4.9665e-05,4.626e-05
5.2818e-05,4.417e-05,5.985e-05,5.314e-05,4.568e-05
4.9473e-05,4.636e-05,5.666e-05,4.7655e-05,4.814e-05
5.7e-05,4.554e-05,6.861e-05,5.9385e-05,4.554e-05
4.955e-05,4.124e-05,5.771e-05,4.9325e-05,4.303e-05
5.491e-05,4.458e-05,6.581e-05,5.57e-05,4.458e-05
4.8511e-05,4.017e-05,5.629e-05,4.8655e-05,4.271e-05
5.4164e-05,4.39e-05,6.441e-05,5.438e-05,4.39e-05
4.7821e-05,3.935e-05,5.573e-05,4.7955e-05,4.186e-05
5.2705e-05,4.668e-05,6.145e-05,5.212e-05,4.668e-05
4.9956e-05,4.293e-05,5.92e-05,4.984e-05,4.471e-05
5.2898e-05,4.363e-05,6.199e-05,5.22e-05,4.548e-05
5.0375e-05,4.591e-05,5.929e-05,4.826e-05,4.71e-05
5.1768e-05,4.322e-05,6.025e-05,5.149e-05,4.583e-05
5.1643e-05,4.327e-05,5.761e-05,5.249e-05,4.638e-05
5.1738e-05,4.528e-05,6.132e-05,4.999e-05,4.762e-05
5.3104e-05,4.464e-05,5.815e-05,5.4755e-05,4.747e-05
5.1204e-05,4.483e-05,5.966e-05,4.979e-05,4.755e-05
5.4083e-05,4.418e-05,5.992e-05,5.5495e-05,4.418e-05
5.0639e-05,4.649e-05,5.754e-05,4.9145e-05,4.933e-05
5.7113e-05,4.492e-05,6.901e-05,5.8605e-05,4.492e-05
5.0203e-05,4.17e-05,5.839e-05,5.01e-05,4.48e-05
5.5681e-05,4.625e-05,6.585e-05,5.5845e-05,4.625e-05
4.9281e-05,4.076e-05,5.725e-05,4.9075e-05,4.39e-05
5.5606e-05,4.567e-05,6.731e-05,5.673e-05,4.567e-05
4.899e-05,4.059e-05,5.682e-05,4.9095e-05,4.351e-05
5.4115e-05,4.499e-05,6.367e-05,5.438e-05,4.499e-05
4.9721e-05,4.301e-05,5.924e-05,4.9065e-05,4.567e-05
5.3576e-05,4.45e-05,6.513e-05,5.262e-05,4.667e-05
5.1922e-05,4.43e-05,5.814e-05,5.263e-05,4.642e-05
5.1918e-05,4.653e-05,5.93e-05,5.08e-05,4.653e-05
5.0706e-05,4.372e-05,5.719e-05,5.1015e-05,4.559e-05
5.0388e-05,4.56e-05,5.753e-05,4.904e-05,4.56e-05
5.296e-05,4.469e-05,6.005e-05,5.355e-05,4.676e-05
5.1147e-05,4.643e-05,5.855e-05,4.936e-05,4.899e-05
5.5989e-05,4.484e-05,6.822e-05,5.717e-05,4.484e-05
5.0439e-05,4.204e-05,6.02e-05,5.024e-05,4.462e-05
5.4584e-05,4.691e-05,6.525e-05,5.31e-05,4.731e-05
4.9802e-05,3.99e-05,5.695e-05,5.01e-05,4.422e-05
5.2767e-05,4.563e-05,5.886e-05,5.2465e-05,4.563e-05
4.7336e-05,4.066e-05,5.384e-05,4.754e-05,4.312e-05
5.3413e-05,4.619e-05,6.113e-05,5.299e-05,4.619e-05
5.5665e-05,4.283e-05,0.00010089,4.92e-05,4.488e-05
5.5332e-05,5.126e-05,6.194e-05,5.354e-05,5.395e-05
5.0049e-05,4.282e-05,5.91e-05,4.884e-05,4.282e-05
5.1777e-05,4.339e-05,6.143e-05,5.0825e-05,4.512e-05
5.0584e-05,4.323e-05,5.701e-05,5.071e-05,4.557e-05
5.1992e-05,4.604e-05,5.904e-05,5.041e-05,4.604e-05
5.3021e-05,4.495e-05,5.989e-05,5.3765e-05,4.653e-05
5.0172e-05,4.499e-05,5.722e-05,4.8505e-05,4.794e-05
5.3474e-05,4.358e-05,5.931e-05,5.565e-05,4.358e-05
5.0209e-05,4.551e-05,5.664e-05,4.876e-05,4.881e-05
5.4706e-05,4.739e-05,6.182e-05,5.483e-05,4.739e-05
4.9418e-05,4.054e-05,5.726e-05,4.9295e-05,4.423e-05
5.5724e-05,4.523e-05,6.598e-05,5.624e-05,4.523e-05
4.9045e-05,4.073e-05,5.717e-05,4.8755e-05,4.358e-05
5.4932e-05,4.543e-05,6.627e-05,5.519e-05,4.543e-05
4.8641e-05,4.026e-05,5.689e-05,4.8875e-05,4.312e-05
5.413e-05,4.426e-05,6.472e-05,5.3975e-05,4.426e-05
4.8756e-05,4.213e-05,5.833e-05,4.752e-05,4.412e-05
5.2013e-05,4.376e-05,6.028e-05,5.136e-05,4.503e-05
5.1368e-05,4.345e-05,5.788e-05,5.151e-05,4.551e-05
5.2621e-05,4.808e-05,6.181e-05,4.981e-05,4.825e-05
5.0805e-05,4.246e-05,5.69e-05,5.169e-05,4.536e-05
5.0578e-05,4.598e-05,5.764e-05,4.8355e-05,4.598e-05
5.2838e-05,4.415e-05,5.949e-05,5.362e-05,4.665e-05
4.9905e-05,4.563e-05,5.753e-05,4.7885e-05,4.814e-05
5.6626e-05,4.757e-05,6.353e-05,5.84e-05,4.757e-05
4.9092e-05,4.087e-05,5.618e-05,4.926e-05,4.343e-05
5.5159e-05,4.44e-05,6.64e-05,5.6325e-05,4.44e-05
4.883e-05,4.034e-05,5.709e-05,4.835e-05,4.286e-05
5.4216e-05,4.401e-05,6.316e-05,5.529e-05,4.401e-05
4.8082e-05,3.959e-05,5.591e-05,4.801e-05,4.303e-05
5.3972e-05,4.467e-05,6.388e-05,5.502e-05,4.467e-05
4.8896e-05,4.233e-05,5.633e-05,4.7315e-05,4.432e-05
5.228e-05,4.378e-05,6.117e-05,5.2325e-05,4.582e-05
4.8884e-05,4.19e-05,5.489e-05,4.8105e-05,4.301e-05
5.0844e-05,4.412e-05,5.713e-05,5.048e-05,4.567e-05
5.1054e-05,4.456e-05,5.777e-05,5.154e-05,4.886e-05
5.0844e-05,4.414e-05,5.778e-05,4.9935e-05,4.649e-05
5.3002e-05,4.55e-05,5.706e-05,5.3925e-05,4.781e-05
5.0631e-05,4.566e-05,5.716e-05,4.9515e-05,4.826e-05
5.3491e-05,4.661e-05,5.854e-05,5.4115e-05,4.661e-05
5.0586e-05,4.348e-05,5.898e-05,4.968e-05,4.659e-05
5.6856e-05,4.621e-05,6.778e-05,5.7315e-05,4.621e-05
4.976e-05,4.194e-05,5.904e-05,4.9085e-05,4.372e-05
5.4084e-05,4.536e-05,6.501e-05,5.3645e-05,4.642e-05
4.9214e-05,4.099e-05,5.747e-05,4.899e-05,4.345e-05
5.4471e-05,4.499e-05,6.506e-05,5.506e-05,4.499e-05
4.8341e-05,4.039e-05,5.64e-05,4.743e-05,4.373e-05
5.4489e-05,4.481e-05,6.613e-05,5.5555e-05,4.481e-05
4.9782e-05,4.333e-05,5.935e-05,4.8975e-05,4.546e-05
5.2991e-05,4.409e-05,6.164e-05,5.3035e-05,4.608e-05
5.1568e-05,4.438e-05,5.736e-05,5.208e-05,4.644e-05
5.2408e-05,4.791e-05,5.98e-05,5.1785e-05,4.818e-05
5.0884e-05,4.422e-05,5.684e-05,5.06e-05,4.673e-05
5.1502e-05,4.656e-05,6.143e-05,4.9735e-05,4.743e-05
5.3785e-05,4.505e-05,6.13e-05,5.3795e-05,4.72e-05
5.029e-05,4.602e-05,5.821e-05,4.864e-05,4.935e-05
5.7047e-05,4.54e-05,7.028e-05,5.81e-05,4.54e-05
4.9681e-05,4.163e-05,5.9e-05,4.851e-05,4.399e-05
5.6165e-05,4.566e-05,6.936e-05,5.6355e-05,4.566e-05
4.8929e-05,4e-05,5.702e-05,4.8735e-05,4.296e-05
5.5612e-05,4.49e-05,6.761e-05,5.5615e-05,4.49e-05
6.1919e-05,4.019e-05,7.104e-05,6.7085e-05,5.94e-05
5.5205e-05,4.836e-05,6.479e-05,5.333e-05,5.132e-05
4.902e-05,4.298e-05,5.916e-05,4.7725e-05,4.466e-05
5.2186e-05,4.404e-05,6.056e-05,5.064e-05,4.626e-05
4.914e-05,4.303e-05,5.951e-05,4.7875e-05,4.504e-05
5.1879e-05,4.285e-05,6.122e-05,5.095e-05,4.583e-05
5.0523e-05,4.27e-05,5.702e-05,5.048e-05,4.467e-05
5.2301e-05,4.757e-05,6.133e-05,4.967e-05,4.8e-05
5.3464e-05,4.364e-05,6.106e-05,5.4235e-05,4.615e-05
5.0452e-05,4.664e-05,5.753e-05,4.855e-05,4.964e-05
5.4349e-05,4.38e-05,6.011e-05,5.61e-05,4.38e-05
5.1012e-05,4.681e-05,5.838e-05,5.001e-05,5.033e-05
5.647e-05,4.613e-05,6.817e-05,5.697e-05,4.613e-05
4.9594e-05,4.164e-05,5.809e-05,4.891e-05,4.42e-05
5.6253e-05,4.676e-05,6.616e-05,5.623e-05,4.676e-05
4.8945e-05,4.019e-05,5.691e-05,4.865e-05,4.334e-05
5.3466e-05,4.419e-05,6.273e-05,5.406e-05,4.419e-05
4.9124e-05,4.03e-05,5.688e-05,4.902e-05,4.325e-05
5.3397e-05,4.382e-05,6.225e-05,5.4425e-05,4.382e-05
4.8856e-05,4.274e-05,5.691e-05,4.8255e-05,4.478e-05
5.2529e-05,4.359e-05,6.187e-05,5.202e-05,4.585e-05
5.1464e-05,4.329e-05,5.725e-05,5.185e-05,4.641e-05
5.2429e-05,4.795e-05,6.243e-05,4.963e-05,4.841e-05
5.0938e-05,4.255e-05,5.729e-05,5.2425e-05,4.563e-05
5.1181e-05,4.664e-05,5.884e-05,4.98e-05,4.664e-05
5.2951e-05,4.426e-05,5.919e-05,5.4385e-05,4.606e-05
5.0736e-05,4.678e-05,5.811e-05,4.93e-05,4.987e-05
5.5906e-05,4.52e-05,6.706e-05,5.6365e-05,4.52e-05
4.9129e-05,4.048e-05,5.758e-05,4.851e-05,4.302e-05
5.4463e-05,4.38e-05,6.537e-05,5.572e-05,4.38e-05
4.8805e-05,4.09e-05,5.674e-05,4.8455e-05,4.367e-05
5.4729e-05,4.428e-05,6.495e-05,5.5585e-05,4.428e-05
4.7795e-05,4.05e-05,5.551e-05,4.756e-05,4.302e-05
5.4671e-05,4.458e-05,6.706e-05,5.519e-05,4.458e-05
4.8936e-05,4.248e-05,5.84e-05,4.8085e-05,4.444e-05
5.2316e-05,4.317e-05,5.961e-05,5.1965e-05,4.551e-05
4.8966e-05,4.323e-05,5.631e-05,4.736e-05,4.416e-05
5.138e-05,4.499e-05,5.852e-05,5.229e-05,4.501e-05
5.1279e-05,4.419e-05,5.977e-05,5.1405e-05,4.676e-05
5.1809e-05,4.387e-05,5.89e-05,5.2035e-05,4.861e-05
5.2199e-05,4.569e-05,5.76e-05,5.33e-05,4.658e-05
5.0426e-05,4.312e-05,5.639e-05,5.0785e-05,4.96e-05
5.3036e-05,4.642e-05,5.874e-05,5.43e-05,4.642e-05
4.993e-05,4.221e-05,5.745e-05,4.955e-05,4.554e-05
5.6486e-05,4.548e-05,6.752e-05,5.7115e-05,4.548e-05
4.9448e-05,4.119e-05,5.802e-05,4.8405e-05,4.401e-05
5.5899e-05,4.555e-05,6.772e-05,5.7325e-05,4.555e-05
4.9791e-05,4.126e-05,5.842e-05,4.952e-05,4.478e-05
5.5656e-05,4.542e-05,6.84e-05,5.581e-05,4.542e-05
4.8705e-05,4.014e-05,5.664e-05,4.905e-05,4.292e-05
5.297e-05,4.568e-05,6.343e-05,5.2355e-05,4.568e-05
4.9719e-05,4.291e-05,5.865e-05,4.8515e-05,4.525e-05
5.2197e-05,4.391e-05,6.047e-05,5.2005e-05,4.552e-05
5.0871e-05,4.348e-05,5.75e-05,5.1075e-05,4.577e-05
5.3834e-05,4.899e-05,6.318e-05,5.2635e-05,4.899e-05
5.1527e-05,4.354e-05,5.745e-05,5.2355e-05,4.658e-05
5.1776e-05,4.685e-05,6.174e-05,4.9415e-05,4.685e-05
5.3598e-05,4.407e-05,6.076e-05,5.4365e-05,4.661e-05
4.9346e-05,4.508e-05,5.615e-05,4.7955e-05,4.838e-05
5.6137e-05,4.49e-05,6.692e-05,5.7745e-05,4.49e-05
5.005e-05,4.182e-05,5.922e-05,4.925e-05,4.461e-05
5.6111e-05,4.593e-05,6.879e-05,5.661e-05,4.593e-05
5.0111e-05,4.199e-05,5.852e-05,4.9155e-05,4.52e-05
5.4699e-05,4.565e-05,6.361e-05,5.597e-05,4.565e-05
4.8407e-05,4.003e-05,5.563e-05,4.8355e-05,4.285e-05
5.3106e-05,4.544e-05,6.376e-05,5.3015e-05,4.544e-05
4.9334e-05,4.317e-05,5.914e-05,4.7735e-05,4.536e-05
5.2216e-05,4.376e-05,6.051e-05,5.1435e-05,4.582e-05
4.8466e-05,4.215e-05,5.748e-05,4.811e-05,4.358e-05
5.1837e-05,4.341e-05,6.043e-05,5.089e-05,4.54e-05
5.0631e-05,4.31e-05,5.687e-05,5.097e-05,4.49e-05
5.1859e-05,4.722e-05,6.125e-05,5.021e-05,4.722e-05
5.4122e-05,4.499e-05,6.156e-05,5.459e-05,4.73e-05
5.0381e-05,4.618e-05,5.865e-05,4.8565e-05,4.934e-05
5.3899e-05,4.37e-05,6.086e-05,5.545e-05,4.37e-05
5.0421e-05,4.589e-05,5.641e-05,4.9535e-05,4.845e-05
5.4619e-05,4.753e-05,6.144e-05,5.441e-05,4.753e-05
4.9388e-05,4.237e-05,5.734e-05,4.8755e-05,4.541e-05
5.6075e-05,4.596e-05,6.601e-05,5.6315e-05,4.596e-05
4.873e-05,3.967e-05,5.663e-05,4.897e-05,4.279e-05
5.345e-05,4.2e-05,6.005e-05,5.5685e-05,4.2e-05
4.7654e-05,4.223e-05,5.647e-05,4.638e-05,4.713e-05
5.3779e-05,4.406e-05,6.341e-05,5.483e-05,4.406e-05
4.8602e-05,4.213e-05,5.609e-05,4.7095e-05,4.454e-05
5.2191e-05,4.295e-05,5.941e-05,5.303e-05,4.633e-05
5.0791e-05,4.368e-05,5.511e-05,5.2475e-05,4.368e-05
5.1725e-05,4.522e-05,6.022e-05,4.932e-05,4.912e-05
5.0294e-05,4.316e-05,5.694e-05,5.0285e-05,4.569e-05
5.1385e-05,4.473e-05,6.153e-05,4.96e-05,4.703e-05
5.2544e-05,4.439e-05,5.877e-05,5.351e-05,4.668e-05
5.1082e-05,4.222e-05,5.871e-05,5.0765e-05,4.222e-05
5.4601e-05,4.758e-05,6.277e-05,5.434e-05,4.806e-05
4.9371e-05,4.132e-05,5.786e-05,4.91e-05,4.345e-05
5.5086e-05,4.457e-05,6.694e-05,5.5495e-05,4.457e-05
5.0555e-05,4.394e-05,5.75e-05,4.9055e-05,4.394e-05
5.4539e-05,4.663e-05,5.986e-05,5.552e-05,4.663e-05
4.7131e-05,4.161e-05,5.27e-05,4.7515e-05,4.286e-05
5.2644e-05,4.581e-05,6.044e-05,5.2205e-05,4.581e-05
4.8801e-05,4.228e-05,5.848e-05,4.7725e-05,4.41e-05
5.2548e-05,4.304e-05,6.059e-05,5.308e-05,4.524e-05
4.898e-05,4.349e-05,5.634e-05,4.7885e-05,4.349e-05
5.1271e-05,4.595e-05,5.857e-05,5.168e-05,4.595e-05
5.0246e-05,4.424e-05,5.604e-05,5.0605e-05,4.704e-05
5.169e-05,4.515e-05,6.112e-05,5.0115e-05,4.71e-05
5.298e-05,4.483e-05,5.734e-05,5.4405e-05,4.679e-05
5.1763e-05,4.803e-05,5.953e-05,4.9885e-05,5.068e-05
5.4416e-05,4.551e-05,6.053e-05,5.5715e-05,4.551e-05
5.0886e-05,4.672e-05,5.732e-05,4.98e-05,4.956e-05
5.6563e-05,4.544e-05,6.702e-05,5.7765e-05,4.544e-05
5.0413e-05,4.247e-05,5.917e-05,4.961e-05,4.482e-05
5.5724e-05,4.508e-05,6.67e-05,5.6485e-05,4.508e-05
4.9631e-05,4.274e-05,5.717e-05,4.889e-05,4.505e-05
5.5383e-05,4.512e-05,6.734e-05,5.579e-05,4.512e-05
4.9112e-05,4.114e-05,5.744e-05,4.952e-05,4.281e-05
5.3067e-05,4.668e-05,6.255e-05,5.1855e-05,4.71e-05
4.9423e-05,4.281e-05,5.821e-05,4.874e-05,4.553e-05
5.2516e-05,4.355e-05,6.014e-05,5.1995e-05,4.706e-05
5.1704e-05,4.395e-05,5.815e-05,5.169e-05,4.395e-05
5.254e-05,4.532e-05,6.146e-05,5.185e-05,4.752e-05
5.7602e-05,4.812e-05,6.578e-05,5.859e-05,5.017e-05
5.3011e-05,4.428e-05,6.15e-05,5.1955e-05,5.074e-05
5.7263e-05,5.111e-05,6.203e-05,5.7805e-05,6.203e-05
5.1566e-05,4.658e-05,5.845e-05,5.1195e-05,4.658e-05
5.9257e-05,5.047e-05,6.516e-05,6.2035e-05,6.516e-05
4.9979e-05,4.444e-05,5.828e-05,4.901e-05,4.444e-05
5.7506e-05,5.017e-05,6.351e-05,5.9095e-05,6.185e-05
4.8829e-05,4.367e-05,5.713e-05,4.7505e-05,4.408e-05
5.5601e-05,4.87e-05,6.079e-05,5.6585e-05,5.741e-05
4.8169e-05,4.053e-05,5.408e-05,4.8955e-05,4.314e-05
5.31e-05,4.647e-05,6.109e-05,5.3805e-05,4.647e-05
4.8777e-05,4.221e-05,5.794e-05,4.837e-05,4.364e-05
5.189e-05,4.334e-05,6.111e-05,5.0925e-05,4.52e-05
4.8087e-05,4.195e-05,5.669e-05,4.7865e-05,4.361e-05
5.1595e-05,4.35e-05,5.959e-05,5.095e-05,4.563e-05
5.3589e-05,4.534e-05,6.304e-05,5.2725e-05,4.534e-05
5.1517e-05,4.257e-05,5.963e-05,5.0235e-05,4.558e-05
5.4367e-05,4.351e-05,6.147e-05,5.5965e-05,4.351e-05
5.2359e-05,4.875e-05,5.933e-05,5.0685e-05,5.148e-05
5.4657e-05,4.476e-05,6.151e-05,5.6715e-05,4.476e-05
5.0375e-05,4.552e-05,5.808e-05,4.8615e-05,4.917e-05
5.6481e-05,4.513e-05,6.831e-05,5.757e-05,4.513e-05
4.9243e-05,4.038e-05,5.78e-05,4.8805e-05,4.356e-05
5.5631e-05,4.572e-05,6.609e-05,5.676e-05,4.572e-05
4.7975e-05,3.995e-05,5.628e-05,4.729e-05,4.324e-05
5.4493e-05,4.369e-05,6.599e-05,5.579e-05,4.369e-05
4.8155e-05,4.022e-05,5.582e-05,4.7665e-05,4.282e-05
5.3222e-05,4.624e-05,6.397e-05,5.2565e-05,4.624e-05
4.918e-05,4.26e-05,5.908e-05,4.791e-05,4.562e-05
5.2791e-05,4.365e-05,6.043e-05,5.216e-05,4.632e-05
5.0936e-05,4.236e-05,5.749e-05,5.1765e-05,4.236e-05
5.1789e-05,4.583e-05,5.965e-05,5.0935e-05,4.637e-05
5.0196e-05,4.244e-05,5.613e-05,5.077e-05,4.541e-05
5.2189e-05,4.519e-05,6.256e-05,5.0165e-05,4.834e-05
5.2934e-05,4.415e-05,5.894e-05,5.424e-05,4.702e-05
4.9231e-05,4.508e-05,5.628e-05,4.762e-05,4.707e-05
5.4796e-05,4.884e-05,6.31e-05,5.423e-05,4.884e-05
4.9964e-05,4.057e-05,5.743e-05,5.0865e-05,4.318e-05
5.3526e-05,4.668e-05,6.108e-05,5.4035e-05,4.668e-05
4.8706e-05,4.058e-05,5.661e-05,4.8265e-05,4.328e-05
5.4226e-05,4.376e-05,6.408e-05,5.591e-05,4.376e-05
4.7905e-05,4.032e-05,5.495e-05,4.7165e-05,4.367e-05
5.2585e-05,4.5e-05,6.287e-05,5.214e-05,4.598e-05
4.889e-05,4.266e-05,5.931e-05,4.7595e-05,4.443e-05
5.212e-05,4.31e-05,6.042e-05,5.172e-05,4.594e-05
4.8719e-05,4.261e-05,5.616e-05,4.733e-05,4.385e-05
5.1078e-05,4.414e-05,5.806e-05,5.0905e-05,4.71e-05
5.1154e-05,4.279e-05,5.536e-05,5.242e-05,4.279e-05
5.033e-05,4.377e-05,5.564e-05,5.0325e-05,4.65e-05
5.2997e-05,4.732e-05,5.712e-05,5.3895e-05,4.732e-05
5.0085e-05,4.502e-05,5.711e-05,4.936e-05,4.787e-05
5.3146e-05,4.631e-05,5.945e-05,5.356e-05,4.701e-05
5.1842e-05,4.239e-05,5.985e-05,5.0445e-05,5.053e-05
5.5745e-05,4.665e-05,6.762e-05,5.7125e-05,4.665e-05
4.9415e-05,4.073e-05,5.762e-05,4.921e-05,4.363e-05
5.6418e-05,4.452e-05,6.845e-05,5.7515e-05,4.452e-05
5.0624e-05,4.488e-05,5.839e-05,4.978e-05,4.488e-05
5.5294e-05,4.516e-05,6.324e-05,5.6925e-05,4.516e-05
4.7696e-05,4.048e-05,5.55e-05,4.7125e-05,4.291e-05
5.4424e-05,4.476e-05,6.357e-05,5.4895e-05,4.476e-05
4.9626e-05,4.202e-05,5.827e-05,4.957e-05,4.48e-05
5.229e-05,4.351e-05,6.04e-05,5.3055e-05,4.55e-05
5.0482e-05,4.372e-05,5.658e-05,5.172e-05,4.55e-05
5.1688e-05,4.402e-05,5.978e-05,5.024e-05,4.886e-05
5.044e-05,4.302e-05,5.671e-05,5.0905e-05,4.602e-05
5.29e-05,4.798e-05,6.243e-05,5.1945e-05,4.867e-05
5.3896e-05,4.445e-05,6.133e-05,5.4365e-05,4.837e-05
5.0668e-05,4.684e-05,5.769e-05,4.9035e-05,4.915e-05
5.6e-05,4.627e-05,6.456e-05,5.6945e-05,4.627e-05
4.9566e-05,4.137e-05,5.721e-05,4.931e-05,4.39e-05
5.6019e-05,4.62e-05,6.803e-05,5.5735e-05,4.62e-05
4.9256e-05,4.095e-05,5.687e-05,4.871e-05,4.33e-05
5.4086e-05,4.398e-05,6.321e-05,5.5305e-05,4.398e-05
4.8234e-05,4.024e-05,5.581e-05,4.822e-05,4.278e-05
5.3376e-05,4.348e-05,6.148e-05,5.4745e-05,4.348e-05
4.927e-05,4.312e-05,5.845e-05,4.7285e-05,4.456e-05
5.198e-05,4.328e-05,6.106e-05,5.15e-05,4.564e-05
4.8025e-05,4.173e-05,5.538e-05,4.729e-05,4.371e-05
5.1346e-05,4.296e-05,5.886e-05,5.1475e-05,4.552e-05
5.0218e-05,4.17e-05,5.511e-05,5.116e-05,4.17e-05
5.1021e-05,4.53e-05,5.802e-05,5.0375e-05,4.761e-05
5.1809e-05,4.388e-05,5.596e-05,5.387e-05,4.388e-05
5.081e-05,4.366e-05,5.822e-05,4.995e-05,5.142e-05
5.4092e-05,4.366e-05,6.105e-05,5.6105e-05,4.366e-05
5.0127e-05,4.578e-05,5.757e-05,4.818e-05,4.838e-05
5.625e-05,4.513e-05,6.803e-05,5.726e-05,4.513e-05
4.9585e-05,4.169e-05,5.917e-05,4.8645e-05,4.432e-05
5.4209e-05,4.595e-05,6.517e-05,5.3205e-05,4.736e-05
4.8606e-05,3.981e-05,5.645e-05,4.8585e-05,4.297e-05
5.4659e-05,4.429e-05,6.598e-05,5.523e-05,4.429e-05
4.8315e-05,3.943e-05,5.599e-05,4.872e-05,4.246e-05
5.243e-05,4.528e-05,6.182e-05,5.2495e-05,4.528e-05
4.8631e-05,4.24e-05,5.755e-05,4.7705e-05,4.439e-05
5.2065e-05,4.351e-05,6.044e-05,5.143e-05,4.585e-05
5.1725e-05,4.388e-05,5.768e-05,5.2385e-05,4.632e-05
5.2241e-05,4.651e-05,6.127e-05,5.0515e-05,4.737e-05
5.0864e-05,4.404e-05,5.756e-05,5.1e-05,4.736e-05
5.29e-05,4.814e-05,6.134e-05,5.127e-05,4.935e-05
5.3791e-05,4.427e-05,6.136e-05,5.4185e-05,4.667e-05
5.0222e-05,4.597e-05,5.789e-05,4.8745e-05,4.87e-05
5.5894e-05,4.473e-05,6.802e-05,5.726e-05,4.473e-05
4.9979e-05,4.142e-05,5.847e-05,4.9765e-05,4.386e-05
5.5624e-05,4.506e-05,6.715e-05,5.66e-05,4.506e-05
4.9865e-05,4.246e-05,5.73e-05,4.954e-05,4.544e-05
5.4971e-05,4.445e-05,6.728e-05,5.6285e-05,4.445e-05
4.816e-05,3.976e-05,5.643e-05,4.7755e-05,4.306e-05
5.454e-05,4.433e-05,6.655e-05,5.4815e-05,4.433e-05
4.8734e-05,4.219e-05,5.867e-05,4.7865e-05,4.412e-05
5.2255e-05,4.341e-05,6.023e-05,5.185e-05,4.543e-05
4.9056e-05,4.2e-05,5.942e-05,4.7625e-05,4.2e-05
5.1712e-05,4.283e-05,6.101e-05,5.085e-05,4.483e-05
5.094e-05,4.365e-05,5.763e-05,5.0795e-05,4.538e-05
5.1505e-05,4.694e-05,5.914e-05,4.9985e-05,4.694e-05
5.3272e-05,4.472e-05,5.96e-05,5.404e-05,4.669e-05
5.1125e-05,4.723e-05,5.868e-05,4.913e-05,5.023e-05
5.4066e-05,4.345e-05,6.06e-05,5.634e-05,4.345e-05
5.0651e-05,4.669e-05,5.812e-05,4.889e-05,4.947e-05
5.6761e-05,4.562e-05,6.846e-05,5.7965e-05,4.562e-05
4.9641e-05,4.085e-05,5.753e-05,4.941e-05,4.329e-05
5.5506e-05,4.502e-05,6.665e-05,5.576e-05,4.502e-05
4.9201e-05,4.09e-05,5.734e-05,4.8725e-05,4.358e-05
5.5177e-05,4.523e-05,6.505e-05,5.5495e-05,4.523e-05
4.793e-05,3.963e-05,5.616e-05,4.785e-05,4.252e-05
5.293e-05,4.568e-05,6.322e-05,5.2305e-05,4.568e-05
4.9115e-05,4.26e-05,5.875e-05,4.817e-05,4.453e-05
5.2514e-05,4.474e-05,6.041e-05,5.1975e-05,4.544e-05
5.1225e-05,4.363e-05,5.786e-05,5.16e-05,4.572e-05
5.2856e-05,4.583e-05,6.265e-05,5.0885e-05,4.991e-05
5.1087e-05,4.362e-05,5.631e-05,5.139e-05,4.644e-05
5.1921e-05,4.686e-05,5.948e-05,5.101e-05,4.887e-05
5.4364e-05,4.645e-05,6.14e-05,5.497e-05,4.884e-05
5.1712e-05,4.481e-05,5.969e-05,5.0435e-05,4.783e-05
5.694e-05,4.638e-05,6.777e-05,5.7505e-05,4.638e-05
5.004e-05,4.149e-05,5.861e-05,5.0015e-05,4.36e-05
5.5986e-05,4.537e-05,6.832e-05,5.6785e-05,4.537e-05
4.9565e-05,4.093e-05,5.76e-05,4.9495e-05,4.384e-05
5.5233e-05,4.492e-05,6.499e-05,5.6165e-05,4.492e-05
4.7638e-05,4.023e-05,5.583e-05,4.7005e-05,4.301e-05
5.4301e-05,4.387e-05,6.621e-05,5.4485e-05,4.387e-05
4.8939e-05,4.203e-05,5.801e-05,4.786e-05,4.438e-05
5.2484e-05,4.501e-05,6.036e-05,5.2435e-05,4.578e-05
4.8515e-05,4.179e-05,5.554e-05,4.738e-05,4.346e-05
5.1745e-05,4.478e-05,5.79e-05,5.291e-05,4.53e-05
4.9893e-05,4.413e-05,5.658e-05,5.158e-05,4.413e-05
5.0646e-05,4.456e-05,5.887e-05,5.062e-05,4.611e-05
5.1825e-05,4.8e-05,5.895e-05,5.0415e-05,4.965e-05
5.051e-05,4.329e-05,5.789e-05,5.0425e-05,4.72e-05
5.251e-05,4.594e-05,6.01e-05,5.2205e-05,4.594e-05
4.9201e-05,4.315e-05,5.567e-05,4.9785e-05,4.839e-05
5.5325e-05,4.711e-05,6.51e-05,5.538e-05,4.711e-05
4.7982e-05,4.002e-05,5.56e-05,4.7585e-05,4.271e-05
5.4559e-05,4.725e-05,6.409e-05,5.4105e-05,4.725e-05
4.9049e-05,4.124e-05,5.664e-05,4.8995e-05,4.41e-05
5.542e-05,4.575e-05,6.792e-05,5.6015e-05,4.575e-05
4.8369e-05,4.031e-05,5.698e-05,4.82e-05,4.298e-05
5.3941e-05,4.307e-05,6.391e-05,5.475e-05,4.307e-05
4.9927e-05,4.55e-05,5.976e-05,4.8535e-05,4.55e-05
5.249e-05,4.427e-05,5.954e-05,5.325e-05,4.643e-05
5.147e-05,4.389e-05,5.707e-05,5.2385e-05,4.628e-05
5.188e-05,4.688e-05,6.107e-05,4.922e-05,4.688e-05
5.0975e-05,4.277e-05,5.719e-05,5.181e-05,4.519e-05
5.145e-05,4.621e-05,6.116e-05,4.9475e-05,4.621e-05
5.3638e-05,4.47e-05,6.062e-05,5.3885e-05,4.681e-05
5.0935e-05,4.709e-05,5.863e-05,4.9055e-05,4.98e-05
5.6171e-05,4.64e-05,6.519e-05,5.7055e-05,4.64e-05
5.0011e-05,4.157e-05,5.877e-05,4.942e-05,4.509e-05
5.5446e-05,4.482e-05,6.366e-05,5.6725e-05,4.482e-05
4.8824e-05,4.215e-05,5.646e-05,4.847e-05,4.332e-05
5.523e-05,4.537e-05,6.753e-05,5.5535e-05,4.537e-05
4.893e-05,4.017e-05,5.678e-05,4.9215e-05,4.314e-05
5.36e-05,4.614e-05,6.342e-05,5.2935e-05,4.614e-05
4.9074e-05,4.217e-05,5.887e-05,4.809e-05,4.394e-05
5.5435e-05,4.637e-05,6.471e-05,5.4605e-05,4.936e-05
5.3328e-05,4.804e-05,6.258e-05,5.105e-05,5.125e-05
5.1669e-05,4.459e-05,5.966e-05,5.0735e-05,4.486e-05
5.0481e-05,4.169e-05,5.723e-05,5.202e-05,4.169e-05
5.2045e-05,4.752e-05,6.107e-05,4.9865e-05,4.752e-05
5.3101e-05,4.465e-05,5.898e-05,5.4275e-05,4.682e-05
5.0469e-05,4.403e-05,5.793e-05,4.943e-05,4.752e-05
5.38e-05,4.367e-05,6.042e-05,5.576e-05,4.367e-05
5.0084e-05,4.555e-05,5.777e-05,4.8855e-05,4.943e-05
5.6721e-05,4.619e-05,6.869e-05,5.7325e-05,4.619e-05
4.9523e-05,4.117e-05,5.853e-05,4.876e-05,4.379e-05
5.5266e-05,4.528e-05,6.549e-05,5.6005e-05,4.528e-05
4.8974e-05,4.06e-05,5.679e-05,4.865e-05,4.371e-05
5.5601e-05,4.506e-05,6.767e-05,5.549e-05,4.506e-05
4.8691e-05,4.007e-05,5.652e-05,4.9035e-05,4.308e-05
5.2743e-05,4.571e-05,6.26e-05,5.2685e-05,4.571e-05
4.8794e-05,4.281e-05,5.541e-05,4.7215e-05,4.462e-05
5.2285e-05,4.491e-05,6.283e-05,5.205e-05,4.602e-05
5.1907e-05,4.416e-05,5.81e-05,5.233e-05,4.658e-05
5.328e-05,4.717e-05,6.309e-05,5.179e-05,4.957e-05
5.1195e-05,4.286e-05,5.795e-05,5.169e-05,4.588e-05
5.125e-05,4.586e-05,5.901e-05,4.9855e-05,4.586e-05
5.5694e-05,4.312e-05,6.449e-05,5.716e-05,4.921e-05
5.3721e-05,5.046e-05,6.312e-05,5.172e-05,5.317e-05
5.687e-05,4.796e-05,6.833e-05,5.7515e-05,4.796e-05
4.9924e-05,4.169e-05,5.884e-05,4.923e-05,4.407e-05
5.5918e-05,4.577e-05,6.868e-05,5.585e-05,4.577e-05
4.8736e-05,3.985e-05,5.681e-05,4.8495e-05,4.277e-05
5.379e-05,4.366e-05,6.425e-05,5.491e-05,4.366e-05
4.7915e-05,3.973e-05,5.508e-05,4.8035e-05,4.204e-05
5.3296e-05,4.613e-05,6.209e-05,5.2885e-05,4.613e-05
4.8767e-05,4.235e-05,5.862e-05,4.773e-05,4.436e-05
5.1769e-05,4.32e-05,5.966e-05,5.195e-05,4.502e-05
4.8353e-05,4.243e-05,5.645e-05,4.727e-05,4.384e-05
5.1456e-05,4.353e-05,5.975e-05,5.1125e-05,4.529e-05
5.0666e-05,4.393e-05,5.681e-05,5.05e-05,4.602e-05
5.1303e-05,4.674e-05,5.857e-05,4.951e-05,4.762e-05
5.3162e-05,4.414e-05,5.933e-05,5.399e-05,4.678e-05
5.0164e-05,4.545e-05,5.695e-05,4.8845e-05,4.805e-05
5.3389e-05,4.624e-05,6.024e-05,5.3145e-05,4.624e-05
4.9844e-05,4.228e-05,5.762e-05,4.8885e-05,4.533e-05
5.6794e-05,4.539e-05,6.921e-05,5.7095e-05,4.539e-05
4.9565e-05,4.113e-05,5.805e-05,4.953e-05,4.344e-05
5.575e-05,4.467e-05,6.611e-05,5.611e-05,4.467e-05
4.853e-05,3.975e-05,5.692e-05,4.8075e-05,4.282e-05
5.3874e-05,4.427e-05,6.316e-05,5.463e-05,4.427e-05
4.8596e-05,4.028e-05,5.7e-05,4.8445e-05,4.316e-05
5.4097e-05,4.402e-05,6.577e-05,5.5145e-05,4.402e-05
4.8376e-05,4.247e-05,5.68e-05,4.7515e-05,4.364e-05
5.172e-05,4.393e-05,5.956e-05,5.157e-05,4.545e-05
5.1257e-05,4.349e-05,5.744e-05,5.144e-05,4.557e-05
5.2365e-05,4.801e-05,5.969e-05,5.0945e-05,4.859e-05
5.0921e-05,4.396e-05,5.735e-05,5.099e-05,4.442e-05
5.1261e-05,4.571e-05,6.08e-05,4.949e-05,4.649e-05
5.3494e-05,4.415e-05,6.062e-05,5.431e-05,4.685e-05
4.9626e-05,4.521e-05,5.72e-05,4.768e-05,4.812e-05
5.461e-05,4.712e-05,6.201e-05,5.504e-05,4.819e-05
4.9506e-05,4.116e-05,5.669e-05,4.9545e-05,4.357e-05
5.5477e-05,4.548e-05,6.764e-05,5.523e-05,4.548e-05
4.8973e-05,4.047e-05,5.697e-05,4.848e-05,4.324e-05
5.402e-05,4.431e-05,6.385e-05,5.491e-05,4.431e-05
5.2071e-05,4.786e-05,6.404e-05,4.9185e-05,5.001e-05
5.2811e-05,4.443e-05,6.177e-05,5.1775e-05,4.618e-05
4.8909e-05,4.262e-05,5.908e-05,4.7775e-05,4.499e-05
5.2229e-05,4.37e-05,6.053e-05,5.1175e-05,4.562e-05
4.8265e-05,4.233e-05,5.631e-05,4.7335e-05,4.376e-05
5.1255e-05,4.368e-05,5.995e-05,5.1255e-05,4.522e-05
5.0755e-05,4.433e-05,5.656e-05,5.0755e-05,4.602e-05
5.1314e-05,4.492e-05,6.075e-05,4.952e-05,4.707e-05
5.1835e-05,4.267e-05,5.694e-05,5.3965e-05,4.551e-05
5.1438e-05,4.572e-05,5.941e-05,4.9985e-05,5.063e-05
5.4614e-05,4.429e-05,6.051e-05,5.679e-05,4.429e-05
5.0435e-05,4.603e-05,5.823e-05,4.863e-05,4.878e-05
5.4868e-05,4.763e-05,6.255e-05,5.506e-05,4.799e-05
4.9281e-05,4.062e-05,5.708e-05,4.917e-05,4.359e-05
5.5578e-05,4.595e-05,6.75e-05,5.5685e-05,4.595e-05
4.9531e-05,4.101e-05,5.818e-05,4.93e-05,4.392e-05
5.5204e-05,4.501e-05,6.589e-05,5.517e-05,4.501e-05
4.8464e-05,3.995e-05,5.683e-05,4.8565e-05,4.283e-05
5.3964e-05,4.378e-05,6.438e-05,5.4845e-05,4.378e-05
4.9159e-05,4.238e-05,5.676e-05,4.896e-05,4.453e-05
5.2219e-05,4.404e-05,6.079e-05,5.3e-05,4.618e-05
5.1405e-05,4.482e-05,5.753e-05,5.102e-05,4.715e-05
5.2208e-05,4.805e-05,5.889e-05,5.088e-05,4.805e-05
5.118e-05,4.332e-05,5.652e-05,5.188e-05,4.575e-05
5.1185e-05,4.665e-05,5.876e-05,4.953e-05,4.665e-05
5.6834e-05,4.947e-05,6.45e-05,5.669e-05,5.247e-05
5.1705e-05,4.326e-05,6.078e-05,5.098e-05,4.326e-05
5.6191e-05,4.712e-05,6.746e-05,5.552e-05,4.845e-05
5.0296e-05,4.17e-05,5.843e-05,5.0385e-05,4.363e-05
5.5916e-05,4.557e-05,6.732e-05,5.618e-05,4.557e-05
4.8499e-05,3.953e-05,5.661e-05,4.855e-05,4.239e-05
5.3844e-05,4.366e-05,6.448e-05,5.418e-05,4.366e-05
4.8454e-05,3.993e-05,5.738e-05,4.801e-05,4.267e-05
5.3558e-05,4.424e-05,6.348e-05,5.4175e-05,4.424e-05
4.8571e-05,4.278e-05,5.767e-05,4.7425e-05,4.476e-05
5.1806e-05,4.259e-05,5.879e-05,5.23e-05,4.531e-05
4.8303e-05,4.246e-05,5.476e-05,4.674e-05,4.355e-05
5.0761e-05,4.512e-05,5.764e-05,5.115e-05,4.512e-05
5.0276e-05,4.344e-05,5.711e-05,5.0665e-05,4.626e-05
4.9989e-05,4.426e-05,5.598e-05,4.979e-05,4.498e-05
5.16e-05,4.526e-05,5.762e-05,5.2275e-05,4.688e-05
4.9995e-05,4.288e-05,5.583e-05,4.9925e-05,4.836e-05
5.3748e-05,4.373e-05,5.918e-05,5.5795e-05,4.373e-05
5.0365e-05,4.606e-05,5.789e-05,4.8905e-05,4.882e-05
5.59e-05,4.489e-05,6.791e-05,5.687e-05,4.489e-05
4.9317e-05,4.078e-05,5.766e-05,4.883e-05,4.368e-05
5.5324e-05,4.569e-05,6.595e-05,5.6115e-05,4.569e-05
4.9141e-05,4.086e-05,5.767e-05,4.85e-05,4.38e-05
5.3554e-05,4.391e-05,6.351e-05,5.3965e-05,4.391e-05
4.8234e-05,4.03e-05,5.624e-05,4.78e-05,4.309e-05
5.4055e-05,4.374e-05,6.599e-05,5.442e-05,4.374e-05
4.9107e-05,4.269e-05,5.903e-05,4.7735e-05,4.583e-05
5.2541e-05,4.38e-05,6.029e-05,5.2445e-05,4.572e-05
5.0959e-05,4.408e-05,5.699e-05,5.13e-05,4.534e-05
5.136e-05,4.521e-05,5.927e-05,4.9785e-05,4.836e-05
5.0757e-05,4.295e-05,5.662e-05,5.1065e-05,4.58e-05
5.0325e-05,4.408e-05,5.862e-05,4.901e-05,4.809e-05
5.3035e-05,4.496e-05,5.81e-05,5.5405e-05,4.775e-05
4.9639e-05,4.442e-05,5.728e-05,4.828e-05,4.733e-05
5.5067e-05,4.783e-05,6.365e-05,5.4805e-05,4.803e-05
5.0265e-05,4.182e-05,5.883e-05,5.004e-05,4.441e-05
5.5994e-05,4.57e-05,6.802e-05,5.7175e-05,4.57e-05
4.9596e-05,4.157e-05,5.799e-05,4.913e-05,4.39e-05
5.4355e-05,4.498e-05,6.468e-05,5.49e-05,4.498e-05
4.8275e-05,4.041e-05,5.64e-05,4.8165e-05,4.264e-05
5.298e-05,4.538e-05,6.337e-05,5.238e-05,4.538e-05
4.8676e-05,4.176e-05,5.801e-05,4.7875e-05,4.338e-05
5.2431e-05,4.377e-05,6.082e-05,5.199e-05,4.527e-05
4.887e-05,4.269e-05,5.589e-05,4.739e-05,4.463e-05
5.0933e-05,4.504e-05,5.858e-05,5.1105e-05,4.56e-05
5.0668e-05,4.404e-05,5.701e-05,5.051e-05,4.727e-05
5.1028e-05,4.41e-05,6.034e-05,4.9475e-05,4.636e-05
5.269e-05,4.493e-05,5.833e-05,5.4095e-05,4.734e-05
5.0896e-05,4.37e-05,5.866e-05,5.042e-05,4.69e-05
5.358e-05,4.361e-05,5.889e-05,5.5295e-05,4.361e-05
4.9976e-05,4.584e-05,5.84e-05,4.811e-05,4.858e-05
5.4631e-05,4.652e-05,6.334e-05,5.424e-05,4.703e-05
4.9568e-05,4.16e-05,5.751e-05,4.903e-05,4.437e-05
5.4839e-05,4.469e-05,6.73e-05,5.3935e-05,4.469e-05
5.0281e-05,4.308e-05,6.035e-05,4.9805e-05,4.536e-05
5.9206e-05,5.133e-05,7.002e-05,5.9215e-05,7.002e-05
5.1147e-05,4.65e-05,5.81e-05,4.9925e-05,5.066e-05
5.5238e-05,4.776e-05,6.034e-05,5.7085e-05,5.952e-05
5.025e-05,4.623e-05,6.004e-05,4.7795e-05,4.623e-05
5.3951e-05,4.495e-05,6.156e-05,5.323e-05,4.853e-05
5.0523e-05,4.589e-05,5.617e-05,5.1075e-05,4.726e-05
5.2001e-05,4.644e-05,6.047e-05,5.09e-05,4.644e-05
5.0349e-05,4.298e-05,5.678e-05,5.0695e-05,4.559e-05
5.1804e-05,4.662e-05,6.148e-05,5.058e-05,4.662e-05
5.3157e-05,4.506e-05,5.961e-05,5.374e-05,4.722e-05
5.152e-05,4.583e-05,5.891e-05,4.992e-05,4.99e-05
5.7176e-05,4.553e-05,6.94e-05,5.9015e-05,4.553e-05
5.1797e-05,4.529e-05,6.041e-05,5.0065e-05,4.755e-05
5.6703e-05,4.682e-05,6.878e-05,5.77e-05,4.682e-05
4.981e-05,4.139e-05,5.778e-05,4.9495e-05,4.375e-05
5.5239e-05,4.458e-05,6.693e-05,5.4805e-05,4.458e-05
5.1837e-05,3.878e-05,5.885e-05,5.3645e-05,4.725e-05
5.3769e-05,4.631e-05,6.096e-05,5.367e-05,4.631e-05
4.8395e-05,4.342e-05,5.56e-05,4.6465e-05,4.499e-05
5.2148e-05,4.319e-05,5.873e-05,5.3985e-05,4.538e-05
4.8079e-05,4.339e-05,5.414e-05,4.7785e-05,4.339e-05
5.0641e-05,4.511e-05,5.805e-05,5.0695e-05,4.511e-05
5.0974e-05,4.604e-05,6.089e-05,4.8825e-05,4.863e-05
5.1292e-05,4.351e-05,6.005e-05,5.061e-05,4.849e-05
5.4767e-05,5.099e-05,6.024e-05,5.3535e-05,6.024e-05
5.1954e-05,4.726e-05,5.876e-05,5.026e-05,4.925e-05
5.7854e-05,5.16e-05,6.53e-05,5.751e-05,6.53e-05
5.159e-05,4.626e-05,5.866e-05,5.0485e-05,5.138e-05
5.402e-05,4.696e-05,6.204e-05,5.2835e-05,5.188e-05
4.8053e-05,4.204e-05,5.373e-05,4.828e-05,4.433e-05
5.355e-05,4.613e-05,6.059e-05,5.311e-05,4.613e-05
4.7748e-05,4.191e-05,5.339e-05,4.7805e-05,4.43e-05
5.2573e-05,4.696e-05,5.995e-05,5.162e-05,4.77e-05
4.9195e-05,4.134e-05,5.846e-05,4.935e-05,4.33e-05
5.1995e-05,4.393e-05,6.115e-05,5.157e-05,4.566e-05
4.8276e-05,4.212e-05,5.5e-05,4.7045e-05,4.371e-05
5.1694e-05,4.47e-05,5.928e-05,5.1895e-05,4.528e-05
5.2451e-05,4.467e-05,6.255e-05,5.1435e-05,4.622e-05
5.1436e-05,4.353e-05,5.886e-05,5.1605e-05,4.791e-05
5.0235e-05,4.539e-05,5.941e-05,4.8295e-05,4.751e-05
5.1202e-05,4.328e-05,5.894e-05,5.149e-05,4.729e-05
5.1616e-05,4.793e-05,5.792e-05,5.0695e-05,4.795e-05
4.9495e-05,4.357e-05,5.564e-05,4.981e-05,4.833e-05
5.4193e-05,4.82e-05,6.132e-05,5.424e-05,4.82e-05
4.8693e-05,4.322e-05,5.442e-05,4.875e-05,4.561e-05
5.4534e-05,4.753e-05,6.302e-05,5.5005e-05,4.753e-05
4.7961e-05,4.033e-05,5.597e-05,4.819e-05,4.322e-05
5.4029e-05,4.678e-05,6.498e-05,5.339e-05,4.678e-05
4.8201e-05,4.014e-05,5.636e-05,4.77e-05,4.317e-05
5.4248e-05,4.459e-05,6.639e-05,5.324e-05,4.459e-05
4.9342e-05,4.199e-05,5.835e-05,4.957e-05,4.379e-05
5.1856e-05,4.407e-05,6.003e-05,5.1745e-05,4.527e-05
4.8411e-05,4.199e-05,5.449e-05,4.7345e-05,4.327e-05
5.2625e-05,4.69e-05,6.216e-05,5.143e-05,4.713e-05
5.1099e-05,4.37e-05,5.729e-05,5.0965e-05,4.611e-05
5.1351e-05,4.42e-05,6.094e-05,4.947e-05,4.765e-05
5.2779e-05,4.417e-05,5.938e-05,5.51e-05,4.567e-05
5.146e-05,4.574e-05,6.032e-05,5.0205e-05,4.574e-05
5.2434e-05,4.579e-05,5.792e-05,5.3475e-05,4.579e-05
5.0092e-05,4.411e-05,5.708e-05,4.8845e-05,4.688e-05
5.601e-05,4.575e-05,6.698e-05,5.6805e-05,4.575e-05
4.9902e-05,4.123e-05,5.769e-05,4.9365e-05,4.408e-05
5.6097e-05,4.597e-05,6.713e-05,5.685e-05,4.597e-05
4.926e-05,4.044e-05,5.716e-05,4.874e-05,4.368e-05
5.4879e-05,4.48e-05,6.536e-05,5.4155e-05,4.48e-05
4.9305e-05,4.256e-05,5.834e-05,4.793e-05,4.499e-05
5.3778e-05,4.496e-05,6.423e-05,5.331e-05,4.611e-05
4.9706e-05,4.356e-05,5.998e-05,4.861e-05,4.572e-05
5.264e-05,4.365e-05,6.059e-05,5.1925e-05,4.642e-05
5.1399e-05,4.261e-05,5.875e-05,5.241e-05,4.261e-05
5.2121e-05,4.544e-05,6.117e-05,5.094e-05,4.544e-05
5.0777e-05,4.195e-05,5.735e-05,5.1395e-05,4.195e-05
5.094e-05,4.526e-05,5.912e-05,4.9155e-05,4.749e-05
5.3656e-05,4.53e-05,6.202e-05,5.3995e-05,4.817e-05
5.1364e-05,4.457e-05,5.98e-05,5.011e-05,4.769e-05
5.6531e-05,4.554e-05,6.79e-05,5.732e-05,4.554e-05
5.2205e-05,4.564e-05,6.11e-05,5.1845e-05,4.564e-05
5.5775e-05,4.775e-05,6.522e-05,5.608e-05,4.97e-05
5.1327e-05,4.225e-05,6.013e-05,5.055e-05,5.073e-05
5.8085e-05,4.922e-05,6.45e-05,6.0425e-05,6.45e-05
4.9201e-05,4.579e-05,5.646e-05,4.823e-05,4.579e-05
5.2941e-05,4.485e-05,6.219e-05,5.3645e-05,5.347e-05
4.9643e-05,4.203e-05,5.832e-05,5.0305e-05,4.545e-05
5.1454e-05,4.401e-05,6.004e-05,5.0605e-05,4.649e-05
4.9528e-05,4.43e-05,5.952e-05,4.835e-05,4.807e-05
5.2188e-05,4.353e-05,5.942e-05,5.255e-05,4.93e-05
5.096e-05,4.57e-05,5.95e-05,5.04e-05,4.955e-05
5.1598e-05,4.356e-05,6.027e-05,5.2295e-05,4.739e-05
5.1965e-05,4.754e-05,5.963e-05,5.1245e-05,4.754e-05
4.9901e-05,4.331e-05,5.431e-05,5.1685e-05,4.72e-05
5.2551e-05,4.64e-05,5.671e-05,5.3615e-05,4.64e-05
4.8806e-05,4.334e-05,5.537e-05,4.7405e-05,4.623e-05
5.4472e-05,4.749e-05,6.257e-05,5.4305e-05,4.775e-05
4.9411e-05,4.132e-05,5.855e-05,4.836e-05,4.424e-05
5.4981e-05,4.482e-05,6.581e-05,5.55e-05,4.482e-05
4.8847e-05,4.032e-05,5.67e-05,4.8415e-05,4.345e-05
5.4943e-05,4.484e-05,6.573e-05,5.595e-05,4.484e-05
4.8255e-05,4.008e-05,5.642e-05,4.7815e-05,4.269e-05
5.2026e-05,4.5e-05,6.324e-05,5.061e-05,4.5e-05
4.8236e-05,4.203e-05,5.788e-05,4.73e-05,4.383e-05
5.5286e-05,4.616e-05,6.345e-05,5.4895e-05,5.167e-05
6.065e-05,4.762e-05,8.251e-05,5.6755e-05,5.014e-05
5.2971e-05,4.496e-05,6.187e-05,5.334e-05,4.833e-05
5.2702e-05,4.289e-05,5.748e-05,5.3985e-05,5.748e-05
5.1296e-05,4.534e-05,6e-05,4.9525e-05,4.534e-05
5.6611e-05,5.268e-05,6.111e-05,5.6845e-05,6.111e-05
5.1332e-05,4.64e-05,5.644e-05,5.154e-05,4.899e-05
5.4914e-05,4.801e-05,6.216e-05,5.4475e-05,4.801e-05
4.8759e-05,4.13e-05,5.667e-05,4.8555e-05,4.351e-05
5.4464e-05,4.675e-05,6.425e-05,5.421e-05,4.675e-05
4.9579e-05,4.198e-05,5.787e-05,4.8925e-05,4.48e-05
5.5458e-05,4.493e-05,6.766e-05,5.6045e-05,4.493e-05
4.8476e-05,3.992e-05,5.658e-05,4.8745e-05,4.28e-05
5.3339e-05,4.568e-05,6.377e-05,5.3305e-05,4.64e-05
4.9129e-05,4.258e-05,6.034e-05,4.807e-05,4.412e-05
5.1738e-05,4.303e-05,6.168e-05,5.1055e-05,4.55e-05
5.0173e-05,4.502e-05,6.212e-05,4.758e-05,4.672e-05
5.1389e-05,4.295e-05,6.063e-05,5.0735e-05,4.517e-05
5.1964e-05,4.356e-05,5.739e-05,5.2575e-05,4.66e-05
5.087e-05,4.447e-05,5.867e-05,4.931e-05,4.781e-05
5.199e-05,4.363e-05,5.634e-05,5.3825e-05,4.623e-05
5.0553e-05,4.569e-05,5.835e-05,4.917e-05,5.002e-05
5.3952e-05,4.441e-05,6.006e-05,5.577e-05,4.441e-05
5.0086e-05,4.467e-05,5.771e-05,4.872e-05,4.769e-05
5.628e-05,4.588e-05,6.846e-05,5.6525e-05,4.588e-05
4.9287e-05,4.071e-05,5.769e-05,4.8505e-05,4.355e-05
5.4484e-05,4.48e-05,6.433e-05,5.5335e-05,4.48e-05
4.9188e-05,4.095e-05,5.716e-05,4.924e-05,4.439e-05
5.5534e-05,4.548e-05,6.789e-05,5.66e-05,4.548e-05
4.8048e-05,4.045e-05,5.558e-05,4.704e-05,4.289e-05
5.2982e-05,4.554e-05,6.325e-05,5.259e-05,4.614e-05
4.9106e-05,4.323e-05,5.702e-05,4.754e-05,4.543e-05
5.333e-05,4.137e-05,6.007e-05,5.5035e-05,4.137e-05
5.7096e-05,5.104e-05,6.897e-05,5.6725e-05,5.946e-05
5.2275e-05,4.211e-05,6.141e-05,5.419e-05,4.211e-05
5.115e-05,4.361e-05,5.873e-05,5.1055e-05,4.716e-05
5.1636e-05,4.551e-05,6.147e-05,5.045e-05,4.551e-05
5.3833e-05,4.431e-05,6.092e-05,5.4905e-05,4.634e-05
5.2374e-05,4.836e-05,6.15e-05,5.065e-05,5.197e-05
5.644e-05,4.586e-05,6.815e-05,5.7835e-05,4.586e-05
5.0205e-05,4.188e-05,6.035e-05,4.926e-05,4.384e-05
5.4309e-05,4.657e-05,6.406e-05,5.303e-05,4.832e-05
5.0574e-05,4.132e-05,5.88e-05,4.978e-05,4.421e-05
5.3444e-05,4.531e-05,6.375e-05,5.3225e-05,4.666e-05
4.8781e-05,4.006e-05,5.705e-05,4.8515e-05,4.402e-05
5.3699e-05,4.52e-05,6.351e-05,5.4265e-05,4.555e-05
4.8924e-05,4.285e-05,5.749e-05,4.755e-05,4.53e-05
5.1896e-05,4.397e-05,6.008e-05,5.21e-05,4.629e-05
4.8419e-05,4.22e-05,5.643e-05,4.776e-05,4.374e-05
5.1403e-05,4.291e-05,5.962e-05,5.03e-05,4.593e-05
5.0959e-05,4.231e-05,5.766e-05,5.1365e-05,4.231e-05
5.2004e-05,4.532e-05,5.966e-05,5.133e-05,4.766e-05
5.2912e-05,4.446e-05,5.793e-05,5.472e-05,4.791e-05
4.9944e-05,4.508e-05,5.817e-05,4.8345e-05,4.79e-05
5.4334e-05,4.472e-05,6.103e-05,5.6095e-05,4.472e-05
4.9726e-05,4.583e-05,5.74e-05,4.8025e-05,4.823e-05
5.5916e-05,4.467e-05,6.487e-05,5.853e-05,4.467e-05
4.7785e-05,4.03e-05,5.535e-05,4.7885e-05,4.314e-05
5.4505e-05,4.736e-05,6.243e-05,5.514e-05,4.736e-05
4.876e-05,4.102e-05,5.699e-05,4.8065e-05,4.401e-05
5.4144e-05,4.384e-05,6.366e-05,5.513e-05,4.384e-05
4.8899e-05,4.172e-05,5.763e-05,4.77e-05,4.401e-05
5.2841e-05,4.378e-05,6.211e-05,5.231e-05,4.534e-05
4.9511e-05,4.326e-05,6.011e-05,4.777e-05,4.533e-05
5.2378e-05,4.325e-05,6.136e-05,5.1375e-05,4.594e-05
5.1236e-05,4.151e-05,5.784e-05,5.2155e-05,4.151e-05
5.1892e-05,4.512e-05,5.932e-05,5.1255e-05,4.71e-05
5.0256e-05,4.41e-05,5.682e-05,5.1335e-05,4.668e-05
5.1136e-05,4.445e-05,5.752e-05,5.103e-05,4.661e-05
5.207e-05,4.601e-05,5.76e-05,5.2765e-05,4.74e-05
4.9197e-05,4.348e-05,5.467e-05,4.8525e-05,4.688e-05
5.4935e-05,4.85e-05,6.273e-05,5.4595e-05,4.85e-05
5.0141e-05,4.149e-05,5.953e-05,4.934e-05,4.413e-05
5.5085e-05,4.421e-05,6.558e-05,5.6545e-05,4.421e-05
5.3427e-05,4.547e-05,5.781e-05,5.533e-05,4.547e-05
5.3081e-05,4.621e-05,6.096e-05,5.226e-05,5.26e-05
5.3476e-05,4.341e-05,6.094e-05,5.367e-05,4.341e-05
5.6229e-05,5.115e-05,6.444e-05,5.4335e-05,5.355e-05
5.2156e-05,4.219e-05,5.982e-05,5.241e-05,4.219e-05
5.716e-05,5.127e-05,6.681e-05,5.438e-05,5.303e-05
5.2152e-05,4.49e-05,6.195e-05,5.081e-05,4.49e-05
5.6469e-05,5.052e-05,6.449e-05,5.6095e-05,5.052e-05
5.0057e-05,4.425e-05,5.679e-05,5.1085e-05,4.425e-05
5.4531e-05,4.961e-05,6.103e-05,5.3825e-05,4.961e-05
4.9555e-05,4.34e-05,5.498e-05,5.0045e-05,4.34e-05
5.836e-05,4.84e-05,9.41e-05,5.3155e-05,4.879e-05
5.2512e-05,4.283e-05,5.678e-05,5.4885e-05,5.629e-05
5.5002e-05,4.934e-05,6.376e-05,5.4855e-05,4.934e-05
5.0298e-05,4.131e-05,5.448e-05,5.18e-05,5.059e-05
5.4326e-05,4.902e-05,6.288e-05,5.383e-05,5.039e-05
5.1748e-05,4.331e-05,5.534e-05,5.3145e-05,5.067e-05
5.3114e-05,4.561e-05,5.786e-05,5.447e-05,4.561e-05
5.4533e-05,4.978e-05,6.092e-05,5.336e-05,5.246e-05
5.2399e-05,4.209e-05,6.1e-05,5.268e-05,4.209e-05
5.5094e-05,4.978e-05,6.296e-05,5.3635e-05,5.158e-05
5.266e-05,4.266e-05,6.077e-05,5.294e-05,4.266e-05
5.642e-05,5.089e-05,6.565e-05,5.434e-05,5.089e-05
5.0085e-05,4.183e-05,5.841e-05,4.9145e-05,4.183e-05
5.6171e-05,4.942e-05,6.491e-05,5.6095e-05,4.942e-05
4.9503e-05,4.401e-05,5.45e-05,5.009e-05,4.479e-05
5.3736e-05,4.665e-05,6.06e-05,5.3615e-05,4.665e-05
4.7746e-05,4.152e-05,5.263e-05,4.7925e-05,4.246e-05
5.1524e-05,4.392e-05,5.799e-05,5.1525e-05,4.649e-05
4.8166e-05,4.317e-05,5.219e-05,4.8725e-05,4.317e-05
5.1656e-05,4.681e-05,5.785e-05,5.1225e-05,4.681e-05
5.0781e-05,4.706e-05,5.898e-05,4.918e-05,4.719e-05
5.1786e-05,4.172e-05,5.969e-05,5.2175e-05,4.172e-05
5.1309e-05,4.628e-05,6.049e-05,5.103e-05,5.055e-05
5.7256e-05,4.151e-05,0.00010666,5.1425e-05,4.151e-05
5.453e-05,4.887e-05,6.303e-05,5.318e-05,5.047e-05
5.134e-05,4.248e-05,6.1e-05,5.001e-05,4.248e-05
5.5775e-05,4.986e-05,6.412e-05,5.574e-05,4.986e-05
4.8841e-05,4.292e-05,5.733e-05,4.896e-05,4.292e-05
5.5414e-05,4.965e-05,6.511e-05,5.4525e-05,4.969e-05
5.0679e-05,4.154e-05,5.81e-05,5.0755e-05,4.154e-05
5.485e-05,4.984e-05,6.288e-05,5.4535e-05,5.04e-05
5.0163e-05,4.409e-05,5.564e-05,5.036e-05,4.456e-05
5.423e-05,4.86e-05,6.019e-05,5.468e-05,4.91e-05
5.132e-05,4.625e-05,5.613e-05,5.148e-05,4.625e-05
5.3569e-05,4.884e-05,5.965e-05,5.3225e-05,4.884e-05
4.993e-05,4.479e-05,5.489e-05,5e-05,4.479e-05
5.3709e-05,4.855e-05,6.168e-05,5.2665e-05,4.877e-05
5.484e-05,5.016e-05,6.45e-05,5.2995e-05,5.124e-05
5.3283e-05,4.343e-05,6.145e-05,5.3215e-05,4.343e-05
6.138e-05,5.561e-05,7.115e-05,6.02e-05,6.115e-05
5.4001e-05,4.338e-05,6.247e-05,5.4315e-05,4.338e-05
5.5987e-05,5.053e-05,6.364e-05,5.5305e-05,5.162e-05
5.3041e-05,4.41e-05,6.21e-05,5.268e-05,4.41e-05
5.7453e-05,5.172e-05,6.736e-05,5.584e-05,5.172e-05
5.1415e-05,4.384e-05,6.111e-05,4.978e-05,4.384e-05
5.6943e-05,5.062e-05,6.517e-05,5.718e-05,5.062e-05
5.0231e-05,4.53e-05,5.595e-05,5.0585e-05,4.53e-05
5.5064e-05,4.898e-05,6.443e-05,5.281e-05,4.898e-05
4.8551e-05,4.064e-05,5.424e-05,4.998e-05,4.248e-05
5.2333e-05,4.688e-05,6.105e-05,5.091e-05,4.732e-05
4.9751e-05,4.266e-05,5.617e-05,4.973e-05,4.397e-05
5.1966e-05,4.639e-05,5.816e-05,5.0075e-05,4.872e-05
5.0621e-05,4.479e-05,5.73e-05,5.0045e-05,4.784e-05
5.2159e-05,4.301e-05,6.077e-05,5.1805e-05,4.301e-05
5.3673e-05,4.729e-05,6.312e-05,5.132e-05,5.059e-05
5.1653e-05,4.611e-05,5.997e-05,4.9985e-05,4.653e-05
5.428e-05,4.613e-05,6.238e-05,5.339e-05,4.613e-05
5.0576e-05,4.551e-05,5.908e-05,4.8915e-05,4.596e-05
5.4039e-05,4.785e-05,6.331e-05,5.278e-05,4.785e-05
4.9359e-05,4.359e-05,5.699e-05,4.8865e-05,4.389e-05
5.3506e-05,4.831e-05,6.223e-05,5.1965e-05,4.831e-05
4.8994e-05,4.271e-05,5.67e-05,4.8495e-05,4.418e-05
5.3888e-05,4.433e-05,6.214e-05,5.296e-05,4.433e-05
4.868e-05,4.336e-05,5.656e-05,4.707e-05,4.484e-05
5.3211e-05,4.408e-05,6.065e-05,5.3015e-05,4.408e-05
4.8927e-05,4.387e-05,5.793e-05,4.782e-05,4.387e-05
5.2491e-05,4.701e-05,5.986e-05,5.1695e-05,4.78e-05
5.0006e-05,4.379e-05,5.887e-05,4.8425e-05,4.379e-05
5.207e-05,4.578e-05,5.962e-05,5.2655e-05,4.601e-05
5.1835e-05,4.746e-05,6.053e-05,5.035e-05,4.843e-05
5.1438e-05,4.139e-05,6.002e-05,5.136e-05,4.139e-05
5.3818e-05,4.886e-05,6.147e-05,5.227e-05,5.017e-05
5.157e-05,4.238e-05,5.945e-05,5.136e-05,4.238e-05
5.3159e-05,4.772e-05,6.074e-05,5.189e-05,4.958e-05
5.0482e-05,4.126e-05,6.008e-05,4.9915e-05,4.126e-05
5.4401e-05,4.837e-05,6.307e-05,5.3845e-05,4.837e-05
4.8255e-05,4.2e-05,5.435e-05,4.8715e-05,4.2e-05
5.3776e-05,4.684e-05,6.145e-05,5.3365e-05,4.684e-05
4.8451e-05,4.129e-05,5.383e-05,4.9295e-05,4.244e-05
5.3689e-05,4.699e-05,6.295e-05,5.3125e-05,5.002e-05
4.8475e-05,4.141e-05,5.471e-05,4.905e-05,4.307e-05
5.146e-05,4.578e-05,5.875e-05,5.102e-05,4.631e-05
4.8266e-05,4.249e-05,5.415e-05,4.819e-05,4.274e-05
5.2357e-05,4.681e-05,5.973e-05,5.1995e-05,4.681e-05
5.1246e-05,4.629e-05,5.985e-05,5.0105e-05,4.783e-05
5.1744e-05,4.205e-05,6.027e-05,5.142e-05,4.205e-05
5.2451e-05,4.728e-05,6.185e-05,5.1295e-05,5.006e-05
5.1681e-05,4.213e-05,6.2e-05,5.102e-05,4.213e-05
5.4101e-05,4.79e-05,6.218e-05,5.2995e-05,4.97e-05
5.0239e-05,4.023e-05,5.859e-05,5.031e-05,4.023e-05
5.4293e-05,4.92e-05,6.24e-05,5.2985e-05,5.026e-05
4.9158e-05,4.259e-05,5.516e-05,5.003e-05,4.259e-05
5.3979e-05,4.906e-05,6.22e-05,5.2015e-05,4.906e-05
5.0254e-05,4.393e-05,6.061e-05,5.007e-05,4.904e-05
5.4313e-05,4.406e-05,6.437e-05,5.377e-05,4.406e-05
4.8906e-05,4.132e-05,5.702e-05,4.9685e-05,4.309e-05
5.239e-05,4.692e-05,6.106e-05,5.142e-05,4.695e-05
5.01e-05,4.41e-05,5.678e-05,4.9745e-05,4.662e-05
5.3129e-05,4.67e-05,6e-05,5.356e-05,4.747e-05
4.8838e-05,4.383e-05,5.762e-05,4.755e-05,4.383e-05
5.1217e-05,4.53e-05,5.825e-05,5.037e-05,4.601e-05
5.2396e-05,4.806e-05,6.256e-05,4.997e-05,4.855e-05
5.2352e-05,4.311e-05,6.275e-05,5.1505e-05,4.311e-05
5.5016e-05,4.88e-05,6.384e-05,5.359e-05,5.156e-05
5.2355e-05,4.328e-05,6.267e-05,5.138e-05,4.328e-05
5.4159e-05,4.763e-05,6.217e-05,5.321e-05,5.013e-05
5.1284e-05,4.219e-05,6.056e-05,5.062e-05,4.219e-05
5.5194e-05,4.882e-05,6.348e-05,5.592e-05,4.89e-05
4.9011e-05,4.426e-05,5.689e-05,4.8975e-05,4.444e-05
5.4285e-05,4.827e-05,6.054e-05,5.4995e-05,4.864e-05
4.8911e-05,4.302e-05,5.636e-05,4.9375e-05,4.302e-05
5.3874e-05,4.836e-05,6.009e-05,5.3655e-05,4.856e-05
4.8855e-05,4.178e-05,5.635e-05,5.0315e-05,4.178e-05
5.2679e-05,4.702e-05,5.889e-05,5.111e-05,4.935e-05
4.8777e-05,4.398e-05,5.554e-05,4.887e-05,4.398e-05
5.1425e-05,4.661e-05,5.811e-05,5.063e-05,4.663e-05
5.1891e-05,4.788e-05,6.154e-05,4.9495e-05,4.788e-05
6.9889e-05,5.898e-05,7.934e-05,7.2705e-05,5.898e-05
4.9774e-05,4.291e-05,5.459e-05,5.1845e-05,5.244e-05
5.0454e-05,4.233e-05,5.457e-05,5.112e-05,4.233e-05
5.2143e-05,4.596e-05,5.764e-05,5.146e-05,5.038e-05
5.1204e-05,4.214e-05,5.847e-05,5.1205e-05,4.214e-05
5.5519e-05,4.953e-05,6.512e-05,5.4395e-05,5.003e-05
5.0182e-05,4.222e-05,5.955e-05,4.89e-05,4.222e-05
5.4577e-05,4.826e-05,6.403e-05,5.356e-05,4.826e-05
4.8415e-05,3.893e-05,5.639e-05,4.9095e-05,3.893e-05
5.2023e-05,4.696e-05,5.798e-05,5.18e-05,4.768e-05
4.8044e-05,4.168e-05,5.36e-05,4.895e-05,4.168e-05
5.1894e-05,4.385e-05,5.848e-05,5.199e-05,4.712e-05
4.8799e-05,4.472e-05,5.411e-05,4.7695e-05,4.472e-05
5.1818e-05,4.638e-05,5.847e-05,5.144e-05,4.685e-05
4.8219e-05,4.291e-05,5.65e-05,4.791e-05,4.291e-05
5.1099e-05,4.553e-05,5.796e-05,5.088e-05,4.582e-05
5.1425e-05,4.685e-05,5.931e-05,5.0325e-05,4.785e-05
5.1404e-05,4.217e-05,6.088e-05,5.0835e-05,4.217e-05
5.447e-05,4.808e-05,6.228e-05,5.3255e-05,4.997e-05
7.831e-05,6.949e-05,9.051e-05,7.6025e-05,6.949e-05
5.5089e-05,5.015e-05,6.299e-05,5.3805e-05,5.094e-05
5.0183e-05,4.223e-05,5.823e-05,4.9115e-05,4.223e-05
5.3973e-05,4.69e-05,6.397e-05,5.287e-05,4.69e-05
4.9554e-05,4.232e-05,5.713e-05,4.9945e-05,4.43e-05
5.4098e-05,4.818e-05,6.269e-05,5.248e-05,4.818e-05
4.8861e-05,4.255e-05,5.599e-05,4.874e-05,4.302e-05
5.2684e-05,4.569e-05,6.111e-05,5.2205e-05,4.569e-05
4.8108e-05,4.168e-05,5.345e-05,4.767e-05,4.31e-05
5.2266e-05,4.595e-05,5.874e-05,5.3535e-05,4.595e-05
4.8409e-05,4.41e-05,5.465e-05,4.762e-05,4.41e-05
5.107e-05,4.631e-05,5.744e-05,5.072e-05,4.651e-05
5.1367e-05,4.657e-05,5.974e-05,4.975e-05,4.816e-05
5.219e-05,4.3e-05,6.213e-05,5.148e-05,4.3e-05
5.1662e-05,4.65e-05,6.124e-05,5.0235e-05,4.898e-05
5.1616e-05,4.243e-05,6.161e-05,5.0925e-05,4.243e-05
5.3738e-05,4.771e-05,6.202e-05,5.241e-05,4.945e-05
5.0074e-05,3.986e-05,5.823e-05,4.997e-05,3.986e-05
5.3801e-05,4.912e-05,6.251e-05,5.1955e-05,4.951e-05
4.9235e-05,4.071e-05,5.66e-05,4.9475e-05,4.071e-05
5.3512e-05,4.883e-05,6.139e-05,5.1825e-05,4.883e-05
4.8689e-05,4.23e-05,5.376e-05,4.974e-05,4.23e-05
5.313e-05,4.403e-05,5.854e-05,5.4235e-05,4.858e-05
4.7514e-05,4.171e-05,5.292e-05,4.8995e-05,4.178e-05
5.2463e-05,4.435e-05,5.783e-05,5.293e-05,4.735e-05
4.9311e-05,4.425e-05,5.386e-05,4.961e-05,4.425e-05
5.169e-05,4.573e-05,5.758e-05,5.1555e-05,4.743e-05
4.842e-05,4.261e-05,5.572e-05,4.788e-05,4.261e-05
5.1315e-05,4.576e-05,5.745e-05,5.125e-05,4.576e-05
5.2026e-05,4.675e-05,6.017e-05,5.16e-05,4.941e-05
5.1669e-05,4.265e-05,6.081e-05,5.1085e-05,4.265e-05
5.396e-05,4.798e-05,6.217e-05,5.225e-05,4.984e-05
5.1706e-05,4.156e-05,5.947e-05,5.212e-05,4.156e-05
5.3885e-05,4.874e-05,6.182e-05,5.2265e-05,5.13e-05
5.088e-05,4.197e-05,6.035e-05,5.053e-05,4.197e-05
5.5526e-05,5.015e-05,6.542e-05,5.3575e-05,5.015e-05
4.9979e-05,4.251e-05,5.97e-05,4.849e-05,4.251e-05
5.4839e-05,4.857e-05,6.382e-05,5.4745e-05,4.88e-05
4.8936e-05,4.306e-05,5.641e-05,4.815e-05,4.433e-05
5.3043e-05,4.698e-05,6.125e-05,5.1475e-05,4.698e-05
4.8021e-05,4.251e-05,5.507e-05,4.6975e-05,4.251e-05
5.2909e-05,4.605e-05,6.031e-05,5.194e-05,4.605e-05
4.9364e-05,4.274e-05,5.705e-05,4.903e-05,4.381e-05
5.2735e-05,4.677e-05,6.253e-05,5.2045e-05,4.736e-05
5.2329e-05,4.722e-05,6.215e-05,5.0985e-05,4.974e-05
6.0956e-05,5.464e-05,7.131e-05,5.9715e-05,5.464e-05
5.1374e-05,4.617e-05,6.095e-05,5.007e-05,4.89e-05
5.1326e-05,4.053e-05,6.004e-05,5.1815e-05,4.053e-05
5.3721e-05,4.851e-05,6.07e-05,5.2735e-05,4.993e-05
5.0756e-05,4.104e-05,5.895e-05,5.053e-05,4.104e-05
5.513e-05,4.989e-05,6.415e-05,5.405e-05,5.023e-05
4.9445e-05,4.366e-05,5.706e-05,4.8175e-05,4.366e-05
5.354e-05,4.771e-05,6.213e-05,5.247e-05,4.771e-05
4.862e-05,4.259e-05,5.571e-05,4.775e-05,4.33e-05
5.336e-05,4.74e-05,6.227e-05,5.149e-05,4.74e-05
4.8014e-05,4.224e-05,5.562e-05,4.7075e-05,4.278e-05
5.2465e-05,4.633e-05,6.11e-05,5.126e-05,4.633e-05
4.9586e-05,4.319e-05,5.802e-05,4.964e-05,4.457e-05
5.2869e-05,4.684e-05,6.018e-05,5.3375e-05,4.715e-05
4.8552e-05,4.365e-05,5.628e-05,4.826e-05,4.365e-05
5.2174e-05,4.332e-05,5.895e-05,5.243e-05,4.332e-05
5.2515e-05,4.662e-05,6.154e-05,5.192e-05,5.049e-05
5.1919e-05,4.26e-05,6.213e-05,5.071e-05,4.26e-05
5.4988e-05,4.893e-05,6.237e-05,5.485e-05,5.014e-05
5.1363e-05,4.148e-05,5.94e-05,5.137e-05,4.148e-05
5.3695e-05,4.87e-05,6.105e-05,5.231e-05,5.016e-05
5.0358e-05,4.153e-05,5.928e-05,4.9855e-05,4.153e-05
5.5039e-05,4.904e-05,6.475e-05,5.419e-05,4.904e-05
4.9449e-05,4.139e-05,5.869e-05,4.8345e-05,4.139e-05
5.4412e-05,4.809e-05,6.362e-05,5.3195e-05,4.809e-05
4.8134e-05,4.254e-05,5.469e-05,4.763e-05,4.295e-05
5.741e-05,4.679e-05,6.541e-05,5.9655e-05,4.679e-05
4.8768e-05,4.078e-05,5.641e-05,4.958e-05,4.878e-05
5.3364e-05,4.39e-05,6.377e-05,5.2935e-05,5.029e-05
5.0529e-05,4.183e-05,5.545e-05,5.1475e-05,4.877e-05
5.3981e-05,4.852e-05,6.331e-05,5.317e-05,4.898e-05
7.9777e-05,4.323e-05,9.058e-05,8.513e-05,9.058e-05
5.1085e-05,4.356e-05,5.61e-05,5.253e-05,4.356e-05
5.0469e-05,4.474e-05,5.77e-05,4.934e-05,4.903e-05
5.1335e-05,4.171e-05,5.885e-05,5.096e-05,4.171e-05
5.3154e-05,4.818e-05,6.063e-05,5.1165e-05,4.963e-05
5.0449e-05,4.036e-05,5.8e-05,5.067e-05,4.036e-05
5.4571e-05,5.017e-05,6.349e-05,5.22e-05,5.039e-05
4.9969e-05,4.226e-05,5.855e-05,4.8955e-05,4.226e-05
5.4161e-05,4.837e-05,6.342e-05,5.35e-05,4.853e-05
4.8678e-05,4.295e-05,5.549e-05,4.8295e-05,4.295e-05
5.3039e-05,4.711e-05,6.219e-05,5.145e-05,4.711e-05
4.8181e-05,4.205e-05,5.518e-05,4.8e-05,4.309e-05
5.2916e-05,4.695e-05,6.206e-05,5.133e-05,4.695e-05
4.9079e-05,4.262e-05,5.568e-05,4.953e-05,4.355e-05
5.2384e-05,4.732e-05,5.914e-05,5.1535e-05,4.732e-05
4.905e-05,4.481e-05,5.547e-05,4.822e-05,4.481e-05
5.2336e-05,4.567e-05,5.953e-05,5.3355e-05,4.612e-05
5.2111e-05,4.818e-05,6.003e-05,5.035e-05,4.835e-05
5.2166e-05,4.305e-05,5.958e-05,5.164e-05,4.305e-05
5.4651e-05,4.903e-05,6.349e-05,5.279e-05,5.289e-05
5.2292e-05,4.289e-05,6.213e-05,5.138e-05,4.289e-05
5.4076e-05,4.699e-05,6.202e-05,5.3335e-05,4.952e-05
5.0149e-05,4.142e-05,5.944e-05,4.931e-05,4.142e-05
5.5486e-05,4.965e-05,6.51e-05,5.371e-05,4.965e-05
5.2083e-05,4.284e-05,5.769e-05,5.215e-05,4.284e-05
5.45e-05,4.536e-05,6.411e-05,5.3825e-05,5.325e-05
4.96e-05,4.301e-05,5.732e-05,4.861e-05,4.301e-05
5.4176e-05,4.902e-05,6.188e-05,5.3325e-05,4.902e-05
4.7651e-05,4.159e-05,5.275e-05,4.8265e-05,4.159e-05
5.1749e-05,4.631e-05,5.863e-05,5.173e-05,4.638e-05
4.9672e-05,4.503e-05,5.468e-05,4.9635e-05,4.516e-05
5.2605e-05,4.607e-05,5.869e-05,5.407e-05,4.622e-05
5.1323e-05,4.686e-05,5.933e-05,4.945e-05,4.829e-05
5.2766e-05,4.351e-05,6.277e-05,5.1875e-05,4.351e-05
5.1989e-05,4.647e-05,6.225e-05,5.0745e-05,5.018e-05
5.0762e-05,4.026e-05,5.91e-05,5.0895e-05,4.026e-05
5.364e-05,4.967e-05,6.03e-05,5.229e-05,5.044e-05
5.0668e-05,4.462e-05,5.842e-05,4.945e-05,4.462e-05
5.5246e-05,4.946e-05,6.429e-05,5.457e-05,4.946e-05
4.995e-05,4.398e-05,5.623e-05,4.949e-05,4.488e-05
5.2826e-05,4.526e-05,5.955e-05,5.363e-05,4.746e-05
4.7884e-05,4.339e-05,5.27e-05,4.7815e-05,4.339e-05
5.2589e-05,4.567e-05,5.902e-05,5.298e-05,4.748e-05
4.7821e-05,4.166e-05,5.439e-05,4.8345e-05,4.216e-05
5.2392e-05,4.599e-05,6.108e-05,5.1815e-05,4.623e-05
4.8772e-05,4.208e-05,5.497e-05,4.929e-05,4.349e-05
5.2484e-05,4.684e-05,5.978e-05,5.2625e-05,4.697e-05
4.877e-05,4.428e-05,5.797e-05,4.775e-05,4.428e-05
5.2542e-05,4.597e-05,5.926e-05,5.328e-05,4.691e-05
5.1962e-05,4.752e-05,6.022e-05,4.986e-05,4.752e-05
5.1814e-05,4.255e-05,6.061e-05,5.156e-05,4.255e-05
5.4795e-05,4.912e-05,6.363e-05,5.2855e-05,5.161e-05
5.1826e-05,4.296e-05,6.174e-05,5.1005e-05,4.296e-05
5.4181e-05,4.742e-05,6.185e-05,5.3465e-05,4.969e-05
5.0706e-05,4.189e-05,6.069e-05,4.9995e-05,4.189e-05
5.5829e-05,4.986e-05,6.554e-05,5.5125e-05,4.986e-05
4.9215e-05,4.126e-05,5.802e-05,4.8185e-05,4.126e-05
5.4931e-05,4.875e-05,6.321e-05,5.519e-05,4.884e-05
4.8013e-05,4.176e-05,5.554e-05,4.9145e-05,4.176e-05
5.2669e-05,4.734e-05,5.982e-05,5.1875e-05,4.736e-05
4.7799e-05,4.269e-05,5.64e-05,4.764e-05,4.269e-05
5.2918e-05,4.668e-05,5.981e-05,5.3425e-05,4.715e-05
7.8154e-05,4.283e-05,9.122e-05,8.8865e-05,8.362e-05
5.1756e-05,4.29e-05,5.76e-05,5.2805e-05,4.918e-05
5.1335e-05,4.577e-05,5.921e-05,5.1075e-05,5.039e-05
5.2252e-05,4.29e-05,6.159e-05,5.167e-05,4.29e-05
5.1605e-05,4.639e-05,6.132e-05,5.0105e-05,4.923e-05
5.1586e-05,4.085e-05,5.941e-05,5.207e-05,4.085e-05
5.39e-05,4.922e-05,6.246e-05,5.249e-05,5.264e-05
5.0926e-05,4.081e-05,6.022e-05,5.084e-05,4.081e-05
5.5796e-05,4.994e-05,6.615e-05,5.441e-05,5.087e-05
5.0542e-05,4.365e-05,6.024e-05,4.881e-05,4.365e-05
5.4724e-05,4.891e-05,6.345e-05,5.4345e-05,4.891e-05
4.8355e-05,4.205e-05,5.353e-05,4.9275e-05,4.205e-05
5.2567e-05,4.664e-05,6.023e-05,5.1175e-05,4.787e-05
4.7574e-05,4.076e-05,5.412e-05,4.751e-05,4.238e-05
5.2031e-05,4.603e-05,6.067e-05,5.0575e-05,4.603e-05
4.9081e-05,4.229e-05,5.563e-05,4.912e-05,4.398e-05
5.2401e-05,4.672e-05,6.021e-05,5.0785e-05,4.788e-05
4.9691e-05,4.388e-05,5.749e-05,4.812e-05,4.388e-05
5.2304e-05,4.555e-05,5.896e-05,5.297e-05,4.617e-05
5.1717e-05,4.722e-05,5.917e-05,4.963e-05,4.722e-05
5.1572e-05,4.184e-05,6.026e-05,5.119e-05,4.184e-05
5.5019e-05,4.859e-05,6.267e-05,5.4205e-05,5.07e-05
5.1505e-05,4.146e-05,5.976e-05,5.208e-05,4.146e-05
5.3214e-05,4.896e-05,6.062e-05,5.153e-05,4.998e-05
5.0856e-05,4.266e-05,6.03e-05,4.973e-05,4.266e-05
5.531e-05,4.921e-05,6.482e-05,5.49e-05,4.921e-05
4.8715e-05,4.371e-05,5.502e-05,4.8215e-05,4.371e-05
5.4525e-05,4.432e-05,6.167e-05,5.4365e-05,4.432e-05
4.8675e-05,4.379e-05,5.538e-05,4.8055e-05,4.499e-05
5.322e-05,4.677e-05,6.028e-05,5.251e-05,4.677e-05
4.769e-05,4.151e-05,5.319e-05,4.806e-05,4.232e-05
5.229e-05,4.58e-05,6.124e-05,5.1715e-05,4.598e-05
4.9571e-05,4.326e-05,5.614e-05,4.975e-05,4.408e-05
5.3085e-05,4.728e-05,6.106e-05,5.3075e-05,4.728e-05
5.3024e-05,4.893e-05,6.327e-05,5.163e-05,5.029e-05
5.2655e-05,4.401e-05,6.33e-05,5.135e-05,4.401e-05
5.192e-05,4.662e-05,6.203e-05,5.075e-05,4.979e-05
5.0829e-05,4.077e-05,5.952e-05,5.065e-05,4.077e-05
5.5204e-05,4.932e-05,6.169e-05,5.4355e-05,5.004e-05
5.0619e-05,4.574e-05,5.821e-05,4.8625e-05,4.59e-05
5.4479e-05,4.458e-05,6.348e-05,5.452e-05,4.458e-05
4.937e-05,4.362e-05,5.615e-05,4.909e-05,4.408e-05
5.3767e-05,4.722e-05,6.248e-05,5.303e-05,4.722e-05
4.8379e-05,4.219e-05,5.504e-05,4.8785e-05,4.268e-05
5.2651e-05,4.627e-05,6.03e-05,5.188e-05,4.627e-05
4.735e-05,4.109e-05,5.388e-05,4.73e-05,4.256e-05
5.2599e-05,4.6e-05,6.19e-05,5.207e-05,4.671e-05
4.8584e-05,4.206e-05,5.551e-05,4.926e-05,4.306e-05
5.2085e-05,4.65e-05,5.868e-05,5.2445e-05,4.65e-05
4.8453e-05,4.371e-05,5.642e-05,4.8245e-05,4.371e-05
5.1623e-05,4.502e-05,5.814e-05,5.277e-05,4.552e-05
5.0936e-05,4.664e-05,5.931e-05,4.9525e-05,4.787e-05
5.1534e-05,4.295e-05,5.925e-05,5.1245e-05,4.295e-05
5.4235e-05,4.919e-05,6.189e-05,5.297e-05,5.08e-05
5.0813e-05,4.039e-05,5.823e-05,5.099e-05,4.039e-05
5.3579e-05,4.872e-05,6.236e-05,5.1545e-05,5.162e-05
5.0926e-05,4.357e-05,5.956e-05,4.981e-05,4.357e-05
5.4099e-05,4.812e-05,6.158e-05,5.4045e-05,4.812e-05
4.8514e-05,4.281e-05,5.65e-05,4.8975e-05,4.324e-05
5.4089e-05,4.92e-05,6.201e-05,5.2625e-05,4.989e-05
4.8497e-05,4.039e-05,5.638e-05,4.8265e-05,4.039e-05
5.3958e-05,4.761e-05,6.188e-05,5.4145e-05,4.761e-05
4.8053e-05,4.189e-05,5.528e-05,4.841e-05,4.189e-05
5.1741e-05,4.705e-05,5.875e-05,5.033e-05,4.705e-05
4.8679e-05,4.516e-05,5.394e-05,4.8225e-05,4.516e-05
5.1712e-05,4.645e-05,5.693e-05,5.173e-05,4.645e-05
5.1533e-05,4.553e-05,5.778e-05,5.1195e-05,4.813e-05
5.2278e-05,4.419e-05,6.012e-05,5.273e-05,4.419e-05
5.2079e-05,4.694e-05,6.162e-05,5.0915e-05,4.988e-05
5.1288e-05,4.045e-05,5.956e-05,5.17e-05,4.045e-05
5.2981e-05,4.884e-05,6.012e-05,5.1775e-05,5.006e-05
5.0964e-05,4.247e-05,6.035e-05,4.976e-05,4.247e-05
5.5265e-05,4.923e-05,6.538e-05,5.393e-05,4.951e-05
4.9642e-05,4.296e-05,5.813e-05,4.816e-05,4.296e-05
5.4185e-05,4.851e-05,6.395e-05,5.3635e-05,4.859e-05
4.9321e-05,4.206e-05,5.777e-05,4.8055e-05,4.206e-05
5.4389e-05,4.794e-05,6.275e-05,5.4465e-05,4.794e-05
4.7375e-05,4.174e-05,5.427e-05,4.7195e-05,4.24e-05
5.2741e-05,4.673e-05,6.144e-05,5.083e-05,4.673e-05
5.0691e-05,4.47e-05,6.052e-05,5.0135e-05,4.575e-05
5.3479e-05,4.724e-05,6.138e-05,5.381e-05,4.736e-05
4.9082e-05,4.317e-05,5.666e-05,4.808e-05,4.317e-05
5.2134e-05,4.626e-05,5.883e-05,5.1575e-05,4.681e-05
5.2774e-05,4.848e-05,6.229e-05,5.0775e-05,4.971e-05
5.2008e-05,4.217e-05,6.012e-05,5.201e-05,4.217e-05
5.4171e-05,4.893e-05,6.246e-05,5.218e-05,5.122e-05
5.1641e-05,4.15e-05,6.042e-05,5.1805e-05,4.15e-05
5.3906e-05,4.863e-05,6.108e-05,5.3205e-05,5.02e-05
5.0787e-05,4.208e-05,5.972e-05,5.0345e-05,4.208e-05
5.5355e-05,4.967e-05,6.507e-05,5.38e-05,4.967e-05
4.9569e-05,4.157e-05,5.726e-05,4.907e-05,4.157e-05
5.4144e-05,4.826e-05,6.04e-05,5.389e-05,4.826e-05
4.8707e-05,4.3e-05,5.316e-05,4.949e-05,4.3e-05
5.2414e-05,4.467e-05,5.789e-05,5.22e-05,4.866e-05
4.82e-05,4.209e-05,5.264e-05,4.952e-05,4.209e-05
5.4109e-05,4.255e-05,6.086e-05,5.6105e-05,4.255e-05
4.9359e-05,4.28e-05,5.668e-05,4.86e-05,4.683e-05
5.1584e-05,4.597e-05,5.815e-05,5.124e-05,4.597e-05
5.2505e-05,4.746e-05,6.005e-05,5.124e-05,4.955e-05
5.2364e-05,4.218e-05,6.102e-05,5.2135e-05,4.218e-05
5.2961e-05,4.785e-05,6.302e-05,5.236e-05,5.16e-05
5.0884e-05,4.023e-05,5.964e-05,5.0835e-05,4.023e-05
5.4403e-05,4.953e-05,6.253e-05,5.282e-05,5.122e-05
5.0889e-05,4.19e-05,5.993e-05,5.0515e-05,4.19e-05
5.5839e-05,5.019e-05,6.419e-05,5.576e-05,5.019e-05
4.9104e-05,4.302e-05,5.729e-05,4.856e-05,4.302e-05
5.4109e-05,4.915e-05,6.282e-05,5.279e-05,4.929e-05
4.8348e-05,4.225e-05,5.507e-05,4.814e-05,4.225e-05
5.3335e-05,4.792e-05,6.112e-05,5.202e-05,4.792e-05
4.7494e-05,4.136e-05,5.394e-05,4.7165e-05,4.196e-05
5.2496e-05,4.653e-05,6.171e-05,5.0895e-05,4.653e-05
4.8624e-05,4.218e-05,5.468e-05,4.907e-05,4.381e-05
5.237e-05,4.729e-05,5.952e-05,5.1915e-05,4.79e-05
4.9284e-05,4.497e-05,5.803e-05,4.776e-05,4.497e-05
5.1217e-05,4.566e-05,5.798e-05,5.0945e-05,4.585e-05
5.1491e-05,4.769e-05,6.084e-05,4.953e-05,4.769e-05
5.2555e-05,4.485e-05,6.134e-05,5.1385e-05,4.485e-05
5.4423e-05,4.757e-05,6.21e-05,5.4175e-05,5.003e-05
5.1146e-05,4.067e-05,5.987e-05,5.144e-05,4.067e-05
6.1529e-05,4.895e-05,8.518e-05,5.594e-05,8.518e-05
5.1369e-05,4.656e-05,5.853e-05,4.9835e-05,4.993e-05
5.3813e-05,4.37e-05,6.17e-05,5.4955e-05,4.966e-05
4.9796e-05,4.27e-05,5.899e-05,4.872e-05,4.744e-05
5.499e-05,4.39e-05,6.396e-05,5.5545e-05,5.238e-05
4.8554e-05,4.188e-05,5.766e-05,4.7785e-05,4.417e-05
5.3425e-05,4.25e-05,5.896e-05,5.458e-05,4.961e-05
4.8935e-05,4.318e-05,5.776e-05,4.856e-05,4.463e-05
5.2547e-05,4.238e-05,5.998e-05,5.3675e-05,5.04e-05
4.8619e-05,4.407e-05,5.353e-05,4.861e-05,4.499e-05
5.207e-05,4.454e-05,5.856e-05,5.1595e-05,4.867e-05
5.0965e-05,4.298e-05,5.607e-05,5.204e-05,4.864e-05
5.1977e-05,4.52e-05,5.642e-05,5.3285e-05,4.52e-05
5.022e-05,4.439e-05,5.73e-05,4.941e-05,4.882e-05
5.1588e-05,4.325e-05,5.916e-05,5.112e-05,4.325e-05
5.37e-05,4.925e-05,6.249e-05,5.154e-05,5.109e-05
5.024e-05,4.002e-05,5.916e-05,5.0205e-05,4.002e-05
5.5119e-05,4.937e-05,6.509e-05,5.3605e-05,5.019e-05
5.0179e-05,4.227e-05,5.89e-05,4.926e-05,4.227e-05
5.4131e-05,4.851e-05,6.36e-05,5.269e-05,4.863e-05
4.914e-05,4.15e-05,5.686e-05,4.8685e-05,4.15e-05
5.3704e-05,4.78e-05,6.123e-05,5.396e-05,4.78e-05
4.7121e-05,4.166e-05,5.321e-05,4.758e-05,4.166e-05
5.2329e-05,4.613e-05,6.051e-05,5.1045e-05,4.613e-05
4.8401e-05,4.333e-05,5.575e-05,4.778e-05,4.374e-05
5.2074e-05,4.672e-05,5.899e-05,5.1615e-05,4.72e-05
4.8515e-05,4.374e-05,5.615e-05,4.749e-05,4.408e-05
5.2351e-05,4.565e-05,5.842e-05,5.347e-05,4.653e-05
5.1661e-05,4.701e-05,5.961e-05,5.01e-05,4.831e-05
5.1925e-05,4.239e-05,6.139e-05,5.1875e-05,4.239e-05
5.4965e-05,4.827e-05,6.245e-05,5.439e-05,5.046e-05
5.1123e-05,4.088e-05,6.005e-05,5.1065e-05,4.088e-05
5.3676e-05,4.859e-05,6.157e-05,5.22e-05,5.032e-05
5.0782e-05,4.185e-05,5.952e-05,5.0205e-05,4.185e-05
5.5146e-05,4.959e-05,6.51e-05,5.4225e-05,4.959e-05
4.9059e-05,4.333e-05,5.619e-05,4.887e-05,4.344e-05
5.3385e-05,4.619e-05,6.2e-05,5.2795e-05,4.619e-05
4.885e-05,4.306e-05,5.488e-05,4.89e-05,4.306e-05
5.6422e-05,4.879e-05,6.107e-05,5.6755e-05,6.04e-05
5.0636e-05,4.566e-05,5.964e-05,4.8395e-05,4.624e-05
5.2901e-05,4.434e-05,6.27e-05,5.1445e-05,5e-05
5.2026e-05,4.171e-05,5.723e-05,5.37e-05,5.405e-05
5.2942e-05,4.634e-05,6.062e-05,5.2595e-05,4.634e-05
5.1006e-05,4.112e-05,5.652e-05,5.2025e-05,5.282e-05
5.3164e-05,4.616e-05,6.067e-05,5.269e-05,4.616e-05
5.2816e-05,4.755e-05,6.348e-05,5.174e-05,5.106e-05
5.1605e-05,4.144e-05,6.061e-05,5.189e-05,4.144e-05
5.3986e-05,4.78e-05,6.125e-05,5.325e-05,4.998e-05
5.0551e-05,4.193e-05,6.053e-05,4.9245e-05,4.193e-05
5.4897e-05,4.893e-05,6.313e-05,5.4335e-05,4.893e-05
4.8641e-05,4.213e-05,5.634e-05,4.9085e-05,4.213e-05
5.3519e-05,4.845e-05,6.038e-05,5.2705e-05,4.888e-05
4.8471e-05,4.173e-05,5.437e-05,4.9335e-05,4.209e-05
5.295e-05,4.728e-05,5.887e-05,5.275e-05,4.901e-05
4.888e-05,4.243e-05,5.328e-05,5.056e-05,4.243e-05
5.2675e-05,4.748e-05,5.862e-05,5.2155e-05,4.856e-05
4.9318e-05,4.408e-05,5.423e-05,4.963e-05,4.408e-05
5.2779e-05,4.605e-05,5.801e-05,5.46e-05,4.605e-05
4.8551e-05,4.298e-05,5.512e-05,4.825e-05,4.569e-05
5.081e-05,4.613e-05,5.67e-05,5.0225e-05,4.613e-05
5.075e-05,4.509e-05,5.828e-05,4.9845e-05,4.749e-05
5.169e-05,4.305e-05,6.095e-05,5.093e-05,4.305e-05
5.475e-05,4.846e-05,6.307e-05,5.3455e-05,5.088e-05
5.077e-05,4.06e-05,5.87e-05,5.0655e-05,4.06e-05
5.332e-05,4.835e-05,6.179e-05,5.147e-05,5.082e-05
5.0033e-05,4.048e-05,5.791e-05,5.028e-05,4.048e-05
5.3948e-05,4.923e-05,6.299e-05,5.176e-05,4.942e-05
4.9405e-05,4.206e-05,5.805e-05,4.84e-05,4.206e-05
5.4706e-05,4.861e-05,6.298e-05,5.498e-05,4.861e-05
4.8301e-05,4.252e-05,5.487e-05,4.922e-05,4.269e-05
5.2242e-05,4.726e-05,5.937e-05,5.122e-05,4.731e-05
4.7785e-05,4.157e-05,5.512e-05,4.8e-05,4.157e-05
5.322e-05,4.707e-05,5.918e-05,5.4165e-05,4.778e-05
4.8373e-05,4.296e-05,5.673e-05,4.8015e-05,4.296e-05
5.1993e-05,4.668e-05,5.841e-05,5.2365e-05,4.705e-05
5.0629e-05,4.473e-05,5.811e-05,4.9745e-05,4.721e-05
5.2335e-05,4.223e-05,5.981e-05,5.2665e-05,4.223e-05
5.1417e-05,4.704e-05,5.904e-05,5.0255e-05,4.929e-05
5.1652e-05,4.203e-05,5.901e-05,5.1635e-05,4.203e-05
5.3912e-05,4.772e-05,6.148e-05,5.3385e-05,4.988e-05
5.0143e-05,4.159e-05,5.89e-05,4.942e-05,4.159e-05
5.5346e-05,4.968e-05,6.507e-05,5.3715e-05,4.968e-05
5.0019e-05,4.242e-05,5.938e-05,4.871e-05,4.242e-05
5.4033e-05,4.854e-05,6.323e-05,5.354e-05,4.854e-05
4.8247e-05,4.236e-05,5.524e-05,4.7415e-05,4.297e-05
5.4292e-05,4.426e-05,6.259e-05,5.3495e-05,4.426e-05
4.7763e-05,4.174e-05,5.417e-05,4.855e-05,4.257e-05
5.205e-05,4.563e-05,6.12e-05,5.0875e-05,4.563e-05
4.9374e-05,4.31e-05,5.652e-05,4.9415e-05,4.454e-05
5.2244e-05,4.628e-05,5.901e-05,5.2495e-05,4.628e-05
4.8458e-05,4.365e-05,5.646e-05,4.74e-05,4.365e-05
5.1534e-05,4.551e-05,5.865e-05,5.0735e-05,4.635e-05
5.2868e-05,4.47e-05,6.142e-05,5.171e-05,4.47e-05
5.1855e-05,4.304e-05,5.978e-05,5.101e-05,4.304e-05
5.3795e-05,4.897e-05,6.21e-05,5.1395e-05,4.935e-05
5.1951e-05,4.344e-05,6.164e-05,5.0725e-05,4.344e-05
5.4348e-05,4.848e-05,6.298e-05,5.28e-05,5.077e-05
5.0976e-05,4.179e-05,6.035e-05,5.0315e-05,4.179e-05
5.5134e-05,4.955e-05,6.386e-05,5.436e-05,4.955e-05
4.8829e-05,4.342e-05,5.534e-05,4.856e-05,4.342e-05
5.3414e-05,4.662e-05,6.138e-05,5.223e-05,4.662e-05
4.8995e-05,4.28e-05,5.496e-05,4.8035e-05,4.28e-05
5.3187e-05,4.706e-05,5.93e-05,5.3725e-05,4.706e-05
4.794e-05,4.201e-05,5.446e-05,4.84e-05,4.201e-05
5.2656e-05,4.756e-05,5.82e-05,5.181e-05,4.801e-05
4.9382e-05,4.337e-05,5.629e-05,4.984e-05,4.567e-05
5.1889e-05,4.663e-05,5.807e-05,5.116e-05,4.663e-05
5.1955e-05,4.513e-05,5.616e-05,5.2355e-05,4.963e-05
5.2224e-05,4.507e-05,5.625e-05,5.3525e-05,4.507e-05
5.1098e-05,4.486e-05,5.83e-05,5.0505e-05,5.081e-05
5.1787e-05,4.148e-05,5.943e-05,5.1855e-05,4.148e-05
5.5364e-05,4.952e-05,6.369e-05,5.3875e-05,5.231e-05
5.0461e-05,4.049e-05,5.831e-05,5.0795e-05,4.049e-05
5.345e-05,4.862e-05,6.209e-05,5.215e-05,4.941e-05
5.0109e-05,4.547e-05,5.836e-05,4.912e-05,4.57e-05
5.357e-05,4.583e-05,6.309e-05,5.242e-05,4.583e-05
4.915e-05,4.258e-05,5.583e-05,4.9825e-05,4.372e-05
5.3331e-05,4.692e-05,6.068e-05,5.2815e-05,4.692e-05
4.8315e-05,4.195e-05,5.622e-05,4.8115e-05,4.195e-05
5.3611e-05,4.83e-05,6.078e-05,5.3685e-05,4.869e-05
4.9909e-05,4.549e-05,5.867e-05,4.804e-05,4.549e-05
5.1955e-05,4.615e-05,5.913e-05,5.145e-05,4.692e-05
4.9284e-05,4.503e-05,5.874e-05,4.758e-05,4.503e-05
5.1751e-05,4.573e-05,5.836e-05,5.2445e-05,4.624e-05
5.084e-05,4.672e-05,5.882e-05,4.901e-05,4.672e-05
5.1545e-05,4.141e-05,5.922e-05,5.191e-05,4.141e-05
5.3809e-05,4.91e-05,6.202e-05,5.2245e-05,5.19e-05
5.1274e-05,4.177e-05,6.054e-05,5.091e-05,4.177e-05
5.3508e-05,4.737e-05,6.14e-05,5.211e-05,4.932e-05
0.000122454,4.104e-05,0.00013877,0.00013407,4.104e-05
5.3935e-05,4.726e-05,6.211e-05,5.454e-05,5.471e-05
4.8071e-05,4.011e-05,5.488e-05,4.939e-05,4.011e-05
5.4023e-05,4.839e-05,5.945e-05,5.41e-05,4.889e-05
4.7186e-05,4.063e-05,5.17e-05,4.8225e-05,4.203e-05
5.153e-05,4.523e-05,5.642e-05,5.1875e-05,4.641e-05
4.7385e-05,4.222e-05,5.313e-05,4.783e-05,4.222e-05
5.2078e-05,4.613e-05,5.863e-05,5.159e-05,4.613e-05
4.8167e-05,4.349e-05,5.524e-05,4.7325e-05,4.361e-05
5.1801e-05,4.589e-05,5.897e-05,5.0965e-05,4.62e-05
5.2069e-05,4.79e-05,6.025e-05,4.984e-05,4.79e-05
5.2045e-05,4.165e-05,6.035e-05,5.238e-05,4.165e-05
5.2588e-05,4.746e-05,6.261e-05,5.2125e-05,5.263e-05
5.1519e-05,4.083e-05,5.959e-05,5.2335e-05,4.083e-05
5.4059e-05,4.979e-05,6.197e-05,5.223e-05,5.204e-05
5.0966e-05,4.156e-05,6.014e-05,5.054e-05,4.156e-05
5.5706e-05,4.992e-05,6.588e-05,5.408e-05,5.016e-05
4.9808e-05,4.217e-05,5.888e-05,4.889e-05,4.217e-05
5.4409e-05,4.841e-05,6.433e-05,5.3305e-05,4.892e-05
4.9601e-05,4.1e-05,5.673e-05,4.9315e-05,4.1e-05
5.247e-05,4.709e-05,6e-05,5.116e-05,4.833e-05
4.7781e-05,3.994e-05,5.434e-05,4.7635e-05,3.994e-05
5.2717e-05,4.668e-05,6.128e-05,5.2935e-05,4.668e-05
4.8862e-05,4.362e-05,5.662e-05,4.803e-05,4.437e-05
5.274e-05,4.747e-05,6.142e-05,5.213e-05,4.755e-05
4.8147e-05,4.278e-05,5.575e-05,4.811e-05,4.299e-05
5.1005e-05,4.549e-05,5.779e-05,5.0175e-05,4.602e-05
5.1871e-05,4.726e-05,6.153e-05,4.997e-05,4.847e-05
5.2733e-05,4.311e-05,6.289e-05,5.212e-05,4.311e-05
5.4959e-05,4.833e-05,6.269e-05,5.4375e-05,5.06e-05
5.197e-05,4.229e-05,6.142e-05,5.138e-05,4.229e-05
5.407e-05,4.772e-05,6.21e-05,5.245e-05,5.018e-05
5.0606e-05,4.168e-05,6.008e-05,5.003e-05,4.168e-05
5.5088e-05,4.917e-05,6.462e-05,5.4275e-05,4.917e-05
4.8724e-05,4.301e-05,5.481e-05,4.8815e-05,4.301e-05
5.3193e-05,4.721e-05,6.011e-05,5.2775e-05,4.721e-05
4.9086e-05,4.315e-05,5.442e-05,5.0385e-05,4.358e-05
5.2281e-05,4.618e-05,5.992e-05,5.2175e-05,4.618e-05
4.8065e-05,4.13e-05,5.426e-05,4.826e-05,4.268e-05
5.2184e-05,4.529e-05,5.886e-05,5.2905e-05,4.636e-05
4.9207e-05,4.4e-05,5.318e-05,4.962e-05,4.4e-05
5.1605e-05,4.416e-05,5.747e-05,5.1455e-05,4.735e-05
5.1559e-05,4.641e-05,5.937e-05,5.1165e-05,4.947e-05
5.2619e-05,4.2e-05,6.04e-05,5.2915e-05,4.2e-05
5.179e-05,4.71e-05,6.112e-05,5.1025e-05,5.006e-05
5.2388e-05,4.274e-05,6.304e-05,5.125e-05,4.274e-05
5.5915e-05,5.079e-05,6.465e-05,5.435e-05,5.233e-05
5.1069e-05,4.175e-05,6.037e-05,5.0775e-05,4.175e-05
5.5321e-05,4.958e-05,6.373e-05,5.477e-05,4.958e-05
4.8947e-05,4.273e-05,5.662e-05,4.9245e-05,4.273e-05
5.4097e-05,4.865e-05,6.225e-05,5.323e-05,4.865e-05
4.8541e-05,4.311e-05,5.48e-05,4.895e-05,4.327e-05
5.2665e-05,4.613e-05,6.263e-05,5.098e-05,4.613e-05
4.8096e-05,4.071e-05,5.485e-05,4.8285e-05,4.256e-05
5.2835e-05,4.736e-05,6.262e-05,5.097e-05,4.736e-05
5.0153e-05,4.374e-05,5.747e-05,5.1145e-05,4.427e-05
5.1434e-05,4.684e-05,5.718e-05,5.0855e-05,4.684e-05
4.8575e-05,4.321e-05,5.531e-05,4.9005e-05,4.321e-05
5.1431e-05,4.596e-05,5.91e-05,5.094e-05,4.596e-05
5.1276e-05,4.707e-05,6.024e-05,4.9535e-05,4.717e-05
5.1799e-05,4.293e-05,6.116e-05,5.116e-05,4.293e-05
5.4495e-05,4.76e-05,6.261e-05,5.396e-05,5.031e-05
5.13e-05,4.228e-05,6.138e-05,5.0795e-05,4.228e-05
5.4461e-05,4.789e-05,6.269e-05,5.4105e-05,5.038e-05
5.085e-05,4.235e-05,6.029e-05,4.9835e-05,4.235e-05
5.5124e-05,4.915e-05,6.489e-05,5.3845e-05,4.915e-05
4.8731e-05,3.987e-05,5.738e-05,4.839e-05,3.987e-05
5.4686e-05,4.862e-05,6.169e-05,5.5195e-05,4.862e-05
4.9155e-05,4.31e-05,5.549e-05,4.9375e-05,4.369e-05
5.1991e-05,4.702e-05,5.798e-05,5.1175e-05,4.702e-05
4.7785e-05,4.162e-05,5.481e-05,4.8435e-05,4.162e-05
5.1424e-05,4.666e-05,5.82e-05,5.0085e-05,4.666e-05
4.8186e-05,4.328e-05,5.587e-05,4.8015e-05,4.328e-05
5.1593e-05,4.55e-05,5.739e-05,5.133e-05,4.563e-05
5.1194e-05,4.515e-05,5.665e-05,5.15e-05,4.896e-05
5.2141e-05,4.163e-05,5.899e-05,5.2925e-05,4.163e-05
5.1913e-05,4.652e-05,6.211e-05,5.167e-05,5.132e-05
5.1301e-05,4.059e-05,6.068e-05,5.118e-05,4.059e-05
5.3898e-05,4.681e-05,6.103e-05,5.4135e-05,4.919e-05
5.0192e-05,3.987e-05,5.811e-05,5.0335e-05,3.987e-05
5.4437e-05,4.901e-05,6.394e-05,5.144e-05,5.081e-05
5.0676e-05,4.402e-05,5.95e-05,4.8855e-05,4.402e-05
5.4048e-05,4.819e-05,6.362e-05,5.331e-05,4.83e-05
4.8695e-05,3.979e-05,5.583e-05,4.8345e-05,3.979e-05
5.3206e-05,4.75e-05,6.123e-05,5.229e-05,4.92e-05
4.9345e-05,4.29e-05,5.559e-05,4.9495e-05,4.29e-05
5.1729e-05,4.46e-05,5.857e-05,5.2445e-05,4.569e-05
4.8563e-05,4.373e-05,5.33e-05,4.7785e-05,4.373e-05
5.1881e-05,4.396e-05,6.091e-05,5.147e-05,4.743e-05
4.7993e-05,4.122e-05,5.464e-05,4.8255e-05,4.306e-05
5.0968e-05,4.497e-05,5.802e-05,5.1865e-05,4.497e-05
5.1287e-05,4.601e-05,5.938e-05,5.026e-05,4.853e-05
5.1032e-05,4.066e-05,5.901e-05,5.1615e-05,4.066e-05
5.3819e-05,4.811e-05,6.053e-05,5.3575e-05,4.978e-05
5.1596e-05,4.318e-05,6.157e-05,5.0735e-05,4.318e-05
5.3811e-05,4.741e-05,6.168e-05,5.31e-05,4.966e-05
5.0218e-05,4.143e-05,5.96e-05,4.9525e-05,4.143e-05
5.526e-05,4.944e-05,6.515e-05,5.4295e-05,4.944e-05
4.9761e-05,4.223e-05,5.904e-05,4.8365e-05,4.223e-05
5.5083e-05,4.859e-05,6.232e-05,5.6125e-05,4.889e-05
4.8515e-05,4.247e-05,5.656e-05,4.797e-05,4.247e-05
5.3242e-05,4.738e-05,6.123e-05,5.299e-05,4.738e-05
4.7511e-05,4.186e-05,5.473e-05,4.76e-05,4.186e-05
5.2449e-05,4.655e-05,5.959e-05,5.263e-05,4.682e-05
4.8809e-05,4.362e-05,5.612e-05,4.823e-05,4.362e-05
6.1015e-05,4.797e-05,7.078e-05,6.1475e-05,5.531e-05
5.4263e-05,4.791e-05,6.296e-05,5.35e-05,5.437e-05
5.2724e-05,4.284e-05,6.291e-05,5.196e-05,4.284e-05
5.2576e-05,4.723e-05,6.238e-05,5.1175e-05,5.027e-05
5.0975e-05,4.039e-05,5.962e-05,5.1315e-05,4.039e-05
5.4836e-05,4.906e-05,6.199e-05,5.375e-05,5.106e-05
5.1065e-05,4.254e-05,5.947e-05,5.075e-05,4.254e-05
5.512e-05,4.956e-05,6.397e-05,5.281e-05,4.956e-05
5.0406e-05,4.339e-05,5.815e-05,4.9055e-05,4.339e-05
5.5062e-05,4.943e-05,6.227e-05,5.5485e-05,4.973e-05
4.7879e-05,4.162e-05,5.589e-05,4.8025e-05,4.162e-05
5.449e-05,4.803e-05,6.105e-05,5.493e-05,4.828e-05
4.7366e-05,4.102e-05,5.445e-05,4.7735e-05,4.224e-05
5.2264e-05,4.767e-05,5.887e-05,5.1245e-05,4.842e-05
4.8515e-05,4.262e-05,5.437e-05,4.873e-05,4.406e-05
5.1635e-05,4.606e-05,5.817e-05,5.1025e-05,4.755e-05
4.8439e-05,4.349e-05,5.748e-05,4.762e-05,4.426e-05
5.1487e-05,4.534e-05,5.836e-05,5.162e-05,4.588e-05
5.2011e-05,4.663e-05,6.173e-05,5.0145e-05,4.958e-05
5.2208e-05,4.313e-05,6.336e-05,5.07e-05,4.313e-05
5.4042e-05,4.71e-05,6.185e-05,5.317e-05,4.925e-05
5.1257e-05,4.148e-05,6.086e-05,5.123e-05,4.148e-05
5.3784e-05,4.785e-05,6.232e-05,5.164e-05,5.017e-05
5.0952e-05,4.181e-05,6.099e-05,5.041e-05,4.181e-05
5.4808e-05,4.903e-05,6.377e-05,5.4285e-05,4.903e-05
5.0634e-05,4.501e-05,6.03e-05,4.8845e-05,4.795e-05
5.5029e-05,4.881e-05,6.178e-05,5.502e-05,4.89e-05
4.7624e-05,4.17e-05,5.476e-05,4.6915e-05,4.17e-05
5.259e-05,4.632e-05,6.026e-05,5.102e-05,4.632e-05
4.7959e-05,4.214e-05,5.461e-05,4.733e-05,4.317e-05
5.1662e-05,4.483e-05,6.033e-05,5.1065e-05,4.483e-05
4.7976e-05,4.264e-05,5.528e-05,4.7345e-05,4.338e-05
5.1302e-05,4.597e-05,5.819e-05,5.026e-05,4.62e-05
5.2272e-05,4.785e-05,6.205e-05,5.087e-05,4.933e-05
5.1208e-05,4.104e-05,6.081e-05,5.1005e-05,4.104e-05
5.1502e-05,4.654e-05,6.069e-05,5.002e-05,4.916e-05
5.1184e-05,4.011e-05,5.93e-05,5.1965e-05,4.011e-05
5.3961e-05,4.845e-05,5.942e-05,5.3445e-05,5.026e-05
5.0698e-05,4.101e-05,5.94e-05,5.051e-05,4.101e-05
5.5279e-05,4.917e-05,6.624e-05,5.251e-05,5.155e-05
5.053e-05,3.847e-05,5.79e-05,5.1495e-05,3.847e-05
5.3227e-05,4.675e-05,6.315e-05,5.165e-05,5.097e-05
4.9641e-05,4.165e-05,5.817e-05,4.909e-05,4.165e-05
5.3565e-05,4.788e-05,6.188e-05,5.308e-05,4.788e-05
4.7739e-05,4.167e-05,5.437e-05,4.705e-05,4.193e-05
5.1994e-05,4.617e-05,6.101e-05,5.0065e-05,4.617e-05
4.8729e-05,4.242e-05,5.497e-05,4.8805e-05,4.28e-05
5.1936e-05,4.633e-05,5.835e-05,5.2195e-05,4.668e-05
4.797e-05,4.236e-05,5.502e-05,4.737e-05,4.236e-05
5.0501e-05,4.476e-05,5.709e-05,5.0505e-05,4.476e-05
5.1704e-05,4.622e-05,6.012e-05,5.1095e-05,4.997e-05
5.1532e-05,4.518e-05,5.881e-05,5.0895e-05,4.518e-05
5.4086e-05,4.876e-05,6.138e-05,5.27e-05,5.082e-05
5.1223e-05,4.127e-05,5.913e-05,5.162e-05,4.127e-05
5.2588e-05,4.823e-05,6.022e-05,5.0905e-05,5.034e-05
5.0537e-05,4.156e-05,5.962e-05,5.032e-05,4.156e-05
5.439e-05,4.806e-05,6.271e-05,5.3015e-05,4.954e-05
4.8679e-05,4.245e-05,5.741e-05,4.8075e-05,4.245e-05
5.4486e-05,4.863e-05,6.068e-05,5.461e-05,4.863e-05
4.8789e-05,4.298e-05,5.437e-05,4.932e-05,4.298e-05
5.2752e-05,4.742e-05,5.93e-05,5.216e-05,4.796e-05
4.823e-05,4.268e-05,5.263e-05,4.856e-05,4.268e-05
5.1895e-05,4.662e-05,5.738e-05,5.152e-05,4.78e-05
4.9016e-05,4.344e-05,5.487e-05,4.8125e-05,4.344e-05
5.1761e-05,4.664e-05,5.869e-05,5.1435e-05,4.664e-05
5.1171e-05,4.619e-05,5.727e-05,4.9515e-05,4.619e-05
5.2814e-05,4.372e-05,5.999e-05,5.2915e-05,4.372e-05
5.2079e-05,4.691e-05,6.146e-05,5.092e-05,5.028e-05
5.156e-05,4.197e-05,6.102e-05,5.099e-05,4.197e-05
5.396e-05,4.823e-05,6.219e-05,5.1975e-05,5.008e-05
5.1138e-05,4.085e-05,5.92e-05,5.148e-05,4.085e-05
5.552e-05,4.953e-05,6.619e-05,5.2625e-05,5.287e-05
5.0968e-05,4.452e-05,5.959e-05,4.9335e-05,4.452e-05
5.4745e-05,4.885e-05,6.165e-05,5.5165e-05,4.885e-05
4.8091e-05,4.197e-05,5.509e-05,4.9095e-05,4.197e-05
5.2943e-05,4.746e-05,6.119e-05,5.1685e-05,4.844e-05
4.9095e-05,4.364e-05,5.479e-05,4.9145e-05,4.399e-05
5.1986e-05,4.723e-05,5.773e-05,5.107e-05,4.795e-05
4.877e-05,4.376e-05,5.399e-05,4.9305e-05,4.376e-05
5.2318e-05,4.653e-05,6.044e-05,5.207e-05,4.69e-05
4.8346e-05,4.304e-05,5.651e-05,4.717e-05,4.304e-05
5.2169e-05,4.654e-05,6.266e-05,5.081e-05,4.876e-05
5.245e-05,4.526e-05,6.272e-05,5.1e-05,4.526e-05
5.276e-05,4.493e-05,6.225e-05,5.1615e-05,4.493e-05
5.4086e-05,4.738e-05,6.182e-05,5.3485e-05,4.976e-05
5.114e-05,4.102e-05,5.888e-05,5.145e-05,4.102e-05
5.3297e-05,4.861e-05,6.171e-05,5.1605e-05,5.104e-05
5.07e-05,4.077e-05,5.91e-05,5.0305e-05,4.077e-05
5.404e-05,4.814e-05,6.26e-05,5.3575e-05,4.814e-05
4.8757e-05,4.315e-05,5.518e-05,4.842e-05,4.356e-05
5.3709e-05,4.688e-05,6.282e-05,5.286e-05,4.688e-05
4.8158e-05,4.215e-05,5.515e-05,4.774e-05,4.334e-05
5.2189e-05,4.511e-05,6.092e-05,5.1225e-05,4.511e-05
4.8384e-05,4.213e-05,5.535e-05,4.809e-05,4.322e-05
5.2101e-05,4.546e-05,6.048e-05,5.234e-05,4.579e-05
4.9487e-05,4.271e-05,5.444e-05,4.9425e-05,4.416e-05
5.1149e-05,4.452e-05,5.769e-05,5.126e-05,4.713e-05
5.0633e-05,4.536e-05,5.895e-05,4.906e-05,4.833e-05
5.1711e-05,4.183e-05,6.06e-05,5.1385e-05,4.183e-05
5.192e-05,4.613e-05,6.206e-05,5.077e-05,5.027e-05
5.1097e-05,4.122e-05,6.025e-05,5.0825e-05,4.122e-05
5.3723e-05,4.667e-05,6.155e-05,5.3155e-05,4.966e-05
5.0391e-05,3.998e-05,5.896e-05,5.0555e-05,3.998e-05
5.5396e-05,4.934e-05,6.313e-05,5.3265e-05,4.934e-05
4.8579e-05,4.211e-05,5.313e-05,4.88e-05,4.446e-05
5.2971e-05,4.595e-05,6.047e-05,5.2655e-05,4.595e-05
4.8422e-05,4.25e-05,5.539e-05,4.827e-05,4.363e-05
5.2966e-05,4.601e-05,6.165e-05,5.1905e-05,4.601e-05
4.7996e-05,4.252e-05,5.388e-05,4.774e-05,4.389e-05
5.2226e-05,4.681e-05,5.761e-05,5.2545e-05,4.681e-05
4.8742e-05,4.28e-05,5.414e-05,4.8965e-05,4.397e-05
5.1387e-05,4.692e-05,5.666e-05,5.1145e-05,4.692e-05
4.8e-05,4.381e-05,5.49e-05,4.752e-05,4.381e-05
5.0934e-05,4.515e-05,5.785e-05,5.078e-05,4.561e-05
5.2298e-05,4.742e-05,6.207e-05,5.0175e-05,4.929e-05
5.1778e-05,4.27e-05,6.18e-05,5.084e-05,4.27e-05
5.3699e-05,4.794e-05,6.138e-05,5.2785e-05,4.937e-05
5.2014e-05,4.299e-05,6.121e-05,5.1535e-05,4.299e-05
5.3904e-05,4.712e-05,6.154e-05,5.35e-05,4.939e-05
5.3494e-05,4.678e-05,6.268e-05,5.2755e-05,4.678e-05
5.4484e-05,4.88e-05,6.105e-05,5.4655e-05,4.88e-05
4.8932e-05,4.358e-05,5.605e-05,4.8965e-05,4.379e-05
5.423e-05,4.833e-05,6.297e-05,5.3835e-05,4.833e-05
4.864e-05,4.358e-05,5.473e-05,4.843e-05,4.387e-05
5.2741e-05,4.691e-05,6.016e-05,5.1425e-05,4.691e-05
4.8383e-05,4.318e-05,5.567e-05,4.8295e-05,4.323e-05
5.2302e-05,4.594e-05,6.042e-05,5.0745e-05,4.594e-05
4.946e-05,4.41e-05,5.626e-05,4.9425e-05,4.41e-05
5.177e-05,4.573e-05,5.855e-05,5.144e-05,4.62e-05
5.1741e-05,4.752e-05,5.982e-05,5.036e-05,4.864e-05
5.2407e-05,4.308e-05,6.156e-05,5.195e-05,4.308e-05
5.2116e-05,4.667e-05,6.181e-05,5.0535e-05,4.963e-05
5.164e-05,4.185e-05,6.077e-05,5.1305e-05,4.185e-05
5.4359e-05,4.706e-05,6.122e-05,5.4535e-05,4.925e-05
5.0754e-05,4.128e-05,5.991e-05,5.034e-05,4.128e-05
5.6093e-05,5.015e-05,6.537e-05,5.4095e-05,5.015e-05
5.0858e-05,4.405e-05,5.959e-05,4.901e-05,4.405e-05
5.4538e-05,4.84e-05,6.225e-05,5.5095e-05,4.84e-05
8.7365e-05,8.172e-05,9.478e-05,8.447e-05,8.311e-05
5.5011e-05,4.931e-05,6.25e-05,5.3115e-05,5.073e-05
4.8464e-05,4.09e-05,5.53e-05,4.9065e-05,4.282e-05
5.2275e-05,4.522e-05,6.115e-05,5.092e-05,4.522e-05
4.8534e-05,4.285e-05,5.513e-05,4.8465e-05,4.285e-05
5.1941e-05,4.616e-05,5.855e-05,5.135e-05,4.678e-05
4.8553e-05,4.425e-05,5.684e-05,4.713e-05,4.425e-05
5.1534e-05,4.56e-05,5.896e-05,5.0585e-05,4.6e-05
5.247e-05,4.544e-05,6.235e-05,5.165e-05,4.544e-05
5.1849e-05,4.403e-05,6.143e-05,5.016e-05,4.403e-05
5.4089e-05,4.743e-05,6.165e-05,5.396e-05,4.96e-05
5.1124e-05,4.013e-05,5.933e-05,5.174e-05,4.013e-05
5.375e-05,4.921e-05,6.234e-05,5.174e-05,5.159e-05
5.0465e-05,4.179e-05,5.973e-05,4.9765e-05,4.179e-05
5.4356e-05,4.814e-05,6.254e-05,5.3995e-05,4.814e-05
4.844e-05,4.256e-05,5.356e-05,4.9685e-05,4.256e-05
5.3463e-05,4.752e-05,5.934e-05,5.316e-05,4.752e-05
4.8224e-05,4.306e-05,5.454e-05,4.854e-05,4.306e-05
5.2552e-05,4.629e-05,6.007e-05,5.1365e-05,4.629e-05
4.787e-05,4.172e-05,5.527e-05,4.6705e-05,4.344e-05
5.3962e-05,4.458e-05,6.455e-05,5.3055e-05,4.458e-05
4.9371e-05,4.245e-05,5.872e-05,4.9795e-05,4.345e-05
5.1636e-05,4.637e-05,5.952e-05,5.0805e-05,4.637e-05
5.1131e-05,4.713e-05,6.001e-05,4.961e-05,4.816e-05
5.1919e-05,4.263e-05,6.229e-05,5.082e-05,4.263e-05
5.2189e-05,4.715e-05,6.193e-05,5.0945e-05,4.993e-05
5.1489e-05,4.074e-05,6.014e-05,5.1665e-05,4.074e-05
5.3584e-05,4.789e-05,6.081e-05,5.2565e-05,5.038e-05
5.0626e-05,4.065e-05,5.883e-05,5.07e-05,4.065e-05
5.4865e-05,4.948e-05,6.478e-05,5.203e-05,5.047e-05
5.0644e-05,4.323e-05,6.016e-05,4.9365e-05,4.323e-05
5.4674e-05,4.86e-05,6.297e-05,5.473e-05,4.86e-05
4.7983e-05,4.193e-05,5.415e-05,4.886e-05,4.193e-05
5.2307e-05,4.725e-05,5.992e-05,5.1415e-05,4.749e-05
4.7885e-05,4.195e-05,5.385e-05,4.7895e-05,4.211e-05
5.204e-05,4.606e-05,5.965e-05,5.1645e-05,4.706e-05
4.972e-05,4.459e-05,5.582e-05,4.963e-05,4.459e-05
5.1804e-05,4.642e-05,5.868e-05,5.151e-05,4.695e-05
4.8821e-05,4.38e-05,5.738e-05,4.7995e-05,4.442e-05
5.1144e-05,4.546e-05,5.796e-05,5.1545e-05,4.546e-05
5.1304e-05,4.634e-05,5.992e-05,5.024e-05,4.872e-05
5.1972e-05,4.285e-05,6.216e-05,5.083e-05,4.285e-05
5.4105e-05,4.725e-05,6.208e-05,5.3675e-05,4.934e-05
5.1214e-05,4.101e-05,6.089e-05,5.136e-05,4.101e-05
5.3844e-05,4.791e-05,6.217e-05,5.2855e-05,5.011e-05
8.1786e-05,4.761e-05,9.63e-05,8.458e-05,7.855e-05
5.4995e-05,4.48e-05,6.583e-05,5.481e-05,4.48e-05
4.9298e-05,4.201e-05,5.725e-05,4.935e-05,4.353e-05
5.3529e-05,4.64e-05,6.256e-05,5.251e-05,4.64e-05
4.867e-05,4.184e-05,5.531e-05,4.845e-05,4.344e-05
5.3069e-05,4.55e-05,6.243e-05,5.2755e-05,4.761e-05
4.8075e-05,4.104e-05,5.423e-05,4.8885e-05,4.194e-05
5.1819e-05,4.519e-05,5.99e-05,5.1675e-05,4.519e-05
4.8546e-05,4.362e-05,5.433e-05,4.79e-05,4.362e-05
5.1496e-05,4.59e-05,5.754e-05,5.145e-05,4.59e-05
5.1466e-05,4.666e-05,5.92e-05,5.0605e-05,4.863e-05
5.2169e-05,4.266e-05,6.076e-05,5.189e-05,4.266e-05
5.23e-05,4.702e-05,6.209e-05,5.08e-05,4.989e-05
5.1579e-05,4.126e-05,6.144e-05,5.122e-05,4.126e-05
5.8611e-05,5.087e-05,6.498e-05,5.8675e-05,5.38e-05
5.0369e-05,4.489e-05,5.768e-05,4.844e-05,4.669e-05
5.4662e-05,4.881e-05,6.443e-05,5.3005e-05,4.982e-05
5.0784e-05,4.414e-05,5.743e-05,5.16e-05,4.414e-05
5.3739e-05,4.697e-05,6.116e-05,5.381e-05,4.863e-05
4.8678e-05,4.23e-05,5.405e-05,4.947e-05,4.326e-05
5.2429e-05,4.558e-05,5.931e-05,5.312e-05,4.667e-05
4.737e-05,4.119e-05,5.254e-05,4.811e-05,4.178e-05
5.2061e-05,4.327e-05,6.022e-05,5.284e-05,4.68e-05
4.8595e-05,4.188e-05,5.451e-05,4.868e-05,4.315e-05
5.2698e-05,4.659e-05,5.937e-05,5.3295e-05,4.659e-05
4.8069e-05,4.316e-05,5.562e-05,4.766e-05,4.316e-05
5.1564e-05,4.579e-05,5.873e-05,5.126e-05,4.627e-05
5.2663e-05,4.81e-05,6.194e-05,5.1155e-05,4.949e-05
5.1153e-05,4.242e-05,5.995e-05,5.069e-05,4.242e-05
5.4104e-05,4.754e-05,6.194e-05,5.2935e-05,4.984e-05
5.167e-05,4.088e-05,5.909e-05,5.312e-05,4.088e-05
5.208e-05,4.617e-05,5.895e-05,5.137e-05,4.994e-05
4.917e-05,4.22e-05,5.698e-05,4.934e-05,4.238e-05
5.339e-05,4.929e-05,6.049e-05,5.1015e-05,4.929e-05
4.8104e-05,4.243e-05,5.522e-05,4.8365e-05,4.243e-05
5.3596e-05,4.787e-05,6.094e-05,5.2865e-05,4.787e-05
4.8451e-05,4.263e-05,5.541e-05,4.7705e-05,4.433e-05
5.275e-05,4.572e-05,6.058e-05,5.116e-05,4.572e-05
4.7585e-05,4.244e-05,5.413e-05,4.7805e-05,4.244e-05
5.1633e-05,4.498e-05,6.046e-05,5.1495e-05,4.505e-05
4.8406e-05,4.282e-05,5.485e-05,4.808e-05,4.342e-05
5.1223e-05,4.594e-05,5.81e-05,5.0595e-05,4.594e-05
5.0351e-05,4.608e-05,5.778e-05,4.888e-05,4.647e-05
5.1871e-05,4.247e-05,6.118e-05,5.1305e-05,4.247e-05
5.2416e-05,4.756e-05,6.239e-05,5.119e-05,4.992e-05
5.1462e-05,4.138e-05,5.926e-05,5.1855e-05,4.138e-05
5.3384e-05,4.847e-05,6.148e-05,5.131e-05,5.128e-05
5.034e-05,4.111e-05,5.927e-05,5.017e-05,4.111e-05
5.4801e-05,4.94e-05,6.497e-05,5.2805e-05,4.989e-05
5.016e-05,4.202e-05,5.89e-05,4.948e-05,4.202e-05
5.4637e-05,4.939e-05,6.301e-05,5.3715e-05,4.956e-05
4.8083e-05,4.208e-05,5.427e-05,4.7645e-05,4.208e-05
5.3144e-05,4.671e-05,6.202e-05,5.131e-05,4.671e-05
4.8349e-05,4.125e-05,5.503e-05,4.9305e-05,4.28e-05
5.2714e-05,4.598e-05,6.322e-05,5.2015e-05,4.598e-05
4.9332e-05,4.287e-05,5.744e-05,4.9515e-05,4.403e-05
5.1854e-05,4.63e-05,6.058e-05,5.1075e-05,4.63e-05
4.8275e-05,4.183e-05,5.611e-05,4.8085e-05,4.285e-05
5.1412e-05,4.549e-05,5.844e-05,5.1615e-05,4.609e-05
5.1771e-05,4.75e-05,6.069e-05,4.9875e-05,4.75e-05
5.1761e-05,4.27e-05,6.097e-05,5.124e-05,4.27e-05
5.4037e-05,4.751e-05,6.186e-05,5.326e-05,4.967e-05
5.1047e-05,4.18e-05,6.091e-05,5.0855e-05,4.18e-05
5.3809e-05,4.84e-05,6.225e-05,5.258e-05,5.062e-05
5.0427e-05,4.038e-05,5.73e-05,5.1135e-05,4.038e-05
5.4952e-05,4.767e-05,6.542e-05,5.534e-05,5.668e-05
5.0304e-05,4.239e-05,5.797e-05,5.0015e-05,4.239e-05
5.4829e-05,4.84e-05,6.296e-05,5.4735e-05,4.895e-05
4.9046e-05,4.389e-05,5.534e-05,4.917e-05,4.389e-05
5.307e-05,4.75e-05,6.036e-05,5.216e-05,4.75e-05
4.8436e-05,4.274e-05,5.557e-05,4.8065e-05,4.283e-05
5.1815e-05,4.554e-05,5.928e-05,5.13e-05,4.554e-05
4.9175e-05,4.339e-05,5.447e-05,4.923e-05,4.452e-05
5.1863e-05,4.623e-05,5.891e-05,5.1315e-05,4.623e-05
5.1271e-05,4.62e-05,5.925e-05,5.032e-05,4.85e-05
5.1956e-05,4.277e-05,6.047e-05,5.151e-05,4.277e-05
5.2148e-05,4.61e-05,6.196e-05,5.0655e-05,4.982e-05
5.1995e-05,4.194e-05,6.142e-05,5.229e-05,4.194e-05
5.42e-05,4.844e-05,6.142e-05,5.3675e-05,5.018e-05
5.1029e-05,4.211e-05,6.057e-05,5.0315e-05,4.211e-05
5.5163e-05,4.922e-05,6.472e-05,5.431e-05,4.922e-05
5.1696e-05,4.418e-05,6.144e-05,5.008e-05,4.418e-05
5.5631e-05,4.97e-05,6.528e-05,5.5905e-05,4.97e-05
4.865e-05,4.195e-05,5.548e-05,4.861e-05,4.296e-05
5.3663e-05,4.706e-05,6.213e-05,5.2175e-05,4.706e-05
4.8263e-05,4.307e-05,5.52e-05,4.7645e-05,4.369e-05
5.2637e-05,4.799e-05,5.948e-05,5.1585e-05,4.808e-05
4.859e-05,4.311e-05,5.593e-05,4.7095e-05,4.311e-05
5.2915e-05,4.591e-05,6.079e-05,5.3645e-05,4.635e-05
4.7977e-05,4.272e-05,5.609e-05,4.6815e-05,4.272e-05
5.0411e-05,4.528e-05,5.609e-05,5.005e-05,4.528e-05
5.1093e-05,4.717e-05,5.966e-05,4.975e-05,4.828e-05
5.2307e-05,4.3e-05,6.179e-05,5.142e-05,4.3e-05
5.4132e-05,4.7e-05,6.184e-05,5.3985e-05,4.963e-05
5.1631e-05,4.272e-05,6.148e-05,5.1245e-05,4.272e-05
5.3115e-05,4.8e-05,6.082e-05,5.2025e-05,4.901e-05
4.9307e-05,4.273e-05,5.625e-05,4.8795e-05,4.273e-05
5.324e-05,4.782e-05,6.212e-05,5.141e-05,4.782e-05
4.9485e-05,4.328e-05,5.709e-05,4.8325e-05,4.484e-05
5.3954e-05,4.682e-05,6.216e-05,5.289e-05,4.682e-05
4.783e-05,4.266e-05,5.346e-05,4.828e-05,4.266e-05
5.2705e-05,4.672e-05,6.032e-05,5.1795e-05,4.672e-05
4.7771e-05,4.13e-05,5.564e-05,4.713e-05,4.287e-05
5.2342e-05,4.593e-05,6.129e-05,5.116e-05,4.593e-05
4.9019e-05,4.184e-05,5.694e-05,4.985e-05,4.259e-05
5.164e-05,4.595e-05,5.954e-05,5.0595e-05,4.595e-05
5.1569e-05,4.741e-05,5.99e-05,5.0475e-05,4.878e-05
5.2086e-05,4.289e-05,6.025e-05,5.1775e-05,4.289e-05
5.1566e-05,4.648e-05,6.149e-05,5.073e-05,5.019e-05
5.1474e-05,4.15e-05,6.018e-05,5.155e-05,4.15e-05
5.3751e-05,4.772e-05,6.094e-05,5.324e-05,4.981e-05
5.0574e-05,4.077e-05,5.926e-05,5.047e-05,4.077e-05
5.691e-05,4.96e-05,6.399e-05,5.7675e-05,4.96e-05
5.0858e-05,4.602e-05,5.838e-05,4.8575e-05,4.745e-05
5.3704e-05,4.452e-05,6.208e-05,5.345e-05,4.452e-05
4.8574e-05,4.272e-05,5.621e-05,4.83e-05,4.297e-05
5.3068e-05,4.662e-05,6.192e-05,5.1685e-05,4.662e-05
4.7889e-05,4.092e-05,5.397e-05,4.8275e-05,4.242e-05
5.284e-05,4.674e-05,6.01e-05,5.257e-05,4.674e-05
4.8929e-05,4.474e-05,5.426e-05,4.8305e-05,4.474e-05
5.2074e-05,4.676e-05,5.931e-05,5.159e-05,4.74e-05
4.8545e-05,4.362e-05,5.681e-05,4.717e-05,4.362e-05
5.2308e-05,4.546e-05,5.948e-05,5.3265e-05,4.558e-05
5.1459e-05,4.673e-05,6.013e-05,5.0285e-05,4.867e-05
5.1186e-05,4.126e-05,5.942e-05,5.09e-05,4.126e-05
5.3879e-05,4.849e-05,6.152e-05,5.2355e-05,5.028e-05
5.0636e-05,4.149e-05,5.788e-05,5.0185e-05,4.149e-05
5.3331e-05,4.839e-05,6.173e-05,5.155e-05,5.045e-05
5.0401e-05,4.114e-05,5.983e-05,4.9665e-05,4.114e-05
5.5041e-05,4.896e-05,6.387e-05,5.4725e-05,4.896e-05
4.8616e-05,4.323e-05,5.611e-05,4.8655e-05,4.356e-05
5.383e-05,4.79e-05,6.233e-05,5.2855e-05,4.79e-05
4.9068e-05,4.228e-05,5.499e-05,4.8965e-05,4.296e-05
5.3104e-05,4.372e-05,5.83e-05,5.4355e-05,4.856e-05
4.773e-05,4.262e-05,5.513e-05,4.7625e-05,4.262e-05
5.2191e-05,4.278e-05,5.936e-05,5.3585e-05,4.786e-05
4.8657e-05,4.169e-05,5.284e-05,4.987e-05,4.673e-05
5.2289e-05,4.672e-05,6.069e-05,5.1455e-05,4.83e-05
5.1131e-05,4.209e-05,5.618e-05,5.206e-05,4.894e-05
5.1575e-05,4.49e-05,5.58e-05,5.306e-05,4.49e-05
5.0839e-05,4.442e-05,5.773e-05,5.014e-05,4.91e-05
5.0565e-05,4.044e-05,5.715e-05,5.111e-05,4.044e-05
5.3944e-05,4.902e-05,6.143e-05,5.28e-05,5.05e-05
5.0741e-05,4.025e-05,5.813e-05,5.124e-05,4.025e-05
5.4841e-05,4.938e-05,6.512e-05,5.2795e-05,5.171e-05
5.0615e-05,4.284e-05,6.013e-05,5e-05,4.284e-05
5.4371e-05,4.86e-05,6.303e-05,5.341e-05,4.924e-05
5.0505e-05,4.57e-05,5.852e-05,4.8645e-05,4.57e-05
5.3781e-05,4.782e-05,6.178e-05,5.28e-05,4.782e-05
4.9092e-05,4.124e-05,5.811e-05,4.8595e-05,4.124e-05
5.3458e-05,4.857e-05,6.163e-05,5.232e-05,4.892e-05
4.9505e-05,4.37e-05,5.819e-05,4.774e-05,4.37e-05
5.2232e-05,4.662e-05,5.911e-05,5.278e-05,4.72e-05
4.8713e-05,4.33e-05,5.65e-05,4.896e-05,4.347e-05
5.1519e-05,4.593e-05,5.837e-05,5.14e-05,4.598e-05
5.2132e-05,4.726e-05,6.24e-05,5.1325e-05,5.037e-05
5.381e-05,4.21e-05,6.25e-05,5.578e-05,4.21e-05
5.2975e-05,4.783e-05,5.914e-05,5.2275e-05,5.025e-05
4.9986e-05,4.404e-05,5.571e-05,5.1315e-05,4.535e-05
5.1462e-05,4.525e-05,5.529e-05,5.1965e-05,4.872e-05
4.9649e-05,4.339e-05,5.55e-05,4.9565e-05,4.339e-05
5.4384e-05,4.984e-05,6.337e-05,5.1645e-05,5.033e-05
4.8891e-05,4.198e-05,5.696e-05,4.764e-05,4.198e-05
5.399e-05,4.787e-05,6.158e-05,5.3975e-05,4.792e-05
4.7933e-05,4.298e-05,5.463e-05,4.7955e-05,4.298e-05
5.269e-05,4.62e-05,6.12e-05,5.138e-05,4.62e-05
4.8142e-05,4.159e-05,5.563e-05,4.7985e-05,4.306e-05
5.1409e-05,4.45e-05,5.988e-05,4.982e-05,4.45e-05
4.8514e-05,4.188e-05,5.418e-05,4.875e-05,4.283e-05
5.1468e-05,4.514e-05,5.896e-05,5.101e-05,4.6e-05
5.1652e-05,4.708e-05,5.971e-05,5.1025e-05,4.944e-05
5.2421e-05,4.149e-05,5.985e-05,5.283e-05,4.149e-05
5.184e-05,4.642e-05,6.186e-05,5.1055e-05,5.163e-05
5.166e-05,4.195e-05,6.017e-05,5.168e-05,4.195e-05
5.39e-05,4.817e-05,6.156e-05,5.2255e-05,5.063e-05
5.0655e-05,4.055e-05,5.865e-05,5.071e-05,4.055e-05
5.4576e-05,4.968e-05,6.348e-05,5.217e-05,4.995e-05
4.9707e-05,4.22e-05,5.917e-05,4.8615e-05,4.22e-05
5.4551e-05,4.796e-05,6.318e-05,5.5425e-05,4.796e-05
5.3101e-05,4.602e-05,5.824e-05,5.3785e-05,4.602e-05
5.492e-05,4.904e-05,6.741e-05,5.3855e-05,5.381e-05
5.4121e-05,4.58e-05,6.189e-05,5.268e-05,4.58e-05
5.7799e-05,5.252e-05,6.582e-05,5.8685e-05,5.252e-05
5.2279e-05,4.589e-05,6.014e-05,5.0165e-05,4.589e-05
5.9448e-05,5.17e-05,6.816e-05,6.014e-05,5.17e-05
5.2875e-05,4.418e-05,6.075e-05,5.072e-05,4.418e-05
5.7004e-05,5.008e-05,6.61e-05,5.525e-05,5.471e-05
5.1759e-05,4.29e-05,5.914e-05,5.163e-05,4.29e-05
5.7614e-05,5.011e-05,6.588e-05,5.5755e-05,5.588e-05
5.0621e-05,4.215e-05,5.72e-05,5.082e-05,4.215e-05
5.6965e-05,5.043e-05,6.873e-05,5.62e-05,5.425e-05
5.3637e-05,4.722e-05,6.471e-05,5.089e-05,4.722e-05
5.4695e-05,4.749e-05,6.324e-05,5.386e-05,5.088e-05
5.3525e-05,4.622e-05,6.498e-05,5.1025e-05,4.622e-05
5.5234e-05,4.877e-05,6.484e-05,5.346e-05,5.211e-05
5.5571e-05,4.777e-05,6.47e-05,5.476e-05,4.777e-05
5.4926e-05,4.687e-05,6.405e-05,5.42e-05,4.687e-05
5.8636e-05,5.017e-05,6.644e-05,5.923e-05,5.017e-05
5.3718e-05,4.93e-05,6.164e-05,5.0895e-05,4.945e-05
5.6716e-05,4.878e-05,6.563e-05,5.675e-05,4.878e-05
5.2714e-05,4.723e-05,6.221e-05,5.063e-05,4.723e-05
5.8449e-05,4.931e-05,6.811e-05,5.8265e-05,4.931e-05
5.1734e-05,4.429e-05,5.897e-05,5.0275e-05,4.429e-05
5.7187e-05,5.113e-05,6.827e-05,5.449e-05,5.222e-05
5.2085e-05,4.482e-05,6.318e-05,4.9945e-05,4.482e-05
5.65e-05,4.962e-05,6.537e-05,5.5325e-05,5.306e-05
5.1694e-05,4.537e-05,6.198e-05,4.9145e-05,4.56e-05
5.7688e-05,5.27e-05,6.556e-05,5.655e-05,5.27e-05
5.207e-05,4.63e-05,6.108e-05,4.972e-05,4.888e-05
5.3374e-05,4.407e-05,6.084e-05,5.2315e-05,4.407e-05
5.6341e-05,5.177e-05,6.661e-05,5.5385e-05,5.402e-05
5.3773e-05,4.443e-05,6.209e-05,5.301e-05,4.443e-05
5.6156e-05,5.049e-05,6.695e-05,5.5345e-05,5.528e-05
5.267e-05,4.475e-05,6.063e-05,5.1065e-05,4.475e-05
5.5728e-05,5.052e-05,6.501e-05,5.502e-05,5.274e-05
5.0931e-05,4.215e-05,5.753e-05,5.028e-05,4.215e-05
5.9234e-05,5.577e-05,6.913e-05,5.69e-05,5.687e-05
5.045e-05,4.253e-05,5.821e-05,4.9085e-05,4.253e-05
5.6122e-05,5.102e-05,6.687e-05,5.4555e-05,5.397e-05
5.2112e-05,4.461e-05,5.905e-05,5.151e-05,4.461e-05
5.6602e-05,5.231e-05,6.525e-05,5.578e-05,5.366e-05
5.084e-05,4.299e-05,5.775e-05,4.97e-05,4.299e-05
5.6791e-05,5e-05,6.547e-05,5.608e-05,5.399e-05
5.4191e-05,4.575e-05,6.347e-05,5.2695e-05,4.575e-05
5.5774e-05,4.898e-05,6.462e-05,5.5245e-05,5.213e-05
5.2836e-05,4.581e-05,6.21e-05,5.118e-05,4.581e-05
5.4334e-05,4.764e-05,6.268e-05,5.3605e-05,5.08e-05
5.6715e-05,4.923e-05,6.575e-05,5.5735e-05,4.923e-05
5.498e-05,4.582e-05,6.185e-05,5.4585e-05,4.582e-05
5.8137e-05,5.084e-05,6.73e-05,5.6975e-05,5.585e-05
5.3746e-05,4.386e-05,6.11e-05,5.347e-05,4.386e-05
6.1708e-05,5.429e-05,6.759e-05,6.228e-05,5.777e-05
5.1051e-05,4.441e-05,5.542e-05,5.2125e-05,4.441e-05
5.7874e-05,5.323e-05,6.612e-05,5.627e-05,5.519e-05
5.055e-05,4.386e-05,5.652e-05,5.071e-05,4.386e-05
5.6325e-05,5.205e-05,6.708e-05,5.493e-05,5.205e-05
5.5106e-05,4.056e-05,6.062e-05,5.7905e-05,4.056e-05
5.7042e-05,5.004e-05,6.929e-05,5.716e-05,5.784e-05
4.9284e-05,4.232e-05,5.631e-05,4.833e-05,4.232e-05
5.3686e-05,4.827e-05,6.25e-05,5.194e-05,5.107e-05
5.1696e-05,4.431e-05,5.995e-05,5.013e-05,4.431e-05
5.312e-05,4.776e-05,6.222e-05,5.16e-05,5.034e-05
5.431e-05,4.632e-05,6.337e-05,5.3055e-05,4.632e-05
5.3959e-05,4.553e-05,6.252e-05,5.345e-05,4.553e-05
5.3119e-05,4.641e-05,6.393e-05,5.181e-05,5.042e-05
5.1857e-05,4.361e-05,6.038e-05,5.0475e-05,4.361e-05
5.5447e-05,4.965e-05,6.407e-05,5.5355e-05,5.168e-05
5.0718e-05,4.258e-05,5.766e-05,4.9245e-05,4.258e-05
5.6112e-05,4.946e-05,6.558e-05,5.411e-05,5.303e-05
5.0504e-05,4.173e-05,5.76e-05,5.007e-05,4.173e-05
5.7606e-05,5.032e-05,6.711e-05,5.6195e-05,5.69e-05
4.9803e-05,4.262e-05,5.711e-05,4.898e-05,4.262e-05
5.4504e-05,4.974e-05,6.204e-05,5.496e-05,5.051e-05
4.8656e-05,4.091e-05,5.534e-05,4.827e-05,4.091e-05
5.3815e-05,4.948e-05,6.141e-05,5.2855e-05,5.021e-05
5.203e-05,4.46e-05,6.226e-05,5.059e-05,4.46e-05
5.3502e-05,4.714e-05,6.305e-05,5.138e-05,5.072e-05
5.1496e-05,4.406e-05,6.207e-05,4.9525e-05,4.406e-05
5.3271e-05,4.754e-05,6.215e-05,5.1745e-05,4.989e-05
5.3983e-05,4.66e-05,6.328e-05,5.3115e-05,4.66e-05
5.3934e-05,4.612e-05,6.225e-05,5.264e-05,4.612e-05
5.6984e-05,4.935e-05,6.529e-05,5.6545e-05,5.293e-05
5.2756e-05,4.31e-05,5.996e-05,5.2095e-05,4.31e-05
5.7909e-05,5.052e-05,6.611e-05,5.7295e-05,5.656e-05
5.1461e-05,4.232e-05,5.723e-05,5.122e-05,4.232e-05
5.975e-05,5.531e-05,6.797e-05,5.8125e-05,5.839e-05
5.0568e-05,4.266e-05,5.81e-05,4.9725e-05,4.266e-05
5.6925e-05,5.026e-05,6.524e-05,5.6405e-05,5.026e-05
5.0312e-05,4.478e-05,5.777e-05,4.8455e-05,4.478e-05
5.6246e-05,4.744e-05,6.647e-05,5.5125e-05,4.744e-05
5.0353e-05,4.21e-05,5.726e-05,4.9525e-05,4.21e-05
5.4891e-05,4.655e-05,6.535e-05,5.408e-05,4.655e-05
5.1066e-05,4.287e-05,6.094e-05,4.98e-05,4.287e-05
5.2889e-05,4.631e-05,6.097e-05,5.174e-05,4.919e-05
5.4151e-05,4.658e-05,6.302e-05,5.3235e-05,4.658e-05
5.3118e-05,4.418e-05,6.125e-05,5.2565e-05,4.418e-05
5.4452e-05,5.011e-05,6.487e-05,5.299e-05,5.181e-05
5.1885e-05,4.431e-05,5.976e-05,5.0155e-05,4.431e-05
5.4801e-05,4.956e-05,6.482e-05,5.3905e-05,5.259e-05
5.1331e-05,4.18e-05,5.862e-05,5.0815e-05,4.18e-05
5.8849e-05,5.277e-05,6.847e-05,5.782e-05,5.847e-05
4.9922e-05,4.155e-05,5.646e-05,4.9055e-05,4.155e-05
5.4683e-05,5.034e-05,6.337e-05,5.376e-05,5.056e-05
5.0075e-05,4.171e-05,5.716e-05,4.902e-05,4.171e-05
5.6111e-05,4.888e-05,6.449e-05,5.399e-05,5.415e-05
4.9022e-05,4.11e-05,5.471e-05,4.8745e-05,4.11e-05
5.3794e-05,4.85e-05,6.328e-05,5.2675e-05,5.216e-05
5.2433e-05,4.428e-05,6.274e-05,5.088e-05,4.428e-05
5.4085e-05,4.698e-05,6.307e-05,5.2835e-05,5.067e-05
5.1171e-05,4.436e-05,6.164e-05,4.8865e-05,4.436e-05
5.2765e-05,4.664e-05,6.146e-05,5.165e-05,4.931e-05
5.3807e-05,4.576e-05,6.236e-05,5.2745e-05,4.576e-05
5.3846e-05,4.517e-05,6.208e-05,5.355e-05,4.517e-05
5.7289e-05,5.087e-05,6.571e-05,5.661e-05,5.282e-05
5.2728e-05,4.405e-05,6.011e-05,5.143e-05,4.405e-05
5.7602e-05,5.144e-05,6.73e-05,5.6535e-05,5.599e-05
5.3047e-05,4.486e-05,6.212e-05,5.2185e-05,4.486e-05
5.8289e-05,5.026e-05,6.983e-05,5.777e-05,5.026e-05
5.0867e-05,4.446e-05,6.018e-05,4.8755e-05,4.446e-05
5.6026e-05,4.913e-05,6.529e-05,5.474e-05,5.289e-05
4.9915e-05,4.151e-05,5.64e-05,4.9725e-05,4.151e-05
5.5894e-05,4.926e-05,6.516e-05,5.426e-05,5.398e-05
5.0088e-05,4.308e-05,5.642e-05,4.9645e-05,4.308e-05
5.5764e-05,5.061e-05,6.53e-05,5.509e-05,5.406e-05
5.292e-05,4.492e-05,6.404e-05,5.062e-05,4.492e-05
5.3314e-05,4.78e-05,6.127e-05,5.218e-05,4.899e-05
5.4189e-05,4.646e-05,6.332e-05,5.305e-05,4.646e-05
5.3687e-05,4.508e-05,6.215e-05,5.3e-05,4.508e-05
5.3805e-05,4.681e-05,6.309e-05,5.1825e-05,4.681e-05
5.2586e-05,4.289e-05,5.956e-05,5.261e-05,4.289e-05
5.7769e-05,5.421e-05,6.669e-05,5.665e-05,5.666e-05
5.1287e-05,4.236e-05,5.82e-05,5.0785e-05,4.236e-05
5.8139e-05,5.237e-05,6.832e-05,5.7015e-05,5.662e-05
5.0419e-05,4.171e-05,5.785e-05,4.9675e-05,4.171e-05
5.948e-05,5.44e-05,6.87e-05,5.6665e-05,5.702e-05
4.9369e-05,4.22e-05,5.803e-05,4.8205e-05,4.22e-05
5.4484e-05,4.84e-05,6.33e-05,5.214e-05,5.062e-05
4.8375e-05,4.057e-05,5.509e-05,4.791e-05,4.057e-05
5.3407e-05,4.812e-05,6.084e-05,5.248e-05,4.812e-05
5.0745e-05,4.549e-05,6.007e-05,4.9755e-05,4.642e-05
5.2876e-05,4.688e-05,6.185e-05,5.151e-05,4.994e-05
5.1754e-05,4.381e-05,6.12e-05,5.004e-05,4.381e-05
5.2896e-05,4.694e-05,6.107e-05,5.337e-05,4.878e-05
5.3766e-05,4.639e-05,6.315e-05,5.268e-05,4.639e-05
5.2891e-05,4.527e-05,6.206e-05,5.1985e-05,4.527e-05
5.6429e-05,4.864e-05,6.5e-05,5.6465e-05,4.864e-05
5.1888e-05,4.655e-05,6.067e-05,4.955e-05,4.655e-05
5.5494e-05,4.795e-05,6.431e-05,5.564e-05,4.795e-05
5.1181e-05,4.711e-05,5.912e-05,4.908e-05,4.758e-05
5.7221e-05,4.935e-05,6.828e-05,5.606e-05,4.935e-05
5.0461e-05,4.326e-05,5.837e-05,4.9015e-05,4.326e-05
5.6681e-05,5.121e-05,6.74e-05,5.488e-05,5.163e-05
5.017e-05,4.312e-05,6.128e-05,4.799e-05,4.312e-05
5.4578e-05,4.706e-05,6.291e-05,5.305e-05,5.071e-05
5.0179e-05,3.996e-05,5.525e-05,5.1665e-05,3.996e-05
5.3404e-05,4.599e-05,6.347e-05,5.131e-05,5.064e-05
5.0645e-05,4.406e-05,6.094e-05,4.8605e-05,4.406e-05
5.3629e-05,4.693e-05,6.498e-05,5.131e-05,5.015e-05
5.3243e-05,4.789e-05,6.452e-05,5.0695e-05,4.789e-05
5.2967e-05,4.36e-05,5.972e-05,5.205e-05,4.36e-05
5.4951e-05,5.084e-05,6.516e-05,5.34e-05,5.293e-05
5.209e-05,4.465e-05,5.996e-05,5.053e-05,4.465e-05
5.5479e-05,5.009e-05,6.541e-05,5.4465e-05,5.303e-05
5.1844e-05,4.299e-05,5.913e-05,5.1345e-05,4.299e-05
5.8875e-05,5.283e-05,6.689e-05,5.8445e-05,5.735e-05
5.0475e-05,4.184e-05,5.684e-05,4.978e-05,4.184e-05
5.6806e-05,5.031e-05,6.598e-05,5.48e-05,5.442e-05
5.1241e-05,4.298e-05,6.036e-05,5.008e-05,4.298e-05
5.6072e-05,4.896e-05,6.544e-05,5.4575e-05,5.287e-05
4.889e-05,4.185e-05,5.712e-05,4.7565e-05,4.185e-05
5.4501e-05,4.837e-05,6.501e-05,5.229e-05,5.025e-05
5.2534e-05,4.634e-05,6.372e-05,4.99e-05,4.634e-05
5.4415e-05,4.797e-05,6.265e-05,5.46e-05,5.027e-05
5.177e-05,4.431e-05,6.023e-05,5.033e-05,4.431e-05
5.3961e-05,4.798e-05,6.297e-05,5.2745e-05,5.094e-05
5.4983e-05,4.683e-05,6.341e-05,5.427e-05,4.683e-05
5.3637e-05,4.578e-05,6.33e-05,5.228e-05,4.578e-05
8.1671e-05,7.466e-05,9.079e-05,8.144e-05,7.466e-05
5.263e-05,4.534e-05,6.149e-05,5.111e-05,4.534e-05
5.6565e-05,4.787e-05,6.428e-05,5.734e-05,4.787e-05
5.2205e-05,4.674e-05,6.053e-05,4.974e-05,4.842e-05
5.812e-05,5.072e-05,6.922e-05,5.7385e-05,5.072e-05
5.063e-05,4.366e-05,5.822e-05,4.924e-05,4.366e-05
5.5949e-05,4.97e-05,6.533e-05,5.3735e-05,5.334e-05
4.9325e-05,4.118e-05,5.532e-05,4.901e-05,4.118e-05
5.375e-05,4.917e-05,6.173e-05,5.181e-05,5.061e-05
4.9355e-05,4.104e-05,5.568e-05,4.9085e-05,4.104e-05
5.5771e-05,4.982e-05,6.873e-05,5.38e-05,5.375e-05
5.276e-05,4.635e-05,6.345e-05,4.9885e-05,4.635e-05
5.513e-05,4.814e-05,6.649e-05,5.4465e-05,5.189e-05
5.5447e-05,4.891e-05,6.654e-05,5.3885e-05,4.891e-05
5.3921e-05,4.573e-05,6.184e-05,5.325e-05,4.573e-05
5.2095e-05,4.612e-05,6.271e-05,5.049e-05,4.922e-05
5.1624e-05,4.441e-05,5.806e-05,5.2695e-05,4.441e-05
5.4871e-05,5.004e-05,6.502e-05,5.3875e-05,5.191e-05
5.0509e-05,4.171e-05,5.748e-05,4.983e-05,4.171e-05
5.5745e-05,5.084e-05,6.435e-05,5.4615e-05,5.144e-05
5.1049e-05,4.34e-05,5.871e-05,4.9495e-05,4.34e-05
5.4992e-05,5e-05,6.397e-05,5.3895e-05,5.245e-05
4.9893e-05,4.102e-05,5.585e-05,4.9655e-05,4.102e-05
5.6482e-05,4.973e-05,6.424e-05,5.4955e-05,5.419e-05
4.8894e-05,4.106e-05,5.486e-05,4.848e-05,4.106e-05
5.4011e-05,4.931e-05,6.157e-05,5.322e-05,5.012e-05
5.8664e-05,4.686e-05,8.973e-05,5.07e-05,7.462e-05
5.3953e-05,4.647e-05,6.021e-05,5.271e-05,4.647e-05
5.0454e-05,4.585e-05,6.082e-05,4.866e-05,4.675e-05
5.3487e-05,4.696e-05,6.561e-05,5.2065e-05,5.034e-05
5.8449e-05,4.842e-05,9.155e-05,5.178e-05,4.842e-05
5.4264e-05,4.78e-05,6.139e-05,5.265e-05,5.298e-05
5.6866e-05,4.733e-05,6.355e-05,5.765e-05,4.733e-05
5.1949e-05,4.657e-05,6.059e-05,5.0145e-05,4.961e-05
5.5563e-05,4.72e-05,6.326e-05,5.6095e-05,4.72e-05
5.126e-05,4.658e-05,6.036e-05,4.87e-05,4.658e-05
5.7291e-05,5.052e-05,6.906e-05,5.6255e-05,5.052e-05
4.991e-05,4.226e-05,5.809e-05,4.891e-05,4.226e-05
5.5749e-05,5.111e-05,6.446e-05,5.4225e-05,5.112e-05
4.903e-05,4.182e-05,5.84e-05,4.6795e-05,4.182e-05
5.4605e-05,4.827e-05,6.357e-05,5.38e-05,5.126e-05
4.956e-05,4.171e-05,5.934e-05,4.8445e-05,4.171e-05
5.4675e-05,4.772e-05,6.514e-05,5.329e-05,5.011e-05
5.2793e-05,4.594e-05,6.363e-05,5.002e-05,4.594e-05
5.3845e-05,4.707e-05,6.273e-05,5.3725e-05,5.043e-05
5.4159e-05,4.535e-05,6.234e-05,5.3925e-05,4.535e-05
5.3505e-05,4.528e-05,6.207e-05,5.2305e-05,4.528e-05
5.3886e-05,4.808e-05,6.4e-05,5.2205e-05,4.991e-05
5.2166e-05,4.417e-05,6.042e-05,5.1e-05,4.417e-05
5.5371e-05,4.888e-05,6.356e-05,5.6115e-05,5.115e-05
5.0939e-05,4.262e-05,5.774e-05,5.0035e-05,4.262e-05
5.5489e-05,5.089e-05,6.439e-05,5.4235e-05,5.114e-05
4.9892e-05,4.215e-05,5.768e-05,4.8305e-05,4.215e-05
5.675e-05,5.129e-05,6.675e-05,5.5725e-05,5.505e-05
5.5899e-05,4.718e-05,6.148e-05,5.709e-05,4.718e-05
5.7144e-05,4.987e-05,6.467e-05,5.683e-05,5.692e-05
4.8549e-05,4.043e-05,5.488e-05,4.8035e-05,4.043e-05
5.4169e-05,4.796e-05,6.457e-05,5.3795e-05,4.941e-05
5.292e-05,4.716e-05,6.422e-05,5.0115e-05,4.716e-05
5.4825e-05,4.803e-05,6.354e-05,5.4545e-05,5.13e-05
5.1368e-05,4.424e-05,6.113e-05,4.9365e-05,4.424e-05
5.445e-05,4.746e-05,6.585e-05,5.1515e-05,4.985e-05
5.5969e-05,5.271e-05,6.767e-05,5.4145e-05,5.419e-05
5.3873e-05,4.691e-05,6.362e-05,5.2075e-05,4.691e-05
5.7827e-05,4.966e-05,6.598e-05,5.7925e-05,4.966e-05
5.2227e-05,4.652e-05,6.205e-05,5.0035e-05,4.895e-05
5.5411e-05,4.817e-05,6.462e-05,5.5385e-05,4.817e-05
5.1e-05,4.518e-05,6.039e-05,4.8675e-05,4.6e-05
5.7715e-05,5.026e-05,6.927e-05,5.6865e-05,5.026e-05
5.0265e-05,4.234e-05,5.781e-05,4.92e-05,4.234e-05
5.7207e-05,5.036e-05,6.609e-05,5.612e-05,5.461e-05
4.9563e-05,4.193e-05,5.533e-05,4.924e-05,4.193e-05
5.538e-05,5.035e-05,6.717e-05,5.411e-05,5.301e-05
4.9736e-05,4.245e-05,5.653e-05,4.876e-05,4.245e-05
5.4503e-05,4.834e-05,6.329e-05,5.2865e-05,5.172e-05
5.3298e-05,4.479e-05,6.206e-05,5.2125e-05,4.479e-05
5.4773e-05,4.925e-05,6.801e-05,5.3125e-05,5.245e-05
5.3905e-05,4.825e-05,6.43e-05,5.0975e-05,4.825e-05
5.225e-05,4.671e-05,6.205e-05,5.0465e-05,4.735e-05
5.3269e-05,4.645e-05,6.333e-05,5.1685e-05,4.645e-05
5.2625e-05,4.503e-05,6.074e-05,5.139e-05,4.503e-05
5.4265e-05,4.848e-05,6.188e-05,5.3515e-05,4.848e-05
5.1469e-05,4.381e-05,6.01e-05,5.006e-05,4.381e-05
5.6181e-05,4.986e-05,6.492e-05,5.4825e-05,5.169e-05
5.1077e-05,4.24e-05,5.839e-05,5.0455e-05,4.24e-05
5.7414e-05,5.104e-05,6.699e-05,5.607e-05,5.681e-05
4.958e-05,4.196e-05,5.658e-05,4.9e-05,4.196e-05
5.4958e-05,4.919e-05,6.443e-05,5.3705e-05,5.339e-05
4.8885e-05,4.111e-05,5.575e-05,4.862e-05,4.111e-05
5.3444e-05,4.758e-05,6.169e-05,5.3515e-05,4.971e-05
5.1548e-05,4.373e-05,6.005e-05,5.026e-05,4.373e-05
5.3266e-05,4.811e-05,6.245e-05,5.189e-05,5.027e-05
5.1305e-05,4.347e-05,6.103e-05,4.968e-05,4.347e-05
5.2059e-05,4.599e-05,6.077e-05,5.0775e-05,4.847e-05
5.3732e-05,4.555e-05,6.275e-05,5.346e-05,4.555e-05
5.3379e-05,4.549e-05,6.164e-05,5.2935e-05,4.549e-05
5.7985e-05,5.419e-05,6.676e-05,5.6415e-05,5.439e-05
5.2204e-05,4.331e-05,5.94e-05,5.1495e-05,4.331e-05
5.935e-05,5.419e-05,6.821e-05,5.7885e-05,5.888e-05
5.0651e-05,4.249e-05,5.74e-05,4.9715e-05,4.249e-05
5.5476e-05,4.973e-05,6.488e-05,5.3855e-05,5.233e-05
5.1281e-05,4.286e-05,6.133e-05,5.0035e-05,4.286e-05
5.6154e-05,4.906e-05,6.501e-05,5.478e-05,5.277e-05
4.928e-05,4.113e-05,5.495e-05,4.9235e-05,4.113e-05
5.488e-05,4.854e-05,6.365e-05,5.34e-05,5.266e-05
4.9081e-05,4.063e-05,5.508e-05,4.948e-05,4.063e-05
5.4189e-05,4.94e-05,6.54e-05,5.165e-05,5.178e-05
5.2283e-05,4.581e-05,6.286e-05,4.992e-05,4.581e-05
5.3598e-05,4.661e-05,6.462e-05,5.1385e-05,4.982e-05
8.909e-05,8.047e-05,9.596e-05,9.0025e-05,8.089e-05
5.1856e-05,4.482e-05,6.001e-05,5.095e-05,4.77e-05
5.0524e-05,4.349e-05,5.532e-05,5.1995e-05,5.288e-05
5.0846e-05,4.47e-05,5.673e-05,5.0895e-05,4.47e-05
5.2907e-05,4.885e-05,5.84e-05,5.3015e-05,4.885e-05
4.963e-05,4.38e-05,5.649e-05,4.9125e-05,4.38e-05
5.7135e-05,4.923e-05,6.95e-05,5.65e-05,4.923e-05
5.0896e-05,4.357e-05,5.837e-05,5.005e-05,4.357e-05
5.7244e-05,5.071e-05,6.574e-05,5.551e-05,5.532e-05
4.9575e-05,4.134e-05,5.674e-05,4.9085e-05,4.134e-05
5.513e-05,4.949e-05,6.384e-05,5.3225e-05,5.249e-05
4.9045e-05,4.098e-05,5.498e-05,4.9275e-05,4.098e-05
5.2679e-05,4.772e-05,6.037e-05,5.1785e-05,5.069e-05
5.1343e-05,4.364e-05,5.807e-05,5.039e-05,4.364e-05
5.3756e-05,4.791e-05,6.164e-05,5.3975e-05,5e-05
5.1335e-05,4.371e-05,6.131e-05,4.947e-05,4.371e-05
5.3241e-05,4.673e-05,6.448e-05,5.219e-05,4.983e-05
5.3799e-05,4.789e-05,6.493e-05,5.1975e-05,4.789e-05
5.2569e-05,4.387e-05,6.007e-05,5.1635e-05,4.387e-05
5.6069e-05,5.049e-05,6.482e-05,5.5775e-05,5.164e-05
5.2366e-05,4.338e-05,5.868e-05,5.146e-05,4.338e-05
5.7874e-05,5.131e-05,6.576e-05,5.695e-05,5.621e-05
5.1311e-05,4.221e-05,5.72e-05,5.1265e-05,4.221e-05
5.7265e-05,5.115e-05,6.759e-05,5.5575e-05,5.565e-05
5.0395e-05,4.241e-05,5.776e-05,4.9915e-05,4.241e-05
5.5574e-05,4.956e-05,6.537e-05,5.3775e-05,5.316e-05
4.9685e-05,4.183e-05,5.747e-05,4.907e-05,4.183e-05
5.4732e-05,4.877e-05,6.376e-05,5.3095e-05,5.132e-05
5.0033e-05,4.272e-05,5.93e-05,4.879e-05,4.272e-05
5.562e-05,4.775e-05,6.472e-05,5.73e-05,4.928e-05
5.336e-05,4.599e-05,6.445e-05,5.0605e-05,4.599e-05
5.4494e-05,4.872e-05,6.301e-05,5.322e-05,5.063e-05
5.509e-05,4.647e-05,6.394e-05,5.4275e-05,4.647e-05
5.5155e-05,4.683e-05,6.492e-05,5.486e-05,4.683e-05
5.3428e-05,4.718e-05,6.383e-05,5.149e-05,4.718e-05
5.2091e-05,4.311e-05,5.799e-05,5.225e-05,4.311e-05
5.3871e-05,4.888e-05,6.211e-05,5.333e-05,5.22e-05
5.1424e-05,4.337e-05,5.909e-05,5.042e-05,4.337e-05
5.7545e-05,5.147e-05,6.797e-05,5.657e-05,5.607e-05
5.0118e-05,4.199e-05,5.659e-05,4.9385e-05,4.199e-05
5.4469e-05,4.866e-05,6.422e-05,5.246e-05,5.192e-05
4.9794e-05,4.123e-05,5.725e-05,4.946e-05,4.123e-05
5.5329e-05,4.888e-05,6.401e-05,5.31e-05,5.23e-05
4.9274e-05,4.097e-05,5.53e-05,4.9625e-05,4.097e-05
5.4494e-05,4.872e-05,6.398e-05,5.314e-05,4.872e-05
5.1479e-05,4.452e-05,6.208e-05,4.8875e-05,4.452e-05
5.3136e-05,4.668e-05,6.283e-05,5.143e-05,5.025e-05
5.08e-05,4.395e-05,6.17e-05,4.862e-05,4.395e-05
5.32e-05,4.668e-05,6.15e-05,5.292e-05,4.918e-05
5.4076e-05,4.629e-05,6.337e-05,5.318e-05,4.629e-05
5.3503e-05,4.593e-05,6.244e-05,5.2895e-05,4.593e-05
5.4314e-05,4.893e-05,6.178e-05,5.274e-05,4.893e-05
5.1947e-05,4.444e-05,6.108e-05,5.021e-05,4.444e-05
5.5474e-05,4.635e-05,6.315e-05,5.5465e-05,4.635e-05
5.2459e-05,4.777e-05,6.164e-05,5.0105e-05,5.034e-05
5.6342e-05,4.816e-05,6.691e-05,5.419e-05,4.816e-05
5.0526e-05,4.52e-05,5.84e-05,4.8855e-05,4.52e-05
5.6369e-05,4.739e-05,6.475e-05,5.541e-05,4.739e-05
5.0478e-05,4.522e-05,5.742e-05,4.822e-05,4.565e-05
5.6732e-05,4.886e-05,6.685e-05,5.5045e-05,4.886e-05
4.8909e-05,4.141e-05,5.622e-05,4.822e-05,4.141e-05
5.3596e-05,4.798e-05,6.25e-05,5.189e-05,5.102e-05
5.1829e-05,4.418e-05,6.203e-05,4.9975e-05,4.418e-05
5.2918e-05,4.664e-05,6.131e-05,5.2065e-05,4.926e-05
5.4531e-05,4.576e-05,6.297e-05,5.423e-05,4.576e-05
5.2826e-05,4.593e-05,6.321e-05,5.124e-05,4.755e-05
5.2779e-05,4.614e-05,6.309e-05,5.1135e-05,4.614e-05
5.2095e-05,4.348e-05,5.947e-05,5.155e-05,4.348e-05
5.466e-05,4.877e-05,6.351e-05,5.341e-05,5.096e-05
5.1184e-05,4.277e-05,5.791e-05,5.172e-05,4.277e-05
5.6338e-05,5.056e-05,6.469e-05,5.44e-05,5.285e-05
4.9119e-05,4.305e-05,5.628e-05,4.787e-05,4.34e-05
5.6457e-05,4.737e-05,6.519e-05,5.6015e-05,4.737e-05
5.083e-05,4.189e-05,6.051e-05,4.9225e-05,4.189e-05
5.6643e-05,4.968e-05,6.298e-05,5.6535e-05,5.527e-05
4.9386e-05,4.226e-05,5.91e-05,4.8015e-05,4.226e-05
5.4749e-05,4.813e-05,6.376e-05,5.369e-05,5.125e-05
5.2394e-05,4.534e-05,6.263e-05,5.0095e-05,4.534e-05
5.3746e-05,4.747e-05,6.251e-05,5.2345e-05,5.051e-05
5.1626e-05,4.409e-05,6.181e-05,4.9435e-05,4.409e-05
5.4114e-05,4.67e-05,6.37e-05,5.211e-05,4.917e-05
5.5081e-05,4.853e-05,6.53e-05,5.4075e-05,4.868e-05
5.2495e-05,4.329e-05,5.916e-05,5.1895e-05,4.329e-05
5.923e-05,5.209e-05,6.812e-05,5.8085e-05,5.727e-05
5.3428e-05,4.456e-05,6.238e-05,5.1815e-05,4.456e-05
5.6973e-05,5.04e-05,6.62e-05,5.7155e-05,5.429e-05
5.1739e-05,4.247e-05,5.947e-05,5.125e-05,4.247e-05
5.8369e-05,5.201e-05,6.812e-05,5.7215e-05,5.742e-05
4.9979e-05,4.193e-05,5.71e-05,4.928e-05,4.193e-05
5.6393e-05,5.054e-05,6.535e-05,5.434e-05,5.418e-05
4.9686e-05,4.241e-05,5.817e-05,4.9075e-05,4.241e-05
5.5042e-05,4.872e-05,6.32e-05,5.4455e-05,5.123e-05
4.9111e-05,4.19e-05,5.628e-05,4.825e-05,4.19e-05
5.389e-05,4.903e-05,6.195e-05,5.2805e-05,5.015e-05
5.2205e-05,4.431e-05,6.278e-05,4.964e-05,4.431e-05
5.3701e-05,4.735e-05,6.502e-05,5.187e-05,5.008e-05
5.4586e-05,4.815e-05,6.573e-05,5.2245e-05,4.815e-05
6.7046e-05,5.078e-05,9.035e-05,6.5715e-05,7.378e-05
5.4432e-05,5.034e-05,6.545e-05,5.214e-05,5.243e-05
5.2407e-05,4.507e-05,6.067e-05,5.0705e-05,4.507e-05
5.5467e-05,4.928e-05,6.504e-05,5.4945e-05,5.293e-05
5.1518e-05,4.236e-05,5.884e-05,5.0805e-05,4.236e-05
5.8679e-05,5.172e-05,6.866e-05,5.7525e-05,5.813e-05
5.0796e-05,4.341e-05,5.889e-05,4.9665e-05,4.341e-05
5.6095e-05,4.993e-05,6.487e-05,5.6225e-05,5.261e-05
5.0831e-05,4.11e-05,5.778e-05,5.0825e-05,4.11e-05
5.6634e-05,4.982e-05,6.528e-05,5.525e-05,5.556e-05
4.866e-05,4.04e-05,5.492e-05,4.847e-05,4.04e-05
5.4765e-05,4.918e-05,6.36e-05,5.499e-05,4.972e-05
5.2318e-05,4.612e-05,6.324e-05,4.9935e-05,4.612e-05
5.3683e-05,4.71e-05,6.391e-05,5.302e-05,4.906e-05
5.137e-05,4.588e-05,6.227e-05,4.885e-05,4.588e-05
5.306e-05,4.588e-05,6.343e-05,5.18e-05,4.858e-05
5.4058e-05,4.834e-05,6.558e-05,5.205e-05,4.834e-05
5.356e-05,4.401e-05,5.982e-05,5.374e-05,4.401e-05
5.8956e-05,5.141e-05,6.788e-05,5.755e-05,5.755e-05
5.2664e-05,4.395e-05,5.996e-05,5.146e-05,4.395e-05
5.8205e-05,5.417e-05,6.752e-05,5.654e-05,5.618e-05
5.196e-05,4.393e-05,5.901e-05,5.16e-05,4.393e-05
5.3897e-05,4.933e-05,6.336e-05,5.2585e-05,4.967e-05
5.0154e-05,4.214e-05,5.771e-05,4.898e-05,4.214e-05
5.5593e-05,4.832e-05,6.355e-05,5.3355e-05,5.261e-05
4.9295e-05,4.148e-05,5.552e-05,4.9335e-05,4.148e-05
5.2987e-05,4.838e-05,6.136e-05,5.17e-05,4.947e-05
4.9058e-05,4.168e-05,5.577e-05,4.8285e-05,4.168e-05
5.2856e-05,4.838e-05,6.152e-05,5.1255e-05,4.956e-05
5.221e-05,4.415e-05,6.296e-05,5.0075e-05,4.415e-05
5.2193e-05,4.59e-05,6.067e-05,5.0665e-05,4.859e-05
5.3751e-05,4.556e-05,6.267e-05,5.313e-05,4.556e-05
5.2358e-05,4.41e-05,6.029e-05,5.094e-05,4.41e-05
5.4056e-05,4.72e-05,6.375e-05,5.282e-05,4.72e-05
5.2128e-05,4.21e-05,5.95e-05,5.1715e-05,4.21e-05
5.7058e-05,4.892e-05,6.577e-05,5.687e-05,5.62e-05
5.5831e-05,4.395e-05,7.104e-05,5.3455e-05,4.395e-05
5.7639e-05,4.896e-05,6.477e-05,5.845e-05,5.69e-05
4.9919e-05,4.241e-05,5.76e-05,4.868e-05,4.241e-05
5.4649e-05,4.914e-05,6.493e-05,5.408e-05,5.21e-05
4.9665e-05,4.301e-05,5.731e-05,4.8605e-05,4.301e-05
5.3835e-05,4.898e-05,6.238e-05,5.2445e-05,5.043e-05
5.008e-05,4.103e-05,5.709e-05,4.9855e-05,4.103e-05
5.6469e-05,5.03e-05,6.527e-05,5.458e-05,5.399e-05
5.1502e-05,4.582e-05,6.216e-05,4.9375e-05,4.582e-05
5.3601e-05,4.687e-05,6.247e-05,5.3745e-05,4.93e-05
5.2043e-05,4.506e-05,6.188e-05,5.002e-05,4.506e-05
5.2785e-05,4.671e-05,6.112e-05,5.1725e-05,4.909e-05
5.3936e-05,4.584e-05,6.24e-05,5.384e-05,4.584e-05
5.2191e-05,4.509e-05,6.159e-05,5.043e-05,4.509e-05
5.5691e-05,4.783e-05,6.447e-05,5.605e-05,4.783e-05
5.2911e-05,4.582e-05,6.299e-05,5.07e-05,4.808e-05
5.5779e-05,4.8e-05,6.447e-05,5.5545e-05,4.8e-05
5.1474e-05,4.676e-05,6.022e-05,4.8895e-05,4.756e-05
5.7356e-05,5e-05,6.71e-05,5.638e-05,5e-05
5.1685e-05,4.331e-05,5.859e-05,5.226e-05,4.331e-05
5.6786e-05,5.323e-05,6.498e-05,5.567e-05,5.346e-05
4.87e-05,4.14e-05,5.504e-05,4.8785e-05,4.14e-05
5.5073e-05,4.968e-05,6.863e-05,5.366e-05,5.327e-05
5.0131e-05,4.257e-05,5.637e-05,5.016e-05,4.257e-05
5.2967e-05,4.716e-05,6.379e-05,5.2355e-05,5.207e-05
5.2745e-05,4.547e-05,6.301e-05,5.0555e-05,4.547e-05
5.4281e-05,4.766e-05,6.264e-05,5.389e-05,5.052e-05
5.5039e-05,4.634e-05,6.324e-05,5.488e-05,4.634e-05
5.4852e-05,4.7e-05,6.528e-05,5.3505e-05,4.7e-05
5.419e-05,4.754e-05,6.417e-05,5.29e-05,4.754e-05
5.265e-05,4.3e-05,5.902e-05,5.2555e-05,4.3e-05
5.7139e-05,4.929e-05,6.625e-05,5.612e-05,5.627e-05
5.044e-05,4.24e-05,6.06e-05,4.881e-05,4.24e-05
5.6321e-05,4.925e-05,6.63e-05,5.5745e-05,5.321e-05
5.0979e-05,4.307e-05,5.997e-05,5.045e-05,4.307e-05
5.4331e-05,4.922e-05,6.362e-05,5.2965e-05,5.222e-05
5.035e-05,4.292e-05,5.754e-05,4.9525e-05,4.292e-05
5.7855e-05,5.109e-05,6.611e-05,5.6025e-05,5.596e-05
5.163e-05,4.375e-05,6.091e-05,5.0655e-05,4.375e-05
5.4516e-05,4.862e-05,6.303e-05,5.2975e-05,5.09e-05
5.2109e-05,4.344e-05,6.095e-05,5.129e-05,4.344e-05
5.3741e-05,4.691e-05,6.267e-05,5.301e-05,5.041e-05
5.1019e-05,4.377e-05,6.087e-05,4.911e-05,4.377e-05
5.3056e-05,4.633e-05,6.099e-05,5.331e-05,4.891e-05
5.355e-05,4.488e-05,6.157e-05,5.3825e-05,4.488e-05
5.2505e-05,4.653e-05,6.19e-05,5.1075e-05,4.653e-05
5.6037e-05,4.913e-05,6.548e-05,5.536e-05,4.913e-05
5.1823e-05,4.614e-05,6.091e-05,5.015e-05,4.616e-05
5.5463e-05,4.712e-05,6.384e-05,5.595e-05,4.712e-05
5.171e-05,4.557e-05,5.972e-05,4.9765e-05,4.817e-05
5.5648e-05,4.675e-05,6.506e-05,5.5075e-05,4.675e-05
4.988e-05,4.338e-05,5.738e-05,4.8255e-05,4.338e-05
5.5244e-05,5.025e-05,6.292e-05,5.537e-05,5.099e-05
4.898e-05,4.088e-05,5.548e-05,4.813e-05,4.088e-05
5.4038e-05,4.872e-05,6.465e-05,5.32e-05,5.031e-05
4.8641e-05,4.082e-05,5.558e-05,4.788e-05,4.082e-05
5.3945e-05,4.892e-05,6.585e-05,5.1905e-05,5.199e-05
5.2113e-05,4.531e-05,6.23e-05,4.9625e-05,4.531e-05
5.2249e-05,4.667e-05,6.149e-05,5.0185e-05,4.949e-05
5.4012e-05,4.501e-05,6.243e-05,5.337e-05,4.501e-05
5.3163e-05,4.483e-05,6.091e-05,5.263e-05,4.483e-05
5.5705e-05,5.154e-05,6.664e-05,5.4285e-05,5.395e-05
6.9226e-05,5.345e-05,8.153e-05,6.982e-05,8.153e-05
5.5761e-05,4.931e-05,6.545e-05,5.4505e-05,5.634e-05
5.1124e-05,4.339e-05,6.136e-05,5.0075e-05,4.723e-05
5.6905e-05,4.989e-05,6.6e-05,5.7555e-05,5.937e-05
4.9872e-05,4.27e-05,5.678e-05,4.8855e-05,4.877e-05
5.4138e-05,4.888e-05,6.401e-05,5.2455e-05,4.941e-05
4.9067e-05,4.085e-05,5.537e-05,4.9235e-05,4.726e-05
5.4371e-05,4.91e-05,6.519e-05,5.211e-05,5.069e-05
4.8615e-05,4.06e-05,5.704e-05,4.7235e-05,4.667e-05
5.3933e-05,4.822e-05,6.024e-05,5.5215e-05,5.576e-05
5.0756e-05,4.379e-05,5.684e-05,5.0325e-05,4.716e-05
5.1485e-05,4.659e-05,5.705e-05,5.0735e-05,4.926e-05
5.0699e-05,4.368e-05,5.971e-05,4.9645e-05,4.368e-05
5.401e-05,4.716e-05,6.399e-05,5.252e-05,4.952e-05
5.3461e-05,4.764e-05,6.422e-05,5.142e-05,4.764e-05
5.2083e-05,4.378e-05,5.999e-05,5.0665e-05,4.378e-05
5.6514e-05,4.943e-05,6.548e-05,5.6425e-05,4.943e-05
5.3381e-05,4.651e-05,6.123e-05,5.253e-05,4.651e-05
5.5167e-05,4.822e-05,6.427e-05,5.4455e-05,4.822e-05
5.2628e-05,4.467e-05,5.99e-05,5.1625e-05,4.467e-05
5.5701e-05,5.056e-05,6.391e-05,5.4325e-05,5.293e-05
4.8879e-05,4.168e-05,5.692e-05,4.906e-05,4.168e-05
5.47e-05,4.993e-05,6.352e-05,5.394e-05,5.117e-05
4.8857e-05,4.215e-05,5.631e-05,4.7025e-05,4.215e-05
5.5054e-05,4.842e-05,6.428e-05,5.268e-05,5.199e-05
4.9428e-05,4.078e-05,5.499e-05,4.957e-05,4.078e-05
5.5012e-05,4.925e-05,6.638e-05,5.311e-05,5.4e-05
5.3267e-05,4.585e-05,6.349e-05,5.0895e-05,4.585e-05
5.3694e-05,4.704e-05,6.248e-05,5.2715e-05,5.022e-05
5.4808e-05,4.665e-05,6.368e-05,5.444e-05,4.665e-05
5.4745e-05,4.638e-05,6.324e-05,5.435e-05,4.638e-05
5.7383e-05,5.238e-05,6.817e-05,5.6475e-05,5.451e-05
5.4022e-05,4.667e-05,6.247e-05,5.255e-05,4.667e-05
5.7898e-05,5.229e-05,6.698e-05,5.7515e-05,5.537e-05
5.1463e-05,4.267e-05,5.727e-05,5.148e-05,4.267e-05
5.4378e-05,4.872e-05,6.317e-05,5.3585e-05,5.309e-05
5.0939e-05,4.202e-05,5.793e-05,5.0635e-05,4.202e-05
5.7443e-05,5.055e-05,6.612e-05,5.5975e-05,5.679e-05
4.9906e-05,4.115e-05,5.712e-05,4.945e-05,4.115e-05
5.6825e-05,5.019e-05,6.516e-05,5.497e-05,5.514e-05
5.0241e-05,4.292e-05,6.025e-05,4.848e-05,4.292e-05
5.4313e-05,4.857e-05,6.296e-05,5.2845e-05,5.079e-05
5.1908e-05,4.352e-05,6.095e-05,5.045e-05,4.352e-05
5.3225e-05,4.747e-05,6.149e-05,5.323e-05,4.938e-05
5.1062e-05,4.334e-05,6.045e-05,4.9205e-05,4.334e-05
5.3271e-05,4.667e-05,6.343e-05,5.2005e-05,4.89e-05
5.1987e-05,4.665e-05,6.313e-05,4.9845e-05,4.665e-05
5.2299e-05,4.269e-05,5.896e-05,5.174e-05,4.269e-05
5.8203e-05,5.193e-05,6.637e-05,5.759e-05,5.555e-05
5.2649e-05,4.412e-05,5.989e-05,5.1335e-05,4.412e-05
5.6309e-05,4.895e-05,6.451e-05,5.534e-05,5.499e-05
5.1427e-05,4.245e-05,5.91e-05,5.068e-05,4.245e-05
5.7739e-05,5.162e-05,6.678e-05,5.6335e-05,5.622e-05
5.0997e-05,4.276e-05,5.737e-05,5.091e-05,4.276e-05
5.621e-05,4.885e-05,6.687e-05,5.4025e-05,5.414e-05
4.9019e-05,4.186e-05,5.607e-05,4.774e-05,4.186e-05
5.456e-05,4.98e-05,6.562e-05,5.3235e-05,5.054e-05
4.8971e-05,4.041e-05,5.428e-05,4.901e-05,4.041e-05
5.505e-05,4.885e-05,6.289e-05,5.444e-05,5.412e-05
5.1739e-05,4.333e-05,6.07e-05,5.059e-05,4.333e-05
5.307e-05,4.612e-05,6.189e-05,5.226e-05,4.959e-05
5.4581e-05,4.739e-05,6.415e-05,5.3575e-05,4.739e-05
5.3373e-05,4.414e-05,5.945e-05,5.3575e-05,4.414e-05
5.5329e-05,4.917e-05,6.607e-05,5.4655e-05,5.438e-05
5.293e-05,4.341e-05,6.055e-05,5.2225e-05,4.341e-05
5.8056e-05,5.111e-05,6.695e-05,5.7135e-05,5.707e-05
5.1625e-05,4.271e-05,5.739e-05,5.1645e-05,4.271e-05
5.7237e-05,5.145e-05,6.708e-05,5.6005e-05,5.596e-05
5.1081e-05,4.206e-05,5.784e-05,5.081e-05,4.206e-05
5.6214e-05,4.901e-05,6.562e-05,5.512e-05,5.622e-05
5.02e-05,4.245e-05,5.706e-05,4.943e-05,4.245e-05
5.8651e-05,5.091e-05,7.088e-05,5.7295e-05,5.776e-05
4.9802e-05,4.297e-05,6.136e-05,4.716e-05,4.297e-05
5.3929e-05,4.767e-05,6.228e-05,5.3145e-05,5e-05
5.136e-05,4.335e-05,5.972e-05,5.0175e-05,4.335e-05
5.3092e-05,4.727e-05,6.145e-05,5.301e-05,4.914e-05
5.0546e-05,4.351e-05,5.884e-05,4.9405e-05,4.351e-05
5.2255e-05,4.629e-05,5.999e-05,5.2385e-05,4.84e-05
5.3045e-05,4.614e-05,6.216e-05,5.174e-05,4.614e-05
5.2417e-05,4.382e-05,6.093e-05,5.1195e-05,4.382e-05
5.6041e-05,4.984e-05,6.535e-05,5.586e-05,5.305e-05
5.2211e-05,4.231e-05,5.934e-05,5.194e-05,4.231e-05
5.8376e-05,5.068e-05,6.644e-05,5.803e-05,5.763e-05
5.1095e-05,4.296e-05,5.874e-05,5.029e-05,4.296e-05
5.8336e-05,5.217e-05,6.797e-05,5.789e-05,5.689e-05
5.1319e-05,4.285e-05,5.863e-05,5.0635e-05,4.285e-05
5.7421e-05,5.073e-05,6.7e-05,5.5745e-05,5.587e-05
4.9665e-05,4.074e-05,5.648e-05,4.934e-05,4.074e-05
5.4369e-05,4.928e-05,6.247e-05,5.4795e-05,5.101e-05
4.9545e-05,4.146e-05,5.533e-05,4.9515e-05,4.146e-05
5.4831e-05,4.883e-05,6.397e-05,5.37e-05,5.373e-05
5.1414e-05,4.544e-05,6.118e-05,5.005e-05,4.717e-05
5.3785e-05,4.687e-05,6.404e-05,5.256e-05,4.93e-05
5.4334e-05,4.843e-05,6.572e-05,5.219e-05,4.843e-05
5.3712e-05,4.391e-05,6.065e-05,5.3835e-05,4.391e-05
5.6922e-05,5.039e-05,6.749e-05,5.6305e-05,5.618e-05
5.4949e-05,4.758e-05,6.702e-05,5.2625e-05,4.758e-05
5.6495e-05,4.94e-05,6.502e-05,5.6925e-05,5.279e-05
5.1394e-05,4.219e-05,5.768e-05,5.151e-05,4.219e-05
5.3831e-05,4.893e-05,6.325e-05,5.322e-05,5.276e-05
5.105e-05,4.223e-05,5.802e-05,5.0515e-05,4.223e-05
5.6025e-05,4.87e-05,6.436e-05,5.4085e-05,5.407e-05
4.9809e-05,4.007e-05,5.681e-05,4.9845e-05,4.007e-05
5.6106e-05,4.874e-05,6.405e-05,5.4185e-05,5.462e-05
4.856e-05,4.192e-05,5.524e-05,4.754e-05,4.192e-05
5.3767e-05,4.925e-05,6.138e-05,5.2255e-05,4.98e-05
5.058e-05,4.303e-05,5.817e-05,4.8995e-05,4.303e-05
5.3485e-05,4.762e-05,6.407e-05,5.1395e-05,4.868e-05
5.1375e-05,4.576e-05,6.241e-05,4.89e-05,4.576e-05
5.2764e-05,4.688e-05,6.152e-05,5.155e-05,4.872e-05
5.259e-05,4.628e-05,6.261e-05,5.024e-05,4.628e-05
5.2655e-05,4.317e-05,5.907e-05,5.2065e-05,4.317e-05
5.7561e-05,4.992e-05,6.714e-05,5.6205e-05,5.569e-05
5.2404e-05,4.335e-05,5.976e-05,5.159e-05,4.335e-05
5.639e-05,4.99e-05,6.466e-05,5.534e-05,5.438e-05
5.2793e-05,4.319e-05,5.981e-05,5.304e-05,4.319e-05
5.6381e-05,5.055e-05,6.548e-05,5.5305e-05,5.564e-05
4.976e-05,4.238e-05,5.706e-05,4.9005e-05,4.238e-05
5.4871e-05,5.073e-05,6.258e-05,5.4255e-05,5.122e-05
4.8206e-05,4.134e-05,5.36e-05,4.795e-05,4.134e-05
5.3034e-05,4.753e-05,6.127e-05,5.235e-05,4.997e-05
4.8569e-05,4.06e-05,5.424e-05,4.8645e-05,4.06e-05
5.3782e-05,4.84e-05,6.593e-05,5.2235e-05,5.223e-05
5.2414e-05,4.618e-05,6.31e-05,4.967e-05,4.618e-05
5.2939e-05,4.621e-05,6.163e-05,5.2145e-05,4.965e-05
5.4297e-05,4.635e-05,6.331e-05,5.3325e-05,4.635e-05
5.4104e-05,4.473e-05,6.022e-05,5.4055e-05,4.473e-05
5.4734e-05,4.793e-05,6.416e-05,5.3785e-05,5.399e-05
5.3534e-05,4.598e-05,6.336e-05,5.2125e-05,4.598e-05
5.61e-05,4.843e-05,6.463e-05,5.666e-05,4.843e-05
5.1221e-05,4.472e-05,5.854e-05,5.0105e-05,4.472e-05
5.3767e-05,5.005e-05,6.251e-05,5.188e-05,5.005e-05
5.044e-05,4.165e-05,5.613e-05,5.0465e-05,4.165e-05
5.7877e-05,5.297e-05,6.724e-05,5.682e-05,5.73e-05
5.0349e-05,4.178e-05,5.688e-05,5.034e-05,4.178e-05
5.5798e-05,4.826e-05,6.395e-05,5.4025e-05,5.443e-05
4.8776e-05,4.181e-05,5.527e-05,4.809e-05,4.181e-05
5.3139e-05,4.807e-05,6.198e-05,5.17e-05,5.023e-05
5.2022e-05,4.438e-05,6.208e-05,4.9905e-05,4.438e-05
5.3241e-05,4.692e-05,6.134e-05,5.4145e-05,4.908e-05
5.0927e-05,4.323e-05,5.999e-05,4.908e-05,4.323e-05
5.2185e-05,4.574e-05,6.066e-05,5.1795e-05,4.844e-05
5.3729e-05,4.574e-05,6.249e-05,5.305e-05,4.574e-05
5.2034e-05,4.407e-05,5.996e-05,5.037e-05,4.407e-05
5.5619e-05,4.836e-05,6.44e-05,5.592e-05,4.836e-05
5.1989e-05,4.535e-05,6.161e-05,5.0095e-05,4.654e-05
5.5429e-05,4.838e-05,6.474e-05,5.5575e-05,4.838e-05
5.1057e-05,4.559e-05,6.077e-05,4.871e-05,4.603e-05
5.6831e-05,4.931e-05,6.867e-05,5.5955e-05,4.931e-05
5.0565e-05,4.237e-05,5.817e-05,4.9625e-05,4.237e-05
5.8625e-05,5.449e-05,6.772e-05,5.661e-05,5.632e-05
5.478e-05,4.121e-05,9.781e-05,4.9575e-05,4.121e-05
5.5719e-05,4.97e-05,6.4e-05,5.5415e-05,5.164e-05
5.0915e-05,4.252e-05,5.806e-05,5.06e-05,4.252e-05
5.4831e-05,4.877e-05,6.307e-05,5.266e-05,5.174e-05
5.2206e-05,4.438e-05,6.195e-05,5.0205e-05,4.438e-05
5.3291e-05,4.751e-05,6.186e-05,5.246e-05,4.969e-05
5.4045e-05,4.522e-05,6.222e-05,5.3805e-05,4.522e-05
5.3087e-05,4.655e-05,6.104e-05,5.1755e-05,4.82e-05
5.4259e-05,4.725e-05,6.35e-05,5.3015e-05,4.725e-05
5.2795e-05,4.275e-05,6.054e-05,5.2305e-05,4.275e-05
5.846e-05,5.144e-05,6.816e-05,5.746e-05,5.745e-05
5.2029e-05,4.482e-05,5.91e-05,5.1205e-05,4.482e-05
5.6786e-05,5.113e-05,6.727e-05,5.395e-05,5.386e-05
5.1796e-05,4.248e-05,5.72e-05,5.232e-05,4.248e-05
5.5561e-05,5.006e-05,6.509e-05,5.5065e-05,5.548e-05
5.019e-05,4.302e-05,5.726e-05,4.9205e-05,4.302e-05
5.5314e-05,4.872e-05,6.464e-05,5.3615e-05,5.342e-05
4.9507e-05,4.211e-05,6.018e-05,4.7575e-05,4.211e-05
5.51e-05,4.837e-05,6.301e-05,5.448e-05,5.103e-05
5.2891e-05,4.531e-05,6.258e-05,5.09e-05,4.531e-05
5.3786e-05,4.675e-05,6.232e-05,5.275e-05,5.001e-05
5.1674e-05,4.47e-05,6.171e-05,4.9275e-05,4.47e-05
5.2244e-05,4.568e-05,6.038e-05,5.149e-05,4.805e-05
5.3794e-05,4.717e-05,6.381e-05,5.204e-05,4.717e-05
5.2496e-05,4.32e-05,5.933e-05,5.245e-05,4.32e-05
5.4454e-05,4.889e-05,6.403e-05,5.365e-05,5.213e-05
5.219e-05,4.359e-05,6.087e-05,5.098e-05,4.359e-05
5.5689e-05,4.864e-05,6.48e-05,5.581e-05,5.247e-05
5.1265e-05,4.179e-05,5.717e-05,5.1495e-05,4.179e-05
5.653e-05,5.012e-05,6.548e-05,5.462e-05,5.506e-05
4.9595e-05,4.139e-05,5.76e-05,4.891e-05,4.139e-05
5.5214e-05,5.069e-05,6.395e-05,5.2665e-05,5.136e-05
4.9463e-05,4.179e-05,5.656e-05,4.893e-05,4.179e-05
5.4551e-05,4.932e-05,6.261e-05,5.3295e-05,5.123e-05
4.8117e-05,3.975e-05,5.423e-05,4.757e-05,3.975e-05
5.3096e-05,4.795e-05,6.462e-05,5.194e-05,5.133e-05
5.2116e-05,4.53e-05,6.232e-05,4.9365e-05,4.53e-05
5.2375e-05,4.641e-05,6.117e-05,5.188e-05,4.874e-05
5.4228e-05,4.632e-05,6.36e-05,5.289e-05,4.632e-05
5.382e-05,4.436e-05,6.063e-05,5.394e-05,4.436e-05
5.667e-05,5.116e-05,6.65e-05,5.61e-05,5.601e-05
5.2405e-05,4.411e-05,6.061e-05,5.095e-05,4.411e-05
5.7469e-05,5.142e-05,6.616e-05,5.664e-05,5.516e-05
5.2125e-05,4.318e-05,5.932e-05,5.1685e-05,4.318e-05
5.6275e-05,5.034e-05,6.601e-05,5.5125e-05,5.506e-05
5.0389e-05,4.305e-05,5.818e-05,4.924e-05,4.305e-05
5.5285e-05,4.95e-05,6.536e-05,5.3765e-05,5.261e-05
4.9695e-05,4.238e-05,5.765e-05,4.862e-05,4.238e-05
5.5191e-05,4.986e-05,6.332e-05,5.552e-05,5.09e-05
4.8565e-05,4.134e-05,5.71e-05,4.76e-05,4.134e-05
5.3624e-05,4.757e-05,6.217e-05,5.2945e-05,5.007e-05
5.1213e-05,4.308e-05,5.915e-05,4.968e-05,4.308e-05
5.4259e-05,4.941e-05,6.256e-05,5.4115e-05,5.036e-05
5.0465e-05,4.264e-05,6.03e-05,4.8755e-05,4.264e-05
5.2666e-05,4.681e-05,6.394e-05,5.1135e-05,4.912e-05
5.421e-05,4.843e-05,6.424e-05,5.1215e-05,5.057e-05
5.2474e-05,4.706e-05,6.22e-05,5.1555e-05,4.84e-05
5.6111e-05,4.868e-05,6.543e-05,5.578e-05,4.868e-05
5.2216e-05,4.529e-05,6.186e-05,5.0695e-05,4.74e-05
5.4752e-05,4.71e-05,6.378e-05,5.473e-05,4.71e-05
5.0834e-05,4.543e-05,6.004e-05,4.832e-05,4.543e-05
5.725e-05,5.001e-05,6.886e-05,5.6005e-05,5.001e-05
4.9944e-05,4.248e-05,5.772e-05,4.86e-05,4.248e-05
5.5941e-05,4.901e-05,6.468e-05,5.5335e-05,5.214e-05
5.0482e-05,4.039e-05,5.605e-05,5.069e-05,4.039e-05
5.7192e-05,5.016e-05,6.572e-05,5.5605e-05,5.542e-05
5.0746e-05,4.297e-05,6.05e-05,5.0305e-05,4.297e-05
5.3574e-05,4.702e-05,6.192e-05,5.2235e-05,4.993e-05
5.2405e-05,4.562e-05,6.249e-05,5.0525e-05,4.562e-05
5.2849e-05,4.651e-05,6.146e-05,5.271e-05,4.911e-05
5.4306e-05,4.628e-05,6.331e-05,5.3645e-05,4.628e-05
5.3166e-05,4.582e-05,6.28e-05,5.1975e-05,4.582e-05
5.3899e-05,4.697e-05,6.334e-05,5.292e-05,4.697e-05
5.3173e-05,4.388e-05,5.976e-05,5.262e-05,4.388e-05
5.8981e-05,5.163e-05,6.859e-05,5.788e-05,5.735e-05
5.1501e-05,4.418e-05,5.949e-05,4.995e-05,4.418e-05
5.8068e-05,5.224e-05,6.844e-05,5.647e-05,5.59e-05
5.1016e-05,4.273e-05,5.859e-05,5.048e-05,4.273e-05
5.4752e-05,4.88e-05,6.476e-05,5.3285e-05,5.294e-05
4.9539e-05,4.18e-05,5.705e-05,4.8725e-05,4.18e-05
5.5021e-05,4.984e-05,6.38e-05,5.324e-05,5.105e-05
4.8865e-05,4.181e-05,5.506e-05,4.822e-05,4.181e-05
5.3813e-05,5.023e-05,6.26e-05,5.167e-05,5.151e-05
5.1935e-05,4.443e-05,6.152e-05,4.9865e-05,4.443e-05
5.3019e-05,4.62e-05,6.182e-05,5.271e-05,4.97e-05
5.2084e-05,4.415e-05,6.241e-05,5.066e-05,4.415e-05
5.3313e-05,4.712e-05,6.379e-05,5.137e-05,4.905e-05
5.2515e-05,4.761e-05,6.418e-05,5.004e-05,4.769e-05
5.3368e-05,4.37e-05,6.129e-05,5.291e-05,4.37e-05
5.8384e-05,5.434e-05,6.786e-05,5.6775e-05,5.66e-05
5.2541e-05,4.368e-05,5.956e-05,5.2055e-05,4.368e-05
5.7604e-05,5.032e-05,6.626e-05,5.6785e-05,5.711e-05
5.299e-05,4.522e-05,6.209e-05,5.163e-05,4.522e-05
5.5361e-05,4.937e-05,6.458e-05,5.4485e-05,5.228e-05
5.0609e-05,4.226e-05,5.847e-05,5.0165e-05,4.226e-05
5.4663e-05,4.874e-05,6.368e-05,5.2605e-05,5.11e-05
4.8446e-05,4.051e-05,5.503e-05,4.7975e-05,4.051e-05
5.3745e-05,4.867e-05,6.275e-05,5.2015e-05,5.07e-05
4.8995e-05,4.068e-05,5.481e-05,4.952e-05,4.068e-05
5.2489e-05,4.831e-05,6.383e-05,5.131e-05,5.126e-05
5.2114e-05,4.543e-05,6.268e-05,4.929e-05,4.543e-05
5.3191e-05,4.651e-05,6.15e-05,5.3115e-05,4.943e-05
5.4146e-05,4.585e-05,6.274e-05,5.3735e-05,4.585e-05
5.3906e-05,4.578e-05,6.256e-05,5.3605e-05,4.578e-05
5.4146e-05,4.785e-05,6.49e-05,5.285e-05,4.785e-05
5.2627e-05,4.319e-05,5.95e-05,5.253e-05,4.319e-05
5.591e-05,5.039e-05,6.514e-05,5.4845e-05,5.48e-05
5.0612e-05,4.218e-05,5.852e-05,4.958e-05,4.218e-05
5.6035e-05,5.01e-05,6.532e-05,5.5485e-05,5.275e-05
5.091e-05,4.259e-05,5.687e-05,5.011e-05,4.259e-05
5.7289e-05,4.935e-05,7.017e-05,5.4305e-05,5.443e-05
4.9836e-05,4.391e-05,5.882e-05,4.96e-05,4.523e-05
5.5947e-05,4.632e-05,6.38e-05,5.5395e-05,4.632e-05
4.9842e-05,4.465e-05,5.914e-05,4.7365e-05,4.683e-05
5.3588e-05,4.718e-05,6.376e-05,5.117e-05,4.807e-05
5.2266e-05,4.507e-05,6.356e-05,4.967e-05,4.507e-05
5.3264e-05,4.692e-05,6.164e-05,5.359e-05,4.916e-05
5.1258e-05,4.405e-05,6.069e-05,4.9405e-05,4.405e-05
5.2607e-05,4.614e-05,6.115e-05,5.181e-05,4.91e-05
5.3576e-05,4.67e-05,6.341e-05,5.1835e-05,4.67e-05
5.2906e-05,4.474e-05,6.063e-05,5.213e-05,4.474e-05
5.4945e-05,4.967e-05,6.362e-05,5.4385e-05,5.21e-05
5.2685e-05,4.3e-05,5.996e-05,5.211e-05,4.3e-05
5.7005e-05,4.937e-05,6.607e-05,5.5665e-05,5.614e-05
5.153e-05,4.295e-05,5.883e-05,5.0905e-05,4.295e-05
5.7582e-05,5.088e-05,6.722e-05,5.599e-05,5.663e-05
5.105e-05,4.215e-05,5.783e-05,5.121e-05,4.215e-05
5.4738e-05,4.853e-05,6.668e-05,5.367e-05,5.406e-05
4.9656e-05,4.309e-05,5.701e-05,4.826e-05,4.309e-05
5.587e-05,5.015e-05,6.474e-05,5.4655e-05,5.295e-05
4.9265e-05,4.076e-05,5.5e-05,5.014e-05,4.076e-05
5.3644e-05,4.886e-05,6.488e-05,5.2765e-05,5.232e-05
5.2781e-05,4.64e-05,6.34e-05,5.0405e-05,4.64e-05
5.3446e-05,4.75e-05,6.256e-05,5.2085e-05,5.063e-05
5.4665e-05,4.607e-05,6.311e-05,5.4025e-05,4.607e-05
5.4376e-05,4.56e-05,6.271e-05,5.4305e-05,4.56e-05
5.3822e-05,4.825e-05,6.473e-05,5.242e-05,5.107e-05
5.3454e-05,4.573e-05,6.095e-05,5.2515e-05,4.573e-05
5.7619e-05,5.084e-05,6.609e-05,5.7335e-05,5.527e-05
5.1995e-05,4.414e-05,5.994e-05,5.0805e-05,4.414e-05
5.5953e-05,5.021e-05,6.539e-05,5.4385e-05,5.237e-05
5.1739e-05,4.444e-05,5.899e-05,5.1165e-05,4.444e-05
5.6511e-05,4.949e-05,6.505e-05,5.456e-05,5.329e-05
4.9755e-05,4.137e-05,5.634e-05,4.919e-05,4.137e-05
5.6749e-05,4.881e-05,6.51e-05,5.552e-05,5.594e-05
5.0379e-05,4.287e-05,5.979e-05,4.8985e-05,4.287e-05
5.5145e-05,4.868e-05,6.418e-05,5.3885e-05,5.152e-05
5.156e-05,4.439e-05,6.275e-05,4.9175e-05,4.439e-05
5.3996e-05,4.635e-05,6.273e-05,5.26e-05,5.049e-05
5.1632e-05,4.337e-05,6.186e-05,4.975e-05,4.337e-05
5.3153e-05,4.758e-05,6.179e-05,5.277e-05,4.956e-05
5.3145e-05,4.523e-05,6.116e-05,5.1815e-05,4.523e-05
5.1736e-05,4.58e-05,6.261e-05,5.0165e-05,4.738e-05
5.5776e-05,4.917e-05,6.607e-05,5.5115e-05,4.917e-05
5.4947e-05,4.557e-05,6.331e-05,5.5565e-05,4.557e-05
5.6051e-05,4.936e-05,6.397e-05,5.5395e-05,5.558e-05
5.1799e-05,4.254e-05,5.857e-05,5.195e-05,4.254e-05
5.7856e-05,5.15e-05,6.731e-05,5.71e-05,5.795e-05
5.009e-05,4.227e-05,5.717e-05,4.9325e-05,4.227e-05
5.5479e-05,5.084e-05,6.313e-05,5.4665e-05,5.188e-05
4.944e-05,4.225e-05,5.87e-05,4.757e-05,4.225e-05
5.5159e-05,4.844e-05,6.415e-05,5.407e-05,5.174e-05
4.8854e-05,4.14e-05,5.489e-05,4.855e-05,4.14e-05
5.5095e-05,4.815e-05,6.51e-05,5.3975e-05,5.153e-05
5.2021e-05,4.572e-05,6.247e-05,4.935e-05,4.572e-05
5.3562e-05,4.638e-05,6.36e-05,5.3245e-05,4.919e-05
5.422e-05,4.808e-05,6.52e-05,5.223e-05,4.808e-05
5.4081e-05,4.467e-05,6.028e-05,5.437e-05,4.467e-05
5.6816e-05,5.083e-05,6.66e-05,5.6455e-05,5.653e-05
5.3265e-05,4.386e-05,5.917e-05,5.377e-05,4.386e-05
5.6565e-05,4.946e-05,6.514e-05,5.5565e-05,5.605e-05
5.1046e-05,4.306e-05,5.782e-05,4.9985e-05,4.306e-05
5.6765e-05,5.02e-05,6.676e-05,5.487e-05,5.417e-05
5.127e-05,4.305e-05,5.942e-05,5.047e-05,4.305e-05
5.5469e-05,4.902e-05,6.403e-05,5.5765e-05,5.187e-05
4.95e-05,4.172e-05,5.706e-05,4.8225e-05,4.172e-05
5.5472e-05,5.079e-05,6.372e-05,5.465e-05,5.133e-05
4.9526e-05,4.181e-05,5.719e-05,4.754e-05,4.181e-05
5.3455e-05,4.766e-05,6.227e-05,5.1495e-05,4.974e-05
5.1783e-05,4.474e-05,6.2e-05,4.968e-05,4.474e-05
9.6371e-05,5.164e-05,0.00013915,9.62e-05,5.164e-05
5.0756e-05,4.315e-05,6.05e-05,5.0105e-05,4.85e-05
5.1989e-05,4.308e-05,5.747e-05,5.287e-05,4.777e-05
5.2695e-05,4.791e-05,5.849e-05,5.163e-05,4.791e-05
5.0099e-05,4.387e-05,5.586e-05,5.102e-05,4.387e-05
5.4293e-05,5.067e-05,6.295e-05,5.2075e-05,5.135e-05
5.0608e-05,4.196e-05,5.647e-05,4.9715e-05,4.196e-05
5.7146e-05,5.037e-05,6.553e-05,5.6085e-05,5.424e-05
5.1469e-05,4.177e-05,5.829e-05,5.1425e-05,4.177e-05
5.7781e-05,5.231e-05,6.535e-05,5.7385e-05,5.651e-05
5.072e-05,4.133e-05,5.757e-05,5.0795e-05,4.133e-05
5.7677e-05,4.995e-05,6.477e-05,5.7265e-05,5.619e-05
4.9428e-05,4.205e-05,5.634e-05,4.854e-05,4.205e-05
5.5754e-05,5.092e-05,6.417e-05,5.5525e-05,5.092e-05
4.894e-05,4.186e-05,5.841e-05,4.6865e-05,4.186e-05
5.3765e-05,4.789e-05,6.227e-05,5.303e-05,5.005e-05
5.2105e-05,4.336e-05,6.289e-05,5.0635e-05,4.336e-05
5.4094e-05,4.742e-05,6.3e-05,5.4015e-05,5.079e-05
5.4924e-05,4.738e-05,6.438e-05,5.3625e-05,4.738e-05
5.3555e-05,4.444e-05,6.066e-05,5.3275e-05,4.444e-05
5.3457e-05,4.878e-05,6.294e-05,5.1595e-05,5.149e-05
5.304e-05,4.376e-05,6.022e-05,5.2875e-05,4.376e-05
5.7325e-05,4.99e-05,6.624e-05,5.6e-05,5.621e-05
5.1371e-05,4.301e-05,5.88e-05,5.0515e-05,4.301e-05
5.8796e-05,5.227e-05,6.865e-05,5.808e-05,5.747e-05
5.1491e-05,4.285e-05,5.847e-05,5.1185e-05,4.285e-05
5.8107e-05,5.472e-05,6.654e-05,5.5965e-05,5.487e-05
5.1236e-05,4.325e-05,5.786e-05,5.0775e-05,4.325e-05
5.8065e-05,5.158e-05,6.928e-05,5.6545e-05,5.63e-05
4.9515e-05,4.156e-05,5.618e-05,4.895e-05,4.156e-05
5.4579e-05,4.85e-05,6.251e-05,5.263e-05,5.281e-05
5.1908e-05,4.437e-05,6.282e-05,5.0005e-05,4.437e-05
5.3058e-05,4.664e-05,6.181e-05,5.2695e-05,4.968e-05
5.1588e-05,4.428e-05,6.182e-05,4.9745e-05,4.428e-05
5.3181e-05,4.612e-05,6.239e-05,5.128e-05,4.994e-05
5.2805e-05,4.558e-05,6.227e-05,5.1225e-05,4.558e-05
5.3585e-05,4.624e-05,6.36e-05,5.209e-05,4.624e-05
5.5952e-05,4.957e-05,6.597e-05,5.531e-05,4.957e-05
5.358e-05,4.552e-05,6.21e-05,5.314e-05,4.552e-05
5.5614e-05,4.736e-05,6.349e-05,5.6455e-05,4.736e-05
5.0408e-05,4.49e-05,5.946e-05,4.824e-05,4.635e-05
5.6005e-05,4.709e-05,6.462e-05,5.5605e-05,4.709e-05
5.0198e-05,4.194e-05,5.805e-05,4.9475e-05,4.194e-05
5.4279e-05,4.913e-05,6.319e-05,5.2475e-05,5.163e-05
4.9047e-05,4.153e-05,5.567e-05,4.8165e-05,4.153e-05
5.435e-05,4.959e-05,6.205e-05,5.4485e-05,5.033e-05
4.8502e-05,4.082e-05,5.508e-05,4.697e-05,4.082e-05
5.3823e-05,4.799e-05,6.393e-05,5.228e-05,4.885e-05
5.2139e-05,4.546e-05,6.284e-05,4.9585e-05,4.546e-05
5.2747e-05,4.669e-05,6.107e-05,5.2435e-05,4.863e-05
5.3535e-05,4.56e-05,6.263e-05,5.21e-05,4.56e-05
5.4064e-05,4.693e-05,6.391e-05,5.2645e-05,4.693e-05
5.3451e-05,4.74e-05,6.386e-05,5.1855e-05,4.74e-05
5.375e-05,4.49e-05,6.329e-05,5.258e-05,4.49e-05
5.5709e-05,4.911e-05,6.526e-05,5.551e-05,5.284e-05
5.108e-05,4.292e-05,5.795e-05,5.034e-05,4.292e-05
5.5996e-05,5.105e-05,6.487e-05,5.466e-05,5.175e-05
5.042e-05,4.03e-05,5.701e-05,5.036e-05,4.03e-05
5.8435e-05,5.199e-05,6.839e-05,5.7845e-05,5.732e-05
4.9639e-05,4.188e-05,5.601e-05,4.892e-05,4.188e-05
5.5199e-05,4.879e-05,6.44e-05,5.347e-05,5.291e-05
4.9931e-05,4.278e-05,5.967e-05,4.8325e-05,4.278e-05
5.452e-05,4.817e-05,6.265e-05,5.4385e-05,5.071e-05
5.2336e-05,4.463e-05,6.072e-05,5.0545e-05,4.463e-05
5.326e-05,4.774e-05,6.128e-05,5.322e-05,4.928e-05
5.1436e-05,4.445e-05,6.141e-05,5.0295e-05,4.445e-05
5.2088e-05,4.676e-05,6.148e-05,5.068e-05,4.901e-05
5.3786e-05,4.686e-05,6.353e-05,5.233e-05,4.686e-05
5.237e-05,4.307e-05,5.886e-05,5.215e-05,4.307e-05
5.7636e-05,4.999e-05,6.534e-05,5.6465e-05,5.492e-05
5.2259e-05,4.3e-05,5.862e-05,5.2495e-05,4.3e-05
5.5115e-05,4.78e-05,6.381e-05,5.3695e-05,5.19e-05
5.1536e-05,4.225e-05,5.755e-05,5.1645e-05,4.225e-05
5.704e-05,5.059e-05,6.592e-05,5.5645e-05,5.596e-05
5.0455e-05,4.273e-05,5.773e-05,5.0225e-05,4.273e-05
5.5115e-05,4.872e-05,6.442e-05,5.5045e-05,5.196e-05
4.9705e-05,4.168e-05,5.713e-05,4.9135e-05,4.168e-05
5.3914e-05,4.887e-05,6.595e-05,5.257e-05,5.143e-05
4.9802e-05,4.271e-05,5.641e-05,4.88e-05,4.271e-05
5.3614e-05,4.911e-05,6.215e-05,5.1295e-05,5.078e-05
5.1301e-05,4.41e-05,6.252e-05,4.9315e-05,4.41e-05
5.2959e-05,4.664e-05,6.112e-05,5.28e-05,4.873e-05
5.4545e-05,4.8e-05,6.473e-05,5.257e-05,4.8e-05
5.4257e-05,4.399e-05,6.172e-05,5.445e-05,4.399e-05
5.6328e-05,5.134e-05,6.716e-05,5.539e-05,5.634e-05
5.2205e-05,4.417e-05,6.028e-05,5.0685e-05,4.417e-05
5.6514e-05,5.178e-05,6.63e-05,5.567e-05,5.363e-05
5.1539e-05,4.42e-05,5.947e-05,5.0085e-05,4.42e-05
5.7903e-05,5.198e-05,6.781e-05,5.7405e-05,5.576e-05
5.0925e-05,4.245e-05,5.792e-05,5.0205e-05,4.245e-05
5.6832e-05,5.223e-05,6.609e-05,5.438e-05,5.465e-05
4.9804e-05,4.286e-05,5.723e-05,4.9875e-05,4.286e-05
5.489e-05,4.961e-05,6.588e-05,5.2755e-05,5.226e-05
4.9181e-05,4.258e-05,5.681e-05,4.744e-05,4.258e-05
5.5084e-05,4.846e-05,6.471e-05,5.509e-05,4.99e-05
5.1664e-05,4.458e-05,6.27e-05,4.951e-05,4.458e-05
5.3465e-05,4.667e-05,6.203e-05,5.3245e-05,4.982e-05
5.1231e-05,4.39e-05,6.032e-05,4.938e-05,4.39e-05
5.2186e-05,4.693e-05,6.142e-05,5.056e-05,4.959e-05
5.2428e-05,4.554e-05,6.181e-05,5.045e-05,4.554e-05
5.3389e-05,4.309e-05,5.914e-05,5.3215e-05,4.309e-05
5.7265e-05,4.96e-05,6.555e-05,5.589e-05,5.544e-05
5.2167e-05,4.3e-05,6.005e-05,5.1475e-05,4.3e-05
5.7627e-05,5.073e-05,6.61e-05,5.683e-05,5.565e-05
5.1744e-05,4.204e-05,5.804e-05,5.21e-05,4.204e-05
5.5524e-05,4.854e-05,6.439e-05,5.3845e-05,5.447e-05
5.0659e-05,4.225e-05,5.748e-05,5.1305e-05,4.225e-05
5.5485e-05,5.162e-05,6.758e-05,5.3405e-05,5.273e-05
4.9315e-05,4.112e-05,5.643e-05,4.8375e-05,4.112e-05
5.4684e-05,4.984e-05,6.59e-05,5.3205e-05,5.108e-05
4.903e-05,4.137e-05,5.559e-05,4.791e-05,4.137e-05
5.4081e-05,4.842e-05,6.387e-05,5.2615e-05,5.202e-05
5.1941e-05,4.412e-05,6.234e-05,5.013e-05,4.412e-05
5.3606e-05,4.621e-05,6.398e-05,5.3415e-05,4.96e-05
5.4073e-05,4.748e-05,6.481e-05,5.3055e-05,4.748e-05
5.3373e-05,4.372e-05,5.965e-05,5.374e-05,4.372e-05
5.5566e-05,4.854e-05,6.589e-05,5.467e-05,5.45e-05
5.409e-05,4.544e-05,6.598e-05,5.2195e-05,4.544e-05
5.5447e-05,4.851e-05,6.387e-05,5.564e-05,5.172e-05
5.1939e-05,4.374e-05,5.931e-05,5.111e-05,4.374e-05
5.7556e-05,5.121e-05,6.714e-05,5.6285e-05,5.652e-05
5.0289e-05,4.222e-05,5.802e-05,4.927e-05,4.222e-05
5.668e-05,4.922e-05,6.83e-05,5.504e-05,4.922e-05
5.0154e-05,4.368e-05,5.812e-05,4.8345e-05,4.368e-05
5.4842e-05,4.802e-05,6.261e-05,5.411e-05,4.993e-05
4.9112e-05,4.183e-05,5.652e-05,4.871e-05,4.183e-05
5.1904e-05,4.5e-05,5.692e-05,5.214e-05,4.677e-05
5.2094e-05,4.674e-05,5.929e-05,5.1295e-05,4.674e-05
5.2814e-05,4.794e-05,6.42e-05,5.078e-05,5.018e-05
5.1001e-05,4.534e-05,6.141e-05,4.8285e-05,4.534e-05
5.1889e-05,4.604e-05,6.034e-05,5.056e-05,4.827e-05
5.3773e-05,4.614e-05,6.283e-05,5.2665e-05,4.614e-05
5.143e-05,4.244e-05,5.8e-05,5.0805e-05,4.244e-05
5.6942e-05,5.04e-05,6.644e-05,5.5925e-05,5.456e-05
5.2485e-05,4.343e-05,5.981e-05,5.256e-05,4.343e-05
5.7879e-05,5.355e-05,6.711e-05,5.668e-05,5.667e-05
5.1102e-05,4.22e-05,5.807e-05,5.07e-05,4.22e-05
5.5806e-05,5.136e-05,6.494e-05,5.515e-05,5.329e-05
5.1684e-05,4.398e-05,6.267e-05,4.958e-05,4.398e-05
5.554e-05,4.865e-05,6.444e-05,5.441e-05,5.233e-05
5.0049e-05,4.195e-05,5.641e-05,4.955e-05,4.195e-05
5.4619e-05,4.885e-05,6.128e-05,5.5165e-05,4.885e-05
4.8031e-05,4.146e-05,5.345e-05,4.866e-05,4.146e-05
5.3049e-05,4.92e-05,6.114e-05,5.147e-05,5.111e-05
5.1766e-05,4.426e-05,6.403e-05,5.012e-05,4.769e-05
5.3135e-05,4.73e-05,6.205e-05,5.1745e-05,4.98e-05
5.4819e-05,4.606e-05,6.365e-05,5.451e-05,4.606e-05
5.4282e-05,4.663e-05,6.29e-05,5.362e-05,4.663e-05
5.568e-05,5.043e-05,6.744e-05,5.393e-05,5.366e-05
5.3869e-05,4.611e-05,6.145e-05,5.277e-05,4.611e-05
5.6032e-05,4.996e-05,6.465e-05,5.6285e-05,5.316e-05
5.2361e-05,4.381e-05,6.192e-05,5.1815e-05,4.381e-05
5.6534e-05,5.02e-05,6.627e-05,5.576e-05,5.399e-05
5.0909e-05,4.175e-05,5.654e-05,5.082e-05,4.175e-05
5.8911e-05,5.159e-05,6.81e-05,5.7845e-05,5.837e-05
5.0581e-05,4.359e-05,5.832e-05,4.953e-05,4.359e-05
5.5733e-05,4.923e-05,6.548e-05,5.4305e-05,5.255e-05
5.0079e-05,4.188e-05,5.729e-05,4.9765e-05,4.188e-05
5.6939e-05,5.084e-05,6.628e-05,5.4805e-05,5.563e-05
5.1994e-05,4.474e-05,6.271e-05,5.0395e-05,4.474e-05
5.3249e-05,4.787e-05,6.171e-05,5.301e-05,4.942e-05
5.1182e-05,4.537e-05,6.209e-05,5.0015e-05,4.643e-05
5.2884e-05,4.7e-05,6.289e-05,5.1895e-05,4.825e-05
5.3386e-05,4.748e-05,6.434e-05,5.1145e-05,4.748e-05
5.2204e-05,4.379e-05,5.863e-05,5.1355e-05,4.379e-05
5.7649e-05,5.203e-05,6.65e-05,5.6945e-05,5.492e-05
5.2024e-05,4.335e-05,5.897e-05,5.1375e-05,4.335e-05
5.6655e-05,5.062e-05,6.624e-05,5.5645e-05,5.569e-05
5.1665e-05,4.193e-05,5.801e-05,5.226e-05,4.193e-05
5.5717e-05,4.901e-05,6.551e-05,5.506e-05,5.647e-05
5.0209e-05,4.238e-05,5.765e-05,4.954e-05,4.238e-05
5.514e-05,5.089e-05,6.661e-05,5.367e-05,5.157e-05
4.8963e-05,4.21e-05,5.632e-05,4.73e-05,4.21e-05
5.41e-05,4.888e-05,6.181e-05,5.463e-05,4.957e-05
4.7696e-05,4.026e-05,5.376e-05,4.8425e-05,4.026e-05
5.212e-05,4.87e-05,6.004e-05,5.099e-05,4.939e-05
5.1585e-05,4.341e-05,6.214e-05,4.957e-05,4.341e-05
5.3296e-05,4.675e-05,6.143e-05,5.43e-05,4.946e-05
5.3785e-05,4.596e-05,6.291e-05,5.189e-05,4.596e-05
5.358e-05,4.427e-05,5.982e-05,5.3545e-05,4.427e-05
5.4981e-05,4.897e-05,6.491e-05,5.4115e-05,5.413e-05
5.3793e-05,4.555e-05,6.069e-05,5.3325e-05,4.555e-05
5.608e-05,4.949e-05,6.468e-05,5.4715e-05,5.496e-05
5.0829e-05,4.327e-05,6.104e-05,4.945e-05,4.327e-05
5.8096e-05,5.137e-05,6.828e-05,5.795e-05,5.596e-05
5.1373e-05,4.341e-05,5.821e-05,5.065e-05,4.341e-05
5.7425e-05,5.05e-05,6.686e-05,5.5925e-05,5.685e-05
5.4095e-05,4.805e-05,6.242e-05,5.2905e-05,4.816e-05
5.3391e-05,4.456e-05,5.994e-05,5.4015e-05,4.456e-05
5.3594e-05,4.715e-05,6.178e-05,5.291e-05,4.855e-05
5.6501e-05,4.726e-05,6.528e-05,5.6535e-05,4.726e-05
5.4226e-05,4.911e-05,6.125e-05,5.226e-05,5.186e-05
5.8865e-05,4.709e-05,6.809e-05,6.027e-05,4.709e-05
8.2407e-05,5.124e-05,9.832e-05,8.418e-05,8.543e-05
5.6972e-05,4.839e-05,6.378e-05,5.815e-05,4.925e-05
5.1351e-05,4.528e-05,5.773e-05,5.1005e-05,4.528e-05
5.608e-05,4.75e-05,6.285e-05,5.6465e-05,4.75e-05
5.049e-05,4.375e-05,5.979e-05,4.954e-05,4.635e-05
5.5775e-05,4.627e-05,6.384e-05,5.528e-05,4.627e-05
5.2131e-05,4.52e-05,6.074e-05,5.1095e-05,4.722e-05
5.5026e-05,4.831e-05,6.018e-05,5.4535e-05,4.977e-05
5.1237e-05,4.602e-05,6.089e-05,5.115e-05,4.602e-05
5.4372e-05,4.669e-05,6.327e-05,5.409e-05,4.907e-05
5.4127e-05,4.703e-05,6.274e-05,5.283e-05,4.703e-05
5.3915e-05,4.585e-05,6.208e-05,5.394e-05,4.904e-05
5.5821e-05,4.618e-05,6.349e-05,5.6845e-05,4.618e-05
5.3516e-05,4.848e-05,5.995e-05,5.271e-05,5.022e-05
5.3744e-05,4.838e-05,5.877e-05,5.3965e-05,4.908e-05
5.3211e-05,4.73e-05,6.149e-05,5.1715e-05,4.904e-05
5.7929e-05,4.815e-05,6.77e-05,5.7345e-05,4.815e-05
5.1826e-05,4.368e-05,5.926e-05,5.1185e-05,4.602e-05
5.7165e-05,4.547e-05,6.544e-05,5.7065e-05,4.547e-05
5.0347e-05,4.522e-05,5.769e-05,4.9525e-05,4.545e-05
5.4879e-05,4.411e-05,6.227e-05,5.479e-05,4.411e-05
4.917e-05,4.323e-05,5.742e-05,4.7865e-05,4.451e-05
5.3635e-05,4.669e-05,6.299e-05,5.242e-05,4.731e-05
5.2641e-05,4.39e-05,6.393e-05,4.9565e-05,4.39e-05
5.7611e-05,5.289e-05,6.616e-05,5.5645e-05,5.433e-05
5.1369e-05,4.532e-05,5.651e-05,5.2555e-05,4.96e-05
5.0746e-05,4.324e-05,5.59e-05,5.1985e-05,4.324e-05
5.1074e-05,4.604e-05,5.789e-05,5.0905e-05,4.779e-05
5.2243e-05,4.202e-05,6.156e-05,5.2315e-05,4.202e-05
5.4648e-05,4.739e-05,6.258e-05,5.328e-05,4.961e-05
5.0571e-05,4.489e-05,5.878e-05,4.9205e-05,4.489e-05
5.6119e-05,4.519e-05,6.719e-05,5.631e-05,4.519e-05
5.0961e-05,4.346e-05,5.907e-05,5.032e-05,4.579e-05
5.7551e-05,4.779e-05,6.832e-05,5.603e-05,4.779e-05
5.1819e-05,4.359e-05,5.907e-05,5.173e-05,4.655e-05
5.5432e-05,4.783e-05,6.411e-05,5.426e-05,4.783e-05
5.063e-05,4.431e-05,5.848e-05,5.0135e-05,4.431e-05
5.4984e-05,4.726e-05,6.189e-05,5.507e-05,4.726e-05
5.1359e-05,4.58e-05,5.958e-05,5.049e-05,4.668e-05
5.5286e-05,4.731e-05,6.347e-05,5.5075e-05,4.993e-05
5.2203e-05,4.528e-05,6.14e-05,5.0915e-05,4.528e-05
5.4925e-05,4.676e-05,6.325e-05,5.4685e-05,4.908e-05
5.3801e-05,4.331e-05,6.063e-05,5.4485e-05,4.331e-05
5.436e-05,4.808e-05,6.222e-05,5.3075e-05,5.004e-05
5.6566e-05,4.766e-05,6.471e-05,5.7265e-05,4.766e-05
5.8379e-05,5.367e-05,6.591e-05,5.6865e-05,5.728e-05
5.6945e-05,4.875e-05,6.505e-05,5.6565e-05,4.875e-05
5.264e-05,4.536e-05,6.019e-05,5.196e-05,4.78e-05
5.6511e-05,4.854e-05,6.619e-05,5.6825e-05,4.854e-05
5.2278e-05,4.399e-05,6.082e-05,5.202e-05,4.678e-05
5.7419e-05,4.554e-05,6.452e-05,5.939e-05,4.554e-05
5.0176e-05,4.532e-05,5.714e-05,4.8605e-05,4.609e-05
5.515e-05,4.911e-05,6.273e-05,5.5465e-05,4.911e-05
4.8993e-05,4.198e-05,5.655e-05,4.8865e-05,4.31e-05
5.3086e-05,4.532e-05,6.259e-05,5.1675e-05,4.532e-05
5.013e-05,4.243e-05,5.889e-05,5.0365e-05,4.397e-05
5.2441e-05,4.46e-05,6.006e-05,5.2455e-05,4.563e-05
5.1541e-05,4.467e-05,5.775e-05,5.2025e-05,4.467e-05
5.2329e-05,4.281e-05,5.971e-05,5.1485e-05,4.281e-05
5.1625e-05,4.532e-05,5.903e-05,5.197e-05,4.692e-05
5.3661e-05,4.136e-05,6.116e-05,5.5555e-05,4.136e-05
5.3653e-05,4.866e-05,5.774e-05,5.417e-05,5.163e-05
5.013e-05,4.41e-05,5.925e-05,4.846e-05,4.552e-05
5.5608e-05,4.27e-05,6.315e-05,5.729e-05,4.27e-05
4.9365e-05,4.382e-05,5.601e-05,4.8585e-05,4.582e-05
5.417e-05,4.698e-05,6.426e-05,5.384e-05,4.698e-05
4.9364e-05,4.172e-05,5.715e-05,4.8725e-05,4.337e-05
5.4026e-05,4.387e-05,6.23e-05,5.3725e-05,4.387e-05
4.9079e-05,4.048e-05,5.72e-05,4.8645e-05,4.048e-05
5.3662e-05,4.602e-05,6.125e-05,5.3035e-05,4.602e-05
4.9935e-05,4.462e-05,6.053e-05,4.799e-05,4.462e-05
5.375e-05,4.568e-05,6.238e-05,5.326e-05,4.827e-05
5.0507e-05,4.462e-05,6.001e-05,4.9015e-05,4.462e-05
5.2467e-05,4.457e-05,6.084e-05,5.178e-05,4.576e-05
5.1333e-05,4.197e-05,5.817e-05,5.1885e-05,4.197e-05
5.1767e-05,4.733e-05,5.936e-05,5e-05,4.733e-05
5.3586e-05,4.772e-05,6.111e-05,5.241e-05,4.772e-05
5.2055e-05,4.756e-05,5.867e-05,5.0515e-05,4.917e-05
5.4151e-05,4.491e-05,6.2e-05,5.4955e-05,4.491e-05
5.1941e-05,4.715e-05,5.872e-05,5.061e-05,5.022e-05
5.638e-05,4.436e-05,6.577e-05,5.738e-05,4.436e-05
5.0034e-05,4.245e-05,5.8e-05,5.0115e-05,4.43e-05
5.4707e-05,4.628e-05,6.287e-05,5.3435e-05,4.628e-05
4.8614e-05,4.119e-05,5.654e-05,4.7945e-05,4.119e-05
5.36e-05,4.624e-05,6.206e-05,5.3425e-05,4.742e-05
4.8418e-05,4.053e-05,5.636e-05,4.8475e-05,4.053e-05
5.296e-05,4.623e-05,6.227e-05,5.2155e-05,4.785e-05
5.0466e-05,4.336e-05,5.916e-05,4.9605e-05,4.336e-05
5.304e-05,4.558e-05,6.155e-05,5.2025e-05,4.772e-05
5.1169e-05,4.245e-05,5.764e-05,5.1075e-05,4.245e-05
5.2201e-05,4.631e-05,5.976e-05,5.0495e-05,4.672e-05
5.1057e-05,4.306e-05,5.94e-05,5.1045e-05,4.306e-05
5.1395e-05,4.548e-05,5.931e-05,4.956e-05,4.548e-05
5.4264e-05,4.629e-05,6.069e-05,5.442e-05,4.629e-05
5.1269e-05,4.747e-05,5.729e-05,4.959e-05,4.869e-05
5.5426e-05,4.339e-05,6.1e-05,5.598e-05,4.339e-05
4.9844e-05,4.554e-05,5.641e-05,4.8225e-05,4.723e-05
5.398e-05,4.601e-05,6.189e-05,5.2865e-05,4.601e-05
5.0221e-05,4.224e-05,5.886e-05,4.8875e-05,4.224e-05
5.509e-05,4.458e-05,6.276e-05,5.5075e-05,4.458e-05
4.9107e-05,4.361e-05,5.708e-05,4.769e-05,4.362e-05
5.4157e-05,4.346e-05,6.199e-05,5.4255e-05,4.346e-05
4.9901e-05,4.39e-05,5.838e-05,4.921e-05,4.466e-05
5.301e-05,4.552e-05,6.1e-05,5.221e-05,4.612e-05
4.9861e-05,4.35e-05,5.953e-05,4.8625e-05,4.35e-05
5.2937e-05,4.456e-05,6.107e-05,5.311e-05,4.71e-05
5.1429e-05,4.24e-05,5.82e-05,5.1155e-05,4.24e-05
5.2304e-05,4.723e-05,6.017e-05,5.0115e-05,4.731e-05
5.4737e-05,4.628e-05,6.156e-05,5.5245e-05,4.628e-05
5.2081e-05,4.766e-05,5.824e-05,5.065e-05,4.879e-05
5.3953e-05,4.435e-05,6.044e-05,5.4825e-05,4.435e-05
5.1846e-05,4.702e-05,5.754e-05,5.04e-05,4.973e-05
5.58e-05,4.421e-05,6.488e-05,5.6315e-05,4.421e-05
5.0083e-05,4.19e-05,5.797e-05,5.029e-05,4.362e-05
5.4361e-05,4.583e-05,6.237e-05,5.364e-05,4.583e-05
4.975e-05,4.367e-05,5.903e-05,4.896e-05,4.416e-05
5.4988e-05,4.588e-05,6.36e-05,5.44e-05,4.588e-05
4.936e-05,4.202e-05,5.8e-05,4.858e-05,4.33e-05
5.3716e-05,4.404e-05,6.214e-05,5.3615e-05,4.404e-05
5.0871e-05,4.4e-05,6.144e-05,4.8975e-05,4.4e-05
5.3121e-05,4.541e-05,6.121e-05,5.2545e-05,4.728e-05
5.1475e-05,4.195e-05,5.79e-05,5.165e-05,4.195e-05
5.2319e-05,4.72e-05,6.093e-05,5.0225e-05,4.761e-05
0.000124096,0.00011202,0.00012858,0.00012534,0.00011202
5.8999e-05,5.384e-05,6.826e-05,5.6995e-05,5.384e-05
5.4138e-05,4.659e-05,5.849e-05,5.536e-05,5.429e-05
5.0305e-05,4.294e-05,5.762e-05,5.074e-05,4.294e-05
5.543e-05,4.778e-05,6.346e-05,5.5165e-05,4.831e-05
4.9772e-05,4.054e-05,5.747e-05,4.9645e-05,4.054e-05
5.4511e-05,4.775e-05,6.315e-05,5.3985e-05,4.926e-05
4.9227e-05,3.979e-05,5.599e-05,4.9125e-05,3.979e-05
5.3957e-05,4.733e-05,6.284e-05,5.2645e-05,4.915e-05
4.8896e-05,4.067e-05,5.631e-05,4.8825e-05,4.067e-05
5.3141e-05,4.55e-05,6.087e-05,5.2435e-05,4.765e-05
5.0074e-05,4.38e-05,5.987e-05,4.8345e-05,4.38e-05
5.381e-05,4.453e-05,6.209e-05,5.358e-05,4.796e-05
5.0156e-05,4.42e-05,5.994e-05,4.8645e-05,4.42e-05
5.2837e-05,4.416e-05,6.092e-05,5.3355e-05,4.69e-05
5.0952e-05,4.094e-05,5.723e-05,5.1185e-05,4.094e-05
5.1914e-05,4.655e-05,6.034e-05,5.0105e-05,4.761e-05
5.4515e-05,4.595e-05,6.197e-05,5.489e-05,4.595e-05
5.1978e-05,4.808e-05,5.751e-05,5.0545e-05,4.944e-05
5.2784e-05,4.369e-05,5.895e-05,5.413e-05,4.369e-05
5.0639e-05,4.604e-05,5.697e-05,4.9175e-05,4.841e-05
5.5108e-05,4.382e-05,6.514e-05,5.5565e-05,4.382e-05
4.9395e-05,4.202e-05,5.712e-05,4.944e-05,4.361e-05
5.5209e-05,4.301e-05,6.262e-05,5.5365e-05,4.301e-05
4.917e-05,4.367e-05,5.695e-05,4.726e-05,4.48e-05
5.3865e-05,4.373e-05,6.12e-05,5.4215e-05,4.373e-05
4.9252e-05,4.244e-05,5.824e-05,4.883e-05,4.441e-05
5.3051e-05,4.491e-05,6.12e-05,5.2495e-05,4.591e-05
4.9874e-05,4.261e-05,6.023e-05,4.8315e-05,4.261e-05
5.3085e-05,4.526e-05,6.181e-05,5.2565e-05,4.707e-05
5.1221e-05,4.269e-05,5.817e-05,5.115e-05,4.269e-05
5.707e-05,5.233e-05,6.791e-05,5.55e-05,5.383e-05
5.1085e-05,4.254e-05,5.771e-05,5.154e-05,4.254e-05
5.1925e-05,4.593e-05,5.906e-05,5.072e-05,4.752e-05
5.3862e-05,4.474e-05,6.078e-05,5.446e-05,4.474e-05
5.1254e-05,4.707e-05,5.729e-05,4.9665e-05,4.923e-05
5.4864e-05,4.389e-05,6.122e-05,5.6115e-05,4.389e-05
4.9754e-05,4.411e-05,5.726e-05,4.9005e-05,4.559e-05
5.3519e-05,4.566e-05,5.996e-05,5.403e-05,4.566e-05
4.9136e-05,4.169e-05,5.603e-05,4.8725e-05,4.348e-05
5.3121e-05,4.538e-05,6.109e-05,5.2665e-05,4.538e-05
4.8396e-05,4.026e-05,5.632e-05,4.8345e-05,4.026e-05
5.32e-05,4.613e-05,6.137e-05,5.2185e-05,4.71e-05
5.0484e-05,4.41e-05,5.954e-05,4.9095e-05,4.41e-05
5.3649e-05,4.576e-05,6.299e-05,5.2785e-05,4.826e-05
5.0917e-05,4.499e-05,6.009e-05,4.8965e-05,4.499e-05
5.2674e-05,4.442e-05,6.037e-05,5.3415e-05,4.68e-05
5.105e-05,4.425e-05,5.882e-05,5.0635e-05,4.425e-05
5.2181e-05,4.392e-05,6.048e-05,5.196e-05,4.683e-05
5.4421e-05,4.474e-05,6.179e-05,5.5405e-05,4.474e-05
5.1975e-05,4.761e-05,5.83e-05,5.0725e-05,4.946e-05
5.3464e-05,4.371e-05,6.003e-05,5.4785e-05,4.371e-05
5.149e-05,4.737e-05,5.715e-05,4.984e-05,4.908e-05
5.5261e-05,4.361e-05,6.238e-05,5.592e-05,4.361e-05
5.0199e-05,4.354e-05,5.821e-05,4.8875e-05,4.582e-05
5.573e-05,4.781e-05,6.647e-05,5.4875e-05,4.781e-05
5.0276e-05,4.277e-05,5.745e-05,5.0565e-05,4.533e-05
5.4977e-05,4.53e-05,6.548e-05,5.3975e-05,4.53e-05
4.9051e-05,4.112e-05,5.657e-05,4.862e-05,4.303e-05
5.4577e-05,4.645e-05,6.439e-05,5.363e-05,4.645e-05
5.0672e-05,4.213e-05,5.835e-05,5.106e-05,4.451e-05
5.209e-05,4.613e-05,5.938e-05,5.1915e-05,4.613e-05
5.1729e-05,4.259e-05,5.909e-05,5.2555e-05,4.259e-05
5.1935e-05,4.474e-05,6.06e-05,5.082e-05,4.56e-05
5.1244e-05,4.335e-05,5.914e-05,5.195e-05,4.335e-05
5.1312e-05,4.245e-05,5.921e-05,5.0605e-05,4.245e-05
5.4149e-05,4.527e-05,6.218e-05,5.416e-05,4.527e-05
5.1224e-05,4.729e-05,5.707e-05,4.991e-05,4.897e-05
5.6752e-05,4.475e-05,6.713e-05,5.7225e-05,4.475e-05
5.0577e-05,4.271e-05,5.906e-05,5.037e-05,4.523e-05
5.595e-05,4.379e-05,6.375e-05,5.6885e-05,4.379e-05
4.9995e-05,4.538e-05,5.67e-05,4.896e-05,4.793e-05
5.3553e-05,4.63e-05,6.112e-05,5.3105e-05,4.63e-05
4.8297e-05,4.178e-05,5.698e-05,4.7725e-05,4.198e-05
5.4189e-05,4.687e-05,6.306e-05,5.352e-05,4.841e-05
5.0436e-05,4.459e-05,5.964e-05,4.869e-05,4.459e-05
5.3808e-05,4.582e-05,6.269e-05,5.3025e-05,4.882e-05
5.042e-05,4.4e-05,6.008e-05,4.8825e-05,4.4e-05
5.2964e-05,4.482e-05,6.106e-05,5.258e-05,4.701e-05
5.1459e-05,4.218e-05,5.82e-05,5.1715e-05,4.218e-05
5.163e-05,4.623e-05,5.972e-05,5.0395e-05,4.797e-05
5.4191e-05,4.599e-05,6.232e-05,5.4125e-05,4.599e-05
5.1679e-05,4.713e-05,5.807e-05,4.983e-05,4.865e-05
5.3425e-05,4.495e-05,5.983e-05,5.4175e-05,4.495e-05
5.0609e-05,4.56e-05,5.714e-05,4.9475e-05,4.8e-05
5.4872e-05,4.382e-05,6.253e-05,5.564e-05,4.382e-05
5.0023e-05,4.329e-05,5.81e-05,4.9445e-05,4.522e-05
5.5404e-05,4.547e-05,6.351e-05,5.538e-05,4.547e-05
4.8889e-05,4.296e-05,5.688e-05,4.7785e-05,4.426e-05
5.4309e-05,4.271e-05,6.148e-05,5.49e-05,4.271e-05
4.8551e-05,4.419e-05,5.649e-05,4.6285e-05,4.494e-05
5.3059e-05,4.209e-05,6.006e-05,5.375e-05,4.209e-05
4.9374e-05,4.43e-05,5.905e-05,4.853e-05,4.481e-05
7.0442e-05,6.017e-05,7.728e-05,7.2415e-05,6.34e-05
5.4999e-05,4.546e-05,5.999e-05,5.7405e-05,5.999e-05
5.3355e-05,4.776e-05,6.213e-05,5.225e-05,4.776e-05
5.3128e-05,4.445e-05,5.847e-05,5.4785e-05,5.847e-05
5.1855e-05,4.667e-05,6.14e-05,5.021e-05,4.667e-05
5.4511e-05,4.852e-05,5.81e-05,5.559e-05,5.81e-05
5.0558e-05,4.378e-05,5.706e-05,5.1005e-05,4.579e-05
5.7374e-05,4.944e-05,6.129e-05,5.941e-05,6.124e-05
4.9611e-05,4.201e-05,5.626e-05,5.1105e-05,4.383e-05
5.6999e-05,4.857e-05,6.153e-05,5.951e-05,6.138e-05
4.8718e-05,4.265e-05,5.511e-05,4.957e-05,4.42e-05
5.32e-05,4.618e-05,5.831e-05,5.3605e-05,5.166e-05
4.7527e-05,4.094e-05,5.441e-05,4.8195e-05,4.094e-05
5.2755e-05,4.631e-05,6.15e-05,5.133e-05,4.837e-05
5.0027e-05,4.414e-05,5.943e-05,4.9025e-05,4.414e-05
5.3717e-05,4.564e-05,6.189e-05,5.3435e-05,4.808e-05
5.0442e-05,4.424e-05,6.006e-05,4.8985e-05,4.424e-05
5.3026e-05,4.425e-05,6.04e-05,5.2685e-05,4.686e-05
8.1756e-05,4.163e-05,0.00011883,8.25e-05,4.163e-05
5.2783e-05,4.719e-05,5.88e-05,5.2305e-05,4.966e-05
5.2939e-05,4.741e-05,5.718e-05,5.331e-05,4.741e-05
5.2226e-05,4.705e-05,5.959e-05,5.049e-05,4.916e-05
5.4005e-05,4.465e-05,6.164e-05,5.474e-05,4.465e-05
5.0705e-05,4.636e-05,5.714e-05,4.932e-05,4.815e-05
5.5925e-05,4.522e-05,6.521e-05,5.627e-05,4.522e-05
5.0349e-05,4.283e-05,5.834e-05,5.006e-05,4.462e-05
5.5354e-05,4.43e-05,6.322e-05,5.5625e-05,4.43e-05
4.9537e-05,4.301e-05,5.722e-05,4.8965e-05,4.354e-05
5.5253e-05,4.34e-05,6.309e-05,5.555e-05,4.34e-05
4.9146e-05,4.349e-05,5.649e-05,4.8145e-05,4.518e-05
5.4058e-05,4.289e-05,6.137e-05,5.4735e-05,4.289e-05
5.1344e-05,4.659e-05,6.152e-05,4.9705e-05,4.784e-05
5.4126e-05,4.556e-05,6.138e-05,5.5665e-05,4.717e-05
5.1278e-05,4.479e-05,5.803e-05,5.093e-05,4.479e-05
5.2299e-05,4.654e-05,6.202e-05,5.0435e-05,4.697e-05
5.1864e-05,4.496e-05,5.907e-05,5.2405e-05,4.741e-05
5.1255e-05,4.226e-05,5.855e-05,5.041e-05,4.226e-05
6.6726e-05,5.023e-05,7.641e-05,6.7545e-05,6.172e-05
5.1944e-05,4.8e-05,5.916e-05,5.034e-05,4.861e-05
5.6401e-05,4.503e-05,6.769e-05,5.6625e-05,4.503e-05
5.1006e-05,4.441e-05,5.883e-05,5.053e-05,4.547e-05
5.5674e-05,4.424e-05,6.552e-05,5.6285e-05,4.424e-05
4.9336e-05,4.158e-05,5.67e-05,4.9265e-05,4.375e-05
5.3373e-05,4.447e-05,6.155e-05,5.263e-05,4.447e-05
4.8291e-05,4.094e-05,5.662e-05,4.7535e-05,4.213e-05
5.3556e-05,4.361e-05,6.196e-05,5.293e-05,4.361e-05
4.9375e-05,4.422e-05,5.813e-05,4.8575e-05,4.422e-05
5.3326e-05,4.49e-05,6.16e-05,5.384e-05,4.759e-05
5.0247e-05,4.351e-05,6.036e-05,4.867e-05,4.351e-05
5.3225e-05,4.476e-05,6.114e-05,5.3195e-05,4.721e-05
5.1754e-05,4.304e-05,5.912e-05,5.158e-05,4.304e-05
5.1956e-05,4.659e-05,6.11e-05,4.976e-05,4.659e-05
5.5106e-05,4.72e-05,6.206e-05,5.5085e-05,4.72e-05
5.148e-05,4.727e-05,5.732e-05,4.997e-05,4.893e-05
5.3034e-05,4.353e-05,5.949e-05,5.453e-05,4.353e-05
5.1213e-05,4.711e-05,5.784e-05,4.987e-05,4.917e-05
5.5709e-05,4.352e-05,6.577e-05,5.6295e-05,4.352e-05
4.9961e-05,4.271e-05,5.847e-05,4.9005e-05,4.441e-05
5.5253e-05,4.373e-05,6.265e-05,5.56e-05,4.373e-05
4.9466e-05,4.372e-05,5.816e-05,4.8035e-05,4.529e-05
5.4469e-05,4.291e-05,6.677e-05,5.398e-05,4.291e-05
4.8986e-05,4.136e-05,5.668e-05,4.9065e-05,4.331e-05
5.8536e-05,5.025e-05,6.9e-05,5.722e-05,5.025e-05
4.9661e-05,4.199e-05,5.826e-05,4.999e-05,4.335e-05
5.2938e-05,4.604e-05,6.054e-05,5.287e-05,4.731e-05
5.1516e-05,4.333e-05,5.802e-05,5.1345e-05,4.333e-05
5.1328e-05,4.562e-05,5.953e-05,5.0195e-05,4.586e-05
5.0707e-05,4.292e-05,5.725e-05,5.1e-05,4.292e-05
5.1108e-05,4.457e-05,5.862e-05,5.056e-05,4.601e-05
5.3365e-05,4.492e-05,6.005e-05,5.3635e-05,4.492e-05
5.1263e-05,4.745e-05,5.682e-05,4.9475e-05,4.905e-05
5.5029e-05,4.671e-05,6.416e-05,5.4925e-05,4.671e-05
4.9725e-05,4.231e-05,5.776e-05,4.917e-05,4.404e-05
5.4774e-05,4.441e-05,6.504e-05,5.4405e-05,4.441e-05
4.928e-05,4.15e-05,5.688e-05,4.939e-05,4.317e-05
5.308e-05,4.432e-05,6.099e-05,5.2485e-05,4.432e-05
4.8729e-05,4.294e-05,5.663e-05,4.782e-05,4.4e-05
5.3689e-05,4.253e-05,6.121e-05,5.4215e-05,4.253e-05
4.9527e-05,4.392e-05,5.857e-05,4.797e-05,4.592e-05
5.2946e-05,4.66e-05,6.197e-05,5.2095e-05,4.676e-05
5.0441e-05,4.495e-05,5.962e-05,4.8505e-05,4.495e-05
5.3219e-05,4.502e-05,6.255e-05,5.282e-05,4.774e-05
5.1622e-05,4.24e-05,5.874e-05,5.1785e-05,4.24e-05
5.198e-05,4.549e-05,6.028e-05,5.0345e-05,4.651e-05
5.48e-05,4.572e-05,6.19e-05,5.533e-05,4.572e-05
5.2537e-05,4.823e-05,5.906e-05,5.095e-05,4.942e-05
5.3601e-05,4.461e-05,5.967e-05,5.4605e-05,4.461e-05
5.1044e-05,4.675e-05,5.679e-05,4.991e-05,4.844e-05
0.000144474,4.979e-05,0.00016444,0.000159035,0.00014285
5.0296e-05,4.126e-05,5.674e-05,5.114e-05,4.878e-05
5.3953e-05,4.743e-05,5.908e-05,5.512e-05,4.743e-05
5.5905e-05,4.368e-05,8.089e-05,5.2545e-05,4.4e-05
5.3315e-05,4.674e-05,5.979e-05,5.335e-05,5.061e-05
4.8789e-05,4.271e-05,5.671e-05,4.868e-05,4.271e-05
5.3025e-05,4.597e-05,6.216e-05,5.2285e-05,4.813e-05
5.1116e-05,4.421e-05,6.095e-05,4.976e-05,4.421e-05
5.4256e-05,4.629e-05,6.332e-05,5.3675e-05,4.757e-05
5.2697e-05,4.368e-05,5.995e-05,5.435e-05,4.368e-05
5.1719e-05,4.566e-05,5.989e-05,4.939e-05,4.566e-05
5.1947e-05,4.319e-05,5.887e-05,5.341e-05,4.319e-05
5.1251e-05,4.658e-05,5.957e-05,4.8295e-05,4.658e-05
5.4638e-05,4.623e-05,6.128e-05,5.5165e-05,4.623e-05
5.1409e-05,4.732e-05,5.738e-05,4.984e-05,4.87e-05
5.476e-05,4.671e-05,6.415e-05,5.4435e-05,4.671e-05
4.9905e-05,4.227e-05,5.763e-05,4.97e-05,4.397e-05
5.538e-05,4.336e-05,6.52e-05,5.569e-05,4.336e-05
4.953e-05,4.234e-05,5.755e-05,4.915e-05,4.383e-05
5.472e-05,4.346e-05,6.494e-05,5.4325e-05,4.346e-05
4.8606e-05,4.102e-05,5.643e-05,4.869e-05,4.279e-05
5.4364e-05,4.391e-05,6.497e-05,5.3435e-05,4.391e-05
4.9654e-05,4.261e-05,5.928e-05,4.9445e-05,4.475e-05
5.3204e-05,4.563e-05,6.191e-05,5.2635e-05,4.825e-05
5.0642e-05,4.484e-05,6.013e-05,4.8575e-05,4.484e-05
5.1999e-05,4.354e-05,6.003e-05,5.208e-05,4.564e-05
5.1339e-05,4.486e-05,5.766e-05,5.2435e-05,4.486e-05
6.2496e-05,4.759e-05,8.227e-05,6.099e-05,7.057e-05
5.4016e-05,4.685e-05,5.997e-05,5.3695e-05,4.931e-05
5.162e-05,4.665e-05,6.018e-05,4.946e-05,4.665e-05
5.406e-05,4.532e-05,6.077e-05,5.4615e-05,4.532e-05
5.2158e-05,4.805e-05,5.817e-05,5.1045e-05,4.995e-05
5.3923e-05,4.586e-05,6.177e-05,5.406e-05,4.586e-05
4.9885e-05,4.23e-05,5.803e-05,4.9665e-05,4.46e-05
5.5249e-05,4.376e-05,6.242e-05,5.557e-05,4.376e-05
4.9046e-05,4.481e-05,5.665e-05,4.7275e-05,4.551e-05
5.4269e-05,4.343e-05,6.164e-05,5.489e-05,4.343e-05
4.8973e-05,4.294e-05,5.652e-05,4.785e-05,4.497e-05
5.2251e-05,4.438e-05,6.003e-05,5.162e-05,4.438e-05
4.973e-05,4.252e-05,5.853e-05,4.904e-05,4.252e-05
5.3008e-05,4.47e-05,6.043e-05,5.3305e-05,4.7e-05
5.1214e-05,4.508e-05,5.834e-05,5.054e-05,4.508e-05
5.2341e-05,4.577e-05,6.004e-05,5.136e-05,4.577e-05
5.115e-05,4.264e-05,5.869e-05,5.143e-05,4.264e-05
5.079e-05,4.487e-05,5.911e-05,4.9265e-05,4.487e-05
5.356e-05,4.494e-05,6.048e-05,5.4e-05,4.494e-05
5.0465e-05,4.667e-05,5.666e-05,4.891e-05,4.826e-05
5.6101e-05,4.38e-05,6.669e-05,5.644e-05,4.38e-05
5.0171e-05,4.285e-05,5.934e-05,5e-05,4.478e-05
5.5131e-05,4.411e-05,6.727e-05,5.5185e-05,4.411e-05
4.9295e-05,4.164e-05,5.638e-05,4.9015e-05,4.402e-05
5.3364e-05,4.513e-05,6.112e-05,5.2945e-05,4.513e-05
4.8929e-05,4.162e-05,5.712e-05,4.8215e-05,4.162e-05
5.3096e-05,4.286e-05,6.106e-05,5.27e-05,4.286e-05
4.9709e-05,4.302e-05,5.847e-05,4.918e-05,4.302e-05
5.334e-05,4.562e-05,6.203e-05,5.311e-05,4.785e-05
5.0341e-05,4.444e-05,6.013e-05,4.888e-05,4.444e-05
5.3001e-05,4.476e-05,6.107e-05,5.249e-05,4.742e-05
5.1661e-05,4.278e-05,5.889e-05,5.157e-05,4.278e-05
5.2215e-05,4.535e-05,6.045e-05,5.1495e-05,4.747e-05
5.4477e-05,4.583e-05,6.136e-05,5.4895e-05,4.583e-05
5.2521e-05,4.742e-05,5.888e-05,5.162e-05,4.938e-05
5.263e-05,4.638e-05,5.929e-05,5.196e-05,4.638e-05
5.064e-05,4.548e-05,5.696e-05,5.0085e-05,4.664e-05
5.4646e-05,4.659e-05,6.134e-05,5.477e-05,4.659e-05
9.0323e-05,8.401e-05,0.00010144,8.84e-05,8.726e-05
5.4916e-05,4.639e-05,6.315e-05,5.4755e-05,4.869e-05
4.9896e-05,4.123e-05,5.879e-05,5.0315e-05,4.123e-05
5.4389e-05,4.714e-05,6.381e-05,5.3085e-05,4.914e-05
4.8802e-05,4.051e-05,5.653e-05,4.8755e-05,4.051e-05
5.337e-05,4.596e-05,6.079e-05,5.352e-05,4.773e-05
5.0958e-05,4.399e-05,6.028e-05,4.9525e-05,4.399e-05
5.3509e-05,4.529e-05,6.115e-05,5.356e-05,4.727e-05
5.2054e-05,4.27e-05,5.838e-05,5.202e-05,4.27e-05
5.3406e-05,4.894e-05,6.051e-05,5.1045e-05,5.081e-05
5.1487e-05,4.134e-05,5.74e-05,5.232e-05,4.134e-05
5.1733e-05,4.76e-05,5.992e-05,4.9525e-05,4.765e-05
5.4678e-05,4.535e-05,6.211e-05,5.5155e-05,4.535e-05
5.1899e-05,4.78e-05,5.918e-05,5.0055e-05,4.985e-05
5.4136e-05,4.685e-05,6.183e-05,5.4625e-05,4.685e-05
5.0244e-05,4.29e-05,5.885e-05,4.9465e-05,4.471e-05
5.4646e-05,4.372e-05,6.249e-05,5.4905e-05,4.372e-05
4.9285e-05,4.323e-05,5.697e-05,4.801e-05,4.451e-05
5.5321e-05,4.55e-05,6.241e-05,5.5935e-05,4.55e-05
4.808e-05,4.163e-05,5.608e-05,4.7435e-05,4.248e-05
5.3498e-05,4.369e-05,6.15e-05,5.342e-05,4.369e-05
4.9005e-05,4.373e-05,5.766e-05,4.829e-05,4.386e-05
5.2711e-05,4.455e-05,6.125e-05,5.316e-05,4.734e-05
5.0215e-05,4.482e-05,6.015e-05,4.847e-05,4.482e-05
5.2183e-05,4.406e-05,6.012e-05,5.1785e-05,4.653e-05
5.13e-05,4.234e-05,5.857e-05,5.083e-05,4.234e-05
5.2115e-05,4.595e-05,6.014e-05,5.045e-05,4.678e-05
5.3911e-05,4.502e-05,6.116e-05,5.466e-05,4.502e-05
5.081e-05,4.675e-05,5.743e-05,4.9265e-05,4.773e-05
5.3216e-05,4.417e-05,6.028e-05,5.4215e-05,4.417e-05
5.0862e-05,4.614e-05,5.787e-05,4.932e-05,4.881e-05
5.5451e-05,4.342e-05,6.562e-05,5.6215e-05,4.342e-05
4.9706e-05,4.215e-05,5.807e-05,4.9465e-05,4.408e-05
5.5077e-05,4.382e-05,6.293e-05,5.537e-05,4.382e-05
4.9195e-05,4.417e-05,5.673e-05,4.759e-05,4.457e-05
5.3271e-05,4.322e-05,6.103e-05,5.343e-05,4.322e-05
4.8103e-05,4.137e-05,5.543e-05,4.7465e-05,4.336e-05
5.3313e-05,4.546e-05,6.189e-05,5.188e-05,4.546e-05
4.9686e-05,4.308e-05,5.917e-05,4.9685e-05,4.427e-05
5.308e-05,4.595e-05,6.082e-05,5.2775e-05,4.686e-05
5.1321e-05,4.492e-05,5.936e-05,5.0705e-05,4.492e-05
5.2601e-05,4.553e-05,6.123e-05,5.1665e-05,4.638e-05
5.131e-05,4.302e-05,5.862e-05,5.128e-05,4.302e-05
5.1396e-05,4.494e-05,5.942e-05,5.0515e-05,4.494e-05
5.3898e-05,4.529e-05,6.043e-05,5.4005e-05,4.529e-05
5.0916e-05,4.581e-05,5.715e-05,4.988e-05,4.685e-05
5.4945e-05,4.402e-05,6.194e-05,5.5445e-05,4.402e-05
5.0214e-05,4.379e-05,5.798e-05,4.9005e-05,4.568e-05
5.47e-05,4.424e-05,6.498e-05,5.4335e-05,4.424e-05
4.9438e-05,4.164e-05,5.687e-05,4.9495e-05,4.362e-05
5.3321e-05,4.49e-05,6.154e-05,5.265e-05,4.49e-05
4.8332e-05,4.032e-05,5.672e-05,4.8025e-05,4.032e-05
5.3956e-05,4.626e-05,6.152e-05,5.4375e-05,4.727e-05
4.9801e-05,4.319e-05,5.736e-05,4.9095e-05,4.319e-05
5.2681e-05,4.498e-05,6.044e-05,5.2455e-05,4.768e-05
5.0667e-05,4.569e-05,6.01e-05,4.8575e-05,4.569e-05
5.2671e-05,4.476e-05,6.177e-05,5.242e-05,4.734e-05
5.2634e-05,4.471e-05,5.95e-05,5.233e-05,4.471e-05
5.2875e-05,4.614e-05,6.129e-05,5.2055e-05,4.804e-05
5.4447e-05,4.62e-05,6.061e-05,5.493e-05,4.62e-05
5.2354e-05,4.824e-05,5.877e-05,5.0505e-05,4.993e-05
5.3608e-05,4.398e-05,6.035e-05,5.489e-05,4.398e-05
5.2149e-05,4.82e-05,5.908e-05,5.0175e-05,4.991e-05
5.515e-05,4.698e-05,6.241e-05,5.528e-05,4.698e-05
4.9507e-05,4.194e-05,5.805e-05,4.874e-05,4.373e-05
5.4501e-05,4.49e-05,6.314e-05,5.363e-05,4.49e-05
5.008e-05,4.331e-05,5.869e-05,4.9225e-05,4.331e-05
5.4745e-05,4.303e-05,6.174e-05,5.5e-05,4.303e-05
4.8319e-05,4.251e-05,5.516e-05,4.7745e-05,4.335e-05
5.283e-05,4.441e-05,6.029e-05,5.2e-05,4.441e-05
5.0155e-05,4.324e-05,5.894e-05,4.9925e-05,4.428e-05
5.2551e-05,4.487e-05,6.062e-05,5.178e-05,4.72e-05
5.2365e-05,4.348e-05,5.937e-05,5.3615e-05,4.348e-05
5.313e-05,4.583e-05,6.103e-05,5.165e-05,4.583e-05
5.2435e-05,4.333e-05,5.891e-05,5.4195e-05,4.333e-05
5.1928e-05,4.705e-05,5.899e-05,4.935e-05,4.705e-05
5.4746e-05,4.575e-05,6.189e-05,5.4575e-05,4.933e-05
5.089e-05,4.456e-05,5.757e-05,5.083e-05,4.521e-05
5.5298e-05,4.422e-05,6.613e-05,5.5285e-05,4.422e-05
5.0665e-05,4.373e-05,5.939e-05,4.9965e-05,4.55e-05
5.5452e-05,4.479e-05,6.596e-05,5.5705e-05,4.479e-05
4.9544e-05,4.21e-05,5.695e-05,4.9015e-05,4.418e-05
5.4111e-05,4.283e-05,6.162e-05,5.4055e-05,4.283e-05
4.9001e-05,4.43e-05,5.732e-05,4.723e-05,4.481e-05
5.3606e-05,4.283e-05,6.085e-05,5.447e-05,4.283e-05
4.908e-05,4.35e-05,5.696e-05,4.908e-05,4.357e-05
5.2404e-05,4.509e-05,6.019e-05,5.1605e-05,4.719e-05
4.9886e-05,4.403e-05,5.94e-05,4.846e-05,4.403e-05
5.2297e-05,4.394e-05,6.097e-05,5.1635e-05,4.658e-05
5.2904e-05,4.536e-05,6.381e-05,5.1705e-05,4.885e-05
5.0959e-05,4.222e-05,5.779e-05,5.25e-05,4.222e-05
5.3376e-05,4.486e-05,5.946e-05,5.439e-05,4.486e-05
5.1929e-05,4.795e-05,5.848e-05,5.011e-05,5.011e-05
5.3105e-05,4.358e-05,5.986e-05,5.4205e-05,4.358e-05
5.3645e-05,4.826e-05,6.565e-05,5.1705e-05,5.33e-05
5.6143e-05,4.775e-05,6.44e-05,5.558e-05,4.911e-05
4.983e-05,4.134e-05,5.968e-05,4.8885e-05,4.134e-05
5.5584e-05,4.822e-05,6.509e-05,5.4495e-05,4.946e-05
4.8639e-05,4.143e-05,5.596e-05,4.7825e-05,4.143e-05
5.3766e-05,4.674e-05,6.246e-05,5.2765e-05,4.799e-05
4.8505e-05,4.161e-05,5.617e-05,4.762e-05,4.161e-05
5.3428e-05,4.556e-05,6.255e-05,5.2675e-05,4.803e-05
5.1059e-05,4.42e-05,6.094e-05,4.944e-05,4.42e-05
5.3481e-05,4.487e-05,6.158e-05,5.389e-05,4.746e-05
5.1139e-05,4.465e-05,5.942e-05,5.033e-05,4.465e-05
5.2541e-05,4.532e-05,6.099e-05,5.1925e-05,4.591e-05
5.1095e-05,4.33e-05,5.923e-05,5.0355e-05,4.33e-05
5.133e-05,4.351e-05,5.858e-05,5.2045e-05,4.529e-05
5.3208e-05,4.658e-05,6.076e-05,5.284e-05,4.658e-05
5.092e-05,4.593e-05,5.731e-05,4.941e-05,4.806e-05
5.4247e-05,4.259e-05,6.102e-05,5.5175e-05,4.259e-05
4.9436e-05,4.449e-05,5.731e-05,4.8035e-05,4.48e-05
5.3231e-05,4.301e-05,6.019e-05,5.3925e-05,4.301e-05
4.894e-05,4.255e-05,5.675e-05,4.82e-05,4.341e-05
5.4138e-05,4.437e-05,6.438e-05,5.3875e-05,4.437e-05
4.8109e-05,4.03e-05,5.526e-05,4.8205e-05,4.204e-05
5.437e-05,4.465e-05,6.204e-05,5.447e-05,4.465e-05
5.1266e-05,4.675e-05,5.856e-05,5.0025e-05,4.878e-05
5.1915e-05,4.515e-05,5.942e-05,5.0535e-05,4.711e-05
5.0716e-05,3.897e-05,5.866e-05,5.2335e-05,4.454e-05
5.1675e-05,4.617e-05,5.818e-05,5.0665e-05,4.803e-05
5.1204e-05,4.233e-05,5.857e-05,5.216e-05,4.233e-05
5.1542e-05,4.556e-05,6.008e-05,4.8815e-05,4.556e-05
5.5529e-05,4.547e-05,6.549e-05,5.5835e-05,4.547e-05
5.1925e-05,4.697e-05,5.876e-05,5.0855e-05,4.967e-05
5.3276e-05,4.374e-05,6.029e-05,5.3905e-05,4.374e-05
5.1455e-05,4.73e-05,5.705e-05,5.0725e-05,4.844e-05
5.4565e-05,4.827e-05,6.224e-05,5.369e-05,4.827e-05
5.0174e-05,4.16e-05,5.72e-05,5.014e-05,4.367e-05
5.422e-05,4.726e-05,6.286e-05,5.263e-05,4.726e-05
4.9666e-05,4.021e-05,5.667e-05,5.0095e-05,4.189e-05
5.3859e-05,4.728e-05,6.124e-05,5.334e-05,4.728e-05
4.8094e-05,4.106e-05,5.459e-05,4.841e-05,4.244e-05
5.2634e-05,4.522e-05,5.993e-05,5.3155e-05,4.522e-05
5.048e-05,4.438e-05,5.785e-05,4.9525e-05,4.61e-05
5.2705e-05,4.596e-05,6.051e-05,5.2915e-05,4.779e-05
5.2243e-05,4.375e-05,5.906e-05,5.2575e-05,4.375e-05
5.3349e-05,4.786e-05,6.29e-05,5.0535e-05,4.922e-05
5.3451e-05,4.66e-05,6.36e-05,5.2535e-05,4.66e-05
5.1988e-05,4.253e-05,5.899e-05,5.219e-05,4.253e-05
5.4934e-05,4.858e-05,6.319e-05,5.306e-05,4.994e-05
5.0771e-05,4.153e-05,5.791e-05,5.143e-05,4.153e-05
5.422e-05,4.676e-05,6.291e-05,5.4195e-05,4.676e-05
5.014e-05,4.336e-05,5.804e-05,4.8715e-05,4.436e-05
5.4165e-05,4.619e-05,6.442e-05,5.451e-05,4.619e-05
4.9904e-05,4.146e-05,5.75e-05,5.0725e-05,4.364e-05
5.4565e-05,4.421e-05,6.259e-05,5.431e-05,4.421e-05
5.1502e-05,3.894e-05,5.797e-05,5.4165e-05,4.537e-05
5.2601e-05,4.598e-05,5.824e-05,5.245e-05,4.96e-05
4.9797e-05,4.457e-05,5.454e-05,5.011e-05,4.836e-05
5.2205e-05,4.612e-05,5.83e-05,5.353e-05,4.708e-05
5.1295e-05,4.391e-05,6.017e-05,5.01e-05,4.391e-05
5.206e-05,4.158e-05,5.917e-05,5.32e-05,5.044e-05
5.0301e-05,4.446e-05,5.619e-05,5.013e-05,4.446e-05
5.1119e-05,4.395e-05,5.98e-05,5.0135e-05,4.446e-05
5.4912e-05,4.574e-05,6.505e-05,5.4775e-05,4.574e-05
5.2214e-05,4.665e-05,5.827e-05,5.069e-05,4.871e-05
5.3856e-05,4.464e-05,6.096e-05,5.446e-05,4.704e-05
5.1086e-05,4.52e-05,5.919e-05,4.922e-05,4.745e-05
5.4758e-05,4.633e-05,6.469e-05,5.4575e-05,4.633e-05
5.0076e-05,4.205e-05,5.772e-05,4.9245e-05,4.463e-05
5.4992e-05,4.399e-05,6.239e-05,5.527e-05,4.399e-05
4.859e-05,4.205e-05,5.542e-05,4.8565e-05,4.331e-05
5.3631e-05,4.285e-05,6.177e-05,5.461e-05,4.285e-05
4.9978e-05,4.375e-05,5.681e-05,4.9095e-05,4.57e-05
5.3581e-05,4.286e-05,6.283e-05,5.4195e-05,4.286e-05
5.0075e-05,4.35e-05,5.896e-05,5.032e-05,4.416e-05
5.269e-05,4.662e-05,6.05e-05,5.1635e-05,4.82e-05
5.1835e-05,4.294e-05,5.816e-05,5.224e-05,4.294e-05
5.16e-05,4.618e-05,5.97e-05,5.118e-05,4.618e-05
5.1119e-05,4.329e-05,5.896e-05,5.0795e-05,4.329e-05
5.2866e-05,4.562e-05,6.053e-05,5.2295e-05,4.562e-05
5.5581e-05,4.767e-05,6.415e-05,5.528e-05,4.767e-05
5.1204e-05,4.375e-05,5.802e-05,5.091e-05,4.375e-05
5.5623e-05,4.433e-05,6.527e-05,5.604e-05,4.433e-05
5.2868e-05,4.748e-05,6.093e-05,5.1595e-05,5.054e-05
5.516e-05,4.566e-05,6.502e-05,5.4825e-05,4.566e-05
4.9275e-05,4.162e-05,5.695e-05,4.951e-05,4.366e-05
5.3356e-05,4.471e-05,6.182e-05,5.2335e-05,4.471e-05
4.9195e-05,3.888e-05,5.739e-05,5.0755e-05,4.007e-05
5.3765e-05,4.935e-05,6.337e-05,5.221e-05,5.066e-05
5.0056e-05,4.393e-05,5.776e-05,4.945e-05,4.561e-05
5.2784e-05,4.246e-05,6.037e-05,5.3025e-05,4.246e-05
4.9426e-05,4.318e-05,5.841e-05,4.8135e-05,4.405e-05
5.1401e-05,4.499e-05,5.727e-05,5.1665e-05,4.653e-05
5.1863e-05,4.248e-05,5.88e-05,5.1665e-05,4.248e-05
5.2859e-05,4.722e-05,6.09e-05,5.084e-05,4.87e-05
5.3725e-05,4.569e-05,6.036e-05,5.438e-05,4.605e-05
5.2276e-05,4.775e-05,5.946e-05,5.074e-05,5.046e-05
5.3107e-05,4.689e-05,5.996e-05,5.277e-05,4.689e-05
5.2089e-05,4.7e-05,5.998e-05,4.995e-05,4.837e-05
5.6184e-05,4.973e-05,6.63e-05,5.5175e-05,4.973e-05
5.1125e-05,4.332e-05,5.815e-05,5.1245e-05,4.332e-05
5.4823e-05,4.909e-05,6.416e-05,5.379e-05,4.973e-05
4.9788e-05,4.238e-05,5.753e-05,4.8975e-05,4.238e-05
5.4496e-05,4.674e-05,6.269e-05,5.405e-05,4.717e-05
4.799e-05,4.211e-05,5.509e-05,4.7695e-05,4.211e-05
5.3445e-05,4.818e-05,6.22e-05,5.182e-05,4.867e-05
5.0204e-05,4.361e-05,6.017e-05,4.9305e-05,4.361e-05
5.2872e-05,4.557e-05,6.171e-05,5.17e-05,4.709e-05
5.2385e-05,4.364e-05,5.894e-05,5.335e-05,4.364e-05
5.2717e-05,4.834e-05,5.99e-05,5.0895e-05,4.947e-05
5.1418e-05,4.131e-05,5.639e-05,5.304e-05,4.131e-05
5.2654e-05,4.852e-05,6.172e-05,5.049e-05,5.027e-05
5.5431e-05,4.68e-05,6.201e-05,5.534e-05,4.68e-05
5.1838e-05,4.724e-05,5.766e-05,5.1075e-05,4.801e-05
5.5146e-05,4.688e-05,6.434e-05,5.522e-05,4.688e-05
5.0784e-05,4.369e-05,5.938e-05,5.0435e-05,4.549e-05
5.5611e-05,4.547e-05,6.368e-05,5.625e-05,4.547e-05
4.9139e-05,4.141e-05,5.606e-05,4.805e-05,4.465e-05
5.4369e-05,4.753e-05,6.19e-05,5.277e-05,4.753e-05
4.8607e-05,4.172e-05,5.319e-05,4.9845e-05,4.172e-05
5.364e-05,4.808e-05,6.16e-05,5.425e-05,4.817e-05
4.9405e-05,4.393e-05,5.706e-05,4.8215e-05,4.495e-05
5.2969e-05,4.487e-05,5.949e-05,5.247e-05,4.73e-05
5.023e-05,4.287e-05,5.884e-05,5.026e-05,4.287e-05
5.2162e-05,4.446e-05,5.958e-05,5.23e-05,4.657e-05
5.1553e-05,4.262e-05,5.874e-05,5.17e-05,4.262e-05
5.2283e-05,4.74e-05,6.097e-05,4.94e-05,4.74e-05
5.5954e-05,4.666e-05,6.253e-05,5.7405e-05,4.666e-05
5.2476e-05,4.701e-05,5.928e-05,5.0395e-05,4.883e-05
5.3819e-05,4.481e-05,6.044e-05,5.473e-05,4.481e-05
5.2039e-05,4.837e-05,5.821e-05,5.0335e-05,5.023e-05
5.7807e-05,5.072e-05,6.86e-05,5.594e-05,5.072e-05
4.9738e-05,4.187e-05,5.772e-05,4.9405e-05,4.36e-05
5.4771e-05,4.447e-05,6.331e-05,5.4085e-05,4.447e-05
4.8676e-05,4.105e-05,5.59e-05,4.908e-05,4.273e-05
5.3276e-05,4.466e-05,6.153e-05,5.2275e-05,4.466e-05
4.8961e-05,4.235e-05,5.671e-05,4.852e-05,4.318e-05
5.2903e-05,4.441e-05,6.098e-05,5.1615e-05,4.441e-05
4.9698e-05,4.338e-05,5.916e-05,4.93e-05,4.481e-05
5.2849e-05,4.443e-05,6.097e-05,5.2775e-05,4.648e-05
5.1824e-05,4.261e-05,5.886e-05,5.2095e-05,4.261e-05
5.1836e-05,4.528e-05,6.025e-05,5.0355e-05,4.528e-05
5.1421e-05,4.336e-05,5.866e-05,5.185e-05,4.336e-05
5.1475e-05,4.574e-05,5.951e-05,5.003e-05,4.628e-05
5.4223e-05,4.552e-05,6.202e-05,5.4795e-05,4.552e-05
5.0901e-05,4.565e-05,5.66e-05,4.988e-05,4.701e-05
5.4527e-05,4.664e-05,6.384e-05,5.419e-05,4.664e-05
5.0229e-05,4.297e-05,5.855e-05,4.9585e-05,4.522e-05
5.377e-05,4.298e-05,6.195e-05,5.4325e-05,4.298e-05
4.8941e-05,4.206e-05,5.669e-05,4.858e-05,4.358e-05
5.3611e-05,4.301e-05,6.112e-05,5.3915e-05,4.301e-05
4.8089e-05,4.219e-05,5.578e-05,4.7485e-05,4.294e-05
5.3715e-05,4.394e-05,6.491e-05,5.3125e-05,4.394e-05
4.9526e-05,4.219e-05,5.858e-05,4.925e-05,4.382e-05
5.2271e-05,4.393e-05,5.974e-05,5.1935e-05,4.651e-05
4.9157e-05,4.292e-05,5.884e-05,4.7685e-05,4.292e-05
5.213e-05,4.371e-05,6.05e-05,5.217e-05,4.602e-05
5.0661e-05,4.39e-05,5.812e-05,5.044e-05,4.39e-05
5.1455e-05,4.41e-05,5.981e-05,5.072e-05,4.472e-05
5.5504e-05,4.742e-05,6.391e-05,5.466e-05,4.742e-05
5.18e-05,4.716e-05,5.933e-05,5.012e-05,4.848e-05
5.3737e-05,4.535e-05,6.068e-05,5.439e-05,4.535e-05
5.1258e-05,4.673e-05,5.81e-05,5.013e-05,4.839e-05
5.4189e-05,4.573e-05,6.113e-05,5.4795e-05,4.573e-05
4.9739e-05,4.272e-05,5.699e-05,4.9415e-05,4.426e-05
5.4828e-05,4.433e-05,6.277e-05,5.49e-05,4.433e-05
5e-05,4.424e-05,5.754e-05,4.9175e-05,4.551e-05
5.4105e-05,4.263e-05,6.134e-05,5.4275e-05,4.263e-05
4.8946e-05,4.294e-05,5.697e-05,4.7655e-05,4.464e-05
5.3489e-05,4.262e-05,6.052e-05,5.424e-05,4.262e-05
5.0825e-05,4.463e-05,5.971e-05,5.025e-05,4.529e-05
5.2684e-05,4.491e-05,6.053e-05,5.261e-05,4.672e-05
5.2046e-05,4.566e-05,5.848e-05,5.264e-05,4.566e-05
5.205e-05,4.2e-05,5.949e-05,5.157e-05,4.2e-05
5.1309e-05,4.483e-05,5.684e-05,5.18e-05,4.607e-05
5.1536e-05,4.578e-05,5.941e-05,4.894e-05,4.578e-05
5.5237e-05,4.764e-05,6.333e-05,5.4905e-05,4.932e-05
5.217e-05,4.705e-05,5.837e-05,5.1565e-05,4.928e-05
5.5525e-05,4.338e-05,6.309e-05,5.642e-05,4.338e-05
4.9946e-05,4.46e-05,5.739e-05,4.866e-05,4.72e-05
5.526e-05,4.382e-05,6.479e-05,5.5965e-05,4.382e-05
4.9387e-05,4.213e-05,5.722e-05,4.8455e-05,4.381e-05
5.4724e-05,4.336e-05,6.564e-05,5.426e-05,4.336e-05
4.8891e-05,4.105e-05,5.805e-05,4.888e-05,4.295e-05
5.349e-05,4.552e-05,6.236e-05,5.2985e-05,4.597e-05
5.0035e-05,4.34e-05,6.046e-05,4.909e-05,4.34e-05
5.3907e-05,4.571e-05,6.231e-05,5.3425e-05,4.773e-05
4.9775e-05,4.364e-05,5.972e-05,4.829e-05,4.364e-05
5.2409e-05,4.359e-05,6.068e-05,5.1685e-05,4.676e-05
5.1131e-05,4.192e-05,5.785e-05,5.129e-05,4.192e-05
5.183e-05,4.751e-05,6.021e-05,4.9315e-05,4.787e-05
5.4556e-05,4.581e-05,6.242e-05,5.4005e-05,4.581e-05
5.2277e-05,4.597e-05,5.905e-05,5.1285e-05,4.679e-05
5.3269e-05,4.474e-05,5.93e-05,5.383e-05,4.474e-05
5.0583e-05,4.5e-05,5.757e-05,4.9235e-05,4.735e-05
5.4577e-05,4.345e-05,6.237e-05,5.52e-05,4.345e-05
4.9518e-05,4.186e-05,5.726e-05,4.908e-05,4.378e-05
5.4956e-05,4.456e-05,6.241e-05,5.4905e-05,4.456e-05
4.8694e-05,4.263e-05,5.665e-05,4.779e-05,4.352e-05
5.3793e-05,4.324e-05,6.113e-05,5.432e-05,4.324e-05
4.8312e-05,4.224e-05,5.65e-05,4.705e-05,4.325e-05
5.3224e-05,4.202e-05,6.079e-05,5.3605e-05,4.202e-05
4.9971e-05,4.542e-05,5.829e-05,4.794e-05,4.636e-05
5.3706e-05,4.289e-05,6.398e-05,5.3675e-05,4.289e-05
5.2621e-05,4.481e-05,5.923e-05,5.338e-05,4.729e-05
5.2319e-05,4.492e-05,5.917e-05,5.1835e-05,4.492e-05
5.3048e-05,4.638e-05,6.077e-05,5.2715e-05,4.96e-05
5.2284e-05,4.234e-05,6.151e-05,5.1425e-05,4.234e-05
5.3986e-05,4.543e-05,6.222e-05,5.4155e-05,4.897e-05
5.0445e-05,4.402e-05,5.907e-05,4.8945e-05,4.512e-05
5.5671e-05,4.568e-05,6.795e-05,5.5075e-05,4.568e-05
5.0408e-05,4.306e-05,5.906e-05,4.988e-05,4.526e-05
5.4118e-05,4.326e-05,6.2e-05,5.4175e-05,4.326e-05
4.9201e-05,4.303e-05,5.692e-05,4.877e-05,4.366e-05
5.3815e-05,4.319e-05,6.159e-05,5.3685e-05,4.319e-05
4.8572e-05,4.084e-05,5.628e-05,4.8065e-05,4.084e-05
5.2842e-05,4.529e-05,6.23e-05,5.1495e-05,4.529e-05
4.9526e-05,4.188e-05,5.861e-05,4.9455e-05,4.376e-05
5.2598e-05,4.533e-05,6.014e-05,5.208e-05,4.775e-05
4.9974e-05,4.37e-05,5.919e-05,4.852e-05,4.37e-05
5.2338e-05,4.433e-05,6.06e-05,5.158e-05,4.662e-05
5.1004e-05,4.213e-05,5.81e-05,5.097e-05,4.213e-05
5.2205e-05,4.536e-05,5.992e-05,5.1455e-05,4.605e-05
5.4346e-05,4.662e-05,6.15e-05,5.488e-05,4.662e-05
5.1844e-05,4.651e-05,5.923e-05,5.013e-05,4.931e-05
5.3625e-05,4.455e-05,6.011e-05,5.4375e-05,4.455e-05
5.1087e-05,4.585e-05,5.751e-05,4.954e-05,4.793e-05
5.5955e-05,4.487e-05,6.616e-05,5.6115e-05,4.487e-05
5.01e-05,4.261e-05,5.812e-05,4.938e-05,4.486e-05
5.4624e-05,4.362e-05,6.218e-05,5.464e-05,4.362e-05
4.9164e-05,4.331e-05,5.725e-05,4.8015e-05,4.387e-05
5.4459e-05,4.324e-05,6.168e-05,5.503e-05,4.324e-05
4.8116e-05,4.257e-05,5.6e-05,4.692e-05,4.335e-05
5.4307e-05,4.325e-05,6.085e-05,5.5285e-05,4.325e-05
4.9521e-05,4.494e-05,5.763e-05,4.7605e-05,4.549e-05
5.1996e-05,4.46e-05,5.926e-05,5.1715e-05,4.503e-05
5.1631e-05,4.3e-05,5.91e-05,5.229e-05,4.3e-05
5.2793e-05,4.284e-05,6.002e-05,5.305e-05,4.284e-05
5.1819e-05,4.595e-05,5.908e-05,5.239e-05,4.634e-05
5.1637e-05,4.21e-05,5.874e-05,5.1615e-05,4.21e-05
5.4992e-05,4.826e-05,6.553e-05,5.351e-05,4.939e-05
5.2456e-05,4.456e-05,6.089e-05,5.197e-05,4.676e-05
5.599e-05,4.584e-05,6.609e-05,5.568e-05,4.584e-05
5.0505e-05,4.342e-05,5.829e-05,5.002e-05,4.519e-05
5.4271e-05,4.548e-05,6.235e-05,5.42e-05,4.548e-05
4.8678e-05,4.182e-05,5.592e-05,4.849e-05,4.205e-05
5.3088e-05,4.573e-05,6.19e-05,5.2415e-05,4.597e-05
4.823e-05,3.962e-05,5.58e-05,4.873e-05,3.962e-05
5.1964e-05,4.551e-05,5.941e-05,5.238e-05,4.558e-05
4.934e-05,4.285e-05,5.828e-05,4.808e-05,4.285e-05
5.307e-05,4.51e-05,6.171e-05,5.2155e-05,4.729e-05
4.9866e-05,4.335e-05,5.856e-05,4.871e-05,4.335e-05
5.2365e-05,4.435e-05,6.079e-05,5.167e-05,4.659e-05
5.079e-05,4.21e-05,5.808e-05,5.1395e-05,4.21e-05
5.1086e-05,4.543e-05,5.953e-05,4.9355e-05,4.573e-05
5.4314e-05,4.539e-05,6.173e-05,5.4925e-05,4.539e-05
5.1616e-05,4.775e-05,5.718e-05,5.044e-05,4.93e-05
5.2595e-05,4.659e-05,5.69e-05,5.2975e-05,4.659e-05
5.1333e-05,4.702e-05,5.731e-05,4.984e-05,4.962e-05
5.49e-05,4.524e-05,6.451e-05,5.49e-05,4.524e-05
5.2149e-05,4.707e-05,6.285e-05,5.048e-05,4.854e-05
5.442e-05,4.398e-05,6.271e-05,5.476e-05,4.398e-05
4.8619e-05,4.256e-05,5.716e-05,4.726e-05,4.317e-05
5.3235e-05,4.251e-05,6.086e-05,5.39e-05,4.251e-05
4.8244e-05,4.259e-05,5.623e-05,4.693e-05,4.347e-05
5.3101e-05,4.261e-05,6.122e-05,5.337e-05,4.261e-05
4.9123e-05,4.267e-05,5.807e-05,4.8585e-05,4.381e-05
5.198e-05,4.435e-05,6.032e-05,5.146e-05,4.691e-05
5.1089e-05,4.225e-05,5.831e-05,5.1355e-05,4.225e-05
5.1941e-05,4.483e-05,5.971e-05,5.074e-05,4.642e-05
5.1606e-05,4.305e-05,5.817e-05,5.279e-05,4.305e-05
5.1003e-05,4.572e-05,5.896e-05,4.8775e-05,4.624e-05
5.4062e-05,4.63e-05,6.216e-05,5.3715e-05,4.63e-05
5.0886e-05,4.504e-05,5.73e-05,4.9795e-05,4.695e-05
5.5674e-05,4.471e-05,6.513e-05,5.56e-05,4.471e-05
5.0529e-05,4.267e-05,5.782e-05,4.973e-05,4.492e-05
5.4127e-05,4.238e-05,6.16e-05,5.465e-05,4.238e-05
4.904e-05,4.357e-05,5.762e-05,4.841e-05,4.384e-05
5.3985e-05,4.4e-05,6.215e-05,5.435e-05,4.4e-05
4.7938e-05,4.051e-05,5.567e-05,4.761e-05,4.288e-05
5.3104e-05,4.211e-05,6.099e-05,5.261e-05,4.211e-05
4.9336e-05,4.277e-05,5.843e-05,4.872e-05,4.277e-05
5.2693e-05,4.482e-05,6.131e-05,5.1905e-05,4.743e-05
4.9509e-05,4.334e-05,5.868e-05,4.774e-05,4.334e-05
5.2491e-05,4.386e-05,6.067e-05,5.22e-05,4.678e-05
5.1085e-05,4.276e-05,5.938e-05,5.1545e-05,4.276e-05
5.2299e-05,4.409e-05,6.124e-05,5.076e-05,4.409e-05
5.3209e-05,4.403e-05,6.024e-05,5.458e-05,4.403e-05
5.1772e-05,4.739e-05,5.904e-05,5.017e-05,4.956e-05
5.3046e-05,4.422e-05,5.964e-05,5.368e-05,4.422e-05
5.0811e-05,4.623e-05,5.683e-05,4.972e-05,4.787e-05
5.4701e-05,4.643e-05,6.396e-05,5.505e-05,4.643e-05
5.023e-05,4.239e-05,5.86e-05,4.9975e-05,4.492e-05
5.4911e-05,4.416e-05,6.256e-05,5.5195e-05,4.416e-05
4.9255e-05,4.373e-05,5.679e-05,4.8795e-05,4.383e-05
5.3501e-05,4.51e-05,6.138e-05,5.27e-05,4.51e-05
4.8453e-05,4.177e-05,5.645e-05,4.749e-05,4.287e-05
5.3995e-05,4.289e-05,6.143e-05,5.3925e-05,4.289e-05
4.9965e-05,4.419e-05,5.973e-05,4.9185e-05,4.543e-05
5.2894e-05,4.467e-05,6.197e-05,5.2605e-05,4.709e-05
5.1808e-05,4.291e-05,5.86e-05,5.2015e-05,4.291e-05
5.1703e-05,4.508e-05,5.988e-05,5.0135e-05,4.551e-05
5.1555e-05,4.267e-05,5.839e-05,5.3165e-05,4.267e-05
5.1295e-05,4.598e-05,5.962e-05,4.8595e-05,4.598e-05
5.5396e-05,4.673e-05,6.269e-05,5.5255e-05,4.673e-05
5.1179e-05,4.59e-05,5.768e-05,4.99e-05,4.79e-05
5.5598e-05,4.798e-05,6.519e-05,5.522e-05,4.798e-05
5.0591e-05,4.33e-05,5.86e-05,5.0105e-05,4.481e-05
5.5424e-05,4.483e-05,6.604e-05,5.489e-05,4.483e-05
4.9286e-05,4.135e-05,5.759e-05,4.8765e-05,4.324e-05
5.3955e-05,4.357e-05,6.225e-05,5.361e-05,4.357e-05
4.8502e-05,4.239e-05,5.649e-05,4.684e-05,4.239e-05
5.3861e-05,4.487e-05,6.212e-05,5.3425e-05,4.487e-05
4.9909e-05,4.311e-05,6.016e-05,4.894e-05,4.311e-05
5.3266e-05,4.508e-05,6.22e-05,5.251e-05,4.76e-05
5.0682e-05,4.459e-05,6.039e-05,4.8825e-05,4.459e-05
5.2409e-05,4.37e-05,6.052e-05,5.196e-05,4.602e-05
5.2185e-05,4.436e-05,6.142e-05,5.1645e-05,4.436e-05
5.1013e-05,4.267e-05,5.927e-05,5.068e-05,4.267e-05
5.3832e-05,4.555e-05,6.153e-05,5.3465e-05,4.555e-05
5.1e-05,4.555e-05,5.841e-05,4.9685e-05,4.826e-05
5.4059e-05,4.539e-05,6.176e-05,5.398e-05,4.539e-05
5.0786e-05,4.598e-05,5.757e-05,4.9035e-05,4.813e-05
5.5033e-05,4.315e-05,6.43e-05,5.604e-05,4.315e-05
5.0301e-05,4.235e-05,5.821e-05,5.0515e-05,4.43e-05
5.475e-05,4.365e-05,6.213e-05,5.4775e-05,4.365e-05
4.9009e-05,4.076e-05,5.651e-05,4.855e-05,4.076e-05
5.3165e-05,4.571e-05,6.121e-05,5.239e-05,4.571e-05
4.8457e-05,4.024e-05,5.666e-05,4.8095e-05,4.024e-05
5.3235e-05,4.519e-05,6.095e-05,5.2995e-05,4.77e-05
4.9942e-05,4.348e-05,5.983e-05,4.9065e-05,4.348e-05
5.3221e-05,4.428e-05,6.13e-05,5.34e-05,4.703e-05
5.1419e-05,4.227e-05,5.818e-05,5.161e-05,4.227e-05
5.2128e-05,4.616e-05,6e-05,5.0625e-05,4.623e-05
5.115e-05,4.346e-05,5.794e-05,5.144e-05,4.346e-05
5.1589e-05,4.512e-05,5.958e-05,5.094e-05,4.598e-05
5.3317e-05,4.65e-05,6.127e-05,5.2545e-05,4.65e-05
5.1159e-05,4.456e-05,5.777e-05,4.9985e-05,4.65e-05
5.5416e-05,4.552e-05,6.508e-05,5.506e-05,4.552e-05
5.0288e-05,4.362e-05,5.821e-05,5.001e-05,4.429e-05
5.3905e-05,4.341e-05,6.165e-05,5.4515e-05,4.341e-05
4.9725e-05,4.431e-05,5.747e-05,4.8915e-05,4.485e-05
5.4367e-05,4.381e-05,6.261e-05,5.4745e-05,4.381e-05
4.8438e-05,4.261e-05,5.594e-05,4.7295e-05,4.261e-05
5.3254e-05,4.239e-05,6.196e-05,5.2925e-05,4.239e-05
4.934e-05,4.269e-05,5.954e-05,4.89e-05,4.416e-05
5.2783e-05,4.461e-05,6.107e-05,5.2205e-05,4.692e-05
4.984e-05,4.401e-05,5.903e-05,4.7525e-05,4.401e-05
5.2e-05,4.367e-05,6.078e-05,5.218e-05,4.589e-05
5.0985e-05,4.192e-05,5.845e-05,5.0065e-05,4.192e-05
5.164e-05,4.578e-05,6.094e-05,4.9945e-05,4.705e-05
5.4386e-05,4.67e-05,6.192e-05,5.462e-05,4.67e-05
5.1516e-05,4.523e-05,5.913e-05,5.0175e-05,4.845e-05
5.3375e-05,4.437e-05,6.032e-05,5.3965e-05,4.437e-05
5.1279e-05,4.723e-05,5.762e-05,5.006e-05,4.898e-05
5.5234e-05,4.35e-05,6.238e-05,5.652e-05,4.35e-05
4.9902e-05,4.42e-05,5.775e-05,4.8385e-05,4.511e-05
5.3956e-05,4.415e-05,6.22e-05,5.423e-05,4.415e-05
4.9553e-05,4.309e-05,5.683e-05,4.905e-05,4.335e-05
5.3711e-05,4.39e-05,6.021e-05,5.4185e-05,4.39e-05
4.8384e-05,4.112e-05,5.558e-05,4.7905e-05,4.34e-05
5.2778e-05,4.432e-05,6.075e-05,5.175e-05,4.432e-05
4.9752e-05,4.318e-05,5.892e-05,4.899e-05,4.49e-05
5.3029e-05,4.546e-05,6.188e-05,5.2425e-05,4.75e-05
5.2111e-05,4.325e-05,5.963e-05,5.258e-05,4.325e-05
5.2484e-05,4.707e-05,6.131e-05,5.0435e-05,4.736e-05
5.207e-05,4.374e-05,5.952e-05,5.272e-05,4.374e-05
5.1224e-05,4.365e-05,5.94e-05,5.035e-05,4.365e-05
5.3951e-05,4.659e-05,6.182e-05,5.3225e-05,4.827e-05
5.1172e-05,4.496e-05,5.869e-05,4.956e-05,4.649e-05
5.5754e-05,4.538e-05,6.62e-05,5.5495e-05,4.538e-05
5.1295e-05,4.415e-05,5.987e-05,5.011e-05,4.635e-05
5.6444e-05,4.571e-05,6.745e-05,5.612e-05,4.571e-05
4.9494e-05,4.203e-05,5.709e-05,4.8865e-05,4.362e-05
5.3764e-05,4.282e-05,6.143e-05,5.421e-05,4.282e-05
4.8278e-05,4.253e-05,5.531e-05,4.7275e-05,4.464e-05
5.2672e-05,4.263e-05,6.022e-05,5.2775e-05,4.263e-05
4.961e-05,4.357e-05,5.883e-05,4.892e-05,4.452e-05
5.279e-05,4.431e-05,6.068e-05,5.2325e-05,4.741e-05
5.0792e-05,4.298e-05,6.011e-05,4.9945e-05,4.298e-05
5.2769e-05,4.471e-05,6.171e-05,5.171e-05,4.689e-05
5.115e-05,4.33e-05,5.83e-05,5.154e-05,4.33e-05
5.2142e-05,4.627e-05,6.06e-05,5.0905e-05,4.698e-05
5.4254e-05,4.571e-05,6.126e-05,5.5005e-05,4.571e-05
5.1778e-05,4.773e-05,5.812e-05,5.0395e-05,5.026e-05
5.3695e-05,4.421e-05,6.146e-05,5.443e-05,4.421e-05
5.1348e-05,4.793e-05,5.651e-05,5.0215e-05,4.879e-05
5.362e-05,4.507e-05,6.133e-05,5.413e-05,4.507e-05
4.9992e-05,4.243e-05,5.784e-05,4.9535e-05,4.465e-05
5.4715e-05,4.462e-05,6.311e-05,5.5045e-05,4.462e-05
4.9256e-05,4.065e-05,5.628e-05,4.9295e-05,4.065e-05
5.3298e-05,4.659e-05,6.124e-05,5.298e-05,4.662e-05
4.8375e-05,4.119e-05,5.548e-05,4.817e-05,4.119e-05
5.282e-05,4.682e-05,6.052e-05,5.2685e-05,4.689e-05
5.0286e-05,4.353e-05,5.883e-05,4.9085e-05,4.353e-05
5.2686e-05,4.344e-05,6.103e-05,5.279e-05,4.667e-05
5.0901e-05,4.144e-05,5.758e-05,5.113e-05,4.144e-05
5.1737e-05,4.502e-05,5.984e-05,5.0365e-05,4.585e-05
5.6127e-05,4.413e-05,6.761e-05,5.669e-05,4.413e-05
5.2253e-05,4.622e-05,5.865e-05,5.1115e-05,4.869e-05
5.3884e-05,4.533e-05,6.017e-05,5.44e-05,4.533e-05
5.0906e-05,4.592e-05,5.73e-05,4.936e-05,4.792e-05
5.4713e-05,4.701e-05,6.454e-05,5.46e-05,4.734e-05
5.0561e-05,4.411e-05,5.879e-05,5.0925e-05,4.508e-05
5.491e-05,4.454e-05,6.548e-05,5.4395e-05,4.454e-05
4.9004e-05,4.177e-05,5.603e-05,4.9055e-05,4.276e-05
5.36e-05,4.243e-05,6.161e-05,5.3855e-05,4.243e-05
4.8746e-05,4.195e-05,5.567e-05,4.8705e-05,4.264e-05
5.2956e-05,4.467e-05,6.407e-05,5.1605e-05,4.467e-05
4.9826e-05,4.26e-05,5.9e-05,5.0215e-05,4.416e-05
5.2347e-05,4.379e-05,6.083e-05,5.2125e-05,4.682e-05
4.9934e-05,4.251e-05,5.926e-05,4.845e-05,4.251e-05
5.2209e-05,4.393e-05,6.036e-05,5.237e-05,4.62e-05
5.161e-05,4.243e-05,5.88e-05,5.1735e-05,4.243e-05
5.1099e-05,4.444e-05,5.983e-05,5.0205e-05,4.539e-05
5.4291e-05,4.486e-05,6.115e-05,5.518e-05,4.486e-05
5.2141e-05,4.764e-05,5.835e-05,5.0725e-05,4.848e-05
5.3999e-05,4.557e-05,6.098e-05,5.4435e-05,4.557e-05
5.141e-05,4.679e-05,5.693e-05,4.997e-05,4.863e-05
5.5946e-05,4.502e-05,6.601e-05,5.579e-05,4.502e-05
4.9946e-05,4.173e-05,5.779e-05,4.987e-05,4.401e-05
5.4567e-05,4.247e-05,6.278e-05,5.4845e-05,4.247e-05
4.9661e-05,4.512e-05,5.696e-05,4.8485e-05,4.557e-05
5.4032e-05,4.333e-05,6.139e-05,5.393e-05,4.333e-05
4.8796e-05,4.19e-05,5.658e-05,4.832e-05,4.37e-05
5.3551e-05,4.246e-05,6.157e-05,5.356e-05,4.246e-05
5.0569e-05,4.584e-05,6.055e-05,4.8085e-05,4.76e-05
5.275e-05,4.369e-05,6.056e-05,5.2925e-05,4.614e-05
5.1529e-05,4.258e-05,5.849e-05,5.2095e-05,4.258e-05
5.2226e-05,4.629e-05,6.085e-05,5.0495e-05,4.629e-05
5.1598e-05,4.349e-05,5.92e-05,5.1275e-05,4.349e-05
5.1596e-05,4.508e-05,6.042e-05,5.104e-05,4.571e-05
5.5111e-05,4.695e-05,6.21e-05,5.6045e-05,4.695e-05
5.1486e-05,4.697e-05,5.719e-05,5.0715e-05,4.823e-05
5.4188e-05,4.606e-05,6.169e-05,5.4875e-05,4.606e-05
5.0629e-05,4.382e-05,5.88e-05,4.9755e-05,4.49e-05
5.5801e-05,4.46e-05,6.404e-05,5.5655e-05,4.46e-05
4.9933e-05,4.363e-05,5.706e-05,4.972e-05,4.363e-05
5.3568e-05,4.489e-05,6.152e-05,5.275e-05,4.489e-05
4.9201e-05,4.158e-05,5.779e-05,4.842e-05,4.158e-05
5.3262e-05,4.362e-05,6.228e-05,5.269e-05,4.362e-05
4.945e-05,4.233e-05,5.846e-05,4.9495e-05,4.339e-05
5.3081e-05,4.542e-05,6.158e-05,5.2255e-05,4.785e-05
5.2005e-05,4.443e-05,5.787e-05,5.17e-05,4.443e-05
5.2871e-05,4.736e-05,6.045e-05,5.1465e-05,4.937e-05
5.1294e-05,4.278e-05,5.92e-05,5.151e-05,4.278e-05
5.177e-05,4.637e-05,6.133e-05,4.9545e-05,4.653e-05
5.3641e-05,4.613e-05,6.135e-05,5.3495e-05,4.613e-05
5.1179e-05,4.587e-05,5.906e-05,4.9555e-05,4.737e-05
5.302e-05,4.378e-05,6.003e-05,5.3655e-05,4.378e-05
5.1157e-05,4.751e-05,5.708e-05,5.035e-05,4.818e-05
5.2575e-05,4.531e-05,6.031e-05,5.2655e-05,4.531e-05
4.9636e-05,4.25e-05,5.837e-05,4.8635e-05,4.425e-05
5.4715e-05,4.421e-05,6.231e-05,5.51e-05,4.421e-05
4.8806e-05,4.263e-05,5.607e-05,4.829e-05,4.35e-05
5.2665e-05,4.488e-05,6.11e-05,5.157e-05,4.488e-05
4.8412e-05,4.153e-05,5.703e-05,4.7225e-05,4.153e-05
5.2916e-05,4.32e-05,6.151e-05,5.2485e-05,4.32e-05
4.9519e-05,4.261e-05,5.772e-05,4.8805e-05,4.261e-05
5.2046e-05,4.384e-05,6.059e-05,5.229e-05,4.719e-05
5.128e-05,4.167e-05,5.796e-05,5.1945e-05,4.167e-05
5.1906e-05,4.583e-05,6.084e-05,4.9575e-05,4.676e-05
5.1055e-05,4.27e-05,5.832e-05,5.1155e-05,4.27e-05
5.1673e-05,4.563e-05,5.982e-05,5.0675e-05,4.638e-05
5.482e-05,4.743e-05,6.335e-05,5.4045e-05,4.743e-05
5.0631e-05,4.346e-05,5.834e-05,5.0465e-05,4.544e-05
5.5555e-05,4.328e-05,6.651e-05,5.596e-05,4.328e-05
5.0056e-05,4.315e-05,5.809e-05,4.9605e-05,4.402e-05
5.5253e-05,4.459e-05,6.485e-05,5.5015e-05,4.459e-05
5.1098e-05,4.305e-05,6.141e-05,5.0225e-05,4.895e-05
5.4285e-05,4.289e-05,6.221e-05,5.5895e-05,4.289e-05
4.8324e-05,4.167e-05,5.56e-05,4.7955e-05,4.372e-05
5.2945e-05,4.301e-05,6.156e-05,5.2375e-05,4.301e-05
4.936e-05,4.296e-05,5.892e-05,4.864e-05,4.371e-05
5.2898e-05,4.419e-05,6.186e-05,5.2065e-05,4.706e-05
5.0616e-05,4.379e-05,5.972e-05,4.9365e-05,4.379e-05
5.2392e-05,4.429e-05,6.093e-05,5.1835e-05,4.698e-05
5.1205e-05,4.164e-05,5.784e-05,5.2025e-05,4.164e-05
5.0869e-05,4.42e-05,5.924e-05,4.9295e-05,4.57e-05
5.4125e-05,4.594e-05,6.218e-05,5.356e-05,4.594e-05
5.1561e-05,4.598e-05,5.879e-05,4.9795e-05,4.781e-05
5.3459e-05,4.676e-05,6.053e-05,5.3535e-05,4.676e-05
5.2863e-05,4.917e-05,6.072e-05,5.098e-05,5.09e-05
5.5465e-05,4.555e-05,6.599e-05,5.5435e-05,4.555e-05
4.9846e-05,4.168e-05,5.739e-05,4.972e-05,4.398e-05
5.3564e-05,4.494e-05,6.164e-05,5.233e-05,4.494e-05
5.0338e-05,4.38e-05,5.941e-05,4.871e-05,4.404e-05
5.4144e-05,4.382e-05,6.201e-05,5.4275e-05,4.382e-05
4.834e-05,4.305e-05,5.607e-05,4.701e-05,4.305e-05
5.282e-05,4.201e-05,6.039e-05,5.3255e-05,4.201e-05
4.9844e-05,4.498e-05,5.782e-05,4.7805e-05,4.498e-05
5.203e-05,4.378e-05,5.842e-05,5.382e-05,4.584e-05
5.0336e-05,4.507e-05,5.696e-05,5.0615e-05,4.507e-05
5.1436e-05,4.445e-05,5.933e-05,5.137e-05,4.445e-05
5.1614e-05,4.403e-05,5.827e-05,5.179e-05,4.625e-05
5.1421e-05,4.592e-05,5.863e-05,4.904e-05,4.592e-05
5.4004e-05,4.568e-05,6.247e-05,5.453e-05,4.876e-05
5.1126e-05,4.362e-05,5.902e-05,5.0955e-05,4.577e-05
5.5875e-05,4.406e-05,6.372e-05,5.6635e-05,4.406e-05
5.2477e-05,4.636e-05,5.887e-05,5.25e-05,4.636e-05
5.4815e-05,4.824e-05,6.252e-05,5.4315e-05,4.824e-05
5.1032e-05,4.141e-05,5.787e-05,5.1275e-05,4.141e-05
5.4186e-05,4.739e-05,6.217e-05,5.314e-05,5.063e-05
4.9164e-05,4.119e-05,5.723e-05,4.86e-05,4.119e-05
5.3604e-05,4.552e-05,6.331e-05,5.256e-05,4.843e-05
5.0806e-05,4.438e-05,5.996e-05,4.9145e-05,4.438e-05
5.3362e-05,4.479e-05,6.191e-05,5.2975e-05,4.801e-05
5.0884e-05,4.437e-05,5.999e-05,4.918e-05,4.437e-05
5.237e-05,4.479e-05,6.084e-05,5.2005e-05,4.673e-05
5.133e-05,4.283e-05,5.836e-05,5.064e-05,4.283e-05
5.1531e-05,4.474e-05,5.988e-05,5.058e-05,4.667e-05
5.3842e-05,4.472e-05,6.162e-05,5.4345e-05,4.472e-05
5.16e-05,4.747e-05,5.804e-05,4.945e-05,4.835e-05
5.3926e-05,4.584e-05,6.083e-05,5.43e-05,4.584e-05
5.1519e-05,4.839e-05,5.698e-05,4.9625e-05,4.877e-05
5.465e-05,4.404e-05,6.139e-05,5.513e-05,4.404e-05
4.9484e-05,4.26e-05,5.692e-05,4.873e-05,4.423e-05
5.5089e-05,4.421e-05,6.281e-05,5.563e-05,4.421e-05
4.9372e-05,4.454e-05,5.733e-05,4.802e-05,4.461e-05
5.3872e-05,4.317e-05,6.131e-05,5.3975e-05,4.317e-05
4.886e-05,4.236e-05,5.714e-05,4.809e-05,4.47e-05
5.3675e-05,4.279e-05,6.123e-05,5.4375e-05,4.279e-05
4.9224e-05,4.495e-05,5.779e-05,4.7565e-05,4.497e-05
5.1501e-05,4.389e-05,5.941e-05,5.073e-05,4.429e-05
5.1541e-05,4.227e-05,5.876e-05,5.289e-05,4.227e-05
5.1477e-05,4.528e-05,5.942e-05,4.9725e-05,4.528e-05
5.1121e-05,4.241e-05,5.863e-05,5.1695e-05,4.241e-05
5.1048e-05,4.496e-05,5.943e-05,4.978e-05,4.496e-05
5.3652e-05,4.526e-05,6.027e-05,5.463e-05,4.526e-05
5.1175e-05,4.675e-05,5.76e-05,4.96e-05,4.841e-05
5.4664e-05,4.638e-05,6.487e-05,5.465e-05,4.638e-05
5.0128e-05,4.313e-05,5.772e-05,4.9655e-05,4.431e-05
5.4975e-05,4.37e-05,6.524e-05,5.4665e-05,4.37e-05
5.3954e-05,4.798e-05,6.057e-05,5.4045e-05,4.798e-05
5.308e-05,4.657e-05,5.823e-05,5.389e-05,4.657e-05
5.2851e-05,4.828e-05,5.882e-05,5.1555e-05,5.004e-05
5.4855e-05,4.867e-05,6.229e-05,5.4425e-05,4.867e-05
5.249e-05,4.606e-05,5.917e-05,5.289e-05,4.742e-05
5.7103e-05,5.162e-05,6.509e-05,5.64e-05,5.333e-05
5.1071e-05,4.557e-05,5.815e-05,5.096e-05,4.834e-05
5.5534e-05,4.961e-05,6.247e-05,5.537e-05,4.961e-05
5.0169e-05,4.45e-05,5.561e-05,5.1375e-05,4.479e-05
5.5514e-05,4.894e-05,6.308e-05,5.5425e-05,4.894e-05
5.1061e-05,4.615e-05,5.907e-05,5.1315e-05,4.709e-05
5.6248e-05,4.897e-05,6.441e-05,5.6555e-05,4.921e-05
7.0071e-05,6.451e-05,7.645e-05,6.9655e-05,6.451e-05
5.4774e-05,5.053e-05,6.145e-05,5.257e-05,5.184e-05
4.9965e-05,4.301e-05,5.386e-05,5.094e-05,4.301e-05
5.3849e-05,4.945e-05,5.95e-05,5.344e-05,4.999e-05
5.309e-05,4.815e-05,5.69e-05,5.3725e-05,4.815e-05
5.3465e-05,4.991e-05,5.998e-05,5.256e-05,5.054e-05
5.3977e-05,4.639e-05,6.078e-05,5.392e-05,4.639e-05
5.2399e-05,4.669e-05,5.809e-05,5.329e-05,4.836e-05
5.4491e-05,4.814e-05,6.313e-05,5.267e-05,4.814e-05
5.2919e-05,4.585e-05,6.047e-05,5.217e-05,5.147e-05
5.586e-05,4.836e-05,6.292e-05,5.5625e-05,4.836e-05
5.1585e-05,4.535e-05,5.764e-05,5.2565e-05,4.749e-05
5.5924e-05,5.014e-05,6.412e-05,5.5385e-05,5.014e-05
5.1097e-05,4.526e-05,6.029e-05,5.025e-05,4.722e-05
5.6693e-05,4.975e-05,6.42e-05,5.644e-05,5.215e-05
4.9796e-05,4.449e-05,5.788e-05,4.8315e-05,4.449e-05
5.5489e-05,4.916e-05,6.27e-05,5.564e-05,5.134e-05
5.004e-05,4.532e-05,5.645e-05,4.9475e-05,4.952e-05
5.3689e-05,4.664e-05,6.124e-05,5.3075e-05,5.008e-05
5.1051e-05,4.664e-05,5.612e-05,5.065e-05,4.977e-05
5.1911e-05,4.747e-05,5.744e-05,5.0925e-05,5.14e-05
5.0895e-05,4.253e-05,5.692e-05,5.074e-05,4.253e-05
5.0911e-05,4.694e-05,5.848e-05,4.931e-05,4.991e-05
5.369e-05,4.316e-05,5.855e-05,5.6025e-05,4.316e-05
5.02e-05,4.436e-05,5.528e-05,5.0955e-05,4.716e-05
5.4337e-05,4.633e-05,5.99e-05,5.486e-05,4.633e-05
4.9519e-05,4.379e-05,5.428e-05,5.051e-05,4.379e-05
5.4928e-05,4.726e-05,6.272e-05,5.3985e-05,4.726e-05
5.1356e-05,4.471e-05,5.727e-05,5.31e-05,4.79e-05
5.555e-05,4.793e-05,6.254e-05,5.617e-05,4.793e-05
5.1102e-05,4.596e-05,5.882e-05,5.093e-05,4.872e-05
5.5031e-05,4.92e-05,6.371e-05,5.5255e-05,4.92e-05
5.2346e-05,4.557e-05,5.755e-05,5.2355e-05,5.156e-05
5.4591e-05,4.917e-05,6.284e-05,5.4505e-05,4.917e-05
5.088e-05,4.473e-05,5.616e-05,5.145e-05,5.002e-05
5.3911e-05,4.63e-05,6.039e-05,5.428e-05,4.63e-05
5.4234e-05,4.778e-05,5.874e-05,5.474e-05,5.224e-05
5.3644e-05,4.957e-05,6.011e-05,5.1815e-05,5.107e-05
5.5764e-05,4.587e-05,6.296e-05,5.6555e-05,4.587e-05
5.3634e-05,4.773e-05,6.128e-05,5.2985e-05,5.137e-05
5.5271e-05,4.893e-05,6.489e-05,5.3795e-05,4.991e-05
5.3328e-05,4.627e-05,6.223e-05,5.186e-05,5.084e-05
5.7184e-05,5.05e-05,6.576e-05,5.687e-05,5.05e-05
5.0999e-05,4.579e-05,5.765e-05,5.0965e-05,4.712e-05
5.6859e-05,4.924e-05,6.568e-05,5.6885e-05,5.021e-05
5.1808e-05,4.529e-05,5.995e-05,5.264e-05,4.868e-05
5.6561e-05,5.008e-05,6.577e-05,5.6155e-05,5.008e-05
5.0971e-05,4.642e-05,5.909e-05,4.9535e-05,4.99e-05
5.4512e-05,4.779e-05,6.271e-05,5.437e-05,5.02e-05
5.3424e-05,4.627e-05,5.995e-05,5.3995e-05,5.995e-05
5.5252e-05,5.191e-05,6.315e-05,5.3795e-05,5.219e-05
5.1329e-05,4.662e-05,5.732e-05,5.1225e-05,5.459e-05
5.298e-05,4.813e-05,5.968e-05,5.2235e-05,5.099e-05
5.0945e-05,4.559e-05,5.602e-05,5.1355e-05,4.559e-05
5.095e-05,4.718e-05,5.856e-05,4.892e-05,4.922e-05
7.2203e-05,4.327e-05,8.189e-05,7.6325e-05,4.327e-05
5.1953e-05,4.802e-05,5.772e-05,5.09e-05,4.88e-05
5.5589e-05,4.986e-05,6.096e-05,5.5975e-05,4.986e-05
4.952e-05,4.517e-05,5.626e-05,4.86e-05,4.581e-05
5.5139e-05,4.864e-05,6.365e-05,5.5445e-05,5.32e-05
4.9441e-05,4.299e-05,5.865e-05,4.923e-05,4.423e-05
5.4545e-05,5.118e-05,6.353e-05,5.2705e-05,5.177e-05
5.0095e-05,4.337e-05,5.823e-05,5.007e-05,5.016e-05
5.5957e-05,4.965e-05,6.304e-05,5.6755e-05,5.032e-05
4.9831e-05,4.374e-05,5.428e-05,5.029e-05,4.931e-05
5.3495e-05,4.793e-05,6.216e-05,5.238e-05,4.793e-05
5.0136e-05,4.3e-05,5.611e-05,5.085e-05,4.959e-05
5.175e-05,4.611e-05,6.099e-05,5.0515e-05,4.611e-05
5.4788e-05,4.604e-05,6.317e-05,5.4405e-05,4.782e-05
5.3e-05,4.886e-05,5.933e-05,5.142e-05,5.075e-05
5.4766e-05,4.74e-05,6.596e-05,5.3465e-05,5.089e-05
5.2405e-05,4.549e-05,6.148e-05,5.0885e-05,5.013e-05
5.5265e-05,5.007e-05,6.545e-05,5.31e-05,5.567e-05
5.1732e-05,4.482e-05,6.001e-05,5.0955e-05,4.963e-05
5.606e-05,5.024e-05,6.46e-05,5.41e-05,5.451e-05
4.9836e-05,4.362e-05,5.518e-05,5.0245e-05,4.496e-05
5.4709e-05,4.92e-05,6.389e-05,5.449e-05,4.92e-05
4.9849e-05,4.344e-05,5.805e-05,4.8965e-05,4.638e-05
5.5237e-05,4.756e-05,6.353e-05,5.633e-05,5.195e-05
4.8662e-05,4.26e-05,5.502e-05,4.7995e-05,4.26e-05
5.3389e-05,4.734e-05,6.267e-05,5.2885e-05,4.993e-05
5.0905e-05,4.307e-05,5.575e-05,5.151e-05,4.947e-05
5.2326e-05,4.594e-05,6.012e-05,5.1315e-05,4.594e-05
5.1539e-05,4.49e-05,5.565e-05,5.216e-05,4.85e-05
5.1524e-05,4.798e-05,5.884e-05,4.9615e-05,4.881e-05
5.1068e-05,4.329e-05,5.583e-05,5.0925e-05,4.329e-05
5.1342e-05,4.747e-05,5.731e-05,4.979e-05,4.979e-05
5.3353e-05,4.503e-05,5.998e-05,5.493e-05,4.503e-05
5.0173e-05,4.456e-05,5.484e-05,5.102e-05,4.518e-05
5.5937e-05,4.695e-05,6.544e-05,5.4575e-05,4.695e-05
5.1172e-05,4.358e-05,5.923e-05,4.968e-05,4.873e-05
5.557e-05,4.98e-05,6.782e-05,5.32e-05,5.109e-05
5.0327e-05,4.307e-05,5.896e-05,4.909e-05,4.805e-05
5.4776e-05,4.931e-05,6.264e-05,5.374e-05,5.281e-05
4.9521e-05,4.361e-05,5.553e-05,4.996e-05,4.761e-05
5.2952e-05,4.552e-05,6.047e-05,5.2995e-05,4.552e-05
5.1007e-05,4.282e-05,5.773e-05,5.238e-05,5.279e-05
5.36e-05,4.784e-05,6.229e-05,5.289e-05,4.784e-05
6.1791e-05,5.433e-05,6.802e-05,6.204e-05,5.871e-05
5.6069e-05,4.868e-05,6.281e-05,5.6295e-05,4.868e-05
5.4228e-05,5.057e-05,6.231e-05,5.3115e-05,5.433e-05
5.2335e-05,4.261e-05,5.953e-05,5.255e-05,4.261e-05
5.3198e-05,4.615e-05,6.176e-05,5.4445e-05,4.615e-05
5.2204e-05,4.57e-05,6.031e-05,5.15e-05,4.774e-05
5.4879e-05,4.868e-05,6.558e-05,5.3235e-05,5.551e-05
5.1243e-05,4.533e-05,5.977e-05,4.971e-05,4.929e-05
5.518e-05,4.97e-05,6.331e-05,5.4285e-05,4.97e-05
4.9654e-05,4.409e-05,5.58e-05,5.0185e-05,4.468e-05
5.7746e-05,5.091e-05,6.451e-05,5.7495e-05,6.071e-05
5.1873e-05,4.703e-05,5.839e-05,5.09e-05,4.991e-05
5.4954e-05,4.968e-05,6.304e-05,5.4335e-05,5.007e-05
4.9979e-05,4.367e-05,5.674e-05,5.0285e-05,4.92e-05
5.3769e-05,4.666e-05,6.305e-05,5.303e-05,4.666e-05
5.2755e-05,4.556e-05,5.904e-05,5.2915e-05,5.904e-05
5.5521e-05,5.141e-05,6.466e-05,5.339e-05,5.141e-05
5.1394e-05,4.699e-05,5.654e-05,5.097e-05,5.404e-05
5.237e-05,4.777e-05,5.705e-05,5.23e-05,5.105e-05
4.9966e-05,4.489e-05,5.306e-05,4.9535e-05,4.489e-05
5.0692e-05,4.661e-05,5.646e-05,4.927e-05,4.855e-05
5.3326e-05,4.536e-05,6.053e-05,5.289e-05,4.536e-05
5.0993e-05,4.414e-05,5.775e-05,5.119e-05,4.728e-05
5.6015e-05,5.083e-05,6.342e-05,5.5105e-05,5.468e-05
5.005e-05,4.39e-05,5.755e-05,5.056e-05,4.634e-05
5.4434e-05,4.802e-05,6.134e-05,5.4975e-05,4.802e-05
4.9313e-05,4.295e-05,5.473e-05,4.915e-05,4.662e-05
5.4859e-05,4.984e-05,6.307e-05,5.3935e-05,5.046e-05
4.9636e-05,4.457e-05,5.524e-05,4.918e-05,4.638e-05
5.3339e-05,4.607e-05,5.878e-05,5.3565e-05,4.607e-05
4.9382e-05,4.366e-05,5.447e-05,5.0405e-05,4.507e-05
5.421e-05,4.832e-05,6.258e-05,5.4145e-05,4.844e-05
5.176e-05,4.406e-05,5.666e-05,5.243e-05,4.406e-05
5.4899e-05,5.032e-05,6.366e-05,5.401e-05,5.473e-05
5.2324e-05,4.273e-05,5.95e-05,5.3745e-05,4.273e-05
5.3279e-05,4.833e-05,5.896e-05,5.32e-05,4.997e-05
5.2292e-05,4.433e-05,5.887e-05,5.297e-05,4.433e-05
5.1044e-05,4.419e-05,5.811e-05,5.272e-05,4.581e-05
5.2815e-05,4.662e-05,6.176e-05,5.1925e-05,4.728e-05
5.1499e-05,4.494e-05,5.982e-05,5.059e-05,4.921e-05
5.5664e-05,5.166e-05,6.44e-05,5.404e-05,5.442e-05
4.9971e-05,4.305e-05,5.679e-05,4.9535e-05,4.761e-05
5.6039e-05,4.957e-05,6.547e-05,5.4115e-05,5.344e-05
5.1192e-05,4.569e-05,5.854e-05,4.966e-05,4.818e-05
5.558e-05,5.002e-05,6.494e-05,5.432e-05,5.543e-05
4.9783e-05,4.332e-05,5.73e-05,4.994e-05,4.802e-05
5.4211e-05,4.742e-05,6.037e-05,5.528e-05,4.764e-05
4.9852e-05,4.493e-05,5.581e-05,4.9135e-05,4.883e-05
5.3089e-05,4.643e-05,6.191e-05,5.3595e-05,4.841e-05
5.478e-05,4.68e-05,6.292e-05,5.428e-05,4.767e-05
5.255e-05,4.849e-05,5.907e-05,5.1335e-05,4.988e-05
5.1291e-05,4.575e-05,5.786e-05,5.1545e-05,4.76e-05
5.0514e-05,4.588e-05,5.711e-05,4.919e-05,4.918e-05
5.3089e-05,4.552e-05,6.149e-05,5.184e-05,4.552e-05
5.0969e-05,4.451e-05,5.849e-05,5.107e-05,4.875e-05
5.4866e-05,4.811e-05,6.252e-05,5.427e-05,4.811e-05
4.9577e-05,4.446e-05,5.563e-05,4.92e-05,4.446e-05
5.3737e-05,4.719e-05,6.036e-05,5.322e-05,4.719e-05
4.9994e-05,4.38e-05,5.745e-05,4.961e-05,4.726e-05
5.5118e-05,4.803e-05,6.475e-05,5.431e-05,5.193e-05
5.0053e-05,4.327e-05,5.91e-05,4.8535e-05,4.75e-05
5.3924e-05,4.687e-05,6.269e-05,5.332e-05,5.182e-05
5.1615e-05,4.257e-05,5.796e-05,5.257e-05,5.164e-05
5.3234e-05,4.603e-05,6.229e-05,5.243e-05,4.603e-05
5.0689e-05,4.324e-05,5.817e-05,5.197e-05,5.307e-05
5.2289e-05,4.61e-05,6.172e-05,5.1e-05,4.807e-05
5.2309e-05,4.705e-05,5.947e-05,5.1905e-05,4.924e-05
5.1817e-05,4.724e-05,6.042e-05,5.072e-05,4.853e-05
5.6399e-05,4.775e-05,6.666e-05,5.482e-05,5.03e-05
5.182e-05,4.589e-05,6.018e-05,5.007e-05,4.819e-05
5.4149e-05,4.566e-05,6.459e-05,5.3625e-05,4.974e-05
5.0773e-05,4.433e-05,5.723e-05,5.104e-05,4.704e-05
5.469e-05,4.951e-05,6.299e-05,5.3165e-05,4.951e-05
4.988e-05,4.364e-05,5.585e-05,5.0175e-05,4.675e-05
5.6485e-05,4.999e-05,6.423e-05,5.5645e-05,5.653e-05
5.0931e-05,4.533e-05,5.811e-05,5.071e-05,4.847e-05
5.5393e-05,4.819e-05,6.417e-05,5.4755e-05,5.12e-05
4.9984e-05,4.361e-05,5.785e-05,5.028e-05,4.817e-05
5.3884e-05,4.777e-05,6.165e-05,5.447e-05,4.842e-05
5.1846e-05,4.544e-05,5.805e-05,5.159e-05,5.09e-05
5.3664e-05,4.747e-05,6.183e-05,5.3515e-05,5.117e-05
5.1997e-05,4.556e-05,5.776e-05,5.097e-05,4.932e-05
5.1903e-05,4.515e-05,5.873e-05,5.188e-05,4.548e-05
5.1207e-05,4.487e-05,5.634e-05,5.1815e-05,4.487e-05
5.1021e-05,4.638e-05,5.771e-05,4.9555e-05,4.993e-05
5.2132e-05,4.527e-05,5.837e-05,5.303e-05,4.527e-05
5.0122e-05,4.473e-05,5.568e-05,5.0855e-05,4.554e-05
5.6091e-05,4.996e-05,6.684e-05,5.4215e-05,5.096e-05
5.0711e-05,4.38e-05,5.913e-05,4.9985e-05,4.882e-05
5.4274e-05,4.933e-05,6.378e-05,5.314e-05,4.933e-05
4.9379e-05,4.298e-05,5.79e-05,4.849e-05,4.48e-05
5.365e-05,4.862e-05,6.192e-05,5.228e-05,5.196e-05
4.9405e-05,4.349e-05,5.587e-05,4.96e-05,4.82e-05
5.5406e-05,4.721e-05,6.359e-05,5.5445e-05,4.721e-05
5.2693e-05,4.44e-05,5.783e-05,5.4325e-05,5.399e-05
5.3255e-05,4.511e-05,5.868e-05,5.3985e-05,4.511e-05
4.8867e-05,4.304e-05,5.309e-05,4.9805e-05,4.738e-05
5.2645e-05,4.582e-05,5.931e-05,5.274e-05,4.582e-05
5.1688e-05,4.527e-05,5.57e-05,5.2165e-05,4.773e-05
5.2174e-05,4.73e-05,5.902e-05,5.1445e-05,4.73e-05
5.3029e-05,4.647e-05,6.186e-05,5.175e-05,4.647e-05
5.1761e-05,4.49e-05,5.936e-05,5.1605e-05,4.753e-05
5.4869e-05,4.657e-05,6.553e-05,5.274e-05,5.266e-05
5.193e-05,4.488e-05,6.082e-05,5.0295e-05,4.913e-05
5.5302e-05,5.044e-05,6.361e-05,5.4495e-05,5.452e-05
4.967e-05,4.292e-05,5.581e-05,5.0845e-05,4.768e-05
5.4995e-05,4.691e-05,6.306e-05,5.5195e-05,4.691e-05
4.9801e-05,4.466e-05,5.845e-05,4.96e-05,4.699e-05
5.4624e-05,4.763e-05,6.308e-05,5.516e-05,4.987e-05
4.9021e-05,4.275e-05,5.724e-05,4.744e-05,4.275e-05
5.3145e-05,4.757e-05,6.227e-05,5.209e-05,5.198e-05
5.1052e-05,4.319e-05,5.869e-05,5.1785e-05,5.146e-05
5.3002e-05,4.703e-05,5.936e-05,5.301e-05,4.703e-05
5.0833e-05,4.569e-05,5.704e-05,5.1255e-05,4.652e-05
5.1028e-05,4.634e-05,5.737e-05,5.0155e-05,4.989e-05
5.02e-05,4.393e-05,5.634e-05,5.1005e-05,4.393e-05
5.0234e-05,4.592e-05,5.794e-05,4.8375e-05,4.878e-05
5.2331e-05,4.227e-05,5.815e-05,5.42e-05,4.227e-05
5.0092e-05,4.423e-05,5.517e-05,5.168e-05,4.629e-05
5.4259e-05,4.774e-05,6.102e-05,5.3295e-05,4.774e-05
4.9502e-05,4.337e-05,5.616e-05,5.0055e-05,4.39e-05
5.3484e-05,4.974e-05,6.188e-05,5.1505e-05,5.083e-05
4.9948e-05,4.307e-05,5.69e-05,4.964e-05,4.884e-05
5.4495e-05,4.935e-05,6.214e-05,5.3505e-05,5.089e-05
4.9301e-05,4.384e-05,5.489e-05,4.916e-05,4.787e-05
5.3429e-05,4.632e-05,5.96e-05,5.3905e-05,4.632e-05
5.1898e-05,4.391e-05,5.625e-05,5.3485e-05,4.992e-05
5.3059e-05,4.56e-05,5.992e-05,5.3625e-05,4.56e-05
5.0098e-05,4.464e-05,5.38e-05,5.1025e-05,4.777e-05
5.2029e-05,4.847e-05,6.024e-05,4.949e-05,4.862e-05
5.1923e-05,4.516e-05,5.593e-05,5.284e-05,4.516e-05
5.1523e-05,4.768e-05,5.92e-05,4.907e-05,4.93e-05
5.4096e-05,4.351e-05,6.091e-05,5.5655e-05,4.351e-05
5.2895e-05,4.739e-05,6.103e-05,5.147e-05,4.867e-05
5.5675e-05,4.77e-05,6.514e-05,5.496e-05,5.95e-05
5.1716e-05,4.477e-05,6.01e-05,5.0545e-05,5.007e-05
5.5327e-05,4.895e-05,6.285e-05,5.536e-05,5.152e-05
4.9755e-05,4.395e-05,5.66e-05,5.014e-05,4.71e-05
5.5398e-05,4.721e-05,6.518e-05,5.476e-05,4.721e-05
5.2203e-05,4.515e-05,6.026e-05,5.0395e-05,5.052e-05
5.5292e-05,4.951e-05,6.507e-05,5.387e-05,5.025e-05
4.9915e-05,4.372e-05,5.828e-05,4.932e-05,4.848e-05
5.5018e-05,4.85e-05,6.295e-05,5.537e-05,4.894e-05
5.2236e-05,4.62e-05,5.82e-05,5.2095e-05,5.604e-05
5.5774e-05,5.009e-05,6.486e-05,5.467e-05,5.009e-05
5.2029e-05,4.699e-05,5.728e-05,5.1785e-05,5.494e-05
5.2439e-05,4.889e-05,5.841e-05,5.1275e-05,5.062e-05
5.1412e-05,4.761e-05,5.439e-05,5.1465e-05,5.211e-05
5.1685e-05,4.813e-05,5.519e-05,5.199e-05,4.862e-05
5.5757e-05,4.954e-05,6.219e-05,5.6165e-05,5.896e-05
5.1862e-05,4.607e-05,6.085e-05,4.927e-05,4.927e-05
5.8379e-05,5.115e-05,6.871e-05,5.744e-05,6.059e-05
5.146e-05,4.511e-05,5.986e-05,5.049e-05,4.909e-05
5.5168e-05,5.008e-05,6.431e-05,5.38e-05,5.025e-05
4.9294e-05,4.363e-05,5.664e-05,4.8925e-05,4.653e-05
5.4328e-05,4.758e-05,6.208e-05,5.3995e-05,5.178e-05
6.6888e-05,4.263e-05,8.929e-05,6.7055e-05,8.929e-05
5.9073e-05,5.526e-05,6.718e-05,5.706e-05,5.707e-05
5.2229e-05,4.547e-05,5.98e-05,5.199e-05,5.63e-05
5.4588e-05,4.96e-05,6.359e-05,5.192e-05,5.079e-05
5.0944e-05,4.3e-05,5.703e-05,5.1375e-05,5.563e-05
5.3612e-05,4.668e-05,6.371e-05,5.124e-05,4.668e-05
5.1368e-05,4.64e-05,5.751e-05,5.1105e-05,5.362e-05
5.2444e-05,4.701e-05,5.879e-05,5.0895e-05,5.009e-05
5.4441e-05,4.994e-05,6.369e-05,5.234e-05,5.093e-05
5.2456e-05,4.449e-05,5.952e-05,5.271e-05,4.941e-05
5.3592e-05,4.806e-05,6.431e-05,5.139e-05,4.806e-05
5.172e-05,4.464e-05,6.004e-05,5.0635e-05,4.909e-05
5.4671e-05,5.01e-05,6.375e-05,5.334e-05,5.094e-05
5.0142e-05,4.334e-05,5.779e-05,4.921e-05,4.822e-05
5.6427e-05,4.992e-05,6.62e-05,5.464e-05,5.378e-05
5.0643e-05,4.476e-05,5.778e-05,4.9465e-05,4.781e-05
5.4477e-05,5.097e-05,6.243e-05,5.285e-05,5.24e-05
4.9075e-05,4.314e-05,5.663e-05,4.895e-05,4.702e-05
5.2549e-05,4.605e-05,6.051e-05,5.2e-05,4.605e-05
5.0703e-05,4.254e-05,5.741e-05,5.1425e-05,5.118e-05
5.3044e-05,4.719e-05,6.124e-05,5.199e-05,4.719e-05
5.4585e-05,4.661e-05,6.382e-05,5.39e-05,4.661e-05
5.5718e-05,5.182e-05,6.339e-05,5.391e-05,5.249e-05
5.0852e-05,4.388e-05,5.645e-05,5.054e-05,4.97e-05
5.1123e-05,4.73e-05,5.8e-05,4.938e-05,4.913e-05
5.3709e-05,4.716e-05,6.187e-05,5.215e-05,4.716e-05
0.000110031,4.44e-05,0.00013482,0.000130505,5.171e-05
5.4716e-05,4.599e-05,6.171e-05,5.581e-05,4.781e-05
4.9266e-05,4.268e-05,5.527e-05,5.043e-05,4.268e-05
5.5161e-05,5.084e-05,6.416e-05,5.357e-05,5.089e-05
5.0118e-05,4.35e-05,5.744e-05,4.9365e-05,4.84e-05
5.4066e-05,4.969e-05,6.191e-05,5.2715e-05,4.969e-05
4.9734e-05,4.424e-05,5.777e-05,4.9075e-05,4.424e-05
5.545e-05,4.719e-05,6.376e-05,5.494e-05,5.519e-05
5.1324e-05,4.532e-05,5.579e-05,5.244e-05,5.159e-05
5.2996e-05,4.624e-05,6.091e-05,5.266e-05,4.624e-05
5.0347e-05,4.308e-05,5.52e-05,5.212e-05,5.339e-05
5.2193e-05,4.793e-05,6.044e-05,5.0455e-05,4.793e-05
5.167e-05,4.628e-05,5.788e-05,5.1865e-05,4.758e-05
5.1202e-05,4.66e-05,6.011e-05,5.032e-05,4.772e-05
5.456e-05,4.791e-05,6.414e-05,5.2815e-05,5.031e-05
5.1436e-05,4.604e-05,5.844e-05,5.1215e-05,4.726e-05
5.4108e-05,4.793e-05,6.448e-05,5.1405e-05,5.058e-05
5.195e-05,4.428e-05,6.038e-05,5.148e-05,4.995e-05
5.5326e-05,4.782e-05,6.307e-05,5.5855e-05,4.782e-05
4.9851e-05,4.314e-05,5.642e-05,5.0095e-05,4.759e-05
5.4578e-05,4.815e-05,6.284e-05,5.442e-05,4.815e-05
5.0067e-05,4.432e-05,5.659e-05,5.039e-05,4.73e-05
5.4274e-05,4.702e-05,6.072e-05,5.4885e-05,4.702e-05
4.858e-05,4.334e-05,5.642e-05,4.8785e-05,4.394e-05
5.3322e-05,4.703e-05,6.073e-05,5.3545e-05,4.774e-05
5.0876e-05,4.308e-05,5.685e-05,5.209e-05,5.117e-05
5.3375e-05,4.652e-05,6.202e-05,5.3025e-05,4.652e-05
5.2179e-05,4.66e-05,5.714e-05,5.267e-05,5.046e-05
5.3154e-05,4.656e-05,6.06e-05,5.2745e-05,4.952e-05
5.083e-05,4.545e-05,5.479e-05,5.1505e-05,4.808e-05
5.0936e-05,4.612e-05,5.827e-05,5.072e-05,4.74e-05
5.3574e-05,4.686e-05,6.324e-05,5.263e-05,4.724e-05
5.1104e-05,4.466e-05,5.914e-05,5.042e-05,4.834e-05
5.564e-05,4.949e-05,6.482e-05,5.4155e-05,5.355e-05
5.1283e-05,4.308e-05,5.858e-05,5.1045e-05,5.008e-05
5.452e-05,4.949e-05,6.185e-05,5.2885e-05,5.065e-05
4.9047e-05,4.331e-05,5.475e-05,4.9005e-05,4.568e-05
5.4599e-05,4.828e-05,6.491e-05,5.3545e-05,4.923e-05
4.8988e-05,4.283e-05,5.789e-05,4.8715e-05,4.675e-05
5.4776e-05,4.833e-05,6.275e-05,5.494e-05,4.833e-05
5.1794e-05,4.595e-05,5.886e-05,5.1465e-05,5.515e-05
5.5239e-05,4.719e-05,6.266e-05,5.5005e-05,5.233e-05
4.9853e-05,4.51e-05,5.709e-05,4.8475e-05,4.966e-05
5.3024e-05,4.681e-05,6.225e-05,5.1635e-05,4.936e-05
5.1494e-05,4.66e-05,5.803e-05,5.082e-05,5.394e-05
5.3176e-05,4.722e-05,5.885e-05,5.2845e-05,5.074e-05
5.3378e-05,4.899e-05,6.329e-05,5.09e-05,5.132e-05
5.1918e-05,4.556e-05,6.037e-05,5.076e-05,4.888e-05
5.4808e-05,4.799e-05,6.428e-05,5.382e-05,5.583e-05
5.1818e-05,4.531e-05,6.076e-05,4.9915e-05,4.959e-05
5.5874e-05,5.07e-05,6.514e-05,5.4185e-05,5.371e-05
4.9955e-05,4.222e-05,5.776e-05,4.9815e-05,4.858e-05
5.4686e-05,4.789e-05,6.155e-05,5.5365e-05,4.789e-05
5.1622e-05,4.633e-05,5.791e-05,5.107e-05,4.633e-05
5.4989e-05,5.051e-05,6.268e-05,5.355e-05,5.316e-05
4.999e-05,4.383e-05,5.617e-05,5.0605e-05,4.892e-05
5.2505e-05,4.595e-05,5.862e-05,5.3235e-05,4.595e-05
4.9414e-05,4.247e-05,5.539e-05,4.9625e-05,4.706e-05
5.3724e-05,4.703e-05,6.21e-05,5.398e-05,4.861e-05
5.1331e-05,4.558e-05,5.53e-05,5.1975e-05,4.678e-05
5.1104e-05,4.708e-05,5.782e-05,5.0285e-05,4.708e-05
4.9973e-05,4.479e-05,5.26e-05,5.1385e-05,4.479e-05
5.0975e-05,4.637e-05,5.821e-05,4.9875e-05,4.637e-05
5.2106e-05,4.357e-05,5.918e-05,5.2515e-05,4.357e-05
4.9652e-05,4.339e-05,5.634e-05,4.9625e-05,4.621e-05
5.6666e-05,5.048e-05,6.568e-05,5.482e-05,5.792e-05
5.0831e-05,4.357e-05,5.95e-05,4.9775e-05,4.925e-05
5.5354e-05,5.044e-05,6.644e-05,5.3025e-05,5.323e-05
5.0151e-05,4.322e-05,5.774e-05,4.9955e-05,4.929e-05
5.487e-05,4.77e-05,6.629e-05,5.343e-05,4.77e-05
4.9282e-05,4.288e-05,5.905e-05,4.8165e-05,4.747e-05
5.486e-05,4.681e-05,6.331e-05,5.5195e-05,5.106e-05
4.9859e-05,4.476e-05,5.601e-05,4.972e-05,4.476e-05
5.2981e-05,4.732e-05,6.152e-05,5.285e-05,4.949e-05
5.0114e-05,4.228e-05,5.496e-05,5.1575e-05,4.921e-05
5.2181e-05,4.484e-05,5.88e-05,5.2885e-05,4.484e-05
5.159e-05,4.634e-05,5.427e-05,5.2625e-05,4.685e-05
5.0926e-05,4.663e-05,5.733e-05,5.0075e-05,4.663e-05
5.3506e-05,4.601e-05,6.018e-05,5.436e-05,4.601e-05
5.1319e-05,4.57e-05,5.818e-05,5.204e-05,4.637e-05
5.351e-05,4.795e-05,6.471e-05,5.12e-05,4.795e-05
5.2166e-05,4.477e-05,5.984e-05,5.177e-05,5.13e-05
5.4723e-05,4.888e-05,6.254e-05,5.3475e-05,4.888e-05
4.9681e-05,4.314e-05,5.633e-05,4.976e-05,4.727e-05
5.5055e-05,4.888e-05,6.139e-05,5.4585e-05,5.149e-05
5.0169e-05,4.522e-05,5.626e-05,5.0725e-05,4.581e-05
5.391e-05,4.582e-05,6.013e-05,5.4245e-05,4.582e-05
4.9885e-05,4.502e-05,5.508e-05,4.9845e-05,4.505e-05
5.469e-05,4.931e-05,6.459e-05,5.301e-05,5e-05
5.1635e-05,4.345e-05,5.82e-05,5.314e-05,5.457e-05
5.3237e-05,4.742e-05,6.177e-05,5.2805e-05,4.753e-05
5.2456e-05,4.551e-05,5.895e-05,5.2155e-05,5.077e-05
5.3906e-05,4.915e-05,6.212e-05,5.26e-05,4.915e-05
5.4789e-05,4.49e-05,6.268e-05,5.386e-05,5.121e-05
5.5759e-05,4.915e-05,6.489e-05,5.4455e-05,4.915e-05
5.5325e-05,4.895e-05,6.575e-05,5.3435e-05,5.245e-05
5.0436e-05,4.426e-05,5.838e-05,4.972e-05,4.779e-05
5.5006e-05,4.951e-05,6.409e-05,5.3545e-05,4.951e-05
4.9738e-05,4.334e-05,5.684e-05,5.024e-05,4.624e-05
5.4356e-05,4.627e-05,6.129e-05,5.412e-05,4.627e-05
4.9529e-05,4.332e-05,5.682e-05,4.9835e-05,4.5e-05
5.4905e-05,4.814e-05,6.385e-05,5.3575e-05,5.112e-05
4.9525e-05,4.52e-05,5.755e-05,4.884e-05,4.704e-05
6.0901e-05,4.733e-05,8.619e-05,5.2905e-05,4.733e-05
5.734e-05,5.311e-05,6.487e-05,5.5985e-05,5.69e-05
5.3571e-05,4.706e-05,6.001e-05,5.369e-05,5.16e-05
4.9405e-05,4.33e-05,5.609e-05,4.912e-05,4.772e-05
5.2071e-05,4.638e-05,6.189e-05,5.0895e-05,4.796e-05
5.1881e-05,4.423e-05,5.793e-05,5.1375e-05,4.861e-05
5.1993e-05,4.848e-05,5.894e-05,5.0765e-05,4.904e-05
5.325e-05,4.68e-05,6.292e-05,5.2055e-05,4.787e-05
5.1754e-05,4.556e-05,6.107e-05,5.108e-05,4.727e-05
5.3938e-05,4.869e-05,6.459e-05,5.196e-05,5.378e-05
5.1655e-05,4.474e-05,6.055e-05,5.032e-05,4.975e-05
5.6425e-05,5.092e-05,6.768e-05,5.4405e-05,5.48e-05
5.0767e-05,4.36e-05,5.872e-05,4.942e-05,4.905e-05
5.6038e-05,5.014e-05,6.441e-05,5.494e-05,5.605e-05
5.0926e-05,4.537e-05,5.658e-05,5.0565e-05,4.83e-05
5.5189e-05,5.033e-05,6.308e-05,5.412e-05,5.422e-05
5.0451e-05,4.539e-05,5.597e-05,4.9665e-05,4.791e-05
5.3825e-05,4.831e-05,6.119e-05,5.273e-05,5.257e-05
4.9785e-05,4.275e-05,5.361e-05,5.083e-05,5.113e-05
5.3061e-05,4.658e-05,6.17e-05,5.201e-05,4.658e-05
5.2344e-05,4.679e-05,5.845e-05,5.1835e-05,4.723e-05
5.1681e-05,4.687e-05,5.908e-05,5.065e-05,4.967e-05
5.0337e-05,4.475e-05,5.603e-05,5.0115e-05,4.475e-05
5.0623e-05,4.674e-05,5.76e-05,4.933e-05,5.052e-05
5.2076e-05,4.235e-05,5.791e-05,5.3445e-05,4.235e-05
5.0524e-05,4.361e-05,5.872e-05,5.0075e-05,4.489e-05
5.6034e-05,5.027e-05,6.604e-05,5.465e-05,5.419e-05
5.0878e-05,4.373e-05,5.937e-05,4.948e-05,4.921e-05
5.4516e-05,4.897e-05,6.385e-05,5.3605e-05,5.349e-05
5.0219e-05,4.245e-05,5.738e-05,4.998e-05,4.983e-05
5.471e-05,4.956e-05,6.225e-05,5.3835e-05,5.212e-05
4.9017e-05,4.322e-05,5.522e-05,4.9085e-05,4.716e-05
5.3084e-05,4.615e-05,5.971e-05,5.3595e-05,4.615e-05
5.055e-05,4.391e-05,5.576e-05,5.058e-05,4.924e-05
5.2527e-05,4.761e-05,6.123e-05,5.1705e-05,4.761e-05
4.9785e-05,4.273e-05,5.6e-05,5.048e-05,4.995e-05
5.1871e-05,4.647e-05,6.069e-05,5.0635e-05,4.647e-05
5.2951e-05,4.468e-05,5.764e-05,5.4055e-05,4.904e-05
5.126e-05,4.573e-05,5.919e-05,5.049e-05,4.573e-05
5.4019e-05,4.772e-05,6.326e-05,5.3415e-05,4.817e-05
5.2151e-05,4.504e-05,5.975e-05,5.0875e-05,4.933e-05
5.3496e-05,4.782e-05,6.505e-05,5.146e-05,5.306e-05
5.1197e-05,4.436e-05,5.945e-05,4.982e-05,4.901e-05
5.6116e-05,5.125e-05,6.582e-05,5.411e-05,5.293e-05
5.0924e-05,4.269e-05,5.816e-05,5.081e-05,4.983e-05
5.5088e-05,4.964e-05,6.424e-05,5.3575e-05,5.098e-05
5.123e-05,4.587e-05,5.83e-05,5.008e-05,4.813e-05
5.4995e-05,4.883e-05,6.275e-05,5.3805e-05,5.375e-05
5.0354e-05,4.353e-05,5.688e-05,5.079e-05,4.938e-05
5.3166e-05,4.582e-05,5.77e-05,5.4195e-05,4.582e-05
5.026e-05,4.541e-05,5.446e-05,5.1385e-05,4.693e-05
5.2846e-05,4.687e-05,5.98e-05,5.197e-05,4.687e-05
5.1516e-05,4.645e-05,5.745e-05,5.2445e-05,4.645e-05
5.2943e-05,4.844e-05,5.906e-05,5.1895e-05,5.207e-05
5.1939e-05,4.332e-05,5.781e-05,5.144e-05,4.332e-05
5.2117e-05,4.759e-05,5.884e-05,5.029e-05,5.1e-05
5.5149e-05,4.205e-05,6.043e-05,5.8615e-05,4.205e-05
4.9591e-05,4.409e-05,5.512e-05,4.805e-05,4.791e-05
5.4184e-05,4.516e-05,5.886e-05,5.5975e-05,4.516e-05
4.9091e-05,4.33e-05,5.508e-05,4.898e-05,4.379e-05
5.3941e-05,4.489e-05,5.978e-05,5.474e-05,4.489e-05
4.8435e-05,4.256e-05,5.414e-05,4.872e-05,4.256e-05
5.3584e-05,4.5e-05,5.925e-05,5.519e-05,4.5e-05
4.8708e-05,4.374e-05,5.353e-05,4.807e-05,4.374e-05
5.3507e-05,4.44e-05,5.901e-05,5.4905e-05,4.44e-05
4.886e-05,4.59e-05,5.353e-05,4.7425e-05,4.761e-05
5.2141e-05,4.418e-05,5.645e-05,5.368e-05,4.418e-05
4.8194e-05,4.282e-05,5.246e-05,4.8675e-05,4.443e-05
5.1782e-05,4.694e-05,6.077e-05,5.074e-05,4.722e-05
5.129e-05,4.415e-05,5.633e-05,5.105e-05,4.851e-05
5.1667e-05,4.809e-05,5.917e-05,5.025e-05,4.809e-05
5.3618e-05,4.699e-05,6.321e-05,5.313e-05,4.699e-05
5.2405e-05,4.525e-05,5.956e-05,5.211e-05,4.955e-05
5.4579e-05,4.973e-05,6.537e-05,5.216e-05,5.143e-05
5.1003e-05,4.411e-05,5.943e-05,4.9295e-05,4.91e-05
5.593e-05,5.121e-05,6.535e-05,5.465e-05,5.518e-05
4.9944e-05,4.342e-05,5.762e-05,4.9475e-05,4.852e-05
5.5267e-05,4.807e-05,6.348e-05,5.458e-05,5.097e-05
5.1393e-05,4.644e-05,5.842e-05,4.986e-05,4.821e-05
5.4214e-05,4.98e-05,6.186e-05,5.2585e-05,5.208e-05
5.1513e-05,4.543e-05,5.717e-05,5.0925e-05,5.106e-05
5.293e-05,4.421e-05,5.839e-05,5.436e-05,4.421e-05
4.9972e-05,4.405e-05,5.556e-05,5.0585e-05,4.969e-05
5.21e-05,4.635e-05,6.064e-05,5.152e-05,4.868e-05
5.2091e-05,4.619e-05,5.836e-05,5.28e-05,4.765e-05
5.1698e-05,4.808e-05,5.863e-05,4.9785e-05,4.906e-05
5.116e-05,4.343e-05,5.568e-05,5.09e-05,4.343e-05
5.1122e-05,4.672e-05,5.742e-05,4.941e-05,4.942e-05
5.1834e-05,4.237e-05,5.785e-05,5.4105e-05,4.237e-05
4.911e-05,4.254e-05,5.358e-05,5.0565e-05,4.254e-05
5.5347e-05,4.671e-05,6.556e-05,5.4255e-05,4.671e-05
5.0794e-05,4.412e-05,5.929e-05,4.9685e-05,4.863e-05
5.3714e-05,4.845e-05,6.102e-05,5.424e-05,4.845e-05
4.9938e-05,4.161e-05,5.517e-05,5.15e-05,4.585e-05
5.5295e-05,4.771e-05,6.668e-05,5.383e-05,4.771e-05
4.968e-05,4.186e-05,5.871e-05,4.9665e-05,4.905e-05
5.3247e-05,4.724e-05,6.22e-05,5.247e-05,4.813e-05
4.9999e-05,4.283e-05,5.513e-05,5.103e-05,5.016e-05
5.3055e-05,4.642e-05,6.111e-05,5.363e-05,4.642e-05
4.9452e-05,4.159e-05,5.484e-05,5.011e-05,4.956e-05
5.2471e-05,4.703e-05,6.077e-05,5.1685e-05,4.703e-05
5.4961e-05,4.626e-05,6.375e-05,5.4205e-05,4.836e-05
5.3121e-05,4.849e-05,6.115e-05,5.1925e-05,4.935e-05
5.5153e-05,4.775e-05,6.461e-05,5.482e-05,5.586e-05
5.1827e-05,4.526e-05,5.994e-05,5.118e-05,4.821e-05
5.493e-05,4.633e-05,6.216e-05,5.4155e-05,5.848e-05
5.1436e-05,4.48e-05,5.991e-05,5.0745e-05,4.966e-05
5.4919e-05,4.95e-05,6.392e-05,5.414e-05,4.95e-05
5.0254e-05,4.444e-05,5.744e-05,5.0145e-05,4.593e-05
5.5756e-05,4.952e-05,6.425e-05,5.567e-05,5.133e-05
5.023e-05,4.407e-05,5.751e-05,5.109e-05,4.804e-05
5.4363e-05,4.754e-05,6.212e-05,5.5425e-05,4.754e-05
4.9452e-05,4.374e-05,5.749e-05,4.8945e-05,4.374e-05
5.4593e-05,4.64e-05,6.261e-05,5.5255e-05,5.132e-05
5.0465e-05,4.533e-05,5.82e-05,4.998e-05,4.547e-05
5.361e-05,4.644e-05,6.222e-05,5.35e-05,5.116e-05
5.2216e-05,4.754e-05,5.731e-05,5.3135e-05,4.754e-05
5.2802e-05,4.893e-05,5.924e-05,5.0805e-05,5.173e-05
5.3938e-05,4.541e-05,5.903e-05,5.5235e-05,4.773e-05
5.2665e-05,4.824e-05,5.906e-05,5.1325e-05,4.921e-05
5.2815e-05,4.505e-05,5.969e-05,5.467e-05,4.505e-05
5.0964e-05,4.515e-05,5.879e-05,5.072e-05,4.844e-05
5.5211e-05,4.981e-05,6.223e-05,5.494e-05,5.414e-05
4.9784e-05,4.304e-05,5.546e-05,5.1225e-05,4.541e-05
5.3906e-05,4.697e-05,5.945e-05,5.3655e-05,4.697e-05
4.9108e-05,4.309e-05,5.691e-05,4.9715e-05,4.333e-05
5.3865e-05,4.888e-05,6.159e-05,5.311e-05,5.057e-05
4.895e-05,4.328e-05,5.524e-05,4.901e-05,4.737e-05
5.432e-05,4.653e-05,6.254e-05,5.485e-05,4.653e-05
5.1408e-05,4.516e-05,5.651e-05,5.2e-05,5.617e-05
5.4966e-05,5.045e-05,6.296e-05,5.333e-05,5.045e-05
5.2375e-05,4.58e-05,6.007e-05,5.2235e-05,5.599e-05
5.3188e-05,4.597e-05,6.259e-05,5.243e-05,4.903e-05
5.4055e-05,4.537e-05,6.25e-05,5.2835e-05,4.797e-05
5.2328e-05,4.816e-05,5.922e-05,5.089e-05,4.946e-05
5.4842e-05,4.889e-05,6.535e-05,5.2655e-05,5.155e-05
5.3171e-05,4.569e-05,6.007e-05,5.1575e-05,4.978e-05
5.4724e-05,5.026e-05,6.341e-05,5.3515e-05,5.137e-05
5.1107e-05,4.467e-05,5.813e-05,5.039e-05,4.918e-05
5.4844e-05,4.985e-05,6.359e-05,5.3485e-05,5.028e-05
4.9255e-05,4.205e-05,5.546e-05,4.978e-05,4.68e-05
5.4427e-05,4.878e-05,6.212e-05,5.3935e-05,4.878e-05
4.9841e-05,4.418e-05,5.613e-05,5.0665e-05,4.551e-05
5.4682e-05,4.713e-05,6.28e-05,5.487e-05,4.713e-05
4.8876e-05,4.339e-05,5.693e-05,4.927e-05,4.463e-05
5.4039e-05,4.669e-05,6.244e-05,5.406e-05,4.774e-05
5.1405e-05,4.448e-05,5.744e-05,5.1705e-05,5.422e-05
5.3847e-05,4.9e-05,6.365e-05,5.1775e-05,4.928e-05
5.1834e-05,4.68e-05,5.799e-05,5.1325e-05,5.416e-05
5.2923e-05,4.65e-05,5.933e-05,5.345e-05,5.048e-05
5.0818e-05,4.493e-05,5.646e-05,5.0555e-05,4.493e-05
5.1709e-05,4.646e-05,5.852e-05,5.138e-05,5.187e-05
5.334e-05,4.567e-05,5.938e-05,5.4505e-05,4.567e-05
4.9915e-05,4.443e-05,5.406e-05,5.0855e-05,4.443e-05
5.4099e-05,4.676e-05,6.018e-05,5.328e-05,4.676e-05
4.8798e-05,4.365e-05,5.47e-05,4.978e-05,4.397e-05
5.6078e-05,4.689e-05,6.629e-05,5.541e-05,4.689e-05
5.0278e-05,4.451e-05,5.785e-05,4.952e-05,4.9e-05
5.4055e-05,4.817e-05,6.366e-05,5.352e-05,4.931e-05
4.9362e-05,4.412e-05,5.868e-05,4.8455e-05,4.442e-05
5.5638e-05,4.775e-05,6.46e-05,5.563e-05,5.145e-05
5.1206e-05,4.566e-05,5.952e-05,4.93e-05,4.865e-05
5.405e-05,4.734e-05,6.183e-05,5.3815e-05,4.997e-05
4.943e-05,4.398e-05,5.662e-05,4.835e-05,4.863e-05
5.29e-05,4.57e-05,6.098e-05,5.274e-05,5.05e-05
5.172e-05,4.772e-05,5.612e-05,5.186e-05,4.772e-05
5.0692e-05,4.695e-05,5.737e-05,4.9375e-05,4.945e-05
5.3586e-05,4.352e-05,5.85e-05,5.5875e-05,4.352e-05
5.1096e-05,4.329e-05,5.61e-05,5.2185e-05,4.64e-05
5.2371e-05,4.643e-05,6.175e-05,5.0235e-05,4.643e-05
5.1625e-05,4.455e-05,6.072e-05,4.9895e-05,4.908e-05
5.6459e-05,4.888e-05,6.532e-05,5.535e-05,5.383e-05
5.0325e-05,4.366e-05,5.783e-05,4.939e-05,4.819e-05
5.5354e-05,4.995e-05,6.463e-05,5.3805e-05,5.072e-05
5.0462e-05,4.484e-05,5.844e-05,5.02e-05,4.863e-05
5.5517e-05,4.896e-05,6.203e-05,5.662e-05,4.96e-05
4.8586e-05,4.264e-05,5.526e-05,4.7465e-05,4.264e-05
5.4856e-05,4.757e-05,6.157e-05,5.517e-05,5.102e-05
5.0495e-05,4.449e-05,5.696e-05,4.9975e-05,4.975e-05
5.4044e-05,4.632e-05,6.129e-05,5.5005e-05,5.006e-05
5.1879e-05,4.575e-05,5.497e-05,5.2685e-05,4.575e-05
5.4965e-05,5.061e-05,6.2e-05,5.4605e-05,5.412e-05
5.3654e-05,4.464e-05,6.198e-05,5.44e-05,4.464e-05
5.273e-05,4.845e-05,5.777e-05,5.2105e-05,4.923e-05
5.3516e-05,4.608e-05,6.038e-05,5.273e-05,4.736e-05
5.1333e-05,4.475e-05,5.786e-05,5.181e-05,4.91e-05
5.4605e-05,4.675e-05,6.19e-05,5.373e-05,4.675e-05
5.0446e-05,4.388e-05,5.807e-05,5.055e-05,4.682e-05
5.5385e-05,5.022e-05,6.605e-05,5.3175e-05,5.254e-05
4.9694e-05,4.298e-05,5.833e-05,4.868e-05,4.854e-05
5.5443e-05,4.949e-05,6.42e-05,5.423e-05,5.574e-05
4.9669e-05,4.375e-05,5.684e-05,4.9415e-05,4.861e-05
5.5524e-05,4.868e-05,6.46e-05,5.5865e-05,4.868e-05
5.2501e-05,4.595e-05,5.909e-05,5.264e-05,5.748e-05
5.4251e-05,4.96e-05,6.322e-05,5.277e-05,5.127e-05
5.1858e-05,4.525e-05,5.8e-05,5.213e-05,5.701e-05
5.466e-05,5.098e-05,6.303e-05,5.271e-05,5.142e-05
5.131e-05,4.599e-05,5.745e-05,5.1155e-05,5.37e-05
5.2736e-05,4.786e-05,5.962e-05,5.203e-05,4.93e-05
5.5002e-05,4.825e-05,6.51e-05,5.3835e-05,5.632e-05
5.2804e-05,4.563e-05,6.199e-05,5.127e-05,4.931e-05
5.5911e-05,4.99e-05,6.543e-05,5.435e-05,5.843e-05
5.1419e-05,4.49e-05,5.926e-05,5.0355e-05,4.871e-05
5.5343e-05,4.974e-05,6.524e-05,5.3325e-05,5.212e-05
5.0531e-05,4.332e-05,5.848e-05,4.947e-05,4.956e-05
5.5184e-05,5.022e-05,6.289e-05,5.4675e-05,5.022e-05
4.9617e-05,4.343e-05,5.498e-05,4.98e-05,5.128e-05
5.363e-05,4.534e-05,6.026e-05,5.4895e-05,4.534e-05
4.939e-05,4.37e-05,5.625e-05,4.9955e-05,4.612e-05
5.3681e-05,4.671e-05,5.947e-05,5.569e-05,4.743e-05
5.0574e-05,4.326e-05,5.486e-05,5.282e-05,4.427e-05
5.3554e-05,4.52e-05,6.328e-05,5.371e-05,4.52e-05
5.2167e-05,4.724e-05,5.758e-05,5.222e-05,5.482e-05
5.2034e-05,4.781e-05,5.987e-05,5.129e-05,4.914e-05
5.3563e-05,4.584e-05,6.08e-05,5.356e-05,4.705e-05
5.1943e-05,4.827e-05,5.845e-05,5.081e-05,5.048e-05
5.3597e-05,4.747e-05,6.305e-05,5.214e-05,4.834e-05
5.1563e-05,4.526e-05,6.029e-05,5.194e-05,4.526e-05
5.7046e-05,5.086e-05,6.533e-05,5.648e-05,5.975e-05
5.0704e-05,4.384e-05,5.785e-05,5.0005e-05,4.944e-05
5.4265e-05,5.078e-05,6.276e-05,5.212e-05,5.234e-05
4.9414e-05,4.299e-05,5.497e-05,4.951e-05,4.794e-05
5.3595e-05,4.852e-05,6.133e-05,5.272e-05,4.852e-05
4.9279e-05,4.303e-05,5.665e-05,4.978e-05,4.731e-05
5.3028e-05,4.506e-05,6.14e-05,5.3325e-05,4.506e-05
5.055e-05,4.21e-05,5.619e-05,5.245e-05,4.711e-05
5.2451e-05,4.546e-05,6.111e-05,5.249e-05,4.546e-05
5.0195e-05,4.359e-05,5.617e-05,5.0055e-05,4.936e-05
5.184e-05,4.635e-05,6.077e-05,5.1225e-05,5.005e-05
5.251e-05,4.588e-05,5.926e-05,5.1215e-05,5.002e-05
5.1361e-05,4.792e-05,5.79e-05,4.994e-05,4.896e-05
5.4069e-05,4.774e-05,6.429e-05,5.2965e-05,4.774e-05
5.2316e-05,4.508e-05,6.044e-05,5.2085e-05,4.984e-05
5.2838e-05,4.698e-05,6.264e-05,5.0465e-05,4.824e-05
5.1478e-05,4.398e-05,5.88e-05,5.1165e-05,5.037e-05
5.5293e-05,4.744e-05,6.4e-05,5.3915e-05,4.744e-05
5.083e-05,4.349e-05,5.805e-05,4.9805e-05,4.849e-05
5.537e-05,4.904e-05,6.566e-05,5.354e-05,5.211e-05
5.1663e-05,4.578e-05,6.036e-05,5.0315e-05,5.058e-05
5.4091e-05,4.864e-05,6.315e-05,5.3025e-05,4.864e-05
4.8887e-05,4.305e-05,5.752e-05,4.8225e-05,4.594e-05
5.4372e-05,4.824e-05,6.41e-05,5.356e-05,4.903e-05
5.2621e-05,4.527e-05,5.829e-05,5.3415e-05,5.829e-05
5.4895e-05,5.067e-05,6.317e-05,5.329e-05,5.134e-05
5.2341e-05,4.621e-05,5.787e-05,5.2125e-05,5.444e-05
5.3686e-05,4.85e-05,5.93e-05,5.33e-05,5.202e-05
5.0874e-05,4.423e-05,5.43e-05,5.1755e-05,4.423e-05
5.1161e-05,4.792e-05,5.723e-05,4.8715e-05,4.868e-05
5.4396e-05,4.431e-05,5.975e-05,5.677e-05,4.431e-05
5.0706e-05,4.492e-05,5.598e-05,5.164e-05,4.736e-05
5.4357e-05,4.619e-05,6.101e-05,5.4005e-05,4.619e-05
5.0264e-05,4.37e-05,5.551e-05,5.143e-05,4.729e-05
5.3484e-05,4.622e-05,5.998e-05,5.2815e-05,4.622e-05
4.8726e-05,4.287e-05,5.428e-05,4.993e-05,4.435e-05
5.3464e-05,4.7e-05,5.987e-05,5.343e-05,4.7e-05
4.8951e-05,4.282e-05,5.491e-05,4.877e-05,4.65e-05
5.3835e-05,4.656e-05,5.964e-05,5.446e-05,4.656e-05
5.002e-05,4.435e-05,5.364e-05,5.132e-05,4.657e-05
5.2533e-05,4.333e-05,5.731e-05,5.473e-05,4.333e-05
5.0086e-05,4.381e-05,5.432e-05,5.087e-05,5.001e-05
5.2654e-05,4.777e-05,6.004e-05,5.183e-05,5.053e-05
5.102e-05,4.641e-05,5.383e-05,5.1855e-05,4.941e-05
5.1263e-05,4.553e-05,5.646e-05,5.129e-05,4.553e-05
5.3118e-05,4.71e-05,6.187e-05,5.1845e-05,4.762e-05
5.151e-05,4.454e-05,5.738e-05,5.265e-05,4.749e-05
5.2652e-05,4.685e-05,6.141e-05,5.118e-05,4.685e-05
5.0859e-05,4.469e-05,5.79e-05,5.093e-05,4.936e-05
5.4962e-05,4.648e-05,6.6e-05,5.3185e-05,4.648e-05
5.0876e-05,4.403e-05,5.976e-05,4.905e-05,4.832e-05
5.5884e-05,5.003e-05,6.471e-05,5.4235e-05,5.42e-05
5.0575e-05,4.501e-05,5.685e-05,4.9275e-05,4.855e-05
5.5357e-05,5.044e-05,6.32e-05,5.434e-05,5.506e-05
4.9799e-05,4.472e-05,5.512e-05,5.0155e-05,4.751e-05
5.342e-05,4.781e-05,6.126e-05,5.244e-05,4.909e-05
5.1404e-05,4.428e-05,5.758e-05,5.2875e-05,5.297e-05
5.263e-05,4.662e-05,6.257e-05,5.126e-05,4.943e-05
5.5681e-05,4.619e-05,6.264e-05,5.459e-05,5.134e-05
5.3389e-05,4.934e-05,6.041e-05,5.254e-05,4.952e-05
5.3272e-05,4.625e-05,5.878e-05,5.315e-05,5.12e-05
5.2153e-05,4.839e-05,5.949e-05,5.059e-05,4.839e-05
5.4392e-05,4.938e-05,6.397e-05,5.25e-05,5.06e-05
5.1406e-05,4.456e-05,5.917e-05,5.0345e-05,5.059e-05
5.4219e-05,4.933e-05,6.249e-05,5.207e-05,5.186e-05
4.9435e-05,4.331e-05,5.578e-05,5.0065e-05,4.596e-05
5.4295e-05,4.866e-05,6.296e-05,5.2265e-05,4.979e-05
5.0262e-05,4.273e-05,5.821e-05,4.992e-05,4.82e-05
5.3803e-05,4.881e-05,6.171e-05,5.258e-05,5.017e-05
5.0288e-05,4.516e-05,5.64e-05,4.98e-05,4.712e-05
5.413e-05,5.001e-05,6.224e-05,5.265e-05,5.236e-05
5.0663e-05,4.25e-05,5.619e-05,5.1705e-05,5.315e-05
5.2118e-05,4.394e-05,5.873e-05,5.221e-05,4.394e-05
4.9719e-05,4.395e-05,5.405e-05,4.9895e-05,4.862e-05
6.1641e-05,5.421e-05,7.176e-05,6.0765e-05,7.176e-05
5.606e-05,5.196e-05,6.39e-05,5.515e-05,5.409e-05
5.1681e-05,4.672e-05,5.967e-05,5.143e-05,5.277e-05
5.3084e-05,4.76e-05,6.344e-05,5.113e-05,4.881e-05
5.1591e-05,4.509e-05,5.953e-05,5.177e-05,4.88e-05
5.282e-05,4.529e-05,6.201e-05,5.204e-05,4.529e-05
5.1499e-05,4.46e-05,5.952e-05,5.0485e-05,4.999e-05
5.6435e-05,5.015e-05,6.684e-05,5.4e-05,5.273e-05
5.0409e-05,4.325e-05,5.934e-05,4.9375e-05,4.726e-05
5.6124e-05,4.949e-05,6.545e-05,5.4485e-05,5.404e-05
5.0834e-05,4.449e-05,5.951e-05,5.03e-05,4.922e-05
5.5014e-05,4.867e-05,6.465e-05,5.3625e-05,4.867e-05
5.104e-05,4.694e-05,6.054e-05,4.9405e-05,4.773e-05
5.5649e-05,4.812e-05,6.127e-05,5.6245e-05,5.201e-05
5.1069e-05,4.544e-05,5.896e-05,4.9705e-05,4.544e-05
5.4605e-05,4.737e-05,6.103e-05,5.46e-05,5.053e-05
5.1668e-05,4.772e-05,5.717e-05,5.106e-05,5.057e-05
5.3094e-05,4.638e-05,6.061e-05,5.268e-05,5.328e-05
5.2676e-05,4.211e-05,6.097e-05,5.3975e-05,4.211e-05
5.2764e-05,4.882e-05,5.936e-05,5.124e-05,5.011e-05
5.306e-05,4.528e-05,6.055e-05,5.331e-05,4.528e-05
5.0987e-05,4.428e-05,5.7e-05,5.1325e-05,4.675e-05
5.5288e-05,4.992e-05,6.313e-05,5.4865e-05,5.086e-05
4.9812e-05,4.263e-05,5.446e-05,5.07e-05,4.263e-05
5.4024e-05,4.772e-05,6.004e-05,5.397e-05,4.772e-05
4.8274e-05,4.127e-05,5.44e-05,4.856e-05,4.127e-05
5.3738e-05,4.774e-05,6.28e-05,5.255e-05,4.774e-05
4.9173e-05,4.344e-05,5.736e-05,4.868e-05,4.771e-05
5.5491e-05,4.778e-05,6.289e-05,5.655e-05,5.028e-05
5.0031e-05,4.441e-05,5.611e-05,4.9895e-05,4.869e-05
5.3789e-05,4.678e-05,6.139e-05,5.4295e-05,4.912e-05
4.9476e-05,4.386e-05,5.528e-05,4.889e-05,4.848e-05
5.2516e-05,4.538e-05,6.058e-05,5.327e-05,4.764e-05
5.129e-05,4.507e-05,5.651e-05,5.3245e-05,4.507e-05
5.196e-05,4.856e-05,5.804e-05,5.0415e-05,5.134e-05
5.2335e-05,4.471e-05,5.843e-05,5.2985e-05,4.471e-05
5.0786e-05,4.544e-05,5.701e-05,5.1765e-05,4.62e-05
5.2806e-05,4.593e-05,6.231e-05,5.1285e-05,4.593e-05
5.1766e-05,4.346e-05,5.891e-05,5.123e-05,5.049e-05
5.5563e-05,5.007e-05,6.724e-05,5.278e-05,5.118e-05
5.0598e-05,4.33e-05,5.9e-05,4.9255e-05,4.817e-05
5.6247e-05,5.083e-05,6.441e-05,5.5105e-05,5.472e-05
5.0558e-05,4.528e-05,5.529e-05,5.022e-05,4.841e-05
5.6997e-05,5.2e-05,6.526e-05,5.5425e-05,5.2e-05
4.942e-05,4.398e-05,5.586e-05,4.8445e-05,4.633e-05
5.3328e-05,4.742e-05,6.205e-05,5.3e-05,4.845e-05
4.9728e-05,4.188e-05,5.429e-05,5.157e-05,4.54e-05
5.23e-05,4.564e-05,6.035e-05,5.2155e-05,4.564e-05
5.094e-05,4.465e-05,5.449e-05,5.1675e-05,4.673e-05
5.2009e-05,4.68e-05,5.95e-05,5.084e-05,4.68e-05
5.0583e-05,4.412e-05,5.546e-05,5.1715e-05,4.412e-05
5.0864e-05,4.565e-05,5.673e-05,5.003e-05,4.9e-05
5.2197e-05,4.456e-05,5.908e-05,5.284e-05,4.456e-05
5.0665e-05,4.496e-05,5.676e-05,5.1475e-05,4.569e-05
5.622e-05,4.721e-05,6.723e-05,5.4385e-05,4.721e-05
5.0262e-05,4.28e-05,5.896e-05,4.915e-05,4.785e-05
5.4566e-05,5.011e-05,6.323e-05,5.35e-05,5.425e-05
5.007e-05,4.271e-05,5.686e-05,4.916e-05,4.885e-05
5.4284e-05,4.898e-05,6.225e-05,5.28e-05,5.253e-05
5.0242e-05,4.464e-05,5.581e-05,5.006e-05,4.738e-05
5.4052e-05,5.019e-05,6.276e-05,5.2165e-05,5.163e-05
5.1899e-05,4.483e-05,5.797e-05,5.261e-05,5.398e-05
5.281e-05,4.856e-05,6.101e-05,5.131e-05,5.108e-05
5.116e-05,4.31e-05,5.607e-05,5.246e-05,5.366e-05
5.2087e-05,4.723e-05,5.992e-05,5.014e-05,5.314e-05
5.0946e-05,4.435e-05,5.648e-05,5.0965e-05,4.989e-05
5.1449e-05,4.664e-05,6.021e-05,5.0695e-05,5.163e-05
5.5839e-05,4.674e-05,6.608e-05,5.44e-05,5.185e-05
5.1094e-05,4.572e-05,5.943e-05,4.9115e-05,4.683e-05
5.3184e-05,4.632e-05,6.407e-05,5.076e-05,5.004e-05
5.1682e-05,4.455e-05,5.93e-05,5.069e-05,5.099e-05
5.4655e-05,5.075e-05,6.325e-05,5.324e-05,5.163e-05
4.9679e-05,4.329e-05,5.633e-05,5.0175e-05,4.746e-05
5.4561e-05,4.648e-05,6.157e-05,5.5115e-05,4.648e-05
4.9986e-05,4.391e-05,5.77e-05,5.102e-05,4.638e-05
5.4751e-05,4.854e-05,6.239e-05,5.468e-05,4.875e-05
4.991e-05,4.306e-05,5.818e-05,4.913e-05,4.306e-05
5.4431e-05,4.893e-05,6.29e-05,5.304e-05,5.324e-05
5.043e-05,4.301e-05,5.533e-05,5.143e-05,5.326e-05
5.2266e-05,4.559e-05,6.019e-05,5.2755e-05,4.559e-05
5.1399e-05,4.588e-05,5.393e-05,5.271e-05,4.682e-05
5.2989e-05,4.941e-05,5.977e-05,5.1655e-05,5.017e-05
5.1156e-05,4.525e-05,5.552e-05,5.095e-05,4.525e-05
5.172e-05,4.77e-05,5.801e-05,5.016e-05,5.027e-05
5.3908e-05,4.39e-05,5.946e-05,5.6085e-05,4.39e-05
5.1397e-05,4.544e-05,5.722e-05,5.1885e-05,4.745e-05
5.706e-05,5.13e-05,6.608e-05,5.5655e-05,5.763e-05
5.1034e-05,4.411e-05,5.983e-05,4.9745e-05,4.925e-05
5.5305e-05,4.983e-05,6.347e-05,5.481e-05,5.453e-05
4.894e-05,4.303e-05,5.566e-05,4.904e-05,4.762e-05
5.3433e-05,4.629e-05,6.036e-05,5.3545e-05,4.629e-05
4.9199e-05,4.359e-05,5.553e-05,4.9125e-05,4.67e-05
5.3023e-05,4.555e-05,6.022e-05,5.302e-05,4.555e-05
5.0418e-05,4.267e-05,5.74e-05,5.1105e-05,5.04e-05
5.2786e-05,4.727e-05,6.129e-05,5.1275e-05,4.727e-05
4.9944e-05,4.254e-05,5.452e-05,5.0595e-05,4.881e-05
5.209e-05,4.716e-05,6.163e-05,5.0775e-05,4.716e-05
5.5307e-05,4.519e-05,6.226e-05,5.4835e-05,5.16e-05
5.176e-05,4.729e-05,5.926e-05,4.9995e-05,4.729e-05
6.0268e-05,4.9e-05,6.757e-05,6.2025e-05,6.455e-05
5.1348e-05,4.353e-05,5.619e-05,5.2695e-05,4.493e-05
5.2361e-05,4.386e-05,5.931e-05,5.3305e-05,4.386e-05
5.0491e-05,4.329e-05,5.762e-05,5.0345e-05,4.884e-05
5.5735e-05,4.848e-05,6.227e-05,5.589e-05,5.325e-05
4.9751e-05,4.381e-05,5.526e-05,5.0805e-05,4.595e-05
5.479e-05,4.691e-05,6.093e-05,5.578e-05,4.691e-05
4.9744e-05,4.408e-05,5.515e-05,4.9455e-05,4.408e-05
5.408e-05,4.942e-05,6.311e-05,5.214e-05,4.942e-05
5.034e-05,4.421e-05,5.881e-05,4.894e-05,4.84e-05
5.4973e-05,4.911e-05,6.251e-05,5.484e-05,5.918e-05
5.1706e-05,4.402e-05,5.884e-05,5.045e-05,4.856e-05
5.2783e-05,4.787e-05,6.156e-05,5.0865e-05,5.074e-05
5.1361e-05,4.417e-05,5.499e-05,5.2155e-05,5.138e-05
5.1302e-05,4.236e-05,5.617e-05,5.2725e-05,4.236e-05
5.039e-05,4.56e-05,5.373e-05,5.133e-05,4.56e-05
5.0805e-05,4.673e-05,5.852e-05,4.908e-05,4.673e-05
5.2732e-05,4.294e-05,5.895e-05,5.401e-05,4.294e-05
5.055e-05,4.442e-05,5.825e-05,5.1005e-05,4.49e-05
5.6032e-05,4.923e-05,6.63e-05,5.4535e-05,5.383e-05
5.0901e-05,4.37e-05,5.976e-05,4.988e-05,4.883e-05
5.5324e-05,4.58e-05,6.47e-05,5.5065e-05,5.346e-05
4.9403e-05,4.307e-05,5.587e-05,4.9485e-05,4.692e-05
5.3929e-05,4.71e-05,6.244e-05,5.3615e-05,4.71e-05
5.0611e-05,4.452e-05,5.993e-05,4.8945e-05,4.586e-05
5.489e-05,5.01e-05,6.258e-05,5.3765e-05,5.496e-05
5.0111e-05,4.341e-05,5.487e-05,5.0685e-05,4.941e-05
5.2386e-05,4.429e-05,5.831e-05,5.3455e-05,4.429e-05
5.0484e-05,4.449e-05,5.504e-05,5.2095e-05,4.723e-05
5.2801e-05,4.703e-05,6.115e-05,5.135e-05,5.262e-05
5.2009e-05,4.545e-05,5.576e-05,5.293e-05,5.064e-05
5.0928e-05,4.527e-05,5.653e-05,5.0885e-05,4.527e-05
5.3581e-05,4.783e-05,6.255e-05,5.294e-05,4.8e-05
5.1258e-05,4.488e-05,5.818e-05,5.0955e-05,4.715e-05
5.3955e-05,4.779e-05,6.444e-05,5.2055e-05,5.248e-05
5.116e-05,4.381e-05,6e-05,5.0455e-05,4.924e-05
5.4746e-05,4.936e-05,6.19e-05,5.509e-05,5.057e-05
5.0185e-05,4.305e-05,5.593e-05,5.0825e-05,4.714e-05
5.6995e-05,5.005e-05,6.734e-05,5.663e-05,5.005e-05
5.09e-05,4.603e-05,5.93e-05,4.8835e-05,4.75e-05
5.56e-05,5.031e-05,6.341e-05,5.4775e-05,5.547e-05
4.9974e-05,4.391e-05,5.555e-05,4.974e-05,4.909e-05
5.3191e-05,4.389e-05,5.93e-05,5.398e-05,4.389e-05
5.0912e-05,4.349e-05,5.634e-05,5.206e-05,5.122e-05
5.1994e-05,4.551e-05,5.984e-05,5.1555e-05,4.551e-05
5.131e-05,4.488e-05,5.533e-05,5.1615e-05,4.715e-05
5.2048e-05,4.796e-05,5.831e-05,5.082e-05,4.86e-05
5.0951e-05,4.361e-05,5.547e-05,5.1375e-05,4.361e-05
5.1286e-05,4.76e-05,5.809e-05,4.946e-05,5.01e-05
5.2995e-05,4.385e-05,5.782e-05,5.55e-05,4.385e-05
5.0365e-05,4.499e-05,5.501e-05,5.2425e-05,4.547e-05
5.4391e-05,4.716e-05,6.074e-05,5.3975e-05,4.716e-05
5.0843e-05,4.49e-05,5.715e-05,5.1065e-05,4.554e-05
5.4571e-05,4.958e-05,6.177e-05,5.373e-05,5.064e-05
4.9192e-05,4.372e-05,5.345e-05,5.103e-05,4.464e-05
5.3612e-05,4.615e-05,6.009e-05,5.3995e-05,4.615e-05
4.8735e-05,4.327e-05,5.597e-05,4.959e-05,4.331e-05
5.5476e-05,4.734e-05,6.596e-05,5.55e-05,4.734e-05
5.2492e-05,4.552e-05,5.853e-05,5.3005e-05,5.829e-05
5.5224e-05,5.133e-05,6.251e-05,5.412e-05,5.225e-05
5.1116e-05,4.484e-05,5.694e-05,5.1405e-05,5.554e-05
5.401e-05,4.894e-05,6.321e-05,5.2135e-05,4.894e-05
5.156e-05,4.624e-05,5.761e-05,5.1195e-05,5.41e-05
5.2051e-05,4.686e-05,5.821e-05,5.0695e-05,4.999e-05
5.3897e-05,4.824e-05,6.533e-05,5.2345e-05,5.21e-05
5.2223e-05,4.458e-05,6.104e-05,5.214e-05,5.012e-05
5.3499e-05,4.584e-05,6.288e-05,5.255e-05,4.753e-05
5.1323e-05,4.575e-05,6.006e-05,4.97e-05,4.867e-05
5.6019e-05,5.033e-05,6.707e-05,5.4425e-05,5.462e-05
5.1173e-05,4.298e-05,5.861e-05,5.0545e-05,4.988e-05
5.5565e-05,5.015e-05,6.531e-05,5.3945e-05,5.14e-05
5.0076e-05,4.396e-05,5.85e-05,4.9305e-05,4.93e-05
5.5871e-05,4.844e-05,6.35e-05,5.657e-05,5.022e-05
5.1696e-05,4.56e-05,6.05e-05,5.0055e-05,4.56e-05
5.4886e-05,4.642e-05,6.442e-05,5.467e-05,5.052e-05
5.0985e-05,4.313e-05,5.682e-05,5.0665e-05,4.924e-05
5.4786e-05,4.714e-05,6.608e-05,5.311e-05,4.714e-05
5.1514e-05,4.593e-05,5.826e-05,5.119e-05,5.396e-05
5.2466e-05,4.551e-05,5.894e-05,5.305e-05,5.105e-05
5.0957e-05,4.567e-05,5.509e-05,5.074e-05,4.567e-05
5.1711e-05,4.808e-05,5.837e-05,5.009e-05,4.952e-05
5.25e-05,4.429e-05,5.889e-05,5.2965e-05,4.577e-05
5.0908e-05,4.45e-05,5.632e-05,5.2e-05,4.607e-05
5.5911e-05,5.059e-05,6.727e-05,5.2975e-05,5.059e-05
5.1277e-05,4.445e-05,5.938e-05,5.1025e-05,4.854e-05
5.4345e-05,4.82e-05,6.371e-05,5.334e-05,4.82e-05
4.8896e-05,4.275e-05,5.61e-05,4.862e-05,4.64e-05
5.435e-05,4.82e-05,6.386e-05,5.395e-05,4.933e-05
4.9371e-05,4.482e-05,5.708e-05,4.9085e-05,4.657e-05
5.2675e-05,4.718e-05,6.091e-05,5.2705e-05,4.718e-05
5.086e-05,4.28e-05,5.768e-05,5.2025e-05,5.193e-05
5.2099e-05,4.572e-05,5.993e-05,5.0995e-05,4.572e-05
5.0199e-05,4.167e-05,5.501e-05,5.128e-05,4.872e-05
5.2076e-05,4.587e-05,6.079e-05,5.1455e-05,4.587e-05
5.1606e-05,4.615e-05,5.633e-05,5.1805e-05,4.901e-05
5.0668e-05,4.664e-05,5.879e-05,4.925e-05,4.664e-05
5.3669e-05,4.699e-05,6.374e-05,5.2455e-05,4.901e-05
5.0724e-05,4.286e-05,5.809e-05,5.084e-05,4.694e-05
5.2499e-05,4.645e-05,6.207e-05,5.0835e-05,4.834e-05
5.1086e-05,4.421e-05,5.804e-05,5.082e-05,4.919e-05
5.6321e-05,4.865e-05,6.907e-05,5.3535e-05,4.865e-05
5.1254e-05,4.358e-05,5.962e-05,5.0085e-05,4.889e-05
5.5146e-05,5.074e-05,6.388e-05,5.366e-05,5.304e-05
5.045e-05,4.496e-05,5.561e-05,5.0935e-05,4.888e-05
5.356e-05,4.42e-05,6.057e-05,5.316e-05,4.42e-05
4.8979e-05,4.35e-05,5.731e-05,4.8415e-05,4.628e-05
5.4124e-05,4.702e-05,6.201e-05,5.515e-05,4.89e-05
5.1726e-05,4.372e-05,5.728e-05,5.3375e-05,4.697e-05
5.4725e-05,4.832e-05,6.329e-05,5.4105e-05,4.832e-05
5.2191e-05,4.686e-05,5.983e-05,5.1565e-05,4.781e-05
5.189e-05,4.589e-05,6.106e-05,5.1005e-05,5.033e-05
5.5113e-05,4.822e-05,6.226e-05,5.375e-05,5.083e-05
5.1705e-05,4.632e-05,5.845e-05,5.043e-05,4.632e-05
5.4873e-05,4.993e-05,6.406e-05,5.2605e-05,5.142e-05
5.1261e-05,4.328e-05,5.915e-05,5.06e-05,5.075e-05
5.5856e-05,5.024e-05,6.396e-05,5.433e-05,5.375e-05
5.1405e-05,4.51e-05,5.726e-05,5.1505e-05,4.907e-05
5.5902e-05,5.163e-05,6.604e-05,5.333e-05,5.237e-05
5.1339e-05,4.379e-05,6.02e-05,5.034e-05,4.852e-05
5.5554e-05,4.984e-05,6.622e-05,5.3695e-05,5.284e-05
5.0052e-05,4.331e-05,5.793e-05,4.9355e-05,4.908e-05
5.4262e-05,4.683e-05,6.263e-05,5.4615e-05,4.889e-05
4.9995e-05,4.274e-05,5.501e-05,5.0375e-05,4.937e-05
5.2386e-05,4.582e-05,6.08e-05,5.209e-05,4.582e-05
4.9864e-05,4.318e-05,5.402e-05,5.0835e-05,4.824e-05
5.1939e-05,4.783e-05,5.981e-05,5.0665e-05,4.807e-05
5.1646e-05,4.376e-05,5.595e-05,5.258e-05,5.157e-05
5.2359e-05,4.365e-05,5.942e-05,5.3815e-05,4.365e-05
5.3733e-05,4.726e-05,6.41e-05,5.262e-05,4.938e-05
5.1477e-05,4.309e-05,5.865e-05,5.205e-05,4.644e-05
5.3067e-05,4.817e-05,6.368e-05,5.094e-05,4.827e-05
5.1431e-05,4.372e-05,5.858e-05,5.1015e-05,4.845e-05
5.618e-05,5.116e-05,6.663e-05,5.34e-05,5.116e-05
5.0708e-05,4.353e-05,5.955e-05,4.9635e-05,4.897e-05
5.6231e-05,5.011e-05,6.826e-05,5.4175e-05,5.118e-05
5.0494e-05,4.311e-05,6.043e-05,4.9565e-05,4.831e-05
5.4056e-05,4.718e-05,6.198e-05,5.522e-05,4.78e-05
5.2358e-05,4.645e-05,6.271e-05,5.2e-05,4.645e-05
5.351e-05,4.795e-05,6.125e-05,5.2475e-05,5.215e-05
5.1465e-05,4.434e-05,5.538e-05,5.282e-05,5.352e-05
5.3082e-05,4.769e-05,6.208e-05,5.1755e-05,5.073e-05
5.2425e-05,4.624e-05,5.832e-05,5.2135e-05,5.181e-05
5.1176e-05,4.719e-05,5.85e-05,4.978e-05,4.798e-05
5.15e-05,4.445e-05,5.566e-05,5.2295e-05,5.162e-05
5.1e-05,4.281e-05,5.661e-05,5.2645e-05,4.281e-05
5.2826e-05,4.673e-05,6.287e-05,5.1925e-05,4.872e-05
5.0699e-05,4.41e-05,5.839e-05,5.035e-05,4.864e-05
5.5948e-05,5.05e-05,6.778e-05,5.3285e-05,5.05e-05
5.0952e-05,4.352e-05,5.961e-05,5.0115e-05,4.912e-05
5.6904e-05,5.15e-05,6.747e-05,5.4485e-05,5.851e-05
5.1089e-05,4.365e-05,5.837e-05,5.106e-05,4.954e-05
5.3759e-05,4.644e-05,6.11e-05,5.329e-05,4.644e-05
4.9024e-05,4.328e-05,5.538e-05,4.918e-05,4.73e-05
5.3356e-05,4.647e-05,6.001e-05,5.4545e-05,4.647e-05
5.0341e-05,4.452e-05,5.495e-05,5.092e-05,4.989e-05
5.3358e-05,4.828e-05,6.171e-05,5.1435e-05,4.828e-05
5.1962e-05,4.489e-05,5.907e-05,5.169e-05,5.181e-05
5.1789e-05,4.655e-05,6.032e-05,5.092e-05,4.696e-05
5.3086e-05,4.751e-05,5.948e-05,5.2105e-05,4.821e-05
5.313e-05,4.885e-05,6.095e-05,5.152e-05,4.965e-05
5.3981e-05,4.721e-05,6.259e-05,5.3265e-05,5.058e-05
5.0733e-05,4.291e-05,5.792e-05,5.0975e-05,4.687e-05
5.2849e-05,4.793e-05,6.471e-05,5.006e-05,4.872e-05
5.0908e-05,4.398e-05,5.947e-05,4.9905e-05,4.941e-05
5.5271e-05,4.927e-05,6.28e-05,5.472e-05,4.969e-05
4.9664e-05,4.329e-05,5.522e-05,5.056e-05,4.45e-05
5.4935e-05,4.761e-05,6.495e-05,5.392e-05,4.761e-05
5.1235e-05,4.542e-05,5.878e-05,5.0185e-05,4.845e-05
5.5418e-05,5.076e-05,6.33e-05,5.444e-05,5.518e-05
5.0464e-05,4.55e-05,5.502e-05,4.9965e-05,4.776e-05
5.4162e-05,4.798e-05,6.391e-05,5.277e-05,5.038e-05
5.1734e-05,4.29e-05,5.791e-05,5.273e-05,5.572e-05
5.2454e-05,4.642e-05,5.884e-05,5.1905e-05,4.642e-05
5.1608e-05,4.702e-05,5.562e-05,5.2425e-05,4.817e-05
5.2225e-05,4.68e-05,5.981e-05,5.0765e-05,5.071e-05
5.0964e-05,4.264e-05,5.621e-05,5.1e-05,4.264e-05
5.1225e-05,4.71e-05,5.767e-05,4.9445e-05,4.989e-05
5.4031e-05,4.413e-05,5.898e-05,5.685e-05,4.413e-05
5.0739e-05,4.495e-05,5.526e-05,5.1995e-05,4.661e-05
5.5309e-05,4.718e-05,6.069e-05,5.6565e-05,4.718e-05
5.0032e-05,4.44e-05,5.382e-05,5.074e-05,4.466e-05
5.4994e-05,4.744e-05,5.974e-05,5.6355e-05,4.744e-05
4.9708e-05,4.217e-05,5.521e-05,5.0555e-05,4.217e-05
5.4593e-05,4.971e-05,6.228e-05,5.279e-05,4.971e-05
4.9323e-05,4.342e-05,5.669e-05,5.002e-05,4.342e-05
5.5162e-05,4.799e-05,6.472e-05,5.4535e-05,4.799e-05
5.2853e-05,4.601e-05,5.932e-05,5.2795e-05,5.932e-05
5.4517e-05,4.979e-05,6.242e-05,5.233e-05,5.172e-05
5.0037e-05,4.335e-05,5.592e-05,5.0615e-05,5.273e-05
5.2794e-05,4.834e-05,6.122e-05,5.0625e-05,4.834e-05
5.1981e-05,4.634e-05,5.771e-05,5.1035e-05,5.162e-05
5.1228e-05,4.684e-05,5.859e-05,4.9995e-05,4.883e-05
5.4521e-05,4.682e-05,6.295e-05,5.438e-05,4.737e-05
5.1394e-05,4.632e-05,5.935e-05,5.059e-05,4.695e-05
5.3501e-05,4.732e-05,6.328e-05,5.2595e-05,5.297e-05
5.1865e-05,4.434e-05,5.992e-05,5.169e-05,4.965e-05
5.404e-05,4.699e-05,6.096e-05,5.334e-05,4.699e-05
4.9611e-05,4.365e-05,5.576e-05,5.0605e-05,4.452e-05
5.4543e-05,4.95e-05,6.313e-05,5.307e-05,4.978e-05
5.0401e-05,4.432e-05,5.809e-05,5.006e-05,4.862e-05
5.404e-05,4.677e-05,6.251e-05,5.434e-05,5.045e-05
4.9261e-05,4.508e-05,5.735e-05,4.8125e-05,4.515e-05
5.3214e-05,4.676e-05,6.076e-05,5.33e-05,4.89e-05
5.123e-05,4.546e-05,5.821e-05,5.123e-05,4.995e-05
5.24e-05,4.565e-05,6.126e-05,5.082e-05,4.763e-05
5.1453e-05,4.394e-05,5.821e-05,5.098e-05,5.175e-05
5.0579e-05,4.401e-05,5.888e-05,5.035e-05,4.731e-05
5.502e-05,4.731e-05,6.309e-05,5.476e-05,4.731e-05
5.1645e-05,4.925e-05,5.74e-05,5.049e-05,5.008e-05
5.261e-05,4.627e-05,6.31e-05,5.1195e-05,4.75e-05
5.1138e-05,4.477e-05,5.999e-05,5.038e-05,4.752e-05
5.6002e-05,5.036e-05,6.619e-05,5.4445e-05,5.437e-05
5.1667e-05,4.491e-05,6.053e-05,5.0645e-05,4.916e-05
5.6379e-05,5.104e-05,6.498e-05,5.51e-05,5.866e-05
5.3817e-05,4.97e-05,6.112e-05,5.314e-05,5.445e-05
5.2248e-05,4.463e-05,5.844e-05,5.189e-05,5.707e-05
5.3469e-05,5.082e-05,6.227e-05,5.171e-05,5.152e-05
5.6694e-05,4.626e-05,6.175e-05,5.854e-05,6.175e-05
5.1139e-05,4.465e-05,5.88e-05,5.034e-05,4.795e-05
5.9015e-05,4.592e-05,6.546e-05,6.1085e-05,6.175e-05
5.0995e-05,4.376e-05,5.679e-05,5.1095e-05,4.538e-05
5.5493e-05,4.854e-05,6.767e-05,5.479e-05,4.964e-05
5.071e-05,4.273e-05,5.745e-05,5.0565e-05,4.461e-05
5.48e-05,4.854e-05,5.925e-05,5.612e-05,4.966e-05
4.9616e-05,4.398e-05,5.902e-05,4.831e-05,4.701e-05
7.1907e-05,6.562e-05,8.538e-05,6.9785e-05,6.777e-05
5.2366e-05,4.683e-05,6.254e-05,5.069e-05,4.949e-05
5.5361e-05,4.878e-05,6.423e-05,5.338e-05,4.878e-05
5.111e-05,4.465e-05,6.036e-05,4.9975e-05,4.703e-05
5.3305e-05,4.655e-05,6.099e-05,5.2105e-05,4.655e-05
5.2384e-05,4.521e-05,5.81e-05,5.181e-05,4.963e-05
5.2682e-05,4.926e-05,6.015e-05,5.108e-05,4.926e-05
5.4157e-05,4.738e-05,5.978e-05,5.341e-05,5.044e-05
5.2501e-05,4.876e-05,5.855e-05,5.1385e-05,4.919e-05
5.3901e-05,4.815e-05,6.141e-05,5.365e-05,5.118e-05
5.1315e-05,4.605e-05,5.821e-05,5.086e-05,4.605e-05
5.4562e-05,4.612e-05,6.129e-05,5.61e-05,4.947e-05
5.112e-05,4.678e-05,5.892e-05,4.969e-05,4.71e-05
5.5774e-05,4.938e-05,6.42e-05,5.6345e-05,5.032e-05
5.021e-05,4.552e-05,5.796e-05,4.938e-05,4.552e-05
5.4122e-05,4.656e-05,5.976e-05,5.505e-05,4.95e-05
4.8501e-05,4.37e-05,5.52e-05,4.772e-05,4.37e-05
5.1884e-05,4.455e-05,5.758e-05,5.3175e-05,4.799e-05
6.6268e-05,4.452e-05,8.62e-05,6.6835e-05,4.618e-05
5.6442e-05,5.268e-05,6.757e-05,5.528e-05,5.642e-05
5.067e-05,4.486e-05,5.633e-05,4.996e-05,4.58e-05
5.1122e-05,4.704e-05,5.78e-05,5.0355e-05,4.818e-05
5.0554e-05,4.422e-05,5.679e-05,5.086e-05,5.057e-05
5.0896e-05,4.729e-05,5.686e-05,4.9915e-05,4.729e-05
5.2586e-05,4.629e-05,5.704e-05,5.306e-05,5.288e-05
5.0401e-05,4.685e-05,5.89e-05,4.7945e-05,4.713e-05
5.3797e-05,4.593e-05,6.282e-05,5.428e-05,5.008e-05
4.9706e-05,4.197e-05,5.641e-05,5.019e-05,4.197e-05
5.3671e-05,4.603e-05,5.978e-05,5.5555e-05,4.923e-05
5.0634e-05,4.587e-05,5.57e-05,5.1245e-05,4.587e-05
5.5151e-05,4.794e-05,6.051e-05,5.5535e-05,5.258e-05
5.1289e-05,4.84e-05,5.839e-05,4.923e-05,4.84e-05
5.462e-05,4.766e-05,6.285e-05,5.4345e-05,5.064e-05
5.0459e-05,4.397e-05,5.777e-05,4.9745e-05,4.397e-05
5.3299e-05,4.661e-05,5.906e-05,5.394e-05,4.869e-05
4.9917e-05,4.561e-05,5.568e-05,4.944e-05,4.616e-05
5.2328e-05,4.715e-05,5.8e-05,5.1845e-05,4.832e-05
5.6365e-05,4.714e-05,8.313e-05,5.411e-05,5.183e-05
5.3385e-05,4.871e-05,6.276e-05,5.1705e-05,5.335e-05
5.7383e-05,4.63e-05,6.308e-05,5.8885e-05,6.308e-05
5.2701e-05,4.815e-05,5.988e-05,5.1475e-05,5.041e-05
5.5885e-05,4.549e-05,6.062e-05,5.7195e-05,6.062e-05
5.2234e-05,4.692e-05,6.091e-05,5.09e-05,5.046e-05
5.7519e-05,4.571e-05,6.298e-05,5.885e-05,6.012e-05
5.0145e-05,4.392e-05,5.436e-05,5.068e-05,4.753e-05
5.5384e-05,4.795e-05,5.975e-05,5.6915e-05,5.638e-05
4.9949e-05,4.439e-05,5.528e-05,4.9565e-05,4.764e-05
5.4874e-05,4.698e-05,5.999e-05,5.545e-05,5.487e-05
4.927e-05,4.373e-05,5.608e-05,4.931e-05,4.713e-05
5.4833e-05,4.405e-05,5.987e-05,5.562e-05,5.987e-05
5.3265e-05,4.678e-05,6.191e-05,5.208e-05,5.204e-05
5.4045e-05,4.471e-05,6.167e-05,5.379e-05,5.755e-05
5.56e-05,5.268e-05,6.563e-05,5.467e-05,5.475e-05
5.3418e-05,4.445e-05,6.082e-05,5.3325e-05,5.721e-05
5.4732e-05,4.888e-05,6.327e-05,5.5305e-05,5.534e-05
5.2386e-05,4.256e-05,6.031e-05,5.2335e-05,5.607e-05
5.582e-05,4.96e-05,6.481e-05,5.5875e-05,5.532e-05
5.126e-05,4.276e-05,5.846e-05,5.211e-05,5.244e-05
5.3729e-05,4.703e-05,5.879e-05,5.4385e-05,5.214e-05
4.9253e-05,4.207e-05,5.614e-05,4.864e-05,4.731e-05
7.471e-05,4.434e-05,9.88e-05,7.7695e-05,4.839e-05
6.7824e-05,6.096e-05,7.553e-05,6.755e-05,6.772e-05
5.4685e-05,4.723e-05,6.188e-05,5.3705e-05,4.84e-05
4.8899e-05,4.51e-05,5.701e-05,4.7175e-05,4.51e-05
5.3631e-05,4.696e-05,6.385e-05,5.293e-05,4.905e-05
4.9492e-05,4.306e-05,5.713e-05,4.845e-05,4.306e-05
5.2734e-05,4.628e-05,5.853e-05,5.2955e-05,4.839e-05
4.8526e-05,4.466e-05,5.597e-05,4.74e-05,4.466e-05
5.1213e-05,4.48e-05,5.787e-05,5.253e-05,4.636e-05
5.0725e-05,4.625e-05,5.437e-05,5.103e-05,4.916e-05
5.0958e-05,4.638e-05,5.668e-05,5.09e-05,4.787e-05
5.2666e-05,4.716e-05,5.772e-05,5.3245e-05,5.35e-05
5.0839e-05,4.59e-05,5.875e-05,4.9215e-05,4.827e-05
5.2702e-05,4.644e-05,5.811e-05,5.342e-05,5.184e-05
4.9747e-05,4.597e-05,5.604e-05,4.8505e-05,4.597e-05
5.3717e-05,4.633e-05,5.997e-05,5.3865e-05,5.372e-05
5.0101e-05,4.516e-05,5.767e-05,4.8955e-05,4.516e-05
5.3683e-05,4.659e-05,6.155e-05,5.4225e-05,5.045e-05
4.8693e-05,4.302e-05,5.554e-05,4.7955e-05,4.302e-05
5.2436e-05,4.524e-05,5.97e-05,5.3915e-05,4.987e-05
4.8063e-05,4.275e-05,5.427e-05,4.7615e-05,4.275e-05
5.5181e-05,4.604e-05,6.164e-05,5.7045e-05,4.929e-05
4.9751e-05,4.465e-05,5.818e-05,4.8415e-05,4.7e-05
5.2874e-05,4.576e-05,6.055e-05,5.19e-05,4.771e-05
5.2059e-05,4.631e-05,6.106e-05,5.0505e-05,4.631e-05
5.1496e-05,4.392e-05,5.835e-05,5.137e-05,4.501e-05
5.017e-05,4.583e-05,5.569e-05,4.9825e-05,4.583e-05
5.2494e-05,4.37e-05,5.763e-05,5.357e-05,4.802e-05
5.3302e-05,4.779e-05,5.929e-05,5.3115e-05,5.314e-05
4.8975e-05,4.268e-05,5.585e-05,4.9335e-05,4.676e-05
5.5104e-05,4.861e-05,6.876e-05,5.295e-05,4.943e-05
4.9581e-05,4.239e-05,5.616e-05,4.9375e-05,4.362e-05
5.4301e-05,4.734e-05,6.324e-05,5.486e-05,4.849e-05
4.924e-05,4.124e-05,5.551e-05,4.9455e-05,4.401e-05
5.2789e-05,4.582e-05,5.902e-05,5.3415e-05,5.037e-05
4.7875e-05,4.146e-05,5.311e-05,4.889e-05,4.3e-05
5.2989e-05,4.78e-05,5.83e-05,5.413e-05,4.848e-05
4.8999e-05,4.461e-05,5.514e-05,4.807e-05,4.603e-05
5.1816e-05,4.67e-05,5.896e-05,5.138e-05,4.726e-05
4.9082e-05,4.415e-05,5.6e-05,4.861e-05,4.652e-05
5.1408e-05,4.69e-05,5.77e-05,5.048e-05,4.69e-05
5.133e-05,4.497e-05,5.542e-05,5.2885e-05,5.296e-05
5.2122e-05,4.853e-05,5.841e-05,5.1455e-05,4.919e-05
5.3845e-05,4.727e-05,5.968e-05,5.4215e-05,5.618e-05
5.1812e-05,4.845e-05,5.962e-05,5.012e-05,4.93e-05
5.2789e-05,4.537e-05,5.83e-05,5.3325e-05,5.506e-05
4.9536e-05,4.57e-05,5.569e-05,4.8615e-05,4.677e-05
5.4345e-05,4.669e-05,6.007e-05,5.4285e-05,5.452e-05
4.8911e-05,4.536e-05,5.37e-05,4.798e-05,4.594e-05
5.3623e-05,4.721e-05,5.847e-05,5.4855e-05,5.198e-05
4.8615e-05,4.411e-05,5.296e-05,4.864e-05,4.589e-05
5.4018e-05,4.881e-05,5.995e-05,5.417e-05,5.107e-05
4.836e-05,4.184e-05,5.51e-05,4.819e-05,4.184e-05
5.2193e-05,4.497e-05,5.84e-05,5.279e-05,4.763e-05
4.9534e-05,4.458e-05,5.74e-05,4.8355e-05,4.568e-05
5.1893e-05,4.399e-05,5.785e-05,5.2895e-05,4.696e-05
5.0284e-05,4.412e-05,5.336e-05,5.084e-05,5.032e-05
5.2611e-05,4.612e-05,6.169e-05,5.185e-05,4.863e-05
5.1773e-05,3.995e-05,5.778e-05,5.306e-05,5.778e-05
5.3657e-05,4.907e-05,6.297e-05,5.302e-05,5.239e-05
5.5241e-05,4.485e-05,6.066e-05,5.6495e-05,5.974e-05
5.0274e-05,4.448e-05,5.902e-05,4.896e-05,4.809e-05
5.8701e-05,4.556e-05,6.467e-05,6.066e-05,6.132e-05
4.9641e-05,4.145e-05,5.58e-05,4.957e-05,4.445e-05
5.347e-05,4.621e-05,5.972e-05,5.381e-05,4.645e-05
4.8255e-05,4.198e-05,5.547e-05,4.6715e-05,4.466e-05
5.333e-05,4.639e-05,6.025e-05,5.326e-05,4.891e-05
4.7892e-05,4.284e-05,5.493e-05,4.6655e-05,4.284e-05
5.2484e-05,4.562e-05,5.878e-05,5.4105e-05,4.827e-05
4.8481e-05,4.393e-05,5.344e-05,4.841e-05,4.393e-05
5.1451e-05,4.581e-05,5.585e-05,5.218e-05,4.85e-05
4.9351e-05,4.372e-05,5.466e-05,4.876e-05,4.545e-05
5.0556e-05,4.532e-05,5.649e-05,5.091e-05,4.683e-05
5.0228e-05,4.518e-05,5.532e-05,5.0535e-05,4.569e-05
5.0721e-05,4.528e-05,5.653e-05,5.1235e-05,4.749e-05
5.2646e-05,4.617e-05,5.679e-05,5.405e-05,5.46e-05
5.1239e-05,4.727e-05,5.946e-05,4.98e-05,4.727e-05
5.2456e-05,4.654e-05,5.925e-05,5.207e-05,4.789e-05
4.9541e-05,4.511e-05,5.691e-05,4.8525e-05,4.511e-05
5.4052e-05,4.504e-05,6.054e-05,5.5745e-05,4.923e-05
5.0045e-05,4.551e-05,5.735e-05,4.967e-05,4.629e-05
5.4545e-05,4.652e-05,6.168e-05,5.399e-05,4.991e-05
4.9435e-05,4.524e-05,5.994e-05,4.7295e-05,4.524e-05
5.4275e-05,4.624e-05,6.182e-05,5.3755e-05,4.795e-05
4.8253e-05,4.176e-05,5.612e-05,4.6885e-05,4.176e-05
5.2619e-05,4.52e-05,5.958e-05,5.2305e-05,4.784e-05
4.8637e-05,4.436e-05,5.552e-05,4.766e-05,4.456e-05
5.1933e-05,4.497e-05,5.811e-05,5.2705e-05,4.711e-05
5.0542e-05,4.493e-05,5.418e-05,5.1015e-05,5.037e-05
5.1651e-05,4.647e-05,5.786e-05,5.1735e-05,4.814e-05
4.9601e-05,4.314e-05,5.543e-05,5.043e-05,4.898e-05
5.0025e-05,4.643e-05,5.634e-05,4.92e-05,4.655e-05
5.2419e-05,4.627e-05,5.832e-05,5.291e-05,5.074e-05
4.9684e-05,4.415e-05,5.671e-05,4.953e-05,4.415e-05
5.3421e-05,4.513e-05,6.121e-05,5.5555e-05,4.971e-05
6.7949e-05,4.419e-05,8.914e-05,6.947e-05,4.419e-05
5.6221e-05,5.128e-05,6.001e-05,5.7035e-05,5.455e-05
4.7918e-05,4.178e-05,5.327e-05,4.8405e-05,4.772e-05
5.3756e-05,4.788e-05,5.811e-05,5.4925e-05,5.425e-05
4.7805e-05,4.233e-05,5.288e-05,4.7805e-05,4.543e-05
5.1993e-05,4.613e-05,5.675e-05,5.2695e-05,4.903e-05
4.9798e-05,4.447e-05,5.663e-05,4.975e-05,4.534e-05
5.2208e-05,4.666e-05,5.931e-05,5.1265e-05,4.666e-05
4.9071e-05,4.318e-05,5.57e-05,4.853e-05,4.774e-05
5.1177e-05,4.699e-05,5.753e-05,5.04e-05,4.699e-05
5.0885e-05,4.5e-05,5.555e-05,5.1925e-05,5.07e-05
5.2217e-05,4.714e-05,6.175e-05,5.019e-05,5.088e-05
5.3629e-05,4.743e-05,6.104e-05,5.279e-05,4.953e-05
5.0228e-05,4.421e-05,5.566e-05,5.0575e-05,4.421e-05
5.207e-05,4.729e-05,5.738e-05,5.2365e-05,4.852e-05
5.0065e-05,4.327e-05,5.87e-05,4.9785e-05,4.641e-05
5.43e-05,4.734e-05,6.363e-05,5.5135e-05,5.038e-05
4.9789e-05,4.34e-05,5.706e-05,4.929e-05,4.34e-05
5.4401e-05,4.731e-05,6.252e-05,5.4915e-05,4.958e-05
5.1185e-05,4.291e-05,5.661e-05,5.2475e-05,4.291e-05
5.3971e-05,4.82e-05,5.975e-05,5.355e-05,5.481e-05
4.818e-05,4.301e-05,5.227e-05,4.852e-05,4.646e-05
5.3115e-05,4.752e-05,5.918e-05,5.2975e-05,5.103e-05
5.0509e-05,4.449e-05,5.825e-05,4.9735e-05,4.923e-05
5.1957e-05,4.655e-05,5.844e-05,5.098e-05,4.655e-05
5.2521e-05,4.554e-05,5.814e-05,5.3115e-05,5.265e-05
5.227e-05,4.83e-05,6.063e-05,5.0535e-05,4.885e-05
5.1234e-05,4.582e-05,5.737e-05,5.198e-05,5.225e-05
5.233e-05,4.619e-05,6.119e-05,5.2175e-05,4.619e-05
5.5334e-05,4.467e-05,6.079e-05,5.6405e-05,6.079e-05
5.2682e-05,4.565e-05,6.282e-05,5.23e-05,4.788e-05
6.035e-05,4.985e-05,6.534e-05,6.1885e-05,6.449e-05
5.0301e-05,4.502e-05,5.893e-05,4.9515e-05,4.627e-05
5.8147e-05,4.624e-05,6.444e-05,5.965e-05,6.051e-05
4.9116e-05,4.197e-05,5.55e-05,4.8725e-05,4.318e-05
5.3106e-05,4.638e-05,5.963e-05,5.285e-05,4.638e-05
4.772e-05,4.065e-05,5.425e-05,4.704e-05,4.343e-05
5.225e-05,4.574e-05,5.844e-05,5.2415e-05,4.77e-05
4.993e-05,4.438e-05,5.728e-05,4.9075e-05,4.561e-05
5.2205e-05,4.765e-05,5.861e-05,5.158e-05,4.765e-05
4.9516e-05,4.362e-05,5.605e-05,4.9705e-05,4.912e-05
5.2002e-05,4.688e-05,5.958e-05,5.116e-05,4.688e-05
5.1379e-05,4.413e-05,5.64e-05,5.1845e-05,5.491e-05
5.1998e-05,4.809e-05,5.997e-05,5.075e-05,5.128e-05
5.3711e-05,4.736e-05,5.938e-05,5.3425e-05,5.674e-05
4.9943e-05,4.602e-05,5.573e-05,4.8855e-05,4.81e-05
5.2562e-05,4.653e-05,5.753e-05,5.2855e-05,5.48e-05
4.9979e-05,4.655e-05,5.634e-05,4.878e-05,4.798e-05
5.3689e-05,4.585e-05,5.894e-05,5.495e-05,5.356e-05
4.8756e-05,4.327e-05,5.438e-05,4.987e-05,4.58e-05
5.467e-05,4.834e-05,6.137e-05,5.506e-05,5.184e-05
4.7771e-05,4.035e-05,5.356e-05,4.877e-05,4.295e-05
5.2557e-05,4.693e-05,5.833e-05,5.368e-05,4.741e-05
4.7769e-05,4.195e-05,5.376e-05,4.752e-05,4.504e-05
5.1855e-05,4.533e-05,5.772e-05,5.2685e-05,4.812e-05
4.9423e-05,4.427e-05,5.606e-05,4.9235e-05,4.519e-05
5.2219e-05,4.711e-05,6.028e-05,5.158e-05,4.816e-05
5.1108e-05,4.457e-05,5.739e-05,5.147e-05,5.043e-05
5.1037e-05,4.744e-05,5.825e-05,4.992e-05,4.744e-05
4.9918e-05,4.336e-05,5.576e-05,5.0245e-05,4.882e-05
5.0622e-05,4.689e-05,5.945e-05,4.875e-05,4.731e-05
5.4006e-05,4.775e-05,6.205e-05,5.3565e-05,5.016e-05
4.9875e-05,4.302e-05,5.745e-05,4.968e-05,4.302e-05
5.3903e-05,4.669e-05,6.287e-05,5.455e-05,4.892e-05
4.9698e-05,4.196e-05,5.711e-05,4.9485e-05,4.196e-05
5.2741e-05,4.556e-05,6.044e-05,5.251e-05,4.579e-05
4.93e-05,4.2e-05,5.587e-05,4.9015e-05,4.323e-05
5.3872e-05,4.835e-05,5.983e-05,5.2955e-05,4.948e-05
4.7891e-05,4.258e-05,5.467e-05,4.7405e-05,4.479e-05
5.2704e-05,4.634e-05,5.954e-05,5.377e-05,4.846e-05
4.9553e-05,4.475e-05,5.582e-05,4.8475e-05,4.475e-05
5.1655e-05,4.706e-05,5.729e-05,5.136e-05,4.788e-05
4.9248e-05,4.452e-05,5.527e-05,4.8705e-05,4.473e-05
5.1506e-05,4.7e-05,5.718e-05,5.07e-05,4.862e-05
5.1486e-05,4.464e-05,5.473e-05,5.2645e-05,5.447e-05
5.2793e-05,4.942e-05,6.027e-05,5.1315e-05,4.992e-05
5.4979e-05,4.729e-05,6.249e-05,5.475e-05,5.034e-05
5.1531e-05,4.607e-05,5.833e-05,5.075e-05,4.607e-05
5.2951e-05,4.571e-05,5.868e-05,5.279e-05,4.795e-05
5.0293e-05,4.625e-05,5.549e-05,4.973e-05,4.646e-05
5.3931e-05,4.631e-05,6.19e-05,5.585e-05,5.05e-05
4.9259e-05,4.415e-05,5.5e-05,4.8255e-05,4.415e-05
5.3366e-05,4.603e-05,5.9e-05,5.503e-05,5.264e-05
4.8962e-05,4.439e-05,5.546e-05,4.848e-05,4.516e-05
5.3711e-05,4.679e-05,6.178e-05,5.45e-05,5.104e-05
4.8774e-05,4.12e-05,5.602e-05,4.9095e-05,4.12e-05
5.2225e-05,4.647e-05,5.877e-05,5.311e-05,4.809e-05
5.0466e-05,4.445e-05,5.689e-05,4.9665e-05,4.445e-05
5.2025e-05,4.674e-05,5.833e-05,5.2865e-05,4.697e-05
5.1106e-05,4.726e-05,5.499e-05,5.104e-05,4.918e-05
6.9879e-05,4.667e-05,0.00012532,5.361e-05,0.00012038
5.0512e-05,4.381e-05,5.64e-05,5.086e-05,4.381e-05
5.0009e-05,4.354e-05,5.684e-05,5.003e-05,4.731e-05
5.2624e-05,4.621e-05,5.781e-05,5.385e-05,5.31e-05
5.0853e-05,4.574e-05,5.782e-05,5.036e-05,4.574e-05
5.4639e-05,4.576e-05,6.007e-05,5.6175e-05,5.616e-05
4.8851e-05,4.329e-05,5.259e-05,5.0215e-05,4.615e-05
5.4325e-05,4.615e-05,6.408e-05,5.4405e-05,5.109e-05
4.9185e-05,4.189e-05,5.542e-05,4.963e-05,4.297e-05
5.3758e-05,4.858e-05,6.701e-05,5.1355e-05,4.926e-05
4.8343e-05,4.117e-05,5.542e-05,4.855e-05,4.236e-05
5.2295e-05,4.727e-05,6.128e-05,5.067e-05,4.727e-05
4.9206e-05,4.317e-05,5.913e-05,4.901e-05,4.602e-05
5.2528e-05,4.549e-05,5.947e-05,5.267e-05,4.549e-05
4.9144e-05,4.351e-05,5.68e-05,4.777e-05,4.689e-05
5.1298e-05,4.439e-05,5.837e-05,5.1765e-05,4.519e-05
5.0296e-05,4.516e-05,5.481e-05,5.0865e-05,4.701e-05
5.0864e-05,4.575e-05,5.706e-05,5.1075e-05,4.835e-05
5.2215e-05,4.582e-05,5.743e-05,5.3095e-05,5.149e-05
5.1082e-05,4.687e-05,6.157e-05,4.8965e-05,4.75e-05
5.367e-05,4.635e-05,6.076e-05,5.3545e-05,4.872e-05
4.9824e-05,4.46e-05,5.891e-05,4.7735e-05,4.46e-05
5.3686e-05,4.607e-05,6.226e-05,5.4705e-05,4.783e-05
4.8791e-05,4.324e-05,5.54e-05,4.854e-05,4.324e-05
5.3475e-05,4.643e-05,5.96e-05,5.4255e-05,5.016e-05
4.8098e-05,4.287e-05,5.324e-05,4.813e-05,4.287e-05
5.2311e-05,4.495e-05,5.948e-05,5.346e-05,5.116e-05
4.8499e-05,4.343e-05,5.708e-05,4.6735e-05,4.343e-05
5.2531e-05,4.591e-05,6.101e-05,5.2365e-05,4.764e-05
8.3254e-05,7.894e-05,9.53e-05,8.2445e-05,7.927e-05
5.3284e-05,4.642e-05,5.924e-05,5.319e-05,4.749e-05
5.0996e-05,4.491e-05,5.585e-05,5.14e-05,4.728e-05
5.0863e-05,4.469e-05,5.681e-05,5.016e-05,4.92e-05
4.9952e-05,4.361e-05,5.48e-05,5.121e-05,4.898e-05
5.0715e-05,4.447e-05,5.877e-05,4.9655e-05,4.766e-05
5.2648e-05,4.651e-05,5.973e-05,5.18e-05,4.834e-05
4.9633e-05,4.409e-05,5.653e-05,4.8965e-05,4.409e-05
5.3523e-05,4.609e-05,6.066e-05,5.5435e-05,5.114e-05
4.9134e-05,4.377e-05,5.462e-05,4.9355e-05,4.392e-05
5.2421e-05,4.514e-05,5.954e-05,5.4255e-05,4.964e-05
4.8616e-05,4.365e-05,5.422e-05,4.8625e-05,4.365e-05
5.3279e-05,4.668e-05,5.891e-05,5.4035e-05,5.042e-05
4.7533e-05,4.253e-05,5.308e-05,4.781e-05,4.253e-05
5.2162e-05,4.61e-05,5.841e-05,5.306e-05,4.783e-05
4.9165e-05,4.256e-05,5.49e-05,4.928e-05,4.256e-05
5.1735e-05,4.581e-05,5.738e-05,5.2945e-05,4.821e-05
5.0368e-05,4.49e-05,5.466e-05,5.082e-05,4.952e-05
5.159e-05,4.701e-05,5.712e-05,5.1195e-05,5.16e-05
5.1071e-05,4.399e-05,5.564e-05,5.1945e-05,5.482e-05
5.1751e-05,4.6e-05,5.942e-05,5.0465e-05,5.32e-05
5.7551e-05,4.572e-05,6.554e-05,5.948e-05,6.554e-05
5.1808e-05,4.826e-05,5.894e-05,4.997e-05,4.896e-05
5.584e-05,4.546e-05,6.145e-05,5.7255e-05,6.145e-05
5.092e-05,4.779e-05,5.868e-05,4.939e-05,4.972e-05
5.7091e-05,4.529e-05,6.277e-05,5.856e-05,5.842e-05
5.0391e-05,4.313e-05,5.891e-05,5.003e-05,4.561e-05
5.4235e-05,4.727e-05,6.11e-05,5.286e-05,4.852e-05
4.9415e-05,4.431e-05,5.63e-05,4.832e-05,4.674e-05
5.3965e-05,4.707e-05,6.129e-05,5.487e-05,4.886e-05
4.84e-05,4.131e-05,5.488e-05,4.8695e-05,4.131e-05
5.2746e-05,4.698e-05,5.992e-05,5.35e-05,4.895e-05
4.9974e-05,4.398e-05,5.652e-05,4.9075e-05,4.398e-05
5.2281e-05,4.5e-05,5.653e-05,5.3995e-05,4.889e-05
5.2079e-05,4.593e-05,5.601e-05,5.2785e-05,5.224e-05
5.1451e-05,4.574e-05,5.65e-05,5.281e-05,4.745e-05
5.0516e-05,4.455e-05,5.43e-05,5.1885e-05,5.239e-05
5.1521e-05,4.752e-05,5.791e-05,5.0015e-05,4.917e-05
5.369e-05,4.7e-05,5.963e-05,5.4285e-05,5.484e-05
5.075e-05,4.471e-05,6.046e-05,4.9435e-05,4.471e-05
5.3992e-05,4.55e-05,6.185e-05,5.473e-05,4.872e-05
4.939e-05,4.36e-05,5.574e-05,4.9295e-05,4.36e-05
5.3844e-05,4.56e-05,6.122e-05,5.472e-05,4.932e-05
4.8201e-05,4.254e-05,5.485e-05,4.757e-05,4.254e-05
5.2756e-05,4.541e-05,5.951e-05,5.3745e-05,5.299e-05
4.7435e-05,4.303e-05,5.315e-05,4.6755e-05,4.303e-05
5.1933e-05,4.448e-05,5.756e-05,5.235e-05,5.281e-05
4.8921e-05,4.383e-05,5.494e-05,4.8305e-05,4.383e-05
5.2132e-05,4.484e-05,5.607e-05,5.3145e-05,5.389e-05
5.019e-05,4.576e-05,5.797e-05,4.808e-05,4.765e-05
5.1564e-05,4.514e-05,5.849e-05,5.1715e-05,5.28e-05
5.1252e-05,4.426e-05,5.66e-05,5.0985e-05,5.505e-05
5.2151e-05,4.863e-05,5.985e-05,4.9875e-05,5.004e-05
5.3361e-05,4.64e-05,5.88e-05,5.374e-05,5.597e-05
5.0216e-05,4.671e-05,5.569e-05,4.953e-05,4.851e-05
5.2006e-05,4.529e-05,5.652e-05,5.2705e-05,5.352e-05
5.0696e-05,4.574e-05,5.883e-05,4.958e-05,4.574e-05
5.6905e-05,4.533e-05,6.193e-05,5.838e-05,6.025e-05
4.8725e-05,4.259e-05,5.378e-05,4.928e-05,4.622e-05
5.4024e-05,4.572e-05,5.865e-05,5.593e-05,5.593e-05
4.7798e-05,4.171e-05,5.322e-05,4.764e-05,4.499e-05
5.3626e-05,4.527e-05,5.85e-05,5.47e-05,5.472e-05
4.8026e-05,4.373e-05,5.449e-05,4.7355e-05,4.566e-05
5.2063e-05,4.565e-05,6.124e-05,5.263e-05,4.859e-05
4.9109e-05,4.304e-05,5.76e-05,4.7995e-05,4.304e-05
5.2474e-05,4.497e-05,5.973e-05,5.273e-05,4.703e-05
5.0668e-05,4.485e-05,5.715e-05,5.069e-05,4.485e-05
5.0179e-05,4.396e-05,5.613e-05,5.087e-05,4.811e-05
5.0418e-05,4.471e-05,5.642e-05,5.103e-05,4.861e-05
5.1047e-05,4.623e-05,6.126e-05,4.917e-05,4.623e-05
5.4411e-05,4.818e-05,6.217e-05,5.381e-05,5.052e-05
5.0689e-05,4.394e-05,6.152e-05,4.952e-05,4.394e-05
5.5403e-05,4.698e-05,6.334e-05,5.504e-05,4.859e-05
4.8791e-05,4.328e-05,5.563e-05,4.7575e-05,4.328e-05
5.3913e-05,4.618e-05,6.309e-05,5.409e-05,4.879e-05
4.8548e-05,4.155e-05,5.535e-05,4.8755e-05,4.155e-05
5.2986e-05,4.686e-05,5.935e-05,5.379e-05,4.925e-05
7.8727e-05,7.27e-05,8.303e-05,8.1055e-05,7.27e-05
5.3617e-05,4.755e-05,6.264e-05,5.217e-05,5.22e-05
4.9852e-05,4.342e-05,5.858e-05,4.9975e-05,4.617e-05
5.1724e-05,4.669e-05,5.981e-05,5.054e-05,4.669e-05
4.9589e-05,4.387e-05,5.855e-05,4.8765e-05,4.63e-05
5.1996e-05,4.444e-05,5.912e-05,5.273e-05,4.444e-05
5.0962e-05,4.408e-05,5.655e-05,5.1395e-05,4.936e-05
5.0673e-05,4.692e-05,5.796e-05,4.9345e-05,4.692e-05
5.2786e-05,4.653e-05,5.932e-05,5.3115e-05,5.019e-05
5.0578e-05,4.746e-05,5.849e-05,4.85e-05,4.758e-05
5.2406e-05,4.562e-05,5.83e-05,5.2e-05,4.848e-05
5.0206e-05,4.468e-05,5.687e-05,5.006e-05,4.468e-05
5.3493e-05,4.599e-05,5.947e-05,5.5725e-05,5.12e-05
4.9205e-05,4.497e-05,5.365e-05,5.0185e-05,4.497e-05
5.2895e-05,4.728e-05,5.76e-05,5.378e-05,5.083e-05
4.8729e-05,4.458e-05,5.392e-05,4.8665e-05,4.458e-05
5.3245e-05,4.689e-05,5.848e-05,5.4455e-05,5.037e-05
4.7504e-05,4.337e-05,5.192e-05,4.7665e-05,4.337e-05
5.2056e-05,4.552e-05,5.671e-05,5.2365e-05,4.943e-05
4.9652e-05,4.417e-05,5.405e-05,5.053e-05,4.943e-05
5.2305e-05,4.758e-05,5.814e-05,5.219e-05,4.916e-05
5.2115e-05,4.511e-05,5.609e-05,5.2425e-05,5.567e-05
5.3966e-05,4.907e-05,6.293e-05,5.401e-05,4.907e-05
5.5206e-05,4.335e-05,6.324e-05,5.6635e-05,6.324e-05
5.4158e-05,4.927e-05,6.428e-05,5.308e-05,5.263e-05
5.5969e-05,4.693e-05,6.233e-05,5.6395e-05,6.077e-05
5.21e-05,4.794e-05,6.209e-05,5.0715e-05,5.007e-05
5.7327e-05,4.525e-05,6.399e-05,5.903e-05,5.902e-05
5.0475e-05,4.267e-05,5.8e-05,5.044e-05,4.443e-05
5.3375e-05,4.601e-05,6.059e-05,5.2915e-05,4.64e-05
4.8779e-05,4.342e-05,5.458e-05,4.848e-05,4.342e-05
5.2654e-05,4.631e-05,5.859e-05,5.347e-05,5.151e-05
4.7663e-05,4.28e-05,5.376e-05,4.818e-05,4.28e-05
5.2511e-05,4.492e-05,5.812e-05,5.2895e-05,5.261e-05
4.8986e-05,4.37e-05,5.719e-05,4.81e-05,4.622e-05
5.2139e-05,4.461e-05,5.959e-05,5.1805e-05,4.461e-05
4.922e-05,4.413e-05,5.869e-05,4.7295e-05,4.67e-05
5.1539e-05,4.43e-05,5.858e-05,5.1645e-05,4.43e-05
5.0249e-05,4.388e-05,5.45e-05,5.082e-05,4.9e-05
5.0016e-05,4.464e-05,5.487e-05,4.893e-05,4.842e-05
5.2381e-05,4.692e-05,5.644e-05,5.303e-05,5.066e-05
5.0025e-05,4.555e-05,5.775e-05,4.887e-05,4.759e-05
5.2836e-05,4.492e-05,5.73e-05,5.4295e-05,4.911e-05
5.0004e-05,4.604e-05,5.639e-05,4.844e-05,4.87e-05
5.3607e-05,4.657e-05,5.914e-05,5.5255e-05,5.277e-05
5.0181e-05,4.509e-05,5.921e-05,4.799e-05,4.656e-05
5.4891e-05,4.63e-05,6.207e-05,5.4495e-05,4.953e-05
4.9461e-05,4.619e-05,5.7e-05,4.7705e-05,4.713e-05
5.3486e-05,4.476e-05,5.954e-05,5.3635e-05,4.839e-05
4.8403e-05,4.509e-05,5.661e-05,4.66e-05,4.509e-05
5.2756e-05,4.611e-05,5.998e-05,5.2335e-05,4.684e-05
4.993e-05,4.678e-05,5.855e-05,4.815e-05,4.689e-05
5.2605e-05,4.51e-05,5.808e-05,5.289e-05,4.783e-05
5.0679e-05,4.637e-05,5.657e-05,5.084e-05,4.814e-05
5.0519e-05,4.438e-05,5.552e-05,5.089e-05,4.769e-05
5.0192e-05,4.398e-05,5.449e-05,5.0785e-05,5.062e-05
5.3766e-05,4.944e-05,6.124e-05,5.239e-05,4.944e-05
5.29e-05,4.618e-05,5.953e-05,5.3395e-05,5.026e-05
4.9309e-05,4.482e-05,5.605e-05,4.8165e-05,4.482e-05
5.2896e-05,4.532e-05,5.97e-05,5.475e-05,5.084e-05
4.9195e-05,4.473e-05,5.523e-05,4.7945e-05,4.473e-05
5.276e-05,4.567e-05,6.1e-05,5.455e-05,4.909e-05
4.9117e-05,4.339e-05,5.709e-05,4.842e-05,4.339e-05
5.3475e-05,4.651e-05,6.183e-05,5.3685e-05,4.815e-05
4.8091e-05,4.007e-05,5.474e-05,4.861e-05,4.007e-05
5.1807e-05,4.531e-05,5.787e-05,5.2835e-05,4.926e-05
4.9418e-05,4.408e-05,5.434e-05,4.9235e-05,4.408e-05
5.1615e-05,4.51e-05,5.631e-05,5.329e-05,4.721e-05
4.9706e-05,4.518e-05,5.384e-05,4.968e-05,4.738e-05
5.1105e-05,4.662e-05,5.701e-05,5.097e-05,4.904e-05
5.1241e-05,4.452e-05,5.664e-05,5.1075e-05,5.231e-05
5.163e-05,4.709e-05,5.86e-05,5.129e-05,5.077e-05
5.2954e-05,4.614e-05,5.75e-05,5.315e-05,5.595e-05
5.0646e-05,4.687e-05,5.649e-05,4.9855e-05,4.871e-05
5.2493e-05,4.636e-05,5.708e-05,5.292e-05,5.342e-05
4.9711e-05,4.623e-05,5.53e-05,4.838e-05,4.651e-05
5.3828e-05,4.643e-05,5.898e-05,5.5075e-05,5.289e-05
4.8825e-05,4.335e-05,5.385e-05,4.8965e-05,4.655e-05
5.397e-05,4.726e-05,5.842e-05,5.5025e-05,5.493e-05
4.9276e-05,4.368e-05,5.498e-05,4.917e-05,4.793e-05
5.2886e-05,4.663e-05,5.957e-05,5.4105e-05,5.017e-05
4.9161e-05,4.298e-05,5.516e-05,4.8705e-05,4.298e-05
5.2484e-05,4.689e-05,5.768e-05,5.41e-05,4.757e-05
4.8857e-05,4.45e-05,5.376e-05,4.783e-05,4.596e-05
5.1853e-05,4.715e-05,5.829e-05,5.1515e-05,4.747e-05
5.172e-05,4.557e-05,5.583e-05,5.311e-05,5.377e-05
5.3546e-05,4.863e-05,6.249e-05,5.2645e-05,4.863e-05
5.4215e-05,4.428e-05,6.219e-05,5.5e-05,6.219e-05
5.5359e-05,5.028e-05,6.49e-05,5.472e-05,5.47e-05
5.5449e-05,4.452e-05,6.061e-05,5.7435e-05,6.061e-05
5.068e-05,4.663e-05,5.923e-05,4.913e-05,4.779e-05
5.7255e-05,4.429e-05,6.461e-05,5.901e-05,5.847e-05
4.9781e-05,4.239e-05,5.644e-05,4.9495e-05,4.399e-05
5.429e-05,4.693e-05,6.686e-05,5.4025e-05,4.775e-05
4.9419e-05,4.172e-05,5.866e-05,4.93e-05,4.481e-05
5.3623e-05,4.657e-05,6.124e-05,5.2375e-05,4.896e-05
4.8007e-05,4.32e-05,5.629e-05,4.6275e-05,4.32e-05
5.1779e-05,4.535e-05,5.884e-05,5.271e-05,4.868e-05
4.824e-05,4.404e-05,5.522e-05,4.7355e-05,4.404e-05
5.1858e-05,4.442e-05,5.743e-05,5.3095e-05,4.753e-05
4.8006e-05,4.364e-05,5.325e-05,4.8205e-05,4.433e-05
5.0353e-05,4.472e-05,5.527e-05,5.09e-05,4.635e-05
5.0912e-05,4.397e-05,5.364e-05,5.2225e-05,5.177e-05
5.2154e-05,4.687e-05,5.933e-05,5.1005e-05,4.923e-05
5.3208e-05,4.734e-05,6.115e-05,5.3055e-05,5.006e-05
5.0579e-05,4.554e-05,5.823e-05,4.943e-05,4.554e-05
5.2009e-05,4.507e-05,5.696e-05,5.136e-05,4.891e-05
4.9784e-05,4.579e-05,5.672e-05,4.8895e-05,4.661e-05
5.3761e-05,4.617e-05,6.07e-05,5.4955e-05,4.842e-05
4.9182e-05,4.558e-05,5.632e-05,4.774e-05,4.558e-05
5.3729e-05,4.701e-05,6.068e-05,5.5355e-05,4.873e-05
4.7798e-05,4.232e-05,5.29e-05,4.8345e-05,4.232e-05
5.188e-05,4.541e-05,5.706e-05,5.339e-05,4.818e-05
4.7807e-05,4.285e-05,5.254e-05,4.849e-05,4.285e-05
5.1933e-05,4.509e-05,5.697e-05,5.272e-05,5.234e-05
4.8734e-05,4.374e-05,5.386e-05,4.8595e-05,4.634e-05
5.1314e-05,4.49e-05,5.621e-05,5.221e-05,4.929e-05
5.0929e-05,4.475e-05,5.408e-05,5.1935e-05,5.248e-05
5.2435e-05,4.864e-05,5.935e-05,5.12e-05,5.014e-05
5.1694e-05,4.518e-05,5.747e-05,5.232e-05,5.481e-05
5.1499e-05,4.631e-05,5.708e-05,5.1265e-05,5.033e-05
5.2292e-05,4.563e-05,5.711e-05,5.2445e-05,5.457e-05
5.1169e-05,4.684e-05,5.866e-05,4.9475e-05,4.684e-05
5.3902e-05,4.617e-05,6.37e-05,5.473e-05,5.072e-05
4.8928e-05,4.211e-05,5.607e-05,4.8575e-05,4.211e-05
5.303e-05,4.561e-05,6.027e-05,5.394e-05,4.735e-05
4.8611e-05,4.141e-05,5.541e-05,4.841e-05,4.141e-05
5.2625e-05,4.57e-05,5.928e-05,5.42e-05,4.922e-05
4.7813e-05,4.222e-05,5.319e-05,4.7645e-05,4.222e-05
5.1959e-05,4.456e-05,5.813e-05,5.246e-05,5.288e-05
4.8536e-05,4.448e-05,5.35e-05,4.892e-05,4.467e-05
5.1154e-05,4.522e-05,5.533e-05,5.178e-05,4.743e-05
4.9328e-05,4.472e-05,5.575e-05,4.9025e-05,4.794e-05
5.2226e-05,4.68e-05,6.07e-05,5.1795e-05,5.272e-05
5.3265e-05,4.241e-05,5.933e-05,5.427e-05,5.933e-05
5.2415e-05,4.819e-05,6.132e-05,5.0335e-05,5.01e-05
5.6924e-05,4.63e-05,6.465e-05,5.8005e-05,6.465e-05
5.2469e-05,4.902e-05,5.852e-05,5.103e-05,5.306e-05
5.5024e-05,4.438e-05,5.994e-05,5.643e-05,5.994e-05
4.991e-05,4.419e-05,5.614e-05,4.9045e-05,4.749e-05
5.6589e-05,4.484e-05,6.097e-05,5.8725e-05,5.839e-05
4.8416e-05,4.293e-05,5.229e-05,4.9535e-05,4.493e-05
5.4334e-05,4.654e-05,6.416e-05,5.405e-05,5.122e-05
4.9394e-05,4.261e-05,5.653e-05,4.869e-05,4.36e-05
5.3508e-05,4.683e-05,5.976e-05,5.393e-05,4.795e-05
4.8326e-05,4.361e-05,5.6e-05,4.785e-05,4.586e-05
5.2332e-05,4.455e-05,5.888e-05,5.363e-05,4.819e-05
4.9631e-05,4.513e-05,5.707e-05,4.912e-05,4.513e-05
5.1685e-05,4.393e-05,5.82e-05,5.2405e-05,4.752e-05
5.1479e-05,4.532e-05,5.575e-05,5.2215e-05,5.017e-05
5.1893e-05,4.793e-05,5.678e-05,5.0735e-05,4.903e-05
5.1871e-05,4.501e-05,5.616e-05,5.28e-05,5.301e-05
5.1555e-05,4.797e-05,5.576e-05,5.141e-05,4.797e-05
5.3529e-05,4.729e-05,5.743e-05,5.397e-05,5.594e-05
5.1454e-05,4.729e-05,5.961e-05,5.013e-05,4.849e-05
5.4763e-05,4.702e-05,6.235e-05,5.4655e-05,5.552e-05
5.0203e-05,4.41e-05,5.764e-05,4.9705e-05,4.633e-05
5.3208e-05,4.583e-05,6.21e-05,5.4165e-05,4.983e-05
5.0493e-05,4.141e-05,5.858e-05,5.095e-05,4.141e-05
5.5223e-05,4.36e-05,6.155e-05,5.666e-05,6.155e-05
5.1539e-05,4.717e-05,6.034e-05,5.0155e-05,4.961e-05
5.5501e-05,4.374e-05,6.174e-05,5.6855e-05,6.174e-05
4.9772e-05,4.555e-05,5.821e-05,4.8255e-05,4.843e-05
5.2571e-05,4.751e-05,5.994e-05,5.1845e-05,5.215e-05
4.972e-05,4.395e-05,5.78e-05,4.919e-05,4.958e-05
5.2559e-05,4.769e-05,6.212e-05,5.178e-05,4.887e-05
5.3376e-05,4.223e-05,6.121e-05,5.4455e-05,6.121e-05
5.5107e-05,5.092e-05,6.431e-05,5.488e-05,5.478e-05
5.7011e-05,4.593e-05,6.488e-05,5.8155e-05,6.488e-05
5.2752e-05,4.847e-05,5.885e-05,5.1605e-05,5.269e-05
5.6157e-05,4.465e-05,6.363e-05,5.7625e-05,6.363e-05
5.1456e-05,4.709e-05,5.832e-05,5.0235e-05,5.18e-05
5.637e-05,4.396e-05,6.086e-05,5.8615e-05,6.021e-05
4.8289e-05,4.367e-05,5.478e-05,4.729e-05,4.367e-05
5.3511e-05,4.495e-05,5.842e-05,5.4345e-05,5.654e-05
4.7913e-05,4.349e-05,5.588e-05,4.655e-05,4.349e-05
5.3465e-05,4.472e-05,5.969e-05,5.416e-05,5.632e-05
4.7576e-05,4.322e-05,5.279e-05,4.7615e-05,4.487e-05
5.3014e-05,4.53e-05,6.089e-05,5.335e-05,4.887e-05
4.9446e-05,4.3e-05,5.899e-05,4.8325e-05,4.594e-05
5.1521e-05,4.512e-05,5.838e-05,5.0785e-05,4.516e-05
5.1256e-05,4.438e-05,5.654e-05,5.1505e-05,4.78e-05
5.1539e-05,4.7e-05,5.742e-05,5.0795e-05,4.786e-05
8.0481e-05,4.961e-05,9.499e-05,8.2915e-05,8.319e-05
5.3541e-05,4.499e-05,6.211e-05,5.4715e-05,4.499e-05
5.3434e-05,4.578e-05,5.946e-05,5.34e-05,4.724e-05
4.9841e-05,4.6e-05,5.664e-05,4.8105e-05,4.706e-05
5.3263e-05,4.522e-05,6.05e-05,5.4695e-05,4.965e-05
4.9084e-05,4.427e-05,5.504e-05,4.8325e-05,4.427e-05
5.248e-05,4.522e-05,5.947e-05,5.396e-05,5.096e-05
4.9798e-05,4.389e-05,5.48e-05,5.0195e-05,4.389e-05
5.417e-05,4.74e-05,6.571e-05,5.2575e-05,5.295e-05
4.986e-05,4.231e-05,5.922e-05,4.912e-05,4.231e-05
5.3316e-05,4.623e-05,6.143e-05,5.2275e-05,4.77e-05
4.9229e-05,4.344e-05,5.724e-05,4.7655e-05,4.344e-05
5.1422e-05,4.437e-05,5.791e-05,5.1755e-05,4.756e-05
4.7701e-05,4.236e-05,5.317e-05,4.7245e-05,4.236e-05
5.0666e-05,4.467e-05,5.493e-05,5.146e-05,4.645e-05
5.0973e-05,4.474e-05,5.585e-05,5.14e-05,5.228e-05
5.3426e-05,4.798e-05,6.3e-05,5.321e-05,5.3e-05
5.652e-05,4.563e-05,6.367e-05,5.7965e-05,6.367e-05
5.2459e-05,4.834e-05,5.91e-05,5.1285e-05,5.23e-05
5.628e-05,4.483e-05,6.355e-05,5.7955e-05,6.355e-05
5.3788e-05,4.975e-05,6.334e-05,5.273e-05,5.185e-05
5.687e-05,4.423e-05,6.361e-05,5.831e-05,5.792e-05
5.0032e-05,4.301e-05,5.69e-05,4.9715e-05,4.409e-05
5.3585e-05,4.743e-05,6.047e-05,5.2575e-05,4.803e-05
4.9074e-05,4.361e-05,5.519e-05,4.8555e-05,4.654e-05
5.3642e-05,4.664e-05,5.92e-05,5.5105e-05,4.904e-05
4.8669e-05,4.577e-05,5.62e-05,4.697e-05,4.577e-05
5.2964e-05,4.435e-05,5.898e-05,5.3275e-05,4.753e-05
5.2373e-05,4.673e-05,6.211e-05,5.0475e-05,5.161e-05
5.2489e-05,4.528e-05,6.021e-05,5.271e-05,4.717e-05
5.1399e-05,4.744e-05,5.508e-05,5.155e-05,4.835e-05
5.2079e-05,4.638e-05,5.848e-05,5.169e-05,4.898e-05
5.0856e-05,4.43e-05,5.69e-05,5.106e-05,5.431e-05
5.314e-05,4.958e-05,6.362e-05,5.214e-05,5.054e-05
5.8405e-05,4.873e-05,6.605e-05,5.96e-05,6.605e-05
5.3198e-05,4.83e-05,6.071e-05,5.225e-05,5.432e-05
5.6143e-05,4.439e-05,6.117e-05,5.7745e-05,5.876e-05
4.881e-05,4.336e-05,5.309e-05,4.9345e-05,4.484e-05
5.4444e-05,4.632e-05,6.043e-05,5.5995e-05,5.121e-05
4.8366e-05,4.132e-05,5.487e-05,4.8925e-05,4.254e-05
5.2547e-05,4.702e-05,5.898e-05,5.2555e-05,4.875e-05
4.7841e-05,4.073e-05,5.303e-05,4.8855e-05,4.342e-05
5.2435e-05,4.658e-05,5.936e-05,5.3505e-05,4.869e-05
4.8776e-05,4.359e-05,5.628e-05,4.827e-05,4.359e-05
5.2485e-05,4.573e-05,5.93e-05,5.3395e-05,4.713e-05
4.8815e-05,4.293e-05,5.762e-05,4.7315e-05,4.293e-05
5.1824e-05,4.455e-05,5.888e-05,5.107e-05,4.63e-05
4.9839e-05,4.499e-05,5.545e-05,4.9515e-05,4.499e-05
5.0089e-05,4.445e-05,5.578e-05,5.099e-05,4.622e-05
5.213e-05,4.74e-05,5.565e-05,5.309e-05,4.949e-05
4.9935e-05,4.572e-05,5.679e-05,4.8775e-05,4.685e-05
5.2015e-05,4.546e-05,5.775e-05,5.251e-05,5.048e-05
4.9774e-05,4.635e-05,5.716e-05,4.7655e-05,4.635e-05
5.2894e-05,4.492e-05,6.001e-05,5.4815e-05,4.875e-05
4.904e-05,4.426e-05,5.535e-05,4.824e-05,4.426e-05
5.3982e-05,4.65e-05,5.951e-05,5.56e-05,5.274e-05
4.839e-05,4.419e-05,5.309e-05,4.8575e-05,4.419e-05
5.2559e-05,4.622e-05,5.732e-05,5.344e-05,5.464e-05
4.882e-05,4.359e-05,5.484e-05,4.7265e-05,4.584e-05
5.165e-05,4.514e-05,5.646e-05,5.3075e-05,4.897e-05
4.7934e-05,4.286e-05,5.307e-05,4.7525e-05,4.457e-05
5.1822e-05,4.612e-05,5.966e-05,5.146e-05,4.851e-05
5.1246e-05,4.485e-05,5.664e-05,5.1935e-05,4.93e-05
5.0929e-05,4.649e-05,5.845e-05,4.97e-05,4.806e-05
5.0654e-05,4.339e-05,5.583e-05,5.1475e-05,4.628e-05
5.0751e-05,4.536e-05,5.965e-05,4.8845e-05,4.781e-05
5.3968e-05,4.643e-05,5.974e-05,5.4555e-05,4.743e-05
5.0609e-05,4.595e-05,6.103e-05,4.8225e-05,4.812e-05
5.4341e-05,4.563e-05,6.249e-05,5.414e-05,4.844e-05
4.8805e-05,4.275e-05,5.53e-05,4.8195e-05,4.275e-05
5.3199e-05,4.614e-05,6.028e-05,5.4175e-05,4.775e-05
4.8301e-05,4.135e-05,5.366e-05,4.8915e-05,4.135e-05
5.2454e-05,4.609e-05,5.8e-05,5.3695e-05,5.016e-05
4.743e-05,4.202e-05,5.24e-05,4.706e-05,4.202e-05
5.2914e-05,4.467e-05,5.66e-05,5.4955e-05,5.532e-05
5.129e-05,4.441e-05,5.841e-05,5.1205e-05,4.761e-05
5.3254e-05,4.213e-05,5.855e-05,5.411e-05,5.757e-05
4.9121e-05,4.319e-05,5.716e-05,4.7935e-05,4.663e-05
5.2897e-05,4.361e-05,5.916e-05,5.4045e-05,5.789e-05
5.5529e-05,4.94e-05,6.526e-05,5.467e-05,5.441e-05
5.2678e-05,4.316e-05,5.921e-05,5.2615e-05,5.588e-05
5.4976e-05,4.841e-05,6.525e-05,5.3545e-05,5.376e-05
5.29e-05,4.354e-05,6.04e-05,5.293e-05,5.665e-05
5.5866e-05,5.164e-05,6.504e-05,5.468e-05,5.387e-05
5.0528e-05,4.145e-05,5.765e-05,5.095e-05,5.216e-05
5.3798e-05,4.704e-05,5.889e-05,5.456e-05,5.083e-05
4.9295e-05,4.332e-05,5.633e-05,4.9105e-05,4.802e-05
5.3598e-05,4.604e-05,6.012e-05,5.428e-05,4.934e-05
4.8476e-05,4.374e-05,5.43e-05,4.834e-05,4.374e-05
5.296e-05,4.678e-05,5.957e-05,5.3885e-05,4.853e-05
4.7523e-05,4.062e-05,5.29e-05,4.7885e-05,4.062e-05
5.22e-05,4.58e-05,5.9e-05,5.348e-05,4.781e-05
4.9375e-05,4.342e-05,5.598e-05,4.9385e-05,4.342e-05
5.1704e-05,4.533e-05,5.575e-05,5.3455e-05,4.728e-05
5.1489e-05,4.49e-05,5.414e-05,5.22e-05,5.401e-05
5.2877e-05,4.688e-05,6.148e-05,5.184e-05,5.026e-05
5.1794e-05,4.405e-05,5.752e-05,5.1285e-05,5.752e-05
5.2751e-05,4.89e-05,6.157e-05,5.1085e-05,5.316e-05
5.6169e-05,4.624e-05,6.144e-05,5.736e-05,6.144e-05
5.1376e-05,4.769e-05,5.964e-05,4.9865e-05,5.04e-05
5.6955e-05,4.558e-05,6.336e-05,5.791e-05,5.769e-05
5.0155e-05,4.223e-05,5.759e-05,4.9805e-05,4.421e-05
5.4297e-05,4.685e-05,6.328e-05,5.2985e-05,4.715e-05
4.917e-05,4.146e-05,5.626e-05,4.8375e-05,4.431e-05
5.2929e-05,4.61e-05,6e-05,5.218e-05,4.61e-05
4.7731e-05,4.102e-05,5.406e-05,4.6985e-05,4.366e-05
5.2095e-05,4.625e-05,5.813e-05,5.2825e-05,4.789e-05
4.8826e-05,4.395e-05,5.435e-05,4.8605e-05,4.441e-05
5.1935e-05,4.592e-05,5.611e-05,5.273e-05,4.844e-05
4.9531e-05,4.41e-05,5.418e-05,4.9545e-05,4.709e-05
5.0699e-05,4.477e-05,5.52e-05,5.166e-05,4.748e-05
5.118e-05,4.388e-05,5.516e-05,5.2305e-05,5.156e-05
5.1259e-05,4.61e-05,5.535e-05,5.1765e-05,4.61e-05
5.26e-05,4.758e-05,5.566e-05,5.348e-05,5.074e-05
5.0319e-05,4.558e-05,5.664e-05,4.9925e-05,4.811e-05
5.1763e-05,4.527e-05,5.626e-05,5.268e-05,5.065e-05
5.0003e-05,4.589e-05,5.787e-05,4.843e-05,4.696e-05
5.3005e-05,4.57e-05,6.178e-05,5.4295e-05,4.828e-05
4.9134e-05,4.344e-05,5.643e-05,4.8615e-05,4.344e-05
5.3789e-05,4.586e-05,6.036e-05,5.4385e-05,5.198e-05
4.8501e-05,4.319e-05,5.665e-05,4.708e-05,4.319e-05
5.2242e-05,4.535e-05,6.151e-05,5.2965e-05,4.89e-05
4.8104e-05,4.112e-05,5.523e-05,4.8135e-05,4.112e-05
5.1799e-05,4.473e-05,5.675e-05,5.353e-05,4.812e-05
4.9936e-05,4.522e-05,5.511e-05,4.9495e-05,4.774e-05
5.2984e-05,4.65e-05,5.815e-05,5.3715e-05,4.942e-05
5.0886e-05,4.492e-05,5.541e-05,5.093e-05,5.374e-05
5.3471e-05,4.973e-05,6.319e-05,5.1705e-05,5.198e-05
5.227e-05,4.36e-05,5.905e-05,5.301e-05,5.905e-05
5.3371e-05,5.034e-05,5.925e-05,5.208e-05,5.255e-05
5.4959e-05,4.461e-05,5.945e-05,5.675e-05,5.945e-05
5.2882e-05,4.63e-05,6.295e-05,5.1565e-05,4.957e-05
6.0001e-05,5.481e-05,7.083e-05,5.964e-05,5.9e-05
5.0164e-05,4.027e-05,5.444e-05,5.1445e-05,5.444e-05
5.4653e-05,4.689e-05,6.402e-05,5.4255e-05,5.194e-05
5.0601e-05,4.028e-05,5.526e-05,5.224e-05,5.526e-05
5.4921e-05,4.846e-05,6.521e-05,5.389e-05,5.371e-05
4.8218e-05,4.043e-05,5.443e-05,4.8165e-05,4.849e-05
5.3164e-05,4.737e-05,5.842e-05,5.343e-05,5.286e-05
4.912e-05,4.381e-05,5.496e-05,4.9015e-05,4.765e-05
5.2134e-05,4.747e-05,6.044e-05,5.1025e-05,5.099e-05
5.2011e-05,4.163e-05,5.897e-05,5.231e-05,5.553e-05
5.1079e-05,4.718e-05,5.815e-05,4.9555e-05,5.109e-05
5.4853e-05,4.417e-05,6.307e-05,5.511e-05,6.307e-05
5.5123e-05,5.052e-05,6.447e-05,5.5025e-05,5.69e-05
5.7389e-05,4.674e-05,6.52e-05,5.863e-05,6.52e-05
5.3291e-05,4.943e-05,6.087e-05,5.1885e-05,5.341e-05
5.4662e-05,4.388e-05,5.973e-05,5.6215e-05,5.924e-05
4.975e-05,4.314e-05,5.592e-05,4.9005e-05,4.729e-05
5.5929e-05,4.493e-05,6.027e-05,5.786e-05,5.844e-05
4.8296e-05,4.301e-05,5.236e-05,4.9315e-05,4.401e-05
5.414e-05,4.608e-05,5.939e-05,5.5105e-05,5.394e-05
4.8436e-05,4.197e-05,5.157e-05,5.009e-05,4.35e-05
5.4234e-05,4.578e-05,6.012e-05,5.5105e-05,5.214e-05
4.8025e-05,4.134e-05,5.48e-05,4.774e-05,4.292e-05
5.2957e-05,4.674e-05,6.352e-05,5.1625e-05,4.674e-05
5.0041e-05,4.412e-05,6.008e-05,4.8875e-05,4.71e-05
5.2824e-05,4.621e-05,6.041e-05,5.244e-05,4.621e-05
5.1491e-05,4.4e-05,5.608e-05,5.216e-05,5.426e-05
5.2526e-05,4.807e-05,6.032e-05,5.1525e-05,4.807e-05
5.1316e-05,4.318e-05,5.607e-05,5.121e-05,5.605e-05
5.3097e-05,4.877e-05,6.228e-05,5.212e-05,5.031e-05
5.5647e-05,4.528e-05,6.112e-05,5.665e-05,6.112e-05
5.1335e-05,4.45e-05,5.921e-05,5.0835e-05,4.776e-05
5.6573e-05,4.338e-05,6.112e-05,5.9265e-05,5.958e-05
4.9414e-05,4.311e-05,5.312e-05,5.107e-05,4.549e-05
5.4539e-05,4.672e-05,6.141e-05,5.582e-05,5.047e-05
4.8549e-05,4.155e-05,5.56e-05,4.8975e-05,4.32e-05
5.3658e-05,4.798e-05,6.189e-05,5.3775e-05,4.888e-05
4.8396e-05,4.179e-05,5.537e-05,4.836e-05,4.285e-05
5.2482e-05,4.572e-05,5.849e-05,5.2255e-05,4.572e-05
4.9635e-05,4.552e-05,5.816e-05,4.7875e-05,4.676e-05
5.2099e-05,4.509e-05,5.878e-05,5.174e-05,4.509e-05
4.9912e-05,4.519e-05,5.762e-05,4.8825e-05,4.735e-05
5.0736e-05,4.594e-05,5.811e-05,5.0405e-05,4.623e-05
5.0176e-05,4.309e-05,5.526e-05,5.094e-05,4.716e-05
5.1024e-05,4.628e-05,5.719e-05,5.067e-05,4.773e-05
5.2688e-05,4.73e-05,5.849e-05,5.3475e-05,4.921e-05
5.0611e-05,4.546e-05,5.84e-05,4.9895e-05,4.546e-05
5.1969e-05,4.574e-05,5.874e-05,5.1715e-05,4.885e-05
4.9784e-05,4.481e-05,5.718e-05,4.9295e-05,4.501e-05
5.355e-05,4.418e-05,6.046e-05,5.466e-05,4.921e-05
4.992e-05,4.542e-05,6.016e-05,4.752e-05,4.57e-05
5.427e-05,4.619e-05,6.152e-05,5.4515e-05,4.969e-05
4.7983e-05,4.175e-05,5.334e-05,4.814e-05,4.175e-05
5.2505e-05,4.47e-05,5.72e-05,5.408e-05,5.411e-05
4.7912e-05,4.283e-05,5.642e-05,4.6455e-05,4.283e-05
5.3898e-05,4.3e-05,6.076e-05,5.5635e-05,5.764e-05
4.9795e-05,4.465e-05,5.534e-05,4.9215e-05,4.735e-05
5.1641e-05,4.562e-05,5.747e-05,5.1685e-05,5.005e-05
5.1394e-05,4.518e-05,5.468e-05,5.28e-05,5.407e-05
5.2415e-05,4.731e-05,5.989e-05,5.112e-05,5.079e-05
5.0288e-05,4.315e-05,5.562e-05,5.0665e-05,5.387e-05
5.2069e-05,4.901e-05,5.899e-05,5.026e-05,4.991e-05
5.3491e-05,4.702e-05,5.834e-05,5.3735e-05,5.558e-05
5.1349e-05,4.698e-05,5.912e-05,5.0425e-05,4.698e-05
5.4442e-05,4.569e-05,6.023e-05,5.5245e-05,5.55e-05
4.898e-05,4.514e-05,5.4e-05,4.832e-05,4.514e-05
5.298e-05,4.674e-05,5.794e-05,5.3415e-05,5.226e-05
4.8331e-05,4.442e-05,5.234e-05,4.822e-05,4.442e-05
5.264e-05,4.786e-05,5.68e-05,5.269e-05,5.164e-05
4.7296e-05,4.349e-05,5.128e-05,4.725e-05,4.349e-05
5.0955e-05,4.487e-05,5.638e-05,5.213e-05,4.707e-05
4.9724e-05,4.476e-05,5.469e-05,5.01e-05,4.684e-05
5.161e-05,4.562e-05,5.737e-05,5.234e-05,5.174e-05
4.9564e-05,4.458e-05,5.507e-05,4.96e-05,4.9e-05
5.3081e-05,4.626e-05,5.898e-05,5.3355e-05,5.173e-05
5.0573e-05,4.423e-05,5.526e-05,5.1735e-05,5.337e-05
5.1368e-05,4.691e-05,5.875e-05,5.0055e-05,4.877e-05
5.2476e-05,4.579e-05,5.692e-05,5.3125e-05,5.445e-05
5.0469e-05,4.618e-05,5.679e-05,4.9585e-05,4.618e-05
5.2247e-05,4.577e-05,5.762e-05,5.266e-05,5.472e-05
5.0457e-05,4.563e-05,5.938e-05,4.9425e-05,4.742e-05
5.6262e-05,4.422e-05,6.137e-05,5.8035e-05,5.934e-05
4.8476e-05,4.221e-05,5.332e-05,4.9635e-05,4.509e-05
5.5233e-05,4.269e-05,5.931e-05,5.7545e-05,5.875e-05
4.8247e-05,4.24e-05,5.476e-05,4.746e-05,4.468e-05
5.4965e-05,4.372e-05,6.033e-05,5.625e-05,5.911e-05
4.8206e-05,4.402e-05,5.518e-05,4.6975e-05,4.402e-05
5.4654e-05,4.387e-05,5.935e-05,5.589e-05,5.935e-05
5.017e-05,4.423e-05,5.893e-05,4.856e-05,4.744e-05
5.269e-05,4.643e-05,6.086e-05,5.253e-05,5.169e-05
5.2585e-05,4.067e-05,5.873e-05,5.385e-05,5.873e-05
5.5272e-05,5.017e-05,6.567e-05,5.4045e-05,5.222e-05
5.2667e-05,4.116e-05,5.955e-05,5.4665e-05,5.955e-05
5.3255e-05,4.868e-05,6.102e-05,5.2035e-05,5.214e-05
5.6723e-05,4.611e-05,6.255e-05,5.8e-05,6.255e-05
5.0748e-05,4.598e-05,5.913e-05,4.924e-05,4.799e-05
5.9071e-05,4.695e-05,6.505e-05,6.052e-05,6.115e-05
5.0714e-05,4.317e-05,5.815e-05,5.041e-05,4.562e-05
5.5097e-05,4.809e-05,6.541e-05,5.342e-05,4.893e-05
4.9566e-05,4.207e-05,5.709e-05,4.915e-05,4.373e-05
5.31e-05,4.7e-05,6.14e-05,5.257e-05,4.749e-05
4.7978e-05,4.04e-05,5.415e-05,4.8005e-05,4.254e-05
5.2356e-05,4.642e-05,5.962e-05,5.2645e-05,4.715e-05
4.997e-05,4.427e-05,5.938e-05,4.881e-05,4.75e-05
5.2666e-05,4.5e-05,5.995e-05,5.241e-05,4.5e-05
4.9323e-05,4.402e-05,5.755e-05,4.7825e-05,4.725e-05
5.1141e-05,4.379e-05,5.809e-05,5.1965e-05,4.482e-05
4.9973e-05,4.592e-05,5.357e-05,5.052e-05,4.813e-05
5.0504e-05,4.506e-05,5.542e-05,5.083e-05,4.888e-05
5.2469e-05,4.672e-05,5.531e-05,5.3075e-05,5.332e-05
5.139e-05,4.673e-05,6.008e-05,5.0935e-05,4.743e-05
5.3242e-05,4.231e-05,5.818e-05,5.456e-05,5.818e-05
5.1026e-05,4.515e-05,5.974e-05,5.064e-05,4.722e-05
5.6154e-05,4.376e-05,6.259e-05,5.7625e-05,5.736e-05
5.0347e-05,4.295e-05,5.965e-05,4.9475e-05,4.562e-05
5.5154e-05,4.791e-05,6.313e-05,5.326e-05,4.794e-05
4.8936e-05,4.18e-05,5.6e-05,4.8715e-05,4.371e-05
5.3611e-05,4.726e-05,6.581e-05,5.3495e-05,4.782e-05
4.873e-05,4.111e-05,5.6e-05,4.918e-05,4.304e-05
5.2709e-05,4.625e-05,5.976e-05,5.303e-05,4.638e-05
4.9459e-05,4.371e-05,5.627e-05,4.86e-05,4.684e-05
5.1195e-05,4.598e-05,5.828e-05,5.1615e-05,4.663e-05
5.1008e-05,4.495e-05,5.636e-05,5.169e-05,5.266e-05
5.17e-05,4.684e-05,5.827e-05,5.132e-05,4.684e-05
5.0644e-05,4.41e-05,5.63e-05,5.1095e-05,5.335e-05
5.1165e-05,4.69e-05,5.826e-05,5.043e-05,4.896e-05
5.2648e-05,4.475e-05,5.71e-05,5.2835e-05,5.63e-05
5.0346e-05,4.632e-05,5.767e-05,4.8865e-05,4.719e-05
5.4369e-05,4.542e-05,5.896e-05,5.62e-05,5.643e-05
4.8945e-05,4.257e-05,5.311e-05,4.9845e-05,4.782e-05
5.3425e-05,4.581e-05,5.786e-05,5.459e-05,5.307e-05
4.81e-05,4.131e-05,5.164e-05,4.9945e-05,4.512e-05
5.4906e-05,4.633e-05,6.435e-05,5.463e-05,5.375e-05
4.8535e-05,4.078e-05,5.531e-05,4.8885e-05,4.271e-05
5.1616e-05,4.664e-05,5.916e-05,5.0995e-05,4.664e-05
4.8995e-05,4.309e-05,5.618e-05,4.8405e-05,4.553e-05
5.2264e-05,4.658e-05,6.046e-05,5.1395e-05,4.658e-05
4.9441e-05,4.426e-05,5.968e-05,4.7665e-05,4.675e-05
5.2057e-05,4.599e-05,5.972e-05,5.152e-05,4.795e-05
5.0584e-05,4.344e-05,5.458e-05,5.1855e-05,4.7e-05
5.0604e-05,4.435e-05,5.546e-05,5.0125e-05,4.806e-05
5.221e-05,4.539e-05,5.779e-05,5.249e-05,5.023e-05
5.1146e-05,4.637e-05,5.974e-05,4.9625e-05,4.646e-05
5.3124e-05,4.601e-05,6.017e-05,5.28e-05,4.804e-05
4.9756e-05,4.583e-05,5.681e-05,4.8195e-05,4.583e-05
5.3791e-05,4.546e-05,6.168e-05,5.4365e-05,4.946e-05
4.9245e-05,4.388e-05,5.647e-05,4.865e-05,4.388e-05
5.3183e-05,4.492e-05,5.922e-05,5.457e-05,5.073e-05
4.8423e-05,4.266e-05,5.483e-05,4.9165e-05,4.437e-05
5.315e-05,4.745e-05,5.939e-05,5.4285e-05,4.745e-05
4.8136e-05,4.308e-05,5.663e-05,4.741e-05,4.661e-05
5.2849e-05,4.563e-05,6.026e-05,5.4065e-05,4.704e-05
4.9774e-05,4.563e-05,5.764e-05,4.8445e-05,4.563e-05
5.172e-05,4.487e-05,5.969e-05,5.142e-05,4.69e-05
5.1396e-05,4.487e-05,5.64e-05,5.218e-05,4.669e-05
5.1411e-05,4.422e-05,5.657e-05,5.212e-05,5.059e-05
5.0919e-05,4.376e-05,5.474e-05,5.252e-05,4.722e-05
5.0616e-05,4.319e-05,5.647e-05,5.129e-05,5.052e-05
5.4374e-05,4.718e-05,5.985e-05,5.5375e-05,4.864e-05
5.0136e-05,4.591e-05,5.865e-05,4.799e-05,4.766e-05
5.4009e-05,4.522e-05,6.185e-05,5.486e-05,4.82e-05
5.0492e-05,4.473e-05,5.783e-05,4.992e-05,4.473e-05
5.45e-05,4.691e-05,6.151e-05,5.556e-05,5.217e-05
4.9405e-05,4.376e-05,5.796e-05,4.799e-05,4.376e-05
5.3088e-05,4.609e-05,6.164e-05,5.3665e-05,4.79e-05
4.7964e-05,4.067e-05,5.523e-05,4.787e-05,4.067e-05
5.1854e-05,4.524e-05,5.838e-05,5.3475e-05,4.806e-05
4.9105e-05,4.433e-05,5.457e-05,4.8355e-05,4.722e-05
5.1565e-05,4.527e-05,5.61e-05,5.218e-05,4.72e-05
4.9274e-05,4.391e-05,5.368e-05,4.964e-05,4.796e-05
5.1049e-05,4.566e-05,5.608e-05,5.226e-05,4.781e-05
5.0861e-05,4.458e-05,5.49e-05,5.1455e-05,5.281e-05
5.1248e-05,4.712e-05,6.017e-05,4.974e-05,5.011e-05
5.5598e-05,4.475e-05,6.222e-05,5.651e-05,6.222e-05
5.1604e-05,4.83e-05,5.833e-05,4.996e-05,4.888e-05
5.6506e-05,4.509e-05,6.509e-05,5.736e-05,6.509e-05
5.3374e-05,4.88e-05,6.207e-05,5.271e-05,5.312e-05
5.6808e-05,4.657e-05,6.45e-05,5.7e-05,5.907e-05
4.8871e-05,4.348e-05,5.557e-05,4.851e-05,4.862e-05
5.7916e-05,4.449e-05,6.313e-05,5.965e-05,6.306e-05
4.8018e-05,4.163e-05,5.18e-05,4.9345e-05,4.271e-05
5.3725e-05,4.51e-05,6.25e-05,5.3605e-05,5.185e-05
4.8961e-05,4.18e-05,5.71e-05,4.868e-05,4.42e-05
5.2678e-05,4.621e-05,6.051e-05,5.171e-05,4.621e-05
5.0082e-05,4.34e-05,5.96e-05,4.8875e-05,4.644e-05
5.1351e-05,4.52e-05,5.891e-05,5.002e-05,4.521e-05
5.1266e-05,4.393e-05,5.677e-05,5.178e-05,4.63e-05
5.1159e-05,4.515e-05,5.763e-05,5.0005e-05,4.842e-05
5.0645e-05,4.4e-05,5.464e-05,5.181e-05,4.929e-05
5.1851e-05,4.696e-05,6.192e-05,4.9555e-05,4.871e-05
5.2981e-05,4.591e-05,5.908e-05,5.23e-05,4.759e-05
5.0816e-05,4.632e-05,6.137e-05,4.8315e-05,4.759e-05
5.3805e-05,4.551e-05,6.238e-05,5.337e-05,4.887e-05
4.9494e-05,4.262e-05,5.651e-05,4.896e-05,4.262e-05
5.2865e-05,4.507e-05,5.954e-05,5.388e-05,4.782e-05
4.8956e-05,4.356e-05,5.436e-05,4.979e-05,4.356e-05
5.2401e-05,4.628e-05,6.023e-05,5.309e-05,4.879e-05
4.7582e-05,4.092e-05,5.432e-05,4.7095e-05,4.092e-05
5.179e-05,4.502e-05,5.774e-05,5.2815e-05,4.821e-05
4.9088e-05,4.401e-05,5.468e-05,4.9005e-05,4.401e-05
5.1264e-05,4.512e-05,5.523e-05,5.2015e-05,4.824e-05
4.9049e-05,4.397e-05,5.295e-05,4.944e-05,4.716e-05
5.0796e-05,4.631e-05,5.631e-05,5.065e-05,5.133e-05
5.1242e-05,4.451e-05,5.669e-05,5.097e-05,5.457e-05
5.1804e-05,4.759e-05,6.087e-05,5.0635e-05,5.204e-05
5.6242e-05,4.496e-05,6.345e-05,5.7365e-05,6.345e-05
5.1934e-05,4.857e-05,5.81e-05,5.03e-05,5.016e-05
5.4131e-05,4.391e-05,5.92e-05,5.5635e-05,5.836e-05
5.1794e-05,4.789e-05,6.091e-05,5.038e-05,5.021e-05
5.724e-05,4.611e-05,6.516e-05,5.8435e-05,5.915e-05
4.873e-05,4.412e-05,5.422e-05,4.828e-05,4.732e-05
5.4554e-05,4.702e-05,5.912e-05,5.533e-05,5.57e-05
4.9108e-05,4.483e-05,5.479e-05,4.849e-05,4.855e-05
5.2835e-05,4.507e-05,5.804e-05,5.3785e-05,5.265e-05
4.9065e-05,4.284e-05,5.545e-05,4.94e-05,4.426e-05
5.2589e-05,4.524e-05,5.783e-05,5.307e-05,5.492e-05
5.0221e-05,4.553e-05,5.706e-05,4.9495e-05,4.915e-05
5.3941e-05,4.8e-05,6.105e-05,5.403e-05,5.128e-05
5.1537e-05,4.431e-05,5.722e-05,5.1135e-05,5.604e-05
5.2895e-05,5.016e-05,6.203e-05,5.1545e-05,5.016e-05
5.2839e-05,4.221e-05,5.879e-05,5.46e-05,5.879e-05
5.396e-05,5.013e-05,6.306e-05,5.2715e-05,5.073e-05
5.797e-05,4.688e-05,6.619e-05,5.8955e-05,6.619e-05
5.4231e-05,4.968e-05,6.305e-05,5.3755e-05,5.41e-05
5.7705e-05,4.531e-05,6.464e-05,5.916e-05,5.936e-05
5.0104e-05,4.289e-05,5.666e-05,5.0505e-05,4.421e-05
5.4699e-05,4.822e-05,6.09e-05,5.6395e-05,4.822e-05
4.9241e-05,4.36e-05,5.561e-05,4.86e-05,4.657e-05
5.4065e-05,4.717e-05,6.232e-05,5.386e-05,5.209e-05
4.7355e-05,4.116e-05,5.255e-05,4.848e-05,4.267e-05
5.2336e-05,4.701e-05,5.794e-05,5.3845e-05,4.752e-05
4.855e-05,4.334e-05,5.521e-05,4.755e-05,4.57e-05
5.2079e-05,4.536e-05,6.081e-05,5.1065e-05,4.536e-05
4.843e-05,4.313e-05,5.664e-05,4.7855e-05,4.544e-05
5.1035e-05,4.566e-05,5.879e-05,5.028e-05,4.566e-05
5.0397e-05,4.338e-05,5.545e-05,5.1265e-05,4.851e-05
5.1674e-05,4.505e-05,6.289e-05,4.985e-05,4.908e-05
5.395e-05,4.65e-05,6.12e-05,5.3e-05,4.844e-05
5.1795e-05,4.754e-05,6.224e-05,4.898e-05,4.754e-05
5.4361e-05,4.641e-05,6.183e-05,5.3115e-05,4.88e-05
5.1799e-05,4.762e-05,6.081e-05,4.9545e-05,4.813e-05
5.4508e-05,4.555e-05,6.222e-05,5.4025e-05,4.774e-05
4.9767e-05,4.425e-05,5.757e-05,4.792e-05,4.425e-05
5.5194e-05,4.591e-05,6.491e-05,5.3735e-05,5.221e-05
4.8188e-05,4.129e-05,5.506e-05,4.7275e-05,4.507e-05
5.2551e-05,4.581e-05,5.853e-05,5.3015e-05,4.856e-05
4.8147e-05,4.25e-05,5.415e-05,4.793e-05,4.25e-05
5.1502e-05,4.466e-05,5.718e-05,5.3525e-05,4.754e-05
4.8554e-05,4.445e-05,5.228e-05,4.855e-05,4.547e-05
5.1509e-05,4.614e-05,5.543e-05,5.2155e-05,4.903e-05
5.0568e-05,4.417e-05,5.334e-05,5.182e-05,5.18e-05
5.299e-05,4.857e-05,6.092e-05,5.1425e-05,5.083e-05
5.0659e-05,4.356e-05,5.63e-05,5.106e-05,5.249e-05
5.1349e-05,4.535e-05,6.183e-05,4.9535e-05,4.535e-05
5.2969e-05,4.57e-05,5.89e-05,5.2855e-05,4.755e-05
5.0045e-05,4.639e-05,5.931e-05,4.7865e-05,4.719e-05
5.3949e-05,4.48e-05,6.17e-05,5.4075e-05,4.78e-05
4.9484e-05,4.487e-05,5.778e-05,4.7825e-05,4.487e-05
5.3787e-05,4.526e-05,6.124e-05,5.432e-05,4.851e-05
4.9237e-05,4.363e-05,5.734e-05,4.816e-05,4.363e-05
5.416e-05,4.788e-05,6.286e-05,5.336e-05,4.878e-05
4.7919e-05,4.133e-05,5.527e-05,4.7715e-05,4.133e-05
5.2194e-05,4.532e-05,6.065e-05,5.2335e-05,4.796e-05
4.9352e-05,4.285e-05,5.936e-05,4.7925e-05,4.285e-05
5.253e-05,4.542e-05,6.111e-05,5.1255e-05,4.708e-05
4.8846e-05,4.267e-05,5.763e-05,4.7655e-05,4.267e-05
5.2141e-05,4.421e-05,5.932e-05,5.246e-05,4.574e-05
5.1136e-05,4.608e-05,5.942e-05,4.9435e-05,4.608e-05
5.1775e-05,4.269e-05,6.124e-05,5.0775e-05,4.684e-05
5.4141e-05,4.74e-05,6.212e-05,5.294e-05,4.74e-05
4.9945e-05,4.292e-05,5.706e-05,4.9665e-05,4.487e-05
5.0954e-05,4.6e-05,5.789e-05,5.0675e-05,4.6e-05
4.9192e-05,4.28e-05,5.574e-05,4.94e-05,4.545e-05
5.2879e-05,4.582e-05,5.931e-05,5.4335e-05,4.92e-05
4.9058e-05,4.223e-05,5.559e-05,4.9815e-05,4.462e-05
5.3109e-05,4.779e-05,5.967e-05,5.243e-05,5.036e-05
4.9999e-05,4.468e-05,5.807e-05,4.917e-05,4.648e-05
5.3549e-05,4.601e-05,6.031e-05,5.491e-05,4.805e-05
4.8106e-05,4.309e-05,5.293e-05,4.7635e-05,4.309e-05
5.2401e-05,4.626e-05,5.981e-05,5.3605e-05,4.858e-05
4.9054e-05,4.296e-05,5.584e-05,4.854e-05,4.296e-05
5.1101e-05,4.516e-05,5.65e-05,5.126e-05,4.765e-05
5.1456e-05,4.478e-05,5.501e-05,5.1745e-05,5.184e-05
5.1873e-05,4.592e-05,6.064e-05,5.1675e-05,4.762e-05
5.275e-05,4.129e-05,5.949e-05,5.454e-05,5.949e-05
5.495e-05,4.966e-05,6.453e-05,5.502e-05,5.505e-05
5.8294e-05,4.66e-05,6.659e-05,5.935e-05,6.659e-05
5.4858e-05,5.024e-05,6.447e-05,5.4505e-05,5.479e-05
5.7099e-05,4.601e-05,6.297e-05,5.808e-05,6.004e-05
4.9242e-05,4.483e-05,5.467e-05,4.8605e-05,4.546e-05
5.477e-05,4.754e-05,5.889e-05,5.537e-05,5.324e-05
4.9336e-05,4.285e-05,5.41e-05,5.046e-05,4.477e-05
5.5082e-05,4.969e-05,5.941e-05,5.6225e-05,5.178e-05
4.8145e-05,4.479e-05,5.294e-05,4.7745e-05,4.479e-05
5.3019e-05,4.598e-05,5.783e-05,5.3975e-05,5.4e-05
5.1312e-05,4.46e-05,6.165e-05,5.0485e-05,4.818e-05
5.3071e-05,4.528e-05,5.952e-05,5.3185e-05,4.667e-05
4.8807e-05,4.445e-05,5.59e-05,4.757e-05,4.489e-05
5.1134e-05,4.349e-05,5.712e-05,5.233e-05,4.691e-05
5.0254e-05,4.481e-05,5.431e-05,5.1085e-05,4.74e-05
5.0946e-05,4.467e-05,5.605e-05,5.1e-05,4.944e-05
5.1753e-05,4.579e-05,5.67e-05,5.2675e-05,5.09e-05
5.0451e-05,4.686e-05,5.741e-05,4.831e-05,4.71e-05
5.2356e-05,4.616e-05,5.766e-05,5.2515e-05,4.637e-05
4.9258e-05,4.475e-05,5.74e-05,4.8115e-05,4.549e-05
5.3356e-05,4.501e-05,6.099e-05,5.469e-05,4.897e-05
4.913e-05,4.497e-05,5.766e-05,4.6935e-05,4.497e-05
5.4025e-05,4.603e-05,6.105e-05,5.506e-05,4.975e-05
4.8236e-05,4.401e-05,5.743e-05,4.6205e-05,4.401e-05
5.2849e-05,4.595e-05,6.161e-05,5.288e-05,4.762e-05
4.8504e-05,4.071e-05,5.567e-05,4.848e-05,4.071e-05
5.1781e-05,4.454e-05,5.741e-05,5.309e-05,4.769e-05
4.8241e-05,4.448e-05,5.343e-05,4.7555e-05,4.448e-05
5.099e-05,4.504e-05,5.682e-05,5.1455e-05,4.784e-05
5.0054e-05,4.429e-05,5.413e-05,5.158e-05,4.713e-05
5.0687e-05,4.461e-05,5.694e-05,5.0445e-05,4.807e-05
5.0389e-05,4.422e-05,5.654e-05,4.956e-05,4.956e-05
5.0021e-05,4.317e-05,5.611e-05,4.982e-05,4.729e-05
5.2078e-05,4.588e-05,5.677e-05,5.3195e-05,5.018e-05
5.0491e-05,4.576e-05,5.987e-05,4.861e-05,4.644e-05
5.361e-05,4.489e-05,6.109e-05,5.4555e-05,4.896e-05
4.9507e-05,4.502e-05,5.641e-05,4.894e-05,4.502e-05
5.3109e-05,4.486e-05,6.077e-05,5.4535e-05,4.787e-05
5.4674e-05,4.489e-05,6.237e-05,5.4725e-05,4.489e-05
5.495e-05,4.904e-05,6.609e-05,5.3885e-05,5.232e-05
5.3355e-05,4.486e-05,6.177e-05,5.3375e-05,4.486e-05
5.6487e-05,5.167e-05,6.479e-05,5.4715e-05,5.272e-05
5.3554e-05,4.316e-05,5.975e-05,5.401e-05,4.316e-05
5.7708e-05,5.182e-05,6.503e-05,5.6855e-05,5.412e-05
5.1085e-05,4.363e-05,5.739e-05,5.0725e-05,4.363e-05
5.57e-05,5.156e-05,6.289e-05,5.4445e-05,5.156e-05
4.98e-05,4.26e-05,5.555e-05,5.0405e-05,4.26e-05
5.5075e-05,5.039e-05,6.294e-05,5.4165e-05,5.069e-05
4.9661e-05,4.375e-05,5.739e-05,4.794e-05,4.375e-05
5.6175e-05,4.862e-05,6.751e-05,5.519e-05,4.862e-05
5.281e-05,4.67e-05,6.176e-05,5.094e-05,4.67e-05
5.4825e-05,4.822e-05,6.199e-05,5.555e-05,4.991e-05
5.1639e-05,4.66e-05,6.086e-05,5e-05,4.715e-05
5.3647e-05,4.701e-05,6.07e-05,5.496e-05,4.82e-05
5.5034e-05,4.806e-05,6.592e-05,5.4025e-05,5.331e-05
5.378e-05,4.555e-05,6.24e-05,5.3335e-05,4.555e-05
5.6459e-05,5.134e-05,6.538e-05,5.4645e-05,5.247e-05
5.3949e-05,4.504e-05,6.128e-05,5.354e-05,4.504e-05
5.6225e-05,5.052e-05,6.854e-05,5.409e-05,5.173e-05
5.2782e-05,4.461e-05,6.123e-05,5.21e-05,4.461e-05
5.718e-05,5.068e-05,6.554e-05,5.616e-05,5.307e-05
5.1601e-05,4.249e-05,5.853e-05,5.136e-05,4.249e-05
5.6211e-05,5.011e-05,6.351e-05,5.526e-05,5.214e-05
5.0425e-05,4.255e-05,5.771e-05,4.9735e-05,4.255e-05
5.5055e-05,4.859e-05,6.391e-05,5.437e-05,4.859e-05
4.9145e-05,4.202e-05,5.687e-05,4.8675e-05,4.202e-05
5.354e-05,4.796e-05,6.095e-05,5.41e-05,4.839e-05
4.9861e-05,4.534e-05,5.925e-05,4.8185e-05,4.557e-05
5.2437e-05,4.585e-05,5.956e-05,5.3685e-05,4.772e-05
5.2939e-05,4.781e-05,6.301e-05,5.114e-05,4.89e-05
5.3164e-05,4.321e-05,6.126e-05,5.326e-05,4.321e-05
5.403e-05,4.879e-05,6.318e-05,5.2295e-05,5.228e-05
5.2184e-05,4.368e-05,6.01e-05,5.18e-05,4.368e-05
5.4554e-05,4.915e-05,6.337e-05,5.262e-05,5.062e-05
5.1289e-05,4.16e-05,5.738e-05,5.1795e-05,4.16e-05
5.6857e-05,5.109e-05,6.487e-05,5.703e-05,5.429e-05
4.9936e-05,4.133e-05,5.633e-05,5.026e-05,4.133e-05
5.3595e-05,5.047e-05,6.055e-05,5.1965e-05,5.047e-05
8.2216e-05,7.32e-05,8.696e-05,8.434e-05,7.32e-05
5.748e-05,5.185e-05,6.495e-05,5.6405e-05,5.446e-05
4.9278e-05,4.181e-05,5.599e-05,4.964e-05,4.181e-05
5.4434e-05,5.101e-05,6.131e-05,5.301e-05,5.12e-05
5.2267e-05,4.66e-05,6.199e-05,5.1075e-05,4.732e-05
5.4775e-05,4.876e-05,6.203e-05,5.514e-05,4.965e-05
5.2823e-05,4.474e-05,5.962e-05,5.235e-05,4.474e-05
5.497e-05,4.785e-05,6.43e-05,5.4485e-05,5.123e-05
5.6914e-05,5.176e-05,6.852e-05,5.474e-05,5.176e-05
5.499e-05,4.456e-05,6.127e-05,5.5735e-05,4.456e-05
5.5539e-05,5.076e-05,6.436e-05,5.4935e-05,5.389e-05
5.3907e-05,4.468e-05,6.189e-05,5.452e-05,4.468e-05
5.606e-05,5.091e-05,6.405e-05,5.4515e-05,5.157e-05
5.2971e-05,4.552e-05,6.196e-05,5.1945e-05,4.552e-05
5.8585e-05,4.919e-05,6.947e-05,5.886e-05,4.919e-05
5.2393e-05,4.487e-05,6.023e-05,5.186e-05,4.487e-05
5.5872e-05,5.089e-05,6.359e-05,5.485e-05,5.138e-05
5.0663e-05,4.256e-05,5.909e-05,5.029e-05,4.256e-05
5.5753e-05,5.061e-05,6.343e-05,5.4885e-05,5.061e-05
5.0455e-05,4.53e-05,6.178e-05,4.795e-05,4.53e-05
5.4855e-05,4.843e-05,6.199e-05,5.624e-05,5.006e-05
5.1085e-05,4.436e-05,5.838e-05,5.0085e-05,4.436e-05
5.3496e-05,4.672e-05,6.271e-05,5.452e-05,4.834e-05
5.7351e-05,4.979e-05,6.643e-05,5.8305e-05,4.979e-05
5.2186e-05,4.657e-05,5.963e-05,5.149e-05,4.657e-05
5.434e-05,4.835e-05,6.449e-05,5.2385e-05,4.835e-05
5.3216e-05,4.415e-05,6.131e-05,5.305e-05,4.415e-05
5.5536e-05,4.859e-05,6.353e-05,5.465e-05,5.126e-05
5.2779e-05,4.379e-05,6.005e-05,5.3355e-05,4.379e-05
5.6487e-05,5.014e-05,6.433e-05,5.626e-05,5.255e-05
5.0722e-05,4.278e-05,5.799e-05,5.0635e-05,4.278e-05
5.4325e-05,4.942e-05,6.08e-05,5.4565e-05,5.08e-05
5.041e-05,4.231e-05,5.713e-05,4.9095e-05,4.231e-05
5.3649e-05,4.814e-05,6.091e-05,5.3465e-05,4.978e-05
4.763e-05,4.129e-05,5.484e-05,4.652e-05,4.129e-05
5.364e-05,4.817e-05,6.101e-05,5.434e-05,4.887e-05
5.126e-05,4.398e-05,6.071e-05,4.9775e-05,4.398e-05
5.4053e-05,4.749e-05,6.15e-05,5.4795e-05,4.901e-05
5.0113e-05,4.394e-05,6.054e-05,4.8165e-05,4.394e-05
5.2142e-05,4.61e-05,5.988e-05,5.2385e-05,4.764e-05
5.4245e-05,4.691e-05,6.327e-05,5.267e-05,4.691e-05
5.2924e-05,4.525e-05,6.282e-05,5.248e-05,4.525e-05
5.5571e-05,4.682e-05,6.345e-05,5.56e-05,4.682e-05
5.2756e-05,4.64e-05,6.04e-05,5.132e-05,4.966e-05
5.4989e-05,4.763e-05,6.418e-05,5.486e-05,4.763e-05
5.0954e-05,4.439e-05,6.087e-05,4.919e-05,4.607e-05
5.6854e-05,4.824e-05,6.814e-05,5.694e-05,4.824e-05
5.0589e-05,4.344e-05,5.872e-05,4.956e-05,4.344e-05
5.548e-05,4.977e-05,6.326e-05,5.474e-05,4.977e-05
5.043e-05,4.443e-05,5.666e-05,4.976e-05,4.443e-05
5.6156e-05,5.014e-05,6.695e-05,5.35e-05,5.256e-05
5.0013e-05,4.395e-05,5.908e-05,4.8485e-05,4.395e-05
5.439e-05,4.835e-05,6.236e-05,5.597e-05,4.992e-05
5.0468e-05,4.405e-05,5.895e-05,4.8675e-05,4.405e-05
5.3042e-05,4.627e-05,5.97e-05,5.3655e-05,4.756e-05
5.4132e-05,4.847e-05,6.535e-05,5.3475e-05,5.133e-05
5.3681e-05,4.417e-05,6.119e-05,5.372e-05,4.417e-05
5.4071e-05,4.878e-05,6.377e-05,5.27e-05,5.289e-05
5.1965e-05,4.411e-05,5.964e-05,5.157e-05,4.411e-05
5.4574e-05,4.926e-05,6.273e-05,5.3765e-05,5.078e-05
5.157e-05,4.245e-05,5.776e-05,5.164e-05,4.245e-05
5.6503e-05,4.982e-05,6.398e-05,5.59e-05,5.382e-05
5.0977e-05,4.288e-05,5.847e-05,5.043e-05,4.288e-05
5.4666e-05,4.879e-05,6.466e-05,5.451e-05,5.065e-05
5.0541e-05,4.25e-05,5.752e-05,5.0285e-05,4.25e-05
5.4235e-05,4.941e-05,6.13e-05,5.398e-05,5.119e-05
4.9005e-05,4.014e-05,5.644e-05,4.9305e-05,4.014e-05
5.3746e-05,4.795e-05,6.284e-05,5.391e-05,4.944e-05
5.1933e-05,4.525e-05,5.977e-05,5.071e-05,4.525e-05
5.2725e-05,4.71e-05,6.054e-05,5.353e-05,4.851e-05
4.9866e-05,4.295e-05,5.938e-05,4.8105e-05,4.295e-05
5.2429e-05,4.576e-05,5.994e-05,5.285e-05,4.785e-05
5.4456e-05,4.767e-05,6.411e-05,5.262e-05,4.767e-05
5.2984e-05,4.401e-05,6.044e-05,5.291e-05,4.401e-05
5.5852e-05,4.967e-05,6.517e-05,5.3915e-05,5.278e-05
5.2058e-05,4.321e-05,5.877e-05,5.196e-05,4.321e-05
5.4626e-05,4.943e-05,6.324e-05,5.3185e-05,5.144e-05
5.1886e-05,4.155e-05,5.763e-05,5.275e-05,4.155e-05
6.2843e-05,5.592e-05,7.236e-05,6.2055e-05,6.234e-05
5.0477e-05,4.221e-05,5.669e-05,4.986e-05,4.221e-05
5.545e-05,5e-05,6.268e-05,5.57e-05,5.161e-05
5.0016e-05,4.164e-05,5.672e-05,4.9715e-05,4.164e-05
5.465e-05,4.97e-05,6.225e-05,5.4785e-05,5.165e-05
4.9195e-05,4.045e-05,5.454e-05,4.966e-05,4.045e-05
5.3595e-05,4.999e-05,6.006e-05,5.237e-05,4.999e-05
5.1476e-05,4.564e-05,6.267e-05,4.9925e-05,4.564e-05
5.3485e-05,4.693e-05,6.058e-05,5.5095e-05,4.834e-05
5.3789e-05,4.789e-05,6.431e-05,5.2595e-05,5.079e-05
5.3065e-05,4.497e-05,6.19e-05,5.2675e-05,4.497e-05
5.2734e-05,4.792e-05,6.284e-05,5.0775e-05,4.929e-05
5.1827e-05,4.315e-05,5.93e-05,5.1605e-05,4.315e-05
5.5021e-05,5.015e-05,6.36e-05,5.316e-05,5.176e-05
5.0989e-05,4.253e-05,5.745e-05,5.0635e-05,4.253e-05
5.5761e-05,4.969e-05,6.244e-05,5.6195e-05,5.116e-05
4.9689e-05,4.321e-05,5.69e-05,4.8565e-05,4.321e-05
5.5421e-05,4.973e-05,6.547e-05,5.411e-05,4.973e-05
5.0044e-05,4.305e-05,5.782e-05,4.916e-05,4.305e-05
5.3399e-05,4.805e-05,6.026e-05,5.4245e-05,4.964e-05
4.874e-05,4.102e-05,5.619e-05,4.7735e-05,4.102e-05
5.312e-05,4.77e-05,5.97e-05,5.3735e-05,4.847e-05
4.9949e-05,4.465e-05,5.798e-05,4.866e-05,4.465e-05
5.3639e-05,4.749e-05,6.093e-05,5.45e-05,4.868e-05
4.9961e-05,4.507e-05,5.996e-05,4.7905e-05,4.507e-05
5.3275e-05,4.76e-05,6.08e-05,5.467e-05,4.878e-05
5.3894e-05,4.683e-05,6.355e-05,5.19e-05,4.683e-05
5.3112e-05,4.516e-05,6.188e-05,5.2405e-05,4.516e-05
5.6496e-05,4.919e-05,6.553e-05,5.5855e-05,4.919e-05
5.2415e-05,4.499e-05,6.146e-05,5.135e-05,4.779e-05
5.555e-05,4.718e-05,6.397e-05,5.579e-05,4.718e-05
5.2549e-05,4.799e-05,5.98e-05,5.027e-05,4.799e-05
5.7044e-05,4.786e-05,6.785e-05,5.728e-05,4.786e-05
5.0477e-05,4.312e-05,5.812e-05,4.9755e-05,4.312e-05
5.4384e-05,4.779e-05,6.309e-05,5.4665e-05,4.779e-05
4.8919e-05,4.188e-05,5.616e-05,4.7855e-05,4.188e-05
5.4274e-05,4.877e-05,6.073e-05,5.4335e-05,4.913e-05
4.8419e-05,4.332e-05,5.68e-05,4.634e-05,4.332e-05
5.4871e-05,4.718e-05,6.506e-05,5.4125e-05,4.718e-05
5.0942e-05,4.445e-05,5.841e-05,4.9625e-05,4.445e-05
5.2592e-05,4.682e-05,5.982e-05,5.3935e-05,4.682e-05
5.2872e-05,4.79e-05,6.364e-05,5.1485e-05,4.965e-05
5.332e-05,4.438e-05,6.237e-05,5.318e-05,4.438e-05
5.5356e-05,5.083e-05,6.618e-05,5.397e-05,5.315e-05
5.2777e-05,4.418e-05,6.099e-05,5.2615e-05,4.418e-05
5.5524e-05,4.989e-05,6.339e-05,5.3985e-05,5.215e-05
5.1423e-05,4.232e-05,5.813e-05,5.1855e-05,4.232e-05
5.4632e-05,5.021e-05,6.36e-05,5.3855e-05,5.229e-05
5.0296e-05,4.152e-05,5.673e-05,5.0095e-05,4.152e-05
5.3094e-05,4.897e-05,5.962e-05,5.174e-05,4.952e-05
4.8271e-05,4.081e-05,5.393e-05,4.829e-05,4.081e-05
5.3032e-05,4.89e-05,6.01e-05,5.2365e-05,4.978e-05
4.8676e-05,4.124e-05,5.572e-05,4.8005e-05,4.124e-05
5.3199e-05,4.847e-05,5.994e-05,5.3425e-05,4.902e-05
5.1222e-05,4.573e-05,6.023e-05,5.0995e-05,4.611e-05
5.3787e-05,4.822e-05,6.073e-05,5.4755e-05,4.915e-05
5.0511e-05,4.325e-05,5.789e-05,5.0015e-05,4.325e-05
5.2464e-05,4.645e-05,6.057e-05,5.2385e-05,4.881e-05
5.476e-05,4.765e-05,6.431e-05,5.3615e-05,4.765e-05
5.3121e-05,4.572e-05,6.235e-05,5.2415e-05,4.572e-05
5.6006e-05,4.699e-05,6.39e-05,5.6175e-05,4.699e-05
5.2086e-05,4.687e-05,6.001e-05,5.106e-05,4.786e-05
5.5574e-05,4.733e-05,6.4e-05,5.57e-05,4.733e-05
5.132e-05,4.636e-05,5.896e-05,4.9525e-05,4.769e-05
5.7169e-05,4.751e-05,6.641e-05,5.7555e-05,4.751e-05
5.0636e-05,4.262e-05,5.876e-05,4.9905e-05,4.262e-05
5.4896e-05,4.866e-05,6.117e-05,5.456e-05,4.866e-05
4.9131e-05,4.447e-05,5.719e-05,4.714e-05,4.51e-05
5.565e-05,4.764e-05,6.581e-05,5.4815e-05,4.764e-05
4.9441e-05,4.283e-05,5.7e-05,4.814e-05,4.283e-05
5.4224e-05,4.878e-05,6.252e-05,5.4225e-05,4.964e-05
5.2295e-05,4.495e-05,6.023e-05,5.1005e-05,4.495e-05
5.2953e-05,4.687e-05,6.105e-05,5.259e-05,5.035e-05
5.4275e-05,4.775e-05,6.401e-05,5.2365e-05,4.775e-05
5.4008e-05,4.546e-05,6.253e-05,5.413e-05,4.546e-05
5.3375e-05,4.743e-05,6.563e-05,5.1905e-05,5.161e-05
5.2179e-05,4.353e-05,6.032e-05,5.18e-05,4.353e-05
5.528e-05,4.854e-05,6.423e-05,5.395e-05,5.113e-05
5.1265e-05,4.338e-05,5.928e-05,5.0795e-05,4.338e-05
5.7089e-05,4.786e-05,6.74e-05,5.6675e-05,4.786e-05
5.0887e-05,4.393e-05,5.922e-05,4.955e-05,4.393e-05
5.5162e-05,5.013e-05,6.33e-05,5.547e-05,5.07e-05
4.8099e-05,4.072e-05,5.358e-05,4.814e-05,4.072e-05
5.4533e-05,4.93e-05,6.239e-05,5.456e-05,5.114e-05
4.9111e-05,4.053e-05,5.628e-05,4.9e-05,4.053e-05
5.4192e-05,4.855e-05,6.379e-05,5.381e-05,5.04e-05
5.1454e-05,4.55e-05,6.04e-05,4.943e-05,4.55e-05
5.3483e-05,4.71e-05,6.202e-05,5.405e-05,4.943e-05
5.0494e-05,4.482e-05,5.99e-05,4.8715e-05,4.482e-05
5.2585e-05,4.676e-05,6.015e-05,5.3305e-05,4.813e-05
5.5152e-05,4.879e-05,6.521e-05,5.3615e-05,4.879e-05
5.2841e-05,4.345e-05,5.974e-05,5.308e-05,4.345e-05
5.6835e-05,5.367e-05,6.514e-05,5.476e-05,5.367e-05
5.1898e-05,4.164e-05,5.816e-05,5.276e-05,4.164e-05
5.5165e-05,4.913e-05,6.37e-05,5.369e-05,5.271e-05
5.1635e-05,4.185e-05,5.774e-05,5.2275e-05,4.185e-05
5.6644e-05,4.951e-05,6.321e-05,5.565e-05,5.408e-05
5.0042e-05,4.17e-05,5.625e-05,4.973e-05,4.17e-05
5.4711e-05,5.002e-05,6.08e-05,5.4355e-05,5.002e-05
6.3125e-05,4.53e-05,7.612e-05,6.531e-05,4.53e-05
5.5225e-05,4.667e-05,6.685e-05,5.409e-05,5.311e-05
4.8091e-05,3.955e-05,5.446e-05,4.9515e-05,4.527e-05
5.2472e-05,4.784e-05,5.853e-05,5.2085e-05,4.784e-05
4.9336e-05,4.301e-05,5.466e-05,4.8635e-05,4.618e-05
5.2457e-05,4.651e-05,5.987e-05,5.229e-05,4.651e-05
5.3594e-05,4.66e-05,6.28e-05,5.1485e-05,4.66e-05
5.3185e-05,4.451e-05,6.152e-05,5.323e-05,4.451e-05
5.2884e-05,4.792e-05,6.43e-05,5.121e-05,4.985e-05
5.3011e-05,4.376e-05,6.078e-05,5.331e-05,4.376e-05
5.667e-05,5.086e-05,6.564e-05,5.503e-05,5.436e-05
5.14e-05,4.26e-05,5.746e-05,5.1865e-05,4.26e-05
5.4136e-05,5.041e-05,6.06e-05,5.3505e-05,5.171e-05
4.9896e-05,4.293e-05,5.525e-05,5.0855e-05,4.293e-05
5.3145e-05,5.002e-05,6.05e-05,5.185e-05,5.08e-05
4.964e-05,4.131e-05,5.741e-05,4.859e-05,4.131e-05
5.4355e-05,4.88e-05,6.227e-05,5.3695e-05,5.114e-05
4.9071e-05,4.182e-05,5.596e-05,4.845e-05,4.182e-05
5.3004e-05,4.744e-05,5.968e-05,5.3275e-05,4.903e-05
5.161e-05,4.494e-05,5.923e-05,5.008e-05,4.494e-05
5.3529e-05,4.75e-05,6.068e-05,5.513e-05,4.887e-05
5.0022e-05,4.473e-05,5.892e-05,4.85e-05,4.473e-05
5.269e-05,4.702e-05,6.084e-05,5.321e-05,4.872e-05
5.426e-05,4.725e-05,6.386e-05,5.2585e-05,4.725e-05
5.3004e-05,4.514e-05,6.154e-05,5.2715e-05,4.514e-05
5.6209e-05,4.763e-05,6.451e-05,5.572e-05,4.763e-05
6.0012e-05,4.66e-05,8.999e-05,5.4075e-05,7.715e-05
5.5264e-05,4.595e-05,6.279e-05,5.5835e-05,4.595e-05
5.1576e-05,4.576e-05,5.933e-05,4.9545e-05,4.82e-05
5.6085e-05,4.736e-05,6.629e-05,5.591e-05,4.736e-05
4.9941e-05,4.267e-05,5.722e-05,4.8925e-05,4.267e-05
5.547e-05,5.04e-05,6.262e-05,5.6135e-05,5.123e-05
4.963e-05,4.147e-05,5.603e-05,4.975e-05,4.147e-05
5.4257e-05,4.875e-05,6.077e-05,5.4745e-05,4.978e-05
4.9361e-05,4.232e-05,5.85e-05,4.801e-05,4.232e-05
5.4578e-05,4.845e-05,6.194e-05,5.5775e-05,5e-05
5.1955e-05,4.496e-05,5.998e-05,4.9905e-05,4.496e-05
5.3872e-05,4.79e-05,6.323e-05,5.3735e-05,5.062e-05
5.5128e-05,4.809e-05,6.45e-05,5.3275e-05,4.809e-05
5.3309e-05,4.677e-05,6.153e-05,5.2485e-05,4.677e-05
5.372e-05,4.753e-05,6.378e-05,5.1925e-05,4.753e-05
5.241e-05,4.341e-05,6.028e-05,5.2315e-05,4.341e-05
5.488e-05,4.826e-05,6.32e-05,5.35e-05,5.033e-05
5.1342e-05,4.271e-05,5.91e-05,5.137e-05,4.271e-05
5.5648e-05,4.94e-05,6.547e-05,5.438e-05,4.94e-05
5.0315e-05,4.296e-05,5.812e-05,4.956e-05,4.296e-05
5.4085e-05,4.862e-05,6.023e-05,5.422e-05,4.862e-05
4.8811e-05,4.328e-05,5.614e-05,4.7775e-05,4.328e-05
5.5779e-05,4.827e-05,6.651e-05,5.425e-05,4.827e-05
4.9737e-05,4.33e-05,5.771e-05,4.8335e-05,4.33e-05
5.4872e-05,4.83e-05,6.53e-05,5.342e-05,4.961e-05
5.12e-05,4.521e-05,5.909e-05,4.9555e-05,4.521e-05
5.3029e-05,4.672e-05,5.999e-05,5.371e-05,4.833e-05
5.0056e-05,4.48e-05,6.025e-05,4.8345e-05,4.543e-05
5.2565e-05,4.666e-05,6.023e-05,5.281e-05,4.785e-05
5.6234e-05,5.058e-05,6.808e-05,5.531e-05,5.058e-05
5.277e-05,4.521e-05,6.053e-05,5.182e-05,4.521e-05
5.5424e-05,4.918e-05,6.308e-05,5.551e-05,5.048e-05
5.2007e-05,4.329e-05,5.879e-05,5.2915e-05,4.329e-05
5.6504e-05,5.183e-05,6.537e-05,5.48e-05,5.426e-05
5.0776e-05,4.256e-05,5.909e-05,5.0465e-05,4.256e-05
5.5919e-05,5.092e-05,6.34e-05,5.5985e-05,5.144e-05
5.2283e-05,4.536e-05,6.366e-05,5.0415e-05,4.812e-05
5.5545e-05,4.875e-05,6.466e-05,5.604e-05,4.945e-05
4.9514e-05,4.21e-05,5.737e-05,4.8365e-05,4.21e-05
5.4018e-05,4.743e-05,6.166e-05,5.4125e-05,4.972e-05
4.9295e-05,4.228e-05,5.757e-05,4.8005e-05,4.228e-05
5.5008e-05,4.563e-05,6.359e-05,5.49e-05,4.563e-05
5.0944e-05,4.478e-05,5.972e-05,4.909e-05,4.698e-05
5.395e-05,4.77e-05,6.266e-05,5.2775e-05,4.77e-05
5.5824e-05,5.005e-05,6.689e-05,5.4025e-05,5.005e-05
5.2261e-05,4.285e-05,5.947e-05,5.2375e-05,4.285e-05
5.2931e-05,4.691e-05,6.336e-05,5.1675e-05,5.097e-05
5.2047e-05,4.354e-05,5.963e-05,5.1655e-05,4.354e-05
5.4014e-05,4.822e-05,6.236e-05,5.251e-05,5.082e-05
5.1416e-05,4.173e-05,5.778e-05,5.1905e-05,4.173e-05
5.4253e-05,5.068e-05,6.181e-05,5.343e-05,5.068e-05
4.9684e-05,4.334e-05,5.679e-05,4.849e-05,4.334e-05
5.496e-05,4.929e-05,6.485e-05,5.3675e-05,4.929e-05
4.9777e-05,4.139e-05,5.683e-05,4.952e-05,4.139e-05
5.4089e-05,4.918e-05,6.178e-05,5.37e-05,5.134e-05
4.7658e-05,4.09e-05,5.463e-05,4.7125e-05,4.09e-05
5.3182e-05,4.754e-05,6.184e-05,5.3065e-05,4.754e-05
5.1743e-05,4.664e-05,6.387e-05,4.9485e-05,4.696e-05
5.386e-05,4.801e-05,6.129e-05,5.477e-05,4.914e-05
5.0599e-05,4.338e-05,5.823e-05,4.985e-05,4.338e-05
5.2183e-05,4.715e-05,5.982e-05,5.2165e-05,4.861e-05
5.4561e-05,4.769e-05,6.452e-05,5.3005e-05,4.769e-05
5.2448e-05,4.39e-05,6.073e-05,5.216e-05,4.39e-05
5.5865e-05,4.679e-05,6.357e-05,5.6305e-05,4.679e-05
5.2844e-05,4.613e-05,6.11e-05,5.08e-05,4.905e-05
5.6043e-05,4.758e-05,6.447e-05,5.605e-05,4.758e-05
5.2187e-05,4.589e-05,6.12e-05,5.053e-05,4.957e-05
5.8071e-05,4.884e-05,6.812e-05,5.826e-05,4.884e-05
5.0574e-05,4.36e-05,5.862e-05,4.9065e-05,4.36e-05
5.6144e-05,4.635e-05,6.535e-05,5.727e-05,4.635e-05
5.0898e-05,4.578e-05,5.941e-05,4.9395e-05,4.969e-05
5.473e-05,4.901e-05,6.246e-05,5.5265e-05,4.956e-05
4.9195e-05,4.201e-05,5.72e-05,4.8325e-05,4.201e-05
5.2748e-05,4.748e-05,5.977e-05,5.3245e-05,4.854e-05
5.112e-05,4.412e-05,5.863e-05,5.026e-05,4.412e-05
5.3014e-05,4.766e-05,5.961e-05,5.3215e-05,4.837e-05
5.4025e-05,4.793e-05,6.342e-05,5.3115e-05,5.128e-05
5.4616e-05,4.527e-05,6.181e-05,5.4705e-05,4.527e-05
5.4168e-05,4.929e-05,6.355e-05,5.273e-05,5.354e-05
5.1895e-05,4.34e-05,5.901e-05,5.1835e-05,4.34e-05
5.3958e-05,4.879e-05,6.282e-05,5.3035e-05,5.111e-05
5.1064e-05,4.278e-05,5.798e-05,5.1135e-05,4.278e-05
5.4704e-05,4.937e-05,6.196e-05,5.401e-05,5.079e-05
5.0145e-05,4.132e-05,5.635e-05,5.0265e-05,4.132e-05
5.5535e-05,5.07e-05,6.681e-05,5.289e-05,5.086e-05
4.9519e-05,4.197e-05,5.677e-05,5.0445e-05,4.485e-05
5.5449e-05,4.599e-05,6.395e-05,5.4525e-05,4.599e-05
4.8835e-05,4.367e-05,5.667e-05,4.701e-05,4.367e-05
5.4779e-05,4.738e-05,6.588e-05,5.339e-05,4.738e-05
5.0502e-05,4.405e-05,5.986e-05,4.8935e-05,4.405e-05
5.2596e-05,4.642e-05,6.017e-05,5.3385e-05,4.799e-05
5.036e-05,4.392e-05,5.927e-05,4.8785e-05,4.392e-05
5.2692e-05,4.625e-05,6.291e-05,5.2455e-05,4.832e-05
5.391e-05,4.818e-05,6.489e-05,5.2225e-05,4.818e-05
5.3415e-05,4.361e-05,5.976e-05,5.363e-05,4.361e-05
5.6289e-05,4.953e-05,6.49e-05,5.594e-05,5.397e-05
5.2066e-05,4.387e-05,6.076e-05,5.122e-05,4.387e-05
5.5671e-05,4.923e-05,6.424e-05,5.6085e-05,5.214e-05
5.117e-05,4.226e-05,5.752e-05,5.1335e-05,4.226e-05
5.4843e-05,4.983e-05,6.344e-05,5.317e-05,5.245e-05
4.9708e-05,4.129e-05,5.563e-05,5.0395e-05,4.129e-05
5.3846e-05,4.97e-05,6.055e-05,5.257e-05,5.116e-05
4.8904e-05,4.202e-05,5.573e-05,4.859e-05,4.202e-05
5.35e-05,4.888e-05,6.091e-05,5.3215e-05,4.888e-05
7.3062e-05,6.567e-05,8.316e-05,7.4315e-05,6.621e-05
5.4605e-05,4.886e-05,6.186e-05,5.6215e-05,5.76e-05
4.9319e-05,4.308e-05,5.536e-05,4.98e-05,4.369e-05
5.2329e-05,4.6e-05,5.988e-05,5.166e-05,4.773e-05
5.1763e-05,4.42e-05,5.969e-05,5.2065e-05,5.004e-05
5.3482e-05,4.369e-05,6.127e-05,5.3835e-05,4.369e-05
5.3544e-05,4.938e-05,6.269e-05,5.2e-05,5.184e-05
5.2188e-05,4.288e-05,5.958e-05,5.241e-05,4.288e-05
5.3478e-05,4.913e-05,6.152e-05,5.1945e-05,5.091e-05
5.1478e-05,4.339e-05,5.898e-05,5.1155e-05,4.339e-05
5.575e-05,5.071e-05,6.208e-05,5.5965e-05,5.187e-05
5.0899e-05,4.599e-05,6.074e-05,4.854e-05,4.599e-05
5.5804e-05,5.004e-05,6.366e-05,5.6645e-05,5.165e-05
4.9401e-05,4.04e-05,5.539e-05,4.9685e-05,4.04e-05
5.3595e-05,4.981e-05,5.988e-05,5.302e-05,4.981e-05
4.7373e-05,4.035e-05,5.438e-05,4.646e-05,4.035e-05
5.2978e-05,4.649e-05,6.162e-05,5.237e-05,4.649e-05
5.1185e-05,4.451e-05,6.092e-05,4.9155e-05,4.451e-05
5.3259e-05,4.729e-05,6.086e-05,5.3515e-05,4.856e-05
5.021e-05,4.301e-05,5.808e-05,4.843e-05,4.301e-05
5.2149e-05,4.622e-05,5.999e-05,5.2005e-05,4.722e-05
5.4147e-05,4.896e-05,6.523e-05,5.2625e-05,5.102e-05
5.2495e-05,4.402e-05,6.108e-05,5.1895e-05,4.402e-05
6.0019e-05,5.355e-05,7.031e-05,5.8255e-05,5.355e-05
5.218e-05,4.347e-05,5.963e-05,5.2595e-05,4.347e-05
5.3109e-05,4.939e-05,6.038e-05,5.1575e-05,4.964e-05
5.1889e-05,4.17e-05,5.77e-05,5.2525e-05,4.17e-05
5.6233e-05,4.976e-05,6.342e-05,5.6245e-05,5.308e-05
4.9624e-05,4.261e-05,5.602e-05,4.9915e-05,4.261e-05
5.3894e-05,4.915e-05,5.996e-05,5.516e-05,5.021e-05
4.9037e-05,4.259e-05,5.619e-05,4.8255e-05,4.259e-05
5.3923e-05,4.868e-05,6.141e-05,5.4465e-05,4.958e-05
4.8891e-05,4.15e-05,5.624e-05,4.869e-05,4.15e-05
5.3024e-05,4.82e-05,5.966e-05,5.3195e-05,4.921e-05
5.1683e-05,4.421e-05,6.143e-05,4.961e-05,4.421e-05
5.3349e-05,4.703e-05,6.048e-05,5.4925e-05,4.852e-05
5.4915e-05,4.736e-05,6.374e-05,5.354e-05,4.736e-05
5.3812e-05,4.814e-05,6.376e-05,5.3415e-05,4.829e-05
5.3576e-05,4.766e-05,6.462e-05,5.187e-05,4.766e-05
5.2029e-05,4.237e-05,5.919e-05,5.257e-05,4.237e-05
5.5553e-05,4.835e-05,6.498e-05,5.4125e-05,5.382e-05
5.1156e-05,4.209e-05,5.716e-05,5.1375e-05,4.209e-05
5.5744e-05,4.896e-05,6.328e-05,5.505e-05,5.246e-05
4.9826e-05,4.121e-05,5.607e-05,4.929e-05,4.121e-05
5.4604e-05,5.044e-05,6.21e-05,5.2955e-05,5.113e-05
4.8352e-05,4.135e-05,5.431e-05,4.8535e-05,4.135e-05
5.3066e-05,4.904e-05,5.968e-05,5.253e-05,4.923e-05
4.8105e-05,3.928e-05,5.405e-05,4.838e-05,3.928e-05
5.3136e-05,4.844e-05,6.059e-05,5.265e-05,5.089e-05
5.0279e-05,4.369e-05,5.915e-05,4.8645e-05,4.369e-05
5.3806e-05,4.652e-05,6.333e-05,5.454e-05,4.957e-05
5.1235e-05,4.53e-05,5.998e-05,4.9565e-05,4.53e-05
5.2111e-05,4.536e-05,5.961e-05,5.2945e-05,4.741e-05
5.3632e-05,4.814e-05,6.511e-05,5.256e-05,5.091e-05
5.2623e-05,4.415e-05,6.026e-05,5.24e-05,4.415e-05
6.1107e-05,5.37e-05,6.656e-05,6.2875e-05,5.387e-05
5.3164e-05,4.704e-05,6.175e-05,5.1805e-05,4.704e-05
5.4618e-05,4.895e-05,6.475e-05,5.3005e-05,5.418e-05
4.989e-05,4.222e-05,5.849e-05,5.061e-05,4.346e-05
5.339e-05,4.863e-05,5.931e-05,5.111e-05,5.015e-05
4.8381e-05,4.217e-05,5.229e-05,4.9315e-05,4.217e-05
5.5209e-05,5.052e-05,6.065e-05,5.5375e-05,5.052e-05
5.0765e-05,4.199e-05,6.044e-05,5.169e-05,4.792e-05
5.5001e-05,4.902e-05,6.309e-05,5.6255e-05,5.085e-05
4.9562e-05,4.26e-05,5.738e-05,4.88e-05,4.26e-05
5.2739e-05,4.744e-05,5.965e-05,5.317e-05,4.854e-05
5.0126e-05,4.378e-05,5.967e-05,4.9155e-05,4.378e-05
5.2781e-05,4.712e-05,6.031e-05,5.335e-05,4.829e-05
5.3531e-05,4.852e-05,6.445e-05,5.223e-05,5.042e-05
5.3707e-05,4.361e-05,6.107e-05,5.4115e-05,4.361e-05
5.5347e-05,4.934e-05,6.547e-05,5.439e-05,5.436e-05
5.2115e-05,4.377e-05,6.029e-05,5.1995e-05,4.377e-05
5.4154e-05,4.791e-05,6.356e-05,5.234e-05,5.013e-05
5.0954e-05,4.247e-05,5.75e-05,5.063e-05,4.247e-05
5.4609e-05,4.988e-05,6.2e-05,5.4825e-05,5.07e-05
5.012e-05,4.114e-05,5.593e-05,5.06e-05,4.114e-05
5.324e-05,4.981e-05,6.05e-05,5.1685e-05,5.083e-05
4.8271e-05,4.121e-05,5.489e-05,4.778e-05,4.121e-05
5.4077e-05,4.877e-05,6.418e-05,5.2365e-05,4.996e-05
5.0702e-05,4.302e-05,6.03e-05,5.0165e-05,4.302e-05
5.4044e-05,4.832e-05,6.159e-05,5.4765e-05,4.963e-05
5.0936e-05,4.352e-05,5.919e-05,5.0005e-05,4.352e-05
5.3565e-05,4.733e-05,6.066e-05,5.464e-05,4.875e-05
5.0831e-05,4.444e-05,5.965e-05,4.849e-05,4.444e-05
5.4489e-05,4.656e-05,6.447e-05,5.401e-05,4.656e-05
5.6093e-05,5.006e-05,6.643e-05,5.505e-05,5.006e-05
5.3843e-05,4.393e-05,6.014e-05,5.457e-05,4.393e-05
5.7105e-05,5.223e-05,6.598e-05,5.529e-05,5.539e-05
5.208e-05,4.226e-05,5.808e-05,5.289e-05,4.226e-05
5.7545e-05,5.202e-05,6.552e-05,5.653e-05,5.627e-05
5.1538e-05,4.137e-05,5.742e-05,5.2435e-05,4.137e-05
5.6552e-05,4.98e-05,6.375e-05,5.592e-05,5.394e-05
5.0131e-05,4.19e-05,5.714e-05,5.087e-05,4.19e-05
5.4254e-05,4.924e-05,6.162e-05,5.4895e-05,5.186e-05
4.9636e-05,4.118e-05,5.621e-05,4.957e-05,4.118e-05
5.5002e-05,4.872e-05,6.252e-05,5.4305e-05,5.282e-05
5.0004e-05,4.133e-05,5.709e-05,5.0005e-05,4.133e-05
5.417e-05,4.692e-05,6.165e-05,5.333e-05,5.161e-05
5.1128e-05,4.529e-05,6.106e-05,4.912e-05,4.529e-05
5.2927e-05,4.654e-05,6.049e-05,5.3645e-05,4.849e-05
5.4544e-05,4.785e-05,6.433e-05,5.2625e-05,4.785e-05
5.5441e-05,4.499e-05,6.201e-05,5.6615e-05,4.499e-05
5.4141e-05,4.872e-05,6.38e-05,5.3195e-05,5.337e-05
5.245e-05,4.288e-05,5.884e-05,5.2675e-05,4.288e-05
5.6417e-05,5.123e-05,6.443e-05,5.5e-05,5.528e-05
5.128e-05,4.332e-05,5.819e-05,5.0825e-05,4.332e-05
5.5269e-05,4.975e-05,6.548e-05,5.4075e-05,5.02e-05
5.0334e-05,4.264e-05,5.846e-05,4.955e-05,4.264e-05
5.4668e-05,4.963e-05,6.199e-05,5.4675e-05,4.98e-05
4.9343e-05,4.323e-05,5.673e-05,4.8655e-05,4.323e-05
5.4823e-05,4.853e-05,6.363e-05,5.5045e-05,4.853e-05
4.9304e-05,4.242e-05,5.679e-05,4.8775e-05,4.242e-05
5.3156e-05,4.832e-05,5.988e-05,5.3425e-05,4.867e-05
5.0286e-05,4.29e-05,5.792e-05,4.9525e-05,4.29e-05
5.2796e-05,4.733e-05,5.932e-05,5.406e-05,4.884e-05
4.9574e-05,4.445e-05,5.877e-05,4.8555e-05,4.481e-05
5.3879e-05,4.593e-05,6.286e-05,5.385e-05,4.822e-05
5.4386e-05,4.912e-05,6.54e-05,5.2435e-05,5.171e-05
5.2245e-05,4.423e-05,6.035e-05,5.178e-05,4.423e-05
5.4397e-05,4.921e-05,6.328e-05,5.256e-05,5.028e-05
5.2914e-05,4.35e-05,5.909e-05,5.3375e-05,4.35e-05
5.658e-05,5.16e-05,6.518e-05,5.4895e-05,5.488e-05
5.195e-05,4.213e-05,5.768e-05,5.295e-05,4.213e-05
5.4861e-05,4.925e-05,6.312e-05,5.423e-05,5.35e-05
4.9819e-05,4.157e-05,5.79e-05,4.878e-05,4.157e-05
5.434e-05,4.885e-05,6.105e-05,5.504e-05,4.964e-05
4.8521e-05,3.972e-05,5.485e-05,4.8335e-05,3.972e-05
5.3362e-05,4.837e-05,5.903e-05,5.2835e-05,4.837e-05
4.8745e-05,4.343e-05,5.688e-05,4.7605e-05,4.343e-05
5.3775e-05,4.57e-05,6.428e-05,5.3275e-05,4.57e-05
5.0622e-05,4.553e-05,6.067e-05,4.869e-05,4.553e-05
5.3111e-05,4.729e-05,6.05e-05,5.442e-05,4.855e-05
5.3442e-05,4.822e-05,6.39e-05,5.197e-05,4.994e-05
5.3387e-05,4.365e-05,6.117e-05,5.357e-05,4.365e-05
5.3974e-05,4.968e-05,6.346e-05,5.2435e-05,5.221e-05
9.7425e-05,8.621e-05,0.00010386,9.993e-05,8.621e-05
5.4697e-05,4.793e-05,6.471e-05,5.332e-05,5.436e-05
4.9739e-05,4.207e-05,5.562e-05,5.0835e-05,4.375e-05
5.4146e-05,4.83e-05,6.139e-05,5.3775e-05,4.83e-05
4.9053e-05,4.139e-05,5.612e-05,4.9105e-05,4.563e-05
5.4336e-05,4.683e-05,6.251e-05,5.5365e-05,4.826e-05
4.8154e-05,4.169e-05,5.281e-05,4.89e-05,4.229e-05
5.3295e-05,4.904e-05,5.944e-05,5.264e-05,5.034e-05
4.722e-05,4.037e-05,5.371e-05,4.7265e-05,4.037e-05
5.2671e-05,4.737e-05,6.187e-05,5.2115e-05,4.737e-05
5.1991e-05,4.674e-05,6.341e-05,4.956e-05,4.674e-05
5.3526e-05,4.685e-05,6.088e-05,5.4925e-05,4.867e-05
4.9681e-05,4.31e-05,6.024e-05,4.7565e-05,4.31e-05
5.2619e-05,4.599e-05,6.017e-05,5.3415e-05,4.774e-05
5.405e-05,4.934e-05,6.416e-05,5.23e-05,5.028e-05
5.2372e-05,4.395e-05,6.013e-05,5.1805e-05,4.395e-05
5.5157e-05,5.043e-05,6.438e-05,5.3235e-05,5.161e-05
5.283e-05,4.345e-05,5.962e-05,5.297e-05,4.345e-05
5.5123e-05,4.846e-05,6.359e-05,5.433e-05,5.21e-05
5.0193e-05,4.376e-05,5.653e-05,5.02e-05,4.376e-05
5.557e-05,5.02e-05,6.393e-05,5.457e-05,5.096e-05
4.969e-05,4.123e-05,5.552e-05,4.9565e-05,4.123e-05
5.3955e-05,4.927e-05,6.053e-05,5.3445e-05,5.051e-05
4.8623e-05,4.157e-05,5.415e-05,4.8225e-05,4.157e-05
5.4101e-05,4.93e-05,6.128e-05,5.3675e-05,4.93e-05
4.8267e-05,4.198e-05,5.492e-05,4.814e-05,4.198e-05
5.2828e-05,4.736e-05,5.965e-05,5.228e-05,4.736e-05
5.1359e-05,4.627e-05,6.088e-05,4.977e-05,4.763e-05
5.3315e-05,4.692e-05,6.032e-05,5.4565e-05,4.745e-05
5.4679e-05,4.863e-05,6.574e-05,5.3525e-05,5.265e-05
5.4119e-05,4.439e-05,6.48e-05,5.4205e-05,4.439e-05
5.6195e-05,5.054e-05,6.726e-05,5.4075e-05,5.054e-05
5.3971e-05,4.561e-05,6.045e-05,5.441e-05,4.561e-05
5.8697e-05,5.471e-05,6.785e-05,5.772e-05,5.781e-05
5.1451e-05,4.23e-05,5.836e-05,5.1665e-05,4.23e-05
5.5446e-05,4.993e-05,6.35e-05,5.411e-05,5.197e-05
5.0464e-05,4.191e-05,5.855e-05,4.9285e-05,4.191e-05
5.4454e-05,4.869e-05,6.231e-05,5.5435e-05,5.002e-05
5.002e-05,4.058e-05,5.64e-05,4.969e-05,4.058e-05
5.465e-05,4.808e-05,6.256e-05,5.433e-05,5.231e-05
5.0535e-05,4.311e-05,6.191e-05,4.802e-05,4.311e-05
5.4255e-05,4.798e-05,6.17e-05,5.5405e-05,4.965e-05
5.097e-05,4.402e-05,5.889e-05,4.9125e-05,4.402e-05
5.4162e-05,4.644e-05,6.434e-05,5.5005e-05,4.879e-05
5.149e-05,4.565e-05,6.258e-05,4.8895e-05,4.565e-05
5.3089e-05,4.644e-05,6.037e-05,5.439e-05,4.85e-05
5.2556e-05,4.901e-05,6.304e-05,5.073e-05,4.901e-05
5.2397e-05,4.414e-05,6.044e-05,5.187e-05,4.414e-05
5.4619e-05,4.823e-05,6.325e-05,5.298e-05,5.052e-05
5.2236e-05,4.418e-05,6.084e-05,5.1525e-05,4.418e-05
5.5044e-05,4.746e-05,6.358e-05,5.4535e-05,4.746e-05
5.2012e-05,4.534e-05,6.002e-05,5.091e-05,4.76e-05
5.5587e-05,4.718e-05,6.67e-05,5.5115e-05,4.718e-05
5.0005e-05,4.278e-05,5.787e-05,4.8615e-05,4.278e-05
5.5444e-05,5.03e-05,6.364e-05,5.666e-05,5.147e-05
4.9251e-05,4.023e-05,5.464e-05,4.917e-05,4.023e-05
5.312e-05,4.719e-05,6.058e-05,5.251e-05,5.089e-05
4.8594e-05,3.928e-05,5.388e-05,4.8535e-05,3.928e-05
5.2888e-05,4.717e-05,6.008e-05,5.183e-05,5.054e-05
5.0024e-05,4.341e-05,5.944e-05,4.8885e-05,4.341e-05
5.3293e-05,4.72e-05,6.075e-05,5.489e-05,4.86e-05
5.3215e-05,4.896e-05,6.317e-05,5.151e-05,4.939e-05
5.274e-05,4.345e-05,6.065e-05,5.2855e-05,4.345e-05
5.3835e-05,4.76e-05,6.51e-05,5.2885e-05,5.198e-05
5.2645e-05,4.377e-05,6.017e-05,5.2655e-05,4.377e-05
5.4607e-05,4.941e-05,6.303e-05,5.3145e-05,5.136e-05
5.1229e-05,4.181e-05,5.754e-05,5.1345e-05,4.181e-05
5.5154e-05,4.964e-05,6.365e-05,5.405e-05,5.2e-05
5.0836e-05,4.242e-05,5.895e-05,4.992e-05,4.242e-05
0.000101059,9.441e-05,0.00011392,0.000100445,9.441e-05
4.9174e-05,4.197e-05,5.752e-05,5.004e-05,4.417e-05
5.6075e-05,4.734e-05,6.524e-05,5.4905e-05,4.734e-05
4.9167e-05,4.33e-05,5.676e-05,4.785e-05,4.39e-05
5.7261e-05,4.968e-05,6.948e-05,5.4685e-05,4.968e-05
5.0875e-05,4.454e-05,5.936e-05,5.0185e-05,4.71e-05
5.4651e-05,4.506e-05,6.288e-05,5.4755e-05,4.506e-05
5.0347e-05,4.427e-05,5.977e-05,4.8255e-05,4.551e-05
5.3105e-05,4.704e-05,6.329e-05,5.212e-05,4.741e-05
5.4766e-05,4.891e-05,6.739e-05,5.2585e-05,4.891e-05
5.265e-05,4.411e-05,6.095e-05,5.1795e-05,4.411e-05
5.5633e-05,4.973e-05,6.53e-05,5.387e-05,5.187e-05
5.2563e-05,4.36e-05,5.953e-05,5.2495e-05,4.36e-05
5.4786e-05,4.934e-05,6.342e-05,5.324e-05,5.206e-05
5.197e-05,4.254e-05,5.812e-05,5.249e-05,4.254e-05
5.6988e-05,5.08e-05,6.458e-05,5.629e-05,5.582e-05
5.0154e-05,4.439e-05,5.698e-05,4.9805e-05,4.439e-05
5.4331e-05,4.932e-05,6.127e-05,5.542e-05,5.078e-05
4.9044e-05,3.983e-05,5.506e-05,4.973e-05,3.983e-05
5.2919e-05,4.878e-05,5.993e-05,5.2725e-05,4.878e-05
4.851e-05,4.154e-05,5.593e-05,4.842e-05,4.154e-05
5.2826e-05,4.701e-05,5.989e-05,5.3425e-05,4.887e-05
5.1149e-05,4.425e-05,5.932e-05,5.0285e-05,4.425e-05
5.232e-05,4.592e-05,6.112e-05,5.293e-05,4.737e-05
5.561e-05,4.938e-05,6.606e-05,5.349e-05,4.938e-05
5.3414e-05,4.469e-05,6.16e-05,5.351e-05,4.469e-05
5.3836e-05,4.805e-05,6.525e-05,5.244e-05,5.163e-05
5.312e-05,4.404e-05,6.043e-05,5.3365e-05,4.404e-05
5.6625e-05,5.177e-05,6.506e-05,5.5895e-05,5.408e-05
5.223e-05,4.289e-05,5.838e-05,5.26e-05,4.289e-05
5.5642e-05,4.979e-05,6.422e-05,5.5275e-05,5.356e-05
5.0375e-05,4.262e-05,5.875e-05,4.908e-05,4.262e-05
5.4211e-05,4.922e-05,6.222e-05,5.409e-05,5.033e-05
4.7922e-05,4.105e-05,5.406e-05,4.776e-05,4.105e-05
5.3729e-05,4.806e-05,6.107e-05,5.1995e-05,4.852e-05
4.9865e-05,4.428e-05,5.935e-05,4.856e-05,4.44e-05
5.4859e-05,4.787e-05,6.538e-05,5.4215e-05,4.939e-05
5.2371e-05,4.621e-05,6.3e-05,4.987e-05,4.621e-05
5.3715e-05,4.68e-05,6.056e-05,5.538e-05,4.847e-05
4.9871e-05,4.439e-05,5.964e-05,4.816e-05,4.439e-05
5.2304e-05,4.613e-05,5.966e-05,5.27e-05,4.764e-05
5.3746e-05,4.865e-05,6.455e-05,5.269e-05,5.017e-05
5.2176e-05,4.465e-05,6.156e-05,5.104e-05,4.465e-05
5.5124e-05,4.728e-05,6.382e-05,5.4675e-05,4.728e-05
5.1831e-05,4.446e-05,5.977e-05,5.089e-05,4.706e-05
5.4073e-05,4.725e-05,6.383e-05,5.3185e-05,4.725e-05
5.2177e-05,4.404e-05,6.027e-05,5.1975e-05,4.404e-05
5.5766e-05,4.935e-05,6.35e-05,5.489e-05,5.104e-05
5.0401e-05,4.164e-05,5.6e-05,5.0015e-05,4.164e-05
5.5185e-05,4.87e-05,6.299e-05,5.418e-05,5.25e-05
4.9514e-05,4.211e-05,5.665e-05,4.8585e-05,4.211e-05
5.5674e-05,5.038e-05,6.714e-05,5.4405e-05,5.25e-05
5.0376e-05,4.449e-05,6.091e-05,4.7895e-05,4.449e-05
5.3296e-05,4.706e-05,6.056e-05,5.391e-05,4.85e-05
4.9929e-05,4.328e-05,5.831e-05,4.8265e-05,4.328e-05
5.2506e-05,4.659e-05,5.995e-05,5.3735e-05,4.816e-05
5.3238e-05,4.791e-05,6.381e-05,5.1655e-05,4.968e-05
5.3653e-05,4.462e-05,6.113e-05,5.3745e-05,4.462e-05
5.4051e-05,4.926e-05,6.331e-05,5.2475e-05,5.191e-05
5.3029e-05,4.364e-05,6.047e-05,5.306e-05,4.364e-05
5.5725e-05,4.926e-05,6.421e-05,5.422e-05,5.233e-05
5.0825e-05,4.176e-05,5.729e-05,5.0715e-05,4.176e-05
5.4824e-05,4.891e-05,6.215e-05,5.515e-05,5.065e-05
5.0456e-05,4.177e-05,5.785e-05,5.0175e-05,4.177e-05
5.3031e-05,4.907e-05,5.961e-05,5.227e-05,5.011e-05
4.99e-05,4.047e-05,5.996e-05,5.0495e-05,4.047e-05
5.69e-05,4.858e-05,6.291e-05,5.589e-05,5.498e-05
4.8888e-05,4.102e-05,5.626e-05,4.834e-05,4.102e-05
5.2626e-05,4.753e-05,5.959e-05,5.333e-05,4.92e-05
5.0925e-05,4.407e-05,5.954e-05,4.9305e-05,4.407e-05
5.323e-05,4.703e-05,6.292e-05,5.2765e-05,4.826e-05
5.0828e-05,4.509e-05,6.189e-05,4.8185e-05,4.509e-05
5.3067e-05,4.64e-05,5.992e-05,5.486e-05,4.772e-05
5.3304e-05,4.763e-05,6.361e-05,5.1465e-05,4.998e-05
5.2501e-05,4.527e-05,6.076e-05,5.129e-05,4.527e-05
5.6149e-05,4.816e-05,6.467e-05,5.5775e-05,4.816e-05
5.2e-05,4.486e-05,5.96e-05,5.0815e-05,4.753e-05
5.5196e-05,4.669e-05,6.336e-05,5.572e-05,4.669e-05
5.1426e-05,4.63e-05,5.987e-05,4.944e-05,4.725e-05
5.6654e-05,4.785e-05,6.7e-05,5.6615e-05,4.785e-05
5.0363e-05,4.345e-05,5.734e-05,4.9275e-05,4.345e-05
5.4366e-05,4.924e-05,6.148e-05,5.465e-05,4.987e-05
4.8795e-05,4.263e-05,5.565e-05,4.7365e-05,4.263e-05
5.4554e-05,4.892e-05,6.503e-05,5.2705e-05,4.892e-05
4.9884e-05,4.299e-05,5.668e-05,4.9025e-05,4.299e-05
5.2934e-05,4.795e-05,6.072e-05,5.323e-05,4.901e-05
5.0629e-05,4.533e-05,5.994e-05,4.989e-05,4.533e-05
5.2639e-05,4.683e-05,6.012e-05,5.3425e-05,4.855e-05
5.4115e-05,4.7e-05,6.358e-05,5.227e-05,4.7e-05
5.3464e-05,4.543e-05,6.229e-05,5.302e-05,4.543e-05
5.3873e-05,4.727e-05,6.345e-05,5.2425e-05,4.727e-05
5.3237e-05,4.453e-05,6.053e-05,5.3415e-05,4.453e-05
5.6738e-05,4.946e-05,6.426e-05,5.5805e-05,5.244e-05
5.2934e-05,4.49e-05,6.235e-05,5.1915e-05,4.49e-05
5.6567e-05,5.039e-05,6.425e-05,5.7275e-05,5.192e-05
5.0496e-05,4.139e-05,5.627e-05,5.1115e-05,4.139e-05
5.3489e-05,5.043e-05,6.021e-05,5.2295e-05,5.13e-05
4.9406e-05,4.252e-05,5.52e-05,4.984e-05,4.252e-05
5.3609e-05,4.936e-05,6.047e-05,5.3425e-05,4.936e-05
4.7905e-05,4.119e-05,5.453e-05,4.724e-05,4.119e-05
5.4203e-05,4.897e-05,6.371e-05,5.3085e-05,4.897e-05
5.0944e-05,4.535e-05,6.022e-05,4.8615e-05,4.535e-05
5.3027e-05,4.653e-05,6.021e-05,5.4445e-05,4.824e-05
5.4945e-05,4.646e-05,6.318e-05,5.4275e-05,4.841e-05
5.3515e-05,4.77e-05,6.028e-05,5.2115e-05,5.018e-05
5.3616e-05,4.677e-05,6.337e-05,5.1895e-05,4.677e-05
5.1636e-05,4.289e-05,5.938e-05,5.136e-05,4.289e-05
5.5053e-05,4.846e-05,6.332e-05,5.335e-05,5.028e-05
5.2521e-05,4.518e-05,6.176e-05,5.1865e-05,4.518e-05
5.4911e-05,4.592e-05,6.258e-05,5.524e-05,4.592e-05
5.4198e-05,4.732e-05,6.438e-05,5.301e-05,5.308e-05
5.6076e-05,4.717e-05,6.604e-05,5.6135e-05,4.717e-05
4.9941e-05,4.194e-05,5.757e-05,4.935e-05,4.194e-05
5.4518e-05,4.907e-05,6.08e-05,5.5545e-05,4.907e-05
4.7935e-05,4.112e-05,5.447e-05,4.721e-05,4.112e-05
5.4585e-05,4.846e-05,6.09e-05,5.5485e-05,4.846e-05
4.9246e-05,4.456e-05,5.949e-05,4.689e-05,4.468e-05
5.3256e-05,4.696e-05,6.033e-05,5.3755e-05,4.796e-05
4.9932e-05,4.466e-05,5.897e-05,4.8565e-05,4.466e-05
5.3459e-05,4.699e-05,6.307e-05,5.342e-05,4.737e-05
5.454e-05,4.779e-05,6.449e-05,5.262e-05,4.779e-05
5.3284e-05,4.32e-05,6.04e-05,5.403e-05,4.32e-05
5.3603e-05,4.861e-05,6.292e-05,5.238e-05,5.133e-05
5.2547e-05,4.307e-05,5.884e-05,5.302e-05,4.307e-05
5.6646e-05,5.093e-05,6.488e-05,5.5715e-05,5.607e-05
5.1695e-05,4.288e-05,6.004e-05,5.1515e-05,4.288e-05
5.8173e-05,4.987e-05,6.721e-05,5.7435e-05,5.158e-05
5.1616e-05,4.678e-05,6.055e-05,5.001e-05,4.678e-05
5.611e-05,5.066e-05,6.162e-05,5.681e-05,5.3e-05
5.122e-05,4.258e-05,5.777e-05,5.067e-05,4.258e-05
5.3235e-05,4.83e-05,5.946e-05,5.331e-05,4.953e-05
4.7554e-05,4.042e-05,5.384e-05,4.6955e-05,4.042e-05
5.2801e-05,4.656e-05,6.155e-05,5.209e-05,4.656e-05
5.0814e-05,4.444e-05,6.021e-05,4.914e-05,4.444e-05
5.2664e-05,4.637e-05,5.994e-05,5.3985e-05,4.79e-05
4.986e-05,4.43e-05,5.983e-05,4.83e-05,4.495e-05
5.2221e-05,4.591e-05,5.962e-05,5.3645e-05,4.762e-05
5.399e-05,4.666e-05,6.309e-05,5.2215e-05,4.666e-05
5.2546e-05,4.411e-05,6.013e-05,5.195e-05,4.411e-05
5.4624e-05,4.872e-05,6.387e-05,5.2945e-05,5.057e-05
5.223e-05,4.324e-05,5.959e-05,5.198e-05,4.324e-05
5.4869e-05,4.957e-05,6.385e-05,5.302e-05,5.171e-05
5.1794e-05,4.195e-05,5.756e-05,5.253e-05,4.195e-05
5.6885e-05,4.987e-05,6.641e-05,5.5905e-05,5.398e-05
5.0931e-05,4.284e-05,5.876e-05,5.0545e-05,4.284e-05
5.3769e-05,4.999e-05,6.066e-05,5.261e-05,5.045e-05
4.8286e-05,4.161e-05,5.462e-05,4.719e-05,4.161e-05
5.4969e-05,4.982e-05,6.566e-05,5.318e-05,4.982e-05
4.9222e-05,4.245e-05,5.704e-05,4.8315e-05,4.245e-05
5.25e-05,4.708e-05,5.957e-05,5.256e-05,4.822e-05
5.1028e-05,4.367e-05,5.917e-05,4.9605e-05,4.367e-05
5.2959e-05,4.643e-05,6.288e-05,5.2355e-05,4.829e-05
5.4455e-05,4.905e-05,6.672e-05,5.2105e-05,4.905e-05
5.3936e-05,4.371e-05,6.079e-05,5.4585e-05,4.371e-05
5.4361e-05,4.837e-05,6.544e-05,5.328e-05,5.604e-05
5.3169e-05,4.413e-05,5.91e-05,5.3695e-05,4.413e-05
5.6264e-05,4.924e-05,6.486e-05,5.509e-05,5.522e-05
5.2096e-05,4.364e-05,5.895e-05,5.172e-05,4.364e-05
5.67e-05,5.071e-05,6.431e-05,5.581e-05,5.209e-05
5.1568e-05,4.267e-05,5.891e-05,5.0735e-05,4.267e-05
5.5419e-05,4.959e-05,6.602e-05,5.379e-05,4.998e-05
4.9536e-05,4.242e-05,5.765e-05,4.857e-05,4.242e-05
5.3665e-05,4.844e-05,6.123e-05,5.2645e-05,4.911e-05
4.8881e-05,4.291e-05,5.722e-05,4.719e-05,4.291e-05
5.5368e-05,4.815e-05,6.386e-05,5.4695e-05,4.815e-05
5.1294e-05,4.69e-05,5.966e-05,4.927e-05,4.751e-05
5.4844e-05,4.478e-05,6.227e-05,5.514e-05,4.478e-05
5.092e-05,4.686e-05,5.948e-05,4.921e-05,4.702e-05
5.2775e-05,4.464e-05,6.206e-05,5.2725e-05,4.464e-05
5.5431e-05,4.967e-05,6.691e-05,5.4575e-05,4.967e-05
5.229e-05,4.391e-05,6.063e-05,5.1825e-05,4.391e-05
5.4459e-05,4.868e-05,6.287e-05,5.2635e-05,5.045e-05
5.1387e-05,4.331e-05,5.968e-05,5.0735e-05,4.331e-05
5.4466e-05,4.704e-05,6.329e-05,5.341e-05,4.704e-05
5.1843e-05,4.394e-05,5.983e-05,5.1505e-05,4.394e-05
5.6477e-05,4.713e-05,6.662e-05,5.6535e-05,4.713e-05
5.0991e-05,4.324e-05,5.832e-05,5.026e-05,4.324e-05
5.5709e-05,4.862e-05,6.69e-05,5.4045e-05,5.226e-05
4.9872e-05,4.274e-05,5.737e-05,4.8845e-05,4.274e-05
5.353e-05,4.757e-05,6.112e-05,5.4435e-05,4.94e-05
4.8962e-05,4.192e-05,5.631e-05,4.83e-05,4.192e-05
5.274e-05,4.71e-05,5.927e-05,5.2875e-05,4.809e-05
5.8908e-05,4.466e-05,7.848e-05,5.7865e-05,6.511e-05
5.3065e-05,4.68e-05,5.99e-05,5.4015e-05,4.821e-05
5.3966e-05,4.835e-05,6.505e-05,5.299e-05,5.093e-05
5.3764e-05,4.353e-05,6.103e-05,5.409e-05,4.353e-05
5.4663e-05,5.006e-05,6.459e-05,5.366e-05,5.433e-05
5.2936e-05,4.33e-05,5.972e-05,5.3155e-05,4.33e-05
5.6335e-05,4.968e-05,6.409e-05,5.4975e-05,5.407e-05
5.1848e-05,4.261e-05,5.796e-05,5.174e-05,4.261e-05
5.7356e-05,5.191e-05,6.512e-05,5.574e-05,5.469e-05
5.0028e-05,4.371e-05,5.712e-05,4.9305e-05,4.371e-05
5.4685e-05,4.919e-05,6.47e-05,5.391e-05,4.919e-05
4.922e-05,4.184e-05,5.729e-05,4.8195e-05,4.184e-05
5.439e-05,4.87e-05,6.403e-05,5.304e-05,4.87e-05
4.8271e-05,4.136e-05,5.584e-05,4.7135e-05,4.136e-05
5.2881e-05,4.726e-05,6.226e-05,5.3245e-05,4.726e-05
5.0328e-05,4.393e-05,5.946e-05,4.908e-05,4.393e-05
5.2314e-05,4.635e-05,6.023e-05,5.2525e-05,4.814e-05
4.9529e-05,4.241e-05,5.775e-05,4.8095e-05,4.241e-05
5.2235e-05,4.524e-05,6.163e-05,5.2815e-05,4.703e-05
5.4421e-05,4.977e-05,6.742e-05,5.2265e-05,4.977e-05
5.167e-05,4.346e-05,5.967e-05,5.0975e-05,4.346e-05
5.5892e-05,4.891e-05,6.546e-05,5.526e-05,4.891e-05
5.1589e-05,4.472e-05,6.101e-05,5.0105e-05,4.652e-05
5.4325e-05,4.752e-05,6.403e-05,5.3415e-05,4.752e-05
5.1416e-05,4.335e-05,5.943e-05,5.1015e-05,4.335e-05
5.6839e-05,4.765e-05,6.736e-05,5.693e-05,4.765e-05
4.986e-05,4.242e-05,5.718e-05,4.867e-05,4.242e-05
5.4119e-05,4.895e-05,6.121e-05,5.4265e-05,4.947e-05
4.9487e-05,4.146e-05,5.64e-05,4.8735e-05,4.146e-05
5.4603e-05,4.804e-05,6.418e-05,5.332e-05,4.917e-05
4.8741e-05,4.149e-05,5.635e-05,4.8055e-05,4.149e-05
5.271e-05,4.727e-05,5.903e-05,5.253e-05,4.758e-05
5.0502e-05,4.529e-05,5.939e-05,4.862e-05,4.573e-05
5.3101e-05,4.643e-05,6.243e-05,5.3105e-05,4.671e-05
5.5121e-05,4.935e-05,6.609e-05,5.322e-05,4.935e-05
5.372e-05,4.339e-05,6.071e-05,5.4245e-05,4.339e-05
5.5063e-05,4.863e-05,6.571e-05,5.4215e-05,5.38e-05
5.4104e-05,4.448e-05,6.118e-05,5.531e-05,4.448e-05
5.7641e-05,4.999e-05,6.478e-05,5.7125e-05,5.584e-05
5.1724e-05,4.205e-05,5.778e-05,5.2405e-05,4.205e-05
5.7598e-05,5.226e-05,6.493e-05,5.7965e-05,5.43e-05
5.0251e-05,4.049e-05,5.696e-05,5.138e-05,4.049e-05
5.3958e-05,5.003e-05,6.018e-05,5.289e-05,5.044e-05
4.799e-05,4.077e-05,5.232e-05,4.938e-05,4.077e-05
5.3349e-05,4.935e-05,6.076e-05,5.315e-05,4.943e-05
4.7771e-05,3.994e-05,5.395e-05,4.8355e-05,3.994e-05
5.3328e-05,4.838e-05,6.02e-05,5.346e-05,4.959e-05
5.0215e-05,4.328e-05,5.862e-05,4.8705e-05,4.328e-05
5.3175e-05,4.729e-05,6.039e-05,5.3645e-05,4.826e-05
4.9689e-05,4.454e-05,6.035e-05,4.8055e-05,4.503e-05
5.3096e-05,4.61e-05,6.236e-05,5.378e-05,4.75e-05
5.4525e-05,4.805e-05,6.507e-05,5.2805e-05,4.805e-05
5.288e-05,4.359e-05,6.055e-05,5.2995e-05,4.359e-05
5.7173e-05,5.15e-05,6.625e-05,5.561e-05,5.447e-05
5.1511e-05,4.306e-05,5.832e-05,5.1355e-05,4.306e-05
5.4855e-05,4.907e-05,6.385e-05,5.3555e-05,5.23e-05
5.1504e-05,4.351e-05,5.967e-05,5.0945e-05,4.351e-05
5.4928e-05,4.912e-05,6.304e-05,5.5555e-05,4.962e-05
5.0478e-05,4.222e-05,5.664e-05,4.953e-05,4.222e-05
5.5419e-05,4.878e-05,6.292e-05,5.4465e-05,5.167e-05
4.7761e-05,3.806e-05,5.363e-05,4.8305e-05,3.806e-05
5.2933e-05,4.879e-05,5.972e-05,5.2495e-05,4.956e-05
4.7876e-05,4.164e-05,5.526e-05,4.726e-05,4.164e-05
5.344e-05,4.744e-05,6.275e-05,5.298e-05,4.772e-05
4.9938e-05,4.462e-05,5.943e-05,4.767e-05,4.462e-05
5.3072e-05,4.657e-05,6.289e-05,5.3285e-05,4.808e-05
5.5149e-05,5.003e-05,6.785e-05,5.3115e-05,5.003e-05
5.3706e-05,4.452e-05,6.217e-05,5.3735e-05,4.452e-05
5.4816e-05,4.997e-05,6.497e-05,5.366e-05,5.263e-05
5.2457e-05,4.405e-05,5.986e-05,5.236e-05,4.405e-05
5.5002e-05,4.982e-05,6.506e-05,5.363e-05,5.27e-05
5.1174e-05,4.202e-05,5.812e-05,5.133e-05,4.202e-05
5.4579e-05,5.06e-05,6.114e-05,5.3805e-05,5.06e-05
5.0711e-05,4.437e-05,6.062e-05,4.944e-05,4.437e-05
5.5024e-05,4.915e-05,6.323e-05,5.5755e-05,5.082e-05
5.0798e-05,4.151e-05,5.728e-05,5.1145e-05,4.151e-05
5.4993e-05,4.729e-05,6.244e-05,5.435e-05,5.456e-05
4.875e-05,4.109e-05,5.642e-05,4.817e-05,4.109e-05
5.2599e-05,4.707e-05,5.986e-05,5.317e-05,4.865e-05
5.1226e-05,4.487e-05,6.25e-05,4.9075e-05,4.487e-05
5.324e-05,4.658e-05,6.083e-05,5.465e-05,4.888e-05
5.0206e-05,4.313e-05,5.877e-05,4.833e-05,4.313e-05
5.2841e-05,4.568e-05,6.257e-05,5.393e-05,4.786e-05
5.4783e-05,4.832e-05,6.527e-05,5.303e-05,4.832e-05
5.2283e-05,4.334e-05,6.007e-05,5.226e-05,4.334e-05
5.5312e-05,4.948e-05,6.333e-05,5.3315e-05,5.057e-05
5.1916e-05,4.386e-05,6.049e-05,5.1345e-05,4.386e-05
5.5432e-05,4.783e-05,6.442e-05,5.492e-05,4.783e-05
5.209e-05,4.635e-05,5.994e-05,5.121e-05,4.651e-05
5.684e-05,4.717e-05,6.62e-05,5.7895e-05,4.717e-05
5.0576e-05,4.51e-05,6.058e-05,4.869e-05,4.564e-05
5.6762e-05,4.774e-05,6.758e-05,5.641e-05,4.774e-05
5.0096e-05,4.47e-05,5.678e-05,4.9135e-05,4.47e-05
5.5126e-05,4.743e-05,6.606e-05,5.3795e-05,4.743e-05
4.9491e-05,4.205e-05,5.692e-05,4.8485e-05,4.205e-05
5.2747e-05,4.639e-05,5.955e-05,5.2965e-05,4.855e-05
4.9946e-05,4.477e-05,5.954e-05,4.8515e-05,4.489e-05
5.322e-05,4.687e-05,6.191e-05,5.391e-05,4.761e-05
5.5206e-05,4.822e-05,6.54e-05,5.3555e-05,4.822e-05
5.3997e-05,4.472e-05,6.201e-05,5.421e-05,4.472e-05
5.7464e-05,5.251e-05,6.78e-05,5.5785e-05,5.505e-05
5.312e-05,4.349e-05,5.927e-05,5.3855e-05,4.349e-05
5.6454e-05,4.981e-05,6.43e-05,5.502e-05,5.541e-05
5.197e-05,4.229e-05,5.814e-05,5.276e-05,4.229e-05
5.6129e-05,4.995e-05,6.366e-05,5.618e-05,5.326e-05
5.1525e-05,4.226e-05,5.83e-05,5.2425e-05,4.226e-05
5.4454e-05,5.067e-05,6.096e-05,5.378e-05,5.103e-05
4.8356e-05,4.118e-05,5.411e-05,4.927e-05,4.118e-05
5.4667e-05,4.935e-05,6.238e-05,5.3215e-05,4.997e-05
4.9161e-05,4.356e-05,5.921e-05,4.727e-05,4.406e-05
5.3348e-05,4.728e-05,6.22e-05,5.3415e-05,4.93e-05
5.0885e-05,4.426e-05,5.893e-05,4.937e-05,4.426e-05
5.4007e-05,4.671e-05,6.425e-05,5.4065e-05,4.978e-05
5.0584e-05,4.48e-05,5.959e-05,4.829e-05,4.48e-05
5.1844e-05,4.534e-05,5.939e-05,5.274e-05,4.701e-05
5.3224e-05,4.681e-05,6.33e-05,5.201e-05,5.063e-05
5.27e-05,4.382e-05,6.069e-05,5.2595e-05,4.382e-05
5.5985e-05,5.008e-05,6.398e-05,5.502e-05,5.291e-05
5.1721e-05,4.267e-05,5.757e-05,5.2335e-05,4.267e-05
5.4303e-05,4.882e-05,6.314e-05,5.3635e-05,5.309e-05
5.1527e-05,4.226e-05,5.724e-05,5.211e-05,4.226e-05
5.4981e-05,4.978e-05,6.36e-05,5.4415e-05,5.343e-05
4.9911e-05,4.053e-05,5.63e-05,5.033e-05,4.053e-05
5.3799e-05,4.902e-05,6.003e-05,5.364e-05,4.999e-05
4.8221e-05,4.148e-05,5.486e-05,4.756e-05,4.148e-05
5.3515e-05,4.835e-05,6.094e-05,5.348e-05,4.835e-05
4.943e-05,4.378e-05,5.655e-05,4.9445e-05,4.378e-05
5.2559e-05,4.694e-05,5.851e-05,5.2225e-05,4.821e-05
4.9055e-05,4.312e-05,5.445e-05,4.984e-05,4.312e-05
5.1337e-05,4.724e-05,5.662e-05,5.148e-05,4.745e-05
5.2976e-05,4.523e-05,6.299e-05,5.3195e-05,5.255e-05
5.4193e-05,4.19e-05,6.129e-05,5.648e-05,4.19e-05
5.3406e-05,4.749e-05,6.291e-05,5.29e-05,5.378e-05
5.2744e-05,4.318e-05,5.964e-05,5.337e-05,4.318e-05
5.7117e-05,5.076e-05,6.512e-05,5.583e-05,5.482e-05
5.1621e-05,4.219e-05,5.961e-05,5.2175e-05,4.219e-05
5.458e-05,5.051e-05,6.1e-05,5.3155e-05,5.263e-05
4.9617e-05,4.211e-05,5.573e-05,5.0405e-05,4.211e-05
5.4168e-05,5.054e-05,6.199e-05,5.2385e-05,5.054e-05
4.9464e-05,4.277e-05,5.57e-05,4.937e-05,4.277e-05
5.3543e-05,4.891e-05,6.009e-05,5.3205e-05,4.891e-05
4.8044e-05,4.098e-05,5.393e-05,4.8175e-05,4.098e-05
5.248e-05,4.753e-05,6.127e-05,5.0995e-05,4.753e-05
5.1348e-05,4.477e-05,5.903e-05,5.0015e-05,4.477e-05
5.2613e-05,4.644e-05,6.012e-05,5.3025e-05,4.813e-05
4.9654e-05,4.427e-05,5.96e-05,4.825e-05,4.514e-05
5.2439e-05,4.56e-05,6.162e-05,5.316e-05,4.731e-05
5.4411e-05,4.786e-05,6.467e-05,5.241e-05,4.786e-05
5.2205e-05,4.251e-05,5.943e-05,5.276e-05,4.251e-05
5.6674e-05,4.921e-05,6.536e-05,5.5145e-05,5.373e-05
5.1431e-05,4.3e-05,5.803e-05,5.12e-05,4.3e-05
5.5009e-05,4.965e-05,6.46e-05,5.405e-05,5.273e-05
5.1386e-05,4.231e-05,5.779e-05,5.1265e-05,4.231e-05
5.6391e-05,4.961e-05,6.352e-05,5.6685e-05,5.231e-05
5.0308e-05,4.171e-05,5.818e-05,4.973e-05,4.171e-05
8.293e-05,4.602e-05,9.199e-05,8.9315e-05,7.799e-05
5.0111e-05,4.472e-05,5.501e-05,5.116e-05,4.788e-05
5.3205e-05,4.65e-05,6.154e-05,5.2805e-05,4.943e-05
4.7618e-05,4.019e-05,5.253e-05,4.9535e-05,4.285e-05
5.205e-05,4.62e-05,5.735e-05,5.2335e-05,4.62e-05
4.973e-05,4.316e-05,5.425e-05,5.05e-05,4.568e-05
5.2406e-05,4.681e-05,5.98e-05,5.2415e-05,4.681e-05
5.2873e-05,4.759e-05,6.171e-05,5.124e-05,4.874e-05
5.3354e-05,4.438e-05,6.147e-05,5.309e-05,4.438e-05
5.325e-05,4.772e-05,6.385e-05,5.204e-05,5.025e-05
5.1645e-05,4.25e-05,5.905e-05,5.181e-05,4.25e-05
5.5303e-05,4.995e-05,6.272e-05,5.426e-05,5.16e-05
5.127e-05,4.307e-05,5.931e-05,5.0215e-05,4.307e-05
5.4988e-05,5.008e-05,6.372e-05,5.438e-05,5.011e-05
5.1758e-05,4.329e-05,5.951e-05,5.1695e-05,4.329e-05
5.4805e-05,5.016e-05,6.114e-05,5.455e-05,5.112e-05
4.9261e-05,4.185e-05,5.492e-05,4.991e-05,4.185e-05
5.4138e-05,4.964e-05,6.048e-05,5.3315e-05,4.964e-05
4.7899e-05,4.14e-05,5.205e-05,4.9035e-05,4.14e-05
5.2481e-05,4.837e-05,5.96e-05,5.1645e-05,4.837e-05
5.013e-05,4.338e-05,5.892e-05,5.0215e-05,4.525e-05
5.2871e-05,4.656e-05,6.103e-05,5.321e-05,4.912e-05
4.987e-05,4.477e-05,5.956e-05,4.8095e-05,4.498e-05
5.1701e-05,4.524e-05,5.942e-05,5.24e-05,4.701e-05
5.4224e-05,4.721e-05,6.371e-05,5.262e-05,4.721e-05
5.2338e-05,4.361e-05,6.029e-05,5.193e-05,4.361e-05
5.4314e-05,4.932e-05,6.291e-05,5.233e-05,5.009e-05
5.2347e-05,4.374e-05,6.04e-05,5.224e-05,4.374e-05
5.4253e-05,4.71e-05,6.269e-05,5.2895e-05,5.03e-05
5.1306e-05,4.142e-05,5.765e-05,5.201e-05,4.142e-05
5.5947e-05,4.977e-05,6.314e-05,5.552e-05,5.327e-05
4.9194e-05,4.255e-05,5.54e-05,4.8645e-05,4.255e-05
5.4657e-05,4.94e-05,6.43e-05,5.366e-05,5.016e-05
5.0611e-05,4.314e-05,5.797e-05,4.9715e-05,4.314e-05
5.3344e-05,4.797e-05,6.016e-05,5.3995e-05,4.972e-05
4.8696e-05,4.251e-05,5.621e-05,4.718e-05,4.251e-05
5.3223e-05,4.603e-05,6.252e-05,5.3475e-05,4.768e-05
5.1926e-05,4.598e-05,6.37e-05,4.994e-05,4.598e-05
5.349e-05,4.707e-05,6.098e-05,5.5e-05,4.889e-05
5.3464e-05,4.818e-05,6.39e-05,5.2275e-05,4.996e-05
5.3251e-05,4.411e-05,6.062e-05,5.357e-05,4.411e-05
5.3475e-05,4.78e-05,6.356e-05,5.2375e-05,5.117e-05
5.2557e-05,4.424e-05,5.999e-05,5.223e-05,4.424e-05
5.3745e-05,4.853e-05,6.2e-05,5.28e-05,4.999e-05
5.1362e-05,4.311e-05,5.967e-05,5.0935e-05,4.311e-05
5.5093e-05,4.98e-05,6.301e-05,5.54e-05,5.17e-05
5.1125e-05,4.299e-05,6.07e-05,5.0545e-05,4.299e-05
5.5003e-05,4.939e-05,6.284e-05,5.6175e-05,5.078e-05
5.0383e-05,4.184e-05,5.64e-05,5e-05,4.184e-05
5.2976e-05,4.836e-05,6.009e-05,5.2675e-05,4.958e-05
4.8825e-05,4.118e-05,5.614e-05,4.869e-05,4.118e-05
5.2378e-05,4.761e-05,5.97e-05,5.2355e-05,4.997e-05
5.088e-05,4.412e-05,5.83e-05,4.996e-05,4.412e-05
5.2977e-05,4.744e-05,5.98e-05,5.3955e-05,4.842e-05
4.9766e-05,4.429e-05,5.772e-05,4.8495e-05,4.429e-05
5.3656e-05,4.689e-05,6.502e-05,5.2585e-05,4.689e-05
5.5148e-05,5.137e-05,6.643e-05,5.3055e-05,5.312e-05
5.2391e-05,4.315e-05,6.047e-05,5.2205e-05,4.315e-05
5.4847e-05,4.817e-05,6.376e-05,5.298e-05,5.108e-05
5.2002e-05,4.276e-05,5.834e-05,5.2425e-05,4.276e-05
5.5992e-05,4.863e-05,6.366e-05,5.5135e-05,5.36e-05
5.1027e-05,4.124e-05,5.738e-05,5.15e-05,4.124e-05
5.5684e-05,4.914e-05,6.373e-05,5.442e-05,5.237e-05
5.0134e-05,4.25e-05,5.735e-05,4.8805e-05,4.25e-05
5.5019e-05,4.917e-05,6.162e-05,5.5235e-05,4.966e-05
4.9037e-05,4.345e-05,5.713e-05,4.7505e-05,4.345e-05
5.5239e-05,4.709e-05,6.547e-05,5.4185e-05,4.709e-05
4.9249e-05,4.219e-05,5.665e-05,4.8435e-05,4.219e-05
5.2694e-05,4.745e-05,5.954e-05,5.289e-05,4.745e-05
5.0105e-05,4.438e-05,5.906e-05,4.9115e-05,4.521e-05
5.2262e-05,4.636e-05,5.96e-05,5.3165e-05,4.705e-05
5.4182e-05,4.833e-05,6.488e-05,5.325e-05,5.125e-05
5.3059e-05,4.458e-05,6.108e-05,5.277e-05,4.458e-05
5.313e-05,4.789e-05,6.267e-05,5.233e-05,5.043e-05
5.1934e-05,4.38e-05,5.963e-05,5.13e-05,4.38e-05
5.5426e-05,4.923e-05,6.454e-05,5.445e-05,5.124e-05
5.1719e-05,4.357e-05,5.898e-05,5.0955e-05,4.357e-05
5.4546e-05,4.944e-05,6.311e-05,5.3655e-05,5.035e-05
5.1077e-05,4.2e-05,5.889e-05,5.0485e-05,4.2e-05
5.4084e-05,4.929e-05,6.112e-05,5.428e-05,5.059e-05
4.9814e-05,4.2e-05,5.602e-05,5.0725e-05,4.2e-05
5.3231e-05,4.943e-05,5.919e-05,5.236e-05,5.062e-05
4.8484e-05,4.032e-05,5.411e-05,4.931e-05,4.032e-05
5.3001e-05,4.86e-05,6.249e-05,5.1725e-05,4.879e-05
5.1704e-05,4.588e-05,6.081e-05,4.957e-05,4.588e-05
5.3233e-05,4.727e-05,6.063e-05,5.3695e-05,4.869e-05
5.0574e-05,4.396e-05,5.895e-05,4.9435e-05,4.396e-05
5.2512e-05,4.643e-05,6.149e-05,5.2245e-05,4.736e-05
5.3275e-05,4.804e-05,6.557e-05,5.083e-05,4.804e-05
5.2224e-05,4.408e-05,6.048e-05,5.1105e-05,4.408e-05
5.6313e-05,4.896e-05,6.521e-05,5.5875e-05,4.896e-05
5.2353e-05,4.673e-05,6.027e-05,5.101e-05,4.673e-05
5.4492e-05,4.682e-05,6.355e-05,5.4185e-05,4.682e-05
5.0537e-05,4.394e-05,5.93e-05,4.9265e-05,4.543e-05
5.613e-05,4.679e-05,6.665e-05,5.591e-05,4.679e-05
5.0475e-05,4.28e-05,5.871e-05,5e-05,4.28e-05
5.536e-05,4.935e-05,6.626e-05,5.354e-05,4.99e-05
4.9383e-05,4.144e-05,5.682e-05,4.8785e-05,4.144e-05
5.4437e-05,4.997e-05,6.125e-05,5.4735e-05,5.019e-05
4.8784e-05,4.251e-05,5.424e-05,4.866e-05,4.251e-05
5.3125e-05,4.636e-05,6.347e-05,5.267e-05,4.939e-05
5.1996e-05,4.416e-05,5.97e-05,5.1305e-05,5.002e-05
5.4025e-05,4.843e-05,6.289e-05,5.3565e-05,5.532e-05
5.1741e-05,4.297e-05,5.867e-05,5.31e-05,5.418e-05
5.2486e-05,4.322e-05,5.993e-05,5.2325e-05,4.322e-05
5.2918e-05,4.788e-05,6.289e-05,5.1055e-05,5.123e-05
5.2438e-05,4.359e-05,5.901e-05,5.2835e-05,4.359e-05
5.3911e-05,4.911e-05,6.217e-05,5.317e-05,5.262e-05
5.1365e-05,4.329e-05,5.819e-05,5.072e-05,4.329e-05
5.492e-05,5.009e-05,6.358e-05,5.384e-05,5.126e-05
5.0304e-05,4.183e-05,5.762e-05,4.9875e-05,4.183e-05
5.3872e-05,5.007e-05,6.103e-05,5.2265e-05,5.035e-05
5.3506e-05,4.855e-05,5.913e-05,5.4065e-05,4.919e-05
5.2556e-05,4.664e-05,6.195e-05,5.2285e-05,5.326e-05
5.4443e-05,4.809e-05,6.507e-05,5.351e-05,4.809e-05
5.6754e-05,5.099e-05,6.635e-05,5.4305e-05,5.382e-05
5.3856e-05,4.722e-05,6.382e-05,5.2965e-05,4.722e-05
5.8266e-05,5.331e-05,6.808e-05,5.613e-05,5.593e-05
5.264e-05,4.458e-05,6.225e-05,5.218e-05,4.458e-05
6.0683e-05,5.428e-05,7.287e-05,5.9375e-05,5.845e-05
5.3739e-05,4.923e-05,6.206e-05,5.2425e-05,5.175e-05
5.7991e-05,5.188e-05,6.48e-05,5.7575e-05,5.346e-05
5.2329e-05,4.906e-05,6.101e-05,5.0105e-05,4.953e-05
5.9409e-05,5.284e-05,7.04e-05,5.698e-05,5.547e-05
5.4396e-05,4.793e-05,6.227e-05,5.387e-05,4.793e-05
5.6053e-05,5.09e-05,6.475e-05,5.469e-05,5.353e-05
5.229e-05,4.426e-05,6.088e-05,5.178e-05,4.426e-05
5.4334e-05,4.816e-05,6.216e-05,5.3705e-05,4.999e-05
5.3391e-05,4.775e-05,6.257e-05,5.183e-05,4.775e-05
5.5291e-05,4.777e-05,6.642e-05,5.4415e-05,4.777e-05
5.7127e-05,5.128e-05,6.618e-05,5.5005e-05,5.395e-05
5.7645e-05,4.864e-05,6.311e-05,5.9415e-05,4.864e-05
5.5437e-05,4.731e-05,6.038e-05,5.755e-05,5.864e-05
5.3715e-05,4.844e-05,6.461e-05,5.2425e-05,4.844e-05
5.9869e-05,5.346e-05,7.275e-05,5.84e-05,5.688e-05
5.2681e-05,4.586e-05,6.233e-05,5.1795e-05,4.586e-05
5.8139e-05,5.084e-05,6.871e-05,5.8135e-05,5.308e-05
5.2499e-05,4.624e-05,6.196e-05,5.1625e-05,4.624e-05
5.5194e-05,4.948e-05,6.25e-05,5.499e-05,5.028e-05
4.8594e-05,4.082e-05,5.527e-05,4.866e-05,4.082e-05
5.2719e-05,4.872e-05,5.71e-05,5.2725e-05,5.015e-05
4.9852e-05,4.576e-05,5.487e-05,4.951e-05,4.767e-05
5.4994e-05,5.077e-05,6.48e-05,5.3555e-05,5.463e-05
5.2838e-05,4.66e-05,6.221e-05,5.148e-05,4.66e-05
5.3074e-05,4.642e-05,6.336e-05,5.2295e-05,4.642e-05
5.2555e-05,4.796e-05,6.296e-05,5.103e-05,5.073e-05
5.2775e-05,4.597e-05,6.021e-05,5.267e-05,4.597e-05
5.4926e-05,4.897e-05,6.209e-05,5.331e-05,5.227e-05
5.296e-05,4.896e-05,6.315e-05,5.112e-05,4.907e-05
5.8773e-05,5.141e-05,6.574e-05,5.8675e-05,5.242e-05
5.1474e-05,4.686e-05,6.102e-05,4.962e-05,4.884e-05
5.9375e-05,5.226e-05,7.17e-05,5.729e-05,5.636e-05
5.3074e-05,4.568e-05,6.219e-05,5.276e-05,4.568e-05
5.7511e-05,5.058e-05,6.371e-05,5.8435e-05,5.058e-05
5.0721e-05,4.586e-05,5.939e-05,4.8685e-05,4.811e-05
5.6958e-05,5.122e-05,6.754e-05,5.629e-05,5.497e-05
5.2725e-05,4.526e-05,6.153e-05,5.217e-05,4.526e-05
5.7701e-05,5.177e-05,6.787e-05,5.654e-05,5.529e-05
5.3486e-05,4.665e-05,6.147e-05,5.2675e-05,4.665e-05
5.5299e-05,4.949e-05,6.397e-05,5.4415e-05,5.215e-05
5.441e-05,4.732e-05,6.176e-05,5.361e-05,4.732e-05
5.598e-05,5.091e-05,6.864e-05,5.3275e-05,5.212e-05
5.7499e-05,5.227e-05,6.74e-05,5.5195e-05,5.485e-05
5.5765e-05,5.043e-05,6.756e-05,5.3865e-05,5.043e-05
5.6274e-05,5.048e-05,6.555e-05,5.4095e-05,5.347e-05
5.3391e-05,4.501e-05,6.018e-05,5.3755e-05,4.501e-05
5.8808e-05,5.318e-05,6.916e-05,5.8895e-05,6.007e-05
5.3289e-05,4.578e-05,6.312e-05,5.2805e-05,4.578e-05
6.0178e-05,5.507e-05,7.031e-05,5.9465e-05,5.797e-05
5.2093e-05,4.42e-05,5.916e-05,5.285e-05,4.42e-05
5.5783e-05,5.057e-05,6.145e-05,5.58e-05,5.67e-05
4.9321e-05,4.123e-05,5.897e-05,4.897e-05,4.123e-05
5.4799e-05,4.821e-05,6.356e-05,5.3725e-05,5.72e-05
5.0757e-05,4.493e-05,6.062e-05,4.9995e-05,5.199e-05
5.407e-05,4.81e-05,6.024e-05,5.3875e-05,5.644e-05
5.2213e-05,4.591e-05,5.886e-05,5.18e-05,5.527e-05
5.2196e-05,4.768e-05,5.938e-05,5.1e-05,5.08e-05
5.3286e-05,4.603e-05,5.949e-05,5.475e-05,5.949e-05
5.2528e-05,4.635e-05,6.25e-05,5.1485e-05,4.811e-05
5.5095e-05,4.614e-05,6.077e-05,5.6725e-05,5.977e-05
5.1429e-05,4.731e-05,6.106e-05,4.9335e-05,4.76e-05
5.639e-05,4.587e-05,6.482e-05,5.6755e-05,6.139e-05
5.1785e-05,4.625e-05,6.104e-05,5.0295e-05,5.292e-05
5.5457e-05,4.603e-05,6.255e-05,5.587e-05,6.088e-05
5.177e-05,4.561e-05,6.208e-05,4.9435e-05,4.933e-05
5.5435e-05,4.931e-05,6.12e-05,5.546e-05,5.964e-05
5.0169e-05,4.49e-05,5.999e-05,4.925e-05,4.708e-05
5.537e-05,4.891e-05,6.389e-05,5.4485e-05,5.827e-05
5.0645e-05,4.408e-05,5.915e-05,5.1565e-05,5.224e-05
5.4716e-05,4.879e-05,6.376e-05,5.3125e-05,5.65e-05
4.9395e-05,4.31e-05,5.851e-05,4.9455e-05,5.139e-05
5.2931e-05,4.646e-05,5.923e-05,5.2475e-05,5.583e-05
5.0536e-05,4.355e-05,5.458e-05,5.131e-05,5.458e-05
5.2221e-05,4.709e-05,6.192e-05,5.145e-05,4.709e-05
5.3111e-05,4.586e-05,6.171e-05,5.2345e-05,5.288e-05
5.3565e-05,4.613e-05,6.233e-05,5.4e-05,4.613e-05
5.4851e-05,4.691e-05,6.171e-05,5.4885e-05,5.926e-05
5.1972e-05,4.871e-05,6.146e-05,5.0495e-05,4.871e-05
5.5559e-05,4.639e-05,6.252e-05,5.646e-05,5.874e-05
5.1205e-05,4.609e-05,6.328e-05,4.921e-05,4.936e-05
5.6925e-05,5.089e-05,6.567e-05,5.5825e-05,5.896e-05
5.0243e-05,4.478e-05,6.07e-05,4.944e-05,4.979e-05
5.4864e-05,4.821e-05,6.021e-05,5.4345e-05,5.784e-05
4.9275e-05,4.537e-05,5.486e-05,4.79e-05,4.682e-05
5.5519e-05,5.122e-05,6.676e-05,5.3875e-05,5.569e-05
5.0234e-05,4.396e-05,5.694e-05,4.9435e-05,5.396e-05
5.6646e-05,5.105e-05,6.865e-05,5.4595e-05,5.523e-05
5.2495e-05,4.568e-05,5.966e-05,5.2595e-05,5.451e-05
5.3105e-05,4.7e-05,6.073e-05,5.2825e-05,5.296e-05
5.0219e-05,4.279e-05,5.4e-05,5.1685e-05,5.4e-05
5.2037e-05,4.656e-05,6.159e-05,5.1185e-05,4.805e-05
5.5601e-05,4.859e-05,6.28e-05,5.584e-05,5.864e-05
5.1171e-05,4.63e-05,5.931e-05,5.0005e-05,5.027e-05
5.6611e-05,4.665e-05,6.449e-05,5.69e-05,6.163e-05
5.1618e-05,4.591e-05,6.166e-05,5.0525e-05,5.125e-05
5.531e-05,4.663e-05,6.214e-05,5.551e-05,6.03e-05
5.2324e-05,4.679e-05,6.295e-05,4.9905e-05,4.911e-05
5.7409e-05,5.245e-05,6.586e-05,5.664e-05,5.908e-05
5.0174e-05,4.476e-05,5.822e-05,4.9995e-05,4.94e-05
5.5276e-05,4.892e-05,6.181e-05,5.3775e-05,6.008e-05
5.1529e-05,4.769e-05,6.011e-05,5.07e-05,5.114e-05
5.4428e-05,4.82e-05,6.092e-05,5.3445e-05,5.765e-05
4.9584e-05,4.52e-05,5.824e-05,4.8555e-05,4.915e-05
5.2767e-05,4.643e-05,5.912e-05,5.155e-05,5.641e-05
5.165e-05,4.505e-05,5.642e-05,5.2095e-05,5.549e-05
5.2824e-05,4.692e-05,6.228e-05,5.232e-05,4.74e-05
5.6096e-05,4.803e-05,6.217e-05,5.6655e-05,6.072e-05
5.4049e-05,4.87e-05,6.565e-05,5.2175e-05,4.949e-05
5.5009e-05,4.664e-05,6.005e-05,5.6725e-05,5.855e-05
6.4584e-05,4.489e-05,0.00011052,5.203e-05,4.667e-05
5.6599e-05,5.095e-05,6.686e-05,5.492e-05,5.39e-05
5.14e-05,4.325e-05,6.093e-05,5.144e-05,4.325e-05
5.7176e-05,5.163e-05,6.689e-05,5.652e-05,5.419e-05
5.076e-05,4.365e-05,6.05e-05,5.04e-05,4.365e-05
5.6472e-05,5.053e-05,6.572e-05,5.574e-05,5.343e-05
5.0769e-05,4.494e-05,5.714e-05,5.0965e-05,4.5e-05
5.465e-05,5.142e-05,6.336e-05,5.3405e-05,5.158e-05
5.1544e-05,4.561e-05,6.102e-05,5.0575e-05,4.561e-05
5.3265e-05,4.647e-05,6.322e-05,5.3275e-05,4.849e-05
5.3159e-05,4.747e-05,6.393e-05,5.1355e-05,4.747e-05
5.4127e-05,4.684e-05,6.467e-05,5.2995e-05,4.684e-05
5.2762e-05,4.823e-05,6.322e-05,5.1345e-05,5.156e-05
5.3068e-05,4.478e-05,6.307e-05,5.2935e-05,4.478e-05
5.3646e-05,4.806e-05,6.14e-05,5.187e-05,5.07e-05
5.1575e-05,4.516e-05,6.188e-05,5.045e-05,4.516e-05
5.8833e-05,5.307e-05,7.019e-05,5.7635e-05,5.805e-05
5.1487e-05,4.448e-05,6.134e-05,5.0945e-05,4.448e-05
5.66e-05,4.97e-05,6.689e-05,5.5875e-05,5.166e-05
5.0192e-05,4.269e-05,5.979e-05,5.007e-05,4.269e-05
5.5853e-05,4.839e-05,6.594e-05,5.627e-05,5.071e-05
4.9259e-05,4.146e-05,5.766e-05,4.9625e-05,4.146e-05
5.4021e-05,4.992e-05,6.198e-05,5.274e-05,5.249e-05
5.0869e-05,4.4e-05,5.97e-05,5.0565e-05,4.4e-05
5.3754e-05,4.672e-05,6.157e-05,5.436e-05,4.759e-05
4.9565e-05,4.503e-05,5.934e-05,4.7715e-05,4.677e-05
5.3063e-05,4.6e-05,6.042e-05,5.316e-05,4.84e-05
5.1793e-05,4.592e-05,6.117e-05,5.0125e-05,4.796e-05
5.3669e-05,4.685e-05,6.483e-05,5.2095e-05,4.685e-05
5.4626e-05,4.861e-05,6.246e-05,5.2275e-05,5.141e-05
5.2811e-05,4.81e-05,6.32e-05,5.1255e-05,4.81e-05
5.4649e-05,4.823e-05,6.221e-05,5.2085e-05,5.074e-05
5.1699e-05,4.554e-05,6.161e-05,5.0495e-05,4.554e-05
5.8062e-05,5.164e-05,7.06e-05,5.731e-05,5.471e-05
5.1236e-05,4.423e-05,5.838e-05,5.085e-05,4.423e-05
5.4971e-05,4.898e-05,6.069e-05,5.49e-05,5.105e-05
4.8521e-05,4.221e-05,5.484e-05,4.904e-05,4.221e-05
5.3226e-05,4.853e-05,5.843e-05,5.2445e-05,5.232e-05
4.7664e-05,4.164e-05,5.243e-05,4.7285e-05,4.164e-05
5.3529e-05,4.86e-05,5.838e-05,5.33e-05,5.54e-05
4.9051e-05,4.274e-05,5.644e-05,4.8145e-05,5.068e-05
5.3636e-05,4.774e-05,6.064e-05,5.347e-05,5.507e-05
9.9296e-05,5.164e-05,0.00011452,0.00010453,0.00011452
5.6183e-05,4.832e-05,6.649e-05,5.53e-05,5.793e-05
5.2473e-05,4.576e-05,6.105e-05,5.2225e-05,5.41e-05
5.1747e-05,4.634e-05,5.852e-05,5.0235e-05,5.433e-05
5.3991e-05,4.569e-05,5.95e-05,5.5405e-05,5.95e-05
5.1581e-05,4.56e-05,6.012e-05,5.067e-05,4.756e-05
5.5655e-05,4.613e-05,6.412e-05,5.585e-05,5.913e-05
5.1267e-05,4.389e-05,6.008e-05,5.116e-05,5.159e-05
5.4774e-05,4.523e-05,6.122e-05,5.5405e-05,6.066e-05
5.215e-05,4.565e-05,6.271e-05,5.0265e-05,4.87e-05
5.5217e-05,4.881e-05,6.111e-05,5.511e-05,5.868e-05
4.9649e-05,4.537e-05,5.983e-05,4.8225e-05,4.673e-05
5.4784e-05,4.861e-05,6.067e-05,5.452e-05,5.948e-05
5.0464e-05,4.517e-05,5.953e-05,4.966e-05,4.929e-05
5.4122e-05,4.801e-05,6.059e-05,5.364e-05,5.66e-05
4.977e-05,4.484e-05,5.742e-05,4.9755e-05,5.056e-05
5.3506e-05,4.777e-05,6.252e-05,5.1465e-05,5.532e-05
5.1811e-05,4.359e-05,5.789e-05,5.251e-05,5.634e-05
5.1156e-05,4.755e-05,5.568e-05,5.064e-05,5.083e-05
5.3936e-05,4.624e-05,5.907e-05,5.522e-05,5.709e-05
5.0901e-05,4.54e-05,5.57e-05,5.1655e-05,4.686e-05
5.3532e-05,4.609e-05,5.803e-05,5.4635e-05,5.783e-05
5.1897e-05,4.554e-05,6.192e-05,5.1835e-05,4.554e-05
5.6844e-05,4.708e-05,6.543e-05,5.6785e-05,6.215e-05
5.1139e-05,4.545e-05,6.057e-05,4.9885e-05,5.103e-05
5.6725e-05,4.978e-05,6.456e-05,5.5825e-05,6.106e-05
6.9723e-05,5.209e-05,8.164e-05,6.9345e-05,6.755e-05
5.6732e-05,5.077e-05,6.668e-05,5.5305e-05,5.908e-05
4.9822e-05,4.441e-05,5.71e-05,4.861e-05,5.051e-05
5.6051e-05,5.034e-05,6.322e-05,5.561e-05,5.866e-05
5.108e-05,4.454e-05,5.762e-05,5.0845e-05,5.502e-05
5.4571e-05,4.889e-05,5.996e-05,5.426e-05,5.754e-05
5.328e-05,4.563e-05,6.097e-05,5.3765e-05,5.462e-05
5.316e-05,4.536e-05,6.32e-05,5.269e-05,4.536e-05
5.2941e-05,4.919e-05,6.396e-05,5.089e-05,5.182e-05
5.1867e-05,4.545e-05,6.202e-05,5.0995e-05,4.545e-05
5.5436e-05,4.935e-05,6.37e-05,5.27e-05,5.204e-05
5.2669e-05,4.78e-05,6.291e-05,5.059e-05,4.935e-05
5.8336e-05,5.247e-05,7.059e-05,5.648e-05,5.502e-05
5.097e-05,4.437e-05,5.844e-05,5.055e-05,4.437e-05
5.4718e-05,4.947e-05,6.425e-05,5.34e-05,5.309e-05
4.9954e-05,4.289e-05,5.734e-05,5.105e-05,4.289e-05
5.3749e-05,4.847e-05,5.951e-05,5.423e-05,5.213e-05
4.9465e-05,4.36e-05,5.652e-05,4.8785e-05,4.36e-05
5.3677e-05,4.888e-05,6.13e-05,5.3535e-05,5.559e-05
4.9669e-05,4.43e-05,5.957e-05,4.895e-05,4.892e-05
5.4848e-05,4.908e-05,6.128e-05,5.422e-05,5.764e-05
4.9428e-05,4.485e-05,5.774e-05,4.899e-05,5.057e-05
5.3321e-05,4.71e-05,5.973e-05,5.2305e-05,5.727e-05
5.1561e-05,4.504e-05,5.735e-05,5.2045e-05,5.364e-05
5.1595e-05,4.766e-05,5.568e-05,5.11e-05,4.973e-05
5.2805e-05,4.58e-05,5.893e-05,5.3485e-05,5.32e-05
5.1374e-05,4.591e-05,6.164e-05,5.0595e-05,4.591e-05
5.3885e-05,4.757e-05,6.202e-05,5.1245e-05,5.048e-05
5.2034e-05,4.732e-05,6.183e-05,4.978e-05,4.732e-05
8.0486e-05,5.007e-05,8.961e-05,8.508e-05,7.729e-05
5.0774e-05,4.682e-05,5.985e-05,4.8795e-05,4.838e-05
5.727e-05,4.91e-05,6.474e-05,5.7965e-05,5.036e-05
5.0094e-05,4.535e-05,5.89e-05,4.7855e-05,4.753e-05
5.4976e-05,4.834e-05,6.64e-05,5.283e-05,5.107e-05
5.0366e-05,4.513e-05,6.043e-05,4.8405e-05,4.513e-05
5.5204e-05,4.905e-05,6.635e-05,5.3935e-05,5.117e-05
5.1216e-05,4.419e-05,5.808e-05,5.125e-05,4.419e-05
5.2172e-05,4.788e-05,5.605e-05,5.345e-05,4.845e-05
5.1625e-05,4.548e-05,6.052e-05,5.162e-05,5.222e-05
5.2574e-05,4.694e-05,6.399e-05,5.164e-05,4.698e-05
5.3451e-05,4.85e-05,6.339e-05,5.2165e-05,5.122e-05
5.4909e-05,4.968e-05,6.704e-05,5.247e-05,4.968e-05
5.3951e-05,4.794e-05,6.321e-05,5.1735e-05,5.108e-05
5.1234e-05,4.394e-05,6.106e-05,5.0705e-05,4.394e-05
5.7829e-05,5.027e-05,6.593e-05,5.653e-05,5.216e-05
5.1074e-05,4.672e-05,6.044e-05,4.882e-05,4.816e-05
5.606e-05,5.072e-05,6.552e-05,5.5305e-05,5.342e-05
4.9995e-05,4.29e-05,5.991e-05,4.9405e-05,4.29e-05
5.5915e-05,4.99e-05,6.668e-05,5.4945e-05,5.419e-05
4.9699e-05,4.271e-05,5.92e-05,4.913e-05,4.271e-05
5.5874e-05,5.002e-05,6.459e-05,5.5885e-05,5.252e-05
5.0466e-05,4.31e-05,5.977e-05,4.9575e-05,4.31e-05
5.4219e-05,4.745e-05,5.99e-05,5.4335e-05,4.926e-05
5.1161e-05,4.654e-05,6.006e-05,4.926e-05,4.893e-05
5.2986e-05,4.64e-05,6.076e-05,5.3225e-05,4.846e-05
5.1623e-05,4.665e-05,6.162e-05,4.986e-05,4.665e-05
5.304e-05,4.504e-05,6.321e-05,5.2905e-05,4.504e-05
5.499e-05,4.892e-05,6.404e-05,5.29e-05,5.2e-05
5.3606e-05,4.557e-05,6.101e-05,5.415e-05,4.557e-05
5.3067e-05,4.728e-05,6.157e-05,5.234e-05,5.32e-05
5.1605e-05,4.338e-05,6.169e-05,5.147e-05,4.338e-05
5.7314e-05,5.003e-05,6.8e-05,5.659e-05,5.266e-05
4.9625e-05,4.136e-05,5.632e-05,5.04e-05,4.136e-05
5.3961e-05,4.955e-05,5.761e-05,5.469e-05,5.349e-05
5.015e-05,4.598e-05,5.928e-05,4.8495e-05,4.712e-05
6.9551e-05,6.098e-05,8.34e-05,6.8575e-05,7.09e-05
5.0065e-05,4.353e-05,5.968e-05,4.9605e-05,4.353e-05
5.5212e-05,4.848e-05,6.135e-05,5.6455e-05,4.908e-05
5.0591e-05,4.621e-05,5.865e-05,4.896e-05,4.648e-05
5.3165e-05,4.786e-05,6.091e-05,5.253e-05,5.113e-05
5.0833e-05,4.569e-05,5.879e-05,4.946e-05,4.607e-05
5.2682e-05,4.61e-05,6.138e-05,5.1785e-05,4.61e-05
5.2771e-05,4.843e-05,6.356e-05,5.096e-05,5.108e-05
5.2572e-05,4.595e-05,6.313e-05,5.1635e-05,4.595e-05
5.4275e-05,4.811e-05,6.306e-05,5.202e-05,5.089e-05
5.1473e-05,4.355e-05,6.124e-05,5.1555e-05,4.355e-05
5.8087e-05,5.137e-05,7.06e-05,5.6135e-05,5.466e-05
5.1164e-05,4.381e-05,6.051e-05,5.0225e-05,4.381e-05
5.6516e-05,4.896e-05,6.309e-05,5.671e-05,5.1e-05
4.8326e-05,4.315e-05,5.613e-05,4.8095e-05,4.36e-05
5.3685e-05,4.787e-05,5.895e-05,5.4525e-05,5.347e-05
4.8119e-05,4.332e-05,5.354e-05,4.7415e-05,4.332e-05
5.4229e-05,4.89e-05,6.169e-05,5.3085e-05,5.37e-05
4.8361e-05,4.383e-05,5.373e-05,4.8145e-05,4.462e-05
5.364e-05,4.788e-05,6.12e-05,5.3425e-05,5.394e-05
4.927e-05,4.319e-05,5.867e-05,4.8945e-05,4.763e-05
5.2988e-05,4.706e-05,5.943e-05,5.192e-05,5.565e-05
5.1623e-05,4.489e-05,5.752e-05,5.204e-05,5.429e-05
5.11e-05,4.673e-05,5.602e-05,5.116e-05,5.03e-05
5.3764e-05,4.633e-05,5.817e-05,5.5525e-05,5.768e-05
5.2913e-05,4.765e-05,6.447e-05,5.208e-05,4.999e-05
5.4848e-05,4.669e-05,6.151e-05,5.5805e-05,5.838e-05
5.1714e-05,4.821e-05,6.043e-05,4.9745e-05,4.955e-05
5.5889e-05,4.695e-05,6.5e-05,5.536e-05,5.969e-05
5.1259e-05,4.554e-05,6.133e-05,5.003e-05,5.04e-05
5.6869e-05,5.05e-05,6.491e-05,5.585e-05,5.973e-05
4.9235e-05,4.347e-05,5.616e-05,4.9775e-05,4.999e-05
5.5864e-05,4.968e-05,6.29e-05,5.52e-05,5.999e-05
4.9479e-05,4.475e-05,5.744e-05,4.8325e-05,4.996e-05
5.478e-05,5.031e-05,6.411e-05,5.3945e-05,5.446e-05
5.0589e-05,4.53e-05,5.802e-05,4.935e-05,5.244e-05
5.6246e-05,5.084e-05,6.401e-05,5.6395e-05,5.721e-05
5.1404e-05,4.429e-05,5.602e-05,5.2165e-05,5.494e-05
6.6105e-05,5.494e-05,7.37e-05,6.5545e-05,6.553e-05
5.1354e-05,4.27e-05,5.637e-05,5.235e-05,5.637e-05
5.2364e-05,4.741e-05,5.94e-05,5.1175e-05,4.939e-05
5.3468e-05,4.65e-05,5.849e-05,5.4135e-05,5.849e-05
5.0657e-05,4.414e-05,5.992e-05,4.9985e-05,4.414e-05
5.6406e-05,4.607e-05,6.531e-05,5.6535e-05,6.145e-05
5.1849e-05,4.528e-05,6.009e-05,5.1345e-05,5.184e-05
5.537e-05,4.591e-05,6.411e-05,5.513e-05,6.073e-05
5.1428e-05,4.596e-05,6.104e-05,4.9955e-05,5.076e-05
5.5451e-05,4.886e-05,6.374e-05,5.418e-05,5.747e-05
4.9931e-05,4.312e-05,5.824e-05,5.0665e-05,5.101e-05
5.3806e-05,4.83e-05,6.08e-05,5.248e-05,5.667e-05
5.0598e-05,4.488e-05,5.857e-05,4.963e-05,5.056e-05
5.3369e-05,4.768e-05,6.003e-05,5.2985e-05,5.633e-05
4.9952e-05,4.47e-05,5.796e-05,4.824e-05,4.834e-05
5.2716e-05,4.789e-05,5.991e-05,5.2155e-05,5.509e-05
5.1529e-05,4.255e-05,5.513e-05,5.342e-05,5.406e-05
5.2194e-05,4.619e-05,5.963e-05,5.1995e-05,4.619e-05
5.434e-05,4.737e-05,6.348e-05,5.4435e-05,5.497e-05
5.3363e-05,4.743e-05,6.292e-05,5.2475e-05,4.743e-05
5.4805e-05,4.904e-05,6.345e-05,5.365e-05,5.27e-05
5.2129e-05,4.595e-05,6.063e-05,5.11e-05,4.595e-05
5.7665e-05,5.083e-05,6.492e-05,5.7165e-05,5.281e-05
5.0825e-05,4.565e-05,5.835e-05,4.944e-05,4.565e-05
5.607e-05,5.077e-05,6.514e-05,5.4005e-05,5.24e-05
5.0535e-05,4.303e-05,5.833e-05,5.0875e-05,4.303e-05
5.6533e-05,5.224e-05,6.453e-05,5.585e-05,5.45e-05
5.0177e-05,4.247e-05,5.776e-05,4.9815e-05,4.247e-05
5.4241e-05,4.851e-05,6.265e-05,5.451e-05,4.96e-05
5.0918e-05,4.364e-05,6.028e-05,4.9995e-05,4.364e-05
5.5082e-05,4.755e-05,6.284e-05,5.501e-05,5.007e-05
5.3646e-05,4.866e-05,6.48e-05,5.0885e-05,4.915e-05
5.4449e-05,4.768e-05,6.571e-05,5.412e-05,4.768e-05
5.2989e-05,4.907e-05,6.427e-05,5.1125e-05,5.206e-05
5.2504e-05,4.484e-05,6.338e-05,5.1935e-05,4.484e-05
5.4156e-05,4.791e-05,6.216e-05,5.132e-05,5.059e-05
5.2046e-05,4.8e-05,6.265e-05,4.9535e-05,4.829e-05
5.6247e-05,5.009e-05,6.738e-05,5.467e-05,5.196e-05
5.1689e-05,4.486e-05,6.153e-05,5.065e-05,4.486e-05
5.568e-05,4.947e-05,6.436e-05,5.4615e-05,5.205e-05
5.0474e-05,4.346e-05,6.061e-05,4.981e-05,4.346e-05
5.5513e-05,4.746e-05,6.228e-05,5.6535e-05,4.947e-05
5.0142e-05,4.526e-05,6.083e-05,4.7955e-05,4.794e-05
5.7655e-05,5.049e-05,6.808e-05,5.6755e-05,5.302e-05
5.1869e-05,4.474e-05,5.848e-05,5.2105e-05,4.474e-05
5.3378e-05,4.921e-05,5.952e-05,5.287e-05,5.123e-05
4.8947e-05,4.276e-05,5.627e-05,4.783e-05,5.109e-05
5.3674e-05,4.888e-05,6.371e-05,5.239e-05,5.446e-05
5.0669e-05,4.21e-05,5.458e-05,5.2795e-05,5.347e-05
5.0728e-05,4.512e-05,5.45e-05,5.1225e-05,4.68e-05
5.4679e-05,4.547e-05,5.905e-05,5.675e-05,5.905e-05
5.3666e-05,4.802e-05,6.441e-05,5.1605e-05,4.889e-05
5.5255e-05,4.688e-05,6.13e-05,5.6295e-05,5.867e-05
5.1246e-05,4.809e-05,6.001e-05,4.962e-05,4.844e-05
5.5029e-05,4.618e-05,6.192e-05,5.5395e-05,5.889e-05
5.0985e-05,4.698e-05,6.039e-05,4.9715e-05,4.963e-05
5.7275e-05,5.135e-05,6.539e-05,5.5595e-05,6.222e-05
5.0824e-05,4.537e-05,6.073e-05,4.983e-05,5.062e-05
5.5885e-05,4.918e-05,6.342e-05,5.5455e-05,6.079e-05
5.0169e-05,4.513e-05,5.942e-05,4.905e-05,4.99e-05
5.444e-05,4.803e-05,6.047e-05,5.4275e-05,5.81e-05
4.9756e-05,4.58e-05,5.897e-05,4.922e-05,4.97e-05
5.3679e-05,4.767e-05,6.063e-05,5.2835e-05,5.616e-05
5.1925e-05,4.392e-05,5.65e-05,5.3685e-05,5.597e-05
5.3021e-05,4.682e-05,6.256e-05,5.2665e-05,4.867e-05
5.0839e-05,4.411e-05,5.549e-05,5.145e-05,5.494e-05
5.2451e-05,4.689e-05,6.377e-05,5.054e-05,4.738e-05
5.4673e-05,4.636e-05,5.998e-05,5.608e-05,5.849e-05
5.0374e-05,4.564e-05,5.888e-05,4.923e-05,4.564e-05
5.6354e-05,4.581e-05,6.503e-05,5.6445e-05,6.155e-05
5.137e-05,4.662e-05,6.057e-05,5.0445e-05,5.174e-05
5.5206e-05,4.611e-05,6.361e-05,5.5025e-05,6.011e-05
5.1816e-05,4.555e-05,6.085e-05,5.0835e-05,5.103e-05
5.5151e-05,4.864e-05,6.313e-05,5.4235e-05,5.732e-05
4.9156e-05,4.311e-05,5.746e-05,4.929e-05,4.874e-05
5.4971e-05,4.896e-05,6.27e-05,5.355e-05,5.99e-05
5.0724e-05,4.575e-05,5.926e-05,4.983e-05,5.3e-05
5.4367e-05,4.766e-05,6.2e-05,5.359e-05,5.769e-05
5.0856e-05,4.399e-05,5.912e-05,5.074e-05,5.74e-05
5.4526e-05,4.786e-05,6.325e-05,5.347e-05,5.816e-05
5.1693e-05,4.37e-05,5.623e-05,5.33e-05,5.456e-05
5.2066e-05,4.567e-05,6.095e-05,5.149e-05,4.894e-05
5.5371e-05,4.706e-05,6.034e-05,5.724e-05,5.897e-05
5.2521e-05,4.692e-05,6.104e-05,5.156e-05,4.793e-05
5.5736e-05,4.731e-05,6.219e-05,5.659e-05,5.926e-05
5.1402e-05,4.769e-05,6.084e-05,4.941e-05,4.769e-05
5.581e-05,4.637e-05,6.281e-05,5.6145e-05,5.972e-05
5.0485e-05,4.621e-05,6.02e-05,4.8635e-05,4.929e-05
5.6254e-05,4.979e-05,6.423e-05,5.536e-05,5.963e-05
5.0895e-05,4.51e-05,6.041e-05,5.052e-05,4.976e-05
5.5895e-05,4.888e-05,6.381e-05,5.4885e-05,5.83e-05
4.978e-05,4.381e-05,5.828e-05,4.914e-05,4.813e-05
5.4659e-05,4.762e-05,6.345e-05,5.326e-05,5.846e-05
5.1011e-05,4.577e-05,6.069e-05,5.033e-05,5.223e-05
5.4441e-05,4.79e-05,6.316e-05,5.335e-05,5.686e-05
5.231e-05,4.432e-05,5.82e-05,5.3725e-05,5.714e-05
5.3624e-05,4.912e-05,6.049e-05,5.2155e-05,5.121e-05
5.1082e-05,4.437e-05,5.929e-05,5.13e-05,5.322e-05
5.1755e-05,4.546e-05,6.285e-05,5.101e-05,4.546e-05
5.4668e-05,4.956e-05,6.46e-05,5.2385e-05,5.232e-05
5.1358e-05,4.399e-05,6.122e-05,5.098e-05,4.399e-05
5.7072e-05,4.959e-05,6.811e-05,5.6365e-05,5.241e-05
5.0825e-05,4.416e-05,6.04e-05,5.015e-05,4.416e-05
5.5014e-05,4.803e-05,6.221e-05,5.3855e-05,4.99e-05
5.0797e-05,4.669e-05,6.048e-05,4.8575e-05,4.835e-05
5.5882e-05,4.88e-05,6.68e-05,5.558e-05,5.173e-05
5.0036e-05,4.214e-05,5.662e-05,4.99e-05,4.214e-05
5.5512e-05,5.034e-05,6.596e-05,5.4305e-05,5.557e-05
4.992e-05,4.256e-05,5.967e-05,4.9645e-05,4.256e-05
5.3204e-05,4.595e-05,6.149e-05,5.413e-05,4.733e-05
4.8636e-05,4.332e-05,5.741e-05,4.738e-05,4.542e-05
5.318e-05,4.785e-05,6.454e-05,5.1535e-05,5.038e-05
5.2228e-05,4.609e-05,6.179e-05,5.1475e-05,4.609e-05
5.256e-05,4.665e-05,6.425e-05,5.0865e-05,4.665e-05
5.4076e-05,4.888e-05,6.329e-05,5.1975e-05,5.112e-05
5.2751e-05,4.513e-05,6e-05,5.3045e-05,4.513e-05
6.877e-05,5.556e-05,8.069e-05,7.0665e-05,7.952e-05
5.1077e-05,4.342e-05,5.878e-05,5.0725e-05,4.342e-05
5.5589e-05,4.934e-05,6.319e-05,5.514e-05,5.018e-05
4.9578e-05,4.57e-05,5.399e-05,4.98e-05,4.726e-05
5.4895e-05,5.14e-05,6.123e-05,5.342e-05,5.201e-05
4.9826e-05,4.401e-05,5.773e-05,4.897e-05,4.986e-05
5.5448e-05,4.791e-05,6.164e-05,5.6605e-05,5.709e-05
4.8994e-05,4.509e-05,5.637e-05,4.7305e-05,4.958e-05
5.4186e-05,4.866e-05,6.137e-05,5.3935e-05,5.659e-05
5.0121e-05,4.325e-05,5.664e-05,4.966e-05,5.373e-05
5.4914e-05,4.906e-05,6.614e-05,5.272e-05,5.561e-05
5.1329e-05,4.339e-05,5.535e-05,5.304e-05,5.475e-05
5.2126e-05,4.751e-05,5.791e-05,5.1475e-05,4.848e-05
5.063e-05,4.391e-05,5.493e-05,5.218e-05,5.439e-05
5.2167e-05,4.444e-05,6.178e-05,5.243e-05,4.444e-05
5.4841e-05,4.547e-05,5.973e-05,5.684e-05,5.973e-05
5.1237e-05,4.522e-05,5.996e-05,5.016e-05,4.522e-05
5.6066e-05,4.669e-05,6.507e-05,5.5695e-05,5.992e-05
5.2034e-05,4.565e-05,6.143e-05,5.076e-05,5.144e-05
5.4465e-05,4.527e-05,6.132e-05,5.5115e-05,5.778e-05
4.998e-05,4.602e-05,5.9e-05,4.8185e-05,4.602e-05
5.4895e-05,4.885e-05,6.107e-05,5.439e-05,5.704e-05
4.8981e-05,4.441e-05,5.725e-05,4.745e-05,4.652e-05
5.3888e-05,4.837e-05,6.221e-05,5.235e-05,5.652e-05
4.9895e-05,4.411e-05,5.817e-05,5.039e-05,5.145e-05
5.3814e-05,4.751e-05,5.973e-05,5.291e-05,5.765e-05
4.9471e-05,4.522e-05,5.884e-05,4.8845e-05,4.859e-05
5.3804e-05,4.757e-05,6.227e-05,5.265e-05,5.591e-05
5.1945e-05,4.392e-05,5.857e-05,5.2835e-05,5.582e-05
5.1945e-05,4.721e-05,5.905e-05,5.095e-05,5.045e-05
5.621e-05,4.668e-05,6.306e-05,5.7955e-05,6.306e-05
5.2419e-05,4.808e-05,6.204e-05,5.052e-05,4.81e-05
5.4976e-05,4.69e-05,6.034e-05,5.614e-05,5.96e-05
5.2304e-05,4.753e-05,6.164e-05,5.0065e-05,4.851e-05
5.6327e-05,4.618e-05,6.455e-05,5.6675e-05,5.969e-05
5.0914e-05,4.58e-05,6.089e-05,4.9395e-05,4.994e-05
5.5976e-05,4.933e-05,6.194e-05,5.5695e-05,6.081e-05
5.3045e-05,4.809e-05,6.293e-05,5.1745e-05,5.255e-05
5.5819e-05,4.867e-05,6.383e-05,5.499e-05,5.905e-05
4.9864e-05,4.45e-05,5.989e-05,4.9025e-05,4.924e-05
5.4634e-05,4.786e-05,6.264e-05,5.3575e-05,5.779e-05
5.1094e-05,4.601e-05,6.136e-05,5.042e-05,5.105e-05
5.4242e-05,4.704e-05,6.12e-05,5.366e-05,5.718e-05
5.3899e-05,4.704e-05,6.05e-05,5.5435e-05,6.05e-05
5.4079e-05,4.944e-05,6.188e-05,5.2545e-05,5.114e-05
5.2214e-05,4.427e-05,5.631e-05,5.352e-05,5.613e-05
5.2442e-05,4.624e-05,6.12e-05,5.2055e-05,4.624e-05
5.5912e-05,4.828e-05,6.382e-05,5.646e-05,6.025e-05
5.1826e-05,4.699e-05,6.258e-05,5.054e-05,4.834e-05
5.7146e-05,4.828e-05,6.59e-05,5.681e-05,6.16e-05
5.1901e-05,4.639e-05,6.216e-05,5.04e-05,5.155e-05
5.6175e-05,4.818e-05,6.506e-05,5.533e-05,5.951e-05
5.0689e-05,4.536e-05,6.091e-05,4.8945e-05,5.048e-05
5.5113e-05,4.892e-05,6.164e-05,5.457e-05,5.754e-05
4.9261e-05,4.439e-05,5.802e-05,4.826e-05,4.784e-05
5.4669e-05,4.859e-05,6.081e-05,5.4125e-05,5.772e-05
4.9963e-05,4.531e-05,5.876e-05,4.954e-05,5.043e-05
5.4377e-05,4.867e-05,6.299e-05,5.2545e-05,5.653e-05
4.937e-05,4.327e-05,5.844e-05,4.9275e-05,5.088e-05
5.3101e-05,4.727e-05,6.114e-05,5.184e-05,5.514e-05
5.4375e-05,4.622e-05,5.958e-05,5.5705e-05,5.533e-05
5.2959e-05,4.783e-05,6.067e-05,5.1675e-05,5.046e-05
5.5244e-05,4.563e-05,6.044e-05,5.6435e-05,6.044e-05
5.1245e-05,4.452e-05,5.61e-05,5.214e-05,4.705e-05
5.3353e-05,4.598e-05,5.687e-05,5.55e-05,5.669e-05
5.1164e-05,4.558e-05,6.147e-05,4.993e-05,4.558e-05
5.5696e-05,4.557e-05,6.437e-05,5.5955e-05,6.113e-05
5.1311e-05,4.588e-05,6.015e-05,4.9975e-05,5.227e-05
5.5944e-05,4.958e-05,6.487e-05,5.519e-05,5.654e-05
4.9346e-05,4.327e-05,5.702e-05,4.897e-05,4.94e-05
5.4426e-05,4.802e-05,6.05e-05,5.499e-05,5.919e-05
4.8608e-05,4.514e-05,5.561e-05,4.6805e-05,4.641e-05
5.3594e-05,4.854e-05,6.063e-05,5.2985e-05,5.494e-05
5.019e-05,4.255e-05,5.576e-05,5.0345e-05,5.519e-05
5.5766e-05,5.002e-05,6.713e-05,5.523e-05,5.541e-05
5.1159e-05,4.345e-05,5.57e-05,5.279e-05,5.409e-05
5.3434e-05,4.927e-05,6.34e-05,5.1255e-05,5.073e-05
5.1775e-05,4.447e-05,5.635e-05,5.2805e-05,5.635e-05
5.3936e-05,4.777e-05,6.501e-05,5.2495e-05,5.166e-05
5.5381e-05,4.764e-05,6.265e-05,5.566e-05,5.999e-05
5.3455e-05,4.874e-05,6.42e-05,5.212e-05,5.215e-05
5.5541e-05,4.734e-05,6.516e-05,5.4605e-05,5.872e-05
5.458e-05,4.973e-05,6.698e-05,5.27e-05,5.243e-05
5.4309e-05,4.541e-05,6.102e-05,5.457e-05,6.049e-05
5.2216e-05,4.606e-05,6.169e-05,5.141e-05,5.267e-05
5.5314e-05,4.889e-05,6.388e-05,5.4115e-05,5.753e-05
4.9051e-05,4.312e-05,5.9e-05,4.837e-05,4.887e-05
5.6494e-05,4.806e-05,6.3e-05,5.7745e-05,5.854e-05
4.8494e-05,4.319e-05,5.401e-05,4.8375e-05,4.62e-05
5.2763e-05,4.723e-05,6.008e-05,5.268e-05,5.419e-05
4.8914e-05,4.333e-05,5.666e-05,4.8855e-05,4.333e-05
5.2002e-05,4.564e-05,5.868e-05,5.2145e-05,5.055e-05
5.4176e-05,4.761e-05,5.933e-05,5.5495e-05,4.899e-05
5.2145e-05,4.779e-05,5.624e-05,5.153e-05,4.953e-05
5.35e-05,4.629e-05,5.875e-05,5.3925e-05,5.555e-05
5.1834e-05,4.772e-05,5.564e-05,5.2055e-05,5.203e-05
5.4675e-05,4.876e-05,5.875e-05,5.4975e-05,5.838e-05
5.181e-05,4.662e-05,6.23e-05,5.0515e-05,4.985e-05
5.7061e-05,4.772e-05,6.61e-05,5.704e-05,5.995e-05
5.147e-05,4.574e-05,5.874e-05,5.121e-05,5.337e-05
5.5645e-05,5.047e-05,6.089e-05,5.497e-05,5.946e-05
5.0896e-05,4.664e-05,6.031e-05,4.9655e-05,4.959e-05
5.6953e-05,5.049e-05,6.482e-05,5.607e-05,6.077e-05
5.034e-05,4.355e-05,5.762e-05,5.0065e-05,5.052e-05
5.4759e-05,4.82e-05,6.157e-05,5.5e-05,5.928e-05
5.1066e-05,4.635e-05,6.004e-05,4.9645e-05,5.191e-05
5.4235e-05,4.81e-05,6.062e-05,5.42e-05,5.696e-05
5.183e-05,4.476e-05,5.65e-05,5.2585e-05,5.27e-05
5.4015e-05,4.916e-05,6.306e-05,5.262e-05,5.069e-05
5.4856e-05,5.085e-05,6.622e-05,5.308e-05,5.393e-05
5.3384e-05,4.696e-05,5.957e-05,5.387e-05,4.774e-05
5.3395e-05,4.798e-05,5.924e-05,5.3625e-05,5.364e-05
5.0889e-05,4.468e-05,6.094e-05,5.04e-05,4.468e-05
5.7055e-05,4.973e-05,6.507e-05,5.6525e-05,5.071e-05
5.1187e-05,4.811e-05,6.026e-05,4.9165e-05,4.811e-05
5.63e-05,4.871e-05,6.67e-05,5.5915e-05,5.09e-05
5.5027e-05,4.538e-05,6.176e-05,5.6665e-05,4.538e-05
5.6606e-05,4.87e-05,6.797e-05,5.492e-05,5.74e-05
5.0152e-05,4.395e-05,5.943e-05,4.918e-05,4.395e-05
5.5604e-05,4.843e-05,6.553e-05,5.547e-05,5.056e-05
5.0545e-05,4.414e-05,5.827e-05,4.98e-05,4.414e-05
5.4731e-05,4.607e-05,5.955e-05,5.5865e-05,4.902e-05
4.9259e-05,4.387e-05,5.708e-05,4.864e-05,4.7e-05
5.3271e-05,4.584e-05,5.947e-05,5.3815e-05,4.89e-05
5.1915e-05,4.502e-05,5.899e-05,5.1735e-05,5.224e-05
5.2721e-05,4.678e-05,6.243e-05,5.2875e-05,4.678e-05
5.4386e-05,4.81e-05,6.381e-05,5.234e-05,5.156e-05
5.2232e-05,4.51e-05,6.015e-05,5.196e-05,4.51e-05
5.4604e-05,4.941e-05,6.372e-05,5.3215e-05,5.223e-05
5.1985e-05,4.577e-05,6.201e-05,5.106e-05,4.577e-05
5.797e-05,5.165e-05,7.057e-05,5.684e-05,5.52e-05
5.0925e-05,4.316e-05,5.778e-05,5.101e-05,4.316e-05
5.5554e-05,5.212e-05,6.424e-05,5.4735e-05,5.419e-05
4.9406e-05,4.232e-05,5.704e-05,4.889e-05,4.232e-05
5.5404e-05,4.85e-05,6.533e-05,5.501e-05,5.083e-05
4.945e-05,4.205e-05,5.726e-05,4.8665e-05,4.205e-05
5.3935e-05,4.777e-05,5.95e-05,5.478e-05,4.885e-05
4.9836e-05,4.366e-05,5.991e-05,4.797e-05,4.652e-05
5.3404e-05,4.64e-05,6.051e-05,5.3635e-05,4.782e-05
5.1898e-05,4.771e-05,6.109e-05,5.0505e-05,5.075e-05
5.345e-05,4.558e-05,6.379e-05,5.3245e-05,4.558e-05
5.3904e-05,4.938e-05,6.455e-05,5.252e-05,5.197e-05
5.1862e-05,4.488e-05,6.081e-05,5.182e-05,4.495e-05
5.3724e-05,4.772e-05,6.189e-05,5.132e-05,5.049e-05
5.1408e-05,4.57e-05,6.193e-05,5.0335e-05,4.57e-05
5.7222e-05,5.016e-05,6.86e-05,5.5975e-05,5.267e-05
4.9079e-05,4.205e-05,5.584e-05,4.874e-05,4.205e-05
5.3513e-05,4.803e-05,5.816e-05,5.396e-05,5.236e-05
4.9072e-05,4.406e-05,5.674e-05,4.825e-05,4.406e-05
5.4629e-05,4.907e-05,5.925e-05,5.566e-05,5.641e-05
4.9285e-05,4.39e-05,5.775e-05,4.966e-05,4.434e-05
5.4642e-05,4.91e-05,6.317e-05,5.295e-05,5.713e-05
5.1021e-05,4.413e-05,5.863e-05,5.2155e-05,5.345e-05
5.6116e-05,4.826e-05,6.181e-05,5.611e-05,5.836e-05
4.8806e-05,4.393e-05,5.643e-05,4.809e-05,4.393e-05
5.1972e-05,4.527e-05,5.814e-05,5.1645e-05,4.769e-05
5.3343e-05,4.719e-05,6.176e-05,5.161e-05,5.082e-05
5.2262e-05,4.481e-05,5.998e-05,5.201e-05,4.481e-05
5.4104e-05,4.788e-05,6.043e-05,5.4055e-05,5.639e-05
5.1863e-05,4.571e-05,6.014e-05,5.116e-05,4.571e-05
5.3747e-05,4.805e-05,6.239e-05,5.2675e-05,5.161e-05
5.1371e-05,4.616e-05,5.96e-05,4.981e-05,4.616e-05
5.697e-05,5.153e-05,6.707e-05,5.6205e-05,5.475e-05
5.0765e-05,4.397e-05,5.993e-05,5.072e-05,4.397e-05
5.6974e-05,5.093e-05,6.626e-05,5.6735e-05,5.392e-05
5.0726e-05,4.422e-05,6.033e-05,5.0335e-05,4.422e-05
5.5096e-05,4.809e-05,6.511e-05,5.508e-05,4.968e-05
5.0236e-05,4.26e-05,5.851e-05,4.991e-05,4.26e-05
5.3181e-05,4.743e-05,5.866e-05,5.315e-05,4.975e-05
5.0356e-05,4.567e-05,6.026e-05,4.901e-05,4.567e-05
5.7279e-05,4.616e-05,6.246e-05,5.985e-05,5.175e-05
5.3205e-05,4.455e-05,6.201e-05,5.362e-05,5.352e-05
5.4269e-05,4.783e-05,6.453e-05,5.3635e-05,4.783e-05
5.3824e-05,4.983e-05,6.475e-05,5.2035e-05,5.257e-05
5.2925e-05,4.529e-05,6.046e-05,5.3425e-05,4.529e-05
5.45e-05,4.872e-05,6.235e-05,5.344e-05,5.19e-05
5.1994e-05,4.462e-05,6.243e-05,5.187e-05,4.462e-05
5.8843e-05,5.156e-05,7.017e-05,5.757e-05,5.435e-05
5.2364e-05,4.516e-05,6.171e-05,5.137e-05,4.516e-05
5.5166e-05,4.854e-05,6.505e-05,5.4805e-05,5.065e-05
5.0474e-05,4.34e-05,5.963e-05,4.991e-05,4.34e-05
5.5754e-05,4.813e-05,6.553e-05,5.585e-05,5.001e-05
4.9844e-05,4.265e-05,5.961e-05,4.938e-05,4.265e-05
5.6011e-05,4.854e-05,6.605e-05,5.577e-05,5.175e-05
5.0863e-05,4.474e-05,6.011e-05,4.9445e-05,4.474e-05
5.3632e-05,4.605e-05,6.055e-05,5.3725e-05,4.78e-05
5.0596e-05,4.621e-05,5.986e-05,4.904e-05,4.849e-05
5.2177e-05,4.557e-05,5.877e-05,5.2785e-05,4.65e-05
5.2213e-05,4.554e-05,6.174e-05,5.042e-05,5.02e-05
5.2428e-05,4.575e-05,6.397e-05,5.059e-05,4.575e-05
5.4926e-05,4.86e-05,6.344e-05,5.246e-05,5.121e-05
5.2684e-05,4.524e-05,6.247e-05,5.262e-05,4.524e-05
5.4144e-05,4.851e-05,6.285e-05,5.249e-05,5.265e-05
5.1559e-05,4.595e-05,5.916e-05,5.156e-05,4.595e-05
5.5729e-05,4.928e-05,6.509e-05,5.4855e-05,5.384e-05
5.0181e-05,4.307e-05,5.906e-05,4.9755e-05,4.307e-05
5.8563e-05,5.119e-05,6.97e-05,5.758e-05,5.441e-05
4.9661e-05,4.207e-05,5.825e-05,4.9485e-05,4.207e-05
5.6176e-05,4.98e-05,6.531e-05,5.453e-05,5.324e-05
4.9564e-05,4.226e-05,5.72e-05,4.9175e-05,4.226e-05
5.3182e-05,4.872e-05,6.196e-05,5.211e-05,5.105e-05
5.0003e-05,4.278e-05,5.903e-05,5.008e-05,4.278e-05
5.346e-05,4.575e-05,5.962e-05,5.42e-05,4.887e-05
5.2459e-05,4.47e-05,6.231e-05,5.1275e-05,5.117e-05
5.3225e-05,4.599e-05,6.435e-05,5.1855e-05,4.599e-05
5.4852e-05,4.461e-05,6.434e-05,5.511e-05,5.181e-05
5.2646e-05,4.498e-05,6.305e-05,5.219e-05,4.498e-05
5.6648e-05,5.067e-05,6.535e-05,5.407e-05,5.288e-05
5.2496e-05,4.588e-05,6.166e-05,5.075e-05,4.588e-05
5.99e-05,5.268e-05,7.172e-05,5.848e-05,5.58e-05
5.1376e-05,4.371e-05,5.876e-05,5.1455e-05,4.371e-05
5.4459e-05,4.988e-05,6.02e-05,5.4305e-05,5.027e-05
4.9867e-05,4.54e-05,5.871e-05,4.899e-05,4.54e-05
5.6105e-05,4.849e-05,6.682e-05,5.582e-05,5.143e-05
4.9932e-05,4.311e-05,5.853e-05,5.004e-05,4.311e-05
5.5675e-05,5.029e-05,6.799e-05,5.407e-05,5.324e-05
5.1276e-05,4.497e-05,6.036e-05,5.0485e-05,4.497e-05
5.4561e-05,4.628e-05,6.244e-05,5.4055e-05,4.868e-05
5.1834e-05,4.747e-05,6.099e-05,4.9915e-05,4.967e-05
5.2986e-05,4.545e-05,6.048e-05,5.223e-05,4.787e-05
5.08e-05,4.573e-05,5.977e-05,4.872e-05,4.573e-05
5.111e-05,4.466e-05,5.769e-05,5.129e-05,4.564e-05
5.252e-05,4.764e-05,6.184e-05,5.0585e-05,5.032e-05
5.1253e-05,4.406e-05,5.97e-05,5.0505e-05,4.548e-05
5.3499e-05,4.757e-05,6.192e-05,5.138e-05,5.071e-05
5.1655e-05,4.524e-05,6.157e-05,5.14e-05,4.524e-05
5.71e-05,5.171e-05,6.747e-05,5.6875e-05,5.534e-05
5.038e-05,4.263e-05,5.977e-05,5.0225e-05,4.263e-05
5.9159e-05,5.254e-05,7.062e-05,5.746e-05,5.536e-05
5.0861e-05,4.342e-05,5.789e-05,5.068e-05,4.342e-05
5.5217e-05,4.959e-05,6.277e-05,5.4375e-05,5.211e-05
4.9317e-05,4.15e-05,5.699e-05,4.9485e-05,4.15e-05
5.342e-05,4.881e-05,6.272e-05,5.255e-05,5.162e-05
5.1999e-05,4.517e-05,6.16e-05,5.1495e-05,4.517e-05
5.3875e-05,4.725e-05,6.366e-05,5.371e-05,4.901e-05
5.3004e-05,4.795e-05,6.423e-05,5.088e-05,4.795e-05
5.4374e-05,4.669e-05,6.461e-05,5.4265e-05,4.669e-05
5.3658e-05,4.947e-05,6.397e-05,5.1945e-05,5.207e-05
5.3109e-05,4.489e-05,6.028e-05,5.343e-05,4.489e-05
5.4114e-05,4.832e-05,6.299e-05,5.3255e-05,5.432e-05
5.2991e-05,4.489e-05,5.867e-05,5.459e-05,4.489e-05
5.5887e-05,4.802e-05,6.51e-05,5.6795e-05,5.797e-05
5.3014e-05,4.822e-05,6.486e-05,5.0785e-05,4.851e-05
5.5658e-05,4.831e-05,6.203e-05,5.6035e-05,4.993e-05
4.8643e-05,4.336e-05,5.696e-05,4.747e-05,4.557e-05
5.3297e-05,4.829e-05,6.008e-05,5.336e-05,5.144e-05
4.8089e-05,4.121e-05,5.391e-05,4.8515e-05,4.121e-05
5.3211e-05,4.882e-05,5.778e-05,5.3505e-05,5.416e-05
4.8906e-05,4.345e-05,5.595e-05,4.9e-05,4.345e-05
5.3475e-05,4.71e-05,5.957e-05,5.3605e-05,4.896e-05
4.7894e-05,4.274e-05,5.276e-05,4.718e-05,4.622e-05
5.1579e-05,4.67e-05,5.541e-05,5.212e-05,5.188e-05
5.0627e-05,4.453e-05,5.522e-05,5.094e-05,5.117e-05
5.2124e-05,4.625e-05,6.16e-05,5.127e-05,4.625e-05
5.5059e-05,4.848e-05,6.35e-05,5.3385e-05,5.186e-05
5.3132e-05,4.617e-05,6.278e-05,5.1965e-05,4.617e-05
5.4164e-05,4.765e-05,6.323e-05,5.158e-05,5.074e-05
5.149e-05,4.512e-05,6.242e-05,4.974e-05,4.512e-05
5.7707e-05,5.213e-05,6.73e-05,5.7365e-05,5.482e-05
4.9995e-05,4.211e-05,5.911e-05,5.0215e-05,4.211e-05
5.6994e-05,4.92e-05,6.665e-05,5.6955e-05,5.239e-05
4.8477e-05,3.978e-05,5.562e-05,4.933e-05,3.978e-05
5.4449e-05,5.012e-05,6.186e-05,5.4125e-05,5.344e-05
4.9418e-05,4.139e-05,5.635e-05,5e-05,4.139e-05
5.395e-05,4.914e-05,6.318e-05,5.2915e-05,5.178e-05
5.0934e-05,4.357e-05,5.883e-05,5.064e-05,4.357e-05
5.3237e-05,4.649e-05,6.296e-05,5.335e-05,4.867e-05
5.128e-05,4.606e-05,6.088e-05,4.954e-05,4.606e-05
5.3056e-05,4.559e-05,6.374e-05,5.2075e-05,4.559e-05
5.4159e-05,4.926e-05,6.372e-05,5.288e-05,5.176e-05
5.2992e-05,4.56e-05,6.377e-05,5.257e-05,4.56e-05
5.5395e-05,4.923e-05,6.491e-05,5.301e-05,5.239e-05
5.1769e-05,4.441e-05,6.181e-05,5.132e-05,4.441e-05
5.8118e-05,5.186e-05,6.793e-05,5.8145e-05,5.576e-05
5.0591e-05,4.428e-05,5.891e-05,4.985e-05,4.428e-05
5.8306e-05,5.18e-05,7.005e-05,5.7425e-05,5.506e-05
5.0614e-05,4.363e-05,5.962e-05,5.0375e-05,4.363e-05
5.5989e-05,4.899e-05,6.577e-05,5.61e-05,5.051e-05
4.8501e-05,3.983e-05,5.489e-05,4.9535e-05,3.983e-05
5.3036e-05,5.042e-05,5.848e-05,5.1935e-05,5.232e-05
5.0352e-05,4.531e-05,5.839e-05,4.944e-05,4.531e-05
5.4154e-05,4.67e-05,6.119e-05,5.4725e-05,4.896e-05
4.9025e-05,4.441e-05,5.826e-05,4.7505e-05,4.441e-05
5.1964e-05,4.519e-05,5.988e-05,5.229e-05,4.669e-05
5.1905e-05,4.704e-05,6.146e-05,5.044e-05,4.978e-05
5.2757e-05,4.535e-05,6.334e-05,5.222e-05,4.535e-05
5.4144e-05,4.7e-05,6.222e-05,5.1365e-05,5.015e-05
5.4289e-05,4.891e-05,6.414e-05,5.222e-05,5.184e-05
5.3965e-05,4.683e-05,6.122e-05,5.198e-05,4.96e-05
5.2568e-05,4.855e-05,6.294e-05,5.022e-05,4.91e-05
5.6652e-05,4.967e-05,6.223e-05,5.644e-05,5.154e-05
5.082e-05,4.614e-05,5.968e-05,4.9915e-05,4.647e-05
5.6295e-05,4.966e-05,6.521e-05,5.4815e-05,5.932e-05
5.1886e-05,4.377e-05,5.745e-05,5.2655e-05,5.247e-05
5.3754e-05,4.869e-05,5.965e-05,5.3255e-05,5.088e-05
4.7466e-05,4.147e-05,5.278e-05,4.74e-05,4.147e-05
5.2527e-05,4.786e-05,5.791e-05,5.2575e-05,5.431e-05
5.0275e-05,4.588e-05,6.031e-05,4.8495e-05,4.595e-05
5.3165e-05,4.746e-05,5.95e-05,5.2085e-05,5.606e-05
5.1763e-05,4.467e-05,5.747e-05,5.2665e-05,5.488e-05
5.2719e-05,4.778e-05,5.915e-05,5.192e-05,5.053e-05
5.0959e-05,4.492e-05,5.926e-05,5.1185e-05,5.237e-05
5.2106e-05,4.596e-05,6.16e-05,5.1515e-05,4.596e-05
5.3615e-05,4.714e-05,6.322e-05,5.108e-05,4.972e-05
5.1836e-05,4.537e-05,6.071e-05,5.0985e-05,4.666e-05
5.8834e-05,5.264e-05,6.645e-05,5.733e-05,5.502e-05
5.2451e-05,4.678e-05,6.019e-05,5.025e-05,4.678e-05
5.7344e-05,5.186e-05,6.69e-05,5.706e-05,5.464e-05
4.8619e-05,3.979e-05,5.501e-05,4.9955e-05,3.979e-05
5.393e-05,4.989e-05,5.823e-05,5.454e-05,5.371e-05
4.8646e-05,4.267e-05,5.506e-05,4.8805e-05,4.839e-05
5.4789e-05,4.924e-05,6.162e-05,5.4375e-05,5.548e-05
5.0205e-05,4.341e-05,5.685e-05,4.9775e-05,5.497e-05
5.6664e-05,4.981e-05,6.815e-05,5.5605e-05,5.619e-05
4.9989e-05,4.407e-05,5.667e-05,4.9145e-05,5.419e-05
5.3858e-05,4.961e-05,6.422e-05,5.2465e-05,5.264e-05
5.1625e-05,4.444e-05,5.706e-05,5.265e-05,5.506e-05
5.2105e-05,4.756e-05,5.95e-05,5.082e-05,5.093e-05
5.4229e-05,4.557e-05,6.002e-05,5.59e-05,6.002e-05
5.3403e-05,4.758e-05,6.479e-05,5.1705e-05,4.875e-05
5.5011e-05,4.636e-05,6.101e-05,5.6125e-05,5.965e-05
5.0788e-05,4.761e-05,5.771e-05,4.89e-05,4.83e-05
5.5209e-05,4.729e-05,6.306e-05,5.4995e-05,5.756e-05
5.0035e-05,4.424e-05,5.74e-05,5.025e-05,5.037e-05
5.6451e-05,5.17e-05,6.349e-05,5.501e-05,6.223e-05
5.4091e-05,4.761e-05,6.466e-05,5.268e-05,5.289e-05
5.5296e-05,4.934e-05,6.49e-05,5.3715e-05,5.792e-05
5.0091e-05,4.406e-05,5.715e-05,4.961e-05,5.117e-05
5.3606e-05,4.865e-05,6.09e-05,5.31e-05,5.572e-05
5.0364e-05,4.427e-05,5.605e-05,5.019e-05,5.431e-05
5.6024e-05,5.109e-05,6.857e-05,5.325e-05,5.265e-05
5.1064e-05,4.337e-05,5.616e-05,5.2235e-05,5.424e-05
5.3054e-05,4.853e-05,6.169e-05,5.1705e-05,5e-05
5.0737e-05,4.306e-05,5.474e-05,5.215e-05,5.467e-05
5.3368e-05,4.717e-05,6.381e-05,5.1175e-05,5.014e-05
5.573e-05,4.735e-05,6.157e-05,5.716e-05,5.952e-05
5.0394e-05,4.717e-05,5.617e-05,4.958e-05,4.721e-05
5.6154e-05,4.756e-05,6.462e-05,5.524e-05,6.059e-05
5.1855e-05,4.494e-05,5.969e-05,5.2035e-05,5.279e-05
5.4667e-05,4.546e-05,6.392e-05,5.43e-05,5.806e-05
5.0805e-05,4.421e-05,6.025e-05,5.0445e-05,5.073e-05
5.5172e-05,4.857e-05,6.043e-05,5.514e-05,5.864e-05
4.9061e-05,4.467e-05,5.92e-05,4.7905e-05,4.545e-05
5.4316e-05,4.806e-05,6.021e-05,5.377e-05,5.851e-05
5.3884e-05,4.777e-05,6.545e-05,5.313e-05,5.266e-05
5.4523e-05,4.761e-05,6.255e-05,5.4065e-05,5.645e-05
4.888e-05,4.329e-05,5.905e-05,4.8025e-05,5.034e-05
5.3391e-05,4.69e-05,5.941e-05,5.3225e-05,5.548e-05
5.0058e-05,4.317e-05,5.524e-05,5.0775e-05,5.124e-05
5.2326e-05,4.589e-05,6.106e-05,5.2025e-05,4.589e-05
5.4663e-05,4.854e-05,6.393e-05,5.2005e-05,5.144e-05
5.2614e-05,4.641e-05,6.268e-05,5.212e-05,4.641e-05
5.4836e-05,4.879e-05,6.385e-05,5.2305e-05,5.157e-05
5.1441e-05,4.426e-05,6.115e-05,5.1175e-05,4.426e-05
5.8553e-05,5.146e-05,7.182e-05,5.7105e-05,5.613e-05
5.1372e-05,4.515e-05,6.169e-05,5.0055e-05,4.515e-05
5.5963e-05,4.832e-05,6.313e-05,5.6725e-05,4.958e-05
5.049e-05,4.583e-05,5.959e-05,4.8485e-05,4.842e-05
5.6333e-05,4.988e-05,6.771e-05,5.478e-05,5.275e-05
4.9753e-05,4.33e-05,5.698e-05,4.9235e-05,4.33e-05
5.3831e-05,4.962e-05,6.278e-05,5.265e-05,5.168e-05
5.1487e-05,4.486e-05,6.069e-05,5.0825e-05,4.486e-05
5.3925e-05,4.692e-05,6.353e-05,5.4225e-05,4.883e-05
5.2221e-05,4.726e-05,6.279e-05,5.024e-05,4.726e-05
5.3609e-05,4.742e-05,6.474e-05,5.2295e-05,4.742e-05
5.3901e-05,4.901e-05,6.451e-05,5.24e-05,5.224e-05
5.3039e-05,4.65e-05,6.34e-05,5.2315e-05,4.65e-05
5.7932e-05,4.889e-05,6.671e-05,5.663e-05,5.377e-05
5.6903e-05,4.966e-05,6.822e-05,5.5965e-05,5.71e-05
5.9139e-05,5.374e-05,7.106e-05,5.716e-05,5.818e-05
5.2487e-05,4.619e-05,6.115e-05,5.1635e-05,4.9e-05
5.5791e-05,4.981e-05,6.574e-05,5.427e-05,4.981e-05
4.9422e-05,4.26e-05,5.549e-05,4.9215e-05,4.433e-05
5.3625e-05,4.916e-05,5.891e-05,5.26e-05,4.916e-05
4.7797e-05,4.34e-05,5.385e-05,4.8035e-05,4.717e-05
5.4236e-05,4.822e-05,5.913e-05,5.476e-05,5.401e-05
4.9565e-05,4.473e-05,5.418e-05,5.023e-05,4.997e-05
5.4144e-05,5e-05,6.348e-05,5.212e-05,5.448e-05
4.9935e-05,4.321e-05,5.605e-05,4.978e-05,5.421e-05
5.4755e-05,4.917e-05,6.477e-05,5.34e-05,5.604e-05
5.2174e-05,4.337e-05,5.921e-05,5.2795e-05,5.301e-05
5.2395e-05,4.82e-05,5.936e-05,5.1375e-05,5.156e-05
5.3879e-05,4.582e-05,5.934e-05,5.51e-05,5.69e-05
5.085e-05,4.611e-05,5.507e-05,5.1335e-05,5.119e-05
5.4798e-05,4.543e-05,6.046e-05,5.753e-05,6.046e-05
5.0642e-05,4.619e-05,5.749e-05,4.9095e-05,4.86e-05
5.4653e-05,4.611e-05,6.055e-05,5.556e-05,5.939e-05
5.1098e-05,4.616e-05,6.064e-05,4.938e-05,5.092e-05
5.6144e-05,5.026e-05,6.287e-05,5.6e-05,5.767e-05
4.9291e-05,4.348e-05,5.417e-05,4.997e-05,4.909e-05
5.3781e-05,4.817e-05,6.001e-05,5.3475e-05,5.514e-05
4.8175e-05,4.263e-05,5.413e-05,4.811e-05,4.263e-05
5.2364e-05,4.672e-05,5.759e-05,5.2305e-05,5.258e-05
4.8501e-05,4.327e-05,5.456e-05,4.757e-05,4.327e-05
0.000147146,4.73e-05,0.0001701,0.000160685,0.00015306
5.2666e-05,4.455e-05,5.875e-05,5.344e-05,5.875e-05
5.3328e-05,4.604e-05,6.349e-05,5.349e-05,4.604e-05
5.0539e-05,4.255e-05,5.448e-05,5.24e-05,5.383e-05
5.237e-05,4.521e-05,6.096e-05,5.224e-05,4.666e-05
5.516e-05,4.715e-05,6.033e-05,5.6515e-05,6.033e-05
5.2186e-05,4.654e-05,6.233e-05,4.9865e-05,4.814e-05
5.6476e-05,4.653e-05,6.545e-05,5.6335e-05,6.107e-05
5.121e-05,4.51e-05,5.852e-05,5.1675e-05,5.219e-05
5.485e-05,4.705e-05,6.058e-05,5.501e-05,6.044e-05
5.1791e-05,4.583e-05,6.306e-05,4.9905e-05,4.616e-05
5.6151e-05,4.882e-05,6.342e-05,5.5645e-05,6.028e-05
5.0465e-05,4.535e-05,5.92e-05,4.967e-05,5.031e-05
5.4035e-05,4.841e-05,6.027e-05,5.3575e-05,5.646e-05
5.0073e-05,4.511e-05,5.772e-05,4.902e-05,5.005e-05
5.3504e-05,4.713e-05,5.984e-05,5.2485e-05,5.708e-05
4.981e-05,4.459e-05,5.683e-05,4.9805e-05,4.892e-05
5.2162e-05,4.589e-05,5.911e-05,5.084e-05,5.501e-05
5.1889e-05,4.594e-05,5.752e-05,5.21e-05,5.353e-05
5.1894e-05,4.715e-05,6.119e-05,5.069e-05,4.898e-05
5.4141e-05,4.752e-05,6.221e-05,5.1345e-05,5.046e-05
5.2211e-05,4.723e-05,6.232e-05,5.0345e-05,4.723e-05
5.387e-05,4.755e-05,6.29e-05,5.1595e-05,5.065e-05
5.0659e-05,4.341e-05,6.045e-05,5.01e-05,4.341e-05
5.6247e-05,5.037e-05,6.437e-05,5.499e-05,5.245e-05
4.9525e-05,4.341e-05,5.87e-05,4.879e-05,4.341e-05
5.561e-05,4.883e-05,6.171e-05,5.495e-05,5.112e-05
5.3852e-05,4.629e-05,6.689e-05,5.1495e-05,5.468e-05
5.6227e-05,4.985e-05,6.657e-05,5.5635e-05,5.164e-05
4.9964e-05,4.401e-05,5.939e-05,4.9025e-05,4.401e-05
5.3814e-05,4.716e-05,6.105e-05,5.388e-05,4.944e-05
5.0865e-05,4.567e-05,6.076e-05,5.011e-05,4.567e-05
5.3315e-05,4.677e-05,6.104e-05,5.3605e-05,4.869e-05
5.0642e-05,4.37e-05,5.804e-05,4.906e-05,4.37e-05
5.3499e-05,4.773e-05,6.267e-05,5.213e-05,4.8e-05
5.3799e-05,4.959e-05,6.322e-05,5.238e-05,5.134e-05
5.2451e-05,4.469e-05,5.97e-05,5.24e-05,4.469e-05
5.3667e-05,4.972e-05,6.174e-05,5.2005e-05,5.222e-05
5.1775e-05,4.593e-05,6.166e-05,5.112e-05,4.593e-05
6.0001e-05,5.344e-05,7.163e-05,5.823e-05,5.624e-05
5.2516e-05,4.499e-05,6.16e-05,5.213e-05,4.499e-05
5.5036e-05,4.895e-05,6.125e-05,5.5125e-05,5.058e-05
4.9449e-05,4.288e-05,5.657e-05,4.884e-05,4.288e-05
5.3892e-05,4.867e-05,5.93e-05,5.3385e-05,5.252e-05
4.8898e-05,4.37e-05,5.789e-05,4.7915e-05,4.435e-05
5.4225e-05,4.779e-05,6.211e-05,5.275e-05,5.743e-05
4.995e-05,4.378e-05,5.922e-05,4.972e-05,5.213e-05
5.4784e-05,4.754e-05,6.269e-05,5.378e-05,5.912e-05
4.9772e-05,4.339e-05,5.862e-05,4.9175e-05,5.243e-05
5.5228e-05,4.751e-05,6.241e-05,5.5505e-05,5.872e-05
5.0716e-05,4.449e-05,5.675e-05,5.0615e-05,5.029e-05
5.1592e-05,4.767e-05,5.596e-05,5.163e-05,4.926e-05
5.2827e-05,4.52e-05,5.824e-05,5.393e-05,5.386e-05
5.1579e-05,4.558e-05,5.67e-05,5.1855e-05,4.835e-05
5.3997e-05,4.628e-05,5.954e-05,5.3735e-05,5.893e-05
5.1301e-05,4.686e-05,6.131e-05,4.9545e-05,5.047e-05
5.6626e-05,4.725e-05,6.532e-05,5.6425e-05,6.168e-05
5.0508e-05,4.566e-05,5.766e-05,4.966e-05,5.339e-05
5.5342e-05,4.923e-05,6.066e-05,5.5715e-05,5.738e-05
4.8683e-05,4.302e-05,5.427e-05,4.9565e-05,4.915e-05
5.3483e-05,4.765e-05,5.921e-05,5.269e-05,5.774e-05
4.8926e-05,4.488e-05,5.485e-05,4.7645e-05,4.653e-05
5.3366e-05,4.807e-05,5.905e-05,5.2415e-05,5.68e-05
5.0247e-05,4.51e-05,5.902e-05,4.937e-05,5.351e-05
5.3335e-05,4.703e-05,5.969e-05,5.327e-05,5.481e-05
5.1541e-05,4.548e-05,5.781e-05,5.1955e-05,5.198e-05
5.3841e-05,4.93e-05,5.876e-05,5.4195e-05,5.396e-05
5.0731e-05,4.34e-05,5.59e-05,5.198e-05,5.317e-05
5.2404e-05,4.789e-05,5.978e-05,5.113e-05,5.327e-05
5.4411e-05,4.726e-05,6.071e-05,5.3835e-05,5.872e-05
5.1915e-05,4.767e-05,6.212e-05,4.9425e-05,5.204e-05
5.6186e-05,4.807e-05,6.544e-05,5.5195e-05,5.918e-05
5.14e-05,4.518e-05,6.089e-05,5.066e-05,5.164e-05
5.6205e-05,4.683e-05,6.492e-05,5.627e-05,6.126e-05
5.1712e-05,4.642e-05,6.093e-05,5.017e-05,5.127e-05
5.5096e-05,4.934e-05,6.133e-05,5.471e-05,5.745e-05
4.9254e-05,4.446e-05,5.778e-05,4.805e-05,4.66e-05
5.5355e-05,5.004e-05,6.292e-05,5.3845e-05,6.002e-05
5.0332e-05,4.579e-05,5.938e-05,4.878e-05,5.175e-05
5.4397e-05,4.713e-05,6.202e-05,5.4455e-05,5.583e-05
4.9166e-05,4.264e-05,5.758e-05,4.969e-05,5.066e-05
5.2977e-05,4.633e-05,5.897e-05,5.2565e-05,5.592e-05
5.0591e-05,4.564e-05,5.58e-05,5.1055e-05,5.131e-05
5.2987e-05,4.459e-05,6.497e-05,5.1345e-05,4.459e-05
5.6716e-05,4.985e-05,6.557e-05,5.4105e-05,5.355e-05
5.2779e-05,4.78e-05,6.293e-05,5.1115e-05,4.78e-05
5.4084e-05,4.776e-05,6.266e-05,5.153e-05,5.028e-05
5.1724e-05,4.464e-05,6.176e-05,5.131e-05,4.464e-05
5.6686e-05,5.101e-05,6.656e-05,5.5895e-05,5.43e-05
5.1067e-05,4.365e-05,6.045e-05,5.0735e-05,4.365e-05
5.5559e-05,5.007e-05,6.366e-05,5.4705e-05,5.279e-05
4.9701e-05,4.128e-05,5.677e-05,5.0705e-05,4.128e-05
5.4296e-05,4.866e-05,5.923e-05,5.3955e-05,5.097e-05
4.8242e-05,4.229e-05,5.46e-05,4.723e-05,4.229e-05
5.35e-05,4.76e-05,6.05e-05,5.3645e-05,5.374e-05
5.0608e-05,4.436e-05,6.007e-05,5.0415e-05,4.917e-05
5.3223e-05,4.709e-05,5.953e-05,5.2885e-05,5.666e-05
5.1181e-05,4.474e-05,5.721e-05,5.1175e-05,5.127e-05
5.1565e-05,4.758e-05,5.455e-05,5.2325e-05,5.169e-05
5.0792e-05,4.72e-05,5.527e-05,5.014e-05,4.999e-05
5.1323e-05,4.765e-05,5.515e-05,5.1445e-05,5.086e-05
5.41e-05,4.935e-05,5.959e-05,5.4475e-05,5.312e-05
5.0713e-05,4.667e-05,5.553e-05,5.065e-05,5.088e-05
5.5749e-05,4.893e-05,5.991e-05,5.5965e-05,5.785e-05
5.0939e-05,4.641e-05,5.729e-05,5.0495e-05,4.887e-05
5.5616e-05,4.807e-05,6.239e-05,5.5595e-05,5.94e-05
5.153e-05,4.626e-05,6.143e-05,5.007e-05,4.872e-05
5.533e-05,4.898e-05,6.242e-05,5.4805e-05,5.793e-05
4.9356e-05,4.305e-05,5.795e-05,4.88e-05,4.917e-05
5.396e-05,4.848e-05,6.188e-05,5.3085e-05,5.528e-05
5.0561e-05,4.617e-05,5.923e-05,4.9635e-05,5.135e-05
5.4681e-05,4.875e-05,6.194e-05,5.373e-05,5.776e-05
4.9449e-05,4.516e-05,5.855e-05,4.911e-05,5.078e-05
5.3459e-05,4.651e-05,5.857e-05,5.345e-05,5.776e-05
5.1043e-05,4.704e-05,5.728e-05,5.017e-05,5.012e-05
5.148e-05,4.789e-05,5.695e-05,5.1085e-05,4.934e-05
5.3146e-05,4.599e-05,5.935e-05,5.3745e-05,5.525e-05
5.1922e-05,4.649e-05,5.656e-05,5.171e-05,5.174e-05
5.289e-05,4.562e-05,5.739e-05,5.398e-05,5.473e-05
5.0137e-05,4.601e-05,5.591e-05,4.9475e-05,4.794e-05
5.4658e-05,4.741e-05,6.324e-05,5.43e-05,5.688e-05
5.056e-05,4.511e-05,6.088e-05,4.8985e-05,4.75e-05
5.5708e-05,4.955e-05,6.212e-05,5.5305e-05,5.845e-05
5.0702e-05,4.75e-05,5.942e-05,4.92e-05,4.929e-05
5.5011e-05,4.868e-05,6.058e-05,5.4335e-05,5.941e-05
4.9144e-05,4.559e-05,5.438e-05,4.7805e-05,4.719e-05
5.2686e-05,4.693e-05,5.804e-05,5.3415e-05,5.515e-05
5.2148e-05,4.623e-05,6.331e-05,5.052e-05,4.623e-05
5.4751e-05,4.929e-05,6.303e-05,5.2825e-05,5.499e-05
5.2237e-05,4.574e-05,6.177e-05,5.052e-05,4.971e-05
5.3454e-05,4.554e-05,6.395e-05,5.2655e-05,4.554e-05
5.3373e-05,4.939e-05,6.427e-05,5.1485e-05,5.233e-05
5.2674e-05,4.604e-05,6.323e-05,5.1615e-05,4.604e-05
5.4281e-05,4.819e-05,6.22e-05,5.182e-05,5.084e-05
5.2193e-05,4.768e-05,6.26e-05,4.976e-05,4.864e-05
5.7941e-05,5.3e-05,6.903e-05,5.628e-05,5.66e-05
5.117e-05,4.439e-05,6.177e-05,5.004e-05,4.439e-05
5.7169e-05,5.179e-05,6.735e-05,5.632e-05,5.499e-05
4.9914e-05,4.236e-05,5.764e-05,5.0195e-05,4.236e-05
5.4305e-05,4.775e-05,6.021e-05,5.47e-05,4.992e-05
4.8324e-05,4.377e-05,5.692e-05,4.644e-05,4.377e-05
5.3025e-05,4.692e-05,5.897e-05,5.298e-05,5.074e-05
4.8914e-05,4.444e-05,5.689e-05,4.6965e-05,4.583e-05
5.2718e-05,4.673e-05,5.95e-05,5.238e-05,5.082e-05
4.7885e-05,4.278e-05,5.45e-05,4.6975e-05,4.413e-05
5.1502e-05,4.596e-05,5.7e-05,5.1615e-05,5.212e-05
4.9584e-05,4.344e-05,5.413e-05,4.9465e-05,4.757e-05
5.1326e-05,4.634e-05,5.996e-05,5.0435e-05,4.694e-05
5.4039e-05,4.768e-05,6.226e-05,5.159e-05,5.073e-05
5.1756e-05,4.548e-05,6.166e-05,5.153e-05,4.548e-05
5.5261e-05,4.794e-05,6.343e-05,5.253e-05,5.121e-05
5.154e-05,4.588e-05,6.173e-05,5.002e-05,4.588e-05
5.7175e-05,5.121e-05,7.04e-05,5.544e-05,5.462e-05
5.4626e-05,4.631e-05,7.296e-05,5.039e-05,5.824e-05
5.6998e-05,5.011e-05,6.817e-05,5.5995e-05,5.02e-05
5.0416e-05,4.25e-05,5.615e-05,5.139e-05,4.454e-05
5.3966e-05,5.032e-05,5.927e-05,5.2555e-05,5.138e-05
4.8129e-05,4.317e-05,5.379e-05,4.8035e-05,4.639e-05
5.6761e-05,4.971e-05,6.513e-05,5.516e-05,4.971e-05
5.1264e-05,4.661e-05,5.707e-05,5.0875e-05,5.254e-05
5.4103e-05,4.788e-05,6.143e-05,5.3655e-05,5.701e-05
5.1258e-05,4.35e-05,5.511e-05,5.2545e-05,5.511e-05
5.326e-05,4.855e-05,6.405e-05,5.133e-05,4.998e-05
5.0975e-05,4.349e-05,5.56e-05,5.235e-05,5.433e-05
5.2671e-05,4.791e-05,6.133e-05,5.214e-05,4.791e-05
5.542e-05,4.669e-05,6.047e-05,5.7125e-05,6.015e-05
5.1684e-05,4.572e-05,6.082e-05,5.0155e-05,4.829e-05
5.5922e-05,4.718e-05,6.522e-05,5.535e-05,5.952e-05
5.1542e-05,4.621e-05,5.967e-05,5.0535e-05,5.14e-05
5.5665e-05,4.723e-05,6.142e-05,5.6935e-05,6.024e-05
5.0555e-05,4.76e-05,5.909e-05,4.8605e-05,4.777e-05
5.6229e-05,4.913e-05,6.248e-05,5.556e-05,6.122e-05
5.0094e-05,4.498e-05,5.906e-05,4.9215e-05,4.663e-05
5.5243e-05,4.844e-05,6.327e-05,5.4645e-05,5.803e-05
5.0521e-05,4.475e-05,5.989e-05,5.0085e-05,5.247e-05
5.4224e-05,4.863e-05,6.083e-05,5.322e-05,5.635e-05
4.8886e-05,4.265e-05,5.488e-05,4.8455e-05,4.876e-05
5.1078e-05,4.633e-05,5.601e-05,5.1105e-05,5.183e-05
5.0021e-05,4.436e-05,5.417e-05,5.0505e-05,4.787e-05
5.1565e-05,4.691e-05,6.031e-05,5.0215e-05,4.691e-05
5.4784e-05,4.891e-05,6.46e-05,5.275e-05,5.229e-05
5.2335e-05,4.515e-05,6.217e-05,5.171e-05,4.515e-05
5.6385e-05,4.975e-05,6.509e-05,5.509e-05,5.284e-05
5.0905e-05,4.394e-05,6.062e-05,5.0075e-05,4.394e-05
5.626e-05,4.958e-05,6.273e-05,5.566e-05,5.069e-05
5.0274e-05,4.513e-05,6.001e-05,4.8605e-05,4.765e-05
5.69e-05,4.976e-05,6.691e-05,5.72e-05,5.133e-05
4.8565e-05,4.002e-05,5.465e-05,4.947e-05,4.002e-05
5.4599e-05,5.055e-05,6.375e-05,5.381e-05,5.559e-05
5.0184e-05,4.269e-05,5.942e-05,4.9925e-05,4.269e-05
5.3136e-05,4.732e-05,6.136e-05,5.327e-05,4.766e-05
4.839e-05,4.237e-05,5.412e-05,4.85e-05,4.359e-05
5.3422e-05,4.657e-05,5.857e-05,5.297e-05,5.349e-05
5.037e-05,4.316e-05,5.564e-05,5.1165e-05,5.203e-05
5.2198e-05,4.722e-05,6.154e-05,5.141e-05,4.722e-05
5.4179e-05,4.928e-05,6.444e-05,5.2465e-05,5.213e-05
5.3019e-05,4.547e-05,6.058e-05,5.301e-05,4.547e-05
5.2364e-05,4.758e-05,5.963e-05,5.146e-05,5.195e-05
5.098e-05,4.448e-05,6.112e-05,5.071e-05,4.448e-05
5.6831e-05,4.885e-05,6.332e-05,5.6705e-05,5.13e-05
4.9722e-05,4.549e-05,5.81e-05,4.834e-05,4.62e-05
5.543e-05,4.896e-05,6.142e-05,5.5665e-05,5.009e-05
