0_Avg-Duration_s,0_Min-Duration_s,0_Max-Duration_s,0_Median-Duration_s,0_MainRank-Duration_s
1.4281e-05,1.001e-05,1.758e-05,1.5055e-05,1.2181e-05
1.5263e-05,1.041e-05,1.881e-05,1.5841e-05,1.228e-05
1.4872e-05,1.164e-05,1.8121e-05,1.5335e-05,1.281e-05
1.4473e-05,1.045e-05,1.812e-05,1.4886e-05,1.299e-05
1.4535e-05,1.09e-05,1.808e-05,1.498e-05,1.276e-05
1.4722e-05,1.13e-05,1.8331e-05,1.4815e-05,1.3651e-05
1.4015e-05,1.0511e-05,1.723e-05,1.442e-05,1.194e-05
1.5195e-05,1.07e-05,1.9e-05,1.557e-05,1.325e-05
1.4742e-05,1.118e-05,1.8521e-05,1.529e-05,1.231e-05
1.44e-05,1.0191e-05,1.825e-05,1.5296e-05,1.212e-05
1.4186e-05,1.041e-05,1.846e-05,1.5e-05,1.1741e-05
1.5299e-05,1.154e-05,1.9751e-05,1.609e-05,1.253e-05
1.4001e-05,1.027e-05,1.701e-05,1.4621e-05,1.1791e-05
1.4348e-05,1.028e-05,1.808e-05,1.4305e-05,1.315e-05
1.4486e-05,1.111e-05,1.7781e-05,1.4991e-05,1.222e-05
1.4695e-05,9.89e-06,1.843e-05,1.5215e-05,1.272e-05
1.4418e-05,1.091e-05,1.741e-05,1.4756e-05,1.192e-05
1.4161e-05,1.072e-05,1.7231e-05,1.4081e-05,1.3951e-05
1.404e-05,1.037e-05,1.824e-05,1.4691e-05,1.163e-05
1.5555e-05,1.2221e-05,1.935e-05,1.6025e-05,1.331e-05
1.4417e-05,1.039e-05,1.8361e-05,1.5006e-05,1.144e-05
1.4565e-05,1.08e-05,1.858e-05,1.5286e-05,1.242e-05
1.4459e-05,1.0541e-05,1.829e-05,1.5031e-05,1.2091e-05
1.5176e-05,1.059e-05,1.9531e-05,1.5811e-05,1.212e-05
1.4116e-05,1.015e-05,1.838e-05,1.4995e-05,1.134e-05
1.454e-05,1.0661e-05,1.886e-05,1.506e-05,1.202e-05
1.4236e-05,1.04e-05,1.8031e-05,1.5075e-05,1.18e-05
1.4135e-05,1.045e-05,1.789e-05,1.478e-05,1.2051e-05
1.3547e-05,9.46e-06,1.763e-05,1.407e-05,1.094e-05
1.4321e-05,1.01e-05,1.861e-05,1.5015e-05,1.141e-05
1.4132e-05,1.053e-05,1.726e-05,1.4381e-05,1.224e-05
1.3646e-05,9.93e-06,1.671e-05,1.3395e-05,1.295e-05
1.3883e-05,1.004e-05,1.749e-05,1.4435e-05,1.1471e-05
1.4383e-05,1.059e-05,1.834e-05,1.5261e-05,1.193e-05
1.3615e-05,9.64e-06,1.747e-05,1.4345e-05,1.118e-05
1.4935e-05,1.0671e-05,1.91e-05,1.5545e-05,1.225e-05
1.4586e-05,1.092e-05,1.8411e-05,1.515e-05,1.219e-05
1.4396e-05,1.16e-05,1.77e-05,1.4391e-05,1.3071e-05
1.3461e-05,9.77e-06,1.68e-05,1.38e-05,1.167e-05
1.4487e-05,1.018e-05,1.7911e-05,1.5236e-05,1.268e-05
1.3986e-05,1.023e-05,1.728e-05,1.446e-05,1.231e-05
1.4488e-05,1.154e-05,1.835e-05,1.4691e-05,1.37e-05
1.453e-05,1.088e-05,1.9001e-05,1.5125e-05,1.203e-05
1.489e-05,1.101e-05,1.921e-05,1.5686e-05,1.242e-05
1.3784e-05,1.061e-05,1.731e-05,1.3895e-05,1.1531e-05
1.4961e-05,1.095e-05,1.8251e-05,1.5625e-05,1.367e-05
1.4236e-05,1.052e-05,1.801e-05,1.48e-05,1.187e-05
1.5919e-05,1.164e-05,2.033e-05,1.563e-05,1.622e-05
1.9594e-05,6.16e-06,2.602e-05,2.0406e-05,2.1e-05
1.4385e-05,1.006e-05,1.657e-05,1.455e-05,1.3731e-05
1.4387e-05,1.051e-05,1.828e-05,1.517e-05,1.196e-05
1.5044e-05,1.0981e-05,1.936e-05,1.55e-05,1.2241e-05
1.4293e-05,1.039e-05,1.852e-05,1.484e-05,1.174e-05
1.4244e-05,1.028e-05,1.853e-05,1.4985e-05,1.139e-05
1.4922e-05,1.0451e-05,1.908e-05,1.5726e-05,1.202e-05
1.4812e-05,1.089e-05,1.941e-05,1.55e-05,1.229e-05
1.415e-05,1.006e-05,1.838e-05,1.5026e-05,1.1491e-05
1.4648e-05,1.111e-05,1.914e-05,1.5225e-05,1.243e-05
1.4727e-05,1.095e-05,1.976e-05,1.5415e-05,1.22e-05
1.4632e-05,1.072e-05,1.897e-05,1.53e-05,1.176e-05
1.5122e-05,1.066e-05,1.979e-05,1.593e-05,1.197e-05
1.4297e-05,1.118e-05,1.844e-05,1.483e-05,1.2451e-05
1.3875e-05,9.85e-06,1.809e-05,1.454e-05,1.142e-05
1.4287e-05,1.015e-05,1.8371e-05,1.492e-05,1.159e-05
1.403e-05,9.71e-06,1.779e-05,1.4805e-05,1.151e-05
1.4338e-05,1.055e-05,1.819e-05,1.5085e-05,1.179e-05
1.4065e-05,1.034e-05,1.7761e-05,1.4546e-05,1.2271e-05
1.4577e-05,1.0771e-05,1.863e-05,1.532e-05,1.265e-05
1.4058e-05,1.049e-05,1.823e-05,1.447e-05,1.1721e-05
1.4137e-05,1.057e-05,1.7861e-05,1.4761e-05,1.242e-05
1.4422e-05,1.066e-05,1.831e-05,1.507e-05,1.174e-05
1.4317e-05,1.022e-05,1.748e-05,1.49e-05,1.28e-05
1.4205e-05,1.05e-05,1.8231e-05,1.472e-05,1.173e-05
1.3879e-05,1.013e-05,1.769e-05,1.4395e-05,1.2061e-05
1.4119e-05,1.059e-05,1.816e-05,1.472e-05,1.18e-05
1.4568e-05,1.082e-05,1.8861e-05,1.5095e-05,1.237e-05
1.4329e-05,1.037e-05,1.835e-05,1.522e-05,1.173e-05
1.484e-05,1.078e-05,1.918e-05,1.562e-05,1.215e-05
1.468e-05,1.089e-05,1.9141e-05,1.5391e-05,1.1991e-05
1.4547e-05,1.09e-05,1.917e-05,1.5331e-05,1.184e-05
1.4506e-05,1.1251e-05,1.867e-05,1.5255e-05,1.238e-05
1.4294e-05,1.04e-05,1.8231e-05,1.5005e-05,1.203e-05
1.3747e-05,1e-05,1.772e-05,1.445e-05,1.117e-05
1.4622e-05,1.0751e-05,1.808e-05,1.517e-05,1.2661e-05
1.4043e-05,1.018e-05,1.7991e-05,1.467e-05,1.224e-05
1.4155e-05,1.058e-05,1.811e-05,1.472e-05,1.198e-05
1.3949e-05,1.012e-05,1.813e-05,1.459e-05,1.168e-05
1.4776e-05,1.066e-05,1.8881e-05,1.5475e-05,1.221e-05
1.4119e-05,1.016e-05,1.804e-05,1.478e-05,1.1631e-05
1.4284e-05,1.01e-05,1.821e-05,1.4995e-05,1.16e-05
1.4251e-05,1.066e-05,1.8021e-05,1.4535e-05,1.193e-05
1.454e-05,1.083e-05,1.832e-05,1.4955e-05,1.25e-05
1.3496e-05,1.015e-05,1.727e-05,1.401e-05,1.164e-05
1.4344e-05,1.0631e-05,1.8731e-05,1.492e-05,1.1911e-05
1.4256e-05,1.083e-05,1.845e-05,1.475e-05,1.178e-05
1.4331e-05,1.058e-05,1.814e-05,1.4975e-05,1.211e-05
1.4685e-05,1.057e-05,1.8551e-05,1.5415e-05,1.201e-05
1.4208e-05,1.03e-05,1.828e-05,1.4865e-05,1.164e-05
1.3264e-05,9.14e-06,1.725e-05,1.3961e-05,1.1151e-05
1.433e-05,1.024e-05,1.8511e-05,1.5125e-05,1.193e-05
1.4515e-05,1.046e-05,1.895e-05,1.5176e-05,1.18e-05
1.4135e-05,1.059e-05,1.88e-05,1.5015e-05,1.188e-05
1.4589e-05,1.056e-05,1.9111e-05,1.5421e-05,1.219e-05
1.5033e-05,1.123e-05,1.938e-05,1.5755e-05,1.269e-05
1.4322e-05,1.052e-05,1.869e-05,1.5045e-05,1.16e-05
1.4231e-05,1.021e-05,1.821e-05,1.513e-05,1.1881e-05
1.4266e-05,1.0411e-05,1.826e-05,1.487e-05,1.135e-05
1.4042e-05,1.04e-05,1.767e-05,1.4655e-05,1.199e-05
1.3452e-05,9.87e-06,1.717e-05,1.3765e-05,1.149e-05
1.4055e-05,1.0501e-05,1.687e-05,1.4736e-05,1.336e-05
1.4378e-05,1.092e-05,1.828e-05,1.4955e-05,1.2371e-05
1.439e-05,9.97e-06,1.855e-05,1.4981e-05,1.187e-05
1.4381e-05,1.044e-05,1.883e-05,1.5055e-05,1.133e-05
1.3997e-05,1.013e-05,1.784e-05,1.462e-05,1.126e-05
1.3912e-05,9.89e-06,1.84e-05,1.443e-05,1.14e-05
1.4713e-05,1.094e-05,1.8881e-05,1.526e-05,1.2191e-05
1.4194e-05,1.041e-05,1.865e-05,1.499e-05,1.16e-05
1.4115e-05,1.013e-05,1.816e-05,1.477e-05,1.171e-05
1.4677e-05,1.088e-05,1.8841e-05,1.5415e-05,1.215e-05
1.4502e-05,1.0991e-05,1.784e-05,1.4721e-05,1.311e-05
1.3437e-05,9.89e-06,1.734e-05,1.3971e-05,1.1891e-05
1.4819e-05,1.047e-05,1.9221e-05,1.544e-05,1.18e-05
1.4235e-05,1.066e-05,1.74e-05,1.4395e-05,1.165e-05
1.4305e-05,1.011e-05,1.702e-05,1.4826e-05,1.289e-05
1.3888e-05,1.05e-05,1.7581e-05,1.4011e-05,1.195e-05
1.4114e-05,1.006e-05,1.677e-05,1.4575e-05,1.3181e-05
1.4521e-05,1.085e-05,1.755e-05,1.4985e-05,1.199e-05
1.3655e-05,9.97e-06,1.6711e-05,1.3585e-05,1.356e-05
1.3655e-05,9.66e-06,1.765e-05,1.4471e-05,1.103e-05
1.4228e-05,1.0771e-05,1.824e-05,1.4535e-05,1.207e-05
1.3852e-05,9.6e-06,1.8021e-05,1.4505e-05,1.1491e-05
1.4198e-05,1.068e-05,1.823e-05,1.494e-05,1.224e-05
1.3918e-05,9.981e-06,1.785e-05,1.4366e-05,1.186e-05
1.4347e-05,1.028e-05,1.8791e-05,1.5045e-05,1.211e-05
1.4139e-05,1.075e-05,1.795e-05,1.4206e-05,1.186e-05
1.4269e-05,1.014e-05,1.7e-05,1.493e-05,1.2711e-05
1.3538e-05,9.8e-06,1.7591e-05,1.4025e-05,1.177e-05
1.409e-05,1.037e-05,1.844e-05,1.472e-05,1.151e-05
1.404e-05,1.046e-05,1.792e-05,1.4765e-05,1.159e-05
1.4325e-05,1.027e-05,1.8581e-05,1.501e-05,1.165e-05
1.3413e-05,9.85e-06,1.752e-05,1.3705e-05,1.1541e-05
1.4708e-05,1.118e-05,1.846e-05,1.5265e-05,1.291e-05
1.4196e-05,1.0801e-05,1.813e-05,1.436e-05,1.184e-05
1.4231e-05,9.49e-06,1.833e-05,1.527e-05,1.176e-05
1.3887e-05,1.041e-05,1.799e-05,1.4395e-05,1.165e-05
1.4588e-05,1.0391e-05,1.865e-05,1.5175e-05,1.187e-05
1.3681e-05,1.017e-05,1.72e-05,1.408e-05,1.147e-05
1.4145e-05,9.77e-06,1.763e-05,1.4931e-05,1.2451e-05
1.3919e-05,1.04e-05,1.779e-05,1.4255e-05,1.181e-05
1.4562e-05,1.075e-05,1.836e-05,1.5291e-05,1.29e-05
1.3875e-05,1.043e-05,1.765e-05,1.4475e-05,1.189e-05
1.4235e-05,1.051e-05,1.818e-05,1.4325e-05,1.279e-05
1.4006e-05,1.0461e-05,1.8091e-05,1.4601e-05,1.1621e-05
1.4349e-05,1.07e-05,1.859e-05,1.4735e-05,1.233e-05
1.4581e-05,1.064e-05,1.844e-05,1.5135e-05,1.202e-05
1.4115e-05,1.0241e-05,1.8081e-05,1.476e-05,1.168e-05
1.3468e-05,9.99e-06,1.732e-05,1.3885e-05,1.149e-05
1.4096e-05,9.86e-06,1.83e-05,1.4865e-05,1.2221e-05
1.4079e-05,1.057e-05,1.7521e-05,1.462e-05,1.155e-05
1.3612e-05,9.82e-06,1.658e-05,1.355e-05,1.278e-05
1.3391e-05,9.72e-06,1.717e-05,1.3741e-05,1.146e-05
1.4266e-05,1.062e-05,1.8431e-05,1.498e-05,1.172e-05
1.3817e-05,1.037e-05,1.764e-05,1.4415e-05,1.1591e-05
1.4461e-05,1.06e-05,1.875e-05,1.507e-05,1.228e-05
1.4213e-05,1.038e-05,1.8471e-05,1.5065e-05,1.18e-05
1.4155e-05,1.0091e-05,1.882e-05,1.4616e-05,1.138e-05
1.4132e-05,1.063e-05,1.78e-05,1.4421e-05,1.162e-05
1.4511e-05,1.028e-05,1.8331e-05,1.4926e-05,1.2601e-05
1.4043e-05,1.0301e-05,1.824e-05,1.489e-05,1.169e-05
1.4603e-05,1.076e-05,1.923e-05,1.5136e-05,1.185e-05
1.3903e-05,1.034e-05,1.8261e-05,1.432e-05,1.142e-05
1.4127e-05,1.051e-05,1.799e-05,1.484e-05,1.188e-05
1.389e-05,1.031e-05,1.774e-05,1.411e-05,1.1681e-05
1.4219e-05,1.044e-05,1.8611e-05,1.4675e-05,1.236e-05
1.4129e-05,1.052e-05,1.772e-05,1.4415e-05,1.219e-05
1.3987e-05,1.058e-05,1.787e-05,1.4106e-05,1.249e-05
1.4132e-05,1.07e-05,1.7911e-05,1.4495e-05,1.199e-05
1.4034e-05,1.064e-05,1.801e-05,1.4345e-05,1.2291e-05
1.4153e-05,1.0341e-05,1.834e-05,1.485e-05,1.155e-05
1.4964e-05,1.088e-05,1.9301e-05,1.559e-05,1.225e-05
1.3328e-05,9.8e-06,1.766e-05,1.3845e-05,1.108e-05
1.4324e-05,1.045e-05,1.874e-05,1.5051e-05,1.189e-05
1.4362e-05,1.007e-05,1.901e-05,1.508e-05,1.1481e-05
1.4469e-05,1.072e-05,1.873e-05,1.506e-05,1.203e-05
1.3891e-05,9.9e-06,1.816e-05,1.4595e-05,1.11e-05
1.453e-05,1.044e-05,1.902e-05,1.5121e-05,1.217e-05
1.4108e-05,1.014e-05,1.823e-05,1.462e-05,1.193e-05
1.436e-05,1e-05,1.867e-05,1.5106e-05,1.1721e-05
1.4404e-05,1.003e-05,1.903e-05,1.516e-05,1.134e-05
1.4548e-05,1.093e-05,1.9e-05,1.525e-05,1.2081e-05
1.4333e-05,1.057e-05,1.833e-05,1.492e-05,1.155e-05
1.4301e-05,1.0661e-05,1.856e-05,1.47e-05,1.208e-05
1.4467e-05,1.079e-05,1.829e-05,1.5141e-05,1.199e-05
1.4012e-05,1.031e-05,1.737e-05,1.46e-05,1.198e-05
1.3971e-05,9.951e-06,1.787e-05,1.4461e-05,1.1561e-05
1.4138e-05,1.016e-05,1.792e-05,1.498e-05,1.176e-05
1.3995e-05,1.013e-05,1.821e-05,1.4585e-05,1.143e-05
1.4732e-05,1.033e-05,1.941e-05,1.5506e-05,1.18e-05
1.4293e-05,1.011e-05,1.8381e-05,1.4876e-05,1.154e-05
1.422e-05,1.015e-05,1.828e-05,1.481e-05,1.1721e-05
1.4528e-05,1.086e-05,1.872e-05,1.5401e-05,1.175e-05
1.4401e-05,1.049e-05,1.8761e-05,1.4825e-05,1.192e-05
1.4399e-05,1.055e-05,1.882e-05,1.509e-05,1.142e-05
1.4796e-05,1.071e-05,1.939e-05,1.5395e-05,1.193e-05
1.4409e-05,1.1041e-05,1.8391e-05,1.5095e-05,1.2341e-05
1.455e-05,1.087e-05,1.89e-05,1.5265e-05,1.257e-05
1.4659e-05,1.073e-05,1.857e-05,1.5275e-05,1.188e-05
1.4214e-05,9.721e-06,1.8511e-05,1.4796e-05,1.163e-05
1.4107e-05,9.82e-06,1.852e-05,1.4975e-05,1.13e-05
1.445e-05,1.122e-05,1.867e-05,1.502e-05,1.2381e-05
1.4023e-05,9.91e-06,1.8361e-05,1.4655e-05,1.153e-05
1.4374e-05,1.091e-05,1.89e-05,1.5006e-05,1.1901e-05
1.4416e-05,1.023e-05,1.893e-05,1.5055e-05,1.151e-05
1.4301e-05,1.039e-05,1.8971e-05,1.4935e-05,1.178e-05
1.4202e-05,1.106e-05,1.779e-05,1.4555e-05,1.223e-05
1.4547e-05,9.97e-06,1.833e-05,1.5035e-05,1.267e-05
1.3953e-05,9.97e-06,1.8101e-05,1.4376e-05,1.1221e-05
1.4375e-05,1.052e-05,1.846e-05,1.4955e-05,1.17e-05
1.4175e-05,1.006e-05,1.808e-05,1.5071e-05,1.154e-05
1.4175e-05,1.062e-05,1.8011e-05,1.4741e-05,1.208e-05
1.4017e-05,1.0131e-05,1.829e-05,1.4715e-05,1.151e-05
1.465e-05,1.063e-05,1.905e-05,1.515e-05,1.2241e-05
1.3702e-05,1.016e-05,1.7841e-05,1.429e-05,1.148e-05
1.4005e-05,1.008e-05,1.82e-05,1.4821e-05,1.146e-05
1.4576e-05,1.044e-05,1.852e-05,1.5415e-05,1.189e-05
1.4326e-05,1.059e-05,1.7711e-05,1.487e-05,1.235e-05
1.3512e-05,9.72e-06,1.701e-05,1.406e-05,1.1621e-05
1.4437e-05,1.052e-05,1.862e-05,1.5111e-05,1.196e-05
1.445e-05,1.089e-05,1.8791e-05,1.517e-05,1.226e-05
1.3909e-05,1.002e-05,1.835e-05,1.4661e-05,1.113e-05
1.4078e-05,1.0111e-05,1.789e-05,1.4875e-05,1.175e-05
1.467e-05,1.025e-05,1.8901e-05,1.542e-05,1.1421e-05
1.4057e-05,1.006e-05,1.837e-05,1.4855e-05,1.132e-05
1.438e-05,1.0651e-05,1.876e-05,1.4925e-05,1.217e-05
1.3911e-05,9.89e-06,1.8021e-05,1.451e-05,1.154e-05
1.4481e-05,1.068e-05,1.849e-05,1.509e-05,1.242e-05
1.3664e-05,9.78e-06,1.628e-05,1.4196e-05,1.1721e-05
1.394e-05,1.024e-05,1.7531e-05,1.387e-05,1.286e-05
1.4148e-05,1.068e-05,1.784e-05,1.4441e-05,1.21e-05
1.3817e-05,9.87e-06,1.773e-05,1.3995e-05,1.217e-05
1.4284e-05,1.047e-05,1.891e-05,1.4996e-05,1.116e-05
1.4099e-05,1.035e-05,1.844e-05,1.472e-05,1.1431e-05
1.3641e-05,9.82e-06,1.747e-05,1.44e-05,1.148e-05
1.4474e-05,1.0191e-05,1.885e-05,1.518e-05,1.157e-05
1.3987e-05,1.039e-05,1.841e-05,1.4485e-05,1.174e-05
1.3923e-05,1.006e-05,1.831e-05,1.47e-05,1.101e-05
1.4636e-05,1.0541e-05,1.851e-05,1.5245e-05,1.2091e-05
1.4179e-05,1.026e-05,1.7701e-05,1.4876e-05,1.196e-05
1.399e-05,1.025e-05,1.795e-05,1.473e-05,1.106e-05
1.453e-05,1.024e-05,1.89e-05,1.5325e-05,1.155e-05
1.3661e-05,1.024e-05,1.7371e-05,1.3945e-05,1.141e-05
1.4175e-05,1.037e-05,1.78e-05,1.4976e-05,1.2681e-05
1.4057e-05,1.033e-05,1.755e-05,1.452e-05,1.166e-05
1.4518e-05,1.07e-05,1.8381e-05,1.518e-05,1.234e-05
1.365e-05,9.77e-06,1.761e-05,1.4195e-05,1.145e-05
1.4356e-05,9.73e-06,1.863e-05,1.505e-05,1.167e-05
1.4147e-05,1.0481e-05,1.7691e-05,1.4505e-05,1.1711e-05
1.3826e-05,1.001e-05,1.78e-05,1.4605e-05,1.166e-05
1.4189e-05,1.074e-05,1.847e-05,1.47e-05,1.1681e-05
1.4475e-05,1.082e-05,1.8461e-05,1.513e-05,1.23e-05
1.3829e-05,9.98e-06,1.788e-05,1.4361e-05,1.159e-05
1.4158e-05,1.018e-05,1.844e-05,1.4805e-05,1.184e-05
1.3857e-05,1.035e-05,1.7411e-05,1.4231e-05,1.172e-05
1.4015e-05,1.055e-05,1.728e-05,1.3755e-05,1.3151e-05
1.3849e-05,1.041e-05,1.723e-05,1.431e-05,1.188e-05
1.4318e-05,1.054e-05,1.8791e-05,1.449e-05,1.322e-05
1.3786e-05,1.0411e-05,1.812e-05,1.43e-05,1.131e-05
1.4477e-05,1.028e-05,1.884e-05,1.5276e-05,1.191e-05
1.4162e-05,1.067e-05,1.7981e-05,1.4946e-05,1.1861e-05
1.3922e-05,1.0191e-05,1.745e-05,1.4266e-05,1.234e-05
1.42e-05,1.085e-05,1.779e-05,1.4351e-05,1.217e-05
1.4655e-05,1.05e-05,1.8491e-05,1.5445e-05,1.236e-05
1.3763e-05,1.019e-05,1.784e-05,1.405e-05,1.183e-05
1.4316e-05,1.061e-05,1.778e-05,1.5055e-05,1.3061e-05
1.3681e-05,1.02e-05,1.765e-05,1.43e-05,1.14e-05
1.459e-05,1.076e-05,1.874e-05,1.5385e-05,1.24e-05
1.412e-05,1.055e-05,1.822e-05,1.4525e-05,1.19e-05
1.4315e-05,1.008e-05,1.841e-05,1.5305e-05,1.189e-05
1.3989e-05,1.086e-05,1.779e-05,1.432e-05,1.2091e-05
1.4555e-05,1.0701e-05,1.838e-05,1.5356e-05,1.277e-05
1.374e-05,1.001e-05,1.717e-05,1.4236e-05,1.155e-05
1.4203e-05,9.81e-06,1.803e-05,1.4646e-05,1.208e-05
1.4148e-05,1.0451e-05,1.804e-05,1.45e-05,1.186e-05
1.4189e-05,9.93e-06,1.753e-05,1.5231e-05,1.2451e-05
1.3662e-05,1.03e-05,1.7711e-05,1.4196e-05,1.148e-05
1.4449e-05,1.024e-05,1.841e-05,1.5176e-05,1.208e-05
1.4037e-05,1.038e-05,1.789e-05,1.43e-05,1.172e-05
1.4305e-05,1.001e-05,1.8441e-05,1.4976e-05,1.2e-05
1.402e-05,1.05e-05,1.8e-05,1.448e-05,1.1621e-05
1.7842e-05,1.583e-05,2.1291e-05,1.7375e-05,1.741e-05
1.2354e-05,9.04e-06,1.53e-05,1.2771e-05,1.3421e-05
1.4564e-05,1.047e-05,1.897e-05,1.5201e-05,1.211e-05
1.4771e-05,1.068e-05,1.8421e-05,1.538e-05,1.261e-05
1.4807e-05,1.119e-05,1.899e-05,1.5601e-05,1.289e-05
1.3961e-05,1.032e-05,1.762e-05,1.427e-05,1.218e-05
1.5066e-05,1.058e-05,1.9411e-05,1.583e-05,1.2521e-05
1.3666e-05,1.025e-05,1.749e-05,1.39e-05,1.148e-05
1.4112e-05,9.98e-06,1.799e-05,1.483e-05,1.2191e-05
1.4453e-05,1.0981e-05,1.8651e-05,1.4885e-05,1.188e-05
1.4245e-05,1.054e-05,1.834e-05,1.4835e-05,1.193e-05
1.3539e-05,1.031e-05,1.683e-05,1.364e-05,1.2e-05
1.4105e-05,1.0201e-05,1.747e-05,1.471e-05,1.326e-05
1.3948e-05,1.058e-05,1.771e-05,1.4355e-05,1.1621e-05
1.3607e-05,9.99e-06,1.751e-05,1.3425e-05,1.242e-05
1.3869e-05,1.065e-05,1.752e-05,1.428e-05,1.187e-05
1.4323e-05,1.031e-05,1.816e-05,1.5015e-05,1.192e-05
1.4126e-05,1.011e-05,1.854e-05,1.492e-05,1.108e-05
1.4585e-05,1.082e-05,1.908e-05,1.509e-05,1.1881e-05
1.395e-05,1.01e-05,1.813e-05,1.463e-05,1.125e-05
1.3882e-05,1.024e-05,1.827e-05,1.4595e-05,1.159e-05
1.4939e-05,1.117e-05,1.914e-05,1.5506e-05,1.23e-05
1.4469e-05,1.0191e-05,1.8671e-05,1.5301e-05,1.171e-05
1.3585e-05,9.9e-06,1.764e-05,1.409e-05,1.1241e-05
1.4479e-05,1.004e-05,1.893e-05,1.5125e-05,1.152e-05
1.3799e-05,1.043e-05,1.7231e-05,1.409e-05,1.156e-05
1.4096e-05,9.91e-06,1.748e-05,1.4701e-05,1.252e-05
1.4254e-05,1.027e-05,1.795e-05,1.512e-05,1.153e-05
1.3954e-05,9.89e-06,1.7911e-05,1.423e-05,1.1871e-05
1.4066e-05,1.051e-05,1.794e-05,1.4795e-05,1.167e-05
1.4183e-05,1.012e-05,1.832e-05,1.4365e-05,1.189e-05
1.4577e-05,1.024e-05,1.9301e-05,1.5316e-05,1.168e-05
1.4089e-05,1.0391e-05,1.818e-05,1.486e-05,1.16e-05
1.4036e-05,1.015e-05,1.763e-05,1.4615e-05,1.1931e-05
1.4207e-05,1.025e-05,1.8251e-05,1.5085e-05,1.172e-05
1.4041e-05,1.0131e-05,1.772e-05,1.4605e-05,1.208e-05
1.4379e-05,1.062e-05,1.837e-05,1.4935e-05,1.235e-05
1.3966e-05,1.017e-05,1.7921e-05,1.4555e-05,1.166e-05
1.4234e-05,1.032e-05,1.819e-05,1.4941e-05,1.1811e-05
1.4499e-05,1.095e-05,1.877e-05,1.517e-05,1.195e-05
1.4994e-05,1.028e-05,2.2671e-05,1.4931e-05,1.164e-05
1.3617e-05,9.56e-06,1.779e-05,1.425e-05,1.099e-05
1.4613e-05,1.049e-05,1.915e-05,1.5276e-05,1.143e-05
1.4281e-05,1.018e-05,1.8631e-05,1.5121e-05,1.093e-05
1.4163e-05,9.97e-06,1.852e-05,1.4901e-05,1.141e-05
1.4474e-05,1.025e-05,1.904e-05,1.519e-05,1.1421e-05
1.3968e-05,1.003e-05,1.8301e-05,1.467e-05,1.121e-05
1.3517e-05,9.32e-06,1.773e-05,1.429e-05,1.092e-05
1.4301e-05,1.0131e-05,1.897e-05,1.497e-05,1.162e-05
1.449e-05,1.04e-05,1.9161e-05,1.535e-05,1.163e-05
1.4915e-05,1.134e-05,1.906e-05,1.5265e-05,1.2031e-05
1.3888e-05,1.0061e-05,1.76e-05,1.426e-05,1.166e-05
1.4067e-05,9.94e-06,1.7591e-05,1.4595e-05,1.199e-05
1.4209e-05,1.028e-05,1.824e-05,1.4735e-05,1.176e-05
1.4215e-05,1.019e-05,1.837e-05,1.4875e-05,1.178e-05
1.3509e-05,1.008e-05,1.7501e-05,1.3966e-05,1.1631e-05
1.4406e-05,1.031e-05,1.884e-05,1.5195e-05,1.195e-05
1.7984e-05,1.232e-05,2.3001e-05,1.8381e-05,2.3001e-05
1.4889e-05,1.006e-05,1.7851e-05,1.4785e-05,1.422e-05
1.3754e-05,9.98e-06,1.779e-05,1.432e-05,1.117e-05
1.4131e-05,9.91e-06,1.871e-05,1.4705e-05,1.118e-05
1.5009e-05,1.115e-05,1.9531e-05,1.5915e-05,1.212e-05
1.4205e-05,9.96e-06,1.626e-05,1.4831e-05,1.5631e-05
1.3701e-05,1.017e-05,1.677e-05,1.3875e-05,1.183e-05
1.3999e-05,1.0061e-05,1.7201e-05,1.4835e-05,1.234e-05
1.3293e-05,9.59e-06,1.705e-05,1.401e-05,1.143e-05
1.4475e-05,1.053e-05,1.885e-05,1.508e-05,1.169e-05
1.4218e-05,1.0271e-05,1.8251e-05,1.4875e-05,1.1551e-05
1.3967e-05,1.037e-05,1.819e-05,1.4445e-05,1.161e-05
1.3872e-05,1.032e-05,1.739e-05,1.41e-05,1.149e-05
1.4261e-05,9.67e-06,1.8011e-05,1.4771e-05,1.248e-05
1.3674e-05,1.01e-05,1.752e-05,1.422e-05,1.14e-05
1.4226e-05,1.047e-05,1.852e-05,1.488e-05,1.2031e-05
1.3884e-05,9.99e-06,1.793e-05,1.459e-05,1.132e-05
1.4228e-05,1.079e-05,1.755e-05,1.4036e-05,1.278e-05
1.3551e-05,9.25e-06,1.812e-05,1.442e-05,1.118e-05
1.4243e-05,1.049e-05,1.859e-05,1.4845e-05,1.185e-05
1.3893e-05,9.681e-06,1.762e-05,1.4431e-05,1.1271e-05
1.3793e-05,1.008e-05,1.699e-05,1.3685e-05,1.284e-05
1.4886e-05,1.078e-05,1.934e-05,1.5555e-05,1.201e-05
1.4212e-05,1.052e-05,1.842e-05,1.4855e-05,1.174e-05
1.4027e-05,1.035e-05,1.831e-05,1.4645e-05,1.199e-05
1.4513e-05,1.036e-05,1.898e-05,1.5345e-05,1.1901e-05
1.4508e-05,1.069e-05,1.8981e-05,1.514e-05,1.182e-05
1.4032e-05,1.065e-05,1.789e-05,1.434e-05,1.18e-05
1.3565e-05,9.38e-06,1.729e-05,1.402e-05,1.172e-05
1.423e-05,1.023e-05,1.8481e-05,1.4886e-05,1.144e-05
1.3623e-05,1.0071e-05,1.798e-05,1.424e-05,1.1191e-05
1.4319e-05,1.027e-05,1.841e-05,1.504e-05,1.154e-05
1.402e-05,1.029e-05,1.7551e-05,1.4355e-05,1.165e-05
1.3975e-05,1.0141e-05,1.745e-05,1.413e-05,1.249e-05
1.399e-05,1.046e-05,1.75e-05,1.4356e-05,1.178e-05
1.4357e-05,1.031e-05,1.7611e-05,1.503e-05,1.2981e-05
1.4229e-05,1.038e-05,1.712e-05,1.4655e-05,1.193e-05
1.3837e-05,9.87e-06,1.721e-05,1.3745e-05,1.268e-05
1.434e-05,1.065e-05,1.8501e-05,1.4886e-05,1.236e-05
1.4175e-05,1.019e-05,1.818e-05,1.457e-05,1.193e-05
1.3968e-05,1.001e-05,1.812e-05,1.4626e-05,1.1411e-05
1.4429e-05,1.052e-05,1.8461e-05,1.512e-05,1.183e-05
1.3561e-05,9.5e-06,1.725e-05,1.4231e-05,1.096e-05
1.4096e-05,1.0271e-05,1.84e-05,1.4685e-05,1.175e-05
1.4186e-05,1.046e-05,1.8141e-05,1.45e-05,1.21e-05
2.3054e-05,1.178e-05,3.076e-05,2.6135e-05,3.076e-05
1.2843e-05,9.07e-06,1.643e-05,1.2685e-05,1.261e-05
1.4292e-05,1.019e-05,1.8181e-05,1.5335e-05,1.226e-05
1.4196e-05,1.038e-05,1.772e-05,1.458e-05,1.203e-05
1.4599e-05,1.0811e-05,1.86e-05,1.5085e-05,1.2551e-05
1.4434e-05,1.082e-05,1.8281e-05,1.51e-05,1.189e-05
1.437e-05,1.097e-05,1.838e-05,1.4685e-05,1.277e-05
1.4324e-05,1.0111e-05,1.822e-05,1.5045e-05,1.174e-05
1.3989e-05,9.58e-06,1.7871e-05,1.4446e-05,1.172e-05
1.4102e-05,1.017e-05,1.822e-05,1.475e-05,1.1411e-05
1.5176e-05,1.11e-05,1.968e-05,1.5905e-05,1.243e-05
1.4326e-05,1.089e-05,1.8501e-05,1.4875e-05,1.192e-05
1.435e-05,1.034e-05,1.844e-05,1.506e-05,1.19e-05
1.452e-05,1.064e-05,1.85e-05,1.532e-05,1.172e-05
1.4075e-05,1.056e-05,1.7921e-05,1.4435e-05,1.2111e-05
1.3343e-05,9.81e-06,1.71e-05,1.388e-05,1.121e-05
1.4397e-05,1.046e-05,1.794e-05,1.508e-05,1.269e-05
1.3712e-05,1.0281e-05,1.7391e-05,1.4151e-05,1.149e-05
1.429e-05,1.013e-05,1.834e-05,1.4691e-05,1.203e-05
1.4597e-05,1.109e-05,1.916e-05,1.545e-05,1.1961e-05
1.4372e-05,1.0321e-05,1.8311e-05,1.495e-05,1.198e-05
1.3447e-05,1.002e-05,1.703e-05,1.385e-05,1.162e-05
1.4068e-05,9.92e-06,1.763e-05,1.4815e-05,1.215e-05
1.3674e-05,9.72e-06,1.7361e-05,1.4105e-05,1.107e-05
1.4083e-05,9.78e-06,1.795e-05,1.4705e-05,1.1451e-05
1.4223e-05,1.055e-05,1.73e-05,1.4705e-05,1.188e-05
1.4032e-05,9.73e-06,1.6901e-05,1.4255e-05,1.251e-05
1.4015e-05,9.971e-06,1.69e-05,1.4345e-05,1.195e-05
1.3801e-05,9.88e-06,1.674e-05,1.356e-05,1.381e-05
1.4401e-05,1.105e-05,1.758e-05,1.4756e-05,1.2071e-05
1.37e-05,9.641e-06,1.695e-05,1.384e-05,1.234e-05
1.3363e-05,9.51e-06,1.693e-05,1.379e-05,1.117e-05
1.4274e-05,1.073e-05,1.793e-05,1.4925e-05,1.254e-05
1.3361e-05,9.7e-06,1.731e-05,1.3831e-05,1.131e-05
1.4244e-05,1.054e-05,1.881e-05,1.498e-05,1.1751e-05
1.3991e-05,1.097e-05,1.748e-05,1.43e-05,1.219e-05
1.4348e-05,1.041e-05,1.7821e-05,1.518e-05,1.258e-05
1.3702e-05,9.9e-06,1.705e-05,1.4156e-05,1.186e-05
1.4409e-05,1.01e-05,1.821e-05,1.4535e-05,1.251e-05
1.3828e-05,9.81e-06,1.7421e-05,1.4636e-05,1.1121e-05
1.391e-05,9.991e-06,1.744e-05,1.3845e-05,1.242e-05
1.4077e-05,9.83e-06,1.697e-05,1.469e-05,1.2e-05
1.4556e-05,1.036e-05,1.7621e-05,1.5101e-05,1.21e-05
1.3684e-05,9.02e-06,1.729e-05,1.4785e-05,1.109e-05
1.4457e-05,1.037e-05,1.858e-05,1.5071e-05,1.1911e-05
1.3521e-05,9.45e-06,1.7451e-05,1.404e-05,1.099e-05
1.4008e-05,1.042e-05,1.775e-05,1.4526e-05,1.188e-05
1.3861e-05,9.36e-06,1.781e-05,1.4335e-05,1.128e-05
1.432e-05,1.064e-05,1.8531e-05,1.5045e-05,1.151e-05
1.3881e-05,1.005e-05,1.808e-05,1.4595e-05,1.1201e-05
1.4793e-05,1.0591e-05,1.929e-05,1.5475e-05,1.208e-05
1.3873e-05,1.033e-05,1.7751e-05,1.442e-05,1.161e-05
1.4117e-05,1.063e-05,1.79e-05,1.4735e-05,1.236e-05
1.4503e-05,1.0621e-05,1.852e-05,1.5315e-05,1.182e-05
1.4018e-05,9.75e-06,1.7851e-05,1.4715e-05,1.1481e-05
1.3837e-05,1.009e-05,1.756e-05,1.427e-05,1.136e-05
1.4154e-05,1.025e-05,1.781e-05,1.4925e-05,1.243e-05
1.418e-05,1.044e-05,1.8711e-05,1.4776e-05,1.123e-05
1.4339e-05,1.123e-05,1.762e-05,1.4805e-05,1.285e-05
1.3557e-05,9.01e-06,1.742e-05,1.4041e-05,1.1291e-05
1.4417e-05,1.041e-05,1.8501e-05,1.5005e-05,1.167e-05
1.4247e-05,1.061e-05,1.756e-05,1.4806e-05,1.181e-05
1.3421e-05,1.009e-05,1.633e-05,1.328e-05,1.269e-05
1.3605e-05,9.651e-06,1.775e-05,1.4395e-05,1.122e-05
1.3789e-05,1.032e-05,1.736e-05,1.4406e-05,1.1661e-05
1.5704e-05,1.138e-05,2.033e-05,1.6355e-05,1.281e-05
1.3681e-05,1.094e-05,1.765e-05,1.4161e-05,1.208e-05
1.4759e-05,1.086e-05,1.882e-05,1.558e-05,1.248e-05
1.4441e-05,1.063e-05,1.838e-05,1.4985e-05,1.184e-05
1.4239e-05,1.018e-05,1.822e-05,1.4705e-05,1.1571e-05
2.3063e-05,1.213e-05,2.911e-05,2.4871e-05,2.911e-05
1.3318e-05,8.8e-06,1.6721e-05,1.3485e-05,1.3391e-05
1.339e-05,9.82e-06,1.6741e-05,1.41e-05,1.193e-05
1.4901e-05,1.035e-05,1.944e-05,1.572e-05,1.202e-05
1.3773e-05,1.055e-05,1.793e-05,1.4395e-05,1.155e-05
1.5538e-05,1.162e-05,1.9501e-05,1.624e-05,1.293e-05
1.3355e-05,9.75e-06,1.712e-05,1.39e-05,1.115e-05
1.3774e-05,1.013e-05,1.801e-05,1.4535e-05,1.16e-05
1.4095e-05,1.082e-05,1.816e-05,1.4365e-05,1.2121e-05
1.4177e-05,1.0281e-05,1.82e-05,1.4945e-05,1.174e-05
1.8115e-05,1.078e-05,3.629e-05,1.481e-05,1.265e-05
1.5737e-05,1.001e-05,1.9961e-05,1.581e-05,1.336e-05
1.3455e-05,9.99e-06,1.7e-05,1.398e-05,1.141e-05
1.5909e-05,1.149e-05,2.012e-05,1.6685e-05,1.345e-05
1.4131e-05,1.031e-05,1.8331e-05,1.4785e-05,1.171e-05
1.5004e-05,1.084e-05,1.932e-05,1.5881e-05,1.2321e-05
1.4079e-05,9.62e-06,1.84e-05,1.486e-05,1.141e-05
1.5211e-05,1.148e-05,1.9701e-05,1.5946e-05,1.2401e-05
1.3499e-05,1.0011e-05,1.705e-05,1.383e-05,1.136e-05
1.5122e-05,9.37e-06,1.881e-05,1.619e-05,1.209e-05
1.3742e-05,1.03e-05,1.7051e-05,1.4605e-05,1.182e-05
1.5341e-05,1.0351e-05,1.952e-05,1.599e-05,1.291e-05
1.3943e-05,1.067e-05,1.879e-05,1.453e-05,1.1801e-05
1.4312e-05,1.034e-05,1.8661e-05,1.5255e-05,1.158e-05
1.3476e-05,9.9e-06,1.727e-05,1.3955e-05,1.139e-05
1.368e-05,9.67e-06,1.804e-05,1.437e-05,1.103e-05
1.4164e-05,1.041e-05,1.8291e-05,1.4871e-05,1.173e-05
1.5049e-05,1.099e-05,1.945e-05,1.5615e-05,1.2281e-05
1.3447e-05,9.9e-06,1.77e-05,1.4106e-05,1.133e-05
1.5367e-05,1.119e-05,1.9631e-05,1.607e-05,1.252e-05
1.4394e-05,1.075e-05,1.832e-05,1.5005e-05,1.199e-05
1.4803e-05,1.0691e-05,1.848e-05,1.5425e-05,1.271e-05
1.4938e-05,1.022e-05,1.9011e-05,1.568e-05,1.1731e-05
1.4848e-05,1.065e-05,1.918e-05,1.541e-05,1.203e-05
1.3529e-05,9.961e-06,1.717e-05,1.412e-05,1.134e-05
1.4836e-05,1.047e-05,1.9151e-05,1.5561e-05,1.209e-05
1.3707e-05,1.016e-05,1.805e-05,1.441e-05,1.079e-05
1.5489e-05,1.1821e-05,1.961e-05,1.6001e-05,1.2851e-05
1.3917e-05,1.051e-05,1.7971e-05,1.4585e-05,1.184e-05
1.3973e-05,1.017e-05,1.837e-05,1.4636e-05,1.1311e-05
1.3349e-05,1.001e-05,1.776e-05,1.381e-05,1.099e-05
1.4624e-05,1.046e-05,1.8741e-05,1.5395e-05,1.158e-05
1.4115e-05,1.018e-05,1.83e-05,1.503e-05,1.183e-05
1.3557e-05,9.96e-06,1.8e-05,1.421e-05,1.069e-05
1.3924e-05,1.062e-05,1.8291e-05,1.47e-05,1.1781e-05
1.4765e-05,1.09e-05,1.927e-05,1.544e-05,1.205e-05
1.4554e-05,1.08e-05,1.848e-05,1.52e-05,1.208e-05
1.4608e-05,1.0421e-05,1.8831e-05,1.5295e-05,1.206e-05
1.4438e-05,1.091e-05,1.925e-05,1.4926e-05,1.195e-05
1.4865e-05,1.075e-05,1.926e-05,1.5515e-05,1.2031e-05
1.3714e-05,1.0111e-05,1.8181e-05,1.4115e-05,1.161e-05
1.4631e-05,1.057e-05,1.931e-05,1.5445e-05,1.203e-05
1.3825e-05,1.05e-05,1.744e-05,1.4261e-05,1.153e-05
1.4762e-05,9.93e-06,1.9031e-05,1.5286e-05,1.232e-05
1.3587e-05,1.018e-05,1.712e-05,1.3905e-05,1.1461e-05
1.3116e-05,9.62e-06,1.627e-05,1.325e-05,1.191e-05
1.3583e-05,9.91e-06,1.654e-05,1.418e-05,1.23e-05
1.3325e-05,9.47e-06,1.685e-05,1.3805e-05,1.113e-05
1.3422e-05,1.008e-05,1.603e-05,1.354e-05,1.217e-05
1.4067e-05,9.93e-06,1.746e-05,1.43e-05,1.2671e-05
1.3597e-05,1.0761e-05,1.768e-05,1.391e-05,1.167e-05
1.4778e-05,1.1e-05,1.88e-05,1.5455e-05,1.218e-05
1.4322e-05,1.027e-05,1.853e-05,1.5105e-05,1.127e-05
1.4003e-05,9.71e-06,1.8021e-05,1.46e-05,1.147e-05
1.4232e-05,1.043e-05,1.819e-05,1.4941e-05,1.2121e-05
1.5119e-05,1.081e-05,2.009e-05,1.5935e-05,1.221e-05
1.3369e-05,9.87e-06,1.7191e-05,1.3895e-05,1.105e-05
1.4076e-05,9.54e-06,1.797e-05,1.488e-05,1.204e-05
1.4154e-05,1.07e-05,1.797e-05,1.4686e-05,1.187e-05
1.5065e-05,1.068e-05,1.9561e-05,1.596e-05,1.2241e-05
1.3794e-05,1.0841e-05,1.702e-05,1.3795e-05,1.258e-05
1.3082e-05,8.54e-06,1.653e-05,1.335e-05,1.153e-05
1.3611e-05,1.009e-05,1.6991e-05,1.4265e-05,1.152e-05
1.324e-05,9.92e-06,1.689e-05,1.3555e-05,1.227e-05
1.3786e-05,1.047e-05,1.783e-05,1.45e-05,1.1901e-05
1.439e-05,1.05e-05,1.8601e-05,1.5031e-05,1.206e-05
1.3381e-05,1.004e-05,1.737e-05,1.405e-05,1.121e-05
1.5272e-05,1.085e-05,1.976e-05,1.6011e-05,1.245e-05
1.4606e-05,1.087e-05,1.9111e-05,1.531e-05,1.193e-05
1.4234e-05,1.033e-05,1.842e-05,1.4936e-05,1.1341e-05
1.4327e-05,1.042e-05,1.85e-05,1.476e-05,1.187e-05
1.459e-05,1.1e-05,1.8761e-05,1.515e-05,1.197e-05
1.32e-05,9.78e-06,1.669e-05,1.377e-05,1.143e-05
1.4475e-05,9.951e-06,1.884e-05,1.5145e-05,1.174e-05
1.388e-05,1.056e-05,1.7091e-05,1.4221e-05,1.1721e-05
1.4436e-05,9.8e-06,1.822e-05,1.4855e-05,1.255e-05
1.4022e-05,1.051e-05,1.849e-05,1.4751e-05,1.19e-05
1.4304e-05,1.051e-05,1.8361e-05,1.479e-05,1.181e-05
1.3547e-05,9.43e-06,1.711e-05,1.4185e-05,1.142e-05
1.3782e-05,9.88e-06,1.715e-05,1.4155e-05,1.1431e-05
1.3685e-05,1.03e-05,1.671e-05,1.3395e-05,1.284e-05
1.4626e-05,1.065e-05,1.882e-05,1.5365e-05,1.216e-05
1.3559e-05,1.05e-05,1.779e-05,1.414e-05,1.169e-05
1.4732e-05,1.0431e-05,1.958e-05,1.5531e-05,1.184e-05
1.447e-05,1.043e-05,1.882e-05,1.5255e-05,1.1751e-05
1.4222e-05,1.015e-05,1.815e-05,1.5036e-05,1.141e-05
1.424e-05,1.0111e-05,1.894e-05,1.485e-05,1.12e-05
1.4491e-05,1.093e-05,1.858e-05,1.5e-05,1.206e-05
1.3462e-05,1.061e-05,1.695e-05,1.3551e-05,1.23e-05
1.4557e-05,1.04e-05,1.871e-05,1.5265e-05,1.178e-05
1.3483e-05,1.045e-05,1.6991e-05,1.3661e-05,1.213e-05
1.5468e-05,1.078e-05,1.953e-05,1.624e-05,1.3371e-05
1.3838e-05,1.029e-05,1.781e-05,1.422e-05,1.172e-05
1.4103e-05,1.073e-05,1.8141e-05,1.43e-05,1.19e-05
1.378e-05,9.85e-06,1.77e-05,1.416e-05,1.193e-05
1.4252e-05,1.072e-05,1.801e-05,1.449e-05,1.178e-05
1.3459e-05,9.551e-06,1.7021e-05,1.4146e-05,1.1951e-05
1.4919e-05,1.107e-05,1.902e-05,1.5466e-05,1.241e-05
1.3619e-05,1.015e-05,1.754e-05,1.4351e-05,1.141e-05
1.5218e-05,1.1731e-05,1.9101e-05,1.5691e-05,1.313e-05
1.4327e-05,1.04e-05,1.841e-05,1.5e-05,1.163e-05
1.5972e-05,1.151e-05,2.032e-05,1.682e-05,1.2821e-05
1.4339e-05,1.076e-05,1.8921e-05,1.5006e-05,1.157e-05
1.5099e-05,1.107e-05,1.945e-05,1.574e-05,1.235e-05
1.3571e-05,1.024e-05,1.761e-05,1.4165e-05,1.156e-05
1.5247e-05,1.129e-05,1.9131e-05,1.582e-05,1.277e-05
1.3814e-05,1.075e-05,1.732e-05,1.404e-05,1.1721e-05
1.5854e-05,1.119e-05,2.012e-05,1.6351e-05,1.335e-05
1.3642e-05,1.027e-05,1.6891e-05,1.4275e-05,1.165e-05
1.3234e-05,8.921e-06,1.678e-05,1.3796e-05,1.143e-05
1.3802e-05,1.007e-05,1.785e-05,1.4545e-05,1.156e-05
1.3966e-05,1.062e-05,1.7621e-05,1.46e-05,1.1951e-05
1.3824e-05,1.0531e-05,1.689e-05,1.386e-05,1.232e-05
1.5331e-05,1.077e-05,1.942e-05,1.599e-05,1.278e-05
1.3258e-05,9.94e-06,1.7061e-05,1.3831e-05,1.108e-05
1.5101e-05,1.086e-05,1.913e-05,1.564e-05,1.28e-05
1.4472e-05,1.018e-05,1.884e-05,1.5211e-05,1.1591e-05
1.5999e-05,1.149e-05,2.0401e-05,1.6835e-05,1.306e-05
1.4195e-05,1.041e-05,1.877e-05,1.4841e-05,1.1641e-05
1.5468e-05,1.162e-05,1.962e-05,1.607e-05,1.33e-05
1.3157e-05,9.49e-06,1.7441e-05,1.3846e-05,1.102e-05
1.4898e-05,1.092e-05,1.949e-05,1.579e-05,1.242e-05
1.3438e-05,1.039e-05,1.754e-05,1.385e-05,1.136e-05
1.5218e-05,1.117e-05,1.9291e-05,1.5955e-05,1.2771e-05
1.3407e-05,1.001e-05,1.706e-05,1.398e-05,1.135e-05
1.3604e-05,9.241e-06,1.763e-05,1.4235e-05,1.118e-05
1.3597e-05,9.93e-06,1.8051e-05,1.4305e-05,1.111e-05
1.4208e-05,1.024e-05,1.852e-05,1.4835e-05,1.16e-05
1.366e-05,9.7e-06,1.73e-05,1.44e-05,1.1471e-05
1.5573e-05,1.134e-05,1.9441e-05,1.6346e-05,1.289e-05
1.3411e-05,1.037e-05,1.674e-05,1.3825e-05,1.201e-05
1.5009e-05,1.058e-05,1.925e-05,1.5806e-05,1.273e-05
1.4145e-05,1.08e-05,1.824e-05,1.463e-05,1.213e-05
1.4628e-05,1.063e-05,1.896e-05,1.537e-05,1.2091e-05
1.4583e-05,1.09e-05,1.891e-05,1.519e-05,1.193e-05
1.4879e-05,1.0511e-05,1.931e-05,1.5735e-05,1.213e-05
1.3448e-05,9.87e-06,1.719e-05,1.4005e-05,1.131e-05
1.5509e-05,1.123e-05,1.956e-05,1.626e-05,1.273e-05
1.3692e-05,1.0251e-05,1.674e-05,1.4235e-05,1.2121e-05
1.5213e-05,1.04e-05,1.985e-05,1.5965e-05,1.236e-05
1.398e-05,1.094e-05,1.816e-05,1.4341e-05,1.2181e-05
1.4287e-05,1.02e-05,1.86e-05,1.498e-05,1.151e-05
1.3591e-05,9.84e-06,1.725e-05,1.4115e-05,1.122e-05
1.3666e-05,9.11e-06,1.769e-05,1.4535e-05,1.1051e-05
1.4287e-05,1.096e-05,1.803e-05,1.493e-05,1.219e-05
1.5313e-05,1.066e-05,1.9791e-05,1.588e-05,1.2481e-05
1.3935e-05,1.068e-05,1.746e-05,1.428e-05,1.185e-05
1.5033e-05,1.038e-05,1.967e-05,1.5556e-05,1.269e-05
1.4246e-05,1.032e-05,1.8641e-05,1.502e-05,1.131e-05
1.491e-05,1.086e-05,1.927e-05,1.55e-05,1.251e-05
1.5024e-05,1.162e-05,1.884e-05,1.561e-05,1.3021e-05
1.4561e-05,1.0421e-05,1.8551e-05,1.526e-05,1.227e-05
1.3239e-05,9.61e-06,1.686e-05,1.372e-05,1.142e-05
1.5388e-05,1.107e-05,1.972e-05,1.6105e-05,1.269e-05
1.3571e-05,1.0471e-05,1.6461e-05,1.3611e-05,1.187e-05
1.4911e-05,1.012e-05,1.857e-05,1.5225e-05,1.3181e-05
1.3866e-05,1.016e-05,1.751e-05,1.4225e-05,1.19e-05
1.3793e-05,9.8e-06,1.7871e-05,1.439e-05,1.141e-05
1.3542e-05,9.56e-06,1.804e-05,1.4296e-05,1.107e-05
1.4545e-05,1.073e-05,1.893e-05,1.533e-05,1.191e-05
1.3554e-05,1.075e-05,1.6701e-05,1.3336e-05,1.2301e-05
1.4784e-05,9.891e-06,1.868e-05,1.526e-05,1.238e-05
1.3648e-05,1.039e-05,1.736e-05,1.415e-05,1.139e-05
1.4108e-05,9.95e-06,1.7851e-05,1.4225e-05,1.271e-05
1.4327e-05,1.0571e-05,1.877e-05,1.4925e-05,1.182e-05
1.4627e-05,1.057e-05,1.923e-05,1.5485e-05,1.1811e-05
1.425e-05,1.003e-05,1.8481e-05,1.5191e-05,1.16e-05
1.4969e-05,1.069e-05,1.928e-05,1.5876e-05,1.192e-05
1.3847e-05,1.062e-05,1.783e-05,1.4215e-05,1.222e-05
1.4606e-05,1.065e-05,1.8701e-05,1.5391e-05,1.195e-05
1.3488e-05,9.91e-06,1.641e-05,1.3945e-05,1.171e-05
1.4821e-05,9.75e-06,1.89e-05,1.5115e-05,1.242e-05
1.3703e-05,1.034e-05,1.7271e-05,1.3775e-05,1.1771e-05
1.3242e-05,9.32e-06,1.63e-05,1.3425e-05,1.17e-05
1.4099e-05,1.0261e-05,1.658e-05,1.452e-05,1.286e-05
1.298e-05,9e-06,1.6091e-05,1.3071e-05,1.1881e-05
1.3615e-05,1.035e-05,1.7e-05,1.3716e-05,1.207e-05
1.4172e-05,9.601e-06,1.82e-05,1.4785e-05,1.155e-05
1.3555e-05,1.028e-05,1.787e-05,1.4251e-05,1.127e-05
1.4832e-05,1.08e-05,1.905e-05,1.5686e-05,1.222e-05
1.4622e-05,1.048e-05,1.919e-05,1.5321e-05,1.1791e-05
1.4514e-05,1.065e-05,1.875e-05,1.526e-05,1.182e-05
1.4143e-05,1.008e-05,1.849e-05,1.4915e-05,1.1181e-05
1.4288e-05,1.008e-05,1.82e-05,1.4905e-05,1.183e-05
1.3725e-05,1.042e-05,1.781e-05,1.367e-05,1.154e-05
1.4606e-05,1.038e-05,1.906e-05,1.534e-05,1.168e-05
1.3547e-05,1.033e-05,1.727e-05,1.408e-05,1.181e-05
1.4463e-05,1.0501e-05,1.852e-05,1.512e-05,1.2041e-05
1.3732e-05,1.006e-05,1.772e-05,1.4265e-05,1.163e-05
1.3897e-05,9.68e-06,1.802e-05,1.4536e-05,1.163e-05
1.354e-05,1.027e-05,1.761e-05,1.408e-05,1.192e-05
1.369e-05,1.049e-05,1.7581e-05,1.425e-05,1.18e-05
1.3797e-05,1.069e-05,1.678e-05,1.3795e-05,1.2431e-05
1.4679e-05,9.6e-06,1.842e-05,1.5285e-05,1.217e-05
1.3356e-05,1.005e-05,1.7331e-05,1.3896e-05,1.117e-05
1.4854e-05,1.04e-05,1.889e-05,1.5585e-05,1.218e-05
1.4068e-05,1.037e-05,1.834e-05,1.479e-05,1.142e-05
1.4068e-05,1.0331e-05,1.8221e-05,1.478e-05,1.1631e-05
1.4455e-05,1.054e-05,1.865e-05,1.523e-05,1.22e-05
1.4771e-05,1.072e-05,1.906e-05,1.5545e-05,1.208e-05
1.3741e-05,1.0481e-05,1.7641e-05,1.4316e-05,1.184e-05
1.462e-05,1.033e-05,1.887e-05,1.529e-05,1.21e-05
1.373e-05,1.039e-05,1.741e-05,1.4145e-05,1.1211e-05
1.4142e-05,1e-05,1.8001e-05,1.446e-05,1.197e-05
1.3682e-05,9.55e-06,1.878e-05,1.4315e-05,1.09e-05
1.4082e-05,1.032e-05,1.822e-05,1.465e-05,1.153e-05
1.3779e-05,1.057e-05,1.7991e-05,1.4145e-05,1.196e-05
1.3979e-05,1.044e-05,1.779e-05,1.4676e-05,1.1841e-05
1.412e-05,1.065e-05,1.801e-05,1.4195e-05,1.262e-05
1.4736e-05,1.071e-05,1.9041e-05,1.5441e-05,1.217e-05
1.3948e-05,1.0761e-05,1.789e-05,1.441e-05,1.174e-05
1.4767e-05,1.07e-05,1.898e-05,1.5305e-05,1.219e-05
1.4786e-05,1.112e-05,1.9441e-05,1.5465e-05,1.1911e-05
1.4554e-05,1.0571e-05,1.849e-05,1.5106e-05,1.194e-05
1.4424e-05,1.017e-05,1.884e-05,1.5225e-05,1.166e-05
1.4441e-05,1.037e-05,1.8551e-05,1.4925e-05,1.209e-05
1.4135e-05,1.13e-05,1.693e-05,1.4096e-05,1.232e-05
1.4212e-05,9.24e-06,1.755e-05,1.445e-05,1.2791e-05
1.4175e-05,1.158e-05,1.7351e-05,1.4286e-05,1.262e-05
1.5183e-05,1.01e-05,1.892e-05,1.5485e-05,1.319e-05
1.4261e-05,1.116e-05,1.774e-05,1.4616e-05,1.215e-05
1.3186e-05,9e-06,1.721e-05,1.3535e-05,1.113e-05
1.3532e-05,1.041e-05,1.69e-05,1.349e-05,1.1881e-05
1.338e-05,8.961e-06,1.646e-05,1.363e-05,1.195e-05
1.3393e-05,9.75e-06,1.638e-05,1.3956e-05,1.184e-05
1.4886e-05,1.044e-05,1.858e-05,1.5495e-05,1.266e-05
1.3644e-05,1.007e-05,1.753e-05,1.4525e-05,1.15e-05
1.5189e-05,1.152e-05,1.918e-05,1.544e-05,1.3361e-05
1.425e-05,1.038e-05,1.8471e-05,1.505e-05,1.203e-05
1.5149e-05,1.073e-05,2.017e-05,1.5836e-05,1.226e-05
1.408e-05,1.017e-05,1.864e-05,1.496e-05,1.143e-05
1.5495e-05,1.172e-05,2.0341e-05,1.6385e-05,1.258e-05
1.372e-05,9.94e-06,1.797e-05,1.427e-05,1.127e-05
1.4915e-05,1.114e-05,1.928e-05,1.565e-05,1.238e-05
1.3443e-05,9.52e-06,1.6931e-05,1.428e-05,1.1131e-05
1.3912e-05,9.16e-06,1.753e-05,1.436e-05,1.16e-05
1.4406e-05,1.0551e-05,1.846e-05,1.52e-05,1.17e-05
1.4035e-05,1.017e-05,1.8171e-05,1.466e-05,1.183e-05
1.3609e-05,9.9e-06,1.807e-05,1.438e-05,1.152e-05
1.461e-05,1.0301e-05,1.865e-05,1.516e-05,1.1971e-05
1.3609e-05,1.013e-05,1.7131e-05,1.434e-05,1.16e-05
1.447e-05,1.014e-05,1.862e-05,1.501e-05,1.173e-05
1.347e-05,1.0111e-05,1.757e-05,1.296e-05,1.697e-05
1.3848e-05,9.89e-06,1.7251e-05,1.382e-05,1.231e-05
1.4314e-05,1.015e-05,1.863e-05,1.4975e-05,1.1051e-05
1.5293e-05,1.071e-05,1.884e-05,1.616e-05,1.329e-05
1.4449e-05,1.083e-05,1.8861e-05,1.534e-05,1.206e-05
1.5419e-05,1.111e-05,1.977e-05,1.6156e-05,1.236e-05
1.3798e-05,1.063e-05,1.668e-05,1.3805e-05,1.215e-05
1.4299e-05,9.13e-06,1.8111e-05,1.4275e-05,1.2571e-05
1.3551e-05,1.042e-05,1.723e-05,1.401e-05,1.144e-05
1.5271e-05,1.116e-05,1.907e-05,1.5875e-05,1.2871e-05
1.3376e-05,9.851e-06,1.6451e-05,1.4045e-05,1.181e-05
1.3785e-05,9.58e-06,1.781e-05,1.448e-05,1.12e-05
1.3633e-05,1.07e-05,1.75e-05,1.3525e-05,1.215e-05
1.368e-05,9.61e-06,1.7701e-05,1.453e-05,1.175e-05
1.3889e-05,1.121e-05,1.759e-05,1.4225e-05,1.2301e-05
1.4946e-05,1.06e-05,1.931e-05,1.5595e-05,1.233e-05
1.3411e-05,1.037e-05,1.7411e-05,1.4056e-05,1.14e-05
1.5254e-05,1.127e-05,1.955e-05,1.602e-05,1.2451e-05
1.3996e-05,1.04e-05,1.811e-05,1.468e-05,1.164e-05
1.5212e-05,1.107e-05,2.0121e-05,1.5915e-05,1.2121e-05
1.4417e-05,1.0161e-05,1.908e-05,1.5085e-05,1.143e-05
1.4817e-05,1.055e-05,1.923e-05,1.5585e-05,1.165e-05
1.4103e-05,1.115e-05,1.7701e-05,1.4275e-05,1.22e-05
1.4446e-05,9.891e-06,1.825e-05,1.509e-05,1.202e-05
1.3406e-05,1.02e-05,1.717e-05,1.4015e-05,1.1241e-05
1.5086e-05,1.079e-05,1.9301e-05,1.5776e-05,1.244e-05
1.3375e-05,9.76e-06,1.735e-05,1.3991e-05,1.103e-05
1.3766e-05,9.52e-06,1.801e-05,1.443e-05,1.11e-05
1.3439e-05,9.93e-06,1.707e-05,1.427e-05,1.1e-05
1.3706e-05,9.21e-06,1.746e-05,1.42e-05,1.1391e-05
1.3713e-05,1.01e-05,1.702e-05,1.405e-05,1.183e-05
1.5397e-05,1.086e-05,1.976e-05,1.5835e-05,1.343e-05
1.3202e-05,1.026e-05,1.731e-05,1.3655e-05,1.161e-05
1.5387e-05,1.1271e-05,1.989e-05,1.613e-05,1.256e-05
1.4252e-05,1.015e-05,1.844e-05,1.5196e-05,1.1561e-05
1.4267e-05,1.045e-05,1.831e-05,1.483e-05,1.19e-05
1.4633e-05,1.0171e-05,1.931e-05,1.5356e-05,1.143e-05
1.5309e-05,1.158e-05,1.913e-05,1.581e-05,1.315e-05
1.3505e-05,9.93e-06,1.701e-05,1.4025e-05,1.152e-05
1.4874e-05,1.066e-05,1.885e-05,1.5576e-05,1.2541e-05
1.3959e-05,9.87e-06,2.051e-05,1.3705e-05,1.13e-05
1.5347e-05,1.121e-05,1.967e-05,1.6025e-05,1.2541e-05
1.3648e-05,1.038e-05,1.748e-05,1.4325e-05,1.136e-05
1.3482e-05,9.39e-06,1.787e-05,1.391e-05,1.116e-05
1.382e-05,1.09e-05,1.773e-05,1.408e-05,1.248e-05
1.4142e-05,1.005e-05,1.829e-05,1.47e-05,1.138e-05
1.3469e-05,1.0651e-05,1.642e-05,1.3785e-05,1.2441e-05
1.5019e-05,1.008e-05,1.8901e-05,1.551e-05,1.29e-05
1.3815e-05,1.017e-05,1.836e-05,1.433e-05,1.135e-05
1.4463e-05,1.0781e-05,1.851e-05,1.5025e-05,1.227e-05
1.4427e-05,1.071e-05,1.9021e-05,1.529e-05,1.179e-05
1.5377e-05,1.116e-05,2.014e-05,1.6086e-05,1.2431e-05
1.4319e-05,1.064e-05,1.85e-05,1.488e-05,1.172e-05
1.4753e-05,1.065e-05,1.8531e-05,1.5196e-05,1.204e-05
1.3718e-05,1.004e-05,1.681e-05,1.4336e-05,1.204e-05
1.4189e-05,1.006e-05,1.801e-05,1.4715e-05,1.174e-05
1.3481e-05,9.84e-06,1.7291e-05,1.4055e-05,1.0971e-05
1.4747e-05,1.073e-05,1.894e-05,1.542e-05,1.213e-05
1.3181e-05,9.79e-06,1.561e-05,1.2985e-05,1.247e-05
1.3395e-05,9.561e-06,1.6901e-05,1.3895e-05,1.163e-05
1.3616e-05,1.002e-05,1.661e-05,1.4266e-05,1.244e-05
1.3446e-05,9.66e-06,1.713e-05,1.3715e-05,1.1301e-05
1.5325e-05,9.61e-06,2.077e-05,1.4685e-05,1.184e-05
1.3302e-05,9.28e-06,1.6601e-05,1.3641e-05,1.388e-05
1.3472e-05,1.009e-05,1.744e-05,1.4215e-05,1.142e-05
1.4488e-05,1.059e-05,1.8541e-05,1.5095e-05,1.25e-05
1.4341e-05,1.021e-05,1.816e-05,1.479e-05,1.1571e-05
1.4445e-05,1.039e-05,1.881e-05,1.515e-05,1.186e-05
1.4249e-05,1.053e-05,1.8531e-05,1.4765e-05,1.156e-05
1.4808e-05,1.09e-05,1.874e-05,1.5375e-05,1.22e-05
1.359e-05,9.67e-06,1.697e-05,1.4215e-05,1.175e-05
1.4045e-05,9.98e-06,1.7941e-05,1.4785e-05,1.1631e-05
1.3588e-05,1.0091e-05,1.742e-05,1.42e-05,1.168e-05
1.4989e-05,1.085e-05,1.897e-05,1.5646e-05,1.241e-05
1.3559e-05,9.94e-06,1.7091e-05,1.4225e-05,1.177e-05
1.3348e-05,9.42e-06,1.697e-05,1.3661e-05,1.104e-05
1.3605e-05,9.54e-06,1.728e-05,1.4225e-05,1.1921e-05
1.391e-05,1.038e-05,1.728e-05,1.4255e-05,1.166e-05
1.3382e-05,9.85e-06,1.676e-05,1.3021e-05,1.271e-05
1.4951e-05,1.08e-05,1.911e-05,1.564e-05,1.239e-05
1.3507e-05,9.86e-06,1.728e-05,1.412e-05,1.137e-05
1.4686e-05,1.047e-05,1.8801e-05,1.5325e-05,1.2141e-05
1.4303e-05,1.0401e-05,1.86e-05,1.5005e-05,1.195e-05
1.4702e-05,1.066e-05,1.896e-05,1.5415e-05,1.2e-05
1.4266e-05,1.035e-05,1.8681e-05,1.4835e-05,1.145e-05
1.4569e-05,1.0521e-05,1.883e-05,1.5235e-05,1.157e-05
1.3622e-05,1.013e-05,1.685e-05,1.4186e-05,1.1471e-05
1.3159e-05,9.44e-06,1.586e-05,1.3171e-05,1.301e-05
1.4013e-05,1.003e-05,1.812e-05,1.4686e-05,1.164e-05
1.5111e-05,1.123e-05,1.947e-05,1.5935e-05,1.257e-05
1.3692e-05,9.99e-06,1.7831e-05,1.441e-05,1.141e-05
1.3654e-05,1.014e-05,1.753e-05,1.385e-05,1.1581e-05
1.4075e-05,9.83e-06,1.799e-05,1.4845e-05,1.265e-05
1.4235e-05,1.058e-05,1.8431e-05,1.474e-05,1.142e-05
1.3993e-05,1.017e-05,1.778e-05,1.4246e-05,1.214e-05
1.4777e-05,1.0991e-05,1.886e-05,1.554e-05,1.236e-05
1.3264e-05,1.015e-05,1.7351e-05,1.3806e-05,1.1731e-05
1.4504e-05,1.05e-05,1.889e-05,1.5161e-05,1.187e-05
1.4446e-05,1.088e-05,1.843e-05,1.505e-05,1.211e-05
1.385e-05,1.006e-05,1.7161e-05,1.4336e-05,1.105e-05
1.4368e-05,1.037e-05,1.797e-05,1.468e-05,1.296e-05
1.4228e-05,9.98e-06,1.85e-05,1.507e-05,1.1661e-05
1.5107e-05,1.028e-05,2.165e-05,1.4325e-05,1.182e-05
1.531e-05,9.49e-06,1.8361e-05,1.5855e-05,1.2911e-05
1.3636e-05,1.01e-05,1.725e-05,1.4025e-05,1.162e-05
1.3754e-05,9.76e-06,1.7721e-05,1.4286e-05,1.148e-05
1.4022e-05,1.099e-05,1.785e-05,1.455e-05,1.235e-05
1.4005e-05,1.037e-05,1.805e-05,1.4646e-05,1.179e-05
1.3481e-05,9.511e-06,1.7531e-05,1.4165e-05,1.0801e-05
1.5465e-05,1.047e-05,2.03e-05,1.618e-05,1.232e-05
1.3728e-05,1.071e-05,1.725e-05,1.4165e-05,1.185e-05
1.5282e-05,1.108e-05,1.9601e-05,1.603e-05,1.241e-05
1.4128e-05,1.091e-05,1.787e-05,1.4415e-05,1.216e-05
1.4929e-05,1.055e-05,1.888e-05,1.543e-05,1.3541e-05
1.4718e-05,1.052e-05,1.9411e-05,1.5356e-05,1.157e-05
1.5821e-05,1.192e-05,2.039e-05,1.6675e-05,1.305e-05
1.4315e-05,1.053e-05,1.875e-05,1.4991e-05,1.155e-05
1.4818e-05,1.059e-05,1.8761e-05,1.567e-05,1.196e-05
1.3697e-05,1.014e-05,1.748e-05,1.402e-05,1.1511e-05
1.5042e-05,1.038e-05,1.967e-05,1.576e-05,1.206e-05
1.3845e-05,9.96e-06,1.7241e-05,1.4275e-05,1.1451e-05
1.3412e-05,9.561e-06,1.701e-05,1.405e-05,1.176e-05
1.3554e-05,1.012e-05,1.745e-05,1.4036e-05,1.181e-05
1.3795e-05,9.78e-06,1.749e-05,1.4285e-05,1.1311e-05
1.3706e-05,1.019e-05,1.721e-05,1.4341e-05,1.178e-05
1.514e-05,1.014e-05,1.974e-05,1.5746e-05,1.239e-05
1.3836e-05,1.065e-05,1.696e-05,1.392e-05,1.185e-05
1.4621e-05,9.69e-06,1.832e-05,1.4826e-05,1.261e-05
1.3387e-05,1.019e-05,1.757e-05,1.3995e-05,1.105e-05
1.4832e-05,1.088e-05,1.883e-05,1.5335e-05,1.22e-05
1.4636e-05,1.045e-05,1.8701e-05,1.5485e-05,1.1941e-05
1.6311e-05,1.197e-05,2.098e-05,1.6996e-05,1.33e-05
1.4269e-05,1.0961e-05,1.839e-05,1.474e-05,1.246e-05
1.4313e-05,1.039e-05,1.912e-05,1.506e-05,1.15e-05
1.3458e-05,1.0241e-05,1.718e-05,1.39e-05,1.176e-05
1.5024e-05,1.043e-05,1.923e-05,1.579e-05,1.2231e-05
1.3825e-05,1.028e-05,1.8201e-05,1.4421e-05,1.144e-05
1.4297e-05,1.0321e-05,1.869e-05,1.4956e-05,1.134e-05
1.4134e-05,1.038e-05,1.781e-05,1.4756e-05,1.22e-05
1.3976e-05,1.014e-05,1.7891e-05,1.428e-05,1.184e-05
1.4212e-05,1.161e-05,1.727e-05,1.396e-05,1.2681e-05
1.4981e-05,9.7e-06,1.849e-05,1.5341e-05,1.323e-05
1.3799e-05,9.83e-06,1.7621e-05,1.4505e-05,1.131e-05
1.5296e-05,1.091e-05,1.998e-05,1.5785e-05,1.265e-05
1.3321e-05,1.001e-05,1.712e-05,1.3785e-05,1.096e-05
1.5441e-05,1.058e-05,1.9441e-05,1.6156e-05,1.2861e-05
1.457e-05,1.054e-05,1.868e-05,1.5435e-05,1.211e-05
1.5265e-05,1.0991e-05,1.953e-05,1.6096e-05,1.237e-05
1.4318e-05,1.066e-05,1.8311e-05,1.4855e-05,1.26e-05
1.4914e-05,1.105e-05,1.935e-05,1.5596e-05,1.231e-05
1.3244e-05,9.861e-06,1.696e-05,1.385e-05,1.117e-05
1.521e-05,1.052e-05,1.9971e-05,1.585e-05,1.228e-05
1.3747e-05,1.056e-05,1.663e-05,1.4105e-05,1.1911e-05
1.2492e-05,8.85e-06,1.5241e-05,1.261e-05,1.23e-05
1.4057e-05,1.054e-05,1.7471e-05,1.4315e-05,1.211e-05
1.3881e-05,1.032e-05,1.737e-05,1.384e-05,1.306e-05
1.3439e-05,9.95e-06,1.725e-05,1.3971e-05,1.115e-05
1.5031e-05,1.078e-05,1.9131e-05,1.583e-05,1.2501e-05
1.4185e-05,1.131e-05,1.705e-05,1.4311e-05,1.27e-05
1.4813e-05,9.85e-06,1.843e-05,1.476e-05,1.289e-05
1.3996e-05,1.1381e-05,1.7841e-05,1.4066e-05,1.224e-05
1.4479e-05,1.014e-05,1.79e-05,1.486e-05,1.243e-05
1.4316e-05,1.053e-05,1.749e-05,1.489e-05,1.2591e-05
1.4482e-05,1.0521e-05,1.7881e-05,1.4875e-05,1.264e-05
1.4149e-05,1.04e-05,1.845e-05,1.4906e-05,1.22e-05
1.493e-05,1.104e-05,1.948e-05,1.564e-05,1.242e-05
1.3685e-05,1.014e-05,1.7931e-05,1.3965e-05,1.133e-05
1.5245e-05,1.105e-05,1.932e-05,1.5895e-05,1.2741e-05
1.3509e-05,9.77e-06,1.736e-05,1.417e-05,1.071e-05
1.3705e-05,9.68e-06,1.7861e-05,1.432e-05,1.121e-05
1.3783e-05,1.062e-05,1.761e-05,1.419e-05,1.23e-05
1.4058e-05,9.99e-06,1.859e-05,1.4576e-05,1.145e-05
1.3777e-05,1.084e-05,1.821e-05,1.3745e-05,1.1951e-05
1.5024e-05,1.0511e-05,1.931e-05,1.5735e-05,1.231e-05
1.381e-05,1.012e-05,1.755e-05,1.4405e-05,1.12e-05
1.4693e-05,1.057e-05,1.847e-05,1.5285e-05,1.207e-05
1.3688e-05,9.83e-06,1.748e-05,1.43e-05,1.129e-05
1.4384e-05,1.032e-05,1.848e-05,1.521e-05,1.1851e-05
1.4196e-05,1.092e-05,1.803e-05,1.4646e-05,1.211e-05
1.5355e-05,1.087e-05,2.043e-05,1.6175e-05,1.273e-05
1.4452e-05,1.065e-05,1.89e-05,1.5186e-05,1.168e-05
1.4166e-05,9.98e-06,1.837e-05,1.4945e-05,1.146e-05
1.3451e-05,9.06e-06,1.774e-05,1.441e-05,1.0651e-05
1.6311e-05,1.184e-05,2.035e-05,1.5921e-05,1.577e-05
0.000200089,8.01e-06,0.000225272,0.000220754,0.000220514
1.416e-05,9.1e-06,1.6501e-05,1.4831e-05,1.177e-05
1.3491e-05,9.71e-06,1.699e-05,1.358e-05,1.154e-05
1.3585e-05,9.791e-06,1.736e-05,1.3946e-05,1.208e-05
1.3935e-05,9.72e-06,1.8551e-05,1.477e-05,1.0751e-05
1.4865e-05,1.072e-05,1.916e-05,1.5675e-05,1.244e-05
1.376e-05,1.0311e-05,1.716e-05,1.4175e-05,1.171e-05
1.4703e-05,1.039e-05,1.8451e-05,1.5401e-05,1.24e-05
1.3592e-05,1.041e-05,1.784e-05,1.435e-05,1.153e-05
1.4796e-05,1.109e-05,1.899e-05,1.5475e-05,1.2381e-05
1.4301e-05,1.014e-05,1.8611e-05,1.504e-05,1.145e-05
1.4819e-05,1.087e-05,1.888e-05,1.5485e-05,1.2101e-05
1.3953e-05,1.056e-05,1.792e-05,1.4811e-05,1.198e-05
1.4476e-05,1.044e-05,1.8861e-05,1.5295e-05,1.169e-05
1.37e-05,9.91e-06,1.744e-05,1.4236e-05,1.124e-05
1.3899e-05,9.37e-06,1.784e-05,1.5e-05,1.131e-05
1.3874e-05,1.0581e-05,1.718e-05,1.4066e-05,1.1971e-05
1.3284e-05,9.38e-06,1.647e-05,1.3895e-05,1.17e-05
1.385e-05,1.016e-05,1.73e-05,1.4521e-05,1.166e-05
1.4904e-05,1.023e-05,1.966e-05,1.5725e-05,1.2061e-05
1.3643e-05,9.99e-06,1.77e-05,1.419e-05,1.132e-05
1.4047e-05,9.85e-06,1.81e-05,1.469e-05,1.1491e-05
1.4003e-05,1.063e-05,1.689e-05,1.4415e-05,1.215e-05
1.4123e-05,9.37e-06,1.7671e-05,1.4121e-05,1.265e-05
1.3495e-05,1.003e-05,1.685e-05,1.38e-05,1.153e-05
1.4728e-05,9.83e-06,1.863e-05,1.5671e-05,1.228e-05
1.4699e-05,1.0841e-05,1.9341e-05,1.5325e-05,1.2081e-05
1.48e-05,1.117e-05,1.916e-05,1.5455e-05,1.218e-05
1.4099e-05,9.76e-06,1.838e-05,1.49e-05,1.146e-05
1.4073e-05,1.0611e-05,1.7291e-05,1.416e-05,1.186e-05
1.365e-05,9.53e-06,1.742e-05,1.341e-05,1.253e-05
1.4786e-05,1.102e-05,1.926e-05,1.551e-05,1.2101e-05
1.3782e-05,1.054e-05,1.7001e-05,1.421e-05,1.172e-05
1.2779e-05,9.12e-06,1.634e-05,1.287e-05,1.177e-05
1.4506e-05,1.173e-05,1.786e-05,1.4536e-05,1.32e-05
1.3193e-05,9.08e-06,1.6471e-05,1.3515e-05,1.178e-05
1.3727e-05,9.671e-06,1.685e-05,1.4175e-05,1.1591e-05
1.3801e-05,9.52e-06,1.754e-05,1.4255e-05,1.167e-05
1.4236e-05,1.052e-05,1.7821e-05,1.4765e-05,1.219e-05
1.4253e-05,1.0261e-05,1.812e-05,1.501e-05,1.199e-05
1.3513e-05,9.66e-06,1.763e-05,1.4316e-05,1.147e-05
1.4539e-05,1.049e-05,1.8991e-05,1.5396e-05,1.1891e-05
1.443e-05,1.062e-05,1.855e-05,1.5055e-05,1.19e-05
1.4541e-05,1.012e-05,1.779e-05,1.515e-05,1.234e-05
1.4316e-05,9.98e-06,1.7771e-05,1.5045e-05,1.194e-05
1.461e-05,1.062e-05,1.864e-05,1.538e-05,1.204e-05
1.3756e-05,1.019e-05,1.685e-05,1.4125e-05,1.1731e-05
1.3885e-05,9.28e-06,1.7311e-05,1.451e-05,1.208e-05
1.3626e-05,9.73e-06,1.757e-05,1.4296e-05,1.118e-05
1.348e-05,9.731e-06,1.738e-05,1.4075e-05,1.132e-05
1.38e-05,1.027e-05,1.714e-05,1.4465e-05,1.218e-05
1.4036e-05,9.89e-06,1.831e-05,1.4815e-05,1.1571e-05
1.3615e-05,1.011e-05,1.735e-05,1.4045e-05,1.128e-05
1.5186e-05,1.031e-05,1.917e-05,1.603e-05,1.26e-05
1.3579e-05,1.022e-05,1.732e-05,1.412e-05,1.159e-05
1.4845e-05,1.042e-05,1.864e-05,1.5325e-05,1.268e-05
1.4045e-05,1.099e-05,1.817e-05,1.4755e-05,1.2201e-05
1.4914e-05,1.087e-05,1.9321e-05,1.5595e-05,1.216e-05
1.4238e-05,1.048e-05,1.849e-05,1.499e-05,1.168e-05
1.6284e-05,1.1761e-05,2.071e-05,1.7071e-05,1.318e-05
1.421e-05,1.005e-05,1.8421e-05,1.5115e-05,1.139e-05
1.5196e-05,1.134e-05,1.956e-05,1.5701e-05,1.2631e-05
1.3867e-05,1.0291e-05,1.803e-05,1.4545e-05,1.183e-05
1.5195e-05,1.148e-05,1.9321e-05,1.5901e-05,1.257e-05
1.3558e-05,9.77e-06,1.732e-05,1.4155e-05,1.136e-05
1.4037e-05,1.0171e-05,1.814e-05,1.4681e-05,1.176e-05
1.3579e-05,1.018e-05,1.7411e-05,1.4235e-05,1.1301e-05
1.351e-05,9.06e-06,1.766e-05,1.429e-05,1.08e-05
1.3866e-05,1.002e-05,1.825e-05,1.4595e-05,1.116e-05
1.5091e-05,1.092e-05,1.9591e-05,1.58e-05,1.239e-05
1.3726e-05,1.03e-05,1.835e-05,1.4421e-05,1.176e-05
1.5953e-05,1.21e-05,2.082e-05,1.672e-05,1.277e-05
1.3633e-05,9.99e-06,1.7251e-05,1.4025e-05,1.126e-05
1.5382e-05,1.076e-05,1.925e-05,1.618e-05,1.2721e-05
1.5295e-05,1.222e-05,1.952e-05,1.5361e-05,1.34e-05
1.5455e-05,1.0781e-05,2.0291e-05,1.624e-05,1.255e-05
1.39e-05,1.039e-05,1.794e-05,1.4745e-05,1.159e-05
1.5451e-05,1.127e-05,2.014e-05,1.615e-05,1.252e-05
1.368e-05,1.0711e-05,1.7371e-05,1.3995e-05,1.1921e-05
1.4895e-05,1.041e-05,1.9e-05,1.587e-05,1.217e-05
1.4097e-05,1.053e-05,1.828e-05,1.4765e-05,1.185e-05
1.4191e-05,1.03e-05,1.8471e-05,1.4985e-05,1.154e-05
1.3988e-05,1.085e-05,1.736e-05,1.4206e-05,1.244e-05
1.5248e-05,1.074e-05,1.95e-05,1.6026e-05,1.2621e-05
1.3589e-05,1.005e-05,1.7191e-05,1.3845e-05,1.14e-05
1.4424e-05,9.83e-06,1.832e-05,1.5446e-05,1.173e-05
1.4063e-05,1.049e-05,1.785e-05,1.4561e-05,1.183e-05
1.4344e-05,1.021e-05,1.8551e-05,1.516e-05,1.157e-05
1.3722e-05,1.002e-05,1.808e-05,1.4436e-05,1.1061e-05
1.4777e-05,1.109e-05,1.892e-05,1.5335e-05,1.228e-05
1.4107e-05,1.019e-05,1.8061e-05,1.484e-05,1.1541e-05
1.5083e-05,1.0721e-05,1.98e-05,1.5745e-05,1.209e-05
1.4438e-05,1.011e-05,1.862e-05,1.506e-05,1.153e-05
1.5391e-05,1.143e-05,1.9811e-05,1.6181e-05,1.251e-05
1.3978e-05,1.0621e-05,1.748e-05,1.436e-05,1.19e-05
1.506e-05,1.02e-05,1.929e-05,1.5845e-05,1.2201e-05
1.3546e-05,9.9e-06,1.6641e-05,1.4015e-05,1.114e-05
1.3102e-05,8.98e-06,1.66e-05,1.3735e-05,1.151e-05
1.4516e-05,1.129e-05,1.782e-05,1.4611e-05,1.292e-05
1.4109e-05,9.94e-06,1.8001e-05,1.4486e-05,1.217e-05
1.3771e-05,1.005e-05,1.806e-05,1.451e-05,1.0881e-05
1.5474e-05,1.099e-05,1.985e-05,1.6015e-05,1.255e-05
1.4258e-05,1.057e-05,1.8011e-05,1.4695e-05,1.174e-05
1.4808e-05,1.184e-05,1.861e-05,1.5341e-05,1.223e-05
1.4958e-05,1.0891e-05,1.91e-05,1.5175e-05,1.3131e-05
1.4386e-05,1.067e-05,1.895e-05,1.5425e-05,1.137e-05
1.5576e-05,1.163e-05,2.031e-05,1.645e-05,1.233e-05
1.4652e-05,1.1341e-05,1.836e-05,1.5676e-05,1.231e-05
1.4967e-05,1.111e-05,1.967e-05,1.5465e-05,1.233e-05
1.4195e-05,1.065e-05,1.856e-05,1.5125e-05,1.09e-05
1.5839e-05,1.294e-05,1.9721e-05,1.583e-05,1.576e-05
1.3778e-05,1.011e-05,1.813e-05,1.4725e-05,1.0661e-05
1.4761e-05,1.079e-05,1.941e-05,1.567e-05,1.186e-05
1.4724e-05,1.125e-05,1.8461e-05,1.5715e-05,1.207e-05
1.5205e-05,1.105e-05,1.962e-05,1.5916e-05,1.217e-05
1.4119e-05,1.056e-05,1.824e-05,1.4915e-05,1.149e-05
1.5118e-05,1.085e-05,1.9821e-05,1.5925e-05,1.2021e-05
1.4679e-05,1.139e-05,1.859e-05,1.5425e-05,1.246e-05
1.5225e-05,1.099e-05,1.99e-05,1.604e-05,1.204e-05
1.4565e-05,1.078e-05,1.9211e-05,1.5475e-05,1.138e-05
1.5342e-05,1.157e-05,1.973e-05,1.6215e-05,1.219e-05
1.4055e-05,1.039e-05,1.797e-05,1.4975e-05,1.108e-05
1.5277e-05,1.122e-05,2.0031e-05,1.6065e-05,1.221e-05
1.427e-05,1.079e-05,1.881e-05,1.5055e-05,1.1631e-05
1.5107e-05,1.083e-05,2.024e-05,1.5725e-05,1.156e-05
1.4306e-05,1.139e-05,1.8231e-05,1.4961e-05,1.175e-05
1.4798e-05,1.0381e-05,1.886e-05,1.536e-05,1.239e-05
1.377e-05,1.039e-05,1.762e-05,1.451e-05,1.095e-05
1.5121e-05,1.039e-05,2.0251e-05,1.572e-05,1.1711e-05
1.4443e-05,1.0881e-05,1.817e-05,1.5435e-05,1.199e-05
1.4032e-05,1.031e-05,1.786e-05,1.485e-05,1.14e-05
1.3812e-05,1.027e-05,1.7941e-05,1.445e-05,1.089e-05
1.4592e-05,1.052e-05,1.919e-05,1.5175e-05,1.205e-05
1.4278e-05,1.124e-05,1.827e-05,1.5165e-05,1.1761e-05
1.4683e-05,1.067e-05,1.9371e-05,1.5426e-05,1.155e-05
1.4702e-05,1.106e-05,1.909e-05,1.5425e-05,1.1961e-05
1.5035e-05,1.132e-05,1.928e-05,1.5506e-05,1.177e-05
1.395e-05,1.009e-05,1.8501e-05,1.4935e-05,1.126e-05
1.5002e-05,1.098e-05,1.98e-05,1.548e-05,1.201e-05
1.4286e-05,1.05e-05,1.861e-05,1.5145e-05,1.169e-05
1.5073e-05,1.122e-05,2.0121e-05,1.5995e-05,1.1851e-05
1.4253e-05,1.048e-05,1.864e-05,1.509e-05,1.1e-05
1.4743e-05,1.0491e-05,1.931e-05,1.551e-05,1.165e-05
1.3897e-05,1.085e-05,1.7771e-05,1.455e-05,1.129e-05
1.5047e-05,1.083e-05,2.002e-05,1.584e-05,1.159e-05
1.5055e-05,1.123e-05,1.814e-05,1.4955e-05,1.3641e-05
1.4637e-05,1.084e-05,1.7511e-05,1.47e-05,1.41e-05
1.3988e-05,1.034e-05,1.854e-05,1.4801e-05,1.123e-05
1.4981e-05,1.056e-05,2.023e-05,1.552e-05,1.162e-05
1.3933e-05,9.98e-06,1.8541e-05,1.4531e-05,1.09e-05
1.4894e-05,1.113e-05,1.974e-05,1.577e-05,1.162e-05
1.4828e-05,1.136e-05,1.805e-05,1.544e-05,1.271e-05
1.4259e-05,9.94e-06,1.8151e-05,1.451e-05,1.1901e-05
1.4765e-05,1.081e-05,1.984e-05,1.541e-05,1.14e-05
1.5157e-05,1.101e-05,2.001e-05,1.5735e-05,1.234e-05
1.5125e-05,1.1e-05,2.0071e-05,1.5965e-05,1.158e-05
1.5078e-05,1.108e-05,2.009e-05,1.597e-05,1.16e-05
1.4604e-05,1.07e-05,1.911e-05,1.5425e-05,1.1571e-05
1.4926e-05,1.083e-05,1.9941e-05,1.5895e-05,1.135e-05
1.4087e-05,1.004e-05,1.882e-05,1.4975e-05,1.0691e-05
1.5054e-05,1.078e-05,2.018e-05,1.5575e-05,1.195e-05
1.416e-05,1.0761e-05,1.7991e-05,1.5105e-05,1.147e-05
1.4961e-05,1.085e-05,1.952e-05,1.58e-05,1.185e-05
1.4752e-05,1.073e-05,1.945e-05,1.572e-05,1.155e-05
1.5014e-05,1.0681e-05,1.9991e-05,1.5781e-05,1.1401e-05
1.4401e-05,1.095e-05,1.869e-05,1.5255e-05,1.14e-05
1.4754e-05,1.037e-05,1.945e-05,1.534e-05,1.171e-05
1.419e-05,1.0391e-05,1.8691e-05,1.5076e-05,1.109e-05
1.4432e-05,1.018e-05,1.878e-05,1.5081e-05,1.118e-05
1.4434e-05,1.024e-05,1.844e-05,1.557e-05,1.1951e-05
1.4857e-05,1.068e-05,1.9901e-05,1.566e-05,1.139e-05
1.445e-05,1.0741e-05,1.904e-05,1.537e-05,1.0741e-05
1.4138e-05,9.89e-06,1.894e-05,1.4955e-05,1.122e-05
1.4272e-05,1.046e-05,1.8321e-05,1.5175e-05,1.108e-05
1.4825e-05,1.081e-05,1.956e-05,1.5585e-05,1.173e-05
1.4556e-05,1.064e-05,1.901e-05,1.5361e-05,1.155e-05
1.4523e-05,1.044e-05,1.9541e-05,1.5295e-05,1.1271e-05
1.4101e-05,1.052e-05,1.849e-05,1.4915e-05,1.105e-05
1.5376e-05,1.092e-05,2.022e-05,1.564e-05,1.202e-05
1.4312e-05,1.025e-05,1.8611e-05,1.5131e-05,1.18e-05
1.4617e-05,1.0701e-05,1.965e-05,1.5335e-05,1.148e-05
1.4556e-05,1.043e-05,1.928e-05,1.531e-05,1.16e-05
1.4945e-05,1.089e-05,1.9451e-05,1.564e-05,1.187e-05
1.4386e-05,1.1001e-05,1.864e-05,1.5285e-05,1.1301e-05
1.473e-05,1.037e-05,1.933e-05,1.5395e-05,1.167e-05
1.4528e-05,1.063e-05,1.9461e-05,1.539e-05,1.14e-05
1.4768e-05,1.0721e-05,1.992e-05,1.5475e-05,1.121e-05
1.445e-05,1.075e-05,1.902e-05,1.5046e-05,1.18e-05
1.5206e-05,1.15e-05,2.0231e-05,1.597e-05,1.1841e-05
2.3546e-05,5.771e-06,2.829e-05,2.4605e-05,2.376e-05
1.578e-05,9.92e-06,1.907e-05,1.5616e-05,1.2331e-05
1.4892e-05,1.081e-05,1.936e-05,1.5875e-05,1.131e-05
1.5175e-05,1.1011e-05,2.068e-05,1.5975e-05,1.1661e-05
1.4452e-05,1.027e-05,1.9071e-05,1.529e-05,1.138e-05
1.5075e-05,1.094e-05,1.988e-05,1.575e-05,1.158e-05
1.4684e-05,1.0401e-05,1.963e-05,1.5755e-05,1.12e-05
1.4805e-05,1.077e-05,2.0191e-05,1.5236e-05,1.163e-05
1.443e-05,1.075e-05,1.892e-05,1.5355e-05,1.1441e-05
1.4701e-05,1.044e-05,2.003e-05,1.5276e-05,1.119e-05
1.5027e-05,1.068e-05,2.0401e-05,1.5395e-05,1.1691e-05
1.5257e-05,1.093e-05,2.05e-05,1.599e-05,1.158e-05
1.447e-05,1.045e-05,1.97e-05,1.524e-05,1.109e-05
1.492e-05,1.089e-05,2.0111e-05,1.5295e-05,1.183e-05
1.4783e-05,1.056e-05,1.985e-05,1.5615e-05,1.15e-05
1.427e-05,1.021e-05,1.937e-05,1.5166e-05,1.0841e-05
1.4448e-05,1.078e-05,1.9291e-05,1.532e-05,1.123e-05
1.4608e-05,1.022e-05,1.937e-05,1.512e-05,1.158e-05
1.4633e-05,1.087e-05,1.923e-05,1.5375e-05,1.129e-05
1.4369e-05,1.017e-05,1.8821e-05,1.532e-05,1.104e-05
1.4442e-05,9.98e-06,1.928e-05,1.5185e-05,1.122e-05
1.522e-05,1.114e-05,2.067e-05,1.572e-05,1.116e-05
1.4417e-05,1.106e-05,1.8331e-05,1.5096e-05,1.2061e-05
1.471e-05,1.071e-05,1.917e-05,1.557e-05,1.224e-05
1.435e-05,1.017e-05,1.934e-05,1.4946e-05,1.092e-05
1.4485e-05,1.0531e-05,1.9791e-05,1.5045e-05,1.106e-05
1.4677e-05,1.061e-05,1.9e-05,1.5436e-05,1.142e-05
1.4321e-05,9.9e-06,1.894e-05,1.4975e-05,1.1011e-05
1.4403e-05,1.0351e-05,1.9071e-05,1.544e-05,1.122e-05
1.5043e-05,1.109e-05,2.001e-05,1.5351e-05,1.2181e-05
1.4334e-05,1.083e-05,1.875e-05,1.509e-05,1.129e-05
1.4461e-05,1.0301e-05,1.9761e-05,1.515e-05,1.118e-05
1.4426e-05,1.082e-05,1.845e-05,1.54e-05,1.178e-05
1.4502e-05,1.071e-05,1.934e-05,1.4811e-05,1.168e-05
1.387e-05,1.006e-05,1.8291e-05,1.468e-05,1.0681e-05
1.5118e-05,1.061e-05,1.983e-05,1.5735e-05,1.168e-05
1.3904e-05,1.009e-05,1.777e-05,1.4895e-05,1.073e-05
1.5072e-05,1.079e-05,2.0171e-05,1.5901e-05,1.154e-05
1.4139e-05,1.023e-05,1.84e-05,1.511e-05,1.122e-05
1.4228e-05,1e-05,1.915e-05,1.5275e-05,1.0741e-05
1.3991e-05,1.039e-05,1.9251e-05,1.5015e-05,1.097e-05
1.4865e-05,1.07e-05,1.981e-05,1.5321e-05,1.1301e-05
1.4131e-05,1.064e-05,1.781e-05,1.4995e-05,1.115e-05
1.3965e-05,9.9e-06,1.8061e-05,1.466e-05,1.152e-05
1.3997e-05,1.0361e-05,1.762e-05,1.477e-05,1.161e-05
1.4236e-05,9.78e-06,1.901e-05,1.4585e-05,1.148e-05
1.4007e-05,1.069e-05,1.8211e-05,1.473e-05,1.1391e-05
1.4434e-05,1.0411e-05,1.845e-05,1.505e-05,1.189e-05
1.3979e-05,1.018e-05,1.794e-05,1.494e-05,1.087e-05
1.5152e-05,1.054e-05,1.9681e-05,1.5781e-05,1.151e-05
1.3847e-05,1.008e-05,1.827e-05,1.4775e-05,1.091e-05
1.4336e-05,1.04e-05,1.922e-05,1.52e-05,1.0971e-05
1.4111e-05,1.078e-05,1.7881e-05,1.4855e-05,1.138e-05
1.4454e-05,1.018e-05,1.842e-05,1.5061e-05,1.178e-05
1.4198e-05,1.052e-05,1.836e-05,1.508e-05,1.249e-05
1.4652e-05,1.068e-05,1.9041e-05,1.5615e-05,1.16e-05
1.4524e-05,1.08e-05,1.823e-05,1.5486e-05,1.1641e-05
1.4567e-05,1.0051e-05,1.891e-05,1.5025e-05,1.161e-05
1.3967e-05,1.014e-05,1.7711e-05,1.5021e-05,1.115e-05
1.4778e-05,1.059e-05,1.863e-05,1.529e-05,1.223e-05
1.3822e-05,9.981e-06,1.777e-05,1.4731e-05,1.089e-05
1.4829e-05,1.05e-05,1.8681e-05,1.5905e-05,1.2021e-05
1.4034e-05,1.054e-05,1.846e-05,1.4901e-05,1.143e-05
1.4591e-05,1.047e-05,2.03e-05,1.5295e-05,1.115e-05
1.4103e-05,1.036e-05,1.8511e-05,1.4905e-05,1.119e-05
1.4322e-05,9.89e-06,1.889e-05,1.4766e-05,1.141e-05
1.396e-05,1.07e-05,1.777e-05,1.458e-05,1.137e-05
1.4602e-05,1.046e-05,1.9121e-05,1.478e-05,1.228e-05
1.417e-05,1.096e-05,1.776e-05,1.489e-05,1.1761e-05
1.4359e-05,1.06e-05,1.878e-05,1.518e-05,1.165e-05
1.3693e-05,9.81e-06,1.8561e-05,1.464e-05,1.05e-05
1.4396e-05,1.053e-05,1.863e-05,1.5155e-05,1.157e-05
1.359e-05,9.81e-06,1.752e-05,1.4175e-05,1.05e-05
1.4665e-05,1.0721e-05,1.9721e-05,1.544e-05,1.1421e-05
1.4242e-05,1.086e-05,1.803e-05,1.508e-05,1.173e-05
1.4283e-05,1.087e-05,1.847e-05,1.484e-05,1.186e-05
1.4023e-05,1.049e-05,1.847e-05,1.451e-05,1.113e-05
1.4971e-05,1.121e-05,1.991e-05,1.545e-05,1.185e-05
1.432e-05,1.04e-05,1.881e-05,1.524e-05,1.1651e-05
1.4095e-05,1.019e-05,1.9311e-05,1.4745e-05,1.096e-05
1.429e-05,1.073e-05,1.838e-05,1.509e-05,1.148e-05
1.4805e-05,1.051e-05,1.969e-05,1.543e-05,1.182e-05
1.384e-05,1.019e-05,1.9191e-05,1.4605e-05,1.084e-05
1.4608e-05,1.085e-05,1.935e-05,1.542e-05,1.137e-05
1.4221e-05,1.082e-05,1.758e-05,1.4455e-05,1.163e-05
1.3935e-05,1.045e-05,1.7711e-05,1.3665e-05,1.2911e-05
1.4019e-05,1.0541e-05,1.83e-05,1.4821e-05,1.1e-05
1.5251e-05,1.112e-05,2.031e-05,1.6195e-05,1.21e-05
1.3729e-05,1.02e-05,1.7941e-05,1.451e-05,1.081e-05
1.3825e-05,9.821e-06,1.842e-05,1.4555e-05,1.064e-05
1.4061e-05,1.037e-05,1.727e-05,1.4855e-05,1.1531e-05
1.4562e-05,1.037e-05,1.9091e-05,1.5215e-05,1.16e-05
1.4533e-05,1.071e-05,1.932e-05,1.549e-05,1.13e-05
1.4703e-05,1.074e-05,2.01e-05,1.5215e-05,1.14e-05
1.4575e-05,1.083e-05,1.9021e-05,1.5286e-05,1.134e-05
1.4425e-05,1.016e-05,1.935e-05,1.54e-05,1.0961e-05
1.4688e-05,1.071e-05,1.936e-05,1.551e-05,1.159e-05
1.4519e-05,1.037e-05,1.9601e-05,1.516e-05,1.106e-05
1.3916e-05,1.027e-05,1.807e-05,1.4651e-05,1.092e-05
1.4702e-05,1.037e-05,1.963e-05,1.536e-05,1.13e-05
1.4763e-05,1.045e-05,1.9621e-05,1.5726e-05,1.097e-05
1.4246e-05,1.052e-05,1.899e-05,1.4785e-05,1.134e-05
1.491e-05,1.0601e-05,2.005e-05,1.57e-05,1.1631e-05
1.4682e-05,1.055e-05,1.9651e-05,1.5475e-05,1.102e-05
1.4525e-05,1.049e-05,1.923e-05,1.55e-05,1.089e-05
1.429e-05,9.851e-06,1.883e-05,1.482e-05,1.116e-05
1.4281e-05,1.046e-05,1.9201e-05,1.5035e-05,1.109e-05
1.3958e-05,9.77e-06,1.887e-05,1.488e-05,1.0421e-05
1.4439e-05,1.0371e-05,1.879e-05,1.535e-05,1.189e-05
1.4955e-05,1.098e-05,1.9941e-05,1.5775e-05,1.1831e-05
1.4467e-05,1.043e-05,1.953e-05,1.5175e-05,1.132e-05
1.4721e-05,1.088e-05,1.981e-05,1.551e-05,1.155e-05
1.4415e-05,1.07e-05,1.8991e-05,1.535e-05,1.101e-05
1.4963e-05,1.104e-05,1.983e-05,1.5745e-05,1.166e-05
1.4453e-05,1.064e-05,1.876e-05,1.5361e-05,1.1711e-05
1.4736e-05,1.07e-05,1.9621e-05,1.5485e-05,1.134e-05
1.4314e-05,1.072e-05,1.87e-05,1.512e-05,1.12e-05
1.4211e-05,9.81e-06,1.842e-05,1.464e-05,1.117e-05
1.452e-05,1.053e-05,1.9191e-05,1.5365e-05,1.121e-05
1.4681e-05,1.053e-05,1.958e-05,1.5505e-05,1.1071e-05
1.4654e-05,1.03e-05,1.972e-05,1.5625e-05,1.115e-05
1.4312e-05,1.0411e-05,1.9721e-05,1.4785e-05,1.1091e-05
1.3837e-05,1.021e-05,1.858e-05,1.464e-05,1.084e-05
1.4945e-05,1.111e-05,1.967e-05,1.5505e-05,1.211e-05
1.4797e-05,1.1031e-05,1.9921e-05,1.566e-05,1.16e-05
1.496e-05,1.094e-05,2.006e-05,1.566e-05,1.153e-05
1.41e-05,1.04e-05,1.829e-05,1.5041e-05,1.1581e-05
1.4582e-05,1.1021e-05,1.9561e-05,1.5435e-05,1.171e-05
1.441e-05,1.073e-05,1.882e-05,1.5166e-05,1.117e-05
1.48e-05,1.049e-05,1.99e-05,1.538e-05,1.159e-05
1.4128e-05,1.041e-05,1.8641e-05,1.5065e-05,1.12e-05
1.4665e-05,1.033e-05,2.053e-05,1.5335e-05,1.0831e-05
1.4533e-05,1.066e-05,1.922e-05,1.5405e-05,1.171e-05
1.4561e-05,1.092e-05,1.9381e-05,1.5245e-05,1.1411e-05
1.4174e-05,1.05e-05,1.897e-05,1.485e-05,1.1e-05
1.4763e-05,1.042e-05,1.997e-05,1.5245e-05,1.147e-05
1.4638e-05,1.044e-05,1.9801e-05,1.5575e-05,1.08e-05
1.4624e-05,1.072e-05,2.009e-05,1.5095e-05,1.13e-05
1.4395e-05,1.039e-05,1.861e-05,1.548e-05,1.1751e-05
1.421e-05,1.06e-05,1.8711e-05,1.493e-05,1.158e-05
1.495e-05,1.059e-05,2.002e-05,1.6015e-05,1.127e-05
1.479e-05,1.105e-05,1.99e-05,1.5535e-05,1.148e-05
1.4491e-05,1.088e-05,1.8951e-05,1.5235e-05,1.188e-05
1.4296e-05,1.0041e-05,1.93e-05,1.4901e-05,1.153e-05
1.4302e-05,1.086e-05,1.849e-05,1.522e-05,1.12e-05
1.492e-05,1.124e-05,1.9681e-05,1.5635e-05,1.2541e-05
1.4142e-05,1.0061e-05,1.913e-05,1.478e-05,1.094e-05
1.4891e-05,1.097e-05,1.967e-05,1.5805e-05,1.144e-05
1.47e-05,1.096e-05,1.9181e-05,1.544e-05,1.182e-05
1.4907e-05,1.1471e-05,1.932e-05,1.5735e-05,1.23e-05
1.4021e-05,1.074e-05,1.833e-05,1.4876e-05,1.1341e-05
1.5063e-05,1.085e-05,1.9971e-05,1.589e-05,1.192e-05
1.4348e-05,1.068e-05,1.896e-05,1.5256e-05,1.1071e-05
1.4724e-05,1.062e-05,2.019e-05,1.534e-05,1.141e-05
1.4443e-05,1.069e-05,1.8781e-05,1.5295e-05,1.164e-05
1.4019e-05,1.043e-05,1.85e-05,1.4805e-05,1.119e-05
1.4489e-05,1.101e-05,1.884e-05,1.541e-05,1.142e-05
1.4692e-05,1.028e-05,1.9491e-05,1.5325e-05,1.1571e-05
1.4493e-05,1.086e-05,1.884e-05,1.5085e-05,1.162e-05
1.4607e-05,1.049e-05,1.947e-05,1.5375e-05,1.102e-05
1.5319e-05,1.147e-05,2.0251e-05,1.5935e-05,1.296e-05
1.4414e-05,1.048e-05,1.936e-05,1.516e-05,1.132e-05
1.3291e-05,9.751e-06,1.73e-05,1.3975e-05,1.0921e-05
1.5139e-05,1.052e-05,1.9731e-05,1.6075e-05,1.243e-05
1.3713e-05,1.012e-05,1.795e-05,1.4671e-05,1.0831e-05
1.4406e-05,1.0811e-05,1.903e-05,1.4971e-05,1.164e-05
1.3939e-05,1.032e-05,1.7991e-05,1.4796e-05,1.117e-05
1.4753e-05,1.068e-05,1.987e-05,1.553e-05,1.142e-05
1.3994e-05,1.042e-05,1.808e-05,1.5065e-05,1.094e-05
1.4551e-05,1.02e-05,1.9171e-05,1.4971e-05,1.1891e-05
1.3995e-05,1.025e-05,1.85e-05,1.4895e-05,1.099e-05
1.4529e-05,1.049e-05,1.948e-05,1.5345e-05,1.104e-05
1.4529e-05,1.072e-05,1.8371e-05,1.5396e-05,1.164e-05
1.4324e-05,1.014e-05,1.867e-05,1.478e-05,1.204e-05
1.4196e-05,1.049e-05,1.83e-05,1.5036e-05,1.1071e-05
1.5131e-05,1.086e-05,2.0121e-05,1.546e-05,1.232e-05
1.4067e-05,1.038e-05,1.837e-05,1.488e-05,1.076e-05
1.4703e-05,1.046e-05,1.933e-05,1.5515e-05,1.143e-05
1.3965e-05,1.0131e-05,1.8221e-05,1.4906e-05,1.123e-05
1.4619e-05,1.006e-05,1.962e-05,1.5445e-05,1.1571e-05
1.3986e-05,1.033e-05,1.799e-05,1.4921e-05,1.118e-05
1.488e-05,1.0621e-05,1.9491e-05,1.5505e-05,1.1921e-05
1.4409e-05,1.07e-05,1.894e-05,1.5381e-05,1.142e-05
1.4423e-05,1.025e-05,1.988e-05,1.5225e-05,1.09e-05
1.418e-05,1.008e-05,1.7831e-05,1.4845e-05,1.149e-05
1.4417e-05,9.82e-06,1.964e-05,1.478e-05,1.121e-05
1.431e-05,1.152e-05,1.804e-05,1.4885e-05,1.2121e-05
1.4348e-05,9.98e-06,1.8771e-05,1.4995e-05,1.139e-05
1.3774e-05,1.058e-05,1.812e-05,1.452e-05,1.104e-05
1.4723e-05,1.125e-05,1.901e-05,1.548e-05,1.238e-05
1.4422e-05,1.102e-05,1.8031e-05,1.511e-05,1.204e-05
1.4419e-05,1.041e-05,1.917e-05,1.4801e-05,1.1861e-05
1.377e-05,1.038e-05,1.778e-05,1.464e-05,1.116e-05
1.4774e-05,1.06e-05,1.9151e-05,1.536e-05,1.189e-05
1.3755e-05,1.0251e-05,1.771e-05,1.454e-05,1.103e-05
1.4511e-05,1.057e-05,1.939e-05,1.5335e-05,1.15e-05
1.4001e-05,1.038e-05,1.8011e-05,1.475e-05,1.1631e-05
1.4002e-05,9.711e-06,1.888e-05,1.479e-05,1.091e-05
1.3836e-05,1.023e-05,1.809e-05,1.4795e-05,1.078e-05
1.4951e-05,1.071e-05,2.0261e-05,1.531e-05,1.198e-05
1.4266e-05,9.85e-06,1.986e-05,1.4901e-05,1.065e-05
1.4138e-05,1.012e-05,1.897e-05,1.4955e-05,1.136e-05
1.4479e-05,1.105e-05,1.8081e-05,1.5056e-05,1.204e-05
1.4136e-05,1.005e-05,1.83e-05,1.4525e-05,1.1861e-05
1.354e-05,9.8e-06,1.848e-05,1.4481e-05,1.029e-05
1.5343e-05,1.12e-05,2.0351e-05,1.6215e-05,1.196e-05
1.3959e-05,1.087e-05,1.781e-05,1.4545e-05,1.161e-05
1.446e-05,1.029e-05,1.955e-05,1.516e-05,1.163e-05
1.3652e-05,9.75e-06,1.7841e-05,1.47e-05,1.0471e-05
1.4662e-05,1.048e-05,1.952e-05,1.5145e-05,1.194e-05
1.3727e-05,1.0371e-05,1.8e-05,1.46e-05,1.107e-05
1.4359e-05,1.056e-05,1.9151e-05,1.4886e-05,1.129e-05
1.4094e-05,1.06e-05,1.734e-05,1.464e-05,1.195e-05
1.3696e-05,1.0101e-05,1.698e-05,1.3765e-05,1.3121e-05
1.4035e-05,1.057e-05,1.8431e-05,1.4775e-05,1.122e-05
1.4754e-05,1.029e-05,1.973e-05,1.5446e-05,1.15e-05
1.3967e-05,1.063e-05,1.798e-05,1.489e-05,1.109e-05
1.4977e-05,1.04e-05,2.0151e-05,1.553e-05,1.167e-05
1.3865e-05,1.063e-05,1.76e-05,1.4266e-05,1.155e-05
1.4077e-05,1.001e-05,1.839e-05,1.445e-05,1.153e-05
1.4319e-05,1.064e-05,1.9191e-05,1.537e-05,1.1141e-05
1.4726e-05,1.072e-05,1.971e-05,1.5145e-05,1.175e-05
1.4433e-05,1.069e-05,1.933e-05,1.5065e-05,1.105e-05
1.4371e-05,1.0661e-05,1.8451e-05,1.503e-05,1.169e-05
1.4596e-05,1.091e-05,1.864e-05,1.5446e-05,1.195e-05
1.4937e-05,1.066e-05,1.953e-05,1.5655e-05,1.1691e-05
1.3998e-05,9.921e-06,1.8881e-05,1.478e-05,1.065e-05
1.4981e-05,1.072e-05,2.04e-05,1.5675e-05,1.181e-05
1.3981e-05,1.043e-05,1.822e-05,1.4831e-05,1.131e-05
1.4591e-05,1.068e-05,1.9551e-05,1.522e-05,1.137e-05
1.4421e-05,1.026e-05,1.89e-05,1.5285e-05,1.1221e-05
1.4466e-05,1.029e-05,1.925e-05,1.529e-05,1.108e-05
1.4556e-05,1.033e-05,1.9501e-05,1.5525e-05,1.1171e-05
1.4263e-05,1.015e-05,1.908e-05,1.4855e-05,1.119e-05
1.5227e-05,1.092e-05,2.061e-05,1.589e-05,1.172e-05
1.4591e-05,1.071e-05,1.9151e-05,1.5455e-05,1.15e-05
1.8977e-05,1.726e-05,2.208e-05,1.8365e-05,1.816e-05
1.3681e-05,1.007e-05,1.659e-05,1.342e-05,1.3521e-05
1.4069e-05,1.008e-05,1.9321e-05,1.493e-05,1.077e-05
1.537e-05,1.108e-05,2e-05,1.6195e-05,1.2821e-05
1.4815e-05,1.111e-05,1.957e-05,1.5535e-05,1.162e-05
1.5232e-05,1.098e-05,2.001e-05,1.6101e-05,1.1811e-05
1.5645e-05,1.136e-05,2.06e-05,1.6495e-05,1.234e-05
1.503e-05,1.143e-05,1.9821e-05,1.5885e-05,1.216e-05
1.463e-05,1.037e-05,1.982e-05,1.5495e-05,1.105e-05
1.5324e-05,1.126e-05,2.043e-05,1.5891e-05,1.215e-05
1.4978e-05,1.12e-05,1.9741e-05,1.586e-05,1.1721e-05
1.4913e-05,1.093e-05,1.997e-05,1.5856e-05,1.132e-05
1.5027e-05,1.154e-05,1.94e-05,1.5325e-05,1.2381e-05
1.516e-05,1.078e-05,2.0071e-05,1.5866e-05,1.149e-05
1.4171e-05,1.056e-05,1.838e-05,1.4905e-05,1.083e-05
1.4618e-05,1.074e-05,1.932e-05,1.5396e-05,1.167e-05
1.4945e-05,1.076e-05,1.9861e-05,1.579e-05,1.155e-05
1.4919e-05,1.059e-05,2.005e-05,1.563e-05,1.1761e-05
1.4797e-05,1.066e-05,1.953e-05,1.551e-05,1.167e-05
1.4423e-05,1.029e-05,1.9431e-05,1.524e-05,1.092e-05
1.437e-05,1.073e-05,1.86e-05,1.5265e-05,1.11e-05
1.4671e-05,1.1031e-05,1.92e-05,1.525e-05,1.227e-05
1.431e-05,1.056e-05,1.8801e-05,1.528e-05,1.119e-05
1.4685e-05,1.042e-05,1.964e-05,1.5435e-05,1.147e-05
1.4158e-05,9.811e-06,1.899e-05,1.4946e-05,1.0921e-05
1.4993e-05,1.113e-05,2.0071e-05,1.5615e-05,1.158e-05
1.4465e-05,1.055e-05,1.948e-05,1.5401e-05,1.122e-05
1.4477e-05,1.0341e-05,1.985e-05,1.5135e-05,1.12e-05
1.406e-05,1.04e-05,1.8731e-05,1.4951e-05,1.087e-05
1.4992e-05,1.076e-05,2.028e-05,1.5705e-05,1.1361e-05
1.4419e-05,1.085e-05,1.859e-05,1.528e-05,1.175e-05
1.4624e-05,1.044e-05,1.9471e-05,1.544e-05,1.1211e-05
1.4211e-05,1.055e-05,1.871e-05,1.5005e-05,1.102e-05
1.5189e-05,1.111e-05,2.006e-05,1.585e-05,1.194e-05
1.523e-05,1.116e-05,2.0041e-05,1.5935e-05,1.198e-05
1.4298e-05,1.05e-05,1.951e-05,1.512e-05,1.088e-05
1.4489e-05,1.027e-05,1.972e-05,1.5365e-05,1.0841e-05
1.4896e-05,1.063e-05,1.9191e-05,1.5655e-05,1.182e-05
1.4508e-05,1.033e-05,1.951e-05,1.5535e-05,1.095e-05
1.6112e-05,1.122e-05,2.16e-05,1.6656e-05,1.122e-05
1.4442e-05,1.062e-05,1.8761e-05,1.5335e-05,1.156e-05
1.4921e-05,1.138e-05,1.985e-05,1.5856e-05,1.244e-05
1.3655e-05,9.84e-06,1.769e-05,1.455e-05,1.078e-05
1.4482e-05,1.0611e-05,1.8631e-05,1.5151e-05,1.1701e-05
1.4097e-05,1.045e-05,1.834e-05,1.487e-05,1.108e-05
1.4781e-05,1.056e-05,1.986e-05,1.5605e-05,1.081e-05
1.4809e-05,1.0981e-05,1.8901e-05,1.579e-05,1.208e-05
1.4479e-05,1.081e-05,1.928e-05,1.521e-05,1.178e-05
1.4495e-05,1.087e-05,1.955e-05,1.5325e-05,1.1381e-05
1.5167e-05,1.1291e-05,1.9981e-05,1.589e-05,1.269e-05
1.3938e-05,1.059e-05,1.788e-05,1.4695e-05,1.135e-05
1.4669e-05,1.006e-05,1.994e-05,1.529e-05,1.095e-05
1.4356e-05,1.064e-05,1.8881e-05,1.4946e-05,1.165e-05
1.4521e-05,1.064e-05,1.94e-05,1.5225e-05,1.136e-05
1.3961e-05,1.031e-05,1.817e-05,1.488e-05,1.078e-05
2.0239e-05,1.743e-05,2.7671e-05,1.9155e-05,2.7671e-05
1.3358e-05,9.22e-06,1.663e-05,1.281e-05,1.297e-05
1.463e-05,1.09e-05,1.9491e-05,1.546e-05,1.1201e-05
1.4529e-05,1.081e-05,1.822e-05,1.518e-05,1.204e-05
1.5663e-05,1.024e-05,2.3621e-05,1.5885e-05,1.174e-05
1.6516e-05,1.043e-05,2.1e-05,1.7661e-05,1.114e-05
1.4745e-05,1.018e-05,1.96e-05,1.5395e-05,1.184e-05
1.4156e-05,1.064e-05,1.827e-05,1.4885e-05,1.12e-05
1.469e-05,1.062e-05,1.9401e-05,1.5465e-05,1.14e-05
1.4275e-05,1.114e-05,1.82e-05,1.511e-05,1.2031e-05
1.3993e-05,9.64e-06,1.828e-05,1.465e-05,1.124e-05
1.4232e-05,1.067e-05,1.9431e-05,1.5296e-05,1.098e-05
1.5087e-05,1.082e-05,2.042e-05,1.572e-05,1.18e-05
1.395e-05,1.05e-05,1.79e-05,1.475e-05,1.128e-05
1.4946e-05,1.064e-05,1.9591e-05,1.583e-05,1.2021e-05
1.3965e-05,1.008e-05,1.849e-05,1.4965e-05,1.072e-05
1.4912e-05,1.0971e-05,2.036e-05,1.57e-05,1.12e-05
1.4112e-05,1.057e-05,1.8231e-05,1.488e-05,1.131e-05
1.4638e-05,1.063e-05,1.897e-05,1.5305e-05,1.184e-05
1.37e-05,9.751e-06,1.827e-05,1.465e-05,1.075e-05
1.5003e-05,1.074e-05,2.0641e-05,1.5561e-05,1.11e-05
1.4179e-05,1.05e-05,1.829e-05,1.497e-05,1.1231e-05
1.4501e-05,1.0401e-05,1.958e-05,1.5311e-05,1.14e-05
1.397e-05,1.084e-05,1.7451e-05,1.4585e-05,1.161e-05
1.4012e-05,1.014e-05,1.812e-05,1.4156e-05,1.24e-05
1.39e-05,9.84e-06,1.888e-05,1.5005e-05,1.053e-05
1.4446e-05,1.085e-05,1.8891e-05,1.5045e-05,1.1521e-05
1.4039e-05,1.076e-05,1.745e-05,1.4526e-05,1.194e-05
1.4517e-05,1.075e-05,1.877e-05,1.4425e-05,1.277e-05
1.4086e-05,1.054e-05,1.8431e-05,1.4971e-05,1.112e-05
1.5131e-05,1.139e-05,1.979e-05,1.573e-05,1.242e-05
1.3479e-05,1.035e-05,1.759e-05,1.4231e-05,1.0911e-05
1.4585e-05,9.921e-06,1.9581e-05,1.5565e-05,1.121e-05
1.4102e-05,1.071e-05,1.777e-05,1.4821e-05,1.173e-05
1.4057e-05,1.084e-05,1.793e-05,1.4485e-05,1.231e-05
1.384e-05,1.0501e-05,1.8251e-05,1.4691e-05,1.117e-05
1.4642e-05,1.051e-05,1.944e-05,1.5295e-05,1.1421e-05
1.3833e-05,1.041e-05,1.777e-05,1.462e-05,1.111e-05
1.4373e-05,1.037e-05,1.9211e-05,1.4955e-05,1.098e-05
1.4431e-05,1.047e-05,1.87e-05,1.527e-05,1.197e-05
1.4358e-05,1.039e-05,1.917e-05,1.5145e-05,1.131e-05
1.3848e-05,1.029e-05,1.7841e-05,1.4755e-05,1.091e-05
1.432e-05,9.76e-06,1.844e-05,1.4615e-05,1.178e-05
1.4329e-05,1.064e-05,1.765e-05,1.5025e-05,1.1581e-05
1.4163e-05,9.55e-06,1.7971e-05,1.4391e-05,1.276e-05
1.3723e-05,1.0061e-05,1.797e-05,1.469e-05,1.057e-05
1.4455e-05,1.054e-05,1.9e-05,1.4915e-05,1.177e-05
1.3618e-05,1.021e-05,1.772e-05,1.4475e-05,1.08e-05
1.481e-05,1.0681e-05,1.998e-05,1.5785e-05,1.1431e-05
1.3926e-05,1.04e-05,1.768e-05,1.487e-05,1.173e-05
1.4694e-05,1.087e-05,1.967e-05,1.524e-05,1.171e-05
1.422e-05,1.083e-05,1.809e-05,1.4825e-05,1.18e-05
1.5137e-05,1.043e-05,1.998e-05,1.6006e-05,1.208e-05
1.3551e-05,9.78e-06,1.859e-05,1.4066e-05,1.0461e-05
1.4923e-05,1.151e-05,1.992e-05,1.5585e-05,1.209e-05
1.4211e-05,1.073e-05,1.743e-05,1.4855e-05,1.197e-05
1.4065e-05,1.034e-05,1.775e-05,1.405e-05,1.287e-05
1.4274e-05,1.023e-05,1.943e-05,1.5121e-05,1.079e-05
1.5111e-05,1.133e-05,1.97e-05,1.592e-05,1.234e-05
1.4084e-05,1.016e-05,1.854e-05,1.485e-05,1.097e-05
1.4634e-05,1.055e-05,1.969e-05,1.5565e-05,1.1171e-05
1.4734e-05,1.1311e-05,1.857e-05,1.553e-05,1.194e-05
1.4482e-05,1.03e-05,1.923e-05,1.5055e-05,1.197e-05
1.4319e-05,1.06e-05,1.911e-05,1.5135e-05,1.127e-05
1.4998e-05,1.0841e-05,2.002e-05,1.6016e-05,1.179e-05
1.4176e-05,1e-05,1.9791e-05,1.4615e-05,1.0711e-05
1.434e-05,1.07e-05,1.86e-05,1.5271e-05,1.137e-05
1.4505e-05,1.0941e-05,1.836e-05,1.5215e-05,1.197e-05
1.481e-05,9.86e-06,1.9811e-05,1.5386e-05,1.144e-05
1.4511e-05,1.079e-05,1.943e-05,1.5286e-05,1.143e-05
1.4563e-05,1.074e-05,1.963e-05,1.5256e-05,1.163e-05
1.4386e-05,1.014e-05,1.9481e-05,1.538e-05,1.094e-05
1.4694e-05,1.061e-05,1.962e-05,1.562e-05,1.1621e-05
1.4365e-05,1.047e-05,1.905e-05,1.5065e-05,1.143e-05
1.5064e-05,1.115e-05,1.9831e-05,1.598e-05,1.171e-05
1.3823e-05,9.74e-06,1.898e-05,1.467e-05,1.041e-05
1.3799e-05,1.012e-05,1.793e-05,1.49e-05,1.111e-05
1.3531e-05,9.61e-06,1.8231e-05,1.4246e-05,1.0591e-05
1.3457e-05,1.007e-05,1.824e-05,1.429e-05,1.047e-05
1.6018e-05,1.25e-05,2.071e-05,1.6831e-05,1.303e-05
1.3842e-05,1.0291e-05,1.8071e-05,1.4665e-05,1.105e-05
1.5959e-05,1.182e-05,2.114e-05,1.6686e-05,1.243e-05
1.4819e-05,1.068e-05,1.989e-05,1.5175e-05,1.171e-05
1.5454e-05,1.1531e-05,2.0481e-05,1.6391e-05,1.212e-05
1.4561e-05,1.032e-05,1.98e-05,1.52e-05,1.1181e-05
1.6113e-05,1.206e-05,2.074e-05,1.6876e-05,1.322e-05
1.3367e-05,9.951e-06,1.7661e-05,1.4065e-05,1.06e-05
1.5017e-05,1.091e-05,2.017e-05,1.6056e-05,1.169e-05
1.3416e-05,1.011e-05,1.756e-05,1.423e-05,1.118e-05
1.5565e-05,1.1561e-05,1.9751e-05,1.6305e-05,1.2471e-05
1.3541e-05,1.139e-05,1.781e-05,1.3036e-05,1.205e-05
1.4062e-05,9.84e-06,1.836e-05,1.4755e-05,1.125e-05
1.3724e-05,9.52e-06,1.9251e-05,1.4361e-05,1.006e-05
1.495e-05,1.105e-05,1.981e-05,1.597e-05,1.149e-05
1.3425e-05,9.93e-06,1.767e-05,1.4165e-05,1.094e-05
1.465e-05,1.055e-05,1.9121e-05,1.539e-05,1.131e-05
1.3809e-05,9.75e-06,1.923e-05,1.4791e-05,1.0521e-05
1.5896e-05,1.168e-05,2.091e-05,1.6845e-05,1.261e-05
1.4396e-05,1.063e-05,1.9511e-05,1.4885e-05,1.115e-05
1.5398e-05,1.1711e-05,1.952e-05,1.619e-05,1.213e-05
1.462e-05,1.06e-05,1.949e-05,1.521e-05,1.158e-05
1.5261e-05,1.108e-05,2.0511e-05,1.6271e-05,1.1831e-05
1.3603e-05,1.0021e-05,1.836e-05,1.422e-05,1.084e-05
1.5746e-05,1.144e-05,2.093e-05,1.6475e-05,1.2181e-05
1.3537e-05,1.022e-05,1.7761e-05,1.433e-05,1.082e-05
1.5567e-05,1.1631e-05,1.975e-05,1.633e-05,1.323e-05
1.3815e-05,1.007e-05,1.87e-05,1.4435e-05,1.098e-05
1.4509e-05,1.065e-05,1.8991e-05,1.537e-05,1.161e-05
1.3932e-05,9.81e-06,1.884e-05,1.468e-05,1.0231e-05
1.404e-05,1.036e-05,1.844e-05,1.4986e-05,1.065e-05
1.4696e-05,1.049e-05,1.9521e-05,1.5551e-05,1.145e-05
1.4118e-05,1.039e-05,1.87e-05,1.5045e-05,1.101e-05
1.7734e-05,9.8e-06,2.555e-05,1.493e-05,1.039e-05
1.5383e-05,1.091e-05,1.92e-05,1.547e-05,1.576e-05
1.4581e-05,1.038e-05,1.963e-05,1.542e-05,1.108e-05
1.5038e-05,1.076e-05,2.021e-05,1.615e-05,1.1481e-05
1.4299e-05,1.01e-05,1.9301e-05,1.4971e-05,1.108e-05
1.5659e-05,1.143e-05,2.072e-05,1.6386e-05,1.2461e-05
1.3454e-05,9.87e-06,1.804e-05,1.4345e-05,1.07e-05
1.5348e-05,1.136e-05,2.016e-05,1.6316e-05,1.236e-05
1.3266e-05,1.01e-05,1.796e-05,1.386e-05,1.072e-05
1.5625e-05,1.172e-05,2.022e-05,1.646e-05,1.228e-05
1.9109e-05,1.067e-05,2.539e-05,1.968e-05,2.1431e-05
1.3828e-05,9.77e-06,1.581e-05,1.4236e-05,1.389e-05
1.3905e-05,9.6e-06,1.9121e-05,1.4965e-05,1.055e-05
1.4666e-05,1.096e-05,1.968e-05,1.5555e-05,1.134e-05
1.3733e-05,1.03e-05,1.83e-05,1.4685e-05,1.149e-05
1.5074e-05,1.097e-05,1.9441e-05,1.613e-05,1.21e-05
1.4327e-05,1.025e-05,1.944e-05,1.518e-05,1.095e-05
1.5108e-05,1.104e-05,2.009e-05,1.5815e-05,1.1741e-05
1.4456e-05,1.0691e-05,1.8851e-05,1.5231e-05,1.116e-05
1.5017e-05,1.059e-05,1.94e-05,1.579e-05,1.202e-05
1.4975e-05,1.147e-05,1.968e-05,1.561e-05,1.215e-05
1.4306e-05,1.0411e-05,1.8761e-05,1.5155e-05,1.109e-05
1.3831e-05,9.8e-06,1.872e-05,1.4681e-05,1.0871e-05
1.4567e-05,1.098e-05,1.904e-05,1.553e-05,1.161e-05
1.3619e-05,9.771e-06,1.8941e-05,1.4475e-05,1.043e-05
1.5287e-05,1.107e-05,2.02e-05,1.6325e-05,1.196e-05
1.3566e-05,9.83e-06,1.852e-05,1.3995e-05,1.055e-05
1.4346e-05,1.057e-05,1.8691e-05,1.54e-05,1.124e-05
1.3925e-05,1.107e-05,1.772e-05,1.4371e-05,1.266e-05
1.4378e-05,1.02e-05,1.962e-05,1.5205e-05,1.1121e-05
1.361e-05,1.053e-05,1.7661e-05,1.424e-05,1.135e-05
1.5097e-05,1.046e-05,2.027e-05,1.5671e-05,1.127e-05
1.3203e-05,1.009e-05,1.731e-05,1.3815e-05,1.077e-05
1.4739e-05,1.063e-05,1.9131e-05,1.566e-05,1.176e-05
1.5075e-05,1.1041e-05,2.023e-05,1.5895e-05,1.1821e-05
1.4636e-05,1.069e-05,1.974e-05,1.55e-05,1.129e-05
1.4376e-05,1.042e-05,1.9271e-05,1.4946e-05,1.101e-05
1.49e-05,1.0281e-05,1.969e-05,1.5775e-05,1.175e-05
1.3545e-05,9.85e-06,1.804e-05,1.433e-05,1.061e-05
1.4583e-05,1.032e-05,1.8491e-05,1.5645e-05,1.131e-05
1.3541e-05,9.951e-06,1.772e-05,1.421e-05,1.092e-05
1.5051e-05,1.111e-05,1.939e-05,1.5576e-05,1.2311e-05
1.3465e-05,9.59e-06,1.7981e-05,1.4101e-05,1.045e-05
1.4364e-05,1.054e-05,1.852e-05,1.5191e-05,1.171e-05
1.3484e-05,9.69e-06,1.767e-05,1.415e-05,1.066e-05
1.4066e-05,1.05e-05,1.87e-05,1.489e-05,1.117e-05
1.3952e-05,1.045e-05,1.792e-05,1.477e-05,1.1691e-05
1.5293e-05,1.119e-05,2.019e-05,1.6135e-05,1.214e-05
1.3432e-05,9.18e-06,1.855e-05,1.4435e-05,9.97e-06
1.5149e-05,1.098e-05,1.98e-05,1.594e-05,1.202e-05
1.4687e-05,1.0601e-05,1.996e-05,1.5515e-05,1.158e-05
1.4642e-05,1.084e-05,1.9501e-05,1.5385e-05,1.1591e-05
1.464e-05,1.069e-05,1.968e-05,1.5356e-05,1.158e-05
1.4901e-05,1.0541e-05,1.978e-05,1.597e-05,1.165e-05
1.4003e-05,1.051e-05,1.8221e-05,1.475e-05,1.1e-05
1.4486e-05,1.025e-05,1.879e-05,1.5411e-05,1.163e-05
1.332e-05,9.891e-06,1.772e-05,1.407e-05,1.079e-05
1.552e-05,1.128e-05,2.0741e-05,1.634e-05,1.213e-05
1.3488e-05,9.75e-06,1.79e-05,1.436e-05,1.0881e-05
1.376e-05,1.004e-05,1.79e-05,1.4526e-05,1.115e-05
1.3582e-05,1.013e-05,1.801e-05,1.428e-05,1.117e-05
1.3982e-05,1.027e-05,1.822e-05,1.4915e-05,1.079e-05
1.3719e-05,9.72e-06,1.784e-05,1.451e-05,1.071e-05
1.476e-05,1.073e-05,1.961e-05,1.565e-05,1.1581e-05
1.3589e-05,9.49e-06,1.884e-05,1.4611e-05,1.017e-05
1.4725e-05,1.058e-05,1.953e-05,1.539e-05,1.172e-05
1.4436e-05,1.0581e-05,1.96e-05,1.5126e-05,1.109e-05
1.5315e-05,1.135e-05,2.032e-05,1.596e-05,1.165e-05
1.4623e-05,1.034e-05,1.973e-05,1.5161e-05,1.1331e-05
1.4658e-05,1.0571e-05,1.985e-05,1.5505e-05,1.115e-05
1.3291e-05,1.026e-05,1.728e-05,1.3875e-05,1.122e-05
1.4739e-05,1.013e-05,1.893e-05,1.5225e-05,1.26e-05
1.3443e-05,9.94e-06,1.791e-05,1.426e-05,1.064e-05
1.5712e-05,1.166e-05,2.038e-05,1.659e-05,1.2321e-05
1.3697e-05,1.001e-05,1.806e-05,1.4635e-05,1.098e-05
1.4203e-05,9.96e-06,1.887e-05,1.513e-05,1.1331e-05
1.3845e-05,1.027e-05,1.883e-05,1.4715e-05,1.066e-05
1.4401e-05,1.089e-05,1.858e-05,1.527e-05,1.174e-05
1.3299e-05,9.78e-06,1.761e-05,1.4096e-05,1.068e-05
1.5439e-05,1.104e-05,2.0341e-05,1.6401e-05,1.188e-05
1.3823e-05,1.054e-05,1.846e-05,1.469e-05,1.1491e-05
1.4499e-05,1.064e-05,1.947e-05,1.5375e-05,1.142e-05
1.4944e-05,1.0731e-05,2.0321e-05,1.5395e-05,1.15e-05
1.4915e-05,1.07e-05,1.958e-05,1.5601e-05,1.166e-05
1.5436e-05,1.085e-05,2.111e-05,1.634e-05,1.121e-05
1.4389e-05,1.0281e-05,1.894e-05,1.528e-05,1.1171e-05
1.3994e-05,1.033e-05,1.836e-05,1.447e-05,1.093e-05
1.5664e-05,1.132e-05,2.082e-05,1.6485e-05,1.1921e-05
1.3264e-05,9.961e-06,1.772e-05,1.401e-05,1.059e-05
1.5648e-05,1.113e-05,2.089e-05,1.649e-05,1.253e-05
1.3808e-05,1.009e-05,1.825e-05,1.464e-05,1.082e-05
1.3955e-05,9.96e-06,1.864e-05,1.494e-05,1.106e-05
1.4427e-05,1.162e-05,1.829e-05,1.4596e-05,1.2611e-05
1.3369e-05,8.66e-06,1.798e-05,1.4055e-05,1.043e-05
1.378e-05,1.04e-05,1.823e-05,1.4465e-05,1.102e-05
1.5188e-05,1.096e-05,2.01e-05,1.5975e-05,1.211e-05
1.3393e-05,1.001e-05,1.745e-05,1.423e-05,1.051e-05
1.5347e-05,1.128e-05,1.93e-05,1.6061e-05,1.2551e-05
1.4561e-05,1.0291e-05,1.975e-05,1.474e-05,1.155e-05
1.5101e-05,1.121e-05,1.937e-05,1.588e-05,1.212e-05
1.4585e-05,1.117e-05,1.882e-05,1.52e-05,1.202e-05
1.5864e-05,1.2081e-05,2.031e-05,1.661e-05,1.281e-05
1.4123e-05,1.125e-05,1.766e-05,1.4135e-05,1.19e-05
1.4793e-05,1.027e-05,1.875e-05,1.5201e-05,1.23e-05
1.3983e-05,1.0941e-05,1.799e-05,1.4351e-05,1.1891e-05
1.5459e-05,1.159e-05,1.975e-05,1.628e-05,1.277e-05
1.3547e-05,1.007e-05,1.841e-05,1.431e-05,1.084e-05
1.4185e-05,1.051e-05,1.838e-05,1.4821e-05,1.157e-05
1.351e-05,9.84e-06,1.764e-05,1.4045e-05,1.092e-05
1.3985e-05,9.91e-06,1.8961e-05,1.505e-05,1.0431e-05
1.3668e-05,9.75e-06,1.805e-05,1.4525e-05,1.081e-05
1.591e-05,1.18e-05,2.066e-05,1.69e-05,1.256e-05
1.3933e-05,1.153e-05,1.7751e-05,1.377e-05,1.175e-05
1.5073e-05,1.056e-05,1.873e-05,1.552e-05,1.29e-05
1.4801e-05,1.0841e-05,1.909e-05,1.5666e-05,1.1741e-05
1.4881e-05,1.119e-05,1.8821e-05,1.5455e-05,1.213e-05
1.4421e-05,1.025e-05,1.935e-05,1.5066e-05,1.141e-05
1.5267e-05,1.0991e-05,1.945e-05,1.6235e-05,1.195e-05
1.3975e-05,1.136e-05,1.7031e-05,1.4236e-05,1.22e-05
1.4542e-05,9.82e-06,1.796e-05,1.465e-05,1.2711e-05
1.3716e-05,1.0221e-05,1.793e-05,1.4485e-05,1.12e-05
1.5316e-05,1.142e-05,2.0201e-05,1.618e-05,1.2171e-05
1.3754e-05,1.029e-05,1.865e-05,1.4025e-05,1.132e-05
1.4629e-05,1.016e-05,1.934e-05,1.5335e-05,1.143e-05
1.3953e-05,1.114e-05,1.7781e-05,1.4275e-05,1.166e-05
1.3525e-05,9.45e-06,1.734e-05,1.3556e-05,1.179e-05
1.4244e-05,1.169e-05,1.799e-05,1.44e-05,1.2501e-05
1.5412e-05,1.098e-05,1.9551e-05,1.632e-05,1.251e-05
1.4039e-05,1.108e-05,1.759e-05,1.4245e-05,1.174e-05
1.4828e-05,1.037e-05,1.819e-05,1.498e-05,1.312e-05
1.439e-05,9.821e-06,1.9381e-05,1.4925e-05,1.082e-05
1.4856e-05,1.092e-05,1.968e-05,1.5741e-05,1.1721e-05
1.4686e-05,1.117e-05,1.878e-05,1.5315e-05,1.21e-05
1.4929e-05,1.0661e-05,1.9631e-05,1.5785e-05,1.161e-05
1.416e-05,1.166e-05,1.772e-05,1.4205e-05,1.204e-05
1.4489e-05,1e-05,1.799e-05,1.4885e-05,1.227e-05
1.4087e-05,1.1641e-05,1.7321e-05,1.435e-05,1.243e-05
1.4891e-05,1.027e-05,1.862e-05,1.5526e-05,1.233e-05
1.4268e-05,1.182e-05,1.735e-05,1.4465e-05,1.2671e-05
1.3413e-05,8.86e-06,1.6991e-05,1.3276e-05,1.15e-05
1.3506e-05,9.74e-06,1.781e-05,1.4516e-05,1.081e-05
1.4434e-05,9.64e-06,1.899e-05,1.5226e-05,1.178e-05
1.3553e-05,1.023e-05,1.8011e-05,1.42e-05,1.087e-05
1.5164e-05,1.105e-05,1.969e-05,1.603e-05,1.1971e-05
1.3733e-05,1.027e-05,1.826e-05,1.437e-05,1.11e-05
1.4711e-05,1.046e-05,1.9771e-05,1.525e-05,1.127e-05
1.4807e-05,1.1241e-05,1.897e-05,1.5445e-05,1.221e-05
1.501e-05,1.107e-05,1.922e-05,1.585e-05,1.216e-05
1.4887e-05,1.117e-05,1.9181e-05,1.5695e-05,1.1761e-05
1.452e-05,1.0101e-05,1.925e-05,1.5556e-05,1.091e-05
1.4177e-05,1.109e-05,1.739e-05,1.424e-05,1.286e-05
1.381e-05,9.07e-06,1.8051e-05,1.3966e-05,1.148e-05
1.3824e-05,1.017e-05,1.87e-05,1.446e-05,1.1e-05
1.4917e-05,1.088e-05,1.947e-05,1.5945e-05,1.2201e-05
1.3443e-05,1.051e-05,1.7731e-05,1.3995e-05,1.117e-05
1.3672e-05,1.018e-05,1.847e-05,1.465e-05,1.102e-05
1.4167e-05,1.143e-05,1.793e-05,1.4125e-05,1.233e-05
1.3207e-05,9.17e-06,1.6671e-05,1.338e-05,1.165e-05
1.3516e-05,9.91e-06,1.751e-05,1.4325e-05,1.0611e-05
1.5366e-05,1.0811e-05,2.045e-05,1.6025e-05,1.192e-05
1.4175e-05,1.139e-05,1.7891e-05,1.4421e-05,1.2121e-05
1.4065e-05,9.56e-06,1.843e-05,1.4535e-05,1.17e-05
1.5173e-05,1.2081e-05,1.965e-05,1.5466e-05,1.302e-05
1.504e-05,1.093e-05,1.9741e-05,1.5915e-05,1.174e-05
1.4614e-05,1.115e-05,1.883e-05,1.5356e-05,1.174e-05
1.4488e-05,9.96e-06,1.906e-05,1.523e-05,1.1291e-05
1.4341e-05,1.174e-05,1.8461e-05,1.458e-05,1.184e-05
1.4444e-05,1.051e-05,1.903e-05,1.5405e-05,1.125e-05
1.3669e-05,1.032e-05,1.861e-05,1.45e-05,1.13e-05
1.5055e-05,1.109e-05,1.9391e-05,1.586e-05,1.179e-05
1.3284e-05,9.84e-06,1.707e-05,1.422e-05,1.1281e-05
1.3787e-05,1.014e-05,1.739e-05,1.4786e-05,1.112e-05
1.3821e-05,1.0111e-05,1.7841e-05,1.4425e-05,1.06e-05
1.3727e-05,1.018e-05,1.813e-05,1.4595e-05,1.088e-05
1.4351e-05,1.112e-05,1.805e-05,1.487e-05,1.206e-05
1.4143e-05,9.511e-06,1.8291e-05,1.4551e-05,1.1381e-05
1.388e-05,1.086e-05,1.844e-05,1.4255e-05,1.166e-05
1.4688e-05,1.094e-05,1.906e-05,1.5545e-05,1.199e-05
1.4347e-05,1.105e-05,1.863e-05,1.514e-05,1.133e-05
1.4675e-05,1.07e-05,1.908e-05,1.5335e-05,1.097e-05
1.5245e-05,1.132e-05,2.025e-05,1.5735e-05,1.2291e-05
1.4252e-05,1.018e-05,1.906e-05,1.533e-05,1.116e-05
1.3947e-05,1.087e-05,1.819e-05,1.465e-05,1.134e-05
1.4714e-05,1.05e-05,1.945e-05,1.5545e-05,1.157e-05
1.3782e-05,1.02e-05,1.85e-05,1.449e-05,1.098e-05
1.5124e-05,1.122e-05,1.949e-05,1.5925e-05,1.225e-05
1.3753e-05,1.131e-05,1.708e-05,1.38e-05,1.205e-05
1.3719e-05,9.6e-06,1.717e-05,1.3885e-05,1.2161e-05
1.352e-05,9.871e-06,1.785e-05,1.4421e-05,1.06e-05
1.4011e-05,1.046e-05,1.799e-05,1.4645e-05,1.074e-05
1.3925e-05,1.029e-05,1.776e-05,1.467e-05,1.141e-05
1.4911e-05,1.065e-05,1.9981e-05,1.5826e-05,1.138e-05
1.3981e-05,1.061e-05,1.818e-05,1.4605e-05,1.1551e-05
1.4622e-05,1.041e-05,1.934e-05,1.5406e-05,1.141e-05
1.5108e-05,1.165e-05,1.9481e-05,1.58e-05,1.216e-05
1.4833e-05,1.092e-05,1.899e-05,1.5515e-05,1.184e-05
1.4519e-05,1.087e-05,1.885e-05,1.512e-05,1.21e-05
1.4443e-05,1.023e-05,1.9281e-05,1.5135e-05,1.1071e-05
1.3825e-05,1.107e-05,1.788e-05,1.4366e-05,1.179e-05
1.4535e-05,1.048e-05,1.939e-05,1.547e-05,1.161e-05
1.4135e-05,1.16e-05,1.7821e-05,1.4215e-05,1.192e-05
1.4982e-05,1.0881e-05,1.909e-05,1.56e-05,1.24e-05
1.3532e-05,1.009e-05,1.768e-05,1.4336e-05,1.0751e-05
1.3977e-05,1.012e-05,1.8771e-05,1.4545e-05,1.088e-05
1.4175e-05,1.1361e-05,1.732e-05,1.432e-05,1.219e-05
1.3265e-05,9.08e-06,1.659e-05,1.326e-05,1.221e-05
1.4011e-05,1.093e-05,1.7711e-05,1.4561e-05,1.189e-05
1.5114e-05,1.073e-05,1.971e-05,1.6045e-05,1.1871e-05
1.4005e-05,1.056e-05,1.872e-05,1.473e-05,1.149e-05
1.5614e-05,1.176e-05,2.0461e-05,1.6495e-05,1.248e-05
1.4672e-05,1.136e-05,1.876e-05,1.545e-05,1.207e-05
1.5326e-05,1.149e-05,1.934e-05,1.6255e-05,1.317e-05
1.434e-05,1.097e-05,1.8251e-05,1.5216e-05,1.173e-05
1.5306e-05,1.094e-05,1.986e-05,1.634e-05,1.207e-05
1.4321e-05,1.1871e-05,1.766e-05,1.4455e-05,1.2441e-05
1.4709e-05,9.9e-06,1.8141e-05,1.5141e-05,1.222e-05
1.3333e-05,9.78e-06,1.738e-05,1.4175e-05,1.071e-05
1.5338e-05,1.1321e-05,1.938e-05,1.6206e-05,1.272e-05
1.401e-05,1.034e-05,1.8531e-05,1.4645e-05,1.119e-05
1.5043e-05,1.137e-05,1.983e-05,1.581e-05,1.2341e-05
1.3852e-05,1e-05,1.783e-05,1.4625e-05,1.129e-05
1.3651e-05,1.013e-05,1.7451e-05,1.4606e-05,1.084e-05
1.3228e-05,9.7e-06,1.751e-05,1.3945e-05,1.04e-05
1.4656e-05,1.035e-05,1.86e-05,1.5381e-05,1.199e-05
1.3246e-05,9.65e-06,1.7421e-05,1.402e-05,1.0511e-05
1.5031e-05,1.077e-05,1.992e-05,1.6075e-05,1.131e-05
1.4502e-05,1.06e-05,1.945e-05,1.5096e-05,1.168e-05
1.4949e-05,1.086e-05,2.0161e-05,1.578e-05,1.146e-05
1.4915e-05,1.104e-05,1.971e-05,1.583e-05,1.153e-05
1.4929e-05,1.093e-05,2.002e-05,1.57e-05,1.185e-05
1.3524e-05,9.861e-06,1.7971e-05,1.4305e-05,1.03e-05
1.5293e-05,1.12e-05,1.991e-05,1.627e-05,1.2141e-05
1.3484e-05,9.7e-06,1.787e-05,1.4245e-05,1.102e-05
1.396e-05,9.691e-06,1.8911e-05,1.493e-05,1.001e-05
1.5134e-05,1.121e-05,2.035e-05,1.5726e-05,1.192e-05
1.4003e-05,1.009e-05,1.828e-05,1.479e-05,1.094e-05
1.3405e-05,9.98e-06,1.8071e-05,1.399e-05,1.0601e-05
1.4297e-05,1.004e-05,1.893e-05,1.52e-05,1.067e-05
1.3755e-05,1.062e-05,1.766e-05,1.4266e-05,1.175e-05
1.4958e-05,1.074e-05,1.9091e-05,1.5725e-05,1.221e-05
1.3384e-05,9.39e-06,1.828e-05,1.4285e-05,1.047e-05
1.537e-05,1.087e-05,2.055e-05,1.607e-05,1.2021e-05
1.4705e-05,1.143e-05,1.8771e-05,1.5101e-05,1.227e-05
1.5271e-05,1.115e-05,1.937e-05,1.609e-05,1.23e-05
1.4588e-05,1.051e-05,1.893e-05,1.54e-05,1.163e-05
1.4709e-05,1.085e-05,1.9161e-05,1.558e-05,1.184e-05
1.3967e-05,1.1001e-05,1.8e-05,1.4271e-05,1.167e-05
1.5059e-05,1.012e-05,2.013e-05,1.5525e-05,1.228e-05
1.3597e-05,1.014e-05,1.8511e-05,1.4405e-05,1.1301e-05
1.3971e-05,9.401e-06,1.645e-05,1.4555e-05,1.416e-05
1.3376e-05,9.57e-06,1.703e-05,1.4236e-05,1.097e-05
1.3846e-05,9.53e-06,1.7821e-05,1.42e-05,1.155e-05
1.4125e-05,9.71e-06,1.905e-05,1.5161e-05,1.098e-05
1.445e-05,1.072e-05,1.974e-05,1.5065e-05,1.1111e-05
1.4142e-05,1.031e-05,1.8661e-05,1.508e-05,1.128e-05
1.5837e-05,1.209e-05,2.031e-05,1.6575e-05,1.267e-05
1.4129e-05,1.017e-05,1.934e-05,1.505e-05,1.069e-05
1.5501e-05,1.172e-05,1.9951e-05,1.6345e-05,1.255e-05
1.5074e-05,1.099e-05,2.045e-05,1.5595e-05,1.13e-05
1.4824e-05,1.101e-05,1.943e-05,1.56e-05,1.155e-05
1.4678e-05,1.151e-05,1.8801e-05,1.504e-05,1.2451e-05
1.4724e-05,1.051e-05,1.92e-05,1.5486e-05,1.174e-05
1.4252e-05,1.172e-05,1.79e-05,1.4045e-05,1.216e-05
1.4816e-05,1.031e-05,1.8421e-05,1.5155e-05,1.256e-05
1.3413e-05,1.009e-05,1.737e-05,1.414e-05,1.084e-05
1.5389e-05,1.1121e-05,2.046e-05,1.6246e-05,1.2111e-05
1.419e-05,1.093e-05,1.7801e-05,1.462e-05,1.25e-05
1.3669e-05,9.13e-06,1.8e-05,1.3855e-05,1.122e-05
1.4124e-05,1.1191e-05,1.853e-05,1.4135e-05,1.192e-05
1.4529e-05,9.85e-06,1.9491e-05,1.506e-05,1.121e-05
1.3841e-05,1.142e-05,1.779e-05,1.396e-05,1.1731e-05
1.5203e-05,1.108e-05,1.934e-05,1.6066e-05,1.247e-05
1.3829e-05,1.035e-05,1.8221e-05,1.4556e-05,1.163e-05
1.4717e-05,1.062e-05,1.949e-05,1.558e-05,1.147e-05
1.4813e-05,1.077e-05,1.987e-05,1.5421e-05,1.162e-05
1.4903e-05,1.061e-05,2.0051e-05,1.5715e-05,1.146e-05
1.5141e-05,1.169e-05,1.964e-05,1.5991e-05,1.221e-05
1.421e-05,9.8e-06,1.825e-05,1.5166e-05,1.1551e-05
1.387e-05,1.01e-05,1.8351e-05,1.4621e-05,1.134e-05
1.4952e-05,1.084e-05,1.978e-05,1.584e-05,1.168e-05
1.4399e-05,1.141e-05,1.881e-05,1.481e-05,1.178e-05
1.4914e-05,1.0781e-05,1.9721e-05,1.576e-05,1.212e-05
1.3198e-05,9.87e-06,1.758e-05,1.394e-05,1.0421e-05
1.3659e-05,9.9e-06,1.769e-05,1.453e-05,1.117e-05
1.4365e-05,1.0621e-05,1.8871e-05,1.499e-05,1.222e-05
1.3656e-05,1.037e-05,1.766e-05,1.439e-05,1.114e-05
1.3926e-05,1.086e-05,1.773e-05,1.434e-05,1.191e-05
1.4621e-05,1.039e-05,1.9451e-05,1.5085e-05,1.1981e-05
1.4136e-05,1.133e-05,1.788e-05,1.4511e-05,1.205e-05
1.6532e-05,1.1581e-05,2.093e-05,1.693e-05,1.1581e-05
1.4721e-05,1.104e-05,1.8791e-05,1.5405e-05,1.231e-05
1.5429e-05,1.141e-05,1.97e-05,1.6166e-05,1.212e-05
1.5404e-05,1.139e-05,2.065e-05,1.5905e-05,1.18e-05
1.4919e-05,1.05e-05,2.0161e-05,1.543e-05,1.114e-05
1.4128e-05,1.139e-05,1.804e-05,1.4111e-05,1.2101e-05
1.375e-05,9.18e-06,1.772e-05,1.4285e-05,1.144e-05
1.3977e-05,1.154e-05,1.7421e-05,1.3726e-05,1.233e-05
1.4085e-05,9.421e-06,1.776e-05,1.455e-05,1.157e-05
1.394e-05,1.095e-05,1.785e-05,1.4061e-05,1.191e-05
1.3498e-05,9.51e-06,1.7661e-05,1.4145e-05,1.1071e-05
1.4059e-05,1.121e-05,1.772e-05,1.4531e-05,1.197e-05
1.322e-05,8.94e-06,1.717e-05,1.365e-05,1.129e-05
1.3661e-05,9.83e-06,1.8101e-05,1.452e-05,1.081e-05
1.5018e-05,1.099e-05,1.951e-05,1.5885e-05,1.194e-05
1.3813e-05,9.85e-06,1.904e-05,1.451e-05,1.0701e-05
1.5324e-05,1.127e-05,1.9971e-05,1.599e-05,1.212e-05
1.597e-05,1.1621e-05,2.129e-05,1.5705e-05,1.1621e-05
1.5476e-05,1.162e-05,2.043e-05,1.6265e-05,1.22e-05
1.468e-05,1.056e-05,1.9841e-05,1.544e-05,1.138e-05
1.4295e-05,9.9e-06,1.985e-05,1.515e-05,1.044e-05
2.9512e-05,2.72e-05,3.138e-05,2.9681e-05,2.9991e-05
1.3856e-05,8.86e-06,1.674e-05,1.35e-05,1.331e-05
1.3977e-05,1.156e-05,1.744e-05,1.427e-05,1.185e-05
1.4591e-05,1.009e-05,1.868e-05,1.511e-05,1.2151e-05
1.4011e-05,1.083e-05,1.8021e-05,1.465e-05,1.144e-05
1.3775e-05,9.82e-06,1.797e-05,1.4371e-05,1.111e-05
1.401e-05,1.079e-05,1.829e-05,1.4761e-05,1.113e-05
1.3717e-05,1.015e-05,1.7511e-05,1.4395e-05,1.101e-05
1.4152e-05,1.071e-05,1.774e-05,1.463e-05,1.1931e-05
1.4583e-05,1.0611e-05,1.921e-05,1.5295e-05,1.136e-05
1.3212e-05,9.41e-06,1.8671e-05,1.377e-05,1.022e-05
1.5145e-05,1.126e-05,1.993e-05,1.5886e-05,1.222e-05
1.4644e-05,1.1241e-05,1.885e-05,1.5391e-05,1.196e-05
1.4298e-05,1.029e-05,1.8381e-05,1.507e-05,1.126e-05
1.4886e-05,1.195e-05,1.914e-05,1.482e-05,1.321e-05
1.3939e-05,9.62e-06,1.815e-05,1.4625e-05,1.0951e-05
1.3481e-05,1.035e-05,1.7671e-05,1.4331e-05,1.117e-05
1.4234e-05,1.003e-05,1.848e-05,1.4976e-05,1.159e-05
1.3316e-05,9.69e-06,1.824e-05,1.4086e-05,1.037e-05
1.593e-05,1.203e-05,2.0711e-05,1.6755e-05,1.243e-05
1.4521e-05,1.122e-05,1.879e-05,1.5281e-05,1.2111e-05
1.4055e-05,1.083e-05,1.869e-05,1.4725e-05,1.153e-05
1.4247e-05,1.1491e-05,1.8241e-05,1.461e-05,1.208e-05
1.3926e-05,9.21e-06,1.875e-05,1.4181e-05,1.118e-05
1.4138e-05,1.104e-05,1.848e-05,1.4506e-05,1.18e-05
1.5163e-05,1.1181e-05,1.9401e-05,1.5866e-05,1.2241e-05
1.4348e-05,1.124e-05,1.776e-05,1.4815e-05,1.212e-05
1.4306e-05,9.86e-06,1.836e-05,1.446e-05,1.193e-05
1.5036e-05,1.132e-05,1.9861e-05,1.584e-05,1.194e-05
1.5514e-05,1.149e-05,2.052e-05,1.6261e-05,1.234e-05
1.476e-05,1.075e-05,1.991e-05,1.541e-05,1.166e-05
1.5654e-05,1.132e-05,2.0721e-05,1.6541e-05,1.179e-05
1.3797e-05,1.036e-05,1.786e-05,1.4665e-05,1.1491e-05
1.5528e-05,1.144e-05,1.99e-05,1.632e-05,1.219e-05
1.3278e-05,9.89e-06,1.7731e-05,1.3935e-05,1.026e-05
1.591e-05,1.172e-05,2.066e-05,1.6771e-05,1.292e-05
1.3593e-05,1e-05,1.779e-05,1.451e-05,1.084e-05
1.4056e-05,9.77e-06,1.8751e-05,1.485e-05,1.0681e-05
1.4499e-05,1.139e-05,1.842e-05,1.5e-05,1.246e-05
1.3954e-05,9.28e-06,1.853e-05,1.482e-05,1.099e-05
1.3816e-05,9.97e-06,1.9071e-05,1.4411e-05,1.068e-05
1.6119e-05,1.1801e-05,2.134e-05,1.6985e-05,1.281e-05
1.4209e-05,1.109e-05,1.82e-05,1.4671e-05,1.181e-05
1.5094e-05,1.104e-05,1.9531e-05,1.577e-05,1.231e-05
1.4479e-05,1.0731e-05,1.927e-05,1.5121e-05,1.1851e-05
1.4401e-05,1.034e-05,1.931e-05,1.536e-05,1.104e-05
1.4448e-05,1.021e-05,1.9321e-05,1.5226e-05,1.105e-05
1.5474e-05,1.0931e-05,2.065e-05,1.6035e-05,1.186e-05
1.3437e-05,9.73e-06,1.79e-05,1.4205e-05,1.051e-05
1.5119e-05,1.112e-05,1.9831e-05,1.6005e-05,1.1761e-05
1.4499e-05,1.202e-05,1.767e-05,1.4516e-05,1.313e-05
1.4813e-05,1.013e-05,1.877e-05,1.511e-05,1.229e-05
1.3824e-05,1.116e-05,1.7921e-05,1.4126e-05,1.181e-05
1.3974e-05,9.81e-06,1.832e-05,1.497e-05,1.124e-05
1.3511e-05,1.041e-05,1.805e-05,1.397e-05,1.114e-05
1.4633e-05,1.045e-05,1.9401e-05,1.557e-05,1.131e-05
1.3339e-05,9.64e-06,1.747e-05,1.4216e-05,1.0751e-05
1.4964e-05,1.0531e-05,1.899e-05,1.5661e-05,1.208e-05
1.4072e-05,1.097e-05,1.8251e-05,1.4455e-05,1.15e-05
1.522e-05,1.102e-05,1.921e-05,1.6075e-05,1.29e-05
1.3975e-05,1.0381e-05,1.816e-05,1.472e-05,1.126e-05
1.5331e-05,1.102e-05,1.9791e-05,1.611e-05,1.1801e-05
1.4601e-05,1.063e-05,1.923e-05,1.537e-05,1.16e-05
1.4977e-05,1.05e-05,1.987e-05,1.6106e-05,1.145e-05
1.3754e-05,9.87e-06,1.8571e-05,1.4645e-05,1.092e-05
1.5503e-05,1.111e-05,2.061e-05,1.628e-05,1.213e-05
1.3472e-05,9.76e-06,1.85e-05,1.4281e-05,1.0431e-05
1.5754e-05,1.186e-05,2.1061e-05,1.6625e-05,1.204e-05
1.3737e-05,1.028e-05,1.862e-05,1.4356e-05,1.1211e-05
1.4031e-05,1.007e-05,1.835e-05,1.4875e-05,1.112e-05
1.3593e-05,9.91e-06,1.7981e-05,1.4366e-05,1.044e-05
1.3976e-05,1.006e-05,1.851e-05,1.4675e-05,1.068e-05
1.4058e-05,1.026e-05,1.823e-05,1.489e-05,1.137e-05
1.5249e-05,1.1191e-05,1.9591e-05,1.6096e-05,1.1861e-05
1.3839e-05,1.075e-05,1.786e-05,1.426e-05,1.271e-05
1.518e-05,1.118e-05,1.936e-05,1.597e-05,1.263e-05
1.4867e-05,1.0711e-05,2.0471e-05,1.5511e-05,1.094e-05
1.4935e-05,1.088e-05,1.973e-05,1.5901e-05,1.198e-05
1.4522e-05,1.037e-05,1.955e-05,1.5315e-05,1.1291e-05
1.5221e-05,1.1151e-05,1.9641e-05,1.6011e-05,1.202e-05
1.4018e-05,1.14e-05,1.776e-05,1.389e-05,1.197e-05
1.518e-05,1.063e-05,1.928e-05,1.5771e-05,1.296e-05
1.364e-05,1.024e-05,1.8131e-05,1.4335e-05,1.073e-05
1.5004e-05,1.1e-05,1.909e-05,1.5835e-05,1.2241e-05
1.3768e-05,1.007e-05,1.808e-05,1.466e-05,1.116e-05
1.4257e-05,9.99e-06,1.8961e-05,1.5355e-05,1.1051e-05
1.4173e-05,1.132e-05,1.808e-05,1.4565e-05,1.208e-05
1.4349e-05,9.97e-06,1.89e-05,1.4965e-05,1.135e-05
1.3449e-05,9.82e-06,1.7821e-05,1.424e-05,1.035e-05
1.5354e-05,1.1131e-05,1.964e-05,1.6235e-05,1.202e-05
1.3647e-05,1.029e-05,1.748e-05,1.4441e-05,1.1461e-05
1.5189e-05,1.137e-05,1.9601e-05,1.578e-05,1.137e-05
1.5212e-05,1.1721e-05,1.969e-05,1.5976e-05,1.227e-05
1.5088e-05,1.083e-05,2.012e-05,1.594e-05,1.179e-05
1.4613e-05,1.067e-05,1.9171e-05,1.5516e-05,1.207e-05
1.4231e-05,1.017e-05,1.894e-05,1.52e-05,1.1141e-05
1.3707e-05,1e-05,1.831e-05,1.469e-05,1.106e-05
1.4944e-05,1.069e-05,2.0141e-05,1.581e-05,1.132e-05
1.4252e-05,9.99e-06,1.9e-05,1.5065e-05,1.052e-05
1.5026e-05,1.084e-05,1.982e-05,1.6075e-05,1.186e-05
1.3176e-05,9.79e-06,1.7331e-05,1.3705e-05,1.08e-05
1.3702e-05,1.023e-05,1.806e-05,1.4336e-05,1.08e-05
1.3592e-05,9.97e-06,1.777e-05,1.4305e-05,1.0951e-05
1.3781e-05,1.003e-05,1.7761e-05,1.4646e-05,1.082e-05
1.4055e-05,1.072e-05,1.789e-05,1.4605e-05,1.173e-05
1.4429e-05,1.0461e-05,1.87e-05,1.52e-05,1.164e-05
1.3983e-05,1.116e-05,1.7941e-05,1.453e-05,1.18e-05
1.4701e-05,1.057e-05,1.909e-05,1.555e-05,1.1561e-05
1.4702e-05,1.1071e-05,1.6871e-05,1.547e-05,1.418e-05
1.5154e-05,1.138e-05,1.9621e-05,1.5925e-05,1.208e-05
1.4404e-05,1.04e-05,1.95e-05,1.5255e-05,1.1e-05
1.4852e-05,1.052e-05,1.979e-05,1.5685e-05,1.148e-05
1.4228e-05,1.132e-05,1.8411e-05,1.4976e-05,1.1871e-05
1.4344e-05,1.006e-05,1.915e-05,1.5395e-05,1.098e-05
1.436e-05,1.129e-05,1.799e-05,1.5035e-05,1.232e-05
1.4489e-05,9.8e-06,1.8721e-05,1.541e-05,1.133e-05
1.3461e-05,9.99e-06,1.726e-05,1.4141e-05,1.089e-05
1.3456e-05,9.51e-06,1.712e-05,1.429e-05,1.0941e-05
1.3818e-05,1.0021e-05,1.828e-05,1.454e-05,1.076e-05
0.000174317,1.302e-05,0.000224233,0.000211553,0.000198383
1.3193e-05,1.031e-05,1.6131e-05,1.2945e-05,1.449e-05
1.4765e-05,1.012e-05,1.915e-05,1.5876e-05,1.154e-05
1.4324e-05,1.0991e-05,1.8371e-05,1.506e-05,1.169e-05
1.4769e-05,1.043e-05,1.937e-05,1.5685e-05,1.1771e-05
1.4485e-05,1.105e-05,1.872e-05,1.5405e-05,1.158e-05
1.4502e-05,1.045e-05,1.9221e-05,1.5406e-05,1.105e-05
1.4916e-05,1.107e-05,1.937e-05,1.5411e-05,1.237e-05
1.4138e-05,1.017e-05,1.851e-05,1.507e-05,1.092e-05
1.3812e-05,1.144e-05,1.7461e-05,1.3896e-05,1.1921e-05
1.4109e-05,9.88e-06,1.793e-05,1.463e-05,1.177e-05
1.3774e-05,1.021e-05,1.824e-05,1.476e-05,1.104e-05
1.5136e-05,1.12e-05,1.9951e-05,1.6005e-05,1.185e-05
1.3891e-05,1.0321e-05,1.839e-05,1.4575e-05,1.129e-05
1.4357e-05,1.038e-05,1.894e-05,1.53e-05,1.144e-05
1.3689e-05,1.004e-05,1.8131e-05,1.4635e-05,1.096e-05
1.372e-05,1.0411e-05,1.815e-05,1.442e-05,1.0971e-05
1.442e-05,1.084e-05,1.811e-05,1.5306e-05,1.197e-05
1.4632e-05,1.075e-05,1.8821e-05,1.5345e-05,1.189e-05
1.397e-05,1.069e-05,1.748e-05,1.477e-05,1.141e-05
1.4127e-05,9.7e-06,1.809e-05,1.4485e-05,1.172e-05
1.4828e-05,1.169e-05,1.8921e-05,1.5506e-05,1.2501e-05
1.4561e-05,1.024e-05,1.941e-05,1.549e-05,1.153e-05
1.5137e-05,1.1e-05,2.045e-05,1.5925e-05,1.192e-05
1.4348e-05,1.018e-05,1.9811e-05,1.5131e-05,1.067e-05
1.4108e-05,1.108e-05,1.93e-05,1.4415e-05,1.166e-05
1.3465e-05,9.81e-06,1.794e-05,1.4391e-05,1.0701e-05
1.4523e-05,1.086e-05,1.9531e-05,1.5195e-05,1.142e-05
1.5492e-05,1.161e-05,2.01e-05,1.635e-05,1.225e-05
1.3849e-05,1.0181e-05,1.818e-05,1.4785e-05,1.08e-05
1.3857e-05,9.7e-06,1.8151e-05,1.437e-05,1.09e-05
1.3969e-05,1.045e-05,1.822e-05,1.4755e-05,1.0701e-05
1.4225e-05,9.261e-06,1.883e-05,1.5115e-05,1.101e-05
1.3916e-05,1.081e-05,1.8341e-05,1.4565e-05,1.1431e-05
1.5304e-05,1.15e-05,1.998e-05,1.627e-05,1.239e-05
1.4555e-05,1.133e-05,1.81e-05,1.5136e-05,1.248e-05
1.3709e-05,9.72e-06,1.8021e-05,1.386e-05,1.168e-05
1.4662e-05,1.178e-05,1.85e-05,1.5176e-05,1.223e-05
1.3741e-05,9.95e-06,1.776e-05,1.437e-05,1.1211e-05
1.4521e-05,1.109e-05,1.8811e-05,1.5156e-05,1.16e-05
1.4986e-05,1.045e-05,1.989e-05,1.5995e-05,1.131e-05
1.3601e-05,1.025e-05,1.764e-05,1.4536e-05,1.143e-05
1.5392e-05,1.1291e-05,1.9341e-05,1.6056e-05,1.158e-05
1.4031e-05,1.1e-05,1.74e-05,1.484e-05,1.1801e-05
1.4203e-05,9.69e-06,1.846e-05,1.4731e-05,1.156e-05
1.3343e-05,9.831e-06,1.754e-05,1.4185e-05,1.062e-05
1.3811e-05,9.9e-06,1.896e-05,1.4781e-05,1.067e-05
1.3737e-05,9.97e-06,1.783e-05,1.476e-05,1.113e-05
1.4693e-05,1.048e-05,1.88e-05,1.541e-05,1.1741e-05
1.4091e-05,1.113e-05,1.763e-05,1.4605e-05,1.193e-05
1.5495e-05,1.099e-05,1.934e-05,1.5955e-05,1.31e-05
1.3665e-05,1.028e-05,1.731e-05,1.43e-05,1.1e-05
1.5326e-05,1.12e-05,1.956e-05,1.6285e-05,1.24e-05
1.4966e-05,1.175e-05,1.885e-05,1.5035e-05,1.3001e-05
1.5012e-05,1.041e-05,1.949e-05,1.5845e-05,1.193e-05
1.4964e-05,1.096e-05,2.036e-05,1.5775e-05,1.1481e-05
1.519e-05,1.129e-05,2.007e-05,1.6015e-05,1.191e-05
1.4226e-05,1.12e-05,1.802e-05,1.4635e-05,1.169e-05
1.4093e-05,9.501e-06,1.806e-05,1.444e-05,1.173e-05
1.4366e-05,1.08e-05,1.798e-05,1.4905e-05,1.166e-05
1.3383e-05,9.12e-06,1.769e-05,1.435e-05,1.0691e-05
1.4377e-05,1.1651e-05,1.804e-05,1.4916e-05,1.199e-05
1.363e-05,9.02e-06,1.844e-05,1.414e-05,1.099e-05
1.3493e-05,9.94e-06,1.768e-05,1.4465e-05,1.05e-05
1.5294e-05,1.116e-05,1.9491e-05,1.6225e-05,1.215e-05
1.4194e-05,1.078e-05,1.777e-05,1.5056e-05,1.1671e-05
1.5464e-05,1.132e-05,1.981e-05,1.63e-05,1.25e-05
1.3898e-05,1.046e-05,1.8751e-05,1.4551e-05,1.107e-05
1.5946e-05,1.2e-05,2.078e-05,1.6865e-05,1.302e-05
1.482e-05,1.108e-05,1.935e-05,1.5565e-05,1.175e-05
1.5637e-05,1.139e-05,2.059e-05,1.6151e-05,1.139e-05
1.4815e-05,1.056e-05,1.996e-05,1.5285e-05,1.184e-05
1.5304e-05,1.115e-05,2.013e-05,1.6235e-05,1.1861e-05
1.3876e-05,1.081e-05,1.827e-05,1.441e-05,1.159e-05
1.5107e-05,1.1011e-05,1.908e-05,1.5951e-05,1.24e-05
1.3611e-05,1.003e-05,1.816e-05,1.4476e-05,1.082e-05
1.4289e-05,1.006e-05,1.844e-05,1.5361e-05,1.105e-05
1.4292e-05,1.1021e-05,1.771e-05,1.5095e-05,1.1781e-05
1.3918e-05,9.62e-06,1.823e-05,1.4095e-05,1.176e-05
1.3501e-05,9.97e-06,1.786e-05,1.4325e-05,1.056e-05
1.557e-05,1.168e-05,1.97e-05,1.6345e-05,1.225e-05
1.4157e-05,1.029e-05,1.743e-05,1.493e-05,1.201e-05
