0_Avg-Duration_s,0_Min-Duration_s,0_Max-Duration_s,0_Median-Duration_s,0_MainRank-Duration_s
0.001826083,0.001474455,0.002084432,0.001902256,0.001928123
0.001864749,0.001676407,0.002062661,0.001880936,0.001894473
0.001819436,0.001479205,0.002080371,0.00188847,0.001906062
0.001817966,0.001474155,0.002068312,0.001895355,0.001912753
0.001808935,0.001476165,0.002054561,0.001884986,0.001904643
0.001814701,0.001475435,0.002072661,0.00188297,0.001906622
0.00181144,0.001477725,0.002062521,0.001882751,0.001909803
0.001810947,0.001480238,0.002063282,0.001879586,0.001907003
0.001802496,0.001478515,0.002044321,0.001879735,0.001906043
0.001808331,0.001475035,0.002054431,0.00187998,0.001897863
0.001801007,0.001474335,0.002054781,0.001863056,0.001891503
0.001798696,0.001479535,0.002046651,0.001859535,0.001892683
0.001793928,0.001478985,0.00203295,0.001862311,0.001893183
0.001798176,0.001470935,0.002038001,0.001877131,0.001892642
0.001794216,0.001474125,0.002039631,0.00186307,0.001884872
0.001788498,0.001480835,0.00202763,0.001847135,0.001872762
0.001788498,0.001483695,0.002025001,0.001842559,0.001875812
0.001783727,0.001478389,0.00201798,0.001842705,0.001873472
0.001776199,0.001474315,0.00199671,0.001841235,0.001856712
0.001762014,0.001474645,0.00200918,0.001770686,0.001862391
0.001755151,0.001474595,0.00200458,0.001757451,0.001844691
0.00175917,0.001476205,0.00201719,0.001776542,0.001860382
0.001761503,0.001482059,0.002009341,0.001774042,0.001863702
0.001758781,0.001474115,0.00200425,0.001770382,0.001872262
0.001756849,0.001476936,0.0020028,0.001777962,0.001871152
0.001733229,0.001475065,0.001985709,0.001763457,0.001858172
0.001730091,0.001474165,0.00199316,0.001769892,0.001858752
0.001731621,0.001477203,0.00198924,0.001772262,0.001863672
0.001727096,0.001476102,0.00198858,0.001755876,0.001847852
0.001724851,0.001472365,0.001978019,0.001762047,0.001855522
0.001722245,0.001472655,0.00197618,0.001759036,0.001847901
0.001714133,0.001480145,0.001959109,0.001742411,0.001827211
0.001723094,0.001475903,0.001978479,0.001754562,0.001842852
0.001720139,0.001470985,0.001970209,0.001757081,0.001847001
0.001719017,0.001474365,0.001977789,0.001740162,0.001813211
0.001714797,0.001476463,0.00196991,0.001733121,0.001816371
0.001706273,0.001476173,0.001951649,0.001729161,0.001818961
0.001691145,0.001475303,0.001978499,0.001634719,0.001656588
0.001688758,0.001472645,0.00196826,0.00163912,0.001662258
0.001680956,0.001474695,0.001948819,0.001630579,0.001660178
0.001689646,0.001476713,0.001965999,0.001644854,0.001668648
0.001679509,0.001476835,0.001948809,0.001629955,0.001654669
0.001683119,0.001474505,0.001962419,0.001632374,0.001659668
0.001670465,0.001473635,0.00198005,0.001556874,0.001633788
0.001657407,0.001472495,0.00200897,0.00147901,0.001472495
0.001650545,0.001466645,0.00199826,0.001476066,0.001466645
0.001650908,0.001474436,0.001986249,0.001479849,0.001474436
0.001650925,0.001472619,0.0019938,0.001478657,0.001474616
0.001654031,0.001470196,0.00201073,0.001476747,0.001470196
0.001654989,0.001472545,0.002005521,0.001478957,0.001472545
0.001654605,0.001472625,0.00200302,0.001479649,0.001472625
0.001652577,0.001473895,0.0020003,0.001478715,0.001473895
0.001650122,0.001470879,0.001993439,0.001480062,0.001472816
0.001646972,0.001470436,0.00199521,0.001477386,0.001470436
0.001645257,0.001471985,0.00198612,0.001478677,0.001471985
0.001645572,0.001469176,0.0019924,0.001475931,0.001469176
0.001633406,0.001472946,0.001972249,0.001481481,0.001472946
0.001621832,0.001471885,0.00197349,0.001479628,0.001471885
0.001617586,0.001468015,0.001959079,0.001478179,0.001468015
0.001622494,0.001472025,0.001973559,0.001478902,0.001472025
0.001621964,0.001467305,0.00197804,0.001475667,0.001467305
0.001622435,0.001471055,0.001972499,0.001480084,0.001471055
0.001620692,0.001469309,0.00197502,0.001478972,0.001472126
0.001593172,0.001469415,0.001952089,0.001476347,0.001469415
0.001596548,0.001469465,0.001965339,0.001475818,0.001469465
0.001596635,0.001470395,0.001967349,0.001474786,0.001470395
0.001599695,0.001471849,0.00196701,0.001480625,0.001472415
0.001595836,0.001469695,0.001961229,0.001476994,0.001469695
0.001592071,0.001470819,0.001945239,0.001476569,0.001471945
0.001593805,0.001471215,0.001950779,0.001477885,0.001471215
0.00159243,0.001470315,0.001948079,0.001476484,0.001470315
0.001623049,0.001510085,0.001942488,0.001520468,0.001510085
0.00159698,0.001475605,0.001942139,0.001484602,0.001475605
0.001591824,0.001472225,0.001936349,0.001479265,0.001472225
0.001592819,0.001470055,0.001947179,0.001477487,0.001470055
0.001588391,0.001469885,0.001934879,0.001475099,0.001469885
0.001585645,0.001463579,0.001927218,0.001476465,0.001467015
0.001587492,0.001472735,0.001919708,0.001479662,0.001472735
0.001588506,0.001472965,0.001925299,0.001478252,0.001472965
0.001590893,0.001471955,0.001937399,0.001477536,0.001471955
0.001591204,0.001472495,0.001937938,0.001478016,0.001472495
0.001584311,0.001471275,0.001914279,0.001476454,0.001471275
0.001589656,0.001475429,0.001925768,0.001479206,0.001480715
0.001583551,0.001470125,0.001909808,0.001476794,0.001470125
0.001578668,0.001464259,0.001892648,0.00147827,0.001471265
0.001583795,0.001473085,0.001906208,0.001479151,0.001473096
0.001583001,0.001471305,0.001906718,0.001477732,0.001471305
0.00158141,0.001472865,0.001896498,0.001478666,0.001472865
0.001580928,0.001469689,0.001902468,0.001476546,0.001470745
0.001579276,0.001460719,0.001901098,0.001476975,0.001469716
0.001583785,0.001471185,0.001905238,0.001478747,0.001471185
0.001581546,0.001470466,0.001901778,0.001477102,0.001470466
0.001577722,0.001471855,0.001884258,0.001477766,0.001471855
0.00158299,0.001469985,0.001910018,0.001476076,0.001469985
0.001580963,0.001471432,0.001900418,0.001476417,0.001471815
0.001578271,0.001470505,0.001892848,0.001475319,0.001470505
0.001580057,0.001467699,0.001893598,0.001478821,0.001475376
0.001574758,0.001470895,0.001876657,0.001476597,0.001470895
0.001572322,0.001472095,0.001864048,0.001477346,0.001472095
0.001578056,0.001469975,0.001889717,0.001476673,0.001469975
0.001575878,0.001469755,0.001882698,0.001476757,0.001470425
0.001575058,0.001471575,0.001874048,0.001477967,0.001474615
0.001578108,0.001466755,0.001894017,0.001476014,0.001466755
0.001578877,0.001472276,0.001886568,0.001480301,0.001472276
0.001574295,0.001472055,0.001871157,0.00147784,0.001472055
0.001566292,0.001464019,0.001850866,0.001475219,0.001469755
0.001574956,0.001472945,0.001870018,0.001479253,0.001472945
0.001572315,0.001472945,0.001858857,0.001479857,0.001473705
0.001572659,0.001472605,0.001863557,0.001478742,0.001478875
0.001572665,0.001468409,0.001868608,0.001476861,0.001472365
0.001569021,0.001473105,0.001848777,0.001478251,0.001473245
0.001572838,0.001470033,0.001865067,0.001478357,0.001476085
0.001571801,0.001470595,0.001864807,0.001476712,0.001470595
0.001567816,0.001472076,0.001847417,0.001476644,0.001478185
0.001570017,0.001472495,0.001852647,0.00147787,0.001472495
0.001569276,0.001472555,0.001849097,0.001478049,0.001472555
0.001569613,0.001468185,0.001855267,0.001476866,0.001468185
0.001568101,0.001471616,0.001845177,0.001478582,0.001471616
0.00156402,0.001468489,0.001830977,0.001478339,0.001472585
0.001569206,0.001472235,0.001846797,0.001479031,0.001472235
0.001561858,0.001459159,0.001832616,0.001476524,0.001472165
0.001567846,0.001476105,0.001837717,0.001479644,0.001480245
0.001563854,0.001472065,0.001831436,0.001477343,0.001472065
0.00155457,0.001472799,0.001791515,0.001477899,0.001475535
0.001562547,0.001477429,0.001799026,0.001488284,0.001480275
0.001559882,0.001470165,0.001817687,0.001476436,0.001470165
0.001559509,0.001472485,0.001809306,0.001478204,0.001472485
0.001520451,0.001464919,0.001663353,0.001476603,0.001477005
0.00152309,0.001467349,0.001667203,0.001478165,0.001476065
0.001517006,0.001465679,0.001645233,0.001478029,0.001472395
0.001521106,0.001470589,0.001662403,0.001476501,0.001470935
0.001518616,0.001460619,0.001658744,0.001476232,0.001473845
0.001521252,0.001467699,0.001662933,0.001476939,0.001477855
0.001520836,0.001467585,0.001664313,0.001475132,0.001467585
0.001506747,0.001466249,0.001602342,0.001478844,0.001473496
0.001475662,0.001472435,0.001481269,0.001474556,0.001472435
0.001479891,0.001467859,0.001485449,0.001480749,0.001480745
0.001473254,0.001467719,0.001477825,0.001473223,0.001473606
0.001474846,0.00147099,0.001478359,0.001474299,0.001474045
0.001474769,0.001469429,0.001479448,0.001474336,0.001475035
0.001473141,0.00146708,0.001476929,0.00147352,0.001472416
0.001474426,0.001468575,0.001480699,0.001473697,0.001472795
0.001473034,0.001469653,0.001478109,0.001471337,0.001470885
0.001478191,0.00147038,0.001484486,0.001478684,0.001484486
0.001477934,0.001472609,0.001484355,0.001477659,0.001477745
0.001475262,0.001467499,0.001483115,0.001474851,0.001474025
0.001451429,0.001446199,0.001458042,0.00145077,0.001450585
0.001477466,0.001473026,0.001481155,0.001477882,0.001473026
0.001476502,0.001467299,0.001482266,0.001476133,0.001481475
0.001479399,0.001473689,0.001483345,0.00148002,0.001481655
0.001479087,0.001474998,0.001483789,0.001479282,0.001480966
0.001474324,0.001471553,0.001478625,0.00147364,0.001474575
0.001475493,0.001465369,0.001483235,0.001476263,0.001475845
0.001474725,0.001459799,0.001481915,0.001475692,0.001473746
0.001478425,0.001470369,0.00148461,0.001478372,0.001476715
0.001475813,0.001468219,0.001482549,0.001476097,0.001479286
0.001473275,0.001465109,0.001481075,0.001472024,0.001481075
0.00147719,0.001472299,0.001481199,0.00147749,0.001477905
0.001477303,0.001473665,0.001482619,0.001476292,0.001474295
0.001471632,0.001465769,0.001477649,0.001470675,0.001471415
0.00147653,0.001471079,0.001481875,0.001476779,0.001476425
0.001477294,0.00147318,0.001483653,0.001476857,0.001473315
0.001476108,0.001472529,0.001480868,0.001475623,0.001475095
0.001476793,0.00147046,0.001483629,0.001476713,0.001473955
0.00147255,0.001468348,0.001478275,0.001471204,0.001473406
0.001471902,0.001460899,0.001478599,0.001472479,0.001471885
0.001476312,0.001471349,0.001481905,0.001475929,0.001474965
0.001477732,0.001471388,0.001484206,0.001479165,0.001479816
0.001477637,0.001475375,0.001480479,0.001477032,0.001476905
0.001474909,0.00146968,0.001480028,0.00147447,0.001475245
0.00147849,0.001470909,0.001483285,0.001479559,0.001479816
0.001478467,0.001473849,0.001483386,0.001477699,0.001477345
0.001478534,0.001474299,0.001484855,0.001477895,0.001479275
0.001472451,0.001463119,0.001481415,0.001473329,0.001475105
0.001475005,0.001464288,0.001480318,0.001475935,0.001475295
0.001475019,0.001470499,0.001480866,0.001473417,0.001480866
0.001474957,0.00147101,0.001481526,0.001474592,0.001474955
0.001477018,0.001472465,0.001480455,0.001477334,0.001479585
0.001444048,0.001436825,0.001451549,0.001444386,0.001436825
0.001477659,0.001474855,0.001480799,0.00147732,0.001479095
0.001474307,0.001467546,0.001479915,0.001475217,0.001467546
0.001477636,0.001470199,0.001483799,0.001477612,0.001478175
0.001474757,0.001470029,0.001478935,0.0014743,0.001474745
0.001481733,0.001477835,0.001487715,0.001481606,0.001487715
0.001476226,0.001472545,0.001482635,0.00147477,0.001478835
0.001472509,0.001464818,0.001481555,0.001471885,0.001473485
0.001472003,0.00146156,0.001478569,0.001472512,0.001472995
0.001478283,0.001474465,0.001483199,0.001477284,0.001482095
0.001475937,0.001469279,0.001480975,0.001475694,0.001475606
0.001476311,0.001472809,0.001481426,0.001476161,0.001475905
0.001479196,0.001475425,0.00148504,0.001478385,0.001478025
0.00147539,0.001471459,0.001479355,0.001475432,0.001475676
0.00147756,0.001471148,0.001481875,0.001477728,0.001475795
0.001474778,0.001466239,0.001481538,0.001475393,0.001476115
0.001478303,0.001472739,0.001484513,0.001479247,0.001475305
0.001475488,0.001467439,0.001480635,0.00147541,0.001475465
0.001477523,0.001472515,0.001482655,0.001477351,0.001472515
0.001477515,0.001473639,0.001483135,0.001476684,0.001478295
0.001475172,0.001471449,0.001482495,0.001474412,0.001475105
0.00147476,0.001465629,0.001480645,0.001474365,0.001475275
0.001444828,0.001437639,0.001452864,0.001443885,0.001444394
0.001476236,0.001470956,0.001480666,0.001475639,0.001476536
0.001475264,0.001466689,0.001480908,0.001475286,0.001479225
0.001474463,0.001466639,0.001479075,0.001473915,0.001479075
0.001474833,0.001469039,0.001479749,0.001475024,0.001475686
0.001475973,0.001468929,0.001479775,0.001476214,0.001477165
0.001474692,0.001469449,0.001480945,0.001475004,0.001477705
0.001476993,0.001470465,0.001481636,0.001477979,0.001478356
0.001477569,0.001473299,0.001482575,0.001477936,0.001481325
0.001479138,0.001476925,0.00148346,0.001478532,0.001476925
0.00147563,0.001467719,0.001481739,0.001475944,0.001473725
0.00147649,0.001471029,0.001481048,0.001476358,0.001475395
0.001478245,0.001473165,0.001482225,0.001478194,0.001476695
0.001474709,0.001469568,0.001478705,0.001474787,0.001474035
0.001477709,0.001473099,0.001484288,0.001476765,0.001476845
0.001474402,0.001471475,0.001478199,0.001473955,0.001471475
0.001475138,0.001468166,0.001479798,0.001474869,0.001473875
0.00147381,0.001470705,0.001478728,0.001472687,0.001478505
0.001475656,0.001465319,0.001484176,0.001475602,0.001477025
0.001475097,0.001466109,0.001481385,0.001475046,0.001481385
0.001476317,0.001472218,0.001481906,0.001475544,0.001475795
0.001477237,0.001472685,0.001483445,0.001476388,0.001472685
0.001476202,0.001463679,0.001481816,0.001477567,0.001477435
0.001476903,0.001467359,0.001483963,0.001477167,0.001475225
0.001476746,0.001470659,0.00148094,0.001477475,0.001475586
0.001474934,0.001472429,0.001480045,0.001474054,0.001475255
0.001473448,0.001457699,0.001482885,0.001474534,0.001474415
0.00147307,0.001467358,0.001479048,0.00147372,0.001473446
0.001477213,0.001470515,0.001483876,0.001478434,0.001479215
0.001476934,0.001468929,0.001481812,0.001477589,0.001481145
0.001473151,0.001457969,0.001481175,0.001474249,0.001474185
0.001474317,0.001466739,0.001482315,0.001474762,0.001475655
0.001473559,0.001457019,0.001480379,0.001475934,0.001476335
0.001475411,0.001468838,0.001478278,0.001477018,0.001477245
0.001472029,0.001459709,0.001478469,0.001472896,0.001468805
0.001475443,0.001466759,0.001482306,0.00147656,0.001477385
0.001477781,0.00147392,0.001483555,0.001477051,0.001483555
0.001476928,0.001473663,0.001481106,0.001476262,0.001475025
0.001474034,0.001465939,0.001479875,0.001474195,0.001473795
0.00147308,0.001461569,0.001481425,0.001472806,0.001477375
0.001476206,0.001464069,0.001481549,0.001476517,0.001477385
0.001476881,0.001473329,0.001482819,0.001475925,0.001476585
0.001476475,0.001473142,0.001481149,0.00147552,0.001475525
0.001473428,0.001461669,0.001479878,0.00147407,0.001474645
0.001479104,0.001474805,0.001484315,0.001479132,0.001479256
0.001473917,0.001466699,0.001479879,0.001473024,0.001473145
0.001475877,0.001467378,0.001481379,0.00147531,0.001473025
0.001474882,0.001467499,0.001480175,0.001475215,0.001475076
0.001478672,0.001474923,0.001485755,0.001477392,0.001485755
0.001477024,0.001469949,0.001481905,0.001476599,0.001476165
0.00147322,0.001464449,0.001480139,0.001473619,0.001472315
0.001478556,0.001464078,0.001484156,0.001481252,0.001475405
0.001476104,0.001468949,0.001481465,0.001475978,0.001475435
0.001474292,0.001463999,0.001481245,0.001474076,0.001481245
0.001475353,0.001471359,0.001482545,0.001474934,0.001475155
0.001476785,0.001472815,0.001483795,0.001475699,0.001475875
0.001475066,0.001472106,0.001479909,0.00147355,0.001473465
0.001474987,0.001468899,0.001480468,0.001474225,0.001475065
0.001474171,0.001466579,0.001479009,0.001474407,0.001474555
0.001471213,0.001467015,0.001476348,0.001471354,0.001470925
0.001474192,0.001467189,0.001478885,0.001474407,0.001473335
0.001475294,0.001471629,0.001479105,0.001475505,0.001475055
0.001477788,0.001473786,0.001482883,0.001477247,0.001473786
0.001475446,0.001461579,0.001480685,0.001476924,0.001480685
0.001473544,0.001463949,0.001482075,0.001474134,0.001475415
0.001473697,0.001465529,0.001482385,0.001473361,0.001477855
0.001474072,0.001464159,0.001479219,0.00147531,0.001474355
0.001477689,0.001469109,0.001482185,0.001478167,0.001478605
0.001474367,0.00146845,0.001479949,0.00147419,0.001474715
0.001473196,0.001463489,0.001480125,0.001473249,0.001480125
0.001475557,0.001468679,0.001482375,0.001475114,0.001482375
0.001476684,0.001470679,0.001483745,0.001476459,0.001483745
0.001476852,0.001469659,0.001481775,0.001477477,0.001477975
0.001476959,0.001465449,0.001482736,0.001477206,0.001482386
0.001475258,0.001466179,0.001481255,0.001476967,0.001472825
0.001477448,0.001471175,0.001483215,0.001477591,0.001483215
0.001476594,0.001472359,0.001480915,0.001475997,0.001475426
0.001476887,0.001473939,0.001481635,0.001476435,0.001477055
0.001474807,0.00146576,0.001480389,0.001475241,0.001473845
0.001474826,0.001457789,0.001481805,0.001476832,0.001476836
0.001473234,0.001459059,0.001482686,0.001472544,0.001476335
0.001473563,0.001465778,0.001478969,0.001473564,0.001474275
0.00147723,0.001470609,0.001481246,0.001477956,0.001480646
0.001477588,0.001467209,0.001483969,0.001478005,0.001478995
0.00147733,0.001470249,0.001482959,0.001476713,0.001474835
0.001477714,0.001475629,0.001481745,0.001476846,0.001475975
0.00147567,0.001464399,0.001481545,0.00147715,0.001474015
0.001473543,0.001464299,0.001480875,0.001474348,0.001474025
0.001473288,0.001462709,0.001478555,0.00147461,0.001469945
0.001476797,0.001473479,0.001480859,0.001475467,0.001475395
0.001474063,0.001463879,0.001481812,0.001472963,0.001476915
0.001476699,0.001469869,0.001484389,0.001477055,0.001474375
0.001474291,0.001467168,0.001479279,0.001474019,0.001471635
0.001478284,0.00146743,0.001484765,0.00147961,0.001480355
0.001473939,0.001460319,0.001482866,0.001476529,0.001478325
0.001479031,0.001475519,0.001482815,0.001479589,0.001479695
0.001476717,0.001470315,0.00148185,0.001477906,0.001479696
0.001474279,0.001459329,0.00148294,0.00147458,0.001475175
0.001475033,0.001468369,0.001480885,0.001474796,0.001472015
0.001473718,0.001458209,0.001480845,0.001474914,0.001474986
0.00147497,0.001467919,0.001481085,0.001476524,0.001476425
0.00147203,0.001458889,0.001479379,0.001472264,0.001473195
0.001477601,0.001469489,0.001482505,0.001478555,0.001481336
0.001478182,0.001468709,0.001484289,0.001479342,0.001479165
0.001474358,0.001463689,0.001482659,0.001473063,0.001472555
0.001476262,0.001472139,0.001481499,0.001476249,0.001479965
0.001475807,0.001472985,0.0014787,0.001475617,0.001475705
0.001474503,0.001468746,0.001479228,0.001474794,0.001468765
0.001473665,0.001466889,0.001481625,0.001473297,0.001474205
0.001475261,0.001468725,0.001479539,0.001475702,0.001474945
0.001475604,0.001466399,0.001481969,0.00147653,0.001474435
0.001444062,0.001438602,0.001449325,0.001444047,0.001443964
0.001478388,0.001471269,0.001485156,0.001478212,0.001485156
0.001474568,0.001463369,0.001478559,0.001475987,0.001474905
0.00147157,0.001462659,0.001478008,0.001471066,0.001466305
0.001477748,0.001472299,0.001482419,0.001478071,0.001477786
0.001475919,0.001473032,0.001480825,0.001475623,0.001480825
0.001474963,0.001471129,0.001481085,0.001473632,0.001481085
0.001474907,0.001469545,0.001481949,0.001474584,0.001475576
0.001472923,0.001469069,0.001478288,0.001472277,0.001473935
0.001476602,0.001467389,0.001482239,0.001477072,0.001476655
0.001474135,0.001465199,0.001480556,0.001475169,0.001475476
0.001475978,0.001471519,0.001481245,0.001476134,0.001476295
0.001477403,0.001469449,0.001484175,0.001476878,0.001484175
0.001474139,0.001466189,0.001478858,0.001473751,0.001477596
0.001475268,0.001470569,0.001480128,0.001475132,0.001478615
0.001476143,0.001471945,0.001482765,0.001475335,0.001471945
0.001473536,0.001466619,0.001478919,0.001475304,0.001474466
0.001473817,0.001465299,0.001479355,0.001474847,0.001479355
0.001476592,0.001470825,0.001483455,0.001476981,0.001483455
0.001476373,0.001472316,0.001482715,0.001475749,0.001477335
0.001475191,0.001469445,0.001481989,0.001475024,0.001474785
0.001477088,0.001470449,0.001481886,0.001477234,0.001481886
0.00147458,0.00146666,0.001483195,0.001473879,0.001475895
0.00147393,0.001464759,0.001482315,0.001474733,0.001473225
0.001473998,0.001457669,0.001480905,0.001475806,0.001469565
0.001475893,0.001462319,0.001482805,0.001478094,0.001479505
0.001471882,0.001459199,0.001478145,0.001473747,0.001471985
0.001476293,0.001468829,0.001480846,0.001477217,0.001477215
0.001475204,0.001469595,0.001481475,0.001474577,0.001475215
0.001475154,0.001471899,0.001481585,0.00147439,0.001474715
0.001472509,0.001460819,0.001479579,0.001473041,0.001470185
0.001477296,0.001467829,0.001482945,0.001478044,0.001477495
0.001476664,0.001471885,0.001482066,0.001476524,0.001471885
0.001474729,0.001464369,0.001480119,0.00147549,0.001474536
0.001475386,0.001469786,0.001482659,0.001474124,0.001473265
0.001473523,0.001468149,0.001479839,0.001472176,0.001473995
0.001470928,0.001458559,0.001478245,0.001470699,0.001471275
0.001472974,0.001463218,0.00147816,0.001472304,0.001471935
0.001476325,0.001473575,0.001482149,0.001475414,0.001474415
0.001472878,0.001467015,0.001478078,0.001473386,0.001476176
0.001473219,0.001468698,0.001480505,0.001472034,0.001469695
0.001472411,0.001457559,0.001479789,0.001474033,0.001474075
0.001475768,0.001471149,0.001482415,0.001475576,0.001476175
0.001472063,0.001457968,0.001479518,0.001473426,0.001470655
0.001475257,0.001472342,0.001480658,0.001473529,0.001473345
0.001474116,0.00146765,0.001483175,0.001473582,0.001473985
0.001472943,0.001466869,0.001478009,0.00147291,0.001469165
0.001472943,0.001464039,0.001478779,0.001473249,0.001470815
0.001472774,0.001464929,0.001478848,0.001472979,0.001475675
0.001475739,0.001471949,0.001481283,0.001475187,0.001472395
0.001476281,0.001470875,0.001479645,0.001476956,0.001474505
0.001473576,0.001467095,0.001479929,0.001473478,0.001474215
0.001473563,0.001461728,0.001481955,0.001473134,0.001472956
0.001474018,0.001458729,0.001482995,0.001474784,0.001474045
0.001471995,0.001463309,0.001479985,0.001471832,0.001479985
0.001471777,0.001456219,0.001482775,0.001472504,0.001474516
0.001475078,0.001463319,0.001480769,0.00147543,0.001473815
0.001473978,0.001464659,0.001478228,0.001474481,0.001473695
0.001473028,0.001466459,0.001478528,0.001473234,0.001469106
0.001478066,0.001473825,0.001484495,0.001477491,0.001484495
0.001475232,0.001466589,0.001480829,0.001475504,0.001476015
0.001475729,0.001469385,0.001483459,0.001475047,0.001474465
0.001473229,0.001460819,0.001479858,0.001474872,0.001475775
0.001473393,0.001470049,0.001477778,0.001473282,0.001471845
0.001471039,0.001456138,0.001480405,0.001471317,0.001467986
0.001476917,0.001469639,0.001482565,0.001476884,0.001474615
0.001473833,0.001464839,0.001479369,0.001474074,0.001473035
0.001473637,0.001464699,0.001478805,0.001474609,0.001478805
0.001475515,0.001470155,0.001481103,0.001474335,0.001475035
0.001472965,0.001456338,0.001482285,0.001474138,0.001469435
0.001474554,0.001467529,0.001480855,0.001473616,0.001480855
0.001473824,0.001460309,0.001479636,0.001475008,0.001478265
0.001474282,0.001462019,0.001482039,0.00147482,0.001475735
0.001473843,0.001460399,0.00148256,0.001474095,0.001478325
0.001471014,0.001458719,0.001478779,0.001472142,0.001477005
0.00147724,0.001474529,0.001481468,0.001476804,0.001478765
0.001473068,0.001459919,0.001481035,0.001473166,0.001481035
0.001473618,0.001468639,0.001481435,0.001473024,0.001473715
0.001469467,0.001457739,0.001477408,0.001472174,0.001474325
0.001476014,0.001469159,0.001482069,0.001475914,0.001476076
0.001473236,0.001461388,0.001480565,0.001474182,0.001480565
0.001476949,0.001471738,0.001481592,0.001476847,0.001475355
0.001474497,0.001468275,0.001482255,0.001474815,0.001471185
0.001474163,0.001468505,0.001480295,0.001474243,0.001480295
0.001474435,0.001461479,0.001479845,0.001475462,0.001476825
0.001476946,0.001461828,0.001483315,0.00147828,0.001478506
0.001474499,0.001465665,0.001481135,0.001475159,0.001476375
0.001477088,0.001472535,0.001481295,0.001476427,0.001476405
0.001477085,0.001473145,0.001483319,0.001476389,0.001476925
0.001474582,0.001470849,0.001479936,0.001473181,0.001472165
0.001476816,0.001466759,0.001483425,0.001477707,0.001477326
0.001474847,0.001468369,0.001483446,0.001473573,0.001473145
0.001474608,0.001462449,0.001482825,0.001474929,0.001475075
0.001472873,0.001466946,0.001478865,0.001471871,0.001472035
0.001472979,0.001463979,0.001479009,0.001474223,0.001475325
0.001478746,0.001476619,0.001484416,0.001477711,0.001477945
0.001475691,0.001465229,0.001482685,0.001475748,0.001475866
0.001473112,0.001465635,0.001478829,0.001473016,0.001465635
0.001476649,0.001466269,0.001482675,0.001477836,0.001481095
0.00144856,0.001442518,0.001456015,0.0014474,0.001446445
0.00147424,0.001457639,0.001480629,0.001477323,0.001478966
0.001477859,0.00146762,0.001485178,0.001478556,0.001479635
0.001483112,0.001477619,0.00148851,0.001482885,0.001482905
0.001475388,0.001470425,0.001480029,0.001474949,0.001470425
0.001471609,0.001458739,0.001479129,0.001471804,0.001473425
0.001474016,0.001469919,0.001478049,0.001474375,0.001472365
0.001476566,0.001469125,0.001481636,0.001476554,0.001474155
0.003910847,0.00350058,0.00485712,0.003503981,0.004464536
0.058749716,0.022646459,0.084220742,0.072832916,0.072921194
0.001478546,0.001471105,0.001489549,0.001475459,0.001471105
0.001471119,0.001458809,0.001477748,0.001471654,0.001471575
0.001477498,0.001464539,0.001486069,0.001477856,0.001474245
0.001474818,0.001466459,0.001478705,0.001475087,0.001474765
0.001461563,0.001448728,0.001467539,0.001463444,0.001464295
0.001435181,0.001430935,0.001440179,0.001434426,0.001435864
0.001475469,0.001473085,0.001480178,0.001474316,0.001478565
0.001474972,0.001463639,0.001483385,0.001474786,0.001483385
0.001477467,0.001468149,0.001484645,0.001476816,0.001482026
0.001472463,0.001468345,0.00147995,0.001471051,0.001471525
0.001470702,0.001451949,0.001478159,0.001472961,0.001469195
0.001471449,0.001455139,0.001478838,0.001473159,0.001471725
0.001473693,0.001470425,0.001477148,0.001473105,0.001470425
0.001456949,0.001449548,0.001465809,0.001455705,0.001451485
0.001475165,0.001468819,0.001480049,0.001474398,0.001478315
0.00147338,0.001463438,0.001482729,0.001473064,0.001475985
0.001433453,0.001427562,0.001436528,0.001435206,0.001435224
0.001470897,0.001463776,0.001478546,0.001470376,0.001465625
0.00147559,0.001471588,0.001480832,0.001474005,0.001474915
0.001472365,0.00146378,0.001481755,0.001471223,0.001469885
0.001474445,0.001469299,0.001478765,0.001475305,0.001472625
0.001475473,0.001470405,0.001482055,0.001474679,0.001470405
0.001477292,0.001473269,0.001481049,0.001476108,0.001476805
0.001475098,0.001465019,0.0014799,0.001476231,0.001477915
0.001438993,0.001431062,0.001444568,0.001439542,0.001439574
0.001474947,0.001472102,0.001481506,0.001473353,0.001474855
0.001474108,0.001467505,0.001482145,0.001472501,0.001467505
0.001474225,0.001467536,0.001482585,0.001473734,0.001473425
0.001474459,0.001469759,0.001481585,0.001473966,0.001470845
0.001477219,0.001468389,0.0014813,0.001477639,0.001476955
0.001475921,0.001471525,0.00148292,0.001475086,0.001471525
0.001475433,0.001468129,0.001479879,0.001476094,0.001472945
0.001473163,0.001460469,0.001480555,0.001473341,0.001469865
0.001478074,0.001472159,0.001485522,0.001477612,0.001478235
0.001476639,0.001473559,0.001482845,0.001475742,0.001474815
0.001470529,0.001453189,0.001476759,0.001471529,0.001471595
0.001476184,0.001457769,0.001483285,0.001477134,0.001481845
0.001476193,0.001469779,0.001483439,0.001475924,0.001480026
0.001472944,0.001462639,0.001479299,0.001472599,0.001471815
0.00147383,0.001469019,0.001481565,0.001472313,0.001471625
0.001474217,0.001471819,0.001477739,0.00147387,0.001473635
0.001475639,0.001463639,0.001482395,0.001475619,0.001473995
0.001476518,0.001468289,0.001484309,0.00147543,0.001472295
0.001472297,0.001468502,0.001476479,0.001472049,0.001471365
0.001474012,0.001469838,0.001478599,0.001473836,0.001474685
0.001474223,0.001465129,0.001479955,0.001474054,0.001474415
0.00147617,0.001472669,0.001480325,0.001476192,0.001475515
0.001474427,0.001470085,0.001477988,0.001474969,0.001474985
0.001472413,0.001467669,0.001477549,0.001471994,0.001472115
0.001475883,0.00146608,0.001481149,0.001476007,0.001480405
0.001476088,0.001468215,0.001483145,0.001475862,0.001476075
0.00147275,0.001466646,0.001481445,0.001471371,0.001468655
0.001472414,0.001460429,0.001480985,0.001472291,0.001473115
0.001472965,0.001465359,0.001481235,0.001472202,0.001473435
0.001471677,0.001461599,0.001478779,0.001472806,0.001476585
0.001475008,0.00146647,0.001482672,0.001475977,0.001475895
0.001477775,0.001473179,0.001484175,0.001476087,0.001475345
0.001473413,0.001468749,0.001479795,0.001473144,0.001474185
0.001473292,0.001469199,0.001477859,0.001472157,0.001477435
0.001473083,0.001463769,0.001478849,0.001473608,0.001476655
0.001472859,0.00146226,0.001478956,0.001473024,0.001472915
0.00147733,0.001471909,0.001482665,0.001476774,0.001476645
0.001474529,0.001466469,0.001483435,0.001474277,0.001474425
0.001473168,0.001466055,0.001482035,0.001471874,0.001471615
0.001472547,0.001458629,0.001478359,0.001473484,0.001476655
0.001469003,0.001460209,0.001476718,0.001468038,0.001466335
0.001474803,0.001468209,0.001479819,0.001474317,0.001472265
0.001477239,0.001471219,0.001483059,0.001477649,0.001477385
0.00147511,0.001464955,0.001480439,0.001475459,0.001474796
0.001476234,0.001472335,0.001480799,0.001476535,0.001472335
0.001471168,0.001466489,0.001477815,0.001470102,0.001470145
0.001472054,0.001459029,0.001479885,0.001471765,0.001470166
0.001471134,0.001462985,0.001478799,0.001471041,0.001462985
0.001473927,0.001468165,0.001482146,0.001472929,0.001472585
0.001471952,0.00146372,0.001479585,0.001471332,0.001471316
0.001471833,0.001465955,0.001479975,0.001470313,0.001471105
0.001475194,0.001468725,0.001481765,0.001474639,0.001481765
0.001473537,0.001469779,0.001478345,0.001472074,0.001473035
0.001470757,0.001453558,0.001478679,0.001472441,0.001476935
0.001473994,0.001465309,0.001482546,0.001473976,0.001477225
0.001474871,0.00146752,0.001479629,0.001474721,0.001478716
0.001475963,0.001462129,0.001483005,0.001476525,0.001477355
0.001474109,0.001464099,0.001481605,0.001474522,0.001475615
0.001472027,0.001462718,0.00147933,0.001472294,0.001472255
0.001470728,0.001458359,0.001478475,0.001470988,0.001469215
0.001473362,0.001467899,0.001482096,0.001472682,0.001472235
0.001475733,0.001470539,0.001481165,0.001474794,0.001474875
0.001476137,0.001470749,0.001481865,0.001476256,0.001481865
0.001473693,0.001469245,0.001478019,0.001472028,0.001476985
0.001474938,0.001459825,0.001482368,0.001476731,0.001474216
0.001463585,0.001460809,0.001470515,0.00146213,0.001461135
0.001471976,0.001467909,0.001475969,0.00147195,0.001469765
0.001475344,0.001464949,0.001482955,0.001476455,0.001476905
0.001472849,0.001458438,0.001479255,0.001472404,0.001472216
0.001477119,0.001474795,0.001483805,0.001476078,0.001483805
0.001473242,0.001468268,0.001481755,0.001472356,0.001473575
0.00147261,0.001466445,0.001479585,0.00147195,0.001479585
0.001471774,0.001465599,0.001480986,0.001470916,0.001473455
0.001471977,0.001465849,0.001477078,0.001471819,0.001469665
0.001470549,0.001461519,0.001476949,0.001469451,0.001467375
0.001474769,0.001470108,0.001478045,0.001475194,0.001478045
0.001473399,0.001464039,0.001480089,0.001473925,0.001470985
0.001471836,0.001466705,0.001476698,0.001471145,0.001474836
0.00147412,0.001469135,0.001479419,0.001474019,0.001474425
0.001471577,0.001459799,0.001478659,0.001470954,0.001477055
0.001476474,0.001470368,0.001481813,0.001476485,0.001476405
0.001475669,0.001468399,0.001481695,0.001475949,0.001473095
0.001474744,0.001463079,0.001481935,0.001475296,0.001481935
0.001476381,0.001470299,0.001481529,0.001476205,0.001477106
0.001472031,0.001468546,0.001477639,0.001471132,0.001470245
0.001474199,0.001469859,0.001480275,0.001472811,0.001480275
0.001474546,0.001461769,0.001479409,0.001475766,0.001476196
0.001469826,0.001457389,0.001476515,0.001469842,0.001466245
0.001470753,0.001455389,0.001476499,0.001472505,0.001471535
0.001476462,0.001471685,0.001481736,0.001476624,0.001481736
0.00147489,0.001471035,0.001479769,0.00147406,0.001474785
0.001480399,0.001468815,0.001486859,0.001480865,0.001468815
0.001472397,0.001464405,0.001482575,0.001471452,0.001471765
0.001472033,0.001459899,0.001478875,0.001471792,0.001472535
0.001472649,0.001466505,0.001478639,0.001472256,0.001469225
0.001473191,0.001466619,0.001478385,0.001472432,0.001472035
0.001475862,0.001473009,0.001480966,0.001475619,0.001475295
0.001472452,0.001462672,0.001478318,0.001471752,0.001472265
0.001476812,0.001460789,0.001483225,0.001477584,0.001476285
0.001477159,0.001469649,0.001483215,0.001477576,0.001481865
0.001473923,0.001465645,0.001480509,0.001472791,0.001477975
0.001473575,0.001465875,0.001478579,0.001473727,0.001476766
0.001473789,0.001468195,0.001480695,0.001473576,0.001474055
0.001474148,0.001462849,0.001480235,0.001474449,0.001474785
0.001475914,0.001458949,0.001482136,0.001478105,0.001476226
0.001476158,0.001471585,0.001482779,0.001474623,0.001474055
0.001470199,0.001461159,0.001478958,0.001469094,0.001467405
0.001472142,0.001457849,0.001478958,0.001473089,0.001473046
0.001472686,0.001458859,0.001479229,0.001473209,0.001471765
0.001472928,0.001457669,0.001479889,0.001474495,0.001473735
0.001471513,0.001466852,0.001475909,0.001471678,0.001474506
0.001472699,0.001462715,0.001479145,0.00147354,0.001462715
0.001477617,0.001472009,0.001483925,0.001477693,0.001483925
0.001473184,0.001463659,0.001479305,0.001475397,0.001465095
0.001475088,0.001470825,0.001480485,0.001475245,0.001470825
0.001473077,0.001466719,0.001481495,0.001471186,0.001470085
0.001470981,0.001464309,0.001478135,0.001471054,0.001471935
0.001473259,0.001467799,0.001481865,0.001472911,0.001473625
0.001477169,0.001467955,0.001483605,0.001476544,0.001476105
0.001469339,0.001459469,0.001477549,0.001469227,0.001467495
0.001470923,0.001461028,0.001476935,0.001471599,0.001476935
0.00147185,0.001458239,0.001480465,0.001472679,0.001473045
0.001476252,0.001468449,0.001482795,0.001475709,0.001476285
0.001473943,0.001465219,0.001477825,0.001474908,0.001475885
0.001451683,0.001443228,0.001459845,0.001451288,0.001450595
0.001474013,0.001464979,0.001480085,0.00147501,0.001474585
0.001473127,0.001457089,0.001480472,0.001473947,0.001477845
0.001475956,0.001468035,0.001482256,0.001475691,0.001482256
0.001473254,0.001465909,0.001479885,0.001474371,0.001465925
0.001474917,0.001463049,0.001480745,0.00147592,0.001476315
0.001473769,0.001465949,0.001478459,0.00147508,0.001475595
0.001474429,0.001470015,0.001479978,0.001473162,0.001473285
0.001474225,0.001461259,0.001481465,0.001475776,0.001476985
0.001476773,0.001468896,0.001483346,0.001477201,0.001468896
0.001473888,0.001463029,0.001480055,0.001475011,0.001480045
0.001471855,0.001460289,0.001478059,0.001472089,0.001471625
0.001474139,0.001467869,0.001479465,0.001472882,0.001472705
0.001476213,0.001468155,0.001482945,0.001476592,0.001468155
0.001472161,0.001457925,0.001480063,0.001473182,0.001473035
0.001476904,0.001464209,0.001485466,0.001476891,0.001475935
0.001473377,0.001466269,0.001477729,0.001474351,0.001472015
0.001473103,0.00146508,0.001480365,0.001472836,0.001471165
0.001470048,0.001459949,0.001478118,0.001468757,0.001469165
0.001479479,0.001472939,0.001484455,0.001479811,0.001484155
0.001472916,0.001463099,0.001481116,0.001472523,0.001472145
0.001474509,0.001467875,0.001481332,0.00147344,0.001477275
0.001473757,0.001463695,0.001484015,0.001473891,0.001474895
0.001472348,0.00146694,0.001478645,0.001472034,0.001472025
0.00147349,0.001459289,0.001481905,0.001474152,0.001474195
0.001476337,0.001465479,0.001484645,0.00147685,0.001475925
0.001473033,0.001465719,0.001481366,0.001471889,0.001472485
0.001471418,0.001457715,0.001480359,0.001471489,0.001457715
0.001475918,0.001465819,0.001483935,0.00147689,0.001475465
0.001474083,0.001464379,0.001479778,0.001473364,0.001478096
0.001474267,0.001470699,0.001480309,0.001472979,0.001473325
0.001472608,0.001464819,0.001478889,0.001472354,0.001470395
0.001473059,0.00146901,0.001480496,0.001472381,0.001469205
0.001470431,0.001445138,0.001479979,0.00147302,0.001473295
0.001475234,0.001465195,0.001481425,0.001476302,0.001476085
0.001474703,0.001466378,0.001481366,0.00147555,0.001469365
0.001475827,0.001470308,0.001483505,0.001474857,0.001475465
0.001471882,0.001465739,0.001480685,0.001470715,0.001470825
0.001472383,0.001460359,0.001478449,0.00147448,0.001473785
0.00147408,0.001464445,0.001480055,0.001475177,0.001464445
0.001475307,0.001459468,0.001483723,0.001474995,0.001481745
0.001474417,0.001469245,0.00148072,0.001474259,0.001473956
0.001474179,0.001461695,0.001481629,0.001474166,0.001479695
0.001474439,0.001463583,0.001479668,0.001475448,0.001474545
0.001473946,0.001465919,0.001478878,0.001475473,0.001474486
0.001470463,0.001459289,0.001478108,0.001470427,0.001471845
0.001474327,0.001461835,0.001483396,0.001476187,0.001476755
0.001476068,0.00146675,0.001481505,0.001476443,0.001476356
0.001473982,0.001463999,0.001479569,0.001475828,0.001475345
0.00147547,0.001469208,0.001480905,0.001475732,0.001480905
0.001474237,0.00146867,0.001480279,0.001474334,0.001474856
0.001471583,0.001464729,0.001478339,0.00147123,0.001471205
0.001472753,0.001467909,0.001480275,0.001471561,0.001470515
0.001469449,0.001458085,0.001477288,0.001470914,0.001470735
0.001476133,0.001471335,0.001481908,0.001476362,0.001475305
0.001476591,0.001469265,0.001482672,0.001477734,0.001469265
0.001471793,0.001463855,0.001481785,0.001471349,0.001470735
0.001471703,0.001462835,0.001478759,0.001471527,0.001462835
0.001473869,0.001466015,0.00148117,0.001473232,0.001466015
0.001473194,0.001466199,0.001479085,0.001472436,0.001469425
0.001473328,0.001464689,0.001480159,0.001473184,0.001473045
0.001472577,0.001467155,0.001477745,0.001472226,0.001467155
0.001472681,0.001463839,0.001482205,0.001470712,0.001471505
0.00147019,0.001453878,0.001481515,0.001470833,0.001471335
0.001471537,0.001463479,0.001482025,0.001471062,0.001468085
0.001472394,0.001467289,0.001478823,0.001470467,0.001471755
0.001473888,0.001458369,0.001480835,0.001475393,0.001475326
0.001474438,0.001470239,0.001483255,0.001472632,0.001473335
0.001478529,0.001471625,0.001483289,0.001479061,0.001471625
0.001473937,0.001463625,0.001480855,0.001473641,0.001480855
0.001473245,0.001463599,0.001477765,0.001473577,0.001472045
0.001473248,0.001467089,0.001480229,0.00147132,0.001468565
0.001471554,0.001459549,0.001480445,0.001471561,0.001472546
0.001473198,0.001467366,0.001480315,0.001473349,0.001480315
0.001471948,0.001460979,0.001478045,0.001474149,0.001472475
0.00147627,0.001470239,0.001481526,0.001476851,0.001471716
0.001473029,0.001467999,0.001480555,0.001471977,0.001471825
0.001472202,0.001466862,0.001481295,0.001468707,0.001478045
0.001471322,0.001459039,0.001477209,0.00147239,0.001471236
0.001474452,0.001465729,0.001480035,0.001475795,0.001475035
0.001475081,0.001466275,0.001480299,0.001475247,0.001478005
0.001476552,0.001465169,0.00148281,0.001477627,0.001475426
0.001474105,0.001465625,0.001481155,0.001473806,0.001465625
0.001472764,0.001466849,0.001479312,0.001471957,0.001472125
0.001474466,0.001463905,0.001480099,0.001475291,0.001477286
0.001472819,0.001469213,0.001479209,0.001471517,0.001470155
0.001472523,0.001467235,0.001479412,0.001471742,0.001467235
0.00147488,0.001466052,0.001481185,0.001475713,0.001476186
0.001473343,0.001465595,0.001479499,0.001473711,0.001472025
0.001474967,0.001470165,0.00148114,0.00147442,0.001472345
0.001467711,0.001456319,0.001475958,0.001469135,0.001460275
0.001471747,0.001464265,0.001480785,0.001471407,0.001464265
0.001472364,0.001463278,0.001480516,0.00147092,0.001475785
0.001473783,0.001468842,0.001479575,0.001472877,0.001472865
0.001479315,0.001473339,0.00148531,0.001478884,0.001478836
0.001479903,0.001470789,0.001487143,0.001480985,0.001475505
0.001477104,0.001473279,0.001482669,0.00147704,0.001474395
0.001473379,0.001465049,0.001478816,0.001474002,0.001468445
0.001475579,0.001468439,0.001481115,0.001476608,0.001470305
0.001474133,0.001465928,0.001482365,0.001473294,0.001472545
0.00147257,0.001458049,0.001480378,0.001473874,0.001479315
0.001475974,0.001462869,0.00148302,0.001476821,0.001474835
0.001472788,0.001467419,0.001477879,0.001471719,0.001476596
0.001474483,0.0014703,0.001482016,0.001471915,0.001477685
0.001471274,0.001463265,0.001480035,0.001470831,0.001467395
0.00147199,0.001460409,0.001479225,0.001471166,0.001468135
0.001473598,0.001462629,0.001480745,0.001474033,0.001471105
0.00147309,0.001464659,0.001480219,0.001473716,0.001472845
0.001476253,0.001470615,0.00148175,0.001476676,0.001470615
0.001471765,0.001456284,0.001480119,0.001472606,0.001456284
0.001471076,0.001458858,0.001482525,0.001470441,0.001472915
0.001470999,0.001447849,0.001478249,0.00147423,0.001476095
0.00147423,0.001459999,0.001479959,0.001474459,0.001473925
0.001471276,0.001455609,0.001479915,0.00147185,0.001479915
0.001475162,0.001467279,0.001480725,0.001474504,0.001475425
0.001474132,0.001465219,0.00148108,0.00147522,0.001475085
0.00147408,0.001470335,0.001479625,0.001471394,0.001470335
0.001472379,0.001465439,0.001480265,0.001470601,0.001469635
0.001472814,0.001466445,0.001479083,0.001472842,0.001475836
0.00147556,0.001466229,0.001482665,0.001475069,0.001474565
0.001474927,0.001468939,0.001478008,0.001475251,0.001475475
0.001472395,0.001462078,0.001478799,0.001471579,0.001471556
0.001477442,0.001464869,0.001482959,0.001477509,0.001482705
0.001475574,0.001469125,0.001481375,0.001475166,0.001481375
0.001472932,0.001462019,0.001478833,0.001474532,0.001472795
0.001472972,0.001461569,0.001482545,0.001473846,0.001464285
0.001471737,0.001453579,0.001479626,0.001474412,0.001475035
0.001474821,0.001469269,0.001481316,0.001474651,0.001474615
0.001469862,0.001453614,0.001477449,0.001471475,0.001464185
0.001472238,0.001464795,0.001477565,0.001473794,0.001464795
0.001472252,0.001463249,0.001481045,0.001471529,0.001471756
0.001472645,0.001467665,0.001478249,0.001472407,0.001468575
0.001471713,0.001458859,0.001478088,0.001473246,0.001470805
0.001473147,0.001462733,0.001479316,0.001473499,0.001472595
0.00147479,0.001463269,0.001481495,0.001476196,0.001469385
0.001474757,0.001464165,0.001482029,0.001474881,0.001476015
0.001473242,0.001469246,0.001478249,0.001472337,0.001469246
0.001474694,0.001469825,0.001480585,0.001473886,0.001476405
0.001472654,0.001468719,0.001480755,0.001471562,0.001471855
0.001470617,0.001465039,0.001478915,0.001469005,0.001469365
0.001470092,0.001458419,0.001479946,0.001469738,0.001470175
0.001472275,0.001455138,0.001478679,0.001474089,0.001473415
0.001472936,0.001463868,0.001479305,0.001472641,0.001475815
0.001474207,0.001466235,0.001483125,0.001472552,0.001466235
0.00146888,0.00145971,0.001478245,0.001467147,0.001467465
0.001473542,0.001452789,0.001481445,0.001475147,0.001475845
0.001475804,0.001466959,0.001483945,0.001476467,0.001476916
0.001454056,0.001445004,0.001461045,0.001454942,0.001454105
0.001478982,0.001475923,0.001483419,0.001478457,0.001477585
0.001472751,0.001466675,0.001479795,0.001471788,0.001471435
0.001474434,0.001469849,0.00147958,0.00147349,0.001470255
0.00147076,0.001455819,0.001478008,0.001472081,0.001467915
0.00147029,0.001463432,0.001476399,0.001469597,0.001470215
0.001475344,0.001467525,0.001482065,0.00147617,0.001477276
0.001474703,0.001461409,0.001482325,0.001474279,0.001474615
0.001475122,0.001471819,0.001481015,0.001473304,0.001481015
0.001475141,0.001469275,0.001479939,0.001474464,0.001475995
0.001435006,0.001428154,0.001440548,0.00143564,0.001428154
0.001475614,0.001471405,0.001478779,0.001475667,0.001474835
0.00147345,0.001459268,0.001479069,0.001474697,0.001474415
0.001473608,0.001467605,0.001479639,0.00147218,0.001467605
0.001473412,0.001456005,0.001481195,0.001473966,0.001480805
0.001476433,0.001470955,0.001482635,0.001475396,0.001470955
0.001474519,0.001470369,0.001478769,0.001474842,0.001475135
0.001472318,0.001456229,0.001479335,0.001473886,0.001475105
0.001472173,0.001466195,0.001478469,0.001471325,0.001471985
0.001470738,0.001460709,0.001477268,0.001471564,0.001472255
0.001474022,0.001469538,0.001481916,0.001471744,0.001471996
0.00147382,0.001469358,0.001479775,0.001472584,0.001479775
0.001471318,0.001448149,0.001479525,0.001473227,0.001475915
0.001477698,0.001468355,0.00148334,0.001478253,0.001478096
0.00147315,0.001466029,0.001478575,0.001473114,0.001469785
0.001471217,0.001461265,0.00147835,0.001470527,0.001471795
0.001472336,0.001457219,0.001479059,0.001473312,0.001472616
0.001471913,0.001461854,0.001478259,0.001472038,0.001471945
0.001472448,0.001446508,0.001480596,0.001476777,0.001476515
0.001474756,0.001460619,0.001482115,0.001476902,0.001476916
0.001474858,0.001468685,0.001482685,0.001474425,0.001468685
0.001473436,0.001463929,0.001481305,0.001473102,0.001472115
0.001470211,0.001457499,0.001478786,0.001469509,0.001478786
0.00147135,0.001461254,0.001479516,0.001473249,0.001472725
0.001473522,0.001454415,0.001481825,0.001476136,0.001467155
0.0014764,0.001463575,0.001482979,0.001477257,0.001477066
0.001472223,0.001456895,0.0014786,0.001473285,0.001475985
0.001473695,0.001467288,0.001478999,0.001473086,0.001472985
0.001474718,0.001464545,0.001482553,0.001474406,0.001464545
0.001472838,0.001461925,0.001481535,0.001472556,0.001461925
0.001473803,0.001471389,0.001477989,0.00147292,0.001472705
0.001472004,0.001453779,0.001480406,0.001474291,0.001475256
0.001469855,0.001465465,0.001475245,0.001469915,0.001475245
0.001477162,0.001473375,0.00148188,0.001476124,0.001475515
0.001473626,0.001469349,0.001478709,0.00147332,0.001474116
0.00147494,0.001471119,0.001480819,0.00147371,0.001474595
0.001469738,0.001456065,0.001477549,0.001471796,0.001456065
0.001475852,0.001469015,0.001482946,0.001475644,0.001482946
0.001472055,0.001459355,0.00147858,0.001473878,0.001475465
0.001471988,0.001464065,0.001478379,0.001472366,0.001472875
0.001474939,0.001470745,0.001481619,0.001473617,0.001476205
0.001473161,0.001465615,0.001481119,0.001472254,0.001465615
0.001474559,0.001469679,0.001482855,0.001472914,0.001473525
0.001472606,0.001465365,0.001478109,0.001472646,0.001465365
0.001471922,0.001447629,0.001480655,0.001475029,0.001480655
0.00147337,0.001461459,0.001480966,0.001474759,0.001476165
0.001473667,0.001460425,0.001482269,0.001475511,0.001466565
0.001472228,0.001461529,0.001479398,0.001472517,0.001471885
0.001474227,0.001469939,0.001481235,0.001472549,0.001481235
0.001473053,0.001464409,0.001481175,0.001472539,0.001473035
0.001471727,0.001463179,0.001479295,0.001471959,0.001472455
0.001472159,0.001462759,0.001480488,0.001471957,0.001471385
0.001472794,0.001465345,0.001478108,0.001472058,0.001472015
0.001473478,0.001464885,0.001479719,0.001473796,0.001468485
0.001476519,0.001473776,0.001480725,0.001475901,0.001474405
0.001473013,0.001465875,0.001478589,0.001473137,0.001465875
0.001474129,0.00146703,0.001477545,0.001474553,0.001473826
0.001470853,0.001454595,0.001479169,0.001470529,0.001468305
0.001475561,0.001468279,0.00148211,0.00147556,0.001478105
0.001471778,0.001451509,0.001479389,0.001473814,0.001477615
0.001476214,0.00147033,0.001483305,0.001475856,0.001480335
0.001470058,0.001462949,0.001480995,0.001468852,0.001470535
0.001469388,0.001446639,0.001477829,0.001471514,0.001470576
0.001476611,0.001454939,0.001483189,0.00147952,0.001481405
0.001471609,0.001454658,0.001478896,0.001472144,0.001473105
0.001470496,0.001453259,0.001479345,0.001471694,0.001471756
0.001472174,0.001467293,0.001478265,0.001470728,0.001469915
0.001471742,0.001455169,0.001480165,0.001473528,0.001480165
0.001472794,0.001468862,0.001481005,0.001470692,0.001468935
0.001473722,0.001470045,0.001478418,0.001473184,0.001470045
0.001472039,0.001459669,0.001478188,0.001473021,0.001467955
0.001477096,0.001471599,0.0014809,0.001476912,0.001476075
0.001471797,0.001450388,0.001478589,0.001473286,0.001473125
0.001477149,0.001469699,0.001484455,0.001477016,0.001484455
0.001474583,0.00147048,0.001482105,0.001472637,0.001472925
0.001475438,0.001471539,0.001478978,0.00147588,0.001475435
0.001470222,0.001463409,0.001477959,0.001469682,0.001465285
0.001471759,0.001463979,0.001480996,0.001471144,0.001471905
0.001474101,0.001469139,0.001479958,0.001473139,0.001473475
0.001475519,0.001468309,0.001480105,0.001476035,0.001477615
0.001474606,0.001465179,0.001480245,0.001476443,0.001476905
0.001472282,0.001465329,0.001480675,0.001471434,0.001472095
0.001472983,0.001468289,0.001478469,0.001472894,0.001472625
0.001475451,0.001460869,0.001482866,0.001477374,0.001471165
0.001474031,0.001461429,0.001480445,0.001475384,0.001475615
0.001474693,0.001458859,0.00148115,0.001476316,0.001475555
0.001471969,0.001469143,0.001476909,0.001470924,0.001475275
0.001474458,0.001469519,0.001480915,0.001473955,0.001480915
0.001474125,0.001455495,0.001479318,0.001476336,0.001455495
0.001470705,0.001466613,0.001477538,0.001469309,0.001467185
0.001470314,0.001451639,0.001477485,0.001472017,0.001472346
0.00147764,0.001472275,0.00148251,0.001477304,0.001476125
0.001473858,0.001470053,0.001477499,0.001473972,0.001473045
0.001477051,0.001456319,0.001484775,0.001479196,0.001481126
0.001474983,0.001459739,0.001482436,0.001475763,0.001477275
0.001474734,0.001464985,0.001481179,0.001474948,0.001477165
0.001473803,0.001468789,0.001479809,0.001472075,0.001468945
0.001470554,0.001459552,0.001477509,0.001471069,0.001465175
0.001475469,0.001471525,0.001480829,0.001475318,0.001472945
0.001470886,0.001450765,0.001478875,0.001472751,0.001469635
0.001476172,0.001466909,0.001481666,0.001476946,0.001474375
0.001475579,0.001467059,0.001482245,0.001475739,0.001475845
0.001471541,0.001451189,0.001479479,0.0014736,0.001472455
0.001473103,0.001465449,0.001479408,0.001472782,0.001471965
0.001472829,0.001452909,0.001479928,0.001474625,0.001475535
0.001472259,0.001456809,0.001480955,0.001474272,0.001480955
0.001473093,0.001466699,0.001477699,0.001473136,0.001474465
0.001474654,0.001468575,0.001479889,0.001473405,0.001478155
0.001474474,0.001470319,0.001482815,0.001473314,0.001473465
0.001455434,0.001447762,0.001462048,0.00145535,0.001454065
0.001476379,0.001470255,0.001480275,0.001476738,0.001480275
0.001473137,0.001469228,0.001476638,0.001473017,0.001472905
0.001471902,0.001467772,0.001477828,0.001470559,0.001467935
0.001473294,0.001469359,0.00147752,0.001471974,0.001471535
0.001473267,0.001469455,0.00147926,0.001472261,0.001470175
0.00147197,0.001464365,0.001478208,0.001471747,0.001464365
0.001472345,0.001468158,0.001476918,0.001471834,0.001475205
0.001472899,0.001468769,0.001478246,0.001471519,0.001471895
0.001474936,0.001471369,0.0014799,0.001474154,0.001474195
0.001473484,0.001466935,0.001477319,0.001473806,0.001475615
0.001477663,0.001473529,0.001482975,0.001478107,0.001482975
0.001472348,0.001456035,0.001480086,0.001472711,0.001456035
0.001473471,0.001462469,0.001482085,0.001472959,0.001474685
0.001472873,0.001459899,0.001479059,0.001473214,0.001472735
0.001474953,0.001468589,0.001480645,0.001474486,0.001473185
0.001474495,0.001468575,0.001479298,0.001473937,0.001468575
0.001474774,0.001470685,0.001478535,0.001474829,0.001473515
0.00147587,0.001469533,0.001483135,0.001475316,0.001475605
0.001470992,0.001451009,0.001479259,0.00147294,0.001468565
0.001473513,0.001469009,0.00148027,0.001473005,0.001472735
0.001468347,0.001448879,0.001477398,0.001470117,0.001467145
0.001475434,0.001471185,0.001482105,0.001474708,0.001475065
0.001471802,0.001451244,0.001477829,0.001475199,0.001476725
0.001474767,0.001471215,0.001480143,0.001474009,0.001471215
0.001472307,0.001466675,0.001481205,0.001471282,0.001471745
0.001473159,0.001464249,0.001479625,0.001472519,0.001472435
0.001476837,0.001469359,0.001482995,0.001476672,0.001476905
0.001475368,0.001467695,0.001483886,0.001475049,0.001467695
0.001472167,0.001462318,0.001480985,0.001471797,0.001472325
0.001472263,0.001468538,0.001480915,0.001470584,0.001468595
0.00147292,0.001467875,0.001479858,0.001471591,0.001473515
0.001472039,0.001465545,0.001478089,0.001471103,0.001476415
0.001474718,0.001469109,0.001482406,0.001473551,0.001482406
0.001472088,0.001468365,0.001477299,0.001470789,0.001468365
0.001473684,0.001470652,0.001478158,0.001472628,0.001476595
0.001475025,0.001470555,0.001482455,0.001473556,0.001482455
0.001472472,0.001468119,0.001477685,0.001470419,0.001470305
0.001480892,0.001476209,0.001485405,0.001481256,0.001477235
0.001475443,0.001468229,0.001480775,0.001475327,0.001475475
0.001474054,0.001469083,0.001480405,0.001472942,0.001480405
0.001469892,0.001452274,0.001477046,0.001471478,0.001473265
0.001475014,0.001457945,0.001483669,0.00147784,0.001479615
0.001475326,0.001464029,0.001480846,0.001476294,0.001477545
0.001474884,0.001454305,0.00148332,0.001476717,0.001454305
0.001472953,0.001466725,0.001480435,0.001472134,0.001466725
0.001473127,0.001461798,0.001482126,0.001473949,0.001470945
0.001473817,0.001470055,0.001478619,0.001472854,0.001470055
0.001472956,0.001465189,0.001480679,0.001472164,0.001472485
0.001472125,0.001452059,0.001478288,0.001474634,0.001476715
0.001474813,0.001468219,0.001480455,0.001473987,0.001473405
0.001471882,0.001462579,0.001478745,0.001470089,0.001469115
0.001475196,0.001470572,0.001480786,0.00147483,0.001471735
0.00147372,0.001467269,0.001482315,0.001472782,0.001473315
0.001472858,0.001468442,0.001482185,0.001469498,0.001469535
0.001471838,0.001449569,0.001478738,0.001474945,0.001472695
0.001474719,0.001470919,0.001478929,0.001474427,0.001473385
0.001470205,0.001447239,0.001477429,0.001472994,0.001473085
0.001470219,0.001463915,0.001475688,0.001469622,0.001463915
0.001474769,0.001467919,0.001480528,0.001474665,0.001474015
0.001473763,0.001467489,0.001480539,0.001473191,0.001468865
0.001473339,0.001469469,0.001480486,0.001472231,0.001480486
0.001474061,0.001469739,0.001481755,0.001473079,0.001473805
0.001472608,0.001466223,0.001479855,0.001470282,0.001471075
0.0014789,0.001472702,0.001485876,0.001477964,0.001485876
0.001476808,0.001468615,0.001482646,0.001477702,0.001476535
0.001476842,0.001470709,0.001484715,0.001476074,0.001476945
0.001470976,0.001461005,0.001477609,0.001470697,0.001470795
0.001473968,0.001452239,0.001481822,0.001476847,0.001476445
0.001471119,0.001451355,0.00148001,0.001473396,0.001451355
0.001473985,0.001456069,0.001482478,0.001477647,0.001477445
0.001475549,0.001470045,0.001480715,0.001474786,0.001470045
0.001473288,0.001450035,0.001481296,0.001475201,0.001473665
0.001472234,0.001463869,0.001480245,0.001472471,0.001474125
0.001470814,0.00146116,0.001481405,0.001471324,0.001472205
0.001472237,0.001469259,0.001479365,0.001470594,0.001470185
0.001472912,0.001466069,0.001479026,0.001472132,0.001472376
0.001474027,0.00146665,0.001481525,0.001471472,0.001481525
0.001474877,0.001469359,0.001482615,0.001473809,0.001474415
0.001473659,0.001470349,0.001479643,0.001472577,0.001473416
0.00147212,0.001467099,0.001479795,0.001469896,0.001476115
0.001470245,0.001453159,0.001476139,0.001472793,0.001473605
0.001472409,0.001466549,0.001478826,0.001472379,0.001467645
0.001473004,0.001467699,0.001480435,0.001472978,0.001473505
0.001472303,0.001466679,0.001480375,0.001471339,0.001472175
0.001473647,0.001466018,0.001479445,0.001474453,0.001472675
0.001474982,0.001466695,0.001480855,0.001475351,0.001475315
0.001473298,0.001467719,0.001480505,0.001473308,0.001473245
0.001474179,0.001468429,0.001479915,0.001473904,0.001469515
0.001436237,0.001427284,0.001442964,0.001436103,0.001427284
0.001470029,0.001451645,0.001478239,0.0014717,0.001472665
0.001473841,0.001469265,0.001479805,0.001472497,0.001479805
0.001476054,0.001471695,0.001480475,0.001475947,0.001475745
0.001474915,0.001469465,0.001480675,0.001474611,0.001472245
0.001472914,0.00146701,0.001479766,0.00147293,0.001479766
0.001473874,0.001467219,0.001479635,0.001473209,0.001474285
0.001474632,0.001470469,0.001479586,0.001474481,0.001472315
0.001476241,0.0014727,0.001480705,0.001476305,0.001476916
0.001474223,0.001465195,0.001481925,0.00147434,0.001465195
0.001442501,0.001437658,0.001449712,0.001440442,0.001440795
0.001474489,0.001465919,0.001480985,0.001473341,0.001472715
0.001477802,0.001473059,0.001483975,0.001477644,0.001477975
0.001471618,0.001466549,0.001479445,0.001469979,0.001469775
0.001475562,0.001471918,0.001480889,0.001475399,0.001474895
0.00147292,0.001466179,0.001479858,0.001472874,0.001473455
0.001471126,0.001449019,0.001479309,0.001473242,0.001468485
0.001477184,0.001473029,0.001483905,0.001475676,0.001473645
0.001473613,0.001470229,0.00147732,0.00147379,0.001472895
0.001471737,0.001468005,0.001477515,0.001470559,0.001468005
0.001471646,0.00146432,0.001479745,0.001472159,0.001472965
0.001471087,0.001463289,0.001479545,0.001471084,0.001470755
0.001472609,0.001467729,0.001479946,0.001470952,0.001475396
0.001471188,0.001452269,0.001477298,0.001472912,0.001476955
0.001473961,0.001471489,0.001479299,0.00147316,0.001473205
0.001472567,0.001462889,0.001478475,0.001472094,0.001470345
0.001472168,0.001467669,0.001478275,0.001470533,0.001468175
0.001471277,0.001465759,0.001477085,0.001470207,0.001470895
0.001472829,0.001457869,0.001478198,0.001474112,0.001473855
0.001477135,0.001470825,0.001484115,0.001476252,0.001484115
0.0014734,0.001465885,0.001478245,0.001474077,0.001473105
0.001475322,0.001466849,0.001481405,0.001475019,0.001475005
0.001471397,0.001466715,0.001477968,0.001470624,0.001466715
0.001473364,0.001468025,0.001477955,0.001472703,0.001468025
0.00147159,0.001466009,0.001478975,0.001470322,0.001471545
0.001470709,0.001451879,0.001477379,0.001472334,0.001472306
0.001474933,0.00146913,0.001481515,0.001474339,0.001475405
0.00147259,0.001464475,0.001479599,0.001471894,0.001464475
0.001471433,0.001468915,0.001477039,0.001470202,0.001475176
0.001473029,0.001466979,0.001480555,0.001471454,0.001472305
0.001471956,0.001465319,0.001477289,0.001470994,0.001468245
0.001472947,0.001465698,0.001479175,0.001473011,0.001466535
0.001474302,0.001462264,0.001480846,0.001475274,0.001474925
0.001474354,0.001468915,0.001481855,0.001474349,0.001468915
0.001473948,0.001468152,0.001478669,0.001473307,0.001473955
0.001475024,0.001470179,0.001483035,0.001474204,0.001471635
0.001470285,0.001448328,0.001478958,0.001473019,0.001471115
0.001475061,0.001470305,0.001480043,0.001474716,0.001473915
0.001470084,0.001460505,0.001479985,0.001468702,0.001460505
0.001473093,0.001463099,0.001479525,0.001472119,0.001471525
0.001472603,0.001462155,0.001477518,0.001473365,0.001462155
0.001473648,0.001467152,0.001479655,0.001473507,0.001479655
0.001475859,0.0014722,0.001480378,0.001475542,0.001477925
0.001470939,0.001453189,0.001477805,0.001472519,0.001472975
0.001475717,0.001468105,0.001482222,0.001475982,0.001468105
0.001472889,0.001451265,0.001480175,0.001475436,0.001470545
0.001475014,0.001451979,0.001482136,0.001478307,0.001478655
0.001476169,0.001472292,0.001482115,0.001475609,0.001477965
0.001471564,0.001466456,0.001480205,0.001470366,0.001471065
0.001472817,0.001468989,0.001478159,0.001471764,0.001474635
0.001468948,0.001450139,0.001475788,0.001470276,0.001468035
0.001475733,0.001472675,0.001482785,0.001474382,0.001472675
0.001468404,0.001450175,0.001477409,0.001470302,0.001470475
0.001471523,0.001447335,0.001479615,0.001474227,0.001474156
0.001475469,0.001468939,0.001483505,0.001475442,0.001475555
0.001472888,0.001468669,0.001480885,0.001470966,0.001470085
0.001472753,0.001461512,0.001477669,0.001474496,0.001473346
0.001475487,0.001470925,0.001480752,0.001474864,0.001478075
0.001471139,0.001454919,0.001477415,0.00147239,0.001471575
0.001475712,0.001466895,0.001483096,0.001475376,0.001483096
0.00147283,0.001466939,0.001480765,0.001471607,0.001472305
0.001474099,0.001468219,0.001482745,0.001472944,0.001482745
0.001475944,0.001470869,0.001484255,0.001475089,0.001475996
0.001471279,0.001462949,0.001476098,0.001471238,0.001471955
0.001472497,0.0014686,0.001478015,0.00147243,0.001468895
0.001470539,0.001464785,0.001478276,0.001470711,0.001478276
0.001834803,0.001445218,0.002223399,0.00179575,0.001647538
0.001826879,0.001428888,0.002205987,0.001762825,0.001672649
0.001799737,0.001428229,0.002199127,0.00177217,0.001561897
0.001786687,0.001430148,0.002198988,0.00175702,0.001530036
0.001786315,0.001434709,0.002210948,0.001751849,0.001519296
0.001786792,0.001425729,0.002191248,0.00175687,0.001540636
0.001791682,0.001433928,0.002188907,0.001744204,0.001568196
0.001782582,0.001425609,0.002185248,0.001732179,0.001552466
0.001772499,0.001435248,0.002175667,0.001715279,0.001542137
0.001770332,0.001428948,0.002180778,0.001718495,0.001523446
0.00172772,0.001428979,0.002173997,0.001583237,0.001503786
0.00171903,0.001425879,0.002171647,0.001581422,0.001469135
0.00173311,0.001432558,0.002171387,0.001583288,0.001524996
0.001720739,0.001451499,0.002169017,0.001579927,0.001471115
0.001711927,0.001433859,0.002161837,0.001585972,0.001448325
0.001707278,0.001430929,0.002146867,0.001577562,0.001456205
0.001678007,0.001431139,0.002154187,0.00146649,0.001441645
0.001675027,0.001426729,0.002155937,0.001452755,0.001452565
0.001669737,0.001424439,0.002139807,0.001451365,0.001451445
0.001665498,0.001424539,0.002133667,0.001449015,0.001448815
0.001657959,0.001416248,0.002126266,0.001440019,0.001436814
0.001664196,0.001432829,0.002128597,0.00145526,0.001455135
0.001664931,0.001426149,0.002114416,0.00145718,0.001456844
0.001666337,0.001429328,0.002129587,0.00144965,0.001449885
0.001661174,0.001427959,0.002128916,0.00144568,0.001445575
0.001653996,0.001428419,0.002115797,0.00144995,0.001433794
0.001655596,0.001429768,0.002116646,0.00144634,0.001445935
0.001661268,0.001436889,0.002120616,0.001452635,0.001452545
0.001637854,0.001423098,0.002118027,0.001452315,0.001452255
0.00163627,0.001428359,0.002106846,0.001454509,0.001454284
0.001629685,0.001419058,0.002100406,0.001438345,0.001438204
0.001635435,0.001430698,0.002097486,0.00145555,0.001454915
0.001638039,0.001425849,0.002102476,0.001455485,0.001455395
0.00163142,0.001427379,0.002098516,0.001446449,0.001446265
0.001608956,0.001429788,0.002103517,0.001444868,0.001442985
0.001601267,0.001431998,0.002091025,0.001433887,0.001434345
0.001606325,0.001426919,0.002087835,0.001452962,0.001456085
0.001601527,0.001425669,0.002082516,0.001447795,0.001447514
0.001597108,0.001420768,0.002079086,0.00144078,0.001435355
0.001586453,0.001410128,0.002067245,0.001433776,0.001434314
0.001593154,0.001426488,0.002063675,0.001444657,0.001447185
0.001598538,0.001424049,0.002072466,0.001448162,0.001449485
0.001600719,0.001425509,0.002079085,0.001447912,0.001450545
0.001593642,0.001421469,0.002059186,0.001445282,0.001446265
0.0015976,0.001424079,0.002065415,0.001449296,0.001452674
0.001588918,0.001420558,0.002058066,0.001442725,0.001442435
0.001594648,0.001426158,0.002056895,0.001446095,0.001445825
0.001589022,0.001422429,0.002057845,0.001433654,0.001433685
0.001584724,0.001426458,0.002043245,0.001437886,0.001438454
0.001588131,0.001428728,0.002045135,0.001441059,0.001441094
0.001594144,0.001433948,0.002040175,0.001455097,0.001461775
0.001593258,0.001425348,0.002055695,0.00144332,0.001442895
0.001590523,0.001423618,0.002046305,0.001445907,0.001447084
0.001583259,0.001421989,0.002033405,0.00143969,0.001426704
0.001584508,0.001424998,0.002022995,0.001445897,0.001446575
0.001589807,0.001427429,0.002044635,0.0014428,0.001442695
0.001583651,0.001424888,0.002024145,0.001444821,0.001445725
0.001586618,0.001423428,0.002031745,0.001443504,0.001443514
0.001584575,0.001421588,0.002035975,0.00143837,0.001438315
0.001580462,0.001423598,0.002016854,0.0014415,0.001441275
0.001583308,0.001426359,0.002020515,0.001442817,0.001443614
0.001582865,0.001425429,0.002027555,0.00143787,0.001437765
0.001584153,0.001428068,0.002020935,0.001445777,0.001447045
0.001571142,0.001419604,0.002004724,0.00143077,0.001420615
0.001570233,0.001418035,0.002001454,0.001426985,0.001419744
0.001571713,0.001423761,0.001997989,0.001432604,0.001429404
0.001573584,0.001426792,0.002004254,0.00143278,0.001432625
0.001575203,0.001422728,0.002004785,0.001433968,0.001432895
0.00157615,0.001428009,0.002004124,0.001434599,0.001434444
0.001573067,0.001424529,0.002004465,0.001427798,0.001427944
0.001574643,0.001426385,0.002003504,0.001431305,0.001429385
0.001574476,0.001428024,0.002001444,0.001431963,0.001430034
0.001570029,0.001423705,0.001995004,0.001429106,0.001429384
0.001566107,0.001421472,0.001983554,0.001427499,0.001427484
0.001570114,0.001425855,0.001987664,0.00143006,0.001429244
0.001565432,0.001426019,0.001975424,0.001431906,0.001431884
0.001566535,0.001423904,0.001975754,0.001429876,0.001427824
0.001567541,0.001426318,0.001980794,0.001430095,0.001427215
0.001565311,0.001428255,0.001972484,0.001430635,0.001433215
0.001558463,0.001420495,0.001953033,0.00142972,0.001425984
0.001564294,0.001425775,0.001963453,0.001433657,0.001434595
0.001566241,0.001425694,0.001969434,0.001434042,0.001434255
0.0015651,0.001422249,0.001974054,0.001432363,0.001424694
0.001559222,0.001416484,0.001964844,0.001426935,0.001423514
0.001556944,0.001417835,0.001955413,0.001428386,0.001428004
0.001560972,0.001426801,0.001953724,0.001431712,0.001433234
0.001557472,0.001426065,0.001942673,0.001431048,0.001432864
0.001560031,0.001427932,0.001951654,0.001430145,0.001431095
0.001554312,0.001421958,0.001940923,0.001427829,0.001430124
0.001560428,0.001427154,0.001954034,0.001429715,0.001434284
0.001557732,0.001427618,0.001929853,0.001436285,0.001437085
0.001552131,0.001420328,0.001933963,0.001427965,0.001423935
0.001553984,0.001418915,0.001935763,0.001430558,0.001426325
0.00155142,0.001421015,0.001931443,0.001426639,0.001424165
0.001551472,0.001424729,0.001929523,0.001425781,0.001428855
0.001555883,0.001425514,0.001936763,0.00143166,0.001427875
0.001551686,0.001425111,0.001920753,0.001429736,0.001432754
0.001548306,0.001421778,0.001920653,0.001425771,0.001424475
0.001548416,0.001418745,0.001923453,0.001426686,0.001427835
0.001544704,0.001422442,0.001902923,0.001428254,0.001429445
0.00155281,0.001427708,0.001922203,0.001430716,0.001429774
0.00155103,0.001427741,0.001905983,0.001437371,0.001438644
0.001551072,0.001424879,0.001919933,0.001431443,0.001429785
0.001551483,0.001425018,0.001922263,0.001430455,0.001431455
0.001546837,0.001420654,0.001912083,0.001428312,0.001429234
0.001547385,0.001418718,0.001910553,0.001430587,0.001419914
0.001548921,0.001426038,0.001906082,0.001432085,0.001432195
0.001542249,0.001419948,0.001898513,0.001425681,0.001426894
0.001545196,0.001422318,0.001903513,0.001427677,0.001422615
0.001546116,0.001424308,0.001904292,0.001428711,0.001429334
0.001546127,0.001423914,0.001901353,0.001429714,0.001432554
0.00154831,0.001427665,0.001902653,0.001431027,0.001430865
0.001546778,0.001427422,0.001894602,0.001434169,0.001428724
0.001549899,0.001431229,0.001901153,0.00143444,0.001432515
0.001543275,0.001426434,0.001880302,0.001433391,0.001436514
0.001543463,0.001419035,0.001889973,0.001430572,0.001429524
0.001540163,0.001423658,0.001876992,0.001430407,0.001434665
0.001542311,0.001424889,0.001882122,0.001431797,0.001432315
0.001537239,0.001420278,0.001875552,0.001426837,0.001425825
0.001526727,0.001412725,0.001860602,0.001417329,0.001415475
0.001536013,0.001423698,0.001860302,0.001430977,0.001433185
0.001542303,0.001427045,0.001870172,0.001435886,0.001434105
0.001538283,0.001422902,0.001872962,0.001428602,0.001424944
0.001539972,0.001425374,0.001872182,0.00143138,0.001435255
0.001540921,0.001426948,0.001872112,0.001432622,0.001430055
0.001540546,0.001429935,0.001865272,0.001434237,0.001434155
0.001530497,0.001420565,0.001849272,0.001427929,0.001422224
0.001533544,0.001424912,0.001845742,0.001432016,0.001432064
0.001531538,0.001421861,0.001849972,0.001426447,0.001429195
0.001540771,0.001428299,0.001868792,0.00143389,0.001430234
0.001535498,0.001423068,0.001861592,0.001429397,0.001431784
0.001533919,0.001423098,0.001852082,0.001431521,0.001429794
0.001528521,0.001426518,0.001823551,0.001432287,0.001427985
0.001532161,0.001428762,0.001833182,0.001433558,0.001436224
0.00152272,0.001421588,0.001814421,0.001427207,0.001429754
0.001528389,0.001427599,0.001822071,0.001433189,0.001434615
0.001483292,0.001423824,0.001651929,0.001428805,0.001433795
0.001482164,0.001418024,0.001659488,0.001426125,0.001429374
0.001489529,0.001428138,0.001664279,0.001434304,0.001434164
0.001480355,0.001421798,0.001645798,0.001428848,0.001430115
0.001487446,0.001425244,0.001665179,0.001429223,0.001435814
0.001488698,0.001425354,0.001667348,0.001429678,0.001436295
0.001486497,0.001422574,0.001664949,0.001429561,0.001428874
0.001471897,0.001421854,0.001605268,0.001429447,0.001429305
0.001435643,0.001422109,0.001466385,0.001426607,0.001430024
0.001435415,0.001420668,0.001461755,0.00143056,0.001432954
0.001435504,0.001425255,0.001458745,0.001429975,0.001433584
0.001436488,0.001423928,0.001459585,0.001432941,0.001436844
0.001428562,0.001420565,0.001446985,0.001423571,0.001424734
0.001429492,0.001420805,0.001439845,0.001428981,0.001429925
0.001434979,0.001427984,0.001447205,0.001431386,0.001431595
0.0014326,0.001424448,0.001447905,0.001430481,0.001431584
0.001431262,0.001421279,0.001451595,0.001427806,0.001429324
0.001432459,0.001420385,0.001455245,0.001428638,0.001422784
0.001434073,0.001425505,0.001449785,0.001430851,0.001433975
0.001435344,0.001426095,0.001450874,0.001432811,0.001428405
0.001432351,0.001423544,0.001447084,0.001430467,0.001423544
0.001436488,0.001423524,0.001454765,0.001432586,0.001431944
0.001433022,0.001418914,0.001452495,0.001431318,0.001427514
0.001432337,0.001423624,0.001451025,0.001427091,0.001427274
0.001438729,0.001426192,0.001459045,0.001435257,0.001436465
0.001427907,0.001420451,0.001445474,0.001423677,0.001422615
0.001435735,0.001423195,0.001450575,0.001434792,0.001434155
0.001436094,0.001426825,0.001454495,0.001431783,0.001433494
0.001434398,0.001426235,0.001447045,0.001432336,0.001435394
0.001430676,0.001423211,0.001443655,0.001429092,0.001425064
0.001436531,0.001427804,0.001455435,0.00143068,0.001435415
0.001434426,0.001424719,0.001456385,0.001429296,0.001425245
0.001431656,0.001423478,0.001447115,0.001428616,0.001431805
0.001432286,0.001421905,0.001449805,0.001428781,0.001427194
0.00143384,0.001422845,0.001450325,0.001431721,0.001432094
0.001434295,0.001422305,0.001448805,0.001433366,0.001432574
0.001427733,0.001420892,0.001439285,0.001425437,0.001428435
0.001432663,0.001423334,0.001447804,0.001429706,0.001429774
0.001435737,0.001427798,0.001453564,0.001431146,0.001432294
0.001426883,0.001417828,0.001442554,0.001425166,0.001427814
0.00142701,0.001418945,0.001441955,0.001424774,0.001426855
0.001428156,0.001422338,0.001435725,0.001429152,0.001429115
0.001434356,0.001427194,0.001446235,0.001431948,0.001435154
0.001436056,0.001427828,0.001447985,0.001434725,0.001438075
0.001436114,0.001426914,0.001453245,0.001432455,0.001435625
0.001432004,0.001423354,0.001446054,0.001430717,0.001423354
0.001434095,0.001422935,0.001453764,0.001430606,0.001432604
0.001426034,0.001415639,0.001443534,0.001423867,0.001425254
0.001427741,0.001422334,0.001437865,0.001426586,0.001427344
0.001421238,0.001413454,0.001434845,0.001419271,0.001419964
0.001434672,0.001426119,0.001451325,0.001431026,0.001427934
0.00143621,0.001426445,0.001453065,0.001432863,0.001434244
0.001428165,0.001420658,0.001435414,0.001429308,0.001429615
0.00142846,0.001422758,0.001432165,0.001429815,0.001430554
0.00142936,0.001423514,0.001434555,0.001431396,0.001430994
0.001435076,0.001425479,0.001452455,0.00143271,0.001434045
0.001431644,0.001422535,0.001449175,0.001428864,0.001431184
0.00143258,0.001424478,0.001450005,0.001426927,0.001433854
0.001433639,0.001422528,0.001454945,0.001428856,0.001427834
0.00142932,0.001423094,0.001440544,0.001427468,0.001430745
0.001431972,0.001423468,0.001446055,0.001430276,0.001434775
0.001431149,0.001422002,0.001449465,0.00142714,0.001425604
0.001428212,0.001423605,0.001435795,0.001427168,0.001424844
0.001428812,0.001421529,0.001442355,0.001426978,0.001421995
0.001434559,0.001426429,0.001448535,0.001431611,0.001430284
0.001432885,0.001424779,0.001447845,0.001430394,0.001427004
0.001429291,0.001420959,0.001441274,0.001427616,0.001424154
0.00143033,0.001423839,0.001437715,0.001431408,0.001433615
0.00142472,0.001417678,0.001431535,0.001424321,0.001425504
0.001438144,0.001430254,0.001450065,0.001435748,0.001440095
0.001433385,0.001427689,0.001444204,0.001431332,0.001429055
0.001431915,0.001421568,0.001446784,0.001430536,0.001435484
0.001434997,0.001428019,0.001447955,0.001432069,0.001430634
0.001428532,0.001421325,0.001441965,0.001425592,0.001423595
0.001424332,0.001416754,0.001438055,0.001421195,0.001425844
0.001432461,0.001422944,0.001446025,0.001430471,0.001428284
0.001431454,0.001425375,0.001438474,0.00142965,0.001436305
0.001431564,0.001424915,0.001439305,0.00143149,0.001434685
0.001427312,0.001422807,0.001432544,0.001427648,0.001432544
0.001431271,0.001420945,0.001443305,0.001432425,0.001420945
0.001428787,0.001423028,0.001437514,0.001427267,0.001425284
0.001431606,0.001426249,0.001437845,0.001430948,0.001428454
0.001426819,0.001423154,0.001430655,0.001426443,0.001430245
0.00142937,0.001423919,0.001437944,0.001427856,0.001430294
0.001425703,0.001419335,0.001431068,0.001426043,0.001430335
0.001425485,0.001419634,0.001431202,0.001425151,0.001424874
0.001430027,0.001422469,0.001436215,0.001430645,0.001436215
0.001428578,0.001425585,0.001433668,0.001426777,0.001426384
0.001427925,0.001425069,0.001430631,0.001428067,0.001428325
0.001431481,0.001425589,0.001438754,0.001431643,0.001435904
0.001426551,0.001422105,0.001431799,0.001426645,0.001425704
0.001421973,0.001415461,0.001425649,0.001423676,0.001423684
0.001426697,0.001420142,0.001432998,0.001426552,0.001432335
0.001429029,0.001425548,0.001435545,0.00142756,0.001425754
0.001428492,0.001420325,0.001434264,0.001428588,0.001434264
0.001426401,0.001421842,0.001431168,0.001425576,0.001422714
0.001432859,0.001426015,0.001439358,0.001434433,0.001437634
0.001426655,0.001422144,0.001433249,0.00142566,0.001432215
0.001429232,0.001424582,0.001435064,0.001428408,0.001432674
0.001428738,0.001425055,0.001432278,0.001428401,0.001431175
0.001429456,0.001423658,0.001436788,0.001429455,0.001428684
0.001428541,0.001423902,0.001432385,0.001428998,0.001431805
0.001424888,0.001419228,0.001431604,0.001424786,0.001431604
0.001424268,0.001420115,0.001429278,0.001424419,0.001425815
0.00142676,0.001422295,0.001432828,0.001426581,0.001428144
0.00142741,0.001419734,0.001433867,0.001428161,0.001430615
0.001420512,0.001415414,0.001424012,0.001420972,0.001421254
0.001428473,0.001423688,0.001434535,0.001427986,0.001432755
0.001430056,0.001424479,0.001436644,0.001429941,0.001434694
0.001428839,0.001423968,0.001435985,0.001428558,0.001435985
0.001424248,0.001420492,0.001431248,0.001423721,0.001423794
0.001425561,0.001421984,0.001431698,0.001423383,0.001423305
0.001425628,0.001418575,0.001431178,0.001425992,0.001428784
0.001428121,0.001422825,0.001433788,0.001427161,0.001426885
0.001425275,0.001421054,0.001431954,0.001423851,0.001421054
0.001426567,0.001421979,0.001432538,0.001425765,0.001432395
0.001426361,0.001419641,0.001432359,0.001425551,0.001430774
0.001427815,0.001422874,0.001434055,0.001427528,0.001429575
0.001432552,0.001426735,0.001437938,0.001433959,0.001433864
0.001427895,0.001422251,0.001434618,0.001426661,0.001432894
0.001427938,0.001419024,0.001433954,0.001428901,0.001429094
0.001427657,0.001420998,0.001433394,0.001430105,0.001433394
0.001425339,0.001421809,0.001432284,0.001424381,0.001432284
0.001430661,0.001425618,0.001436799,0.00143047,0.001427854
0.001425868,0.001420504,0.001431958,0.001425288,0.001430135
0.001428057,0.001421052,0.001433949,0.001427999,0.001424734
0.001429134,0.001424615,0.001433819,0.001429153,0.001432215
0.001425389,0.001421304,0.001430488,0.00142541,0.001428104
0.001428241,0.001423729,0.001432745,0.001427968,0.001430985
0.001426545,0.001420018,0.001432555,0.001426368,0.001423624
0.001418577,0.001413444,0.001420248,0.001419133,0.001419164
0.001429769,0.001424715,0.001438758,0.001428449,0.001433394
0.001427602,0.001423299,0.001432478,0.001428202,0.001430415
0.001427483,0.001422384,0.001434408,0.001426158,0.001431534
0.001425511,0.001421748,0.001430757,0.001424831,0.001422854
0.001425875,0.001420739,0.001432125,0.001425145,0.001423084
0.001425214,0.001421824,0.001429465,0.00142475,0.001429465
0.001419391,0.001414875,0.001422798,0.001418748,0.001422554
0.001427672,0.001421984,0.001433688,0.001427414,0.001431754
0.001428687,0.001421004,0.001433639,0.001428245,0.001432124
0.001429567,0.001422511,0.001437508,0.001429436,0.001435275
0.001428543,0.001421971,0.001434408,0.001428819,0.001433354
0.001430201,0.001425205,0.001435325,0.001430485,0.001425205
0.001422667,0.001418194,0.001426121,0.001423411,0.001423514
0.001411336,0.001407198,0.001415114,0.001411548,0.001410804
0.001429981,0.001425218,0.001436652,0.00142945,0.001427215
0.001424708,0.001420624,0.001428447,0.001424969,0.001427844
0.00142686,0.001424038,0.001431695,0.001426216,0.001424935
0.001427411,0.001421578,0.001433208,0.001427533,0.001430874
0.001428271,0.001423499,0.001433038,0.001428897,0.001428525
0.00142845,0.001423569,0.001433495,0.001427253,0.001425274
0.001430496,0.001425434,0.001436914,0.001429701,0.001431764
0.001428387,0.001422255,0.001436355,0.001428238,0.001436355
0.001426211,0.001421959,0.001430474,0.001426095,0.001430474
0.001427845,0.001422232,0.001433735,0.001427158,0.001433735
0.001430456,0.001423355,0.001436504,0.001430602,0.001436504
0.001426127,0.001420728,0.001432375,0.001423965,0.001430895
0.001428045,0.001424329,0.001433924,0.00142631,0.001433504
0.001428224,0.001422584,0.001433949,0.001427882,0.001432895
0.001427537,0.001421425,0.001435028,0.001427231,0.001429154
0.001430153,0.001425928,0.001434278,0.001429475,0.001433595
0.00143065,0.001423869,0.001436895,0.001431803,0.001436895
0.001429554,0.001422698,0.001437614,0.001429947,0.001437614
0.001427178,0.001422838,0.001431345,0.001426901,0.001431345
0.001426622,0.001421309,0.001433635,0.001425442,0.001423814
0.00142529,0.001419698,0.001429902,0.001426701,0.001429155
0.001427669,0.001423214,0.001433702,0.001426547,0.001431924
0.001432921,0.001426748,0.001437945,0.001434127,0.001437945
0.00143092,0.001426858,0.001433995,0.001431297,0.001430914
0.001427109,0.001422774,0.001430658,0.00142879,0.001429925
0.001428878,0.001424488,0.001434195,0.001428632,0.001431814
0.001427026,0.001420118,0.001433599,0.001426738,0.001424345
0.001415353,0.001411425,0.001420418,0.00141392,0.001413504
0.001424567,0.001418114,0.001430909,0.001424153,0.001418114
0.001430184,0.001425695,0.001434824,0.001430056,0.001431994
0.001425069,0.001421159,0.001429568,0.001425831,0.001426835
0.00142625,0.001421234,0.001431168,0.001425695,0.001429714
0.001429164,0.001423599,0.001435359,0.001428646,0.001426915
0.001427137,0.001422148,0.001432517,0.001425803,0.001424854
0.001424085,0.001420694,0.001428442,0.001423531,0.001427595
0.001430408,0.001426359,0.001435014,0.00143021,0.001435014
0.001427156,0.001422754,0.001433475,0.001426173,0.001433475
0.001430483,0.001423598,0.001434174,0.001431641,0.001434174
0.001424664,0.001418769,0.001429898,0.001424194,0.001427215
0.001426991,0.001422888,0.001432514,0.001426333,0.001432514
0.001425581,0.001423808,0.001429112,0.001425076,0.001424995
0.001425237,0.001421454,0.001430869,0.001424687,0.001423914
0.001428234,0.001420294,0.001435518,0.001427939,0.001430555
0.001429455,0.001425215,0.001432708,0.001428883,0.001429194
0.001427557,0.001424001,0.001431909,0.001428163,0.001429615
0.001426738,0.001421655,0.001430779,0.001426964,0.001423954
0.001428056,0.001424038,0.001431415,0.001428673,0.001429825
0.001426379,0.001422724,0.001429794,0.001427215,0.001429794
0.001424517,0.001419874,0.001428899,0.001425032,0.001423565
0.001424918,0.001421054,0.001430472,0.001424656,0.001424724
0.001427565,0.001422939,0.001434432,0.001426461,0.001423455
0.001430775,0.001425459,0.001434208,0.001431335,0.001433974
0.001424837,0.001420574,0.001427452,0.001425433,0.001427185
0.001426903,0.001422834,0.001431569,0.001426153,0.001426724
0.001429672,0.001426385,0.001435038,0.001428504,0.001432895
0.001423711,0.001418518,0.001429048,0.00142413,0.001427914
0.001427269,0.001423072,0.001432108,0.001426007,0.001431995
0.001424947,0.001420695,0.001429399,0.001424291,0.001422864
0.001430885,0.001425414,0.001437978,0.001430895,0.001433025
0.001424777,0.001419555,0.001429874,0.001424468,0.001429874
0.001428484,0.001424349,0.001433548,0.001428331,0.001424675
0.001418183,0.001414264,0.001421724,0.001418081,0.001418944
0.00142169,0.001418108,0.001426225,0.001421233,0.001426225
0.001426712,0.001422378,0.001432511,0.001426023,0.001430584
0.00142812,0.001424258,0.001432348,0.001429065,0.001430085
0.001424761,0.001418314,0.001429964,0.001425081,0.001418314
0.001425965,0.001421114,0.001431768,0.001425645,0.001430195
0.00142596,0.001419752,0.001431238,0.001426317,0.001428754
0.001428534,0.001424038,0.001433069,0.001428981,0.001431925
0.001428742,0.001425078,0.001433529,0.001428095,0.001428264
0.001427819,0.001423152,0.001433829,0.001427718,0.001430415
0.001424786,0.001418994,0.001430998,0.001423651,0.001426004
0.001423537,0.001416285,0.001429117,0.001425249,0.001426145
0.001428337,0.001425258,0.001435059,0.001427459,0.001427054
0.001428281,0.001422508,0.001432575,0.001430313,0.001432575
0.001427206,0.001421248,0.001434415,0.001426901,0.001431234
0.00142514,0.001421244,0.001431455,0.001424565,0.001431455
0.001427305,0.001421618,0.001431614,0.001429081,0.001430504
0.001427495,0.001421028,0.001432155,0.00142889,0.001432155
0.001428167,0.001423329,0.001432648,0.001429211,0.001428954
0.001427908,0.001422692,0.001432528,0.001428391,0.001428885
0.001428711,0.001422524,0.001435175,0.00142888,0.001422524
0.00142055,0.001418155,0.001422455,0.001420333,0.001422455
0.001426684,0.001420554,0.001432411,0.001427313,0.001422504
0.001422087,0.001417688,0.001427518,0.001421471,0.001418544
0.001429942,0.001425135,0.001433767,0.00142994,0.001433314
0.001426595,0.001421964,0.001432374,0.001426098,0.001430615
0.001429471,0.001425174,0.001433724,0.001430091,0.001433724
0.001428203,0.001423092,0.001432969,0.001428276,0.001430805
0.001427246,0.001421204,0.001432564,0.001427903,0.001432564
0.001421722,0.001417725,0.001425685,0.001421643,0.001421544
0.001436365,0.001431649,0.001444625,0.001435441,0.001433944
0.001431722,0.001427634,0.001437609,0.001429942,0.001428775
0.001427338,0.001419584,0.001432678,0.001427596,0.001427664
0.001427174,0.001421645,0.001430782,0.001428568,0.001429065
0.001423093,0.001417019,0.001427604,0.001424107,0.001427034
0.001431314,0.001425879,0.001439655,0.001429623,0.001439655
0.001426523,0.001420988,0.001431265,0.001426638,0.001426164
0.001427275,0.001423054,0.001433642,0.001426528,0.001424554
0.001429584,0.001424762,0.001435585,0.001428746,0.001433125
0.00142646,0.001421655,0.001431818,0.001426338,0.001430044
0.001425117,0.001420387,0.001429252,0.001424753,0.001427744
0.00142756,0.001423679,0.001432188,0.001426846,0.001423694
0.00142306,0.001419054,0.001428559,0.001423151,0.001419244
0.001424331,0.001419604,0.001429262,0.001425014,0.001419604
0.001430249,0.001426434,0.001436124,0.001429062,0.001436124
0.001431871,0.001427804,0.001438365,0.001432101,0.001427804
0.00142677,0.001418765,0.001431759,0.001426801,0.001424824
0.001431328,0.001423884,0.001436874,0.001431602,0.001436874
0.001428497,0.001424629,0.001432975,0.001428283,0.001432975
0.001422824,0.001419359,0.001428839,0.001421233,0.001426344
0.001423772,0.001418354,0.001431858,0.001421418,0.001428395
0.001426362,0.001420864,0.001433429,0.001426839,0.001429054
0.001427037,0.001423925,0.001430499,0.001427138,0.001430495
0.001425182,0.001420348,0.001431814,0.001424527,0.001427974
0.001426715,0.001420235,0.001434525,0.0014259,0.001434525
0.001426358,0.001420029,0.001433028,0.001426286,0.001424434
0.001423997,0.001419442,0.001431169,0.001422806,0.001428365
0.001425439,0.001421765,0.001431829,0.001424095,0.001429884
0.001429242,0.001424199,0.001435434,0.001426733,0.001426494
0.001425942,0.001420468,0.001430459,0.001426181,0.001425694
0.001432641,0.001425684,0.001440208,0.00143414,0.001436515
0.001429812,0.001424088,0.001435448,0.001429696,0.001434324
0.001428497,0.001423458,0.001432329,0.00142863,0.001425455
0.001426498,0.001421254,0.001433582,0.001425208,0.001421254
0.001428122,0.001421838,0.001435772,0.001427907,0.001423285
0.001429941,0.001426028,0.001435922,0.001429186,0.001427914
0.001430303,0.001423278,0.001434524,0.001431568,0.001434524
0.00142791,0.001423268,0.001432098,0.001427884,0.001424634
0.001428143,0.001420195,0.001434622,0.001428261,0.001425054
0.001428755,0.001424145,0.001434295,0.001428784,0.001424145
0.001420497,0.001415964,0.001425449,0.001419236,0.001424994
0.001426447,0.001423455,0.001429975,0.001424981,0.001429975
0.001426791,0.001421338,0.001434414,0.001426576,0.001434414
0.001427664,0.001421379,0.001433795,0.001428701,0.001433795
0.001427115,0.001423258,0.001433924,0.001425536,0.001433924
0.001429188,0.001424088,0.001436615,0.001429265,0.001430575
0.001431239,0.001426829,0.001436794,0.001432078,0.001433434
0.00142562,0.001419885,0.001430439,0.001424864,0.001430015
0.003793851,0.003404528,0.004725548,0.0034127,0.004248722
0.061301377,0.014251438,0.098847305,0.076295899,0.02346732
0.001471244,0.001463815,0.001478953,0.001469524,0.001466165
0.001436033,0.001429428,0.001442352,0.001436281,0.001434714
0.00143007,0.001423298,0.001435074,0.001431008,0.001435074
0.00143076,0.001425858,0.001437585,0.001430164,0.001437585
0.001421265,0.001418428,0.001425538,0.001420369,0.001421024
0.001427101,0.001422112,0.001433749,0.001425599,0.001424654
0.001428065,0.001422805,0.001434277,0.001427651,0.001429344
0.001426011,0.001419144,0.001432655,0.001425948,0.001429295
0.001429885,0.001424464,0.001435822,0.001429117,0.001424464
0.001430795,0.001425328,0.001436259,0.001430522,0.001432085
0.001427147,0.001419865,0.001431834,0.001429793,0.001431834
0.001424891,0.001419309,0.001431595,0.001422616,0.001431595
0.00142936,0.001424025,0.001433769,0.001430693,0.001433274
0.001431136,0.001424095,0.001436459,0.001431138,0.001430475
0.001430512,0.001425924,0.001433645,0.001431399,0.001425924
0.001428912,0.001424264,0.001433427,0.001429656,0.001430194
0.001425686,0.001421418,0.001429249,0.001426367,0.001428664
0.001430382,0.001425418,0.001435395,0.001430298,0.001433764
0.001425835,0.001422854,0.001431239,0.001423718,0.001423204
0.001434982,0.001428865,0.001443119,0.001432966,0.001435134
0.001426099,0.001420525,0.001431105,0.001426818,0.001431105
0.001428822,0.001423364,0.001435714,0.001427777,0.001423364
0.001424132,0.001419639,0.001428649,0.001424062,0.001427315
0.001430885,0.001424465,0.001437375,0.001429619,0.001426214
0.00142763,0.001421141,0.001434659,0.001426906,0.001429525
0.001427592,0.001424528,0.001430438,0.001427734,0.001427504
0.001427906,0.001421868,0.001434052,0.001428027,0.001430785
0.001426616,0.001422638,0.001429179,0.001427776,0.001427904
0.0014301,0.001424824,0.001437829,0.001428283,0.001430515
0.001428201,0.001422958,0.001435198,0.001428888,0.001431594
0.001428549,0.001422749,0.001435034,0.00142956,0.001435034
0.001423033,0.001417668,0.001429884,0.001422806,0.001429884
0.001426837,0.001421992,0.001431547,0.001427316,0.001429385
0.001435655,0.001430632,0.001440268,0.001435632,0.001437695
0.001430501,0.001425958,0.001436364,0.001429876,0.001426734
0.00142575,0.001420271,0.001432265,0.001425988,0.001430445
0.00142778,0.001422118,0.001434884,0.001426702,0.001434884
0.001426359,0.001421635,0.001432245,0.001426315,0.001432245
0.001425994,0.001421618,0.001430914,0.001425948,0.001430914
0.001430409,0.001426755,0.001435398,0.001429411,0.001434085
0.001431463,0.001425668,0.001438789,0.001431211,0.001431724
0.00142704,0.001422695,0.001432484,0.00142784,0.001432484
0.001430555,0.001424489,0.001437435,0.001428904,0.001430204
0.001423902,0.001417755,0.001430117,0.001423558,0.001428324
0.00142881,0.001424148,0.001433348,0.001429473,0.001426734
0.001428294,0.001422519,0.001435615,0.001427123,0.001424534
0.001428186,0.001421388,0.001435245,0.00142783,0.001435245
0.001424757,0.001420118,0.001429418,0.001424656,0.001429164
0.0014304,0.001425549,0.001434885,0.001431334,0.001426255
0.001432189,0.001427575,0.001438865,0.00143232,0.001428244
0.001427959,0.001424219,0.001433142,0.001427768,0.001431605
0.0014317,0.001425999,0.001439774,0.001429779,0.001430424
0.001429928,0.001425355,0.001434735,0.001430063,0.001433674
0.001431141,0.001426375,0.001438875,0.00142952,0.001438875
0.001432027,0.001424079,0.001441804,0.001432187,0.001441804
0.001429284,0.001425179,0.001433434,0.001429397,0.001432205
0.001427823,0.001421934,0.001434218,0.00142723,0.001421934
0.001425662,0.001420584,0.001429545,0.001425338,0.001428585
0.001429345,0.001424909,0.001436384,0.001429049,0.001436384
0.001428142,0.001421208,0.001434978,0.00142813,0.001432685
0.001428923,0.001423505,0.001437089,0.001427771,0.001428824
0.001430342,0.001424182,0.001436159,0.001430426,0.001427454
0.001426257,0.001419248,0.001433008,0.001427407,0.001430865
0.001425549,0.001421664,0.001430222,0.001425047,0.001421664
0.001427131,0.001422628,0.001433638,0.001426851,0.001429675
0.001429087,0.001424078,0.001433758,0.00142942,0.001432994
0.001427531,0.001422129,0.001432182,0.001428103,0.001430505
0.001427443,0.001421908,0.001434005,0.001427106,0.001430704
0.00143091,0.001425172,0.001437038,0.001430712,0.001427625
0.001428747,0.001424058,0.001433074,0.001428987,0.001433074
0.001426307,0.001421684,0.001429599,0.001427827,0.001428735
0.001429268,0.001425528,0.001436298,0.00142845,0.001429524
0.00143049,0.001424545,0.001435855,0.001430089,0.001435855
0.001427975,0.001423438,0.001432812,0.001427998,0.001424754
0.001427076,0.001423028,0.001431654,0.001426786,0.001431654
0.00142483,0.001418568,0.001429289,0.001426791,0.001427064
0.001427082,0.001421495,0.001431818,0.00142715,0.001426254
0.001424676,0.001418574,0.001429959,0.001426166,0.001418574
0.001431551,0.001423958,0.001436305,0.001433239,0.001432884
0.00143058,0.001423902,0.001435305,0.001431652,0.001434885
0.001428649,0.001425584,0.001432568,0.001427525,0.001426904
0.001428099,0.001422502,0.001434289,0.001429651,0.001430795
0.001425657,0.001422368,0.001430237,0.001424562,0.001426004
0.001424777,0.001416874,0.001432018,0.001425443,0.001430035
0.001428174,0.001421338,0.001434574,0.001428964,0.001434574
0.001433549,0.001427315,0.001441295,0.00143313,0.001427315
0.001432271,0.001426238,0.001438085,0.001434316,0.001436224
0.001429088,0.001423628,0.001435518,0.001429265,0.001424594
0.001426146,0.001421015,0.001433778,0.001425622,0.001430074
0.00142993,0.001423864,0.001435905,0.001429949,0.001425644
0.001426277,0.001419858,0.001432804,0.001426518,0.001424914
0.001427857,0.001422128,0.001432797,0.001428846,0.001429004
0.001427942,0.001423537,0.001433202,0.001427176,0.001431415
0.00142555,0.001421228,0.001430335,0.001425734,0.001427064
0.001425651,0.001420198,0.001432338,0.001426546,0.001426644
0.001427332,0.001419515,0.001432059,0.001429248,0.001425724
0.00143158,0.001424551,0.001437775,0.001432332,0.001437775
0.001431534,0.001426274,0.001436704,0.001431727,0.001433764
0.001427172,0.001422024,0.001432988,0.001427808,0.001428645
0.001429679,0.001423398,0.001435422,0.001430013,0.001434044
0.00142763,0.001422058,0.001431178,0.001428691,0.001431165
0.00142806,0.001423261,0.001433754,0.001427012,0.001425554
0.001426897,0.001422215,0.001433979,0.001425533,0.001426985
0.001430163,0.001425484,0.001436208,0.001428746,0.001432494
0.001425375,0.001417651,0.001430429,0.001427388,0.001428934
0.001428676,0.001424498,0.001432545,0.001429328,0.001431904
0.001429389,0.001423468,0.001436895,0.001430353,0.001433564
0.001431854,0.001427579,0.001439045,0.001430938,0.001439045
0.001428082,0.001423845,0.001433252,0.001427258,0.001432764
0.0014286,0.001423227,0.001434868,0.00142832,0.001432235
0.001429223,0.001425112,0.001434769,0.001428229,0.001431654
0.00142658,0.001421365,0.001430825,0.001425684,0.001430825
0.001429002,0.001424809,0.001434004,0.001428801,0.001434004
0.001424634,0.001420414,0.001432122,0.001423713,0.001425915
0.001429735,0.001424748,0.001436098,0.001429323,0.001434714
0.001427926,0.001422809,0.001432242,0.001429572,0.001430684
0.001425626,0.001421318,0.001432054,0.001425132,0.001427634
0.001433462,0.001430065,0.001439409,0.001433048,0.001433764
0.001428272,0.001422744,0.001434082,0.00142847,0.001426485
0.001423782,0.001418714,0.001430094,0.001423075,0.001426744
0.001428515,0.001422694,0.001433685,0.001429473,0.001433685
0.001426151,0.001420089,0.001432014,0.001426233,0.001431564
0.001424143,0.001419488,0.001429485,0.001423354,0.001429485
0.00142589,0.001421334,0.001432135,0.001423803,0.001430994
0.001422174,0.001416889,0.001429105,0.001423246,0.001429105
0.001426698,0.001421817,0.001433368,0.001425138,0.001432484
0.001427038,0.001422184,0.001433578,0.001426776,0.001426494
0.00142651,0.001420025,0.001430758,0.001427477,0.001427634
0.001430362,0.001425218,0.001436305,0.001428988,0.001426244
0.001423518,0.001420008,0.001429304,0.001422113,0.001429304
0.001416942,0.001412218,0.001420675,0.001417022,0.001420454
0.001432312,0.001428348,0.001437638,0.001430703,0.001431585
0.001427735,0.001420792,0.001432824,0.001429881,0.001432824
0.001430256,0.001423888,0.001436742,0.001429551,0.001429464
0.00142733,0.001422178,0.001431368,0.001429101,0.001429215
0.00142894,0.001425569,0.001432658,0.001428601,0.001426734
0.001429166,0.001423535,0.001435725,0.001429213,0.001435725
0.001426842,0.001420958,0.001430458,0.001428034,0.001429844
0.001429051,0.001421625,0.001435298,0.001429093,0.001421625
0.001425648,0.001420135,0.001429738,0.001425481,0.001427204
0.001426991,0.001421758,0.001432238,0.001427044,0.001429475
0.001430975,0.001426289,0.001435575,0.001431546,0.001432274
0.001432113,0.001428465,0.001438852,0.001431324,0.001434995
0.001423465,0.001416788,0.001426538,0.001425188,0.001426254
0.001425696,0.001420358,0.001432035,0.001425065,0.001430915
0.00143141,0.001426349,0.001435984,0.001431645,0.001435984
0.001429437,0.001423374,0.001436719,0.001428927,0.001424885
0.00142703,0.001419505,0.001432244,0.001427613,0.001432244
0.001428496,0.001421558,0.001432702,0.001430249,0.001430464
0.001428644,0.001423958,0.001434395,0.001427016,0.001434395
0.001429783,0.001424608,0.001435869,0.001429627,0.001432364
0.001425085,0.001420642,0.001430128,0.001424528,0.001421964
0.001428045,0.001424875,0.001432559,0.001427143,0.001425264
0.001428883,0.001425518,0.001432748,0.001428987,0.001430655
0.001422364,0.001418762,0.001428424,0.001421458,0.001425074
0.001425425,0.001419698,0.001430552,0.001426184,0.001427224
0.00142806,0.001423489,0.001435472,0.001426341,0.001423854
0.001423416,0.001419998,0.001427291,0.001423068,0.001420424
0.001425743,0.001421855,0.001432674,0.001423383,0.001432674
0.001431796,0.001425239,0.001435618,0.001433606,0.001430194
0.001424833,0.001421361,0.001428884,0.001425337,0.001428884
0.001431569,0.001427295,0.001436718,0.001430408,0.001428864
0.001423897,0.001421005,0.001427114,0.001423589,0.001427114
0.001419485,0.001415052,0.001423408,0.001420367,0.001422764
0.001427793,0.001424745,0.001432888,0.001427106,0.001429904
0.001430214,0.001425768,0.001433848,0.001431669,0.001432994
0.001432077,0.001426845,0.001437739,0.001431913,0.001435864
0.001425797,0.001420154,0.001431858,0.001425745,0.001424495
0.001429286,0.001423814,0.001434269,0.0014296,0.001423814
0.001426752,0.001422578,0.001432932,0.001424946,0.001425505
0.001428437,0.001421768,0.001435584,0.001427972,0.001430604
0.001432165,0.001426558,0.001437989,0.00143163,0.001437805
0.001429385,0.001424028,0.001436684,0.00142831,0.001436684
0.001431482,0.001425694,0.001439178,0.001431975,0.001435185
0.001428189,0.001422754,0.001435798,0.00142669,0.001430214
0.001430369,0.001425432,0.001433994,0.001430595,0.001433994
0.00143017,0.001423648,0.001437275,0.00142999,0.001437275
0.001423347,0.001419162,0.001430848,0.001422461,0.001421044
0.00142443,0.001419002,0.001430815,0.001423634,0.001430815
0.001425469,0.001419368,0.001430588,0.001425678,0.001422534
0.001424715,0.001418095,0.001428409,0.001426515,0.001425804
0.001429367,0.001424422,0.001434815,0.001427876,0.001426444
0.001426568,0.001421204,0.001431198,0.001426355,0.001431045
0.001430597,0.001425305,0.001436439,0.00143065,0.001432824
0.001429805,0.001424239,0.001436935,0.001427486,0.001431955
0.001428365,0.001423229,0.001434668,0.001426531,0.001432934
0.001441083,0.001435039,0.001447635,0.001441387,0.001439555
0.001425092,0.001422408,0.001428149,0.001424867,0.001423264
0.001427281,0.001420124,0.001431745,0.001429073,0.001429044
0.001430111,0.001426244,0.001435285,0.001429615,0.001434015
0.001431365,0.001425215,0.001439032,0.001432196,0.001431264
0.001431245,0.001424948,0.001435955,0.001431581,0.001435955
0.001423926,0.001419457,0.001427868,0.001424246,0.001426894
0.001429615,0.001422918,0.001437695,0.001427311,0.001436305
0.001427639,0.001423148,0.001432345,0.001428006,0.001427354
0.001427031,0.001422578,0.001433489,0.001425563,0.001431385
0.001432692,0.001428214,0.001436425,0.001433776,0.001435214
0.001421925,0.001416517,0.001427622,0.001422843,0.001423494
0.001431701,0.001426225,0.001436692,0.001432476,0.001433364
0.001429128,0.001424628,0.001433974,0.001429205,0.001433974
0.001430292,0.001423919,0.001437295,0.001430059,0.001437295
0.001427356,0.001420619,0.001432929,0.001429436,0.001431814
0.00142729,0.001423378,0.001431925,0.001427459,0.001431925
0.001428385,0.001423734,0.001434064,0.001428548,0.001425764
0.001434881,0.001428025,0.001444628,0.001433787,0.001430895
0.001426926,0.001424058,0.001430444,0.001426282,0.001430444
0.001427291,0.001423228,0.001431959,0.001427079,0.001429905
0.001423527,0.001419075,0.001427859,0.001423636,0.001421914
0.001428552,0.001423828,0.001434615,0.001428143,0.001434615
0.001429854,0.001424874,0.001436554,0.001430214,0.001432394
0.001427946,0.001422259,0.001432528,0.001427683,0.001432334
0.001423987,0.001420124,0.001428591,0.001423923,0.001427104
0.001428466,0.001421898,0.001434754,0.001428778,0.001423374
0.001426994,0.001423538,0.001431005,0.001426115,0.001430915
0.001426758,0.001421238,0.001433504,0.001427887,0.001433504
0.00142692,0.001421692,0.001432675,0.001427929,0.001432675
0.001426485,0.001421877,0.001430305,0.001427138,0.001426264
0.001426705,0.001420985,0.001432242,0.001427146,0.001424584
0.00142485,0.001421529,0.001428855,0.001424154,0.001427494
0.001424902,0.001420922,0.001430114,0.00142448,0.001422984
0.001428495,0.001425225,0.001431854,0.001428606,0.001431854
0.001429379,0.001424288,0.001434579,0.001428939,0.001427634
0.001429678,0.001426188,0.001434498,0.00143073,0.001431384
0.00142958,0.001424308,0.001435455,0.00142953,0.001435455
0.001428898,0.001423358,0.001434668,0.001428058,0.001426544
0.001422831,0.001416064,0.001427672,0.001423094,0.001418834
0.001430502,0.001424328,0.001435624,0.001432212,0.001435624
0.00143078,0.001428145,0.001434755,0.001429701,0.001433705
0.001427372,0.001422708,0.001432968,0.001426151,0.001426844
0.001426256,0.001420032,0.001431379,0.001426626,0.001429455
0.001425611,0.001419364,0.001429669,0.001426767,0.001419364
0.001425053,0.001420678,0.001429362,0.001424771,0.001427925
0.001432025,0.001428545,0.001434939,0.001432186,0.001433024
0.001425517,0.001422458,0.001429978,0.001424046,0.001427225
0.001426243,0.001420038,0.001430914,0.001426688,0.001430914
0.00143028,0.001425775,0.001434678,0.001430149,0.001434555
0.001430222,0.001423688,0.001436825,0.001431881,0.001426154
0.001427826,0.001422474,0.001434262,0.001427611,0.001428785
0.001429576,0.001425155,0.001435165,0.001429406,0.001428384
0.001426647,0.001422615,0.001430179,0.001427568,0.001430004
0.001430461,0.001426399,0.001436775,0.001428118,0.001435585
0.001426115,0.001418928,0.001430139,0.001427331,0.001429574
0.001429653,0.001425811,0.001434734,0.001428576,0.001428704
0.001432182,0.001426425,0.001437718,0.001433112,0.001435014
0.001429226,0.001423905,0.001433648,0.00143016,0.001432965
0.001429117,0.001424208,0.001434298,0.001428414,0.001426044
0.001424017,0.001418995,0.001429658,0.001424227,0.001426035
0.001429789,0.001423644,0.001435344,0.001429982,0.001423644
0.00142783,0.001421898,0.001432279,0.001428241,0.001431875
0.001428575,0.001422198,0.001433575,0.001428888,0.001428774
0.001431405,0.001427112,0.001438785,0.001430301,0.001438785
0.001426539,0.001422054,0.001431299,0.001425819,0.001423924
0.001430179,0.001424315,0.001435442,0.001428696,0.001428904
0.00142941,0.001424079,0.001434745,0.001429675,0.001434745
0.00142603,0.001419928,0.001431224,0.001427078,0.001429824
0.001429195,0.001425439,0.001433798,0.00142823,0.001426714
0.001430919,0.001424734,0.001437189,0.001432257,0.001424734
0.001425954,0.001420834,0.001429815,0.001426853,0.001429815
0.00142882,0.001422919,0.001433485,0.00142947,0.001432624
0.00142668,0.001420427,0.001432775,0.001426965,0.001432775
0.001433076,0.001424658,0.001438968,0.001435533,0.001436814
0.001426877,0.001421985,0.001431328,0.001427007,0.001421985
0.001425481,0.001421855,0.001429074,0.00142554,0.001422034
0.001426011,0.001420714,0.001431288,0.001425431,0.001422835
0.001428169,0.001421255,0.001432869,0.001428833,0.001429844
0.001425905,0.001419884,0.001429898,0.001426705,0.001429285
0.001426451,0.001420968,0.001432682,0.001426871,0.001428804
0.00142561,0.001422178,0.001429805,0.001425553,0.001427045
0.001423722,0.001418308,0.001428828,0.001423965,0.001419714
0.001421304,0.001417808,0.001427969,0.001420928,0.001418204
0.001424357,0.001420541,0.001429379,0.001422759,0.001422824
0.001427946,0.001423271,0.001431139,0.001428337,0.001430935
0.001425695,0.001419724,0.001429428,0.001428259,0.001419724
0.001422532,0.001417154,0.001425904,0.001423745,0.001417154
0.001421554,0.001417338,0.001426059,0.001421153,0.001425304
0.001427301,0.001421554,0.001433938,0.001426572,0.001421554
0.001429121,0.001423142,0.001436347,0.001427818,0.001425614
0.001426224,0.001423014,0.001432369,0.001425237,0.001423014
0.001422887,0.001417392,0.001428464,0.001423063,0.001428464
0.001428744,0.001424472,0.001432488,0.001428808,0.001432444
0.001425501,0.001419525,0.001431698,0.001425531,0.001426654
0.001429254,0.001424814,0.001433818,0.001428404,0.001432105
0.001428645,0.001424532,0.001435615,0.001426763,0.001432154
0.001427871,0.001420768,0.001433499,0.001428156,0.001423784
0.001429863,0.001424849,0.001436088,0.001428994,0.001426794
0.001430639,0.001425595,0.001434978,0.001431418,0.001434035
0.001428822,0.001423418,0.001435169,0.001428917,0.001426744
0.001424742,0.001420134,0.001428418,0.001426447,0.001427535
0.001428596,0.001423644,0.001433278,0.001428873,0.001423644
0.00142921,0.001425225,0.001432818,0.001429936,0.001425225
0.001429679,0.001423528,0.001434342,0.001430761,0.001430334
0.001429721,0.001424218,0.001435419,0.001429428,0.001430465
0.001429446,0.001426558,0.001433494,0.001430043,0.001430094
0.001427219,0.001420177,0.001433995,0.00142851,0.001431644
0.001429477,0.001422157,0.001434809,0.00143102,0.001432215
0.001425545,0.001421075,0.001431299,0.001424878,0.001422614
0.001429528,0.001424219,0.001437085,0.001428988,0.001426564
0.00142621,0.001421308,0.001433594,0.001425681,0.001433594
0.001431875,0.001426258,0.001438594,0.001431942,0.001429915
0.001425583,0.001418938,0.001430182,0.001426331,0.001429984
0.001427753,0.001424144,0.001434298,0.001426702,0.001424345
0.001427904,0.001421984,0.001432754,0.001427955,0.001432754
0.001426088,0.001422618,0.001429067,0.001425882,0.001428965
0.001426865,0.001422194,0.001432418,0.001425389,0.001432234
0.001429615,0.001425162,0.001437315,0.001428036,0.001437315
0.001430627,0.001426042,0.001434395,0.001431898,0.001432474
0.001428166,0.001422428,0.001432819,0.001428355,0.001430755
0.001428446,0.001423964,0.001434689,0.001427265,0.001424134
0.001428342,0.001423895,0.001434722,0.001427166,0.001428164
0.001428322,0.001423217,0.001431805,0.001429643,0.001431805
0.001428862,0.001422482,0.001433585,0.001429746,0.001430894
0.001427001,0.001421337,0.001430928,0.00142803,0.001430665
0.001431459,0.001427094,0.001437128,0.001431294,0.001434344
0.001429144,0.001424925,0.001432865,0.001429048,0.001432865
0.001428169,0.001422584,0.001432819,0.00142848,0.001431974
0.001428695,0.001420665,0.001434342,0.001429037,0.001428345
0.001429977,0.001426305,0.001434538,0.001429553,0.001430984
0.001430607,0.001425002,0.001434385,0.001432072,0.001434385
0.001426012,0.001421122,0.001430004,0.001426834,0.001429924
0.00143383,0.001428585,0.001440458,0.001433896,0.001429055
0.001429461,0.001424795,0.001437088,0.001428878,0.001433555
0.001426065,0.001419804,0.001429684,0.001428081,0.001429684
0.001426595,0.001421305,0.001433395,0.001424473,0.001423734
0.001427156,0.001422804,0.001431809,0.001426301,0.001431494
0.001424042,0.001419418,0.001429209,0.001423835,0.001421094
0.001424651,0.001419102,0.001430368,0.001424792,0.001428984
0.001431255,0.001424552,0.001438509,0.001430471,0.001430244
0.001426861,0.001420382,0.001432384,0.001427263,0.001431834
0.001430275,0.001425168,0.001438628,0.001427656,0.001427245
0.001427388,0.001423669,0.001432177,0.001426819,0.001424004
0.001433448,0.001428095,0.001440815,0.001433219,0.001440815
0.001427959,0.001422378,0.001431748,0.001428806,0.001428054
0.001425177,0.001420818,0.001429239,0.001424758,0.001425535
0.001429379,0.001422668,0.001435584,0.001430269,0.001435584
0.001429358,0.001424899,0.001435845,0.001428582,0.001435845
0.00143173,0.001425479,0.001435169,0.001433291,0.001433624
0.001427813,0.001423504,0.001432558,0.001428046,0.001430804
0.001427552,0.001422559,0.001432685,0.001428839,0.001429935
0.001428092,0.001423124,0.001430175,0.001428745,0.001428634
0.001428982,0.001424574,0.001434319,0.001428669,0.001424574
0.001430653,0.001422622,0.001437608,0.001431991,0.001425984
0.001424382,0.001418872,0.001430655,0.001423563,0.001430655
0.001427574,0.001423295,0.001434798,0.001427191,0.001425644
0.00143014,0.001423322,0.001435265,0.001430933,0.001434755
0.001431695,0.001424415,0.001439224,0.001430733,0.001439224
0.001431025,0.001426312,0.001438989,0.001429432,0.001427645
0.001425506,0.001418332,0.001430174,0.001427046,0.001430174
0.001428052,0.001422924,0.001434849,0.001427604,0.001430084
0.001421246,0.001417561,0.001424858,0.001421169,0.001424554
0.001425446,0.001419778,0.001432161,0.001425236,0.001421215
0.001427876,0.001421949,0.001432501,0.001427498,0.001432184
0.001425814,0.001420349,0.001431565,0.001425835,0.001429585
0.001428611,0.001423762,0.001434039,0.001428503,0.001424794
0.001423011,0.001416392,0.001430099,0.001424847,0.001426954
0.001423297,0.001417062,0.001429654,0.001422394,0.001429654
0.001428894,0.001422754,0.001434668,0.001428989,0.001428755
0.00142994,0.001424248,0.001437499,0.00142922,0.001434214
0.001430496,0.001424838,0.001437449,0.001430231,0.001434354
0.001425831,0.001419774,0.001432229,0.001425583,0.001426334
0.001429732,0.001424412,0.001433704,0.001429287,0.001426454
0.001426526,0.001422328,0.001432315,0.001425121,0.001432315
0.001430117,0.001425434,0.001436064,0.001429379,0.001436064
0.001430452,0.001424389,0.001435955,0.001431495,0.001435955
0.001430957,0.001426278,0.001434454,0.001430938,0.001434454
0.001430104,0.001424935,0.001436508,0.001430867,0.001430885
0.001429503,0.001424398,0.001433554,0.001430945,0.001433554
0.001430357,0.001425139,0.001437505,0.001429469,0.001437505
0.001422124,0.001417418,0.001427468,0.00142059,0.001427044
0.001418546,0.001414852,0.001422078,0.001418721,0.001421614
0.001604799,0.001429302,0.001730649,0.001688031,0.001704729
0.001639323,0.001429259,0.002234469,0.00144569,0.002234469
0.001431624,0.001424025,0.001437062,0.001431796,0.001434564
0.001425521,0.001421515,0.001428814,0.001426683,0.001428535
0.001427152,0.001422588,0.001431855,0.001426601,0.001431254
0.001430365,0.001425564,0.001434838,0.001429946,0.001428805
0.001420058,0.001416954,0.001424028,0.001420057,0.001416954
0.001425717,0.001421304,0.001431158,0.001424516,0.001424254
0.001426585,0.001420968,0.001431928,0.001426601,0.001422554
0.00143037,0.001425454,0.001437329,0.001429508,0.001432725
0.001430923,0.001425304,0.001436297,0.001431504,0.001431194
0.00154185,0.001498569,0.001607408,0.001532433,0.001607408
0.001431667,0.001425058,0.001436722,0.001434196,0.001434114
0.001429407,0.001421039,0.001434855,0.001430985,0.001423645
0.001433243,0.001424584,0.001438832,0.001434094,0.001424584
0.001427633,0.001423204,0.001433097,0.001426445,0.001423204
0.001432261,0.001426234,0.001436328,0.001433636,0.001426234
0.001428566,0.001422294,0.001436789,0.00142689,0.001424024
0.001430695,0.001425575,0.001433668,0.001431685,0.001431965
0.001433811,0.001424768,0.001439578,0.001436055,0.001439134
0.001427794,0.001421938,0.001433145,0.001428157,0.001433145
0.001421946,0.001416718,0.001426624,0.001423074,0.001426624
0.001427591,0.001424184,0.001431268,0.001426945,0.001425655
0.001430852,0.001425705,0.001434209,0.001431084,0.001430644
0.0014286,0.001422912,0.001434218,0.001429998,0.001424115
0.00147184,0.001425574,0.00157109,0.001435469,0.001425574
0.001430406,0.001424748,0.001434868,0.001431672,0.001433664
0.001425507,0.001422474,0.001428705,0.00142544,0.001428705
0.001429709,0.001421678,0.001435162,0.001429858,0.001434174
0.001428423,0.001424818,0.001435125,0.00142662,0.001435125
0.001461237,0.001423205,0.001525209,0.001437476,0.001438094
0.001430983,0.001425598,0.001436838,0.001431432,0.001435705
0.00146,0.001434874,0.001474076,0.001468189,0.001434874
0.001419436,0.001415347,0.001422289,0.00141972,0.001417444
0.001429185,0.001422014,0.001435399,0.001431113,0.001430255
0.001430826,0.001423565,0.001435398,0.001433372,0.001434874
0.001427855,0.001422985,0.001431658,0.001429092,0.001427695
0.001423831,0.001417715,0.001428161,0.001424826,0.001427294
0.001429656,0.001423218,0.001435318,0.001431059,0.001431375
0.001429912,0.001423508,0.001438238,0.001430736,0.001431714
0.001429602,0.001423935,0.001436099,0.001429748,0.001432515
0.001429266,0.001425634,0.001435588,0.001428363,0.001430634
0.001425826,0.001422735,0.001429548,0.001425995,0.001424564
0.001428365,0.001423361,0.001434357,0.001428337,0.001431374
0.001428515,0.001424809,0.001433334,0.001428221,0.001433334
0.00142683,0.001422348,0.001433828,0.001425833,0.001424504
0.001518262,0.001425998,0.001672812,0.001430025,0.001429344
0.001428507,0.001423337,0.001431034,0.001429664,0.001430535
0.001424987,0.001419734,0.001429954,0.001425025,0.001429954
0.001418925,0.001413988,0.001424514,0.001419631,0.001420674
0.0014266,0.001421885,0.001430129,0.001427087,0.001427095
0.001430646,0.001423991,0.001435558,0.001431362,0.001426374
0.001427662,0.001421615,0.001432988,0.001428299,0.001430514
0.001425858,0.001422311,0.001431858,0.001425381,0.001425554
0.001430932,0.001425441,0.001434789,0.00143241,0.001433134
0.001430071,0.001424114,0.001435285,0.001429863,0.001431925
0.001428917,0.001424379,0.001431828,0.001428631,0.001428864
0.001430727,0.001426464,0.001436315,0.001430366,0.001436315
0.001428986,0.001423431,0.001434708,0.001429031,0.001431954
0.001427487,0.001421645,0.001433808,0.001427727,0.001430645
0.001426017,0.001420574,0.001430358,0.001427892,0.001428374
0.001428762,0.001423794,0.001433968,0.001428479,0.001431705
0.001428318,0.001423455,0.001430775,0.001428662,0.001430774
0.001429941,0.001424909,0.001434272,0.001429774,0.001433745
0.001426513,0.001421024,0.001432149,0.001426219,0.001427314
0.001428595,0.001424215,0.001434358,0.00142953,0.001425185
0.001431562,0.001426828,0.001436189,0.001432939,0.001433164
0.001438191,0.001433148,0.001444769,0.001439226,0.001441284
0.001427801,0.001424448,0.001432259,0.001427303,0.001429175
0.001427311,0.001422305,0.001431055,0.001427659,0.001423534
0.001424497,0.001417058,0.001428788,0.001426506,0.001426685
0.001428715,0.001424134,0.001434139,0.001428413,0.001431444
0.001428856,0.001422774,0.001434177,0.001428777,0.001429755
0.001429716,0.001425458,0.001434529,0.001429425,0.001433284
0.001427763,0.001422104,0.001434688,0.001427266,0.001432835
0.00142424,0.001418072,0.001429529,0.001425122,0.001428134
0.001431797,0.001425365,0.001438538,0.001431373,0.001438105
0.001428795,0.001424098,0.001433055,0.001428486,0.001429594
0.001430701,0.001424518,0.001439615,0.001428817,0.001439615
0.001422937,0.001418739,0.001427778,0.001422216,0.001418984
0.001429272,0.001422758,0.001434048,0.001430796,0.001429844
0.001426103,0.001421944,0.001431219,0.001425843,0.001428774
0.001426567,0.001421324,0.001429949,0.001426264,0.001421324
0.001436492,0.001429268,0.001444645,0.001437853,0.001430684
0.001427478,0.001420188,0.001432342,0.001427792,0.001426634
0.00142855,0.001423288,0.001434595,0.001428225,0.001431625
0.001433901,0.001429318,0.001438205,0.001433338,0.001437394
0.001428859,0.001423624,0.001434249,0.001428877,0.001429685
0.001427857,0.001421705,0.001434298,0.001427351,0.001425444
0.001428067,0.001422165,0.001434459,0.001426965,0.001432434
0.00142919,0.001420074,0.001435988,0.001430164,0.001434065
0.001429375,0.001424384,0.001436758,0.001428924,0.001424384
0.001425756,0.001420255,0.001430798,0.001425648,0.001429735
0.001430412,0.001426409,0.001436504,0.001428531,0.001436504
0.00143654,0.001430628,0.001443859,0.001436113,0.001433855
0.001429736,0.001425542,0.001435359,0.001429636,0.001429274
0.001428652,0.001424104,0.001432775,0.001429651,0.001429504
0.001427585,0.001421638,0.001431558,0.001428367,0.001430894
0.00142882,0.001424432,0.001434204,0.001428201,0.001426774
0.001431019,0.001428175,0.001434959,0.001431031,0.001432325
0.00142844,0.001424212,0.001432008,0.001428436,0.001429674
0.001436435,0.001431294,0.001442615,0.001436523,0.001438575
0.001426207,0.001422575,0.001430088,0.001426553,0.001428624
0.001428843,0.001423072,0.001436119,0.001428822,0.001433095
0.001433173,0.001425885,0.001439644,0.00143392,0.001439544
0.001428177,0.001423398,0.001434222,0.001427496,0.001432634
0.001431299,0.001426748,0.001435884,0.001431844,0.001431925
0.001427025,0.001423148,0.001432164,0.001426657,0.001432164
0.00142745,0.001423128,0.001431705,0.001427675,0.001431705
0.001421786,0.001418534,0.001425978,0.001421558,0.001423504
0.001423655,0.001418708,0.001427984,0.001424043,0.001427374
0.001431188,0.001424604,0.001438212,0.001431181,0.001424604
0.001425825,0.001420928,0.001432462,0.001425868,0.001427655
0.001427901,0.001422678,0.001430424,0.001428984,0.001430424
0.001426173,0.001419981,0.001432198,0.001427041,0.001422124
0.001423618,0.001418704,0.001430035,0.001424311,0.001418704
0.001427566,0.001421598,0.001431198,0.001428776,0.001424824
0.001428901,0.001423831,0.001433944,0.001429186,0.001433944
0.00143317,0.001425607,0.001441668,0.001430942,0.001430514
0.001429522,0.001421805,0.001435708,0.001431242,0.001430584
0.001429727,0.001425034,0.001434578,0.001428544,0.001432275
0.001427442,0.001422775,0.001429744,0.001428383,0.001429744
0.001429065,0.001425659,0.001432931,0.001428755,0.001428635
0.001428628,0.001424094,0.001432294,0.001429081,0.001432294
0.001426225,0.001420465,0.001431835,0.001425626,0.001431835
0.001428294,0.001420775,0.001433339,0.001429838,0.001422594
0.001431415,0.001427244,0.001438212,0.001429402,0.001434175
0.001429131,0.001424608,0.001434805,0.001428516,0.001434805
0.001429506,0.001423448,0.001437024,0.001428779,0.001437024
0.001430203,0.001424429,0.001436605,0.001429834,0.001436605
0.001431095,0.001427822,0.001436254,0.001429724,0.001436254
0.001428415,0.001424698,0.001432782,0.001428756,0.001430145
0.001430602,0.001425659,0.001436794,0.001430958,0.001436794
0.001430342,0.001422714,0.001437488,0.001430873,0.001426515
0.001428913,0.001424169,0.001437318,0.001426638,0.001426594
0.001427802,0.001422371,0.001431074,0.001430112,0.001430984
0.001428346,0.001423458,0.001433425,0.00142824,0.001433424
0.001423941,0.001419738,0.001428749,0.001423096,0.001428494
0.00142588,0.001421095,0.001432452,0.001425186,0.001423464
0.001428407,0.001422267,0.001431942,0.001430381,0.001430504
0.001429231,0.001421884,0.001436537,0.001429546,0.001428724
0.00142772,0.001422534,0.001433389,0.001426507,0.001432354
0.001426665,0.001421705,0.001431655,0.001426595,0.001430395
0.001429797,0.001424168,0.001435274,0.001430196,0.001433864
0.001427564,0.001421528,0.001432908,0.001428167,0.001430325
0.001426629,0.001421275,0.001430738,0.001428172,0.001423124
0.001428572,0.001424364,0.001435655,0.001426765,0.001435655
0.001431885,0.001428088,0.001437062,0.001431072,0.001434724
0.001428764,0.001423665,0.001434609,0.001428475,0.001432765
0.001424418,0.001418672,0.001430507,0.001424346,0.001428184
0.001429897,0.001425378,0.001436045,0.001428946,0.001436045
0.001429102,0.001423108,0.001435515,0.001429281,0.001435515
0.001426061,0.001420159,0.001430514,0.001426528,0.001430514
0.001432308,0.001427544,0.001440509,0.001430415,0.001428034
0.001427485,0.001421322,0.001432229,0.001428521,0.001426274
0.001432092,0.001426015,0.001440158,0.001430941,0.001432835
0.001429179,0.001424342,0.001434889,0.001428807,0.001425364
0.001428172,0.001424339,0.001433438,0.001427156,0.001432565
0.00142526,0.001419234,0.001429928,0.001425636,0.001426604
0.001425938,0.001422758,0.001430048,0.001424974,0.001427575
0.001429159,0.001425595,0.001434609,0.001428428,0.001429194
0.001433209,0.001426658,0.001439444,0.001435628,0.001436195
0.001431832,0.001426798,0.001440855,0.001429407,0.001440855
0.001428852,0.001424135,0.001433464,0.001429471,0.001433464
0.001424153,0.001418649,0.001427345,0.001424408,0.001427345
0.001427631,0.001423122,0.001433959,0.001427152,0.001430554
0.001423208,0.001417992,0.001427275,0.001423568,0.001427275
0.00143668,0.001430194,0.001443462,0.001435372,0.001430194
0.001429925,0.001425215,0.001435902,0.001430077,0.001430625
0.001430197,0.001424748,0.001433914,0.001431503,0.001433914
0.001429858,0.001423898,0.001436255,0.001428698,0.001436255
0.001430704,0.001424598,0.001438169,0.001429785,0.001432004
0.001429384,0.001422672,0.001436618,0.0014302,0.001432804
0.001426209,0.001419402,0.001433095,0.001428129,0.001433095
0.001425627,0.001422048,0.001430398,0.001424948,0.001426804
0.001430184,0.001427645,0.001432378,0.001430155,0.001428565
0.001424666,0.001419544,0.001430374,0.00142485,0.001430374
0.001427821,0.001422808,0.001433675,0.001427295,0.001433675
0.001432569,0.001427695,0.001438552,0.001432862,0.001431824
0.00142971,0.001425868,0.001436574,0.001428468,0.001426835
0.001427194,0.001423617,0.001433594,0.001426892,0.001433594
0.001427694,0.001422788,0.001433895,0.00142771,0.001430935
0.001424757,0.001419778,0.001430462,0.001423199,0.001430154
0.001429905,0.001422785,0.001435758,0.001429879,0.001433455
0.00142925,0.001424012,0.001435424,0.001428112,0.001435424
0.001426659,0.001422444,0.001432939,0.001425437,0.001430564
0.001425716,0.001420031,0.001430334,0.001425698,0.001429244
0.001426449,0.001424084,0.001429729,0.001426123,0.001429125
0.001426315,0.001419294,0.001432594,0.001425755,0.001432594
0.001423897,0.001418414,0.001430635,0.001424018,0.001430635
0.00143137,0.001424454,0.001435388,0.001433159,0.001434484
0.001429243,0.001425348,0.001434669,0.001427838,0.001425895
0.001426518,0.001420714,0.001433528,0.001425301,0.001420714
0.001430788,0.001425908,0.001435469,0.001431279,0.001429994
0.001427367,0.001421425,0.001432565,0.001428335,0.001423114
0.001426063,0.001420528,0.001430918,0.001426526,0.001428704
0.001429681,0.001424232,0.001434974,0.001429551,0.001427215
0.001429844,0.001425555,0.001436394,0.001429909,0.001436394
0.001424988,0.001420234,0.001432104,0.001423852,0.001422995
0.0014294,0.001423358,0.001435054,0.001430056,0.001435054
0.001426367,0.001421558,0.001430265,0.00142693,0.001430145
0.001426297,0.001419449,0.001432974,0.001425796,0.001421024
0.001427377,0.001422459,0.001431425,0.001428273,0.001431425
0.001432189,0.001427925,0.001437089,0.00143246,0.001429584
0.001425773,0.001420895,0.001429527,0.001426203,0.001428195
0.001429455,0.001424425,0.001435499,0.001429962,0.001429424
0.00142362,0.001416842,0.001427935,0.001425717,0.001425255
0.001435132,0.001431235,0.001442205,0.001433998,0.001442205
0.001421712,0.001416968,0.001427224,0.001421153,0.001427164
0.001767197,0.001432098,0.002151547,0.001829648,0.002151547
0.001765304,0.001428487,0.002171607,0.001809103,0.002171607
0.001772512,0.001432969,0.002162057,0.001843883,0.002162057
0.001734233,0.001439274,0.002164267,0.001684226,0.002164267
0.00172462,0.001434068,0.002144497,0.001674936,0.002144497
0.001718069,0.001426168,0.002156897,0.001654311,0.002156897
0.00170964,0.001423238,0.002138746,0.001634886,0.002138746
0.001723133,0.001434699,0.002155347,0.001650742,0.002155347
0.001716941,0.001428855,0.002126326,0.001670317,0.002126326
0.001663567,0.001432099,0.002122646,0.001461329,0.002122646
0.001654843,0.001420944,0.002120947,0.001454119,0.002120947
0.00178914,0.001672383,0.002082855,0.001681279,0.002082855
0.001659579,0.001434505,0.002122477,0.001461419,0.002122477
0.001637602,0.001427748,0.002124826,0.001460128,0.002124826
0.001637509,0.001432918,0.002120776,0.001448229,0.002120776
0.001630353,0.001424978,0.002110006,0.001448794,0.002110006
0.001626404,0.001423919,0.002095856,0.001445523,0.002095856
0.001639332,0.001423804,0.002123946,0.001460409,0.002123946
0.001632985,0.001429388,0.002106856,0.001453578,0.002106856
0.001604437,0.001418958,0.002112586,0.001446695,0.002112586
0.00159743,0.001425515,0.002092946,0.001436218,0.002092946
0.001769884,0.001626274,0.002173937,0.001637985,0.002173937
0.001605356,0.001424918,0.002101776,0.001451539,0.002101776
0.001597658,0.001424869,0.002084295,0.00143942,0.002084295
0.001601065,0.001428148,0.002103786,0.00143778,0.002103786
0.001591153,0.001421218,0.002078676,0.001432978,0.002078676
0.001604739,0.001429665,0.002089876,0.00145015,0.002089876
0.001593432,0.001426685,0.002058345,0.001447208,0.002058345
0.001598744,0.001425548,0.002082975,0.001447316,0.002082975
0.001590947,0.001417069,0.002071616,0.001441653,0.002071616
0.001587108,0.001421174,0.002069305,0.001430055,0.002069305
0.001595761,0.001430649,0.002060045,0.001445374,0.002060045
0.001594571,0.001424347,0.002060605,0.00144955,0.002060605
0.001593432,0.001428759,0.002063486,0.00144239,0.002063486
0.001581608,0.001425162,0.002039474,0.001430767,0.002039474
0.001585176,0.001427852,0.002049005,0.001431027,0.002049005
0.00159367,0.001426944,0.002061166,0.00144378,0.002061166
0.001591633,0.001426398,0.002048975,0.00144822,0.002048975
0.00158995,0.001419858,0.002053625,0.001445445,0.002053625
0.001592449,0.001429928,0.002050855,0.001444645,0.002050855
0.00158876,0.001423758,0.002043205,0.001444935,0.002043205
0.001589388,0.001428768,0.002040024,0.001446246,0.002040024
0.001580668,0.001417737,0.002037975,0.00143663,0.002037975
0.001580313,0.001424145,0.002026105,0.001435848,0.002026105
0.001578313,0.001421647,0.002021934,0.001437675,0.002021934
0.001587669,0.001424188,0.002031695,0.001447686,0.002031695
0.001581476,0.001426054,0.002024135,0.001440419,0.002024135
0.001581293,0.001425699,0.002013284,0.001445175,0.002013284
0.001580492,0.001423659,0.002022814,0.001438754,0.002022814
0.001571789,0.001414458,0.002015195,0.001428618,0.002015195
0.001579474,0.001422989,0.002012464,0.00143977,0.002012464
0.001586262,0.001421918,0.002025335,0.001448445,0.002025335
0.001577902,0.001426488,0.002003294,0.001442545,0.002003294
0.001578942,0.001425884,0.002020504,0.001434443,0.002020504
0.001579746,0.001422479,0.002006394,0.001445945,0.002006394
0.001578349,0.001420029,0.002004814,0.001442241,0.002004814
0.00157811,0.001430258,0.001991514,0.00144878,0.001991514
0.001571499,0.001424694,0.001998124,0.001430708,0.001998124
0.001571641,0.001422529,0.001997724,0.001432018,0.001997724
0.001569847,0.001428718,0.001978494,0.00143724,0.001978494
0.001571549,0.001426148,0.001985864,0.001436998,0.001985864
0.001573123,0.001425648,0.001996234,0.001436483,0.001996234
0.001567211,0.001423668,0.001975994,0.001434364,0.001975994
0.001565432,0.001422935,0.001984664,0.001427571,0.001984664
0.001565117,0.001421845,0.001989414,0.001424328,0.001989414
0.001564307,0.001424078,0.001963623,0.001433779,0.001963623
0.00156731,0.001428332,0.001975124,0.001433208,0.001975124
0.001559856,0.001421935,0.001963133,0.001424747,0.001963133
0.001558456,0.001423065,0.001955054,0.001428864,0.001955054
0.001560781,0.001427968,0.001954383,0.00143126,0.001954383
0.001560409,0.001426268,0.001951853,0.00143199,0.001951853
0.001559087,0.001424045,0.001954833,0.001430378,0.001954833
0.001560377,0.001426928,0.001945003,0.001434224,0.001945003
0.001563072,0.001424368,0.001969304,0.001429656,0.001969304
0.001556164,0.001427245,0.001936393,0.001430948,0.001936393
0.001555199,0.001427885,0.001931293,0.001431688,0.001931293
0.001560114,0.001425958,0.001952113,0.001431091,0.001952113
0.001558927,0.001423137,0.001955113,0.001429057,0.001955113
0.001556505,0.001423468,0.001946964,0.001427988,0.001946964
0.001559694,0.001424602,0.001953253,0.001430488,0.001953253
0.00155367,0.001425972,0.001926283,0.001432656,0.001926283
0.001557467,0.001422698,0.001945203,0.001431943,0.001945203
0.001555163,0.001424802,0.001937993,0.001430348,0.001937993
0.001552828,0.001424758,0.001921193,0.001433987,0.001921193
0.001552912,0.001419598,0.001938193,0.001427319,0.001938193
0.00154962,0.001425652,0.001912513,0.001430591,0.001912513
0.001554471,0.001425212,0.001927983,0.001432384,0.001927983
0.001546321,0.001420852,0.001912072,0.001427398,0.001912072
0.001548816,0.001424435,0.001909173,0.001430871,0.001909173
0.001551825,0.001424279,0.001921213,0.001431124,0.001921213
0.001543844,0.001421228,0.001897502,0.001429077,0.001897502
0.001547855,0.001424328,0.001904133,0.001431585,0.001904133
0.001548987,0.001426655,0.001906712,0.001431265,0.001906712
0.00154437,0.001421107,0.001899233,0.001428031,0.001899233
0.001543329,0.001424638,0.001888882,0.001430558,0.001888882
0.001545403,0.001425838,0.001895472,0.001430627,0.001895472
0.001546701,0.001425498,0.001898323,0.001431527,0.001898323
0.001546163,0.001422842,0.001905962,0.001428488,0.001905962
0.001544599,0.001421914,0.001906183,0.001425439,0.001906183
0.001550587,0.001426579,0.001908092,0.001434235,0.001908092
0.001541094,0.001420612,0.001889753,0.001427286,0.001889753
0.001549471,0.001425722,0.001908532,0.001432474,0.001908532
0.001543205,0.001421268,0.001897653,0.001426894,0.001897653
0.001538895,0.001425974,0.001866631,0.001431319,0.001866631
0.001542668,0.001424465,0.001888502,0.001430115,0.001888502
0.001539931,0.001419128,0.001889112,0.001426447,0.001889112
0.001538887,0.001424988,0.001871992,0.001429746,0.001871992
0.00154302,0.001427058,0.001881972,0.001432662,0.001881972
0.001535566,0.001425862,0.001856612,0.001429864,0.001856612
0.001537034,0.001426892,0.001859942,0.001431929,0.001859942
0.001537805,0.001425848,0.001861271,0.001432859,0.001861271
0.001536715,0.001422948,0.001870902,0.001426505,0.001870902
0.001536,0.001423739,0.001858612,0.001432756,0.001858612
0.001537865,0.001428122,0.001859332,0.0014337,0.001859332
0.001535904,0.001423118,0.001856821,0.00143182,0.001856821
0.001539553,0.001425621,0.001872752,0.001431036,0.001872752
0.00153917,0.001423449,0.001872602,0.001431085,0.001872602
0.001532119,0.001424078,0.001848262,0.001428518,0.001848262
0.001533379,0.001425458,0.001839831,0.001434628,0.001839831
0.001535355,0.001426304,0.001854282,0.001430548,0.001854282
0.001536094,0.001424008,0.001864942,0.001428953,0.001864942
0.001536045,0.001422538,0.001866302,0.001428396,0.001866302
0.001516526,0.001416394,0.001808541,0.001421373,0.001808541
0.001524052,0.001418558,0.001829771,0.001424184,0.001829771
0.001524571,0.001421322,0.001820441,0.001427891,0.001820441
0.001522074,0.001420765,0.001815481,0.001425808,0.001815481
0.001480819,0.001421878,0.001648348,0.00142806,0.001648348
0.001474735,0.001412638,0.001660239,0.001413501,0.001660239
0.00148159,0.001427441,0.001638267,0.001431512,0.001638267
0.001492599,0.001424578,0.001687088,0.001431032,0.001687088
0.001480546,0.001421532,0.001649678,0.001425819,0.001649678
0.00148893,0.001424037,0.001671749,0.00143037,0.001671749
0.001491863,0.001426372,0.001677579,0.001432647,0.001677579
0.001476864,0.001420392,0.001643668,0.00142196,0.001643668
0.0014363,0.001422948,0.001462585,0.001430437,0.001462585
0.001439876,0.001422189,0.001475695,0.001430707,0.001475695
0.001432113,0.001419848,0.001453435,0.001427876,0.001453435
0.001436072,0.001424827,0.001460665,0.001431275,0.001460665
0.001432876,0.001419959,0.001462315,0.001426192,0.001462315
0.001433246,0.001423498,0.001453044,0.001429455,0.001453044
0.00143189,0.001425228,0.001436835,0.00143295,0.001436835
0.00143186,0.001423728,0.001439295,0.001432171,0.001439295
0.001434734,0.001426798,0.001447524,0.001433227,0.001447524
0.00143253,0.001424662,0.001445805,0.001429968,0.001445805
0.001430504,0.001421747,0.001444855,0.001427711,0.001444855
0.001435301,0.001423891,0.001460475,0.001429277,0.001460475
0.001434255,0.001423199,0.001461585,0.001426566,0.001461585
0.001429112,0.001418138,0.001450294,0.001425448,0.001450294
0.001432473,0.001419618,0.001460715,0.001425418,0.001460715
0.001434605,0.001422968,0.001451775,0.001432491,0.001451775
0.001433929,0.001424438,0.001451355,0.001431703,0.001451355
0.001431522,0.001424508,0.001438104,0.00143227,0.001438104
0.001429709,0.001416838,0.001449599,0.001426212,0.001449344
0.001433107,0.001428925,0.001440135,0.001432853,0.001440135
0.001431542,0.001427835,0.001435484,0.001431533,0.001435484
0.001430481,0.001426191,0.001434104,0.001431384,0.001434104
0.001433855,0.001427531,0.001440985,0.001435258,0.001440985
0.001432081,0.001426978,0.001435908,0.001433024,0.001435394
0.001432149,0.001425398,0.001442095,0.001429776,0.001442095
0.001432158,0.001418164,0.001457525,0.001425755,0.001457525
0.001435686,0.001426257,0.001453185,0.001432487,0.001453185
0.001431407,0.001427837,0.001435092,0.001430303,0.001434634
0.00143142,0.001424724,0.001443285,0.001429513,0.001443285
0.001431539,0.001421547,0.001450425,0.001428121,0.001450425
0.001429314,0.001423948,0.001436274,0.001429144,0.001436274
0.001428237,0.001421337,0.001433525,0.001429044,0.001433525
0.001426872,0.001421308,0.001437594,0.001424813,0.001437594
0.001432377,0.001424428,0.001445535,0.001430478,0.001445535
0.001435754,0.001424952,0.001458905,0.001430078,0.001458905
0.00143103,0.001420358,0.001449365,0.001428318,0.001449365
0.001429765,0.001420858,0.001440844,0.001429175,0.001440844
0.001437234,0.001427294,0.001458245,0.0014326,0.001458245
0.001430261,0.001421494,0.001449915,0.001425864,0.001449915
0.001430006,0.001419988,0.001454695,0.001423423,0.001454695
0.001431747,0.001422568,0.001453315,0.00142589,0.001453315
0.001429222,0.001419898,0.001451454,0.001421933,0.001451454
0.001434862,0.001425328,0.001450525,0.001432242,0.001450525
0.001434404,0.001423581,0.001453825,0.001430843,0.001453825
0.001434833,0.001425348,0.001451655,0.001431645,0.001451655
0.001434435,0.001423328,0.001453335,0.00143155,0.001453335
0.00143356,0.001420528,0.001456164,0.001429263,0.001456164
0.001433274,0.001424208,0.001449045,0.001429384,0.001449045
0.001430439,0.001419015,0.001454085,0.00142456,0.001454085
0.001434807,0.001426832,0.001443825,0.001434807,0.001443825
0.001431632,0.001425449,0.001439194,0.001431323,0.001439194
0.001429683,0.001423688,0.001433907,0.001429642,0.001431225
0.001428611,0.001422408,0.001434524,0.001429918,0.001434524
0.001432034,0.001425245,0.001441375,0.001432618,0.001441375
0.001420209,0.001414314,0.001432984,0.001417051,0.001432984
0.001428312,0.001424595,0.001434145,0.001427563,0.001434145
0.001431544,0.001424898,0.001438955,0.001432098,0.001438955
0.001430322,0.001424312,0.001440134,0.001429025,0.001440134
0.001432066,0.001422698,0.001451245,0.001428196,0.001451245
0.001431992,0.001422928,0.001450785,0.001427399,0.001450785
0.001430839,0.001419729,0.001447215,0.001428477,0.001447215
0.001422593,0.001417801,0.001431974,0.001420776,0.001431974
0.001422997,0.001417674,0.001436585,0.001419501,0.001436585
0.001434532,0.001428028,0.001438245,0.001435263,0.001437144
0.001436721,0.001426084,0.001452789,0.001434923,0.001452605
0.001428682,0.001422758,0.001437035,0.001428975,0.001437035
0.001429605,0.001420069,0.001438884,0.001429177,0.001438884
0.001431951,0.001421778,0.001448855,0.001428891,0.001448855
0.001433605,0.001424492,0.001447165,0.001433264,0.001447165
0.0014295,0.001423918,0.001433665,0.001430713,0.001432234
0.001435307,0.001428958,0.001443259,0.001433395,0.001430545
0.001429221,0.001421675,0.001440155,0.001427866,0.001440155
0.001428779,0.001424708,0.001434388,0.001427857,0.001427244
0.001428415,0.001422795,0.001433071,0.001428558,0.001424414
0.001428951,0.001420475,0.001438994,0.001428496,0.001438994
0.001427578,0.001425554,0.001431501,0.001426917,0.001427445
0.001423816,0.001419279,0.001428264,0.001423508,0.001428264
0.001429176,0.001424688,0.001435018,0.001428658,0.001431365
0.001429483,0.001425024,0.001435214,0.001429078,0.001425024
0.001427991,0.001422925,0.001432968,0.00142745,0.001424565
0.001429641,0.001423467,0.001435258,0.001430348,0.001423944
0.001430152,0.001425229,0.001435615,0.001430495,0.001431304
0.001425147,0.001420328,0.001430084,0.001425596,0.001430084
0.001424476,0.001420458,0.001428488,0.001424867,0.001427394
0.001426952,0.001421808,0.001431384,0.001428369,0.001428484
0.001429292,0.001423518,0.001433185,0.001429373,0.001433185
0.001428155,0.001421898,0.001435755,0.001426605,0.001425804
0.001431576,0.001429438,0.001437502,0.001430268,0.001429734
0.001424191,0.001420325,0.001427852,0.001424651,0.001425834
0.001429526,0.001425694,0.001432889,0.001428648,0.001427404
0.001429795,0.001425854,0.001434338,0.001429083,0.001425854
0.001431085,0.001426658,0.001434529,0.001430736,0.001432514
0.001429051,0.001422918,0.001435405,0.001428988,0.001424365
0.001431182,0.001426268,0.001435938,0.001430461,0.001428144
0.001433594,0.001430178,0.001440779,0.001432131,0.001430315
0.001431066,0.001427215,0.001435525,0.001430163,0.001435525
0.001429196,0.001424549,0.001435242,0.001427146,0.001426074
0.001422391,0.001418794,0.001426229,0.001422353,0.001418794
0.001430573,0.001425688,0.001435768,0.001430573,0.001431824
0.001425374,0.001419054,0.001431269,0.001424918,0.001419054
0.001424955,0.001421794,0.001430672,0.0014236,0.001424024
0.001425666,0.001421654,0.001432805,0.001423703,0.001421654
0.001423966,0.001418345,0.001428288,0.001424468,0.001427484
0.001427959,0.001424484,0.001434229,0.001425422,0.001424484
0.001428062,0.001423384,0.001432309,0.001428196,0.001423384
0.001430372,0.001425074,0.001435925,0.001430093,0.001434545
0.001421816,0.001417185,0.001427867,0.001421318,0.001424124
0.00142724,0.001422244,0.001432538,0.001426831,0.001422244
0.001425606,0.001420821,0.001433469,0.001423588,0.001420974
0.001426948,0.001423318,0.001431079,0.001426301,0.001430775
0.001424698,0.001421554,0.001430338,0.001423604,0.001421554
0.00142291,0.001417015,0.001428728,0.00142245,0.001417954
0.001431921,0.001426297,0.001436794,0.001432153,0.001434854
0.001430397,0.001424197,0.001435668,0.001431092,0.001433005
0.001428599,0.001424694,0.001434385,0.001428893,0.001424694
0.001425836,0.001419938,0.001432314,0.001425852,0.001428205
0.001423452,0.001419534,0.001427715,0.001423186,0.001419534
0.001419293,0.001414854,0.001422658,0.001420374,0.001414854
0.001427986,0.001422712,0.001434148,0.001429323,0.001424874
0.001431677,0.001427337,0.001438005,0.001431123,0.001438005
0.001423436,0.001418018,0.001427384,0.001423929,0.001427384
0.001423711,0.001417954,0.001428205,0.001424092,0.001425644
0.001419726,0.001415794,0.001424148,0.001418951,0.001415794
0.001422545,0.001419425,0.001425037,0.001422175,0.001422614
0.001427002,0.001422508,0.001433081,0.001424928,0.001423875
0.00143113,0.001426169,0.001436448,0.001430556,0.001426754
0.001428574,0.001422068,0.001433528,0.001429607,0.001431715
0.001427882,0.001423664,0.001432178,0.001429053,0.001429404
0.001426391,0.001421194,0.001431892,0.001425999,0.001426235
0.001428151,0.001421415,0.001433058,0.001428693,0.001432504
0.00141981,0.001415288,0.001424807,0.001419736,0.001421515
0.001425864,0.001419375,0.001431054,0.001425968,0.001431054
0.001421481,0.001417088,0.001426518,0.001420869,0.001421445
0.001427559,0.001423445,0.001429262,0.001428566,0.001429034
0.00142569,0.001419088,0.001429278,0.001427554,0.001421615
0.001432745,0.001424364,0.001439058,0.001432181,0.001424364
0.001427152,0.001424118,0.001430594,0.001427081,0.001428365
0.001425165,0.001421378,0.001431572,0.001424402,0.001423184
0.001425161,0.001422048,0.001429325,0.001424025,0.001422445
0.001418491,0.001415264,0.001423479,0.001417893,0.001416344
0.001431814,0.001427048,0.001436918,0.001431973,0.001431905
0.001428399,0.001423135,0.001433158,0.001427687,0.001429394
0.001427701,0.001422637,0.001432108,0.001428153,0.001429975
0.001418567,0.001413391,0.001424034,0.001418952,0.001414694
0.001423277,0.001419415,0.001427238,0.001422716,0.001421114
0.001423989,0.001421932,0.001426344,0.001423623,0.001426344
0.001417663,0.001411954,0.001423914,0.001417152,0.001423914
0.001427692,0.001424112,0.001432978,0.001427156,0.001424465
0.00142683,0.001422554,0.001430879,0.001426993,0.001422554
0.001423433,0.001419085,0.001427208,0.001423616,0.001419085
0.00142997,0.001424458,0.001435658,0.00142941,0.001425654
0.001426503,0.001423589,0.001429728,0.001425883,0.001428385
0.001422178,0.001418697,0.001426294,0.001422242,0.001426294
0.001427016,0.001422498,0.001434275,0.001425937,0.001434275
0.001427497,0.001422938,0.001431994,0.001426997,0.001427174
0.001428581,0.001424738,0.001436438,0.001426421,0.001424785
0.00142946,0.001424684,0.001435519,0.001430003,0.001424684
0.001429775,0.001424775,0.001435718,0.001430415,0.001424775
0.0014283,0.001424259,0.001433092,0.001427911,0.001425464
0.001428539,0.001420735,0.001432165,0.001429719,0.001420735
0.001424169,0.001419114,0.001428354,0.001424315,0.001419114
0.001430181,0.001425198,0.001435165,0.001430527,0.001430305
0.001428861,0.001424799,0.001432365,0.001429053,0.001430944
0.001429156,0.001424598,0.001436319,0.001427627,0.001427394
0.001428516,0.001423724,0.001434968,0.001428298,0.001423724
0.001426055,0.001420164,0.001432709,0.001425459,0.001420164
0.001421186,0.001417974,0.001424457,0.001421043,0.001417974
0.001425648,0.001421645,0.001430627,0.001424941,0.001423725
0.001430279,0.001424012,0.001435009,0.001431421,0.001432974
0.001427486,0.001424014,0.001434052,0.001425721,0.001425884
0.001425493,0.001419988,0.001432852,0.001423526,0.001421934
0.001426615,0.001421774,0.001434534,0.001424113,0.001421774
0.00142008,0.001416084,0.001424308,0.001419661,0.001422164
0.001424937,0.001420615,0.001430149,0.001424625,0.001427265
0.0014329,0.001428315,0.001439448,0.001431908,0.001437354
0.001428956,0.001424348,0.001434204,0.001429261,0.001430844
0.001430974,0.001425018,0.001437285,0.001430645,0.001437285
0.001425228,0.001421551,0.001429235,0.001425714,0.001428264
0.001417557,0.001414889,0.001420965,0.001417564,0.001418034
0.001427401,0.001422398,0.001434415,0.001427348,0.001434415
0.001415796,0.001412538,0.001418344,0.0014157,0.001418344
0.001429437,0.001421885,0.001436858,0.001429725,0.001421885
0.001427851,0.001422552,0.001432835,0.001427419,0.001425804
0.001429136,0.001424605,0.001434565,0.001429545,0.001424605
0.001425963,0.001420397,0.001431168,0.001425927,0.001423474
0.001425983,0.001422132,0.001429955,0.001425617,0.001427945
0.001427326,0.001421548,0.001432977,0.001426833,0.001431074
0.00142694,0.001422965,0.001432742,0.001425638,0.001422965
0.001423245,0.001418214,0.001434768,0.001420977,0.001418214
0.001445381,0.001439374,0.001452468,0.001444762,0.001441395
0.001429875,0.001426689,0.001435889,0.00142886,0.001426895
0.001424932,0.001420284,0.001428694,0.00142583,0.001420284
0.001422871,0.001419685,0.001425178,0.001423266,0.001424905
0.001426944,0.001420635,0.001432042,0.001427414,0.001430164
0.001425492,0.001421005,0.001429827,0.001425326,0.001421005
0.00143249,0.001427122,0.001437569,0.001431759,0.001437554
0.001429379,0.001425845,0.001433478,0.001429325,0.001425845
0.001431877,0.001427848,0.001436028,0.001432427,0.001432804
0.001425948,0.001420942,0.001430004,0.001426173,0.001428805
0.001421645,0.001418404,0.001426554,0.001421482,0.001426554
0.001426707,0.001420888,0.001429968,0.001427516,0.001428685
0.001429611,0.001426568,0.001433469,0.001429452,0.001430364
0.001431908,0.001426531,0.001437575,0.001432426,0.001437575
0.001425702,0.001421617,0.001430094,0.001425952,0.001425374
0.001417791,0.001412801,0.001422348,0.001417348,0.001414435
0.001423607,0.001417304,0.001429538,0.001425171,0.001417304
0.001425774,0.001421685,0.001429668,0.001425476,0.001421685
0.001428591,0.001424005,0.001434358,0.001427726,0.001429124
0.001424798,0.001418808,0.001434739,0.001424472,0.001427095
0.001425326,0.001420499,0.001430742,0.001425115,0.001425474
0.001429398,0.001420738,0.001435288,0.00142861,0.001428925
0.001429518,0.001425772,0.001434958,0.001428821,0.001432844
0.001425625,0.001422774,0.001429839,0.001424939,0.001427975
0.001420387,0.001417532,0.001424318,0.001419098,0.001417774
0.001420682,0.001418138,0.001423775,0.001420186,0.001423775
0.0014222,0.001420108,0.001427818,0.001421444,0.001421224
0.001427529,0.001421694,0.001434528,0.001426734,0.001427974
0.001429809,0.001425229,0.001435549,0.00142962,0.001431424
0.001428133,0.001423528,0.001432259,0.001429083,0.001428655
0.001428147,0.001423745,0.001434442,0.001428276,0.001427934
0.001428591,0.001421867,0.001433388,0.001431509,0.001431465
0.001426392,0.001421664,0.001430209,0.001426916,0.001429384
0.001423824,0.001419895,0.001430112,0.001423097,0.001424505
0.001427178,0.001422498,0.001431618,0.001427033,0.001428274
0.001433044,0.001426435,0.001438659,0.001434891,0.001426435
0.001431222,0.001426134,0.001438168,0.001429505,0.001426134
0.0014281,0.001423148,0.001434929,0.001427101,0.001426605
0.001430451,0.001426418,0.001435524,0.001429563,0.001429084
0.001427794,0.001423118,0.001433212,0.001427611,0.001431215
0.001424058,0.001419788,0.001430137,0.001423276,0.001421494
0.001427962,0.001422392,0.001432468,0.001428816,0.001432365
0.001429421,0.001424458,0.001434788,0.001428186,0.001429174
0.001429209,0.001426478,0.001433618,0.001428298,0.001427614
0.001422985,0.001418805,0.001428244,0.001421705,0.001419814
0.001421553,0.001417917,0.001427209,0.001420348,0.001419324
0.001425281,0.001420519,0.001432264,0.001422494,0.001432264
0.001423937,0.001420218,0.001429785,0.001422998,0.001426895
0.001430276,0.001425662,0.001436944,0.001429751,0.001436944
0.001429749,0.001423579,0.001434995,0.001429334,0.001430995
0.001428435,0.001422405,0.001433494,0.00142892,0.001433494
0.001425441,0.001422078,0.001428024,0.001426151,0.001426254
0.001428455,0.001422218,0.001436002,0.001430206,0.001430484
0.001425929,0.001422979,0.001430785,0.001425223,0.001429004
0.001429832,0.001428054,0.001432007,0.001429778,0.001428054
0.001433432,0.001426898,0.001441498,0.001431381,0.001438104
0.001429202,0.001421779,0.001436002,0.001428112,0.001427665
0.001427722,0.001422958,0.001433375,0.001425561,0.001424144
0.001427393,0.001422908,0.001432458,0.001427156,0.001423885
0.001428203,0.001421788,0.001433318,0.001429042,0.001428064
0.001427511,0.001423124,0.001433829,0.001427236,0.001430125
0.00142393,0.001417104,0.001429918,0.001424396,0.001417104
0.001434978,0.001427595,0.001441375,0.001434904,0.001441065
0.001427966,0.001421958,0.001433695,0.001428765,0.001432074
0.00142642,0.001421324,0.001434082,0.001426792,0.001426025
0.001425366,0.001421328,0.001432842,0.00142323,0.001427424
0.001426866,0.001422928,0.001432149,0.001425325,0.001428945
0.001427194,0.001421054,0.001431582,0.001427907,0.001430034
0.001427486,0.001423929,0.001433375,0.001426508,0.001424255
0.001430635,0.001426354,0.001434654,0.001430618,0.001434654
0.001428469,0.001423882,0.001434425,0.001429184,0.001428994
0.001417368,0.001413028,0.001422162,0.001417721,0.001414854
0.001422775,0.001417848,0.001429025,0.001421312,0.001418625
0.001424867,0.001419608,0.001429348,0.001424786,0.001427034
0.00142648,0.001421725,0.001432508,0.00142509,0.001426125
0.001427554,0.001422275,0.001434268,0.001427089,0.001423334
0.00143075,0.001423214,0.001435445,0.001433313,0.001435445
0.001424536,0.001419497,0.001428832,0.001424481,0.001428324
0.00142282,0.001419105,0.001427711,0.001422177,0.001419105
0.001426784,0.001421744,0.001434094,0.001424198,0.001421744
0.001421985,0.001416975,0.001428082,0.001421066,0.001416975
0.001427807,0.001426234,0.001431984,0.001426351,0.001431984
0.001425297,0.001419108,0.001430072,0.001426476,0.001424545
0.001431127,0.001425098,0.001437868,0.001430328,0.001434324
0.001432994,0.001429042,0.001438919,0.001432866,0.001436235
0.001425785,0.001422078,0.001430718,0.001424776,0.001427204
0.001432994,0.001429045,0.001441308,0.001431412,0.001429045
0.001427289,0.001421554,0.001433028,0.00142705,0.001421554
0.001427059,0.001423969,0.001432158,0.001425631,0.001424974
0.001427802,0.001425088,0.001433988,0.001427056,0.001426834
0.001431651,0.001423524,0.001439478,0.001431906,0.001428224
0.001431979,0.001427135,0.001439899,0.001431141,0.001427135
0.001419474,0.001417329,0.001421915,0.001419758,0.001418164
0.0014235,0.001419568,0.001428752,0.001422566,0.001421344
0.001428229,0.001423744,0.001433598,0.001427253,0.001423744
0.001432939,0.001428924,0.001439325,0.00143115,0.001439325
0.001429515,0.001424229,0.001434084,0.001429136,0.001434084
0.001427825,0.001423235,0.001434795,0.001426573,0.001431345
0.001428056,0.001423654,0.001433735,0.001428863,0.001423654
0.00143083,0.001423965,0.001437542,0.001430016,0.001423965
0.00142786,0.001424805,0.001433339,0.001426313,0.001425494
0.001422447,0.001416464,0.001426575,0.00142378,0.001416464
0.003819862,0.003408872,0.004776238,0.00341436,0.004360004
0.05822715,0.002976996,0.101414267,0.064870271,0.025848001
0.001475493,0.001470858,0.001482615,0.001474062,0.001473806
0.001427507,0.001422849,0.001431825,0.001428231,0.001429604
0.001425802,0.001420018,0.001431648,0.001425373,0.001430335
0.00142689,0.001422354,0.001431595,0.001426378,0.001429084
0.001429702,0.001424558,0.001433775,0.001429932,0.001433715
0.001429805,0.001425968,0.001434465,0.00142967,0.001426894
0.001430982,0.001426118,0.001435099,0.001431435,0.001432575
0.001427431,0.001424729,0.001429122,0.001427786,0.001425414
0.001422562,0.001417574,0.001428284,0.001422925,0.001425025
0.001425535,0.001421389,0.001429239,0.001425876,0.001426484
0.001418912,0.001416282,0.001422585,0.001418788,0.001419525
0.001419296,0.001416884,0.001423109,0.001419124,0.001416884
0.001430574,0.001424411,0.001433528,0.001431779,0.001432604
0.001429995,0.001426104,0.001436698,0.001427355,0.001426104
0.001423291,0.001417798,0.001428468,0.001423151,0.001420824
0.00142874,0.001423964,0.001436239,0.001427413,0.001423964
0.00142903,0.001423011,0.001434848,0.001430337,0.001431995
0.001425457,0.001421664,0.001432168,0.001424886,0.001426284
0.001429389,0.001424542,0.001435369,0.001428762,0.001431215
0.001432887,0.001425702,0.001437939,0.001434885,0.001433714
0.001426372,0.001420979,0.001430015,0.001427051,0.001427015
0.001428888,0.001423928,0.001434039,0.001428661,0.001424954
0.001430941,0.001425205,0.001436438,0.001431324,0.001425205
0.001428947,0.001426608,0.001432758,0.001428487,0.001429944
0.00142591,0.001422244,0.001431168,0.001425061,0.001426564
0.001417867,0.001413745,0.001422549,0.001417901,0.001417014
0.001431326,0.001427079,0.001434395,0.001432181,0.001434205
0.001428239,0.001424427,0.001434058,0.001426393,0.001424444
0.001425571,0.001420525,0.001430965,0.001426154,0.001420525
0.00142654,0.001422179,0.001434274,0.001425261,0.001422834
0.001428475,0.001421548,0.001434065,0.001430283,0.001434065
0.00142683,0.001422274,0.001431508,0.001426286,0.001422274
0.001425176,0.001420004,0.001432559,0.00142457,0.001426015
0.001432461,0.001427034,0.001438588,0.001433247,0.001427034
0.001423017,0.001417788,0.001429585,0.001422751,0.001418694
0.001426892,0.001421647,0.001432294,0.00142643,0.001423274
0.001433514,0.001428738,0.001438842,0.001433405,0.001434894
0.001429684,0.001424089,0.001435732,0.001428701,0.001434045
0.001423043,0.001420498,0.001426708,0.001422506,0.001422634
0.001428356,0.001423675,0.001432508,0.001428711,0.001430785
0.001427343,0.001422178,0.001430574,0.001428339,0.001428834
0.001429672,0.001425424,0.001434725,0.001429008,0.001425424
0.001433832,0.001429104,0.001439068,0.001433392,0.001429104
0.001426055,0.001421335,0.001431264,0.00142558,0.001421335
0.001429453,0.001424568,0.001435454,0.001428322,0.001435454
0.001425595,0.001421888,0.001431865,0.001423069,0.001431865
0.001429328,0.001424334,0.001433328,0.001428721,0.001428304
0.001434174,0.001426361,0.001440195,0.001434926,0.001440195
0.00143001,0.001425238,0.001436075,0.001430547,0.001430414
0.001434171,0.001426988,0.001442755,0.001434957,0.001428894
0.00142699,0.001422178,0.001433475,0.001426575,0.001433475
0.001430704,0.001426558,0.001436488,0.001429344,0.001434584
0.001425109,0.001420438,0.001429229,0.001425276,0.001426475
0.001428518,0.001423894,0.001433849,0.001429025,0.001431954
0.001430601,0.001425848,0.001434499,0.001432006,0.001433755
0.001426832,0.001422078,0.001434674,0.001425218,0.001434674
0.001429257,0.001424659,0.001433634,0.001429093,0.001432525
0.001431333,0.001426994,0.001437038,0.00143067,0.001426994
0.001430654,0.001427529,0.001435542,0.001430154,0.001428434
0.001432705,0.001427678,0.001440539,0.001430084,0.001429245
0.001425247,0.001421441,0.001432038,0.001424464,0.001426634
0.001421827,0.001418668,0.001426275,0.001421663,0.001426275
0.00142993,0.001425694,0.001435685,0.001428496,0.001425694
0.001423085,0.001417035,0.001428831,0.001423313,0.001417035
0.001423943,0.001419827,0.001429074,0.001423212,0.001420664
0.001420287,0.001415912,0.001424728,0.001421226,0.001422674
0.001427026,0.001423472,0.001430588,0.001426059,0.001424854
0.001428666,0.001423649,0.001435665,0.001428272,0.001435665
0.001423566,0.001418928,0.001428855,0.001423506,0.001419774
0.001428141,0.001423684,0.001432987,0.001427469,0.001424724
0.001425956,0.001423064,0.001429228,0.001425852,0.001423064
0.001429699,0.001427194,0.001436429,0.001427631,0.001427194
0.001422208,0.001417438,0.001428654,0.001421566,0.001423464
0.001430581,0.001426155,0.001436369,0.001430008,0.001431815
0.001433414,0.001425984,0.001437344,0.001434244,0.001437344
0.001429696,0.001426122,0.001435484,0.001429307,0.001428915
0.001430455,0.001425648,0.001435795,0.001431338,0.001426084
0.001434604,0.001430998,0.001441979,0.001433627,0.001431885
0.001425746,0.001422584,0.001430968,0.001425066,0.001424314
0.001430856,0.001424445,0.001436069,0.001430365,0.001433764
0.001432393,0.001427662,0.001438839,0.001432403,0.001434395
0.001430551,0.001426239,0.001435414,0.001430482,0.001435044
0.001429669,0.001424708,0.001437305,0.001427673,0.001437305
0.001432546,0.001428938,0.001437902,0.001431706,0.001430214
0.00142591,0.001421569,0.001429908,0.001424985,0.001423525
0.001423882,0.001419274,0.001429189,0.001423633,0.001419974
0.001424898,0.001419834,0.001430318,0.001424472,0.001425655
0.001423946,0.001419422,0.001429644,0.001423624,0.001426304
0.001430712,0.001424827,0.001436259,0.001430563,0.001434965
0.001430416,0.001426389,0.001435978,0.001428105,0.001427344
0.001431231,0.001427189,0.001437358,0.001429866,0.001428584
0.001431874,0.001427638,0.001439195,0.00143057,0.001428655
0.001418136,0.001415528,0.001421928,0.001417626,0.001416514
0.001431715,0.001428194,0.001437748,0.001430766,0.001432095
0.001427165,0.001422815,0.001433514,0.001425853,0.001433514
0.001431021,0.001426578,0.001438584,0.001430017,0.001430955
0.001425365,0.001421647,0.001429774,0.001425485,0.001427434
0.001427306,0.001420657,0.001433329,0.00142747,0.001431845
0.001429398,0.001425694,0.001432688,0.001429307,0.001432424
0.001428098,0.001423517,0.001433014,0.001428873,0.001432835
0.001422936,0.001417278,0.001428868,0.001422831,0.001427704
0.001425063,0.001420878,0.001431718,0.001423692,0.001422325
0.001430661,0.001423835,0.001438049,0.001430448,0.001434364
0.001423958,0.001418315,0.001429155,0.001423493,0.001418315
0.001430909,0.001424989,0.001436512,0.001432092,0.001427434
0.001422718,0.001415908,0.001427194,0.00142458,0.001424785
0.001430929,0.001427164,0.001434388,0.001431417,0.001433184
0.001426962,0.001422798,0.001431698,0.001426966,0.001429995
0.001417566,0.001413985,0.001421614,0.001417423,0.001421614
0.001426476,0.001421178,0.001430838,0.001426663,0.001423395
0.001427005,0.001420405,0.001431514,0.001427133,0.001431374
0.001427198,0.001425454,0.001431975,0.001426106,0.001426105
0.00142891,0.001423599,0.001434498,0.001428583,0.001425114
0.001421467,0.001418245,0.001426008,0.001420395,0.001418245
0.001422086,0.001416988,0.001428148,0.001421193,0.001426384
0.001425011,0.001419475,0.001431188,0.001424338,0.001421004
0.001429096,0.001423284,0.001435377,0.001429245,0.001432464
0.001428906,0.001424334,0.001432928,0.001429568,0.001428215
0.001431771,0.001426614,0.001439422,0.001429972,0.001426614
0.001427315,0.001422848,0.001431388,0.001426009,0.001424615
0.001428156,0.001422701,0.001436929,0.001426657,0.001433244
0.001428839,0.001424308,0.001436059,0.001426548,0.001425795
0.001425452,0.001421484,0.001428344,0.001426198,0.001428344
0.001429376,0.001422728,0.001436362,0.001429084,0.001433475
0.001415541,0.001412294,0.001419032,0.001416032,0.001412294
0.001431648,0.001427359,0.001437028,0.001431511,0.001428175
0.001430601,0.001426118,0.001438389,0.001429512,0.001426514
0.001423605,0.001419872,0.001428708,0.001422612,0.001420075
0.001428853,0.001425292,0.001435115,0.001427053,0.001432074
0.001424339,0.001420662,0.001428948,0.001423554,0.001423415
0.001430162,0.001425968,0.001433744,0.001430804,0.001433744
0.001430706,0.001425927,0.001436288,0.001430908,0.001432345
0.001432315,0.001428197,0.001439335,0.001430805,0.001435585
0.001423439,0.001419557,0.001429102,0.001423311,0.001425854
0.001428084,0.001424214,0.001435179,0.001426817,0.001424214
0.00142613,0.001421724,0.001430858,0.001426154,0.001427774
0.001429831,0.001425688,0.001434918,0.001429792,0.001432615
0.001430651,0.001424005,0.001436694,0.00142978,0.001436694
0.001425901,0.001420878,0.001432065,0.001424783,0.001429745
0.001429338,0.001424779,0.001434878,0.001429196,0.001427074
0.001428679,0.001424025,0.001434859,0.001427559,0.001424025
0.001431479,0.001427268,0.001436648,0.001431761,0.001430394
0.001428479,0.001423364,0.001434652,0.001426467,0.001432655
0.001427301,0.001423248,0.001431514,0.001426165,0.001431514
0.001432705,0.001428625,0.001440135,0.001430968,0.001440135
0.001422877,0.001418732,0.001428254,0.001420896,0.001428254
0.001431822,0.001428149,0.001437792,0.001431544,0.001433114
0.00142761,0.001423338,0.001433838,0.001427385,0.001423874
0.001427665,0.001423524,0.001434849,0.001426419,0.001427934
0.001430806,0.001425075,0.001435462,0.001431727,0.001434265
0.001430845,0.001425088,0.001438265,0.001431183,0.001435164
0.001428348,0.001423408,0.001433474,0.001427435,0.001430865
0.001427689,0.001423689,0.001433854,0.001425269,0.001424904
0.001425651,0.001422948,0.001428255,0.001425546,0.001424865
0.001427115,0.001423248,0.001431068,0.001427734,0.001428634
0.001429232,0.001425601,0.001433759,0.001428421,0.001431355
0.00142397,0.001418048,0.001431258,0.001423369,0.001426584
0.00142745,0.001421984,0.001431788,0.001427841,0.001431155
0.001429847,0.001425651,0.001433684,0.001430241,0.001433684
0.001426975,0.001422281,0.001430179,0.001428656,0.001429585
0.001427551,0.001421544,0.001435637,0.001426704,0.001421544
0.001422171,0.001418635,0.001426878,0.001420744,0.001420694
0.001425424,0.001419764,0.001430929,0.001423778,0.001423284
0.00142189,0.001418209,0.001428449,0.001420449,0.001424815
0.001425857,0.001421794,0.001432522,0.001424256,0.001421794
0.00142738,0.001421924,0.001432905,0.001428962,0.001429835
0.00141884,0.001414738,0.001423324,0.001418332,0.001423324
0.001429541,0.001423058,0.001433964,0.001430555,0.001433855
0.001430393,0.001425999,0.001434222,0.001430792,0.001428684
0.001428897,0.001422244,0.001435548,0.001427801,0.001428375
0.001429086,0.001422194,0.001434038,0.001430683,0.001432044
0.001427465,0.001423045,0.001432348,0.001427161,0.001430755
0.001432611,0.001427604,0.001437375,0.00143257,0.001437375
0.001431115,0.001424289,0.001437258,0.001431724,0.001431464
0.001433731,0.001428839,0.001440302,0.001432991,0.001430485
0.00142714,0.001420008,0.001430775,0.001427861,0.001429524
0.001428297,0.001425784,0.001430967,0.001428389,0.001427685
0.001426544,0.001421844,0.001431302,0.001426561,0.001422034
0.001429925,0.001423178,0.001438399,0.001428425,0.001437935
0.001429347,0.001425342,0.001434238,0.001428418,0.001432064
0.001433534,0.001428568,0.001440939,0.001432392,0.001429604
0.001431595,0.001427628,0.001437585,0.001430125,0.001428065
0.001430761,0.001427818,0.001435879,0.001428842,0.001428004
0.001430646,0.001426839,0.001436588,0.0014293,0.001429655
0.0014326,0.001428924,0.001438108,0.001432661,0.001428924
0.00142417,0.001418624,0.001429549,0.001424473,0.001421144
0.00142906,0.001422694,0.001435479,0.001428461,0.001429134
0.001431036,0.001426845,0.001437189,0.001431257,0.001432674
0.001430805,0.001425954,0.001436518,0.001429874,0.001425954
0.001422065,0.001415648,0.001428314,0.001422831,0.001417794
0.001429946,0.001424768,0.001435949,0.001429274,0.001426164
0.001425801,0.001421048,0.001431928,0.001425248,0.001422064
0.001425592,0.001419464,0.001430875,0.001425568,0.001430875
0.001432216,0.001426745,0.001437949,0.001432144,0.001433494
0.001431201,0.001424898,0.001437385,0.001429861,0.001427075
0.001429815,0.001425489,0.001436008,0.001428684,0.001427524
0.001431451,0.001426672,0.001435428,0.001432142,0.001435374
0.001418623,0.001413312,0.001422108,0.001419936,0.001421744
0.001428208,0.001424198,0.001435178,0.001426785,0.001430484
0.001428561,0.001423475,0.001433265,0.001428034,0.001433034
0.001431247,0.001426748,0.001434025,0.001432031,0.001431334
0.001425652,0.001422569,0.001428924,0.001425515,0.001428555
0.001430965,0.001425238,0.001438044,0.00142989,0.001438044
0.001426073,0.001421942,0.001431078,0.00142597,0.001424804
0.001431356,0.001427474,0.001439278,0.001430784,0.001427474
0.001420346,0.001417012,0.001424407,0.001420327,0.001423095
0.001426297,0.001420718,0.001431625,0.001426993,0.001430634
0.001427152,0.001423471,0.001433354,0.001424766,0.001425404
0.001421815,0.001418924,0.001426438,0.001420882,0.001418924
0.001430571,0.001425609,0.001437875,0.00142908,0.001437875
0.001429551,0.001425108,0.001434434,0.001429025,0.001432684
0.001427927,0.001423874,0.001433659,0.001427528,0.001424445
0.001423297,0.001416604,0.001427487,0.001424613,0.001416604
0.001430009,0.001423788,0.001435915,0.001430876,0.001435915
0.001429249,0.001424228,0.001435075,0.001429108,0.001425794
0.001426551,0.001421355,0.001433572,0.001424595,0.001421355
0.001429117,0.001423138,0.001433158,0.001429423,0.001425464
0.001430152,0.001425868,0.001434124,0.001430023,0.001427025
0.001428191,0.001423999,0.001432375,0.001428336,0.001425474
0.001424792,0.001419344,0.001430569,0.001424315,0.001422495
0.001428923,0.001423704,0.001437298,0.001427208,0.001431004
0.00143106,0.001425444,0.001437638,0.001430006,0.001425444
0.001421568,0.001418547,0.001423764,0.001422231,0.001422004
0.00142539,0.001421798,0.001431632,0.001424177,0.001423465
0.001419609,0.001415868,0.001424902,0.001418766,0.001418224
0.001425189,0.001422024,0.001429752,0.001424865,0.001424845
0.001432459,0.001429098,0.001439344,0.00143005,0.001439344
0.001434689,0.001430844,0.001439199,0.001434525,0.001431025
0.001431923,0.001427984,0.001439699,0.001429566,0.001427984
0.001427175,0.001421954,0.001433487,0.001426718,0.001421954
0.001430286,0.001426769,0.001435605,0.001429089,0.001426875
0.001431415,0.001427428,0.001438539,0.00142865,0.001427734
0.001427797,0.001422794,0.001431938,0.001428185,0.001427215
0.001427127,0.001422785,0.001432814,0.001426279,0.001432814
0.001425381,0.001420224,0.001430825,0.001424135,0.001430825
0.001428717,0.001423664,0.001433665,0.001429967,0.001423664
0.001433541,0.001426459,0.001438008,0.001433813,0.001428755
0.001427132,0.001423204,0.001432529,0.001426547,0.001423204
0.001426332,0.001422494,0.001431069,0.001424762,0.001422494
0.00142531,0.001419237,0.001430158,0.001425463,0.001421374
0.001429196,0.001424564,0.001435438,0.001428641,0.001431054
0.001428638,0.001423495,0.001434785,0.001426954,0.001434695
0.001429513,0.001425252,0.001434764,0.001429481,0.001427514
0.001427872,0.001421415,0.001435058,0.001428135,0.001421415
0.001427056,0.001421778,0.001431919,0.001427983,0.001428604
0.001424874,0.001420688,0.001429444,0.001423911,0.001429235
0.001419072,0.001416934,0.001422108,0.001418076,0.001417394
0.001430826,0.001425129,0.001435455,0.001432251,0.001435455
0.001424686,0.001419948,0.001430194,0.001424916,0.001428234
0.00142867,0.001425888,0.001433479,0.001427242,0.001429995
0.00143216,0.001427734,0.001439149,0.001430735,0.001427734
0.001426601,0.001420975,0.001431372,0.001426268,0.001420975
0.001425068,0.001421489,0.001429978,0.001424628,0.001426084
0.001426405,0.001421175,0.001431354,0.001426753,0.001421175
0.001428982,0.001424054,0.001434278,0.001429073,0.001427174
0.001426321,0.001421848,0.001428909,0.001428216,0.001428905
0.001427927,0.001424564,0.001433184,0.001427326,0.001424564
0.001421616,0.001417888,0.001426242,0.001421352,0.001418985
0.001422743,0.001418824,0.001428899,0.001421619,0.001420534
0.001428346,0.001424225,0.001434255,0.001425692,0.001425555
0.001422704,0.001419411,0.001425794,0.001422844,0.001425794
0.00142613,0.001419414,0.001431259,0.00142774,0.001430245
0.001431053,0.001426905,0.001434698,0.001432138,0.001433534
0.001427594,0.001424679,0.001434019,0.001426533,0.001427255
0.001429062,0.001423234,0.001434714,0.001428425,0.001423234
0.001429586,0.001425129,0.001433505,0.001430448,0.001432435
0.001428343,0.001420944,0.001436185,0.001428071,0.001431654
0.00143158,0.001425658,0.001437989,0.00143053,0.001427955
0.00143052,0.001425975,0.001433195,0.001431263,0.001433144
0.001432257,0.001427448,0.001438535,0.001432023,0.001437384
0.001428763,0.001424164,0.001435915,0.001427705,0.001425184
0.001426767,0.001422994,0.001431002,0.001426683,0.001423244
0.001430309,0.001428539,0.001435669,0.001429653,0.001429655
0.00142464,0.001419114,0.001431279,0.001423595,0.001419114
0.001423664,0.001418714,0.001429661,0.001423302,0.001418974
0.001428666,0.001423849,0.001433678,0.001428913,0.001431214
0.001430907,0.001425112,0.001436735,0.001429026,0.001434405
0.001426885,0.001422255,0.001434077,0.001425543,0.001424164
0.001430843,0.001426968,0.001435525,0.00142995,0.001433585
0.001431765,0.001428968,0.001437862,0.001430261,0.001430234
0.001427456,0.001420458,0.001431834,0.001428672,0.001422434
0.001427777,0.001424284,0.001432568,0.001427607,0.001424284
0.001425247,0.001420454,0.001431509,0.001424425,0.001425525
0.001431396,0.001426295,0.001437369,0.00143091,0.001435414
0.001428012,0.001423354,0.001432844,0.001428421,0.001425434
0.001433318,0.001427968,0.001439719,0.001432784,0.001435025
0.001424718,0.001420527,0.001428754,0.001425807,0.001428754
0.001430066,0.001425477,0.001435004,0.001429891,0.001428125
0.00142865,0.001423174,0.001435582,0.001427508,0.001423174
0.001427925,0.001423965,0.001431775,0.00142795,0.001431775
0.001426942,0.001421424,0.001432408,0.001426656,0.001432344
0.001422794,0.001417884,0.001428892,0.001421675,0.001422845
0.001427771,0.001422179,0.001433018,0.001427646,0.001431004
0.001428877,0.001424208,0.001435154,0.001427528,0.001434985
0.001428644,0.001425538,0.001432045,0.001428333,0.001427274
0.001424005,0.001419455,0.001428928,0.001423337,0.001419455
0.001432901,0.001429328,0.001437502,0.001432601,0.001434794
0.001429693,0.001423738,0.001435749,0.001429898,0.001432455
0.001428466,0.001426589,0.001431805,0.001427636,0.001428244
0.001432264,0.001426718,0.001435582,0.001433281,0.001434195
0.00143071,0.001425988,0.001434355,0.001430735,0.001434355
0.001468344,0.001427304,0.00149389,0.001488607,0.001490215
0.001430816,0.001425262,0.001438935,0.001429568,0.001438935
0.001429738,0.001426738,0.001432498,0.001428996,0.001429134
0.001428929,0.001422434,0.001434018,0.00142994,0.001432525
0.001422911,0.001417964,0.001427777,0.001423163,0.001422624
0.00143151,0.001426319,0.001435625,0.001430746,0.001430875
0.001433608,0.001430798,0.001437198,0.001432542,0.001432164
0.001424931,0.001421624,0.001429908,0.001423878,0.001421624
0.001427636,0.001423362,0.001433758,0.001426417,0.001424454
0.001431258,0.001427552,0.001434928,0.001431762,0.001433055
0.001428511,0.001423688,0.001434868,0.001426411,0.001433705
0.001426923,0.001422658,0.001431804,0.001426082,0.001425234
0.00143051,0.001424768,0.001438039,0.001429599,0.001426824
0.001432024,0.001426524,0.001438938,0.001431562,0.001426524
0.001429585,0.001424808,0.001434907,0.001429762,0.001424955
0.001429336,0.001425329,0.001434044,0.001428236,0.001434044
0.001427548,0.001422378,0.001430745,0.001428784,0.001430055
0.001430331,0.001425985,0.001434999,0.001430148,0.001427134
0.001431185,0.001425735,0.001437858,0.001431136,0.001425735
0.001429215,0.001424724,0.001434932,0.001428367,0.001424724
0.001428878,0.001421999,0.001433338,0.001429447,0.001423864
0.001431077,0.001424715,0.001437878,0.001430574,0.001426494
0.001431954,0.001428852,0.001437318,0.001430174,0.001429944
0.001432119,0.001426638,0.001437735,0.001432176,0.001437735
0.001427242,0.001423285,0.001432152,0.001426771,0.001429214
0.001431042,0.001426875,0.001436118,0.001429874,0.001426875
0.001433475,0.001429239,0.001439168,0.001432991,0.001430674
0.001427017,0.001424199,0.001431465,0.001426077,0.001424664
0.001417053,0.001414097,0.001421038,0.001415946,0.001415874
0.001428085,0.001422215,0.001435759,0.001426722,0.001422215
0.001430042,0.001423374,0.001438879,0.00142879,0.001434115
0.001430931,0.001424684,0.001437848,0.001431116,0.001432814
0.001430587,0.001426208,0.001436185,0.001429816,0.001436185
0.001431345,0.001422999,0.001435962,0.001432492,0.001435504
0.001427856,0.001423044,0.001432804,0.001428158,0.001426545
0.001419927,0.001416761,0.001423838,0.001418943,0.001422354
0.001429188,0.001425855,0.001433835,0.001428054,0.001425855
0.001431936,0.001427224,0.001437798,0.001430839,0.001436404
0.001430799,0.001426095,0.001435884,0.001430069,0.001426095
0.001433507,0.001430128,0.001439609,0.001431673,0.001431084
0.001425286,0.001420518,0.001430882,0.001425019,0.001422154
0.001419317,0.001416294,0.001424899,0.001418268,0.001416294
0.00142329,0.001418974,0.001427698,0.001422968,0.001418974
0.001424577,0.001421054,0.001427782,0.001424118,0.001422494
0.001432724,0.001426069,0.001438469,0.001432712,0.001435395
0.001431273,0.001427028,0.001437748,0.00143066,0.001428204
0.001428854,0.001421985,0.001434708,0.001429008,0.001432554
0.00142769,0.001421889,0.001434528,0.001427766,0.001422264
0.001431016,0.001427864,0.001438438,0.00142962,0.001428354
0.001427226,0.001421535,0.001432472,0.001427277,0.001427915
0.001420187,0.001418704,0.001426162,0.001419106,0.001418704
0.001426211,0.001422162,0.001430189,0.001426251,0.001430184
0.001431854,0.001426428,0.001437515,0.001430868,0.001428644
0.001425973,0.001422224,0.001430764,0.00142555,0.001422224
0.001422927,0.001417918,0.001430305,0.001422172,0.001418644
0.001428829,0.001424194,0.001437222,0.001427207,0.001424194
0.001427232,0.001421918,0.001434732,0.001426166,0.001427634
0.001427296,0.001422318,0.001433779,0.001427464,0.001422764
0.001431582,0.001424464,0.001437287,0.001433483,0.001433084
0.001427202,0.001420214,0.001431598,0.001428164,0.001426575
0.001429276,0.001425279,0.001433748,0.001429271,0.001425904
0.001433105,0.001428775,0.001441625,0.001430549,0.001428775
0.001431865,0.001428708,0.001437548,0.001430033,0.001429624
0.001433674,0.001428022,0.001438958,0.001434034,0.001429134
0.001425617,0.001423232,0.001426849,0.001426383,0.001423844
0.001429827,0.001425595,0.001436062,0.001429396,0.001427184
0.001433616,0.001426768,0.001440459,0.001435817,0.001435795
0.0014302,0.001425875,0.001437439,0.001429625,0.001431874
0.001426811,0.001422028,0.001432585,0.001425552,0.001424435
0.001426747,0.001423464,0.001429808,0.001426408,0.001423464
0.001431,0.001426935,0.001437849,0.001429901,0.001426935
0.001431625,0.001426734,0.001438757,0.001428768,0.001428784
0.001435597,0.001431204,0.001440077,0.001435912,0.001438384
0.001423039,0.001419788,0.001428989,0.001421235,0.001421335
0.001427543,0.001421842,0.001433164,0.001427903,0.001433164
0.001427917,0.001423045,0.001433284,0.001427732,0.001424845
0.001430546,0.001426678,0.001438009,0.001429356,0.001426994
0.00142325,0.001420325,0.001427508,0.001421473,0.001420325
0.001418785,0.001415494,0.001421655,0.00141897,0.001415494
0.001429286,0.001424878,0.001433324,0.001429759,0.001429164
0.001428212,0.001424674,0.001432634,0.001427118,0.001432634
0.001428617,0.001424028,0.001435899,0.001427219,0.001432295
0.001425661,0.001420998,0.001432604,0.001423466,0.001429264
0.001427793,0.001422238,0.001434582,0.001426949,0.001427525
0.001430581,0.001423898,0.001435075,0.00143168,0.001435024
0.001431574,0.001425775,0.001437489,0.001430173,0.001425775
0.001435641,0.001432624,0.001441675,0.001433603,0.001441675
0.001424552,0.001419727,0.001429655,0.001424736,0.001424494
0.001429927,0.001422414,0.001439208,0.001429774,0.001422414
0.001426919,0.001423918,0.001432201,0.001425584,0.001424114
0.001429836,0.001423568,0.001437349,0.001428923,0.001425154
0.001430677,0.001426194,0.001438269,0.001428323,0.001428114
0.001430322,0.001423725,0.001434469,0.001432473,0.001423725
0.001433432,0.001430018,0.001438644,0.00143259,0.001438644
0.001429157,0.001422949,0.001433795,0.001429603,0.001431124
0.00143165,0.001427398,0.001438394,0.001431267,0.001427484
0.001421514,0.001416388,0.001427561,0.001421166,0.001418414
0.001430657,0.001427204,0.001434918,0.001429224,0.001427204
0.001433128,0.001427454,0.001438568,0.001434051,0.001427454
0.001429747,0.001422694,0.001434535,0.001431253,0.001424805
0.001427212,0.001423048,0.001432858,0.001426382,0.001432824
0.001425255,0.001420582,0.001429675,0.001425828,0.001429675
0.001423855,0.001419558,0.001428375,0.001423566,0.001420854
0.001431519,0.001426609,0.001438558,0.001428954,0.001428445
0.001428684,0.001425839,0.001433672,0.001427139,0.001427264
0.001428138,0.001422268,0.001432575,0.001428852,0.001432075
0.001433781,0.001428329,0.001438908,0.001435231,0.001430134
0.001428908,0.001424292,0.001434698,0.001429018,0.001430334
0.001428467,0.001421875,0.001435265,0.001428999,0.001431875
0.001431942,0.001425288,0.001438555,0.001430226,0.001431904
0.001421201,0.001417697,0.001425835,0.001420861,0.001425835
0.001429131,0.001424649,0.001433678,0.001428543,0.001425944
0.001431739,0.001427725,0.001436995,0.001431517,0.001427725
0.001430535,0.001425124,0.001437548,0.00142905,0.001426294
0.001433251,0.001427935,0.001438355,0.001433955,0.001438355
0.001431649,0.001427689,0.001439375,0.001429717,0.001439375
0.001429176,0.001424098,0.001435672,0.001428161,0.001430384
0.001428362,0.001423808,0.001435794,0.001425202,0.001425255
0.001523514,0.001431259,0.001646197,0.001509956,0.001432904
0.0014296,0.001423065,0.001436548,0.001430559,0.001434174
0.001427801,0.001423631,0.001432895,0.001427541,0.001432895
0.001495891,0.001428638,0.001630961,0.001461138,0.001435265
0.001425989,0.001420761,0.001432519,0.001424344,0.001423404
0.00142713,0.001424268,0.001432271,0.001426158,0.001425355
0.00143183,0.001425128,0.001437134,0.001432409,0.001427354
0.001428565,0.001421934,0.001434868,0.001428935,0.001423314
0.001424123,0.001421799,0.001428819,0.001422654,0.001422094
0.001423329,0.001419708,0.001427465,0.001423108,0.001420635
0.001431157,0.001424737,0.001436944,0.001431385,0.001436944
0.00142939,0.001424205,0.001435807,0.001430139,0.001431044
0.001428049,0.001423164,0.001435108,0.001426812,0.001423164
0.001431789,0.001428488,0.001435838,0.001431309,0.001429314
0.001431206,0.001426435,0.001438578,0.001430923,0.001426435
0.001426449,0.001421274,0.001431919,0.001424971,0.001423514
0.001427907,0.001421859,0.001433679,0.001427811,0.001431195
0.001433346,0.001427208,0.001439598,0.001433118,0.001431094
0.001427945,0.001423225,0.001432728,0.001427858,0.001423225
0.001427088,0.001423049,0.001431984,0.001426818,0.001423674
0.001430657,0.001425308,0.001436909,0.001429426,0.001427304
0.001430326,0.001426762,0.001438229,0.001429191,0.001430295
0.001428118,0.001422844,0.001435374,0.001426811,0.001422844
0.001428613,0.001423015,0.001433815,0.001429042,0.001433535
0.001433245,0.001428209,0.001439058,0.001432881,0.001435024
0.001431519,0.001428008,0.001437155,0.001431227,0.001432805
0.001417632,0.001414168,0.001422582,0.001417386,0.001417304
0.001428318,0.001421839,0.001434359,0.001428242,0.001424065
0.001428204,0.001422704,0.001433705,0.001428818,0.001422974
0.00142742,0.001422858,0.001435458,0.001425336,0.001424155
0.001432732,0.001423614,0.001439708,0.001432454,0.001430144
0.001429519,0.001422579,0.001436705,0.00142974,0.001432994
0.001422605,0.001419895,0.001426124,0.0014227,0.001426124
0.001424705,0.001420484,0.001428804,0.001423907,0.001420484
0.001428132,0.001423888,0.001433304,0.001426516,0.001433304
0.00142464,0.001421668,0.001429675,0.001423993,0.001428145
0.00142723,0.001421608,0.001432639,0.001426377,0.001427824
0.001430704,0.001424865,0.001437568,0.001431211,0.001432524
0.001431306,0.001427254,0.001438628,0.001430103,0.001427254
0.001423385,0.001419374,0.001428437,0.001423326,0.001419374
0.001424087,0.001420028,0.001429519,0.001423096,0.001421794
0.00143399,0.001428188,0.001441909,0.001434248,0.001429074
0.001430117,0.001426119,0.001437479,0.00142871,0.001428915
0.001428891,0.001424348,0.001435879,0.001427691,0.001430764
0.001428471,0.001422494,0.001435518,0.001428751,0.001430525
0.001431011,0.001423638,0.001435164,0.001431688,0.001432234
0.001413092,0.001411488,0.001414861,0.001412826,0.001412665
0.001429037,0.001425284,0.001433328,0.001429019,0.001425284
0.001503871,0.001428908,0.001681902,0.00143945,0.001429435
0.001426926,0.001423675,0.001432884,0.001426078,0.001432884
0.00143071,0.001424674,0.001437152,0.001431858,0.001424674
0.00143221,0.001425819,0.001437638,0.001431641,0.001437205
0.001429752,0.001422718,0.001436138,0.001429748,0.001433834
0.001419018,0.001418015,0.001419675,0.001419046,0.001418015
0.001428523,0.001424619,0.001433998,0.00142776,0.001426094
0.001430597,0.001426885,0.001435938,0.001430033,0.001426885
0.001418615,0.001414872,0.001421728,0.001418509,0.001420774
0.001421786,0.001418078,0.001426388,0.001421247,0.001425604
0.001431663,0.001426969,0.001439595,0.00142952,0.001439595
0.001428556,0.001424489,0.001436724,0.001427069,0.001425824
0.001426102,0.001422578,0.001431152,0.001425022,0.001423504
0.001537366,0.001424134,0.001655751,0.001502693,0.001424134
0.001434429,0.001430965,0.001440168,0.001432566,0.001430965
0.001422746,0.001416522,0.001428837,0.001421893,0.001418544
0.001431976,0.001426024,0.001439718,0.001431904,0.001426024
0.002125526,0.001739592,0.002746035,0.002011091,0.002008514
0.001647737,0.001425057,0.001901812,0.001647499,0.001901703
0.001645305,0.001426592,0.001895142,0.001630758,0.001895142
0.001650717,0.001427698,0.001897172,0.001639321,0.001897172
0.001642789,0.001428188,0.001887053,0.001627901,0.001887053
0.001644349,0.001426622,0.001885082,0.001632375,0.001885082
0.001641614,0.001425582,0.001861662,0.001639281,0.001861662
0.001632404,0.001427027,0.001855961,0.001622768,0.001855961
0.001637352,0.001424957,0.001874792,0.001625329,0.001874792
0.001631301,0.001427052,0.001859382,0.001620376,0.001859382
0.00163992,0.001424978,0.001865392,0.001634836,0.001865392
0.001641561,0.001422938,0.001878422,0.001633252,0.001878422
0.001633498,0.001424257,0.001860732,0.001624806,0.001860732
0.001636568,0.001427658,0.001856931,0.001630849,0.001856931
0.001629875,0.001419348,0.001862982,0.00161898,0.001862982
0.001631771,0.001425065,0.001860842,0.001620779,0.001860842
0.001634361,0.001427708,0.001859422,0.001624672,0.001859422
0.00162605,0.001422721,0.001861322,0.00161045,0.001861322
0.001623477,0.001424762,0.001842751,0.001612702,0.001842751
0.001633275,0.001423532,0.001854782,0.001627953,0.001854782
0.001633093,0.001425058,0.001859001,0.00162546,0.001859001
0.001627067,0.001425222,0.001858962,0.00161144,0.001858962
0.001623858,0.001422948,0.001830851,0.001620735,0.001830851
0.001615788,0.001422588,0.001803174,0.001617437,0.001802991
0.001617432,0.001428378,0.001805961,0.00161679,0.001805821
0.001606927,0.001426102,0.001807994,0.001575878,0.001804001
0.001590176,0.001419124,0.001789166,0.001552363,0.001784601
0.001586877,0.001418662,0.001786085,0.001540063,0.00177954
0.001579231,0.001419405,0.001769135,0.001538608,0.00175859
0.001586696,0.001430391,0.001769995,0.001548534,0.00176054
0.001578506,0.001412401,0.001778096,0.001535197,0.00176481
0.001589293,0.001423052,0.001793856,0.001538574,0.001776341
0.001593398,0.001428905,0.001787396,0.001553136,0.00177375
0.001559428,0.001419887,0.001768125,0.001458356,0.001763241
0.001552549,0.001418218,0.001765585,0.001439751,0.00175347
0.001568913,0.001429308,0.001778146,0.001466897,0.00177185
0.001560473,0.001431962,0.001765955,0.001446482,0.00175879
0.001558247,0.001422574,0.001774186,0.001441266,0.001765511
0.001560176,0.001430272,0.001768515,0.001444257,0.00176189
0.001555482,0.001425189,0.001760585,0.001445726,0.00175585
0.001549908,0.001423485,0.001758185,0.001436611,0.00173743
0.001544732,0.001424482,0.001741775,0.001434281,0.00172957
0.001544184,0.001424072,0.001729624,0.001447786,0.001725069
0.00155281,0.001424888,0.001751835,0.001444712,0.001740059
0.001539933,0.001426542,0.001723255,0.001437376,0.0017108
0.00151012,0.001422145,0.001644783,0.001440947,0.001639548
0.001513171,0.001430728,0.001645263,0.001440805,0.001642028
0.001506081,0.001429292,0.001630602,0.001435161,0.001627268
0.001500398,0.001426108,0.001616963,0.001437113,0.001609068
0.001497993,0.001425775,0.001607292,0.001445335,0.001599357
0.001487549,0.001419452,0.001592242,0.001434421,0.001578307
0.001494986,0.001423118,0.001599612,0.001443836,0.001594498
0.001489177,0.001421815,0.001587672,0.001442241,0.001584727
0.001447512,0.001427158,0.001471869,0.001442823,0.001464565
0.001442909,0.001428268,0.001461899,0.001436796,0.001455825
0.001441801,0.001427578,0.001458199,0.001440507,0.001454215
0.001439419,0.001423572,0.001461355,0.001434422,0.001461265
0.001434041,0.001421047,0.001447815,0.001434786,0.001447815
0.001441359,0.001427898,0.001453795,0.001440647,0.001453755
0.001429977,0.001420072,0.001439504,0.001430012,0.001439504
0.00143084,0.001422058,0.001440868,0.001429831,0.001436465
0.001434812,0.001420104,0.001448225,0.001433478,0.001448225
0.001431754,0.001418908,0.001451035,0.001428736,0.001451035
0.001438724,0.001428318,0.001448924,0.00143638,0.001448924
0.001438961,0.001426022,0.001452439,0.001436658,0.001447844
0.001435564,0.001422507,0.001447439,0.001436832,0.001447265
0.001435731,0.001423788,0.001446208,0.001435587,0.001444145
0.001432762,0.001421012,0.001449339,0.001426795,0.001445395
0.001435982,0.001425628,0.001448799,0.001431546,0.001445534
0.001433241,0.001421984,0.001443564,0.001432543,0.001443564
0.001440862,0.001425492,0.001455915,0.00144091,0.001455915
0.001437969,0.001424602,0.001453989,0.001433636,0.001446065
0.001432582,0.001421255,0.001442108,0.001433847,0.001438145
0.001440268,0.001424591,0.001455435,0.001441602,0.001455295
0.001439397,0.001426517,0.001454539,0.001434007,0.001453984
0.001429758,0.001421432,0.001440675,0.001428718,0.001440614
0.001440096,0.001424168,0.001454189,0.001437959,0.001453855
0.001439144,0.001427302,0.001449209,0.001440321,0.001444375
0.001432553,0.001422908,0.001439899,0.001433809,0.001437114
0.001435987,0.001425208,0.001448379,0.001434846,0.001445044
0.00142858,0.001419445,0.001436029,0.001429476,0.001433955
0.001437352,0.001425188,0.001451589,0.00143454,0.001448035
0.001436891,0.001426524,0.001452159,0.001432519,0.001445224
0.001437444,0.001421454,0.001451529,0.001435103,0.001450374
0.00143533,0.001426618,0.001444805,0.001433657,0.001444805
0.001431727,0.001425125,0.001439685,0.001429803,0.001439685
0.001438877,0.001421554,0.001452908,0.001440099,0.001449335
0.001429572,0.001421218,0.001438619,0.001430421,0.001434594
0.001435348,0.001421918,0.001447399,0.001435641,0.001443115
0.00164526,0.001463722,0.002145732,0.001483612,0.001489995
0.001602491,0.001435542,0.002069571,0.001452191,0.001439735
0.001597397,0.001428998,0.002066021,0.00144732,0.001432554
0.001593778,0.001429078,0.002058051,0.00144373,0.001439845
0.001678968,0.001549649,0.002063252,0.001551782,0.001551977
0.001595424,0.001425678,0.002065161,0.001447195,0.001435265
0.001590127,0.001419602,0.002061531,0.001440181,0.001423824
0.001586819,0.001424388,0.002039061,0.001442894,0.001428544
0.001585902,0.001425468,0.002046451,0.001435749,0.001429154
0.001582961,0.001421252,0.00204516,0.00143339,0.001427564
0.001586712,0.001422242,0.002048711,0.001437415,0.001428534
0.001587023,0.001427002,0.002045931,0.001437539,0.001430874
0.001587963,0.001426762,0.002036241,0.00144387,0.001435434
0.001582397,0.001424302,0.002030581,0.001437342,0.001427664
0.001584987,0.001423512,0.002024971,0.001444535,0.001433885
0.001621814,0.001483686,0.00202661,0.001488736,0.001485605
0.00158543,0.001421448,0.002040971,0.001439904,0.001424145
0.001580894,0.001423198,0.002028671,0.00143597,0.001427235
0.001579897,0.001421618,0.002022791,0.001436665,0.001431064
0.001582764,0.001427841,0.002027001,0.001438184,0.001436674
0.001581312,0.001426541,0.00202243,0.001438796,0.001434335
0.001576212,0.001425557,0.002010761,0.0014346,0.001434984
0.001580988,0.001420998,0.00201767,0.001442549,0.001429565
0.001578244,0.001421568,0.002019451,0.00143654,0.001427854
0.001573243,0.001423668,0.002004851,0.001432923,0.001434115
0.001580362,0.001423642,0.00201803,0.0014417,0.001433095
0.001567659,0.001419538,0.001997031,0.001427564,0.001425464
0.00156918,0.001419878,0.00198475,0.001435647,0.001423704
0.001564154,0.001412291,0.00199121,0.001427021,0.001413944
0.001567363,0.001421262,0.001990281,0.001429664,0.001429784
0.001574661,0.001425241,0.00198668,0.001442982,0.001434264
0.001575385,0.001423682,0.001997911,0.001439544,0.001435164
0.001571106,0.001422778,0.00198776,0.001438064,0.001431074
0.001566945,0.001420098,0.00198642,0.00143071,0.001430834
0.001566225,0.001416628,0.001980501,0.001432879,0.001427604
0.001571174,0.001425368,0.00198111,0.00143932,0.001431074
0.001563523,0.001418178,0.00197181,0.001432144,0.001419854
0.001563908,0.001423278,0.00195912,0.00143699,0.001429205
0.001561577,0.001422498,0.00195819,0.001433719,0.001432294
0.001562033,0.001420558,0.00196233,0.001432819,0.001431155
0.001573438,0.001439468,0.00196987,0.001443252,0.001445175
0.001565109,0.001425424,0.00195841,0.001438768,0.001425424
0.001562059,0.001419288,0.00195903,0.001434287,0.001428924
0.001557571,0.001422428,0.00195042,0.00142843,0.001433485
0.001561936,0.001421698,0.00195718,0.001434658,0.001425624
0.001563434,0.001424358,0.001964111,0.001433134,0.001429935
0.001559137,0.001422918,0.001948699,0.00143216,0.001429374
0.001558979,0.001422212,0.00193807,0.001438261,0.001427675
0.001554858,0.001422628,0.00192332,0.00143699,0.001427255
0.001555341,0.001418588,0.00193776,0.001433591,0.001422164
0.001559175,0.001421718,0.00195177,0.001431965,0.001428625
0.001554593,0.001421524,0.00194653,0.001426421,0.001428884
0.001551524,0.001422258,0.001922509,0.001430391,0.001426974
0.001611808,0.001420998,0.00193686,0.001544264,0.001665228
0.001551886,0.001420858,0.00192604,0.001430627,0.001431014
0.001552929,0.001422462,0.00193182,0.001428578,0.001431724
0.001596009,0.001422192,0.001914839,0.001523967,0.001616547
0.001555096,0.001423137,0.00193521,0.001430301,0.001427835
0.001548455,0.001423308,0.00191655,0.001427838,0.001423564
0.001548099,0.001421008,0.001915289,0.00142863,0.001427695
0.00154714,0.001422279,0.00191097,0.001428824,0.001429864
0.001550544,0.001422888,0.001913989,0.001433291,0.001434724
0.001542099,0.001423108,0.00189197,0.001427191,0.001423135
0.001540601,0.001414578,0.001906709,0.001420331,0.001424914
0.001544184,0.001421178,0.0019031,0.00142672,0.001422815
0.001545527,0.001420578,0.001910419,0.001426599,0.001425344
0.001546261,0.001422241,0.00191121,0.001426079,0.001430534
0.001540816,0.001417374,0.001900929,0.00142275,0.001425354
0.001541509,0.001425324,0.00188243,0.001430031,0.001425324
0.001542003,0.001422499,0.001896719,0.001424306,0.001424074
0.001543793,0.001421988,0.001894929,0.001429278,0.001425275
0.001545833,0.001424752,0.00189869,0.001430818,0.001433834
0.001560766,0.001445554,0.001890959,0.001453634,0.001449885
0.001539026,0.001422379,0.001877689,0.001427606,0.001424695
0.001543039,0.001419948,0.00189919,0.001426567,0.001423305
0.001542219,0.001423469,0.001894369,0.001425281,0.001425154
0.001540459,0.001420611,0.00188605,0.001427872,0.001429425
0.001540056,0.001421041,0.001882639,0.001427968,0.001432864
0.001535466,0.001421948,0.001862519,0.00142894,0.001427474
0.001532895,0.001419998,0.001851289,0.001429088,0.001431764
0.00153355,0.001419092,0.001867679,0.001423986,0.001419744
0.001536877,0.001418118,0.001879099,0.001425129,0.001430625
0.001538664,0.001424355,0.001879099,0.001426739,0.001424355
0.001537334,0.001418338,0.00187845,0.001427135,0.001428755
0.001538866,0.001420278,0.001883179,0.001426188,0.001428185
0.00153493,0.001418648,0.001870849,0.001425795,0.001424734
0.001535596,0.001420321,0.001872349,0.001425063,0.001430574
0.001540412,0.001426709,0.001864379,0.001436378,0.001440084
0.001532592,0.001420118,0.001851819,0.001429663,0.001430095
0.00152878,0.001421168,0.001839199,0.0014281,0.001428935
0.001528855,0.001422989,0.001839019,0.001426588,0.001431644
0.001528262,0.001418418,0.001854619,0.001420467,0.001420854
0.001532682,0.001422982,0.001851339,0.001428453,0.001430924
0.001530671,0.001420942,0.001846759,0.001427512,0.001422065
0.001522493,0.001420149,0.001813318,0.001429073,0.001432484
0.001522787,0.001420158,0.001813509,0.001429326,0.001429484
0.001521046,0.001419848,0.001812328,0.001426327,0.001429304
0.001500523,0.001421012,0.001731468,0.001425368,0.001423354
0.00148284,0.001423108,0.001652517,0.001426806,0.001431495
0.001478678,0.001422445,0.001633707,0.001429475,0.001424274
0.001477359,0.001421571,0.001631826,0.001429972,0.001430804
0.001470781,0.001412928,0.001628726,0.001421332,0.001425344
0.001479084,0.001418628,0.001651197,0.001423601,0.001427285
0.00148643,0.001421018,0.001669977,0.001427435,0.001432634
0.001484823,0.001421998,0.001661767,0.001428426,0.001430095
0.001447566,0.001418074,0.001523386,0.00142377,0.001427924
0.001432232,0.001422128,0.001446565,0.001430397,0.001424404
0.001429834,0.001418208,0.001451214,0.001424779,0.001421165
0.001431982,0.001421618,0.001456095,0.001424191,0.001425054
0.00142183,0.001413539,0.001435885,0.001418914,0.001416914
0.00143141,0.001420932,0.001453325,0.001426487,0.001430244
0.001430065,0.001421419,0.001446515,0.001426253,0.001432535
0.001427944,0.001422009,0.001433294,0.001428983,0.001430695
0.001428276,0.001422634,0.001434105,0.001428162,0.001422634
0.001428345,0.001420078,0.001434365,0.001428611,0.001430205
0.001432034,0.001420108,0.001452965,0.001428458,0.001429914
0.001434382,0.001422218,0.001458045,0.001429554,0.001430004
0.001432395,0.001421452,0.001450754,0.001428636,0.001433434
0.001428845,0.001420538,0.001438054,0.001428418,0.001430135
0.001430431,0.001419358,0.001451765,0.001425579,0.001422704
0.00143054,0.001421998,0.001448455,0.001426595,0.001424224
0.001427033,0.001420678,0.001430671,0.001427697,0.001430524
0.001427743,0.001421218,0.001441814,0.001424157,0.001422444
0.001432973,0.001424028,0.001451265,0.001427168,0.001434754
0.00142889,0.001421292,0.001440625,0.001427113,0.001430414
0.001429281,0.001423324,0.001434875,0.001429418,0.001434875
0.001425718,0.001416118,0.001437488,0.001424485,0.001425054
0.001425365,0.001417755,0.001435675,0.00142486,0.001429155
0.001430974,0.001418688,0.001452845,0.001426929,0.001430484
0.001430379,0.001420698,0.001447775,0.001428041,0.001430164
0.001430346,0.001419408,0.001452775,0.001424821,0.001429525
0.001430622,0.001421734,0.001452655,0.001424873,0.001423065
0.001432083,0.001420268,0.001451264,0.00142874,0.001430435
0.001430056,0.001420058,0.001440115,0.001429741,0.001432954
0.001427014,0.001418588,0.001438135,0.001425921,0.001426214
0.001430058,0.001421968,0.001445425,0.001427906,0.001430475
0.001430091,0.001421442,0.001448374,0.001425832,0.001428714
0.001427131,0.001416398,0.001445755,0.00142508,0.001427364
0.001432224,0.001419138,0.001454215,0.001429096,0.001431455
0.001428634,0.001419898,0.001435955,0.001428615,0.001427435
0.001427311,0.001419028,0.001437745,0.00142607,0.001421804
0.001433177,0.001422329,0.001456634,0.001428045,0.001430765
0.001425226,0.001416194,0.001438064,0.001424468,0.001425425
0.001426126,0.001416808,0.001443575,0.001421948,0.001420574
0.001429029,0.001416978,0.001446945,0.001426665,0.001420815
0.001430802,0.001422238,0.001445675,0.001427696,0.001429855
0.001427358,0.001416838,0.001449554,0.001421588,0.001426214
0.001429512,0.001422638,0.001435284,0.0014308,0.001435284
0.001430797,0.001421818,0.001449295,0.001427503,0.001428345
0.001430275,0.001421928,0.001444495,0.001429116,0.001430544
0.001431277,0.001424154,0.001443685,0.001428853,0.001425504
0.00143276,0.001420439,0.001456004,0.001428476,0.001430905
0.001428736,0.001421331,0.001437415,0.001427609,0.001425515
0.001428847,0.001419001,0.001443825,0.001426867,0.001428934
0.001432864,0.001422709,0.001453525,0.001428802,0.001424184
0.001429624,0.001422084,0.001442525,0.00142695,0.001430535
0.001425962,0.001420324,0.001430484,0.001428063,0.001429575
0.001426847,0.001417044,0.001445695,0.001422342,0.001417044
0.00142571,0.001420445,0.001437275,0.001422821,0.001423875
0.001434617,0.001423564,0.001452875,0.001431698,0.001435964
0.001426622,0.001421508,0.001432264,0.001426418,0.001431014
0.001426934,0.001419359,0.001436125,0.001426702,0.001427055
0.001422974,0.001413474,0.001440895,0.001420115,0.001416134
0.001430676,0.001419638,0.001450225,0.001427888,0.001431715
0.001429315,0.001421078,0.001440934,0.001427893,0.001433165
0.001426262,0.001416088,0.001434695,0.001427433,0.001428544
0.001435991,0.001429232,0.001447025,0.001434319,0.001437825
0.001426268,0.001419344,0.001437545,0.001425585,0.001427344
0.001428807,0.001416238,0.001451195,0.001425079,0.001425984
0.001430121,0.001421708,0.001441344,0.0014285,0.001426234
0.00142376,0.001419052,0.001428237,0.001424461,0.001425704
0.001425957,0.001417178,0.001445345,0.001420636,0.001418134
0.001434126,0.001426719,0.001439695,0.00143543,0.001439695
0.001432553,0.001419212,0.001446294,0.001430163,0.001430534
0.001429988,0.001424644,0.001443975,0.001426083,0.001427264
0.001429236,0.001420855,0.001436505,0.001429523,0.001431675
0.00142722,0.001421629,0.001432644,0.001427783,0.001432644
0.001426186,0.001419728,0.001432755,0.001425625,0.001422955
0.001425681,0.001421641,0.001429618,0.001425988,0.001429274
0.001427876,0.001421764,0.001432719,0.001428881,0.001430624
0.001425435,0.001420254,0.001428558,0.001426573,0.001425644
0.001421952,0.001415427,0.001426929,0.00142375,0.001425475
0.001427681,0.001421664,0.001432817,0.001428984,0.001423004
0.001427206,0.001422508,0.001430505,0.001427607,0.001430505
0.001426152,0.001419142,0.001431164,0.001426743,0.001431164
0.001424954,0.001418869,0.001431048,0.001425103,0.001422085
0.001425085,0.001419965,0.001428785,0.00142587,0.001428424
0.001426244,0.001422368,0.001433095,0.00142543,0.001433095
0.001425447,0.001419149,0.001432724,0.001425202,0.001432724
0.001423517,0.001419485,0.001427379,0.001422407,0.001421495
0.001428361,0.001424168,0.001435632,0.001426601,0.001430714
0.001429604,0.001424378,0.001433734,0.001430003,0.001433525
0.001426901,0.001419619,0.001432555,0.001428806,0.001432054
0.001428083,0.001421651,0.001434838,0.001428507,0.001433015
0.001429451,0.001423001,0.001435905,0.001429447,0.001431824
0.001424986,0.001420038,0.001430089,0.001424435,0.001423395
0.001422283,0.001418058,0.001426018,0.001423053,0.001419204
0.001424997,0.001420384,0.001430865,0.001424598,0.001430865
0.001417637,0.001414882,0.001422945,0.001416197,0.001419464
0.001427694,0.001425328,0.001431048,0.001427046,0.001426264
0.001426534,0.001421352,0.001432089,0.001426146,0.001423734
0.001427397,0.001422229,0.001430698,0.0014283,0.001422274
0.001427897,0.001421134,0.001435835,0.001427518,0.001429084
0.001426567,0.001422934,0.001429945,0.001427005,0.001429945
0.00142575,0.001421618,0.001432855,0.001424035,0.001429454
0.001417196,0.001412738,0.001421914,0.00141721,0.001421914
0.001425952,0.001420138,0.001433078,0.001425637,0.001429705
0.001425662,0.001421195,0.001429864,0.001425224,0.001429864
0.001423786,0.001416459,0.001428328,0.001425236,0.001426884
0.001426619,0.001422608,0.001432344,0.001426214,0.001426604
0.00142396,0.001417457,0.001429432,0.001424205,0.001424725
0.001422282,0.001418054,0.001427452,0.001421576,0.001419484
0.001422641,0.001417678,0.001428624,0.001421558,0.001420035
0.001424538,0.001421224,0.001428709,0.001424377,0.001421224
0.001427361,0.001420022,0.001434118,0.001428418,0.001429305
0.001425017,0.001418972,0.001429324,0.001425404,0.001429324
0.001423326,0.001418888,0.001429148,0.001422929,0.001427485
0.001423077,0.001419318,0.001428475,0.001422014,0.001421704
0.00142096,0.001416945,0.001425689,0.001419651,0.001418424
0.001423756,0.001420728,0.001428482,0.001422862,0.001426695
0.001425681,0.001418468,0.001432234,0.001426509,0.001430134
0.001427791,0.001421548,0.001432438,0.001429176,0.001432305
0.001425705,0.001419688,0.001431194,0.001426058,0.001431194
0.001425747,0.001422134,0.001431948,0.001423874,0.001425045
0.001420815,0.001417458,0.001425495,0.001420868,0.001418764
0.001425291,0.001420838,0.001429602,0.001425256,0.001422635
0.001425658,0.001423468,0.001428408,0.001424974,0.001427934
0.001430399,0.001424412,0.001438418,0.001430187,0.001435005
0.001426801,0.001422112,0.001431269,0.001426153,0.001430514
0.001421518,0.001416558,0.001424988,0.001423021,0.001423885
0.001425419,0.001420794,0.001432108,0.0014245,0.001420794
0.001421037,0.001416714,0.001425154,0.001421027,0.001416714
0.001425177,0.001418827,0.001431961,0.001425577,0.001430114
0.001424886,0.001420949,0.001429418,0.001424528,0.001427604
0.001420313,0.001416452,0.001426328,0.001419919,0.001422594
0.001424525,0.001419132,0.001429644,0.001425332,0.001429644
0.001428103,0.001422158,0.001433028,0.001429139,0.001430965
0.001424648,0.001419654,0.001429014,0.001424807,0.001429014
0.001425036,0.001420289,0.001430745,0.001424556,0.001430745
0.001424722,0.001420398,0.001430835,0.001422809,0.001423664
0.001427237,0.001420978,0.001435044,0.001425372,0.001427755
0.00142439,0.001418768,0.001431294,0.001423905,0.001431294
0.001425009,0.001418532,0.001430958,0.001423936,0.001429535
0.001427388,0.001421874,0.001432027,0.001427926,0.001430084
0.001429703,0.001423835,0.001435188,0.001430543,0.001423835
0.001426567,0.001422128,0.001432475,0.001426282,0.001422204
0.001426504,0.001420779,0.001431788,0.001427173,0.001422465
0.00142204,0.001416721,0.001427978,0.001422691,0.001421624
0.001430788,0.001424451,0.001434605,0.001431646,0.001434605
0.00142717,0.001421161,0.001433509,0.001426761,0.001432894
0.001422986,0.001416611,0.001429805,0.001422682,0.001429805
0.001422531,0.001416739,0.001426794,0.001422965,0.001419504
0.001424994,0.001420068,0.001430945,0.00142418,0.001430945
0.001427513,0.001422454,0.001433308,0.001427343,0.001430824
0.001425659,0.001420972,0.001431649,0.001424807,0.001428165
0.001428422,0.001424735,0.001433078,0.001429337,0.001429644
0.00142113,0.001414942,0.001425795,0.001423055,0.001425795
0.001424001,0.001417189,0.001429468,0.001424417,0.001428384
0.001430923,0.001426508,0.001437135,0.001430483,0.001426555
0.001426582,0.001423098,0.001431068,0.001426201,0.001424214
0.00142512,0.001422035,0.001431069,0.001424072,0.001422035
0.001429892,0.001425644,0.001436832,0.001429328,0.001431484
0.001427213,0.001422602,0.001432845,0.001427226,0.001432845
0.001422745,0.001418811,0.001428748,0.001422043,0.001421024
0.001427122,0.001422354,0.001430002,0.001428239,0.001424595
0.001425667,0.001419599,0.001432849,0.001424715,0.001428534
0.001424615,0.001421908,0.001429411,0.001424048,0.001426635
0.001423572,0.001418739,0.001431535,0.001422914,0.001419904
0.001424757,0.001418218,0.001433085,0.001423481,0.001433085
0.001424157,0.001418798,0.001430958,0.001424795,0.001426074
0.001424353,0.001418912,0.001430399,0.001424637,0.001427455
0.001425321,0.001421048,0.001430512,0.00142497,0.001427614
0.00142381,0.001418138,0.001428645,0.001425098,0.001428645
0.001428136,0.001423488,0.001431344,0.0014286,0.001431344
0.001423636,0.001421244,0.001426932,0.001422438,0.001426075
0.001423655,0.001416908,0.001432125,0.001423426,0.001423854
0.001426068,0.001421082,0.001431928,0.001425871,0.001423914
0.001425775,0.001420691,0.001430509,0.001426476,0.001428314
0.001424134,0.001418851,0.001430218,0.001424386,0.001423324
0.001434484,0.001429635,0.001439772,0.001433972,0.001429635
0.001424701,0.001419049,0.001430551,0.001424657,0.001420384
0.001426046,0.001420505,0.001431388,0.001426438,0.001429564
0.001425913,0.001421142,0.001432948,0.001425309,0.001429644
0.001422825,0.001418214,0.001427938,0.001421828,0.001419644
0.001425875,0.001421302,0.001432328,0.001425116,0.001428474
0.001426311,0.001421489,0.001432908,0.001425721,0.001423374
0.001426614,0.001422584,0.001431365,0.001425621,0.001424354
0.001425815,0.001422678,0.001432122,0.001424825,0.001422954
0.001424396,0.001419925,0.001430334,0.001424738,0.001420784
0.001422825,0.001418204,0.001430725,0.001420894,0.001420105
0.001425133,0.001421285,0.001431348,0.001424593,0.001421854
0.00143001,0.001424398,0.001436769,0.00143126,0.001432725
0.001425135,0.001420704,0.001431427,0.001424783,0.001425314
0.001427839,0.001423625,0.001434259,0.00142647,0.001430505
0.001421897,0.001419188,0.001426762,0.001420846,0.001425234
0.001424036,0.001419228,0.001429361,0.001424072,0.001424665
0.001423651,0.001420075,0.001429745,0.001421773,0.001421494
0.001425063,0.001420748,0.001430915,0.001424408,0.001430915
0.001428787,0.001424508,0.001433547,0.001429879,0.001426144
0.001424556,0.001418534,0.001428555,0.001425189,0.001425465
0.001427077,0.001420988,0.001432968,0.001428178,0.001421654
0.001425454,0.001421145,0.001430789,0.001424072,0.001421145
0.00142754,0.001422604,0.001433564,0.001427281,0.001433564
0.001423832,0.001420128,0.001427948,0.0014225,0.001422245
0.001426292,0.001420368,0.001433065,0.001426581,0.001425024
0.001426511,0.001420967,0.001430825,0.001426586,0.001430825
0.00142611,0.001419348,0.001429925,0.001427685,0.001429804
0.001421781,0.001418099,0.001426748,0.001420241,0.001419574
0.00141948,0.001415214,0.001425985,0.001418935,0.001415214
0.001426784,0.001422588,0.001431414,0.001426419,0.001424064
0.001422873,0.001416238,0.001428061,0.001423144,0.001426464
0.001428731,0.001424118,0.001434848,0.001428955,0.001424324
0.001426187,0.001421252,0.001430128,0.001427214,0.001427764
0.001424763,0.001418688,0.001431092,0.001425097,0.001422234
0.001426581,0.001419759,0.001431392,0.001427228,0.001430895
0.001416373,0.001413688,0.001420524,0.001415753,0.001417234
0.001418908,0.001414638,0.001424144,0.001419576,0.001418624
0.001426243,0.001421408,0.001431109,0.001424813,0.001430414
0.001425035,0.001418932,0.001430275,0.001425811,0.001430275
0.001426406,0.001421091,0.001431287,0.001426839,0.001430944
0.001424172,0.001420355,0.001429278,0.001423908,0.001422104
0.001423237,0.001420588,0.001427625,0.001422594,0.001420684
0.001424876,0.001420318,0.001431258,0.001423896,0.001421394
0.001425392,0.001419195,0.001432382,0.001425499,0.001419195
0.001423376,0.001420228,0.001427927,0.00142257,0.001426284
0.001428087,0.001421848,0.001432512,0.00143013,0.001431035
0.00142738,0.001422578,0.001431018,0.001428595,0.001429784
0.001420964,0.001417632,0.001424949,0.001420436,0.001420895
0.001421588,0.001418078,0.001425924,0.001421265,0.001418364
0.001425311,0.001421289,0.001431125,0.001424961,0.001422924
0.001423801,0.001420605,0.001425948,0.001424328,0.001424974
0.001422292,0.001420358,0.001425794,0.00142195,0.001425794
0.001424471,0.001417439,0.001428718,0.001425087,0.001423664
0.001424127,0.001418592,0.001430808,0.001424096,0.001427004
0.001426837,0.001420495,0.001431389,0.001428592,0.001420495
0.00142612,0.001421858,0.001428868,0.001426883,0.001428144
0.001425004,0.001422815,0.001430082,0.00142454,0.001422815
0.001414143,0.001411324,0.001417954,0.001413663,0.001417954
0.001424409,0.001422115,0.001429492,0.001423348,0.001424274
0.001429202,0.001423624,0.001433568,0.001430404,0.001423624
0.001426895,0.001421862,0.001430988,0.001427913,0.001429385
0.001427227,0.001421051,0.001432015,0.001427094,0.001431854
0.001429627,0.001425738,0.001437322,0.001428753,0.001432355
0.00142315,0.001419458,0.001428278,0.001422269,0.001425924
0.00142282,0.001419221,0.001428029,0.001421505,0.001419784
0.001421296,0.001418994,0.001424588,0.001420412,0.001422254
0.001423375,0.001418088,0.001427855,0.001424498,0.001424964
0.001426481,0.001420572,0.001432629,0.00142536,0.001422645
0.001425485,0.001422182,0.001430588,0.001425726,0.001426104
0.001427779,0.001421725,0.001435798,0.00142737,0.001421725
0.001425811,0.001421597,0.001432439,0.001423365,0.001423194
0.001422389,0.001417548,0.001427565,0.001421597,0.001423655
0.001423637,0.001418298,0.001428408,0.001423882,0.001426574
0.001423227,0.001419108,0.001426888,0.00142379,0.001419795
0.001427121,0.001422441,0.001434238,0.001425527,0.001430394
0.001424388,0.001417694,0.001429325,0.001425806,0.001429325
0.001424302,0.001418868,0.001428888,0.001425142,0.001428414
0.001423142,0.001417454,0.001426855,0.001424624,0.001426855
0.001424014,0.001419288,0.001430795,0.001422706,0.001421924
0.001425596,0.001421674,0.001430559,0.0014248,0.001425074
0.00142505,0.001420698,0.001431777,0.001423179,0.001422754
0.001425501,0.001418924,0.001433569,0.001424823,0.001430004
0.001426571,0.001422664,0.001432468,0.001425283,0.001426304
0.001425257,0.001421178,0.001429874,0.001424851,0.001429874
0.001428945,0.001424309,0.001433849,0.001429055,0.001426444
0.001423021,0.001419278,0.001429778,0.001421593,0.001425264
0.001424666,0.001422332,0.001430524,0.001423581,0.001427385
0.001426965,0.001420968,0.001434328,0.001426418,0.001424474
0.001427337,0.001422031,0.001433949,0.001426967,0.001431895
0.00142556,0.001420538,0.001431068,0.001426112,0.001426744
0.001428156,0.001423515,0.001433052,0.00142923,0.001423515
0.00142246,0.001417377,0.001429801,0.001422542,0.001417924
0.001425693,0.001421179,0.001432794,0.001425696,0.001429675
0.00142623,0.001421959,0.001434485,0.001424385,0.001431364
0.001428883,0.001423165,0.001437435,0.001427947,0.001437435
0.001426911,0.001423232,0.001433124,0.001426309,0.001433124
0.001426017,0.001422752,0.001431025,0.001425587,0.001429534
0.0014252,0.001420678,0.001430102,0.001424906,0.001428494
0.00142279,0.001418458,0.001429804,0.001421326,0.001426415
0.001426282,0.001419487,0.001434615,0.001426361,0.001430674
0.00142295,0.001417308,0.001429524,0.00142206,0.001427925
0.001427311,0.001421058,0.001432664,0.001427684,0.001426234
0.001426641,0.001422338,0.001431915,0.00142671,0.001431915
0.001419398,0.001415499,0.001424254,0.001418938,0.001416824
0.001424191,0.001419277,0.001428981,0.001424772,0.001425325
0.001423687,0.001418469,0.001428589,0.00142356,0.001427044
0.00142348,0.001418654,0.001429738,0.001422821,0.001425264
0.001426487,0.001422422,0.001430164,0.001426356,0.001430164
0.001426749,0.001420628,0.001434355,0.001426229,0.001423634
0.001426018,0.001420638,0.001430605,0.001426501,0.001430274
0.001426101,0.001422814,0.001431724,0.001424955,0.001431724
0.001423464,0.001417639,0.001429958,0.001424408,0.001418604
0.001424181,0.001420578,0.001427814,0.001424508,0.001426714
0.001424952,0.001421428,0.001431875,0.001423577,0.001431875
0.001424425,0.001420428,0.001429544,0.001422649,0.001429134
0.001426062,0.001422208,0.001431765,0.00142471,0.001426965
0.00142654,0.001422282,0.001430388,0.001426739,0.001428354
0.001426788,0.001421644,0.001433115,0.001425423,0.001429675
0.00142614,0.001422338,0.001429954,0.001426296,0.001424524
0.001422828,0.001419238,0.001426364,0.001423442,0.001423925
0.001420411,0.001416555,0.001425282,0.001420059,0.001423654
0.001418597,0.001414808,0.001423094,0.001418541,0.001423094
0.001424395,0.001419089,0.001429188,0.001423951,0.001422915
0.001423885,0.001419654,0.001428659,0.001424363,0.001422224
0.001425057,0.001421688,0.001429944,0.001424098,0.001426665
0.001427585,0.001420428,0.001434984,0.001427811,0.001434984
0.001426772,0.001421758,0.001431724,0.001426602,0.001430885
0.001421872,0.001418308,0.001427995,0.001420744,0.001420474
0.001421616,0.001417859,0.001427734,0.001421126,0.001419565
0.001424663,0.001421588,0.001429932,0.001424095,0.001422934
0.001426815,0.001420919,0.001431995,0.001427251,0.001430135
0.001427124,0.001423402,0.001432005,0.001427378,0.001429584
0.001423586,0.001418808,0.001429762,0.001422616,0.001428425
0.00142437,0.001419748,0.001429884,0.001423077,0.001429884
0.001423413,0.001419088,0.001428215,0.001423326,0.001425884
0.001430386,0.001427808,0.001436219,0.001429445,0.001432474
0.001424154,0.001418658,0.001430085,0.001424845,0.001430085
0.001422917,0.001417758,0.001426734,0.00142386,0.001426734
0.001427178,0.001422578,0.001432978,0.001426982,0.001430094
0.001428358,0.001424435,0.001432874,0.001428051,0.001432874
0.001424927,0.001422002,0.001429285,0.001424775,0.001424354
0.00142522,0.001419818,0.001430894,0.001424975,0.001429254
0.001423115,0.001419258,0.001428615,0.001422623,0.001426224
0.001431495,0.001426868,0.001436315,0.001431063,0.001436315
0.001429434,0.001423354,0.001437215,0.001429704,0.001437215
0.001425907,0.001419938,0.001433015,0.001426098,0.001429114
0.001427568,0.001423505,0.001431968,0.001427093,0.001425514
0.001426407,0.001421594,0.001433149,0.001425123,0.001429984
0.001425032,0.001419122,0.001429877,0.001425283,0.001428934
0.001425178,0.001422138,0.001430077,0.001423806,0.001427724
0.001423465,0.001418259,0.001429394,0.001423441,0.001429394
0.001431932,0.001424508,0.001438512,0.001431864,0.001438464
0.00142555,0.001422098,0.001429619,0.001425617,0.001425634
0.001428132,0.001423514,0.001433338,0.001428896,0.001423514
0.001423462,0.001420382,0.001426164,0.001423803,0.001426124
0.0014204,0.001416034,0.001423508,0.001421042,0.001417674
0.002633411,0.002628873,0.002637411,0.002632894,0.002632015
0.082914562,0.040150049,0.093181738,0.090788149,0.090897331
0.00149067,0.001474429,0.001499559,0.001494935,0.001495995
0.001431616,0.001427159,0.001435755,0.001431181,0.001435755
0.001427021,0.001421177,0.001430504,0.001427958,0.001430504
0.001426342,0.001423409,0.001431545,0.00142597,0.001431545
0.00142713,0.001421734,0.001433318,0.001426704,0.001426934
0.001428696,0.001423194,0.001434238,0.001428215,0.001426105
0.001424846,0.001420209,0.001430018,0.001425293,0.001428164
0.001427874,0.001422728,0.001433812,0.001427603,0.001432105
0.0014306,0.001424078,0.001437062,0.001430639,0.001436384
0.001426091,0.001420162,0.001430464,0.001427497,0.001430464
0.001427811,0.001422025,0.001434265,0.001427448,0.001423604
0.001423615,0.001419867,0.001427065,0.001424117,0.001424494
0.001424231,0.001420428,0.001428224,0.001424228,0.001420614
0.00142538,0.001419968,0.001432335,0.001424199,0.001432335
0.001426639,0.001421209,0.001430808,0.001427053,0.001429774
0.00142056,0.001416551,0.001426907,0.001419437,0.001417565
0.001424926,0.001420731,0.001429607,0.001425533,0.001428014
0.001425929,0.001420765,0.001432324,0.001425318,0.001430445
0.001428264,0.001423258,0.001435558,0.001426464,0.001434444
0.001424726,0.001419838,0.001429445,0.001425067,0.001427945
0.001425619,0.001421609,0.001430559,0.001425259,0.001422544
0.001425136,0.001419435,0.001430485,0.001425256,0.001430485
0.001426988,0.001423537,0.001433748,0.00142539,0.001426124
0.001425924,0.001421999,0.001433668,0.00142292,0.001422645
0.00142567,0.001422742,0.001429504,0.001424146,0.001429494
0.001424017,0.001419024,0.001430398,0.00142366,0.001428875
0.001428906,0.001424628,0.001434625,0.001428356,0.001425284
0.00142552,0.001422579,0.001431664,0.001424483,0.001423325
0.001425387,0.001420608,0.001429194,0.001427149,0.001429194
0.001421446,0.001416958,0.001426879,0.001419813,0.001424275
0.001423946,0.001419368,0.001430698,0.001422998,0.001421684
0.001426418,0.001421921,0.001429434,0.001426508,0.001429134
0.001421211,0.001416869,0.001428014,0.001420161,0.001428014
0.00142635,0.001420368,0.001431215,0.00142684,0.001430054
0.001425572,0.001420588,0.001430705,0.001425248,0.001430705
0.001425135,0.001418299,0.001429314,0.001425966,0.001429314
0.001427934,0.001422812,0.001432918,0.001428119,0.001431575
0.001426196,0.001421919,0.001435904,0.001423145,0.001435904
0.001427818,0.001422778,0.001432595,0.001428692,0.001430195
0.001420268,0.001417804,0.001424707,0.001419977,0.001420494
0.001423877,0.001419259,0.001428232,0.001423927,0.001419435
0.001426729,0.001422598,0.001432854,0.001425461,0.001432854
0.001424394,0.001420058,0.001430015,0.001424513,0.001430015
0.001425903,0.001423728,0.001430502,0.001424666,0.001424574
0.001422004,0.001417664,0.001427291,0.001422001,0.001417664
0.001422033,0.001415919,0.001428525,0.001422786,0.001423994
0.00142485,0.001419358,0.001432518,0.001423801,0.001429844
0.001426236,0.001422509,0.001430235,0.001425475,0.001430154
0.001420078,0.001416838,0.001424774,0.00141935,0.001424774
0.001418612,0.001416814,0.001420969,0.001417982,0.001417835
0.001421346,0.001419182,0.001423948,0.001420926,0.001421154
0.00142632,0.001421579,0.001431668,0.001425825,0.001430825
0.001425273,0.001420104,0.001430154,0.001424867,0.001430154
0.001427885,0.001420461,0.001431908,0.001429636,0.001431575
0.001428533,0.001424238,0.001434565,0.001428139,0.001430734
0.001425666,0.001421239,0.001431805,0.001423536,0.001431805
0.001427077,0.001421748,0.001431444,0.001426905,0.001431444
0.001428429,0.001423232,0.001433248,0.001428956,0.001430545
0.001427676,0.001421798,0.001435259,0.001426348,0.001425704
0.001425144,0.001418872,0.001428505,0.001426397,0.001422675
0.001427518,0.001423699,0.001434314,0.001426029,0.001434314
0.001426319,0.001420618,0.001432645,0.001426491,0.001432645
0.001425235,0.001421165,0.001431142,0.001424041,0.001422564
0.001422308,0.001418578,0.001427034,0.001420246,0.001419575
0.001425566,0.001422004,0.001431018,0.001423703,0.001422004
0.001426051,0.001420525,0.001431499,0.00142582,0.001425735
0.001429593,0.001423302,0.001436208,0.001429265,0.001426734
0.001424205,0.001420532,0.001429207,0.001423973,0.001426135
0.0014296,0.001424389,0.001435518,0.0014289,0.001434184
0.001425634,0.001421138,0.001430799,0.001425086,0.001429845
0.001426381,0.001421978,0.001431695,0.00142738,0.001423684
0.001420594,0.001417074,0.001423884,0.001420615,0.001417074
0.001429661,0.001425098,0.001433178,0.001430129,0.001430884
0.00142375,0.001420171,0.001427527,0.001423237,0.001420394
0.0014241,0.001420614,0.001428708,0.001423578,0.001426144
0.001428023,0.001424662,0.001434808,0.001426376,0.001426844
0.001425452,0.001420534,0.001430508,0.001425989,0.001420534
0.001423109,0.001419168,0.001427169,0.001423077,0.001419574
0.001421702,0.001416764,0.001427192,0.001421899,0.001424594
0.001422186,0.001417718,0.001426628,0.001422553,0.001424894
0.001426413,0.001422185,0.001432078,0.001424951,0.001425685
0.001425902,0.001421248,0.001432248,0.001425104,0.001431184
0.001424994,0.001420498,0.001430565,0.001424205,0.001423775
0.001421212,0.001418597,0.001425929,0.001420004,0.001420334
0.001422083,0.001417288,0.001428938,0.001421577,0.001419305
0.001425835,0.001422558,0.001432001,0.001425181,0.001425054
0.001427339,0.001422968,0.001432709,0.001426911,0.001425964
0.001428456,0.001424875,0.001433704,0.001427653,0.001430354
0.001424676,0.001420428,0.001431955,0.001423827,0.001431955
0.001427189,0.001422199,0.001431548,0.001426741,0.001425934
0.001427117,0.001422224,0.001431428,0.001427645,0.001430295
0.001426642,0.001423138,0.001432758,0.001426544,0.001425214
0.001427139,0.001423629,0.001431168,0.001425611,0.001431135
0.001427081,0.001422494,0.001433154,0.001427431,0.001433154
0.001427127,0.001421472,0.001433005,0.001427783,0.001429885
0.001425625,0.001421578,0.001431224,0.001425446,0.001431224
0.001425108,0.001420724,0.001430204,0.001424983,0.001422544
0.001426989,0.001423888,0.001431228,0.00142662,0.001424414
0.001425881,0.001419918,0.001430255,0.001426339,0.001430255
0.001425608,0.001422642,0.001430414,0.001424866,0.001424424
0.001428081,0.001423562,0.001433895,0.001427253,0.001433895
0.00142535,0.001421659,0.001429618,0.00142531,0.001426404
0.001424591,0.001419474,0.001429757,0.001424822,0.001426084
0.001426755,0.001419648,0.001433035,0.001428731,0.001428884
0.001425368,0.001423554,0.001428354,0.001424837,0.001428354
0.001425564,0.001422985,0.001429899,0.001424146,0.001427114
0.001429699,0.001424744,0.001435678,0.001429341,0.001432014
0.001427536,0.001422815,0.001431804,0.001427406,0.001428524
0.001425263,0.001420159,0.001429584,0.001425469,0.001424254
0.001425338,0.001419678,0.001432578,0.00142323,0.001431774
0.001424517,0.001420618,0.001428874,0.001423502,0.001428874
0.001424188,0.001418979,0.001429894,0.001424431,0.001428005
0.001426353,0.001423038,0.001429252,0.001427021,0.001428004
0.00141971,0.001416285,0.001424345,0.001419598,0.001416285
0.001429627,0.001426068,0.001433249,0.001429505,0.001432334
0.001428509,0.001424305,0.001433208,0.001428747,0.001429195
0.001423147,0.001419614,0.001426664,0.001423896,0.001423214
0.001426747,0.001419708,0.001432575,0.001428477,0.001432575
0.001420778,0.001414588,0.001425207,0.001421823,0.001423994
0.001427673,0.001423472,0.001431055,0.001428702,0.001431055
0.001425428,0.001419358,0.001430898,0.001425676,0.001430014
0.001423356,0.001418428,0.001428698,0.001424072,0.001426595
0.001426548,0.001421819,0.001433428,0.001425173,0.001425374
0.001425724,0.001420054,0.001431535,0.001426153,0.001428615
0.001421892,0.001417808,0.001427622,0.001421231,0.001419494
0.00142412,0.001420304,0.001429032,0.001424714,0.001425644
0.001425255,0.001421248,0.001429914,0.001424622,0.001427905
0.001419717,0.001415711,0.001425545,0.001418923,0.001423244
0.001428441,0.001424121,0.001432694,0.001428344,0.001432375
0.001428604,0.001423905,0.001434722,0.001428456,0.001432844
0.001425108,0.001419979,0.001430281,0.001425296,0.001427015
0.00142675,0.001420859,0.001432198,0.001427038,0.001422774
0.001425225,0.001421778,0.001430768,0.001424287,0.001423205
0.001423141,0.001418814,0.001426788,0.001424093,0.001418814
0.001424052,0.001420374,0.001428565,0.001423665,0.001426885
0.001436939,0.001428352,0.001446654,0.00143545,0.001446654
0.001424856,0.001420765,0.001429654,0.001423839,0.001420765
0.001429723,0.001423504,0.001436617,0.001429468,0.001426424
0.001427951,0.001424702,0.001434158,0.001427181,0.001426994
0.001424145,0.001419982,0.001427215,0.001424518,0.001427194
0.001427062,0.001421468,0.001433392,0.001426229,0.001425164
0.001431109,0.001424788,0.001438935,0.001429575,0.001438935
0.001425214,0.001420202,0.001431774,0.001424359,0.001429344
0.001426297,0.001419667,0.001430589,0.001428421,0.001422334
0.001423378,0.001417144,0.001426777,0.001425266,0.001425464
0.001424661,0.001422739,0.001428968,0.001423408,0.001423004
0.001425085,0.001419004,0.001432919,0.001424703,0.001420254
0.00142446,0.001418894,0.001429348,0.001424155,0.001418894
0.001426384,0.001422584,0.001431848,0.001424722,0.001422584
0.001426326,0.001420621,0.001431299,0.001426325,0.001423004
0.001427497,0.001424539,0.001431768,0.001426529,0.001428994
0.001421498,0.001416785,0.001427505,0.001421755,0.001424114
0.001427971,0.001422328,0.001435108,0.001428174,0.001429155
0.001428218,0.001424638,0.001435648,0.001426471,0.001425704
0.001420901,0.001416688,0.001425559,0.001420291,0.001417194
0.001427163,0.001421748,0.001435044,0.00142561,0.001422964
0.001425531,0.001419628,0.001430225,0.001426112,0.001429315
0.00142604,0.001421528,0.001429814,0.001427004,0.001429814
0.001428983,0.001424179,0.001432445,0.001429458,0.001425485
0.001425506,0.001418978,0.001430455,0.001427341,0.001428694
0.001425656,0.001420249,0.001430304,0.00142651,0.001429265
0.001425086,0.001421308,0.001431022,0.001423359,0.001430554
0.001425603,0.001421459,0.001430587,0.001425216,0.001428865
0.001426372,0.001422582,0.001431479,0.00142616,0.001429274
0.001424686,0.001419435,0.001428744,0.001425692,0.001419435
0.001425027,0.001421164,0.001429458,0.001425308,0.001422384
0.0014258,0.001421599,0.001430268,0.001425943,0.001422285
0.001423756,0.001418487,0.001428884,0.001423783,0.001424534
0.001424724,0.001421648,0.001430382,0.001424258,0.001426635
0.00142771,0.001422008,0.001434074,0.001427595,0.001434074
0.001431937,0.001426588,0.001439085,0.001431931,0.001439085
0.001429375,0.001425474,0.001435088,0.001428344,0.001433584
0.001426159,0.001421208,0.001430758,0.001426978,0.001429695
0.001421633,0.001415882,0.001427034,0.001423344,0.001422364
0.001424132,0.001419397,0.001429124,0.001423738,0.001421145
0.001424992,0.001419458,0.001429104,0.001425731,0.001429104
0.001427521,0.001421628,0.001432849,0.001428838,0.001430915
0.001424698,0.001421172,0.001430154,0.001423661,0.001425614
0.001424617,0.001419618,0.001429395,0.001425321,0.001429395
0.001427591,0.001421639,0.001432368,0.001429319,0.001429534
0.001425111,0.001421654,0.001428239,0.001425689,0.001421654
0.001427872,0.001425598,0.001432368,0.001427512,0.001428484
0.00142569,0.001420024,0.001430172,0.001426257,0.001427295
0.001420668,0.001417024,0.001427351,0.001420079,0.001421624
0.001429926,0.001426008,0.001434799,0.001428666,0.001434695
0.001425441,0.001420584,0.001431938,0.001425076,0.001426514
0.001427302,0.001422764,0.001431719,0.001426805,0.001430775
0.001426838,0.001421514,0.001431998,0.001426737,0.001421514
0.001421323,0.001416184,0.001427772,0.001419918,0.001423124
0.001426543,0.001423349,0.001430208,0.001426007,0.001424164
0.001426455,0.001422925,0.001430539,0.001426179,0.001424014
0.001433393,0.001427528,0.001437974,0.001434508,0.001437974
0.001430477,0.001427468,0.001437835,0.001428498,0.001434635
0.001432192,0.001427509,0.001437135,0.001432273,0.001436934
0.001423605,0.001419262,0.001429145,0.001422716,0.001425255
0.0014204,0.001416484,0.001426127,0.001419946,0.001421314
0.001429929,0.001424205,0.001435179,0.001430981,0.001433545
0.001419537,0.001414762,0.001424675,0.001418551,0.001419494
0.001426549,0.001422319,0.001432648,0.001425273,0.001424164
0.001423022,0.001417741,0.001428144,0.001423866,0.001428144
0.001424563,0.001419308,0.001430805,0.001423424,0.001429214
0.001422739,0.001418259,0.001426814,0.001422653,0.001426814
0.001425166,0.001419478,0.001431418,0.001424822,0.001421994
0.001423864,0.001418334,0.001428695,0.001423918,0.001428695
0.00142599,0.001421598,0.001430942,0.001425457,0.001422414
0.001428129,0.001424328,0.001433819,0.001425738,0.001426295
0.001424769,0.001419624,0.001430028,0.001424146,0.001426534
0.00142826,0.001422588,0.001435159,0.00142734,0.001431815
0.001427544,0.001424279,0.001431345,0.00142749,0.001428174
0.001424517,0.001420354,0.001429155,0.001424063,0.001429155
0.001425472,0.001421328,0.001430108,0.001426286,0.001426764
0.001426047,0.001421148,0.001432598,0.001425649,0.001428505
0.001426693,0.001420942,0.001432865,0.001427507,0.001430114
0.001424091,0.001420709,0.001427678,0.001423789,0.001422305
0.001426839,0.001420975,0.001434124,0.001426018,0.001430774
0.001426207,0.001420668,0.001432208,0.001426944,0.001428095
0.001430376,0.001424748,0.001435279,0.001431185,0.001432444
0.001425095,0.001420708,0.001429175,0.001426227,0.001429175
0.001429114,0.001423078,0.001434364,0.001430705,0.001434364
0.001423917,0.001419768,0.001427034,0.001424088,0.001426545
0.001427197,0.001421208,0.001436261,0.001425987,0.001432664
0.001428195,0.001423458,0.001432941,0.001428445,0.001429605
0.001427389,0.001422451,0.001434654,0.001426994,0.001422644
0.001425232,0.001421788,0.001429405,0.00142508,0.001423544
0.00142713,0.001425114,0.001432038,0.001426441,0.001425114
0.001424062,0.001419788,0.001430097,0.001423066,0.001422754
0.001429175,0.001424662,0.001434498,0.001428928,0.001432714
0.001424576,0.001420634,0.001429605,0.001422705,0.001429564
0.001425605,0.001419388,0.001430378,0.001427164,0.001428844
0.001425526,0.001420209,0.001432095,0.001425171,0.001428745
0.001427444,0.001422688,0.001432894,0.001427165,0.001432894
0.001419357,0.001416608,0.001423195,0.001419058,0.001423195
0.00142686,0.001422668,0.001432729,0.001425615,0.001431014
0.001426052,0.001419741,0.001430668,0.001426482,0.001430295
0.001432206,0.001426388,0.001440565,0.001431181,0.001428104
0.001427965,0.001421289,0.001433449,0.001429376,0.001424055
0.001426162,0.001422018,0.001429608,0.001426755,0.001427864
0.001427187,0.001420864,0.001432195,0.001428141,0.001425665
0.001427281,0.001423449,0.001432248,0.001425569,0.001425464
0.001426461,0.001421328,0.001433558,0.001425705,0.001422844
0.001425327,0.001419221,0.001430689,0.001425276,0.001428934
0.001422067,0.001417098,0.001427888,0.001422721,0.001424614
0.001426488,0.001419505,0.001432455,0.001427755,0.001430724
0.001428,0.001422509,0.001434205,0.001428851,0.001434205
0.001424653,0.001419108,0.001430928,0.001424628,0.001428794
0.00142535,0.001420134,0.001430048,0.00142542,0.001428665
0.001420717,0.001415144,0.001424779,0.001422451,0.001422954
0.001424554,0.001420418,0.001430218,0.00142391,0.001423705
0.00142673,0.001422152,0.001433109,0.001426365,0.001422544
0.001426062,0.001421705,0.001430225,0.001427234,0.001430225
0.001424954,0.001419408,0.001430695,0.001425505,0.001421784
0.001426505,0.001422231,0.001432235,0.001425462,0.001431015
0.001424977,0.001420204,0.001430371,0.001422631,0.001430224
0.001426095,0.001422778,0.001432598,0.001424325,0.001428365
0.00142861,0.001423961,0.001434949,0.001428969,0.001425464
0.001421263,0.001415021,0.001425304,0.001422683,0.001424245
0.001425487,0.001419358,0.001430997,0.001425472,0.001429984
0.001423524,0.001419168,0.001430018,0.001422161,0.001419514
0.001419381,0.001416134,0.001423235,0.001418611,0.001418464
0.001424823,0.001419068,0.001429365,0.00142451,0.001420674
0.001426081,0.001422219,0.001434247,0.001423935,0.001423095
0.001428516,0.001424402,0.001434898,0.001427647,0.001431204
0.001426052,0.001420404,0.001430878,0.001427258,0.001428495
0.001426853,0.001422048,0.001431624,0.0014269,0.001431314
0.001421594,0.001416519,0.001425275,0.001421974,0.001420075
0.001422633,0.001417034,0.001427588,0.001422652,0.001419314
0.001421304,0.001417454,0.001425789,0.001420855,0.001418954
0.001423426,0.001419024,0.001429278,0.001423555,0.001420024
0.001432575,0.001426385,0.001439458,0.001432027,0.001431615
0.001425461,0.001419884,0.001429892,0.001425707,0.001419884
0.001428742,0.001424065,0.001434674,0.001426608,0.001434625
0.001423916,0.001420088,0.001429715,0.001422226,0.001429304
0.001426697,0.001422499,0.001432164,0.00142399,0.001432015
0.001426286,0.001421928,0.001431578,0.001426181,0.001424014
0.001428136,0.001423814,0.001433309,0.001429297,0.001423814
0.00142711,0.001421092,0.001430468,0.001428121,0.001428664
0.001423406,0.001417894,0.001428002,0.001424707,0.001417894
0.001425861,0.001420549,0.001428912,0.001426214,0.001426964
0.001425511,0.001420691,0.001429334,0.001425451,0.001429334
0.001427727,0.001422544,0.001434928,0.001427397,0.001422544
0.001426517,0.001420894,0.001430678,0.001425906,0.001420894
0.001432427,0.001425411,0.001441678,0.001430586,0.001429004
0.001424176,0.001416991,0.001429499,0.001424453,0.001420824
0.001425813,0.001422501,0.001431904,0.001424401,0.001423684
0.001427756,0.001423018,0.001434455,0.001427753,0.001431525
0.001426498,0.001422618,0.001432844,0.001425952,0.001432844
0.001426779,0.001421639,0.001430958,0.001427588,0.001430265
0.001426141,0.001420074,0.001431509,0.001426023,0.001428804
0.001429171,0.001423752,0.001436169,0.001428531,0.001432775
0.001426526,0.001420515,0.001431778,0.001426086,0.001425634
0.00142619,0.001422498,0.001430079,0.001424891,0.001429765
0.001427882,0.001423025,0.001434254,0.001427633,0.001434254
0.001425705,0.001420529,0.001431775,0.001425377,0.001423865
0.001424067,0.001418448,0.001428509,0.001425133,0.001428454
0.001427951,0.001423175,0.001432695,0.001427913,0.001426794
0.001428661,0.001424565,0.001433012,0.001429316,0.001429354
0.001428044,0.001423575,0.001431564,0.001428626,0.001423575
0.001426865,0.001421764,0.001432908,0.00142683,0.001423194
0.001423743,0.001419689,0.001428142,0.001423286,0.001426935
0.001427968,0.001421149,0.001434194,0.001428508,0.001431094
0.001425062,0.001418808,0.001429228,0.00142555,0.001428885
0.001425824,0.001422704,0.001431628,0.001424087,0.001430144
0.001428126,0.001424635,0.001431779,0.001428066,0.001429915
0.001425118,0.001420571,0.001430538,0.001424571,0.001421194
0.001425677,0.001420304,0.001431468,0.001425583,0.001420304
0.001428561,0.001423049,0.001434424,0.001428928,0.001434424
0.001425446,0.001419631,0.001430905,0.001425018,0.001430905
0.001425982,0.001421819,0.001431742,0.001425996,0.001427174
0.00142614,0.001420668,0.001433389,0.00142459,0.001431575
0.001425499,0.001420154,0.001429558,0.001426011,0.001420154
0.001426821,0.001420252,0.001430715,0.001427748,0.001430715
0.001421274,0.001418067,0.001426208,0.001420534,0.001419484
0.001427011,0.001421804,0.001431579,0.00142794,0.001429995
0.001427705,0.001425688,0.001430298,0.00142752,0.001428454
0.001427579,0.001423019,0.001434358,0.001427337,0.001428705
0.001425137,0.001420468,0.001430669,0.001425113,0.001421044
0.001526115,0.001423785,0.001769592,0.00145218,0.001467685
0.001422635,0.001418175,0.001427875,0.001422709,0.001418175
0.001423407,0.001418644,0.001429664,0.001423401,0.001429664
0.001426201,0.001421881,0.001431588,0.001424252,0.001424065
0.0014283,0.001423291,0.001435005,0.001427881,0.001423404
0.001420012,0.001415274,0.001425824,0.001420091,0.001418645
0.001426421,0.001422478,0.001429534,0.001427276,0.001429534
0.001426282,0.001421814,0.001432289,0.001426465,0.001421814
0.001427466,0.001424178,0.001431918,0.001427178,0.001430124
0.001427155,0.001421444,0.001433238,0.001426823,0.001431845
0.001425486,0.001420602,0.001430728,0.001426101,0.001428024
0.001421606,0.001416932,0.001427238,0.001421281,0.001422384
0.001425047,0.001420934,0.001431849,0.001423955,0.001428784
0.001426079,0.001420399,0.001429964,0.001426456,0.001429964
0.001425877,0.001419448,0.001431274,0.001425887,0.001422475
0.001421986,0.001417554,0.001426618,0.001423112,0.001425174
0.001423851,0.001417489,0.001428805,0.001425476,0.001427225
0.001423995,0.001419769,0.001430142,0.001422416,0.001420384
0.001423337,0.001420075,0.001427288,0.001422557,0.001425715
0.001426543,0.001420835,0.001431928,0.001426148,0.001430374
0.001544182,0.001428238,0.001667673,0.001525601,0.001505596
0.001430749,0.001426295,0.001436079,0.001430408,0.001431624
0.001426061,0.001420068,0.001431138,0.001427173,0.001425515
0.001427499,0.001422868,0.001431624,0.001427526,0.001430664
0.001424926,0.001420759,0.001429065,0.001424814,0.001429065
0.001424215,0.001419689,0.001429198,0.001423481,0.001427814
0.001424555,0.001420118,0.001428445,0.001424907,0.001421115
0.001426307,0.001422244,0.001430118,0.001426129,0.001422244
0.001427477,0.001420291,0.001433419,0.001427714,0.001426895
0.001428662,0.001423565,0.001434728,0.001428038,0.001431294
0.001426611,0.001421254,0.001430881,0.001426742,0.001429065
0.001426882,0.001421059,0.001433451,0.001426555,0.001424724
0.00142611,0.001422938,0.001431307,0.001425305,0.001425575
0.001426113,0.001421434,0.001431158,0.001427401,0.001421464
0.001426595,0.001420454,0.001431845,0.001426832,0.001431845
0.001426017,0.001420622,0.001430518,0.001426131,0.001429274
0.001428746,0.001424929,0.001435125,0.00142638,0.001433425
0.001423127,0.001417764,0.001428178,0.00142472,0.001425734
0.001420778,0.001416184,0.001424397,0.001421085,0.001419435
0.001425582,0.001421464,0.001431514,0.001424257,0.001421464
0.001427185,0.001422058,0.001433672,0.001426217,0.001432015
0.001429039,0.001424564,0.001434788,0.001428853,0.001433744
0.001435406,0.001430248,0.001443495,0.001433867,0.001440385
0.00142672,0.001420308,0.001432502,0.001426741,0.001427684
0.001426195,0.001419428,0.001433602,0.001426081,0.001429965
0.001425296,0.001419369,0.001432535,0.00142391,0.001428554
0.001427305,0.001423138,0.001432562,0.001426863,0.001424645
0.001427292,0.001422008,0.001431322,0.001427759,0.001423204
0.001425527,0.001421565,0.001430649,0.001424591,0.001421565
0.001426517,0.001421321,0.001431058,0.001426376,0.001429944
0.001425991,0.001419881,0.001430135,0.001426794,0.001428545
0.001424903,0.001420278,0.001430451,0.001425546,0.001425934
0.001425841,0.001421814,0.001431842,0.001424951,0.001423355
0.001423341,0.001419998,0.001427879,0.001422088,0.001421834
0.00142591,0.001424078,0.001428039,0.00142573,0.001425845
0.001516322,0.001425788,0.001642702,0.0014674,0.001640898
0.001429955,0.001424508,0.001432884,0.00142972,0.001432714
0.001425708,0.001419427,0.001431735,0.001426765,0.001430365
0.001425396,0.001420218,0.001430814,0.001425231,0.001422944
0.001424995,0.001420635,0.001431802,0.001424166,0.001424715
0.00142303,0.001417059,0.001426988,0.001423792,0.001425384
0.001426202,0.001421435,0.001429559,0.001428123,0.001421435
0.001433194,0.001425488,0.001438728,0.001434387,0.001437174
0.001430711,0.001426888,0.001435185,0.001431259,0.001431834
0.001425475,0.001421878,0.001431804,0.001425491,0.001431804
0.001425508,0.001418368,0.001431139,0.001426241,0.001429264
0.001425721,0.001419678,0.001429954,0.001427697,0.001429434
0.001422795,0.001419634,0.001427898,0.001421318,0.001426965
0.001417252,0.001414774,0.001419468,0.00141699,0.001418754
0.00143274,0.001426915,0.001442078,0.001430353,0.001438805
0.001427111,0.001424794,0.001429785,0.001426643,0.001426234
0.001425804,0.001421868,0.001432304,0.001424564,0.001422885
0.001424652,0.001421548,0.001429334,0.001424884,0.001429334
0.001427656,0.001422299,0.001433305,0.001426364,0.001433205
0.001425732,0.001421332,0.001431714,0.001425026,0.001426424
0.00142562,0.001421428,0.001430768,0.001425894,0.001425605
0.001430217,0.001424894,0.001434929,0.001431391,0.001431834
0.001427083,0.001422472,0.001432119,0.001426604,0.001431765
0.001422427,0.001416618,0.001426215,0.00142366,0.001423684
0.001426244,0.001421064,0.001431298,0.001425645,0.001422435
0.001427451,0.001422648,0.001434914,0.001426705,0.001431664
0.00142262,0.001419702,0.001428975,0.001421042,0.001428975
0.001425301,0.001421024,0.001432114,0.001424616,0.001423044
0.001428771,0.001424454,0.001433205,0.001428845,0.001433205
0.001426631,0.001421182,0.001432765,0.001426481,0.001428354
0.001423566,0.001417894,0.001427898,0.00142522,0.001417894
0.001425352,0.001420648,0.001430599,0.001424646,0.001426404
0.001426155,0.001419748,0.001430779,0.001427516,0.001427465
0.001425844,0.001420661,0.001430984,0.001425608,0.001430984
0.001424593,0.001418479,0.001428405,0.00142668,0.001428405
0.001428008,0.001422345,0.001433967,0.00142776,0.001432134
0.001427875,0.001423172,0.001432398,0.001427636,0.001430145
0.001424609,0.001419379,0.001429148,0.001424332,0.001426294
0.001427011,0.001421785,0.001432348,0.00142721,0.001430975
0.00142696,0.001419724,0.001432964,0.001429263,0.001429724
0.001421895,0.001416938,0.001426804,0.001421402,0.001424874
0.001421725,0.001419298,0.001425498,0.001420815,0.001420494
0.001429204,0.001425554,0.001434828,0.001428251,0.001430354
0.001428016,0.001421495,0.001433795,0.001428425,0.001423364
0.001424705,0.001420604,0.001429759,0.001423891,0.001425474
0.001429691,0.001426388,0.001435388,0.001429069,0.001431024
0.001426377,0.001422249,0.001429995,0.00142689,0.001426884
0.001427646,0.001422207,0.001433479,0.001428031,0.001432954
0.001424211,0.001419284,0.001431039,0.00142503,0.001427224
0.001428092,0.001421751,0.001434289,0.001428138,0.001432894
0.001429266,0.001425681,0.001433739,0.001429966,0.001430365
0.001424882,0.001420018,0.001429684,0.001424674,0.001423584
0.001423081,0.001418008,0.001428294,0.001422726,0.001428294
0.001425763,0.001421895,0.001431505,0.001424111,0.001423825
0.001419562,0.001416758,0.001423478,0.00141942,0.001420074
0.001427419,0.001420985,0.001432599,0.001427568,0.001428695
0.001426569,0.001422722,0.001432988,0.001425238,0.001428804
0.001420043,0.001415475,0.001423418,0.001421096,0.001415475
0.00142475,0.001420988,0.001431725,0.001422572,0.001428204
0.001424312,0.001419078,0.001428695,0.00142463,0.001428695
0.001425789,0.001421128,0.001431544,0.001426017,0.001431544
0.001420831,0.001416741,0.001426074,0.001420571,0.001426074
0.001432644,0.001427931,0.001438049,0.001431685,0.001433394
0.001425985,0.001422521,0.001429238,0.001426337,0.001428375
0.001427054,0.001422898,0.001430437,0.001427455,0.001429924
0.001426684,0.001420668,0.001432412,0.00142737,0.001425704
0.001425635,0.001422189,0.001430448,0.001424653,0.001428924
0.00142487,0.001420679,0.001429325,0.001424296,0.001420824
0.001422382,0.001420272,0.001426038,0.001421313,0.001420794
0.001431515,0.001425834,0.001437445,0.001430873,0.001437445
0.001427008,0.001421452,0.001434658,0.001427247,0.001433074
0.001423086,0.001418232,0.001428158,0.001423232,0.001419324
0.001426837,0.001420564,0.001431648,0.00142714,0.001422294
0.001427031,0.001424632,0.001432908,0.00142649,0.001426574
0.001425256,0.001419564,0.001431979,0.001426194,0.001419564
0.00142635,0.001421148,0.001433698,0.001424949,0.001432334
0.001427185,0.001422395,0.001432749,0.001427298,0.001430714
0.001429113,0.001424452,0.001435119,0.001429187,0.001431345
0.001423815,0.001418668,0.001428278,0.001423779,0.001424164
0.001428522,0.001423015,0.001432638,0.001430945,0.001430874
0.001427887,0.001422778,0.001432508,0.00142742,0.001430984
0.001427884,0.001422695,0.001433808,0.001427888,0.001431155
0.001424436,0.001420584,0.001428928,0.00142323,0.001426914
0.001426401,0.001421055,0.001432629,0.001426839,0.001422884
0.001429457,0.001424345,0.001434294,0.001429802,0.001434294
0.001425114,0.001420828,0.001429064,0.001425893,0.001425934
0.002064569,0.001758722,0.002326436,0.002074124,0.001924662
0.001482526,0.001423092,0.001654391,0.001425851,0.001423145
0.001485832,0.001419482,0.001671452,0.001426091,0.001421444
0.001485771,0.001420054,0.001665342,0.001430921,0.001432515
0.001432719,0.001419582,0.001456829,0.001427126,0.001427844
0.001434794,0.001422952,0.001457039,0.001430251,0.001430264
0.001434319,0.001424394,0.001453639,0.001429885,0.001430154
0.001434525,0.001421602,0.001453288,0.001430972,0.001429515
0.001426306,0.001421175,0.001434849,0.001426151,0.001421175
0.001431821,0.001421774,0.001452459,0.001427448,0.001428104
0.001429865,0.001421384,0.001446459,0.001426666,0.001421744
0.001432622,0.001423102,0.001449919,0.001429821,0.001430175
0.001428816,0.001417002,0.001452348,0.001424351,0.001423394
0.001425488,0.001417124,0.001438598,0.001423756,0.001421364
0.001429715,0.001419461,0.001443979,0.001427771,0.001427014
0.001430626,0.001423448,0.001446919,0.001426831,0.001429115
0.001428185,0.001422358,0.001440448,0.00142492,0.001424274
0.001427908,0.001419264,0.001445938,0.001423458,0.001419264
0.001432433,0.001425168,0.001445419,0.001429629,0.001430985
0.001431529,0.001422442,0.001441539,0.001433107,0.001426104
0.001432775,0.001424035,0.001451669,0.001427363,0.001427214
0.001425828,0.001419454,0.001432238,0.001426172,0.001428254
0.001426696,0.001421338,0.001435269,0.001425689,0.001427504
0.001430243,0.001424988,0.001441929,0.001427334,0.001431484
0.001430079,0.001422094,0.001447539,0.001426335,0.001428725
0.001432974,0.001420081,0.001453968,0.001429856,0.001430504
0.001427997,0.001417752,0.001447379,0.001424356,0.001425024
0.001475618,0.001419684,0.001589597,0.001442294,0.001589597
0.001431755,0.001421542,0.001449999,0.001427274,0.001429624
0.001429977,0.001421844,0.001448939,0.001424982,0.001427274
0.001424646,0.001419538,0.001438088,0.001421144,0.001421615
0.00143306,0.001424298,0.001455829,0.001426974,0.001425514
0.00143012,0.001423384,0.001443689,0.001427924,0.001427774
0.001429911,0.001421385,0.001435199,0.001430896,0.001429485
0.001432275,0.001422364,0.001452709,0.001428126,0.001428734
0.001424784,0.001416704,0.001440088,0.001422761,0.001421804
0.001429955,0.001421805,0.001444989,0.001427928,0.001427965
0.001430218,0.001419771,0.001450689,0.00142613,0.001427465
0.00143137,0.001419342,0.001451899,0.001428054,0.001428064
0.001428825,0.001417982,0.001441289,0.001428283,0.001419854
0.001431816,0.001421424,0.001451668,0.001428516,0.001429295
0.001429574,0.001421275,0.001446729,0.001425715,0.001425355
0.0014287,0.001422771,0.001435769,0.001429436,0.001431254
0.001428366,0.001421471,0.001441209,0.001425169,0.001427314
0.001425768,0.001420284,0.001432268,0.001426318,0.001426625
0.0014308,0.001421541,0.001448939,0.001425816,0.001430494
0.001429702,0.001420365,0.001449519,0.001425144,0.001420365
0.001426115,0.001422605,0.001429678,0.001427142,0.001427825
0.001429472,0.001423904,0.001436668,0.001429564,0.001429404
0.001429051,0.001421932,0.001439729,0.00142823,0.001427735
0.001422236,0.001418418,0.001429559,0.001420768,0.001422694
0.001429926,0.001424545,0.001437968,0.001428779,0.001428115
0.001430774,0.001419622,0.001447899,0.001429211,0.001429994
0.001432885,0.001425109,0.001449999,0.001429068,0.001430464
0.001427142,0.001423568,0.001431004,0.001427065,0.001431004
0.001431133,0.001420952,0.001447408,0.001429784,0.001429944
0.001430345,0.001422634,0.001445859,0.001426439,0.001422634
0.001429779,0.001420351,0.001450469,0.001424666,0.001426815
0.001430127,0.001424098,0.001442709,0.00142732,0.001425795
0.001431912,0.001422605,0.001452589,0.001426461,0.001429484
0.001428128,0.001421864,0.001436368,0.001427333,0.001421864
0.001431012,0.001423094,0.001445809,0.001427678,0.001426375
0.00142962,0.001422124,0.001440939,0.00142835,0.001429004
0.001429487,0.001423437,0.001441969,0.001426641,0.001426304
0.001429536,0.001420894,0.001444908,0.001427144,0.001427805
0.001425618,0.001420984,0.001434969,0.001423747,0.001421274
0.001429506,0.001422455,0.001443129,0.001426888,0.001427504
0.001429431,0.001421345,0.001442539,0.001427706,0.001427945
0.001425576,0.001420087,0.001437908,0.0014225,0.001420994
0.001428589,0.001420404,0.001442499,0.00142618,0.001426295
0.001425983,0.001417904,0.001440649,0.001423674,0.001417904
0.001430387,0.001420712,0.001445879,0.001428854,0.001429144
0.001428484,0.001421425,0.001441428,0.001425705,0.001425045
0.001430726,0.001423654,0.001443039,0.001427848,0.001427975
0.001426458,0.001423198,0.001429598,0.001427056,0.001427174
0.001420681,0.001416147,0.001424492,0.001420878,0.001424435
0.001419293,0.001414134,0.001426809,0.001418655,0.001420154
0.001425002,0.001417012,0.001435118,0.001424844,0.001425734
0.001426047,0.001416942,0.001434369,0.001427011,0.001427384
0.001426271,0.001422494,0.001432959,0.001425279,0.001425735
0.001428986,0.001422982,0.001435688,0.001428482,0.001431714
0.001429164,0.001424315,0.001435219,0.001428825,0.001425835
0.001426047,0.001420955,0.001433762,0.001424508,0.001422464
0.001424457,0.001419578,0.001430932,0.001423107,0.001423415
0.001425187,0.001420924,0.001430517,0.001424215,0.001428264
0.001426074,0.001422278,0.001430772,0.001426007,0.001429315
0.001424621,0.001419298,0.001429835,0.001425506,0.001425374
0.001427434,0.001419591,0.001432695,0.001430164,0.001432695
0.001424066,0.001418778,0.001429355,0.001423491,0.001422134
0.001418006,0.001414609,0.001423314,0.001416488,0.001416294
0.001427505,0.001421818,0.001433664,0.001429231,0.001433664
0.0014228,0.001417448,0.001428134,0.001423223,0.001421634
0.001426894,0.001424009,0.001431719,0.001426175,0.001427895
0.00142702,0.001421894,0.001433914,0.00142789,0.001433914
0.001428056,0.001423772,0.001435185,0.001427773,0.001435185
0.001426018,0.001420957,0.001431169,0.001426591,0.001422934
0.001425064,0.001421945,0.001427728,0.001425925,0.001422855
0.001422597,0.001417988,0.001428228,0.001422274,0.001425654
0.001425896,0.001420034,0.001429295,0.001426204,0.001429295
0.001427062,0.001423914,0.001431665,0.00142589,0.001427134
0.001426159,0.001421594,0.001430807,0.001425445,0.001429315
0.001426435,0.001422328,0.001431612,0.001426074,0.001422634
0.001425526,0.001423238,0.001430684,0.001424965,0.001427365
0.001425225,0.001419078,0.001431348,0.001423941,0.001426544
0.001420909,0.001417438,0.001426559,0.001419901,0.001422985
0.001954852,0.001868666,0.002114078,0.001906402,0.002110616
0.001944721,0.001849346,0.002111127,0.001902891,0.002107335
0.0019419,0.001853956,0.002105637,0.001892145,0.002102675
0.001946132,0.001863986,0.002114157,0.001898961,0.002111196
0.00193596,0.001851906,0.002096827,0.001892806,0.002093575
0.001928531,0.001845375,0.002101847,0.001872781,0.002098646
0.001927333,0.001825446,0.002103068,0.00187816,0.002098976
0.00193752,0.001813255,0.002166498,0.001902714,0.002163887
0.001927013,0.001838106,0.002097037,0.001887871,0.002093196
0.001920352,0.001824445,0.002077957,0.001875581,0.002074705
0.001918185,0.001830536,0.002073217,0.001876136,0.002069865
0.001911637,0.001823495,0.002066327,0.00186543,0.002062635
0.0019091,0.001732414,0.002070405,0.001903053,0.002038615
0.001912755,0.001811255,0.002081525,0.001872266,0.002081525
0.001910235,0.001820856,0.002063197,0.001867825,0.002059865
0.001911274,0.001824625,0.002063847,0.001863113,0.002060706
0.001905348,0.001820775,0.002065636,0.001861431,0.002062155
0.001896847,0.001808895,0.002056607,0.001857496,0.002053445
0.001894121,0.001809248,0.002048877,0.001873411,0.002045505
0.00189131,0.001801265,0.002048736,0.00186057,0.002045525
0.001866437,0.00173301,0.002050407,0.001844785,0.002047205
0.001867878,0.001736417,0.002058187,0.001831755,0.002054635
0.001858736,0.001708696,0.002047066,0.001846965,0.002043795
0.001858283,0.001721526,0.002041687,0.00183214,0.002038455
0.001858599,0.001718497,0.002040886,0.001836165,0.002037735
0.001857229,0.001724957,0.002032287,0.00184585,0.002028575
0.001843659,0.001695745,0.002017546,0.001838956,0.002015074
0.001846723,0.001726387,0.002031796,0.001812795,0.002029365
0.001828582,0.001695199,0.002005856,0.001794205,0.002002424
0.001841001,0.001705976,0.002017456,0.001819295,0.002014094
0.001781384,0.001638751,0.001995736,0.001729464,0.001992024
0.001778385,0.001627838,0.002014936,0.001731064,0.002011804
0.001797997,0.001650331,0.001999916,0.00175109,0.001997074
0.001784519,0.001652851,0.002015037,0.001721574,0.002011844
0.001790042,0.001659808,0.002010486,0.001735844,0.002007205
0.001777661,0.001645911,0.001993926,0.001721629,0.001990284
0.001758596,0.001552469,0.001980645,0.00172684,0.001977664
0.001753239,0.001469029,0.001998356,0.001721453,0.001995004
0.001731722,0.001453659,0.001994366,0.001701304,0.001990874
0.001715012,0.001440348,0.001976106,0.001712239,0.001972864
0.001729298,0.001442918,0.001980516,0.001710874,0.001977203
0.001723287,0.001437408,0.001967125,0.001723019,0.001964124
0.001729658,0.001448668,0.001990576,0.001699143,0.001987464
0.001724417,0.001449759,0.001978786,0.001682153,0.001975564
0.001701694,0.001443249,0.001974515,0.001666738,0.001971223
0.001700284,0.001434699,0.001977916,0.001668813,0.001973913
0.001699547,0.001434369,0.001971356,0.001664968,0.001968594
0.001667775,0.001449309,0.001957715,0.00156594,0.001954343
0.001670192,0.001436059,0.001953525,0.001582579,0.001950314
0.001667816,0.001442348,0.001966806,0.001583228,0.001963553
0.001647251,0.001430199,0.001964085,0.001550459,0.001960874
0.001661302,0.001443519,0.001987726,0.001552113,0.001984674
0.001659496,0.001443419,0.001964376,0.001572349,0.001961373
0.001625798,0.001444729,0.001943835,0.001497801,0.001940543
0.001622547,0.001447659,0.001947235,0.001474193,0.001944123
0.001603295,0.001424948,0.001941495,0.001449104,0.001938073
0.001609657,0.001431339,0.001943916,0.001456793,0.001940213
0.001611951,0.001429348,0.001949255,0.001453279,0.001946063
0.001614867,0.001437898,0.001947785,0.001454748,0.001944524
0.001610439,0.001441298,0.001936785,0.001451488,0.001933403
0.001609158,0.001443008,0.001929535,0.001449938,0.001926283
0.001607765,0.001430378,0.001942356,0.001448703,0.001938783
0.001609247,0.001440068,0.001939555,0.001446256,0.001936223
0.001596216,0.001426458,0.001908365,0.001446328,0.001905583
0.001606427,0.001443248,0.001926455,0.001446334,0.001923192
0.001601558,0.001436242,0.001926365,0.001442163,0.001922962
0.001600775,0.001433448,0.001920845,0.00144525,0.001917753
0.001603662,0.001428708,0.001926335,0.001447684,0.001923103
0.001592512,0.001431869,0.001892954,0.001449128,0.001889732
0.001599086,0.001425957,0.001912215,0.001449183,0.001909333
0.001597612,0.001427469,0.001913675,0.001448253,0.001910423
0.001592826,0.001427378,0.001912045,0.001435003,0.001908812
0.001592045,0.001431082,0.001912745,0.001435278,0.001909873
0.001593218,0.001432848,0.001902514,0.001443588,0.001899002
0.001596116,0.001428568,0.001904375,0.001446804,0.001901072
0.001592253,0.001429158,0.001898505,0.001443019,0.001895332
0.001590137,0.001428928,0.001885954,0.001453934,0.001882623
0.001592708,0.001429959,0.001899495,0.001445584,0.001896482
0.001590137,0.001436378,0.001887814,0.001441841,0.001884682
0.001588661,0.001424768,0.001886645,0.001440485,0.001883593
0.001593194,0.001434177,0.001886584,0.001451308,0.001883442
0.001590405,0.001430278,0.001885565,0.001448868,0.001882572
0.001586286,0.001432258,0.001875884,0.001447013,0.001872532
0.001586918,0.001437349,0.001882795,0.001440994,0.001879492
0.001587394,0.001430967,0.001872054,0.001453233,0.001868732
0.001589051,0.001440008,0.001870914,0.001452668,0.001867752
0.001583818,0.001431938,0.001870184,0.001444991,0.001867062
0.001577832,0.001429397,0.001858595,0.001442923,0.001854972
0.001582502,0.001433124,0.001867134,0.001440319,0.001864202
0.001581378,0.001428768,0.001865514,0.001444793,0.001862391
0.001575504,0.001420478,0.001861274,0.001449934,0.001858001
0.001584066,0.001429068,0.001864784,0.001449719,0.001861852
0.001577908,0.001428588,0.001864095,0.001437461,0.001860652
0.001575908,0.001431468,0.001847254,0.001447303,0.001844191
0.001576963,0.001439939,0.001842564,0.001445364,0.001839411
0.001572493,0.001437388,0.001823253,0.001449984,0.001819881
0.001574782,0.001427407,0.001848774,0.001443603,0.001845332
0.001572455,0.001422279,0.001848024,0.001443474,0.001844861
0.001571083,0.001423809,0.001840424,0.001443353,0.001837332
0.001577344,0.001425568,0.001846694,0.001445369,0.001843111
0.001574161,0.001429828,0.001840554,0.001444151,0.001837312
0.00157071,0.001424087,0.001833114,0.001444683,0.001829901
0.00156629,0.001430478,0.001823264,0.001443268,0.001820141
0.001557109,0.001419197,0.001810043,0.001437714,0.001806551
0.001574806,0.001441888,0.001831874,0.00144775,0.001828761
0.001565342,0.001426512,0.001830314,0.001438753,0.001827171
0.0015612,0.001428288,0.001808703,0.001446399,0.00180527
0.001567251,0.001423978,0.001825554,0.001450899,0.001821871
0.001562721,0.001427948,0.001817983,0.001440338,0.001814791
0.001554584,0.001423319,0.001804584,0.001434472,0.0018012
0.001566794,0.001423987,0.001818873,0.001444333,0.001815621
0.001564842,0.001428238,0.001814064,0.001442299,0.001810561
0.001562707,0.001428159,0.001812664,0.001444804,0.001809341
0.001559617,0.001424107,0.001817403,0.001433554,0.001814151
0.001559942,0.001428458,0.001811144,0.001441489,0.001807431
0.001563192,0.001427518,0.001816273,0.001440708,0.001813141
0.001561709,0.001429538,0.001804244,0.001450183,0.001800921
0.001552421,0.001422298,0.001779533,0.001448478,0.001776251
0.001555453,0.001420858,0.001801833,0.001448244,0.00179843
0.001557064,0.001426828,0.001800894,0.001444749,0.001797481
0.001554656,0.001426678,0.001793703,0.001435616,0.001790301
0.001553254,0.001426387,0.001785893,0.001444148,0.00178259
0.001549205,0.001431889,0.001769233,0.001438258,0.00176605
0.001550334,0.001422067,0.001786333,0.001447974,0.00178299
0.001553825,0.001423628,0.001796334,0.001438208,0.001793241
0.001548407,0.001420968,0.001788933,0.001441164,0.00178526
0.001553994,0.001421089,0.001794783,0.001443084,0.001791551
0.001548049,0.001425369,0.001778283,0.001436308,0.00177496
0.001543973,0.001426412,0.001772413,0.001428333,0.0017695
0.001542662,0.001420537,0.001791623,0.001449053,0.00178822
0.001542812,0.001431339,0.001772163,0.001438149,0.00176899
0.001541198,0.001416168,0.001783074,0.001442258,0.001779431
0.001542247,0.001417738,0.001788453,0.001440243,0.00178531
0.001545705,0.001428358,0.001787753,0.001435369,0.001784511
0.001546149,0.001421218,0.001784313,0.001445358,0.00178122
0.001541569,0.001425258,0.001782493,0.001439649,0.001779381
0.001526142,0.001422628,0.001772263,0.001429518,0.00176898
0.001517926,0.001422829,0.001783104,0.001434548,0.00177942
0.001523437,0.001420058,0.001800463,0.00143618,0.00179752
0.00151936,0.001421498,0.001774343,0.001442365,0.00177092
0.00148513,0.001423988,0.001644021,0.001432634,0.001640658
0.001474668,0.001413758,0.001637782,0.001420818,0.001634568
0.001476537,0.001420324,0.001629931,0.001428618,0.001625257
0.00148058,0.001418591,0.001645321,0.001429263,0.001641998
0.001477816,0.001418437,0.001649401,0.001422329,0.001646258
0.001480064,0.001417534,0.001653412,0.001423922,0.001650048
0.001482444,0.001420915,0.001659492,0.001424892,0.001656078
0.001478893,0.001419252,0.001643221,0.001428147,0.001639928
0.001429539,0.001415162,0.001455239,0.001423386,0.001451745
0.00143175,0.001419072,0.001458449,0.001424052,0.001454915
0.001432097,0.001422925,0.001447948,0.001428661,0.001444475
0.001428168,0.001420821,0.001435808,0.001428682,0.001427124
0.001430589,0.001422301,0.001448589,0.001426955,0.001445275
0.001431802,0.001422845,0.001447509,0.001428893,0.001444075
0.001431231,0.001424517,0.001445869,0.001427498,0.001442664
0.001426222,0.001419682,0.001442938,0.001421255,0.001439574
0.001437516,0.001419682,0.001463079,0.001432933,0.001459655
0.00142603,0.001415291,0.001445449,0.001421209,0.001442185
0.001429387,0.001421081,0.001437199,0.001430176,0.001429974
0.001435806,0.001427258,0.001447849,0.001433873,0.001445565
0.001430579,0.001420128,0.001446468,0.001428482,0.001443305
0.001429425,0.001421564,0.001446889,0.001426129,0.001443335
0.001427255,0.001420099,0.001436849,0.001427483,0.001433604
0.001426426,0.001416222,0.001444319,0.001422761,0.001441115
0.001430811,0.001421494,0.001447938,0.001427443,0.001444574
0.001427501,0.001420747,0.001432129,0.00142796,0.001428794
0.00142827,0.001421338,0.001435439,0.001428188,0.001434655
0.00142974,0.001421039,0.001441508,0.001428261,0.001438084
0.001427174,0.001417312,0.001443499,0.001425121,0.001440195
0.001429047,0.001419301,0.001444119,0.001427362,0.001440344
0.001429243,0.001421228,0.001443449,0.00142671,0.001440894
0.001431021,0.001420448,0.001452789,0.001425859,0.001449765
0.001427388,0.001417645,0.001443828,0.001425861,0.001440465
0.001429478,0.001421234,0.001440799,0.001429173,0.001437534
0.001427437,0.001417764,0.001448369,0.001423533,0.001445085
0.001428689,0.001416628,0.001449469,0.001424441,0.001446255
0.001426866,0.001419538,0.001442998,0.001423018,0.001439504
0.001429795,0.001417749,0.001446869,0.001428106,0.001443705
0.00142881,0.001419431,0.001444389,0.001427403,0.001440985
0.001430231,0.001422834,0.001441419,0.001429585,0.001438104
0.001430265,0.001421188,0.001443488,0.001428708,0.001440095
0.00142902,0.001418962,0.001447579,0.001424221,0.001444395
0.001429798,0.001421318,0.001443429,0.00142662,0.001440284
0.001420099,0.001413792,0.001427248,0.001420687,0.001421895
0.001429909,0.001417892,0.001444248,0.001430579,0.001441874
0.001429929,0.001419912,0.001446149,0.001427184,0.001442894
0.00143026,0.001421459,0.001446609,0.001427095,0.001443215
0.001430077,0.001424914,0.001442469,0.001426923,0.001439324
0.001428658,0.001419482,0.001447458,0.001424895,0.001444074
0.001429751,0.001420918,0.001445409,0.001426504,0.001442185
0.001427027,0.001419661,0.001442219,0.001423653,0.001438475
0.001431247,0.001422384,0.001445399,0.001428635,0.001442334
0.001430652,0.001423298,0.001445928,0.00142718,0.001442485
0.001426705,0.001418674,0.001438849,0.001425804,0.001435404
0.001429564,0.001422345,0.001442019,0.0014275,0.001438794
0.001427119,0.001419244,0.001441999,0.001424243,0.001438855
0.001425834,0.001417902,0.001437378,0.001425151,0.001434234
0.001428002,0.001418792,0.001445309,0.001424566,0.001441835
0.001428742,0.001421244,0.001439319,0.001427516,0.001436375
0.001428861,0.001421499,0.001439388,0.001428678,0.001436114
0.001428563,0.001419735,0.001442469,0.001426852,0.001438955
0.001428589,0.001420734,0.001438779,0.001428198,0.001435654
0.001426168,0.001418962,0.001431978,0.001427436,0.001428735
0.001426471,0.001418602,0.001443239,0.001423076,0.001440145
0.001426616,0.001417934,0.001438839,0.001425418,0.001435514
0.001422767,0.001415704,0.001432458,0.001421258,0.001429495
0.001427456,0.001419442,0.001441569,0.001424753,0.001438304
0.00142456,0.001418505,0.001430209,0.001425618,0.001426575
0.001430716,0.001423097,0.001443759,0.001428504,0.001441614
0.001426912,0.001421258,0.001439848,0.001423053,0.001436585
0.001423056,0.001417072,0.001431479,0.001422396,0.001428274
0.001419417,0.001412792,0.001429768,0.001417594,0.001426545
0.001428915,0.001420792,0.001444019,0.001424891,0.001440824
0.00142572,0.001422034,0.001429409,0.001425684,0.001424444
0.00142723,0.001419544,0.001441659,0.001424023,0.001439375
0.00142739,0.001421175,0.001429024,0.00142851,0.001429024
0.001426669,0.001420417,0.001434529,0.001427108,0.001434045
0.001423058,0.001415892,0.001434528,0.001421032,0.001431124
0.001425526,0.001419222,0.001432127,0.001425647,0.001424975
0.001430467,0.001424398,0.001435959,0.001430464,0.001432434
0.0014271,0.001422678,0.001431458,0.001426745,0.001429895
0.001423217,0.001418389,0.001428168,0.0014228,0.001420834
0.001427001,0.001422048,0.001433579,0.001426118,0.001430515
0.00142311,0.001419442,0.001431108,0.001420527,0.001427684
0.001421115,0.001414662,0.001428099,0.001421796,0.001425394
0.001426135,0.001419171,0.001433359,0.001426499,0.001420864
0.001421499,0.001415885,0.001425549,0.001422949,0.001417424
0.001424162,0.001418754,0.001427085,0.001424666,0.001424714
0.001421527,0.001415788,0.001426064,0.001421775,0.001423564
0.001426066,0.001420838,0.001432562,0.001425877,0.001421365
0.001425474,0.001419302,0.001429985,0.001427803,0.001428274
0.001425961,0.001421459,0.001431039,0.001425446,0.001429785
0.001426448,0.001420758,0.001431795,0.001427568,0.001427254
0.001428059,0.001423298,0.001432762,0.001428101,0.001426175
0.001426317,0.001422257,0.001430614,0.001425907,0.001430614
0.001423268,0.001418148,0.001428595,0.001423161,0.001422144
0.001424693,0.001419714,0.001430662,0.001423946,0.001419714
0.001426752,0.001421508,0.001430899,0.00142714,0.001429165
0.001424833,0.001419361,0.001431018,0.00142353,0.001429374
0.001424621,0.001421918,0.001427038,0.001425043,0.001423764
0.001425431,0.001423005,0.001429417,0.001425096,0.001423894
0.001427728,0.001423705,0.001434089,0.001425961,0.001431104
0.001424207,0.001419509,0.001428724,0.001423998,0.001423344
0.001425456,0.001419328,0.001430755,0.001425359,0.001421874
0.001425635,0.001419187,0.001431574,0.00142527,0.001424495
0.001425361,0.001421472,0.001429744,0.001425011,0.001429744
0.001426417,0.001421302,0.001433158,0.001425462,0.001430065
0.001430804,0.001424272,0.001437624,0.001431593,0.001437624
0.001425577,0.001421788,0.001432118,0.001425141,0.001428934
0.001423421,0.001420234,0.001426854,0.001423915,0.001425244
0.001426716,0.001422095,0.001429768,0.001427764,0.001422095
0.001424543,0.001419524,0.001431578,0.001424548,0.001423864
0.00142794,0.001422712,0.001433035,0.001427852,0.001433035
0.001424186,0.001419028,0.001431454,0.001423801,0.001431454
0.001425086,0.001420578,0.001430178,0.001425591,0.001429825
0.001425422,0.001421244,0.001431269,0.001424968,0.001421244
0.001425157,0.001419881,0.001428725,0.001425867,0.001426435
0.001423988,0.001419268,0.001428544,0.001423777,0.001424064
0.001424254,0.001418828,0.001431402,0.001423736,0.001425455
0.001423936,0.001420558,0.001427678,0.001423531,0.001423014
0.001420779,0.001416677,0.001425779,0.0014204,0.001418404
0.001427696,0.001423172,0.001431918,0.001428301,0.001430464
0.001424621,0.001420537,0.001431738,0.001424108,0.001428334
0.001428141,0.001421968,0.001434614,0.001426591,0.001434614
0.001424726,0.001421278,0.001429344,0.001423707,0.001429344
0.001424425,0.001420398,0.001429615,0.001423953,0.001422504
0.001425838,0.001421798,0.001429504,0.001425596,0.001427054
0.001425626,0.001422179,0.001430859,0.001425151,0.001425805
0.001427022,0.001420411,0.001431995,0.001427921,0.001423504
0.001426257,0.001421322,0.001432614,0.00142613,0.001425565
0.001419879,0.001415588,0.001424649,0.001417985,0.001424514
0.001425428,0.001420328,0.001431472,0.001424646,0.001426935
0.001427147,0.001422878,0.001433032,0.001426192,0.001431964
0.001425325,0.001421262,0.001430678,0.001424841,0.001429505
0.001422549,0.001420182,0.001426928,0.001421596,0.001426864
0.001429219,0.001424292,0.001438175,0.001427919,0.001438175
0.001423964,0.001419174,0.001430082,0.001423336,0.001419174
0.001423883,0.001421108,0.001428025,0.001423228,0.001424695
0.001428175,0.001421312,0.001434665,0.001427228,0.001434524
0.001422864,0.001418471,0.001427649,0.001423896,0.001424285
0.001423997,0.001421574,0.001427308,0.001422948,0.001421574
0.001420642,0.001417888,0.001426331,0.001418979,0.001419004
0.001429921,0.001425448,0.001437909,0.001427895,0.001434614
0.001427465,0.001424268,0.001432749,0.001427193,0.001429415
0.001427338,0.001422167,0.001434174,0.001427533,0.001434174
0.001423656,0.001418189,0.001430415,0.001422926,0.001428215
0.001422533,0.001418028,0.001428394,0.001420968,0.001428394
0.001423822,0.001417978,0.001429084,0.001423693,0.001429084
0.00142351,0.001419129,0.001426285,0.001424044,0.001422195
0.001427721,0.001420508,0.001435458,0.001427542,0.001432554
0.001423473,0.001416704,0.001429125,0.00142395,0.001416704
0.001424435,0.001420355,0.001429882,0.001424391,0.001423084
0.001426972,0.001420728,0.001433118,0.001427249,0.001423115
0.001427532,0.001421562,0.001434305,0.001427138,0.001430904
0.001426314,0.001423381,0.001430889,0.00142542,0.001430555
0.001418718,0.001414991,0.001421767,0.001418107,0.001420294
0.001426182,0.001424127,0.001428808,0.001425987,0.001424885
0.001427004,0.001422768,0.001430924,0.001427041,0.001430924
0.001425455,0.001420048,0.001429825,0.001425782,0.001429825
0.001421605,0.001417242,0.001426939,0.001421696,0.001425794
0.001421302,0.001415942,0.001425699,0.001421248,0.001419174
0.00141966,0.001414794,0.001423227,0.001419799,0.001419944
0.001425049,0.001419924,0.001432218,0.001423588,0.001428834
0.001433737,0.001428152,0.001439985,0.001433173,0.001439985
0.001424774,0.001418548,0.001429714,0.001425155,0.001423394
0.001426179,0.001418415,0.001431325,0.001427355,0.001430484
0.00142426,0.001421254,0.001429714,0.001424073,0.001421754
0.001422216,0.001418548,0.001425164,0.001422115,0.001422524
0.00142452,0.001420088,0.001431078,0.001423215,0.001422634
0.001423669,0.001420742,0.001429768,0.001422162,0.001421775
0.001427763,0.001422958,0.001434268,0.001426291,0.001425154
0.001421494,0.001417184,0.001427225,0.001421523,0.001427225
0.001427254,0.001421478,0.001432717,0.001426381,0.001432124
0.001423901,0.001419038,0.001428202,0.001424701,0.001420585
0.001421874,0.001417392,0.001426949,0.001421057,0.001418454
0.001424466,0.001421594,0.001428988,0.001422483,0.001421594
0.001425691,0.001420448,0.001433435,0.001424462,0.001423214
0.001426601,0.001420868,0.001431875,0.00142642,0.001424114
0.001418166,0.001415478,0.001422318,0.001416554,0.001421314
0.001423227,0.001418554,0.001428485,0.001423295,0.001418554
0.001427121,0.001423985,0.001432344,0.001426953,0.001423985
0.00142617,0.001420237,0.001431719,0.001425752,0.001430454
0.001423818,0.001419438,0.001429658,0.001424698,0.001424555
0.001431534,0.001425449,0.001438374,0.00143168,0.001435404
0.001424821,0.001419642,0.001429084,0.001423833,0.001429084
0.001427917,0.001423544,0.001432485,0.00142739,0.001431214
0.001428887,0.001423619,0.001436312,0.001427241,0.001426114
0.001426484,0.001420308,0.001432379,0.001426666,0.001425524
0.001426627,0.001419962,0.001432814,0.001428128,0.001429414
0.001418817,0.001415778,0.001424134,0.001418366,0.001424134
0.001425479,0.001419908,0.001432484,0.001423483,0.001430965
0.001427122,0.001420248,0.001434358,0.001427228,0.001432844
0.001420155,0.001415972,0.001424478,0.001420489,0.001422965
0.001427522,0.001421934,0.001434189,0.001426478,0.001430534
0.001423863,0.001420131,0.001428585,0.001422659,0.001428435
0.001423077,0.001418549,0.001429974,0.001422771,0.001429974
0.001426922,0.001423301,0.001432958,0.001426192,0.001425175
0.001426305,0.001420184,0.001432739,0.001426693,0.001430174
0.001425799,0.001421314,0.001430775,0.001426808,0.001430775
0.001426211,0.001423369,0.001428964,0.001426732,0.001427394
0.00142706,0.001423878,0.001430864,0.001425817,0.001425755
0.001424676,0.001419288,0.001431139,0.001424068,0.001419374
0.001426151,0.001422732,0.001429798,0.001426589,0.001427755
0.001423851,0.001418982,0.001430079,0.001423463,0.001419454
0.001428039,0.001424522,0.001434338,0.001426054,0.001426675
0.001416553,0.001412522,0.001420959,0.001416379,0.001417144
0.001425831,0.001420445,0.001429982,0.001425736,0.001424384
0.001428219,0.001423389,0.001436022,0.001426528,0.001424054
0.001423562,0.001418508,0.001429239,0.001423346,0.001420414
0.001428582,0.001423061,0.001435618,0.001429733,0.001430744
0.00142785,0.001422931,0.001435505,0.001426989,0.001431175
0.001426034,0.001419988,0.001434274,0.001425004,0.001434274
0.001424692,0.001421029,0.001430528,0.001422891,0.001428655
0.001425342,0.001421064,0.001429911,0.001424798,0.001422084
0.001420165,0.001415258,0.001425049,0.001420095,0.001415784
0.001424909,0.001419495,0.001431239,0.001424858,0.001427994
0.001425761,0.001419132,0.001431039,0.001427756,0.001429124
0.001427224,0.001423072,0.001434428,0.001425888,0.001423315
0.00142669,0.001421928,0.001432275,0.001426336,0.001423294
0.001423852,0.001417988,0.001429924,0.00142307,0.001424085
0.001427701,0.001424552,0.001433205,0.001426551,0.001429804
0.001425264,0.001419128,0.001428634,0.001427403,0.001422985
0.001425555,0.001419835,0.001431388,0.001425596,0.001426434
0.001422345,0.001418434,0.001427539,0.001422288,0.001424395
0.001424001,0.001419784,0.001429737,0.001423018,0.001419784
0.001425023,0.001419604,0.001430758,0.001424981,0.001421075
0.001427408,0.001420921,0.001433159,0.001428552,0.001429864
0.001424972,0.001420395,0.001430048,0.001425889,0.001421675
0.001427417,0.001421257,0.001433938,0.001429173,0.001422414
0.001428442,0.001421775,0.001434509,0.001429391,0.001431515
0.001425488,0.001421495,0.001431208,0.001425495,0.001421604
0.001424206,0.001420457,0.001430165,0.001422728,0.001430165
0.001425584,0.001420705,0.001432844,0.001425743,0.001432844
0.001420426,0.001416208,0.001424145,0.001420646,0.001424145
0.001425423,0.001420907,0.001429098,0.001425416,0.001426364
0.001418208,0.001413125,0.001424319,0.00141859,0.001414484
0.001421726,0.001416524,0.001427292,0.001421923,0.001419104
0.001426347,0.001421921,0.001433255,0.001424878,0.001430224
0.001424665,0.001421349,0.001430125,0.001424161,0.001430125
0.001424375,0.001420648,0.001430365,0.001423441,0.001425254
0.001425191,0.001420764,0.001430664,0.001423454,0.001422655
0.001422891,0.001418195,0.001427428,0.001423041,0.001423674
0.001427103,0.001423308,0.001432492,0.001426806,0.001424124
0.001418771,0.001414118,0.001423662,0.001419842,0.001420594
0.001421259,0.001417378,0.001425128,0.001420839,0.001424914
0.001424872,0.001417101,0.001430659,0.001426115,0.001427015
0.001423205,0.001417211,0.001427305,0.001424056,0.001421064
0.001424865,0.001418078,0.001429098,0.001425455,0.001427295
0.001427825,0.001424109,0.001434248,0.001427621,0.001429544
0.001422055,0.001416594,0.001425665,0.001423007,0.001425665
0.001426352,0.001422538,0.001432249,0.00142597,0.001430594
0.00142645,0.001421222,0.001431775,0.001428011,0.001431775
0.001426153,0.001420698,0.001431138,0.001425544,0.001430844
0.001426425,0.001422218,0.001431179,0.001426438,0.001428245
0.001425607,0.001419682,0.001431369,0.001425499,0.001422874
0.001427755,0.001424198,0.001432805,0.001427482,0.001429455
0.001426334,0.001419388,0.001431328,0.001425977,0.001431054
0.001423877,0.001418394,0.001430132,0.001423236,0.001418394
0.001422326,0.001417348,0.001428925,0.001420838,0.001425614
0.001427054,0.001420231,0.001432898,0.001427961,0.001424824
0.001426516,0.001421864,0.001433158,0.001426729,0.001421864
0.001425882,0.001421468,0.001431855,0.001425519,0.001431855
0.001424689,0.001422024,0.001428738,0.001423372,0.001423314
0.001424246,0.001420344,0.001427918,0.001424507,0.001420344
0.001421839,0.001419145,0.001425218,0.001421238,0.001419145
0.001425281,0.001420492,0.001428778,0.001425536,0.001427464
0.001420087,0.001416852,0.001426065,0.001419438,0.001426065
0.001425142,0.001419488,0.001431704,0.001424997,0.001431704
0.001425984,0.001420872,0.001433014,0.001425729,0.001428965
0.001426601,0.001422914,0.001432054,0.001425484,0.001422914
0.001427012,0.001418767,0.001430625,0.001429318,0.001430475
0.001420257,0.001417587,0.001422804,0.001420473,0.001421364
0.001424409,0.001420025,0.001427848,0.001425047,0.001425334
0.001420057,0.001415298,0.001425149,0.001421331,0.001416254
0.001428165,0.001425339,0.001435028,0.001426972,0.001428324
0.001425326,0.001420194,0.001431129,0.001425106,0.001423515
0.001425128,0.001418979,0.001430105,0.001425588,0.001429264
0.001426544,0.001422208,0.001433585,0.001425153,0.001431965
0.001418972,0.001416202,0.001423889,0.001417901,0.001421714
0.001424874,0.001420222,0.001429468,0.001424912,0.001428055
0.001424465,0.001420404,0.001428374,0.001424753,0.001420404
0.001424831,0.001420948,0.001430495,0.001424112,0.001422784
0.001423265,0.001418968,0.001427345,0.001423618,0.001425774
0.001427528,0.001422268,0.001432255,0.001427872,0.001432255
0.001424551,0.001418238,0.001431145,0.001425071,0.001422764
0.001421902,0.001417757,0.001428184,0.001421586,0.001420384
0.001423435,0.001420305,0.001430255,0.001421343,0.001425944
0.003525911,0.003115193,0.004472116,0.003118484,0.00408443
0.060086776,0.003311184,0.099549867,0.062788575,0.049021496
0.001477629,0.001472978,0.001487076,0.00147535,0.001475225
0.001428812,0.001424019,0.001433904,0.001429583,0.001425314
0.001425714,0.001421538,0.001430022,0.001426435,0.001422025
0.0014253,0.001421754,0.001430432,0.001423766,0.001428884
0.001426609,0.001420538,0.001432544,0.001428119,0.001420885
0.001426919,0.001421987,0.001431475,0.001426933,0.001430964
0.001431256,0.001426247,0.001437205,0.001429698,0.001437205
0.001424521,0.001420484,0.001430778,0.00142374,0.001424824
0.001427047,0.001420525,0.001433517,0.001426075,0.001425394
0.001427096,0.001422519,0.001432345,0.001426991,0.001432345
0.001427816,0.001422118,0.001434694,0.001426521,0.001434694
0.001429185,0.001423798,0.001434169,0.001429641,0.001432395
0.001431879,0.001429058,0.001437729,0.001430497,0.001434594
0.001426935,0.001419112,0.001435099,0.001428446,0.001430305
0.001428092,0.001423094,0.001433274,0.001428145,0.001433274
0.001428431,0.001422438,0.001432879,0.001428906,0.001432215
0.001426663,0.001419082,0.001431865,0.001427308,0.001421994
0.001433362,0.001424664,0.001443585,0.001433342,0.001440005
0.001424804,0.001420099,0.001429742,0.001423941,0.001428294
0.001428907,0.001423438,0.001432565,0.001429918,0.001431604
0.001426585,0.001419582,0.001431478,0.001429412,0.001430394
0.001425597,0.001422034,0.001429768,0.001426397,0.001422034
0.001427937,0.001423638,0.001434099,0.001426542,0.001431404
0.001427826,0.001421878,0.001433344,0.001428176,0.001433344
0.001425806,0.001419899,0.001431034,0.001427071,0.001427644
0.001425822,0.001421219,0.001433182,0.00142409,0.001431354
0.001424352,0.001420478,0.001427218,0.001425254,0.001424524
0.001431402,0.001424502,0.001437085,0.001432519,0.001434914
0.001427276,0.001423324,0.001435035,0.001425168,0.001431965
0.001424883,0.001421714,0.001428854,0.001424363,0.001428854
0.001424577,0.001419215,0.001429402,0.001425289,0.001427074
0.001429603,0.001421999,0.001437144,0.001430262,0.001432674
0.001419616,0.001415521,0.001424279,0.001419146,0.001416814
0.001425791,0.001419321,0.001431348,0.001425992,0.001429515
0.001426185,0.001420821,0.001429778,0.001427815,0.001429054
0.001424801,0.001418508,0.001431494,0.001423652,0.001430925
0.001425695,0.001422045,0.001428584,0.001426311,0.001427334
0.00142634,0.001421262,0.001430778,0.00142608,0.001429975
0.001424203,0.001419572,0.001430015,0.001423006,0.001423494
0.001424385,0.001419458,0.001431214,0.001423831,0.001421095
0.001428986,0.001424368,0.001434369,0.001429882,0.001432544
0.001431657,0.001427394,0.001436794,0.001431479,0.001433415
0.001429245,0.001424668,0.001435914,0.001428908,0.001435914
0.001427492,0.001423368,0.001435025,0.001425106,0.001432925
0.00142497,0.001418367,0.001430422,0.001425352,0.001428974
0.001425345,0.001422048,0.001430595,0.001424272,0.001428724
0.001427081,0.001420242,0.001432895,0.001428094,0.001430984
0.001426804,0.001422608,0.001431364,0.001427846,0.001427425
0.001427954,0.001424432,0.001432929,0.001428042,0.001430764
0.001425058,0.001420818,0.001428898,0.001425763,0.001425194
0.001423778,0.001419064,0.001429184,0.00142359,0.001420844
0.001428622,0.001423825,0.001437229,0.001426969,0.001434085
0.001424578,0.001417751,0.001428818,0.001425112,0.001424434
0.001424647,0.001420628,0.001427639,0.001425187,0.001427245
0.001431259,0.001425065,0.001439852,0.001431079,0.001435144
0.001425739,0.001421938,0.001430555,0.001424934,0.001426205
0.001421362,0.001418715,0.001424322,0.001420551,0.001421284
0.001429302,0.001422678,0.001437054,0.001428611,0.001423605
0.00142459,0.001421155,0.001429542,0.001423113,0.001421974
0.001427135,0.001423248,0.001435582,0.001424642,0.001430795
0.001428497,0.001423318,0.001433305,0.001427426,0.001431764
0.001423572,0.001417835,0.001427612,0.001424483,0.001425905
0.001428465,0.001424798,0.001432014,0.001428702,0.001432014
0.001428012,0.001423502,0.001432219,0.001427891,0.001431955
0.001428484,0.001423415,0.001433335,0.001428766,0.001429954
0.0014276,0.001423982,0.001433039,0.001426806,0.001431684
0.001426049,0.001420102,0.001431048,0.001426494,0.001426244
0.001427597,0.001422115,0.001434405,0.001427958,0.001430494
0.001430077,0.001424028,0.001433884,0.001431761,0.001433884
0.001428943,0.001425252,0.001432564,0.001428538,0.001432564
0.001427256,0.001422209,0.001435562,0.001425526,0.001430655
0.001424797,0.001420808,0.001430359,0.001422744,0.001420864
0.001427328,0.001421528,0.001436338,0.001425023,0.001424634
0.001427496,0.001424125,0.001431912,0.001427476,0.001428504
0.001427977,0.001424881,0.001435475,0.001425617,0.001431825
0.001431717,0.001427388,0.001437214,0.001431256,0.001437214
0.00142639,0.001421198,0.001431739,0.001426495,0.001429835
0.001422121,0.001419064,0.001426434,0.001421113,0.001419064
0.001427308,0.001422424,0.001433075,0.001426546,0.001433075
0.001429282,0.001420738,0.001436078,0.001430213,0.001434284
0.001429517,0.001424322,0.001434528,0.001429761,0.001432955
0.001423054,0.001417234,0.001427595,0.001422878,0.001417234
0.001428613,0.001423748,0.001432742,0.001430227,0.001429545
0.001428855,0.001424472,0.001433958,0.001428371,0.001432724
0.001423332,0.001419714,0.001428069,0.001421836,0.001427605
0.001427507,0.001423297,0.001433628,0.001426015,0.001431744
0.00142652,0.001422127,0.001431225,0.001426021,0.001431225
0.001424703,0.001419792,0.001432134,0.001425041,0.001432134
0.001430178,0.001425538,0.001435528,0.00143073,0.001433895
0.001427554,0.001421415,0.001433679,0.001427772,0.001430564
0.001424207,0.001419062,0.001429608,0.001424271,0.001420965
0.001426004,0.001420804,0.001431472,0.001426427,0.001420804
0.001425029,0.001421227,0.001428008,0.001425956,0.001421955
0.001422378,0.001417541,0.001428564,0.001421839,0.001421034
0.00142566,0.001420028,0.001429368,0.001426625,0.001429075
0.001425023,0.001419031,0.001431838,0.001425823,0.001419474
0.00142955,0.001423684,0.001436478,0.00142917,0.001433305
0.001426478,0.001421574,0.001429094,0.001426782,0.001429094
0.001429686,0.001425755,0.001436342,0.001429298,0.001432705
0.001425007,0.001418428,0.001430457,0.00142485,0.001425664
0.001428183,0.001423772,0.001432779,0.001428736,0.001430975
0.00142396,0.001418605,0.001428225,0.001424155,0.001420534
0.001421401,0.001418728,0.001426238,0.001420251,0.001422545
0.001428172,0.001423112,0.001434529,0.001429851,0.001423484
0.001427669,0.001420752,0.001433345,0.001428478,0.001433345
0.001423273,0.001418258,0.001428374,0.001422149,0.001428374
0.001424526,0.001419105,0.001430365,0.001423605,0.001419864
0.001426015,0.001420654,0.001431818,0.001425613,0.001428484
0.001426467,0.001422484,0.001430028,0.00142585,0.001429515
0.001426881,0.001423418,0.001431505,0.001426676,0.001427324
0.001424072,0.001419448,0.001429114,0.001423925,0.001429024
0.001426107,0.001422097,0.001430342,0.001425321,0.001428264
0.00141882,0.001415025,0.001422669,0.001418586,0.001418994
0.001425679,0.001420235,0.001431342,0.001426082,0.001426995
0.001425893,0.001421127,0.001431808,0.001425919,0.001427734
0.001426385,0.001421302,0.001433889,0.001425825,0.001428955
0.001424472,0.001420252,0.001428787,0.001424492,0.001420654
0.001424386,0.001418834,0.001430888,0.001423309,0.001424055
0.001428361,0.001422284,0.001433099,0.001429816,0.001431524
0.001429705,0.001424878,0.001438022,0.001427273,0.001433385
0.001426393,0.001421518,0.001431582,0.001427511,0.001426554
0.001427825,0.001422887,0.001431742,0.001428962,0.001430155
0.001428325,0.001423489,0.001434885,0.00142791,0.001431834
0.001426282,0.001421948,0.001433005,0.001424576,0.001433005
0.001429456,0.001423448,0.001434828,0.001430173,0.001434034
0.001422664,0.001416124,0.001426602,0.001424286,0.001418314
0.001427992,0.001423694,0.001434682,0.001426668,0.001424254
0.00142906,0.001425112,0.001432939,0.00142859,0.001432414
0.001424505,0.001419392,0.001432028,0.001422851,0.001428774
0.001426962,0.001419791,0.001433475,0.001427113,0.001433475
0.00142575,0.001419918,0.001430239,0.001427061,0.001423204
0.001426515,0.001422234,0.001434249,0.001425381,0.001428424
0.001423618,0.001419765,0.001430138,0.001421396,0.001420534
0.001427711,0.001422685,0.001434468,0.001427119,0.001422685
0.001424735,0.001420972,0.001429848,0.001424543,0.001422414
0.00142712,0.001421458,0.001432995,0.001428363,0.001432995
0.001424418,0.001419978,0.001429898,0.001422425,0.001429084
0.001429521,0.001425022,0.001435785,0.001428742,0.001428145
0.001428655,0.001423594,0.001434045,0.001427424,0.001433514
0.001427166,0.001422664,0.001432562,0.001427393,0.001430704
0.001423546,0.001418088,0.001427954,0.001424751,0.001427954
0.001428669,0.001426768,0.001430695,0.0014286,0.001430695
0.001430894,0.001425369,0.001436808,0.00143179,0.001433344
0.001423243,0.001418482,0.001427539,0.001422916,0.001421004
0.00143243,0.001427792,0.001437995,0.001432624,0.001437995
0.001424547,0.001419938,0.001430694,0.001423411,0.001423064
0.001422041,0.001417502,0.001426395,0.001422257,0.001426134
0.001426531,0.001420688,0.001431905,0.001425951,0.001431905
0.001425442,0.001420209,0.001431552,0.001424611,0.001428034
0.001423108,0.001418658,0.001428274,0.001422649,0.001419885
0.001425204,0.001419321,0.001429038,0.001426036,0.001427644
0.001432308,0.001427255,0.001439029,0.001430749,0.001427255
0.001431933,0.001427282,0.001437529,0.001431921,0.001434175
0.001420158,0.001415691,0.001424818,0.001420534,0.001420924
0.001429412,0.001422964,0.001435252,0.001429381,0.001433324
0.001423617,0.001420038,0.001430322,0.001422424,0.001426164
0.001428145,0.001423167,0.001433622,0.001429276,0.001428854
0.001430152,0.001425502,0.001437705,0.001429083,0.001434524
0.001426395,0.001421862,0.001430838,0.001425731,0.001430825
0.001427326,0.001422515,0.001432364,0.00142786,0.001432364
0.001427216,0.001421288,0.001433574,0.001428505,0.001431115
0.001432576,0.001426065,0.001438435,0.001433436,0.001433114
0.001427028,0.001422499,0.001431509,0.001427472,0.001427335
0.001425637,0.001422784,0.001429738,0.001424528,0.001429524
0.001427606,0.001424068,0.001432672,0.001427427,0.001429525
0.001424475,0.001420847,0.001429775,0.001424349,0.001421584
0.001426285,0.001421828,0.001430615,0.001426174,0.001430615
0.001424461,0.001419185,0.001433628,0.001422679,0.001430034
0.001426738,0.001421912,0.001430399,0.001428227,0.001428275
0.00142692,0.001420108,0.001433729,0.001427746,0.001422024
0.001428039,0.001424502,0.001434928,0.001426927,0.001427405
0.001421951,0.001416641,0.001427829,0.001421916,0.001424854
0.00142701,0.001420474,0.001431999,0.001429754,0.001420474
0.001422277,0.001418371,0.001426158,0.001422154,0.001423884
0.001425571,0.001420818,0.001430718,0.001425368,0.001429465
0.001427888,0.001423827,0.001435754,0.001425894,0.001435754
0.001428268,0.001421567,0.001435525,0.001429355,0.001435525
0.00142455,0.001420127,0.001429498,0.001424321,0.001428804
0.001430996,0.001425969,0.001438639,0.001429389,0.001434975
0.001426658,0.001421912,0.001432779,0.001426371,0.001428514
0.001425937,0.001420962,0.001432168,0.001424956,0.001430075
0.001427186,0.001422479,0.001431714,0.001426561,0.001431714
0.001428527,0.001422918,0.001434524,0.001430335,0.001431305
0.001424605,0.001419158,0.001430215,0.001425588,0.001427954
0.00142165,0.001416468,0.001426829,0.001420441,0.001419154
0.001428741,0.001422602,0.001434159,0.001427926,0.001432504
0.001428739,0.001425468,0.001433319,0.001428882,0.001428675
0.001427347,0.001420722,0.001434239,0.001427919,0.001432274
0.001429614,0.001424302,0.001437758,0.001428116,0.001434365
0.001426285,0.001421705,0.001430594,0.001425913,0.001430544
0.00142481,0.001418657,0.001431755,0.00142334,0.001431755
0.001427517,0.001421048,0.001434958,0.001427307,0.001434934
0.001425699,0.001421919,0.001430039,0.001425072,0.001429805
0.001424693,0.001419174,0.001429965,0.001425058,0.001419174
0.001429182,0.001421718,0.001435729,0.001429901,0.001435575
0.001419352,0.001415681,0.001424828,0.001418317,0.001420574
0.001425015,0.001420484,0.001428885,0.001425913,0.001428885
0.001426996,0.001424334,0.001430617,0.001426461,0.001429084
0.001430469,0.001427012,0.001436079,0.001430475,0.001432425
0.001427684,0.001423718,0.001430704,0.00142781,0.001430704
0.001427799,0.001424389,0.001431418,0.001426955,0.001431155
0.00142669,0.001421145,0.001433049,0.001427006,0.001428364
0.001423914,0.001419002,0.001430808,0.001423051,0.001420035
0.001424975,0.001421034,0.001431008,0.001424061,0.001421034
0.001424041,0.001420395,0.001428728,0.001423325,0.001422054
0.001424533,0.001418644,0.001431348,0.001422936,0.001422794
0.001429382,0.001421632,0.001434985,0.001430428,0.001431725
0.001422097,0.001417999,0.001426614,0.001421957,0.001423564
0.001427777,0.001420461,0.001433145,0.001428979,0.001433065
0.001428286,0.001423168,0.001432634,0.001428406,0.001432634
0.00141888,0.001414288,0.001422551,0.001419461,0.001420984
0.001412966,0.001410678,0.001416472,0.001412299,0.001412484
0.001424183,0.001421368,0.001428269,0.00142363,0.001424214
0.001428362,0.001423732,0.001431895,0.001428688,0.001430155
0.001427093,0.001424072,0.001432444,0.001426066,0.001432444
0.001426317,0.001421718,0.001431545,0.00142613,0.001424374
0.001429489,0.001423928,0.001432808,0.001430685,0.001432494
0.001427615,0.001421084,0.001435268,0.001426077,0.001427595
0.001429356,0.001424849,0.001433398,0.001429946,0.001431704
0.001429804,0.001424548,0.001434195,0.001430367,0.001434195
0.001420939,0.001417002,0.001427384,0.001421348,0.001422564
0.001427939,0.001423259,0.001433005,0.001427905,0.001433005
0.00142684,0.001421601,0.001432864,0.001427161,0.001432864
0.001425326,0.001421668,0.001429809,0.001424716,0.001426155
0.001425114,0.001420908,0.001428879,0.001425168,0.001423544
0.001429141,0.001424909,0.001433701,0.001429026,0.001432295
0.00142868,0.001423737,0.001434879,0.001427952,0.001433294
0.001428873,0.001423864,0.001434675,0.001429309,0.001431405
0.001422558,0.001417259,0.001426884,0.001423032,0.001424864
0.001430055,0.001425852,0.001436879,0.001427257,0.001435115
0.001423591,0.001419134,0.001428378,0.001424051,0.001424224
0.001425476,0.001419765,0.001431699,0.001424858,0.001421565
0.001424911,0.001422129,0.001428929,0.001423151,0.001423214
0.001427148,0.001424218,0.001431188,0.001425594,0.001425885
0.001429685,0.001422852,0.001436244,0.001430057,0.001436244
0.001428885,0.001424872,0.001435599,0.001427727,0.001432305
0.001427733,0.001422328,0.001430684,0.001429393,0.001430034
0.001421884,0.001417298,0.001426239,0.001420937,0.001421865
0.00142852,0.001424564,0.001436559,0.001427701,0.001428334
0.00142537,0.001421482,0.001432405,0.001423213,0.001432405
0.001426401,0.001422052,0.001433125,0.001425786,0.001423584
0.001430256,0.001424117,0.001438482,0.001429311,0.001435075
0.001421558,0.001416558,0.001426262,0.001423223,0.001423954
0.001425955,0.001421009,0.001431528,0.001425574,0.001430265
0.001426308,0.001422171,0.001432108,0.001423783,0.001423444
0.001423581,0.001420334,0.001428091,0.001422937,0.001423335
0.001428767,0.001423748,0.001434294,0.00142938,0.001434294
0.001423478,0.001419018,0.001428278,0.00142298,0.001421825
0.001426091,0.001421612,0.001430279,0.001425972,0.001428394
0.001426915,0.001421468,0.001431328,0.001426956,0.001425045
0.001427382,0.001423624,0.001432364,0.001425313,0.001432364
0.001425732,0.001419852,0.001430769,0.001426621,0.001427695
0.001427086,0.001422548,0.001433048,0.001427137,0.001428144
0.001428265,0.001421985,0.001434728,0.001427653,0.001432805
0.001428966,0.001423914,0.001435299,0.001427714,0.001432144
0.001424196,0.001416542,0.001429785,0.001424987,0.001429785
0.001425846,0.001421968,0.001430944,0.001425221,0.001430944
0.001428253,0.001423922,0.001432295,0.001428416,0.001432295
0.001428837,0.001424708,0.001436345,0.001427078,0.001433054
0.001426745,0.001419118,0.001432852,0.001427162,0.001422885
0.001428153,0.001423664,0.001433438,0.001428876,0.001429674
0.001427611,0.001423532,0.001434958,0.001425631,0.001424464
0.00142571,0.001419502,0.001430054,0.001427408,0.001430054
0.001427803,0.001421554,0.001432118,0.001429751,0.001421554
0.001429205,0.001424635,0.001434569,0.001428887,0.001431055
0.001426056,0.001420161,0.001431599,0.001426149,0.001430314
0.001418563,0.001414604,0.001423415,0.001418241,0.001414604
0.001427255,0.001421878,0.001435472,0.001425872,0.001424125
0.001429397,0.001425898,0.001434865,0.001428437,0.001434865
0.001426208,0.001418748,0.001433024,0.001426448,0.001433024
0.00143048,0.001424752,0.001437815,0.001430411,0.001437815
0.00142415,0.001420168,0.001429105,0.001424203,0.001425614
0.001425221,0.001420658,0.001431762,0.001424809,0.001422214
0.001425025,0.001419519,0.001432152,0.001424583,0.001427034
0.001416148,0.001411715,0.001420942,0.001416347,0.001418094
0.001424316,0.001419564,0.001430078,0.001423818,0.001420625
0.001427422,0.001422728,0.001431758,0.001427966,0.001430464
0.001427838,0.001422852,0.001432674,0.001428594,0.001424605
0.001428493,0.001424612,0.001433254,0.001428191,0.001431154
0.001424836,0.001421868,0.001430188,0.001424056,0.001424245
0.001427594,0.001423759,0.001432564,0.001426941,0.001425304
0.001425959,0.001421769,0.001430845,0.00142549,0.001430845
0.001425834,0.001421684,0.001430054,0.001425938,0.001430054
0.001428217,0.001422099,0.001432685,0.001428917,0.001432685
0.00143262,0.001426554,0.001438889,0.001432741,0.001436854
0.001424662,0.001419461,0.001428974,0.001425733,0.001420925
0.001427736,0.001423592,0.001433159,0.001426401,0.001433134
0.00142894,0.001424347,0.001434135,0.001429063,0.001427605
0.001427472,0.001422504,0.001434044,0.001427655,0.001430664
0.001428381,0.001424512,0.001433428,0.00142747,0.001429225
0.001425548,0.001418612,0.001433528,0.001426018,0.001429024
0.001425868,0.001424152,0.001429274,0.001425601,0.001429274
0.001424279,0.001419492,0.001430035,0.001424123,0.001419634
0.001417092,0.001415432,0.001419758,0.001416726,0.001416895
0.001420522,0.001417508,0.001423315,0.001420338,0.001420554
0.001421144,0.001418611,0.001424168,0.001420836,0.001421234
0.001431146,0.001426901,0.001437579,0.001430343,0.001433834
0.001426788,0.001419161,0.001431745,0.001427615,0.001431745
0.001430962,0.001427971,0.001435178,0.001430994,0.001431954
0.001425434,0.001418561,0.001429458,0.001427425,0.001428015
0.001429276,0.001425159,0.001436035,0.001427999,0.001432714
0.001423888,0.001420218,0.001428761,0.001423171,0.001424534
0.001426382,0.001423058,0.001430719,0.001424997,0.001430434
0.001424671,0.001418522,0.001430048,0.001424742,0.001427375
0.001422881,0.001418482,0.001428078,0.001423181,0.001422394
0.001431054,0.001426372,0.001436269,0.001430781,0.001433115
0.001428337,0.001422202,0.001434094,0.001428483,0.001433294
0.001425654,0.001420568,0.001431965,0.001424994,0.001431965
0.00142602,0.001421878,0.001431355,0.001425581,0.001424144
0.001428945,0.001424888,0.001433068,0.001428595,0.001431745
0.001426854,0.001420702,0.001432024,0.001427624,0.001432024
0.001426153,0.001421188,0.001431338,0.001423913,0.001431295
0.001427318,0.001420312,0.001431764,0.001428183,0.001431764
0.001426829,0.001422492,0.001431439,0.001426877,0.001423315
0.001424623,0.001420854,0.001429298,0.001423656,0.001420854
0.001424279,0.001418478,0.001428785,0.001424446,0.001420734
0.001426516,0.001420234,0.001431675,0.00142812,0.001420234
0.001427021,0.001419977,0.001431332,0.001428217,0.001423844
0.001428515,0.001424851,0.001433928,0.001427199,0.001431054
0.001428031,0.001422588,0.001432174,0.001429719,0.001431235
0.001428621,0.001424317,0.001435805,0.001427994,0.001432494
0.001423367,0.001418524,0.001430241,0.001422866,0.001427035
0.001427885,0.001422228,0.001434774,0.00142879,0.001431254
0.001427161,0.001421408,0.001432589,0.001427622,0.001432505
0.001430397,0.001426014,0.001437069,0.001430018,0.001433424
0.001431022,0.001424311,0.001438915,0.001430101,0.001438915
0.001426333,0.001421601,0.001431249,0.001425408,0.001423064
0.001427392,0.001421832,0.001430754,0.001428739,0.001430724
0.001427094,0.001423414,0.001430818,0.001426801,0.001430454
0.001425776,0.001422122,0.001430585,0.001424492,0.001422814
0.001427766,0.001422778,0.001435414,0.001426892,0.001435414
0.001425655,0.001423334,0.001430644,0.001424926,0.001430644
0.00142877,0.001422265,0.001434599,0.001430013,0.001432144
0.001428888,0.001422842,0.001433734,0.001429133,0.001433734
0.001426631,0.001421789,0.001432558,0.001426529,0.001430314
0.001429375,0.001423385,0.001434439,0.001430856,0.001430604
0.001420287,0.001415998,0.001425564,0.001420471,0.001425564
0.001427305,0.001423539,0.001433764,0.001425695,0.001433764
0.001431007,0.001425692,0.001438789,0.001429437,0.001435535
0.001430542,0.001424062,0.001437028,0.001430081,0.001426334
0.001426351,0.001420772,0.001430885,0.001427181,0.001430885
0.001424606,0.001418392,0.001428554,0.001426422,0.001428554
0.001428313,0.001423167,0.001433588,0.001428368,0.001430685
0.001423911,0.001418288,0.001427784,0.001425242,0.001427784
0.001426147,0.001422324,0.001433574,0.001424253,0.001422324
0.001426485,0.001421711,0.001431258,0.001426466,0.001426684
0.001428942,0.001422001,0.001433645,0.001429452,0.001433645
0.001427587,0.001421019,0.001433364,0.00142773,0.001433114
0.001426338,0.001422438,0.001430748,0.001427036,0.001427665
0.001426553,0.001418914,0.001430458,0.00142773,0.001418914
0.001425351,0.001420708,0.001429565,0.001426425,0.001427905
0.00142761,0.001422562,0.001432745,0.001427152,0.001431924
0.001427812,0.001423982,0.001431808,0.001428127,0.001430295
0.001426129,0.001421138,0.001429774,0.00142703,0.001429774
0.001427609,0.001423202,0.001430469,0.001429084,0.001430455
0.001422717,0.001420338,0.001426888,0.001421771,0.001426114
0.001430129,0.001425065,0.001437379,0.001428833,0.001425065
0.001428281,0.001423848,0.001433729,0.001428032,0.001430744
0.001426206,0.001420022,0.001431509,0.001425531,0.001431355
0.001430742,0.001425755,0.001436688,0.001430231,0.001433084
0.001430896,0.001425462,0.001437509,0.001430098,0.001434365
0.001427066,0.001421202,0.001430614,0.001428846,0.001430614
0.001425112,0.001419175,0.001429338,0.001425928,0.001419175
0.001427771,0.001423775,0.001432868,0.001427113,0.001430734
0.001425489,0.001420738,0.001430869,0.00142543,0.001429185
0.001430446,0.001426502,0.001436069,0.001430013,0.001433144
0.001428487,0.001424105,0.001434604,0.001427793,0.001430494
0.001425212,0.001418812,0.001431865,0.001426173,0.001428024
0.001428801,0.001424032,0.001434819,0.001428146,0.001432624
0.001419915,0.001415854,0.001424558,0.001420188,0.001421184
0.001424082,0.001419284,0.001430492,0.001424051,0.001419844
0.001427881,0.001424239,0.001431514,0.001427601,0.001427804
0.001423206,0.001418598,0.001427151,0.00142308,0.001421485
0.001426715,0.001422868,0.001434299,0.001424309,0.001425054
0.001426892,0.001423288,0.001431752,0.001426444,0.001430145
0.001425562,0.001421408,0.001432255,0.001424166,0.001429084
0.001425607,0.001419587,0.001428808,0.001426071,0.001428125
0.001427708,0.001422564,0.001433995,0.001427326,0.001430534
0.001421969,0.001418355,0.001426259,0.001420661,0.001421525
0.00142547,0.001419924,0.001430494,0.001425208,0.001430494
0.001425125,0.001419819,0.001430995,0.001425513,0.001428825
0.001427276,0.001420187,0.001432764,0.00142757,0.001432764
0.001429346,0.001425012,0.001435769,0.001428316,0.001432635
0.001425432,0.001419092,0.001431589,0.001426061,0.001430474
0.001425417,0.001421038,0.001433124,0.001424106,0.001427495
0.001417686,0.001415548,0.001421118,0.001417503,0.001415994
0.00142411,0.001419474,0.001429979,0.001423817,0.001421034
0.001426418,0.001421045,0.001431999,0.001425549,0.001426314
0.001426137,0.001420694,0.001432249,0.00142633,0.001429314
0.001429541,0.001424422,0.001436549,0.001428431,0.001434144
0.001417337,0.001414145,0.001422498,0.001416416,0.001417544
0.001429412,0.001424534,0.001433484,0.001430105,0.001433355
0.001425251,0.001420428,0.001432365,0.001423786,0.001425234
0.001425462,0.001421709,0.001430964,0.001424115,0.001430964
0.00142617,0.001419312,0.001433634,0.001426529,0.001431984
0.00142726,0.001423068,0.001431085,0.001427624,0.001426055
0.001427337,0.001423588,0.001431184,0.001427586,0.001431184
0.001427099,0.001423244,0.001432499,0.001427391,0.001429274
0.001425842,0.001421538,0.001431065,0.001424904,0.001428314
0.00142687,0.001420518,0.001433849,0.001426609,0.001430964
0.001430212,0.001426678,0.001437118,0.001428086,0.001433755
0.001422393,0.001417314,0.001428822,0.001422236,0.001424434
0.001427079,0.001419689,0.001433994,0.001427997,0.001431155
0.00142935,0.001423548,0.001434158,0.001429742,0.001432934
0.001424822,0.001421108,0.001432308,0.001422604,0.001421734
0.001423967,0.001420518,0.001430034,0.001421951,0.001421304
0.001424676,0.001420594,0.001429339,0.001424311,0.001422464
0.001425238,0.001421972,0.001429598,0.001425301,0.001427654
0.001421471,0.001418038,0.001426659,0.001420936,0.001418534
0.001429643,0.001425304,0.001434314,0.00143006,0.001431374
0.001422951,0.001419309,0.001426404,0.001423136,0.001423724
0.001422026,0.001416818,0.001426378,0.001422834,0.001423265
0.001423933,0.001420178,0.001429162,0.001422756,0.001422534
0.001423975,0.001420848,0.001428607,0.001422549,0.001422635
0.00142528,0.001420828,0.001430758,0.001424853,0.001421324
0.001419196,0.001414365,0.001423001,0.001419506,0.001418584
0.001430407,0.001425801,0.001436444,0.001429823,0.001436444
0.001427752,0.001422611,0.001434565,0.001427053,0.001434565
0.001428428,0.001421085,0.001434854,0.001429864,0.001431564
0.001425738,0.001422225,0.001430194,0.001425268,0.001422225
0.001419856,0.001415829,0.001423918,0.001419601,0.001420404
0.001424222,0.001418834,0.001429679,0.001424458,0.001418834
0.001427069,0.001423312,0.001433695,0.001425231,0.001424644
0.001427441,0.001422722,0.001431179,0.001427807,0.001429895
0.001430162,0.001425374,0.001435274,0.001429816,0.001432314
0.001423453,0.001418348,0.001431315,0.001421917,0.001428355
0.001424742,0.001418949,0.001430864,0.001425703,0.001430864
0.001424739,0.001420128,0.001429964,0.001423051,0.001429964
0.001429952,0.001425514,0.001436488,0.001429043,0.001425514
0.001425934,0.001422202,0.001431804,0.001423601,0.001423494
0.001425837,0.001421662,0.001429364,0.001426521,0.001429364
0.001428204,0.001423694,0.001433865,0.00142719,0.001432515
0.001425785,0.001421204,0.001431124,0.001426008,0.001431124
0.001430031,0.001425728,0.001435422,0.001430376,0.001433015
0.001427692,0.001421489,0.001432808,0.001427876,0.001431534
0.001429355,0.001425638,0.001434104,0.001429563,0.001430805
0.001424395,0.001420411,0.001429669,0.001422675,0.001420824
0.001431316,0.001425754,0.001437759,0.00143229,0.001433245
0.001429247,0.001424678,0.001433895,0.001429565,0.001430784
0.001426213,0.001421227,0.001431245,0.001426613,0.001431245
0.001422797,0.001417374,0.001428834,0.001422448,0.001418884
0.001422907,0.001417505,0.001426998,0.00142461,0.001419585
0.001423123,0.001418622,0.001430778,0.001421959,0.001421374
0.001430452,0.001424574,0.001438499,0.001429048,0.001435255
0.001429477,0.001422528,0.001437678,0.001428543,0.001423204
0.001425101,0.001418232,0.001430467,0.001425442,0.001428215
0.001428563,0.001425348,0.001433698,0.001427775,0.001431924
0.00169071,0.00153782,0.001839124,0.001714976,0.00173383
0.001425432,0.001421924,0.001431102,0.001424528,0.001429564
0.001427546,0.001422298,0.001433398,0.00142837,0.001429795
0.001422008,0.001418164,0.001427248,0.00142117,0.001425924
0.001427072,0.001420988,0.001433419,0.00142636,0.001432045
0.001422892,0.001417928,0.001427545,0.001423379,0.001421314
0.001426447,0.001421158,0.001432058,0.001426248,0.001430105
0.001424795,0.001420515,0.001430445,0.001424199,0.001427434
0.00142637,0.001422584,0.001433424,0.001423528,0.001432135
0.001429227,0.001423867,0.001436299,0.001427935,0.001433814
0.001430614,0.001424912,0.001437615,0.001430414,0.001434445
0.001426354,0.001421204,0.001430802,0.001427596,0.001428064
0.00142963,0.001425078,0.001435272,0.00142911,0.001428995
0.001419296,0.001415608,0.001423309,0.001418674,0.001418054
0.001424184,0.001420498,0.001428034,0.0014241,0.001420524
0.00142178,0.001416688,0.001425955,0.001421231,0.001418634
0.001425038,0.001418262,0.001430728,0.001426102,0.001428324
0.00142888,0.001423768,0.001435202,0.001429421,0.001432234
0.001430143,0.001426628,0.001433295,0.001430555,0.001432844
0.001424727,0.001418362,0.001430648,0.001423932,0.001429684
0.001428571,0.001421838,0.001434852,0.001429304,0.001433425
0.001427069,0.001421357,0.001433348,0.001425811,0.001431694
0.001423458,0.001417305,0.001428894,0.001423362,0.001428825
0.001426373,0.001422278,0.001432064,0.001425982,0.001431684
0.001429949,0.001423888,0.001436685,0.001429193,0.001434765
0.001429385,0.001425424,0.001434218,0.001428675,0.001432944
0.001426776,0.001422695,0.001432869,0.001427268,0.001426645
0.001427478,0.001422838,0.001430668,0.001428929,0.001429124
0.001427125,0.001422299,0.001433318,0.001427823,0.001422425
0.001425035,0.001421658,0.001427915,0.001425156,0.001426444
0.00142603,0.001423234,0.001430388,0.001424801,0.001428875
0.001430944,0.001428032,0.001434599,0.001430642,0.001432714
0.001420976,0.001417311,0.001425159,0.001421247,0.001421315
0.001426691,0.001421128,0.001433858,0.001425353,0.001425914
0.001425811,0.001419864,0.001431021,0.001425653,0.001421834
0.001425125,0.001419648,0.001430184,0.00142559,0.001421374
0.001426271,0.001421798,0.001430705,0.001426813,0.001430705
0.001427137,0.001423142,0.001433944,0.001426426,0.001433944
0.001426565,0.001421298,0.001432535,0.001426862,0.001427615
0.001424196,0.001418369,0.001429665,0.001424918,0.001420224
0.001425175,0.001420894,0.001428648,0.001426061,0.001426644
0.001431636,0.001425114,0.001437015,0.001432782,0.001433684
0.001425455,0.001420727,0.001431975,0.001425338,0.001431975
0.001423473,0.001420474,0.001426314,0.001423753,0.001426314
0.00142331,0.001419714,0.001427448,0.001422421,0.001426574
0.001428721,0.001422342,0.001435984,0.001427977,0.001434755
0.00143287,0.001427848,0.001437598,0.001433891,0.001434425
0.001426216,0.001421178,0.001430524,0.001426797,0.001430524
0.001430232,0.001425569,0.001436709,0.001428897,0.001433475
0.00141986,0.001416587,0.001422428,0.00141945,0.001419534
0.001447404,0.001426189,0.001503623,0.001430322,0.001433105
0.001426183,0.001422865,0.001431368,0.001426256,0.001426744
0.001427923,0.001421551,0.001433269,0.001428982,0.001432805
0.001428242,0.001422224,0.001431655,0.001429238,0.001431604
0.001424518,0.001417958,0.001430995,0.001425116,0.001430995
0.001426483,0.001420569,0.001432319,0.00142602,0.001430864
0.001427765,0.001421974,0.001432234,0.001428385,0.001432185
0.00142497,0.001419195,0.001431212,0.001425726,0.001429394
0.001427762,0.001422879,0.001433645,0.001426499,0.001433645
0.001424016,0.001419884,0.001430104,0.001422958,0.001424274
0.001426734,0.001422819,0.001432745,0.001426185,0.001432745
0.001429077,0.001423274,0.001433928,0.001430136,0.001432814
0.001428622,0.001423838,0.001437094,0.001425977,0.001433755
0.00142134,0.001417658,0.001427615,0.001419147,0.001425434
0.001424916,0.001420867,0.001430195,0.001424381,0.001430195
0.001425365,0.001421472,0.001431574,0.001424451,0.001424214
0.001427444,0.001421242,0.001434268,0.001428096,0.001430495
0.001425771,0.001421201,0.001429274,0.001426431,0.001425024
0.001427412,0.001422158,0.001431445,0.001428213,0.001423754
0.001425783,0.001420448,0.001429539,0.001426863,0.001429384
0.00142283,0.001420815,0.001425598,0.001422163,0.001425425
0.001428618,0.001423432,0.001435014,0.001428893,0.001432214
0.001422838,0.001419182,0.001425848,0.001424476,0.001424334
0.001430271,0.001423325,0.001435532,0.001430623,0.001433434
0.001456005,0.001423084,0.001541124,0.001430477,0.001431265
0.001502865,0.001428818,0.001661809,0.00144387,0.001523896
0.001425986,0.001422242,0.001430939,0.001424657,0.001430664
0.001424909,0.001420035,0.001430849,0.001424941,0.001426375
0.001426461,0.001423052,0.001432088,0.001424986,0.001428374
0.001427815,0.001422292,0.001433078,0.00142814,0.001429485
0.001428585,0.001422435,0.001434469,0.001429102,0.001431234
0.001422803,0.001418132,0.001426598,0.001423223,0.001425875
0.001426978,0.001422552,0.001432418,0.001427341,0.001430874
0.001421681,0.001416585,0.001425212,0.001422169,0.001420705
0.001427773,0.001422284,0.001431804,0.001428426,0.001431414
0.00142727,0.001422749,0.001432282,0.001426502,0.001430935
0.001428136,0.001424907,0.001432684,0.00142736,0.001432684
0.001429577,0.001424749,0.001434327,0.001429397,0.001431045
0.001430745,0.001426382,0.001437198,0.001428278,0.001435514
0.001430006,0.001424074,0.001435129,0.001429805,0.001433755
0.001427641,0.001423748,0.001430572,0.001427564,0.001427104
0.001428144,0.001423088,0.001432472,0.001428909,0.001432034
0.00142632,0.001421561,0.001430824,0.001426741,0.001430824
0.001426113,0.001420834,0.001431425,0.00142625,0.001420834
0.001429368,0.001424328,0.001435545,0.001427899,0.001433555
0.001427664,0.001422017,0.001433138,0.00142815,0.001431434
0.00142414,0.001419405,0.001428367,0.001425111,0.001426054
0.001423886,0.001420009,0.001428362,0.001424796,0.001420154
0.001425747,0.001421624,0.001430004,0.001425645,0.001421624
0.001426059,0.001419992,0.001432495,0.001427298,0.001432495
0.001426952,0.001422108,0.001432744,0.001426871,0.001432744
0.001426055,0.001422345,0.001429348,0.001426483,0.001422565
0.001429474,0.001422824,0.001433428,0.001430737,0.001432274
0.001426069,0.001422392,0.001432168,0.001425156,0.001430195
0.001426222,0.001421508,0.001429215,0.001427871,0.001423004
0.001426641,0.001422294,0.001432264,0.001426149,0.001422294
0.001425071,0.001419462,0.001429964,0.001425418,0.001421704
0.001427064,0.001422928,0.001431965,0.001427056,0.001431965
0.001426307,0.001421977,0.001430434,0.001426351,0.001430434
0.001428046,0.001425128,0.001432262,0.001426686,0.001431045
0.001426446,0.001422378,0.001432164,0.001425552,0.001432164
0.001426401,0.001420258,0.001430444,0.001427835,0.001430444
0.001425931,0.001420668,0.001431232,0.001425236,0.001422844
0.001428852,0.001426141,0.001435284,0.001427455,0.001435284
0.00142814,0.001424101,0.001435355,0.001427581,0.001435355
0.001427361,0.001423081,0.001433159,0.001427047,0.001429914
0.001427659,0.001422291,0.001432179,0.001427872,0.001425114
0.001428507,0.001424355,0.001435509,0.001427812,0.001430314
0.001428725,0.001423619,0.001434685,0.001428546,0.001431205
0.001426176,0.001420195,0.001431634,0.001426416,0.001430414
0.00142553,0.001421175,0.001430655,0.001425913,0.001427415
0.001421594,0.001418062,0.001426308,0.001420436,0.001419684
0.001436675,0.001427835,0.001446178,0.001437683,0.001441305
0.001427252,0.001423518,0.001432745,0.001426229,0.001429534
0.001689255,0.001438265,0.002153898,0.001449515,0.002150257
0.00168706,0.001442642,0.002149187,0.001452282,0.002146296
0.001686549,0.001435668,0.002140687,0.001451035,0.002136936
0.001681175,0.001432538,0.002139767,0.001441512,0.002136117
0.001724379,0.001430072,0.002136498,0.001624192,0.002133196
0.001677084,0.001428705,0.002136247,0.001440686,0.002133197
0.001681136,0.001442482,0.002140897,0.001447578,0.002137486
0.001671185,0.001426768,0.002135247,0.001431182,0.002131597
0.001669143,0.001423924,0.002136887,0.001427645,0.002133396
0.001668382,0.001423514,0.002133947,0.001431963,0.002130587
0.001670388,0.001433952,0.002118137,0.001440181,0.002115146
0.001660622,0.001423825,0.002109457,0.00142959,0.002105616
0.001664893,0.001425848,0.002109937,0.001431691,0.002106576
0.001660697,0.001425695,0.002096817,0.001434538,0.002093426
0.001702355,0.001496602,0.002100666,0.001503924,0.002097286
0.001662441,0.001428942,0.002111267,0.001432622,0.002108276
0.001706414,0.001504435,0.002086177,0.001520185,0.002082045
0.001695605,0.001491735,0.002076016,0.001499352,0.002072736
0.001693155,0.001481786,0.002090827,0.001491636,0.002087956
0.001692909,0.001490045,0.002082066,0.001497801,0.002078795
0.001693843,0.001484379,0.002098587,0.001492987,0.002094706
0.001693054,0.001491289,0.002082246,0.001496924,0.002078896
0.001686811,0.001485478,0.002080297,0.001492353,0.002077215
0.001685069,0.001483065,0.002076496,0.001492616,0.002073066
0.001679673,0.001474245,0.002050106,0.001496396,0.002047065
0.00168546,0.001484309,0.002079476,0.001492496,0.002076365
0.001683382,0.001487228,0.002059247,0.001495521,0.002056155
0.001680206,0.001484235,0.002053956,0.001488981,0.002050655
0.001680803,0.001485205,0.002063246,0.00149108,0.002059865
0.001674539,0.001476235,0.002050216,0.001491856,0.002046755
0.001676034,0.001485235,0.002050636,0.001489556,0.002046635
0.001679979,0.00148912,0.002049456,0.001494589,0.002045865
0.001675081,0.001479785,0.002043466,0.001490287,0.002040065
0.001678015,0.001483215,0.002046966,0.001491915,0.002043955
0.001673587,0.001481995,0.002046646,0.001488906,0.002043855
0.001673503,0.001484055,0.002036766,0.001492066,0.002033234
0.00166949,0.001481746,0.002027986,0.001491651,0.002024474
0.00167068,0.001476555,0.002038976,0.001490466,0.002035635
0.001671902,0.001483135,0.002038916,0.001490891,0.002035735
0.001665157,0.00148274,0.002026575,0.001487899,0.002023704
0.001671148,0.0014871,0.002037226,0.001490036,0.002033575
0.00166715,0.001480599,0.002016926,0.001491192,0.002013285
0.00166799,0.001478025,0.002032306,0.001487556,0.002028824
0.001664576,0.001482975,0.002022205,0.001487901,0.002018905
0.001662966,0.001483249,0.002013376,0.001490994,0.002009604
0.001663821,0.001482379,0.002013126,0.001487629,0.002008745
0.001662712,0.001482749,0.002002405,0.001489982,0.001998914
0.001661368,0.001479085,0.002009266,0.001489071,0.002005714
0.001658912,0.001484999,0.002005535,0.001490549,0.002002355
0.001659872,0.001483079,0.002003096,0.001487446,0.002000734
0.001652682,0.001479365,0.001983855,0.00148907,0.001980294
0.001656981,0.001484539,0.001996665,0.001489559,0.001993274
0.001653331,0.001479415,0.002000786,0.001488941,0.001997704
0.001652562,0.001477575,0.002001475,0.001487436,0.001998014
0.001644712,0.001483309,0.001966345,0.001488363,0.001963384
0.0016336,0.001481365,0.001991865,0.001488926,0.001988244
0.001628823,0.001476209,0.001973085,0.001489,0.001969694
0.001628772,0.001480255,0.001980886,0.001488531,0.001977383
0.001633273,0.001479195,0.001991115,0.001489849,0.001987344
0.001630755,0.001483669,0.001980735,0.001488834,0.001977514
0.001626912,0.001482355,0.001964535,0.001492462,0.001960614
0.001619969,0.001483239,0.001954685,0.001489779,0.001951173
0.00160124,0.001481396,0.001953365,0.00148629,0.001949914
0.00160796,0.001482695,0.001973145,0.001488552,0.001969713
0.001603734,0.001481496,0.001960965,0.001486408,0.001957724
0.001605248,0.001480655,0.001965685,0.001487098,0.001961913
0.001597746,0.001481599,0.001939524,0.001485464,0.001935804
0.001599936,0.001479309,0.001951845,0.001485425,0.001948303
0.001601577,0.001483966,0.001948185,0.001488076,0.001945433
0.001600061,0.001482246,0.001945425,0.001486921,0.001942473
0.001605802,0.001480115,0.001968985,0.001487546,0.001965143
0.00159689,0.00148297,0.001930634,0.001487684,0.001926803
0.00159716,0.001475035,0.001938525,0.001486108,0.001934653
0.001596925,0.001475345,0.001936494,0.001486961,0.001933133
0.001597936,0.001479335,0.001938075,0.001486874,0.001935023
0.001598522,0.001480195,0.001941575,0.001486399,0.001937514
0.001598947,0.001485109,0.001932874,0.001490336,0.001929433
0.001591981,0.001473755,0.001917835,0.001486354,0.001914282
0.001591662,0.001476925,0.001911614,0.001488836,0.001907793
0.001594273,0.001474695,0.001928214,0.001486459,0.001924793
0.001593576,0.001480055,0.001920405,0.001486247,0.001917133
0.001589511,0.001482759,0.001901254,0.001487862,0.001897822
0.001589504,0.001483196,0.001899524,0.001487799,0.001896243
0.001591432,0.001483575,0.001908184,0.001487966,0.001904452
0.00159319,0.001479525,0.001918865,0.001486729,0.001915493
0.001593286,0.001481889,0.001919814,0.001485974,0.001916733
0.001589896,0.001479419,0.001901694,0.001488373,0.001897882
0.001585733,0.001479885,0.001894734,0.001484314,0.001890742
0.001584603,0.001476726,0.001887383,0.001487081,0.001883672
0.001588666,0.001476155,0.001906045,0.001486114,0.001902693
0.00159035,0.001478845,0.001905414,0.001488716,0.001902152
0.001585401,0.001477505,0.001892544,0.001485289,0.001888733
0.00158473,0.001484498,0.001878464,0.001489042,0.001874452
0.001584213,0.001479289,0.001889524,0.001484879,0.001885822
0.001584396,0.001476778,0.001889224,0.001485094,0.001885982
0.001583618,0.001478255,0.001887624,0.001484392,0.001884412
0.001583286,0.001479526,0.001880464,0.001486701,0.001876502
0.001582859,0.001484736,0.001872224,0.001488393,0.001868782
0.001580612,0.001476739,0.001876013,0.00148423,0.001872892
0.001578168,0.001479205,0.001867324,0.001483499,0.001863952
0.001582507,0.001473625,0.001869984,0.001491136,0.001866221
0.001582876,0.001481519,0.001880264,0.001485604,0.001876172
0.001579159,0.00148399,0.001859453,0.001488218,0.001854521
0.0015813,0.001478526,0.001872034,0.001486714,0.001868441
0.001582406,0.001478855,0.001877154,0.001486172,0.001873442
0.001578632,0.001480145,0.001864574,0.001485029,0.001861161
0.001579276,0.00148246,0.001863543,0.001486602,0.001860272
0.001578203,0.00148124,0.001862703,0.001484925,0.001858632
0.001578216,0.00148014,0.001861444,0.001486,0.001857972
0.001577634,0.001479669,0.001863493,0.001485307,0.001859862
0.001578547,0.001473175,0.001861763,0.001487485,0.001858401
0.001578797,0.001479165,0.001862634,0.001486628,0.001859721
0.001577711,0.001480835,0.001860363,0.001485192,0.001856292
0.001578077,0.001482649,0.001856573,0.001487184,0.001853262
0.001572102,0.001473265,0.001848884,0.001482449,0.001845431
0.001576458,0.001477705,0.001854403,0.001486416,0.001850601
0.001572882,0.001475255,0.001840704,0.001486756,0.001837422
0.001574571,0.001481659,0.001843713,0.001487626,0.001840051
0.001576401,0.001481405,0.001848853,0.001487684,0.001845272
0.001567682,0.001474105,0.001820723,0.001486104,0.001817151
0.001565458,0.001475396,0.001810403,0.001486376,0.001806941
0.001567948,0.001482475,0.001809883,0.001490418,0.001806311
0.001565992,0.001483355,0.001803893,0.001488054,0.00180082
0.001544071,0.001475495,0.001721131,0.001488867,0.001717519
0.001529771,0.001482298,0.001664072,0.001487138,0.001660528
0.001524066,0.001475995,0.001644351,0.001487016,0.001640868
0.001522825,0.001476266,0.00164316,0.001485436,0.001639608
0.001525711,0.001471755,0.001650741,0.001487846,0.001647318
0.001530212,0.00148251,0.001667522,0.001486175,0.001664048
0.001528425,0.001474215,0.001664161,0.001486901,0.001660369
0.001528162,0.001483568,0.001651791,0.001489434,0.001648358
0.001489251,0.001470615,0.001525729,0.001479386,0.001522296
0.001484163,0.001476559,0.001489209,0.001485817,0.001486735
0.001484229,0.001480149,0.001490145,0.001482512,0.001481645
0.001481965,0.001475389,0.00148749,0.001482258,0.001485915
0.001481072,0.001472879,0.001487423,0.00148127,0.001482255
0.001483167,0.001478399,0.00148891,0.001482816,0.001482575
0.001482469,0.001472209,0.00149136,0.001482067,0.001479176
0.001482069,0.001470349,0.001488953,0.001483097,0.001476985
0.001481212,0.001467888,0.001488073,0.001482209,0.001476846
0.001483235,0.001468348,0.001490039,0.001485092,0.001484965
0.001483577,0.001477529,0.00149077,0.001482933,0.001483066
0.001483138,0.001476558,0.001489482,0.001483177,0.001487445
0.001484875,0.001471738,0.001491879,0.001484802,0.001483486
0.001480674,0.001464865,0.001489019,0.001482372,0.001464865
0.001480211,0.001470785,0.001487343,0.001480619,0.001470785
0.001483141,0.001471175,0.001491229,0.001484311,0.001471175
0.001484611,0.001471429,0.001489559,0.001485393,0.001483916
0.001482632,0.001475379,0.00148884,0.001482032,0.001485305
0.001481591,0.001476555,0.001486842,0.001481338,0.001485106
0.001482239,0.001468779,0.001491546,0.001481939,0.001480235
0.001481303,0.001466709,0.001489549,0.001481622,0.001483366
0.001483064,0.001466469,0.001491265,0.001483609,0.001482615
0.001482228,0.001468559,0.001488546,0.001484239,0.001488546
0.001482084,0.001470099,0.001491135,0.001482044,0.001491135
0.001482423,0.001473659,0.00148875,0.001483112,0.001484856
0.001485824,0.001481065,0.001492479,0.001483649,0.001481445
0.001483262,0.001468949,0.001489658,0.001484887,0.001483186
0.001485203,0.001482895,0.001491305,0.00148418,0.001484505
0.001479128,0.001467909,0.001487393,0.001479394,0.001473045
0.001482902,0.001472799,0.00148965,0.001485059,0.001486275
0.001485079,0.001470469,0.001493428,0.001485833,0.001486986
0.001484249,0.001477876,0.001491958,0.001483094,0.001483055
0.001485748,0.001477225,0.00149437,0.001484868,0.001483786
0.001481842,0.001476089,0.00148928,0.001481336,0.001483165
0.001481098,0.001471159,0.001487293,0.001480824,0.001486036
0.00148408,0.001481309,0.001486893,0.00148401,0.001484615
0.00148121,0.001467818,0.001488236,0.001483334,0.001479705
0.001484012,0.001473898,0.00148958,0.001485352,0.001485485
0.001473715,0.001463328,0.001481209,0.001473045,0.001470985
0.001485483,0.001474649,0.001489536,0.001486842,0.001488096
0.001481377,0.001468669,0.001488213,0.001481483,0.001482075
0.001484235,0.001473509,0.001491679,0.001484613,0.001485506
0.001486159,0.001481639,0.001490605,0.001486657,0.001490605
0.001483895,0.001473769,0.001490506,0.001484038,0.001490506
0.001481748,0.001471699,0.00148643,0.001482187,0.001483385
0.001487086,0.001479369,0.001494163,0.001486539,0.001492386
0.001483813,0.001470595,0.001493066,0.001485194,0.001470595
0.001482307,0.001472099,0.001488223,0.001482817,0.001479866
0.001482456,0.001475025,0.00148979,0.001483064,0.001475025
0.001484447,0.001473799,0.001491476,0.00148439,0.001489516
0.001481303,0.001470759,0.001490906,0.001481273,0.001482025
0.001442521,0.001438148,0.001448272,0.001442131,0.001444415
0.00148525,0.001474738,0.001493415,0.00148477,0.001488486
0.001483323,0.001467105,0.001491759,0.001483953,0.001467105
0.001481823,0.001471029,0.001488555,0.001482875,0.001475085
0.001481765,0.001473389,0.001488373,0.001481657,0.001476615
0.001485619,0.001480825,0.001493489,0.001484652,0.001486596
0.001483782,0.001479809,0.001487402,0.001484042,0.001485985
0.00148246,0.001475919,0.001489526,0.00148198,0.001489526
0.001448373,0.001437228,0.001457065,0.001447581,0.001447784
0.001485007,0.001477535,0.001493415,0.001484132,0.001483855
0.001480797,0.001472058,0.001487583,0.001480514,0.001475495
0.001484913,0.001465385,0.001492409,0.001487201,0.001465385
0.00148206,0.001469498,0.00148913,0.001482977,0.001481895
0.001484269,0.001473238,0.00149184,0.001485368,0.001486195
0.001480173,0.001466818,0.001487862,0.001480629,0.001477495
0.001479763,0.001456698,0.001487995,0.00148185,0.001481135
0.001481912,0.001472409,0.001488855,0.00148116,0.001488855
0.001482417,0.001469279,0.001489329,0.00148503,0.001486516
0.001482852,0.001474305,0.001487246,0.001483597,0.001484115
0.001478319,0.001468485,0.00148481,0.001480132,0.001479846
0.001481191,0.001469289,0.001488109,0.001481747,0.001483445
0.001485313,0.001473579,0.001491665,0.001487295,0.001484266
0.001481772,0.001473019,0.001488743,0.001482297,0.001484575
0.001483435,0.001468029,0.00149183,0.001482897,0.001482586
0.001483401,0.001479255,0.001488393,0.001483299,0.001486655
0.001485598,0.00148188,0.001490519,0.001485047,0.001486616
0.001483916,0.001480446,0.001490749,0.001482617,0.001481785
0.001484126,0.001469949,0.001492399,0.001484807,0.001483796
0.001483313,0.001471869,0.001487919,0.001485633,0.001478705
0.001480778,0.001472185,0.00148679,0.001480312,0.001484906
0.001484827,0.001477329,0.001490519,0.001485458,0.001479955
0.001483886,0.001474565,0.00149194,0.001483148,0.001483206
0.001482423,0.001469788,0.00148996,0.001484492,0.001479485
0.001482727,0.001468948,0.001490339,0.001483257,0.001483626
0.001482173,0.001470735,0.00149113,0.001481203,0.001478925
0.00148515,0.001480619,0.001490776,0.001484779,0.001480626
0.001480703,0.001468398,0.00148784,0.001480948,0.001477465
0.001482187,0.001469808,0.001490279,0.001482137,0.001478935
0.001485933,0.001480929,0.001491559,0.001484877,0.001483645
0.001483726,0.001475999,0.0014922,0.001483943,0.001484056
0.001481297,0.001471759,0.001487573,0.001480362,0.001486205
0.00149113,0.001487209,0.001498856,0.001489733,0.001498856
0.001447149,0.001443858,0.001453525,0.001446226,0.001444994
0.001481034,0.001474109,0.001488475,0.001480354,0.001488475
0.001481052,0.001470329,0.001485603,0.00148264,0.001482785
0.001480666,0.001466648,0.001489598,0.001480436,0.001478995
0.00148222,0.001468978,0.001488355,0.001482498,0.001488355
0.001483276,0.001474525,0.001489109,0.001483006,0.001483536
0.00148482,0.001477276,0.001488706,0.001485304,0.001483295
0.001483634,0.001478195,0.001489293,0.001483122,0.001484906
0.001481151,0.001463748,0.001490509,0.001481782,0.001480935
0.001485079,0.001477625,0.00149233,0.001484519,0.001483916
0.001483937,0.001473345,0.001489369,0.001484459,0.001473345
0.00148311,0.00147857,0.00148933,0.001482814,0.001481776
0.001481808,0.001464235,0.00148818,0.001484034,0.001464235
0.001481252,0.001467649,0.001489526,0.001481033,0.001481586
0.001481343,0.001461009,0.00148887,0.001483297,0.001483125
0.001480926,0.001465669,0.001489479,0.001480517,0.001477936
0.001483791,0.001472819,0.001492459,0.001483842,0.001484345
0.001483779,0.001475359,0.0014901,0.001483622,0.001486696
0.001483738,0.001479385,0.00148931,0.001483269,0.001479385
0.001481887,0.001475859,0.001490059,0.001479823,0.001479486
0.001481952,0.001463675,0.001488225,0.001484737,0.001463675
0.001482563,0.001470915,0.001489403,0.001484251,0.001483066
0.001482947,0.001473025,0.001489949,0.001484319,0.001477355
0.001485778,0.001478045,0.001492536,0.001484909,0.001492536
0.001483378,0.001471129,0.001492015,0.001484295,0.001492015
0.001484085,0.001480439,0.00148847,0.001483168,0.001484566
0.001482642,0.001468715,0.001490143,0.001483469,0.001468715
0.001484826,0.001479935,0.001489649,0.001484612,0.001482566
0.001483712,0.001475685,0.00149273,0.001483464,0.001475685
0.001483517,0.001478836,0.001489559,0.001482724,0.001478836
0.00148374,0.001479408,0.001488195,0.001484739,0.001488195
0.00148517,0.001474158,0.001491955,0.001485328,0.001489816
0.001479991,0.001466175,0.001489009,0.001480102,0.001466175
0.001484324,0.001481449,0.001488675,0.001482504,0.001482455
0.001480883,0.001462795,0.001489246,0.001482749,0.001462795
0.001482462,0.001473255,0.00148946,0.001484497,0.001483715
0.001482572,0.001475605,0.001487932,0.001482388,0.001486505
0.001484987,0.00148154,0.001491886,0.001483649,0.001491886
0.001483925,0.001474695,0.001490179,0.001483893,0.001483965
0.001485256,0.001476509,0.001492069,0.001485567,0.001485325
0.001482298,0.001469645,0.001490236,0.001483034,0.001469645
0.001479953,0.001462479,0.001487723,0.001481026,0.001481215
0.001482858,0.001472239,0.00148917,0.001483407,0.001485905
0.001482071,0.001476329,0.001488475,0.001480952,0.001488475
0.001482993,0.001479299,0.001486323,0.001482983,0.001484285
0.001481808,0.001469319,0.00148736,0.001483522,0.001478565
0.001481643,0.001463859,0.001488209,0.001483782,0.001486936
0.00148177,0.001472899,0.001489085,0.001482263,0.001474435
0.001482343,0.001465545,0.001487933,0.001484812,0.001465545
0.001486869,0.001482435,0.00149305,0.001487038,0.001483345
0.001482733,0.001471338,0.001489303,0.001483462,0.001484175
0.001482657,0.001473518,0.00148807,0.001482762,0.001487035
0.001478084,0.001466258,0.001485482,0.001477837,0.001483756
0.001481937,0.001464338,0.001491035,0.00148298,0.001482295
0.001481957,0.001469218,0.001490335,0.001482422,0.001481026
0.001481406,0.001467619,0.00148917,0.001482524,0.001483435
0.001481033,0.001469949,0.00149019,0.001481408,0.001478646
0.001482605,0.001474815,0.001488979,0.001482319,0.001479285
0.001487691,0.001481869,0.001494426,0.001486374,0.001494426
0.001484553,0.001478215,0.001490479,0.001484618,0.001478215
0.001483721,0.001477189,0.00148928,0.001483154,0.001479306
0.001482374,0.001470385,0.001487839,0.00148314,0.001480515
0.001482862,0.001465615,0.001489139,0.001483482,0.001465615
0.001483252,0.001476025,0.001489139,0.001482751,0.001482135
0.001484315,0.001475109,0.001492476,0.001483715,0.001492476
0.001484319,0.001479245,0.001487542,0.001484057,0.001484405
0.001485268,0.001478139,0.001494519,0.001483785,0.001478455
0.001483027,0.001468065,0.001489515,0.001484382,0.001468065
0.001484401,0.001480819,0.001489825,0.001483192,0.001483905
0.001485173,0.001481909,0.001488473,0.001485011,0.001485845
0.001483337,0.001479789,0.001488262,0.001483097,0.001486716
0.001482332,0.001470278,0.001487,0.00148363,0.001484105
0.001481288,0.001470738,0.001487199,0.001481257,0.001478485
0.001482734,0.001468778,0.0014908,0.001483012,0.001482655
0.001478592,0.001462195,0.0014894,0.001480127,0.001462195
0.001483629,0.001476455,0.001490188,0.001482619,0.001480185
0.00148377,0.001467445,0.001490689,0.001485126,0.001467445
0.001482827,0.001475086,0.001486769,0.001482712,0.001475086
0.001483428,0.001477869,0.001490009,0.001482205,0.001482375
0.001482686,0.001472996,0.001489849,0.001482887,0.001472996
0.001480966,0.001468699,0.001488816,0.001482474,0.001469815
0.00148222,0.001476696,0.001487333,0.00148169,0.001476696
0.001482746,0.001464425,0.001491489,0.001484638,0.001464425
0.001486212,0.001484009,0.001489979,0.001485253,0.001487916
0.001483409,0.001466595,0.00149042,0.001485259,0.001466595
0.001484856,0.001480896,0.001489459,0.001484857,0.001484746
0.001485174,0.001473619,0.001493865,0.001485447,0.001493865
0.001484432,0.001470089,0.001491469,0.001484641,0.001484986
0.001484272,0.001477885,0.001487833,0.001483672,0.001483805
0.001480961,0.001470409,0.001487182,0.001482011,0.001481086
0.001481403,0.001472789,0.001487973,0.001482825,0.001486355
0.001483701,0.001474619,0.001488436,0.001485287,0.001488436
0.001484274,0.001478419,0.001492119,0.001482502,0.001480735
0.001482182,0.001463768,0.001490166,0.001482907,0.001482396
0.001479903,0.001472829,0.001485963,0.001480072,0.001483195
0.001481653,0.001468168,0.001488762,0.001483505,0.001487056
0.001484541,0.001479949,0.001490885,0.001483472,0.001490885
0.001483897,0.001481038,0.001488589,0.001483246,0.001484456
0.001485327,0.00148,0.001489645,0.001485317,0.001489645
0.001482973,0.001477415,0.001488859,0.001481401,0.001487106
0.00148501,0.001469028,0.001491575,0.001485729,0.001484655
0.001480587,0.001468985,0.001487942,0.001481504,0.001468985
0.001486878,0.001478455,0.0014937,0.001487369,0.001478455
0.001480913,0.001471638,0.001487033,0.001481329,0.001485176
0.001484679,0.00148145,0.001489859,0.001483902,0.001482275
0.001484762,0.001480615,0.001490066,0.001484762,0.001490066
0.001486932,0.001483169,0.001493225,0.001485996,0.001493225
0.0014834,0.001474669,0.001491765,0.001483218,0.001484336
0.001481956,0.001469529,0.00148697,0.001483267,0.001480945
0.001480767,0.001468795,0.001486756,0.001481408,0.001468795
0.001483689,0.001479959,0.001489755,0.001483217,0.001489755
0.001479061,0.001463209,0.00148618,0.001479891,0.001483655
0.001479412,0.001462809,0.001486963,0.001479662,0.001478435
0.001483713,0.001478715,0.00148828,0.001483047,0.001483975
0.00148326,0.001478945,0.001488763,0.001482749,0.001479045
0.001481423,0.001477759,0.00148602,0.001480462,0.001481255
0.001478892,0.001462385,0.001485556,0.0014807,0.001462385
0.001481103,0.001471488,0.001487969,0.001480432,0.001481255
0.001482487,0.001467158,0.00149285,0.001483593,0.001483646
0.001482087,0.001472648,0.001489329,0.00148146,0.001482405
0.00148203,0.001468808,0.001488726,0.001482168,0.001481586
0.001480196,0.001462295,0.001487633,0.001481407,0.001462295
0.001482453,0.001461935,0.001490539,0.001484767,0.001461935
0.001481542,0.001470759,0.001486796,0.001483069,0.001482045
0.001479553,0.001464359,0.001486602,0.001479887,0.001480605
0.001482328,0.001461549,0.00149199,0.001484117,0.001482335
0.001482753,0.001475939,0.001489669,0.001482476,0.001483876
0.001482173,0.001467199,0.001491379,0.001482437,0.001482055
0.001481924,0.001472985,0.001488196,0.001483028,0.001472985
0.001483274,0.001479675,0.00148739,0.001483302,0.001483315
0.001483326,0.001475655,0.001489332,0.001482899,0.001487476
0.001481206,0.001468809,0.001487978,0.001482896,0.001483205
0.001482731,0.001473065,0.001490416,0.001482689,0.001473065
0.001482402,0.001470989,0.001492325,0.001481758,0.001476515
0.001481808,0.001466289,0.001488863,0.001482997,0.001484585
0.00147877,0.001467258,0.001485442,0.001481415,0.001480245
0.001481332,0.001463715,0.001489059,0.001483104,0.001463715
0.001479954,0.001459565,0.001486209,0.001481929,0.001459565
0.001483737,0.001479586,0.001490535,0.001482809,0.001484805
0.001483767,0.001469905,0.001490805,0.001483959,0.001469905
0.0014813,0.001463458,0.001487882,0.001483293,0.001478605
0.00148324,0.00147987,0.001488439,0.001482667,0.001481126
0.00148256,0.001479155,0.001490389,0.001481072,0.001481175
0.001480112,0.001466619,0.001489469,0.0014792,0.001478525
0.001485485,0.001480565,0.001490365,0.001485695,0.001490365
0.001484413,0.001478109,0.001491235,0.001483248,0.001484546
0.001480258,0.001470599,0.001485962,0.001481244,0.001473105
0.001481207,0.001468595,0.001488193,0.001480372,0.001468595
0.001482175,0.001475055,0.001486983,0.001481679,0.001475055
0.001481391,0.001467799,0.00148856,0.001483125,0.001481405
0.001482076,0.001477159,0.001486983,0.001482514,0.001485075
0.001484886,0.001477625,0.00149028,0.001484289,0.001489365
0.001484253,0.001479149,0.001488946,0.001484139,0.001488046
0.001488477,0.001484449,0.001493999,0.00148724,0.001487795
0.001483457,0.001469005,0.001491209,0.001484647,0.001469005
0.001481434,0.001468715,0.001487035,0.001481915,0.001468715
0.001482826,0.001479185,0.001488703,0.001481018,0.001479246
0.001481068,0.001473048,0.001488959,0.001480905,0.001482065
0.001482443,0.001471008,0.001488406,0.001483883,0.001488406
0.001480889,0.001473075,0.001490606,0.001479929,0.001473075
0.001483216,0.001474998,0.001489665,0.001482703,0.001483226
0.001480303,0.001471129,0.001486663,0.001481385,0.001481015
0.001479231,0.001468629,0.00148926,0.001479152,0.001477316
0.001480322,0.001460249,0.001488849,0.00148226,0.001478535
0.001483688,0.001476529,0.001490609,0.001483092,0.001482315
0.001481302,0.001469099,0.001489669,0.001482402,0.001478355
0.001479503,0.001464619,0.001487539,0.001481242,0.001481415
0.001483308,0.001470079,0.001488999,0.001484343,0.001482805
0.001484917,0.001478219,0.001493079,0.001485177,0.001485265
0.001483111,0.001462125,0.00149092,0.001485652,0.001462125
0.001481991,0.001466285,0.00149079,0.001483139,0.001466285
0.001481379,0.001472649,0.001488609,0.001481348,0.001479125
0.00148072,0.001465198,0.001486925,0.001483246,0.001476065
0.001479729,0.001472235,0.001487236,0.00147918,0.001487236
0.001484764,0.001471808,0.001490609,0.001485992,0.001487395
0.001482318,0.001470345,0.001488999,0.001482825,0.001470345
0.001483687,0.001473715,0.00149075,0.001483617,0.001483335
0.001478707,0.001467948,0.001488789,0.001477611,0.001477686
0.001482768,0.001474355,0.001489163,0.001483304,0.001480745
0.001481999,0.001470219,0.001488132,0.00148356,0.001482956
0.001483563,0.001476395,0.001489765,0.001484962,0.001476395
0.001484392,0.001479845,0.001489633,0.001483486,0.001483116
0.001483849,0.001477945,0.001489569,0.001483599,0.001477945
0.001479391,0.001472029,0.001487089,0.001478912,0.001478655
0.001486163,0.001481265,0.001490103,0.001485832,0.001484985
0.001481086,0.001468249,0.00148828,0.001482465,0.001482875
0.001482577,0.001460595,0.00149106,0.001485504,0.001460595
0.001485398,0.001482499,0.001489725,0.00148473,0.001485145
0.001482443,0.001472205,0.001491019,0.001482223,0.001472205
0.001482377,0.001479195,0.00148683,0.001481687,0.001481075
0.003246815,0.003127563,0.0040413,0.003135017,0.003135253
0.046185378,0.014937882,0.085398674,0.04851011,0.051715312
0.001529497,0.00152082,0.001537524,0.00152866,0.001528016
0.00148506,0.001474609,0.001491536,0.001485843,0.001491536
0.001483517,0.001474079,0.001490699,0.001484375,0.001484475
0.001483683,0.001472459,0.001488983,0.001485762,0.001476065
0.001480927,0.001459515,0.001490936,0.001482209,0.001459515
0.001478379,0.001465558,0.001487209,0.001479334,0.001467526
0.001481351,0.001474439,0.001487153,0.001480792,0.001477585
0.001485832,0.001477086,0.00149159,0.001486859,0.001477086
0.001483267,0.001473945,0.001490249,0.001482667,0.001473945
0.001482827,0.001469638,0.001491956,0.001483222,0.001482946
0.001479796,0.001464615,0.001486285,0.00148057,0.001464615
0.001485253,0.00147828,0.001489643,0.001484953,0.001483676
0.001480758,0.001470945,0.001487859,0.001481557,0.001470945
0.00148083,0.001464599,0.001487516,0.001481528,0.001477996
0.001481554,0.001473695,0.001488565,0.001481432,0.001488565
0.001482126,0.001467979,0.001490599,0.001481902,0.001488426
0.0014806,0.001462955,0.00148643,0.001483207,0.001462955
0.001484897,0.001471989,0.001491893,0.001486302,0.001488436
0.001482842,0.001471379,0.001488433,0.00148426,0.001481765
0.001480574,0.001465669,0.001486783,0.00148135,0.001481815
0.001484167,0.001467729,0.001491839,0.001486555,0.001487295
0.001481971,0.001470919,0.001490356,0.001482149,0.001490356
0.001483101,0.001473495,0.001489579,0.00148473,0.001484635
0.001482757,0.001469405,0.00148961,0.001484562,0.001486066
0.001482291,0.001473419,0.001487633,0.00148283,0.001479885
0.001481486,0.001467945,0.001487203,0.001483684,0.001467945
0.001480073,0.001476685,0.001486112,0.001478737,0.001476685
0.001482984,0.001474695,0.001488979,0.001482975,0.001474695
0.001484051,0.001478226,0.001489139,0.001484147,0.001482996
0.001486244,0.001479828,0.00149129,0.001486254,0.001489425
0.001481497,0.001474579,0.001490639,0.00147896,0.001477495
0.001481718,0.001474598,0.001487073,0.001482182,0.001485555
0.001479217,0.001467108,0.00148605,0.00148126,0.001481596
0.001483131,0.001476345,0.001490969,0.001481157,0.001476345
0.001483056,0.001474666,0.001489155,0.001482904,0.001474666
0.001483148,0.001476079,0.00148796,0.00148327,0.001483205
0.001482743,0.001479258,0.001486113,0.001482472,0.001481446
0.001485173,0.001471355,0.00149288,0.001485949,0.001471355
0.001479834,0.001463989,0.001487336,0.00147996,0.001474815
0.001480411,0.001470945,0.001487653,0.001480757,0.001470945
0.001479692,0.001462895,0.00148965,0.001481685,0.001462895
0.001482436,0.001477665,0.001486983,0.001482923,0.001477665
0.001479203,0.001462669,0.001488155,0.001480039,0.001488155
0.001482762,0.001475875,0.001489129,0.001482612,0.001475875
0.001483916,0.001479609,0.001491906,0.001482982,0.001482665
0.001480214,0.001461118,0.001489023,0.001479895,0.001480105
0.001481558,0.001465248,0.001488069,0.00148486,0.001474005
0.001479343,0.001466858,0.001486743,0.001479282,0.001477955
0.001484246,0.001476716,0.001489359,0.001484832,0.001485555
0.001486941,0.001483765,0.001491996,0.001486316,0.001491996
0.001484137,0.001481169,0.001490535,0.001483261,0.001490535
0.001481333,0.001462315,0.001490505,0.001481684,0.001462315
0.001480597,0.001472658,0.001489426,0.001480172,0.001480415
0.001481936,0.001478266,0.001486589,0.001480612,0.001485196
0.001485141,0.001480259,0.001491159,0.00148406,0.001483995
0.001483508,0.001479115,0.001487622,0.001483615,0.001486176
0.001482727,0.001472305,0.001488899,0.001483953,0.001472305
0.001482347,0.001477505,0.001488599,0.001481253,0.001480446
0.001483191,0.001476175,0.001491026,0.00148164,0.001476175
0.001481243,0.001472725,0.001488113,0.001482058,0.001481656
0.001483847,0.001472745,0.001489642,0.001484853,0.001472745
0.001480997,0.001475398,0.001485379,0.001481896,0.001481926
0.001479951,0.001465199,0.001488959,0.00148057,0.001482525
0.001481004,0.001457675,0.001488909,0.001483408,0.001457675
0.001482583,0.001472089,0.00148983,0.00148311,0.001483385
0.001480008,0.001469848,0.001486412,0.001481081,0.001471765
0.001479362,0.001461568,0.001488149,0.001481727,0.001482395
0.001477616,0.001464965,0.001487139,0.001478347,0.001464965
0.001482981,0.001478325,0.001488858,0.001482602,0.001482846
0.001478744,0.001462438,0.00148999,0.001480397,0.001480155
0.001461534,0.001457845,0.001467322,0.001460392,0.001465405
0.001480563,0.001463369,0.00148738,0.001481726,0.001480646
0.001478716,0.001468259,0.001485073,0.001478521,0.001476355
0.001481551,0.001469428,0.001485783,0.001483705,0.001485416
0.001483959,0.001469285,0.00149005,0.001485739,0.001469285
0.001482003,0.001476149,0.001489579,0.001481587,0.001477846
0.001482006,0.001469105,0.00149159,0.001483517,0.001483195
0.00148152,0.001471416,0.00148994,0.001483297,0.001472395
0.001482397,0.001463828,0.001490113,0.001484023,0.001480435
0.001479654,0.001471288,0.001485646,0.001479073,0.001479165
0.001480487,0.001473425,0.001485585,0.001482368,0.001474185
0.001481643,0.001470599,0.001490716,0.001482369,0.001472355
0.001483705,0.001474885,0.00148974,0.001484152,0.001485095
0.001480871,0.001473095,0.001486003,0.001481874,0.001473095
0.00148552,0.001478156,0.001493765,0.001484989,0.001478156
0.001482246,0.001471649,0.001487582,0.001481922,0.001482295
0.001484455,0.001479816,0.001490265,0.001484404,0.001479816
0.001480422,0.001462639,0.001487623,0.001483187,0.001480935
0.001480883,0.001465849,0.001486913,0.001482912,0.001485966
0.001481552,0.001468579,0.001490366,0.001481872,0.001483345
0.001482169,0.001474845,0.001489509,0.001480985,0.001480376
0.001486288,0.001482435,0.001492519,0.001485269,0.001483395
0.00148239,0.001469219,0.001489269,0.001482937,0.001479446
0.001483707,0.001470289,0.001492329,0.001484127,0.001484315
0.001481647,0.001466335,0.00149006,0.001482708,0.001466335
0.001483086,0.001476355,0.001488086,0.001482713,0.001483005
0.001478659,0.001464728,0.00148625,0.001480711,0.001481276
0.001479978,0.001466685,0.001488029,0.001480908,0.001476625
0.001482928,0.001471575,0.001487479,0.001484977,0.001471575
0.001478895,0.001466615,0.001486159,0.001480369,0.001466615
0.001481593,0.001474115,0.00148724,0.001482354,0.001485166
0.001482065,0.001470529,0.00148662,0.001483061,0.001482505
0.001482052,0.001475925,0.001488452,0.001481639,0.001486765
0.001481386,0.001471989,0.00148501,0.001482337,0.001483065
0.001483678,0.001464959,0.001495189,0.001484238,0.001480415
0.001481234,0.001476549,0.001487375,0.001479892,0.001478325
0.001482768,0.001474025,0.001488733,0.001482965,0.001481225
0.001483861,0.001470635,0.00149019,0.001485085,0.001485096
0.001481823,0.001476479,0.001487842,0.001481679,0.001478635
0.001482711,0.001474779,0.001486086,0.001483145,0.001481366
0.001480448,0.001470255,0.001486063,0.001479704,0.001470255
0.001481431,0.001467929,0.001489115,0.001481694,0.001478636
0.001479142,0.001459788,0.001487233,0.001481377,0.001483295
0.00148089,0.001461178,0.001489749,0.001482984,0.001479315
0.001482172,0.001464748,0.0014898,0.001483262,0.001483515
0.001480624,0.001473488,0.001487898,0.001480812,0.001480866
0.001482792,0.001479308,0.001488558,0.001482442,0.001482115
0.001483725,0.001477086,0.00149074,0.001482938,0.001486305
0.001481863,0.001470078,0.001488983,0.001481553,0.001476845
0.001484264,0.001478929,0.001488442,0.001484739,0.001486985
0.001483343,0.001480015,0.001488179,0.001483047,0.001483475
0.001483376,0.001478055,0.00148924,0.001483672,0.001478055
0.001479327,0.001465529,0.001486493,0.001478797,0.001483035
0.001480922,0.001468769,0.001488619,0.001481383,0.001483695
0.001480041,0.001460789,0.001486945,0.001481595,0.001476946
0.001481146,0.001468359,0.001487155,0.001483025,0.001481235
0.00148327,0.001480249,0.00148981,0.001482017,0.001480276
0.001481548,0.001472965,0.001487193,0.001482264,0.001478255
0.001486813,0.001483365,0.001492799,0.001485768,0.001485976
0.001484559,0.001475926,0.001491469,0.001484257,0.001487205
0.001480912,0.001473459,0.001486442,0.001481454,0.001475895
0.001481146,0.001474215,0.001488826,0.001480709,0.001474215
0.00148023,0.001472508,0.001486655,0.001479722,0.001479825
0.001480674,0.001473569,0.001486633,0.001480482,0.001480325
0.001481555,0.001467015,0.00148681,0.001482924,0.001467015
0.001482449,0.001476768,0.001487529,0.001481975,0.001480066
0.001481273,0.001465679,0.001489425,0.001483248,0.001489425
0.001478608,0.001464669,0.00148516,0.001480667,0.001481226
0.001483954,0.001480776,0.001488003,0.001483067,0.001483115
0.001484184,0.001466735,0.001491736,0.001485759,0.001466735
0.001478782,0.001463645,0.00148512,0.001480754,0.001463645
0.001477793,0.001459579,0.00148886,0.001477412,0.001475525
0.001480242,0.001468415,0.001486973,0.001481287,0.001485465
0.001478698,0.001459239,0.001486363,0.001481237,0.001481905
0.001480717,0.001474835,0.001487119,0.001480542,0.001481095
0.001483425,0.001470699,0.001490675,0.001482705,0.001490675
0.001481829,0.001461994,0.001488373,0.001483304,0.001461994
0.001479602,0.001459385,0.00148895,0.001481874,0.001459385
0.001481648,0.001476175,0.001484735,0.001481974,0.001476175
0.001479948,0.001463788,0.001489745,0.001480492,0.001489745
0.001484033,0.001478586,0.001492806,0.001482307,0.001492806
0.001487783,0.001475278,0.001493302,0.001488737,0.001486035
0.001482398,0.001472998,0.0014895,0.001482547,0.001483235
0.00148156,0.00147621,0.001487583,0.001481328,0.001480065
0.001482359,0.001474319,0.00148878,0.001482212,0.001481556
0.001477954,0.001463589,0.001485713,0.001479467,0.001484365
0.001482413,0.001473419,0.001487309,0.001482454,0.001480446
0.001481079,0.001472539,0.001488729,0.001481497,0.001473205
0.001480333,0.001470035,0.001484776,0.001481413,0.001480825
0.001479518,0.001467505,0.001488605,0.001479034,0.001467505
0.001479801,0.001464525,0.001485753,0.001481234,0.001464525
0.001481484,0.001473825,0.001486946,0.001482146,0.001477225
0.001481217,0.001477545,0.001486075,0.001480309,0.001480115
0.001480449,0.001472795,0.00148609,0.001481563,0.001480836
0.001479987,0.001473055,0.001485103,0.001480668,0.001483485
0.001482562,0.001461758,0.00148939,0.001484602,0.001483046
0.001483176,0.001479578,0.001491279,0.00148178,0.001479745
0.001482104,0.001475146,0.001487493,0.001482008,0.001478545
0.001486096,0.001481015,0.00149107,0.001485957,0.001486375
0.00148202,0.001472425,0.001489243,0.001482407,0.001481306
0.001482933,0.001472579,0.00149021,0.001485177,0.001485995
0.001486539,0.001472909,0.001491573,0.00148903,0.001482586
0.001484654,0.001471719,0.001490956,0.001486237,0.001483735
0.001483204,0.001478406,0.001489338,0.001482487,0.001483096
0.001482383,0.001473735,0.00149032,0.001482439,0.001481155
0.001481085,0.001467006,0.001490099,0.00148134,0.001480336
0.001483119,0.001475525,0.001489425,0.001482339,0.001489425
0.001481686,0.001473365,0.001487196,0.001483024,0.001487196
0.001481063,0.001464069,0.001488976,0.001480959,0.001479725
0.001479472,0.001460529,0.001487013,0.001480407,0.001481155
0.001479048,0.001460339,0.001490159,0.001478781,0.001479395
0.001483148,0.001467439,0.001489766,0.001484072,0.001489766
0.001480643,0.001464048,0.001487463,0.001482225,0.001482155
0.001482298,0.001477606,0.001488163,0.001481607,0.001486085
0.001484025,0.001479605,0.001489199,0.001483407,0.001484925
0.001481438,0.001461598,0.001487506,0.001483229,0.001481365
0.001481751,0.001473576,0.001487469,0.001482149,0.001473576
0.001482067,0.001476015,0.001487709,0.001481973,0.001476015
0.001482847,0.001471939,0.001489939,0.001482497,0.001481516
0.001483598,0.0014796,0.001486675,0.001483905,0.001485045
0.001481709,0.001464539,0.001487935,0.001483648,0.001487356
0.001482583,0.00147529,0.001487223,0.001482598,0.001485875
0.001482887,0.001478799,0.001487576,0.001482303,0.001486546
0.001481375,0.001476645,0.001487855,0.00147989,0.001487855
0.001479099,0.001465495,0.001486492,0.001480687,0.001482355
0.001483648,0.001480819,0.001487822,0.001482894,0.001486305
0.001482697,0.001474525,0.001488489,0.001482657,0.001483435
0.001480964,0.001466569,0.001489109,0.001481399,0.001479415
0.001481666,0.001473085,0.001487685,0.001482824,0.001487685
0.001482061,0.001471329,0.001490445,0.001482732,0.001486086
0.001482183,0.001475086,0.001488869,0.001480763,0.001480305
0.001480252,0.001460888,0.00148877,0.001483612,0.001476286
0.001484491,0.001477829,0.001489489,0.001484054,0.001487625
0.001483221,0.001474306,0.001490196,0.001483862,0.001474306
0.001479859,0.001472925,0.00148727,0.001480537,0.001472925
0.001481553,0.001472529,0.0014902,0.001482352,0.001478996
0.001479321,0.001472369,0.001485592,0.001479045,0.001478325
0.001482258,0.001471729,0.001486736,0.001482599,0.001480375
0.001479373,0.001470805,0.001486939,0.001479597,0.001479875
0.001482185,0.001473635,0.001488419,0.00148253,0.001480575
0.001480592,0.001462789,0.001488605,0.001482337,0.001488605
0.001482448,0.001473695,0.001488552,0.001483742,0.001484645
0.001481698,0.001469989,0.001489173,0.001482367,0.001474885
0.001481362,0.001477469,0.001487403,0.001479939,0.001479185
0.001480541,0.001460249,0.001486099,0.00148425,0.001479016
0.001480778,0.001471419,0.001487493,0.001479539,0.001478335
0.001485136,0.001479055,0.00148972,0.001486213,0.001486226
0.001481088,0.001477215,0.00148502,0.001480394,0.001482415
0.001488866,0.001486109,0.00149148,0.0014885,0.001489246
0.001482184,0.001475699,0.001486203,0.001482977,0.001483125
0.001481255,0.001467158,0.001488026,0.001482733,0.001481486
0.001482901,0.001473615,0.001488159,0.001484029,0.001480225
0.001482177,0.001471528,0.001488706,0.001483038,0.001488706
0.001482698,0.001475625,0.00148918,0.001482504,0.001475625
0.001479107,0.001464949,0.001485299,0.001479382,0.001477365
0.001480623,0.001465069,0.001488143,0.001480594,0.001480485
0.001480108,0.001470485,0.001485783,0.001480498,0.001478315
0.001484739,0.001477596,0.00149078,0.00148549,0.001484765
0.001480542,0.001471755,0.001485683,0.001481254,0.001478425
0.001482167,0.001479359,0.00148609,0.001481839,0.001483346
0.001479918,0.001470079,0.001485503,0.001480986,0.001483925
0.00148346,0.001479585,0.001489526,0.001482204,0.001489526
0.001481946,0.001472425,0.001491776,0.00148076,0.001484085
0.001480518,0.001467028,0.001486159,0.001481171,0.001480546
0.001485028,0.001474235,0.001491035,0.001485264,0.001482515
0.001481116,0.001470075,0.001488659,0.001481517,0.001470075
0.001481104,0.001471325,0.001488439,0.001481909,0.001483095
0.001483942,0.001470215,0.001489386,0.001486502,0.001489386
0.001486993,0.00148309,0.001491949,0.001485672,0.001484345
0.001480868,0.001472768,0.001488196,0.001481339,0.001488196
0.001479911,0.001449788,0.001491225,0.001482483,0.001491225
0.001482687,0.001478646,0.00148569,0.00148218,0.001482615
0.001481565,0.001470069,0.001489149,0.001481192,0.001479165
0.001482389,0.001473129,0.001490125,0.001481677,0.001481745
0.001482095,0.001469136,0.00148877,0.001482103,0.001469136
0.001483201,0.001480569,0.0014902,0.001481427,0.001481275
0.00148099,0.001470539,0.001488749,0.001481457,0.001475506
0.001479632,0.001459589,0.001486999,0.001481557,0.001479895
0.001482736,0.001473599,0.001490539,0.001482323,0.001482266
0.001483049,0.001477355,0.001488529,0.001483093,0.001477355
0.001484008,0.001473355,0.001489545,0.001484516,0.001488926
0.001474906,0.001464035,0.001480173,0.001476362,0.001464035
0.001482714,0.001465759,0.001490445,0.001483487,0.001482025
0.001480004,0.001477488,0.001484952,0.001478735,0.001478835
0.001480048,0.001467648,0.00148962,0.001481392,0.001469775
0.001477534,0.001455638,0.001485853,0.001478842,0.001475915
0.001485108,0.001482886,0.001490525,0.001484094,0.001490525
0.001479028,0.001451159,0.00148632,0.001481847,0.001480266
0.001479357,0.001470876,0.001487609,0.001478872,0.001476775
0.001481692,0.001466055,0.001487329,0.001483517,0.001466055
0.001484968,0.001472825,0.001491585,0.001486286,0.001491585
0.001481563,0.001469005,0.001490199,0.001482217,0.001469005
0.001482717,0.001476985,0.001491089,0.001481923,0.001481265
0.001482578,0.001477455,0.00148761,0.001481982,0.001481946
0.00148179,0.001466989,0.001489582,0.001482154,0.001481125
0.001480947,0.001467785,0.001488965,0.001482114,0.001467785
0.001480867,0.001476549,0.001487905,0.001478932,0.001477665
0.001478933,0.001469685,0.001484943,0.001478984,0.001476405
0.001481476,0.001467768,0.001487046,0.001483113,0.001477135
0.001480839,0.001467285,0.001486139,0.001481372,0.001481495
0.001483356,0.001474189,0.001488163,0.001484589,0.001486365
0.001481282,0.001469925,0.001488839,0.001481272,0.001469925
0.001483843,0.001478888,0.001487393,0.001484015,0.001482466
0.001482782,0.001477399,0.001490606,0.001481043,0.001481765
0.001480892,0.001468419,0.00148694,0.001480032,0.001479736
0.001476967,0.001463016,0.001487429,0.001477192,0.001476225
0.001484247,0.001478485,0.001492819,0.00148312,0.001482446
0.001483051,0.001477375,0.00149021,0.001482534,0.001485345
0.001481898,0.001476436,0.001487249,0.001482303,0.001480226
0.001483862,0.001479415,0.0014907,0.001481962,0.001480585
0.001479933,0.001473715,0.001485792,0.001480534,0.001476915
0.001481183,0.001473685,0.001486489,0.001480734,0.001473685
0.001480318,0.001466925,0.001486733,0.00148084,0.001466925
0.00147949,0.001464448,0.001486833,0.001480477,0.001481936
0.001484374,0.001479765,0.001491828,0.001483334,0.001486395
0.001488916,0.001481406,0.00149567,0.001487464,0.001486686
0.001482453,0.001473609,0.001490555,0.001482327,0.001482055
0.001480918,0.001478315,0.001486448,0.001479481,0.001480156
0.001481836,0.001478898,0.001488189,0.001480062,0.001479785
0.001486091,0.001483739,0.001492166,0.001484944,0.001492166
0.00148405,0.001477558,0.001490645,0.001483611,0.001490645
0.001481278,0.001477389,0.001488465,0.001479497,0.001480326
0.001478866,0.001466839,0.001485803,0.001479737,0.001480635
0.001480761,0.001470429,0.001484556,0.001481962,0.001479285
0.001481087,0.001463085,0.001488573,0.001482099,0.001463085
0.001482446,0.001465419,0.001487296,0.0014852,0.001480325
0.001477851,0.001458039,0.00148531,0.0014794,0.001479895
0.001480524,0.001465518,0.001486475,0.001481629,0.001483645
0.001481837,0.001468416,0.001488203,0.001482537,0.001468416
0.001481061,0.001470459,0.001486133,0.00148282,0.001484485
0.001483906,0.001478796,0.00148851,0.001484292,0.001478796
0.001481272,0.001473875,0.001488109,0.001479077,0.001473875
0.001481575,0.001464928,0.001487498,0.001483683,0.001480336
0.001481083,0.001473185,0.001486743,0.001481377,0.001481265
0.001480142,0.001469509,0.001487156,0.001480917,0.001487156
0.001480759,0.001467069,0.001487473,0.001481024,0.001482485
0.001482088,0.001472369,0.001487815,0.001482774,0.001479605
0.001480465,0.001476249,0.001486522,0.001479885,0.001480375
0.001484783,0.001480795,0.001490989,0.001483854,0.001487005
0.00148185,0.00147708,0.001489199,0.001480866,0.001480815
0.001483257,0.001472815,0.00148958,0.001483789,0.001486065
0.001481162,0.001470015,0.001486743,0.001481139,0.001470015
0.001482262,0.00147213,0.001488032,0.001483115,0.001485235
0.001480556,0.001462139,0.001489936,0.001481319,0.001480586
0.001481442,0.001478329,0.001488225,0.001480109,0.001480875
0.001479198,0.001461515,0.001486033,0.001480799,0.001461515
0.001477917,0.001463718,0.001486333,0.001480419,0.001484605
0.001478652,0.001452909,0.001486062,0.001481017,0.001481635
0.001477969,0.001460715,0.001484943,0.001479838,0.001476945
0.001479143,0.001459048,0.001487373,0.001479897,0.001479655
0.001484487,0.001480008,0.001491405,0.001483894,0.001481996
0.001480156,0.001463965,0.00148597,0.001481727,0.001481295
0.001483441,0.001477609,0.001489779,0.001481702,0.001480356
0.001480942,0.001474375,0.001489879,0.001480409,0.001475675
0.001484512,0.001476795,0.001490856,0.001484307,0.001490856
0.001484397,0.001480316,0.001487005,0.001486097,0.001487005
0.001482522,0.0014779,0.001487575,0.001481498,0.001482036
0.001480447,0.001471929,0.001486725,0.001479518,0.001486725
0.001479782,0.001470676,0.001485909,0.001480074,0.001481906
0.001482237,0.001469735,0.00149032,0.001482414,0.001486575
0.001479583,0.001459315,0.001487549,0.001481259,0.001480865
0.001482542,0.001474919,0.001488033,0.00148207,0.001486405
0.001481793,0.001463958,0.00148803,0.001483557,0.001480335
0.001482236,0.001476585,0.001488199,0.001481209,0.001476585
0.001480818,0.001467848,0.001487975,0.001482062,0.001487975
0.001479109,0.001466398,0.001485263,0.001480454,0.001479136
0.001482108,0.001475535,0.001487323,0.001481934,0.001479565
0.001484711,0.001476015,0.00149138,0.001485027,0.001485656
0.001479721,0.001473016,0.00148699,0.001479352,0.001479355
0.001478539,0.001453919,0.001487873,0.001480314,0.001476546
0.001478227,0.001454299,0.001485153,0.001481287,0.001477915
0.001479228,0.001468675,0.001488419,0.001478799,0.001475455
0.001481298,0.001462079,0.001486699,0.001485857,0.001485815
0.001480434,0.001474725,0.001486102,0.001479833,0.001480895
0.001484868,0.001478289,0.00149055,0.001486864,0.001486645
0.001481386,0.001475436,0.00148691,0.001481294,0.001476405
0.001482822,0.001479045,0.001489623,0.001481427,0.001479045
0.001482189,0.001478215,0.001489216,0.001481067,0.001479875
0.001480394,0.001476438,0.001485856,0.001479191,0.001479196
0.001480255,0.001467695,0.00148753,0.001479312,0.001478275
0.00148073,0.001470205,0.001488213,0.001480994,0.001486896
0.001484732,0.001475135,0.001488165,0.001487086,0.001488165
0.001484382,0.001460549,0.001494929,0.001485862,0.001479816
0.001481496,0.001467265,0.001487626,0.001482574,0.001467265
0.001481601,0.001471819,0.00148805,0.001481401,0.001481456
0.001481464,0.001475256,0.001488539,0.001480404,0.001478055
0.001483424,0.001479395,0.00148786,0.001483082,0.001481335
0.001485324,0.001465909,0.001490486,0.001488394,0.001488695
0.001479517,0.001467769,0.001488306,0.001480694,0.001488306
0.001481236,0.001458269,0.001489925,0.00148211,0.001489925
0.001481083,0.001469499,0.001490206,0.001481279,0.001476665
0.001481916,0.001478366,0.001487513,0.00148123,0.001481085
0.001481199,0.001462819,0.00148965,0.001482909,0.001484235
0.001483034,0.001479565,0.001487833,0.001481414,0.001486465
0.001482038,0.001460839,0.001488409,0.001483645,0.001483825
0.001482685,0.001480559,0.001487559,0.001481123,0.001480635
0.001482267,0.001477079,0.001487983,0.001481499,0.001480615
0.001483076,0.001475729,0.001491695,0.001481575,0.001480316
0.001481117,0.001472878,0.001487919,0.001480252,0.001484815
0.001481734,0.001475596,0.001488196,0.001481894,0.001488196
0.001481117,0.001460628,0.001486632,0.001483866,0.001484605
0.001479895,0.001468325,0.001487152,0.001479662,0.001485316
0.001482816,0.00147997,0.001488539,0.001481402,0.001481685
0.001480646,0.001464489,0.001488306,0.001483193,0.001488306
0.001480922,0.001461948,0.001489555,0.00148171,0.001481355
0.001479538,0.001456029,0.001486443,0.001481765,0.001480365
0.001479097,0.001466849,0.001485165,0.00147996,0.001476085
0.001480446,0.001468895,0.001488123,0.001480982,0.001480645
0.001483466,0.001474675,0.00149112,0.001483592,0.001479655
0.001480499,0.001458835,0.0014902,0.001482827,0.001476535
0.001479088,0.001458048,0.001486573,0.001481907,0.001474165
0.001479063,0.001459678,0.001486119,0.001481308,0.001478015
0.001480101,0.001461478,0.0014913,0.001479783,0.001476066
0.001480971,0.001467675,0.001488223,0.001481109,0.001486635
0.001481507,0.001461348,0.00148686,0.001483915,0.001484716
0.001482511,0.001478505,0.001487899,0.001480937,0.001478615
0.001480835,0.001468119,0.001487646,0.001482792,0.001487646
0.001481062,0.001457548,0.001490015,0.001484287,0.001490015
0.001481092,0.001464565,0.001488619,0.001481867,0.001464565
0.001482532,0.001476945,0.001487609,0.001482103,0.001476945
0.001483212,0.001478365,0.001489058,0.001482834,0.001481365
0.001483493,0.001479585,0.00148794,0.001482622,0.001481295
0.001480534,0.001460148,0.001489579,0.001482684,0.001480925
0.001478561,0.001466019,0.001486213,0.001480545,0.001484515
0.001481061,0.001462309,0.001487279,0.00148271,0.001482445
0.001482281,0.001475279,0.001488825,0.001482177,0.001479726
0.001476437,0.001449638,0.001485733,0.001479277,0.001481185
0.001481776,0.001468785,0.001488282,0.001482089,0.001481136
0.001481612,0.001471069,0.001487603,0.001482347,0.001480265
0.001483473,0.001478239,0.001490079,0.001483144,0.001480446
0.001479736,0.001459368,0.001489019,0.001480505,0.001478935
0.001483356,0.001480028,0.001488859,0.001482568,0.001481426
0.001480453,0.001465898,0.001486876,0.001481482,0.001477485
0.001476422,0.001451658,0.001485549,0.001478937,0.001481805
0.001480718,0.001466739,0.001487573,0.001482434,0.001485925
0.001483191,0.001477389,0.001490615,0.001480839,0.001479635
0.00148213,0.001478838,0.001487933,0.00148102,0.001479915
0.001481962,0.001474545,0.001487929,0.00148259,0.001478525
0.001482807,0.001478309,0.001488169,0.001482207,0.001479706
0.001482372,0.001473019,0.001489029,0.001482003,0.001481755
0.001480079,0.001463755,0.001487363,0.001480834,0.001486166
0.001484603,0.001482219,0.0014878,0.001484122,0.001485135
0.001480107,0.001460545,0.00148941,0.001481392,0.001460545
0.001483461,0.001466909,0.001490716,0.001484814,0.001480695
0.001478174,0.001468289,0.001483456,0.001479127,0.001475655
0.001481378,0.001478635,0.001485053,0.001481177,0.001478635
0.001479672,0.001464828,0.001489,0.001479762,0.001477115
0.001478357,0.001459248,0.00148711,0.001480094,0.001485125
0.001483172,0.001466535,0.001488292,0.0014846,0.001484355
0.001481852,0.001454978,0.001491633,0.001484262,0.001489995
0.001481982,0.001461668,0.001492305,0.001482812,0.001480855
0.001481587,0.001475235,0.001487776,0.001481274,0.001487776
0.001481843,0.001478975,0.001487129,0.001480559,0.001479885
0.001478698,0.001456959,0.00148864,0.001480397,0.001480376
0.001480114,0.001462189,0.00148743,0.001480757,0.001478505
0.001484251,0.001469695,0.001490825,0.001483759,0.001489866
0.001477873,0.001461988,0.001485749,0.001478901,0.001482375
0.001479653,0.001463689,0.00148784,0.001480902,0.001473695
0.001481428,0.001475095,0.001486422,0.00148088,0.001475095
0.001476173,0.001453778,0.001484122,0.001477872,0.001478745
0.001468779,0.001462865,0.001472893,0.001469818,0.001471325
0.001479205,0.001461328,0.001486083,0.001481712,0.001483245
0.001481904,0.001474826,0.00148948,0.001481337,0.001478995
0.001480168,0.001472875,0.001487219,0.001480147,0.001472875
0.001480881,0.001465635,0.001488309,0.001482591,0.001465635
0.001481614,0.001472935,0.00148956,0.001481199,0.001477795
0.001479892,0.001468915,0.001487429,0.00148122,0.001482465
0.001484032,0.001475755,0.001489395,0.001484424,0.001487486
0.001481991,0.001476425,0.001487953,0.001481109,0.001479995
0.001485566,0.001480065,0.001489486,0.001486263,0.001489486
0.001483024,0.001472249,0.001489545,0.001482642,0.001487495
0.001478193,0.001456018,0.001485263,0.001480678,0.001478786
0.001482856,0.001479216,0.00148727,0.001482797,0.001480115
0.001484459,0.001469318,0.00149191,0.001485681,0.001485706
0.001481101,0.001476076,0.00148728,0.001479349,0.001477655
0.001481699,0.001463258,0.001490169,0.001484055,0.001481015
0.001480449,0.001471815,0.001486183,0.001479344,0.001477455
0.001480041,0.001459018,0.001489325,0.001481607,0.001480475
0.001480277,0.001455668,0.00148816,0.001482337,0.001482175
0.001478028,0.001459535,0.001486523,0.001481544,0.001484835
0.001482659,0.001474639,0.001488679,0.001482053,0.001482216
0.001481564,0.001462885,0.001488059,0.001483127,0.001482365
0.00148027,0.001473279,0.001486033,0.001479687,0.001479596
0.001481442,0.001478485,0.001485252,0.00148144,0.001479395
0.001479241,0.001459079,0.001486126,0.001480701,0.001480876
0.001480539,0.001468215,0.001487425,0.001481377,0.001487425
0.001480584,0.001469785,0.001486119,0.001481034,0.001481135
0.001481546,0.001477869,0.001485503,0.001481867,0.001483995
0.001482502,0.001468339,0.00148787,0.001484895,0.001484935
0.001479639,0.001459015,0.001488112,0.001482085,0.001486175
0.001480702,0.001457358,0.001488359,0.001483927,0.001481325
0.00147778,0.001457078,0.001487329,0.001478757,0.001478615
0.001481024,0.001458368,0.00148983,0.001483647,0.001479925
0.001481811,0.001477576,0.001488319,0.001480939,0.001477576
0.001482177,0.001470005,0.00149098,0.001482159,0.001487205
0.001478661,0.001467385,0.00148726,0.001479474,0.001477876
0.001483859,0.001479699,0.001490299,0.001483247,0.001480335
0.001483506,0.001479839,0.001489469,0.001482349,0.001481986
0.001482197,0.001469985,0.001487789,0.001483668,0.001479635
0.001483989,0.001480499,0.001489496,0.001483684,0.001489496
0.001481007,0.001465946,0.001488325,0.001482365,0.001488325
0.001482074,0.001475705,0.001488418,0.001480992,0.001481645
0.001480717,0.001466279,0.001487313,0.001481447,0.001481775
0.001480222,0.001463795,0.001489996,0.001480535,0.001482085
0.001478855,0.001458878,0.001487955,0.001478897,0.001487955
0.001481517,0.00147761,0.001485919,0.001480196,0.001479615
0.001479723,0.001459728,0.001487059,0.001481448,0.001477516
0.001482054,0.001471235,0.001488959,0.001482547,0.001480655
0.001479109,0.001462158,0.001485513,0.001480577,0.001483896
0.001479007,0.001464255,0.0014858,0.00148085,0.001481785
0.001480445,0.001476315,0.001486903,0.001478354,0.001476315
0.001482607,0.001472295,0.00148794,0.001483337,0.001472295
0.001479946,0.001473379,0.001486869,0.001478732,0.001476985
0.00148223,0.001478339,0.001486095,0.001482237,0.001479105
0.001480978,0.001475216,0.001487125,0.001480973,0.001487125
0.001479127,0.001460378,0.0014854,0.001481397,0.001483336
0.001484473,0.001475855,0.001490963,0.001485014,0.001489295
0.001479904,0.001458709,0.00148751,0.001483266,0.001485006
0.001482128,0.001474789,0.001488585,0.001482024,0.001482865
0.001480968,0.001469595,0.001489446,0.001480728,0.001481506
0.001483428,0.001477425,0.001488502,0.001483645,0.001484585
0.001485092,0.001479685,0.001491006,0.001485134,0.001481546
0.001480902,0.001474716,0.001485869,0.001480863,0.001476715
0.001481261,0.001460025,0.001488069,0.001484197,0.001479906
0.001481538,0.001466275,0.001488849,0.001482753,0.001466275
0.001478809,0.001460538,0.00148648,0.001481647,0.001471335
0.001477773,0.001467355,0.001485943,0.001478949,0.001477735
0.001479822,0.001461795,0.00148697,0.001481392,0.001482425
0.001483747,0.001476875,0.001490396,0.001483004,0.001490396
0.001481774,0.001473765,0.001487169,0.001481938,0.001473765
0.001480299,0.001471239,0.001486432,0.001479807,0.001477726
0.001478337,0.001466236,0.0014862,0.001480362,0.001468515
0.001480146,0.001468095,0.001486459,0.001482047,0.001475746
0.001481408,0.001477175,0.001486149,0.001481619,0.001478815
0.001480532,0.001468425,0.00148771,0.001482162,0.001481345
0.001483401,0.001480579,0.001489599,0.001482702,0.001482935
0.001483658,0.001478215,0.00148952,0.001483788,0.001478215
0.001479334,0.001458578,0.00148897,0.001480775,0.001477715
0.00148035,0.001460384,0.001488599,0.001482133,0.001478985
0.001483009,0.001480539,0.001488346,0.001482018,0.001488346
0.001479099,0.001458549,0.001488009,0.001480395,0.001480035
0.001483115,0.001479486,0.001489136,0.001482514,0.001489136
0.001478119,0.001465815,0.00148482,0.001480357,0.001480875
0.001479922,0.001465405,0.001487453,0.001481268,0.001485836
0.001483004,0.001480639,0.001485825,0.001482276,0.001482245
0.001478038,0.001457409,0.00148799,0.001479125,0.001479645
0.001480663,0.001462445,0.001487163,0.001483319,0.001486515
0.001483864,0.001477979,0.00148814,0.00148311,0.001482445
0.001482362,0.001476445,0.00148908,0.001481852,0.001476445
0.001481523,0.001472735,0.001487709,0.001481904,0.001476665
0.001481612,0.001477769,0.001485366,0.001481349,0.001479856
0.00147848,0.001461589,0.001484963,0.00148022,0.001481105
0.001483148,0.001479198,0.001490279,0.001482049,0.001479976
0.001481629,0.001461075,0.001489429,0.001484742,0.001485165
0.001482394,0.001473775,0.001490019,0.001482237,0.001482896
0.001480552,0.001460245,0.001489455,0.001483132,0.001489455
0.001481063,0.001465875,0.001487352,0.001481854,0.001465875
0.001477972,0.001457999,0.001486249,0.001479937,0.001474615
0.001461285,0.001455298,0.001466585,0.001459987,0.001458865
0.001480092,0.001476899,0.001484652,0.001478754,0.001480066
0.001482411,0.001478745,0.001488989,0.001480725,0.001480425
0.001481267,0.001460125,0.00148793,0.001484019,0.001487556
0.001478869,0.001457699,0.00148508,0.001480669,0.001479865
0.001484214,0.001477798,0.001490433,0.001483529,0.001479715
0.001479234,0.001464488,0.001487155,0.001480027,0.001487155
0.001479289,0.001458318,0.001487949,0.00148152,0.001482115
0.001483067,0.001461495,0.001490696,0.001485824,0.001490696
0.001481314,0.001473268,0.001488049,0.001481562,0.001482195
0.0014819,0.001476775,0.001488549,0.001481058,0.001479996
0.001479029,0.001470598,0.001484356,0.001478844,0.001477065
0.001481809,0.001478609,0.001486812,0.001481448,0.001481536
0.001482772,0.001478376,0.001489546,0.001480939,0.001479865
0.001480758,0.001476229,0.001486968,0.001479522,0.001478685
0.001480701,0.001474949,0.001485505,0.001480652,0.001477105
0.001479897,0.001473065,0.001485532,0.001480107,0.001483495
0.001484296,0.001481199,0.00149016,0.001483278,0.001485285
0.001480009,0.001461715,0.001487523,0.001481734,0.001485625
0.001481482,0.001467915,0.001489326,0.001481904,0.001489326
0.001483026,0.001480169,0.001485333,0.001483482,0.001484635
0.001478445,0.001460439,0.001487979,0.001479192,0.001477296
0.001479019,0.001458925,0.001488779,0.001479439,0.001476885
0.001482841,0.001476145,0.001487143,0.001482594,0.001480816
0.001480554,0.001475259,0.001485489,0.001480302,0.001481735
0.001480398,0.001463915,0.001488995,0.001481343,0.001488995
0.001483663,0.001476239,0.001490149,0.001484007,0.001483505
0.001484119,0.001480855,0.001486726,0.001483292,0.001480855
0.001481329,0.001473689,0.001487163,0.001481087,0.001482075
0.001483589,0.001479135,0.00149012,0.001482169,0.001480625
0.001477568,0.001455665,0.001485533,0.001478809,0.001484255
0.001482408,0.001475919,0.00148612,0.001482225,0.001482465
0.001481802,0.001477176,0.001488699,0.001480812,0.001477176
0.001481066,0.001472589,0.001485755,0.001481557,0.001479845
0.001479114,0.001471116,0.001485723,0.001479794,0.001472935
0.001480242,0.001473115,0.001485196,0.001480124,0.001478605
0.001481179,0.001478299,0.001485142,0.00148008,0.001480095
0.001483709,0.001481109,0.001488475,0.001482902,0.001488475
0.001479344,0.001456595,0.001490255,0.001480999,0.001490255
0.001480933,0.001463585,0.001489975,0.001482789,0.001489975
0.001479979,0.001459209,0.001487509,0.00148264,0.001482815
0.001483537,0.001475305,0.00148866,0.001484962,0.001484926
0.001479706,0.001459489,0.001488012,0.001480847,0.001478485
0.001482234,0.001460095,0.001492179,0.001483542,0.001483766
0.001482423,0.001476606,0.001487775,0.001482852,0.001487775
0.001480371,0.001468095,0.00148657,0.001481658,0.001482056
0.001480382,0.001459419,0.0014881,0.001481454,0.001478075
0.001477487,0.001463525,0.001485072,0.001478884,0.001471595
0.001478664,0.001459375,0.001484972,0.001480619,0.001483615
0.001480048,0.001452775,0.001489756,0.001482777,0.001489756
0.001481112,0.001472145,0.001487959,0.001480846,0.001480225
0.001479437,0.001453975,0.00148879,0.001481766,0.001479225
0.001480569,0.001476808,0.001487239,0.001478865,0.001477425
0.001483098,0.001478989,0.001488015,0.001483157,0.001488015
0.001477498,0.001457765,0.001484309,0.001479864,0.001480846
0.001478808,0.001470688,0.001484223,0.001478487,0.001476085
0.001683282,0.001434305,0.001945868,0.001672726,0.001434305
0.001691603,0.001458555,0.001943787,0.001685991,0.001458555
0.001692799,0.001455075,0.001950458,0.00168728,0.001455075
0.001678088,0.001433794,0.001929088,0.001676371,0.001433794
0.001681695,0.001451064,0.001920657,0.001681976,0.001451064
0.001677897,0.001426274,0.001941108,0.001671771,0.001426274
0.001678329,0.001428658,0.001954128,0.001666596,0.001435054
0.001670433,0.001427018,0.001918317,0.001669881,0.001436355
0.001680186,0.001449975,0.001930177,0.001674001,0.001449975
0.001675383,0.001446748,0.001911707,0.001674846,0.001454725
0.001676372,0.001449128,0.001921228,0.001672685,0.001449275
0.001673315,0.001447349,0.001910027,0.001669475,0.001450895
0.001675872,0.001448378,0.001922937,0.001667701,0.001449845
0.00166799,0.001450189,0.001909777,0.00165865,0.001450914
0.001670862,0.001447905,0.001902567,0.001668946,0.001447905
0.001667613,0.001447534,0.001900397,0.001663726,0.001447534
0.001660166,0.001450045,0.001887346,0.001651945,0.001450045
0.001668118,0.001450448,0.001897666,0.001662815,0.001452405
0.001664309,0.001448618,0.001899637,0.00165413,0.001452135
0.001660435,0.001449868,0.001893657,0.001649756,0.001450235
0.001652064,0.001427024,0.001905247,0.00163742,0.001427024
0.001661009,0.001449745,0.001883407,0.00165583,0.001449745
0.001660091,0.001447798,0.001886556,0.001652376,0.001451895
0.001662438,0.001447648,0.001891167,0.001655876,0.001449675
0.001655709,0.001447938,0.001881596,0.001647355,0.001447964
0.001649816,0.001448748,0.001887557,0.0016315,0.001450675
0.001645943,0.001451565,0.001869986,0.001631215,0.001451565
0.001651,0.001449745,0.001881807,0.001636145,0.001449745
0.001624393,0.001447919,0.001873986,0.001555174,0.001449505
0.001621537,0.001447035,0.001872417,0.001552574,0.001447035
0.001623509,0.001443818,0.001870406,0.001562081,0.001445265
0.001618965,0.001448645,0.001871716,0.001548224,0.001448645
0.001614995,0.001451688,0.001853356,0.001547954,0.001452505
0.001621806,0.001451304,0.001863986,0.001558834,0.001451304
0.00161545,0.001449204,0.001839426,0.001559115,0.001449204
0.001592811,0.001445639,0.001853136,0.001463267,0.001446235
0.00158742,0.001447225,0.001850036,0.00145648,0.001450404
0.001591385,0.001441125,0.001860096,0.001454895,0.001448895
0.001586661,0.001441785,0.001848346,0.001456485,0.001449185
0.001588191,0.001448295,0.001840416,0.001457791,0.001448295
0.001589623,0.001447285,0.001848465,0.001455446,0.001447285
0.001581567,0.001446755,0.001822766,0.001457216,0.001447925
0.001583112,0.001447345,0.001833885,0.001456207,0.001448744
0.00158286,0.001439134,0.001836296,0.001455521,0.001449075
0.001583008,0.001448955,0.001835786,0.001458776,0.001453365
0.001585304,0.001443144,0.001840225,0.00145696,0.001450914
0.001586171,0.001445765,0.001839446,0.00145517,0.001445765
0.001582782,0.001445915,0.001830376,0.001456466,0.001445915
0.001581804,0.001445409,0.001831555,0.001455975,0.001446864
0.001584031,0.001445564,0.001833226,0.001456666,0.001447185
0.001579692,0.001444145,0.001818665,0.001456436,0.001450095
0.001577347,0.001445365,0.001814285,0.001454721,0.001445365
0.001580463,0.001446128,0.001827616,0.001455121,0.001447385
0.001578349,0.001439144,0.001828935,0.001454996,0.001447024
0.001577406,0.001446295,0.001815226,0.001458826,0.001452765
0.001577978,0.001446415,0.001817615,0.001456191,0.001448775
0.001578229,0.001441815,0.001823285,0.001455546,0.001448645
0.001571007,0.001440134,0.001806305,0.001452116,0.001442405
0.001572516,0.001445725,0.001799195,0.001457191,0.001447615
0.001576708,0.001445794,0.001811425,0.001456911,0.001447924
0.001576925,0.001444264,0.001814426,0.001458371,0.001453535
0.001574897,0.001445555,0.001809965,0.001457191,0.001446685
0.001566958,0.001446479,0.001787904,0.001455866,0.001450785
0.001572385,0.001440804,0.001807505,0.001455961,0.001447185
0.001566335,0.001445814,0.001786325,0.001456905,0.001447224
0.001565199,0.001442975,0.001780085,0.001455861,0.001451705
0.001571498,0.001443105,0.001803785,0.001454861,0.001445984
0.001566835,0.001439254,0.001785054,0.001458571,0.001449145
0.001566305,0.001445755,0.001783225,0.001457036,0.001451715
0.001567983,0.001443825,0.001788425,0.001456126,0.001451965
0.001566571,0.001443454,0.001785804,0.001455356,0.001450225
0.001566496,0.001447288,0.001784465,0.001457335,0.001453255
0.001567925,0.001448915,0.001783135,0.001458576,0.001449965
0.00156347,0.001445975,0.001781554,0.001454356,0.001445975
0.001560921,0.001444915,0.001770455,0.001455346,0.001446474
0.001562103,0.001443835,0.001773734,0.001457805,0.001453735
0.001556865,0.001440755,0.001756454,0.00145438,0.001445135
0.001562163,0.001448859,0.001770094,0.001458796,0.001455295
0.001559311,0.001441615,0.001764625,0.001455891,0.001446025
0.001559337,0.001447625,0.001766584,0.0014585,0.001449174
0.00156237,0.001448415,0.001770414,0.001455686,0.001453245
0.001561082,0.001449969,0.001763425,0.00145844,0.001454295
0.00156499,0.001444564,0.001777674,0.001457036,0.001447345
0.001554714,0.001447325,0.001748984,0.00145635,0.001447325
0.001546344,0.001444455,0.001724693,0.001456845,0.001454615
0.00154962,0.001443464,0.001735944,0.001457,0.001452695
0.00154948,0.001444824,0.001737124,0.00145565,0.001448815
0.00150409,0.001442275,0.001612271,0.001456596,0.001455585
0.001494166,0.001445468,0.001582431,0.001456041,0.001455904
0.001497327,0.001442655,0.001587211,0.00145715,0.001451794
0.001492358,0.001439515,0.00157246,0.001457916,0.001455605
0.001495522,0.001442995,0.001584461,0.001456111,0.001445344
0.001494953,0.001447174,0.001582271,0.001456491,0.001447174
0.001494484,0.001442794,0.00158278,0.00145502,0.001450384
0.001495503,0.001444855,0.001582571,0.001455471,0.001450834
0.001476187,0.001448379,0.00152209,0.001458931,0.001451235
0.001450748,0.001444655,0.001456219,0.001450223,0.001447064
0.001449546,0.001441269,0.001455072,0.001450676,0.001450434
0.001449146,0.001439645,0.001455539,0.001449381,0.001449784
0.001449502,0.001444598,0.001456823,0.001447582,0.001452845
0.001453101,0.001448788,0.001461022,0.001450936,0.001448945
0.001453055,0.001446965,0.001461602,0.001452125,0.001452645
0.001452029,0.001446575,0.001460352,0.00145113,0.001446575
0.001451824,0.001447115,0.001459022,0.001450677,0.001449635
0.001449551,0.001442924,0.001455192,0.001449857,0.001446865
0.001450239,0.001444818,0.001457822,0.001449035,0.001447055
0.001449987,0.001439854,0.001458552,0.001452389,0.001445505
0.001448579,0.001439764,0.001454859,0.001448482,0.001451715
0.001449331,0.001444224,0.001457063,0.001448929,0.001444454
0.001451254,0.001445418,0.001459332,0.00144991,0.001447284
0.001448284,0.001441224,0.001454692,0.001447777,0.001451984
0.001450701,0.001444514,0.001458473,0.001450261,0.001447624
0.001450695,0.001444525,0.001455139,0.001451626,0.001444525
0.001451259,0.001445368,0.001456299,0.001451125,0.001450455
0.001452702,0.001442135,0.001460793,0.001453254,0.001450035
0.001448856,0.001441755,0.001456582,0.001447581,0.001452175
0.00145155,0.001442085,0.001459792,0.001450608,0.001455225
0.001450545,0.001440004,0.001455439,0.001450291,0.001449275
0.001451731,0.001448045,0.001456509,0.001450581,0.001448045
0.001451252,0.001446704,0.001459832,0.001449692,0.001448665
0.001453101,0.001447864,0.001458453,0.001451946,0.001450885
0.001452716,0.001443124,0.001457292,0.001454584,0.001449545
0.001445934,0.001441578,0.001452039,0.001444647,0.001441855
0.00145227,0.001448155,0.001457719,0.001450593,0.001449544
0.001449683,0.001444465,0.001456652,0.001448516,0.001445414
0.001450265,0.001445194,0.001458252,0.001447606,0.001445194
0.001450204,0.001441275,0.001458103,0.001450197,0.001448524
0.001452373,0.001445035,0.001458842,0.001451767,0.001450135
0.001449108,0.001439715,0.001456589,0.001448619,0.001455975
0.001456787,0.001450798,0.001461545,0.001457504,0.001461545
0.00145347,0.001446295,0.001459892,0.001454244,0.001451795
0.001450473,0.001443728,0.001458623,0.001448612,0.001446975
0.001449573,0.001444725,0.001458992,0.001446263,0.001444725
0.001450906,0.001442795,0.001459322,0.001451252,0.001454175
0.001452296,0.001445944,0.001458645,0.00145231,0.001458645
0.001454031,0.001449764,0.001459765,0.001452853,0.001459765
0.001452965,0.001442544,0.001458742,0.001453955,0.001454995
0.00145137,0.001445805,0.001458024,0.001451297,0.001445805
0.001452266,0.001447958,0.001459662,0.001450735,0.001454335
0.001451026,0.001445868,0.001460172,0.001448579,0.001447345
0.001452454,0.001448008,0.001459913,0.001450771,0.001449285
0.001453305,0.001448669,0.001459782,0.001450757,0.001448735
0.00144345,0.001438235,0.001448449,0.001442831,0.001439934
0.001450561,0.001444588,0.001458155,0.001448358,0.001454704
0.001452723,0.001448025,0.001458118,0.001451549,0.001451395
0.00145064,0.001444348,0.001456239,0.001449962,0.001447575
0.00144891,0.001440535,0.001459103,0.001446147,0.001446945
0.001450778,0.001445878,0.001460152,0.001448531,0.001447745
0.001450578,0.001443845,0.00145666,0.001450349,0.001456465
0.00145367,0.001446965,0.001459403,0.001454317,0.001451085
0.001451573,0.001445834,0.001456889,0.001449299,0.001448845
0.001451456,0.001445714,0.001456762,0.001449901,0.001448705
0.001453544,0.001448665,0.001456899,0.001453581,0.001448665
0.001450685,0.001446848,0.001458712,0.001448532,0.001448435
0.001448459,0.001443815,0.001454299,0.001447453,0.001445905
0.001452815,0.001445715,0.001458298,0.001453792,0.001454565
0.001451286,0.001444535,0.001457275,0.001449739,0.001448124
0.001453253,0.001445918,0.001461502,0.001453002,0.001455085
0.001451694,0.001446549,0.001457763,0.001452067,0.001446554
0.001450346,0.001445118,0.001456132,0.001449836,0.001448464
0.00145137,0.001447379,0.001459692,0.001449072,0.001448334
0.001453078,0.001448259,0.001461173,0.001451455,0.001450745
0.001429626,0.001424878,0.001435588,0.001427069,0.001426215
0.001451239,0.001445954,0.001458429,0.001449602,0.001453135
0.001453239,0.001442454,0.001461673,0.001452839,0.001450235
0.001428323,0.001423479,0.001433258,0.001427758,0.001431834
0.001453338,0.001448368,0.001456779,0.001453871,0.001449345
0.00145336,0.001450155,0.001458222,0.001452048,0.001450155
0.001452301,0.001446935,0.001458579,0.001450461,0.001448705
0.001452396,0.001446105,0.001457522,0.001452304,0.001449855
0.001455562,0.001448785,0.001463072,0.001455412,0.001448785
0.001451109,0.001441915,0.001458583,0.001451562,0.001448775
0.001453743,0.001449535,0.001458945,0.001452551,0.001458945
0.001452094,0.001447145,0.001457592,0.001452542,0.001454085
0.001449388,0.001438774,0.001457703,0.001448477,0.001446815
0.0014504,0.001443245,0.001456825,0.00144923,0.001447405
0.001452006,0.001447725,0.001459002,0.001450923,0.001449275
0.00145147,0.001443668,0.001457839,0.001451574,0.001457415
0.001453125,0.001444215,0.001462345,0.001452505,0.001449265
0.001450743,0.001447208,0.001456943,0.001450447,0.001447235
0.001429615,0.001423915,0.001436502,0.001428003,0.001425144
0.001451084,0.001445118,0.001458942,0.00145058,0.001447565
0.001450559,0.001445935,0.001457339,0.001447902,0.001447305
0.00144936,0.001438865,0.001455459,0.001448907,0.001445595
0.001451079,0.001446805,0.001456922,0.001450378,0.001453245
0.001451624,0.001444805,0.001459302,0.001450288,0.001448225
0.001450978,0.001443978,0.001459163,0.001450317,0.001452355
0.001451518,0.001445294,0.00145747,0.001450802,0.001456985
0.001455364,0.001450774,0.001460262,0.001455312,0.001451865
0.00145001,0.001445628,0.001456943,0.001447701,0.001452765
0.00145234,0.001445999,0.001458292,0.00145344,0.001453495
0.001452915,0.001443395,0.001458159,0.001452368,0.001455995
0.001453281,0.001447795,0.001458435,0.001453074,0.001449354
0.001451314,0.001443155,0.001458942,0.001451672,0.001453925
0.001452256,0.001448295,0.001457622,0.001450619,0.001456784
0.001456403,0.001450879,0.001461495,0.001457261,0.001453044
0.001452395,0.001449354,0.001458552,0.001449997,0.001449354
0.00145156,0.001442105,0.001458109,0.001450863,0.001455764
0.001451384,0.001439815,0.001458415,0.001452138,0.001449155
0.001453439,0.001448025,0.001458815,0.001451993,0.001458815
0.001454238,0.001449598,0.001459479,0.001455455,0.001450315
0.001451065,0.001444085,0.001455589,0.001452045,0.001455215
0.00143817,0.001432465,0.001445482,0.001437701,0.001432465
0.001449724,0.001443074,0.001458722,0.001448103,0.001453345
0.001453699,0.001448515,0.001459298,0.001454021,0.001448515
0.001449559,0.001440434,0.001456539,0.001448544,0.001456135
0.001455718,0.001451428,0.001459565,0.001455707,0.001455625
0.001451143,0.001445418,0.001459313,0.00144927,0.001447925
0.001451145,0.001445048,0.001457395,0.001450046,0.001446594
0.00144641,0.001441755,0.001451599,0.001445275,0.001443774
0.001440409,0.001434724,0.001446579,0.001439369,0.001434724
0.001452086,0.001443674,0.001458722,0.001453072,0.001448855
0.001451982,0.001446455,0.001458969,0.001451174,0.001447095
0.001449802,0.001444435,0.001454913,0.001449962,0.001446445
0.001449625,0.001445678,0.001456002,0.00144876,0.001449865
0.001449869,0.001443085,0.001456825,0.00145016,0.001452405
0.001451065,0.001446728,0.001456599,0.001449951,0.001449445
0.001449559,0.001437415,0.001454059,0.001451667,0.001453165
0.00145022,0.001441892,0.001456859,0.00145083,0.001450765
0.001450563,0.001444365,0.001456769,0.001449265,0.001445654
0.001453219,0.001448138,0.001458832,0.001452743,0.001448524
0.001450726,0.001445279,0.001459522,0.001448137,0.001445694
0.001453035,0.001447755,0.001459983,0.001452181,0.001454634
0.001446986,0.001439865,0.001451555,0.001447776,0.001447915
0.001452848,0.001439595,0.001458569,0.001452999,0.001452015
0.001454398,0.001449418,0.001461753,0.001453892,0.001449445
0.001450129,0.001446008,0.001455639,0.001449194,0.001447825
0.001452129,0.001447729,0.001457872,0.001450607,0.001448465
0.00144872,0.001443242,0.001455379,0.001446687,0.001455145
0.001454032,0.001448058,0.001459829,0.001454444,0.001453555
0.001451666,0.001445684,0.001458509,0.001450185,0.001446995
0.001451225,0.001443295,0.001457709,0.001450118,0.001448645
0.001432257,0.001426924,0.001439368,0.00143293,0.001434964
0.001451174,0.001438614,0.001458505,0.001452173,0.001449204
0.001453823,0.001449959,0.001459444,0.00145298,0.001459444
0.00145602,0.001451965,0.001461932,0.001456102,0.001452464
0.001450968,0.001446539,0.001456582,0.001449587,0.001447044
0.001452773,0.001448945,0.001458569,0.001451614,0.001450165
0.001451748,0.001445725,0.001456935,0.001452918,0.001455775
0.0014529,0.001449175,0.001459232,0.001451771,0.001449175
0.001451711,0.001441865,0.001457359,0.001453853,0.001448265
0.001451868,0.001443835,0.001455892,0.001452237,0.001453095
0.001450851,0.001444945,0.001457068,0.001450888,0.001446675
0.001453435,0.001444715,0.001458543,0.001453241,0.001454365
0.001438269,0.001435054,0.001443509,0.00143698,0.001441415
0.00145153,0.001441125,0.001458865,0.001451079,0.001458865
0.001455598,0.001449225,0.001460533,0.001456258,0.001452285
0.00144986,0.001445249,0.001455578,0.001448162,0.001453815
0.001450691,0.001445414,0.001458105,0.001448168,0.001446634
0.001452237,0.001448079,0.001457563,0.001450021,0.001457154
0.001454919,0.001450194,0.001461199,0.001453534,0.001458094
0.001454405,0.001450775,0.001458849,0.001453852,0.001450864
0.001449262,0.001441255,0.001455465,0.001449516,0.001455465
0.001455179,0.001450425,0.001460629,0.001455567,0.001450815
0.001448694,0.001442745,0.001454319,0.001448787,0.001451495
0.001452155,0.001445335,0.001456603,0.001452105,0.001451785
0.001450931,0.001445405,0.001456619,0.00144897,0.001448955
0.001449131,0.001444315,0.001454739,0.001447578,0.001454445
0.00145403,0.001448564,0.001460305,0.001453053,0.001460305
0.001456804,0.001447105,0.001465085,0.001457225,0.001465085
0.001454746,0.001449085,0.001460708,0.001454322,0.001456795
0.0014503,0.001444644,0.001456189,0.001449883,0.001446495
0.00144943,0.001444684,0.001455379,0.001448394,0.001445515
0.001449579,0.001445978,0.001455089,0.001448542,0.001447185
0.001449425,0.001440745,0.001457159,0.001449184,0.001454095
0.001450455,0.001441844,0.001456085,0.001451055,0.001456085
0.00145457,0.001445335,0.001460348,0.001455709,0.001457005
0.001451745,0.001447034,0.001459639,0.001450312,0.001447034
0.001447775,0.001441415,0.001453102,0.001446772,0.001450654
0.001452609,0.001447748,0.001457408,0.00145275,0.001448804
0.001450726,0.001445515,0.001455529,0.001450446,0.001447554
0.001454319,0.001446665,0.001458708,0.001455278,0.001450495
0.001451744,0.001443215,0.001459619,0.001451569,0.001455635
0.001451942,0.001449095,0.001457309,0.001450749,0.001449095
0.001451003,0.001447452,0.001455659,0.001448823,0.001448275
0.001449269,0.001437465,0.001454323,0.001449835,0.001450225
0.001450364,0.001446058,0.001455549,0.001449103,0.001455425
0.001453128,0.001448095,0.001458908,0.001451991,0.001450255
0.001449751,0.001444244,0.001455819,0.001449654,0.001455485
0.001431764,0.001426882,0.001438027,0.001430142,0.001430354
0.001453015,0.001448865,0.001458549,0.001451732,0.001450094
0.001451157,0.001439925,0.001458739,0.0014506,0.001449004
0.001452019,0.001447635,0.001456499,0.001451011,0.001454674
0.001451576,0.001443465,0.001459932,0.001451082,0.001448765
0.001449405,0.001441655,0.001456873,0.001447819,0.001446475
0.001450743,0.001446194,0.001455759,0.001451155,0.001454825
0.001452395,0.001442864,0.001458768,0.001453043,0.001455835
0.001443214,0.001437524,0.001449892,0.001440838,0.001438995
0.001452019,0.001446345,0.001459913,0.001451623,0.001447685
0.001449524,0.001444259,0.001458092,0.001447607,0.001444495
0.001450736,0.001446028,0.001456745,0.001449831,0.001446615
0.001451557,0.001443575,0.001458039,0.001450626,0.001449265
0.00145099,0.001444285,0.001457535,0.001450548,0.001457535
0.0014531,0.001449964,0.001458618,0.00145165,0.001449964
0.001448922,0.001440765,0.001454349,0.001448038,0.001453644
0.001452414,0.001445685,0.001457425,0.001451854,0.001449364
0.00142602,0.001422118,0.001430435,0.00142548,0.001422654
0.001452487,0.001444515,0.001460672,0.001452247,0.001448435
0.001449908,0.001444638,0.001455559,0.001448315,0.001455355
0.001450653,0.001442604,0.001459009,0.001450182,0.001449945
0.00145092,0.001446094,0.001457269,0.001449822,0.001452935
0.001450064,0.001444155,0.001458668,0.001449364,0.001446704
0.001450138,0.001441397,0.001456729,0.001450061,0.001450294
0.001451802,0.001446478,0.001460292,0.001449158,0.001447844
0.001451083,0.001443648,0.001456149,0.00145194,0.001455754
0.001452917,0.001444925,0.001457882,0.001453778,0.001454724
0.001450901,0.001446069,0.001458252,0.001448166,0.001447285
0.001431017,0.001425948,0.001437565,0.001431409,0.001433875
0.001452884,0.001447595,0.001458539,0.001451611,0.001451315
0.001452366,0.001446415,0.001457465,0.001452667,0.001454435
0.001451472,0.001447289,0.001458503,0.001449361,0.001449575
0.001449056,0.001441994,0.001456399,0.001448338,0.001446845
0.001449417,0.001443748,0.001457039,0.001448185,0.001445714
0.001452037,0.001444665,0.001457719,0.001452005,0.001452994
0.001449511,0.001441814,0.001457619,0.001447229,0.001446004
0.001424322,0.001420219,0.001429925,0.001424056,0.001426014
0.001446244,0.001440415,0.001453659,0.001444037,0.001440415
0.001449721,0.001444588,0.001457395,0.001447553,0.001446105
0.001451583,0.001446965,0.001457695,0.001451252,0.001457695
0.001453481,0.001449842,0.001459759,0.001452747,0.001451025
0.001450612,0.001445545,0.00145535,0.001449681,0.001447534
0.001450053,0.001443538,0.001457268,0.001448089,0.001447694
0.001449987,0.001442865,0.001455479,0.001450036,0.001455264
0.001452496,0.001445045,0.001459653,0.001451249,0.001449964
0.001449412,0.001441874,0.001457865,0.001448986,0.001446495
0.001452104,0.001446394,0.001459705,0.00145076,0.001448985
0.00145199,0.001446195,0.001459633,0.001450656,0.001455125
0.001439946,0.001430944,0.001444849,0.001440232,0.001437875
0.001449301,0.001437134,0.001456845,0.001449701,0.001451125
0.001450794,0.001440604,0.001456619,0.001450568,0.001448285
0.001450141,0.001443475,0.001457119,0.001448127,0.001443475
0.001449395,0.001444179,0.001457735,0.001448976,0.001445045
0.001451963,0.001445315,0.001459633,0.001451268,0.001449765
0.001424398,0.001419608,0.001429318,0.001424168,0.001420624
0.001451355,0.001446955,0.001456989,0.001449776,0.001448935
0.001451536,0.001446774,0.001457639,0.00145174,0.001447885
0.001454241,0.001444325,0.001460119,0.001453163,0.001452055
0.001450409,0.001445088,0.001458372,0.001447182,0.001446055
0.001450054,0.001444745,0.001455979,0.001448778,0.001447275
0.00145148,0.001447722,0.001456855,0.001449994,0.001449185
0.00145332,0.001449485,0.001459828,0.001450742,0.001449485
0.001447393,0.001442822,0.001453059,0.00144646,0.001446555
0.001430612,0.001423654,0.001436829,0.001431241,0.001431114
0.001450866,0.001444005,0.001456284,0.001450153,0.001451565
0.001449281,0.001444038,0.001457124,0.001447165,0.001445645
0.001450939,0.001446678,0.001458712,0.00144876,0.001447905
0.001449475,0.001440175,0.001456269,0.00144912,0.001448785
0.001452244,0.001446365,0.001459739,0.001452056,0.001451475
0.001455993,0.001446955,0.001461289,0.001456677,0.001456245
0.001451288,0.001447119,0.001456999,0.001450029,0.001453395
0.00145202,0.001447745,0.001456775,0.001451942,0.001456775
0.001452947,0.001449085,0.001459152,0.001450949,0.001449575
0.001448778,0.001443609,0.001459443,0.00144567,0.001445245
0.001450546,0.001443365,0.001456135,0.001450843,0.001452375
0.001451625,0.001447529,0.001458745,0.001450501,0.001448704
0.001450776,0.001446034,0.001457728,0.001450259,0.001446034
0.001451237,0.001443704,0.001459005,0.001448788,0.001448514
0.001451017,0.001446774,0.001457218,0.001450656,0.001449244
0.001450331,0.001443474,0.001456975,0.001450451,0.001447665
0.001449703,0.001442262,0.001455469,0.001449148,0.001447435
0.001453182,0.001449288,0.001460109,0.001451476,0.001449555
0.001450718,0.001444485,0.001458728,0.001449487,0.001448375
0.00144992,0.001443532,0.001454809,0.001452379,0.001444965
0.001452216,0.001447388,0.001459169,0.001451478,0.001455335
0.00145126,0.001445115,0.001458459,0.001451016,0.001449155
0.001451509,0.001445935,0.001457665,0.001450964,0.001446505
0.001453806,0.001447875,0.001461062,0.001452557,0.001450855
0.001449569,0.001444255,0.001454863,0.001449089,0.001445195
0.001449266,0.001440835,0.001456489,0.00144798,0.001452695
0.001452378,0.001447305,0.001457482,0.001451779,0.001454745
0.00145113,0.001445839,0.001457119,0.001450228,0.001449564
0.001450964,0.001445838,0.001457375,0.001449292,0.001446384
0.001451773,0.001445685,0.001455889,0.001451541,0.001449494
0.001449458,0.001443954,0.001456575,0.001448428,0.001452554
0.003478421,0.003293696,0.004745798,0.003298335,0.003297377
0.024019407,0.003370211,0.092764938,0.003499083,0.003384597
0.001517864,0.001508125,0.00152518,0.001519055,0.001524026
0.001457313,0.001454425,0.00146182,0.001456805,0.001458945
0.0014501,0.001442055,0.001456169,0.001448565,0.001447914
0.00145055,0.001439525,0.001459475,0.001449239,0.001447554
0.001451279,0.001447864,0.001456679,0.001449738,0.001447864
0.001450095,0.001440604,0.001456589,0.001449816,0.001450204
0.001448746,0.001442254,0.001455849,0.001448224,0.001455384
0.001453145,0.001446374,0.001461605,0.001450918,0.001450785
0.001452559,0.001448825,0.001459205,0.001450968,0.001455305
0.001451176,0.001444875,0.001461808,0.0014479,0.001447885
0.001451638,0.001443725,0.001459245,0.001450151,0.001450225
0.001449063,0.001438445,0.001457025,0.001448883,0.001448775
0.001449288,0.001443118,0.001457843,0.001446222,0.001444775
0.001421887,0.001417029,0.001426979,0.00142136,0.001423554
0.001450977,0.001440294,0.001458798,0.001450691,0.001452004
0.001449585,0.001444064,0.001456179,0.001448894,0.001452475
0.001450271,0.001442794,0.001456199,0.001449723,0.001455965
0.001454235,0.001445688,0.001461955,0.001452503,0.001461955
0.001455568,0.001451425,0.001461378,0.001454401,0.001453545
0.001449883,0.001441195,0.001455029,0.001450221,0.001454605
0.001452531,0.001448105,0.001458908,0.001451597,0.001456475
0.00145168,0.001447249,0.001458945,0.001450017,0.001449235
0.00145302,0.001447135,0.001457869,0.001452036,0.001449725
0.001456269,0.001446195,0.001463909,0.001455211,0.001454745
0.001450506,0.001445152,0.001456575,0.001449466,0.001447345
0.001450606,0.001445858,0.001458492,0.001448305,0.001447605
0.001450878,0.001446018,0.001459412,0.001448934,0.001447465
0.001450141,0.001445288,0.001459143,0.001447546,0.001445925
0.001451041,0.001444265,0.001458275,0.001449648,0.001447745
0.001452515,0.001447348,0.001458585,0.001452964,0.001458585
0.001455181,0.001448315,0.001462035,0.001453969,0.001462035
0.001429177,0.001423804,0.001435382,0.001429771,0.001424194
0.00145032,0.001444389,0.001457665,0.001449695,0.001447315
0.001449311,0.001444315,0.001455909,0.001447736,0.001447175
0.001441413,0.001435345,0.001447229,0.001441472,0.001437095
0.001422155,0.001415474,0.001430048,0.001422171,0.001415474
0.001447599,0.001434784,0.00145638,0.001446813,0.001451235
0.001452919,0.001448022,0.001458629,0.001452185,0.001449235
0.001450559,0.001446132,0.001456265,0.001449607,0.001456265
0.001453385,0.001449515,0.001460788,0.001452062,0.001452225
0.001451853,0.001445594,0.001456859,0.001453637,0.001456545
0.001452189,0.001445674,0.001459484,0.001451197,0.001450585
0.001452994,0.001448502,0.001457555,0.001452316,0.001454805
0.001449759,0.001441692,0.001456718,0.001449285,0.001449825
0.001449764,0.001442902,0.001458185,0.001448167,0.001447045
0.001452675,0.001447285,0.001458925,0.00145216,0.001458925
0.001451368,0.001444158,0.001460335,0.001450352,0.001454905
0.001451179,0.001443625,0.001456225,0.001451297,0.001456225
0.001453606,0.001446985,0.001460702,0.001452422,0.001451665
0.001449094,0.001444029,0.001455259,0.001447358,0.001445575
0.001448485,0.001436335,0.00145648,0.001447717,0.001456075
0.001456706,0.001450152,0.001461618,0.001457049,0.001459225
0.001451169,0.001448702,0.001455858,0.001449967,0.001448744
0.001448059,0.001443065,0.001453949,0.001447254,0.001444034
0.001448245,0.001439818,0.001454732,0.001447549,0.001444894
0.00144737,0.001439614,0.00145468,0.001447589,0.001449555
0.001450112,0.001442832,0.001455959,0.001449932,0.001455515
0.001444498,0.001437785,0.001453459,0.001443584,0.001443205
0.001455359,0.001447932,0.001460535,0.001455821,0.001451025
0.001448806,0.001444672,0.001454629,0.001446786,0.001446305
0.001421575,0.001418428,0.001425544,0.001420643,0.001425544
0.001451799,0.001445448,0.001457229,0.001452517,0.001450605
0.001450236,0.001445445,0.001459198,0.00144819,0.001448055
0.001450504,0.001441634,0.001457979,0.001449797,0.001446415
0.00145028,0.001441494,0.001457298,0.001449861,0.001451995
0.001446335,0.001440785,0.001452439,0.001444634,0.001452355
0.001453295,0.001449265,0.001459655,0.001451375,0.001459655
0.001451955,0.001446535,0.001458228,0.001451284,0.001453715
0.001448578,0.001438808,0.001455422,0.001448566,0.001445125
0.001449607,0.001439105,0.00145591,0.001449652,0.001455195
0.001453649,0.001443015,0.001460035,0.001453815,0.001460035
0.001460611,0.001457282,0.001466075,0.001460388,0.001457805
0.001452703,0.001449125,0.001458955,0.00145092,0.001449805
0.001450901,0.001445082,0.001456339,0.001449484,0.001448335
0.001447429,0.001442455,0.001452559,0.00144785,0.001443424
0.001453361,0.001447819,0.001459785,0.001452268,0.001450444
0.001452684,0.001446772,0.001456439,0.001453415,0.001455894
0.001449692,0.001443105,0.001458579,0.001448576,0.001448434
0.001451063,0.001444605,0.001457985,0.001449988,0.001447344
0.001452786,0.001449095,0.001456999,0.001452249,0.001449635
0.0014482,0.001441245,0.001455489,0.001447348,0.001441245
0.001439951,0.001436594,0.001445415,0.001438514,0.001445415
0.001451624,0.001445585,0.001458468,0.001449407,0.001449275
0.001448326,0.001443575,0.001456192,0.001445312,0.001445455
0.001450951,0.001440275,0.001457969,0.001450416,0.001449285
0.001453291,0.001448692,0.001459295,0.001453192,0.001459295
0.001454433,0.001448364,0.001460125,0.001454187,0.001460125
0.00145342,0.001448185,0.001460455,0.001452924,0.001448185
0.001450627,0.001446779,0.001459495,0.001448981,0.001447885
0.001451494,0.001444145,0.001459662,0.001449425,0.001449475
0.001449843,0.001439255,0.001457289,0.001449399,0.001451845
0.00144917,0.001443565,0.001455969,0.001448326,0.001446254
0.001450163,0.001443835,0.001456155,0.001450901,0.001452194
0.001433687,0.001428215,0.001441268,0.001432779,0.001432105
0.001451282,0.001445755,0.001457794,0.001449513,0.001447235
0.001445194,0.001439858,0.001454175,0.001442964,0.001447535
0.001452038,0.001444809,0.001458842,0.00145098,0.001452665
0.001448666,0.001441805,0.001455229,0.00144792,0.001445715
0.001450283,0.001445442,0.001456035,0.001448593,0.001454595
0.001454344,0.001449568,0.001461929,0.001452259,0.001451824
0.001450587,0.001442868,0.001461419,0.001447056,0.001448064
0.001450495,0.001446255,0.001456759,0.001449253,0.001447284
0.001452224,0.001448554,0.001460028,0.001450573,0.001448554
0.001449048,0.001437062,0.001457995,0.001449066,0.001446874
0.001452253,0.001448654,0.001457549,0.001450972,0.001448654
0.001451294,0.001444022,0.001459649,0.001451017,0.001451965
0.001451516,0.001444932,0.001458255,0.001450342,0.001451535
0.001449599,0.001438342,0.001456069,0.001448976,0.001453525
0.001448213,0.001444288,0.001454289,0.001447319,0.001444905
0.001449954,0.001443375,0.001457828,0.001448799,0.001448025
0.001449595,0.001441285,0.001457339,0.001449422,0.001446535
0.001449955,0.001445072,0.001455839,0.001449409,0.001453115
0.001455214,0.001449695,0.001461219,0.00145484,0.001460445
0.001452097,0.001445702,0.001459295,0.001450443,0.001455365
0.001452298,0.001448809,0.001458435,0.001451157,0.001458435
0.001453088,0.001448728,0.001460132,0.0014512,0.001448845
0.00144924,0.001442965,0.001456269,0.001448347,0.001448455
0.001452492,0.001447982,0.001459389,0.001451492,0.001453115
0.001449655,0.001442192,0.001456079,0.001450051,0.001446895
0.001449816,0.001442528,0.001455389,0.001450838,0.001454895
0.001454415,0.001451048,0.001459898,0.001453188,0.001451354
0.001448794,0.001439715,0.001456099,0.001448134,0.001444754
0.001448092,0.001441549,0.001454399,0.001447245,0.001444264
0.001448855,0.001441394,0.001456429,0.001448289,0.001453005
0.001451121,0.001443784,0.001457605,0.001451375,0.001457605
0.001452869,0.001446234,0.001460088,0.001451417,0.001449735
0.001451231,0.001446208,0.001457469,0.001449917,0.001457085
0.001452344,0.001444815,0.001459275,0.001452611,0.001459275
0.001454707,0.001447579,0.001459643,0.001455877,0.001455445
0.001442493,0.001437078,0.001447235,0.001442305,0.001447165
0.001453291,0.001443438,0.001461715,0.001452942,0.001453785
0.001428902,0.001422208,0.001434138,0.001429533,0.001428914
0.001451431,0.001446548,0.001457274,0.00144965,0.001457274
0.001453229,0.001447575,0.001463115,0.001451252,0.001450405
0.001450579,0.001445982,0.001458665,0.001449797,0.001447965
0.00145136,0.001446198,0.001457279,0.001450601,0.001448825
0.001450981,0.001444342,0.001456655,0.001451317,0.001453665
0.001451325,0.001446598,0.001459272,0.001448952,0.001448695
0.001446486,0.001437518,0.001453459,0.001446485,0.001442285
0.001451457,0.001446462,0.001457189,0.00145039,0.001447445
0.001454355,0.001448892,0.001459905,0.001455244,0.001456745
0.001449149,0.001440915,0.001455028,0.001447909,0.001448885
0.001448328,0.001442058,0.001456519,0.001445559,0.001444875
0.001449411,0.001442574,0.001455919,0.001448554,0.001446365
0.001438062,0.001433862,0.001446968,0.001435643,0.001433894
0.001450267,0.001445674,0.001456628,0.001448085,0.001447134
0.001450613,0.001444802,0.001456749,0.001449932,0.001449825
0.001454215,0.001450798,0.001458949,0.001453506,0.001450855
0.001450524,0.001445305,0.001458155,0.001449606,0.001445305
0.001430621,0.001425248,0.001436414,0.001430319,0.001428735
0.001452577,0.001445999,0.001460465,0.001451236,0.001457035
0.001449984,0.001439405,0.001456619,0.00144922,0.001452795
0.001450905,0.001446475,0.00145619,0.001450228,0.001456045
0.001453065,0.001448572,0.001460099,0.001452082,0.001450664
0.001449673,0.001442405,0.001459058,0.001447071,0.001455405
0.001451506,0.001446225,0.001456775,0.001452091,0.001452144
0.001451011,0.001446109,0.001458642,0.001449093,0.001454674
0.001451995,0.001445515,0.001456969,0.001451208,0.001448604
0.001451081,0.001446408,0.001459469,0.001450366,0.001449864
0.001451677,0.001447895,0.001457575,0.001450529,0.001449255
0.001459426,0.001453198,0.001464535,0.001460027,0.001455205
0.001451716,0.001447252,0.001456809,0.001449886,0.001448585
0.001449846,0.001436014,0.001455789,0.001450999,0.001446535
0.001448775,0.001440264,0.001456549,0.001447108,0.001453265
0.001452524,0.001448429,0.001458309,0.001451871,0.001450415
0.00145113,0.001444924,0.001459568,0.001449137,0.001448965
0.001448608,0.001441372,0.001457085,0.001446279,0.001445175
0.00145002,0.001442015,0.001456418,0.001448035,0.001447225
0.00145115,0.001444512,0.001457399,0.001450293,0.001447715
0.001450405,0.001443975,0.001456765,0.001449945,0.001456765
0.001454242,0.001451338,0.001459075,0.001453152,0.001459075
0.001451463,0.001442279,0.001458798,0.001451026,0.001452065
0.001447664,0.001442535,0.001452769,0.001446597,0.001450155
0.001452854,0.001447548,0.001457929,0.001453049,0.001448214
0.001449256,0.001445378,0.001455733,0.001446357,0.001445624
0.001449517,0.001441465,0.001455239,0.001449299,0.001446054
0.001451331,0.001447138,0.001455819,0.001450578,0.001448614
0.001450348,0.001444985,0.001457009,0.001450079,0.001450245
0.001449486,0.001442984,0.001455579,0.001448887,0.001452735
0.00142676,0.001421375,0.001430888,0.001427719,0.001421375
0.001448633,0.001440528,0.001455898,0.001449047,0.001449575
0.001450554,0.001445345,0.001458045,0.001447656,0.001446024
0.001452471,0.001447405,0.001458395,0.001450882,0.001458395
0.001452864,0.001444465,0.001460442,0.001451755,0.001451144
0.001449916,0.001444348,0.001455599,0.0014506,0.001446964
0.001451479,0.001446792,0.001457205,0.001449559,0.001448464
0.001428605,0.001424005,0.001435235,0.001427527,0.001424185
0.001452023,0.001448225,0.001457984,0.001450938,0.001448855
0.00145163,0.001446445,0.001459145,0.001449978,0.001448545
0.001451692,0.001445745,0.001457509,0.001451327,0.001448225
0.001448658,0.001437495,0.001455499,0.001448775,0.001451465
0.001449023,0.001442448,0.001456845,0.001446414,0.001445004
0.001450561,0.001443638,0.001458585,0.001449352,0.001448524
0.001446731,0.001440775,0.001452199,0.001446535,0.001442514
0.001440234,0.001434475,0.001445909,0.00143926,0.001445534
0.001453654,0.001446702,0.001459888,0.001453115,0.001456805
0.001451011,0.001445172,0.001459479,0.001450087,0.001449055
0.001451298,0.001445328,0.001456299,0.001450742,0.001455175
0.001451353,0.001446789,0.001457805,0.001449651,0.001448565
0.001452192,0.001446888,0.001456085,0.001453034,0.001456085
0.001452298,0.001445674,0.001459759,0.00145179,0.001453045
0.001454691,0.001450178,0.001461279,0.001453714,0.001452815
0.001448614,0.001442245,0.001455984,0.001446828,0.001445225
0.001450785,0.001447443,0.001458498,0.0014483,0.001447695
0.001448614,0.001440542,0.001454519,0.00144845,0.001448495
0.001451481,0.001447284,0.001456588,0.0014498,0.001447284
0.001450368,0.001445255,0.001455569,0.001449523,0.001453875
0.001451816,0.001445525,0.001459479,0.001450313,0.001457494
0.001451097,0.001445765,0.001458315,0.001450083,0.001447804
0.001450678,0.001443188,0.001456324,0.001450099,0.001456324
0.001451571,0.001445438,0.001458922,0.001449307,0.001448855
0.001451265,0.001445668,0.001458735,0.001450187,0.001450985
0.001453441,0.001446115,0.001460505,0.001452465,0.001460505
0.001452371,0.001443105,0.001459565,0.001451972,0.001459565
0.001451312,0.001440632,0.001459128,0.001451207,0.001448995
0.001452205,0.001445155,0.001460579,0.00145079,0.001452435
0.001450259,0.001443965,0.001457202,0.001448661,0.001446175
0.001450733,0.001446459,0.001456509,0.001448764,0.001453975
0.001451359,0.001443482,0.001460114,0.001451032,0.001449395
0.001452253,0.001448038,0.001459144,0.001450905,0.001452565
0.001450273,0.001441438,0.001458735,0.001449027,0.001447995
0.001450943,0.001447368,0.001456339,0.001449898,0.001451315
0.001450325,0.001444648,0.001457345,0.00145005,0.001450135
0.001450808,0.001447295,0.001456325,0.001448816,0.001456325
0.001454791,0.001451728,0.001460615,0.00145351,0.001460615
0.001452641,0.001445042,0.001460115,0.001452915,0.001454165
0.001431357,0.001425704,0.001437105,0.001431753,0.001425704
0.001453757,0.001446832,0.001460009,0.001453297,0.001449635
0.001451323,0.001442632,0.001459458,0.001450675,0.001449775
0.001451108,0.001445764,0.001458785,0.001449247,0.001447615
0.00145145,0.001447859,0.001458359,0.001450783,0.001452255
0.001448851,0.001443834,0.001455839,0.001447071,0.001447235
0.001450981,0.001446758,0.001457198,0.001448861,0.001447665
0.00145059,0.001445528,0.001456169,0.001448315,0.001447035
0.001451575,0.001441085,0.00145842,0.001450876,0.001458135
0.001454158,0.001448355,0.001458615,0.001453542,0.001458615
0.001453205,0.001449322,0.001459298,0.001451547,0.001455955
0.001448805,0.001445085,0.001456375,0.001447678,0.001445085
0.001452798,0.001448095,0.001458449,0.001452148,0.001448095
0.001453358,0.001446822,0.001462098,0.001452168,0.001450885
0.001449859,0.001440118,0.001455319,0.001450711,0.001454675
0.00145249,0.001449282,0.001459668,0.001450896,0.001451524
0.001450519,0.001442435,0.001456899,0.00145021,0.001446204
0.00145137,0.001443634,0.00145723,0.001451276,0.001456804
0.00145184,0.001447245,0.001459222,0.001449854,0.001450004
0.00144992,0.001443259,0.001455989,0.001449663,0.001447344
0.001451617,0.001447435,0.001457245,0.001450013,0.001457245
0.001443075,0.001435962,0.001450339,0.001441352,0.001448555
0.001429617,0.001423842,0.001437658,0.001428896,0.001425725
0.001451799,0.001442072,0.001460519,0.001450801,0.001460265
0.001453658,0.001450508,0.001460825,0.001451893,0.001450705
0.001453739,0.001448114,0.001460612,0.001452817,0.001448114
0.001449605,0.001445822,0.001455589,0.001448677,0.001445824
0.001453154,0.001448318,0.001458505,0.001453802,0.001458505
0.001452572,0.001447848,0.001459085,0.001451415,0.001459085
0.001453998,0.001449442,0.001458618,0.001454494,0.001455464
0.00145286,0.001446908,0.001460355,0.001452171,0.001453324
0.00145335,0.001449085,0.001457215,0.001452804,0.001450964
0.00142337,0.001418125,0.001428169,0.001423775,0.001418125
0.001451336,0.001445519,0.001456275,0.001451962,0.001449765
0.001451389,0.001447118,0.001460063,0.001449402,0.001448335
0.001450773,0.001441499,0.001458109,0.001450686,0.001446424
0.001449508,0.001441452,0.001456948,0.001448043,0.001455955
0.001453559,0.001445053,0.001461515,0.001454347,0.001458175
0.001440886,0.001435788,0.001449082,0.001439358,0.001437434
0.001449658,0.001440798,0.001457069,0.001448235,0.001445935
0.001448441,0.001443008,0.001454559,0.001447744,0.001454355
0.001451304,0.001444508,0.001458898,0.001450467,0.001449395
0.001436014,0.001431532,0.001442778,0.001433832,0.001432165
0.001450996,0.001443898,0.001459444,0.001450467,0.001452795
0.001453103,0.001448045,0.001457108,0.001453709,0.001456455
0.001451691,0.001448035,0.001457965,0.001449363,0.001457965
0.001451779,0.001448265,0.001458409,0.001450723,0.001448265
0.001447541,0.001441082,0.00145478,0.001446362,0.001444604
0.001450783,0.001445808,0.001458545,0.00144999,0.001447914
0.001450456,0.001443882,0.001456739,0.001450025,0.001447234
0.001444938,0.001437932,0.001452729,0.001443962,0.001440874
0.001449866,0.001446665,0.001456698,0.00144812,0.001446665
0.001450598,0.001447268,0.001455969,0.001450306,0.001450535
0.001451424,0.001445949,0.001459355,0.001450962,0.001449005
0.001450374,0.001441628,0.001459472,0.001449644,0.001452145
0.001448919,0.001440528,0.001456645,0.001448628,0.001450305
0.001451711,0.001446764,0.001457299,0.001449987,0.001449435
0.00142983,0.001425012,0.001434669,0.001429584,0.001430684
0.001450776,0.001440542,0.001456719,0.001450784,0.001456054
0.001453339,0.001448892,0.001459139,0.001452387,0.001449344
0.001449739,0.001445814,0.001455459,0.001448468,0.001446724
0.00145173,0.001447198,0.001457369,0.001450251,0.001449545
0.001450851,0.001444235,0.001457048,0.001448873,0.001446945
0.001450184,0.001447062,0.001456609,0.00144893,0.001448315
0.001452741,0.001446832,0.001459385,0.001451358,0.001456505
0.001453917,0.001449588,0.001459995,0.001453101,0.001450495
0.001451601,0.001445542,0.001457459,0.001449495,0.001448665
0.00145075,0.001446365,0.001456369,0.001450842,0.001446815
0.001449873,0.001445299,0.001456339,0.001448435,0.001447855
0.001448941,0.001440828,0.001456092,0.001447924,0.001445495
0.001451479,0.001448558,0.001457859,0.001449898,0.001448765
0.001429336,0.001423712,0.001433414,0.001430503,0.001433414
0.00145242,0.001447083,0.001459035,0.001450922,0.001459035
0.001452895,0.001445188,0.001460845,0.001451441,0.001450635
0.001451206,0.001441828,0.001458825,0.00145164,0.001452785
0.001450756,0.001445175,0.001458838,0.001449072,0.001447965
0.001452294,0.001447535,0.001459089,0.001451487,0.001453015
0.0014518,0.001443175,0.001458345,0.001453018,0.001458345
0.001455715,0.001451739,0.001461145,0.001454701,0.001461145
0.001430593,0.001425804,0.001435448,0.001430605,0.001431115
0.00144931,0.001445284,0.001455809,0.001447392,0.001449005
0.001452425,0.001446202,0.001459154,0.001451368,0.001449434
0.001428456,0.001423624,0.001432772,0.001429377,0.001423764
0.00143656,0.001429985,0.001443519,0.001435612,0.001431715
0.001450633,0.001444625,0.001457769,0.001450034,0.001453065
0.001452208,0.001448905,0.001456869,0.001450829,0.001448915
0.001450218,0.001445539,0.001457775,0.001448115,0.001452765
0.001452572,0.001447065,0.001460795,0.001451102,0.001450445
0.001448233,0.001438898,0.001455805,0.001449063,0.001452125
0.001451269,0.001447858,0.001459688,0.001449141,0.001448344
0.001451793,0.001446645,0.001458624,0.001450569,0.001448074
0.00145343,0.001449105,0.001458999,0.001452913,0.001449694
0.001450534,0.001444152,0.001456424,0.001449209,0.001456424
0.001454191,0.001448352,0.001461325,0.001452382,0.001451805
0.001450285,0.001440578,0.001458113,0.001450062,0.001447805
0.001449015,0.001443488,0.001455129,0.001447698,0.001445765
0.001449198,0.001442585,0.001455318,0.001447353,0.001442585
0.001449497,0.001445128,0.001455699,0.001447778,0.001446095
0.001451251,0.001440598,0.001459385,0.001451778,0.001448365
0.001450277,0.001443679,0.001458268,0.001447587,0.001446985
0.001448703,0.001441352,0.001455019,0.001447988,0.001454415
0.001451677,0.001445518,0.001457802,0.001450794,0.001457345
0.001433825,0.001429269,0.001440425,0.001433213,0.001436924
0.001451901,0.001446864,0.001457329,0.001450236,0.001446864
0.001430261,0.001423812,0.001437818,0.001429277,0.001425835
0.001448897,0.001435102,0.001458448,0.001448042,0.001448095
0.001449634,0.001441924,0.001457285,0.001449103,0.001445465
0.001450744,0.001442152,0.001457598,0.00144901,0.001446455
0.001450679,0.001445228,0.00145781,0.001448033,0.001446965
0.001447629,0.001442478,0.001455405,0.001446004,0.001444884
0.001451386,0.001446775,0.001457888,0.001450308,0.001447624
0.001451729,0.001446172,0.001458919,0.001449572,0.001448754
0.001456226,0.001448192,0.001462945,0.001454986,0.001454734
0.0014522,0.001446688,0.001458455,0.001450865,0.001458455
0.0014522,0.001442912,0.001459609,0.001452155,0.001452504
0.001451095,0.001444498,0.001458565,0.001450599,0.001454654
0.00144996,0.001442985,0.001456774,0.001449854,0.001450324
0.001452193,0.001448362,0.001458795,0.001451458,0.001449875
0.001450893,0.001446909,0.001457339,0.001448323,0.001447505
0.001451279,0.001445723,0.001457889,0.001449988,0.001457435
0.001453318,0.001449959,0.001461199,0.00145091,0.001450295
0.001449199,0.001442095,0.00145586,0.001449596,0.001448945
0.001452379,0.001447678,0.001459755,0.001450216,0.001449635
0.001451726,0.001447148,0.001457125,0.001449977,0.001457125
0.00145384,0.001450725,0.001458628,0.001453807,0.001451075
0.001448089,0.001443362,0.001455318,0.001445539,0.001444605
0.001450903,0.001443752,0.001459055,0.001451523,0.001452675
0.001450638,0.001442475,0.001456149,0.001450627,0.001447445
0.001450361,0.001445225,0.001459378,0.001449112,0.001445775
0.001449814,0.001443948,0.001455689,0.001449142,0.001455535
0.001453883,0.001448485,0.001459415,0.001454119,0.001459415
0.00145394,0.001451028,0.001460669,0.001452065,0.001451935
0.001449901,0.001444384,0.001456799,0.001447731,0.001446634
0.001450494,0.001444878,0.001458655,0.001448448,0.001446974
0.00144984,0.001443192,0.001457834,0.001448564,0.001447574
0.001451596,0.001443758,0.001456804,0.001450821,0.001456804
0.001431734,0.001427145,0.001437819,0.001430258,0.001427145
0.001449633,0.001443495,0.001456609,0.001449176,0.001443495
0.001451898,0.001445344,0.001458735,0.001451724,0.001449535
0.001452354,0.001445768,0.001459985,0.001451485,0.001449855
0.00145403,0.001450329,0.001461115,0.001452198,0.001456805
0.001453619,0.001447695,0.001460265,0.001452945,0.001455705
0.001453645,0.001448109,0.001462393,0.001452655,0.001454655
0.001450113,0.001443388,0.001456039,0.001449655,0.001447855
0.001451255,0.001447695,0.001455538,0.001449911,0.001448105
0.001452361,0.001447912,0.001458425,0.001451935,0.001453625
0.001452189,0.001445882,0.001457459,0.001452092,0.001453335
0.001433369,0.001428272,0.001438504,0.001432323,0.001438504
0.001454045,0.001448539,0.001461278,0.001452621,0.001450925
0.001449952,0.001446329,0.001456839,0.001448067,0.001446415
0.001450848,0.001447059,0.001457805,0.001449022,0.001448135
0.00145178,0.001447155,0.001458029,0.001450735,0.001449725
0.001452094,0.001445203,0.001458335,0.001450641,0.001450005
0.001449138,0.001444935,0.001456415,0.001446892,0.001456415
0.00145534,0.001447778,0.001462535,0.001455855,0.001458025
0.001446636,0.001437191,0.001453735,0.001445812,0.001453735
0.00145169,0.001446024,0.001459895,0.001449238,0.001448385
0.00145111,0.001445808,0.001458635,0.001449467,0.001448855
0.001450478,0.001442682,0.001455639,0.001448837,0.001448465
0.001430191,0.001425512,0.001435449,0.001429569,0.001435034
0.001457503,0.001451272,0.001464438,0.001457017,0.001461085
0.001449488,0.001445268,0.001453849,0.001449013,0.001446575
0.001449308,0.001444549,0.001457655,0.001447957,0.001445785
0.001450894,0.001443458,0.001459598,0.001449136,0.001448075
0.001446056,0.001436415,0.001454265,0.001445816,0.001443165
0.001450505,0.001445198,0.001457555,0.001448307,0.001457555
0.001451985,0.001445305,0.001459682,0.001451167,0.001452985
0.001450178,0.001443185,0.001457269,0.001447912,0.001447015
0.001453443,0.001445975,0.001460875,0.001452054,0.001460875
0.001452814,0.001446258,0.001459928,0.001451932,0.001456805
0.001450579,0.001443503,0.001457299,0.001448269,0.001447385
0.001430037,0.001424407,0.001434604,0.00143029,0.001434604
0.001448071,0.001444252,0.001454245,0.001446972,0.001454245
0.001451955,0.001441602,0.001460269,0.001452186,0.001452525
0.001452325,0.001443582,0.001459905,0.001451393,0.001453325
0.001450884,0.001447205,0.001456649,0.001448765,0.001447205
0.001450275,0.001441112,0.001456699,0.001449176,0.001446415
0.001451233,0.001444959,0.001457155,0.001451233,0.001457155
0.001452331,0.001444618,0.001458822,0.001452864,0.001456265
0.001450005,0.001445745,0.001456358,0.001449064,0.001449525
0.001448609,0.001442602,0.001456129,0.001446712,0.001445015
0.001433815,0.001424562,0.001440959,0.001434981,0.001440574
0.001452971,0.001447182,0.001460008,0.001452528,0.001449314
0.001448359,0.001441794,0.001454869,0.001446476,0.001454594
0.001452119,0.001446442,0.001459704,0.001451321,0.001450245
0.001452551,0.001447754,0.001460978,0.001451292,0.001452435
0.001450885,0.001446198,0.001456989,0.001450647,0.001456645
0.001451328,0.001440062,0.001462025,0.001451059,0.001454145
0.001448303,0.001440915,0.001455105,0.001449041,0.001453065
0.00143203,0.001428749,0.001437365,0.001431309,0.001431865
0.001427748,0.001421988,0.001433295,0.001427138,0.001425794
0.001426267,0.001420231,0.001432468,0.001427305,0.001427405
0.001450309,0.001444375,0.00145626,0.001451777,0.001451345
0.001450534,0.001444335,0.001456372,0.001450817,0.001453665
0.001451434,0.001447459,0.001458188,0.001450575,0.001452474
0.001452053,0.001445948,0.001458415,0.001450489,0.001454724
0.001451345,0.001445269,0.001460105,0.001450406,0.001449874
0.001450485,0.001440028,0.001459272,0.001448375,0.001448175
0.001442375,0.001436825,0.001447369,0.001442281,0.001436825
0.001450855,0.001444975,0.001457315,0.001450282,0.001450905
0.001451066,0.001443942,0.001457559,0.001449327,0.001447665
0.001451529,0.001445964,0.001456745,0.001450722,0.001456745
0.001454093,0.001450535,0.001461548,0.00145241,0.001451155
0.001448816,0.001442412,0.001455699,0.001447898,0.001445545
0.001455699,0.001449874,0.001460658,0.001456529,0.001456335
0.001451118,0.001447175,0.001457189,0.001449069,0.001447575
0.001450924,0.001446992,0.001456885,0.00145005,0.001449405
0.001451708,0.001445042,0.001457309,0.001450547,0.001449155
0.00145065,0.001445405,0.001457389,0.001449977,0.001446254
0.001449312,0.001439725,0.001457355,0.001447968,0.001446984
0.001452655,0.001446145,0.001459595,0.001453235,0.001448714
0.001450096,0.001446249,0.001456208,0.001448357,0.001446384
0.00144952,0.001443285,0.001456379,0.001448034,0.001446444
0.001449654,0.001444892,0.001458165,0.001447477,0.001446525
0.001450449,0.001445672,0.001459808,0.00144826,0.001447415
0.001445381,0.001437388,0.001452409,0.001444677,0.001452175
0.001440611,0.001435592,0.001447708,0.001439232,0.001437805
0.001449101,0.001444175,0.001458269,0.001447351,0.001444515
0.001450275,0.001442922,0.001456975,0.001451139,0.001453585
0.00145214,0.001445173,0.001458975,0.00145156,0.001458975
0.001451919,0.001445252,0.001459279,0.00145089,0.001449585
0.001449316,0.001441022,0.001457789,0.001448777,0.001447475
0.001450844,0.001439892,0.00145829,0.001451085,0.001450895
0.00145202,0.001446562,0.001458755,0.001451319,0.001447434
0.001431916,0.001426682,0.001437188,0.001431951,0.001427564
0.001450566,0.001446242,0.001456615,0.001449618,0.001448365
0.001451476,0.001439298,0.001458105,0.00145289,0.001458105
0.001452938,0.001446909,0.001458825,0.001453596,0.001458825
0.00145188,0.001446124,0.001459508,0.001450441,0.001446155
0.001449758,0.001441184,0.001455609,0.001449675,0.001455035
0.001454277,0.001448865,0.001459058,0.001454268,0.001457005
0.001449988,0.001443095,0.001455769,0.001449173,0.001446415
0.0014526,0.001444645,0.001460755,0.00145191,0.001453315
0.001452406,0.001447495,0.001460365,0.001451445,0.001447495
0.001451182,0.001448529,0.001458548,0.001449491,0.001448815
0.001449765,0.001433455,0.001456408,0.001451048,0.001456085
0.001453325,0.001449048,0.001459959,0.001451347,0.001450245
0.001449663,0.001444765,0.00145658,0.001446607,0.001446194
0.001450076,0.001444109,0.001457039,0.001449354,0.001445724
0.001449414,0.001441322,0.001456899,0.001447597,0.001446814
0.001450381,0.001443014,0.001457842,0.001450659,0.001444824
0.001450737,0.001445879,0.001456709,0.001448309,0.001447115
0.001451871,0.001444844,0.001459158,0.001452281,0.001446645
0.001452165,0.001445992,0.001459985,0.001451749,0.001454225
0.001452878,0.001446638,0.001460912,0.001451212,0.001449155
0.001447723,0.001441045,0.001456035,0.001447224,0.001442805
0.00144967,0.001444492,0.001456389,0.001448181,0.001453175
0.001450279,0.001443565,0.00145595,0.001450582,0.001452595
0.001449561,0.001443582,0.001456858,0.00144682,0.001445715
0.001452607,0.001442605,0.001461149,0.001451322,0.001450655
0.001450381,0.001444092,0.001458825,0.001448359,0.001447375
0.001450454,0.001443342,0.001459065,0.001450257,0.001445385
0.001451109,0.001446179,0.001459655,0.00145011,0.001446925
0.001452809,0.001445518,0.001459045,0.001452752,0.001449985
0.001449854,0.001443885,0.001458163,0.001448171,0.001447284
0.001449625,0.001442088,0.001455415,0.00145013,0.001446074
0.001452251,0.001447189,0.001459095,0.001451201,0.001451644
0.001450594,0.001444408,0.001457009,0.001448651,0.001447604
0.001451414,0.001446015,0.001461588,0.001449522,0.001448134
0.001448969,0.001440288,0.001456095,0.001448881,0.001452455
0.001452698,0.001446355,0.001457645,0.001453861,0.001457645
0.001453193,0.001448478,0.001457442,0.001454268,0.001455195
0.001452565,0.001446562,0.001461509,0.001451388,0.001454975
0.001445913,0.001436118,0.001453619,0.001444637,0.001452425
0.001452859,0.001441022,0.001460938,0.001453662,0.001455175
0.001449871,0.001443505,0.001457415,0.001449196,0.001447995
0.001451899,0.001447105,0.001457129,0.001451265,0.001447105
0.001448463,0.001441102,0.001454889,0.001448758,0.001454825
0.001453103,0.001445682,0.001460419,0.001452042,0.001451215
0.001429852,0.001423444,0.001436029,0.001429968,0.001423444
0.001453717,0.001449025,0.001461498,0.001452017,0.001456274
0.001451313,0.001439162,0.001458254,0.001451062,0.001458254
0.001438085,0.001434248,0.001444465,0.001436362,0.001444465
0.001454905,0.001449902,0.001463165,0.001452984,0.001459415
0.001449963,0.001441048,0.001455699,0.001450278,0.001454745
0.00145187,0.001448464,0.001459599,0.001449867,0.001449845
0.001451294,0.001443042,0.001458434,0.001451088,0.001447785
0.00145271,0.001445318,0.001461858,0.001451146,0.001449895
0.001451304,0.001443273,0.001457829,0.001451982,0.001446575
0.001448815,0.001444245,0.001453609,0.001447496,0.001446655
0.001450356,0.001440879,0.001456305,0.001451208,0.001444475
0.001452797,0.001448028,0.001457185,0.001452224,0.001449905
0.001452642,0.001448052,0.001458535,0.001452072,0.001451015
0.001453905,0.001450559,0.001459525,0.001452816,0.001459525
0.001455039,0.001441145,0.001460645,0.001456869,0.001460645
0.001452354,0.001442692,0.001459658,0.001451927,0.001454295
0.001449793,0.001445048,0.00145556,0.001447967,0.001453494
0.001452089,0.001447788,0.001457945,0.001451177,0.001448394
0.00145106,0.001446658,0.001458268,0.001448222,0.001448314
0.001451377,0.001445222,0.001458949,0.001450502,0.001447695
0.001456019,0.001448978,0.001462159,0.00145786,0.001459395
0.001448056,0.001439502,0.001455119,0.00144764,0.001448525
0.00145135,0.001447013,0.001459559,0.001450411,0.001447165
0.001451423,0.001446665,0.001456629,0.001451101,0.001456445
0.001453033,0.001447918,0.001459689,0.001451645,0.001452535
0.001449873,0.001443733,0.00145616,0.001448722,0.001453695
0.001451952,0.001447245,0.001457959,0.001449712,0.001448845
0.001450093,0.001444525,0.001456349,0.001448711,0.001455765
0.00145241,0.001443302,0.001458775,0.001453109,0.001458775
0.00145184,0.001445815,0.001459188,0.001450557,0.001456605
0.00145108,0.001447712,0.001458015,0.001449732,0.001449145
0.001451,0.001445455,0.001459635,0.001449453,0.001446115
0.001449348,0.001442382,0.001458055,0.001449179,0.001443665
0.001452483,0.001446275,0.001459135,0.001452215,0.001447535
0.001450375,0.001441878,0.001459745,0.001449128,0.001452795
0.001451605,0.001447779,0.001457405,0.0014506,0.001457405
0.00143548,0.001429288,0.001440238,0.001436534,0.001430174
0.001449796,0.001442149,0.001458124,0.001449879,0.001446425
0.001453181,0.001449278,0.001459305,0.001452116,0.001450835
0.001451092,0.001445982,0.001457705,0.001450696,0.001446485
0.001450546,0.001439458,0.001456658,0.001450509,0.001449075
0.001450548,0.001443032,0.001456915,0.001450237,0.001456915
0.001453898,0.001448122,0.001460689,0.001452507,0.001451085
0.001448929,0.001445155,0.001455439,0.001447378,0.001445925
0.001446613,0.001442248,0.001451815,0.001444949,0.001444465
0.001452335,0.001447738,0.001459125,0.001449784,0.001459125
0.001452588,0.001447613,0.001458018,0.00145203,0.001454935
0.001433294,0.001426245,0.001440955,0.001433093,0.001427004
0.001453454,0.001445098,0.001461835,0.001453106,0.001457235
0.00145356,0.001444622,0.001461559,0.001453667,0.001449165
0.001448599,0.001440539,0.001456939,0.001446932,0.001445335
0.001450511,0.001444698,0.001457944,0.001449792,0.001447095
0.001449644,0.001445745,0.001455853,0.001447387,0.001446935
0.001450751,0.001445012,0.001455549,0.001449712,0.001455545
0.001453371,0.001447352,0.001458308,0.001453092,0.001456265
0.00145042,0.001441365,0.001458875,0.001450406,0.001451525
0.001451601,0.001446185,0.001457015,0.00145072,0.001457015
0.001454927,0.001450105,0.001461729,0.001454607,0.001451525
0.001453448,0.001448543,0.001459555,0.001453022,0.001456695
0.00145139,0.001446449,0.001457659,0.001450326,0.001449185
0.001452,0.001447132,0.001459128,0.001449492,0.001449075
0.001448631,0.001442845,0.001455819,0.001447668,0.001445734
0.001451335,0.001445605,0.001458815,0.001450581,0.001450774
0.001449686,0.001444032,0.001459249,0.001446904,0.001447844
0.001449146,0.001441884,0.001455312,0.001450228,0.001444034
0.001450022,0.001446288,0.001457355,0.001448032,0.001447034
0.001453978,0.001448438,0.001460449,0.001454035,0.001449005
0.001449102,0.001442775,0.001458818,0.001445501,0.001444405
0.00145222,0.001445895,0.001460649,0.001450589,0.001458585
0.00145353,0.001448959,0.001460865,0.00145322,0.001456425
0.001451008,0.001439555,0.001460408,0.001451139,0.001452185
0.001449736,0.001444512,0.001458689,0.001448181,0.001446535
0.001449469,0.001443889,0.001455763,0.001448124,0.001452615
0.00145043,0.001444658,0.001457208,0.00144991,0.001451105
0.00145011,0.001444492,0.001457099,0.001449692,0.001450425
0.001452544,0.001443985,0.001458409,0.001453622,0.001455015
0.001434761,0.001428354,0.001442275,0.001433908,0.001429744
0.001450459,0.001443815,0.001456989,0.001449518,0.001444734
0.001451129,0.001445812,0.001457935,0.001450052,0.001447854
0.001451215,0.001443333,0.001458425,0.001449714,0.001449934
0.001451629,0.001444365,0.001456319,0.001451681,0.001448515
0.001449104,0.001439502,0.001457249,0.001448077,0.001446555
0.001451906,0.001447362,0.001458085,0.001451376,0.001458085
0.001452779,0.001442162,0.001460509,0.001453512,0.001453805
0.001450733,0.001445565,0.001458079,0.001449217,0.001446235
0.001450554,0.001443545,0.001455779,0.001448972,0.001443545
0.001449643,0.001445598,0.001455685,0.001448722,0.001448945
0.001445425,0.001435972,0.001451619,0.001444346,0.001442955
0.001449606,0.001439962,0.001457918,0.001448122,0.001445225
0.00145116,0.001444892,0.001458328,0.001450072,0.001448045
0.001452881,0.001447875,0.001459095,0.001452273,0.001459095
0.001454044,0.001450045,0.001461362,0.001452162,0.001450875
0.001448613,0.001436249,0.001456149,0.001448804,0.001446804
0.001451275,0.001448113,0.001456545,0.001450698,0.001456545
0.001453831,0.001450295,0.001460328,0.001452106,0.001451134
0.00144955,0.001442532,0.001457639,0.001448056,0.001446244
0.001451036,0.001445845,0.001457939,0.001450213,0.001452464
0.001451722,0.001446258,0.001457764,0.001450631,0.001457764
0.001453335,0.001446988,0.001459695,0.001452447,0.001459695
0.001453415,0.001445915,0.001461578,0.001451907,0.001450515
0.001451722,0.001443705,0.001460639,0.001450622,0.001453915
0.001451298,0.001445339,0.001458769,0.001450375,0.001448775
0.001451183,0.001446192,0.001459358,0.001448466,0.001447315
0.00145121,0.001440042,0.00145848,0.001451934,0.001457805
0.001453586,0.001449829,0.001460288,0.001452504,0.001451675
0.00144912,0.001443245,0.001457359,0.001447608,0.001444485
0.001449115,0.001443439,0.001456518,0.001448099,0.001444635
0.00144832,0.001441778,0.001455293,0.001448017,0.001443865
0.001447655,0.001442399,0.00145498,0.001444751,0.001443965
0.00145324,0.001444955,0.001460939,0.001452187,0.001452965
0.001451135,0.001445483,0.001458235,0.001450901,0.001446605
0.001450774,0.001445282,0.001456559,0.001449518,0.001447765
0.001450359,0.001445705,0.001456039,0.001449089,0.001455825
0.001451579,0.001446685,0.001459895,0.001449321,0.001449295
0.001451484,0.001447928,0.001459459,0.001449882,0.001448815
0.001448981,0.001443855,0.001456639,0.001447166,0.001445624
0.00145496,0.001448132,0.001462398,0.001455426,0.001450154
0.001450678,0.001439942,0.00145725,0.001450242,0.001456895
0.00143783,0.001431938,0.001443684,0.001437998,0.001443684
0.00145278,0.001444899,0.001461805,0.001452632,0.001450765
0.001451251,0.001446968,0.001456965,0.001449732,0.001448345
0.001451259,0.001446188,0.001458669,0.001449647,0.001449015
0.001451108,0.001446532,0.001459609,0.001449683,0.001448325
0.001451224,0.001446889,0.001456479,0.00145051,0.001449535
0.001451101,0.001445962,0.001459405,0.001449613,0.001448595
0.001452441,0.001445068,0.001459802,0.001451967,0.001447915
0.001450425,0.001443488,0.001457055,0.00145052,0.001449925
0.001451946,0.001448695,0.001456609,0.00145146,0.001448695
0.001788623,0.001486085,0.002003394,0.00188384,0.001486085
0.001787834,0.001500656,0.002006045,0.00185393,0.001500656
0.001776495,0.001470965,0.002020844,0.00185585,0.001470965
0.001782185,0.001500576,0.001992674,0.001861205,0.001500576
0.001768879,0.001487236,0.001980974,0.001861185,0.001487236
0.001770951,0.001481385,0.001978623,0.00187024,0.001481385
0.001766181,0.001483055,0.001995434,0.001849565,0.001483055
0.001786559,0.001492505,0.001993214,0.001862076,0.001492505
0.00177199,0.001482775,0.001990454,0.00185398,0.001482775
0.001775202,0.001489365,0.001970954,0.0018597,0.001489365
0.00176901,0.001477765,0.001985934,0.00186751,0.001477765
0.001769039,0.001486125,0.001984064,0.001847905,0.001486125
0.001761394,0.001496715,0.001985124,0.001840505,0.001496715
0.001758001,0.001486355,0.001968544,0.001845685,0.001486355
0.001754836,0.001475225,0.001972984,0.001839714,0.001475225
0.001751909,0.001478515,0.001959154,0.001856125,0.001478515
0.001783104,0.001653029,0.001920463,0.001788744,0.001653029
0.001765545,0.001485766,0.001962703,0.001796919,0.001485766
0.00174781,0.001485345,0.001971464,0.001809355,0.001485345
0.001744339,0.001477936,0.001961964,0.001815635,0.001477936
0.001709577,0.001483125,0.001959063,0.001689698,0.001483125
0.001709205,0.001480726,0.001963553,0.001656901,0.001480726
0.001695786,0.001483945,0.001952514,0.001632167,0.001483945
0.001695595,0.001475666,0.001950403,0.001651967,0.001475666
0.001692435,0.001472285,0.001939024,0.001645532,0.001472285
0.001690974,0.001478355,0.001941953,0.001642612,0.001478355
0.001694405,0.001479065,0.001936243,0.001653952,0.001479065
0.001639439,0.001466055,0.001909823,0.001505861,0.001466055
0.001642328,0.001466308,0.001930663,0.001507966,0.001470295
0.001647245,0.001470029,0.001942393,0.001508451,0.001473705
0.001642533,0.001465299,0.001917782,0.001508786,0.001482185
0.001668701,0.00150626,0.001973599,0.001525552,0.001514386
0.001639096,0.001465476,0.001920723,0.001504181,0.001465476
0.001645258,0.001466369,0.001933554,0.001507346,0.001473726
0.001643025,0.001465678,0.001934933,0.001502926,0.001479716
0.001639333,0.001465779,0.001918853,0.001502666,0.001477176
0.001636314,0.001470609,0.001915283,0.001502731,0.001476665
0.001638146,0.001472929,0.001916373,0.001507251,0.001472945
0.001638442,0.001470589,0.001913722,0.001506116,0.001484685
0.001636135,0.00146856,0.001911903,0.001503681,0.001473586
0.001636826,0.001469809,0.001915083,0.001504316,0.001477325
0.001628148,0.001466945,0.001898713,0.001501081,0.001466945
0.00162315,0.001465189,0.001882282,0.001499706,0.001472055
0.001633029,0.001465328,0.001905203,0.001507577,0.001478606
0.001626774,0.001465288,0.001899582,0.001501466,0.001474075
0.001600955,0.001465588,0.001869903,0.001502066,0.001466965
0.001601955,0.001474089,0.001873482,0.001503256,0.001480106
0.001606835,0.001463378,0.001896282,0.001501801,0.001478816
0.001605372,0.001467348,0.001881153,0.001507707,0.001484595
0.00158697,0.001439239,0.001900732,0.001460291,0.001441425
0.001597854,0.001462389,0.001863932,0.001503906,0.001479495
0.001594593,0.001465849,0.001869042,0.001499701,0.001480046
0.00157838,0.001462769,0.001865832,0.001490548,0.001478996
0.001574082,0.001464948,0.001854022,0.001491982,0.001481345
0.001581809,0.001465885,0.001881013,0.001491087,0.001482495
0.00158238,0.001464469,0.001885002,0.001489997,0.001478045
0.001572796,0.001463175,0.001845892,0.001491279,0.001478675
0.001579307,0.001465288,0.001876962,0.001486969,0.001473005
0.001574184,0.001463154,0.001858792,0.001487887,0.001477865
0.001580205,0.001465835,0.001873532,0.001491757,0.001482025
0.001577151,0.001469405,0.001865092,0.001487857,0.001469405
0.001574375,0.001462725,0.001861602,0.001488194,0.001467515
0.001578984,0.001467775,0.001864552,0.00149042,0.001479916
0.001571291,0.001464945,0.001847522,0.001489107,0.001477666
0.00157432,0.001465029,0.001846801,0.001491687,0.001471335
0.001572914,0.001466165,0.001853162,0.001486777,0.001477936
0.001568034,0.001463705,0.001833792,0.001489089,0.001465725
0.001568404,0.001462445,0.001841421,0.001486818,0.001476876
0.001573395,0.001463505,0.001855182,0.001486927,0.001473995
0.001571642,0.001464025,0.001859322,0.001481659,0.001465105
0.001563828,0.001466095,0.001825332,0.001481757,0.001470036
0.001566187,0.00147209,0.001814551,0.001489594,0.001475715
0.001558893,0.001460535,0.001807331,0.001486134,0.001466045
0.001564131,0.001466048,0.001818081,0.001487857,0.001478545
0.00152525,0.001465588,0.001657818,0.001490379,0.001473225
0.001528165,0.001468055,0.001668958,0.001488342,0.001479135
0.00152194,0.001465358,0.001650399,0.001485245,0.001476355
0.001522491,0.001466749,0.001659038,0.001484018,0.001470055
0.001520709,0.001465805,0.001659879,0.001481032,0.001477495
0.001525532,0.001468305,0.001671298,0.001482519,0.001469576
0.001520364,0.001463135,0.001659419,0.001480139,0.001470965
0.001515881,0.001469479,0.001620178,0.001486998,0.001483296
0.001473293,0.001465219,0.001479875,0.001475327,0.001479875
0.001478917,0.001474325,0.001482899,0.00147897,0.001479666
0.001474488,0.001466899,0.001480682,0.001474889,0.001479015
0.001475413,0.001467499,0.001481999,0.001476752,0.001477455
0.001480144,0.001475155,0.00148532,0.001480239,0.001483805
0.001476059,0.001473089,0.001480943,0.001475059,0.001479165
0.001474111,0.001467525,0.001480976,0.001474558,0.001480976
0.001475044,0.001462939,0.00148079,0.001476302,0.001474135
0.001478011,0.001470369,0.001483869,0.001478377,0.001479495
0.001471674,0.00146158,0.001480039,0.001471455,0.001474216
0.001474517,0.001466469,0.001482799,0.001474744,0.001472955
0.00147376,0.001462659,0.001479755,0.001474782,0.001479755
0.001475191,0.001469735,0.001479823,0.001475262,0.001473956
0.001475912,0.001471665,0.001481965,0.001474713,0.001472755
0.001475106,0.001460669,0.001481309,0.001476683,0.001472735
0.001475269,0.001471219,0.001481989,0.001474112,0.001472216
0.001476436,0.001464765,0.001481955,0.001477598,0.001481955
0.001478279,0.001473666,0.001483749,0.001478052,0.001477345
0.001475393,0.001471165,0.001480719,0.001474644,0.001478645
0.001476497,0.00146871,0.001485229,0.00147786,0.001477385
0.001474597,0.001463499,0.001482756,0.001475247,0.001482756
0.00147413,0.001469595,0.001477949,0.001474092,0.001474215
0.001473848,0.00146572,0.001480703,0.001473832,0.001478785
0.001477057,0.001470935,0.00148078,0.001477481,0.001477406
0.001474324,0.001471005,0.001478913,0.001474419,0.001476835
0.001476039,0.00146319,0.001483089,0.001477607,0.001481155
0.001475938,0.001466369,0.001482916,0.001476716,0.001482916
0.001474518,0.001467769,0.001481338,0.001474691,0.001475525
0.001474153,0.001462079,0.001481339,0.001476667,0.001470115
0.001474976,0.001468375,0.001484199,0.001475057,0.001475696
0.001477088,0.001470775,0.001481959,0.001478417,0.001481585
0.001478429,0.001473835,0.001482579,0.001478849,0.001478265
0.001472882,0.00146839,0.001478353,0.001471557,0.001477285
0.001476992,0.001461859,0.001485225,0.001479042,0.001478185
0.001474648,0.001463169,0.001480929,0.001476922,0.001479706
0.001477183,0.00146598,0.001485195,0.001478382,0.001485195
0.001474682,0.001465559,0.00148068,0.001476042,0.001477935
0.001474754,0.001463549,0.001481679,0.001474677,0.001472176
0.001478587,0.001472885,0.001481425,0.001479496,0.001481425
0.001475734,0.001458959,0.001482329,0.001478613,0.001481105
0.001476678,0.001473029,0.00148315,0.001475748,0.001474726
0.001476111,0.001470655,0.001482479,0.001476205,0.001470655
0.001477167,0.001472005,0.001481148,0.001477325,0.001474315
0.001474573,0.001463455,0.001481415,0.001475642,0.001481415
0.001475221,0.001465189,0.001481019,0.001475167,0.001480905
0.001476532,0.001471,0.001479565,0.001477407,0.001478985
0.001481047,0.00147403,0.001486145,0.001480532,0.001482765
0.001478859,0.001472775,0.001484329,0.001477968,0.001476205
0.001479554,0.001477559,0.001483986,0.001479207,0.001479256
0.001472966,0.001465029,0.001480435,0.001471653,0.001480435
0.001473605,0.001459919,0.001481019,0.00147565,0.001476125
0.001440514,0.001434049,0.001450245,0.001438589,0.001437615
0.001474938,0.001467489,0.001480463,0.001475993,0.001472495
0.00147364,0.001469369,0.001479053,0.001473328,0.001470215
0.001474117,0.001465439,0.001480852,0.001473247,0.001469285
0.001477536,0.001466835,0.001484179,0.001479199,0.001472546
0.001473673,0.00146021,0.001483179,0.001474068,0.001469685
0.001476949,0.001472585,0.001484069,0.001476524,0.001472585
0.001474586,0.001465149,0.00147975,0.001476492,0.001477796
0.001477262,0.001473665,0.001480559,0.001478061,0.001473665
0.001474917,0.00146283,0.001483428,0.001475672,0.001471755
0.001479131,0.001472839,0.00148408,0.001479296,0.001475385
0.001473635,0.001464879,0.001479893,0.001472782,0.001471645
0.001476309,0.001471685,0.001480668,0.001476464,0.001473315
0.001477173,0.001472255,0.001481699,0.001477879,0.001473315
0.001476759,0.001470539,0.001482305,0.0014771,0.001482305
0.001474042,0.001454289,0.001482109,0.001475817,0.001475185
0.001477344,0.00147055,0.001484519,0.001477645,0.001476365
0.001476288,0.001466619,0.001482925,0.001476958,0.001474415
0.001473059,0.001465989,0.001481509,0.001471856,0.001479446
0.001476059,0.001466065,0.001481559,0.001477402,0.001471855
0.001475899,0.001464519,0.001481065,0.001477193,0.001481065
0.001477568,0.001462829,0.00148276,0.001479599,0.001478115
0.001481008,0.001472669,0.00148717,0.001481762,0.001480755
0.001474042,0.001466889,0.001480203,0.001473677,0.001469155
0.001475793,0.001467369,0.001481212,0.001477337,0.001474275
0.001473823,0.001466269,0.001478558,0.001473757,0.001472255
0.001475678,0.001470879,0.001479419,0.001475551,0.001475406
0.001479042,0.001469375,0.001484935,0.001480161,0.001484935
0.001476377,0.001470375,0.001480142,0.001476265,0.001475195
0.001475088,0.001465659,0.001482183,0.001476423,0.001480396
0.001475646,0.001468438,0.00147879,0.001476371,0.001476275
0.001474798,0.001468645,0.001479052,0.001474512,0.001468645
0.001478431,0.001469269,0.001486906,0.001479919,0.001486906
0.00147588,0.001463659,0.001482665,0.001476802,0.001476495
0.001472698,0.001464239,0.001480669,0.001471965,0.001472545
0.001475644,0.001461759,0.00148288,0.001477003,0.001480925
0.001480053,0.001477235,0.001485076,0.00147938,0.001477375
0.001473944,0.001459969,0.001480143,0.001476292,0.001469455
0.001475808,0.001470085,0.001481085,0.001475724,0.001481085
0.001478235,0.001474939,0.00148097,0.00147795,0.001475615
0.001476389,0.001468459,0.001481866,0.001476492,0.001472566
0.001474067,0.001466429,0.001480935,0.001473947,0.001472675
0.001473925,0.00146477,0.001480182,0.00147464,0.001474595
0.001483156,0.001475829,0.001489385,0.001483759,0.001485366
0.00147422,0.001466069,0.001479483,0.001476107,0.001469735
0.001478806,0.001474965,0.001482509,0.001478207,0.001474965
0.001476057,0.001470459,0.001480105,0.001476851,0.001478955
0.001475674,0.001472129,0.001479429,0.001475803,0.001472155
0.001476542,0.001470809,0.001481266,0.001476487,0.001481266
0.001477042,0.001469995,0.001482319,0.001477785,0.001478005
0.001475373,0.001467809,0.001482495,0.001475369,0.001482495
0.001474499,0.001464059,0.001483036,0.001475972,0.001483036
0.001474945,0.001471005,0.001478949,0.001474499,0.001473315
0.001475738,0.00146992,0.001480982,0.001475513,0.001472195
0.001475905,0.001468939,0.001480293,0.001476857,0.001476936
0.001478837,0.001471589,0.001485605,0.001479362,0.001485605
0.001478526,0.00147341,0.001484235,0.001477694,0.001476185
0.001475937,0.001469709,0.001481145,0.001476117,0.001472185
0.001473964,0.001461869,0.001479583,0.001474666,0.001472155
0.001474284,0.001460399,0.001481546,0.001476059,0.001473045
0.001475964,0.001470695,0.001481059,0.001476075,0.001477115
0.001477696,0.001467779,0.001483656,0.001478413,0.001476475
0.001471483,0.001457439,0.001480546,0.001474582,0.001480546
0.001475496,0.001462169,0.00148079,0.001476692,0.001474805
0.001475784,0.001471899,0.001480949,0.001474941,0.001475815
0.001474936,0.001463899,0.001481359,0.001476337,0.001476586
0.001478442,0.001466299,0.00148373,0.001479061,0.001483545
0.001473732,0.001462299,0.001479352,0.001474733,0.001478425
0.001475869,0.001467429,0.001479969,0.001476076,0.001475826
0.001482267,0.001476579,0.001489439,0.001482554,0.001476695
0.001475859,0.001466649,0.001483455,0.001475232,0.001474975
0.00147571,0.001472465,0.001479432,0.001475864,0.001472465
0.001473664,0.0014597,0.001479595,0.001474499,0.001470345
0.001476551,0.001471569,0.001482126,0.00147545,0.001475365
0.001476594,0.001472669,0.001482156,0.001475857,0.001473885
0.001475002,0.001467869,0.001481075,0.001475669,0.001481075
0.001476217,0.001470119,0.001483995,0.001475286,0.001475755
0.00147279,0.001460699,0.001479642,0.00147403,0.001472365
0.001476834,0.001472595,0.001480343,0.001476997,0.001472595
0.001472208,0.001462129,0.001480126,0.001474649,0.001480126
0.001476819,0.001471269,0.001481546,0.001477077,0.001476685
0.001473,0.001466615,0.001478722,0.001473902,0.001478325
0.001478028,0.00147445,0.001482768,0.001477301,0.001479366
0.001476691,0.001470329,0.001482845,0.001476104,0.001473715
0.001475028,0.001466689,0.001480495,0.001475862,0.001480495
0.001473783,0.00146469,0.001479079,0.001475,0.001478116
0.001476953,0.001467075,0.001483185,0.001477967,0.001483185
0.001476154,0.001468719,0.001482685,0.00147548,0.001475695
0.001473097,0.001465089,0.001479082,0.001473437,0.001477796
0.001474542,0.001467319,0.001480319,0.001475837,0.001477405
0.00147809,0.001475289,0.001483935,0.001477654,0.001475345
0.00147664,0.001472655,0.001481222,0.001476662,0.001477386
0.001475512,0.001471265,0.001480089,0.001475372,0.001473735
0.001476484,0.001466795,0.001482039,0.001477532,0.001476695
0.001476091,0.001467919,0.001481325,0.001477229,0.001471426
0.001475334,0.001467829,0.001481075,0.001475315,0.001481075
0.001524706,0.00151594,0.001532056,0.001523857,0.001532056
0.001483661,0.001476879,0.001487485,0.001483618,0.001482416
0.001476113,0.00146414,0.001483485,0.001477372,0.001475355
0.001475268,0.001465789,0.001479723,0.001476592,0.001476775
0.001477104,0.001468429,0.00148341,0.001476805,0.001476756
0.001478234,0.001474706,0.001481465,0.00147836,0.001475635
0.001476343,0.001469009,0.001482123,0.001476619,0.001479505
0.001476867,0.001464099,0.001485156,0.001478342,0.001475625
0.001474639,0.001461789,0.001479592,0.001475875,0.001475805
0.001476726,0.001469979,0.001482816,0.001477012,0.001482816
0.001476813,0.001468219,0.001484835,0.001475972,0.001476445
0.001475972,0.001468205,0.001480713,0.001476357,0.001478615
0.001477455,0.00147156,0.001482415,0.001477863,0.001476756
0.001474198,0.001464149,0.001481956,0.001474735,0.001478005
0.001477882,0.001469685,0.001483655,0.001479009,0.001474825
0.001477066,0.001470176,0.001483566,0.001477392,0.001470176
0.001474014,0.001464319,0.001478152,0.001474904,0.001474135
0.001475193,0.001464459,0.001482829,0.001474668,0.001477955
0.001476188,0.00146905,0.001480908,0.001476743,0.001474335
0.001476898,0.001472265,0.001480848,0.001476452,0.001474345
0.001474736,0.001465319,0.001481646,0.001476029,0.001481646
0.001474807,0.001465219,0.001483315,0.001474304,0.001479915
0.001473523,0.001458299,0.001481136,0.001474517,0.001474655
0.001474785,0.001464569,0.001482619,0.001475502,0.001475205
0.001477539,0.001473605,0.001482536,0.001477431,0.001477635
0.001473796,0.001466169,0.001481385,0.001474046,0.001473675
0.001472871,0.001468729,0.001479506,0.001471632,0.001469645
0.001472793,0.001463019,0.001480959,0.00147356,0.001471125
0.001472084,0.001465109,0.001479566,0.001471781,0.001471565
0.001474982,0.001462029,0.001480209,0.001475467,0.001473435
0.001473526,0.001467865,0.001478173,0.001473794,0.001470875
0.001476541,0.001466759,0.00148211,0.001477487,0.001476915
0.001471194,0.001460499,0.001478042,0.001472616,0.001468095
0.001471838,0.001463619,0.001477613,0.001471375,0.001471365
0.001476388,0.001464339,0.001481945,0.00147759,0.001481945
0.001473507,0.001460529,0.001480239,0.001473997,0.001471675
0.001474673,0.001466209,0.001481515,0.00147472,0.001481515
0.001475135,0.001465609,0.001480309,0.001475712,0.001474135
0.001474377,0.001466179,0.001479965,0.001475408,0.001473505
0.001475123,0.001465549,0.001480172,0.001476227,0.001476015
0.001477769,0.001463539,0.001485635,0.001479307,0.001477545
0.001474801,0.00146612,0.001483676,0.001474322,0.001474035
0.001473182,0.001462889,0.001479152,0.001473474,0.001471035
0.001471697,0.001463349,0.001478288,0.00147241,0.001475955
0.00147588,0.001471965,0.001478043,0.001476714,0.001472745
0.001474473,0.001470055,0.00147957,0.001473372,0.001473535
0.001477598,0.00147147,0.001482666,0.001477857,0.001477565
0.001476977,0.001470725,0.001484393,0.001476237,0.001473565
0.001475284,0.001466129,0.001480823,0.001476131,0.001475705
0.00147414,0.001469085,0.001478782,0.001473865,0.001472545
0.001475038,0.001469486,0.001480579,0.001475083,0.001474306
0.001475104,0.001465029,0.001483185,0.001474862,0.001476025
0.001476412,0.00147277,0.001480712,0.001475994,0.001474415
0.001475773,0.001471916,0.001479179,0.001475836,0.001471916
0.001475613,0.001467879,0.001484036,0.001475139,0.001474705
0.001476049,0.00147125,0.001483275,0.001475607,0.001475555
0.001475613,0.001464639,0.001481272,0.001476013,0.001475186
0.001473299,0.001464299,0.001477705,0.001473268,0.001472135
0.001474014,0.00146113,0.001478853,0.001475862,0.001477295
0.001476793,0.001474516,0.001480649,0.001476544,0.001474516
0.001474682,0.001464039,0.001480975,0.001475874,0.001471805
0.001476831,0.001473319,0.001484656,0.001475532,0.001475475
0.001472613,0.001457169,0.001479132,0.001473602,0.001473035
0.001475164,0.001463549,0.001482049,0.001474997,0.001472135
0.001475335,0.001473095,0.001478595,0.001474842,0.001473095
0.00147305,0.001462429,0.001479372,0.001474362,0.001475555
0.001477773,0.001472305,0.00148247,0.001478467,0.001478395
0.001475212,0.001465109,0.001480986,0.001475202,0.001473415
0.001475336,0.00146543,0.001482135,0.001475812,0.001475215
0.001475777,0.001463459,0.001482586,0.001476472,0.001474885
0.001474045,0.001464259,0.001478383,0.001475484,0.001473545
0.001476561,0.001471496,0.001482629,0.001476809,0.001477765
0.001475474,0.001467705,0.00148119,0.001475569,0.001480145
0.001474622,0.001471755,0.001478362,0.001473298,0.001471755
0.001477634,0.001472569,0.001483733,0.001476761,0.001477825
0.001475736,0.001464839,0.001482775,0.001476295,0.001477965
0.001474243,0.001465739,0.001480586,0.001474104,0.001477146
0.001474922,0.001467409,0.001480879,0.001474877,0.001476605
0.001476912,0.001471099,0.001482776,0.001476982,0.001472775
0.001474903,0.001469369,0.001479195,0.001474472,0.001473445
0.001476374,0.001473509,0.001479886,0.001475864,0.001474025
0.001474756,0.001469259,0.001483535,0.001472922,0.001473195
0.001474355,0.001467925,0.001479072,0.001475027,0.001471365
0.0014775,0.00146958,0.001483345,0.001477907,0.001475685
0.001474045,0.001468125,0.001480468,0.00147277,0.001468125
0.001475678,0.001471749,0.001479508,0.00147602,0.001473476
0.001475116,0.00146569,0.001480549,0.00147542,0.001474865
0.001475491,0.001465159,0.001483925,0.001475055,0.001483925
0.001475265,0.001466099,0.001480483,0.001475283,0.001475976
0.001473703,0.00146476,0.001480362,0.001473267,0.001470605
0.001477052,0.001473235,0.001482155,0.001476849,0.001473695
0.001475268,0.001469509,0.001483526,0.001474313,0.001473606
0.001474178,0.001464279,0.001479703,0.001474857,0.001472335
0.001477806,0.001474926,0.001481725,0.001477961,0.001475595
0.001475447,0.001471255,0.001479603,0.001474617,0.001474466
0.001473672,0.001467209,0.001482416,0.001473177,0.001471965
0.001473424,0.00146505,0.001479172,0.001472347,0.001470565
0.001474723,0.001467739,0.001479486,0.00147483,0.001479486
0.001474502,0.001467069,0.001478449,0.001474832,0.001476135
0.001475838,0.001471025,0.001480032,0.001475779,0.001472595
0.001476979,0.001475288,0.001479715,0.001476256,0.001475576
0.001478264,0.001473299,0.001482559,0.00147832,0.001476925
0.001476011,0.001469709,0.001483489,0.001476362,0.001475695
0.001475141,0.001464279,0.001480405,0.001477439,0.001480405
0.001474973,0.001466019,0.001479975,0.001475622,0.001479975
0.001477629,0.00147467,0.001482799,0.001476605,0.001476535
0.001474864,0.001465999,0.001481266,0.001477049,0.001477965
0.001471602,0.001464889,0.001480975,0.00147114,0.001472425
0.001474652,0.001463049,0.00148059,0.001478182,0.001479765
0.00147355,0.001468399,0.001478812,0.001473103,0.001471355
0.001473308,0.001465909,0.001479816,0.001473712,0.001472955
0.001477679,0.001471675,0.001482935,0.001477942,0.001477375
0.001476169,0.001471809,0.001482905,0.001475254,0.001477755
0.001475215,0.001468809,0.001479545,0.001476547,0.001479545
0.001475313,0.001467425,0.001481113,0.001476027,0.001479815
0.001473404,0.001463789,0.001480053,0.001474929,0.001478675
0.001476629,0.001466659,0.001480089,0.001477692,0.001475395
0.001473161,0.001463855,0.001478908,0.001474178,0.001463855
0.001475017,0.001469599,0.001478915,0.001475252,0.001473245
0.001470308,0.001457309,0.001479532,0.001472362,0.001473205
0.001433866,0.001430465,0.001440488,0.001432237,0.001430465
0.001475489,0.001467389,0.001482366,0.001475562,0.001471435
0.001476157,0.001473075,0.001481785,0.001474332,0.001475245
0.001475507,0.001468169,0.001479556,0.001476172,0.001473246
0.001471383,0.001460289,0.00147687,0.00147199,0.001472615
0.00147522,0.001468289,0.001480383,0.001474774,0.001474235
0.001474084,0.001467229,0.001481105,0.001474297,0.001473736
0.001475133,0.001470155,0.001482576,0.001474352,0.001474635
0.001475458,0.001471449,0.001478823,0.001474805,0.001475185
0.001475449,0.001468529,0.001480545,0.001476377,0.001469095
0.001473494,0.001464399,0.001478812,0.001473832,0.001471895
0.001475138,0.001471189,0.001478205,0.001474867,0.001474295
0.001474709,0.001466689,0.001479573,0.001474727,0.001474916
0.001477496,0.0014728,0.00148208,0.001477747,0.001478125
0.001474817,0.001467769,0.001479523,0.001474744,0.001477745
0.001476578,0.001469785,0.001484635,0.001476677,0.001477736
0.001474773,0.00146928,0.001480079,0.001473897,0.001471645
0.001474258,0.001467415,0.001478842,0.001474499,0.001467415
0.001474729,0.001468938,0.00147863,0.001474476,0.001473986
0.001473885,0.001465059,0.001482168,0.001473112,0.001471785
0.001475555,0.001472365,0.001480359,0.001474359,0.001473825
0.001475846,0.001471755,0.001479603,0.001475989,0.001472546
0.001477461,0.001472849,0.001484285,0.001477079,0.001473375
0.001475411,0.001462199,0.001480296,0.001476158,0.001474755
0.001470779,0.001459049,0.001478485,0.001472008,0.001468996
0.001475401,0.001468905,0.00147919,0.001476517,0.001473975
0.001474679,0.001471635,0.001477942,0.001474029,0.001477865
0.001474861,0.001460619,0.001481589,0.001475983,0.001473746
0.001474788,0.001466008,0.001481789,0.00147474,0.001474275
0.001476027,0.001469525,0.001481858,0.001476213,0.001469525
0.001475864,0.00146622,0.001479805,0.001475917,0.001474336
0.001475473,0.00147004,0.001480425,0.001475415,0.001475005
0.001472499,0.001461229,0.001479055,0.001472477,0.001472895
0.001473309,0.001468509,0.001477935,0.001472368,0.001472116
0.0014739,0.001461579,0.001478853,0.00147464,0.001474775
0.001475834,0.001470415,0.001480953,0.001474277,0.001473855
0.001476926,0.001475255,0.001481516,0.001475808,0.001475776
0.001472533,0.001466309,0.001477613,0.001473557,0.001466795
0.001476033,0.001472985,0.001478925,0.001476217,0.001472985
0.001475865,0.001473698,0.001480086,0.001475435,0.001480086
0.001476191,0.001472559,0.001479125,0.00147532,0.001479125
0.001474693,0.001464755,0.001479833,0.001474964,0.001477985
0.001473823,0.001461609,0.001481606,0.001473947,0.001472775
0.001473648,0.001469049,0.001478683,0.001473769,0.001472155
0.001476487,0.001470945,0.001480468,0.00147751,0.001470945
0.001476497,0.001470739,0.00148409,0.001475997,0.001475235
0.001475842,0.001471749,0.001479472,0.001476355,0.001472525
0.001472175,0.001463679,0.001476463,0.001472271,0.001475655
0.001475428,0.00147197,0.001480539,0.001474031,0.001474065
0.001476321,0.001471809,0.001481838,0.001476712,0.001474145
0.001476493,0.001470545,0.001480819,0.001476209,0.001474885
0.001475066,0.001466529,0.00148281,0.00147634,0.001476395
0.001470696,0.001458119,0.001477332,0.001471577,0.001475625
0.001474613,0.001467065,0.001481085,0.001473859,0.001477905
0.001472555,0.001464419,0.001477153,0.001474025,0.001473325
0.001433287,0.001427649,0.001438212,0.001432214,0.001432624
0.001471604,0.001458169,0.001478772,0.001473347,0.001472815
0.001478793,0.001467898,0.001484776,0.001479933,0.001480686
0.001471273,0.001466639,0.001476503,0.001470197,0.001469715
0.001474792,0.001466079,0.001480415,0.001475072,0.001479385
0.001473729,0.00146336,0.001478459,0.001474957,0.001469406
0.001475628,0.00147298,0.001480175,0.001474842,0.001474045
0.00147531,0.001468345,0.001480236,0.001475748,0.001479365
0.001474374,0.001464558,0.001480575,0.001476092,0.001473476
0.001476751,0.001463279,0.001483368,0.00147686,0.001476945
0.001476504,0.001472615,0.001482769,0.00147638,0.001475015
0.001476066,0.001473096,0.001480799,0.001474552,0.001474125
0.001476238,0.001471429,0.001483095,0.001476377,0.001483095
0.001474873,0.001466179,0.001480369,0.001475077,0.001478785
0.001474493,0.00146242,0.001480315,0.001475748,0.001475015
0.0014743,0.001468349,0.001480799,0.001474467,0.001478015
0.001476285,0.001473415,0.001481999,0.001475017,0.001474965
0.001475202,0.001469495,0.001481158,0.001475483,0.001474955
0.001475035,0.00146822,0.001483145,0.001475072,0.001475235
0.001474664,0.001472265,0.001478543,0.001473897,0.001474175
0.001474489,0.001464749,0.001481919,0.001475185,0.001475695
0.001476452,0.001472075,0.001482469,0.001476325,0.001473915
0.001475293,0.001470109,0.001478856,0.001475504,0.001472295
0.001475088,0.001468425,0.001479025,0.001475002,0.001479025
0.001472312,0.00146418,0.001478669,0.001471947,0.001470105
0.001476625,0.001472995,0.001480409,0.001476517,0.001477565
0.001475858,0.001468259,0.001481049,0.001477377,0.001469385
0.001480718,0.00147263,0.001488159,0.001479885,0.001477645
0.001474483,0.001469279,0.00147987,0.001473102,0.001472635
0.001475405,0.001463178,0.001482165,0.001476441,0.001476815
0.001474264,0.001470675,0.001478803,0.001473377,0.001470675
0.00274968,0.002475465,0.004640509,0.002479832,0.002478133
0.081523914,0.026519674,0.098457868,0.084098801,0.083111628
0.001482252,0.00146942,0.001493823,0.001482234,0.001488496
0.001476213,0.001472759,0.001481215,0.001474745,0.001474395
0.001472182,0.001466769,0.001476183,0.001473032,0.001473975
0.001475739,0.00146845,0.001479739,0.001476417,0.001474595
0.001474193,0.001466749,0.001480059,0.001474247,0.001473055
0.001473542,0.001469335,0.001478948,0.001472222,0.001472045
0.001475257,0.001468835,0.001479956,0.001476959,0.001479956
0.001474894,0.001461769,0.001481969,0.001476412,0.001477175
0.001476684,0.001467919,0.001482235,0.001477077,0.001482235
0.001477732,0.00147138,0.001483019,0.001478353,0.001475816
0.001474755,0.001469129,0.001478575,0.00147558,0.001478575
0.001476259,0.001465919,0.001482765,0.001476165,0.001482765
0.001474314,0.001471129,0.001478399,0.001474122,0.001475186
0.001473305,0.001464469,0.001481249,0.001474452,0.001474205
0.001476698,0.001471509,0.001481129,0.001476457,0.001474865
0.001473357,0.001468315,0.001478605,0.001472914,0.001473086
0.001473244,0.001467825,0.001478889,0.001473302,0.001467825
0.001479144,0.001477205,0.001484669,0.001478227,0.001477415
0.001474551,0.001466679,0.00147986,0.001475222,0.001479556
0.001473469,0.001469695,0.001476792,0.001473733,0.001472655
0.001474458,0.001470209,0.001480092,0.001473552,0.001471655
0.001474351,0.001469558,0.00147891,0.001473603,0.001474426
0.001473378,0.001468039,0.001478322,0.001473404,0.001474035
0.001476978,0.001474789,0.001479482,0.001476527,0.001476275
0.001474125,0.001465918,0.001479925,0.001474478,0.001474656
0.001474774,0.001471659,0.001478159,0.001474916,0.001475455
0.001473944,0.001468629,0.001479682,0.001473224,0.001470055
0.001473501,0.001468586,0.001479143,0.001473515,0.001474105
0.001475123,0.001467088,0.001481453,0.001475699,0.001471515
0.001473377,0.001470049,0.001478192,0.001472272,0.001471955
0.001473511,0.001467269,0.001479886,0.001473535,0.001479886
0.001475476,0.001468229,0.001482445,0.001475357,0.001482445
0.001474655,0.001464309,0.001480429,0.001475797,0.001476765
0.001474679,0.001464545,0.001482829,0.001474372,0.001474525
0.001473274,0.001466395,0.001478305,0.001473052,0.001473085
0.00147378,0.001465939,0.001480999,0.001472925,0.001472825
0.001475382,0.00147242,0.001480099,0.001475337,0.001476876
0.001475488,0.001467715,0.001479573,0.001474937,0.001478125
0.001473532,0.00146319,0.001479503,0.001474072,0.001474195
0.001473575,0.00146652,0.001480912,0.001473225,0.001472735
0.00147639,0.001473899,0.001479599,0.001475795,0.001475615
0.001472189,0.001463845,0.001479105,0.001470984,0.001469305
0.001476841,0.001464859,0.001485456,0.00147685,0.001475855
0.001474509,0.001469285,0.001477885,0.001474954,0.001469285
0.001473065,0.001462629,0.001480283,0.001474697,0.001471065
0.001475067,0.001464535,0.001481355,0.001477076,0.001479336
0.001473891,0.001470089,0.001480635,0.001472807,0.001472435
0.001473656,0.001467859,0.001477673,0.001474882,0.001474375
0.001477962,0.001472515,0.001484499,0.001477312,0.001475545
0.001474998,0.001465615,0.001480748,0.001475422,0.001465615
0.001475578,0.001472118,0.001479773,0.001474974,0.001474745
0.001476568,0.001472805,0.00148049,0.001476317,0.001472805
0.001474927,0.001467599,0.001480115,0.001476142,0.001472435
0.001472363,0.001462669,0.001477583,0.00147239,0.001473045
0.001474557,0.001464179,0.001480239,0.001474977,0.001474755
0.001476523,0.001466179,0.001483206,0.001476622,0.001476485
0.001475097,0.001464979,0.001480468,0.001476407,0.001475005
0.001475586,0.001470599,0.001482586,0.001474567,0.001474405
0.001474149,0.001466619,0.001479729,0.001473255,0.001471635
0.00147278,0.001459235,0.001478863,0.001474788,0.001477235
0.001475656,0.001473479,0.001479016,0.001475096,0.001474545
0.001474078,0.001469729,0.001478999,0.001473627,0.001470585
0.001476961,0.00146769,0.001483219,0.001477854,0.001471915
0.001476389,0.0014693,0.001482538,0.001476245,0.001476905
0.001475632,0.001471579,0.001480368,0.001474997,0.001474695
0.001437198,0.001431454,0.001442688,0.001437476,0.001431944
0.001476499,0.001466885,0.001483515,0.001477634,0.001483515
0.001475547,0.001466779,0.00147825,0.001477452,0.001473965
0.001470748,0.001457779,0.001478429,0.001470215,0.001467575
0.001474408,0.00146407,0.001481535,0.001474504,0.001481535
0.001475814,0.00146954,0.001480548,0.00147531,0.001475285
0.001477141,0.001473719,0.001479685,0.001477198,0.001475536
0.001474635,0.001468629,0.001481986,0.001474347,0.001473075
0.001474135,0.001470239,0.00147831,0.001473737,0.001473635
0.001472787,0.001468775,0.001478413,0.001471303,0.001468775
0.001475537,0.00145962,0.001482623,0.001476722,0.001476865
0.001473889,0.001467155,0.001481956,0.001473809,0.001472865
0.001475053,0.001469429,0.001478533,0.001475354,0.001475115
0.001471817,0.00146396,0.001477575,0.001472644,0.001471005
0.001473501,0.001464209,0.001478245,0.00147471,0.001472725
0.001471225,0.001466725,0.001475503,0.001471604,0.001473545
0.001477177,0.001471319,0.001482155,0.001477505,0.001482155
0.001476994,0.001466839,0.001482149,0.00147754,0.001477405
0.001472423,0.001463909,0.001480119,0.001472715,0.001473695
0.001475653,0.001468945,0.001479925,0.001475674,0.001468945
0.001474642,0.001471419,0.001479023,0.001473582,0.001473555
0.001474673,0.001462619,0.001478345,0.001476407,0.001476945
0.001474197,0.001471909,0.001477775,0.0014735,0.001473575
0.001470697,0.001463028,0.001477813,0.001471332,0.001472335
0.001477655,0.001472889,0.00148193,0.001478002,0.001479225
0.001476889,0.001470876,0.001482418,0.001476784,0.001478765
0.001475417,0.001470265,0.001483159,0.001474572,0.001474085
0.00147419,0.001470079,0.001478026,0.001473684,0.001472865
0.001475062,0.001471199,0.0014798,0.001474437,0.001474205
0.001472973,0.001467468,0.001477803,0.001473272,0.001476235
0.001477376,0.001473729,0.001481959,0.001476977,0.001478145
0.001473904,0.001466349,0.001481649,0.001473457,0.001472305
0.001475917,0.001470599,0.001482285,0.001474787,0.001474685
0.001473713,0.001461169,0.001479745,0.001474122,0.001473895
0.001476299,0.001472355,0.001481179,0.001475652,0.001479055
0.001477564,0.001471905,0.001483505,0.00147713,0.001476535
0.001471189,0.001461309,0.001478153,0.001471119,0.001473245
0.001474511,0.001467209,0.001483345,0.001473298,0.001471215
0.001474493,0.001469315,0.001479173,0.001475234,0.001469315
0.001472494,0.001461989,0.001479598,0.001472045,0.001472085
0.001476542,0.0014689,0.001481326,0.001476574,0.001475545
0.001474258,0.001468279,0.001479765,0.001473077,0.001479765
0.001475192,0.001470009,0.001481705,0.001474695,0.001474545
0.001472603,0.001457489,0.001479203,0.001473566,0.001473535
0.001473709,0.001468689,0.001482055,0.001471646,0.001476075
0.001472081,0.001464889,0.001479606,0.00147134,0.001471435
0.001474283,0.001468339,0.001481225,0.001473863,0.001472506
0.001473025,0.001463275,0.001478855,0.001475247,0.001478855
0.001475563,0.001465419,0.001480898,0.00147561,0.001475445
0.001475911,0.001468135,0.001480566,0.001478871,0.001480566
0.001474507,0.001471569,0.001479325,0.001473817,0.001479325
0.001474027,0.001467445,0.001479819,0.001473223,0.001473885
0.001473544,0.001456928,0.001483065,0.001474137,0.001473666
0.001473309,0.001466889,0.001481475,0.001472315,0.001473625
0.001475771,0.001463135,0.001482089,0.001477114,0.001472395
0.001475832,0.001466875,0.001483095,0.001475662,0.001474956
0.001472729,0.001465329,0.001477242,0.001473137,0.001474825
0.00144639,0.001441485,0.001453198,0.001445367,0.001446335
0.001475964,0.001469175,0.001483215,0.001475374,0.001469175
0.001472702,0.00146133,0.001478796,0.001473132,0.001473025
0.001472833,0.001463088,0.001477923,0.001473228,0.001472696
0.001474418,0.001469119,0.001479635,0.001474252,0.001479635
0.001476103,0.00146859,0.001481275,0.001476302,0.001475465
0.001474431,0.001471479,0.001478383,0.001474194,0.001472756
0.001472697,0.0014575,0.001482176,0.001472937,0.001472545
0.001474393,0.001468349,0.001479353,0.001473795,0.001473785
0.001473446,0.001465449,0.001477916,0.001473932,0.001477436
0.00144501,0.001437828,0.001454055,0.001443196,0.001441074
0.001433058,0.001423234,0.001439528,0.001432449,0.001423234
0.001473666,0.001463415,0.001478725,0.001474543,0.001478725
0.001471184,0.001461958,0.001479645,0.001471972,0.001463964
0.001476869,0.001469189,0.001484546,0.001475952,0.001474535
0.001475711,0.001466635,0.001479765,0.001477077,0.001479765
0.001476219,0.001468879,0.001480926,0.001476772,0.001472925
0.001472083,0.001462309,0.001478835,0.001472642,0.001472755
0.001474604,0.001470339,0.001479356,0.001473292,0.001474165
0.001474968,0.001461728,0.001481335,0.001476992,0.001476386
0.001472161,0.001463539,0.001476762,0.001472884,0.001469275
0.001477121,0.001472619,0.001481193,0.001476984,0.001480495
0.001473984,0.001470439,0.001477783,0.001472676,0.001473296
0.001473769,0.001467129,0.001479042,0.001473303,0.001469965
0.001470789,0.001455079,0.001477073,0.001472494,0.001469185
0.001474866,0.001470335,0.001479966,0.001474629,0.001479966
0.001475797,0.001472129,0.001479209,0.001475925,0.001476135
0.001479721,0.001474189,0.00148694,0.001479302,0.001477275
0.001471943,0.001463735,0.001478933,0.001472513,0.001477076
0.001477475,0.001466799,0.001481808,0.001478974,0.001480835
0.001474558,0.001469315,0.001479489,0.001473607,0.001473615
0.001478556,0.001473565,0.001482486,0.001478474,0.001482486
0.001473747,0.001461428,0.001481475,0.001474929,0.001477645
0.001475322,0.001469569,0.001478842,0.001476388,0.001472435
0.001478118,0.001472815,0.001485286,0.001477809,0.001476406
0.001475555,0.001471129,0.001480635,0.001475036,0.001480635
0.00147673,0.001471159,0.001481556,0.001476914,0.001474375
0.001473667,0.001463319,0.001483865,0.001472648,0.001473106
0.001475049,0.001470789,0.001479106,0.001474487,0.001474415
0.001476139,0.001471679,0.001482425,0.001475911,0.001476775
0.001474483,0.001468125,0.001481736,0.001474082,0.001473675
0.001472643,0.001466859,0.001479485,0.001471247,0.001467995
0.001471732,0.00146847,0.001476733,0.001470936,0.001470645
0.001475412,0.001470296,0.001480369,0.001475489,0.001470296
0.001476688,0.001469315,0.001481139,0.001477881,0.001473815
0.001473366,0.001469095,0.001479173,0.001471929,0.001477645
0.001471927,0.001461569,0.001479559,0.001473122,0.001474456
0.001474578,0.001467609,0.001479438,0.001474162,0.001473845
0.001473335,0.001465235,0.001480235,0.001473193,0.001465235
0.001471874,0.001468619,0.001477092,0.001470853,0.001471636
0.001473425,0.001461789,0.001480309,0.001474527,0.001471525
0.001474666,0.001468505,0.001480026,0.001474754,0.001472005
0.001475313,0.001465885,0.001481099,0.001474927,0.001474676
0.001477399,0.001474845,0.001482649,0.001476591,0.001474845
0.001474748,0.001465298,0.001480073,0.001475348,0.001474635
0.001473576,0.001465099,0.001480225,0.001474175,0.001473856
0.001474713,0.001468399,0.001480609,0.001474682,0.001477965
0.001476364,0.001469945,0.001480849,0.001476772,0.001475085
0.001473654,0.001469235,0.001478333,0.001472822,0.001473166
0.00147862,0.001474019,0.001483235,0.001479292,0.001479265
0.001473073,0.00146637,0.001479433,0.00147354,0.001473635
0.001460742,0.001454948,0.001465569,0.001461544,0.001456575
0.001477328,0.001470375,0.001484369,0.001477177,0.001470375
0.001473054,0.001462299,0.001478403,0.001473479,0.001472215
0.001472841,0.001469079,0.001477413,0.001472382,0.001471525
0.001475874,0.001469808,0.00148018,0.001476589,0.001475315
0.001474204,0.001470309,0.001479015,0.001473808,0.001470965
0.001474782,0.001469318,0.001480423,0.001473246,0.001473695
0.001472974,0.001469069,0.001478552,0.001472049,0.001469885
0.001473373,0.001465829,0.001482166,0.001472647,0.001473515
0.001473014,0.001463525,0.001478915,0.001472579,0.001463525
0.001472631,0.001464945,0.00147798,0.001472321,0.001464945
0.001473881,0.001461405,0.001479203,0.001476424,0.001477765
0.001472748,0.001458175,0.001477489,0.001473797,0.001473915
0.001474018,0.0014674,0.001478932,0.001473304,0.001471076
0.001474468,0.001465039,0.001480339,0.001474885,0.001474795
0.001475496,0.001463615,0.001480519,0.001476182,0.001474405
0.001476707,0.001466879,0.001483085,0.001479014,0.001472405
0.001473919,0.001470819,0.001478149,0.001473915,0.001474415
0.001476519,0.001468835,0.001481995,0.001477044,0.001468835
0.001473674,0.001467149,0.001477673,0.001474792,0.001472645
0.00147794,0.001466508,0.001485245,0.001478022,0.001478625
0.001474676,0.001469779,0.001482995,0.00147276,0.001472855
0.001472878,0.001467035,0.001480189,0.001470227,0.001467035
0.001474948,0.001472585,0.001480488,0.001473687,0.001472585
0.001474237,0.001465509,0.001479735,0.001473593,0.001479735
0.001474381,0.001470475,0.00147685,0.001474726,0.001474746
0.00147171,0.001464559,0.001477766,0.001471632,0.001469285
0.001473592,0.001464435,0.001478589,0.001474782,0.001475625
0.001472934,0.001462669,0.001478853,0.001472617,0.001472805
0.001472465,0.001465125,0.001477302,0.001473384,0.001465125
0.001475806,0.001471989,0.001480849,0.001475542,0.001473815
0.001474268,0.001463875,0.001479285,0.001475489,0.001479285
0.001475234,0.001465549,0.001480499,0.00147663,0.001476496
0.001474574,0.001468889,0.001480966,0.001474234,0.001470105
0.001474655,0.001467085,0.001479209,0.001474987,0.001476825
0.001477608,0.001474045,0.001481715,0.001477342,0.001477906
0.001471764,0.001467499,0.001477152,0.001471262,0.001469765
0.001473596,0.001467399,0.001482255,0.001473849,0.001474235
0.001476068,0.001469489,0.001481005,0.001475514,0.001473916
0.001471483,0.001457768,0.001477302,0.001472568,0.001471865
0.001475809,0.001467189,0.001481169,0.001475137,0.001474215
0.001474663,0.001467758,0.001480546,0.001474997,0.001480546
0.001473714,0.001460088,0.001479199,0.001475787,0.001477905
0.001475242,0.001469425,0.001478475,0.001475609,0.001469425
0.001471252,0.001459449,0.001477883,0.001472575,0.001471305
0.00147396,0.001467729,0.001480575,0.001472437,0.001472375
0.00147315,0.001463648,0.001478413,0.001473251,0.001471835
0.001476603,0.001471588,0.001482936,0.0014765,0.001477355
0.001472899,0.001461455,0.001479062,0.00147294,0.001470735
0.001476318,0.001470966,0.001483839,0.001475889,0.001474565
0.001473391,0.001465045,0.001480729,0.001473404,0.001465045
0.00147271,0.00146584,0.001477783,0.001473414,0.001476125
0.001474585,0.001466458,0.001481095,0.001474771,0.001475745
0.001475131,0.001468569,0.001480778,0.001474792,0.001474165
0.001476091,0.001472255,0.001480949,0.001475598,0.001475175
0.001474247,0.001468255,0.001478715,0.001474636,0.001476275
0.001473856,0.001458839,0.001480946,0.001475057,0.001480946
0.00147431,0.001468275,0.00147716,0.001474957,0.001475975
0.001473694,0.001463659,0.001478252,0.001473769,0.001476895
0.001474532,0.00147043,0.001478969,0.001475602,0.001476395
0.001473889,0.001458295,0.001480339,0.001475248,0.001473835
0.00147464,0.001463158,0.001481925,0.001475462,0.001471435
0.001474012,0.001467939,0.00147831,0.001474535,0.001474125
0.001473087,0.001459199,0.001479513,0.001473924,0.001471495
0.001474443,0.001469489,0.001479778,0.001472857,0.001473115
0.00147368,0.001470235,0.001479405,0.001472624,0.001479405
0.001474102,0.001463928,0.001483245,0.001473734,0.001480956
0.001476428,0.001463429,0.001482463,0.00147726,0.001475795
0.001476541,0.001472875,0.001479659,0.001477089,0.001474425
0.001475053,0.001468848,0.001480139,0.001475382,0.001477015
0.001473179,0.001452628,0.001479035,0.001475722,0.001479035
0.001473144,0.001463209,0.001479248,0.001472746,0.001473665
0.001475816,0.001468855,0.001481396,0.001476562,0.001481396
0.001471607,0.001454638,0.001480226,0.001473985,0.001472955
0.001472869,0.001460645,0.001483605,0.001472407,0.001460645
0.001473618,0.001463915,0.001481445,0.001472663,0.001473246
0.001472394,0.001464779,0.001480956,0.001471443,0.001467145
0.001471385,0.001463645,0.00147769,0.001471487,0.001471855
0.001471867,0.001463489,0.001478163,0.001471889,0.001476516
0.001475769,0.001471959,0.001481445,0.00147523,0.001475515
0.001472702,0.001464195,0.001480855,0.001473067,0.001480855
0.001475947,0.001466945,0.001483696,0.001476312,0.001483696
0.001474422,0.001463214,0.001479453,0.001476647,0.001476685
0.001473067,0.001465728,0.001478705,0.001471868,0.001469925
0.001475171,0.001469265,0.001481259,0.001473959,0.001469265
0.001472872,0.001461655,0.001480706,0.001473652,0.001473175
0.001475312,0.001461269,0.001482205,0.001476025,0.001482205
0.001474957,0.001470199,0.001478916,0.001474318,0.001478916
0.001471955,0.001459438,0.001479695,0.001471654,0.001470565
0.001471825,0.001458269,0.001480148,0.001472953,0.001475915
0.001473988,0.001465459,0.001480976,0.001475059,0.001480976
0.001474349,0.001462639,0.001478899,0.00147523,0.001476695
0.001448879,0.001440645,0.001453842,0.001450797,0.001450885
0.00147299,0.001468989,0.00147617,0.00147319,0.001473065
0.001479747,0.001475459,0.001485635,0.001479134,0.001476975
0.001472112,0.001467079,0.001476242,0.001472164,0.001469805
0.001475602,0.001471419,0.001480279,0.001476102,0.001476815
0.001475964,0.001470269,0.001482559,0.001476143,0.001478115
0.00147523,0.001472169,0.001481179,0.001474652,0.001472566
0.001472927,0.001466355,0.001478835,0.001473407,0.001478835
0.001473544,0.001469635,0.001476033,0.001473832,0.001474595
0.001474869,0.001470075,0.001480848,0.001473447,0.001471966
0.001478065,0.001474515,0.00148414,0.001477765,0.001474515
0.001473288,0.001469905,0.001478789,0.001472502,0.001470405
0.001472938,0.001467825,0.00148176,0.001471735,0.001471446
0.001474838,0.001468525,0.001480528,0.001474233,0.001471585
0.001473374,0.001467889,0.001478335,0.001473089,0.001478335
0.001475166,0.00147125,0.001479939,0.001474965,0.001474665
0.001475856,0.001465299,0.00148375,0.001476007,0.001474395
0.001472042,0.001457059,0.001478789,0.001472352,0.001472275
0.001473747,0.001463029,0.001479938,0.001474175,0.001474255
0.001475289,0.001467995,0.001481105,0.001475049,0.001481105
0.001475808,0.001470665,0.001481679,0.001475352,0.001476115
0.001476773,0.001454849,0.001484426,0.001480131,0.001484426
0.001475284,0.00147198,0.001480179,0.001473825,0.001473075
0.001476409,0.001470705,0.001482455,0.001475934,0.001482455
0.001476624,0.001470615,0.001482109,0.001475937,0.001477296
0.001473099,0.001464745,0.001479729,0.001472017,0.001471555
0.001474928,0.001470558,0.001478495,0.001474383,0.001474195
0.001473024,0.001467618,0.001480416,0.001471246,0.001480416
0.001476325,0.001472765,0.001481578,0.001476258,0.001476815
0.001476863,0.001470375,0.001483329,0.001476662,0.001476125
0.001474676,0.001464379,0.001479839,0.001476249,0.001471606
0.001474964,0.001457815,0.001481886,0.001476189,0.001479425
0.001474442,0.001458279,0.001483669,0.001474182,0.001475355
0.001474469,0.001462905,0.001483808,0.001475047,0.001474465
0.001471792,0.001448628,0.001480245,0.001474512,0.001480245
0.001475721,0.001463669,0.001480039,0.001478332,0.001479005
0.001477304,0.001470975,0.001481675,0.001476552,0.001481675
0.001475459,0.001470059,0.001481469,0.00147495,0.001474975
0.001477235,0.001472195,0.001481839,0.001476784,0.001472195
0.001477429,0.001469649,0.001484145,0.001477523,0.001484145
0.001474984,0.001470295,0.0014804,0.001473611,0.001478885
0.001477865,0.001474169,0.001483416,0.001477866,0.001483416
0.001472188,0.001463875,0.001478909,0.001473695,0.001463875
0.001473504,0.001456739,0.001481195,0.001475164,0.001477465
0.001472571,0.001462895,0.001481286,0.0014719,0.001478006
0.001474594,0.001470498,0.001479585,0.001474844,0.001479585
0.001474854,0.001470829,0.001480109,0.001474105,0.001472765
0.001475058,0.001472115,0.001478676,0.001474542,0.001478676
0.001476303,0.001470389,0.001483625,0.001474894,0.001483625
0.001475443,0.001469339,0.001479389,0.001476429,0.001478175
0.001474583,0.001468349,0.001480426,0.001474028,0.001473725
0.00147415,0.001465809,0.001480395,0.001474369,0.001480395
0.001476789,0.00147324,0.001480515,0.001476015,0.001480515
0.001449649,0.001447175,0.001454802,0.001448171,0.001453155
0.001474551,0.001468069,0.00147829,0.001475237,0.001478055
0.001473455,0.001463509,0.001479702,0.001474064,0.001477755
0.001474598,0.001463565,0.001479493,0.001475017,0.001476375
0.001475418,0.001469605,0.001479543,0.001475382,0.001475655
0.001474021,0.001468125,0.001478362,0.001475248,0.001471445
0.001474181,0.001461565,0.001480245,0.001475739,0.001480245
0.001475713,0.00147255,0.001480799,0.001474985,0.001475655
0.001475979,0.001456529,0.001482595,0.001478552,0.001478205
0.001473299,0.001462735,0.001477883,0.001474572,0.001473295
0.001476642,0.001470929,0.001483375,0.001476451,0.001476795
0.001472993,0.001465528,0.001477855,0.001473132,0.001472565
0.00147332,0.001465235,0.001481052,0.001472272,0.001473795
0.001475446,0.001471885,0.001479285,0.00147479,0.001473525
0.001471648,0.001453259,0.001479239,0.001473739,0.001476385
0.001473644,0.001469309,0.001478675,0.001472734,0.001478675
0.001475673,0.001467056,0.001479233,0.001476941,0.001475465
0.001471813,0.001458239,0.001480473,0.001471167,0.001469475
0.001474633,0.001470848,0.001479266,0.001472512,0.001472005
0.001472618,0.001466365,0.001476743,0.001472625,0.001468975
0.001472054,0.001464085,0.001478979,0.001471816,0.001468555
0.001474609,0.001469995,0.001477989,0.001474489,0.001473575
0.001474572,0.001466029,0.001478573,0.001475283,0.001477465
0.001474184,0.001468479,0.001479513,0.001474306,0.001473016
0.00147603,0.001471429,0.001479739,0.001477432,0.001473825
0.001478741,0.001469836,0.001484255,0.001479399,0.001477975
0.001470919,0.001454129,0.001478193,0.001471601,0.001470226
0.00147351,0.001462589,0.001480626,0.001475502,0.001474115
0.001473973,0.001468325,0.001478142,0.001474409,0.001477435
0.001473872,0.001468705,0.001480255,0.001473599,0.001468705
0.001473879,0.001469755,0.001479353,0.001472897,0.001473115
0.001473213,0.001456965,0.001480915,0.001473994,0.001456965
0.001475058,0.001470549,0.001479473,0.001474594,0.001472615
0.001474411,0.001455149,0.001481049,0.001476127,0.001474005
0.001476552,0.001469315,0.001479439,0.001477672,0.001477895
0.001477144,0.001474155,0.001482085,0.001476794,0.001477666
0.001470427,0.001449799,0.001477643,0.001472687,0.001471165
0.001473449,0.001464575,0.00148137,0.001472372,0.001470185
0.001471221,0.001458739,0.001478926,0.001471459,0.001469085
0.00147116,0.001449438,0.001479925,0.001472767,0.001479925
0.001472883,0.001456049,0.001479689,0.001474535,0.001474645
0.001475165,0.001469575,0.001480156,0.001475492,0.001480156
0.001474033,0.001470069,0.001478099,0.00147401,0.001474355
0.001474222,0.001470595,0.001480069,0.00147387,0.001470595
0.001475588,0.001466849,0.001480055,0.001475904,0.001474205
0.001471242,0.001453449,0.00147736,0.001472575,0.001473275
0.001471612,0.001465589,0.001477439,0.001472216,0.001472755
0.001474693,0.001470955,0.001480469,0.001473964,0.001472815
0.001474187,0.001460765,0.001480579,0.001474248,0.001473406
0.00147218,0.001467325,0.001479005,0.001471647,0.001479005
0.001474408,0.001471809,0.001480815,0.001472964,0.001480815
0.001476723,0.001468185,0.001481999,0.001476941,0.001481646
0.001475414,0.001468535,0.001480486,0.001474997,0.001475865
0.001475183,0.001468559,0.001480639,0.001474602,0.001473955
0.001472997,0.001450788,0.001481713,0.001475124,0.001479855
0.001473152,0.001460745,0.001481605,0.001475232,0.001481605
0.001474803,0.001472969,0.001476828,0.001474335,0.001473895
0.001472812,0.001459435,0.001479205,0.001474305,0.001471195
0.001471863,0.001457858,0.001478763,0.001472064,0.001470515
0.001474296,0.001471725,0.001479382,0.001473812,0.001471725
0.001473442,0.001459265,0.001481006,0.001474234,0.001481006
0.001475326,0.001467475,0.001480239,0.001475837,0.001474925
0.001475053,0.001466955,0.001479035,0.001475564,0.001473175
0.001471617,0.001465679,0.001474839,0.001472006,0.001470036
0.001474721,0.001465089,0.001480885,0.001475622,0.001475835
0.001471249,0.001451494,0.001478879,0.00147313,0.001473445
0.001472757,0.001467559,0.001478532,0.001471664,0.001468415
0.001472629,0.001459909,0.001478893,0.001473412,0.001473575
0.001433871,0.001428635,0.001439552,0.001433384,0.001435114
0.001474196,0.001466199,0.001478013,0.001474159,0.001477945
0.001470595,0.001450035,0.001480175,0.001472734,0.001480175
0.001475071,0.001465419,0.001478563,0.001476355,0.001477765
0.001472356,0.001452665,0.001480143,0.001473879,0.001470635
0.001475848,0.001472229,0.001480025,0.001475477,0.001480025
0.001472795,0.001458868,0.001479099,0.001474539,0.001471225
0.001476307,0.00147159,0.001481259,0.001476134,0.001475215
0.001475752,0.001460135,0.001483205,0.001477019,0.001483205
0.001475027,0.001471115,0.001479749,0.00147492,0.001474565
0.001474309,0.001462188,0.001482616,0.00147458,0.001470965
0.001473166,0.001461794,0.001480169,0.001474402,0.001472305
0.001475709,0.00147289,0.001479859,0.001474803,0.001473545
0.001473794,0.001466079,0.001480005,0.001473828,0.001480005
0.001474941,0.001470639,0.001481885,0.001473104,0.001481885
0.001472928,0.001451228,0.001478339,0.001475837,0.001474715
0.001473541,0.001459528,0.001483049,0.001472987,0.001471815
0.001474569,0.001469989,0.001478649,0.001474352,0.001473035
0.001472334,0.001454788,0.001480695,0.001473558,0.001471275
0.00147303,0.001466589,0.001477953,0.001472545,0.001471875
0.001475764,0.001472335,0.001480149,0.001475522,0.001472705
0.001477148,0.001474516,0.001481415,0.001476421,0.001481415
0.001475879,0.00147171,0.001480989,0.001475177,0.001479315
0.001474637,0.001458479,0.001480369,0.001477131,0.001473445
0.001438591,0.001433738,0.001444225,0.001438166,0.001444225
0.001476855,0.00147211,0.001482156,0.00147658,0.001476885
0.001473437,0.001468135,0.001480759,0.001472227,0.001469655
0.001473698,0.001453895,0.001481105,0.001476544,0.001481105
0.001473362,0.001468958,0.001476253,0.001473567,0.001474745
0.001474767,0.001467476,0.001478773,0.001475837,0.001476935
0.001474013,0.001461455,0.001479899,0.001475125,0.001474845
0.001471639,0.001453544,0.00148053,0.001473187,0.001469095
0.001472372,0.001469869,0.001476753,0.001471659,0.001475135
0.001473438,0.001456499,0.001480149,0.001475475,0.001476206
0.001473743,0.001468325,0.001478755,0.001473448,0.001478755
0.001475247,0.001467679,0.001480139,0.001475936,0.001479265
0.001480969,0.001468755,0.001487089,0.001481422,0.001483176
0.00147493,0.001468549,0.001479828,0.001473812,0.001473555
0.001473824,0.001470025,0.001478679,0.00147322,0.001472445
0.001474514,0.001456678,0.001482969,0.001476732,0.001478765
0.001472524,0.001467389,0.001479369,0.001472058,0.001473105
0.001475381,0.001472689,0.001482709,0.001473773,0.001474295
0.001475311,0.001471675,0.001478959,0.001474657,0.001471675
0.001474283,0.001469579,0.001478822,0.00147438,0.001473775
0.001475509,0.001470335,0.001478855,0.001476755,0.001470335
0.001473441,0.001468635,0.001478493,0.001473234,0.001475096
0.001471957,0.001459325,0.001479172,0.001473294,0.001471645
0.001471995,0.001462395,0.001477023,0.001471939,0.001469485
0.001478301,0.001473989,0.001484606,0.001477175,0.001484606
0.001472603,0.001467176,0.001477849,0.001472504,0.001469235
0.001476572,0.001468359,0.001482835,0.001476372,0.001482835
0.001472904,0.001462015,0.001481266,0.001472317,0.001481266
0.001473864,0.001461545,0.001482335,0.001473552,0.001474185
0.001475336,0.001471509,0.001480775,0.001474759,0.001480775
0.001474726,0.001470759,0.001478789,0.001474997,0.001477386
0.00147133,0.001454695,0.001477239,0.001473669,0.001454695
0.001472922,0.001467249,0.001477802,0.001472478,0.001471285
0.001474402,0.001470109,0.001480193,0.001473612,0.001471095
0.001475622,0.001469989,0.001480589,0.001475919,0.001474115
0.001477654,0.001474925,0.001482085,0.001477138,0.001476075
0.001470575,0.001457995,0.001477843,0.001470828,0.001457995
0.001474019,0.001468715,0.001480255,0.001473452,0.001480255
0.001473228,0.001455965,0.001479749,0.001475398,0.001455965
0.001480804,0.001473975,0.001486019,0.001480197,0.001478446
0.001475244,0.001461685,0.001482239,0.001476608,0.001471655
0.001474615,0.001463079,0.001483215,0.001475259,0.001472855
0.00147237,0.001469839,0.001476772,0.001471551,0.001471616
0.001471999,0.001466789,0.001476719,0.00147079,0.001470295
0.001473739,0.001467225,0.001478343,0.001473552,0.001473975
0.001474523,0.001470478,0.001477565,0.001474592,0.001472216
0.001470773,0.001459348,0.001481055,0.001470435,0.001471135
0.001471726,0.001458225,0.001479125,0.001472924,0.001479125
0.0014745,0.001470139,0.001478839,0.001474747,0.001473375
0.001474198,0.001463689,0.001483089,0.001474307,0.001472265
0.001471767,0.001456565,0.001477745,0.001473318,0.001469745
0.001471477,0.001454809,0.001479356,0.001471127,0.001479356
0.001474328,0.001456059,0.001479915,0.001476757,0.001477685
0.001475338,0.001464379,0.001482506,0.001475944,0.001474255
0.001474344,0.001471029,0.001479439,0.001473365,0.001474235
0.001476583,0.00147375,0.001482419,0.001475589,0.001474165
0.001473312,0.001460349,0.001479949,0.001473793,0.001472195
0.001474124,0.001465929,0.001480385,0.001474372,0.001472975
0.001563093,0.001471615,0.001700092,0.001507398,0.001501205
0.001475847,0.001459928,0.00148682,0.001475614,0.001474165
0.001476119,0.001453368,0.001483526,0.001478597,0.001481705
0.001471464,0.001449078,0.001479609,0.001473681,0.001473116
0.00147443,0.001470299,0.001481205,0.001472757,0.001472655
0.001473054,0.001464258,0.001478625,0.001472882,0.001472205
0.001473447,0.001468395,0.001479893,0.001472519,0.001471906
0.001476469,0.001470858,0.001479439,0.001477307,0.001478715
0.001473463,0.001466499,0.001478703,0.001474226,0.001477215
0.001473392,0.001462838,0.001480436,0.001473102,0.001480436
0.001473767,0.001454439,0.001480609,0.001475932,0.001473125
0.001476056,0.001472075,0.001484116,0.001474414,0.001472075
0.001475143,0.001469709,0.001479105,0.001475319,0.001471096
0.001475189,0.001464048,0.0014814,0.00147555,0.001476045
0.001471311,0.001455358,0.001479732,0.001471202,0.001477995
0.001473342,0.001455239,0.001481896,0.001473702,0.001481896
0.00147163,0.001448008,0.001479849,0.001472955,0.001478355
0.00147073,0.001448738,0.001481285,0.001472333,0.001468515
0.001475352,0.001471255,0.001480443,0.001474171,0.001474096
0.001474497,0.001465498,0.00148251,0.00147326,0.001473955
0.001471454,0.001449808,0.001479116,0.001472467,0.001472065
0.001474478,0.001469989,0.001479679,0.001473332,0.001474696
0.001474761,0.001468789,0.001481876,0.001473679,0.001478535
0.001473632,0.001465698,0.001480665,0.001472297,0.001480665
0.001473873,0.001462438,0.001482075,0.001473832,0.001476306
0.001472448,0.001465709,0.001479735,0.001470777,0.001470305
0.001472428,0.001465115,0.00147678,0.001473524,0.001475875
0.001471038,0.001446198,0.001480952,0.001473187,0.001479846
0.001476686,0.001460428,0.0014839,0.001479607,0.001481315
0.001475023,0.001460459,0.00148219,0.00147603,0.001476705
0.00146912,0.001448808,0.001478719,0.001469247,0.001468185
0.001475419,0.001471339,0.001480479,0.001473907,0.001472655
0.001473431,0.001462668,0.001479528,0.001474082,0.001472035
0.001475278,0.001470198,0.001481286,0.001473859,0.001481286
0.001476766,0.001471499,0.001481919,0.00147713,0.001477295
0.001473975,0.001448238,0.001481345,0.001476357,0.001475745
0.001472143,0.001466109,0.001476779,0.00147225,0.001471776
0.001468497,0.001447258,0.001477262,0.001470522,0.001475335
0.001474553,0.001471379,0.001480389,0.001473911,0.001471795
0.001475287,0.001470155,0.001478395,0.001475359,0.001470155
0.001473893,0.001466389,0.001479452,0.00147402,0.001472305
0.001472914,0.001450128,0.001479015,0.00147673,0.001479015
0.001472772,0.001452588,0.001479396,0.001474052,0.001473265
0.00147078,0.001455908,0.001478185,0.001472454,0.001469025
0.001470258,0.001444528,0.001479373,0.001472135,0.001471275
0.001474204,0.001470259,0.001479559,0.00147304,0.001472655
0.001476683,0.001472135,0.001482599,0.001476592,0.001478165
0.001472206,0.001443048,0.00148123,0.001474597,0.001480385
0.001476472,0.001471999,0.001483829,0.001475295,0.001476495
0.001474108,0.001454029,0.001483136,0.001477122,0.001477015
0.001471188,0.001458648,0.001478092,0.001472192,0.001472165
0.001477089,0.001474286,0.001483498,0.001476387,0.001476185
0.001475885,0.001469995,0.00148291,0.001473592,0.001473405
0.001475315,0.001472435,0.001478312,0.001474958,0.001477835
0.001473344,0.001449748,0.001481979,0.001475747,0.001470805
0.001475656,0.001452778,0.001485906,0.001477435,0.001474305
0.001470403,0.001447768,0.001480595,0.001470958,0.001480595
0.001476137,0.001471009,0.001482905,0.001475319,0.001478596
0.001474138,0.001470945,0.001479363,0.001472502,0.001473035
0.001473358,0.001469165,0.001481159,0.001472022,0.001471305
0.00147231,0.001450538,0.001480399,0.001475319,0.001473686
0.001472376,0.001462088,0.001479829,0.00147265,0.001473455
0.001473268,0.001453528,0.001483296,0.001475317,0.001474765
0.001472692,0.001459628,0.001481129,0.001471382,0.001470325
0.001472797,0.001458169,0.001482358,0.00147377,0.001468835
0.001473583,0.001465929,0.001479145,0.001474114,0.001479145
0.001473461,0.001469925,0.001477949,0.001473243,0.001469925
0.001474638,0.001471385,0.001479318,0.001474362,0.001471435
0.001470796,0.001452129,0.001478655,0.001472874,0.001478655
0.0014766,0.001473699,0.001480432,0.00147618,0.001474135
0.001470662,0.001450618,0.001479385,0.001470987,0.001469445
0.001469567,0.001451388,0.001477408,0.001469887,0.001466795
0.001473914,0.001470859,0.001478255,0.001472962,0.001478255
0.001474703,0.001468095,0.001479575,0.001475047,0.001479575
0.001474547,0.001471689,0.001480505,0.001473754,0.001474145
0.001474016,0.001468878,0.001479235,0.001473532,0.001479235
0.001474355,0.001455228,0.001483225,0.00147645,0.001473405
0.001472133,0.001468299,0.001478755,0.001470662,0.001469475
0.001472035,0.001465439,0.001478102,0.001470472,0.001470225
0.001474628,0.001470215,0.001480389,0.001474597,0.001472026
0.001475242,0.001469405,0.001480735,0.001475224,0.001480735
0.001474415,0.001468509,0.001480488,0.001474242,0.001474675
0.001473004,0.001452659,0.001479756,0.001474733,0.001472176
0.001471008,0.001455538,0.001480715,0.001471744,0.001469685
0.001472084,0.001459088,0.001477453,0.001473427,0.001470675
0.001540288,0.001436418,0.001834611,0.001445567,0.001834611
0.001494887,0.001432978,0.001672909,0.001436918,0.001672909
0.001495234,0.001429545,0.001682479,0.00143482,0.001682479
0.001482269,0.001420358,0.001656278,0.001427167,0.001656278
0.001482687,0.001422908,0.001646158,0.00143131,0.001646158
0.00148581,0.001426234,0.001655058,0.001431472,0.001655058
0.001492291,0.001429791,0.001671049,0.001435336,0.001671049
0.001491969,0.001427024,0.001680289,0.001431185,0.001680289
0.001492237,0.001428737,0.001667838,0.001436597,0.001667838
0.001437662,0.001423758,0.001467265,0.001431345,0.001467265
0.001436109,0.001424428,0.001465165,0.001426583,0.001465165
0.001436776,0.001427029,0.001454974,0.001433545,0.001454974
0.001438645,0.001428822,0.001456265,0.001434467,0.001456265
0.001434688,0.001426042,0.001454475,0.001429577,0.001454475
0.001439524,0.001435228,0.001445305,0.001438884,0.001443575
0.001431359,0.001419758,0.001453185,0.001427315,0.001453185
0.00143038,0.001422618,0.001445525,0.001426568,0.001445525
0.001432643,0.001427264,0.001439454,0.001432038,0.001439454
0.00143388,0.001424342,0.001452205,0.001429867,0.001452205
0.001434097,0.001423232,0.001450185,0.001433186,0.001450185
0.00143021,0.001422018,0.001447845,0.001425931,0.001447845
0.001426182,0.001418684,0.001441504,0.00142323,0.001441504
0.001430242,0.001422018,0.001443425,0.001429459,0.001443425
0.001428158,0.001420635,0.001440935,0.001426245,0.001440935
0.00143383,0.001423698,0.001450345,0.001432046,0.001450345
0.001431909,0.001423412,0.001447894,0.001429467,0.001447894
0.001433829,0.001423431,0.001452275,0.001429794,0.001452275
0.001427516,0.001419842,0.001440835,0.001426001,0.001440835
0.001431031,0.001424188,0.001435044,0.001432059,0.001435044
0.001422662,0.001413997,0.001437355,0.001419996,0.001437355
0.001433925,0.001428499,0.001440425,0.001434445,0.001440425
0.001431496,0.001425248,0.001443934,0.001428813,0.001443934
0.001434111,0.001424874,0.001456105,0.00142841,0.001456105
0.001431352,0.001421431,0.001450575,0.001427318,0.001450575
0.001434209,0.001426748,0.001446185,0.001433273,0.001446185
0.001436985,0.001432988,0.001443714,0.001435184,0.001436124
0.001427962,0.001420527,0.001437614,0.001427915,0.001437614
0.001436235,0.001427717,0.001450965,0.00143456,0.001450965
0.001432282,0.001424594,0.001447775,0.001428835,0.001447775
0.001434137,0.001423028,0.001442964,0.001434772,0.001442964
0.001431872,0.001423269,0.001444664,0.001431501,0.001444664
0.001425957,0.001419058,0.001432425,0.001426501,0.001432425
0.00142825,0.001422298,0.001434494,0.001428383,0.001434494
0.001432063,0.001427189,0.001439295,0.0014304,0.001430155
0.001428934,0.001423878,0.001435748,0.001427239,0.001427214
0.001426731,0.001424294,0.001433458,0.001425376,0.001425744
0.001446266,0.001437372,0.00146491,0.001441653,0.001464505
0.001428605,0.001421198,0.001440665,0.001426942,0.001440665
0.00142916,0.001420928,0.001442174,0.001428031,0.001442174
0.001434541,0.001426728,0.001449744,0.001431917,0.001449744
0.001430857,0.001419957,0.001447935,0.001428176,0.001447935
0.001430361,0.001422419,0.001442125,0.001428505,0.001442125
0.001446341,0.001443799,0.001448238,0.001446226,0.001447155
0.00143218,0.001422702,0.001450254,0.001427997,0.001450254
0.001432296,0.001425158,0.001445465,0.001430695,0.001445465
0.001440296,0.001436068,0.001446695,0.001439256,0.001440895
0.001432247,0.001421998,0.001448295,0.001430543,0.001448295
0.001429044,0.001421477,0.001441654,0.001426879,0.001441654
0.001428285,0.001422117,0.001432335,0.001429381,0.001432335
0.001430249,0.001423758,0.001438704,0.001429317,0.001438704
0.001434096,0.001421892,0.001451594,0.001430552,0.001451594
0.001431562,0.001421832,0.001446695,0.001429303,0.001446695
0.001430555,0.001422638,0.001446505,0.001427293,0.001446505
0.001428161,0.001420028,0.001441154,0.001426783,0.001441154
0.001427904,0.001423368,0.001432684,0.0014278,0.001432684
0.001426604,0.001420268,0.001436585,0.001425465,0.001436585
0.001438433,0.001429092,0.001451764,0.001438213,0.001451764
0.001435517,0.001429862,0.001440389,0.001434772,0.001438914
0.001428287,0.001421822,0.001439195,0.001426541,0.001439195
0.001432875,0.001427575,0.001444284,0.001431028,0.001444284
0.001423566,0.001418188,0.001434364,0.001421203,0.001434364
0.001426627,0.001423654,0.001432069,0.001425994,0.001426614
0.001430898,0.001427275,0.001436764,0.001429468,0.001428484
0.001434432,0.001425725,0.001446485,0.001432693,0.001446485
0.001431301,0.001423551,0.001445695,0.001427912,0.001445695
0.001430886,0.001421652,0.001447264,0.001429026,0.001447264
0.001428487,0.001424369,0.001436895,0.001427231,0.001436895
0.001425413,0.001421508,0.001430384,0.001426081,0.001430384
0.001429828,0.001421828,0.001440075,0.001428879,0.001440075
0.001425505,0.001419398,0.001431132,0.001425361,0.001420604
0.001430158,0.001425462,0.001437668,0.001428526,0.001426624
0.001430222,0.001423142,0.001438749,0.001429251,0.001436885
0.001428377,0.001421682,0.001433849,0.001428728,0.001430814
0.001423536,0.001420128,0.001428079,0.001423012,0.001421175
0.001414418,0.001410628,0.001420124,0.001413373,0.001420124
0.001425541,0.001422598,0.001429725,0.001425239,0.001429725
0.001429755,0.001426238,0.001433478,0.001429846,0.001431074
0.001425548,0.001419864,0.001432128,0.001425948,0.001427195
0.001427212,0.001423308,0.001432628,0.001426939,0.001424644
0.001426979,0.001422951,0.001430118,0.001427276,0.001428165
0.001429296,0.001425108,0.001433248,0.001429275,0.001427084
0.001427601,0.001423417,0.001433238,0.001426801,0.001429905
0.001427576,0.001424388,0.001433364,0.001426037,0.001433364
0.001427828,0.001424734,0.001431432,0.001426492,0.001424734
0.001429778,0.001425355,0.001435528,0.001429486,0.001427494
0.001427702,0.001422122,0.001431485,0.001428404,0.001431295
0.001426725,0.001420768,0.001431072,0.001427256,0.001428814
0.001433489,0.001428358,0.001440855,0.001432756,0.001429465
0.00142793,0.001423857,0.001433865,0.001425821,0.001425194
0.00142541,0.001421187,0.001429792,0.001424422,0.001424825
0.001424801,0.001418927,0.001430778,0.001424565,0.001429364
0.00142752,0.001421954,0.001430382,0.001428556,0.001429865
0.001426704,0.001423548,0.001431124,0.001426809,0.001431124
0.001428179,0.001424898,0.001432625,0.001427335,0.001428735
0.00142786,0.001422194,0.001431612,0.001428221,0.001422194
0.001419814,0.001415895,0.001424122,0.001418566,0.001423685
0.001429733,0.001425008,0.001434064,0.001430661,0.001430504
0.00142768,0.001422498,0.001432635,0.001428417,0.001430855
0.001426442,0.001423228,0.001430288,0.001425926,0.001423644
0.001426204,0.001421469,0.001430552,0.001426336,0.001429035
0.001424826,0.001421478,0.001428891,0.001423829,0.001422794
0.001426676,0.001423274,0.001431517,0.00142652,0.001424405
0.001427965,0.001423624,0.001433699,0.001426576,0.001430194
0.001427336,0.001422415,0.001431428,0.001428206,0.001431115
0.001426616,0.001424018,0.001429942,0.001426389,0.001427724
0.00142887,0.001426938,0.001434778,0.001427657,0.001426985
0.001428335,0.001421782,0.001432368,0.001430438,0.001431344
0.001424207,0.001418512,0.001431515,0.001424036,0.001431515
0.001428071,0.001424447,0.001431424,0.001428877,0.001431424
0.001423931,0.001419568,0.001428778,0.001422639,0.001426565
0.001425585,0.001421734,0.001430439,0.001425528,0.001426924
0.001431891,0.001428548,0.001436155,0.001431996,0.001434105
0.001426398,0.001423254,0.001429704,0.001426572,0.001429704
0.001428959,0.001423098,0.001434858,0.00143006,0.001429735
0.001428151,0.001423235,0.001433378,0.001426586,0.001426754
0.001431161,0.001426334,0.001436599,0.00143017,0.001428415
0.001429821,0.001426054,0.001434719,0.001429584,0.001426054
0.001427746,0.001420684,0.001432649,0.001428128,0.001420684
0.001421998,0.001418354,0.001427048,0.001420473,0.001418354
0.001429173,0.001425474,0.001433628,0.001428267,0.001425474
0.001432822,0.001430678,0.001436845,0.001432838,0.001430764
0.001425051,0.001419188,0.001430464,0.00142553,0.001427264
0.001423909,0.001420224,0.001428078,0.001423231,0.001422834
0.001426467,0.001422598,0.001431398,0.001425618,0.001428764
0.001425953,0.001419571,0.001433535,0.001424656,0.001433535
0.001426408,0.001424009,0.001430381,0.001426323,0.001427044
0.001425539,0.001419314,0.001432419,0.001425175,0.001419314
0.001428516,0.001424688,0.001432191,0.001428551,0.001429604
0.001426006,0.001421008,0.001429078,0.001427036,0.001427944
0.001431932,0.001426454,0.001439294,0.001431529,0.001426454
0.001427241,0.001422187,0.001431572,0.001427087,0.001425224
0.001422188,0.001418364,0.001427984,0.001421813,0.001427984
0.00142562,0.001421148,0.001432465,0.001425354,0.001421254
0.001426216,0.001421932,0.001428698,0.001426618,0.001428644
0.001427441,0.001424782,0.001429249,0.001427986,0.001427914
0.001429148,0.001424397,0.001435165,0.001428671,0.001427054
0.001426748,0.001420717,0.001432985,0.00142708,0.001431295
0.001426681,0.001421007,0.001431864,0.001426099,0.001424184
0.001417,0.001412914,0.001420788,0.001417185,0.001412914
0.001425475,0.001422425,0.001430552,0.001424064,0.001422425
0.001425892,0.001422838,0.001431325,0.001424792,0.001424564
0.001424028,0.001420581,0.001429028,0.001423291,0.001423175
0.001424091,0.001418034,0.001430298,0.001423302,0.001429724
0.00142869,0.001425705,0.001434329,0.001428096,0.001427505
0.001425791,0.001422425,0.001428334,0.001425976,0.001426434
0.001425491,0.001421258,0.001431765,0.001425271,0.001426935
0.001429951,0.001424368,0.001435998,0.001430789,0.001429754
0.001429994,0.001425605,0.001435269,0.001428826,0.001426815
0.001430871,0.001427155,0.001436498,0.001431009,0.001428804
0.001425703,0.001420864,0.001429772,0.00142546,0.001426775
0.001426538,0.001420138,0.001432172,0.001428022,0.001429674
0.001421455,0.001417858,0.001427582,0.0014205,0.001421345
0.001429078,0.001425638,0.001434938,0.001427091,0.001425794
0.001423031,0.001417675,0.001428065,0.00142301,0.001420275
0.001424201,0.001418482,0.001428959,0.001425949,0.001425164
0.001427778,0.001423145,0.001430848,0.001428488,0.001423145
0.001425759,0.001420898,0.001430892,0.001424061,0.001423454
0.001429782,0.001426958,0.001434644,0.001428245,0.001427545
0.001425487,0.001421568,0.001430082,0.001425901,0.001425374
0.001426124,0.001422765,0.001431171,0.001424537,0.001422765
0.001427737,0.001422474,0.001432868,0.001426921,0.001425734
0.00142852,0.001422825,0.001432698,0.00142893,0.001430745
0.001428399,0.001424871,0.001431598,0.001429054,0.001430574
0.001426848,0.001422105,0.001430939,0.001427289,0.001430515
0.001430536,0.001426888,0.001433422,0.0014308,0.001431244
0.001423571,0.001417278,0.001429892,0.001423833,0.001419665
0.00142668,0.001424085,0.001431028,0.001425956,0.001426394
0.001427739,0.001423794,0.001434639,0.001425312,0.001424615
0.001426422,0.001422334,0.001431887,0.001425201,0.001423784
0.001425948,0.001421532,0.001430895,0.001426217,0.001427805
0.001428393,0.001425069,0.001434324,0.001427183,0.001428764
0.001427745,0.001423198,0.001431835,0.001427745,0.001425465
0.00141917,0.001413668,0.001423745,0.00142013,0.001419034
0.001425832,0.001420367,0.001430418,0.001427548,0.001428735
0.001428834,0.001423565,0.001435428,0.001427879,0.001431994
0.001424138,0.001418714,0.001428122,0.001424727,0.001420785
0.001429931,0.001426638,0.001433338,0.001430012,0.001428114
0.001428491,0.001423458,0.001432218,0.001429892,0.001430905
0.001427833,0.001421788,0.001432714,0.001429047,0.001424884
0.00142593,0.001422355,0.001431282,0.00142486,0.001422355
0.001411173,0.001409904,0.001413561,0.001411012,0.001409904
0.001426188,0.001421688,0.001430778,0.001425912,0.001422984
0.00142881,0.001421815,0.001435199,0.001429924,0.001425024
0.001426497,0.001422125,0.001431312,0.001426561,0.001426694
0.001426721,0.001423568,0.001431344,0.001425415,0.001431344
0.001428792,0.001423477,0.001434064,0.001429851,0.001426644
0.001427784,0.001424345,0.001434119,0.00142571,0.001432004
0.001420281,0.001417304,0.001423398,0.001419471,0.001422394
0.001427412,0.001422514,0.001432702,0.001427457,0.001425305
0.001448834,0.001443308,0.001454095,0.001449327,0.001454095
0.001427736,0.001424452,0.001430364,0.001427967,0.001430364
0.001429523,0.001420998,0.001435769,0.001431014,0.001433475
0.001425432,0.001421268,0.001428564,0.001426033,0.001421734
0.001424601,0.001420818,0.001429865,0.001424098,0.001421604
0.001423947,0.001419984,0.001428809,0.001423364,0.001423474
0.001426874,0.001421015,0.001432918,0.001426707,0.001422865
0.001429671,0.001422612,0.001436539,0.001429793,0.001434444
0.001430782,0.001428558,0.001434564,0.001430399,0.001433384
0.001426075,0.001422909,0.001429792,0.001426256,0.001424394
0.001426727,0.001421579,0.001432769,0.001426754,0.001428484
0.00142923,0.001424498,0.001435144,0.001428424,0.001431764
0.001425042,0.001419107,0.001429442,0.001424593,0.001429424
0.001426361,0.001422235,0.001430858,0.001426617,0.001427574
0.001428606,0.001424675,0.001433045,0.001427003,0.001432784
0.001426826,0.001422178,0.001431884,0.001426451,0.001429594
0.001425697,0.001421388,0.001430139,0.001424843,0.001421704
0.001428519,0.001423218,0.001435785,0.001427748,0.001423714
0.001419837,0.001416338,0.001425584,0.001418044,0.001425584
0.001415482,0.001411428,0.001420214,0.001415509,0.001420214
0.001426164,0.001421799,0.001430515,0.001425774,0.001430515
0.001430484,0.001425278,0.001433819,0.001431451,0.001431504
0.001424741,0.001420868,0.001427755,0.001424888,0.001427755
0.001426574,0.001422319,0.001431044,0.001427371,0.001427794
0.001427104,0.001423567,0.001430565,0.001427401,0.001423745
0.001426294,0.001422005,0.001430952,0.001426711,0.001430084
0.001427904,0.001423774,0.001433168,0.001427509,0.001431085
0.001429599,0.001423255,0.001434038,0.001430961,0.001430694
0.001426631,0.001420235,0.001432168,0.001427798,0.001429295
0.001424947,0.001420899,0.001429318,0.001424415,0.001423494
0.001427493,0.001423067,0.001432171,0.001427572,0.001426815
0.001426594,0.001422617,0.001430231,0.001426919,0.001426864
0.001425637,0.001420961,0.001430515,0.001425761,0.001424135
0.001426099,0.001421098,0.001433664,0.001425191,0.001433664
0.001428535,0.001425765,0.001432408,0.001427299,0.001425765
0.001426864,0.001424212,0.001428759,0.001427113,0.001425574
0.001426603,0.001423219,0.001429578,0.001426276,0.001424855
0.001425872,0.001422809,0.001429818,0.001425257,0.001423034
0.001426096,0.001421005,0.001431544,0.00142646,0.001421005
0.001426596,0.001423684,0.001431594,0.00142477,0.001423684
0.001425397,0.001420425,0.001431099,0.001424671,0.001422675
0.001424731,0.001421544,0.001428968,0.001425045,0.001426934
0.001427297,0.001421282,0.001433268,0.001426961,0.001433195
0.001423543,0.001420332,0.001427167,0.001423766,0.001425694
0.001429249,0.001425084,0.001435048,0.001428276,0.001426415
0.001423302,0.001417539,0.001429108,0.0014239,0.001419834
0.001420992,0.001416548,0.001427384,0.001419168,0.001424304
0.00142557,0.001421504,0.001430111,0.001425418,0.001429394
0.001433834,0.001430888,0.001440135,0.001432383,0.001440135
0.001426215,0.001421461,0.001431928,0.001426284,0.001428314
0.001426205,0.001422654,0.001429879,0.001426041,0.001427855
0.001429425,0.001423068,0.001438192,0.001428752,0.001423174
0.001427907,0.001424565,0.001431642,0.001427824,0.001424565
0.001415565,0.001412444,0.001417789,0.001415775,0.001414634
0.001427032,0.001423579,0.001430468,0.00142638,0.001426264
0.001428198,0.001423504,0.001434089,0.001427126,0.001423504
0.001426591,0.001422012,0.001433198,0.001425896,0.001427254
0.001424897,0.001419732,0.001429858,0.001424252,0.001426744
0.001427399,0.001423708,0.001432282,0.001427119,0.001428324
0.001420166,0.001415998,0.001424884,0.001420715,0.001416104
0.00142473,0.001421065,0.001429859,0.001424363,0.001422604
0.001424087,0.001419355,0.001430909,0.001422532,0.001419355
0.001426249,0.001419764,0.001432378,0.001426356,0.001419764
0.001425397,0.001420735,0.001431029,0.001425211,0.001420735
0.001426076,0.001422125,0.001429958,0.001425737,0.001426064
0.001424717,0.001420908,0.001430402,0.001423995,0.001422305
0.001423591,0.001419549,0.001428785,0.001422264,0.001421264
0.001425704,0.001422088,0.001430805,0.001424385,0.001430805
0.001422279,0.001419868,0.001427005,0.001421331,0.001423824
0.001427019,0.001423075,0.001430785,0.001427569,0.001430785
0.001428626,0.001423475,0.001433479,0.001429243,0.001430994
0.001427342,0.001424759,0.001429952,0.001427661,0.001428675
0.001427668,0.001422074,0.001433312,0.001428466,0.001427874
0.001424389,0.001420564,0.001429355,0.001423948,0.001420564
0.001422637,0.001418718,0.001427064,0.001422116,0.001426394
0.0014252,0.001422159,0.001429205,0.001424228,0.001424074
0.001426202,0.001422418,0.001430501,0.001425691,0.001423654
0.001428252,0.001421968,0.001433632,0.001430186,0.001431414
0.001427795,0.001421128,0.001432038,0.001428116,0.001430304
0.00142845,0.001422295,0.001435514,0.001427601,0.001429304
0.00142606,0.001419918,0.001430458,0.001426308,0.001428294
0.001414501,0.001412649,0.001419058,0.001413731,0.001414064
0.001425236,0.001421905,0.001428478,0.001425753,0.001423165
0.001425823,0.001423369,0.001429694,0.001425226,0.001424084
0.001428035,0.001422588,0.001432235,0.00142841,0.001431515
0.00142429,0.001418882,0.001430029,0.001423094,0.001423844
0.001427062,0.001420534,0.001432204,0.001428968,0.001429755
0.001425013,0.001419431,0.001431794,0.001425068,0.001431794
0.001427688,0.001424804,0.001429525,0.001428245,0.001429525
0.001425473,0.001421899,0.001429988,0.001424218,0.001424704
0.001428412,0.001422135,0.001433575,0.001429634,0.001422135
0.001427726,0.001421868,0.001431972,0.001428306,0.001426354
0.001424374,0.001419669,0.001428522,0.001424143,0.001420925
0.001426443,0.001421848,0.001430972,0.001426201,0.001428404
0.001425992,0.001422064,0.001430225,0.001425901,0.001430225
0.001418196,0.001415204,0.001419898,0.001418547,0.001419784
0.001420185,0.001416168,0.001425008,0.001419966,0.001423334
0.001429229,0.001423025,0.001435818,0.001428793,0.001424945
0.001426746,0.001421092,0.001430985,0.001426684,0.001425914
0.001426154,0.001422869,0.001430755,0.001425366,0.001430755
0.001423902,0.001417147,0.001430515,0.001424961,0.001420354
0.001422864,0.001418837,0.001426475,0.001423586,0.001419205
0.001426181,0.001423237,0.001429954,0.001426147,0.001429954
0.001423421,0.001418368,0.001430445,0.001421436,0.001430445
0.001428386,0.001423269,0.001432617,0.001428752,0.001432254
0.001426834,0.001421322,0.001433888,0.001427202,0.001430155
0.001426627,0.001420642,0.001432758,0.001426743,0.001430754
0.001427851,0.001421825,0.001433958,0.001428099,0.001423065
0.001423756,0.001418544,0.001428119,0.001423933,0.001419374
0.001425373,0.001421244,0.001430138,0.001423495,0.001421244
0.001421703,0.001418198,0.001426979,0.00142081,0.001418804
0.001428256,0.001424609,0.001435228,0.001427156,0.001426144
0.001425714,0.001420212,0.001434898,0.001424601,0.001424514
0.001425388,0.001419745,0.001429588,0.001425413,0.001422524
0.001425362,0.001422588,0.001428739,0.001425046,0.001426054
0.001427322,0.001423064,0.001432968,0.001427121,0.001429695
0.001427322,0.001422195,0.001431704,0.001428071,0.001431704
0.001425529,0.001420979,0.001430098,0.001425783,0.001429145
0.001421532,0.001416254,0.001426278,0.001421498,0.001422524
0.001426292,0.001420298,0.001430258,0.00142782,0.001429884
0.001425147,0.001421209,0.001431268,0.001424552,0.001426594
0.001425043,0.001419634,0.001430222,0.001425191,0.001428584
0.001426836,0.001423508,0.001431425,0.001427009,0.001427115
0.001424275,0.001420628,0.001429834,0.001423868,0.001426044
0.001423796,0.001420858,0.001428905,0.001421805,0.001428905
0.001426937,0.001421878,0.001432032,0.001427793,0.001429664
0.001423807,0.001419458,0.001429934,0.001423743,0.001427145
0.00142577,0.001419222,0.001431754,0.001426132,0.001431754
0.001428231,0.001423098,0.001434005,0.001428535,0.001434005
0.001425193,0.001421668,0.001430382,0.001423434,0.001423304
0.001429321,0.001427078,0.001435165,0.001427646,0.001435165
0.001423685,0.001417708,0.001429094,0.001423636,0.001422594
0.001427815,0.001424479,0.001431855,0.001427753,0.001425765
0.001427732,0.001423754,0.001433169,0.001426291,0.001425434
0.001425,0.001420328,0.001429278,0.001425943,0.001427965
0.001426482,0.001422038,0.001430392,0.001427232,0.001429294
0.001424758,0.001418139,0.001428604,0.001425947,0.001426095
0.001421602,0.001417997,0.001426248,0.00142129,0.001424214
0.001427425,0.001420434,0.001434649,0.00142757,0.001430935
0.001425795,0.001422045,0.001432578,0.001424814,0.001422494
0.001428011,0.001423202,0.001432908,0.001428867,0.001426735
0.001425291,0.001420704,0.001431188,0.001424775,0.001420984
0.001423812,0.001419414,0.001429098,0.001423472,0.001419414
0.001423487,0.001420467,0.001428034,0.00142174,0.001421094
0.001424477,0.001421028,0.001429174,0.001423033,0.001429174
0.001424814,0.001420538,0.001431035,0.001424707,0.001423145
0.001426615,0.001422298,0.001430135,0.001427368,0.001423794
0.001421937,0.001417751,0.001426259,0.001422558,0.001420545
0.001428295,0.001424545,0.001433408,0.001427267,0.001430394
0.001426259,0.001423462,0.001431899,0.001425402,0.001427895
0.001425717,0.001419902,0.001432918,0.001424961,0.001422584
0.001429321,0.001425044,0.001436509,0.001428411,0.001433045
0.0014249,0.001421565,0.001430238,0.001423346,0.001422544
0.001425397,0.001420908,0.001428082,0.001427091,0.001427265
0.001428218,0.001424234,0.001432229,0.001428932,0.001424234
0.001424114,0.001420032,0.001427645,0.001424468,0.001426125
0.001426959,0.001421408,0.001432092,0.001426949,0.001425894
0.001426979,0.001423072,0.001430275,0.001428117,0.001428865
0.001426951,0.001420312,0.001430244,0.001429321,0.001429514
0.001419654,0.001415684,0.001426295,0.001418568,0.001426295
0.001428516,0.001425224,0.001432228,0.001429079,0.001430164
0.001425612,0.001421904,0.001428741,0.001425526,0.001428435
0.001425636,0.001421202,0.001431675,0.001424526,0.001423214
0.001424785,0.001419765,0.001430328,0.001425548,0.001428115
0.001425222,0.001421544,0.001432708,0.00142331,0.001421544
0.001425072,0.001421312,0.001430168,0.001424197,0.001424975
0.001423085,0.001419184,0.001428514,0.001422165,0.001419184
0.001421709,0.001416164,0.001426085,0.001421221,0.001418044
0.001425883,0.001421394,0.001433239,0.001426009,0.001427054
0.001428594,0.001423735,0.001434738,0.001428634,0.001429774
0.001427397,0.001422372,0.001433708,0.001427618,0.001422834
0.001428502,0.001423964,0.001433805,0.001428431,0.001433805
0.001416211,0.001414589,0.001419748,0.001415387,0.001414824
0.001411229,0.001410214,0.001413021,0.001410869,0.001410854
0.001424779,0.001420188,0.001430178,0.001423848,0.001421154
0.001425671,0.001422354,0.001431588,0.00142357,0.001427664
0.001426286,0.001422108,0.001431218,0.001425894,0.001429254
0.001427716,0.001422608,0.001431674,0.001428506,0.001426534
0.001426329,0.001421048,0.001430318,0.00142673,0.001424724
0.001426997,0.001420724,0.001432152,0.00142819,0.001420724
0.00142865,0.001424858,0.001433925,0.001428498,0.001426364
0.001428223,0.001422778,0.001434712,0.001427701,0.001424324
0.00142508,0.001420582,0.001430009,0.001426089,0.001421024
0.001425445,0.001422172,0.001429468,0.001425686,0.001426254
0.001428881,0.001424618,0.001434094,0.001428702,0.001434094
0.001426664,0.001422618,0.001430178,0.001426733,0.001424364
0.001425907,0.001420795,0.001430638,0.001426158,0.001425444
0.001426759,0.001421585,0.001432088,0.001425843,0.001423305
0.001427685,0.001421364,0.001433151,0.001427616,0.001422724
0.001430256,0.001424508,0.001436534,0.001430527,0.001436534
0.001426805,0.001422885,0.001432155,0.001426747,0.001432155
0.001429477,0.001423968,0.001434448,0.001429146,0.001428534
0.001430411,0.001426478,0.001435918,0.001430367,0.001427625
0.001428121,0.001424044,0.001433308,0.001427432,0.001424044
0.001424917,0.001422054,0.001429548,0.001423111,0.001422565
0.001425942,0.001421475,0.001431469,0.001425343,0.001423234
0.001430846,0.001425995,0.001435558,0.001431374,0.001433765
0.001428468,0.001422794,0.001434914,0.001429378,0.001434914
0.001424519,0.001418618,0.001429189,0.001424965,0.001427225
0.001424155,0.001419512,0.001430294,0.001423867,0.001430294
0.001418002,0.001415294,0.001422668,0.001417265,0.001421005
0.001428165,0.001422885,0.001431974,0.001428698,0.001431974
0.001428139,0.001422499,0.001433275,0.001428465,0.001433275
0.001428737,0.001423925,0.001433234,0.001429586,0.001433234
0.00142532,0.001419389,0.001430328,0.001425759,0.001425475
0.001423876,0.001419308,0.001429998,0.001422422,0.001427264
0.001425965,0.001420161,0.001433065,0.001425653,0.001433065
0.001423841,0.001420248,0.001428048,0.001423752,0.001427724
0.001418306,0.001413688,0.001423825,0.001417279,0.001416454
0.001424976,0.001419578,0.001431014,0.001424508,0.001421595
0.001424916,0.001420488,0.001431695,0.001423998,0.001430174
0.001426207,0.001422959,0.001429955,0.00142603,0.001429955
0.001426401,0.001421854,0.001431454,0.001425573,0.001421854
0.001423282,0.001418067,0.001428414,0.001423026,0.001428255
0.001424731,0.001422217,0.001429135,0.001423243,0.001426034
0.001418833,0.001414764,0.001424519,0.001418146,0.001417774
0.001433131,0.001426945,0.001439029,0.001433708,0.001435974
0.001426666,0.001419602,0.001432929,0.001427966,0.001429955
0.001425314,0.001420991,0.001430214,0.001424961,0.001430214
0.001429189,0.001423351,0.001434029,0.001430392,0.001429805
0.00142603,0.001420584,0.001432618,0.001426527,0.001420584
0.001425628,0.001419521,0.001431175,0.001426278,0.001431175
0.001426225,0.001421348,0.001430282,0.001427094,0.001424184
0.001428561,0.001423534,0.001433992,0.001428107,0.001427125
0.001427647,0.001421939,0.001433418,0.001428237,0.001423344
0.001426524,0.001422738,0.001431105,0.001426672,0.001431105
0.001430174,0.001425048,0.001435124,0.001431167,0.001431094
0.001425674,0.001422109,0.001428905,0.001426146,0.001428905
0.001424758,0.001420958,0.001431504,0.001423595,0.001431504
0.001424815,0.001420458,0.001428984,0.001425291,0.001423414
0.001429311,0.001425124,0.001434219,0.001428592,0.001430374
0.001426737,0.001421702,0.001430625,0.001427786,0.001429075
0.001426935,0.001422345,0.001431254,0.001428181,0.001427684
0.00142756,0.001421674,0.001434165,0.001426476,0.001424274
0.00142728,0.001420758,0.001432524,0.001427957,0.001432524
0.001425405,0.001419758,0.001428799,0.001426392,0.001427165
0.001425287,0.001422482,0.001429195,0.001423978,0.001428374
0.001426509,0.001422189,0.001429098,0.00142751,0.001423654
0.001427763,0.001421761,0.001433895,0.001428107,0.001427234
0.001425077,0.001421369,0.001428625,0.001424787,0.001428625
0.00142552,0.001421778,0.001429945,0.001424461,0.001425044
0.001423115,0.001420168,0.001426748,0.001422571,0.001422934
0.001423072,0.001418838,0.001428638,0.00142255,0.001424644
0.001427132,0.001423585,0.001432004,0.00142695,0.001432004
0.001428193,0.001423148,0.001436995,0.001426598,0.001436995
0.00142435,0.001421245,0.001427632,0.001424349,0.001425594
0.001426279,0.001420812,0.001431198,0.001427112,0.001430794
0.001424151,0.001419328,0.001430098,0.001422149,0.001421294
0.001426041,0.001420849,0.001429478,0.001427123,0.001428425
0.00141916,0.001415622,0.001423388,0.001417981,0.001421734
0.001424898,0.001418785,0.001429808,0.001426446,0.001426565
0.001430337,0.001425745,0.001436719,0.001429854,0.001427104
0.001429506,0.001425508,0.001435488,0.001429449,0.001426865
0.001426063,0.001422279,0.001431828,0.001425586,0.001422554
0.001427011,0.001422859,0.001432738,0.00142658,0.001427665
0.001427279,0.001423094,0.001431948,0.00142687,0.001423094
0.001420342,0.001414944,0.001426128,0.001419619,0.001416245
0.001426686,0.001420644,0.001432748,0.001426063,0.001420644
0.00142587,0.001420425,0.001431187,0.001425829,0.001425505
0.001425933,0.001421654,0.001431205,0.001426495,0.001421994
0.001424927,0.001420644,0.001429875,0.001424378,0.001429875
0.0014272,0.001423214,0.001432445,0.001426594,0.001423214
0.001427176,0.001421897,0.001432115,0.001426741,0.001430365
0.001425925,0.001421828,0.001430235,0.001426736,0.001427214
0.00142175,0.001418458,0.001426748,0.001419475,0.001426635
0.001427562,0.001423698,0.001432352,0.001426986,0.001430614
0.001423766,0.001419014,0.001429664,0.0014222,0.001419014
0.001423217,0.001418135,0.001427164,0.001423346,0.001425814
0.001425657,0.001420064,0.001431725,0.001425103,0.001422144
0.001426155,0.001423258,0.001431839,0.001425018,0.001423684
0.001427959,0.001422242,0.001432358,0.001428689,0.001429044
0.002421545,0.002416244,0.002425622,0.002422937,0.002422921
0.001473514,0.001466095,0.001480989,0.001472643,0.001466095
0.001432069,0.001428107,0.001436272,0.001432362,0.001434315
0.001429002,0.001423847,0.001433859,0.001430434,0.001430984
0.001427187,0.001422777,0.001434828,0.001426173,0.001427294
0.001426587,0.001421074,0.001432985,0.001426094,0.001429404
0.003084141,0.00263414,0.004096601,0.002638207,0.003696513
0.061732898,0.014600739,0.101151115,0.069946226,0.025749729
0.001474733,0.001467929,0.001485546,0.001473294,0.001476225
0.001430172,0.001423848,0.001436894,0.001431189,0.001430685
0.00142759,0.001421848,0.001431382,0.001428042,0.001423334
0.001429641,0.001424888,0.001437392,0.001428443,0.001432445
0.001429282,0.001424218,0.001435028,0.001428886,0.001433134
0.001427769,0.001423492,0.001432004,0.00142753,0.001432004
0.00142629,0.001421945,0.001432444,0.001425968,0.001423174
0.001428266,0.001423284,0.001434124,0.001426922,0.001434124
0.001426596,0.001420927,0.001430635,0.00142786,0.001430635
0.001423362,0.001418318,0.001428945,0.001422711,0.001427014
0.001426556,0.001422318,0.001431134,0.001425725,0.001423744
0.001429655,0.001426368,0.001433295,0.001429514,0.001429474
0.001426957,0.001420939,0.001433325,0.001427597,0.001428904
0.00142906,0.001423449,0.001435644,0.001429128,0.001431104
0.001426413,0.001421624,0.001431804,0.001426038,0.001423614
0.00142906,0.001423379,0.001433775,0.001429723,0.001426604
0.001427241,0.001424548,0.001431235,0.00142602,0.001425935
0.001428441,0.001424008,0.001432904,0.001428246,0.001425744
0.001430861,0.001423388,0.001438562,0.001431066,0.001426245
0.001428545,0.001423982,0.001434544,0.001428496,0.001434544
0.001427352,0.001422878,0.001431514,0.001427892,0.001428165
0.001428951,0.001422635,0.001435888,0.001430237,0.001424594
0.001427012,0.001420875,0.001432548,0.001427143,0.001424825
0.001426186,0.001421487,0.001430599,0.001426773,0.001427984
0.00142829,0.001425035,0.001433779,0.001426732,0.001426825
0.001427938,0.001421804,0.001433348,0.001428237,0.001421804
0.001425931,0.001421324,0.001431758,0.001426516,0.001421675
0.001426472,0.001422802,0.001430365,0.001426323,0.001429824
0.001429296,0.001420787,0.001438435,0.001429474,0.001424695
0.001427608,0.001423909,0.001433874,0.001427418,0.001433874
0.001427192,0.001422268,0.001433415,0.001426068,0.001433415
0.001424935,0.001419647,0.001431364,0.001424223,0.001429004
0.001430641,0.001423784,0.001435724,0.001431353,0.001435724
0.001427564,0.001422382,0.001434575,0.001426997,0.001423764
0.001427496,0.001422008,0.001431579,0.001427795,0.001425324
0.001427685,0.001423164,0.001432915,0.001427617,0.001429425
0.001425687,0.001419438,0.001430485,0.001425466,0.001430154
0.001419249,0.001416425,0.001422698,0.001418573,0.001419374
0.001423565,0.001418374,0.001430155,0.001423643,0.001420025
0.001425771,0.001421908,0.001429832,0.001425766,0.001424074
0.001425562,0.001420199,0.001431485,0.001425322,0.001423785
0.001426029,0.001421824,0.001430347,0.001426556,0.001429464
0.001427738,0.001423177,0.001431062,0.001429321,0.001429255
0.001421281,0.001417267,0.001425295,0.001421425,0.001418024
0.001426423,0.001422374,0.001429558,0.001426636,0.001424635
0.001420735,0.001417578,0.001423849,0.00142113,0.001421514
0.001426859,0.001422134,0.001431208,0.001426818,0.001429935
0.001429665,0.001426074,0.001434198,0.001429263,0.001427734
0.001426599,0.001423478,0.001429058,0.001427027,0.001427975
0.001430335,0.001426078,0.001433869,0.001429959,0.001429254
0.001427068,0.001421545,0.001434289,0.001426098,0.001431495
0.00142702,0.001423202,0.001431324,0.001426822,0.001431324
0.001422227,0.001417774,0.001427615,0.001421477,0.001427615
0.001430724,0.001424874,0.001436792,0.001430134,0.001426434
0.001425096,0.001420514,0.001428455,0.00142545,0.001422565
0.001426199,0.001421615,0.001429098,0.00142767,0.001429094
0.001425529,0.001420578,0.001430995,0.001425948,0.001421125
0.001424919,0.001419248,0.001430068,0.00142522,0.001420504
0.001427966,0.001422305,0.001435788,0.001427464,0.001422305
0.001428247,0.001424481,0.001432149,0.001427669,0.001426634
0.001431388,0.001424788,0.001435825,0.001432463,0.001435825
0.001422865,0.001418588,0.001427438,0.001422489,0.001418714
0.001424485,0.001419744,0.001430894,0.001424239,0.001427475
0.001427982,0.001422138,0.001435284,0.001427203,0.001435284
0.001426864,0.001422448,0.001432975,0.001425973,0.001425345
0.001425223,0.001419858,0.001432314,0.001424476,0.001421354
0.001426347,0.001421438,0.001432275,0.001425975,0.001423205
0.00142699,0.001421644,0.001431178,0.001428327,0.001429004
0.001422549,0.001417682,0.001428098,0.001424009,0.001424405
0.001427063,0.001420402,0.001431799,0.001428022,0.001430814
0.001430941,0.001425085,0.001436024,0.001432557,0.001431785
0.001427306,0.001421628,0.001434755,0.00142675,0.001431364
0.001419326,0.001413548,0.001423314,0.001420072,0.001422775
0.001425266,0.001420908,0.001430628,0.001424637,0.001422774
0.001429897,0.001425405,0.001436218,0.001429087,0.001426155
0.001424082,0.001419214,0.001428728,0.00142409,0.001420574
0.001426589,0.001420295,0.001431968,0.00142664,0.001429865
0.001429302,0.001422134,0.001435799,0.001428737,0.001432004
0.001429841,0.001425835,0.001436604,0.001429191,0.001425835
0.001426546,0.001422778,0.001431474,0.001426827,0.001431474
0.001423951,0.001419158,0.001429585,0.001423686,0.001429585
0.001427757,0.001424374,0.001431899,0.001428461,0.001424374
0.001424179,0.001418352,0.001430048,0.001425281,0.001424365
0.001476492,0.001465848,0.001483129,0.001477422,0.001480475
0.001434779,0.001429948,0.001440305,0.001434769,0.001440305
0.001424392,0.001420198,0.001428109,0.001424007,0.001421854
0.001423773,0.001419188,0.001428339,0.001422817,0.001424605
0.001432604,0.001425995,0.001439048,0.001434129,0.001434264
0.00143017,0.001425104,0.001436348,0.001430336,0.001426635
0.001427368,0.001424748,0.001430762,0.001427326,0.001428774
0.001428215,0.001423268,0.001433282,0.001428718,0.001432275
0.001425537,0.001419228,0.001430424,0.001426307,0.001430424
0.001423691,0.001418892,0.001428704,0.001423407,0.001421855
0.00142532,0.001418915,0.001429379,0.001427623,0.001427574
0.001428328,0.001422594,0.001433908,0.001429246,0.001430685
0.001429017,0.001424385,0.001435538,0.001429833,0.001430054
0.001429705,0.001424834,0.001435935,0.001429772,0.001435935
0.001423772,0.001417768,0.001430194,0.001424061,0.001430194
0.001424851,0.001420328,0.001429895,0.001424464,0.001429565
0.001426467,0.001422831,0.001430489,0.001426528,0.001423434
0.00142631,0.001422408,0.001431055,0.001424691,0.001431055
0.001425417,0.001418991,0.001430048,0.001426368,0.001422454
0.001428089,0.001423468,0.001434029,0.001428962,0.001429525
0.0014268,0.001422348,0.001433038,0.001426995,0.001424704
0.001424782,0.001421919,0.001428618,0.001423991,0.001423445
0.00142909,0.001425534,0.001436429,0.001428165,0.001425534
0.001426708,0.001420925,0.001430565,0.001428518,0.001420925
0.001426107,0.001422524,0.001431834,0.001425615,0.001422894
0.001436531,0.001431649,0.001441565,0.001434558,0.001434965
0.001428552,0.001423368,0.001434589,0.001428568,0.001425744
0.001421026,0.001415248,0.001427298,0.001420092,0.001419134
0.0014292,0.001422555,0.001433802,0.001429636,0.001429404
0.00142704,0.001422145,0.001431998,0.001427022,0.001430154
0.001423977,0.001420902,0.001427614,0.001423032,0.001426934
0.001427556,0.001422694,0.001432818,0.00142699,0.001424254
0.001427474,0.001422805,0.001430454,0.001428121,0.001428634
0.001425651,0.001420369,0.001429862,0.001425558,0.001429264
0.001426227,0.001421148,0.001430384,0.001426647,0.001430384
0.001430272,0.001422138,0.001436408,0.001430709,0.001425585
0.001427916,0.001424394,0.001430605,0.001429588,0.001424394
0.001429181,0.001423838,0.001435038,0.001429023,0.001425964
0.001428531,0.001422975,0.001433239,0.001428338,0.001432655
0.001423791,0.001419544,0.001429194,0.001423453,0.001429194
0.001425959,0.001419114,0.001433334,0.001425829,0.001429995
0.001429531,0.001423468,0.001436794,0.001429595,0.001436794
0.001427984,0.001423415,0.001431328,0.001429663,0.001430105
0.001425445,0.001420844,0.001430584,0.00142492,0.001427284
0.001427575,0.001423211,0.001430009,0.001428633,0.001426555
0.001422002,0.001419058,0.001424942,0.001421706,0.001424584
0.00142666,0.001422004,0.001431808,0.001426516,0.001422004
0.001428117,0.001423258,0.001433905,0.00142862,0.001431924
0.00142652,0.001421818,0.001432758,0.001425328,0.001426725
0.001426532,0.001420714,0.001430688,0.00142705,0.001428814
0.001426789,0.001423398,0.001432608,0.001426651,0.001423405
0.001431169,0.001425564,0.001438878,0.001431403,0.001435864
0.001425573,0.001419784,0.001429788,0.001427078,0.001429265
0.001426905,0.001420942,0.001431165,0.001429266,0.001429364
0.001426458,0.001419438,0.001432132,0.001427986,0.001430585
0.001415051,0.001412215,0.001418008,0.001414986,0.001415764
0.00142188,0.001415605,0.001428054,0.001422533,0.001423164
0.00142597,0.001420838,0.001432159,0.001425566,0.001426075
0.001426657,0.001422938,0.001431219,0.001425941,0.001429294
0.00142553,0.001421668,0.001430085,0.001424668,0.001430085
0.001426111,0.001422588,0.001430888,0.001424379,0.001424774
0.001428049,0.001421264,0.001435778,0.001426996,0.001432245
0.001430486,0.001421942,0.001436765,0.001433497,0.001433615
0.001430422,0.001425995,0.001436964,0.001429808,0.001436964
0.001426372,0.001421048,0.001430925,0.001426628,0.001430925
0.00142754,0.001423119,0.001433155,0.001427283,0.001423124
0.001427016,0.001420808,0.001430889,0.001427348,0.001425185
0.001422032,0.001417194,0.001425388,0.001422408,0.001417194
0.001426836,0.001422668,0.001430608,0.001426779,0.001426904
0.001422877,0.001420518,0.001426172,0.001421763,0.001425184
0.001427743,0.001422198,0.001433728,0.001427865,0.001423594
0.00142804,0.001422398,0.001434058,0.001427743,0.001433444
0.001425896,0.001423359,0.001431208,0.001425242,0.001427894
0.001430957,0.001426764,0.001436605,0.001430517,0.001428974
0.001429696,0.001425185,0.001435522,0.001428076,0.001426055
0.001427447,0.001422794,0.001431079,0.00142789,0.001429914
0.001427164,0.001423889,0.001429595,0.001428177,0.001429595
0.001430788,0.001424198,0.001439134,0.001430832,0.001439134
0.00142432,0.001420415,0.001428748,0.001422815,0.001421795
0.001424959,0.001421998,0.001428212,0.001424129,0.001422814
0.00142566,0.001418968,0.001431952,0.001424308,0.001421205
0.001427417,0.001423055,0.001431609,0.001427124,0.001424464
0.001427017,0.001421054,0.001431525,0.001427474,0.001431525
0.001427246,0.001421689,0.001432888,0.001427109,0.001431784
0.001430512,0.001425858,0.001435625,0.001431407,0.001435625
0.001427637,0.001421298,0.001432709,0.001429952,0.001430584
0.001425098,0.001420708,0.001427748,0.001426774,0.001421255
0.001428708,0.001422469,0.001434895,0.001428993,0.001431514
0.001428421,0.001422735,0.001432262,0.001430126,0.001431375
0.001428442,0.001423528,0.001432164,0.001429208,0.001432164
0.001428769,0.001425109,0.001435192,0.001428021,0.001432135
0.001427597,0.001423328,0.001432134,0.001427376,0.001426604
0.001425405,0.001421352,0.001429628,0.001424841,0.001428014
0.001427116,0.001422365,0.001432104,0.001427335,0.001432104
0.001427827,0.001423218,0.001434565,0.001428767,0.001434565
0.001424178,0.001419788,0.001431979,0.001422548,0.001422074
0.001429058,0.001425235,0.001434839,0.00142886,0.001428684
0.001425643,0.001420374,0.001428479,0.001427175,0.001422914
0.001425943,0.001419209,0.001429062,0.001427261,0.001425004
0.001424895,0.001420405,0.001428794,0.001426069,0.001428794
0.001422752,0.001416001,0.001429219,0.00142444,0.001425155
0.001424997,0.001419601,0.001431644,0.001424653,0.001431644
0.001424255,0.001418871,0.001430084,0.001423323,0.001429095
0.001428737,0.001423821,0.001432274,0.001430171,0.001432274
0.001426971,0.001424344,0.001430174,0.001427273,0.001429085
0.00142969,0.001425265,0.001434372,0.001429648,0.001432074
0.001426592,0.001424242,0.001429335,0.001426104,0.001429335
0.001426498,0.001421274,0.001431698,0.001426913,0.001428934
0.001428298,0.001424205,0.001433659,0.001427412,0.001424205
0.001427325,0.001420204,0.001434219,0.001426936,0.001420204
0.00143124,0.001426184,0.001436938,0.001431055,0.001434325
0.001429467,0.001424688,0.001436098,0.001429079,0.001426874
0.001427083,0.001420225,0.001433278,0.001426491,0.001429654
0.001428803,0.001426154,0.001433969,0.001427543,0.001427934
0.00142571,0.001422052,0.001429899,0.001424631,0.001422904
0.001422331,0.001416664,0.001427799,0.001422956,0.001416664
0.001426126,0.001422295,0.001433608,0.001423705,0.001422604
0.001423976,0.001417624,0.001428514,0.001425003,0.001428514
0.001425131,0.001421514,0.001430309,0.00142368,0.001430265
0.001428117,0.001421804,0.001433682,0.001428121,0.001430644
0.001427192,0.001422554,0.001429998,0.001428626,0.001422554
0.001426158,0.001421948,0.001429865,0.001426568,0.001429104
0.00142781,0.001424409,0.001434825,0.0014263,0.001434825
0.001427651,0.001422441,0.001432229,0.001428579,0.001431044
0.001429175,0.001426218,0.001433324,0.001429233,0.001433324
0.001427241,0.001422179,0.001432315,0.001427055,0.001425314
0.001428323,0.001424174,0.001432054,0.001429366,0.001432054
0.00142635,0.001420748,0.001430059,0.001428213,0.001428634
0.001428112,0.001424178,0.001432774,0.001428155,0.001432774
0.001420533,0.001418504,0.001424248,0.001420555,0.001419184
0.001425811,0.001421525,0.001432559,0.001423998,0.001421775
0.001430769,0.001425574,0.001438298,0.001430351,0.001433204
0.001421522,0.001418032,0.001425244,0.001421363,0.001425244
0.001430845,0.001425888,0.001437845,0.001429551,0.001429644
0.001427422,0.001421458,0.001430529,0.001428758,0.001427534
0.001424959,0.001418125,0.001429538,0.001425366,0.001422984
0.00142594,0.001423172,0.001429414,0.001425658,0.001428424
0.001422372,0.001418118,0.001427328,0.001422126,0.001427124
0.001431595,0.001425934,0.001439158,0.001431392,0.001431115
0.001427939,0.001424118,0.001434508,0.001426573,0.001425944
0.001430829,0.001424375,0.001435168,0.00143303,0.001432834
0.001418095,0.001415848,0.001421902,0.001417586,0.001417034
0.001428128,0.001423919,0.001432235,0.001428121,0.001424255
0.001426858,0.001423625,0.001431528,0.001426336,0.001425594
0.001427563,0.001422214,0.001432749,0.001428056,0.001426114
0.001428467,0.001422745,0.001433835,0.001427032,0.001428044
0.00142676,0.001423724,0.001430655,0.00142658,0.001423724
0.001430693,0.001425329,0.001436974,0.001430976,0.001432584
0.00142766,0.001424474,0.001432192,0.001427773,0.001424474
0.001426245,0.001421938,0.001429802,0.001426656,0.001428804
0.001427025,0.001420898,0.001431434,0.001427571,0.001428984
0.001428684,0.001424485,0.001432542,0.001428576,0.001426774
0.001426727,0.001422769,0.001429938,0.001427309,0.001427494
0.00142255,0.001418488,0.001426408,0.001422637,0.001424554
0.00143001,0.001423539,0.001435905,0.001431263,0.001427174
0.001422251,0.001415488,0.001427584,0.001423905,0.001421064
0.001425146,0.001420028,0.001429055,0.001426366,0.001428815
0.001422956,0.001417125,0.001428689,0.001423608,0.001425684
0.001430136,0.001423412,0.001434258,0.001432037,0.001433645
0.001426978,0.001420174,0.001431954,0.001427608,0.001429734
0.001429302,0.001424374,0.001436169,0.001428194,0.001433525
0.001427802,0.001422809,0.001432215,0.001428288,0.001428744
0.001426448,0.001421544,0.001430804,0.001427763,0.001430804
0.001428738,0.001424094,0.001434259,0.001428701,0.001431164
0.001426387,0.001421889,0.001432178,0.00142562,0.001429234
0.001430171,0.001425238,0.001435588,0.001429693,0.001434935
0.001428706,0.001424559,0.001431244,0.001430152,0.001426854
0.001428059,0.001423195,0.001432688,0.001427847,0.001424114
0.001431673,0.001426549,0.001435854,0.001433457,0.001434064
0.001426127,0.001419738,0.001432045,0.001427364,0.001430815
0.001424515,0.001418068,0.001429934,0.001424803,0.001429934
0.001427717,0.001424348,0.001430969,0.001427985,0.001428915
0.001430204,0.001424849,0.001435715,0.001430698,0.001432404
0.00142808,0.001422258,0.001433182,0.001427988,0.001425285
0.001429593,0.001426204,0.001435204,0.001427701,0.001426204
0.001429861,0.001425354,0.001435329,0.00142928,0.001428155
0.001427199,0.001423102,0.001430959,0.001426167,0.001430794
0.001428401,0.001421665,0.001433409,0.001428606,0.001421665
0.001426882,0.001422732,0.001432898,0.001426152,0.001429664
0.001428187,0.001421789,0.001432908,0.001428925,0.001432874
0.001426244,0.001419528,0.001432139,0.00142577,0.001431774
0.001435882,0.001430138,0.001442185,0.001435299,0.001432124
0.00142565,0.001422798,0.001429115,0.001426122,0.001426265
0.00142412,0.001420108,0.001426914,0.00142481,0.001426914
0.001425058,0.001420078,0.001429898,0.001424263,0.001425064
0.001424173,0.001420974,0.001429378,0.001423746,0.001423024
0.001429315,0.001421468,0.001435045,0.001430974,0.001434935
0.001454456,0.001424178,0.001476182,0.001469887,0.001471725
0.001672705,0.001659479,0.001684285,0.00167166,0.001683499
0.001479005,0.001473419,0.001484389,0.001478062,0.001478675
0.001432881,0.001426999,0.001436595,0.001433432,0.001436595
0.001427378,0.001420288,0.001433844,0.001427744,0.001429904
0.001428801,0.001424755,0.001432602,0.001428555,0.001429005
0.001445714,0.001438768,0.001454485,0.001443124,0.001450905
0.001425205,0.001419914,0.001430702,0.001425284,0.001427584
0.001442655,0.001434455,0.001447219,0.001445729,0.001445725
0.001430599,0.001427125,0.001436448,0.001429347,0.001428154
0.001427659,0.001421325,0.001432789,0.001428434,0.001423175
0.001431011,0.001426458,0.001436579,0.001430518,0.001427564
0.001428843,0.001422654,0.001434948,0.001430377,0.001430584
0.001426851,0.001422329,0.001431388,0.001426876,0.001429125
0.001426003,0.001421708,0.001429099,0.001426056,0.001424304
0.001437494,0.001431918,0.001442958,0.001437581,0.001441295
0.00142791,0.001421808,0.001432925,0.001428466,0.001428914
0.001434625,0.001428617,0.001439634,0.001434749,0.001439085
0.001427037,0.001421768,0.001431685,0.001428776,0.001429674
0.001421173,0.001416678,0.001425375,0.001421362,0.001421734
0.001428995,0.001422554,0.001435344,0.001429739,0.001433134
0.001427479,0.001421545,0.001431819,0.001428723,0.001426755
0.001436444,0.001431369,0.001442102,0.001435541,0.001441555
0.001442347,0.001435408,0.001447968,0.001443158,0.001447814
0.001426383,0.001421834,0.001431664,0.00142755,0.001422115
0.001426517,0.001423035,0.001431388,0.0014261,0.001424164
0.001426251,0.001421525,0.001431958,0.001426071,0.001425845
0.001430569,0.001426008,0.001434144,0.001431913,0.001433334
0.001428179,0.001423355,0.001433065,0.001428864,0.001433065
0.001438768,0.001432669,0.001447195,0.001437632,0.001438355
0.001425611,0.001418828,0.001431518,0.001426901,0.001429764
0.001424341,0.001420138,0.001428149,0.001424215,0.001423135
0.001425906,0.001420574,0.001431994,0.001425034,0.001420574
0.001429704,0.001424789,0.001435008,0.001430188,0.001434005
0.001430738,0.001426064,0.001436548,0.001430115,0.001427234
0.001434892,0.001430278,0.001437851,0.001436462,0.001436725
0.001427887,0.001422788,0.001433071,0.001426856,0.001426684
0.00142666,0.001422375,0.001432712,0.00142586,0.001422375
0.001426852,0.001422194,0.001431579,0.001426009,0.001423684
0.001426735,0.001420058,0.001432808,0.001428318,0.001429014
0.001424608,0.001419164,0.001428817,0.001424913,0.001425904
0.001426733,0.001420787,0.001431288,0.001427225,0.001427065
0.001425561,0.001418925,0.001431875,0.001426905,0.001429894
0.001427086,0.001422027,0.001431775,0.001427392,0.001431775
0.001426627,0.001423515,0.001428838,0.001427575,0.001428474
0.001426468,0.001421558,0.001433075,0.001425916,0.001433075
0.001425001,0.001420308,0.001430514,0.001425561,0.001427274
0.001428711,0.001425622,0.001432439,0.001428912,0.001426205
0.001430652,0.001425009,0.001435802,0.001432021,0.001431494
0.001430345,0.001424579,0.001436704,0.001429413,0.001436704
0.001914868,0.00159702,0.002120166,0.001930349,0.002120166
0.001435772,0.001422855,0.001446228,0.001437277,0.001428275
0.001463023,0.001435425,0.00150707,0.001453669,0.001435425
0.00142575,0.001420594,0.001431478,0.001425079,0.001422694
0.001426554,0.001423849,0.001428508,0.001426592,0.001427325
0.001424958,0.001420128,0.001429708,0.001425262,0.001428704
0.001438171,0.001433754,0.001446245,0.001435529,0.001442035
0.001439548,0.001435205,0.001444642,0.001439165,0.001437185
0.00142341,0.001419225,0.001429114,0.001422669,0.001429114
0.001427245,0.001421548,0.001432992,0.001426171,0.001431835
0.00143162,0.001427028,0.001437258,0.001431312,0.001435564
0.00142754,0.001421715,0.001433015,0.001427902,0.001428235
0.001424269,0.001419974,0.001429454,0.001423853,0.001426624
0.001437276,0.001432455,0.001442955,0.001437421,0.001438565
0.001421684,0.001416528,0.001427054,0.001421353,0.001427054
0.001425774,0.001420608,0.001431945,0.00142589,0.001427845
0.001427313,0.001423325,0.001433229,0.001427206,0.001424514
0.001425392,0.001420404,0.001432559,0.001424775,0.001422785
0.001434036,0.001430215,0.001439888,0.001433187,0.001437874
0.001440836,0.001436829,0.001446495,0.00144068,0.001443255
0.001433169,0.001427028,0.001439468,0.001433627,0.001437985
0.001425071,0.001421224,0.001431118,0.001424061,0.001421224
0.001425735,0.001422169,0.001432619,0.001424611,0.001422385
0.001428961,0.001425489,0.001434642,0.001428803,0.001429614
0.001428292,0.001424208,0.001433415,0.00142781,0.001433415
0.001431271,0.001426245,0.001436725,0.001430243,0.001427864
0.001422483,0.001418324,0.001425661,0.001423116,0.001423564
0.001426055,0.001421295,0.001430148,0.00142631,0.001429264
0.001426151,0.001422165,0.001430278,0.001427027,0.001426345
0.001427868,0.001424568,0.001432094,0.001427826,0.001427994
0.00142621,0.001422217,0.001430049,0.001426676,0.001422835
0.001427092,0.001424014,0.001430319,0.001427111,0.001427444
0.001428346,0.001423564,0.001432485,0.001429376,0.001432485
0.001423486,0.001418088,0.001428475,0.001423524,0.001420524
0.001437176,0.001432015,0.001444428,0.001435472,0.001433955
0.001427913,0.001425484,0.001431708,0.001427913,0.001425494
0.001428025,0.001424179,0.001434314,0.001426902,0.001434314
0.001418267,0.001415308,0.001422829,0.001417981,0.001417744
0.00142824,0.001425338,0.001434398,0.001426977,0.001426095
0.001435658,0.001430195,0.001441315,0.001434909,0.001441315
0.001424462,0.001418509,0.001429139,0.001425802,0.001427114
0.001434267,0.001429924,0.001439789,0.001434045,0.001436635
0.001435631,0.001429914,0.001442799,0.001433654,0.001438314
0.001426391,0.001421168,0.001431608,0.00142783,0.001427625
0.001428519,0.001424959,0.001433259,0.001427898,0.001431714
0.001428146,0.001425195,0.001430925,0.001428218,0.001425195
0.001437274,0.001431828,0.001442685,0.001436508,0.001442685
0.001438291,0.001433498,0.001444599,0.001436098,0.001434594
0.001441561,0.001437488,0.001445435,0.001441277,0.001445435
0.001427546,0.001421148,0.001430999,0.001428983,0.001430575
0.001421001,0.001419458,0.001423079,0.001420669,0.001420664
0.001424205,0.001419418,0.001428692,0.001423451,0.001428274
0.001428396,0.001422788,0.001433508,0.001428027,0.001426655
0.001428196,0.001424574,0.001431094,0.001427955,0.001431094
0.001428062,0.001421815,0.001433724,0.001427843,0.001433724
0.001437185,0.001432414,0.001441498,0.001437321,0.001439595
0.00144097,0.001435335,0.001447699,0.001440188,0.001438684
0.00143894,0.001434794,0.001444235,0.001437941,0.001444235
0.001427688,0.001424285,0.001431138,0.001427446,0.001427815
0.001424389,0.001419792,0.001427319,0.001424426,0.001427294
0.001426796,0.001421028,0.001432968,0.001426524,0.001429885
0.001425195,0.001422329,0.001429185,0.001425078,0.001425394
0.001435333,0.001431484,0.001440812,0.001434257,0.001431765
0.001435666,0.001428974,0.001440714,0.00143729,0.001438494
0.001425577,0.001418187,0.001429674,0.00142695,0.001426355
0.001425176,0.001421084,0.001431452,0.001424153,0.001421084
0.001428339,0.001423365,0.001432934,0.00142958,0.001423365
0.001436336,0.001430805,0.001441349,0.001436372,0.001438874
0.001433774,0.001428584,0.001438952,0.001433748,0.001428584
0.001440399,0.001436645,0.001447768,0.001439469,0.001442705
0.00142442,0.001419154,0.001428972,0.001424104,0.001419154
0.001425076,0.001418419,0.001429999,0.001426959,0.001425445
0.001428996,0.001421295,0.001433322,0.001430001,0.001428074
0.001428301,0.001423808,0.001433915,0.001428448,0.001433915
0.001432059,0.001423235,0.001441462,0.001428411,0.001429824
0.001439634,0.001433954,0.001443885,0.001440514,0.001433954
0.001440546,0.001434755,0.001446622,0.001440272,0.001442655
0.001425105,0.001420234,0.001429798,0.001425328,0.001420234
0.001429531,0.001425229,0.001435745,0.001429577,0.001431474
0.001428171,0.001424338,0.001434652,0.001426536,0.001425854
0.001427766,0.001423914,0.001431318,0.001428558,0.001423974
0.001440339,0.001434405,0.001444645,0.00144065,0.001434405
0.001428912,0.001423318,0.001433212,0.001429163,0.001428684
0.001435455,0.001431084,0.001442249,0.001433054,0.001431084
0.001430958,0.001425264,0.001435229,0.001431801,0.001430145
0.001428168,0.001422255,0.001434378,0.00142781,0.001431914
0.001437229,0.001433159,0.001439795,0.001438027,0.001439795
0.001432588,0.001428028,0.001438162,0.001431156,0.001431004
0.001433856,0.001430464,0.001440014,0.001432836,0.001440014
0.001435102,0.001430509,0.001441799,0.001432455,0.001431835
0.001439287,0.001431995,0.001445229,0.001439187,0.001441544
0.001432517,0.001426644,0.001438508,0.001431178,0.001428334
0.001426333,0.001422119,0.001429562,0.001427463,0.001423985
0.001427387,0.001421268,0.001434172,0.001426667,0.001422124
0.001426762,0.001420825,0.001431778,0.001426438,0.001422915
0.00143383,0.001426884,0.001438788,0.001434466,0.001433284
0.001421647,0.001417848,0.001427205,0.001421132,0.001418745
0.00143489,0.001429648,0.001438628,0.001436467,0.001437934
0.00142647,0.001422388,0.001429242,0.001427219,0.001425015
0.001421953,0.001417148,0.001427768,0.0014215,0.001419304
0.001423651,0.001419415,0.001429378,0.001422431,0.001419415
0.001427079,0.001420935,0.001432908,0.001427511,0.001423004
0.001436665,0.001429854,0.001441498,0.001437208,0.001432435
0.001441975,0.001435154,0.001448295,0.001441299,0.001435154
0.001425084,0.001418808,0.001431638,0.00142577,0.001427104
0.001426708,0.001423538,0.001431168,0.001426563,0.001423874
0.001424853,0.001421534,0.001431288,0.001423098,0.001421534
0.001428868,0.001423555,0.001433925,0.00142964,0.001430725
0.001427848,0.001420879,0.001432585,0.001429008,0.001424224
0.001425691,0.001421734,0.001429438,0.001426741,0.001427565
0.001424047,0.001419618,0.001427414,0.001425541,0.001427414
0.001427601,0.001422319,0.001431848,0.001429256,0.001430575
0.001425613,0.001422088,0.001429778,0.001425797,0.001426904
0.001426645,0.001421445,0.001432188,0.001427747,0.001429065
0.001425143,0.001421844,0.001428844,0.001424188,0.001428844
0.001422041,0.001418428,0.001425638,0.001422784,0.001424424
0.001426967,0.001421314,0.001432024,0.00142687,0.001421314
0.001428076,0.001423218,0.001432882,0.001428157,0.001425254
0.001436205,0.001430729,0.001442465,0.001436262,0.001431774
0.00143041,0.001424698,0.001436015,0.001430261,0.001436015
0.001426161,0.001422668,0.001430794,0.001425866,0.001430794
0.001437755,0.001433139,0.001443535,0.001435934,0.001442445
0.001430256,0.001423885,0.001435105,0.001430905,0.001432824
0.001427317,0.001423288,0.001431154,0.001427389,0.001427694
0.001437611,0.001431128,0.001444392,0.00143704,0.001435225
0.001428937,0.001424468,0.001432734,0.00142887,0.001429174
0.001427465,0.001424664,0.001433521,0.001426467,0.001426635
0.0014259,0.001422115,0.001429815,0.001426129,0.001428134
0.00142646,0.001420088,0.001431538,0.001426412,0.001429035
0.001439677,0.001431648,0.001446304,0.001440702,0.001446304
0.001427696,0.001422644,0.001433351,0.001428399,0.001422644
0.001437202,0.001430588,0.001444702,0.001435089,0.001432385
0.001442121,0.001438465,0.001447028,0.001441541,0.001443134
0.001427861,0.001424384,0.001431598,0.001428052,0.001424384
0.001428207,0.001424137,0.001432649,0.001429165,0.001429204
0.001426781,0.001421538,0.001431628,0.001427221,0.001423944
0.001438953,0.001435158,0.001444535,0.001438099,0.001444535
0.00143226,0.001425989,0.001439344,0.001432321,0.001429214
0.001424539,0.001419895,0.001428719,0.001424256,0.001422015
0.001428967,0.001424188,0.001435718,0.001428386,0.001430734
0.001423923,0.001420939,0.001426595,0.001423365,0.001421235
0.00142481,0.001421395,0.001427884,0.001424668,0.001427884
0.001427775,0.001421058,0.001433388,0.001429135,0.001428075
0.001428316,0.001422245,0.001431495,0.001428692,0.001428324
0.001436573,0.001430239,0.001441999,0.001435623,0.001434405
0.001428747,0.001422144,0.001433784,0.001430322,0.001431754
0.001424496,0.001418809,0.001427972,0.001425248,0.001423894
0.001431929,0.001422525,0.001447285,0.001428556,0.001428194
0.001436256,0.001431318,0.001442862,0.001435912,0.001431904
0.001426321,0.001420134,0.001430469,0.001427801,0.001427295
0.001425847,0.001421448,0.001430725,0.00142614,0.001427424
0.001431046,0.001424968,0.001436685,0.001430627,0.001435895
0.001428185,0.001420838,0.001433014,0.001430923,0.001433014
0.001427261,0.001421789,0.001432927,0.001427608,0.001426284
0.001422861,0.001417884,0.001427618,0.001422549,0.001419514
0.001423875,0.001418915,0.001428109,0.001424435,0.001418985
0.001423488,0.001418748,0.001428418,0.001423002,0.001420634
0.001429204,0.001424084,0.001433088,0.00142955,0.001429525
0.001427607,0.001424528,0.001430908,0.001428209,0.001428584
0.001432682,0.001426735,0.001439885,0.001432583,0.001428495
0.001438659,0.001433629,0.001442682,0.001439026,0.001441845
0.001425828,0.001419215,0.001429771,0.001427237,0.001426754
0.001423847,0.001420188,0.001428474,0.001423407,0.001427195
0.001427069,0.001421248,0.001432499,0.001426437,0.001423454
0.001435081,0.001430085,0.001439745,0.001435757,0.001435255
0.001434852,0.001430288,0.001441555,0.001433949,0.001437084
0.001421079,0.001415838,0.001425554,0.001421377,0.001418485
0.001428521,0.001424875,0.001432954,0.001427569,0.001432954
0.00142266,0.001417464,0.001426568,0.001423988,0.001421145
0.001437292,0.001434235,0.001443238,0.001435702,0.001435684
0.001439736,0.001434675,0.001445482,0.001438924,0.001435784
0.001442009,0.001436815,0.001446789,0.001441999,0.001440715
0.00143468,0.001428234,0.001441745,0.001434805,0.001441745
0.00142449,0.001419319,0.001428454,0.001424673,0.001428454
0.001429853,0.001424268,0.001435808,0.001429142,0.001429705
0.001430072,0.001424915,0.001435118,0.001430023,0.001426814
0.001431771,0.001427484,0.001437488,0.001431308,0.001428715
0.001438418,0.001432095,0.001445898,0.001437532,0.001432834
0.001427997,0.001423398,0.001433002,0.001428504,0.001427484
0.001427977,0.001423314,0.001434322,0.001427763,0.001423314
0.001435177,0.001428834,0.001440562,0.001433793,0.001431424
0.001424689,0.001420845,0.001427615,0.001424786,0.001425845
0.001422985,0.001419829,0.001428392,0.001422371,0.001426264
0.00142326,0.001417938,0.001427784,0.001423225,0.001424845
0.001430667,0.001426435,0.001437128,0.001429521,0.001431554
0.00143281,0.001426494,0.001437988,0.001432395,0.001431705
0.001427763,0.001423059,0.001432218,0.001427576,0.001428024
0.001425542,0.001421755,0.001432545,0.001424713,0.001422185
0.001433887,0.001429265,0.001439105,0.001434353,0.001435864
0.001428169,0.001422479,0.001431804,0.001430946,0.001431705
0.001424065,0.001420858,0.001427574,0.001423997,0.001427574
0.001424371,0.001419285,0.001429209,0.00142378,0.001419285
0.001436295,0.001432878,0.001442485,0.001434591,0.001435004
0.001426045,0.001422359,0.001432295,0.00142326,0.001423524
0.001420422,0.001415929,0.001424681,0.001420381,0.001422074
0.001423721,0.001417874,0.001429658,0.001424,0.001426584
0.001420027,0.001417214,0.001425428,0.001418311,0.001417214
0.001416258,0.001413524,0.001419668,0.001416368,0.001413524
0.001427517,0.001420878,0.001433004,0.001429326,0.001433004
0.00142557,0.001422895,0.001429298,0.001425106,0.001426334
0.001432496,0.001426735,0.001438895,0.001432293,0.001428304
0.00142921,0.001425009,0.001433844,0.001429266,0.001432615
0.00143096,0.001425228,0.001435538,0.001430555,0.001432584
0.00142944,0.001424844,0.001433829,0.001429945,0.001433025
0.001425832,0.001421708,0.001429992,0.001426816,0.001426204
0.001418879,0.001417281,0.001421265,0.001418443,0.001417524
0.00142646,0.001421098,0.001432105,0.00142691,0.001421864
0.001430571,0.001427798,0.001433208,0.001430718,0.001431124
0.001424868,0.001420717,0.001429158,0.001424841,0.001423734
0.001426946,0.001424064,0.001431474,0.001426651,0.001426204
0.001426425,0.001423505,0.001430175,0.001425356,0.001424694
0.001427154,0.001422778,0.001430899,0.001427364,0.001430845
0.001425527,0.001421928,0.001431079,0.001424919,0.001422914
0.001425133,0.001421738,0.001430687,0.001423299,0.001422924
0.00143215,0.001425828,0.001438425,0.00143245,0.001435174
0.001430064,0.001425254,0.001433249,0.001431267,0.001431135
0.001427466,0.001423408,0.001434488,0.001425683,0.001430664
0.001430434,0.001425205,0.001435739,0.00143082,0.001425205
0.001430577,0.001424435,0.001435484,0.00143284,0.001425094
0.001427631,0.001423118,0.001431949,0.001428946,0.001423455
0.001427161,0.001423314,0.001431325,0.001427593,0.001423314
0.001430973,0.001426178,0.001437755,0.001430492,0.001437755
0.001429681,0.001426202,0.001435304,0.001428222,0.001435304
0.001436014,0.001430428,0.001442675,0.001436461,0.001438584
0.001427916,0.001425578,0.001430419,0.001427556,0.001426155
0.0014247,0.001419878,0.001429925,0.001424893,0.001426654
0.001425691,0.001420568,0.001431319,0.001423661,0.001423064
0.001426966,0.001421552,0.001432229,0.001426743,0.001430914
0.001426621,0.001421885,0.001429855,0.001427296,0.001429635
0.001429064,0.001425789,0.001433162,0.001427519,0.001427474
0.001429927,0.001425275,0.001432628,0.001430704,0.001431975
0.001429849,0.001426468,0.001434392,0.001429659,0.001430054
0.00142461,0.001418825,0.001431014,0.001423825,0.001418825
0.001423523,0.001418855,0.001429475,0.001423693,0.001420494
0.00142473,0.001420601,0.001430169,0.001424367,0.001422855
0.00142798,0.001424594,0.001431658,0.001428187,0.001428154
0.001431129,0.001426125,0.001434738,0.001430946,0.001426125
0.001428199,0.001422929,0.001432928,0.001428684,0.001429394
0.001423903,0.001420864,0.001429344,0.001423399,0.001421295
0.001420185,0.001416165,0.001425798,0.001419656,0.001418934
0.001421576,0.001420009,0.001425249,0.001420909,0.001421014
0.001427687,0.001422208,0.001434408,0.001427351,0.001424154
0.001427577,0.001422124,0.001431135,0.001428849,0.001424954
0.00141843,0.001415024,0.001423279,0.001419196,0.001415024
0.001427475,0.001421772,0.001432708,0.001427545,0.001428124
0.001426905,0.001420787,0.001432318,0.001426847,0.001424255
0.001426103,0.001423088,0.001432139,0.001424459,0.001428454
0.001422782,0.001420828,0.001427928,0.001422412,0.001422625
0.001427407,0.001422651,0.001434468,0.00142743,0.001422914
0.001448837,0.001439215,0.001455165,0.001449584,0.001455165
0.001428791,0.001424164,0.001433322,0.001429422,0.001429255
0.001424584,0.001421378,0.001428144,0.001424585,0.001423784
0.001424617,0.001419738,0.001429535,0.00142466,0.001421335
0.001423953,0.001421129,0.001430184,0.001422951,0.001422394
0.001426243,0.001424405,0.001429215,0.001425708,0.001425114
0.001432227,0.001428192,0.001439564,0.001430676,0.001439564
0.001427933,0.001423261,0.001433558,0.001426621,0.001432745
0.001426074,0.001419525,0.001430848,0.001426011,0.001427904
0.001426387,0.001421685,0.001431294,0.001426287,0.001421685
0.001426875,0.001420978,0.001433792,0.001425807,0.001432254
0.001417425,0.001414634,0.001421705,0.00141654,0.001414634
0.001427101,0.001422384,0.001431848,0.001426971,0.001422384
0.001426995,0.001422924,0.001431948,0.00142614,0.001422924
0.001427172,0.001422949,0.001431078,0.001427251,0.001425244
0.001427479,0.001423849,0.001433338,0.001426505,0.001425744
0.001426952,0.001422844,0.001429964,0.001427175,0.001422844
0.001422326,0.001419994,0.001425208,0.001421213,0.001420964
0.001420015,0.001417449,0.001424508,0.001418815,0.001418804
0.001425782,0.001422134,0.001432138,0.001424473,0.001422134
0.001428807,0.001423085,0.001433975,0.001429121,0.001433975
0.00142804,0.001423821,0.001432059,0.001427356,0.001426034
0.001424916,0.001421025,0.001427977,0.001425016,0.001421025
0.001427151,0.001423958,0.001430342,0.001427427,0.001424094
0.001425942,0.001423058,0.001428454,0.001426177,0.001423855
0.00142083,0.001417259,0.001424482,0.001420083,0.001418014
0.001427905,0.001424875,0.001429828,0.001428047,0.001424875
0.001430512,0.001426952,0.001437148,0.00142922,0.001427134
0.00142461,0.001421359,0.001427834,0.001424401,0.001427155
0.001427205,0.001422244,0.001433114,0.001428154,0.001422244
0.001427116,0.001423568,0.001430585,0.001426768,0.001430335
0.001422843,0.001418518,0.001428664,0.001422165,0.001425724
0.001425049,0.001421715,0.001431134,0.001422805,0.001421715
0.001427396,0.001426005,0.001429908,0.001426613,0.001426664
0.001429757,0.001422424,0.001438618,0.001429131,0.001425225
0.001427537,0.001421734,0.001430979,0.00142858,0.001421734
0.001426863,0.001423529,0.001432535,0.001425203,0.001432535
0.001427318,0.001422158,0.001430228,0.001429051,0.001424244
0.001425335,0.001421738,0.001431248,0.001423932,0.001422175
0.001427331,0.001424172,0.001433939,0.001426148,0.001428674
0.001424957,0.001422214,0.001429168,0.00142401,0.001425455
0.001428159,0.001423725,0.001433685,0.001427553,0.001430024
0.00142639,0.001422208,0.001432138,0.001425496,0.001423465
0.00142606,0.001422588,0.001429182,0.001425791,0.001424854
0.001421852,0.001417808,0.001426815,0.00142141,0.001418784
0.001425552,0.001422232,0.001429124,0.001425273,0.001422344
0.001425409,0.001420728,0.001432304,0.001423985,0.001423424
0.001427803,0.001424082,0.001432594,0.001427563,0.001432594
0.001425381,0.001420528,0.001430445,0.001425378,0.001429035
0.001420492,0.001416714,0.001422998,0.001421098,0.001416714
0.00142461,0.001419994,0.001430218,0.001423494,0.001419994
0.001423815,0.001419384,0.001429069,0.001422795,0.001419384
0.001424848,0.001419374,0.001431388,0.001425368,0.001419374
0.001423985,0.001420285,0.001428078,0.001423415,0.001420285
0.001423958,0.001420617,0.001428449,0.001423721,0.001424284
0.001424925,0.001419652,0.001432098,0.001424538,0.001428215
0.001424691,0.001419454,0.001429628,0.001424434,0.001426404
0.001425069,0.001421312,0.001429485,0.001424813,0.001429485
0.001425351,0.001421195,0.001431265,0.00142518,0.001427874
0.00142602,0.001423229,0.001431494,0.001424328,0.001423894
0.00142701,0.001424892,0.001431085,0.001426216,0.001425634
0.001421812,0.001418875,0.001426055,0.001421173,0.001426055
0.001425894,0.001421078,0.001432019,0.00142564,0.001430054
0.001427793,0.001422245,0.001436119,0.001425946,0.001424124
0.001425526,0.001421274,0.001428719,0.001426833,0.001421274
0.001424866,0.001420359,0.001429305,0.001425517,0.001428654
0.001425203,0.001421408,0.001428109,0.001425557,0.001427374
0.001425543,0.001420724,0.001432568,0.001424565,0.001420724
0.001424522,0.001420344,0.001430665,0.001424203,0.001420344
0.001428621,0.001422698,0.001434379,0.001428668,0.001427534
0.001427765,0.001422974,0.001435209,0.001427558,0.001424554
0.001427181,0.001423755,0.001431138,0.001425932,0.001425564
0.001425632,0.001422084,0.001429264,0.00142479,0.001422084
0.001426175,0.001420942,0.001432249,0.001425987,0.001423244
0.001426777,0.001422785,0.001433878,0.001424963,0.001424184
0.001423745,0.001417904,0.001429309,0.001423466,0.001417904
0.001423356,0.001419595,0.001428848,0.001423771,0.001424904
0.001427215,0.001420774,0.001430905,0.001428961,0.001420774
0.001425896,0.001422738,0.001431774,0.001424477,0.001423965
0.001425383,0.001420818,0.001427761,0.001426837,0.001424744
0.001420477,0.001416465,0.001423978,0.00142099,0.001416465
0.001423192,0.001418434,0.001428009,0.001423273,0.001418434
0.001421507,0.001418705,0.001428968,0.00142007,0.001422995
0.001419467,0.001415272,0.001424109,0.001419404,0.001422854
0.001426293,0.001420618,0.001432225,0.001425873,0.001424324
0.001424515,0.001420785,0.001431447,0.001422726,0.001421634
0.001426747,0.001421452,0.001432464,0.001427279,0.001426284
0.001427127,0.001424215,0.001430199,0.00142656,0.001424215
0.00142734,0.001422888,0.001432815,0.001426658,0.001429404
0.001426233,0.001421738,0.001430414,0.001425195,0.001424395
0.001428977,0.001423502,0.001434098,0.00142854,0.001433694
0.001427244,0.001423631,0.001432677,0.001425863,0.001430064
0.001427139,0.001420884,0.001434477,0.00142736,0.001422184
0.001426623,0.001421121,0.001431707,0.001427251,0.001429364
0.001424989,0.001422131,0.001428774,0.001424653,0.001422244
0.001427989,0.001424447,0.001433398,0.001427338,0.001424724
0.001426019,0.001422185,0.001428809,0.001426264,0.001427104
0.001431388,0.001425388,0.001436088,0.001433621,0.001433944
0.001424781,0.001421138,0.001428642,0.001424611,0.001423544
0.001427678,0.001422734,0.001432739,0.001427771,0.001422734
0.001423649,0.001417472,0.001428264,0.001425383,0.001428264
0.001429626,0.001426425,0.001434978,0.001429126,0.001428944
0.001427515,0.001423522,0.001434655,0.001424813,0.001424074
0.00142523,0.001422514,0.001428658,0.001425113,0.001422514
0.00142686,0.001421435,0.001431495,0.001427497,0.001431495
0.001429219,0.001425258,0.001436144,0.001427346,0.001427624
0.001424396,0.001421894,0.001430242,0.001422932,0.001421894
0.001425713,0.001422428,0.001430432,0.001424952,0.001424124
0.001425225,0.001420238,0.001430068,0.001425243,0.001422234
0.001422639,0.001419568,0.001426859,0.001422463,0.001423334
0.001420822,0.001418258,0.001424944,0.001420084,0.001424944
0.001429607,0.001424711,0.001435068,0.001429601,0.001427745
0.001425385,0.001421374,0.001430368,0.001425048,0.001428034
0.001431073,0.001426465,0.001436828,0.00143094,0.001426465
0.001424137,0.001419254,0.001430488,0.001424009,0.001420154
0.001428461,0.001425794,0.001434448,0.001426824,0.001425794
0.00142205,0.001420402,0.001424939,0.001421011,0.001420494
0.001426028,0.001422304,0.001430758,0.001426362,0.001425135
0.001428233,0.001424072,0.001431884,0.001428248,0.001431464
0.001428114,0.001424558,0.001430805,0.001428498,0.001425645
0.001421655,0.001417754,0.001426602,0.001420761,0.001417754
0.001426347,0.001423058,0.001433295,0.001424253,0.001423245
0.001425767,0.001419368,0.001431105,0.001426019,0.001422524
0.001424641,0.001421969,0.001427448,0.001424316,0.001424015
0.001418434,0.001416179,0.001421098,0.001417957,0.001417254
0.001427337,0.001421831,0.001433258,0.00142794,0.001427645
0.001426186,0.001420348,0.001432599,0.001425491,0.001420594
0.001426682,0.001420509,0.001433448,0.001426235,0.001422114
0.001423801,0.001418991,0.001429784,0.001421394,0.001420614
0.00142,0.001416725,0.001425618,0.001418786,0.001418884
0.001424199,0.001420269,0.001431799,0.001422435,0.001421094
0.001424932,0.001419814,0.001428398,0.00142522,0.001419814
0.001424467,0.001420872,0.001430439,0.001423896,0.001426575
0.001427229,0.001421094,0.001434048,0.001426881,0.001421094
0.00142534,0.001421155,0.001429065,0.001425135,0.001421155
0.001425096,0.001418978,0.001430182,0.001424611,0.001429004
0.001420017,0.001417277,0.001423825,0.001419127,0.001420205
0.001426277,0.001421119,0.001431698,0.001426284,0.001428564
0.001424796,0.001419755,0.001429419,0.00142504,0.001419755
0.001427672,0.001425298,0.001433399,0.001426028,0.001428824
0.001429253,0.001424364,0.001437332,0.001428093,0.001424465
0.001427189,0.001422534,0.001432931,0.001426369,0.001422534
0.001426844,0.001422948,0.001430865,0.001426625,0.001430585
0.001428622,0.001426022,0.001434554,0.001427009,0.001426754
0.001429644,0.001425918,0.001434625,0.001429205,0.001432045
0.001426705,0.001422828,0.001432568,0.001425048,0.001423694
0.001425579,0.001420492,0.001429614,0.001426009,0.001428465
0.00142895,0.001423508,0.001435992,0.001430061,0.001424214
0.001426685,0.001422524,0.001432544,0.001426108,0.001422524
0.001422145,0.001416462,0.001426424,0.001423471,0.001426424
0.001422275,0.001417302,0.001427818,0.001422209,0.001420075
0.001415376,0.001413498,0.001416909,0.001415428,0.001414774
0.001424149,0.001422141,0.001426748,0.001422904,0.001422744
0.001423064,0.001415921,0.001430049,0.001422787,0.001420314
0.001428887,0.001423814,0.001435429,0.001427797,0.001425434
0.00142939,0.001426264,0.001434974,0.001427993,0.001427494
0.001426482,0.001422668,0.001431575,0.001424915,0.001423464
0.001423468,0.001420328,0.001427884,0.00142194,0.001427674
0.001419022,0.001414624,0.001422494,0.001419676,0.001422494
0.001426633,0.001421842,0.001430458,0.001427664,0.001429515
0.001428632,0.001424452,0.001434038,0.001427759,0.001427054
0.0014256,0.001420145,0.001431664,0.001426017,0.001420805
0.001422973,0.001420324,0.001427422,0.001421233,0.001420324
0.001422821,0.001419072,0.001426969,0.00142275,0.001423695
0.001425467,0.001420358,0.001431549,0.001424848,0.001423314
0.001426792,0.001423254,0.001432448,0.001424784,0.001423775
0.001425287,0.001420334,0.001430074,0.001424834,0.001420334
0.0014254,0.001420008,0.001429764,0.001426367,0.001424055
0.001425492,0.001422025,0.001427824,0.001425844,0.001427824
0.001428714,0.001424524,0.001433989,0.001428752,0.001429455
0.001427598,0.001422732,0.001434344,0.001427251,0.001430974
0.001422454,0.001419208,0.001426628,0.001421045,0.001421115
0.0014196,0.001415614,0.001424808,0.001419066,0.001415744
0.001424441,0.001419122,0.001429305,0.001424563,0.001421074
0.001425539,0.001420008,0.001429954,0.001426312,0.001429954
0.001427607,0.001422964,0.001432032,0.001427727,0.001429234
0.00142655,0.001421364,0.001430675,0.001426204,0.001421364
0.001425102,0.001420432,0.001429319,0.00142501,0.001428424
0.00142549,0.001421482,0.001428538,0.001425431,0.001424774
0.00142822,0.001424964,0.001432755,0.001426806,0.001424964
0.001425205,0.001421474,0.001431638,0.001423962,0.001422375
0.001426144,0.001421568,0.001432348,0.001426209,0.001421754
0.001420625,0.001418649,0.001425128,0.001419536,0.001422634
0.001422907,0.001417824,0.001428375,0.001421948,0.001417824
0.001426679,0.001422928,0.001433144,0.001425641,0.001423305
0.001428277,0.001425215,0.001435024,0.001427571,0.001435024
0.001425712,0.001423068,0.001429645,0.001425726,0.001425185
0.001421961,0.001419459,0.001426274,0.001421099,0.001426274
0.001420553,0.001415762,0.001425915,0.001421541,0.001424505
0.001429915,0.001423834,0.001438588,0.001429475,0.001423834
0.001426027,0.001421354,0.001432208,0.001426236,0.001421515
0.00142716,0.001424305,0.001432768,0.001425586,0.001425134
0.001423282,0.001417472,0.001427125,0.001424436,0.001426225
0.001414554,0.001412474,0.001415728,0.001415001,0.001415204
0.001424292,0.001419635,0.001429348,0.001424118,0.001420274
0.001426137,0.001420775,0.001430754,0.001427834,0.001429685
0.001424106,0.001419768,0.001429725,0.00142437,0.001422154
0.001427789,0.001422528,0.001434125,0.0014275,0.001434125
0.001422388,0.001417229,0.001426918,0.001423239,0.001423264
0.00142622,0.001421952,0.001433509,0.001425761,0.001430435
0.001415215,0.001413168,0.001420534,0.001414575,0.001420534
0.001427792,0.001422138,0.001434709,0.001426924,0.001433535
0.001423032,0.001416512,0.001429034,0.001423387,0.001429034
0.001429,0.001424658,0.001433695,0.001428684,0.001433695
0.001424737,0.001418318,0.001431034,0.001423128,0.001424494
0.001424648,0.001418208,0.001428852,0.001425292,0.001428615
0.001426996,0.001423658,0.001433554,0.001425953,0.001424654
0.001423475,0.001421144,0.001427301,0.001423265,0.001421144
0.001421036,0.001415834,0.001426128,0.001420126,0.001419264
0.001425657,0.001420892,0.001432284,0.001424983,0.001432284
0.00142732,0.001423047,0.001431002,0.001428127,0.001428325
0.001425696,0.001419258,0.001430998,0.001425436,0.001420824
0.001426009,0.001423459,0.001429618,0.001425934,0.001426925
0.001420966,0.001417284,0.001425388,0.001420888,0.001417284
0.001417727,0.001413875,0.001422359,0.001417243,0.001420425
0.001423982,0.001419274,0.001430578,0.001422162,0.001421104
0.001426632,0.001419434,0.001432285,0.001427428,0.001432285
0.001425232,0.001421441,0.001430705,0.001423586,0.001423404
0.001424057,0.001419154,0.001430644,0.001423471,0.001419154
0.00142792,0.001424049,0.001432984,0.00142828,0.001432984
0.001425115,0.001419908,0.001430638,0.001425126,0.001421514
0.001418532,0.001415264,0.001423118,0.001417876,0.001418254
0.001426202,0.001421794,0.001430759,0.001424811,0.001421794
0.001427866,0.001424008,0.001434545,0.001426323,0.001434545
0.001425617,0.001421304,0.001432109,0.001424666,0.001421304
0.001426249,0.001422279,0.001431619,0.001425018,0.001423735
0.001426135,0.001424068,0.001429095,0.001425608,0.001427654
0.001427806,0.001424062,0.001434005,0.001426603,0.001430595
0.001424304,0.001419438,0.001428884,0.001424301,0.001424894
0.00142811,0.001423312,0.001434138,0.001427591,0.001424165
0.001427625,0.001422472,0.001433254,0.001427143,0.001433254
0.00142509,0.001422085,0.001432128,0.001423215,0.001422085
0.001427449,0.001423615,0.001432275,0.001426906,0.001427574
0.00142466,0.001417858,0.001431044,0.00142659,0.001428185
0.00142488,0.001421848,0.001430574,0.001423802,0.001422754
0.001417154,0.001413711,0.001420058,0.001416885,0.001416785
0.001425627,0.001422234,0.001430924,0.001424463,0.001425264
0.001427761,0.001422358,0.001433122,0.00142779,0.001425585
0.001425978,0.001421478,0.001430492,0.001426836,0.001426984
0.001427005,0.001422415,0.001433995,0.001426615,0.001422415
0.001427755,0.001423482,0.001432935,0.001427281,0.001426264
0.001422335,0.001416968,0.001426335,0.001422847,0.001418785
0.00142401,0.001420874,0.001430329,0.001421931,0.001420874
0.001426531,0.001422262,0.001430877,0.001426596,0.001429665
0.001423006,0.001417792,0.001428324,0.001422433,0.001428324
0.001427092,0.001419909,0.001435439,0.001427834,0.001429295
0.001426045,0.001421455,0.001432174,0.001425646,0.001423194
0.001428386,0.001423768,0.001434065,0.001427635,0.001425514
0.001425873,0.001421684,0.001432349,0.001423458,0.001423764
0.001413579,0.001412408,0.001415668,0.001413484,0.001413474
0.001425801,0.001421445,0.001431888,0.001424939,0.001421445
0.001425781,0.001419882,0.001430819,0.001425936,0.001428454
0.001427204,0.001422198,0.001432745,0.001427089,0.001432745
0.001428107,0.001423689,0.001431112,0.001429336,0.001423924
0.001426859,0.001421925,0.001431498,0.001426499,0.001421925
0.00142448,0.001421334,0.001430449,0.001423001,0.001421334
0.001424327,0.001421284,0.001429438,0.001423901,0.001425495
0.001426874,0.001423164,0.001433482,0.001424417,0.001423164
0.001427658,0.001422454,0.001431835,0.001428459,0.001431835
0.001421447,0.001418489,0.001427735,0.001420238,0.001420074
0.001426683,0.001420498,0.001432548,0.001425783,0.001431315
0.00142597,0.001422579,0.001429618,0.001425835,0.001424534
0.001419468,0.001415678,0.001425478,0.00141749,0.001417135
0.001423262,0.001419144,0.001431189,0.001421337,0.001419144
0.001427746,0.001422785,0.001433229,0.001428507,0.001429845
0.001426594,0.001421457,0.001429594,0.001428051,0.001428754
0.001425422,0.001421689,0.001428662,0.001425806,0.001427775
0.001425398,0.001421258,0.001432065,0.001423993,0.001422874
0.001424795,0.001420328,0.001430244,0.001424753,0.001428334
0.001426445,0.001422434,0.001432639,0.001424949,0.001422434
0.001427836,0.001424642,0.001434429,0.001427381,0.001429085
0.001428348,0.001423524,0.001435104,0.001427378,0.001431364
0.001423894,0.001421422,0.001427815,0.001422849,0.001421624
0.00142693,0.001422994,0.001432868,0.001426514,0.001422994
0.001425045,0.001420737,0.001429265,0.00142492,0.001429265
0.001424682,0.001418249,0.001430688,0.001426555,0.001426394
0.001424987,0.001420447,0.001432518,0.00142348,0.001422234
0.001416884,0.001413758,0.001421958,0.001416466,0.001418264
0.001457297,0.001448515,0.00146795,0.001458091,0.001465175
0.001423315,0.001419432,0.001426465,0.001424326,0.001422264
0.001429818,0.001425328,0.001437259,0.001427247,0.001427075
0.001427005,0.001421904,0.001431279,0.001426855,0.001430964
0.001425152,0.001420468,0.001428374,0.001425447,0.001428374
0.001425267,0.001422288,0.001429108,0.001423476,0.001423634
0.001429683,0.001426668,0.001434104,0.001429791,0.001430914
0.00142661,0.001421088,0.001433288,0.00142663,0.001425684
0.00142838,0.001422475,0.001435228,0.001428306,0.001430174
0.001425445,0.001420574,0.001430808,0.001424699,0.001429145
0.001425792,0.001420368,0.001430538,0.001425969,0.001423964
0.001423013,0.001417472,0.001427048,0.001423227,0.001425754
0.001420246,0.001416944,0.001424694,0.00141918,0.001424694
0.001425267,0.001421622,0.001430774,0.001425128,0.001430774
0.001428686,0.001423362,0.001434568,0.001428596,0.001430135
0.001427076,0.001422062,0.001431218,0.001427464,0.001427844
0.001429425,0.001424075,0.001435299,0.001429242,0.001428775
0.00142688,0.001421464,0.001432948,0.001426666,0.001421464
0.001424508,0.001420999,0.001429448,0.001423893,0.001422855
0.001425069,0.001420284,0.001429848,0.001425253,0.001421134
0.001427106,0.001423744,0.001432425,0.001425293,0.001432425
0.001425362,0.001422411,0.001428374,0.001425608,0.001427134
0.001425898,0.001420594,0.001430065,0.001426055,0.001421855
0.00142182,0.001416445,0.001427758,0.001421707,0.001426444
0.001422358,0.001416514,0.001425784,0.001423819,0.001425705
0.001426461,0.001422408,0.001430898,0.001427031,0.001427244
0.001425586,0.001420982,0.001431878,0.001423061,0.001421034
0.00142084,0.001417124,0.001425868,0.001420598,0.001417834
0.001424929,0.001420495,0.001430988,0.001424285,0.001426394
0.001425452,0.001422594,0.001430448,0.001424836,0.001422594
0.00142816,0.001422924,0.001433778,0.001428353,0.001425094
0.001426492,0.001421795,0.001432755,0.001425821,0.001428104
0.001426508,0.001424092,0.001429444,0.001426602,0.001424194
0.001427183,0.001422004,0.001432739,0.00142787,0.001422004
0.001424073,0.001421109,0.001428218,0.001423566,0.001424984
0.00142422,0.001419158,0.001429575,0.001425231,0.001426875
0.001425613,0.001420228,0.001429558,0.001426027,0.001425574
0.00142754,0.001422365,0.001434429,0.001427972,0.001422365
0.001421408,0.001416404,0.001427068,0.001420806,0.001416404
0.001426643,0.001421672,0.001433678,0.00142656,0.001425415
0.001420898,0.001415895,0.001427208,0.001421118,0.001416694
0.001418303,0.001414794,0.001422534,0.001418098,0.001419455
0.001427521,0.001423409,0.001431679,0.001427201,0.001431634
0.001425465,0.001421714,0.001431838,0.001424088,0.001423614
0.001419515,0.001415294,0.001424849,0.001419205,0.001415294
0.001427092,0.001421271,0.001433008,0.001427181,0.001423224
0.001426797,0.001422539,0.001431567,0.001426182,0.001424115
0.001426594,0.001422238,0.001433409,0.001426236,0.001429744
0.001424758,0.001422475,0.001427507,0.00142383,0.001427404
0.001419126,0.001414638,0.001423924,0.001418586,0.001423924
0.001420999,0.001416858,0.001425649,0.001420652,0.001421665
0.001425121,0.001418974,0.001432848,0.00142371,0.001418974
0.001422025,0.001417084,0.001428718,0.00142096,0.001419084
0.001424101,0.001419204,0.001428162,0.001424691,0.001419204
0.001424942,0.001420428,0.001429925,0.001425483,0.001426614
0.001415414,0.001413584,0.001417921,0.001414906,0.001413584
0.001423292,0.001418268,0.001427088,0.001424445,0.001424374
0.001421667,0.001415692,0.001427597,0.001421455,0.001419005
0.001426105,0.001421698,0.001431769,0.00142594,0.001424714
0.001427586,0.001421575,0.001435362,0.001426306,0.001421575
0.001426356,0.001422714,0.001430444,0.001426039,0.001422714
0.001425384,0.001422255,0.001431535,0.00142429,0.001431535
0.001418233,0.001415185,0.001423908,0.001417803,0.001418084
0.001424816,0.001419162,0.001428859,0.001424824,0.001425494
0.001425667,0.001421428,0.001428818,0.001426356,0.001426714
0.001425715,0.001421688,0.001430332,0.001425656,0.001423924
0.001424585,0.001420234,0.001430882,0.001422969,0.001420234
0.001425327,0.001420938,0.001428445,0.001426698,0.001421034
0.001425879,0.001422375,0.001432859,0.001423752,0.001423805
0.00142754,0.001420922,0.001433489,0.001427021,0.001422564
0.00142127,0.001417468,0.001425308,0.001421701,0.001422984
0.00142417,0.001420834,0.001428568,0.001422106,0.001421994
0.001425062,0.001420205,0.001429402,0.001424071,0.001420205
0.001428181,0.001424599,0.001432094,0.001428372,0.001432094
0.001427269,0.001423598,0.001430798,0.001428158,0.001423605
0.001424732,0.001421212,0.001429839,0.001425096,0.001421214
0.001429036,0.001423385,0.001434678,0.001429287,0.001423385
0.001433241,0.001426112,0.001438318,0.001434472,0.001430434
0.001426589,0.001422235,0.001432388,0.00142539,0.001422235
0.00142574,0.001420264,0.001431478,0.001425212,0.001420264
0.001421555,0.001419285,0.001425328,0.001420983,0.001420585
0.001425957,0.001422202,0.001429309,0.001427261,0.001427124
0.001427487,0.001423214,0.001433215,0.001427183,0.001426965
0.001427681,0.001421138,0.001434178,0.001427466,0.001425524
0.001426457,0.001421811,0.001432618,0.001426069,0.001424445
0.001426327,0.001421921,0.001432059,0.001425196,0.001430534
0.001425705,0.001420895,0.001431311,0.001425392,0.001420895
0.001424341,0.001420568,0.001428458,0.001424037,0.001422064
0.001427601,0.001423468,0.001431165,0.001429071,0.001429195
0.001425734,0.001422258,0.001432288,0.001424831,0.001424474
0.001426043,0.001422064,0.001431778,0.00142574,0.001423665
0.00142453,0.001420152,0.001429724,0.001423844,0.001429724
0.001426886,0.001421952,0.001432955,0.001426732,0.001423935
0.001422253,0.001417664,0.001428928,0.001420411,0.001420144
0.001421522,0.001418527,0.001426178,0.001419957,0.001425395
0.001425053,0.001418798,0.001431759,0.00142548,0.001422844
0.001418002,0.001415435,0.001423664,0.001416688,0.001423664
0.00142768,0.001423198,0.001436005,0.001424643,0.001423785
0.001427606,0.001422158,0.001433824,0.001427547,0.001433824
0.001424115,0.001419788,0.001427568,0.001425279,0.001426365
0.001428415,0.001422875,0.001434799,0.001427544,0.001423644
0.001425521,0.001420415,0.001432399,0.001425528,0.001426874
0.001427285,0.001422792,0.001431408,0.001427599,0.001427884
0.001424065,0.001420034,0.001429169,0.001423454,0.001428925
0.001426066,0.001420708,0.001432314,0.001427002,0.001432314
0.001427472,0.001423638,0.001431815,0.001427219,0.001431815
0.001419485,0.001415485,0.001424478,0.001418666,0.001419414
0.001424553,0.001421324,0.001430304,0.001422733,0.001428465
0.001427976,0.001422664,0.001434142,0.001427083,0.001430444
0.001426859,0.001424049,0.001429438,0.001426987,0.001429105
0.001419976,0.001414154,0.001426549,0.001420593,0.001423384
0.001425042,0.001420914,0.001431428,0.001423211,0.001420914
0.001426175,0.001420564,0.001431898,0.001425987,0.001429294
0.00142914,0.001424651,0.001434255,0.001428402,0.001434255
0.001425314,0.001418818,0.001431424,0.001426495,0.001431424
0.00142282,0.001418418,0.001427624,0.001421699,0.001420374
0.001425742,0.001421224,0.001432589,0.001423526,0.001421224
0.001424986,0.001422862,0.001427618,0.001424371,0.001427134
0.001424056,0.001418332,0.001431794,0.00142274,0.001431794
0.001426771,0.001421244,0.001434734,0.001425938,0.001431434
0.00142521,0.001421479,0.001428998,0.001425209,0.001422244
0.001426235,0.001420605,0.001433159,0.001425577,0.001422104
0.001426468,0.001419304,0.001434019,0.001425631,0.001419304
0.001425907,0.001422158,0.001430824,0.001425655,0.001427354
0.00142307,0.001418374,0.001428479,0.001423442,0.001422335
0.001425949,0.001420334,0.001429787,0.001426936,0.001427084
0.001427801,0.001422449,0.001433162,0.001427952,0.001431705
0.00142645,0.001420337,0.001432412,0.001427334,0.001428344
0.001425151,0.001419567,0.001432494,0.001424869,0.001420005
0.001426931,0.001423925,0.001430567,0.00142643,0.001424224
0.001425535,0.001419144,0.001430728,0.001425405,0.001428935
0.001427176,0.001422134,0.001432824,0.001425769,0.001432824
0.00142486,0.001420127,0.001429735,0.001425178,0.001420805
0.001426553,0.001422358,0.001431504,0.001424811,0.001424324
0.001427284,0.001420737,0.001434712,0.001427006,0.001422955
0.001426754,0.001422834,0.001432404,0.001425351,0.001422834
0.001423542,0.001418185,0.001429905,0.001422457,0.001421925
0.001426788,0.001423584,0.001431578,0.001426181,0.001428564
0.001421382,0.001416644,0.001425355,0.00142181,0.001425355
0.001428105,0.001422108,0.001435895,0.001426901,0.001425864
0.001425845,0.001420728,0.001431784,0.001425261,0.001427085
0.00142304,0.001419368,0.001428165,0.001421601,0.001419714
0.001428057,0.001424355,0.001433605,0.001428299,0.001424355
0.001425815,0.001421148,0.001430738,0.001425508,0.001423284
0.001425286,0.001419171,0.001430039,0.001426736,0.001427225
0.001417732,0.001413671,0.001421559,0.001417957,0.001421354
0.001424863,0.001419255,0.001431748,0.001424591,0.001420814
0.001426472,0.001420332,0.001431794,0.001426487,0.001431794
0.003231612,0.00322665,0.003235755,0.003231517,0.003228065
0.001479108,0.001467415,0.001487446,0.001478064,0.001487325
0.001428201,0.001422798,0.001433444,0.001428769,0.001432144
0.003164222,0.002769302,0.004071482,0.002774437,0.003688142
0.064860699,0.014857517,0.095255757,0.069638241,0.095158274
0.001480157,0.001469315,0.001494359,0.001477628,0.001475625
0.001432467,0.001424085,0.001438038,0.001433076,0.001433874
0.001428116,0.001423278,0.001433928,0.001428355,0.001428035
0.001422947,0.001418149,0.001428928,0.001421923,0.001423794
0.001428149,0.001423684,0.001435029,0.001428428,0.001424275
0.001424961,0.001418565,0.001429584,0.00142565,0.001427144
0.001428209,0.001423579,0.001433188,0.001428455,0.001431615
0.001424975,0.001418092,0.001429979,0.001426722,0.001425294
0.001427237,0.001420615,0.001432805,0.001426806,0.001420615
0.001428407,0.001423202,0.001433879,0.001428341,0.001425924
0.00142695,0.001424594,0.001431729,0.001425514,0.001425165
0.001429924,0.001426054,0.001439639,0.001427113,0.001426054
0.001425684,0.001422065,0.001430728,0.001425242,0.001426515
0.001424327,0.001419312,0.001429854,0.001423901,0.001429854
0.001425055,0.001421338,0.001430855,0.001423477,0.001423695
0.001421176,0.001417334,0.001424748,0.001420634,0.001418954
0.001426402,0.001420805,0.001431049,0.001426846,0.001427215
0.001420578,0.001416214,0.001424808,0.001420773,0.001416214
0.001427952,0.001423724,0.001433094,0.001427658,0.001425924
0.001422195,0.001418339,0.001425732,0.00142325,0.001419634
0.001428015,0.001422542,0.001433908,0.001429692,0.001430814
0.001425608,0.001422162,0.001429988,0.001425213,0.001422424
0.001426859,0.001421154,0.001431895,0.001427061,0.001431895
0.001422155,0.001418082,0.001425585,0.001422642,0.001424584
0.001430071,0.001426925,0.001432828,0.001429866,0.001432704
0.001424825,0.001419809,0.001430989,0.001423886,0.001422214
0.001426374,0.001420727,0.001433569,0.001424517,0.001422244
0.001426696,0.001423364,0.001431645,0.001425431,0.001426624
0.001426187,0.001421268,0.001430799,0.001426233,0.001422684
0.001426604,0.001422322,0.001430289,0.001425994,0.001429334
0.001427874,0.001424677,0.001431484,0.001428153,0.001431484
0.001427898,0.001424384,0.001432559,0.001427861,0.001429274
0.001428186,0.001422234,0.001435082,0.001426461,0.001422234
0.001425813,0.001421064,0.001432004,0.001426008,0.001424094
0.001419507,0.001414878,0.001424025,0.001419903,0.001422584
0.001425373,0.001419414,0.001431408,0.001425367,0.001421225
0.001426575,0.001422162,0.001429914,0.001427017,0.001423444
0.001426448,0.001420792,0.001430045,0.001427667,0.001430045
0.001424146,0.001421312,0.001430904,0.001421965,0.001430904
0.00142481,0.001422274,0.001427825,0.001424866,0.001424805
0.001424116,0.001419275,0.001427992,0.001424386,0.001422944
0.001423734,0.001417692,0.001428075,0.001424892,0.001428075
0.001423328,0.001419332,0.001428988,0.001421488,0.001427474
0.001425187,0.001420842,0.001430598,0.001424883,0.001421034
0.001428683,0.001422338,0.001435345,0.001428612,0.001432494
0.001421922,0.001419168,0.001426408,0.001422166,0.001422485
0.001424736,0.001420285,0.001429808,0.001423324,0.001422094
0.00142302,0.001418895,0.001426554,0.001423296,0.001426554
0.001425118,0.001419901,0.001428508,0.001424891,0.001428254
0.001422642,0.001419704,0.001428328,0.001421041,0.001420904
0.001427668,0.001420774,0.001432608,0.001429312,0.001429025
0.001419226,0.001414032,0.001424324,0.001419902,0.001424324
0.00142554,0.001422449,0.001431379,0.001422906,0.001429875
0.001426705,0.001422507,0.001432154,0.001425138,0.001432154
0.001426947,0.001421418,0.001433895,0.001426848,0.001433895
0.001428655,0.001423082,0.001434619,0.001429169,0.001431044
0.001425506,0.001421565,0.001431419,0.001422905,0.001431005
0.001426866,0.001422764,0.001431529,0.001426555,0.001423044
0.001433135,0.001426194,0.001439479,0.001432613,0.001438895
0.001425811,0.001419369,0.001429845,0.001427253,0.001420894
0.001427257,0.001420599,0.001432379,0.001428373,0.001422865
0.001427228,0.001420295,0.001436198,0.001426026,0.001432034
0.001428194,0.001422525,0.001433452,0.001427719,0.001424554
0.001425664,0.001421578,0.001429659,0.001426051,0.001427834
0.001427666,0.001423195,0.001435278,0.00142627,0.001427224
0.001422984,0.001418434,0.001427489,0.001423065,0.001425794
0.001426583,0.001421968,0.001434292,0.001424746,0.001429044
0.001422485,0.001419458,0.001427755,0.001420747,0.001423904
0.001413395,0.001411965,0.001415658,0.001413293,0.001411965
0.001423943,0.001419372,0.001428884,0.001423162,0.001428884
0.001431086,0.001427775,0.001434675,0.001431514,0.001434675
0.001421729,0.001417978,0.001426225,0.001420731,0.001418034
0.00142766,0.001422898,0.001434218,0.001427327,0.001429075
0.00141932,0.001415924,0.001424039,0.001418356,0.001415924
0.001426852,0.001423008,0.001433055,0.001425398,0.001423354
0.001422066,0.001417768,0.001426929,0.001422069,0.001419074
0.001426264,0.001421571,0.001431375,0.0014259,0.001424634
0.001427142,0.001423984,0.001433364,0.001425805,0.001433364
0.001431457,0.001426831,0.001438948,0.001428646,0.001428114
0.001426732,0.001421701,0.001431498,0.001425864,0.001427074
0.001424487,0.001421364,0.001430684,0.001422611,0.001421364
0.001425021,0.001419288,0.001432255,0.00142495,0.001428714
0.001425887,0.001420898,0.001431028,0.001425634,0.001423644
0.001426835,0.001421452,0.001433134,0.001426158,0.001433134
0.001426769,0.001422602,0.001434125,0.001425989,0.001434125
0.001429608,0.001424972,0.001435758,0.001429522,0.001434314
0.001420586,0.001416199,0.001425088,0.001420806,0.001423034
0.001424886,0.001421528,0.001428575,0.001424279,0.001423554
0.001427787,0.001422809,0.001435004,0.001426941,0.001423664
0.001427496,0.001419938,0.001432999,0.001428494,0.001429864
0.001426506,0.001421264,0.001430919,0.001426793,0.001429154
0.001424845,0.001421024,0.001429258,0.00142419,0.001426104
0.001425566,0.001420875,0.001430988,0.001424727,0.001421924
0.001426446,0.001422902,0.001434238,0.001424368,0.001424274
0.001426382,0.001422075,0.001433638,0.001424128,0.001429634
0.001427171,0.001422834,0.001431492,0.001427367,0.001422834
0.001425875,0.001421464,0.001431889,0.001425055,0.001421464
0.001425158,0.001420578,0.001429155,0.001425103,0.001422614
0.001427945,0.001424112,0.001432539,0.001427556,0.001425544
0.001428236,0.001423274,0.001432834,0.001429646,0.001432834
0.00142353,0.001417678,0.001430034,0.001423778,0.001430034
0.001428315,0.001424328,0.001434085,0.001427206,0.001425954
0.001427006,0.001420458,0.001431428,0.001429368,0.001429094
0.001426152,0.001421734,0.001431438,0.001426472,0.001421734
0.001425462,0.001422154,0.001429922,0.001425131,0.001427644
0.00142615,0.001422938,0.001430844,0.001425708,0.001430844
0.001422582,0.001418508,0.001426708,0.001422614,0.001424194
0.001426341,0.001421025,0.001431702,0.001426296,0.001421025
0.001420788,0.001416934,0.001425262,0.001420246,0.001416934
0.001423278,0.001419037,0.001429145,0.001422071,0.001429145
0.001426935,0.001424101,0.001432318,0.001425572,0.001424124
0.001427172,0.001421721,0.001435018,0.001426352,0.001427615
0.001426091,0.001423649,0.001432115,0.001424989,0.001424064
0.001430609,0.001423788,0.001436978,0.001430769,0.001435995
0.001424479,0.001418144,0.001429164,0.001424445,0.001429104
0.001425325,0.001421117,0.001430845,0.001425015,0.001422565
0.001419433,0.001415454,0.001425414,0.001417929,0.001416824
0.00142582,0.001422895,0.001428478,0.001426512,0.001426935
0.001426625,0.001421232,0.001431214,0.001427403,0.001431214
0.001428618,0.001425074,0.001432058,0.001428506,0.001427454
0.001427549,0.001421285,0.001434569,0.001427348,0.001431384
0.001426764,0.001423568,0.001428934,0.001427175,0.001428475
0.001424492,0.001420898,0.001430052,0.001422238,0.001421494
0.001423033,0.001418524,0.001429295,0.001420554,0.001418524
0.001427714,0.001424214,0.001431995,0.001426876,0.001424214
0.001423943,0.001420038,0.001427014,0.001424266,0.001424184
0.001422983,0.001415918,0.001428454,0.001425106,0.001428454
0.001426706,0.001423558,0.001430904,0.001426927,0.001430904
0.001426646,0.001421268,0.001431909,0.001428318,0.001428014
0.001421574,0.001418924,0.001424939,0.001420318,0.001418924
0.001422779,0.001418028,0.001428512,0.00142359,0.001424975
0.001425637,0.001422494,0.001431978,0.001423701,0.001423454
0.001425806,0.001421288,0.001429232,0.001426476,0.001428565
0.00142692,0.001422822,0.001432244,0.001427636,0.001427184
0.00142898,0.001422274,0.001435988,0.001429276,0.001429555
0.001426361,0.001423425,0.001430359,0.001426118,0.001424274
0.001425623,0.001422119,0.001433132,0.001423722,0.001422995
0.001425408,0.001419868,0.001432178,0.001423426,0.001422034
0.001424398,0.001419099,0.001429359,0.00142578,0.001427745
0.001426533,0.001421688,0.001431415,0.001427598,0.001428534
0.001426491,0.001422728,0.001432628,0.001424253,0.001423825
0.00142767,0.001422155,0.001434348,0.001428052,0.001430784
0.001423592,0.001419165,0.001427969,0.00142365,0.001419165
0.001427764,0.001423228,0.001434101,0.001426971,0.001425354
0.00142545,0.001421625,0.001429078,0.001426167,0.001422935
0.001425291,0.001420704,0.001430619,0.00142489,0.001420704
0.001422224,0.001418104,0.001428318,0.001421528,0.001419415
0.001422526,0.001418512,0.001426758,0.001422751,0.001418844
0.001426436,0.001421492,0.001432759,0.001426532,0.001421954
0.001428178,0.001424214,0.001433538,0.001427588,0.001429264
0.001425289,0.001419395,0.001429109,0.001426495,0.001425634
0.001424732,0.001420149,0.001430564,0.001424849,0.001427124
0.001421962,0.001417608,0.001427478,0.001419605,0.001425914
0.001427788,0.001423399,0.001432804,0.001427933,0.001432765
0.001423202,0.001419208,0.001429764,0.001422224,0.001429764
0.001428788,0.001424998,0.001434545,0.001428536,0.001434545
0.001424538,0.001418458,0.001429254,0.001425647,0.001429254
0.001427038,0.001421809,0.001432795,0.001426288,0.001432795
0.001422425,0.001418534,0.001425508,0.001423038,0.001418534
0.00142631,0.001420685,0.001433688,0.001425246,0.001423665
0.001427798,0.001422758,0.001432035,0.001427947,0.001425774
0.001430492,0.001426865,0.001435578,0.001429121,0.001426865
0.001426599,0.001421305,0.001428988,0.001427585,0.001428984
0.001418817,0.001415134,0.001424775,0.00141886,0.001415134
0.001426092,0.001421724,0.001431818,0.001424921,0.001421724
0.001422476,0.001417468,0.001427378,0.00142332,0.001424345
0.001425318,0.001420209,0.001430524,0.00142507,0.001430524
0.001425892,0.001421228,0.001432335,0.001425797,0.001432335
0.001428821,0.001425308,0.001433768,0.001427545,0.001427514
0.001425311,0.001419601,0.001428734,0.001426548,0.001428375
0.001421225,0.001416898,0.001426795,0.001420826,0.001419844
0.001429406,0.001423218,0.001435378,0.001429115,0.001426434
0.001425939,0.001419844,0.001432439,0.001426094,0.001421434
0.0014244,0.001418672,0.001430985,0.001424302,0.001430985
0.001425955,0.001420038,0.001429139,0.001428131,0.001429084
0.0014259,0.001422275,0.001432289,0.00142389,0.001422474
0.001429231,0.001422514,0.001434545,0.001431223,0.001432504
0.001423946,0.001419088,0.001429275,0.001422092,0.001429275
0.001426389,0.001420439,0.001434395,0.001426027,0.001429714
0.001427575,0.001421378,0.001432234,0.0014282,0.001423614
0.001426716,0.001421439,0.001435258,0.00142491,0.001432294
0.001425381,0.001421158,0.001430609,0.001424471,0.001424265
0.001427132,0.001420772,0.001431434,0.001429144,0.001431024
0.001427123,0.001421518,0.001433445,0.001425872,0.001433445
0.001423921,0.001420768,0.001428878,0.001421978,0.001426644
0.001430095,0.001422134,0.001439968,0.001429162,0.001430435
0.001418621,0.001415139,0.001423174,0.001416896,0.001423174
0.001422037,0.001416178,0.001428265,0.001422188,0.001428265
0.001428407,0.001420369,0.001433014,0.001430566,0.001430924
0.001424141,0.001418078,0.001427618,0.001425186,0.001427494
0.001426867,0.001422735,0.001431788,0.001426912,0.001430284
0.00142773,0.001422197,0.001431294,0.001428766,0.001431294
0.001425813,0.001421605,0.001431202,0.001424641,0.001422754
0.001427026,0.001422344,0.001434785,0.001426365,0.001422464
0.001415773,0.001412654,0.001421638,0.001415095,0.001412654
0.001425445,0.001420812,0.001430374,0.001425003,0.001430374
0.001428928,0.001424008,0.001433085,0.001428986,0.001426575
0.001428691,0.001423995,0.001434189,0.001428744,0.001429504
0.001426471,0.001420602,0.001433488,0.001426557,0.001429495
0.001426198,0.001421804,0.001430602,0.001425721,0.001430194
0.001422595,0.001417838,0.001428192,0.001422676,0.001424905
0.001426555,0.001421641,0.001431948,0.001427449,0.001426494
0.001421228,0.001417178,0.001428139,0.001420841,0.001424655
0.001424573,0.001419718,0.001430518,0.001425712,0.001420214
0.001423386,0.001414984,0.001427622,0.001424207,0.001425655
0.001421947,0.001418295,0.001427642,0.001420066,0.001420084
0.001426174,0.001420424,0.001432532,0.001426454,0.001420424
0.001426559,0.001423314,0.001431032,0.001425821,0.001423314
0.001425267,0.001420938,0.001431092,0.001423784,0.001421744
0.00142912,0.001423518,0.001434338,0.001429454,0.001429924
0.001427982,0.001420822,0.001433518,0.001429656,0.001429385
0.00142589,0.001422162,0.001431378,0.001425526,0.001427554
0.001426822,0.001420992,0.001432339,0.001426235,0.001423704
0.00142395,0.001419808,0.001427845,0.001424348,0.001420334
0.001426491,0.001421324,0.001432642,0.001426768,0.001422744
0.001425999,0.001421594,0.001433135,0.001425194,0.001430664
0.001425916,0.001419278,0.001431348,0.001427591,0.001429965
0.001425656,0.001418441,0.001432624,0.001425913,0.001432624
0.001425003,0.001419708,0.001430708,0.001425261,0.001422924
0.001425311,0.001420274,0.001431338,0.001425627,0.001427994
0.001424639,0.001419914,0.001430052,0.001423624,0.001429935
0.001424649,0.001418958,0.001430655,0.001424817,0.001427614
0.00141717,0.001413674,0.001420952,0.001417427,0.001414954
0.001427295,0.001422548,0.001432944,0.001427727,0.001430025
0.001426785,0.001421388,0.001431258,0.001427712,0.001428614
0.001426276,0.001421498,0.001431228,0.001426129,0.001427735
0.001424004,0.001420374,0.001428934,0.001423106,0.001420374
0.001425502,0.001420215,0.001429688,0.001425742,0.001420215
0.001425728,0.001421588,0.001429114,0.001426091,0.001429114
0.001424348,0.001419584,0.001428935,0.00142514,0.001428935
0.001425285,0.001421199,0.001430055,0.001425288,0.001422034
0.001425672,0.001421371,0.001431458,0.001423808,0.001421804
0.001427353,0.001421581,0.001430824,0.001427723,0.001430574
0.001422897,0.001418635,0.001427875,0.001422963,0.001418994
0.00142715,0.001422798,0.001433034,0.001426396,0.001422984
0.001425621,0.001419368,0.001429558,0.001424853,0.001425225
0.001426061,0.001420605,0.001433549,0.001425185,0.001420974
0.001427991,0.001424018,0.001431708,0.001427624,0.001431305
0.001426236,0.001421064,0.001434524,0.001425252,0.001421064
0.001427395,0.001420078,0.001433928,0.001429325,0.001429735
0.001428564,0.001423744,0.001435755,0.001428302,0.001423744
0.001426639,0.001419988,0.001433102,0.001426871,0.001422405
0.00142269,0.001417888,0.001428228,0.001423885,0.001419614
0.001423016,0.001419589,0.001428919,0.001423305,0.001423375
0.001426155,0.001420618,0.001431194,0.001425776,0.001422584
0.001424474,0.001422314,0.001430478,0.001423534,0.001422314
0.001428801,0.001424442,0.001433629,0.001428001,0.001433464
0.001418387,0.001413741,0.001422728,0.001417771,0.001421354
0.001424736,0.001418998,0.001433289,0.001423305,0.001425094
0.001425603,0.001419832,0.001429364,0.001425777,0.001425014
0.001427571,0.001423955,0.001432804,0.001427178,0.001424685
0.001426247,0.001421108,0.001433035,0.001426437,0.001428524
0.001427078,0.001420472,0.001433484,0.001428383,0.001433484
0.001428163,0.001421562,0.001434015,0.001429787,0.001429364
0.001428734,0.001424999,0.001430608,0.001429252,0.001429654
0.001427545,0.001424964,0.001431792,0.001426604,0.001425394
0.001426163,0.001420924,0.001432955,0.001425665,0.001420924
0.001427539,0.001420738,0.001432578,0.001428507,0.001431795
0.001426425,0.001421374,0.001430612,0.001428201,0.001421374
0.001426671,0.001422184,0.001431225,0.001427553,0.001431225
0.001425652,0.001422568,0.001430205,0.001423363,0.001430104
0.00142767,0.001423318,0.001432425,0.001426851,0.001428985
0.001424552,0.001420194,0.001431024,0.001425325,0.001431024
0.001419346,0.001414958,0.001423568,0.001419496,0.001416304
0.001426376,0.001420125,0.001430512,0.001426768,0.001428875
0.001426823,0.001423428,0.001431124,0.001426371,0.001425244
0.001428784,0.001423905,0.001434948,0.001428358,0.001426085
0.001427364,0.001423475,0.001430978,0.00142724,0.001426914
0.001422853,0.001418194,0.001427239,0.001423876,0.001418194
0.001428082,0.001423825,0.001434555,0.001427703,0.001424364
0.001422686,0.001419469,0.001427612,0.001421671,0.001419635
0.001424626,0.001421187,0.001428578,0.001424461,0.001423254
0.001426889,0.001422989,0.001432658,0.001426985,0.001426915
0.001425308,0.001419624,0.001431299,0.001424914,0.001421514
0.001427536,0.001424117,0.001431495,0.001427338,0.001431495
0.001422082,0.001417897,0.001428575,0.001421587,0.001421914
0.001424335,0.001419088,0.001430012,0.001423948,0.001421665
0.001424434,0.001421702,0.001429265,0.001423637,0.001422234
0.001428985,0.001422374,0.001433289,0.001430039,0.001430155
0.001425568,0.001419811,0.001430158,0.001426294,0.001428104
0.001421117,0.001415931,0.001427189,0.001420566,0.001416374
0.001427404,0.001422582,0.001432854,0.001426348,0.001432854
0.001424148,0.001421669,0.001428608,0.001423625,0.001426654
0.001425167,0.001420579,0.001432394,0.001424538,0.001420634
0.001426578,0.001423748,0.001432452,0.001424751,0.001424164
0.001426555,0.001423628,0.001431624,0.001426395,0.001431624
0.00142899,0.001423322,0.001433335,0.001430092,0.001425074
0.001425252,0.001420594,0.001429365,0.001425958,0.001420594
0.001431245,0.001426052,0.001437415,0.001431501,0.001437415
0.001428477,0.001424175,0.001432124,0.001429892,0.001432124
0.001423957,0.001417374,0.001428812,0.001424292,0.001417374
0.001424211,0.001420334,0.001430758,0.001423503,0.001421754
0.001427709,0.001422664,0.001431238,0.00142903,0.001422664
0.001426171,0.001423468,0.001430328,0.001425581,0.001426604
0.001427388,0.001421985,0.001431274,0.001428768,0.001428694
0.001433753,0.001425374,0.001439562,0.001434081,0.001432244
0.001426615,0.001421619,0.001431469,0.001426582,0.001428035
0.001427962,0.001422184,0.001435995,0.001427593,0.001422184
0.00142741,0.001423458,0.001433298,0.00142667,0.001425915
0.001497146,0.001421099,0.001682692,0.001442432,0.001463735
0.001427741,0.001423962,0.001430964,0.001428312,0.001424874
0.001428864,0.001424552,0.001433138,0.001428991,0.001430624
0.001425453,0.001420312,0.001430914,0.001424241,0.001422484
0.001426737,0.001421708,0.001430574,0.001426773,0.001430574
0.001426357,0.001422398,0.001431535,0.001426952,0.001428274
0.001429335,0.001425508,0.001435109,0.001427434,0.001427404
0.002027987,0.001641645,0.002291259,0.002013757,0.001955763
0.001428159,0.001417972,0.001452305,0.001421123,0.001452305
0.001430363,0.001419771,0.001457094,0.001421776,0.001457094
0.001433631,0.001424438,0.001454425,0.001428783,0.001454425
0.001431581,0.001423908,0.001446475,0.001428728,0.001446475
0.001432025,0.001418568,0.001459865,0.001426729,0.001459865
0.001424611,0.001416628,0.001443395,0.001419644,0.001443395
0.001433576,0.001423171,0.001449094,0.001431149,0.001449094
0.001435515,0.001425798,0.001455025,0.001431907,0.001455025
0.001425741,0.001415262,0.001447035,0.001421311,0.001447035
0.001422588,0.001418978,0.001428104,0.001422978,0.001428104
0.001423544,0.001415777,0.001433725,0.001422756,0.001433725
0.001433812,0.001422568,0.001461165,0.001426125,0.001461165
0.00143239,0.001423229,0.001453175,0.001427342,0.001453175
0.001432972,0.001420941,0.001457035,0.001428584,0.001457035
0.0014388,0.001430822,0.001453614,0.001435743,0.001453614
0.001433321,0.001423609,0.001457175,0.00142607,0.001457175
0.001426189,0.001419568,0.001435285,0.001426165,0.001435285
0.001426386,0.001416518,0.001447294,0.001422027,0.001447294
0.001429356,0.001423798,0.001435575,0.001430153,0.001435575
0.00143142,0.001419729,0.001450605,0.001428732,0.001450605
0.001433441,0.001423658,0.001446905,0.001430784,0.001446905
0.001436699,0.001422988,0.001460374,0.001431784,0.001460374
0.001435619,0.001423658,0.001460725,0.001429583,0.001460725
0.00143243,0.001420259,0.001457375,0.001427813,0.001457375
0.001433565,0.001423658,0.001456415,0.001427331,0.001456415
0.001430214,0.001419518,0.001447105,0.001428206,0.001447105
0.001429449,0.001417498,0.001451065,0.001426308,0.001451065
0.001430641,0.001426309,0.001436834,0.001430178,0.001436834
0.001435912,0.001423788,0.001459465,0.001429969,0.001459465
0.001428291,0.001425304,0.001431595,0.001428111,0.001431595
0.001428829,0.001419465,0.001447174,0.001423799,0.001447174
0.00142588,0.001420919,0.001429415,0.001426706,0.001429405
0.001427936,0.001426314,0.001432909,0.001426683,0.001427924
0.001430972,0.001422638,0.001446384,0.001427231,0.001446384
0.001427406,0.001421582,0.001431305,0.001428211,0.001431305
0.001436671,0.001429084,0.001452485,0.00143205,0.001452485
0.001431139,0.001422022,0.001447814,0.001428419,0.001447814
0.001432702,0.001423208,0.001447645,0.001431225,0.001447645
0.00142764,0.001421868,0.001434715,0.001427055,0.001434715
0.001420261,0.001416625,0.001426954,0.001418674,0.001426954
0.00142894,0.001418978,0.001448625,0.001425443,0.001448625
0.001428186,0.001423451,0.001431008,0.001428728,0.001429654
0.001430704,0.001422095,0.001446355,0.001427973,0.001446355
0.001427105,0.001418229,0.001451245,0.001418959,0.001451245
0.001429077,0.001420509,0.001440804,0.001429114,0.001440804
0.00142752,0.001422139,0.001433058,0.001428559,0.001428555
0.001420751,0.001415338,0.001429514,0.0014192,0.001429514
0.00142866,0.001421788,0.001435815,0.001429283,0.001435815
0.001429696,0.001422602,0.001440024,0.001428868,0.001440024
0.001427518,0.001418658,0.001447955,0.001422082,0.001447955
0.001430833,0.001422985,0.001446795,0.001426959,0.001446795
0.001425943,0.001422048,0.001431295,0.001425044,0.001426004
0.001428147,0.001423838,0.001433805,0.00142773,0.001433805
0.001427849,0.001419779,0.001437754,0.001428465,0.001437754
0.001427223,0.001418682,0.001440015,0.001426317,0.001440015
0.001429035,0.001422888,0.001433795,0.001431278,0.001432664
0.001428114,0.001421928,0.001434374,0.001428622,0.001434374
0.001424236,0.001418692,0.001429895,0.001424738,0.001429895
0.001425742,0.001420429,0.001432504,0.00142596,0.001432504
0.001425774,0.001424409,0.001428998,0.001425188,0.001425794
0.001428437,0.001422284,0.001436669,0.001427711,0.001422284
0.001426502,0.001423172,0.001429205,0.001427675,0.001429205
0.001426629,0.001422118,0.001430142,0.001427393,0.001424064
0.00142707,0.001420198,0.001432174,0.00142859,0.001432145
0.00142486,0.001420295,0.001434134,0.00142286,0.001434134
0.001426371,0.001421498,0.001429142,0.001427536,0.001427774
0.001422531,0.001418858,0.001427948,0.001421578,0.001422814
0.001425326,0.001421362,0.001428998,0.001424834,0.001422844
0.001426681,0.001423128,0.001430658,0.001426615,0.001429114
0.001424674,0.001419182,0.001429829,0.001424642,0.001422164
0.001426466,0.001421677,0.001430189,0.001427001,0.001429685
0.001428225,0.001424528,0.001435218,0.001426244,0.001426224
0.001429173,0.001426297,0.001434755,0.001427973,0.001426885
0.001425526,0.001422168,0.001430534,0.001424281,0.001430534
0.00142186,0.001416767,0.001426224,0.001420455,0.001426224
0.001425897,0.001421184,0.001431808,0.001425286,0.001426164
0.001425298,0.001421292,0.001430319,0.001424726,0.001422465
0.001428363,0.001421689,0.001433755,0.001428224,0.001433094
0.001429774,0.001427147,0.001435194,0.001429028,0.001429255
0.001424102,0.001419934,0.001430342,0.001421256,0.001421344
0.00142345,0.001417899,0.001427947,0.001423754,0.001419304
0.00142523,0.001421598,0.001429832,0.001425566,0.001421954
0.001423854,0.001419258,0.001430641,0.001424077,0.001425005
0.001424144,0.001419078,0.001429849,0.001424127,0.001423404
0.001426036,0.001421208,0.001430888,0.001426962,0.001427075
0.001425042,0.001419678,0.001430844,0.001426042,0.001426714
0.001425891,0.001420188,0.001431335,0.001425228,0.001423565
0.001425048,0.001421384,0.001429778,0.001424625,0.001423174
0.001422998,0.001420119,0.001425319,0.0014233,0.001423155
0.001425827,0.001419632,0.001430938,0.001427725,0.001427714
0.001425363,0.001421734,0.001432039,0.00142392,0.001428505
0.001420377,0.001416722,0.001427614,0.001418293,0.001427614
0.001428852,0.001424768,0.001432198,0.001429684,0.001430854
0.001427596,0.001422014,0.001433759,0.001429003,0.001428444
0.001426313,0.001421255,0.001431439,0.00142586,0.001423014
0.00142101,0.001415054,0.001424988,0.001421637,0.001415054
0.00142759,0.001421928,0.001435508,0.001427643,0.001428554
0.001419534,0.001414554,0.001424078,0.001419992,0.001414554
0.001426363,0.001421234,0.001431899,0.001426111,0.001428874
0.00142552,0.001420462,0.001430858,0.001424881,0.001421075
0.001423996,0.001418394,0.001431389,0.001423976,0.001418394
0.001424335,0.001418565,0.001429418,0.001424246,0.001418565
0.001427445,0.001423738,0.001433602,0.001426272,0.001423974
0.00142665,0.001422655,0.001430988,0.00142629,0.001422655
0.001424214,0.001420192,0.001429675,0.001423926,0.001421134
0.001427061,0.001422392,0.001431565,0.00142639,0.001431565
0.001424541,0.001421909,0.001428767,0.001423638,0.001422684
0.001423287,0.001417454,0.001429232,0.001422886,0.001417454
0.00142715,0.001423554,0.001432194,0.001426592,0.001423554
0.001421663,0.001416718,0.001426249,0.001421261,0.001425734
0.001423228,0.001419088,0.001427594,0.001422799,0.001422854
0.00142509,0.001421355,0.001429309,0.001425326,0.001425964
0.001426784,0.001421714,0.001431208,0.001428245,0.001427504
0.00142688,0.001420902,0.001431494,0.001428031,0.001427854
0.001426119,0.001422308,0.001430379,0.001426777,0.001424065
0.001426108,0.001423094,0.001432968,0.001425933,0.001423094
0.00142155,0.001418685,0.001427608,0.001420644,0.001418685
0.001428411,0.001422652,0.001433234,0.001428186,0.001433234
0.001426216,0.001422338,0.001429649,0.001426535,0.001422955
0.00142874,0.001423885,0.001434374,0.001428279,0.001431254
0.00142621,0.001422885,0.001429458,0.001425998,0.001422885
0.001427843,0.001422665,0.001434294,0.001427606,0.001434294
0.001425639,0.001421588,0.001431392,0.001424947,0.001424835
0.001426951,0.001421554,0.001435082,0.001425508,0.001421554
0.001425605,0.001421281,0.001429245,0.001425763,0.001426415
0.001425717,0.001422461,0.001429189,0.001425159,0.001424684
0.001427646,0.001423145,0.001432655,0.00142693,0.001432655
0.001428216,0.001425795,0.001434935,0.001426883,0.001427454
0.001424184,0.001420768,0.001428342,0.001422941,0.001423555
0.001416682,0.001414688,0.001421642,0.001415791,0.001416094
0.001420618,0.001415258,0.001426672,0.001420021,0.001423685
0.001426698,0.001421624,0.001431834,0.001427471,0.001421624
0.001426006,0.001421084,0.001429714,0.001427687,0.001429714
0.001426881,0.001422732,0.001432548,0.001426563,0.001422734
0.00142685,0.001421674,0.001434469,0.001425351,0.001421674
0.001424616,0.001420517,0.001430928,0.001423551,0.001424844
0.001422413,0.001418448,0.001426915,0.001423538,0.001423604
0.001426196,0.001422544,0.001428908,0.001426266,0.001422544
0.001423308,0.001421205,0.001427388,0.001423053,0.001423114
0.001426796,0.001422018,0.001433688,0.001425637,0.001424015
0.001426733,0.001421882,0.001433204,0.001426876,0.001427664
0.00142375,0.001420475,0.001429772,0.001422341,0.001420475
0.0014248,0.001418984,0.001430309,0.001424396,0.001418984
0.001425081,0.001418985,0.001431868,0.001425596,0.001418985
0.001423036,0.001417714,0.001429488,0.001421446,0.001417714
0.001423672,0.001420372,0.001428738,0.001421921,0.001420765
0.001426862,0.001421675,0.001432888,0.001426255,0.001422404
0.001429038,0.001422492,0.001433829,0.001429599,0.001426125
0.001423298,0.001419818,0.001427968,0.001423456,0.001424924
0.00142642,0.001421759,0.001432332,0.00142601,0.001426005
0.00142427,0.001420038,0.001430644,0.001423255,0.001422374
0.001425376,0.001422798,0.001428112,0.001425063,0.001427884
0.001425798,0.001422148,0.001430298,0.001424832,0.001422624
0.001425599,0.001420354,0.001429239,0.0014268,0.001420354
0.001426608,0.001421594,0.001432294,0.001425698,0.001428944
0.001427772,0.001423384,0.001432488,0.001427761,0.001426384
0.00142425,0.001418504,0.001428492,0.001425279,0.001418504
0.001427841,0.001420727,0.001432932,0.001430027,0.001423784
0.001421202,0.001415978,0.001425742,0.001421776,0.001423654
0.001422503,0.001417989,0.001428435,0.001422319,0.001423854
0.00142816,0.001423651,0.001435318,0.001427107,0.001424905
0.001429522,0.001424351,0.001434695,0.001429461,0.001425614
0.001425112,0.001421739,0.001430085,0.001423368,0.001430085
0.00142424,0.001419237,0.001430355,0.001423415,0.001428524
0.001424473,0.001421055,0.001430308,0.001422421,0.001421735
0.001426383,0.001421245,0.001431782,0.001425806,0.001422794
0.00142311,0.001418765,0.001428339,0.001421431,0.001418765
0.001437827,0.001432682,0.001442825,0.001436859,0.001442454
0.001426408,0.001422502,0.001430029,0.001426816,0.001426934
0.001426426,0.001423354,0.001431198,0.001425965,0.001423354
0.001424492,0.001419524,0.001429679,0.001424082,0.001419524
0.00142319,0.001418675,0.001427859,0.001422436,0.001423774
0.001426374,0.001420452,0.001434488,0.001426132,0.001429315
0.001426766,0.001422032,0.001432029,0.001426316,0.001429234
0.001434008,0.001426572,0.001440989,0.00143547,0.001434795
0.001427163,0.001421794,0.001434298,0.001426868,0.001421794
0.001427653,0.001423339,0.001434428,0.001427024,0.001426344
0.001426498,0.001422445,0.001431428,0.001425717,0.001428285
0.001423916,0.001419904,0.001427768,0.001423473,0.001419904
0.001425642,0.001420482,0.001432778,0.00142554,0.001429004
0.001426686,0.001421525,0.001432185,0.001427281,0.001428684
0.001429461,0.001425694,0.001433278,0.001429671,0.001426994
0.00142615,0.001421165,0.001432208,0.001425645,0.001426084
0.001416357,0.001414198,0.001420729,0.001415926,0.001417354
0.001424335,0.001420578,0.001428145,0.00142369,0.001428145
0.001419656,0.001416208,0.001424224,0.001419169,0.001418304
0.001425171,0.001422295,0.001430835,0.001424769,0.001422295
0.001429174,0.001424032,0.001433284,0.001429481,0.001428724
0.001425777,0.001421832,0.001431188,0.001425462,0.001425185
0.001428525,0.001423065,0.001434639,0.001429184,0.001429954
0.00142454,0.001421238,0.001428435,0.001424548,0.001428435
0.001426057,0.001421578,0.001431055,0.001425891,0.001424634
0.001418594,0.001414938,0.001422729,0.001417796,0.001418164
0.001427174,0.001424448,0.001431684,0.001426313,0.001426404
0.001427199,0.001422599,0.001430499,0.001427881,0.001428224
0.001428538,0.001422461,0.001436334,0.001427496,0.001436334
0.001428526,0.001424904,0.001432438,0.001427946,0.001424904
0.001418902,0.001415124,0.001422845,0.001418365,0.001415124
0.00142006,0.001416298,0.001426042,0.001419623,0.001417904
0.001425635,0.001421385,0.001430635,0.001424443,0.001421385
0.001427462,0.001421122,0.001432788,0.001429429,0.001429264
0.001426591,0.001421408,0.001431598,0.001427066,0.001422145
0.001426515,0.001421282,0.001431868,0.001426362,0.001429244
0.001425831,0.001420615,0.001430922,0.00142483,0.001420615
0.001417824,0.001414588,0.001421188,0.00141768,0.001415514
0.001424706,0.001420528,0.001429194,0.001424552,0.001427135
0.001422585,0.001418008,0.001426584,0.001423378,0.001426584
0.001425388,0.001421254,0.001433009,0.001424011,0.001425204
0.00142495,0.001419821,0.001428814,0.001424723,0.001428814
0.001422537,0.001420104,0.001425385,0.001422724,0.001424094
0.001420267,0.001416174,0.001423758,0.001420278,0.001416174
0.001426535,0.001422465,0.001433639,0.00142489,0.001422824
0.001426318,0.001421739,0.001432814,0.001424932,0.001429505
0.001424675,0.001420438,0.001431585,0.001422423,0.001421704
0.001423436,0.001416949,0.001428414,0.001424913,0.001425495
