0_Avg-Duration_s,0_Min-Duration_s,0_Max-Duration_s,0_Median-Duration_s,0_MainRank-Duration_s
1.0082e-05,3.81e-06,1.612e-05,1.01e-05,5.91e-06
1.0135e-05,4.37e-06,1.569e-05,1.0205e-05,6.03e-06
1.0123e-05,4.85e-06,1.496e-05,1.0035e-05,6.31e-06
1.0029e-05,5.52e-06,1.423e-05,1.011e-05,6.25e-06
1.0342e-05,5.92e-06,1.476e-05,1.01e-05,6.34e-06
1.0296e-05,5.34e-06,1.523e-05,1.0205e-05,5.34e-06
1.0155e-05,5.39e-06,1.495e-05,1.017e-05,5.39e-06
1.0175e-05,5.18e-06,1.504e-05,1.01e-05,5.18e-06
1.0234e-05,5.24e-06,1.494e-05,1.0135e-05,5.24e-06
1.0237e-05,4.87e-06,1.544e-05,1.026e-05,4.87e-06
1.0286e-05,4.44e-06,1.586e-05,1.0165e-05,4.44e-06
1.0356e-05,4.11e-06,1.614e-05,1.0425e-05,4.11e-06
1.0289e-05,4.42e-06,1.634e-05,1.0435e-05,4.42e-06
1.0286e-05,3.94e-06,1.648e-05,1.0455e-05,3.94e-06
1.0378e-05,3.86e-06,1.661e-05,1.055e-05,3.86e-06
1.0265e-05,3.91e-06,1.651e-05,1.028e-05,3.91e-06
1.077e-05,3.76e-06,1.667e-05,1.17e-05,3.76e-06
1.0201e-05,5.2e-06,1.516e-05,1.0245e-05,5.74e-06
1.0273e-05,5.48e-06,1.491e-05,1.05e-05,5.69e-06
1.0138e-05,5.4e-06,1.48e-05,1.0155e-05,5.61e-06
1.0181e-05,5.32e-06,1.477e-05,1.023e-05,5.67e-06
1.0681e-05,5.82e-06,1.545e-05,1.0735e-05,5.92e-06
1.022e-05,4.83e-06,1.533e-05,1.003e-05,4.83e-06
1.0169e-05,4.82e-06,1.525e-05,1.009e-05,4.82e-06
1.0094e-05,4.7e-06,1.541e-05,1.014e-05,4.7e-06
1.0187e-05,4.7e-06,1.565e-05,1.0195e-05,4.7e-06
1.0623e-05,5.24e-06,1.553e-05,1.1405e-05,5.24e-06
1.0116e-05,5.26e-06,1.506e-05,1e-05,5.26e-06
1.0155e-05,5.3e-06,1.535e-05,1.0035e-05,5.3e-06
1.0068e-05,5.12e-06,1.513e-05,9.87e-06,5.12e-06
1.001e-05,5.21e-06,1.499e-05,9.98e-06,5.21e-06
1.0123e-05,5.35e-06,1.502e-05,1.005e-05,5.35e-06
1.0003e-05,5.37e-06,1.474e-05,9.9e-06,5.37e-06
1.0021e-05,5.92e-06,1.443e-05,9.895e-06,5.92e-06
1.0067e-05,5.83e-06,1.436e-05,1.0075e-05,5.83e-06
1.012e-05,7.49e-06,1.281e-05,1.003e-05,7.49e-06
1.0281e-05,7.8e-06,1.304e-05,1.0105e-05,7.87e-06
1.0125e-05,7.43e-06,1.292e-05,1.0115e-05,7.43e-06
1.006e-05,7.39e-06,1.276e-05,1.0015e-05,7.39e-06
1.0185e-05,7.51e-06,1.289e-05,1.025e-05,7.51e-06
1.0115e-05,7.13e-06,1.319e-05,1.01e-05,7.57e-06
1.0159e-05,6.9e-06,1.333e-05,1.0265e-05,7.53e-06
1.034e-05,6.68e-06,1.383e-05,1.0425e-05,7.77e-06
1.009e-05,6.69e-06,1.335e-05,1.0225e-05,7.53e-06
1.0109e-05,6.9e-06,1.322e-05,1.016e-05,7.83e-06
1.0103e-05,7.14e-06,1.3e-05,1.0175e-05,7.58e-06
1.0148e-05,7.07e-06,1.302e-05,1.0265e-05,7.36e-06
1.0196e-05,7.32e-06,1.311e-05,1.0185e-05,7.32e-06
1.0072e-05,7.21e-06,1.292e-05,1.01e-05,7.27e-06
1.0106e-05,7.02e-06,1.32e-05,1.018e-05,7.07e-06
1.0153e-05,6.99e-06,1.364e-05,1.021e-05,7.13e-06
1.0139e-05,6.88e-06,1.339e-05,1.015e-05,7.28e-06
1.0264e-05,6.97e-06,1.336e-05,1.038e-05,7.17e-06
1.0103e-05,6.95e-06,1.334e-05,1.003e-05,6.98e-06
1.0073e-05,6.92e-06,1.318e-05,1.0115e-05,7.1e-06
1.017e-05,7.07e-06,1.32e-05,1.026e-05,7.07e-06
1.0172e-05,7.08e-06,1.342e-05,1.0255e-05,7.44e-06
1.0089e-05,7.41e-06,1.277e-05,1.0125e-05,7.41e-06
1.0125e-05,7.1e-06,1.318e-05,1.023e-05,7.13e-06
1.0169e-05,6.93e-06,1.339e-05,1.0255e-05,6.93e-06
1.0291e-05,6.6e-06,1.373e-05,1.0425e-05,6.6e-06
1.0152e-05,6.41e-06,1.399e-05,1.019e-05,6.52e-06
1.0155e-05,6.31e-06,1.386e-05,1.025e-05,6.45e-06
1.0109e-05,6.15e-06,1.384e-05,1.013e-05,6.67e-06
1.009e-05,6.54e-06,1.365e-05,1.0125e-05,6.54e-06
1.5597e-05,6.85e-06,3.494e-05,1.1925e-05,6.85e-06
1.038e-05,1.89e-06,1.884e-05,1.027e-05,1.89e-06
1.0071e-05,2.02e-06,1.816e-05,9.98e-06,2.02e-06
1.0076e-05,2.22e-06,1.797e-05,1.0075e-05,2.22e-06
1.0013e-05,2.23e-06,1.776e-05,1.008e-05,2.23e-06
9.979e-06,2.35e-06,1.773e-05,9.95e-06,2.35e-06
1.0041e-05,2.46e-06,1.769e-05,1.0005e-05,2.46e-06
1.0009e-05,2.56e-06,1.774e-05,9.915e-06,2.56e-06
1.0043e-05,2.61e-06,1.754e-05,1.0075e-05,2.61e-06
1.0034e-05,2.78e-06,1.737e-05,1.004e-05,2.78e-06
1.014e-05,2.96e-06,1.704e-05,1.012e-05,2.96e-06
1.011e-05,3.29e-06,1.679e-05,1.0195e-05,3.29e-06
9.988e-06,3.22e-06,1.666e-05,9.965e-06,3.22e-06
1.0051e-05,3.4e-06,1.672e-05,1.0085e-05,3.4e-06
1.0124e-05,3.39e-06,1.67e-05,1.006e-05,3.39e-06
1.012e-05,3.31e-06,1.666e-05,1.012e-05,3.31e-06
1.0111e-05,3.58e-06,1.657e-05,1.01e-05,3.58e-06
1.0103e-05,3.72e-06,1.648e-05,1.017e-05,3.72e-06
1.016e-05,3.92e-06,1.642e-05,1.0275e-05,3.92e-06
1.0134e-05,4.03e-06,1.629e-05,1.026e-05,4.03e-06
1.0039e-05,4e-06,1.597e-05,1.0005e-05,4e-06
1.0049e-05,3.87e-06,1.623e-05,1.0055e-05,3.87e-06
1.0183e-05,4.55e-06,1.568e-05,1.0265e-05,4.55e-06
1.001e-05,4.53e-06,1.544e-05,1.001e-05,4.53e-06
1.01e-05,4.61e-06,1.554e-05,1.0205e-05,4.61e-06
1.0065e-05,4.53e-06,1.564e-05,9.995e-06,4.53e-06
1.0101e-05,4.45e-06,1.586e-05,1.004e-05,4.45e-06
1.0131e-05,4.23e-06,1.604e-05,1.0165e-05,4.23e-06
1.0082e-05,4.11e-06,1.594e-05,1.017e-05,4.11e-06
1.007e-05,3.93e-06,1.624e-05,1.005e-05,3.93e-06
1.0241e-05,4.05e-06,1.616e-05,1.022e-05,4.05e-06
1.0994e-05,1.97e-06,1.832e-05,1.0935e-05,1.97e-06
1.0373e-05,1.92e-06,1.844e-05,1.0505e-05,1.92e-06
1.0203e-05,1.87e-06,1.863e-05,1.03e-05,1.87e-06
1.0221e-05,1.99e-06,1.824e-05,1.044e-05,1.99e-06
1.0254e-05,2.18e-06,1.839e-05,1.0255e-05,2.18e-06
1.0221e-05,2.75e-06,1.799e-05,1.016e-05,2.75e-06
1.0074e-05,2.58e-06,1.756e-05,1.0085e-05,2.58e-06
1.0162e-05,2.63e-06,1.737e-05,1.0155e-05,2.63e-06
1.0029e-05,2.61e-06,1.738e-05,1.009e-05,2.61e-06
1.0024e-05,2.74e-06,1.715e-05,9.935e-06,2.74e-06
1.0009e-05,3.1e-06,1.704e-05,9.895e-06,3.1e-06
1.0066e-05,3.48e-06,1.67e-05,9.98e-06,3.48e-06
1.0123e-05,3.87e-06,1.642e-05,1.0145e-05,3.87e-06
1.0051e-05,3.91e-06,1.605e-05,1.004e-05,3.91e-06
1.005e-05,4.04e-06,1.608e-05,1.001e-05,4.04e-06
1.0083e-05,3.92e-06,1.611e-05,1.0065e-05,3.92e-06
1.0025e-05,3.99e-06,1.609e-05,1.003e-05,3.99e-06
9.997e-06,4.26e-06,1.57e-05,9.915e-06,4.26e-06
1.0641e-05,4.34e-06,1.593e-05,1.057e-05,4.34e-06
1.0113e-05,5.28e-06,1.504e-05,1.016e-05,5.28e-06
1.0139e-05,5.35e-06,1.491e-05,1.018e-05,5.35e-06
1.0026e-05,5.35e-06,1.473e-05,1.001e-05,5.35e-06
1.0051e-05,5.5e-06,1.453e-05,1.0065e-05,5.5e-06
1.021e-05,5.95e-06,1.44e-05,1.03e-05,5.95e-06
1.0089e-05,6.29e-06,1.394e-05,1.0045e-05,6.29e-06
1.0064e-05,6.37e-06,1.372e-05,1.005e-05,6.37e-06
1.0268e-05,6.15e-06,1.435e-05,1.0485e-05,6.78e-06
1.0153e-05,5.94e-06,1.439e-05,1.0295e-05,6.48e-06
1.0185e-05,6.04e-06,1.414e-05,1.0255e-05,6.63e-06
1.0104e-05,5.94e-06,1.408e-05,1.025e-05,6.55e-06
1.0066e-05,5.82e-06,1.424e-05,1.0155e-05,6.47e-06
1.0101e-05,5.67e-06,1.441e-05,1.0265e-05,6.8e-06
1.0065e-05,5.35e-06,1.455e-05,1.0145e-05,6.81e-06
1.0039e-05,5.81e-06,1.426e-05,1.008e-05,7.13e-06
1.0111e-05,5.47e-06,1.452e-05,1.034e-05,7.21e-06
1.0001e-05,5.54e-06,1.438e-05,1.0025e-05,7.22e-06
1.0118e-05,5.51e-06,1.451e-05,1.0215e-05,7.42e-06
1.0139e-05,5.41e-06,1.498e-05,1.0375e-05,7.07e-06
1.0009e-05,5.11e-06,1.49e-05,1.0095e-05,7.19e-06
1.0026e-05,5.27e-06,1.449e-05,1.0095e-05,7.32e-06
9.98e-06,5.65e-06,1.426e-05,9.89e-06,7.51e-06
1.0031e-05,5.86e-06,1.408e-05,1.009e-05,7.49e-06
1.0031e-05,5.89e-06,1.412e-05,1.0075e-05,7.41e-06
1.018e-05,5.98e-06,1.426e-05,1.017e-05,7.46e-06
1.0125e-05,6.38e-06,1.394e-05,1.0225e-05,7.17e-06
1.002e-05,6.68e-06,1.343e-05,9.98e-06,7.15e-06
1.0101e-05,6.39e-06,1.358e-05,1.025e-05,7.18e-06
1.0018e-05,6.39e-06,1.376e-05,1.0055e-05,7.29e-06
1.0049e-05,6.51e-06,1.336e-05,1.023e-05,7.37e-06
1.0039e-05,6.86e-06,1.315e-05,1.0035e-05,7.46e-06
1.0051e-05,7.07e-06,1.323e-05,1.006e-05,7.4e-06
1.0105e-05,6.92e-06,1.316e-05,1.024e-05,7.29e-06
1.0105e-05,6.92e-06,1.336e-05,1.022e-05,7.57e-06
1.006e-05,6.72e-06,1.33e-05,1.0185e-05,7.63e-06
9.986e-06,6.73e-06,1.312e-05,1.0095e-05,7.51e-06
1.0074e-05,6.76e-06,1.345e-05,1.019e-05,7.79e-06
1.0643e-05,7.86e-06,1.326e-05,1.003e-05,7.86e-06
1.0282e-05,9.38e-06,1.106e-05,1.0345e-05,9.38e-06
1.0301e-05,8.72e-06,1.141e-05,1.0515e-05,9.53e-06
1.0154e-05,8.7e-06,1.144e-05,1.0295e-05,8.7e-06
1.1497e-05,3.98e-06,1.669e-05,1.155e-05,3.98e-06
1.0172e-05,3.69e-06,1.651e-05,1.0155e-05,3.69e-06
1.0087e-05,3.7e-06,1.636e-05,1.0335e-05,3.7e-06
1.0084e-05,3.95e-06,1.64e-05,1.005e-05,3.95e-06
1.0136e-05,3.98e-06,1.616e-05,1.0115e-05,3.98e-06
1.0178e-05,4.16e-06,1.62e-05,1.01e-05,4.16e-06
1.0159e-05,4.16e-06,1.62e-05,1.019e-05,4.16e-06
1.0129e-05,4.04e-06,1.622e-05,1.0175e-05,4.04e-06
1.0224e-05,4.01e-06,1.619e-05,1.025e-05,4.01e-06
1.0001e-05,3.89e-06,1.611e-05,1.003e-05,3.89e-06
1.0106e-05,4.13e-06,1.597e-05,1.009e-05,4.13e-06
1.0114e-05,4.57e-06,1.578e-05,1.016e-05,4.57e-06
4.0638e-05,1.72e-06,7.734e-05,4.1155e-05,1.72e-06
1.0094e-05,1.89e-06,1.83e-05,1.0125e-05,1.89e-06
1.0126e-05,1.59e-06,1.85e-05,1.0245e-05,1.59e-06
1.0045e-05,1.64e-06,1.823e-05,1.0055e-05,1.64e-06
1.0094e-05,2.23e-06,1.814e-05,1.007e-05,2.23e-06
1.0095e-05,2.57e-06,1.766e-05,1.0015e-05,2.57e-06
1.0009e-05,2.75e-06,1.739e-05,9.95e-06,2.75e-06
1.005e-05,2.73e-06,1.73e-05,1.0015e-05,2.73e-06
1.0094e-05,2.74e-06,1.774e-05,1.016e-05,2.74e-06
1.0121e-05,2.57e-06,1.747e-05,1.0165e-05,2.57e-06
1.0131e-05,3.16e-06,1.696e-05,1.0245e-05,3.16e-06
9.986e-06,3.73e-06,1.638e-05,9.965e-06,3.73e-06
1.0096e-05,4.06e-06,1.617e-05,1.014e-05,4.06e-06
1.0015e-05,3.98e-06,1.592e-05,1.002e-05,3.98e-06
1.0009e-05,4.14e-06,1.583e-05,1.012e-05,4.14e-06
1.0129e-05,4.4e-06,1.574e-05,1.0215e-05,4.4e-06
1.0006e-05,4.4e-06,1.554e-05,1.007e-05,4.4e-06
1.0071e-05,4.67e-06,1.541e-05,1.0125e-05,4.67e-06
9.995e-06,4.55e-06,1.549e-05,9.965e-06,4.55e-06
1.006e-05,4.61e-06,1.543e-05,1.013e-05,4.61e-06
1.0144e-05,4.66e-06,1.546e-05,1.019e-05,4.66e-06
1.0045e-05,4.63e-06,1.553e-05,1.001e-05,4.63e-06
1.0059e-05,4.79e-06,1.535e-05,1.009e-05,4.79e-06
1.0144e-05,4.92e-06,1.529e-05,1.0155e-05,4.92e-06
1.0084e-05,5.2e-06,1.48e-05,1.0225e-05,5.2e-06
1.0141e-05,5.43e-06,1.478e-05,1.0135e-05,5.43e-06
1.0026e-05,5.33e-06,1.462e-05,1.0085e-05,5.33e-06
1.0031e-05,5.42e-06,1.45e-05,1.01e-05,5.42e-06
1.0105e-05,5.69e-06,1.446e-05,1.026e-05,5.69e-06
1.0099e-05,5.5e-06,1.458e-05,1.0145e-05,5.5e-06
1.0087e-05,5.56e-06,1.463e-05,1.012e-05,5.56e-06
1.022e-05,6e-06,1.461e-05,1.021e-05,6e-06
1.0115e-05,5.35e-06,1.474e-05,1.0075e-05,5.35e-06
1.0058e-05,5.22e-06,1.48e-05,1.0085e-05,5.22e-06
1.0115e-05,5.29e-06,1.472e-05,1.0315e-05,5.29e-06
1.0109e-05,5.4e-06,1.459e-05,1.0175e-05,5.4e-06
1.011e-05,5.55e-06,1.474e-05,1.0115e-05,5.55e-06
1.0536e-05,3.49e-06,1.666e-05,1.012e-05,3.49e-06
1.008e-05,3.2e-06,1.684e-05,1.019e-05,3.2e-06
1.0098e-05,3.85e-06,1.676e-05,9.975e-06,3.85e-06
1.0175e-05,4e-06,1.637e-05,1.011e-05,4e-06
1.0086e-05,4.35e-06,1.616e-05,9.99e-06,4.35e-06
1.016e-05,4.36e-06,1.593e-05,1.021e-05,4.36e-06
1.0119e-05,4.67e-06,1.569e-05,1.008e-05,4.67e-06
1.0124e-05,5.06e-06,1.539e-05,1.004e-05,5.06e-06
1.0097e-05,5.18e-06,1.496e-05,1.015e-05,5.18e-06
1.0051e-05,5.54e-06,1.483e-05,9.995e-06,5.54e-06
1.0046e-05,5.67e-06,1.445e-05,1.0025e-05,5.67e-06
1.0046e-05,6.08e-06,1.421e-05,9.995e-06,6.08e-06
9.99e-06,5.86e-06,1.401e-05,9.94e-06,5.86e-06
1.0024e-05,5.59e-06,1.434e-05,9.95e-06,5.59e-06
1.0175e-05,6.02e-06,1.452e-05,1.0145e-05,6.02e-06
1.0573e-05,7.37e-06,1.439e-05,1.0015e-05,9.2e-06
1.0086e-05,7.32e-06,1.278e-05,1.0085e-05,9e-06
1.0085e-05,7.37e-06,1.291e-05,1.0125e-05,9.16e-06
1.004e-05,7.3e-06,1.295e-05,9.955e-06,9.36e-06
1.0041e-05,7.32e-06,1.286e-05,9.98e-06,9.36e-06
1.0113e-05,7.21e-06,1.296e-05,1.018e-05,9.76e-06
1.0035e-05,7.12e-06,1.295e-05,9.94e-06,9.54e-06
1.01e-05,7.04e-06,1.302e-05,1.0145e-05,9.67e-06
1.0122e-05,6.85e-06,1.346e-05,1.0075e-05,9.46e-06
1.0016e-05,6.84e-06,1.323e-05,1.0055e-05,9.52e-06
9.986e-06,6.8e-06,1.322e-05,1.0025e-05,9.7e-06
1.0034e-05,7.23e-06,1.293e-05,1.0005e-05,9.88e-06
9.996e-06,7.13e-06,1.292e-05,1.0035e-05,1.004e-05
1.0047e-05,7.15e-06,1.28e-05,1.006e-05,1.009e-05
1.0018e-05,6.9e-06,1.305e-05,1.0005e-05,1e-05
1.0012e-05,6.74e-06,1.329e-05,1.001e-05,1.012e-05
1.009e-05,7.12e-06,1.332e-05,1.0135e-05,1.017e-05
9.991e-06,6.82e-06,1.318e-05,1.0015e-05,1.031e-05
1.0016e-05,6.94e-06,1.326e-05,1.0035e-05,1.059e-05
1.0103e-05,6.7e-06,1.346e-05,1.0175e-05,1.067e-05
1.0044e-05,6.52e-06,1.359e-05,1.006e-05,1.108e-05
1.004e-05,6.45e-06,1.368e-05,1.0035e-05,1.1e-05
1.0003e-05,6.25e-06,1.392e-05,9.93e-06,1.098e-05
1.0059e-05,6.17e-06,1.371e-05,1.022e-05,1.104e-05
1.0104e-05,6.26e-06,1.395e-05,1.01e-05,1.077e-05
1.001e-05,6.38e-06,1.372e-05,1e-05,1.066e-05
1.0063e-05,5.98e-06,1.407e-05,1.014e-05,1.086e-05
1.0105e-05,5.67e-06,1.45e-05,1.006e-05,1.077e-05
1.0078e-05,5.14e-06,1.499e-05,1.0045e-05,1.053e-05
1.0051e-05,4.92e-06,1.497e-05,9.97e-06,1.02e-05
1.0094e-05,5.09e-06,1.519e-05,1.021e-05,1.071e-05
1.0142e-05,5.3e-06,1.496e-05,1.02e-05,1.072e-05
1.0142e-05,5.31e-06,1.506e-05,1.012e-05,1.091e-05
1.0174e-05,5.04e-06,1.529e-05,1.013e-05,1.073e-05
1.0079e-05,5.1e-06,1.495e-05,1.0175e-05,1.129e-05
1.0159e-05,5.46e-06,1.491e-05,1.023e-05,1.174e-05
1.0042e-05,5.61e-06,1.45e-05,1.0045e-05,1.173e-05
1.0139e-05,5.59e-06,1.454e-05,1.018e-05,1.218e-05
1.0081e-05,5.81e-06,1.412e-05,1.011e-05,1.272e-05
1.008e-05,6.22e-06,1.386e-05,1.0135e-05,1.315e-05
1.0056e-05,6.47e-06,1.36e-05,1.004e-05,1.332e-05
1.0056e-05,6.6e-06,1.35e-05,1.005e-05,1.32e-05
1.0059e-05,6.51e-06,1.35e-05,1.014e-05,1.35e-05
1.0069e-05,6.35e-06,1.368e-05,1.0145e-05,1.361e-05
1.0021e-05,6.46e-06,1.371e-05,9.96e-06,1.358e-05
1.0004e-05,6.25e-06,1.373e-05,1.005e-05,1.354e-05
1.001e-05,5.95e-06,1.398e-05,9.985e-06,1.344e-05
1.0108e-05,6.13e-06,1.385e-05,1.0185e-05,1.365e-05
1.0105e-05,6.37e-06,1.385e-05,1.005e-05,1.384e-05
1.0055e-05,6.2e-06,1.396e-05,1.001e-05,1.379e-05
9.998e-06,5.97e-06,1.385e-05,1.003e-05,1.377e-05
1.009e-05,6.01e-06,1.422e-05,1e-05,1.422e-05
1.0042e-05,5.46e-06,1.455e-05,1.005e-05,1.455e-05
1.0031e-05,5.21e-06,1.473e-05,9.98e-06,1.469e-05
1.0109e-05,5.31e-06,1.485e-05,1.0125e-05,1.485e-05
1.0065e-05,5.68e-06,1.466e-05,1.002e-05,1.429e-05
1.0131e-05,5.62e-06,1.472e-05,1.0145e-05,1.463e-05
1.0097e-05,5.6e-06,1.481e-05,1.0015e-05,1.433e-05
1.0086e-05,5.29e-06,1.484e-05,9.96e-06,1.478e-05
1.0319e-05,5.01e-06,1.56e-05,1.0225e-05,1.56e-05
1.0053e-05,4.88e-06,1.534e-05,1.0025e-05,1.534e-05
1.0102e-05,4.61e-06,1.56e-05,1.013e-05,1.56e-05
1.0111e-05,4e-06,1.616e-05,1.0025e-05,1.616e-05
1.0131e-05,4.01e-06,1.611e-05,1.0085e-05,1.611e-05
1.0141e-05,3.68e-06,1.658e-05,1.0195e-05,1.658e-05
1.0017e-05,3.49e-06,1.65e-05,9.945e-06,1.65e-05
1.0234e-05,3.12e-06,1.72e-05,1.0025e-05,1.72e-05
1.0163e-05,2.99e-06,1.743e-05,1.008e-05,1.743e-05
1.0134e-05,3.02e-06,1.704e-05,1.003e-05,1.704e-05
1.0044e-05,2.9e-06,1.728e-05,1.0065e-05,1.728e-05
1.0045e-05,2.94e-06,1.719e-05,1.0035e-05,1.719e-05
1.0086e-05,2.89e-06,1.728e-05,1.008e-05,1.728e-05
1.0131e-05,2.76e-06,1.747e-05,1.0105e-05,1.747e-05
1.0053e-05,2.71e-06,1.734e-05,1.004e-05,1.734e-05
1.008e-05,2.73e-06,1.746e-05,1.0035e-05,1.746e-05
1.0212e-05,2.3e-06,1.79e-05,1.029e-05,1.79e-05
1.0074e-05,1.83e-06,1.817e-05,1e-05,1.817e-05
1.0009e-05,1.67e-06,1.837e-05,9.94e-06,1.837e-05
1.0079e-05,1.65e-06,1.849e-05,1.0135e-05,1.849e-05
1.0089e-05,1.35e-06,1.859e-05,1.0025e-05,1.859e-05
1.0107e-05,1.9e-06,1.868e-05,1.0005e-05,1.868e-05
1.001e-05,1.57e-06,1.838e-05,9.97e-06,1.838e-05
1.0071e-05,1.31e-06,1.873e-05,1.0055e-05,1.873e-05
1.0039e-05,1.28e-06,1.87e-05,1.0015e-05,1.87e-05
1.0066e-05,1.61e-06,1.87e-05,1.0065e-05,1.87e-05
1.0003e-05,1.6e-06,1.857e-05,9.925e-06,1.857e-05
1.0131e-05,1.7e-06,1.874e-05,1.01e-05,1.874e-05
1.0148e-05,1.93e-06,1.83e-05,9.975e-06,1.83e-05
1.0074e-05,1.78e-06,1.845e-05,1.019e-05,1.845e-05
1.0025e-05,1.79e-06,1.829e-05,1.003e-05,1.829e-05
1.0055e-05,1.77e-06,1.848e-05,1.0045e-05,1.848e-05
1.0081e-05,1.78e-06,1.838e-05,1.006e-05,1.838e-05
1.0134e-05,2.16e-06,1.831e-05,1.0305e-05,1.831e-05
1.0097e-05,2.13e-06,1.801e-05,1.0025e-05,1.801e-05
1.0074e-05,2.46e-06,1.766e-05,1.004e-05,1.766e-05
1.002e-05,2.5e-06,1.762e-05,9.98e-06,1.762e-05
1.0056e-05,2.54e-06,1.768e-05,1.011e-05,1.768e-05
1.0195e-05,2.48e-06,1.781e-05,1.013e-05,1.781e-05
1.0112e-05,2.15e-06,1.796e-05,1.0105e-05,1.796e-05
1.1239e-05,5.85e-06,1.805e-05,1.0195e-05,1.805e-05
9.994e-06,6.7e-06,1.344e-05,9.94e-06,1.344e-05
1.0023e-05,6.62e-06,1.33e-05,1.017e-05,1.32e-05
1.0016e-05,6.65e-06,1.356e-05,1.0015e-05,1.356e-05
1.0111e-05,6.45e-06,1.359e-05,1.013e-05,1.359e-05
1.0069e-05,6.69e-06,1.36e-05,1.0145e-05,1.36e-05
1.0111e-05,6.39e-06,1.36e-05,1.027e-05,1.36e-05
1.0056e-05,6.39e-06,1.37e-05,1.004e-05,1.37e-05
1.0041e-05,6.13e-06,1.366e-05,1.013e-05,1.366e-05
1.011e-05,5.53e-06,1.445e-05,1.0255e-05,1.445e-05
1.0119e-05,5.5e-06,1.459e-05,1.0205e-05,1.459e-05
1.0096e-05,5.11e-06,1.48e-05,1.0205e-05,1.48e-05
1.0096e-05,5.19e-06,1.473e-05,1.016e-05,1.473e-05
1.023e-05,5.49e-06,1.522e-05,1.0365e-05,1.522e-05
1.0036e-05,5.36e-06,1.476e-05,9.88e-06,1.476e-05
1.0038e-05,5.22e-06,1.489e-05,1.0015e-05,1.489e-05
1.0128e-05,4.94e-06,1.506e-05,1.042e-05,1.506e-05
1.0038e-05,5.28e-06,1.484e-05,1.01e-05,1.484e-05
9.994e-06,5.41e-06,1.472e-05,1.0035e-05,1.472e-05
9.998e-06,5.41e-06,1.464e-05,9.965e-06,1.464e-05
1.0121e-05,5.35e-06,1.486e-05,1.035e-05,1.486e-05
1.0077e-05,4.94e-06,1.521e-05,9.97e-06,1.521e-05
1.011e-05,5.02e-06,1.508e-05,1.0205e-05,1.508e-05
1.0017e-05,4.91e-06,1.51e-05,1e-05,1.51e-05
1.0246e-05,4.7e-06,1.529e-05,1.0275e-05,1.529e-05
1.0008e-05,4.58e-06,1.541e-05,9.895e-06,1.541e-05
1.0099e-05,4.71e-06,1.528e-05,1.015e-05,1.528e-05
1.0091e-05,5.2e-06,1.502e-05,1.0085e-05,1.502e-05
9.986e-06,5.01e-06,1.511e-05,1.004e-05,1.511e-05
1.0078e-05,4.84e-06,1.552e-05,1.004e-05,1.552e-05
1.0128e-05,5.04e-06,1.535e-05,1.0175e-05,1.535e-05
1.0029e-05,5.07e-06,1.516e-05,1.003e-05,1.516e-05
1.015e-05,4.42e-06,1.586e-05,1.016e-05,1.586e-05
9.989e-06,4.24e-06,1.582e-05,1.0055e-05,1.582e-05
9.996e-06,3.98e-06,1.601e-05,1.0055e-05,1.601e-05
9.985e-06,3.69e-06,1.634e-05,1.007e-05,1.634e-05
1.0054e-05,3.62e-06,1.653e-05,1.0015e-05,1.653e-05
1.0125e-05,3.76e-06,1.667e-05,1.0125e-05,1.667e-05
1.0065e-05,3.46e-06,1.668e-05,1.0005e-05,1.668e-05
1.0164e-05,3.53e-06,1.681e-05,1.005e-05,1.681e-05
1.034e-05,4.02e-06,1.647e-05,1.0375e-05,1.647e-05
1.0115e-05,3.88e-06,1.629e-05,1.021e-05,1.629e-05
1.0061e-05,3.81e-06,1.637e-05,9.995e-06,1.637e-05
9.997e-06,3.25e-06,1.673e-05,9.99e-06,1.673e-05
1.0104e-05,3.31e-06,1.671e-05,1.0235e-05,1.671e-05
1.016e-05,3.54e-06,1.671e-05,1.019e-05,1.671e-05
1.0104e-05,3.54e-06,1.666e-05,1.0085e-05,1.666e-05
1.011e-05,3.51e-06,1.669e-05,1.0065e-05,1.669e-05
1.0105e-05,3.08e-06,1.692e-05,1.012e-05,1.692e-05
1.0148e-05,3.03e-06,1.726e-05,1.0095e-05,1.726e-05
1.0185e-05,2.89e-06,1.753e-05,1.005e-05,1.753e-05
1.0101e-05,2.68e-06,1.736e-05,1.0075e-05,1.736e-05
1.0063e-05,2.78e-06,1.726e-05,1.0055e-05,1.726e-05
1.0239e-05,3.21e-06,1.72e-05,1.016e-05,1.72e-05
1.0035e-05,3.41e-06,1.665e-05,1.016e-05,1.665e-05
9.998e-06,3.06e-06,1.682e-05,1.0015e-05,1.682e-05
1.0083e-05,3.14e-06,1.691e-05,1.008e-05,1.691e-05
1.0085e-05,3.02e-06,1.719e-05,1.004e-05,1.719e-05
1.0139e-05,3.43e-06,1.7e-05,1.01e-05,1.7e-05
1.0035e-05,3.22e-06,1.677e-05,9.96e-06,1.677e-05
1.0013e-05,3.29e-06,1.682e-05,1.0095e-05,1.682e-05
1.0192e-05,3.57e-06,1.684e-05,1.023e-05,1.684e-05
1.0086e-05,3.29e-06,1.674e-05,1.007e-05,1.674e-05
1.012e-05,3.15e-06,1.692e-05,1.004e-05,1.692e-05
1.0054e-05,3.15e-06,1.699e-05,1e-05,1.699e-05
9.981e-06,2.96e-06,1.704e-05,9.945e-06,1.704e-05
1.0025e-05,2.96e-06,1.707e-05,1.001e-05,1.707e-05
1.0055e-05,3.14e-06,1.696e-05,1.009e-05,1.696e-05
1.0005e-05,3.12e-06,1.68e-05,1.01e-05,1.68e-05
1.0203e-05,3.42e-06,1.707e-05,1.0195e-05,1.707e-05
1.024e-05,3.37e-06,1.716e-05,1.0025e-05,1.716e-05
1.0075e-05,3.23e-06,1.668e-05,9.995e-06,1.668e-05
1.0066e-05,3.59e-06,1.661e-05,1.0115e-05,1.661e-05
9.958e-06,3.79e-06,1.629e-05,9.975e-06,1.629e-05
1.0014e-05,3.46e-06,1.638e-05,9.945e-06,1.638e-05
9.946e-06,3.59e-06,1.623e-05,9.945e-06,1.623e-05
1.0096e-05,3.33e-06,1.679e-05,9.98e-06,1.679e-05
1.0131e-05,3.56e-06,1.661e-05,1.0185e-05,1.661e-05
1.0101e-05,3.41e-06,1.643e-05,9.96e-06,1.643e-05
1.0076e-05,3.72e-06,1.667e-05,1.0045e-05,1.667e-05
1.0007e-05,3.47e-06,1.638e-05,9.98e-06,1.638e-05
1.0042e-05,3.72e-06,1.666e-05,1.002e-05,1.666e-05
9.988e-06,3.59e-06,1.664e-05,9.91e-06,1.664e-05
1.0036e-05,3.2e-06,1.684e-05,9.99e-06,1.684e-05
1.0029e-05,3e-06,1.721e-05,9.98e-06,1.721e-05
1.0014e-05,2.89e-06,1.729e-05,1.0045e-05,1.729e-05
1.0104e-05,2.85e-06,1.783e-05,1.008e-05,1.783e-05
1.0138e-05,2.35e-06,1.789e-05,1.006e-05,1.789e-05
1.0145e-05,1.95e-06,1.814e-05,1.0275e-05,1.814e-05
1.0085e-05,1.91e-06,1.837e-05,1.0035e-05,1.837e-05
1.0053e-05,1.96e-06,1.819e-05,1.003e-05,1.819e-05
1.0054e-05,2.2e-06,1.819e-05,1.0035e-05,1.819e-05
9.944e-06,2.05e-06,1.785e-05,9.965e-06,1.785e-05
1.0059e-05,2.16e-06,1.815e-05,1.0105e-05,1.815e-05
1.0078e-05,1.92e-06,1.815e-05,9.965e-06,1.815e-05
1.008e-05,1.8e-06,1.818e-05,1.0125e-05,1.818e-05
1.0031e-05,1.66e-06,1.842e-05,9.99e-06,1.842e-05
1.0114e-05,1.67e-06,1.877e-05,1.003e-05,1.877e-05
1.0096e-05,1.47e-06,1.859e-05,9.945e-06,1.859e-05
1.0106e-05,1.65e-06,1.831e-05,1.0015e-05,1.831e-05
1.002e-05,1.97e-06,1.812e-05,1.008e-05,1.812e-05
1.0133e-05,1.99e-06,1.829e-05,1.0105e-05,1.829e-05
1.0007e-05,2.4e-06,1.753e-05,9.995e-06,1.753e-05
9.986e-06,2.29e-06,1.765e-05,1.0045e-05,1.765e-05
1.0019e-05,2.27e-06,1.792e-05,9.985e-06,1.792e-05
9.955e-06,2.24e-06,1.78e-05,9.945e-06,1.78e-05
1.0173e-05,2.52e-06,1.8e-05,1.0135e-05,1.8e-05
1.0044e-05,2.76e-06,1.746e-05,1.0005e-05,1.746e-05
1.0018e-05,2.47e-06,1.759e-05,9.935e-06,1.759e-05
1.0133e-05,2.66e-06,1.764e-05,1.0155e-05,1.764e-05
1.0084e-05,2.65e-06,1.756e-05,9.955e-06,1.756e-05
1.0082e-05,2.43e-06,1.767e-05,1.005e-05,1.767e-05
1.0144e-05,2.35e-06,1.778e-05,1.008e-05,1.778e-05
1.0032e-05,2.33e-06,1.787e-05,9.96e-06,1.787e-05
1.0139e-05,1.87e-06,1.821e-05,1.0005e-05,1.821e-05
1.0046e-05,1.92e-06,1.815e-05,1.007e-05,1.815e-05
1.0117e-05,1.72e-06,1.827e-05,1.019e-05,1.827e-05
1.0041e-05,1.73e-06,1.839e-05,1.007e-05,1.839e-05
9.985e-06,1.8e-06,1.812e-05,1.0025e-05,1.812e-05
1.0087e-05,1.52e-06,1.848e-05,1.004e-05,1.848e-05
1.0061e-05,1.48e-06,1.856e-05,1.0075e-05,1.856e-05
1.0089e-05,1.63e-06,1.854e-05,1.014e-05,1.854e-05
1.011e-05,1.47e-06,1.865e-05,1.0005e-05,1.865e-05
1.0044e-05,1.44e-06,1.861e-05,1.0105e-05,1.861e-05
1.001e-05,1.34e-06,1.869e-05,1.0025e-05,1.869e-05
1.0165e-05,1.6e-06,1.876e-05,1.0095e-05,1.876e-05
1.0125e-05,1.68e-06,1.867e-05,1.007e-05,1.867e-05
1.004e-05,1.51e-06,1.84e-05,1.008e-05,1.84e-05
1.0115e-05,1.41e-06,1.879e-05,1.0045e-05,1.879e-05
1.0104e-05,1.26e-06,1.886e-05,9.985e-06,1.886e-05
1.0034e-05,1.11e-06,1.878e-05,1.0015e-05,1.878e-05
1.5849e-05,1.36e-06,2.589e-05,1.823e-05,2.549e-05
1.0436e-05,1.29e-06,1.964e-05,1.029e-05,9.83e-06
1.0261e-05,1.13e-06,1.929e-05,1.018e-05,9.71e-06
1.0073e-05,1.14e-06,1.903e-05,9.94e-06,9.39e-06
1.0189e-05,1.44e-06,1.918e-05,1.011e-05,9.48e-06
1.0216e-05,1.35e-06,1.925e-05,9.97e-06,9.56e-06
1.007e-05,1.7e-06,1.854e-05,9.965e-06,9.62e-06
1.0215e-05,1.86e-06,1.814e-05,1.0495e-05,1.019e-05
1.0024e-05,1.78e-06,1.835e-05,1.005e-05,9.64e-06
1.0115e-05,1.59e-06,1.842e-05,1.006e-05,9.94e-06
1.0109e-05,1.74e-06,1.842e-05,1.0095e-05,1.027e-05
1.0062e-05,1.95e-06,1.819e-05,1.005e-05,9.86e-06
1.0032e-05,1.64e-06,1.839e-05,1.008e-05,9.69e-06
1.0209e-05,1.66e-06,1.853e-05,1.009e-05,9.72e-06
1.0051e-05,1.82e-06,1.843e-05,1.0045e-05,9.36e-06
1.0021e-05,1.81e-06,1.815e-05,9.93e-06,9.35e-06
1.0033e-05,1.47e-06,1.831e-05,1.005e-05,9.3e-06
1.0071e-05,1.71e-06,1.869e-05,9.97e-06,9.07e-06
1.0164e-05,1.4e-06,1.875e-05,1.013e-05,9.42e-06
1.0086e-05,1.65e-06,1.864e-05,1.015e-05,9.15e-06
1.0016e-05,1.73e-06,1.832e-05,1.0015e-05,9e-06
1.0101e-05,1.63e-06,1.837e-05,1.003e-05,9.35e-06
1.0035e-05,1.66e-06,1.834e-05,1.0045e-05,9.52e-06
1.008e-05,1.73e-06,1.836e-05,1.0015e-05,9.32e-06
1.0053e-05,1.77e-06,1.829e-05,1.0025e-05,9.42e-06
9.974e-06,2.41e-06,1.752e-05,1e-05,9.4e-06
1.0086e-05,2.68e-06,1.758e-05,1.0075e-05,9.71e-06
1.0021e-05,2.75e-06,1.73e-05,9.965e-06,9.7e-06
1.0058e-05,2.92e-06,1.714e-05,1.0115e-05,1.012e-05
1.0116e-05,3.18e-06,1.698e-05,1.0065e-05,1.049e-05
1.0019e-05,3.28e-06,1.671e-05,9.965e-06,1.072e-05
1.0088e-05,3.62e-06,1.654e-05,1.022e-05,1.096e-05
1.0044e-05,3.68e-06,1.651e-05,1.0025e-05,1.116e-05
1.0113e-05,4.02e-06,1.605e-05,1.0115e-05,1.162e-05
1.0174e-05,4.46e-06,1.596e-05,1.03e-05,1.179e-05
1.0046e-05,4.36e-06,1.578e-05,1.003e-05,1.139e-05
9.982e-06,4.42e-06,1.556e-05,9.96e-06,1.152e-05
1.0115e-05,4.55e-06,1.551e-05,1.011e-05,1.204e-05
1.0084e-05,4.99e-06,1.526e-05,9.96e-06,1.245e-05
1.0224e-05,4.92e-06,1.565e-05,1.033e-05,1.254e-05
1.009e-05,4.24e-06,1.589e-05,1.0065e-05,1.266e-05
1.0136e-05,5.03e-06,1.57e-05,1.011e-05,1.276e-05
1.0149e-05,4.8e-06,1.558e-05,1.0185e-05,1.292e-05
1.0149e-05,4.17e-06,1.585e-05,1.0195e-05,1.262e-05
1.0087e-05,4.2e-06,1.619e-05,1.019e-05,1.204e-05
1.0076e-05,4.44e-06,1.579e-05,9.965e-06,1.205e-05
1.018e-05,4.22e-06,1.638e-05,1.01e-05,1.21e-05
1.005e-05,3.61e-06,1.641e-05,9.94e-06,1.162e-05
9.963e-06,3.59e-06,1.631e-05,9.965e-06,1.144e-05
1.0017e-05,3.74e-06,1.63e-05,9.99e-06,1.142e-05
1.0026e-05,3.88e-06,1.624e-05,1.0045e-05,1.141e-05
1.009e-05,3.63e-06,1.656e-05,1.005e-05,1.136e-05
1.0139e-05,3.73e-06,1.674e-05,1.007e-05,1.166e-05
1.0085e-05,3.52e-06,1.655e-05,1.006e-05,1.144e-05
1.0042e-05,3.72e-06,1.635e-05,1.0015e-05,1.159e-05
1.0078e-05,4.05e-06,1.602e-05,1.0115e-05,1.173e-05
1.0134e-05,4.41e-06,1.584e-05,1.0145e-05,1.184e-05
1.0099e-05,4.05e-06,1.603e-05,1.014e-05,1.191e-05
1.0117e-05,3.96e-06,1.622e-05,1.0175e-05,1.191e-05
1.0288e-05,3.98e-06,1.65e-05,1.0375e-05,1.246e-05
1.0076e-05,4.22e-06,1.584e-05,1.015e-05,1.239e-05
1.012e-05,4.71e-06,1.571e-05,1.015e-05,1.246e-05
1.0071e-05,4.63e-06,1.528e-05,1.0125e-05,1.23e-05
1.0014e-05,4.98e-06,1.5e-05,1.0055e-05,1.212e-05
9.986e-06,5.22e-06,1.487e-05,9.95e-06,1.195e-05
1.0017e-05,5.34e-06,1.47e-05,9.965e-06,1.202e-05
1.0119e-05,5.48e-06,1.484e-05,1.0035e-05,1.193e-05
1.0015e-05,5.44e-06,1.464e-05,1.006e-05,1.174e-05
1e-05,5.9e-06,1.42e-05,9.93e-06,1.204e-05
1.0111e-05,6.13e-06,1.39e-05,1.0265e-05,1.228e-05
1.0012e-05,6.29e-06,1.37e-05,1.002e-05,1.265e-05
1.0079e-05,6.48e-06,1.388e-05,1.007e-05,1.288e-05
1.004e-05,6.35e-06,1.382e-05,1.004e-05,1.311e-05
1.0015e-05,6.46e-06,1.36e-05,1.005e-05,1.308e-05
1.0074e-05,6.71e-06,1.356e-05,9.99e-06,1.327e-05
1.0022e-05,6.65e-06,1.346e-05,1.0035e-05,1.346e-05
1.0068e-05,6.16e-06,1.366e-05,1.0115e-05,1.366e-05
1.0002e-05,6.04e-06,1.38e-05,9.995e-06,1.38e-05
1.0051e-05,6.19e-06,1.375e-05,1.0205e-05,1.375e-05
1.0035e-05,6.18e-06,1.391e-05,1.003e-05,1.391e-05
1.0024e-05,5.94e-06,1.398e-05,1.0105e-05,1.398e-05
1.0005e-05,5.88e-06,1.421e-05,9.99e-06,1.421e-05
1.0099e-05,5.55e-06,1.45e-05,1.0095e-05,1.45e-05
1.0072e-05,5.57e-06,1.474e-05,1.002e-05,1.474e-05
1.0104e-05,5.56e-06,1.457e-05,1.0175e-05,1.457e-05
1.0061e-05,5.12e-06,1.477e-05,1.0065e-05,1.477e-05
1.0085e-05,5.16e-06,1.508e-05,1.0165e-05,1.508e-05
1.0054e-05,5e-06,1.511e-05,1e-05,1.511e-05
1.0025e-05,5e-06,1.478e-05,1.0095e-05,1.478e-05
1.0017e-05,5.17e-06,1.48e-05,9.975e-06,1.48e-05
1.004e-05,5.19e-06,1.495e-05,1.0165e-05,1.495e-05
1.0024e-05,5.1e-06,1.488e-05,1.001e-05,1.488e-05
1.0014e-05,4.99e-06,1.507e-05,9.995e-06,1.507e-05
1.0062e-05,4.94e-06,1.515e-05,1.004e-05,1.515e-05
1.0048e-05,5.21e-06,1.52e-05,1.0075e-05,1.52e-05
1.0059e-05,4.9e-06,1.514e-05,9.96e-06,1.514e-05
9.964e-06,4.65e-06,1.533e-05,1.002e-05,1.533e-05
1.001e-05,4.6e-06,1.531e-05,9.965e-06,1.531e-05
1.008e-05,4.75e-06,1.552e-05,1.0175e-05,1.552e-05
1.0065e-05,4.72e-06,1.559e-05,1.0055e-05,1.559e-05
1.0027e-05,4.31e-06,1.574e-05,1.0095e-05,1.574e-05
1.0074e-05,4.09e-06,1.588e-05,1.0035e-05,1.588e-05
1.0013e-05,4.21e-06,1.569e-05,1.0175e-05,1.569e-05
1.0001e-05,4.23e-06,1.569e-05,1.002e-05,1.569e-05
1.0035e-05,4.01e-06,1.595e-05,1.0065e-05,1.595e-05
1.0038e-05,3.89e-06,1.616e-05,9.98e-06,1.616e-05
1.0125e-05,3.59e-06,1.684e-05,1.019e-05,1.684e-05
1.0133e-05,3.53e-06,1.65e-05,1.0025e-05,1.65e-05
1.0034e-05,3.36e-06,1.669e-05,1.018e-05,1.669e-05
1.0225e-05,3.32e-06,1.676e-05,1.004e-05,1.676e-05
9.967e-06,3.29e-06,1.682e-05,1.0005e-05,1.682e-05
9.978e-06,3.23e-06,1.672e-05,1.004e-05,1.672e-05
1.0033e-05,3.75e-06,1.663e-05,1.0005e-05,1.663e-05
9.99e-06,3.96e-06,1.62e-05,1.004e-05,1.62e-05
1.0105e-05,4.04e-06,1.648e-05,1.012e-05,1.648e-05
1.0064e-05,3.71e-06,1.659e-05,1.0135e-05,1.659e-05
1.0059e-05,3.28e-06,1.685e-05,1.0025e-05,1.685e-05
1.0179e-05,2.74e-06,1.742e-05,1.016e-05,1.742e-05
1.0036e-05,2.73e-06,1.728e-05,9.905e-06,1.728e-05
1.0066e-05,2.71e-06,1.729e-05,9.99e-06,1.729e-05
1e-05,2.62e-06,1.741e-05,9.985e-06,1.741e-05
1.0059e-05,2.41e-06,1.753e-05,1.0035e-05,1.753e-05
1.0062e-05,2.48e-06,1.773e-05,1.012e-05,1.773e-05
1.0037e-05,2.45e-06,1.773e-05,1.011e-05,1.773e-05
9.96e-06,2.26e-06,1.783e-05,9.97e-06,1.783e-05
1.0316e-05,1.4e-06,1.891e-05,1.019e-05,1.891e-05
1.0141e-05,1.51e-06,1.914e-05,1.0005e-05,1.914e-05
1.006e-05,1.41e-06,1.87e-05,1.0165e-05,1.87e-05
1.0048e-05,1.58e-06,1.85e-05,9.995e-06,1.85e-05
1.0007e-05,1.68e-06,1.861e-05,1.0075e-05,1.861e-05
1.0103e-05,1.6e-06,1.863e-05,1.0125e-05,1.863e-05
1.0156e-05,1.17e-06,1.891e-05,1.0165e-05,1.891e-05
1.0079e-05,1.03e-06,1.892e-05,1.001e-05,1.892e-05
1.0149e-05,1.35e-06,1.874e-05,1.003e-05,1.874e-05
9.961e-06,1.83e-06,1.829e-05,1.001e-05,1.829e-05
1.007e-05,1.7e-06,1.842e-05,1.01e-05,1.842e-05
1.002e-05,1.39e-06,1.86e-05,1.002e-05,1.86e-05
1.0055e-05,1.28e-06,1.857e-05,1.0075e-05,1.857e-05
1.0144e-05,1.27e-06,1.898e-05,1.0245e-05,1.898e-05
1.0034e-05,1.59e-06,1.844e-05,9.965e-06,1.844e-05
1.0446e-05,1.56e-06,1.86e-05,1.0055e-05,1.86e-05
1.0189e-05,2.95e-06,1.733e-05,1.0165e-05,1.733e-05
9.954e-06,3.23e-06,1.689e-05,9.935e-06,1.689e-05
9.996e-06,3.01e-06,1.691e-05,1e-05,1.691e-05
1.0062e-05,3.01e-06,1.706e-05,1.008e-05,1.706e-05
9.977e-06,3.32e-06,1.665e-05,1.0045e-05,1.665e-05
1.0044e-05,3.37e-06,1.681e-05,1.0095e-05,1.681e-05
1.0004e-05,3.14e-06,1.693e-05,1.0055e-05,1.693e-05
9.965e-06,3.04e-06,1.706e-05,1.001e-05,1.706e-05
1.0008e-05,3.04e-06,1.709e-05,1.003e-05,1.709e-05
1.0017e-05,2.95e-06,1.713e-05,1.0005e-05,1.713e-05
1.0068e-05,2.76e-06,1.739e-05,9.995e-06,1.739e-05
1.0094e-05,2.64e-06,1.731e-05,9.975e-06,1.731e-05
9.964e-06,2.67e-06,1.731e-05,9.91e-06,1.731e-05
1.0076e-05,2.61e-06,1.762e-05,1.0195e-05,1.762e-05
9.994e-06,3.12e-06,1.693e-05,1.0015e-05,1.693e-05
1.0077e-05,3.42e-06,1.68e-05,1.004e-05,1.68e-05
1.0125e-05,3.48e-06,1.687e-05,1.0095e-05,1.687e-05
1.0289e-05,3.14e-06,1.677e-05,1.005e-05,1.677e-05
1.0029e-05,3.22e-06,1.68e-05,1.003e-05,1.68e-05
1.0019e-05,3.01e-06,1.715e-05,9.95e-06,1.715e-05
1.0026e-05,2.68e-06,1.745e-05,9.965e-06,1.745e-05
1.0077e-05,2.92e-06,1.731e-05,1.022e-05,1.731e-05
1.0003e-05,3.01e-06,1.698e-05,1.001e-05,1.698e-05
9.965e-06,2.82e-06,1.716e-05,1.0015e-05,1.716e-05
1.0033e-05,2.64e-06,1.746e-05,9.98e-06,1.746e-05
1.0007e-05,2.52e-06,1.758e-05,9.92e-06,1.758e-05
1.0004e-05,2.32e-06,1.771e-05,1e-05,1.771e-05
1.0078e-05,2.3e-06,1.785e-05,1.015e-05,1.785e-05
1.0085e-05,2.22e-06,1.792e-05,1.0065e-05,1.792e-05
1.0066e-05,2.42e-06,1.776e-05,1.018e-05,1.776e-05
1.0035e-05,2.47e-06,1.763e-05,9.955e-06,1.763e-05
9.991e-06,2.65e-06,1.731e-05,1.004e-05,1.731e-05
1.0082e-05,2.63e-06,1.762e-05,1.0045e-05,1.762e-05
1.0073e-05,2.59e-06,1.738e-05,1.006e-05,1.738e-05
1.0012e-05,2.67e-06,1.733e-05,1.001e-05,1.733e-05
9.977e-06,2.72e-06,1.725e-05,9.97e-06,1.725e-05
1.004e-05,2.48e-06,1.747e-05,1.0005e-05,1.747e-05
1.0195e-05,2.65e-06,1.759e-05,1.011e-05,1.759e-05
1.0074e-05,2.46e-06,1.76e-05,1.0015e-05,1.76e-05
9.999e-06,2.27e-06,1.788e-05,9.925e-06,1.788e-05
1.0014e-05,2.16e-06,1.79e-05,1.008e-05,1.79e-05
1.004e-05,2.02e-06,1.819e-05,1.0005e-05,1.819e-05
9.954e-06,1.9e-06,1.817e-05,9.96e-06,1.817e-05
9.952e-06,1.77e-06,1.824e-05,9.995e-06,1.824e-05
1.0009e-05,1.97e-06,1.811e-05,1.0055e-05,1.811e-05
1.0055e-05,2.07e-06,1.811e-05,1.009e-05,1.811e-05
1.0109e-05,1.64e-06,1.846e-05,1.007e-05,1.846e-05
1.0113e-05,1.51e-06,1.86e-05,1.015e-05,1.86e-05
1.0114e-05,1.6e-06,1.858e-05,1.0025e-05,1.858e-05
9.995e-06,1.7e-06,1.838e-05,9.99e-06,1.838e-05
1.0051e-05,1.73e-06,1.843e-05,1.0165e-05,1.843e-05
1.0091e-05,1.6e-06,1.843e-05,1.009e-05,1.843e-05
1.0094e-05,1.44e-06,1.86e-05,9.98e-06,1.86e-05
1.0036e-05,1.65e-06,1.847e-05,1.0045e-05,1.847e-05
1.007e-05,1.41e-06,1.846e-05,1.011e-05,1.846e-05
1.009e-05,1.36e-06,1.876e-05,1.0035e-05,1.876e-05
1.069e-05,2.59e-06,1.867e-05,1.0305e-05,1.867e-05
1.0021e-05,2.72e-06,1.713e-05,1.0075e-05,1.713e-05
9.997e-06,3.09e-06,1.686e-05,9.98e-06,1.686e-05
1.0441e-05,3.17e-06,2.023e-05,1.0115e-05,2.023e-05
1.0064e-05,1.24e-06,1.889e-05,1.0035e-05,1.889e-05
1.0084e-05,1.13e-06,1.916e-05,1.0055e-05,1.916e-05
1.0014e-05,1.02e-06,1.889e-05,1e-05,1.889e-05
1.0043e-05,1.26e-06,1.886e-05,1e-05,1.886e-05
1.0086e-05,1.27e-06,1.895e-05,1.002e-05,1.895e-05
9.991e-06,1.23e-06,1.864e-05,9.97e-06,1.864e-05
1.0106e-05,1.09e-06,1.924e-05,1.0125e-05,1.924e-05
1.0043e-05,1.16e-06,1.889e-05,9.965e-06,1.889e-05
1.0083e-05,1.27e-06,1.896e-05,1.004e-05,1.896e-05
1.0117e-05,1.3e-06,1.878e-05,1.0285e-05,1.878e-05
1.0165e-05,9.9e-07,1.916e-05,1.009e-05,1.916e-05
1.1199e-05,1.37e-06,1.9e-05,1.036e-05,1.894e-05
1.0128e-05,1.48e-06,1.844e-05,1.0055e-05,1.474e-05
1.0003e-05,1.71e-06,1.846e-05,1e-05,1.455e-05
1.0089e-05,2.13e-06,1.834e-05,1.0015e-05,1.46e-05
1.0012e-05,2.11e-06,1.801e-05,9.98e-06,1.446e-05
1.0034e-05,2.04e-06,1.774e-05,1.007e-05,1.472e-05
1.0135e-05,2.34e-06,1.795e-05,1.023e-05,1.505e-05
1.002e-05,2.5e-06,1.744e-05,1.015e-05,1.484e-05
1.0026e-05,2.65e-06,1.721e-05,1.0065e-05,1.517e-05
1.0106e-05,3.06e-06,1.715e-05,1.019e-05,1.546e-05
1.0046e-05,3.42e-06,1.658e-05,1.0075e-05,1.571e-05
1.0064e-05,4.05e-06,1.614e-05,1.0145e-05,1.594e-05
1.0066e-05,4.27e-06,1.606e-05,1.0115e-05,1.606e-05
9.982e-06,4.04e-06,1.586e-05,9.99e-06,1.586e-05
1.0121e-05,4.46e-06,1.586e-05,1.0265e-05,1.586e-05
1.0044e-05,4.65e-06,1.554e-05,9.945e-06,1.554e-05
9.999e-06,4.57e-06,1.543e-05,9.915e-06,1.543e-05
9.975e-06,4.42e-06,1.542e-05,9.97e-06,1.542e-05
9.949e-06,4.57e-06,1.532e-05,9.95e-06,1.532e-05
9.961e-06,4.64e-06,1.554e-05,9.965e-06,1.554e-05
1.0045e-05,4.37e-06,1.561e-05,9.975e-06,1.561e-05
1.0084e-05,4.3e-06,1.578e-05,9.985e-06,1.578e-05
1.0077e-05,4.27e-06,1.588e-05,1.0005e-05,1.588e-05
9.935e-06,4.14e-06,1.575e-05,9.995e-06,1.575e-05
9.941e-06,4e-06,1.592e-05,9.995e-06,1.592e-05
1.007e-05,3.82e-06,1.617e-05,1.0065e-05,1.617e-05
9.911e-06,3.68e-06,1.629e-05,9.995e-06,1.629e-05
9.944e-06,3.74e-06,1.646e-05,9.995e-06,1.646e-05
9.976e-06,3.49e-06,1.656e-05,1.002e-05,1.656e-05
9.962e-06,3.26e-06,1.649e-05,9.975e-06,1.649e-05
9.994e-06,3.27e-06,1.688e-05,1.007e-05,1.688e-05
9.932e-06,3.41e-06,1.661e-05,9.925e-06,1.661e-05
9.901e-06,3.41e-06,1.642e-05,9.9e-06,1.642e-05
9.961e-06,3.5e-06,1.663e-05,1.001e-05,1.663e-05
9.944e-06,3.72e-06,1.632e-05,1.0015e-05,1.632e-05
9.939e-06,3.74e-06,1.622e-05,9.94e-06,1.622e-05
9.921e-06,3.92e-06,1.612e-05,9.985e-06,1.612e-05
9.96e-06,3.69e-06,1.617e-05,9.965e-06,1.617e-05
1.0025e-05,3.71e-06,1.63e-05,1.0065e-05,1.63e-05
1.0074e-05,3.93e-06,1.591e-05,1.0005e-05,1.591e-05
9.909e-06,3.75e-06,1.614e-05,1.0005e-05,1.614e-05
1.0163e-05,3.88e-06,1.626e-05,1.0075e-05,1.626e-05
1.0104e-05,3.22e-06,1.674e-05,9.885e-06,1.674e-05
1.001e-05,2.94e-06,1.697e-05,1.0005e-05,1.697e-05
1.0139e-05,2.8e-06,1.714e-05,1.073e-05,1.714e-05
1.0054e-05,4.57e-06,1.563e-05,1.0135e-05,1.563e-05
1.0106e-05,4.73e-06,1.571e-05,1.013e-05,1.571e-05
1.0099e-05,4.85e-06,1.531e-05,1.0095e-05,1.531e-05
9.881e-06,4.7e-06,1.503e-05,9.87e-06,1.503e-05
1.0013e-05,5.11e-06,1.516e-05,1.0005e-05,1.516e-05
1.0045e-05,5.1e-06,1.496e-05,1.0045e-05,1.496e-05
9.982e-06,4.89e-06,1.496e-05,1.001e-05,1.496e-05
1.0007e-05,5.05e-06,1.49e-05,1.008e-05,1.481e-05
9.878e-06,4.97e-06,1.482e-05,9.885e-06,1.482e-05
1.0094e-05,4.84e-06,1.567e-05,1.0085e-05,1.567e-05
9.98e-06,4.51e-06,1.534e-05,9.9e-06,1.534e-05
9.979e-06,4.1e-06,1.586e-05,9.945e-06,1.586e-05
1.0056e-05,3.62e-06,1.628e-05,9.955e-06,1.628e-05
9.995e-06,3.68e-06,1.628e-05,9.915e-06,1.628e-05
9.956e-06,3.64e-06,1.643e-05,1e-05,1.643e-05
1.0011e-05,3.5e-06,1.645e-05,9.95e-06,1.645e-05
9.998e-06,3.68e-06,1.662e-05,9.97e-06,1.662e-05
9.99e-06,3.51e-06,1.65e-05,1.0035e-05,1.65e-05
9.994e-06,3.46e-06,1.652e-05,9.96e-06,1.652e-05
9.964e-06,3.38e-06,1.657e-05,9.96e-06,1.657e-05
1.012e-05,3.36e-06,1.683e-05,1.0085e-05,1.683e-05
1.007e-05,3.45e-06,1.675e-05,1.012e-05,1.675e-05
9.996e-06,3.78e-06,1.629e-05,1e-05,1.629e-05
1.0016e-05,3.94e-06,1.606e-05,9.985e-06,1.606e-05
9.94e-06,3.98e-06,1.601e-05,9.98e-06,1.601e-05
1.0079e-05,4.09e-06,1.635e-05,1.0115e-05,1.635e-05
9.913e-06,3.7e-06,1.598e-05,9.905e-06,1.598e-05
1.0004e-05,3.74e-06,1.609e-05,9.96e-06,1.609e-05
9.94e-06,3.9e-06,1.601e-05,9.965e-06,1.601e-05
9.887e-06,3.99e-06,1.59e-05,9.925e-06,1.59e-05
1.0004e-05,3.89e-06,1.609e-05,9.9e-06,1.609e-05
9.926e-06,4.19e-06,1.563e-05,9.92e-06,1.563e-05
9.927e-06,4.27e-06,1.566e-05,1.002e-05,1.566e-05
9.956e-06,4.23e-06,1.567e-05,1.0005e-05,1.567e-05
9.964e-06,4.09e-06,1.59e-05,9.89e-06,1.59e-05
9.989e-06,3.88e-06,1.607e-05,9.945e-06,1.607e-05
1.004e-05,4.09e-06,1.606e-05,1.004e-05,1.606e-05
9.921e-06,4.1e-06,1.584e-05,1.002e-05,1.584e-05
9.901e-06,4.34e-06,1.554e-05,9.91e-06,1.554e-05
9.88e-06,4.32e-06,1.561e-05,9.955e-06,1.561e-05
9.91e-06,4.19e-06,1.565e-05,9.995e-06,1.565e-05
1.001e-05,4.38e-06,1.568e-05,1.004e-05,1.568e-05
1.0082e-05,4.6e-06,1.561e-05,1.022e-05,1.561e-05
1.0036e-05,4.96e-06,1.518e-05,1.0165e-05,1.518e-05
9.969e-06,5.14e-06,1.485e-05,9.985e-06,1.485e-05
9.886e-06,5.16e-06,1.467e-05,9.865e-06,1.467e-05
9.955e-06,5.26e-06,1.469e-05,9.935e-06,1.463e-05
9.925e-06,5.13e-06,1.472e-05,9.93e-06,1.472e-05
9.927e-06,5.11e-06,1.476e-05,9.93e-06,1.476e-05
1e-05,5.19e-06,1.475e-05,1.003e-05,1.471e-05
1.002e-05,5.06e-06,1.494e-05,9.945e-06,1.482e-05
9.96e-06,4.7e-06,1.512e-05,9.965e-06,1.512e-05
9.991e-06,4.83e-06,1.516e-05,1.002e-05,1.516e-05
9.894e-06,4.9e-06,1.501e-05,9.92e-06,1.501e-05
9.924e-06,5.03e-06,1.49e-05,9.93e-06,1.49e-05
9.995e-06,5.12e-06,1.486e-05,9.94e-06,1.486e-05
9.966e-06,5.04e-06,1.488e-05,9.945e-06,1.488e-05
1.0002e-05,5.02e-06,1.497e-05,1.0035e-05,1.497e-05
9.961e-06,5.09e-06,1.482e-05,9.925e-06,1.48e-05
9.96e-06,5.25e-06,1.465e-05,9.99e-06,1.465e-05
1.0164e-05,5.31e-06,1.499e-05,1.01e-05,1.495e-05
9.932e-06,4.93e-06,1.506e-05,9.91e-06,1.506e-05
9.966e-06,4.95e-06,1.495e-05,1.0015e-05,1.495e-05
1.004e-05,5.12e-06,1.492e-05,1e-05,1.484e-05
9.956e-06,5.17e-06,1.493e-05,9.885e-06,1.493e-05
1.012e-05,5.26e-06,1.506e-05,1.008e-05,1.487e-05
9.999e-06,5.22e-06,1.483e-05,1.0085e-05,1.461e-05
1.0046e-05,5.1e-06,1.483e-05,1.0105e-05,1.456e-05
1.0066e-05,4.98e-06,1.504e-05,1.007e-05,1.504e-05
9.984e-06,5e-06,1.486e-05,9.99e-06,1.486e-05
9.957e-06,5.03e-06,1.485e-05,9.96e-06,1.485e-05
1.0009e-05,5.35e-06,1.48e-05,9.995e-06,1.464e-05
1.0019e-05,5.21e-06,1.488e-05,1.0065e-05,1.471e-05
1.0022e-05,5.16e-06,1.494e-05,1.003e-05,1.494e-05
9.954e-06,4.71e-06,1.516e-05,9.865e-06,1.516e-05
9.993e-06,4.73e-06,1.512e-05,1.006e-05,1.512e-05
9.991e-06,4.43e-06,1.538e-05,9.98e-06,1.538e-05
9.939e-06,4.34e-06,1.557e-05,9.92e-06,1.557e-05
1.0003e-05,4.42e-06,1.553e-05,9.985e-06,1.553e-05
9.924e-06,4.28e-06,1.566e-05,9.875e-06,1.566e-05
9.936e-06,4.09e-06,1.584e-05,9.93e-06,1.584e-05
9.988e-06,4.13e-06,1.588e-05,1.0035e-05,1.588e-05
9.945e-06,4.03e-06,1.587e-05,9.99e-06,1.587e-05
9.935e-06,4.21e-06,1.57e-05,9.945e-06,1.57e-05
9.978e-06,4.32e-06,1.564e-05,9.97e-06,1.564e-05
9.898e-06,4.38e-06,1.557e-05,9.9e-06,1.557e-05
9.949e-06,4.66e-06,1.548e-05,9.96e-06,1.548e-05
9.925e-06,4.68e-06,1.525e-05,1.008e-05,1.525e-05
9.96e-06,4.95e-06,1.52e-05,1.0005e-05,1.52e-05
1.0026e-05,4.61e-06,1.543e-05,1.002e-05,1.543e-05
9.964e-06,4.59e-06,1.532e-05,9.955e-06,1.532e-05
9.979e-06,4.9e-06,1.537e-05,9.875e-06,1.537e-05
9.911e-06,4.78e-06,1.518e-05,1.002e-05,1.518e-05
1.0065e-05,4.99e-06,1.521e-05,9.975e-06,1.521e-05
9.89e-06,4.91e-06,1.481e-05,9.93e-06,1.481e-05
1.0017e-05,4.88e-06,1.501e-05,9.94e-06,1.501e-05
9.961e-06,4.85e-06,1.515e-05,9.93e-06,1.515e-05
1.0015e-05,4.64e-06,1.532e-05,1.01e-05,1.532e-05
9.959e-06,4.5e-06,1.537e-05,9.915e-06,1.537e-05
1.0068e-05,4.15e-06,1.581e-05,1.003e-05,1.581e-05
1.0071e-05,3.82e-06,1.607e-05,1.0085e-05,1.607e-05
9.929e-06,4.07e-06,1.591e-05,9.93e-06,1.591e-05
9.934e-06,4.08e-06,1.576e-05,1.004e-05,1.576e-05
1.0042e-05,3.99e-06,1.59e-05,1.006e-05,1.59e-05
9.92e-06,3.86e-06,1.611e-05,9.91e-06,1.611e-05
1.0077e-05,3.65e-06,1.641e-05,1.002e-05,1.641e-05
9.998e-06,3.61e-06,1.625e-05,9.96e-06,1.625e-05
9.978e-06,3.34e-06,1.653e-05,9.95e-06,1.653e-05
9.991e-06,3.27e-06,1.666e-05,9.99e-06,1.666e-05
9.932e-06,3.49e-06,1.643e-05,1.001e-05,1.643e-05
1.0005e-05,3.5e-06,1.639e-05,9.94e-06,1.639e-05
9.923e-06,3.5e-06,1.619e-05,1.009e-05,1.619e-05
1.0009e-05,3.8e-06,1.607e-05,1.0005e-05,1.607e-05
1.0049e-05,3.73e-06,1.628e-05,1.0195e-05,1.628e-05
9.912e-06,3.67e-06,1.619e-05,9.935e-06,1.619e-05
9.862e-06,3.73e-06,1.606e-05,9.92e-06,1.606e-05
9.946e-06,3.67e-06,1.635e-05,9.925e-06,1.635e-05
9.908e-06,3.52e-06,1.626e-05,9.91e-06,1.626e-05
9.905e-06,3.36e-06,1.652e-05,9.985e-06,1.652e-05
9.919e-06,3.45e-06,1.648e-05,9.955e-06,1.648e-05
9.925e-06,3.47e-06,1.645e-05,9.92e-06,1.645e-05
1.001e-05,3.55e-06,1.652e-05,1.0035e-05,1.652e-05
9.951e-06,3.65e-06,1.632e-05,1.002e-05,1.632e-05
9.897e-06,3.75e-06,1.614e-05,9.95e-06,1.614e-05
9.93e-06,3.67e-06,1.619e-05,1.003e-05,1.619e-05
9.911e-06,3.81e-06,1.618e-05,9.945e-06,1.618e-05
9.918e-06,3.64e-06,1.623e-05,9.895e-06,1.623e-05
9.973e-06,3.73e-06,1.626e-05,9.955e-06,1.626e-05
1.0023e-05,3.05e-06,1.689e-05,9.905e-06,1.689e-05
9.999e-06,3.25e-06,1.685e-05,9.98e-06,1.685e-05
9.908e-06,3.32e-06,1.665e-05,9.95e-06,1.665e-05
1.0066e-05,2.98e-06,1.703e-05,9.975e-06,1.703e-05
1.0155e-05,2.31e-06,1.764e-05,1.009e-05,1.764e-05
9.966e-06,2.51e-06,1.763e-05,1.003e-05,1.763e-05
9.993e-06,2.56e-06,1.768e-05,1.0005e-05,1.768e-05
9.952e-06,2.17e-06,1.776e-05,9.9e-06,1.776e-05
9.957e-06,2.12e-06,1.786e-05,9.935e-06,1.786e-05
1.0232e-05,1.83e-06,1.855e-05,1.0155e-05,1.855e-05
9.953e-06,1.47e-06,1.858e-05,9.88e-06,1.858e-05
9.985e-06,1.23e-06,1.881e-05,9.925e-06,1.881e-05
1.008e-05,1e-06,1.902e-05,9.985e-06,1.902e-05
9.888e-06,1.18e-06,1.862e-05,9.92e-06,1.862e-05
9.922e-06,1.06e-06,1.874e-05,9.955e-06,1.874e-05
1.0096e-05,1.18e-06,1.889e-05,1.023e-05,1.889e-05
1.0009e-05,1.01e-06,1.892e-05,9.88e-06,1.892e-05
1.0048e-05,1.33e-06,1.885e-05,1.0055e-05,1.885e-05
9.932e-06,1.1e-06,1.879e-05,9.86e-06,1.879e-05
1.0032e-05,9.3e-07,1.9e-05,9.985e-06,1.9e-05
1.0036e-05,1.01e-06,1.893e-05,1.001e-05,1.893e-05
9.944e-06,1.31e-06,1.867e-05,9.97e-06,1.867e-05
1.0015e-05,1.11e-06,1.881e-05,1.005e-05,1.881e-05
1.0002e-05,1.3e-06,1.86e-05,1.0035e-05,1.86e-05
9.94e-06,1.41e-06,1.862e-05,9.94e-06,1.862e-05
1.0185e-05,9.3e-07,1.935e-05,1.016e-05,1.935e-05
1.0041e-05,1.03e-06,1.911e-05,9.93e-06,1.911e-05
9.982e-06,1.12e-06,1.876e-05,9.955e-06,1.876e-05
1.0025e-05,1.29e-06,1.876e-05,1.0005e-05,1.876e-05
9.949e-06,1.31e-06,1.883e-05,9.935e-06,1.883e-05
1.0127e-05,1.16e-06,1.901e-05,1.0245e-05,1.901e-05
1.0081e-05,1.03e-06,1.901e-05,1.0095e-05,1.901e-05
1.0025e-05,1.58e-06,1.866e-05,1.003e-05,1.866e-05
1.0089e-05,1.84e-06,1.86e-05,1.0255e-05,1.86e-05
9.961e-06,1.57e-06,1.833e-05,9.875e-06,1.833e-05
1.015e-05,1.17e-06,1.887e-05,1.0065e-05,1.887e-05
9.985e-06,1.3e-06,1.872e-05,1e-05,1.872e-05
1.0026e-05,1.65e-06,1.83e-05,1.0065e-05,1.83e-05
9.946e-06,1.79e-06,1.818e-05,9.925e-06,1.818e-05
9.954e-06,1.78e-06,1.859e-05,9.885e-06,1.859e-05
1.0005e-05,1.5e-06,1.842e-05,9.935e-06,1.842e-05
1.0071e-05,1.33e-06,1.871e-05,1.01e-05,1.871e-05
9.94e-06,1.29e-06,1.864e-05,9.91e-06,1.864e-05
9.943e-06,1.33e-06,1.87e-05,9.87e-06,1.87e-05
1.0199e-05,8.1e-07,1.935e-05,1.017e-05,1.935e-05
9.949e-06,1.02e-06,1.879e-05,9.995e-06,1.879e-05
9.921e-06,1.2e-06,1.864e-05,9.995e-06,1.864e-05
1.0075e-05,1.65e-06,1.855e-05,1.03e-05,1.855e-05
1.0028e-05,1.79e-06,1.863e-05,1.0065e-05,1.863e-05
1.0044e-05,1.72e-06,1.845e-05,1e-05,1.845e-05
9.984e-06,1.58e-06,1.84e-05,9.86e-06,1.84e-05
1.0035e-05,1.47e-06,1.858e-05,1.016e-05,1.858e-05
1.0027e-05,1.7e-06,1.86e-05,9.935e-06,1.86e-05
9.912e-06,1.83e-06,1.81e-05,9.96e-06,1.81e-05
9.938e-06,1.88e-06,1.809e-05,1.0045e-05,1.809e-05
9.942e-06,1.92e-06,1.812e-05,9.965e-06,1.812e-05
9.951e-06,2.07e-06,1.802e-05,1.0055e-05,1.802e-05
1.0136e-05,2.22e-06,1.791e-05,1.011e-05,1.791e-05
9.965e-06,2.2e-06,1.777e-05,9.98e-06,1.777e-05
9.937e-06,2.21e-06,1.769e-05,9.95e-06,1.769e-05
1.012e-05,2.31e-06,1.789e-05,1.009e-05,1.789e-05
1.0196e-05,2.95e-06,1.738e-05,1.032e-05,1.738e-05
9.978e-06,3.28e-06,1.669e-05,9.915e-06,1.669e-05
9.895e-06,3.32e-06,1.649e-05,9.915e-06,1.649e-05
9.95e-06,3.44e-06,1.664e-05,1.0015e-05,1.664e-05
1.002e-05,3.46e-06,1.69e-05,1.0025e-05,1.69e-05
9.97e-06,2.94e-06,1.706e-05,9.97e-06,1.706e-05
9.934e-06,2.74e-06,1.706e-05,9.875e-06,1.706e-05
1.0051e-05,3.07e-06,1.723e-05,1.001e-05,1.723e-05
9.983e-06,2.89e-06,1.691e-05,9.96e-06,1.691e-05
1.0039e-05,2.94e-06,1.701e-05,1.006e-05,1.701e-05
9.968e-06,2.72e-06,1.713e-05,9.935e-06,1.713e-05
1.0038e-05,2.63e-06,1.726e-05,1.0015e-05,1.726e-05
1.0035e-05,3.49e-06,1.675e-05,1.0075e-05,1.675e-05
1.0001e-05,3.52e-06,1.648e-05,9.885e-06,1.648e-05
9.947e-06,3.76e-06,1.637e-05,9.95e-06,1.637e-05
9.96e-06,3.58e-06,1.622e-05,9.965e-06,1.622e-05
1.0074e-05,3.84e-06,1.641e-05,1.0015e-05,1.641e-05
9.955e-06,3.78e-06,1.618e-05,9.95e-06,1.618e-05
9.991e-06,3.75e-06,1.659e-05,9.95e-06,1.659e-05
1.0065e-05,3.18e-06,1.678e-05,9.995e-06,1.678e-05
1.0019e-05,3.23e-06,1.683e-05,9.98e-06,1.683e-05
1.0029e-05,3.08e-06,1.684e-05,9.975e-06,1.684e-05
9.949e-06,3.15e-06,1.69e-05,9.945e-06,1.69e-05
1.0273e-05,2.44e-06,1.801e-05,1.026e-05,1.801e-05
1.0045e-05,2.41e-06,1.77e-05,1.0045e-05,1.77e-05
1.0089e-05,2.19e-06,1.781e-05,9.89e-06,1.781e-05
9.926e-06,2.33e-06,1.763e-05,9.92e-06,1.763e-05
9.929e-06,2.41e-06,1.76e-05,9.93e-06,1.76e-05
1.0151e-05,2.29e-06,1.807e-05,1.013e-05,1.807e-05
9.99e-06,2e-06,1.802e-05,1.0125e-05,1.802e-05
9.98e-06,2.12e-06,1.782e-05,9.945e-06,1.782e-05
9.958e-06,2.28e-06,1.779e-05,1.004e-05,1.779e-05
9.946e-06,2.37e-06,1.756e-05,1.001e-05,1.756e-05
9.988e-06,2.39e-06,1.777e-05,9.95e-06,1.777e-05
9.965e-06,2.1e-06,1.781e-05,9.995e-06,1.781e-05
9.92e-06,2.07e-06,1.779e-05,9.915e-06,1.779e-05
9.986e-06,2.33e-06,1.78e-05,1.007e-05,1.78e-05
1.0079e-05,2.29e-06,1.789e-05,1.0175e-05,1.789e-05
1.0038e-05,2.36e-06,1.778e-05,9.995e-06,1.778e-05
9.989e-06,2.71e-06,1.726e-05,9.97e-06,1.726e-05
9.982e-06,2.68e-06,1.74e-05,1.0025e-05,1.74e-05
1.004e-05,2.5e-06,1.755e-05,9.925e-06,1.755e-05
1.0013e-05,2.37e-06,1.762e-05,9.88e-06,1.762e-05
9.947e-06,2.37e-06,1.747e-05,1.0065e-05,1.747e-05
1.0001e-05,2.43e-06,1.764e-05,9.99e-06,1.764e-05
9.972e-06,2.32e-06,1.771e-05,9.965e-06,1.771e-05
1.0019e-05,2.45e-06,1.776e-05,1.0055e-05,1.776e-05
1e-05,2.58e-06,1.75e-05,1e-05,1.75e-05
9.96e-06,2.56e-06,1.737e-05,9.965e-06,1.737e-05
9.965e-06,2.82e-06,1.723e-05,1.004e-05,1.723e-05
1.0035e-05,3.34e-06,1.686e-05,1.01e-05,1.686e-05
9.956e-06,3.27e-06,1.662e-05,9.92e-06,1.662e-05
1.0124e-05,3.24e-06,1.696e-05,1.0005e-05,1.696e-05
9.954e-06,3.25e-06,1.673e-05,9.98e-06,1.673e-05
1.0259e-05,3.2e-06,1.708e-05,9.97e-06,1.668e-05
1.0019e-05,2.77e-06,1.701e-05,9.99e-06,1.657e-05
1.0048e-05,3.09e-06,1.678e-05,1.007e-05,1.675e-05
1.0056e-05,3.25e-06,1.681e-05,1.0005e-05,1.681e-05
9.971e-06,3.22e-06,1.668e-05,9.97e-06,1.668e-05
9.924e-06,3.3e-06,1.659e-05,9.94e-06,1.659e-05
1.0055e-05,3.42e-06,1.661e-05,1.0025e-05,1.661e-05
9.944e-06,3.3e-06,1.647e-05,9.9e-06,1.647e-05
9.964e-06,3.27e-06,1.668e-05,9.935e-06,1.668e-05
1.011e-05,3.08e-06,1.697e-05,1.0065e-05,1.697e-05
9.999e-06,3.18e-06,1.693e-05,9.975e-06,1.693e-05
1.0037e-05,3.22e-06,1.684e-05,1.008e-05,1.684e-05
9.937e-06,3.08e-06,1.689e-05,9.92e-06,1.689e-05
9.991e-06,3.16e-06,1.675e-05,1.001e-05,1.675e-05
1.0007e-05,3.24e-06,1.681e-05,1.0055e-05,1.681e-05
9.911e-06,3.1e-06,1.672e-05,9.935e-06,1.672e-05
9.973e-06,2.96e-06,1.694e-05,9.94e-06,1.694e-05
9.905e-06,2.71e-06,1.707e-05,9.92e-06,1.707e-05
1.008e-05,2.78e-06,1.718e-05,1.041e-05,1.718e-05
1.0025e-05,2.98e-06,1.702e-05,9.965e-06,1.702e-05
9.957e-06,3.02e-06,1.692e-05,9.96e-06,1.692e-05
9.95e-06,3.04e-06,1.702e-05,9.855e-06,1.702e-05
9.97e-06,3.13e-06,1.687e-05,1.0065e-05,1.687e-05
9.94e-06,3.31e-06,1.656e-05,9.945e-06,1.656e-05
9.936e-06,3.68e-06,1.641e-05,9.935e-06,1.641e-05
1.0031e-05,3.92e-06,1.613e-05,1e-05,1.613e-05
9.927e-06,4.03e-06,1.595e-05,9.95e-06,1.595e-05
9.979e-06,4.02e-06,1.592e-05,1.0035e-05,1.592e-05
9.916e-06,4.13e-06,1.592e-05,9.96e-06,1.592e-05
9.947e-06,3.99e-06,1.6e-05,9.95e-06,1.6e-05
9.995e-06,4.13e-06,1.601e-05,1.004e-05,1.601e-05
9.954e-06,4.15e-06,1.573e-05,9.93e-06,1.573e-05
9.94e-06,4.24e-06,1.574e-05,9.975e-06,1.574e-05
1.0035e-05,4.27e-06,1.577e-05,1.001e-05,1.577e-05
9.951e-06,4.21e-06,1.566e-05,9.945e-06,1.566e-05
1.0082e-05,4.01e-06,1.607e-05,9.95e-06,1.607e-05
9.972e-06,3.67e-06,1.612e-05,9.94e-06,1.612e-05
9.925e-06,3.86e-06,1.612e-05,9.895e-06,1.612e-05
1.0077e-05,4.19e-06,1.631e-05,1.0125e-05,1.631e-05
9.959e-06,4.01e-06,1.607e-05,9.96e-06,1.607e-05
1.0007e-05,3.8e-06,1.616e-05,9.945e-06,1.616e-05
1.009e-05,3.64e-06,1.645e-05,1.0005e-05,1.645e-05
9.995e-06,3.99e-06,1.631e-05,1.011e-05,1.631e-05
1.0003e-05,4.21e-06,1.587e-05,9.905e-06,1.587e-05
9.979e-06,3.85e-06,1.615e-05,1.002e-05,1.615e-05
9.994e-06,3.89e-06,1.609e-05,9.945e-06,1.609e-05
1.001e-05,3.91e-06,1.61e-05,9.96e-06,1.61e-05
9.957e-06,3.89e-06,1.597e-05,9.94e-06,1.597e-05
9.95e-06,3.86e-06,1.612e-05,1.0005e-05,1.612e-05
1.0046e-05,3.55e-06,1.63e-05,1.002e-05,1.63e-05
1.0143e-05,1.89e-06,1.846e-05,1.014e-05,9.08e-06
1.008e-05,1.78e-06,1.834e-05,1.025e-05,9.54e-06
1.0189e-05,1.99e-06,1.835e-05,1.007e-05,9.58e-06
1.0055e-05,2.18e-06,1.793e-05,1.0085e-05,9.71e-06
1.0182e-05,2.2e-06,1.807e-05,1.0285e-05,1.029e-05
1.0099e-05,2.24e-06,1.796e-05,1.007e-05,1.032e-05
1.0158e-05,2.37e-06,1.788e-05,1.0015e-05,1.009e-05
1.0139e-05,2.81e-06,1.755e-05,1.0135e-05,1.04e-05
1.0005e-05,3.23e-06,1.693e-05,1.0115e-05,1.005e-05
9.99e-06,3.42e-06,1.688e-05,9.995e-06,1.017e-05
1.0086e-05,3.61e-06,1.654e-05,1.016e-05,1.036e-05
1.0064e-05,3.83e-06,1.658e-05,1.002e-05,1.017e-05
1.0529e-05,2.77e-06,1.787e-05,1.0275e-05,1.023e-05
1.0015e-05,2.38e-06,1.774e-05,1.0075e-05,9.49e-06
1.003e-05,2.51e-06,1.765e-05,9.965e-06,9.16e-06
1.0089e-05,2.4e-06,1.788e-05,1.0095e-05,9.09e-06
1.0104e-05,1.99e-06,1.804e-05,1.0095e-05,9.15e-06
1.0001e-05,2.07e-06,1.809e-05,1.003e-05,9.15e-06
1.015e-05,1.97e-06,1.818e-05,1.011e-05,9.67e-06
1.006e-05,1.74e-06,1.845e-05,1.004e-05,9.68e-06
1.0059e-05,1.81e-06,1.821e-05,1.0085e-05,9.6e-06
1.0035e-05,1.73e-06,1.854e-05,9.99e-06,9.52e-06
1.0099e-05,1.81e-06,1.843e-05,1.006e-05,9.66e-06
1.0183e-05,1.78e-06,1.855e-05,1.0065e-05,9.73e-06
1.0061e-05,1.64e-06,1.83e-05,1.0105e-05,9.35e-06
1.0042e-05,1.85e-06,1.827e-05,1.006e-05,9.39e-06
1.1076e-05,2.28e-06,1.796e-05,1.216e-05,1.365e-05
1.0105e-05,6.1e-06,1.431e-05,1.0085e-05,1.384e-05
1.0178e-05,6.14e-06,1.425e-05,1.007e-05,1.425e-05
1.0102e-05,6.13e-06,1.419e-05,1.012e-05,1.419e-05
1.0056e-05,6.07e-06,1.406e-05,1.001e-05,1.406e-05
1.0221e-05,6.01e-06,1.427e-05,1.038e-05,1.427e-05
1.0064e-05,5.96e-06,1.424e-05,1.0045e-05,1.424e-05
1.0056e-05,5.95e-06,1.412e-05,1.006e-05,1.412e-05
1.0087e-05,6.11e-06,1.417e-05,1e-05,1.417e-05
9.986e-06,6.01e-06,1.41e-05,9.975e-06,1.41e-05
1.0061e-05,6.1e-06,1.428e-05,1.004e-05,1.428e-05
1.1174e-05,3.32e-06,1.722e-05,1.14e-05,1.722e-05
1.0049e-05,2.74e-06,1.742e-05,1.01e-05,1.742e-05
1.008e-05,2.52e-06,1.758e-05,1.007e-05,1.758e-05
9.991e-06,2.09e-06,1.789e-05,1.001e-05,1.789e-05
1.0046e-05,2.02e-06,1.814e-05,1.0055e-05,1.814e-05
1.0127e-05,2.2e-06,1.85e-05,1.001e-05,1.85e-05
1.025e-05,1.7e-06,1.839e-05,1.016e-05,1.839e-05
1.0106e-05,2.27e-06,1.796e-05,1.0055e-05,1.796e-05
1.0053e-05,2.18e-06,1.804e-05,1.0075e-05,1.804e-05
1.0048e-05,1.8e-06,1.828e-05,1.0025e-05,1.828e-05
1.0261e-05,1.23e-06,1.915e-05,1.024e-05,1.915e-05
1.0092e-05,1.33e-06,1.885e-05,1.0125e-05,1.885e-05
1.0042e-05,1.46e-06,1.862e-05,1.007e-05,1.862e-05
1.0034e-05,1.75e-06,1.843e-05,1.0025e-05,1.843e-05
1.0082e-05,1.82e-06,1.855e-05,1.0075e-05,1.855e-05
1.0086e-05,1.49e-06,1.888e-05,1.014e-05,1.888e-05
1.0055e-05,1.92e-06,1.838e-05,1.004e-05,1.838e-05
1e-05,1.56e-06,1.852e-05,1.0105e-05,1.852e-05
1.0152e-05,1.71e-06,1.85e-05,1.0015e-05,1.85e-05
1.0048e-05,1.93e-06,1.819e-05,1.014e-05,1.819e-05
1.0084e-05,1.99e-06,1.814e-05,1.025e-05,1.814e-05
1.0039e-05,2.06e-06,1.81e-05,9.975e-06,1.81e-05
1.0082e-05,2.37e-06,1.792e-05,1.013e-05,1.792e-05
1.0073e-05,2.5e-06,1.76e-05,1.0165e-05,1.76e-05
1.017e-05,2.62e-06,1.765e-05,1.0255e-05,1.765e-05
1.003e-05,2.75e-06,1.742e-05,1.005e-05,1.742e-05
1.0107e-05,2.65e-06,1.751e-05,1.01e-05,1.751e-05
1.0116e-05,2.57e-06,1.75e-05,1.0045e-05,1.75e-05
1.0041e-05,2.68e-06,1.75e-05,1.0125e-05,1.75e-05
1.0034e-05,2.64e-06,1.75e-05,1.0115e-05,1.75e-05
1.0094e-05,2.85e-06,1.73e-05,1.0175e-05,1.73e-05
1.0067e-05,2.55e-06,1.755e-05,1.009e-05,1.755e-05
1.0039e-05,2.22e-06,1.784e-05,1.004e-05,1.784e-05
1.0054e-05,2.33e-06,1.791e-05,1.006e-05,1.791e-05
1.0125e-05,2.07e-06,1.806e-05,1.0055e-05,1.806e-05
1.0099e-05,2.3e-06,1.807e-05,1.0065e-05,1.807e-05
1.008e-05,2.34e-06,1.794e-05,1.015e-05,1.794e-05
1.0294e-05,2.85e-06,1.798e-05,1.04e-05,1.798e-05
1.0181e-05,2.78e-06,1.77e-05,1.0075e-05,1.77e-05
1.0214e-05,2.63e-06,1.779e-05,1.0095e-05,1.779e-05
1.0068e-05,2.64e-06,1.755e-05,1.0165e-05,1.755e-05
1.008e-05,3.25e-06,1.71e-05,1.0165e-05,1.71e-05
1.0139e-05,3.76e-06,1.646e-05,1.01e-05,1.646e-05
1.0025e-05,3.96e-06,1.641e-05,1.0105e-05,1.641e-05
1.0195e-05,3.64e-06,1.66e-05,1.0095e-05,1.66e-05
1.009e-05,3.46e-06,1.668e-05,9.955e-06,1.668e-05
1.012e-05,3.24e-06,1.7e-05,1.016e-05,1.7e-05
1.0115e-05,3.16e-06,1.709e-05,1.0105e-05,1.709e-05
1.0018e-05,2.98e-06,1.706e-05,9.97e-06,1.706e-05
1.0102e-05,2.64e-06,1.745e-05,1.014e-05,1.745e-05
1.0126e-05,2.56e-06,1.755e-05,1.011e-05,1.755e-05
1.0139e-05,2.48e-06,1.785e-05,1.0055e-05,1.785e-05
1.0135e-05,2.39e-06,1.784e-05,1.0125e-05,1.784e-05
1.0142e-05,1.98e-06,1.782e-05,1.014e-05,1.782e-05
1.0111e-05,2.31e-06,1.806e-05,1.0075e-05,1.806e-05
1.0214e-05,1.87e-06,1.853e-05,1.0165e-05,1.853e-05
1.0165e-05,1.45e-06,1.858e-05,1.001e-05,1.858e-05
1.0038e-05,1.3e-06,1.877e-05,1.005e-05,1.877e-05
1.0288e-05,9.8e-07,1.94e-05,1.0205e-05,1.94e-05
1.0138e-05,1.29e-06,1.908e-05,1.01e-05,1.908e-05
1.0021e-05,1.3e-06,1.881e-05,1.0015e-05,1.881e-05
1.0194e-05,1.51e-06,1.884e-05,1.009e-05,1.884e-05
1.0083e-05,2.02e-06,1.838e-05,1.0125e-05,1.838e-05
2.2474e-05,1.34e-06,3.741e-05,2.5555e-05,3.649e-05
1.0426e-05,2.2e-06,1.918e-05,1.045e-05,5.59e-06
1.2041e-05,1.28e-06,1.961e-05,1.2525e-05,1.28e-06
1.0385e-05,1.42e-06,1.929e-05,1.0545e-05,1.42e-06
1.0181e-05,1.67e-06,1.865e-05,9.97e-06,1.67e-06
1.0132e-05,1.93e-06,1.835e-05,1.0235e-05,1.93e-06
1.0202e-05,2.1e-06,1.812e-05,1.026e-05,2.1e-06
1.0087e-05,2.38e-06,1.772e-05,1.0115e-05,2.38e-06
1.021e-05,2.64e-06,1.775e-05,1.0165e-05,2.64e-06
1.023e-05,2.24e-06,1.797e-05,1.0375e-05,2.24e-06
1.023e-05,2.34e-06,1.78e-05,1.0285e-05,2.34e-06
1.0266e-05,2.49e-06,1.771e-05,1.058e-05,2.49e-06
1.0236e-05,2.44e-06,1.784e-05,1.026e-05,2.44e-06
1.0083e-05,2.49e-06,1.777e-05,1.0135e-05,2.49e-06
1.2513e-05,1.27e-06,2.295e-05,1.28e-05,1.27e-06
1.026e-05,1.14e-06,1.903e-05,1.028e-05,1.14e-06
1.0223e-05,1.4e-06,1.907e-05,1.0145e-05,1.4e-06
1.1266e-05,1.16e-06,2.036e-05,1.0855e-05,1.16e-06
1.036e-05,1.33e-06,1.961e-05,1.0325e-05,1.33e-06
1.0302e-05,1.08e-06,1.923e-05,1.049e-05,1.08e-06
1.0138e-05,1.37e-06,1.892e-05,1.013e-05,1.37e-06
1.0145e-05,1.52e-06,1.883e-05,1.016e-05,1.52e-06
1.0575e-05,1.67e-06,1.907e-05,1.062e-05,1.67e-06
1.0253e-05,1.62e-06,1.893e-05,1.0385e-05,1.62e-06
1.0295e-05,1.34e-06,1.902e-05,1.033e-05,1.34e-06
1.0254e-05,1.49e-06,1.89e-05,1.042e-05,1.49e-06
1.0211e-05,1.56e-06,1.87e-05,1.042e-05,1.56e-06
1.0227e-05,2.19e-06,1.839e-05,1.0345e-05,2.19e-06
1.01e-05,2.16e-06,1.814e-05,1.0115e-05,2.16e-06
1.0089e-05,2.01e-06,1.801e-05,1.0225e-05,2.01e-06
1.0198e-05,1.84e-06,1.825e-05,1.03e-05,1.84e-06
1.0161e-05,2.16e-06,1.843e-05,9.965e-06,2.16e-06
1.0158e-05,2e-06,1.828e-05,1.022e-05,2e-06
1.0191e-05,1.69e-06,1.846e-05,1.033e-05,1.69e-06
1.0171e-05,2.1e-06,1.839e-05,1.022e-05,2.1e-06
1.0119e-05,2.36e-06,1.786e-05,1.0165e-05,2.36e-06
1.0222e-05,2.36e-06,1.769e-05,1.0285e-05,2.36e-06
1.0104e-05,2.71e-06,1.75e-05,1.0135e-05,2.71e-06
1.0011e-05,2.97e-06,1.711e-05,1.003e-05,2.97e-06
1.0569e-05,6.98e-06,1.696e-05,1.007e-05,6.98e-06
1.0196e-05,7.14e-06,1.36e-05,1.001e-05,7.14e-06
1.0203e-05,6.47e-06,1.385e-05,1.002e-05,6.47e-06
1.0166e-05,6.32e-06,1.404e-05,1.023e-05,6.32e-06
1.0044e-05,6.27e-06,1.371e-05,1.0045e-05,6.43e-06
1.0009e-05,6.43e-06,1.349e-05,1.0045e-05,6.78e-06
1.0051e-05,6.7e-06,1.342e-05,1.006e-05,6.83e-06
1.0126e-05,6.71e-06,1.349e-05,1.0125e-05,6.89e-06
1.0155e-05,7.01e-06,1.352e-05,1.0175e-05,7.02e-06
1.025e-05,6.9e-06,1.381e-05,1.0385e-05,6.9e-06
1.0086e-05,6.11e-06,1.406e-05,1.027e-05,6.34e-06
9.99e-06,6.06e-06,1.377e-05,1.001e-05,6.41e-06
1.0224e-05,6.37e-06,1.39e-05,1.03e-05,6.89e-06
1.0137e-05,6.64e-06,1.349e-05,1.017e-05,7.02e-06
1.0086e-05,7.13e-06,1.323e-05,1.005e-05,7.25e-06
1.0099e-05,7.16e-06,1.305e-05,1.016e-05,7.24e-06
1.0179e-05,7.36e-06,1.286e-05,1.021e-05,7.61e-06
1.0274e-05,7.87e-06,1.28e-05,1.021e-05,7.89e-06
1.0137e-05,7.69e-06,1.253e-05,1.013e-05,7.82e-06
1.0171e-05,7.99e-06,1.252e-05,1.013e-05,8.43e-06
1.0229e-05,8.6e-06,1.189e-05,1.006e-05,8.67e-06
1.0168e-05,8.69e-06,1.156e-05,1.036e-05,8.72e-06
1.0179e-05,8.91e-06,1.141e-05,1.021e-05,9.07e-06
1.0139e-05,8.93e-06,1.107e-05,1.0195e-05,9.33e-06
1.0104e-05,9.63e-06,1.069e-05,1.0035e-05,9.63e-06
1.0321e-05,9.73e-06,1.119e-05,1.033e-05,9.73e-06
1.0174e-05,9.75e-06,1.07e-05,1.0175e-05,9.77e-06
1.0108e-05,9.91e-06,1.028e-05,1.0075e-05,1.008e-05
1.0155e-05,9.88e-06,1.033e-05,1.0165e-05,1.033e-05
1.0065e-05,9.57e-06,1.053e-05,1.0085e-05,1.053e-05
1.0114e-05,9.58e-06,1.07e-05,1.0105e-05,1.062e-05
1.0077e-05,9.51e-06,1.061e-05,1.0085e-05,1.056e-05
1.0199e-05,9.5e-06,1.1e-05,1.006e-05,1.079e-05
1.0201e-05,9.22e-06,1.118e-05,1.0165e-05,1.106e-05
1.0071e-05,9.05e-06,1.097e-05,1.0065e-05,1.097e-05
1.0066e-05,9.04e-06,1.118e-05,9.99e-06,1.118e-05
1.0289e-05,8.65e-06,1.198e-05,1.041e-05,1.198e-05
1.0275e-05,7.87e-06,1.253e-05,1.033e-05,1.253e-05
1.0094e-05,7.47e-06,1.272e-05,1.01e-05,1.267e-05
1.0162e-05,7.51e-06,1.303e-05,1.0025e-05,1.275e-05
1.0159e-05,6.82e-06,1.326e-05,1.02e-05,1.326e-05
1.0119e-05,6.89e-06,1.341e-05,1.0065e-05,1.341e-05
1.0076e-05,6.71e-06,1.346e-05,1.0065e-05,1.346e-05
1.0132e-05,6.4e-06,1.399e-05,1.0115e-05,1.399e-05
1.0081e-05,6.07e-06,1.408e-05,1.0015e-05,1.4e-05
1.004e-05,5.71e-06,1.42e-05,1.0035e-05,1.42e-05
1.0161e-05,5.84e-06,1.434e-05,1.0235e-05,1.434e-05
1.013e-05,5.95e-06,1.426e-05,1.0235e-05,1.421e-05
1.0065e-05,5.68e-06,1.457e-05,9.98e-06,1.457e-05
1.0215e-05,5.44e-06,1.498e-05,1.0245e-05,1.498e-05
1.0229e-05,4.81e-06,1.538e-05,1.015e-05,1.538e-05
1.0166e-05,4.34e-06,1.602e-05,1.024e-05,1.602e-05
1.0181e-05,3.72e-06,1.644e-05,1.016e-05,1.644e-05
1.0054e-05,3.48e-06,1.667e-05,1.0045e-05,1.667e-05
1.0071e-05,3.33e-06,1.705e-05,1.0105e-05,1.705e-05
9.99e-06,3.2e-06,1.701e-05,9.955e-06,1.701e-05
1.0053e-05,3.14e-06,1.727e-05,1.004e-05,1.727e-05
1.0225e-05,2.41e-06,1.796e-05,1.034e-05,1.796e-05
1.0103e-05,1.97e-06,1.823e-05,1.0085e-05,1.823e-05
1.0109e-05,1.73e-06,1.848e-05,1.0065e-05,1.848e-05
1.0185e-05,1.41e-06,1.886e-05,1.0235e-05,1.886e-05
1.0054e-05,1.22e-06,1.912e-05,1.001e-05,1.912e-05
1.0331e-05,1.01e-06,1.966e-05,1.0235e-05,1.966e-05
1.0102e-05,1.27e-06,1.905e-05,1.0035e-05,1.905e-05
1.0165e-05,1.02e-06,1.934e-05,1.0115e-05,1.934e-05
1.0166e-05,1.21e-06,1.92e-05,1.0115e-05,1.92e-05
1.0204e-05,1.22e-06,1.933e-05,1.0275e-05,1.933e-05
1.0091e-05,1.24e-06,1.905e-05,1.002e-05,1.905e-05
1.0225e-05,1.1e-06,1.92e-05,1.0085e-05,1.92e-05
1.0111e-05,1.42e-06,1.905e-05,1.0275e-05,1.905e-05
1.0311e-05,1.38e-06,1.919e-05,1.0225e-05,1.919e-05
1.0115e-05,1.44e-06,1.893e-05,1.017e-05,1.893e-05
1.0245e-05,1.07e-06,1.923e-05,1.006e-05,1.923e-05
1.0175e-05,1.26e-06,1.924e-05,1.0225e-05,1.924e-05
1.0131e-05,1.19e-06,1.93e-05,1.015e-05,1.93e-05
1.018e-05,1.04e-06,1.934e-05,1.016e-05,1.934e-05
1.0631e-05,8.9e-07,2.017e-05,1.053e-05,2.017e-05
1.0379e-05,1.47e-06,1.942e-05,1.0475e-05,1.942e-05
1.0159e-05,1.31e-06,1.915e-05,1.0145e-05,1.915e-05
1.0073e-05,1.18e-06,1.917e-05,1.0055e-05,1.917e-05
1.0093e-05,1.98e-06,1.842e-05,1.011e-05,1.842e-05
1.0293e-05,1.65e-06,1.868e-05,1.0485e-05,1.868e-05
1.0117e-05,2.14e-06,1.816e-05,1.0165e-05,1.816e-05
1.0139e-05,2.09e-06,1.829e-05,1.009e-05,1.829e-05
1.0049e-05,1.9e-06,1.816e-05,1.0025e-05,1.816e-05
1.0074e-05,1.98e-06,1.866e-05,1.0015e-05,1.866e-05
1.0156e-05,1.39e-06,1.873e-05,1.006e-05,1.873e-05
1.0024e-05,1.43e-06,1.882e-05,9.99e-06,1.882e-05
1.0121e-05,1.19e-06,1.919e-05,1.0115e-05,1.919e-05
1.0119e-05,1.36e-06,1.906e-05,1.014e-05,1.906e-05
1.0156e-05,1.08e-06,1.925e-05,1.0115e-05,1.925e-05
1.0144e-05,1.11e-06,1.942e-05,1.009e-05,1.942e-05
1.0192e-05,1.25e-06,1.916e-05,1.01e-05,1.916e-05
1.0091e-05,1.36e-06,1.903e-05,1.007e-05,1.903e-05
1.0176e-05,1.24e-06,1.91e-05,1.003e-05,1.91e-05
1.0915e-05,9.1e-07,1.935e-05,1.141e-05,1.935e-05
1.0148e-05,3.29e-06,1.714e-05,1.013e-05,1.714e-05
1.0176e-05,3.15e-06,1.725e-05,1.011e-05,1.725e-05
1.0105e-05,2.68e-06,1.729e-05,1.01e-05,1.729e-05
1.0064e-05,2.93e-06,1.755e-05,9.98e-06,1.755e-05
1.0075e-05,2.47e-06,1.775e-05,1.0005e-05,1.775e-05
1.0041e-05,2.39e-06,1.786e-05,9.95e-06,1.786e-05
1.0056e-05,2.2e-06,1.811e-05,1.0045e-05,1.811e-05
1.0041e-05,2.01e-06,1.831e-05,9.935e-06,1.831e-05
9.999e-06,1.99e-06,1.84e-05,9.995e-06,1.84e-05
1.0127e-05,1.81e-06,1.867e-05,1.012e-05,1.867e-05
1.0038e-05,1.32e-06,1.88e-05,9.955e-06,1.88e-05
1.0112e-05,1.14e-06,1.92e-05,1.001e-05,1.92e-05
1.0224e-05,1.39e-06,1.906e-05,1.0175e-05,1.906e-05
9.964e-06,1.47e-06,1.869e-05,9.895e-06,1.869e-05
9.972e-06,1.35e-06,1.871e-05,1.008e-05,1.871e-05
1.0027e-05,1.44e-06,1.889e-05,1.01e-05,1.889e-05
1.0206e-05,1.43e-06,1.89e-05,1.021e-05,1.89e-05
1.0167e-05,1.35e-06,1.891e-05,1.013e-05,1.891e-05
1.0147e-05,1.32e-06,1.918e-05,1.011e-05,1.918e-05
1.0114e-05,1.11e-06,1.902e-05,1.018e-05,1.902e-05
1.0049e-05,1.38e-06,1.886e-05,1e-05,1.886e-05
9.994e-06,1.31e-06,1.873e-05,9.92e-06,1.873e-05
1.0058e-05,1.31e-06,1.896e-05,1.014e-05,1.896e-05
1.0159e-05,1.16e-06,1.905e-05,1.0215e-05,1.905e-05
1.0748e-05,1.62e-06,1.874e-05,1.084e-05,1.874e-05
1.0111e-05,6.19e-06,1.404e-05,1.002e-05,1.403e-05
1.0285e-05,6.04e-06,1.433e-05,1.0415e-05,1.433e-05
1.024e-05,5.91e-06,1.474e-05,1.0135e-05,1.474e-05
1.01e-05,5.53e-06,1.485e-05,1.012e-05,1.485e-05
9.989e-06,5.18e-06,1.48e-05,1.0045e-05,1.48e-05
1.0026e-05,5.3e-06,1.493e-05,1.004e-05,1.493e-05
1.0697e-05,5.53e-06,1.806e-05,1.012e-05,1.465e-05
1.0045e-05,2.72e-06,1.73e-05,1.006e-05,1.479e-05
1.0069e-05,2.72e-06,1.72e-05,9.955e-06,1.501e-05
1.0008e-05,3.09e-06,1.695e-05,9.885e-06,1.473e-05
1.0074e-05,3.33e-06,1.669e-05,9.96e-06,1.519e-05
1.0036e-05,3.81e-06,1.631e-05,1.005e-05,1.516e-05
1.0016e-05,4.09e-06,1.577e-05,1.013e-05,1.539e-05
1.0156e-05,4.41e-06,1.603e-05,1.0235e-05,1.603e-05
1.0091e-05,4.19e-06,1.605e-05,1.0035e-05,1.605e-05
1.0169e-05,4.16e-06,1.607e-05,1.0225e-05,1.607e-05
1.0354e-05,3.68e-06,1.686e-05,1.041e-05,1.686e-05
1.0064e-05,3.55e-06,1.691e-05,1.013e-05,1.691e-05
1.0093e-05,3.22e-06,1.694e-05,1.0095e-05,1.694e-05
1.0294e-05,3.04e-06,1.73e-05,1.009e-05,1.73e-05
1.0069e-05,2.66e-06,1.772e-05,1.0065e-05,1.772e-05
1.0064e-05,2.48e-06,1.785e-05,1.0005e-05,1.785e-05
1.0185e-05,2.32e-06,1.812e-05,1.0125e-05,1.812e-05
1.0058e-05,2.03e-06,1.813e-05,1.0065e-05,1.813e-05
1.0361e-05,1.58e-06,1.933e-05,1.035e-05,1.933e-05
1.0264e-05,1.22e-06,1.946e-05,1.0305e-05,1.946e-05
1.0137e-05,1.04e-06,1.917e-05,1.013e-05,1.917e-05
1.0209e-05,1.15e-06,1.909e-05,1.0165e-05,1.909e-05
1.0061e-05,1.38e-06,1.894e-05,1.0125e-05,1.894e-05
1.002e-05,1.45e-06,1.883e-05,1.016e-05,1.883e-05
1.0171e-05,1.17e-06,1.921e-05,1.0065e-05,1.921e-05
1.0111e-05,8.9e-07,1.948e-05,1.0035e-05,1.948e-05
1.0174e-05,1.01e-06,1.945e-05,1.0105e-05,1.945e-05
1.0127e-05,1.15e-06,1.931e-05,1.018e-05,1.931e-05
1.0173e-05,1.03e-06,1.938e-05,1.0185e-05,1.938e-05
1.0231e-05,1.02e-06,1.96e-05,1.015e-05,1.96e-05
1.0049e-05,9.7e-07,1.923e-05,1.0065e-05,1.923e-05
1.0276e-05,1.14e-06,1.955e-05,1.045e-05,1.955e-05
1.0101e-05,1.25e-06,1.905e-05,1.001e-05,1.905e-05
1.015e-05,1.25e-06,1.909e-05,1.022e-05,1.909e-05
1.01e-05,1.78e-06,1.865e-05,1.01e-05,1.865e-05
1.0236e-05,1.37e-06,1.9e-05,1.017e-05,1.9e-05
1.005e-05,1.18e-06,1.906e-05,9.955e-06,1.906e-05
1.0094e-05,1.05e-06,1.913e-05,1.0075e-05,1.913e-05
1.0049e-05,2.14e-06,1.806e-05,1.0085e-05,1.806e-05
1.0076e-05,2.03e-06,1.818e-05,1.0235e-05,1.818e-05
1.0135e-05,1.96e-06,1.825e-05,1.011e-05,1.825e-05
1.0109e-05,2.16e-06,1.85e-05,1.02e-05,1.85e-05
1.0131e-05,1.78e-06,1.857e-05,1.0195e-05,1.857e-05
1.0096e-05,1.43e-06,1.876e-05,1.0175e-05,1.876e-05
1.0078e-05,1.48e-06,1.882e-05,9.965e-06,1.882e-05
1.0144e-05,1.48e-06,1.9e-05,1.012e-05,1.9e-05
1.0147e-05,1.52e-06,1.892e-05,1.0295e-05,1.892e-05
1.0142e-05,1.15e-06,1.914e-05,1.018e-05,1.914e-05
1.0097e-05,1.2e-06,1.904e-05,1.021e-05,1.904e-05
1.0072e-05,1.27e-06,1.906e-05,1.008e-05,1.906e-05
1.0131e-05,1.48e-06,1.886e-05,1.001e-05,1.886e-05
1.0245e-05,8.5e-07,1.94e-05,1.027e-05,1.94e-05
1.0118e-05,1.2e-06,1.911e-05,1.005e-05,1.911e-05
1.0286e-05,1.06e-06,1.924e-05,1.0175e-05,1.924e-05
1.0057e-05,2.77e-06,1.767e-05,1.0015e-05,1.767e-05
1.0058e-05,2.63e-06,1.779e-05,1.0105e-05,1.779e-05
1.0019e-05,2.43e-06,1.792e-05,1.006e-05,1.792e-05
1.0256e-05,2.14e-06,1.865e-05,1.029e-05,1.865e-05
1.0228e-05,1.42e-06,1.909e-05,1.0275e-05,1.909e-05
1.0175e-05,1.07e-06,1.934e-05,1.015e-05,1.934e-05
1.0286e-05,8.9e-07,1.958e-05,1.0275e-05,1.958e-05
1.0141e-05,1.09e-06,1.932e-05,1.0115e-05,1.932e-05
1.0195e-05,9.3e-07,1.94e-05,1.0125e-05,1.94e-05
1.0066e-05,1.01e-06,1.913e-05,1.005e-05,1.913e-05
1.0166e-05,8.1e-07,1.94e-05,1.009e-05,1.94e-05
1.0139e-05,1e-06,1.936e-05,1.023e-05,1.936e-05
1.0255e-05,1.28e-06,1.931e-05,1.0115e-05,1.931e-05
1.0086e-05,1.13e-06,1.894e-05,1.0065e-05,1.894e-05
1.0216e-05,2e-06,1.867e-05,1.0395e-05,1.867e-05
1.0081e-05,1.77e-06,1.826e-05,1e-05,1.826e-05
9.959e-06,1.82e-06,1.834e-05,1.0055e-05,1.834e-05
1.0265e-05,1.49e-06,1.882e-05,1.031e-05,1.882e-05
1.0158e-05,1.9e-06,1.822e-05,1.0245e-05,1.822e-05
1.0109e-05,2.08e-06,1.849e-05,1.0145e-05,1.849e-05
1.0066e-05,2.28e-06,1.787e-05,1.008e-05,1.787e-05
1.0101e-05,2.35e-06,1.803e-05,1.0235e-05,1.803e-05
1.0109e-05,2.05e-06,1.827e-05,1.0105e-05,1.827e-05
1.0136e-05,1.81e-06,1.857e-05,1.0195e-05,1.857e-05
1.0019e-05,1.18e-06,1.888e-05,9.98e-06,1.888e-05
1.0102e-05,1.29e-06,1.893e-05,1.006e-05,1.893e-05
1.0246e-05,1.12e-06,1.939e-05,1.013e-05,1.939e-05
1.0136e-05,1.39e-06,1.909e-05,1.03e-05,1.909e-05
1.0199e-05,1.08e-06,1.929e-05,1.018e-05,1.929e-05
1.0134e-05,1.15e-06,1.921e-05,1.001e-05,1.921e-05
1.0111e-05,1.01e-06,1.924e-05,1.0045e-05,1.924e-05
1.0134e-05,1.09e-06,1.925e-05,1.0055e-05,1.925e-05
1.0092e-05,1.43e-06,1.915e-05,1.014e-05,1.915e-05
1.0103e-05,1.12e-06,1.916e-05,1.0185e-05,1.916e-05
1.0021e-05,1.31e-06,1.889e-05,1.005e-05,1.889e-05
1.0136e-05,1.85e-06,1.895e-05,1.0055e-05,1.895e-05
1.0119e-05,1.77e-06,1.846e-05,1.0085e-05,1.846e-05
1.0134e-05,1.83e-06,1.847e-05,1.0085e-05,1.847e-05
1.0122e-05,1.35e-06,1.91e-05,1.0145e-05,1.91e-05
1.0176e-05,1.19e-06,1.915e-05,1.0135e-05,1.915e-05
1.0067e-05,1.31e-06,1.904e-05,1.01e-05,1.904e-05
1.0205e-05,1.52e-06,1.912e-05,1.048e-05,1.912e-05
1.0041e-05,1.68e-06,1.858e-05,1.0005e-05,1.858e-05
1.0181e-05,1.38e-06,1.933e-05,1.0135e-05,1.933e-05
1.0365e-05,1.06e-06,1.97e-05,1.033e-05,1.97e-05
1.0109e-05,1.05e-06,1.922e-05,1.01e-05,1.922e-05
1.0399e-05,1.38e-06,1.977e-05,1.0325e-05,1.977e-05
1.0296e-05,1.25e-06,1.918e-05,1.0245e-05,1.918e-05
1e-05,1.66e-06,1.868e-05,1.0045e-05,1.868e-05
1.0032e-05,1.65e-06,1.855e-05,1.0115e-05,1.855e-05
1.0276e-05,1.59e-06,1.938e-05,1.0265e-05,1.938e-05
1.019e-05,1.03e-06,1.944e-05,1.024e-05,1.944e-05
1.0178e-05,1.42e-06,1.914e-05,1.0125e-05,1.914e-05
1.0084e-05,1.59e-06,1.868e-05,1.0035e-05,1.868e-05
1.0076e-05,1.8e-06,1.869e-05,1.011e-05,1.869e-05
1.0159e-05,1.36e-06,1.889e-05,1.012e-05,1.889e-05
1.0169e-05,1.2e-06,1.932e-05,1.012e-05,1.932e-05
1.0026e-05,1.32e-06,1.902e-05,1.011e-05,1.902e-05
1.0194e-05,1.04e-06,1.943e-05,1.0165e-05,1.943e-05
1.0283e-05,1.02e-06,1.965e-05,1.021e-05,1.965e-05
1.0388e-05,1.14e-06,1.965e-05,1.0345e-05,1.965e-05
1.0007e-05,1.09e-06,1.917e-05,9.99e-06,1.917e-05
1.0061e-05,1.34e-06,1.886e-05,1.0075e-05,1.886e-05
1.0232e-05,1.37e-06,1.921e-05,1.023e-05,1.921e-05
1.0264e-05,8.4e-07,1.959e-05,1.021e-05,1.959e-05
1.0217e-05,1.29e-06,1.926e-05,1.0165e-05,1.926e-05
1.014e-05,1.44e-06,1.9e-05,1.007e-05,1.9e-05
1.0129e-05,1.55e-06,1.888e-05,1.0145e-05,1.888e-05
1.011e-05,1.25e-06,1.882e-05,1.0085e-05,1.882e-05
1.0237e-05,1.01e-06,1.926e-05,1.025e-05,1.926e-05
1.0289e-05,1.45e-06,1.913e-05,1.033e-05,1.913e-05
1.0151e-05,1.42e-06,1.873e-05,1.0165e-05,1.873e-05
1.0057e-05,1.62e-06,1.854e-05,1.004e-05,1.854e-05
1.0073e-05,1.43e-06,1.887e-05,1.007e-05,1.887e-05
1.0148e-05,1.61e-06,1.901e-05,1.009e-05,1.901e-05
1.0089e-05,1.53e-06,1.872e-05,9.98e-06,1.872e-05
1.2998e-05,1.41e-06,2.167e-05,1.227e-05,2.142e-05
1.0121e-05,1.35e-06,1.89e-05,1.0065e-05,1.498e-05
1.0019e-05,1.15e-06,1.875e-05,9.87e-06,1.491e-05
1.0176e-05,1.65e-06,1.91e-05,9.995e-06,1.468e-05
1.0019e-05,1.49e-06,1.836e-05,9.83e-06,1.475e-05
1.0051e-05,1.71e-06,1.837e-05,1.0045e-05,1.45e-05
1.0021e-05,1.79e-06,1.816e-05,9.86e-06,1.458e-05
9.996e-06,2.24e-06,1.782e-05,9.805e-06,1.447e-05
1.01e-05,2.17e-06,1.778e-05,1.0145e-05,1.486e-05
9.996e-06,2.64e-06,1.75e-05,9.74e-06,1.488e-05
1.0029e-05,2.83e-06,1.746e-05,9.84e-06,1.506e-05
1.0034e-05,2.98e-06,1.72e-05,9.96e-06,1.553e-05
1.0108e-05,3.02e-06,1.704e-05,1.005e-05,1.596e-05
1.006e-05,3.35e-06,1.656e-05,9.92e-06,1.585e-05
1.0056e-05,3.97e-06,1.614e-05,9.91e-06,1.553e-05
1.0026e-05,4.11e-06,1.583e-05,9.85e-06,1.583e-05
1.0207e-05,4.41e-06,1.61e-05,1.0165e-05,1.61e-05
1.0138e-05,4.59e-06,1.587e-05,1.011e-05,1.587e-05
1.0111e-05,4.25e-06,1.608e-05,1.0125e-05,1.608e-05
1.0215e-05,3.98e-06,1.631e-05,1.012e-05,1.631e-05
1.01e-05,3.83e-06,1.656e-05,1.004e-05,1.656e-05
1.0105e-05,3.68e-06,1.666e-05,1.012e-05,1.666e-05
1.0296e-05,3.75e-06,1.658e-05,1.036e-05,1.658e-05
1.0112e-05,3.61e-06,1.655e-05,1.022e-05,1.655e-05
1.0245e-05,3.18e-06,1.726e-05,1.027e-05,1.726e-05
1.0049e-05,2.68e-06,1.751e-05,1.0035e-05,1.751e-05
1.0025e-05,2.46e-06,1.76e-05,1.0095e-05,1.76e-05
1.0156e-05,2.52e-06,1.786e-05,1.005e-05,1.786e-05
1.0054e-05,2.27e-06,1.802e-05,1.0055e-05,1.802e-05
1.0269e-05,1.65e-06,1.868e-05,1.012e-05,1.868e-05
1.0096e-05,1.62e-06,1.866e-05,1.019e-05,1.866e-05
1.0114e-05,1.58e-06,1.885e-05,1.011e-05,1.885e-05
1.0216e-05,1.46e-06,1.92e-05,1.023e-05,1.92e-05
1.0066e-05,1.41e-06,1.871e-05,1.018e-05,1.871e-05
1.0212e-05,9.9e-07,1.929e-05,1.018e-05,1.929e-05
1.0066e-05,1.18e-06,1.903e-05,1.0135e-05,1.903e-05
1.0165e-05,1.15e-06,1.936e-05,1.009e-05,1.936e-05
1.0051e-05,1.62e-06,1.864e-05,1.008e-05,1.864e-05
1.0097e-05,1.51e-06,1.882e-05,1.0015e-05,1.882e-05
1.0109e-05,1.18e-06,1.917e-05,1.005e-05,1.917e-05
1.0211e-05,1.14e-06,1.935e-05,1.022e-05,1.935e-05
1.0201e-05,1.19e-06,1.939e-05,1.0215e-05,1.939e-05
1.029e-05,1.32e-06,1.938e-05,1.0185e-05,1.938e-05
1.0154e-05,1.51e-06,1.891e-05,1.015e-05,1.891e-05
1.0014e-05,1.87e-06,1.846e-05,1.0115e-05,1.846e-05
1.0051e-05,1.72e-06,1.861e-05,1.012e-05,1.861e-05
9.985e-06,1.54e-06,1.871e-05,9.975e-06,1.871e-05
1.0067e-05,1.63e-06,1.872e-05,1.007e-05,1.872e-05
1.0156e-05,1.78e-06,1.899e-05,1.009e-05,1.899e-05
1.006e-05,1.38e-06,1.888e-05,1.0085e-05,1.888e-05
1.0308e-05,1.48e-06,1.923e-05,1.03e-05,1.923e-05
1.0132e-05,1.55e-06,1.892e-05,1.018e-05,1.892e-05
1.012e-05,1.52e-06,1.884e-05,1.016e-05,1.884e-05
1.0138e-05,1.34e-06,1.903e-05,1.009e-05,1.903e-05
1.007e-05,1.03e-06,1.913e-05,1.0035e-05,1.913e-05
1.0113e-05,1.24e-06,1.933e-05,1.015e-05,1.933e-05
1.0093e-05,1.56e-06,1.872e-05,1.005e-05,1.872e-05
1.0105e-05,1.56e-06,1.893e-05,1.0055e-05,1.893e-05
1.0095e-05,1.32e-06,1.9e-05,1.001e-05,1.9e-05
2.4289e-05,1.14e-06,4.525e-05,2.5355e-05,4.525e-05
1.015e-05,1.82e-06,1.814e-05,1.012e-05,1.546e-05
1.0121e-05,2.3e-06,1.789e-05,1.01e-05,1.52e-05
1.0189e-05,2.19e-06,1.784e-05,1.0305e-05,1.521e-05
1.0107e-05,2.59e-06,1.763e-05,1.012e-05,1.467e-05
1.0145e-05,2.87e-06,1.755e-05,1.009e-05,1.488e-05
1.0156e-05,3.14e-06,1.691e-05,1.0305e-05,1.524e-05
1.0151e-05,3.73e-06,1.651e-05,1.0275e-05,1.572e-05
1.012e-05,4.13e-06,1.639e-05,1.014e-05,1.593e-05
9.989e-06,3.84e-06,1.637e-05,9.97e-06,1.637e-05
1.0004e-05,3.56e-06,1.658e-05,1.0065e-05,1.658e-05
1.0028e-05,4.09e-06,1.604e-05,1.0005e-05,1.604e-05
1.0064e-05,3.86e-06,1.645e-05,1.009e-05,1.645e-05
1.0121e-05,3.69e-06,1.671e-05,1.005e-05,1.671e-05
1.0149e-05,3.6e-06,1.664e-05,1.0205e-05,1.664e-05
1.0026e-05,3.47e-06,1.677e-05,1e-05,1.677e-05
1.0105e-05,3.3e-06,1.691e-05,1.0025e-05,1.691e-05
1.003e-05,3.52e-06,1.672e-05,1.006e-05,1.672e-05
1.0063e-05,3.26e-06,1.705e-05,1.017e-05,1.705e-05
1.014e-05,3.33e-06,1.692e-05,1.024e-05,1.692e-05
1.0201e-05,3.06e-06,1.702e-05,1.024e-05,1.702e-05
1.0096e-05,2.97e-06,1.716e-05,1.01e-05,1.716e-05
1.0027e-05,2.85e-06,1.724e-05,1.007e-05,1.724e-05
1.0146e-05,2.75e-06,1.775e-05,1.0165e-05,1.775e-05
1.0124e-05,2.53e-06,1.768e-05,1.018e-05,1.768e-05
1.0065e-05,2.01e-06,1.818e-05,1.0295e-05,1.818e-05
1.0028e-05,1.78e-06,1.831e-05,1.001e-05,1.831e-05
1.017e-05,1.95e-06,1.855e-05,1.022e-05,1.855e-05
1.0052e-05,1.97e-06,1.835e-05,1.0115e-05,1.835e-05
1.0196e-05,1.86e-06,1.845e-05,1.029e-05,1.845e-05
1.0181e-05,1.87e-06,1.838e-05,1.014e-05,1.838e-05
1.0045e-05,2.12e-06,1.807e-05,1.005e-05,1.807e-05
1.0084e-05,2.39e-06,1.789e-05,1.008e-05,1.789e-05
1.008e-05,2.5e-06,1.782e-05,1.009e-05,1.782e-05
1.0086e-05,2.47e-06,1.786e-05,1.019e-05,1.786e-05
1.012e-05,2.01e-06,1.823e-05,1.0045e-05,1.823e-05
1.0125e-05,1.66e-06,1.852e-05,1.0155e-05,1.852e-05
1.0144e-05,1.39e-06,1.899e-05,1.0065e-05,1.899e-05
1.0054e-05,1.16e-06,1.896e-05,1.0025e-05,1.896e-05
1.0084e-05,1.48e-06,1.885e-05,1.009e-05,1.885e-05
1.0056e-05,1.62e-06,1.86e-05,1.003e-05,1.86e-05
9.99e-06,1.81e-06,1.834e-05,1.0035e-05,1.834e-05
1.0088e-05,1.82e-06,1.829e-05,1.0135e-05,1.829e-05
1.0014e-05,1.9e-06,1.838e-05,1.0055e-05,1.838e-05
1.0109e-05,1.45e-06,1.867e-05,1e-05,1.867e-05
1.0155e-05,1.45e-06,1.866e-05,1.015e-05,1.866e-05
1.0025e-05,1.65e-06,1.85e-05,1.0085e-05,1.85e-05
1.0094e-05,1.65e-06,1.875e-05,1.001e-05,1.875e-05
1.0084e-05,1.53e-06,1.864e-05,9.955e-06,1.864e-05
1.0059e-05,1.43e-06,1.882e-05,1.009e-05,1.882e-05
1.0114e-05,1.29e-06,1.884e-05,1.0025e-05,1.884e-05
1.016e-05,1.46e-06,1.894e-05,1.016e-05,1.894e-05
1.0051e-05,1.56e-06,1.859e-05,1.0105e-05,1.859e-05
1.0306e-05,1.48e-06,1.854e-05,1.0395e-05,1.854e-05
1.0122e-05,2.29e-06,1.799e-05,1.0145e-05,1.799e-05
9.974e-06,2.37e-06,1.773e-05,1.0025e-05,1.773e-05
1.0074e-05,2.11e-06,1.79e-05,1.018e-05,1.79e-05
1.0132e-05,1.93e-06,1.844e-05,1.006e-05,1.844e-05
1.0093e-05,1.68e-06,1.835e-05,1.019e-05,1.835e-05
1.0149e-05,1.58e-06,1.861e-05,1.003e-05,1.861e-05
1.0066e-05,1.57e-06,1.843e-05,1e-05,1.843e-05
1.0001e-05,1.57e-06,1.848e-05,1.0055e-05,1.848e-05
1.0036e-05,1.54e-06,1.835e-05,1.003e-05,1.835e-05
1.0074e-05,1.67e-06,1.835e-05,1.011e-05,1.835e-05
1.0075e-05,1.8e-06,1.826e-05,1.0015e-05,1.826e-05
9.97e-06,1.95e-06,1.803e-05,9.955e-06,1.803e-05
9.954e-06,2.12e-06,1.812e-05,9.985e-06,1.812e-05
1.0103e-05,1.93e-06,1.811e-05,9.975e-06,1.811e-05
1.0079e-05,1.83e-06,1.836e-05,1.0165e-05,1.836e-05
1.0091e-05,1.86e-06,1.853e-05,1.01e-05,1.853e-05
1.0116e-05,1.32e-06,1.876e-05,1.0065e-05,1.876e-05
1.0265e-05,1.01e-06,1.931e-05,1.0175e-05,1.931e-05
1.012e-05,1.06e-06,1.918e-05,9.98e-06,1.918e-05
1.0037e-05,1.42e-06,1.878e-05,1.0045e-05,1.878e-05
1.0053e-05,1.18e-06,1.886e-05,1e-05,1.886e-05
1.0086e-05,1.42e-06,1.876e-05,9.965e-06,1.876e-05
1.01e-05,1.49e-06,1.862e-05,1.007e-05,1.862e-05
1.0108e-05,1.83e-06,1.846e-05,9.995e-06,1.846e-05
1.0027e-05,2.06e-06,1.794e-05,1.0065e-05,1.794e-05
1.0028e-05,1.97e-06,1.814e-05,1.009e-05,1.814e-05
1.0045e-05,1.66e-06,1.825e-05,9.995e-06,1.825e-05
1.0041e-05,2.4e-06,1.787e-05,1.015e-05,1.787e-05
9.988e-06,2.38e-06,1.76e-05,1.002e-05,1.76e-05
9.999e-06,2.68e-06,1.746e-05,1.0095e-05,1.746e-05
1.0069e-05,2.44e-06,1.782e-05,1.012e-05,1.782e-05
1.0123e-05,2.24e-06,1.802e-05,1.008e-05,1.802e-05
1.0058e-05,2.14e-06,1.816e-05,1.01e-05,1.816e-05
1.0079e-05,1.9e-06,1.814e-05,1.011e-05,1.814e-05
1.0073e-05,1.6e-06,1.838e-05,1.0025e-05,1.838e-05
1.0021e-05,1.71e-06,1.833e-05,9.965e-06,1.833e-05
1.0039e-05,2.15e-06,1.791e-05,1.0095e-05,1.791e-05
1.0115e-05,2.56e-06,1.766e-05,1.021e-05,1.766e-05
1.0031e-05,2.65e-06,1.755e-05,1.006e-05,1.755e-05
1.0179e-05,2.66e-06,1.778e-05,1.03e-05,1.778e-05
1.0025e-05,2.67e-06,1.746e-05,9.965e-06,1.746e-05
1.0106e-05,2.77e-06,1.744e-05,1.021e-05,1.744e-05
1.009e-05,2.47e-06,1.796e-05,1e-05,1.796e-05
9.987e-06,2.4e-06,1.777e-05,9.935e-06,1.777e-05
1.0016e-05,2.41e-06,1.776e-05,1.007e-05,1.776e-05
1.0038e-05,2.44e-06,1.794e-05,1.005e-05,1.794e-05
1.0161e-05,2.39e-06,1.781e-05,1.007e-05,1.781e-05
1.0054e-05,2.25e-06,1.793e-05,9.99e-06,1.793e-05
1.0028e-05,2.03e-06,1.813e-05,1.0005e-05,1.813e-05
9.982e-06,1.91e-06,1.81e-05,9.995e-06,1.81e-05
1.0091e-05,2.09e-06,1.833e-05,1e-05,1.833e-05
9.986e-06,1.78e-06,1.832e-05,9.97e-06,1.832e-05
1.0018e-05,1.49e-06,1.856e-05,9.97e-06,1.856e-05
1.0047e-05,1.56e-06,1.844e-05,9.945e-06,1.844e-05
1.0069e-05,1.38e-06,1.879e-05,1.0045e-05,1.879e-05
1.0051e-05,2.07e-06,1.816e-05,9.98e-06,1.816e-05
9.937e-06,1.91e-06,1.815e-05,9.92e-06,1.815e-05
1.0016e-05,1.85e-06,1.816e-05,1.001e-05,1.816e-05
1.0042e-05,1.81e-06,1.826e-05,1.0115e-05,1.826e-05
9.956e-06,1.75e-06,1.829e-05,1.001e-05,1.829e-05
1.0194e-05,1.21e-06,1.903e-05,1.0035e-05,1.903e-05
1.029e-05,1.01e-06,1.923e-05,1.0235e-05,1.923e-05
1.0106e-05,1.62e-06,1.898e-05,1.0205e-05,1.898e-05
1.0126e-05,1.61e-06,1.859e-05,1.0075e-05,1.859e-05
1.0039e-05,1.4e-06,1.863e-05,9.985e-06,1.863e-05
9.986e-06,1.2e-06,1.882e-05,9.995e-06,1.882e-05
1.0102e-05,1.47e-06,1.851e-05,1.004e-05,1.851e-05
1.0015e-05,1.91e-06,1.832e-05,1.0095e-05,1.832e-05
1.0071e-05,1.83e-06,1.864e-05,1.011e-05,1.864e-05
1.0024e-05,1.64e-06,1.851e-05,9.945e-06,1.851e-05
1.0017e-05,1.62e-06,1.86e-05,1.005e-05,1.86e-05
1.01e-05,1.99e-06,1.822e-05,1.009e-05,1.822e-05
9.991e-06,1.85e-06,1.822e-05,1.0055e-05,1.822e-05
1.0014e-05,1.83e-06,1.837e-05,1.002e-05,1.837e-05
1.0047e-05,1.36e-06,1.873e-05,9.95e-06,1.873e-05
9.954e-06,1.58e-06,1.839e-05,9.99e-06,1.839e-05
9.954e-06,1.72e-06,1.817e-05,9.99e-06,1.817e-05
1.0062e-05,2.32e-06,1.811e-05,1.0155e-05,1.811e-05
1.0009e-05,2.17e-06,1.781e-05,9.975e-06,1.781e-05
1.0062e-05,2.17e-06,1.796e-05,1.0025e-05,1.796e-05
1.0004e-05,2.24e-06,1.785e-05,9.95e-06,1.785e-05
9.956e-06,2.05e-06,1.78e-05,1.0015e-05,1.78e-05
1.01e-05,2.18e-06,1.812e-05,1.004e-05,1.812e-05
9.967e-06,2.12e-06,1.794e-05,1.0035e-05,1.794e-05
1.0035e-05,2.02e-06,1.815e-05,1.002e-05,1.815e-05
1.0019e-05,2.1e-06,1.803e-05,1.0025e-05,1.803e-05
1.0089e-05,1.82e-06,1.832e-05,1.0025e-05,1.832e-05
1.0074e-05,1.76e-06,1.861e-05,9.97e-06,1.861e-05
1.0049e-05,1.05e-06,1.875e-05,1.006e-05,1.875e-05
1.0063e-05,1.43e-06,1.885e-05,1.006e-05,1.885e-05
1.0201e-05,9e-07,1.926e-05,1.0135e-05,1.926e-05
9.983e-06,9.1e-07,1.901e-05,9.96e-06,1.901e-05
9.997e-06,1.29e-06,1.879e-05,9.945e-06,1.879e-05
1.008e-05,1.51e-06,1.853e-05,1.017e-05,1.853e-05
1.0001e-05,1.41e-06,1.858e-05,1.003e-05,1.858e-05
1.0049e-05,1.39e-06,1.879e-05,1.001e-05,1.879e-05
1.0056e-05,1.8e-06,1.85e-05,1.0305e-05,1.85e-05
1.003e-05,2.06e-06,1.827e-05,1.0135e-05,1.827e-05
1.0154e-05,5.73e-06,1.516e-05,9.93e-06,1.374e-05
1.0041e-05,6.06e-06,1.396e-05,1.0035e-05,1.382e-05
1.0059e-05,6.11e-06,1.406e-05,1.007e-05,1.383e-05
1.0134e-05,5.71e-06,1.463e-05,1.0055e-05,1.411e-05
1.008e-05,5.72e-06,1.443e-05,1.007e-05,1.427e-05
1.0086e-05,5.9e-06,1.444e-05,9.985e-06,1.413e-05
1.0059e-05,6.11e-06,1.407e-05,1.003e-05,1.398e-05
1.011e-05,6.02e-06,1.42e-05,1.002e-05,1.411e-05
1.0039e-05,5.66e-06,1.428e-05,9.96e-06,1.422e-05
1.0045e-05,5.52e-06,1.475e-05,1.0075e-05,1.475e-05
1.0042e-05,5.26e-06,1.496e-05,1.0085e-05,1.496e-05
1.0099e-05,5.14e-06,1.513e-05,9.98e-06,1.483e-05
1.025e-05,4.94e-06,1.517e-05,1.0885e-05,1.517e-05
1.014e-05,5.12e-06,1.527e-05,1.016e-05,1.527e-05
9.981e-06,5e-06,1.507e-05,9.96e-06,1.507e-05
1.0065e-05,5.03e-06,1.497e-05,1.0015e-05,1.497e-05
1.0085e-05,5.25e-06,1.488e-05,1.001e-05,1.488e-05
9.961e-06,4.64e-06,1.517e-05,1e-05,1.492e-05
9.991e-06,4.5e-06,1.54e-05,1.002e-05,1.474e-05
1.0007e-05,4.89e-06,1.524e-05,1.002e-05,1.508e-05
9.985e-06,4.42e-06,1.552e-05,1.0035e-05,1.511e-05
1.0099e-05,4.62e-06,1.559e-05,1.005e-05,1.559e-05
1.003e-05,4.55e-06,1.584e-05,1.0005e-05,1.584e-05
9.989e-06,4.4e-06,1.566e-05,1.006e-05,1.566e-05
1.008e-05,4.12e-06,1.575e-05,1.0105e-05,1.575e-05
1.019e-05,3.77e-06,1.644e-05,1.0045e-05,1.59e-05
1.0009e-05,3.64e-06,1.634e-05,9.995e-06,1.587e-05
9.994e-06,3.58e-06,1.641e-05,1.001e-05,1.581e-05
1.0095e-05,3.74e-06,1.636e-05,1.0005e-05,1.627e-05
1.0057e-05,3.9e-06,1.641e-05,1.0015e-05,1.641e-05
1.0055e-05,3.63e-06,1.64e-05,1.006e-05,1.64e-05
1.0039e-05,3.55e-06,1.656e-05,1.007e-05,1.656e-05
1.0065e-05,3.18e-06,1.689e-05,1.005e-05,1.689e-05
1.0001e-05,2.67e-06,1.724e-05,1.005e-05,1.724e-05
1.0064e-05,2.5e-06,1.765e-05,1.015e-05,1.765e-05
1.0036e-05,2.19e-06,1.77e-05,1.006e-05,1.77e-05
1.0012e-05,2.37e-06,1.777e-05,9.97e-06,1.777e-05
1.014e-05,1.71e-06,1.844e-05,1.008e-05,1.844e-05
1.0074e-05,1.83e-06,1.844e-05,1.006e-05,1.844e-05
1.0001e-05,1.55e-06,1.84e-05,1.004e-05,1.84e-05
1.0056e-05,1.43e-06,1.865e-05,9.99e-06,1.865e-05
1.0004e-05,1.64e-06,1.854e-05,1e-05,1.854e-05
1.003e-05,1.82e-06,1.831e-05,1.0035e-05,1.831e-05
1.0042e-05,2.06e-06,1.795e-05,1.0005e-05,1.795e-05
9.991e-06,2.14e-06,1.785e-05,1.0095e-05,1.785e-05
1.0085e-05,2.77e-06,1.752e-05,1.016e-05,1.752e-05
1.0058e-05,2.78e-06,1.73e-05,1.0115e-05,1.73e-05
1.0052e-05,2.62e-06,1.739e-05,1.0015e-05,1.739e-05
1.006e-05,2.72e-06,1.742e-05,9.98e-06,1.742e-05
1.002e-05,2.76e-06,1.746e-05,1.001e-05,1.746e-05
1.0017e-05,2.69e-06,1.733e-05,9.96e-06,1.733e-05
1.0016e-05,2.82e-06,1.72e-05,9.955e-06,1.72e-05
1.0014e-05,2.66e-06,1.748e-05,1.0015e-05,1.748e-05
1.0038e-05,2.64e-06,1.74e-05,1.009e-05,1.74e-05
1.0016e-05,2.87e-06,1.716e-05,1.014e-05,1.716e-05
1.0119e-05,2.71e-06,1.724e-05,1.0155e-05,1.724e-05
1.0101e-05,2.59e-06,1.732e-05,1.0025e-05,1.732e-05
1.0105e-05,2.76e-06,1.747e-05,1.0085e-05,1.747e-05
1.0011e-05,2.86e-06,1.729e-05,1.0045e-05,1.729e-05
9.991e-06,2.94e-06,1.711e-05,9.94e-06,1.711e-05
9.994e-06,2.86e-06,1.721e-05,1.003e-05,1.721e-05
1.0074e-05,2.99e-06,1.717e-05,1.0195e-05,1.717e-05
1.0156e-05,3.08e-06,1.712e-05,1.0035e-05,1.712e-05
1.0151e-05,3.37e-06,1.728e-05,1.0105e-05,1.728e-05
1.0135e-05,3.68e-06,1.692e-05,1.007e-05,1.692e-05
1.0103e-05,3.42e-06,1.698e-05,1.006e-05,1.698e-05
1.0103e-05,3.17e-06,1.692e-05,1.007e-05,1.692e-05
1.0065e-05,3.36e-06,1.675e-05,1.001e-05,1.675e-05
9.99e-06,3.45e-06,1.653e-05,1.0055e-05,1.653e-05
1.0166e-05,3.62e-06,1.676e-05,1.02e-05,1.676e-05
1.0052e-05,3.66e-06,1.642e-05,1.0015e-05,1.642e-05
1.0005e-05,3.82e-06,1.628e-05,9.955e-06,1.628e-05
1.0022e-05,3.74e-06,1.625e-05,1.0005e-05,1.625e-05
9.996e-06,3.83e-06,1.63e-05,9.995e-06,1.63e-05
1.0008e-05,3.65e-06,1.64e-05,9.99e-06,1.64e-05
9.97e-06,3.79e-06,1.62e-05,9.935e-06,1.62e-05
9.987e-06,3.99e-06,1.611e-05,1.002e-05,1.611e-05
1.0056e-05,4.35e-06,1.601e-05,1.017e-05,1.601e-05
9.947e-06,4.28e-06,1.569e-05,1.0035e-05,1.569e-05
9.949e-06,4.23e-06,1.575e-05,9.985e-06,1.575e-05
9.995e-06,4.15e-06,1.58e-05,9.995e-06,1.58e-05
1.004e-05,4.4e-06,1.566e-05,1.0075e-05,1.566e-05
1.008e-05,4.84e-06,1.54e-05,1.0035e-05,1.54e-05
9.999e-06,5.09e-06,1.497e-05,9.995e-06,1.497e-05
9.985e-06,5.08e-06,1.489e-05,1.001e-05,1.489e-05
1.012e-05,5.41e-06,1.497e-05,1.0125e-05,1.497e-05
1.0025e-05,5.85e-06,1.413e-05,1.0105e-05,1.413e-05
9.932e-06,5.51e-06,1.424e-05,1.007e-05,1.406e-05
9.965e-06,5.28e-06,1.471e-05,1.001e-05,1.4e-05
1.0015e-05,5.17e-06,1.501e-05,1.004e-05,1.39e-05
9.949e-06,5.26e-06,1.475e-05,9.92e-06,1.372e-05
9.959e-06,5.07e-06,1.483e-05,9.955e-06,1.359e-05
9.943e-06,5.01e-06,1.481e-05,1.0145e-05,1.343e-05
9.984e-06,5.23e-06,1.483e-05,1.0005e-05,1.32e-05
9.919e-06,5.12e-06,1.477e-05,9.85e-06,1.3e-05
9.939e-06,5.1e-06,1.483e-05,9.915e-06,1.297e-05
9.995e-06,4.82e-06,1.519e-05,1.0015e-05,1.32e-05
9.981e-06,4.73e-06,1.521e-05,9.995e-06,1.332e-05
9.954e-06,4.82e-06,1.526e-05,9.955e-06,1.34e-05
9.974e-06,4.45e-06,1.548e-05,9.89e-06,1.318e-05
9.955e-06,4.35e-06,1.552e-05,9.895e-06,1.323e-05
9.989e-06,4.4e-06,1.552e-05,1.0055e-05,1.335e-05
9.922e-06,4.5e-06,1.533e-05,9.965e-06,1.344e-05
9.911e-06,4.61e-06,1.54e-05,9.93e-06,1.333e-05
9.945e-06,4.49e-06,1.528e-05,9.925e-06,1.333e-05
9.902e-06,4.35e-06,1.547e-05,9.895e-06,1.324e-05
9.959e-06,4.34e-06,1.561e-05,9.965e-06,1.313e-05
9.965e-06,4.24e-06,1.568e-05,9.95e-06,1.305e-05
9.989e-06,4.23e-06,1.572e-05,1.0015e-05,1.31e-05
9.979e-06,4.16e-06,1.569e-05,1.0025e-05,1.312e-05
9.955e-06,4.27e-06,1.567e-05,9.98e-06,1.314e-05
1e-05,4.56e-06,1.56e-05,9.995e-06,1.307e-05
9.969e-06,4.44e-06,1.548e-05,9.94e-06,1.314e-05
9.95e-06,4.35e-06,1.564e-05,9.94e-06,1.315e-05
1.0011e-05,4.37e-06,1.571e-05,1.003e-05,1.296e-05
1.0019e-05,4.06e-06,1.584e-05,1.0045e-05,1.287e-05
9.999e-06,4.11e-06,1.587e-05,9.98e-06,1.278e-05
9.996e-06,4.16e-06,1.578e-05,9.995e-06,1.291e-05
9.92e-06,4.23e-06,1.563e-05,9.9e-06,1.3e-05
9.924e-06,4.11e-06,1.57e-05,9.97e-06,1.325e-05
9.949e-06,4.4e-06,1.555e-05,9.94e-06,1.356e-05
9.931e-06,4.68e-06,1.519e-05,9.99e-06,1.391e-05
1.0239e-05,5.1e-06,1.516e-05,1.0565e-05,1.391e-05
9.979e-06,4.61e-06,1.528e-05,1.0015e-05,1.379e-05
9.92e-06,4.66e-06,1.532e-05,9.89e-06,1.392e-05
9.962e-06,4.56e-06,1.535e-05,9.93e-06,1.393e-05
9.999e-06,4.53e-06,1.536e-05,9.98e-06,1.398e-05
9.945e-06,4.64e-06,1.52e-05,9.95e-06,1.403e-05
9.929e-06,4.77e-06,1.505e-05,9.945e-06,1.397e-05
9.906e-06,4.8e-06,1.501e-05,9.825e-06,1.425e-05
9.935e-06,4.94e-06,1.496e-05,9.94e-06,1.438e-05
1.0027e-05,4.81e-06,1.51e-05,1.0015e-05,1.418e-05
1.0064e-05,4.71e-06,1.529e-05,1.014e-05,1.441e-05
1.0074e-05,4.93e-06,1.522e-05,1.001e-05,1.433e-05
9.963e-06,4.93e-06,1.501e-05,9.93e-06,1.418e-05
9.924e-06,4.81e-06,1.504e-05,9.965e-06,1.441e-05
9.94e-06,4.91e-06,1.496e-05,9.995e-06,1.451e-05
9.919e-06,4.9e-06,1.491e-05,9.87e-06,1.466e-05
9.954e-06,5.17e-06,1.486e-05,9.9e-06,1.471e-05
9.976e-06,4.99e-06,1.498e-05,9.885e-06,1.43e-05
9.992e-06,5.09e-06,1.497e-05,1.006e-05,1.452e-05
1.0024e-05,5.21e-06,1.481e-05,1.0085e-05,1.454e-05
9.918e-06,5.2e-06,1.467e-05,9.885e-06,1.462e-05
1.0115e-05,5.09e-06,1.507e-05,1.0115e-05,1.507e-05
1.0011e-05,4.91e-06,1.506e-05,9.97e-06,1.506e-05
9.939e-06,4.88e-06,1.509e-05,9.96e-06,1.509e-05
9.974e-06,4.93e-06,1.499e-05,9.995e-06,1.499e-05
9.988e-06,5.14e-06,1.475e-05,1e-05,1.475e-05
9.984e-06,5.03e-06,1.476e-05,1e-05,1.476e-05
1.0211e-05,5.27e-06,1.617e-05,9.99e-06,1.484e-05
1.0104e-05,3.61e-06,1.641e-05,1.0125e-05,1.315e-05
1.0091e-05,3.48e-06,1.694e-05,1.0025e-05,1.265e-05
1.03e-05,2.55e-06,1.772e-05,1.0135e-05,1.186e-05
1.0055e-05,1.84e-06,1.823e-05,1.0105e-05,1.128e-05
1.0089e-05,1.63e-06,1.843e-05,1.017e-05,1.112e-05
1.0201e-05,1.76e-06,1.836e-05,1.0205e-05,1.145e-05
9.953e-06,1.9e-06,1.797e-05,1.003e-05,1.158e-05
1.0027e-05,2.4e-06,1.774e-05,1.01e-05,1.174e-05
9.94e-06,2.41e-06,1.737e-05,9.96e-06,1.15e-05
9.971e-06,2.64e-06,1.746e-05,9.91e-06,1.156e-05
1.0053e-05,2.68e-06,1.738e-05,1.002e-05,1.17e-05
9.971e-06,2.53e-06,1.748e-05,9.93e-06,1.151e-05
9.988e-06,2.47e-06,1.747e-05,1.0065e-05,1.183e-05
1.013e-05,2.55e-06,1.735e-05,1.0185e-05,1.162e-05
1.0103e-05,2.93e-06,1.711e-05,1.017e-05,1.175e-05
1.0131e-05,3.18e-06,1.684e-05,1.0185e-05,1.194e-05
9.965e-06,3.27e-06,1.659e-05,9.925e-06,1.178e-05
1.0084e-05,3.56e-06,1.66e-05,1.0365e-05,1.27e-05
1.0029e-05,3.86e-06,1.609e-05,1.0025e-05,1.243e-05
9.906e-06,4.39e-06,1.551e-05,9.91e-06,1.281e-05
9.96e-06,4.52e-06,1.537e-05,9.915e-06,1.295e-05
1.0054e-05,4.55e-06,1.555e-05,1.0095e-05,1.308e-05
9.935e-06,4.57e-06,1.529e-05,9.89e-06,1.297e-05
1.0005e-05,4.51e-06,1.544e-05,9.96e-06,1.345e-05
9.989e-06,4.68e-06,1.532e-05,1.0005e-05,1.312e-05
9.972e-06,4.68e-06,1.529e-05,9.975e-06,1.331e-05
1.0029e-05,4.78e-06,1.527e-05,1.0025e-05,1.364e-05
1.0019e-05,5.03e-06,1.497e-05,1.0045e-05,1.36e-05
1.0075e-05,5.19e-06,1.493e-05,1.011e-05,1.359e-05
1.0025e-05,4.96e-06,1.502e-05,1.002e-05,1.357e-05
9.977e-06,5.02e-06,1.487e-05,9.95e-06,1.353e-05
1.006e-05,4.66e-06,1.552e-05,9.985e-06,1.356e-05
1.0045e-05,4.71e-06,1.542e-05,1.003e-05,1.37e-05
1.0023e-05,4.58e-06,1.548e-05,1.005e-05,1.398e-05
1e-05,4.54e-06,1.548e-05,1.0095e-05,1.41e-05
9.969e-06,4.8e-06,1.522e-05,9.99e-06,1.405e-05
1.011e-05,4.47e-06,1.581e-05,1.008e-05,1.388e-05
1.0004e-05,4.21e-06,1.569e-05,1.0055e-05,1.351e-05
1.0035e-05,4.2e-06,1.582e-05,1.0115e-05,1.361e-05
1.0064e-05,4.32e-06,1.571e-05,1.012e-05,1.371e-05
9.942e-06,4.56e-06,1.537e-05,9.99e-06,1.383e-05
9.935e-06,4.76e-06,1.526e-05,9.98e-06,1.376e-05
1.0006e-05,4.82e-06,1.521e-05,9.93e-06,1.408e-05
9.991e-06,4.68e-06,1.532e-05,9.93e-06,1.425e-05
9.996e-06,4.74e-06,1.523e-05,1.0015e-05,1.425e-05
9.942e-06,4.72e-06,1.519e-05,9.86e-06,1.409e-05
9.976e-06,4.75e-06,1.523e-05,9.995e-06,1.413e-05
9.99e-06,4.82e-06,1.51e-05,1.01e-05,1.429e-05
9.959e-06,5.16e-06,1.477e-05,9.99e-06,1.428e-05
9.946e-06,5.15e-06,1.472e-05,9.935e-06,1.431e-05
9.918e-06,5.1e-06,1.481e-05,9.835e-06,1.459e-05
9.936e-06,5.01e-06,1.495e-05,9.91e-06,1.462e-05
9.934e-06,5.03e-06,1.492e-05,9.915e-06,1.492e-05
9.952e-06,5.21e-06,1.472e-05,9.93e-06,1.469e-05
9.994e-06,5.27e-06,1.469e-05,9.935e-06,1.434e-05
9.988e-06,5.28e-06,1.464e-05,1.005e-05,1.437e-05
1.0007e-05,5.19e-06,1.472e-05,1.002e-05,1.428e-05
9.987e-06,5.14e-06,1.487e-05,9.975e-06,1.437e-05
9.986e-06,5.12e-06,1.483e-05,9.94e-06,1.439e-05
1.0784e-05,4.93e-06,1.5e-05,1.172e-05,1.423e-05
9.989e-06,5.08e-06,1.497e-05,1.0035e-05,1.071e-05
9.979e-06,5e-06,1.49e-05,9.99e-06,1.056e-05
9.97e-06,4.97e-06,1.507e-05,9.94e-06,1.05e-05
9.956e-06,4.98e-06,1.504e-05,1e-05,1.072e-05
1.0014e-05,4.99e-06,1.498e-05,1.01e-05,1.085e-05
1.0032e-05,4.71e-06,1.539e-05,9.965e-06,1.061e-05
1.0075e-05,4.57e-06,1.564e-05,1.0045e-05,1.106e-05
1.0025e-05,4.56e-06,1.539e-05,1e-05,1.116e-05
1e-05,4.82e-06,1.526e-05,9.955e-06,1.112e-05
9.97e-06,4.53e-06,1.545e-05,9.895e-06,1.096e-05
9.969e-06,4.48e-06,1.556e-05,1.0075e-05,1.132e-05
9.999e-06,4.59e-06,1.538e-05,1.0035e-05,1.144e-05
9.975e-06,4.76e-06,1.511e-05,1.016e-05,1.148e-05
9.931e-06,4.77e-06,1.505e-05,9.97e-06,1.114e-05
9.971e-06,4.72e-06,1.515e-05,9.915e-06,1.13e-05
9.913e-06,4.73e-06,1.504e-05,9.92e-06,1.131e-05
1.0083e-05,5e-06,1.536e-05,9.99e-06,1.133e-05
9.961e-06,4.65e-06,1.528e-05,9.91e-06,1.139e-05
1.0022e-05,4.57e-06,1.533e-05,9.875e-06,1.107e-05
9.98e-06,4.49e-06,1.538e-05,9.98e-06,1.116e-05
9.949e-06,4.39e-06,1.558e-05,9.91e-06,1.104e-05
1.002e-05,4.47e-06,1.572e-05,9.96e-06,1.114e-05
9.993e-06,4.23e-06,1.579e-05,1.0035e-05,1.152e-05
9.955e-06,4.4e-06,1.557e-05,9.97e-06,1.181e-05
9.94e-06,4.33e-06,1.567e-05,9.94e-06,1.175e-05
9.954e-06,4.16e-06,1.589e-05,9.885e-06,1.184e-05
9.956e-06,3.95e-06,1.594e-05,9.94e-06,1.181e-05
1.0034e-05,4.05e-06,1.601e-05,1.0055e-05,1.175e-05
9.969e-06,3.92e-06,1.591e-05,1e-05,1.163e-05
9.985e-06,3.86e-06,1.598e-05,1.005e-05,1.171e-05
1.0057e-05,4.09e-06,1.58e-05,1.0145e-05,1.166e-05
9.966e-06,3.95e-06,1.588e-05,9.96e-06,1.139e-05
1.0017e-05,4.17e-06,1.58e-05,1.012e-05,1.165e-05
9.978e-06,4.26e-06,1.566e-05,9.92e-06,1.145e-05
1.0004e-05,3.99e-06,1.582e-05,9.895e-06,1.112e-05
1.0033e-05,4.31e-06,1.564e-05,1.0085e-05,1.135e-05
1.0003e-05,4.42e-06,1.544e-05,1.007e-05,1.142e-05
9.947e-06,4.5e-06,1.542e-05,9.96e-06,1.134e-05
9.981e-06,4.53e-06,1.538e-05,9.965e-06,1.167e-05
1.0023e-05,4.85e-06,1.532e-05,1.001e-05,1.192e-05
9.996e-06,4.84e-06,1.521e-05,1.0075e-05,1.215e-05
9.989e-06,4.6e-06,1.525e-05,9.895e-06,1.193e-05
1.0005e-05,5.01e-06,1.512e-05,9.98e-06,1.217e-05
9.976e-06,4.95e-06,1.505e-05,1.005e-05,1.233e-05
9.961e-06,4.89e-06,1.488e-05,1.007e-05,1.229e-05
9.989e-06,4.81e-06,1.512e-05,1.0015e-05,1.214e-05
9.987e-06,4.83e-06,1.5e-05,9.955e-06,1.233e-05
9.984e-06,4.99e-06,1.49e-05,9.975e-06,1.235e-05
9.952e-06,5.11e-06,1.475e-05,9.93e-06,1.243e-05
9.954e-06,5.03e-06,1.479e-05,1.0005e-05,1.251e-05
9.987e-06,4.89e-06,1.506e-05,9.97e-06,1.235e-05
1.0026e-05,5.19e-06,1.521e-05,9.965e-06,1.233e-05
9.929e-06,4.85e-06,1.487e-05,1.0025e-05,1.244e-05
1.0061e-05,5.02e-06,1.526e-05,1.014e-05,1.238e-05
9.982e-06,4.84e-06,1.516e-05,9.985e-06,1.23e-05
1.0038e-05,4.63e-06,1.533e-05,1.001e-05,1.247e-05
9.952e-06,4.5e-06,1.542e-05,9.945e-06,1.239e-05
1.0023e-05,4.31e-06,1.552e-05,9.91e-06,1.217e-05
1.0021e-05,4.51e-06,1.55e-05,1.0085e-05,1.241e-05
1.0118e-05,4.55e-06,1.546e-05,9.96e-06,1.176e-05
9.954e-06,4.37e-06,1.542e-05,1.0115e-05,1.182e-05
1.0015e-05,4.56e-06,1.534e-05,1.016e-05,1.206e-05
9.967e-06,4.92e-06,1.495e-05,9.96e-06,1.199e-05
1.005e-05,5.09e-06,1.52e-05,9.99e-06,1.18e-05
9.965e-06,5.07e-06,1.5e-05,9.955e-06,1.2e-05
1.0016e-05,5.08e-06,1.489e-05,1.0035e-05,1.231e-05
9.989e-06,5.23e-06,1.469e-05,1.002e-05,1.227e-05
1.0036e-05,5.4e-06,1.464e-05,1.002e-05,1.248e-05
9.984e-06,5.4e-06,1.449e-05,9.99e-06,1.249e-05
9.905e-06,5.58e-06,1.433e-05,9.98e-06,1.245e-05
9.939e-06,5.45e-06,1.445e-05,9.915e-06,1.277e-05
9.939e-06,5.61e-06,1.431e-05,9.83e-06,1.297e-05
9.962e-06,5.37e-06,1.456e-05,9.985e-06,1.32e-05
1.0011e-05,5.62e-06,1.456e-05,9.995e-06,1.314e-05
9.947e-06,5.63e-06,1.422e-05,9.945e-06,1.352e-05
1.0034e-05,5.71e-06,1.432e-05,1.0005e-05,1.369e-05
9.996e-06,5.55e-06,1.436e-05,9.98e-06,1.374e-05
1.048e-05,5.54e-06,1.806e-05,1.001e-05,1.404e-05
1.0087e-05,1.95e-06,1.826e-05,1.0155e-05,1.446e-05
1.0058e-05,1.95e-06,1.816e-05,1.0155e-05,1.483e-05
9.946e-06,1.59e-06,1.811e-05,9.91e-06,1.482e-05
1.0079e-05,1.97e-06,1.82e-05,1.028e-05,1.481e-05
9.964e-06,2.01e-06,1.798e-05,9.895e-06,1.48e-05
1.0034e-05,1.91e-06,1.799e-05,9.925e-06,1.505e-05
1.0101e-05,2.48e-06,1.783e-05,9.915e-06,1.502e-05
9.996e-06,2.36e-06,1.752e-05,1.0065e-05,1.443e-05
9.983e-06,2.26e-06,1.758e-05,9.99e-06,1.425e-05
1.0041e-05,2.17e-06,1.778e-05,1.015e-05,1.441e-05
9.994e-06,2.12e-06,1.774e-05,1.005e-05,1.42e-05
1.0032e-05,2.62e-06,1.745e-05,1.004e-05,1.41e-05
9.946e-06,2.75e-06,1.708e-05,9.92e-06,1.414e-05
1.0056e-05,3.26e-06,1.699e-05,9.98e-06,1.436e-05
9.964e-06,3.08e-06,1.682e-05,9.975e-06,1.437e-05
1.0094e-05,3.14e-06,1.684e-05,1.0015e-05,1.438e-05
1.0022e-05,3.85e-06,1.635e-05,1.009e-05,1.381e-05
9.941e-06,3.78e-06,1.608e-05,9.95e-06,1.383e-05
1.0057e-05,4.15e-06,1.593e-05,1.009e-05,1.358e-05
1.0038e-05,3.92e-06,1.612e-05,1.004e-05,1.345e-05
9.964e-06,3.91e-06,1.598e-05,1e-05,1.318e-05
9.98e-06,4.09e-06,1.581e-05,9.94e-06,1.327e-05
9.944e-06,4.18e-06,1.582e-05,9.985e-06,1.358e-05
9.954e-06,4.16e-06,1.57e-05,9.935e-06,1.364e-05
9.956e-06,4.18e-06,1.571e-05,9.965e-06,1.36e-05
9.974e-06,4.25e-06,1.562e-05,9.965e-06,1.349e-05
9.901e-06,4.11e-06,1.576e-05,9.92e-06,1.339e-05
9.998e-06,3.88e-06,1.616e-05,1.013e-05,1.354e-05
9.913e-06,3.86e-06,1.601e-05,9.95e-06,1.329e-05
1.0162e-05,3.79e-06,1.665e-05,1.0215e-05,1.326e-05
1.0172e-05,3.28e-06,1.681e-05,1.0095e-05,1.287e-05
9.968e-06,3.06e-06,1.686e-05,9.985e-06,1.242e-05
9.984e-06,2.92e-06,1.691e-05,1.003e-05,1.247e-05
9.931e-06,2.97e-06,1.682e-05,9.975e-06,1.234e-05
9.913e-06,3.1e-06,1.677e-05,9.945e-06,1.247e-05
1.0025e-05,3.12e-06,1.692e-05,9.99e-06,1.233e-05
9.985e-06,2.97e-06,1.705e-05,1.0065e-05,1.237e-05
9.986e-06,2.71e-06,1.719e-05,1.0175e-05,1.263e-05
9.94e-06,3.19e-06,1.683e-05,9.96e-06,1.255e-05
9.918e-06,3.31e-06,1.662e-05,1.005e-05,1.272e-05
9.98e-06,3.31e-06,1.657e-05,9.985e-06,1.281e-05
9.961e-06,3.21e-06,1.66e-05,9.98e-06,1.273e-05
1.0047e-05,3.34e-06,1.685e-05,1.0195e-05,1.304e-05
9.975e-06,3.34e-06,1.654e-05,1.002e-05,1.299e-05
1.0006e-05,3.5e-06,1.645e-05,9.99e-06,1.283e-05
1.0017e-05,3.45e-06,1.655e-05,1.0145e-05,1.293e-05
1.0085e-05,3.48e-06,1.648e-05,1.006e-05,1.277e-05
1e-05,3.42e-06,1.648e-05,1.004e-05,1.271e-05
9.965e-06,3.47e-06,1.649e-05,9.885e-06,1.272e-05
1.0006e-05,3.21e-06,1.671e-05,1.002e-05,1.271e-05
9.981e-06,3.39e-06,1.667e-05,1.002e-05,1.304e-05
1.002e-05,3.27e-06,1.658e-05,9.925e-06,1.264e-05
9.925e-06,3.23e-06,1.66e-05,9.955e-06,1.267e-05
9.97e-06,3.29e-06,1.656e-05,1.006e-05,1.285e-05
1.0001e-05,3.28e-06,1.671e-05,1.0005e-05,1.269e-05
9.999e-06,3.21e-06,1.674e-05,9.98e-06,1.254e-05
9.985e-06,3.18e-06,1.672e-05,9.94e-06,1.25e-05
9.957e-06,3.11e-06,1.693e-05,9.985e-06,1.238e-05
9.96e-06,2.98e-06,1.696e-05,1.001e-05,1.24e-05
1.0066e-05,2.72e-06,1.739e-05,1.0075e-05,1.207e-05
1.5317e-05,6.91e-06,2.321e-05,1.5155e-05,1.662e-05
1.0334e-05,1.57e-06,1.896e-05,1.0395e-05,1.126e-05
9.969e-06,1.4e-06,1.855e-05,1.0165e-05,1.103e-05
1.009e-05,1.6e-06,1.858e-05,1.009e-05,1.103e-05
1.0061e-05,1.68e-06,1.819e-05,1.01e-05,1.129e-05
9.97e-06,1.96e-06,1.795e-05,1.001e-05,1.14e-05
1.0023e-05,1.96e-06,1.813e-05,1.003e-05,1.139e-05
9.925e-06,1.61e-06,1.822e-05,9.97e-06,1.105e-05
9.945e-06,1.58e-06,1.835e-05,9.98e-06,1.088e-05
1.0012e-05,1.9e-06,1.816e-05,1.0145e-05,1.101e-05
9.941e-06,1.72e-06,1.812e-05,1.0035e-05,1.098e-05
9.973e-06,1.61e-06,1.831e-05,1.012e-05,1.106e-05
1.001e-05,1.71e-06,1.831e-05,1.0015e-05,1.109e-05
1.0035e-05,2.09e-06,1.823e-05,9.98e-06,1.128e-05
1.0031e-05,1.89e-06,1.822e-05,1.003e-05,1.134e-05
1.003e-05,1.67e-06,1.827e-05,1.003e-05,1.115e-05
9.921e-06,1.89e-06,1.807e-05,9.925e-06,1.105e-05
9.972e-06,1.86e-06,1.801e-05,1.0145e-05,1.115e-05
9.916e-06,1.68e-06,1.82e-05,9.985e-06,1.094e-05
9.924e-06,1.68e-06,1.817e-05,9.93e-06,1.088e-05
1.0002e-05,2.01e-06,1.816e-05,9.96e-06,1.114e-05
9.885e-06,1.82e-06,1.787e-05,9.965e-06,1.132e-05
9.895e-06,1.94e-06,1.807e-05,9.95e-06,1.134e-05
9.981e-06,1.86e-06,1.794e-05,9.96e-06,1.123e-05
9.908e-06,1.89e-06,1.79e-05,9.885e-06,1.105e-05
1.0046e-05,2.27e-06,1.796e-05,1.0025e-05,1.146e-05
9.914e-06,2.14e-06,1.784e-05,9.96e-06,1.157e-05
9.948e-06,1.97e-06,1.791e-05,9.985e-06,1.13e-05
9.924e-06,1.9e-06,1.786e-05,9.94e-06,1.138e-05
9.966e-06,1.92e-06,1.804e-05,9.975e-06,1.127e-05
9.994e-06,2.02e-06,1.816e-05,9.98e-06,1.128e-05
1.0084e-05,1.81e-06,1.827e-05,1.018e-05,1.144e-05
9.969e-06,1.89e-06,1.797e-05,1.0055e-05,1.144e-05
9.995e-06,2.05e-06,1.79e-05,1.0045e-05,1.162e-05
9.956e-06,2.13e-06,1.78e-05,9.985e-06,1.157e-05
9.971e-06,2.09e-06,1.77e-05,9.985e-06,1.163e-05
1.0006e-05,2.25e-06,1.761e-05,9.94e-06,1.155e-05
9.937e-06,2.15e-06,1.782e-05,9.995e-06,1.148e-05
9.94e-06,2.14e-06,1.8e-05,9.875e-06,1.141e-05
1.0021e-05,1.42e-06,1.84e-05,9.995e-06,1.089e-05
1.0011e-05,1.45e-06,1.845e-05,1.015e-05,1.109e-05
1.008e-05,1.65e-06,1.841e-05,1.012e-05,1.116e-05
9.98e-06,1.52e-06,1.846e-05,9.965e-06,1.086e-05
1.0104e-05,1.43e-06,1.879e-05,1.018e-05,1.101e-05
1.0134e-05,1.55e-06,1.846e-05,1.025e-05,1.122e-05
1.0048e-05,3.58e-06,1.656e-05,9.97e-06,6.29e-06
1.0046e-05,3.64e-06,1.641e-05,1.007e-05,6.1e-06
1.004e-05,3.64e-06,1.658e-05,9.955e-06,6.29e-06
9.996e-06,3.45e-06,1.63e-05,9.99e-06,6.18e-06
1.0076e-05,4.14e-06,1.596e-05,1.0035e-05,6.26e-06
1.0124e-05,4.29e-06,1.583e-05,1.02e-05,6.48e-06
1.0056e-05,4.9e-06,1.516e-05,1.001e-05,6.46e-06
1.0029e-05,4.88e-06,1.508e-05,9.89e-06,6.34e-06
1e-05,4.88e-06,1.491e-05,1.004e-05,6.31e-06
1.0022e-05,5.32e-06,1.472e-05,1.004e-05,6.57e-06
1.0034e-05,5.22e-06,1.49e-05,9.975e-06,6.82e-06
1e-05,5.27e-06,1.459e-05,9.97e-06,6.53e-06
1.0045e-05,5.67e-06,1.42e-05,1.005e-05,6.63e-06
1.0025e-05,6.19e-06,1.398e-05,9.98e-06,7.03e-06
1.0062e-05,6.21e-06,1.385e-05,9.99e-06,7.17e-06
1.0063e-05,6.18e-06,1.381e-05,1.019e-05,7.03e-06
1.0024e-05,6.62e-06,1.345e-05,1.002e-05,6.97e-06
1.0055e-05,6.78e-06,1.338e-05,1.003e-05,6.88e-06
1.0059e-05,6.84e-06,1.332e-05,1.003e-05,6.84e-06
9.977e-06,6.62e-06,1.352e-05,9.975e-06,6.62e-06
1.0115e-05,6.31e-06,1.368e-05,1.0065e-05,6.31e-06
1.0071e-05,6.63e-06,1.347e-05,1.0055e-05,6.63e-06
1.0151e-05,6.62e-06,1.351e-05,1.019e-05,6.62e-06
1.004e-05,6.58e-06,1.331e-05,9.975e-06,6.58e-06
1.0043e-05,6.75e-06,1.334e-05,1.009e-05,6.75e-06
1.0328e-05,6.41e-06,1.396e-05,1.0395e-05,7.48e-06
1.097e-05,6.35e-06,1.425e-05,1.193e-05,1.156e-05
1.0142e-05,8.74e-06,1.143e-05,1.005e-05,1.143e-05
1.0094e-05,8.34e-06,1.17e-05,1.0165e-05,1.17e-05
1.0095e-05,8.53e-06,1.146e-05,1.0165e-05,1.146e-05
1.0116e-05,8.45e-06,1.163e-05,1.03e-05,1.163e-05
1.013e-05,8.37e-06,1.181e-05,1.0225e-05,1.181e-05
1.004e-05,8.26e-06,1.189e-05,9.995e-06,1.189e-05
1.0101e-05,7.84e-06,1.209e-05,1.016e-05,1.209e-05
1.0001e-05,7.93e-06,1.215e-05,9.99e-06,1.215e-05
1.0066e-05,7.78e-06,1.223e-05,1.008e-05,1.223e-05
1.0211e-05,8.22e-06,1.222e-05,1.002e-05,1.222e-05
9.979e-06,8.35e-06,1.159e-05,1.0025e-05,1.159e-05
9.949e-06,8.12e-06,1.197e-05,9.95e-06,1.197e-05
1.005e-05,7.94e-06,1.204e-05,1.0025e-05,1.204e-05
9.954e-06,8.02e-06,1.188e-05,9.915e-06,1.188e-05
1.0054e-05,7.91e-06,1.239e-05,1.005e-05,1.239e-05
1.005e-05,7.75e-06,1.234e-05,1.007e-05,1.234e-05
1.007e-05,8.03e-06,1.23e-05,1.009e-05,1.23e-05
1.0112e-05,7.56e-06,1.255e-05,1.014e-05,1.255e-05
1.0089e-05,7.39e-06,1.259e-05,1.0155e-05,1.259e-05
9.979e-06,7.79e-06,1.227e-05,9.905e-06,1.227e-05
9.972e-06,7.86e-06,1.225e-05,9.895e-06,1.225e-05
9.99e-06,7.7e-06,1.226e-05,9.925e-06,1.226e-05
1.0069e-05,7.66e-06,1.243e-05,9.96e-06,1.243e-05
1.0033e-05,7.68e-06,1.241e-05,9.99e-06,1.241e-05
1.0044e-05,7.6e-06,1.239e-05,1.013e-05,1.239e-05
1.0142e-05,7.58e-06,1.237e-05,1.0305e-05,1.237e-05
1.0076e-05,7.66e-06,1.233e-05,1.0085e-05,1.233e-05
1.0017e-05,8.07e-06,1.207e-05,1.0035e-05,1.207e-05
0.00011773,1.78e-06,0.00013603,0.000134355,0.00013574
1.0071e-05,1.42e-06,1.861e-05,1.024e-05,1.115e-05
1.0165e-05,2.1e-06,1.813e-05,1.0145e-05,1.15e-05
1.005e-05,2.83e-06,1.712e-05,1.022e-05,1.227e-05
1.0045e-05,3.21e-06,1.674e-05,1.016e-05,1.227e-05
1.0026e-05,3.7e-06,1.646e-05,1.0065e-05,1.243e-05
9.985e-06,3.78e-06,1.614e-05,9.96e-06,1.247e-05
9.995e-06,3.5e-06,1.642e-05,9.91e-06,1.24e-05
1.0065e-05,3.47e-06,1.664e-05,9.95e-06,1.246e-05
1.0005e-05,3.51e-06,1.656e-05,9.9e-06,1.23e-05
1.0129e-05,2.83e-06,1.723e-05,1.0005e-05,1.298e-05
1.0096e-05,3.5e-06,1.662e-05,9.965e-06,1.357e-05
9.971e-06,3.21e-06,1.684e-05,9.88e-06,1.373e-05
1.0128e-05,2.89e-06,1.723e-05,9.985e-06,1.417e-05
1.0006e-05,2.7e-06,1.727e-05,9.775e-06,1.4e-05
9.926e-06,2.57e-06,1.738e-05,9.79e-06,1.395e-05
9.987e-06,2.62e-06,1.75e-05,9.905e-06,1.396e-05
1.0083e-05,2.62e-06,1.756e-05,9.93e-06,1.42e-05
1.0019e-05,2.56e-06,1.758e-05,9.97e-06,1.447e-05
1.0015e-05,2.21e-06,1.784e-05,9.91e-06,1.469e-05
9.932e-06,2e-06,1.8e-05,9.78e-06,1.443e-05
1.0044e-05,1.91e-06,1.822e-05,9.945e-06,1.452e-05
9.994e-06,1.54e-06,1.851e-05,9.76e-06,1.475e-05
9.977e-06,1.47e-06,1.866e-05,9.855e-06,1.473e-05
9.999e-06,1.18e-06,1.884e-05,1.0005e-05,1.475e-05
9.991e-06,1.05e-06,1.897e-05,9.85e-06,1.493e-05
1.0014e-05,1.17e-06,1.896e-05,9.99e-06,1.493e-05
1.0066e-05,1.1e-06,1.913e-05,9.925e-06,1.51e-05
1.0241e-05,1.44e-06,1.921e-05,1.006e-05,1.555e-05
1.0071e-05,1.59e-06,1.866e-05,9.985e-06,1.562e-05
1.0045e-05,1.53e-06,1.869e-05,9.97e-06,1.55e-05
1.0056e-05,1.15e-06,1.901e-05,9.96e-06,1.519e-05
1.0053e-05,1.18e-06,1.904e-05,9.995e-06,1.509e-05
1.0003e-05,1.01e-06,1.899e-05,9.865e-06,1.516e-05
1.0088e-05,1.32e-06,1.911e-05,1.0065e-05,1.497e-05
1.018e-05,8.8e-07,1.942e-05,1.0155e-05,1.503e-05
1.0119e-05,1.03e-06,1.923e-05,9.99e-06,1.511e-05
1.0188e-05,1.06e-06,1.932e-05,1.009e-05,1.524e-05
9.954e-06,9.8e-07,1.902e-05,9.9e-06,1.499e-05
1.0236e-05,1.11e-06,1.956e-05,1.025e-05,1.523e-05
1.0175e-05,1.09e-06,1.938e-05,1.021e-05,1.471e-05
1.0304e-05,1.04e-06,1.946e-05,1.015e-05,1.551e-05
1.0191e-05,1.17e-06,1.934e-05,1.003e-05,1.535e-05
1.0272e-05,1.21e-06,1.947e-05,1.018e-05,1.532e-05
1.0054e-05,9.7e-07,1.908e-05,9.905e-06,1.502e-05
1.0336e-05,8.9e-07,1.965e-05,1.023e-05,1.507e-05
1.0076e-05,1.34e-06,1.909e-05,1.014e-05,1.492e-05
1.0004e-05,1.26e-06,1.878e-05,9.89e-06,1.486e-05
1.0059e-05,1.57e-06,1.886e-05,1.0065e-05,1.443e-05
1.0086e-05,1.64e-06,1.895e-05,1.0015e-05,1.438e-05
1.0686e-05,1.03e-06,1.985e-05,1.0785e-05,1.54e-05
1.0315e-05,1.12e-06,1.944e-05,1.009e-05,1.554e-05
1.0066e-05,1.37e-06,1.891e-05,1.0035e-05,1.543e-05
1.0228e-05,1.79e-06,1.879e-05,1.0195e-05,1.585e-05
9.981e-06,1.9e-06,1.821e-05,9.88e-06,1.585e-05
9.995e-06,1.98e-06,1.794e-05,9.93e-06,1.575e-05
1.0067e-05,2.59e-06,1.802e-05,1.007e-05,1.575e-05
1.0004e-05,2.67e-06,1.749e-05,9.855e-06,1.589e-05
1.0026e-05,2.58e-06,1.75e-05,9.93e-06,1.581e-05
9.991e-06,2.45e-06,1.765e-05,9.95e-06,1.596e-05
1.0018e-05,2.3e-06,1.796e-05,9.96e-06,1.584e-05
1.0044e-05,2.24e-06,1.769e-05,9.95e-06,1.594e-05
1.0036e-05,2.85e-06,1.742e-05,9.895e-06,1.606e-05
1.0082e-05,2.96e-06,1.746e-05,9.96e-06,1.625e-05
1.0027e-05,2.82e-06,1.742e-05,1.0015e-05,1.646e-05
1.0009e-05,2.63e-06,1.735e-05,9.84e-06,1.657e-05
1.0029e-05,2.39e-06,1.775e-05,9.975e-06,1.628e-05
1.051e-05,2.3e-06,1.885e-05,1.052e-05,1.682e-05
1.0152e-05,2.31e-06,1.795e-05,9.935e-06,1.659e-05
1.0066e-05,2.11e-06,1.79e-05,9.915e-06,1.593e-05
1.003e-05,2.39e-06,1.775e-05,9.935e-06,1.594e-05
1.0014e-05,1.99e-06,1.809e-05,9.94e-06,1.585e-05
1.0016e-05,1.82e-06,1.83e-05,1.0035e-05,1.562e-05
1.0052e-05,1.83e-06,1.84e-05,1.007e-05,1.581e-05
1.0046e-05,1.91e-06,1.809e-05,9.98e-06,1.593e-05
1.0119e-05,1.73e-06,1.862e-05,1.01e-05,1.575e-05
9.961e-06,1.6e-06,1.834e-05,9.825e-06,1.56e-05
1.0049e-05,1.66e-06,1.849e-05,9.875e-06,1.552e-05
1.0062e-05,1.98e-06,1.829e-05,9.945e-06,1.528e-05
1.0169e-05,1.91e-06,1.825e-05,1.004e-05,1.586e-05
1.0058e-05,2.56e-06,1.77e-05,1.0025e-05,1.577e-05
1.0104e-05,2.23e-06,1.781e-05,1.002e-05,1.602e-05
1.004e-05,2.39e-06,1.774e-05,9.965e-06,1.581e-05
1.0027e-05,2.29e-06,1.773e-05,9.97e-06,1.594e-05
1.0012e-05,2.73e-06,1.759e-05,9.845e-06,1.615e-05
1.0055e-05,2.46e-06,1.754e-05,9.94e-06,1.661e-05
9.974e-06,2.75e-06,1.728e-05,9.915e-06,1.657e-05
1.0024e-05,3.18e-06,1.71e-05,9.955e-06,1.656e-05
1.0051e-05,2.79e-06,1.751e-05,1.01e-05,1.661e-05
1.0076e-05,2.3e-06,1.788e-05,1.002e-05,1.619e-05
9.971e-06,2.42e-06,1.759e-05,9.935e-06,1.609e-05
1.0119e-05,2.24e-06,1.819e-05,1.001e-05,1.63e-05
1.0074e-05,1.6e-06,1.851e-05,1.0005e-05,1.559e-05
1.0042e-05,1.47e-06,1.86e-05,9.97e-06,1.547e-05
1.0006e-05,1.56e-06,1.864e-05,9.955e-06,1.545e-05
1.0018e-05,1.44e-06,1.864e-05,9.95e-06,1.537e-05
1.0186e-05,1.92e-06,1.867e-05,1.023e-05,1.575e-05
1.0238e-05,2.39e-06,1.817e-05,1.0135e-05,1.66e-05
1.0077e-05,3.09e-06,1.721e-05,1.0055e-05,1.666e-05
9.958e-06,3.26e-06,1.684e-05,9.89e-06,1.66e-05
1.0079e-05,3.32e-06,1.718e-05,9.92e-06,1.718e-05
1.0056e-05,3.06e-06,1.71e-05,9.955e-06,1.71e-05
1.0091e-05,3.25e-06,1.708e-05,1.004e-05,1.691e-05
1.0058e-05,3.25e-06,1.687e-05,1.0095e-05,1.687e-05
1.0026e-05,3.02e-06,1.699e-05,9.94e-06,1.666e-05
1.0082e-05,3.13e-06,1.713e-05,1.002e-05,1.639e-05
1.0037e-05,2.76e-06,1.739e-05,9.995e-06,1.645e-05
9.971e-06,2.67e-06,1.737e-05,9.785e-06,1.66e-05
1.0076e-05,2.65e-06,1.768e-05,1.011e-05,1.65e-05
1.0039e-05,2.2e-06,1.787e-05,9.83e-06,1.625e-05
9.989e-06,2.42e-06,1.752e-05,9.97e-06,1.602e-05
9.969e-06,2.55e-06,1.728e-05,9.885e-06,1.578e-05
1.0164e-05,2.92e-06,1.765e-05,1.014e-05,1.582e-05
1.0035e-05,2.59e-06,1.753e-05,1.0035e-05,1.551e-05
1.0028e-05,1.89e-06,1.811e-05,9.915e-06,1.553e-05
9.998e-06,2.09e-06,1.787e-05,9.91e-06,1.573e-05
1.0119e-05,1.94e-06,1.857e-05,1.013e-05,1.58e-05
1.0054e-05,1.42e-06,1.862e-05,9.94e-06,1.557e-05
1.0054e-05,1.52e-06,1.871e-05,9.91e-06,1.551e-05
1.0155e-05,1.53e-06,1.897e-05,1.01e-05,1.538e-05
9.964e-06,1.16e-06,1.894e-05,9.905e-06,1.485e-05
1.0049e-05,9.8e-07,1.911e-05,9.895e-06,1.52e-05
9.95e-06,1.31e-06,1.872e-05,9.865e-06,1.509e-05
1.0049e-05,1.16e-06,1.91e-05,9.98e-06,1.511e-05
1.0594e-05,8.5e-07,2.043e-05,1.047e-05,1.517e-05
1.0165e-05,9.5e-07,1.937e-05,1e-05,1.503e-05
1.0078e-05,9.1e-07,1.931e-05,9.975e-06,1.491e-05
1.0033e-05,1.09e-06,1.905e-05,9.9e-06,1.504e-05
1.0129e-05,1.08e-06,1.919e-05,1.01e-05,1.514e-05
1.0096e-05,1e-06,1.923e-05,1.0005e-05,1.525e-05
1.0065e-05,9.5e-07,1.916e-05,1.0005e-05,1.512e-05
1.0112e-05,1.1e-06,1.925e-05,1.0005e-05,1.526e-05
1.004e-05,1.14e-06,1.885e-05,9.915e-06,1.505e-05
4.13e-05,1.62e-06,0.00013482,1.2495e-05,0.00013421
1.0154e-05,1.57e-06,1.853e-05,1.0195e-05,9.67e-06
1.011e-05,1.76e-06,1.821e-05,1.0215e-05,9.59e-06
1.009e-05,2.56e-06,1.763e-05,1.007e-05,9.55e-06
1.0041e-05,2.87e-06,1.695e-05,1.0175e-05,9.75e-06
1.0034e-05,3.29e-06,1.675e-05,1.018e-05,9.83e-06
2.0826e-05,3.53e-06,3.572e-05,2.1785e-05,3.572e-05
1.0091e-05,1.48e-06,1.876e-05,1.0055e-05,1.876e-05
1.0134e-05,1.22e-06,1.904e-05,1.017e-05,1.904e-05
1.0075e-05,1.39e-06,1.892e-05,9.92e-06,1.892e-05
1.001e-05,1.49e-06,1.866e-05,1.0045e-05,1.866e-05
1.0049e-05,1.64e-06,1.865e-05,1.0015e-05,1.865e-05
1.0113e-05,1.65e-06,1.863e-05,1.0095e-05,1.863e-05
1.0046e-05,1.44e-06,1.862e-05,9.945e-06,1.862e-05
9.992e-06,1.46e-06,1.876e-05,9.93e-06,1.876e-05
9.964e-06,1.37e-06,1.873e-05,9.905e-06,1.873e-05
1.0045e-05,1.22e-06,1.91e-05,1.0115e-05,1.91e-05
1.007e-05,1.19e-06,1.889e-05,1.0015e-05,1.889e-05
9.969e-06,1.27e-06,1.873e-05,9.945e-06,1.873e-05
1.0038e-05,1.6e-06,1.863e-05,1.0005e-05,1.863e-05
1.0094e-05,1.5e-06,1.893e-05,1.02e-05,1.893e-05
1.0022e-05,9.7e-07,1.916e-05,1.003e-05,1.916e-05
1.005e-05,1.17e-06,1.925e-05,9.89e-06,1.925e-05
1.0136e-05,9.3e-07,1.926e-05,1.0095e-05,1.926e-05
1.0061e-05,1.25e-06,1.914e-05,1.0065e-05,1.914e-05
1.004e-05,1.13e-06,1.892e-05,1.001e-05,1.892e-05
1.0114e-05,1.03e-06,1.921e-05,1.0005e-05,1.921e-05
1.0139e-05,1.26e-06,1.93e-05,1.0095e-05,1.93e-05
1.0125e-05,1.5e-06,1.899e-05,1.009e-05,1.899e-05
9.999e-06,1.43e-06,1.876e-05,9.885e-06,1.876e-05
9.992e-06,1.26e-06,1.878e-05,9.9e-06,1.878e-05
1.0039e-05,1.61e-06,1.882e-05,1.007e-05,1.882e-05
1.0101e-05,1.58e-06,1.906e-05,1.0075e-05,1.906e-05
1.0121e-05,1.25e-06,1.903e-05,9.975e-06,1.903e-05
1.0091e-05,1.31e-06,1.894e-05,9.99e-06,1.894e-05
1.0169e-05,1.1e-06,1.975e-05,9.945e-06,1.975e-05
1.009e-05,1.06e-06,1.911e-05,1.0005e-05,1.911e-05
1.0027e-05,1.4e-06,1.886e-05,9.995e-06,1.886e-05
1.0052e-05,1.56e-06,1.867e-05,1.0015e-05,1.867e-05
1.0019e-05,1.72e-06,1.856e-05,9.915e-06,1.856e-05
1.007e-05,1.85e-06,1.836e-05,1.019e-05,1.836e-05
9.98e-06,1.58e-06,1.84e-05,1.007e-05,1.84e-05
1.0724e-05,1.15e-06,1.998e-05,1.0375e-05,1.998e-05
1.0052e-05,1.07e-06,1.917e-05,1.001e-05,1.917e-05
1.0032e-05,1.17e-06,1.912e-05,1.0075e-05,1.912e-05
1.0074e-05,1.17e-06,1.907e-05,1.0015e-05,1.907e-05
9.999e-06,1.34e-06,1.881e-05,9.975e-06,1.881e-05
1.0094e-05,1.27e-06,1.895e-05,1.011e-05,1.895e-05
1.008e-05,1.42e-06,1.893e-05,1.0135e-05,1.893e-05
1.0086e-05,1.51e-06,1.878e-05,9.98e-06,1.878e-05
9.954e-06,1.65e-06,1.854e-05,9.855e-06,1.854e-05
1.0091e-05,1.66e-06,1.863e-05,1.0075e-05,1.863e-05
1.0032e-05,1.46e-06,1.864e-05,1.0075e-05,1.864e-05
9.991e-06,1.32e-06,1.886e-05,9.89e-06,1.886e-05
1.005e-05,1.19e-06,1.89e-05,1.0055e-05,1.89e-05
1.0098e-05,1.73e-06,1.873e-05,1.0125e-05,1.873e-05
1.0333e-05,2.29e-06,1.852e-05,1.0355e-05,1.852e-05
9.98e-06,2.54e-06,1.775e-05,9.9e-06,1.775e-05
1e-05,2.77e-06,1.759e-05,1.0015e-05,1.759e-05
1.0031e-05,2.57e-06,1.754e-05,9.905e-06,1.754e-05
9.987e-06,2.59e-06,1.764e-05,9.93e-06,1.764e-05
1.0039e-05,3.05e-06,1.715e-05,9.97e-06,1.715e-05
1.0076e-05,2.89e-06,1.736e-05,1.007e-05,1.736e-05
1.0072e-05,2.95e-06,1.759e-05,9.97e-06,1.759e-05
1.0011e-05,2.82e-06,1.728e-05,1.0045e-05,1.728e-05
1.0031e-05,2.87e-06,1.756e-05,1.0185e-05,1.756e-05
9.936e-06,2.59e-06,1.758e-05,9.895e-06,1.758e-05
1.0011e-05,2.16e-06,1.789e-05,9.895e-06,1.789e-05
1.002e-05,2.31e-06,1.793e-05,9.98e-06,1.793e-05
1.0024e-05,2.33e-06,1.789e-05,9.99e-06,1.789e-05
9.99e-06,2.18e-06,1.783e-05,9.98e-06,1.783e-05
1.0006e-05,2.44e-06,1.788e-05,9.905e-06,1.788e-05
1.0029e-05,2.34e-06,1.783e-05,1.001e-05,1.783e-05
1.003e-05,2.14e-06,1.817e-05,9.965e-06,1.817e-05
1.0012e-05,1.66e-06,1.84e-05,9.96e-06,1.84e-05
1.0016e-05,1.87e-06,1.807e-05,9.92e-06,1.807e-05
1.002e-05,1.97e-06,1.808e-05,1.004e-05,1.808e-05
1.0022e-05,2.16e-06,1.793e-05,9.975e-06,1.793e-05
9.985e-06,2.36e-06,1.765e-05,9.93e-06,1.765e-05
1.0019e-05,2.4e-06,1.779e-05,9.935e-06,1.779e-05
1.0114e-05,2.09e-06,1.813e-05,1.006e-05,1.813e-05
1.0042e-05,2.15e-06,1.808e-05,1.0025e-05,1.808e-05
9.956e-06,2.16e-06,1.79e-05,9.875e-06,1.79e-05
1.0061e-05,2.25e-06,1.776e-05,9.91e-06,1.776e-05
1.0015e-05,2.48e-06,1.766e-05,9.975e-06,1.766e-05
1.0074e-05,2.46e-06,1.777e-05,1.007e-05,1.777e-05
1.0051e-05,2.77e-06,1.75e-05,1e-05,1.75e-05
1.0064e-05,2.9e-06,1.73e-05,9.99e-06,1.73e-05
1.0075e-05,3.11e-06,1.725e-05,1.0165e-05,1.725e-05
9.975e-06,2.99e-06,1.694e-05,9.955e-06,1.694e-05
1.0085e-05,3.07e-06,1.71e-05,1.012e-05,1.71e-05
1.0092e-05,2.93e-06,1.728e-05,1.0025e-05,1.728e-05
1.0026e-05,3e-06,1.716e-05,9.955e-06,1.691e-05
1.0057e-05,3.15e-06,1.724e-05,9.995e-06,1.686e-05
1.0025e-05,2.99e-06,1.711e-05,9.9e-06,1.687e-05
1.001e-05,3.02e-06,1.72e-05,9.995e-06,1.686e-05
1.0079e-05,2.72e-06,1.726e-05,9.93e-06,1.68e-05
1.0027e-05,2.83e-06,1.731e-05,1.0005e-05,1.66e-05
1.0021e-05,2.5e-06,1.762e-05,9.94e-06,1.641e-05
1.0034e-05,2.6e-06,1.764e-05,1.003e-05,1.626e-05
1.0035e-05,2.7e-06,1.766e-05,9.965e-06,1.638e-05
1.0184e-05,2.88e-06,1.766e-05,1.027e-05,1.664e-05
1.003e-05,2.8e-06,1.742e-05,9.95e-06,1.655e-05
1.0037e-05,2.47e-06,1.771e-05,9.92e-06,1.642e-05
1.0074e-05,2.25e-06,1.783e-05,9.955e-06,1.627e-05
9.999e-06,2.3e-06,1.776e-05,9.865e-06,1.602e-05
9.985e-06,2.1e-06,1.77e-05,1.003e-05,1.575e-05
1.0026e-05,2.48e-06,1.745e-05,9.945e-06,1.58e-05
1e-05,2.62e-06,1.75e-05,9.93e-06,1.584e-05
1.0128e-05,2.82e-06,1.745e-05,1.0065e-05,1.626e-05
1.0062e-05,3.13e-06,1.727e-05,9.97e-06,1.623e-05
1.0004e-05,2.76e-06,1.731e-05,9.94e-06,1.618e-05
1.005e-05,2.75e-06,1.756e-05,9.95e-06,1.611e-05
1.0115e-05,2.85e-06,1.737e-05,1.0005e-05,1.659e-05
9.974e-06,2.53e-06,1.755e-05,9.935e-06,1.629e-05
1.0081e-05,2.64e-06,1.76e-05,1.009e-05,1.645e-05
1.0057e-05,2.78e-06,1.74e-05,9.975e-06,1.644e-05
1.0027e-05,2.77e-06,1.741e-05,1.003e-05,1.633e-05
1.002e-05,2.69e-06,1.746e-05,9.935e-06,1.643e-05
1.0095e-05,2.8e-06,1.743e-05,1.0075e-05,1.665e-05
1.0021e-05,2.85e-06,1.712e-05,9.925e-06,1.644e-05
9.978e-06,3.1e-06,1.687e-05,9.905e-06,1.659e-05
1.0042e-05,3.13e-06,1.707e-05,9.98e-06,1.668e-05
1.0067e-05,3.23e-06,1.688e-05,1.0035e-05,1.688e-05
1.0009e-05,3.25e-06,1.685e-05,9.985e-06,1.685e-05
1.002e-05,3.28e-06,1.685e-05,9.895e-06,1.685e-05
1.0199e-05,2.96e-06,1.755e-05,1.013e-05,1.755e-05
9.995e-06,2.9e-06,1.729e-05,9.995e-06,1.729e-05
1.0069e-05,3.12e-06,1.713e-05,1.0125e-05,1.713e-05
9.981e-06,2.87e-06,1.715e-05,9.95e-06,1.715e-05
1.0095e-05,2.86e-06,1.707e-05,1.001e-05,1.707e-05
9.996e-06,2.9e-06,1.718e-05,9.975e-06,1.718e-05
1.001e-05,3.08e-06,1.704e-05,9.97e-06,1.704e-05
1.004e-05,3.09e-06,1.701e-05,1.0015e-05,1.701e-05
1.0097e-05,3.24e-06,1.712e-05,1.003e-05,1.695e-05
9.985e-06,3.32e-06,1.688e-05,9.89e-06,1.663e-05
1.0046e-05,3.16e-06,1.7e-05,9.845e-06,1.651e-05
9.941e-06,2.83e-06,1.709e-05,9.905e-06,1.621e-05
9.986e-06,2.99e-06,1.715e-05,9.875e-06,1.655e-05
1.021e-05,2.11e-06,1.844e-05,1.018e-05,1.605e-05
1.0197e-05,1.59e-06,1.926e-05,1.008e-05,1.524e-05
1.0062e-05,1.1e-06,1.907e-05,9.965e-06,1.5e-05
1.0053e-05,1.43e-06,1.902e-05,9.925e-06,1.45e-05
9.986e-06,1.54e-06,1.856e-05,9.85e-06,1.455e-05
1.0103e-05,1.17e-06,1.897e-05,1.0025e-05,1.496e-05
9.966e-06,1.37e-06,1.862e-05,9.88e-06,1.499e-05
1.0149e-05,1.57e-06,1.905e-05,9.98e-06,1.516e-05
1.0201e-05,1.41e-06,1.914e-05,1.0305e-05,1.497e-05
1.0048e-05,1.34e-06,1.886e-05,9.86e-06,1.463e-05
1.0104e-05,1.13e-06,1.89e-05,1.011e-05,1.478e-05
1.0156e-05,1.3e-06,1.891e-05,1.0035e-05,1.474e-05
1.0026e-05,1.39e-06,1.877e-05,9.905e-06,1.477e-05
1.0026e-05,1.16e-06,1.894e-05,9.89e-06,1.49e-05
1.0025e-05,1.55e-06,1.878e-05,9.93e-06,1.501e-05
9.946e-06,1.68e-06,1.831e-05,9.905e-06,1.503e-05
1.005e-05,1.51e-06,1.868e-05,1.0015e-05,1.493e-05
1.006e-05,1.36e-06,1.903e-05,9.985e-06,1.492e-05
1.0178e-05,1.06e-06,1.908e-05,1.0035e-05,1.542e-05
1.0201e-05,1.34e-06,1.91e-05,1.0105e-05,1.535e-05
1.022e-05,1.62e-06,1.91e-05,1.03e-05,1.511e-05
1.0121e-05,1.42e-06,1.883e-05,9.985e-06,1.523e-05
1.0154e-05,1.17e-06,1.927e-05,1.0205e-05,1.512e-05
1.007e-05,1.17e-06,1.906e-05,9.93e-06,1.475e-05
1.002e-05,1.39e-06,1.864e-05,1.0005e-05,1.493e-05
9.978e-06,1.47e-06,1.853e-05,9.885e-06,1.461e-05
1.0111e-05,1.91e-06,1.862e-05,9.955e-06,1.455e-05
1.0034e-05,2.04e-06,1.813e-05,9.99e-06,1.438e-05
1.0065e-05,1.78e-06,1.85e-05,1.002e-05,1.439e-05
1.027e-05,1.54e-06,1.893e-05,1.0165e-05,1.5e-05
1.0095e-05,1.1e-06,1.916e-05,9.93e-06,1.491e-05
1.004e-05,1.42e-06,1.886e-05,9.935e-06,1.467e-05
9.959e-06,1.16e-06,1.88e-05,1e-05,1.471e-05
1.0002e-05,1.3e-06,1.897e-05,9.84e-06,1.484e-05
9.999e-06,1.04e-06,1.892e-05,9.955e-06,1.501e-05
1.024e-05,1.34e-06,1.955e-05,1.0155e-05,1.517e-05
1.0184e-05,1.12e-06,1.937e-05,1.0035e-05,1.506e-05
1.0183e-05,1.02e-06,1.945e-05,1.006e-05,1.5e-05
9.999e-06,1.15e-06,1.901e-05,9.875e-06,1.484e-05
1.0023e-05,1.07e-06,1.9e-05,9.965e-06,1.489e-05
1.0091e-05,1.07e-06,1.925e-05,1.006e-05,1.509e-05
1.0186e-05,1.12e-06,1.928e-05,1.0065e-05,1.486e-05
9.976e-06,1.06e-06,1.899e-05,9.89e-06,1.48e-05
1.0066e-05,1.28e-06,1.898e-05,9.92e-06,1.467e-05
9.969e-06,1.68e-06,1.84e-05,9.895e-06,1.445e-05
1.0074e-05,1.56e-06,1.862e-05,9.98e-06,1.495e-05
1.0021e-05,1.91e-06,1.831e-05,9.975e-06,1.516e-05
9.984e-06,1.98e-06,1.807e-05,9.87e-06,1.537e-05
1.0163e-05,2.52e-06,1.79e-05,1.0145e-05,1.59e-05
9.959e-06,2.64e-06,1.747e-05,9.93e-06,1.586e-05
1.0017e-05,2.6e-06,1.747e-05,9.945e-06,1.61e-05
1.0049e-05,2.86e-06,1.742e-05,1.004e-05,1.617e-05
1.0016e-05,3.05e-06,1.702e-05,9.965e-06,1.62e-05
1.022e-05,3.31e-06,1.714e-05,1.013e-05,1.672e-05
1.0025e-05,3.32e-06,1.682e-05,9.955e-06,1.662e-05
1.0025e-05,3.33e-06,1.685e-05,1.001e-05,1.685e-05
1.0164e-05,3.5e-06,1.676e-05,1.016e-05,1.676e-05
1.0011e-05,3.38e-06,1.68e-05,9.98e-06,1.68e-05
1.0045e-05,3.35e-06,1.69e-05,1.0025e-05,1.672e-05
1.0117e-05,2.88e-06,1.742e-05,1.004e-05,1.685e-05
9.972e-06,2.64e-06,1.733e-05,9.91e-06,1.649e-05
1.0006e-05,2.63e-06,1.73e-05,9.9e-06,1.653e-05
1.006e-05,3.16e-06,1.732e-05,1.002e-05,1.62e-05
1.006e-05,2.95e-06,1.718e-05,1.0025e-05,1.628e-05
1.0021e-05,2.86e-06,1.725e-05,9.965e-06,1.629e-05
9.975e-06,2.94e-06,1.714e-05,9.845e-06,1.616e-05
9.97e-06,2.71e-06,1.727e-05,9.94e-06,1.63e-05
1.003e-05,2.55e-06,1.769e-05,9.99e-06,1.638e-05
1.0071e-05,2.53e-06,1.777e-05,9.985e-06,1.647e-05
9.991e-06,2.52e-06,1.746e-05,9.895e-06,1.636e-05
1.0034e-05,2.52e-06,1.767e-05,9.995e-06,1.604e-05
1.0048e-05,2.57e-06,1.765e-05,9.99e-06,1.629e-05
1.5516e-05,2.55e-06,6.19e-05,1.0045e-05,1.618e-05
1.0086e-05,1.51e-06,1.889e-05,9.845e-06,1.508e-05
1.013e-05,1.39e-06,1.893e-05,9.98e-06,1.454e-05
9.939e-06,1.43e-06,1.851e-05,9.815e-06,1.472e-05
1.0019e-05,1.63e-06,1.833e-05,9.97e-06,1.459e-05
1.0049e-05,1.78e-06,1.804e-05,9.975e-06,1.478e-05
1.0005e-05,2.03e-06,1.81e-05,9.87e-06,1.459e-05
1.0019e-05,2.11e-06,1.787e-05,9.91e-06,1.476e-05
1e-05,1.93e-06,1.809e-05,9.9e-06,1.475e-05
9.96e-06,1.86e-06,1.801e-05,9.875e-06,1.464e-05
9.975e-06,1.91e-06,1.798e-05,9.87e-06,1.48e-05
9.998e-06,2e-06,1.807e-05,9.855e-06,1.497e-05
9.94e-06,2.06e-06,1.789e-05,9.795e-06,1.502e-05
1.006e-05,2.44e-06,1.752e-05,9.885e-06,1.526e-05
9.957e-06,3.23e-06,1.663e-05,9.965e-06,1.507e-05
9.984e-06,2.84e-06,1.713e-05,9.85e-06,1.494e-05
1.007e-05,3.23e-06,1.691e-05,1.0005e-05,1.546e-05
9.99e-06,3.29e-06,1.68e-05,9.895e-06,1.556e-05
1.0004e-05,3.42e-06,1.647e-05,9.95e-06,1.556e-05
1.0026e-05,3.67e-06,1.639e-05,1.0015e-05,1.565e-05
9.981e-06,3.82e-06,1.626e-05,9.795e-06,1.568e-05
1.0049e-05,3.98e-06,1.606e-05,9.905e-06,1.589e-05
9.919e-06,3.57e-06,1.629e-05,9.76e-06,1.574e-05
9.996e-06,3.58e-06,1.648e-05,9.865e-06,1.574e-05
1.0036e-05,3.74e-06,1.634e-05,1.0075e-05,1.605e-05
1.0015e-05,3.84e-06,1.618e-05,9.985e-06,1.618e-05
1.0036e-05,3.87e-06,1.632e-05,1.007e-05,1.632e-05
1.0015e-05,3.95e-06,1.625e-05,1.001e-05,1.625e-05
1.0079e-05,3.97e-06,1.637e-05,1.0045e-05,1.637e-05
1.0042e-05,3.79e-06,1.641e-05,1.0085e-05,1.641e-05
1.0014e-05,3.62e-06,1.647e-05,9.99e-06,1.647e-05
9.984e-06,3.27e-06,1.678e-05,9.97e-06,1.678e-05
1.0094e-05,3.13e-06,1.705e-05,1.0035e-05,1.705e-05
1.0035e-05,2.92e-06,1.742e-05,1.014e-05,1.742e-05
1.0096e-05,3.15e-06,1.74e-05,1.006e-05,1.74e-05
1.0037e-05,3.07e-06,1.722e-05,1.0065e-05,1.722e-05
1.001e-05,3.09e-06,1.703e-05,1.003e-05,1.703e-05
9.995e-06,2.93e-06,1.699e-05,1.014e-05,1.699e-05
9.952e-06,3.13e-06,1.704e-05,9.96e-06,1.704e-05
9.976e-06,3.17e-06,1.693e-05,1.0025e-05,1.693e-05
1.0077e-05,3.22e-06,1.701e-05,1.006e-05,1.701e-05
1.0049e-05,3.04e-06,1.713e-05,1.0045e-05,1.713e-05
1.0025e-05,2.89e-06,1.725e-05,1.003e-05,1.725e-05
1.0005e-05,2.87e-06,1.725e-05,1.002e-05,1.725e-05
1.0051e-05,2.61e-06,1.764e-05,9.975e-06,1.764e-05
1.0167e-05,2.55e-06,1.786e-05,1.015e-05,1.786e-05
1.0024e-05,2.6e-06,1.746e-05,1.0065e-05,1.746e-05
1.0039e-05,2.74e-06,1.736e-05,1.0035e-05,1.736e-05
1.0094e-05,2.53e-06,1.742e-05,1.004e-05,1.742e-05
1.0027e-05,2.81e-06,1.739e-05,1.0045e-05,1.739e-05
1.0086e-05,2.99e-06,1.754e-05,1.0025e-05,1.754e-05
1.0019e-05,2.81e-06,1.739e-05,9.995e-06,1.739e-05
9.971e-06,3.07e-06,1.719e-05,9.98e-06,1.719e-05
1.0068e-05,3.08e-06,1.71e-05,1.0135e-05,1.71e-05
1.0113e-05,3.21e-06,1.722e-05,1.0085e-05,1.722e-05
1.024e-05,3.57e-06,1.724e-05,1.0375e-05,1.724e-05
1.015e-05,3.62e-06,1.67e-05,1.012e-05,1.67e-05
1.0029e-05,3.65e-06,1.662e-05,1.0125e-05,1.662e-05
1.0091e-05,3.61e-06,1.681e-05,9.95e-06,1.681e-05
1.0131e-05,3.34e-06,1.71e-05,1.013e-05,1.71e-05
1.0031e-05,3.04e-06,1.709e-05,1.005e-05,1.709e-05
1.0031e-05,3.45e-06,1.667e-05,1.0125e-05,1.667e-05
1.0028e-05,3.36e-06,1.683e-05,9.935e-06,1.683e-05
1.0034e-05,3.28e-06,1.687e-05,1.006e-05,1.687e-05
1.006e-05,3.37e-06,1.683e-05,1.003e-05,1.683e-05
1.0004e-05,3.38e-06,1.663e-05,1e-05,1.663e-05
1.0069e-05,3.74e-06,1.672e-05,9.97e-06,1.672e-05
1.0086e-05,3.69e-06,1.652e-05,1.0005e-05,1.652e-05
1.0005e-05,3.53e-06,1.652e-05,1.003e-05,1.652e-05
1.0135e-05,3.45e-06,1.67e-05,1.0175e-05,1.67e-05
1.0014e-05,3.4e-06,1.693e-05,1.002e-05,1.693e-05
1.0139e-05,3.1e-06,1.695e-05,1.0055e-05,1.695e-05
1.0022e-05,2.96e-06,1.706e-05,9.955e-06,1.706e-05
1.0036e-05,3.08e-06,1.704e-05,9.97e-06,1.704e-05
1.0029e-05,3e-06,1.712e-05,1.0085e-05,1.712e-05
1.0079e-05,2.75e-06,1.742e-05,1.0025e-05,1.742e-05
1.0275e-05,4.41e-06,1.76e-05,1.012e-05,1.76e-05
1.01e-05,4.49e-06,1.576e-05,1.005e-05,1.576e-05
9.999e-06,4.35e-06,1.586e-05,1.004e-05,1.586e-05
1.0041e-05,4.38e-06,1.594e-05,9.995e-06,1.594e-05
1.0051e-05,4.07e-06,1.595e-05,1.018e-05,1.595e-05
1.0029e-05,4.02e-06,1.616e-05,9.985e-06,1.616e-05
1.004e-05,4.12e-06,1.614e-05,9.98e-06,1.614e-05
1.0006e-05,3.89e-06,1.615e-05,1.007e-05,1.615e-05
9.986e-06,4.11e-06,1.617e-05,9.935e-06,1.617e-05
1.0001e-05,4.02e-06,1.61e-05,1.0065e-05,1.61e-05
9.994e-06,4.13e-06,1.6e-05,1.006e-05,1.6e-05
1.0098e-05,4.04e-06,1.613e-05,1.005e-05,1.613e-05
1.0024e-05,4.26e-06,1.612e-05,9.995e-06,1.612e-05
9.953e-06,4.21e-06,1.591e-05,9.945e-06,1.591e-05
1.0075e-05,4.14e-06,1.609e-05,1.0035e-05,1.609e-05
1.017e-05,3.99e-06,1.614e-05,1.0225e-05,1.614e-05
1.0159e-05,3.75e-06,1.642e-05,1.009e-05,1.642e-05
1.014e-05,3.58e-06,1.671e-05,1.0155e-05,1.671e-05
1.0055e-05,3.62e-06,1.651e-05,1.004e-05,1.651e-05
1.004e-05,3.74e-06,1.666e-05,1.0015e-05,1.666e-05
1.0065e-05,3.37e-06,1.665e-05,1e-05,1.665e-05
1.0105e-05,3.31e-06,1.687e-05,1.016e-05,1.687e-05
1.0097e-05,3.14e-06,1.709e-05,9.975e-06,1.709e-05
1.0036e-05,3e-06,1.714e-05,1.002e-05,1.714e-05
1.0057e-05,2.79e-06,1.734e-05,1.0085e-05,1.734e-05
1.0135e-05,2.94e-06,1.724e-05,1.0035e-05,1.724e-05
9.995e-06,3.06e-06,1.718e-05,9.935e-06,1.718e-05
1.0034e-05,3.27e-06,1.689e-05,1.0085e-05,1.689e-05
1.0056e-05,3.26e-06,1.684e-05,1.0095e-05,1.684e-05
9.97e-06,3.14e-06,1.709e-05,9.915e-06,1.709e-05
1.0158e-05,3.13e-06,1.728e-05,1.0215e-05,1.728e-05
1.01e-05,3.2e-06,1.709e-05,1.0135e-05,1.709e-05
1.0046e-05,2.95e-06,1.717e-05,1.0065e-05,1.717e-05
1.011e-05,3.03e-06,1.729e-05,1.009e-05,1.729e-05
1.005e-05,2.82e-06,1.744e-05,1.004e-05,1.744e-05
1.0109e-05,2.68e-06,1.764e-05,9.995e-06,1.764e-05
9.98e-06,2.65e-06,1.741e-05,9.885e-06,1.741e-05
1.003e-05,2.67e-06,1.765e-05,1.0045e-05,1.765e-05
1.0004e-05,2.62e-06,1.741e-05,9.935e-06,1.741e-05
1.0091e-05,2.46e-06,1.778e-05,1.018e-05,1.778e-05
1.0128e-05,2.37e-06,1.774e-05,1.011e-05,1.774e-05
1.0038e-05,2.19e-06,1.79e-05,1.008e-05,1.79e-05
1.0111e-05,2.32e-06,1.779e-05,1.004e-05,1.779e-05
1.0061e-05,2.25e-06,1.803e-05,1.003e-05,1.803e-05
1.0054e-05,1.89e-06,1.821e-05,1e-05,1.821e-05
1.0021e-05,2.02e-06,1.835e-05,9.945e-06,1.835e-05
1.0026e-05,1.8e-06,1.838e-05,1.0015e-05,1.838e-05
9.97e-06,1.6e-06,1.861e-05,9.965e-06,1.861e-05
1.0039e-05,1.76e-06,1.866e-05,9.965e-06,1.866e-05
1.0179e-05,1.57e-06,1.859e-05,1.034e-05,1.859e-05
1.0073e-05,1.46e-06,1.851e-05,1.0075e-05,1.851e-05
1.005e-05,1.53e-06,1.866e-05,9.98e-06,1.866e-05
1.0016e-05,1.74e-06,1.842e-05,1.003e-05,1.842e-05
9.997e-06,1.74e-06,1.873e-05,9.88e-06,1.873e-05
1.0151e-05,1.45e-06,1.885e-05,1.0125e-05,1.885e-05
1.033e-05,9.7e-07,1.938e-05,1.034e-05,1.938e-05
1.004e-05,1.06e-06,1.901e-05,9.955e-06,1.901e-05
1.0038e-05,1.34e-06,1.9e-05,1.0095e-05,1.9e-05
1.0066e-05,1.33e-06,1.901e-05,1.0105e-05,1.901e-05
9.98e-06,1.74e-06,1.855e-05,9.96e-06,1.855e-05
1.0634e-05,1.67e-06,1.856e-05,1.007e-05,1.856e-05
1.0109e-05,3.25e-06,1.691e-05,1.009e-05,1.691e-05
1.0059e-05,3.57e-06,1.658e-05,1.0065e-05,1.658e-05
9.986e-06,3.5e-06,1.648e-05,1.013e-05,1.648e-05
1.0043e-05,3.65e-06,1.655e-05,1.0045e-05,1.655e-05
1.01e-05,3.73e-06,1.654e-05,1.025e-05,1.654e-05
1.0097e-05,3.67e-06,1.648e-05,1.006e-05,1.648e-05
1.007e-05,4.04e-06,1.638e-05,1.003e-05,1.638e-05
1.0101e-05,3.79e-06,1.667e-05,1.0025e-05,1.667e-05
1.0028e-05,3.42e-06,1.666e-05,1.0015e-05,1.666e-05
1.0099e-05,3.31e-06,1.682e-05,1.0145e-05,1.682e-05
1.0055e-05,3.03e-06,1.709e-05,1.008e-05,1.709e-05
1.0014e-05,3.01e-06,1.716e-05,1.0025e-05,1.716e-05
1.0054e-05,2.97e-06,1.725e-05,1.0045e-05,1.725e-05
1.0066e-05,2.67e-06,1.741e-05,1.0035e-05,1.741e-05
1.0056e-05,2.96e-06,1.733e-05,1e-05,1.733e-05
1.0014e-05,3.03e-06,1.712e-05,1.001e-05,1.712e-05
1.003e-05,2.99e-06,1.721e-05,9.945e-06,1.721e-05
1.0031e-05,2.91e-06,1.723e-05,9.985e-06,1.723e-05
1.0059e-05,2.91e-06,1.766e-05,1.0055e-05,1.766e-05
1.0116e-05,2.63e-06,1.758e-05,9.975e-06,1.758e-05
1.0127e-05,2.57e-06,1.77e-05,1.014e-05,1.77e-05
1.0047e-05,2.28e-06,1.797e-05,9.975e-06,1.797e-05
1.0026e-05,1.86e-06,1.827e-05,1.0045e-05,1.827e-05
1.0286e-05,1.75e-06,1.882e-05,1.023e-05,1.882e-05
9.972e-06,1.6e-06,1.847e-05,9.96e-06,1.847e-05
9.984e-06,1.43e-06,1.869e-05,9.925e-06,1.869e-05
9.999e-06,1.11e-06,1.896e-05,9.985e-06,1.896e-05
9.999e-06,1.24e-06,1.901e-05,9.95e-06,1.901e-05
1.0169e-05,1.38e-06,1.889e-05,1.011e-05,1.889e-05
1.014e-05,1.06e-06,1.927e-05,1.0175e-05,1.927e-05
1.0059e-05,9.6e-07,1.936e-05,1.003e-05,1.936e-05
1.0057e-05,1.07e-06,1.916e-05,1.0005e-05,1.916e-05
1.0014e-05,1.04e-06,1.9e-05,1.006e-05,1.9e-05
1.015e-05,1.24e-06,1.89e-05,1.006e-05,1.89e-05
1.0056e-05,2.08e-06,1.818e-05,1.0005e-05,1.818e-05
9.98e-06,2.1e-06,1.809e-05,9.865e-06,1.809e-05
1.0086e-05,2.08e-06,1.81e-05,1.016e-05,1.81e-05
1.0077e-05,1.87e-06,1.819e-05,1.0175e-05,1.819e-05
1.0024e-05,1.68e-06,1.83e-05,1.0075e-05,1.83e-05
1.0014e-05,1.82e-06,1.851e-05,9.995e-06,1.851e-05
1.0072e-05,1.58e-06,1.869e-05,9.98e-06,1.869e-05
1.0268e-05,1.02e-06,1.925e-05,1.0215e-05,1.925e-05
1.0024e-05,1.26e-06,1.916e-05,1.002e-05,1.916e-05
9.988e-06,1.41e-06,1.884e-05,9.995e-06,1.884e-05
1.012e-05,1.21e-06,1.899e-05,1.018e-05,1.899e-05
1.0056e-05,1.18e-06,1.904e-05,1.0025e-05,1.904e-05
1.0014e-05,1.11e-06,1.909e-05,1.0025e-05,1.909e-05
1.0044e-05,1.13e-06,1.903e-05,9.945e-06,1.903e-05
1.142e-05,1.13e-06,1.993e-05,1.0345e-05,1.993e-05
1.0025e-05,2.04e-06,1.784e-05,1.001e-05,1.529e-05
1.0019e-05,2.46e-06,1.737e-05,1.008e-05,1.538e-05
1.0077e-05,3.19e-06,1.706e-05,1.0045e-05,1.559e-05
1.018e-05,3.66e-06,1.663e-05,1.0175e-05,1.591e-05
1.0014e-05,4.1e-06,1.573e-05,1.002e-05,1.573e-05
1.007e-05,4.34e-06,1.572e-05,1.009e-05,1.572e-05
1.0016e-05,4.36e-06,1.592e-05,9.99e-06,1.592e-05
9.965e-06,4.25e-06,1.58e-05,9.96e-06,1.58e-05
1.0055e-05,4.38e-06,1.573e-05,1.007e-05,1.573e-05
9.992e-06,4.23e-06,1.581e-05,9.995e-06,1.581e-05
1.0021e-05,4.14e-06,1.591e-05,1.0015e-05,1.591e-05
1.0041e-05,4.18e-06,1.606e-05,1.0055e-05,1.606e-05
1.0008e-05,4.04e-06,1.613e-05,9.91e-06,1.613e-05
1.0084e-05,3.91e-06,1.633e-05,1.012e-05,1.633e-05
1.0205e-05,3.52e-06,1.684e-05,1.014e-05,1.684e-05
1.0088e-05,3.13e-06,1.699e-05,9.96e-06,1.699e-05
1.0113e-05,2.71e-06,1.741e-05,1.006e-05,1.741e-05
9.976e-06,2.59e-06,1.735e-05,9.94e-06,1.735e-05
1.0025e-05,2.6e-06,1.773e-05,1.004e-05,1.773e-05
1.0256e-05,2.25e-06,1.812e-05,1.0235e-05,1.812e-05
1.0148e-05,2.22e-06,1.802e-05,9.965e-06,1.802e-05
9.977e-06,2.14e-06,1.801e-05,1.005e-05,1.801e-05
1.0063e-05,2.11e-06,1.814e-05,1.0055e-05,1.814e-05
1.0165e-05,1.83e-06,1.853e-05,1.006e-05,1.853e-05
1.0016e-05,1.59e-06,1.844e-05,1.0075e-05,1.844e-05
1.0001e-05,1.45e-06,1.871e-05,9.99e-06,1.871e-05
1.0046e-05,1.47e-06,1.877e-05,1.001e-05,1.877e-05
1.0156e-05,1.42e-06,1.895e-05,1.02e-05,1.895e-05
1.0026e-05,1.34e-06,1.88e-05,9.98e-06,1.88e-05
1.006e-05,1.19e-06,1.906e-05,1.004e-05,1.906e-05
1.01e-05,1.13e-06,1.907e-05,1.006e-05,1.907e-05
1.0005e-05,1.13e-06,1.903e-05,1.01e-05,1.903e-05
1.0156e-05,1.44e-06,1.881e-05,1e-05,1.881e-05
1.0052e-05,1.33e-06,1.885e-05,1.01e-05,1.885e-05
1.0159e-05,1.3e-06,1.93e-05,1.008e-05,1.93e-05
1.0157e-05,1.23e-06,1.897e-05,1.028e-05,1.897e-05
1.013e-05,1.14e-06,1.898e-05,1.0065e-05,1.898e-05
1.0447e-05,1.21e-06,2.072e-05,1.072e-05,2.072e-05
1.0406e-05,8.4e-07,2.008e-05,1.039e-05,2.008e-05
1.0276e-05,1.29e-06,1.935e-05,1.017e-05,1.935e-05
1.0189e-05,1.11e-06,1.939e-05,1.0235e-05,1.939e-05
1.0064e-05,9.6e-07,1.925e-05,9.995e-06,1.925e-05
1.003e-05,1.2e-06,1.911e-05,1e-05,1.911e-05
1.0114e-05,1.3e-06,1.922e-05,1.016e-05,1.922e-05
1.0123e-05,1.24e-06,1.915e-05,1.008e-05,1.915e-05
1.0195e-05,9e-07,1.985e-05,1.021e-05,1.985e-05
1.0313e-05,8.9e-07,1.973e-05,1.0305e-05,1.973e-05
1.008e-05,9.8e-07,1.921e-05,1.0025e-05,1.921e-05
1.0012e-05,1.23e-06,1.897e-05,1.0005e-05,1.897e-05
1.0049e-05,1.04e-06,1.911e-05,9.99e-06,1.911e-05
9.999e-06,1.31e-06,1.898e-05,1.005e-05,1.898e-05
1.0081e-05,1.27e-06,1.905e-05,1.0155e-05,1.905e-05
1.0109e-05,1.47e-06,1.899e-05,1.008e-05,1.899e-05
1.0072e-05,1.49e-06,1.874e-05,1.0055e-05,1.874e-05
9.974e-06,1.6e-06,1.861e-05,9.965e-06,1.861e-05
1.0138e-05,1.01e-06,1.904e-05,1.0095e-05,1.904e-05
1.0053e-05,9.5e-07,1.926e-05,1.006e-05,1.926e-05
1.0202e-05,8.4e-07,1.96e-05,1.0205e-05,1.96e-05
9.977e-06,9.8e-07,1.915e-05,9.955e-06,1.915e-05
1.0237e-05,1.23e-06,1.964e-05,1.019e-05,1.964e-05
1.0054e-05,1.06e-06,1.907e-05,1.0005e-05,1.907e-05
1.0236e-05,9.5e-07,1.953e-05,1.02e-05,1.953e-05
1.0069e-05,1.09e-06,1.899e-05,1.003e-05,1.899e-05
1.0016e-05,1.03e-06,1.892e-05,1.0015e-05,1.892e-05
9.986e-06,1.23e-06,1.889e-05,1.0045e-05,1.889e-05
9.994e-06,1.66e-06,1.852e-05,1.005e-05,1.852e-05
1.0013e-05,1.63e-06,1.852e-05,1.004e-05,1.852e-05
1.0106e-05,1.67e-06,1.858e-05,1.015e-05,1.858e-05
1.0003e-05,1.83e-06,1.825e-05,9.945e-06,1.825e-05
1.004e-05,1.29e-06,1.872e-05,1.0045e-05,1.872e-05
1.005e-05,1.27e-06,1.892e-05,1.0015e-05,1.892e-05
1.0022e-05,1.26e-06,1.881e-05,1.0115e-05,1.881e-05
1.0114e-05,1.42e-06,1.9e-05,1.008e-05,1.9e-05
1.0358e-05,8.5e-07,1.963e-05,1.018e-05,1.963e-05
1.0035e-05,1.17e-06,1.914e-05,1.0055e-05,1.914e-05
1.0079e-05,1.2e-06,1.912e-05,1.0155e-05,1.912e-05
1.0045e-05,1.36e-06,1.891e-05,9.93e-06,1.891e-05
1.0011e-05,1.45e-06,1.88e-05,9.96e-06,1.88e-05
1.0185e-05,1.44e-06,1.909e-05,1.0165e-05,1.909e-05
1.0049e-05,1.25e-06,1.892e-05,1.0015e-05,1.892e-05
1.0071e-05,1.12e-06,1.902e-05,1.0085e-05,1.902e-05
1.0126e-05,9.8e-07,1.94e-05,1.018e-05,1.94e-05
1.0082e-05,9.1e-07,1.937e-05,1.0105e-05,1.937e-05
1.0169e-05,1e-06,1.954e-05,1.0245e-05,1.954e-05
1.0145e-05,1.01e-06,1.938e-05,1.015e-05,1.938e-05
1.0059e-05,1.06e-06,1.913e-05,1.003e-05,1.913e-05
1.1725e-05,8.9e-07,2.134e-05,1.192e-05,2.134e-05
1.0241e-05,1.16e-06,1.959e-05,1.031e-05,1.959e-05
1.0179e-05,1.12e-06,1.96e-05,1.0215e-05,1.96e-05
1.0314e-05,8.9e-07,1.968e-05,1.0235e-05,1.968e-05
1.0041e-05,1.36e-06,1.903e-05,1.0025e-05,1.903e-05
1.0251e-05,1.64e-06,1.92e-05,1.0195e-05,1.92e-05
1.0058e-05,1.58e-06,1.851e-05,1.004e-05,1.851e-05
1.0011e-05,1.44e-06,1.865e-05,9.955e-06,1.865e-05
1.0028e-05,1.36e-06,1.884e-05,9.935e-06,1.884e-05
9.978e-06,1.59e-06,1.854e-05,9.98e-06,1.854e-05
9.945e-06,1.47e-06,1.858e-05,9.955e-06,1.858e-05
1.004e-05,1.23e-06,1.877e-05,1.008e-05,1.877e-05
9.953e-06,1.11e-06,1.878e-05,9.945e-06,1.878e-05
1.0162e-05,9.8e-07,1.939e-05,1.0075e-05,1.939e-05
1.0085e-05,8.2e-07,1.931e-05,9.99e-06,1.931e-05
9.974e-06,1.09e-06,1.897e-05,9.995e-06,1.897e-05
1.0114e-05,2.65e-06,1.86e-05,1.001e-05,1.86e-05
1.0004e-05,2.7e-06,1.736e-05,9.94e-06,1.736e-05
9.977e-06,2.51e-06,1.748e-05,1.0065e-05,1.748e-05
9.992e-06,2.28e-06,1.777e-05,9.96e-06,1.777e-05
9.968e-06,2.09e-06,1.789e-05,9.925e-06,1.789e-05
1.001e-05,1.92e-06,1.833e-05,1.008e-05,1.833e-05
1.0099e-05,1.76e-06,1.834e-05,1.006e-05,1.834e-05
1.0193e-05,1.38e-06,1.917e-05,1.018e-05,1.917e-05
1.002e-05,9.6e-07,1.902e-05,9.99e-06,1.902e-05
1.0019e-05,8.3e-07,1.91e-05,9.955e-06,1.91e-05
9.964e-06,1.1e-06,1.902e-05,9.945e-06,1.902e-05
1.0104e-05,1.26e-06,1.909e-05,1.011e-05,1.909e-05
1.0029e-05,1.28e-06,1.893e-05,1.006e-05,1.893e-05
1.0034e-05,1.36e-06,1.886e-05,1.0035e-05,1.886e-05
9.964e-06,1.2e-06,1.878e-05,9.955e-06,1.878e-05
9.977e-06,1.23e-06,1.888e-05,1.0005e-05,1.888e-05
1.0112e-05,1.1e-06,1.92e-05,9.955e-06,1.92e-05
1.0055e-05,9.9e-07,1.919e-05,9.945e-06,1.919e-05
1.0156e-05,8e-07,1.959e-05,1.0055e-05,1.959e-05
1.0011e-05,1.02e-06,1.912e-05,9.97e-06,1.912e-05
9.883e-06,1.13e-06,1.903e-05,9.955e-06,1.903e-05
1.0001e-05,1.27e-06,1.899e-05,1.005e-05,1.899e-05
9.987e-06,1.23e-06,1.893e-05,9.925e-06,1.893e-05
1.0039e-05,1.28e-06,1.894e-05,9.94e-06,1.894e-05
9.959e-06,1.3e-06,1.86e-05,9.88e-06,1.86e-05
9.968e-06,1.15e-06,1.885e-05,1.0005e-05,1.885e-05
1.0286e-05,7.8e-07,2.005e-05,1.0195e-05,2.005e-05
1.003e-05,1.13e-06,1.915e-05,1.012e-05,1.915e-05
1.0023e-05,1e-06,1.906e-05,9.95e-06,1.906e-05
1.0004e-05,1.04e-06,1.906e-05,1e-05,1.906e-05
9.964e-06,1.09e-06,1.906e-05,9.865e-06,1.906e-05
9.961e-06,1.11e-06,1.896e-05,9.99e-06,1.896e-05
1.0101e-05,1.34e-06,1.89e-05,1.0075e-05,1.89e-05
9.969e-06,1.39e-06,1.854e-05,9.88e-06,1.854e-05
9.909e-06,1.64e-06,1.844e-05,9.915e-06,1.844e-05
9.943e-06,1.82e-06,1.845e-05,9.955e-06,1.845e-05
9.923e-06,1.78e-06,1.831e-05,9.955e-06,1.831e-05
1.006e-05,1.67e-06,1.845e-05,1.0055e-05,1.845e-05
1.001e-05,1.44e-06,1.853e-05,9.95e-06,1.853e-05
9.934e-06,1.24e-06,1.876e-05,9.895e-06,1.876e-05
9.96e-06,1.08e-06,1.885e-05,9.945e-06,1.885e-05
9.974e-06,1.09e-06,1.897e-05,9.94e-06,1.897e-05
9.946e-06,1.33e-06,1.887e-05,9.985e-06,1.887e-05
9.93e-06,1.16e-06,1.891e-05,9.915e-06,1.891e-05
9.974e-06,1.2e-06,1.904e-05,9.925e-06,1.904e-05
1.0091e-05,1.1e-06,1.912e-05,1.01e-05,1.912e-05
1.0032e-05,1.11e-06,1.929e-05,1.0025e-05,1.929e-05
1.0073e-05,1e-06,1.916e-05,1.005e-05,1.916e-05
1.004e-05,1.12e-06,1.916e-05,1.0085e-05,1.916e-05
1.0008e-05,1.07e-06,1.912e-05,9.945e-06,1.912e-05
9.946e-06,1.3e-06,1.866e-05,1.0105e-05,1.866e-05
9.902e-06,1.34e-06,1.868e-05,9.89e-06,1.868e-05
9.952e-06,1.23e-06,1.896e-05,9.93e-06,1.896e-05
1.001e-05,1.07e-06,1.901e-05,9.975e-06,1.901e-05
1.0176e-05,1.39e-06,1.897e-05,1.0185e-05,1.897e-05
9.984e-06,1.25e-06,1.868e-05,1.01e-05,1.868e-05
1.0139e-05,1.49e-06,1.866e-05,1.009e-05,1.866e-05
9.959e-06,1.57e-06,1.848e-05,9.965e-06,1.848e-05
9.994e-06,1.57e-06,1.842e-05,9.99e-06,1.842e-05
9.953e-06,1.63e-06,1.84e-05,9.95e-06,1.84e-05
9.936e-06,1.51e-06,1.833e-05,9.94e-06,1.833e-05
1.005e-05,1.52e-06,1.854e-05,1.0155e-05,1.854e-05
9.951e-06,1.6e-06,1.826e-05,9.95e-06,1.826e-05
9.961e-06,1.78e-06,1.825e-05,9.935e-06,1.825e-05
1.0021e-05,1.89e-06,1.816e-05,9.975e-06,1.816e-05
9.98e-06,1.75e-06,1.817e-05,9.92e-06,1.817e-05
1e-05,1.65e-06,1.832e-05,9.935e-06,1.832e-05
9.945e-06,1.79e-06,1.82e-05,9.935e-06,1.82e-05
9.96e-06,1.73e-06,1.83e-05,9.88e-06,1.83e-05
1.0014e-05,1.83e-06,1.831e-05,1.0075e-05,1.831e-05
1.0006e-05,1.86e-06,1.817e-05,1.0005e-05,1.817e-05
9.995e-06,1.75e-06,1.829e-05,9.975e-06,1.829e-05
1.0021e-05,1.62e-06,1.833e-05,9.98e-06,1.833e-05
1.0014e-05,1.6e-06,1.844e-05,9.99e-06,1.844e-05
1.0159e-05,1.36e-06,1.886e-05,1.004e-05,1.886e-05
1e-05,1.34e-06,1.871e-05,1.007e-05,1.871e-05
1.0028e-05,1.26e-06,1.885e-05,1.0015e-05,1.885e-05
1.0034e-05,1.19e-06,1.911e-05,1.0035e-05,1.911e-05
1.019e-05,9.7e-07,1.936e-05,1.0115e-05,1.936e-05
1.006e-05,1.18e-06,1.93e-05,1.0085e-05,1.93e-05
1.032e-05,8.7e-07,1.968e-05,1.0195e-05,1.968e-05
9.946e-06,1.09e-06,1.905e-05,9.995e-06,1.905e-05
9.956e-06,8.9e-07,1.92e-05,9.935e-06,1.92e-05
9.95e-06,1.16e-06,1.898e-05,9.985e-06,1.898e-05
9.954e-06,1.05e-06,1.9e-05,9.895e-06,1.9e-05
1.0076e-05,1.13e-06,1.921e-05,1.0135e-05,1.921e-05
1.0026e-05,1.21e-06,1.9e-05,1.005e-05,1.9e-05
1.001e-05,1.68e-06,1.825e-05,1.006e-05,1.825e-05
1.0071e-05,1.53e-06,1.847e-05,1.009e-05,1.847e-05
9.967e-06,1.23e-06,1.873e-05,9.935e-06,1.873e-05
9.944e-06,1.21e-06,1.887e-05,9.915e-06,1.887e-05
9.918e-06,1.2e-06,1.886e-05,9.96e-06,1.886e-05
9.936e-06,1.26e-06,1.882e-05,9.94e-06,1.882e-05
9.991e-06,1.49e-06,1.884e-05,1.008e-05,1.884e-05
9.92e-06,1.4e-06,1.864e-05,9.885e-06,1.864e-05
9.952e-06,1.38e-06,1.872e-05,9.93e-06,1.872e-05
9.995e-06,1.26e-06,1.885e-05,9.925e-06,1.885e-05
1.007e-05,1.13e-06,1.885e-05,1.0005e-05,1.885e-05
9.939e-06,1.17e-06,1.886e-05,9.94e-06,1.886e-05
1.0095e-05,9.9e-07,1.951e-05,1.011e-05,1.951e-05
1.0029e-05,9.5e-07,1.914e-05,1.004e-05,1.914e-05
1.0028e-05,1.29e-06,1.891e-05,1.0015e-05,1.891e-05
1.0005e-05,1.1e-06,1.893e-05,9.94e-06,1.893e-05
9.954e-06,1.03e-06,1.909e-05,9.885e-06,1.909e-05
9.976e-06,9.8e-07,1.898e-05,9.955e-06,1.898e-05
1.0036e-05,1.25e-06,1.903e-05,1.0035e-05,1.903e-05
9.944e-06,1.42e-06,1.845e-05,9.915e-06,1.845e-05
9.911e-06,1.3e-06,1.862e-05,9.91e-06,1.862e-05
9.958e-06,1.26e-06,1.885e-05,9.94e-06,1.885e-05
1.0067e-05,1.03e-06,1.904e-05,1.007e-05,1.904e-05
1.0048e-05,1.54e-06,1.885e-05,9.895e-06,1.885e-05
9.986e-06,1.38e-06,1.874e-05,9.97e-06,1.874e-05
1.008e-05,1.25e-06,1.892e-05,9.915e-06,1.892e-05
1.0019e-05,1.32e-06,1.879e-05,9.99e-06,1.879e-05
9.931e-06,1.34e-06,1.887e-05,9.93e-06,1.887e-05
9.935e-06,1e-06,1.899e-05,9.94e-06,1.899e-05
9.975e-06,1.34e-06,1.891e-05,9.935e-06,1.891e-05
9.961e-06,1.05e-06,1.89e-05,1.003e-05,1.89e-05
1.002e-05,9.7e-07,1.903e-05,9.94e-06,1.903e-05
1.0046e-05,1.15e-06,1.901e-05,1.0005e-05,1.901e-05
9.92e-06,1.09e-06,1.877e-05,9.835e-06,1.877e-05
1.0031e-05,1.38e-06,1.875e-05,1.005e-05,1.875e-05
9.955e-06,1.16e-06,1.883e-05,9.99e-06,1.883e-05
9.981e-06,1e-06,1.901e-05,9.955e-06,1.901e-05
9.944e-06,1.13e-06,1.89e-05,9.89e-06,1.89e-05
1.0099e-05,1.33e-06,1.916e-05,1.013e-05,1.916e-05
9.921e-06,1.15e-06,1.884e-05,9.925e-06,1.884e-05
1.0089e-05,1.13e-06,1.899e-05,1.008e-05,1.899e-05
9.998e-06,1.05e-06,1.896e-05,9.88e-06,1.896e-05
9.956e-06,1.02e-06,1.891e-05,9.99e-06,1.891e-05
9.971e-06,1.48e-06,1.878e-05,9.92e-06,1.878e-05
9.973e-06,1.41e-06,1.865e-05,1e-05,1.865e-05
9.99e-06,1.17e-06,1.896e-05,9.93e-06,1.896e-05
1.007e-05,1.06e-06,1.925e-05,1.009e-05,1.925e-05
1.0049e-05,8.3e-07,1.921e-05,9.93e-06,1.921e-05
9.983e-06,1.06e-06,1.906e-05,9.9e-06,1.906e-05
1.0044e-05,9.3e-07,1.92e-05,9.925e-06,1.92e-05
9.91e-06,1.09e-06,1.899e-05,9.945e-06,1.899e-05
9.95e-06,1.06e-06,1.902e-05,9.91e-06,1.902e-05
1.0053e-05,9.6e-07,1.904e-05,9.97e-06,1.904e-05
1.0045e-05,1.14e-06,1.922e-05,9.965e-06,1.922e-05
9.97e-06,1.38e-06,1.868e-05,1.004e-05,1.868e-05
1.0111e-05,1.39e-06,1.878e-05,1.005e-05,1.878e-05
9.898e-06,1.25e-06,1.88e-05,9.82e-06,1.88e-05
9.947e-06,1.36e-06,1.875e-05,9.895e-06,1.875e-05
1.0034e-05,1.27e-06,1.889e-05,9.97e-06,1.889e-05
1.0014e-05,1.22e-06,1.881e-05,9.89e-06,1.881e-05
9.911e-06,1.12e-06,1.899e-05,9.88e-06,1.899e-05
1.0111e-05,1.05e-06,1.955e-05,1.006e-05,1.955e-05
1.0119e-05,1.19e-06,1.928e-05,1.0125e-05,1.928e-05
9.981e-06,1.28e-06,1.903e-05,9.91e-06,1.903e-05
9.951e-06,1.16e-06,1.89e-05,9.86e-06,1.89e-05
9.934e-06,1.04e-06,1.901e-05,9.93e-06,1.901e-05
1.0007e-05,1.17e-06,1.877e-05,9.95e-06,1.877e-05
1.0024e-05,1.37e-06,1.873e-05,1.0095e-05,1.873e-05
1.0553e-05,3.22e-06,1.862e-05,1.0175e-05,1.862e-05
1.0055e-05,3.57e-06,1.636e-05,1.0125e-05,1.636e-05
1.0118e-05,3.71e-06,1.634e-05,1.0255e-05,1.634e-05
1.002e-05,4.16e-06,1.587e-05,1.0045e-05,1.587e-05
9.975e-06,3.92e-06,1.607e-05,9.96e-06,1.607e-05
1.0057e-05,3.8e-06,1.62e-05,1.013e-05,1.62e-05
1.0044e-05,4.12e-06,1.608e-05,1.0045e-05,1.608e-05
1.0033e-05,4.04e-06,1.598e-05,1.0035e-05,1.598e-05
1.0016e-05,4.05e-06,1.601e-05,9.965e-06,1.601e-05
1.0032e-05,4.12e-06,1.586e-05,9.96e-06,1.586e-05
1.0059e-05,4.16e-06,1.595e-05,1.0145e-05,1.595e-05
9.993e-06,4.39e-06,1.578e-05,9.985e-06,1.578e-05
9.981e-06,4.61e-06,1.545e-05,9.95e-06,1.545e-05
1.0102e-05,4.6e-06,1.548e-05,1.016e-05,1.548e-05
1.0039e-05,4.68e-06,1.537e-05,1.0015e-05,1.537e-05
1.0029e-05,4.7e-06,1.539e-05,1.006e-05,1.539e-05
9.955e-06,4.73e-06,1.512e-05,9.98e-06,1.512e-05
9.977e-06,5.03e-06,1.488e-05,1.012e-05,1.488e-05
1.0062e-05,4.95e-06,1.506e-05,1.021e-05,1.506e-05
9.989e-06,5.08e-06,1.495e-05,9.88e-06,1.495e-05
9.926e-06,5.02e-06,1.51e-05,9.915e-06,1.51e-05
9.99e-06,5.06e-06,1.487e-05,1.003e-05,1.487e-05
1.0026e-05,5.02e-06,1.513e-05,1.0035e-05,1.513e-05
1.0001e-05,4.71e-06,1.533e-05,9.96e-06,1.533e-05
1.005e-05,4.55e-06,1.547e-05,1.0065e-05,1.547e-05
1.0039e-05,4.42e-06,1.581e-05,1.0015e-05,1.581e-05
1.0044e-05,3.95e-06,1.624e-05,9.97e-06,1.624e-05
1e-05,3.82e-06,1.608e-05,1.0015e-05,1.608e-05
1.0005e-05,3.75e-06,1.61e-05,1.003e-05,1.61e-05
1.0041e-05,3.7e-06,1.633e-05,1.0115e-05,1.633e-05
1.0021e-05,3.71e-06,1.626e-05,1.002e-05,1.626e-05
9.987e-06,3.8e-06,1.615e-05,1.0005e-05,1.615e-05
1.0143e-05,3.58e-06,1.697e-05,1.017e-05,1.697e-05
9.995e-06,3.14e-06,1.67e-05,1.003e-05,1.67e-05
1.0109e-05,3.59e-06,1.687e-05,1.0065e-05,1.687e-05
9.954e-06,3.44e-06,1.663e-05,9.95e-06,1.663e-05
1.0005e-05,3.46e-06,1.653e-05,1.0015e-05,1.653e-05
9.967e-06,3.52e-06,1.641e-05,9.9e-06,1.641e-05
9.919e-06,3.59e-06,1.645e-05,9.955e-06,1.645e-05
9.986e-06,3.45e-06,1.656e-05,9.87e-06,1.656e-05
1.0046e-05,3.03e-06,1.713e-05,1.0135e-05,1.713e-05
1.0022e-05,2.79e-06,1.726e-05,1.0045e-05,1.726e-05
1.0095e-05,2.74e-06,1.75e-05,1.0095e-05,1.75e-05
9.978e-06,2.61e-06,1.74e-05,9.98e-06,1.74e-05
9.989e-06,2.5e-06,1.743e-05,1e-05,1.743e-05
9.988e-06,2.44e-06,1.764e-05,9.925e-06,1.764e-05
1.0056e-05,2.28e-06,1.778e-05,9.975e-06,1.778e-05
1.0007e-05,2.16e-06,1.801e-05,1.0015e-05,1.801e-05
1.0029e-05,1.91e-06,1.819e-05,9.93e-06,1.819e-05
9.971e-06,1.97e-06,1.818e-05,9.945e-06,1.818e-05
1.0111e-05,2.02e-06,1.826e-05,1.0115e-05,1.826e-05
9.96e-06,2e-06,1.803e-05,9.965e-06,1.803e-05
9.961e-06,2.14e-06,1.8e-05,9.885e-06,1.8e-05
1.0026e-05,2.14e-06,1.803e-05,9.92e-06,1.803e-05
9.999e-06,1.88e-06,1.828e-05,1.006e-05,1.828e-05
1.0071e-05,1.83e-06,1.817e-05,1.0005e-05,1.817e-05
9.954e-06,1.76e-06,1.827e-05,9.945e-06,1.827e-05
9.991e-06,1.53e-06,1.843e-05,9.96e-06,1.843e-05
1.0041e-05,1.38e-06,1.89e-05,1.009e-05,1.89e-05
9.996e-06,1.27e-06,1.875e-05,9.995e-06,1.875e-05
1.0042e-05,1.34e-06,1.873e-05,9.89e-06,1.873e-05
1.0056e-05,1e-06,1.892e-05,1e-05,1.892e-05
1.009e-05,1.29e-06,1.86e-05,1.0275e-05,1.86e-05
9.998e-06,1.72e-06,1.826e-05,9.945e-06,1.826e-05
1.0119e-05,1.64e-06,1.848e-05,1.023e-05,1.848e-05
1.0017e-05,1.51e-06,1.866e-05,1.0025e-05,1.866e-05
1.0024e-05,1.35e-06,1.884e-05,1.009e-05,1.884e-05
9.977e-06,1.65e-06,1.863e-05,9.965e-06,1.863e-05
9.97e-06,1.8e-06,1.851e-05,9.92e-06,1.851e-05
1.0026e-05,1.71e-06,1.835e-05,9.915e-06,1.835e-05
1.0022e-05,1.32e-06,1.856e-05,9.955e-06,1.856e-05
9.959e-06,1.23e-06,1.884e-05,9.87e-06,1.884e-05
9.925e-06,1.11e-06,1.896e-05,9.865e-06,1.896e-05
1.0049e-05,1.37e-06,1.892e-05,1.0145e-05,1.892e-05
1.0036e-05,1.61e-06,1.867e-05,1.0115e-05,1.867e-05
1.0016e-05,1.94e-06,1.855e-05,1.011e-05,1.855e-05
1.0129e-05,1.72e-06,1.871e-05,1.0195e-05,1.871e-05
9.979e-06,1.24e-06,1.871e-05,9.95e-06,1.871e-05
1.0062e-05,1.18e-06,1.935e-05,1.0105e-05,1.935e-05
1.0331e-05,8e-07,1.959e-05,1.043e-05,1.959e-05
9.974e-06,1.07e-06,1.922e-05,1.0005e-05,1.922e-05
1.0014e-05,1.5e-06,1.856e-05,9.935e-06,1.856e-05
9.903e-06,1.37e-06,1.857e-05,1.002e-05,1.857e-05
9.956e-06,1.12e-06,1.89e-05,9.85e-06,1.89e-05
1.002e-05,9.4e-07,1.918e-05,9.945e-06,1.918e-05
1.0092e-05,9.1e-07,1.927e-05,1.002e-05,1.927e-05
1.024e-05,8.8e-07,1.99e-05,1.016e-05,1.99e-05
1.008e-05,1.21e-06,1.925e-05,1.014e-05,1.925e-05
9.994e-06,9.1e-07,1.912e-05,9.92e-06,1.912e-05
9.969e-06,1.07e-06,1.911e-05,9.965e-06,1.911e-05
1.0352e-05,1e-06,1.962e-05,1.044e-05,1.962e-05
1.0068e-05,1.81e-06,1.853e-05,9.93e-06,1.853e-05
1.0005e-05,1.84e-06,1.815e-05,9.925e-06,1.815e-05
1.001e-05,1.8e-06,1.826e-05,1.004e-05,1.826e-05
1.005e-05,1.73e-06,1.844e-05,1.0015e-05,1.844e-05
1.0001e-05,1.75e-06,1.835e-05,9.905e-06,1.835e-05
9.961e-06,1.52e-06,1.854e-05,9.94e-06,1.854e-05
9.961e-06,1.32e-06,1.866e-05,9.96e-06,1.866e-05
1.0024e-05,1.2e-06,1.901e-05,1.0075e-05,1.901e-05
9.941e-06,1.11e-06,1.89e-05,9.955e-06,1.89e-05
9.965e-06,1.28e-06,1.88e-05,9.84e-06,1.88e-05
1.0024e-05,1.03e-06,1.891e-05,9.92e-06,1.891e-05
9.947e-06,1.72e-06,1.849e-05,9.955e-06,1.849e-05
9.979e-06,1.6e-06,1.857e-05,9.935e-06,1.857e-05
9.979e-06,1.48e-06,1.85e-05,9.97e-06,1.85e-05
9.948e-06,1.52e-06,1.859e-05,9.95e-06,1.859e-05
9.964e-06,1.4e-06,1.869e-05,1.0015e-05,1.869e-05
9.957e-06,1.45e-06,1.86e-05,9.95e-06,1.86e-05
1.0057e-05,1.5e-06,1.863e-05,1.01e-05,1.863e-05
1.0048e-05,1.46e-06,1.852e-05,9.995e-06,1.852e-05
9.999e-06,1.56e-06,1.861e-05,9.965e-06,1.861e-05
1.0009e-05,1.13e-06,1.901e-05,9.955e-06,1.901e-05
9.99e-06,9.9e-07,1.907e-05,9.895e-06,1.907e-05
9.995e-06,1.18e-06,1.916e-05,9.925e-06,1.916e-05
1.0221e-05,8.4e-07,1.95e-05,1.0195e-05,1.95e-05
1.0014e-05,1.12e-06,1.896e-05,1.004e-05,1.896e-05
9.957e-06,1.44e-06,1.869e-05,9.91e-06,1.869e-05
1.0057e-05,1.44e-06,1.879e-05,1e-05,1.879e-05
1.0033e-05,1.02e-06,1.905e-05,9.97e-06,1.905e-05
1.0082e-05,8.1e-07,1.939e-05,9.975e-06,1.939e-05
1.0045e-05,1.21e-06,1.909e-05,9.91e-06,1.909e-05
9.94e-06,1.09e-06,1.9e-05,9.995e-06,1.9e-05
1.0104e-05,9.8e-07,1.935e-05,1.0095e-05,1.935e-05
1.0056e-05,9.9e-07,1.921e-05,9.91e-06,1.921e-05
9.937e-06,9.8e-07,1.908e-05,9.895e-06,1.908e-05
1.0036e-05,8.8e-07,1.908e-05,9.965e-06,1.908e-05
1.0002e-05,9.9e-07,1.912e-05,9.935e-06,1.912e-05
9.96e-06,9.6e-07,1.92e-05,9.905e-06,1.92e-05
1.0168e-05,1.38e-06,1.919e-05,1.0265e-05,1.919e-05
1.0011e-05,1.35e-06,1.867e-05,1.0095e-05,1.867e-05
1.0089e-05,1.46e-06,1.859e-05,1.0195e-05,1.859e-05
4.5012e-05,2.51e-06,5.312e-05,5.092e-05,5.292e-05
1.0109e-05,1.99e-06,1.836e-05,1.013e-05,5.86e-06
1.0004e-05,2.07e-06,1.8e-05,9.965e-06,6.04e-06
9.926e-06,2.36e-06,1.733e-05,9.875e-06,6.22e-06
9.891e-06,2.91e-06,1.677e-05,9.865e-06,6.38e-06
9.902e-06,3.15e-06,1.662e-05,9.905e-06,6.68e-06
9.87e-06,3.3e-06,1.634e-05,9.885e-06,6.75e-06
1.0006e-05,3.92e-06,1.585e-05,1.0015e-05,6.81e-06
9.919e-06,4e-06,1.574e-05,9.96e-06,6.74e-06
9.885e-06,4.06e-06,1.556e-05,9.855e-06,6.63e-06
9.931e-06,4.16e-06,1.577e-05,9.885e-06,6.67e-06
9.935e-06,4.05e-06,1.568e-05,9.815e-06,6.79e-06
9.905e-06,4.36e-06,1.541e-05,9.93e-06,6.94e-06
9.894e-06,4.75e-06,1.508e-05,9.86e-06,7.14e-06
9.884e-06,4.74e-06,1.476e-05,9.905e-06,7.26e-06
9.971e-06,5.24e-06,1.446e-05,9.99e-06,7.58e-06
9.9e-06,5.22e-06,1.459e-05,9.845e-06,7.81e-06
9.932e-06,5.19e-06,1.471e-05,9.915e-06,8.09e-06
9.995e-06,5.46e-06,1.472e-05,1.001e-05,8.4e-06
9.891e-06,5.43e-06,1.429e-05,9.955e-06,8.41e-06
9.928e-06,5.81e-06,1.415e-05,9.965e-06,8.43e-06
9.922e-06,5.74e-06,1.4e-05,1.003e-05,8.89e-06
9.961e-06,5.61e-06,1.432e-05,9.915e-06,8.96e-06
1.0009e-05,5.58e-06,1.452e-05,9.975e-06,9.3e-06
1.012e-05,5.64e-06,1.468e-05,1.0075e-05,9.79e-06
1.0051e-05,5.51e-06,1.462e-05,9.965e-06,9.58e-06
1.0051e-05,5.82e-06,1.434e-05,9.97e-06,9.22e-06
1.0084e-05,4.02e-06,1.619e-05,1.006e-05,1.343e-05
1.0097e-05,4.28e-06,1.581e-05,1.0025e-05,1.345e-05
1.0021e-05,4.54e-06,1.561e-05,9.955e-06,1.338e-05
1.0093e-05,4.81e-06,1.559e-05,9.96e-06,1.333e-05
1.0259e-05,4.64e-06,1.586e-05,1.012e-05,1.336e-05
1.0071e-05,5.56e-06,1.47e-05,1.0035e-05,1.235e-05
1.0122e-05,5.64e-06,1.446e-05,1.0265e-05,1.216e-05
1.0197e-05,6.03e-06,1.424e-05,1.0085e-05,1.198e-05
1.0254e-05,5.91e-06,1.424e-05,1.0125e-05,1.109e-05
1.0053e-05,6.06e-06,1.376e-05,1.0115e-05,1.12e-05
1.0001e-05,6.11e-06,1.383e-05,9.995e-06,1.129e-05
9.986e-06,6.31e-06,1.36e-05,1.003e-05,1.128e-05
1.059e-05,6.39e-06,1.377e-05,1.112e-05,1.142e-05
1.0135e-05,8.41e-06,1.212e-05,1.012e-05,1.128e-05
1.0038e-05,8.47e-06,1.166e-05,1.005e-05,1.114e-05
1.0129e-05,8.41e-06,1.17e-05,1.022e-05,1.132e-05
1.0138e-05,8.32e-06,1.174e-05,1.0115e-05,1.122e-05
1.0093e-05,8.44e-06,1.17e-05,1.0135e-05,1.106e-05
1.006e-05,8.56e-06,1.169e-05,1.0015e-05,1.095e-05
1.0088e-05,8.63e-06,1.151e-05,9.955e-06,1.104e-05
1.0095e-05,8.45e-06,1.164e-05,9.975e-06,1.108e-05
1.0052e-05,8.36e-06,1.157e-05,1.0175e-05,1.114e-05
9.984e-06,8.31e-06,1.165e-05,9.87e-06,1.132e-05
9.986e-06,8.32e-06,1.16e-05,1.006e-05,1.127e-05
1.0048e-05,8.26e-06,1.183e-05,1.0015e-05,1.148e-05
1.0033e-05,8.43e-06,1.177e-05,1.005e-05,1.11e-05
1.141e-05,7.18e-06,1.355e-05,1.1725e-05,7.18e-06
1.005e-05,6.27e-06,1.376e-05,1.004e-05,7.3e-06
1.0156e-05,6.43e-06,1.375e-05,1.0125e-05,7.23e-06
1.0044e-05,6.47e-06,1.352e-05,1.006e-05,7.2e-06
1.1354e-05,7.05e-06,1.365e-05,1.2685e-05,1.312e-05
1.0036e-05,6.96e-06,1.307e-05,9.99e-06,1.307e-05
1.0046e-05,7.2e-06,1.301e-05,1.0015e-05,1.301e-05
1.0099e-05,6.72e-06,1.336e-05,1.0025e-05,1.292e-05
9.976e-06,6.11e-06,1.36e-05,9.99e-06,1.274e-05
1.0046e-05,6.58e-06,1.342e-05,9.945e-06,1.266e-05
1.01e-05,6.59e-06,1.361e-05,1.0055e-05,1.285e-05
9.996e-06,6.4e-06,1.344e-05,1.0085e-05,1.253e-05
1.0014e-05,6.68e-06,1.342e-05,9.98e-06,1.265e-05
1.0091e-05,6.75e-06,1.366e-05,1.015e-05,1.3e-05
1.0251e-05,7.15e-06,1.344e-05,1.033e-05,1.291e-05
1.009e-05,7.16e-06,1.293e-05,1.0025e-05,1.285e-05
1.011e-05,7.09e-06,1.307e-05,1.002e-05,1.307e-05
1.0014e-05,6.96e-06,1.32e-05,1.0095e-05,1.32e-05
1.0149e-05,6.92e-06,1.332e-05,1.0135e-05,1.332e-05
9.971e-06,6.57e-06,1.335e-05,9.965e-06,1.335e-05
9.979e-06,7.22e-06,1.286e-05,9.94e-06,1.286e-05
1.0006e-05,7.02e-06,1.295e-05,9.955e-06,1.295e-05
1.01e-05,6.83e-06,1.315e-05,1.013e-05,1.315e-05
1.0098e-05,6.79e-06,1.319e-05,1.013e-05,1.319e-05
1.0039e-05,6.84e-06,1.313e-05,1.0075e-05,1.313e-05
1.0068e-05,6.95e-06,1.313e-05,1.004e-05,1.313e-05
1.0095e-05,7.13e-06,1.306e-05,1.005e-05,1.306e-05
9.99e-06,6.98e-06,1.284e-05,9.985e-06,1.28e-05
1.0039e-05,7.04e-06,1.288e-05,9.965e-06,1.285e-05
1.0053e-05,7.05e-06,1.315e-05,1.001e-05,1.298e-05
9.989e-06,6.69e-06,1.313e-05,1.001e-05,1.306e-05
1.0086e-05,6.85e-06,1.335e-05,1.0045e-05,1.335e-05
1.0091e-05,6.64e-06,1.333e-05,1.0155e-05,1.333e-05
1.0216e-05,6.35e-06,1.399e-05,1.009e-05,1.399e-05
1.0144e-05,6.18e-06,1.423e-05,1.017e-05,1.423e-05
1.0026e-05,5.82e-06,1.429e-05,1.0095e-05,1.429e-05
1.0206e-05,5.42e-06,1.493e-05,1.021e-05,1.493e-05
1.0085e-05,5.58e-06,1.457e-05,1.0225e-05,1.457e-05
9.954e-06,5.49e-06,1.451e-05,9.915e-06,1.451e-05
1.0126e-05,5.23e-06,1.483e-05,1.0195e-05,1.483e-05
9.987e-06,5.02e-06,1.516e-05,9.965e-06,1.516e-05
1.0031e-05,4.99e-06,1.513e-05,1.002e-05,1.513e-05
1.0061e-05,4.82e-06,1.537e-05,1.0055e-05,1.537e-05
1.0126e-05,4.32e-06,1.555e-05,1.0045e-05,1.555e-05
1.0001e-05,4.3e-06,1.561e-05,1.0035e-05,1.561e-05
1.0066e-05,4.34e-06,1.568e-05,9.98e-06,1.568e-05
1.0359e-05,4.36e-06,1.563e-05,1.0455e-05,1.563e-05
1.0042e-05,5.94e-06,1.409e-05,1.013e-05,1.375e-05
1.0066e-05,5.77e-06,1.443e-05,1.0115e-05,1.349e-05
1.0001e-05,5.47e-06,1.45e-05,9.98e-06,1.316e-05
1.009e-05,5.56e-06,1.459e-05,1.0135e-05,1.342e-05
1.0033e-05,5.72e-06,1.425e-05,1.0055e-05,1.334e-05
1.0049e-05,5.72e-06,1.433e-05,1.001e-05,1.339e-05
1.0059e-05,5.66e-06,1.426e-05,1.008e-05,1.329e-05
9.979e-06,5.75e-06,1.397e-05,9.995e-06,1.321e-05
1.0248e-05,4.56e-06,1.534e-05,1.065e-05,1.337e-05
1.0034e-05,4.9e-06,1.511e-05,1.0085e-05,1.274e-05
1.002e-05,5.1e-06,1.501e-05,9.925e-06,1.216e-05
1.0115e-05,4.62e-06,1.553e-05,1.014e-05,1.224e-05
1.0021e-05,4.58e-06,1.537e-05,1.009e-05,1.22e-05
1.0054e-05,4.76e-06,1.545e-05,1.0025e-05,1.221e-05
1.005e-05,4.64e-06,1.539e-05,1.0035e-05,1.225e-05
1.0089e-05,4.22e-06,1.585e-05,1.0085e-05,1.193e-05
1.0009e-05,4.26e-06,1.577e-05,9.95e-06,1.139e-05
9.966e-06,4.22e-06,1.568e-05,9.92e-06,1.115e-05
1.0065e-05,4.48e-06,1.557e-05,1e-05,1.119e-05
1.0055e-05,4.72e-06,1.538e-05,1.0145e-05,1.135e-05
1.0066e-05,4.5e-06,1.559e-05,1.002e-05,1.137e-05
1.0087e-05,4.79e-06,1.556e-05,1.0085e-05,1.163e-05
1.0034e-05,4.76e-06,1.527e-05,1e-05,1.168e-05
1.0039e-05,4.77e-06,1.543e-05,1.003e-05,1.159e-05
1.0096e-05,4.54e-06,1.566e-05,1.001e-05,1.147e-05
9.989e-06,4.59e-06,1.541e-05,9.99e-06,1.141e-05
1.008e-05,4.53e-06,1.538e-05,1.0075e-05,1.147e-05
1.0184e-05,4.76e-06,1.569e-05,1.0165e-05,1.158e-05
9.994e-06,4.77e-06,1.518e-05,1e-05,1.169e-05
1.0071e-05,4.89e-06,1.523e-05,9.985e-06,1.137e-05
1.0256e-05,3.94e-06,1.596e-05,1.0195e-05,1.131e-05
9.985e-06,4.21e-06,1.58e-05,9.98e-06,1.064e-05
1.0128e-05,4.54e-06,1.612e-05,1.0075e-05,1.08e-05
9.981e-06,4.3e-06,1.558e-05,9.98e-06,1.059e-05
1.0027e-05,4.58e-06,1.539e-05,1.0015e-05,1.033e-05
1.0155e-05,4.9e-06,1.538e-05,1.015e-05,1.027e-05
9.966e-06,4.58e-06,1.536e-05,1e-05,1.015e-05
1.0066e-05,4.52e-06,1.557e-05,1.0015e-05,1.046e-05
1.0048e-05,4.5e-06,1.56e-05,1.008e-05,1.046e-05
1.001e-05,4.33e-06,1.586e-05,1.0015e-05,1.007e-05
1.0085e-05,3.84e-06,1.613e-05,1.0015e-05,1.001e-05
1.0125e-05,3.74e-06,1.628e-05,1.0115e-05,9.7e-06
1.0031e-05,3.65e-06,1.627e-05,9.91e-06,9.29e-06
1.0101e-05,4.2e-06,1.613e-05,1.011e-05,9.38e-06
1.0066e-05,4.45e-06,1.569e-05,1.0095e-05,9.59e-06
1.3187e-05,1.17e-06,2.092e-05,1.2825e-05,1.471e-05
1.004e-05,1.56e-06,1.843e-05,1.001e-05,9.87e-06
1.0043e-05,2.19e-06,1.793e-05,1.001e-05,9.83e-06
2.1412e-05,2.24e-06,6.356e-05,1.1775e-05,5.532e-05
1.0199e-05,1.6e-06,1.842e-05,1.0295e-05,1.009e-05
1.0126e-05,1.64e-06,1.842e-05,1.0095e-05,9.92e-06
1.015e-05,2.06e-06,1.809e-05,1.024e-05,9.89e-06
1.005e-05,2.2e-06,1.764e-05,1.0065e-05,9.96e-06
1.0021e-05,2.91e-06,1.704e-05,1.0115e-05,1.026e-05
1.0046e-05,3.48e-06,1.651e-05,1.007e-05,1.033e-05
9.975e-06,3.93e-06,1.604e-05,9.95e-06,1.022e-05
1.0021e-05,4.34e-06,1.554e-05,1.0065e-05,1.05e-05
1.0007e-05,4.88e-06,1.535e-05,1.002e-05,1.047e-05
1.0849e-05,4.66e-06,1.51e-05,1.1685e-05,1.374e-05
1.0067e-05,6.11e-06,1.397e-05,1.028e-05,1.397e-05
9.968e-06,6.01e-06,1.397e-05,1.0065e-05,1.397e-05
9.99e-06,5.97e-06,1.405e-05,1.002e-05,1.405e-05
1.0014e-05,6.28e-06,1.389e-05,1.013e-05,1.389e-05
9.912e-06,6.27e-06,1.355e-05,9.87e-06,1.355e-05
1.0054e-05,6.79e-06,1.328e-05,9.985e-06,1.328e-05
1.0013e-05,6.8e-06,1.314e-05,9.97e-06,1.314e-05
9.97e-06,6.78e-06,1.321e-05,9.91e-06,1.321e-05
1.011e-05,6.78e-06,1.334e-05,1.006e-05,1.334e-05
9.969e-06,6.42e-06,1.357e-05,9.93e-06,1.357e-05
1.0028e-05,6.51e-06,1.367e-05,9.96e-06,1.367e-05
1.0258e-05,6.29e-06,1.385e-05,1.03e-05,1.385e-05
1.0073e-05,6.89e-06,1.335e-05,9.92e-06,1.329e-05
1.0064e-05,6.59e-06,1.355e-05,1.006e-05,1.318e-05
1.0007e-05,6.24e-06,1.372e-05,9.995e-06,1.327e-05
1.0365e-05,6.39e-06,1.449e-05,1.0415e-05,1.399e-05
1.0234e-05,5.5e-06,1.489e-05,1.012e-05,1.464e-05
1.0028e-05,4.95e-06,1.513e-05,9.95e-06,1.491e-05
1.0123e-05,4.59e-06,1.558e-05,1.008e-05,1.461e-05
1.0127e-05,4.13e-06,1.612e-05,1.0125e-05,1.466e-05
1.0238e-05,3.4e-06,1.676e-05,1.023e-05,1.497e-05
1.034e-05,2.66e-06,1.765e-05,1.035e-05,1.487e-05
1.0042e-05,2.55e-06,1.764e-05,9.985e-06,1.445e-05
1.0093e-05,2.64e-06,1.753e-05,1.0045e-05,1.466e-05
1.0155e-05,2.59e-06,1.77e-05,9.92e-06,1.477e-05
1.0001e-05,2.55e-06,1.78e-05,9.915e-06,1.452e-05
1.0281e-05,2.98e-06,1.788e-05,1.0615e-05,1.319e-05
1.0045e-05,3.13e-06,1.731e-05,9.945e-06,1.331e-05
1.011e-05,2.73e-06,1.749e-05,9.94e-06,1.352e-05
1.0044e-05,2.76e-06,1.731e-05,1.0075e-05,1.332e-05
1.002e-05,3.01e-06,1.703e-05,1.0025e-05,1.289e-05
1.003e-05,2.98e-06,1.732e-05,9.89e-06,1.301e-05
1.0182e-05,2.99e-06,1.748e-05,1.026e-05,1.332e-05
1.0089e-05,2.75e-06,1.741e-05,1.02e-05,1.338e-05
1.0056e-05,2.51e-06,1.754e-05,1.003e-05,1.349e-05
1.0206e-05,2.25e-06,1.839e-05,1.019e-05,1.388e-05
1.006e-05,1.83e-06,1.85e-05,1.001e-05,1.387e-05
1.0045e-05,1.57e-06,1.846e-05,1.0045e-05,1.424e-05
1.0093e-05,1.9e-06,1.872e-05,1.002e-05,1.386e-05
1.001e-05,1.56e-06,1.848e-05,9.91e-06,1.413e-05
1.0061e-05,1.64e-06,1.856e-05,1.006e-05,1.438e-05
9.998e-06,1.58e-06,1.85e-05,1.003e-05,1.446e-05
9.93e-06,1.36e-06,1.862e-05,9.905e-06,1.461e-05
1.0309e-05,1.34e-06,1.911e-05,1.023e-05,1.521e-05
1.0087e-05,1.34e-06,1.911e-05,1.0125e-05,1.475e-05
1.0168e-05,1.45e-06,1.891e-05,1.0075e-05,1.501e-05
1.0116e-05,9.6e-07,1.928e-05,9.855e-06,1.484e-05
1.0046e-05,1.5e-06,1.897e-05,1e-05,1.488e-05
1.0132e-05,1.51e-06,1.854e-05,1.02e-05,1.526e-05
9.959e-06,1.3e-06,1.882e-05,9.9e-06,1.49e-05
9.98e-06,1.29e-06,1.886e-05,9.92e-06,1.456e-05
1.0036e-05,1.42e-06,1.884e-05,1.003e-05,1.477e-05
1.0084e-05,1.31e-06,1.911e-05,9.97e-06,1.479e-05
1.007e-05,1.07e-06,1.917e-05,9.97e-06,1.458e-05
1.0153e-05,1.4e-06,1.924e-05,1.024e-05,1.481e-05
1.0147e-05,1.45e-06,1.913e-05,1.018e-05,1.476e-05
1.0186e-05,1.39e-06,1.916e-05,1.018e-05,1.501e-05
1.0091e-05,1.38e-06,1.897e-05,1.0065e-05,1.489e-05
9.975e-06,1.12e-06,1.9e-05,9.9e-06,1.469e-05
1.0124e-05,1.05e-06,1.914e-05,1.0085e-05,1.49e-05
1.0039e-05,1.09e-06,1.917e-05,9.97e-06,1.476e-05
1.0097e-05,1.01e-06,1.922e-05,1.0045e-05,1.481e-05
9.996e-06,1.01e-06,1.92e-05,9.915e-06,1.474e-05
1.0161e-05,1.07e-06,1.926e-05,1.0145e-05,1.491e-05
1.0234e-05,9.9e-07,1.928e-05,1.0035e-05,1.527e-05
9.996e-06,1.51e-06,1.869e-05,9.955e-06,1.524e-05
1.0027e-05,1.88e-06,1.866e-05,9.96e-06,1.52e-05
1.005e-05,1.8e-06,1.847e-05,9.97e-06,1.522e-05
1.0059e-05,1.38e-06,1.871e-05,1.0005e-05,1.505e-05
1.0026e-05,1.09e-06,1.896e-05,1.001e-05,1.502e-05
1.0034e-05,1.56e-06,1.905e-05,1e-05,1.457e-05
1.0163e-05,1.31e-06,1.89e-05,1.008e-05,1.503e-05
1.0129e-05,1.22e-06,1.896e-05,9.96e-06,1.491e-05
1.0099e-05,1.21e-06,1.907e-05,9.945e-06,1.462e-05
1.0129e-05,9.5e-07,1.922e-05,1.008e-05,1.477e-05
1.0095e-05,1.1e-06,1.912e-05,1.007e-05,1.455e-05
1.0131e-05,1.19e-06,1.921e-05,9.975e-06,1.471e-05
1.0003e-05,1.36e-06,1.896e-05,9.97e-06,1.48e-05
9.967e-06,1.23e-06,1.896e-05,9.865e-06,1.463e-05
1.0084e-05,1.13e-06,1.912e-05,9.92e-06,1.475e-05
1.0051e-05,1.31e-06,1.902e-05,9.865e-06,1.493e-05
1.0034e-05,1.12e-06,1.914e-05,1.0035e-05,1.491e-05
1.0383e-05,8.9e-07,1.939e-05,1.0275e-05,1.531e-05
1.0268e-05,9.5e-07,1.963e-05,1.0185e-05,1.512e-05
1.0221e-05,1.01e-06,1.93e-05,1.0055e-05,1.492e-05
9.999e-06,1.18e-06,1.898e-05,9.955e-06,1.455e-05
1.001e-05,1.37e-06,1.881e-05,9.94e-06,1.431e-05
1.0031e-05,1.21e-06,1.916e-05,9.895e-06,1.469e-05
1.0093e-05,1.2e-06,1.914e-05,9.97e-06,1.487e-05
1.0013e-05,1.28e-06,1.904e-05,9.965e-06,1.465e-05
1.0021e-05,1.31e-06,1.896e-05,9.98e-06,1.466e-05
1.0182e-05,1.06e-06,1.926e-05,1.0115e-05,1.501e-05
1.0041e-05,1.48e-06,1.905e-05,9.91e-06,1.495e-05
1.0064e-05,1.65e-06,1.852e-05,1.016e-05,1.485e-05
1.0005e-05,1.87e-06,1.847e-05,9.955e-06,1.444e-05
1.0005e-05,1.61e-06,1.854e-05,9.98e-06,1.472e-05
1.0036e-05,1.39e-06,1.871e-05,1.0025e-05,1.491e-05
1.0081e-05,1.42e-06,1.895e-05,1.0015e-05,1.486e-05
9.984e-06,1.32e-06,1.886e-05,9.96e-06,1.458e-05
1.0031e-05,1.25e-06,1.89e-05,9.95e-06,1.48e-05
1.0086e-05,1.03e-06,1.927e-05,9.945e-06,1.466e-05
1.0099e-05,1.52e-06,1.879e-05,9.98e-06,1.489e-05
1.0076e-05,1.9e-06,1.861e-05,9.885e-06,1.449e-05
1.0109e-05,1.81e-06,1.852e-05,1.005e-05,1.472e-05
1.0142e-05,1.71e-06,1.854e-05,1.01e-05,1.503e-05
1.0017e-05,1.35e-06,1.875e-05,9.99e-06,1.516e-05
9.996e-06,1.55e-06,1.877e-05,9.925e-06,1.51e-05
1.0164e-05,1.37e-06,1.916e-05,1.015e-05,1.504e-05
1.0151e-05,1.04e-06,1.931e-05,1.007e-05,1.525e-05
1.0124e-05,1.46e-06,1.918e-05,1.01e-05,1.516e-05
1.0015e-05,9.3e-07,1.916e-05,1.003e-05,1.48e-05
1.0241e-05,9.2e-07,1.969e-05,1.024e-05,1.514e-05
1.0106e-05,1.09e-06,1.937e-05,1.006e-05,1.489e-05
9.986e-06,1.22e-06,1.888e-05,9.885e-06,1.498e-05
9.988e-06,1.3e-06,1.882e-05,1.0045e-05,1.498e-05
1.0108e-05,1.45e-06,1.901e-05,1.01e-05,1.494e-05
1.015e-05,1.39e-06,1.905e-05,9.99e-06,1.496e-05
1.0081e-05,1.09e-06,1.919e-05,1e-05,1.481e-05
1.0053e-05,1.45e-06,1.873e-05,9.955e-06,1.478e-05
1.0191e-05,1.43e-06,1.924e-05,1.0015e-05,1.487e-05
1.0076e-05,1.52e-06,1.884e-05,9.93e-06,1.496e-05
1.0281e-05,1.24e-06,1.939e-05,1.0195e-05,1.523e-05
1.0092e-05,1.1e-06,1.901e-05,1.0105e-05,1.498e-05
1.0189e-05,9.7e-07,1.95e-05,1.0045e-05,1.486e-05
1.0074e-05,1.27e-06,1.907e-05,1.005e-05,1.47e-05
9.997e-06,1.23e-06,1.885e-05,9.93e-06,1.444e-05
1.012e-05,1.36e-06,1.896e-05,1.015e-05,1.444e-05
1.0023e-05,1.5e-06,1.89e-05,9.98e-06,1.463e-05
1.0136e-05,1.33e-06,1.901e-05,1.005e-05,1.494e-05
1.0044e-05,1.26e-06,1.898e-05,1.001e-05,1.489e-05
1.015e-05,1.02e-06,1.928e-05,9.99e-06,1.492e-05
1.0154e-05,1.25e-06,1.927e-05,9.985e-06,1.496e-05
1.0138e-05,9.9e-07,1.93e-05,1.002e-05,1.5e-05
1.0274e-05,1.02e-06,1.939e-05,1.0145e-05,1.533e-05
1.0074e-05,9.3e-07,1.924e-05,1.001e-05,1.489e-05
1.0085e-05,1.3e-06,1.919e-05,9.855e-06,1.471e-05
1.0057e-05,1.31e-06,1.883e-05,9.95e-06,1.516e-05
9.985e-06,1.43e-06,1.874e-05,9.9e-06,1.497e-05
1.0049e-05,1.01e-06,1.917e-05,9.985e-06,1.471e-05
1.0241e-05,1.32e-06,1.947e-05,1.0135e-05,1.489e-05
1.0026e-05,9.4e-07,1.912e-05,9.93e-06,1.479e-05
1.016e-05,9.2e-07,1.945e-05,1.008e-05,1.495e-05
1.0128e-05,1.02e-06,1.945e-05,1.01e-05,1.489e-05
9.977e-06,1.04e-06,1.908e-05,9.89e-06,1.476e-05
1.0056e-05,1.17e-06,1.912e-05,9.975e-06,1.489e-05
1.0204e-05,1.23e-06,1.952e-05,1.0115e-05,1.49e-05
1.0024e-05,1.06e-06,1.92e-05,9.98e-06,1.472e-05
1.0116e-05,1.19e-06,1.924e-05,9.95e-06,1.457e-05
1.0128e-05,1.4e-06,1.886e-05,1.0065e-05,1.476e-05
1.0073e-05,1.09e-06,1.923e-05,9.95e-06,1.47e-05
1.0184e-05,1.18e-06,1.939e-05,1.0105e-05,1.436e-05
1.0074e-05,9.5e-07,1.916e-05,1.0045e-05,1.474e-05
1.0056e-05,1.29e-06,1.906e-05,9.99e-06,1.456e-05
1.7573e-05,1.32e-06,2.404e-05,1.92e-05,2.395e-05
1.0118e-05,1.64e-06,1.872e-05,1.015e-05,1.516e-05
1.0051e-05,1.94e-06,1.822e-05,1.012e-05,1.486e-05
1.0046e-05,2.08e-06,1.783e-05,1.001e-05,1.49e-05
1.0046e-05,2.47e-06,1.759e-05,1.0075e-05,1.451e-05
1.004e-05,2.73e-06,1.728e-05,1.0235e-05,1.44e-05
9.983e-06,3.14e-06,1.679e-05,1.0045e-05,1.422e-05
1.0099e-05,3.47e-06,1.648e-05,1.011e-05,1.437e-05
1.0022e-05,3.28e-06,1.657e-05,1.0075e-05,1.439e-05
1.0061e-05,3.74e-06,1.622e-05,1.0115e-05,1.435e-05
1.0074e-05,4.26e-06,1.583e-05,1.0125e-05,1.438e-05
1.0018e-05,4.51e-06,1.525e-05,1.013e-05,1.464e-05
1.0012e-05,5.03e-06,1.496e-05,1.0065e-05,1.414e-05
1.0007e-05,5.41e-06,1.447e-05,1e-05,1.408e-05
9.957e-06,5.7e-06,1.413e-05,9.99e-06,1.413e-05
1.0105e-05,6.04e-06,1.411e-05,1.0165e-05,1.411e-05
1.0016e-05,5.79e-06,1.411e-05,1.0025e-05,1.411e-05
9.972e-06,5.57e-06,1.441e-05,9.9e-06,1.441e-05
1e-05,5.41e-06,1.455e-05,9.975e-06,1.455e-05
9.981e-06,5.58e-06,1.437e-05,9.915e-06,1.433e-05
1.0006e-05,5.38e-06,1.464e-05,1.003e-05,1.458e-05
1.0021e-05,5.26e-06,1.481e-05,1.0005e-05,1.468e-05
1.0079e-05,5.43e-06,1.489e-05,9.945e-06,1.489e-05
1.0117e-05,5.43e-06,1.475e-05,1.0255e-05,1.475e-05
1.0052e-05,5.49e-06,1.492e-05,9.875e-06,1.461e-05
9.966e-06,5.27e-06,1.484e-05,9.91e-06,1.462e-05
1.0094e-05,5.09e-06,1.525e-05,1.009e-05,1.479e-05
1.0045e-05,4.74e-06,1.551e-05,1.0015e-05,1.492e-05
1.0006e-05,4.43e-06,1.551e-05,9.995e-06,1.486e-05
9.996e-06,4.89e-06,1.542e-05,1.006e-05,1.462e-05
1.0131e-05,4.42e-06,1.578e-05,1.016e-05,1.48e-05
1.0097e-05,4.42e-06,1.593e-05,1.0125e-05,1.468e-05
1.0015e-05,4.34e-06,1.582e-05,1.004e-05,1.46e-05
1.0293e-05,4.1e-06,1.65e-05,1.0235e-05,1.523e-05
1.0198e-05,3.02e-06,1.709e-05,1.02e-05,1.509e-05
9.99e-06,2.79e-06,1.724e-05,9.95e-06,1.515e-05
1.0015e-05,2.38e-06,1.759e-05,9.97e-06,1.487e-05
1.011e-05,2.26e-06,1.819e-05,1.0125e-05,1.465e-05
1.0116e-05,1.53e-06,1.871e-05,1.0105e-05,1.473e-05
1.0089e-05,1.28e-06,1.891e-05,9.995e-06,1.489e-05
1.0074e-05,1.19e-06,1.913e-05,1e-05,1.475e-05
1.0051e-05,1e-06,1.923e-05,9.97e-06,1.465e-05
1.0215e-05,1.26e-06,1.944e-05,1.0165e-05,1.48e-05
1.0224e-05,1.17e-06,1.934e-05,1.0195e-05,1.499e-05
1.01e-05,1.27e-06,1.919e-05,1.0025e-05,1.466e-05
1.0109e-05,1.77e-06,1.861e-05,1.007e-05,1.471e-05
1.0064e-05,1.44e-06,1.895e-05,1.007e-05,1.465e-05
1.0279e-05,1.31e-06,1.926e-05,1.02e-05,1.538e-05
1.0125e-05,9.5e-07,1.93e-05,1.0005e-05,1.515e-05
1.0249e-05,9.5e-07,1.982e-05,1.024e-05,1.498e-05
1.0374e-05,1.04e-06,1.993e-05,1.031e-05,1.507e-05
1.0078e-05,1.03e-06,1.921e-05,9.955e-06,1.481e-05
1.3557e-05,1.16e-06,4.717e-05,1.0025e-05,1.479e-05
1.0346e-05,1.22e-06,1.915e-05,1.014e-05,1.578e-05
1.0054e-05,1.67e-06,1.847e-05,9.945e-06,1.55e-05
1.0017e-05,1.52e-06,1.837e-05,9.9e-06,1.529e-05
1.0044e-05,2.09e-06,1.807e-05,9.96e-06,1.55e-05
1.002e-05,2.49e-06,1.755e-05,9.87e-06,1.552e-05
1.0039e-05,2.92e-06,1.743e-05,9.97e-06,1.564e-05
9.985e-06,2.72e-06,1.726e-05,9.86e-06,1.574e-05
1.0039e-05,3.04e-06,1.712e-05,9.93e-06,1.6e-05
1.0177e-05,3.51e-06,1.678e-05,1.02e-05,1.657e-05
1.0046e-05,3.43e-06,1.702e-05,1.006e-05,1.702e-05
1.0055e-05,3.47e-06,1.689e-05,1.0125e-05,1.689e-05
1.0065e-05,3.13e-06,1.703e-05,1.0085e-05,1.703e-05
1.0085e-05,3.07e-06,1.717e-05,1e-05,1.717e-05
1.0109e-05,2.96e-06,1.729e-05,1.006e-05,1.729e-05
1.0036e-05,2.5e-06,1.768e-05,1.0035e-05,1.768e-05
1.0112e-05,2.4e-06,1.785e-05,1.0065e-05,1.785e-05
1.0031e-05,2.21e-06,1.784e-05,1.0075e-05,1.784e-05
1.0021e-05,2.09e-06,1.804e-05,9.905e-06,1.804e-05
1e-05,2.08e-06,1.813e-05,1.0045e-05,1.813e-05
1.0053e-05,2.02e-06,1.82e-05,1e-05,1.82e-05
1.0019e-05,1.86e-06,1.845e-05,9.975e-06,1.845e-05
1.0092e-05,1.62e-06,1.857e-05,1.0075e-05,1.857e-05
1.0031e-05,1.8e-06,1.847e-05,1.0005e-05,1.847e-05
1.0019e-05,1.59e-06,1.863e-05,9.985e-06,1.863e-05
9.955e-06,1.64e-06,1.837e-05,9.965e-06,1.837e-05
9.981e-06,1.84e-06,1.819e-05,9.89e-06,1.819e-05
1.0033e-05,1.58e-06,1.87e-05,1.0115e-05,1.87e-05
1.0041e-05,1.33e-06,1.894e-05,1.0035e-05,1.894e-05
1.0124e-05,1.14e-06,1.923e-05,1.016e-05,1.923e-05
1.0044e-05,1.25e-06,1.905e-05,9.985e-06,1.905e-05
1.0095e-05,1.46e-06,1.886e-05,1.007e-05,1.886e-05
1.0171e-05,1.42e-06,1.883e-05,1.015e-05,1.883e-05
1.0076e-05,1.41e-06,1.866e-05,1e-05,1.866e-05
1.0049e-05,1.37e-06,1.889e-05,1.0005e-05,1.889e-05
1.0174e-05,1.49e-06,1.907e-05,1.017e-05,1.907e-05
9.982e-06,1.89e-06,1.818e-05,1.002e-05,1.818e-05
9.983e-06,2.15e-06,1.802e-05,9.98e-06,1.802e-05
1.0032e-05,2.26e-06,1.809e-05,9.95e-06,1.809e-05
1.0075e-05,2.55e-06,1.815e-05,1.0035e-05,1.815e-05
1.0265e-05,2.01e-06,1.849e-05,1.0135e-05,1.849e-05
1.0116e-05,1.73e-06,1.833e-05,1.0145e-05,1.833e-05
1.0136e-05,1.98e-06,1.833e-05,1.0155e-05,1.833e-05
1.026e-05,2.29e-06,1.85e-05,1.0345e-05,1.85e-05
1.0049e-05,1.83e-06,1.828e-05,9.945e-06,1.828e-05
1.0256e-05,1.26e-06,1.898e-05,1.02e-05,1.898e-05
1.003e-05,1.17e-06,1.897e-05,1.0035e-05,1.897e-05
1.0006e-05,1.3e-06,1.89e-05,9.98e-06,1.89e-05
9.994e-06,1.41e-06,1.889e-05,9.99e-06,1.889e-05
1.0115e-05,1.49e-06,1.878e-05,1.019e-05,1.878e-05
1.0014e-05,1.42e-06,1.871e-05,9.955e-06,1.871e-05
1.0129e-05,1.38e-06,1.896e-05,1.013e-05,1.896e-05
9.995e-06,1.09e-06,1.908e-05,9.93e-06,1.908e-05
1.0031e-05,1.27e-06,1.905e-05,1.0005e-05,1.905e-05
1.0024e-05,1.47e-06,1.89e-05,9.955e-06,1.89e-05
1.0004e-05,1.87e-06,1.846e-05,9.985e-06,1.846e-05
1.0023e-05,1.56e-06,1.841e-05,1.009e-05,1.841e-05
1.0054e-05,1.68e-06,1.846e-05,1.006e-05,1.846e-05
1.0094e-05,1.66e-06,1.858e-05,1.0045e-05,1.858e-05
1.0122e-05,2.26e-06,1.841e-05,1.0115e-05,1.841e-05
9.999e-06,1.91e-06,1.818e-05,9.96e-06,1.818e-05
1.0076e-05,1.69e-06,1.851e-05,9.995e-06,1.851e-05
1.0028e-05,1.56e-06,1.847e-05,1e-05,1.847e-05
1.0215e-05,1.83e-06,1.885e-05,1.0275e-05,1.885e-05
1.002e-05,2.08e-06,1.825e-05,9.945e-06,1.825e-05
1.0057e-05,2.07e-06,1.828e-05,1.008e-05,1.828e-05
1.004e-05,1.98e-06,1.841e-05,1.0015e-05,1.841e-05
1.0122e-05,1.57e-06,1.872e-05,1.02e-05,1.872e-05
1.006e-05,1.47e-06,1.878e-05,9.995e-06,1.878e-05
1.0054e-05,1.52e-06,1.877e-05,1.0135e-05,1.877e-05
1.0022e-05,1.15e-06,1.905e-05,9.96e-06,1.905e-05
1.0031e-05,1.19e-06,1.914e-05,1.007e-05,1.914e-05
1.0109e-05,1.19e-06,1.921e-05,1.003e-05,1.921e-05
1.0281e-05,1.12e-06,1.959e-05,1.02e-05,1.959e-05
1.0335e-05,1.54e-06,1.924e-05,1.035e-05,1.924e-05
1.0068e-05,1.46e-06,1.892e-05,1.001e-05,1.892e-05
1.1293e-05,1.39e-06,1.918e-05,1.011e-05,1.918e-05
1.0007e-05,1.36e-06,1.87e-05,9.885e-06,1.489e-05
1.0073e-05,1.53e-06,1.866e-05,1.0025e-05,1.528e-05
1.0049e-05,2.17e-06,1.8e-05,9.92e-06,1.542e-05
9.976e-06,1.99e-06,1.778e-05,9.905e-06,1.538e-05
9.962e-06,2.41e-06,1.742e-05,9.84e-06,1.516e-05
1.001e-05,2.94e-06,1.723e-05,9.855e-06,1.528e-05
1.0064e-05,2.89e-06,1.721e-05,9.965e-06,1.534e-05
9.931e-06,3.39e-06,1.666e-05,9.83e-06,1.513e-05
9.958e-06,3.53e-06,1.635e-05,9.92e-06,1.498e-05
1.0066e-05,4.03e-06,1.642e-05,9.98e-06,1.508e-05
9.976e-06,4.22e-06,1.574e-05,9.825e-06,1.51e-05
1.0059e-05,3.88e-06,1.622e-05,1.001e-05,1.517e-05
1.0033e-05,3.64e-06,1.637e-05,9.995e-06,1.546e-05
1.0004e-05,3.92e-06,1.618e-05,9.96e-06,1.559e-05
9.992e-06,3.72e-06,1.619e-05,1.0005e-05,1.568e-05
9.944e-06,3.84e-06,1.603e-05,9.97e-06,1.542e-05
9.999e-06,3.8e-06,1.626e-05,1.004e-05,1.533e-05
1.0011e-05,3.75e-06,1.628e-05,1.001e-05,1.555e-05
1.0024e-05,3.89e-06,1.618e-05,1.0055e-05,1.532e-05
1.005e-05,3.86e-06,1.606e-05,1.016e-05,1.526e-05
1.0052e-05,3.95e-06,1.605e-05,1.021e-05,1.529e-05
1.0031e-05,4.44e-06,1.563e-05,1.0085e-05,1.553e-05
1.0068e-05,4.67e-06,1.568e-05,1.003e-05,1.568e-05
9.995e-06,4.3e-06,1.584e-05,1.003e-05,1.584e-05
1.0009e-05,4.47e-06,1.582e-05,1e-05,1.582e-05
1.0299e-05,4.41e-06,1.584e-05,1.021e-05,1.584e-05
1.0046e-05,4.19e-06,1.587e-05,1.004e-05,1.587e-05
1.0152e-05,3.89e-06,1.618e-05,1.0075e-05,1.618e-05
1.0059e-05,3.95e-06,1.63e-05,9.955e-06,1.63e-05
9.971e-06,4.09e-06,1.627e-05,9.95e-06,1.627e-05
1.0111e-05,4.4e-06,1.615e-05,1.0095e-05,1.615e-05
1.0121e-05,3.98e-06,1.603e-05,1.0135e-05,1.603e-05
1.0036e-05,4.34e-06,1.592e-05,9.95e-06,1.592e-05
1.0081e-05,4.41e-06,1.584e-05,1.0115e-05,1.584e-05
1.0023e-05,4.82e-06,1.556e-05,1.007e-05,1.556e-05
1.0278e-05,4.16e-06,1.61e-05,1.022e-05,1.61e-05
1.028e-05,3.68e-06,1.671e-05,1.025e-05,1.671e-05
9.989e-06,3.57e-06,1.659e-05,9.985e-06,1.659e-05
1.0088e-05,3.75e-06,1.674e-05,1.0065e-05,1.674e-05
9.959e-06,3.81e-06,1.647e-05,9.895e-06,1.647e-05
9.977e-06,3.85e-06,1.631e-05,1.001e-05,1.631e-05
1.0133e-05,3.65e-06,1.655e-05,1.007e-05,1.655e-05
1.0192e-05,3.09e-06,1.709e-05,1.0205e-05,1.709e-05
1.0114e-05,3.47e-06,1.705e-05,1.0145e-05,1.705e-05
1.0025e-05,3.43e-06,1.678e-05,1e-05,1.678e-05
1.0071e-05,3.4e-06,1.682e-05,1.0025e-05,1.682e-05
1.0146e-05,3.12e-06,1.739e-05,1.011e-05,1.739e-05
1.0031e-05,2.7e-06,1.74e-05,1.0055e-05,1.74e-05
1.0059e-05,2.89e-06,1.751e-05,1.0085e-05,1.751e-05
1.0049e-05,2.76e-06,1.734e-05,1.0035e-05,1.734e-05
1.0024e-05,2.49e-06,1.764e-05,1.002e-05,1.764e-05
9.998e-06,2.75e-06,1.736e-05,9.95e-06,1.736e-05
1.0024e-05,2.73e-06,1.745e-05,1.0015e-05,1.745e-05
1.0202e-05,2.65e-06,1.764e-05,1.0125e-05,1.764e-05
1.0057e-05,2.31e-06,1.786e-05,1.009e-05,1.786e-05
1.0085e-05,2.31e-06,1.787e-05,1.021e-05,1.787e-05
1.0012e-05,2.03e-06,1.82e-05,9.975e-06,1.82e-05
1.0146e-05,1.84e-06,1.836e-05,1.003e-05,1.836e-05
9.96e-06,1.45e-06,1.852e-05,1.0025e-05,1.852e-05
1.0588e-05,1.22e-06,1.89e-05,1.0175e-05,1.89e-05
1.005e-05,2.9e-06,1.741e-05,1.004e-05,1.741e-05
1.0018e-05,2.85e-06,1.719e-05,1.0035e-05,1.719e-05
1.0119e-05,2.99e-06,1.765e-05,1.016e-05,1.765e-05
9.941e-06,3.04e-06,1.704e-05,9.895e-06,1.704e-05
1.0104e-05,2.8e-06,1.739e-05,1.001e-05,1.739e-05
1.0039e-05,2.82e-06,1.728e-05,1.0125e-05,1.728e-05
1.0042e-05,2.81e-06,1.735e-05,9.99e-06,1.735e-05
1.0124e-05,2.88e-06,1.733e-05,1.005e-05,1.733e-05
1.0101e-05,2.79e-06,1.729e-05,1.0095e-05,1.729e-05
1.0144e-05,2.82e-06,1.736e-05,1.0065e-05,1.736e-05
1.006e-05,2.69e-06,1.762e-05,1e-05,1.762e-05
1.0061e-05,2.55e-06,1.766e-05,9.92e-06,1.766e-05
1.0139e-05,2.6e-06,1.763e-05,1.028e-05,1.763e-05
1.012e-05,2.75e-06,1.748e-05,1.006e-05,1.748e-05
1.0156e-05,2.92e-06,1.757e-05,1.009e-05,1.757e-05
1.005e-05,2.88e-06,1.718e-05,1.0035e-05,1.718e-05
1.0028e-05,3.14e-06,1.706e-05,1.003e-05,1.706e-05
1.0066e-05,3.22e-06,1.713e-05,1.004e-05,1.713e-05
1.0141e-05,3.23e-06,1.728e-05,1.006e-05,1.728e-05
1.0136e-05,2.79e-06,1.742e-05,1.011e-05,1.742e-05
1.0064e-05,2.55e-06,1.763e-05,9.995e-06,1.763e-05
1.0034e-05,2.52e-06,1.771e-05,9.975e-06,1.771e-05
1.0095e-05,2.46e-06,1.776e-05,1.012e-05,1.776e-05
1.0096e-05,2.34e-06,1.789e-05,1.0165e-05,1.789e-05
1.0042e-05,2.17e-06,1.796e-05,1.0075e-05,1.796e-05
1.0067e-05,1.9e-06,1.827e-05,1.0075e-05,1.827e-05
1.0155e-05,1.77e-06,1.852e-05,1.0095e-05,1.852e-05
1e-05,1.7e-06,1.847e-05,9.965e-06,1.847e-05
9.995e-06,1.76e-06,1.844e-05,1.0025e-05,1.844e-05
1.0001e-05,1.66e-06,1.838e-05,1.004e-05,1.838e-05
1.0355e-05,2.25e-06,1.845e-05,1.0405e-05,1.845e-05
1.0038e-05,2.58e-06,1.774e-05,1.0135e-05,1.774e-05
1.0005e-05,2.96e-06,1.714e-05,1.0085e-05,1.714e-05
1.004e-05,3.12e-06,1.742e-05,1.0025e-05,1.742e-05
1.0063e-05,2.94e-06,1.753e-05,1.008e-05,1.753e-05
1.0099e-05,2.52e-06,1.769e-05,1.008e-05,1.769e-05
1.0061e-05,2.37e-06,1.786e-05,1.004e-05,1.786e-05
1.0167e-05,2e-06,1.848e-05,1.023e-05,1.848e-05
1.003e-05,1.68e-06,1.847e-05,1.017e-05,1.847e-05
1.0105e-05,2.04e-06,1.827e-05,1.013e-05,1.827e-05
1.0331e-05,1.47e-06,1.933e-05,1.0225e-05,1.933e-05
1.0176e-05,1.13e-06,1.941e-05,1.0235e-05,1.941e-05
1.0203e-05,1.3e-06,1.925e-05,1.015e-05,1.925e-05
1.0051e-05,1.32e-06,1.911e-05,9.96e-06,1.911e-05
1.0129e-05,1.21e-06,1.893e-05,1.009e-05,1.893e-05
1.013e-05,1.3e-06,1.918e-05,1.0005e-05,1.918e-05
1.0031e-05,1.45e-06,1.88e-05,1.004e-05,1.88e-05
9.986e-06,1.33e-06,1.876e-05,1.0025e-05,1.876e-05
1.0064e-05,1.5e-06,1.883e-05,9.985e-06,1.883e-05
1.0314e-05,9.9e-07,1.94e-05,1.0345e-05,1.94e-05
1.017e-05,1.36e-06,1.933e-05,1.0135e-05,1.933e-05
1.024e-05,8.8e-07,1.952e-05,1.021e-05,1.952e-05
1.0479e-05,9.5e-07,1.982e-05,1.033e-05,1.982e-05
1.0027e-05,1.15e-06,1.928e-05,9.99e-06,1.928e-05
1.0252e-05,1.31e-06,1.909e-05,1.015e-05,1.909e-05
1.0087e-05,1.26e-06,1.912e-05,9.97e-06,1.912e-05
1.0064e-05,1.21e-06,1.915e-05,9.975e-06,1.915e-05
1.0135e-05,1.24e-06,1.925e-05,1.0035e-05,1.925e-05
1.0079e-05,1.18e-06,1.937e-05,1.0065e-05,1.937e-05
9.992e-06,1.2e-06,1.911e-05,9.955e-06,1.911e-05
1.0024e-05,1.24e-06,1.888e-05,9.99e-06,1.888e-05
1.0036e-05,1.11e-06,1.91e-05,9.965e-06,1.91e-05
1.0081e-05,1.51e-06,1.86e-05,1.0295e-05,1.86e-05
1.0067e-05,1.65e-06,1.851e-05,1.004e-05,1.851e-05
1.0149e-05,1.21e-06,1.9e-05,1.0105e-05,1.9e-05
1.0027e-05,1.1e-06,1.906e-05,1.0015e-05,1.906e-05
1.0195e-05,1.04e-06,1.949e-05,1.018e-05,1.949e-05
1.0091e-05,1.33e-06,1.901e-05,1.024e-05,1.901e-05
1.0105e-05,1.12e-06,1.897e-05,9.96e-06,1.897e-05
1.0119e-05,1.01e-06,1.913e-05,1.003e-05,1.913e-05
1.0028e-05,1.17e-06,1.907e-05,9.96e-06,1.907e-05
1.0026e-05,1.56e-06,1.891e-05,1e-05,1.891e-05
1.0088e-05,1.76e-06,1.858e-05,1.002e-05,1.858e-05
1.0009e-05,1.62e-06,1.852e-05,1.002e-05,1.852e-05
1.0042e-05,1.49e-06,1.871e-05,1.0055e-05,1.871e-05
9.999e-06,1.23e-06,1.882e-05,9.975e-06,1.882e-05
1.0039e-05,1.13e-06,1.909e-05,9.995e-06,1.909e-05
1.0009e-05,1.19e-06,1.896e-05,9.915e-06,1.896e-05
1.0019e-05,1.4e-06,1.894e-05,1.0075e-05,1.894e-05
1.0199e-05,1.24e-06,1.931e-05,1.025e-05,1.931e-05
1.025e-05,9.8e-07,1.941e-05,1.013e-05,1.941e-05
1.0121e-05,1.26e-06,1.931e-05,1.0185e-05,1.931e-05
1.013e-05,1.14e-06,1.943e-05,1.0145e-05,1.943e-05
1.0011e-05,1.07e-06,1.916e-05,1e-05,1.916e-05
1.0235e-05,1.12e-06,1.977e-05,1.016e-05,1.977e-05
1.02e-05,1.08e-06,1.937e-05,1.013e-05,1.937e-05
9.958e-06,1.1e-06,1.902e-05,1.001e-05,1.902e-05
1.0151e-05,1.39e-06,1.917e-05,1.027e-05,1.917e-05
1.0225e-05,1.31e-06,1.923e-05,1.022e-05,1.923e-05
1.0077e-05,1.39e-06,1.924e-05,9.97e-06,1.924e-05
1.0139e-05,1.18e-06,1.934e-05,1.0145e-05,1.934e-05
1.0155e-05,1.18e-06,1.944e-05,1.013e-05,1.944e-05
1.0219e-05,1.23e-06,1.925e-05,1.016e-05,1.925e-05
1.0039e-05,1.48e-06,1.864e-05,1e-05,1.864e-05
9.966e-06,1.46e-06,1.864e-05,9.975e-06,1.864e-05
9.986e-06,1.34e-06,1.88e-05,9.98e-06,1.88e-05
1.0002e-05,9.8e-07,1.904e-05,9.945e-06,1.904e-05
1.0064e-05,1.27e-06,1.913e-05,9.97e-06,1.913e-05
1.0144e-05,1.37e-06,1.905e-05,1.0125e-05,1.905e-05
1.0051e-05,1.04e-06,1.923e-05,1.0005e-05,1.923e-05
1.0097e-05,1.11e-06,1.924e-05,1.008e-05,1.924e-05
1.0187e-05,9.2e-07,1.933e-05,1.0105e-05,1.933e-05
1.0042e-05,8.8e-07,1.919e-05,1.001e-05,1.919e-05
1.0086e-05,1.29e-06,1.915e-05,1.0085e-05,1.915e-05
1.0162e-05,1.29e-06,1.906e-05,1.021e-05,1.906e-05
1.01e-05,1.08e-06,1.922e-05,9.99e-06,1.922e-05
1.006e-05,1.51e-06,1.899e-05,1.008e-05,1.899e-05
1.0104e-05,1.12e-06,1.89e-05,1.0065e-05,1.89e-05
1.0055e-05,9.2e-07,1.923e-05,9.975e-06,1.923e-05
1.0094e-05,1.5e-06,1.906e-05,1.018e-05,1.906e-05
9.959e-06,1.79e-06,1.838e-05,9.975e-06,1.838e-05
1.0034e-05,1.67e-06,1.833e-05,9.96e-06,1.833e-05
1.0003e-05,1.69e-06,1.842e-05,9.99e-06,1.842e-05
1.0042e-05,1.42e-06,1.874e-05,9.935e-06,1.874e-05
1.0111e-05,1.73e-06,1.873e-05,1.0125e-05,1.873e-05
1.0164e-05,1.45e-06,1.872e-05,1.031e-05,1.872e-05
1.0246e-05,1.85e-06,1.872e-05,9.945e-06,1.872e-05
1.0036e-05,2.9e-06,1.763e-05,9.97e-06,1.763e-05
1.0085e-05,2.54e-06,1.795e-05,1.0115e-05,1.795e-05
9.995e-06,2.21e-06,1.805e-05,1e-05,1.805e-05
9.988e-06,1.97e-06,1.818e-05,9.945e-06,1.818e-05
1.0139e-05,1.63e-06,1.856e-05,1.0065e-05,1.856e-05
1.008e-05,1.53e-06,1.893e-05,1.0145e-05,1.893e-05
1.013e-05,1.14e-06,1.92e-05,1.0035e-05,1.92e-05
1.0014e-05,1.36e-06,1.871e-05,1.0055e-05,1.871e-05
1.0094e-05,1.33e-06,1.897e-05,1.0015e-05,1.897e-05
1.0005e-05,1.8e-06,1.868e-05,9.92e-06,1.868e-05
1e-05,1.67e-06,1.843e-05,9.985e-06,1.843e-05
1.0124e-05,1.46e-06,1.882e-05,1.0165e-05,1.882e-05
1.0129e-05,1.33e-06,1.886e-05,1.011e-05,1.886e-05
1.0025e-05,1.42e-06,1.883e-05,1.0025e-05,1.883e-05
1.0059e-05,1.08e-06,1.905e-05,1.0025e-05,1.905e-05
1.0011e-05,1.28e-06,1.887e-05,1.0025e-05,1.887e-05
1.0038e-05,1.11e-06,1.907e-05,9.99e-06,1.907e-05
1.0006e-05,1.2e-06,1.888e-05,1.006e-05,1.888e-05
6.0208e-05,1.91e-06,7.633e-05,6.7195e-05,7.633e-05
1.065e-05,7.62e-06,1.488e-05,1.0005e-05,1.241e-05
1.0042e-05,7.74e-06,1.236e-05,9.985e-06,1.236e-05
1.005e-05,7.81e-06,1.244e-05,9.965e-06,1.244e-05
1.0074e-05,7.65e-06,1.233e-05,1.0115e-05,1.231e-05
9.982e-06,7.56e-06,1.237e-05,9.995e-06,1.237e-05
1.0011e-05,7.56e-06,1.247e-05,1.002e-05,1.232e-05
1.0003e-05,7.42e-06,1.257e-05,9.965e-06,1.253e-05
9.943e-06,7.46e-06,1.24e-05,9.99e-06,1.23e-05
9.969e-06,7.37e-06,1.26e-05,9.945e-06,1.26e-05
1.01e-05,7.38e-06,1.307e-05,1.013e-05,1.276e-05
1.0097e-05,6.97e-06,1.293e-05,1.0065e-05,1.282e-05
1.0197e-05,7.51e-06,1.287e-05,1.0205e-05,1.287e-05
0.000120012,1.77e-06,0.00014221,0.000136385,0.00013842
1.004e-05,8.7e-07,1.907e-05,1.0045e-05,1.494e-05
1.0019e-05,1.09e-06,1.895e-05,9.925e-06,1.493e-05
1.0108e-05,1.43e-06,1.89e-05,1.013e-05,1.468e-05
1.0039e-05,1.65e-06,1.842e-05,9.995e-06,1.457e-05
9.966e-06,1.72e-06,1.818e-05,9.88e-06,1.453e-05
1.0041e-05,1.35e-06,1.87e-05,9.995e-06,1.482e-05
1e-05,1.26e-06,1.868e-05,9.995e-06,1.493e-05
9.97e-06,1.71e-06,1.832e-05,9.88e-06,1.493e-05
1.007e-05,1.67e-06,1.846e-05,1.0015e-05,1.492e-05
9.971e-06,1.58e-06,1.836e-05,9.93e-06,1.453e-05
1.0002e-05,2.04e-06,1.825e-05,9.935e-06,1.445e-05
9.98e-06,1.98e-06,1.804e-05,9.945e-06,1.464e-05
1.001e-05,2.04e-06,1.81e-05,9.945e-06,1.475e-05
1.0105e-05,2.41e-06,1.788e-05,1.0085e-05,1.491e-05
1.009e-05,2.48e-06,1.772e-05,1.0075e-05,1.512e-05
1.0159e-05,2.7e-06,1.775e-05,1.022e-05,1.524e-05
1.0114e-05,2.69e-06,1.756e-05,1.0195e-05,1.539e-05
9.994e-06,2.82e-06,1.729e-05,1.0015e-05,1.537e-05
9.987e-06,2.82e-06,1.71e-05,9.955e-06,1.53e-05
9.991e-06,3.06e-06,1.704e-05,9.985e-06,1.528e-05
1.0007e-05,3.25e-06,1.693e-05,9.9e-06,1.529e-05
1.0023e-05,3.12e-06,1.689e-05,9.91e-06,1.517e-05
9.985e-06,3.08e-06,1.667e-05,1.001e-05,1.509e-05
1.005e-05,3.2e-06,1.679e-05,9.89e-06,1.528e-05
1.0069e-05,3.46e-06,1.673e-05,1.004e-05,1.518e-05
1.004e-05,3.8e-06,1.639e-05,9.995e-06,1.516e-05
1.001e-05,3.83e-06,1.613e-05,9.975e-06,1.539e-05
9.945e-06,4.01e-06,1.592e-05,1.001e-05,1.511e-05
9.917e-06,4.18e-06,1.571e-05,9.91e-06,1.527e-05
9.992e-06,4.04e-06,1.583e-05,9.985e-06,1.56e-05
9.996e-06,4.14e-06,1.588e-05,1.0035e-05,1.588e-05
1.004e-05,4.19e-06,1.595e-05,1.016e-05,1.595e-05
1.0025e-05,4.12e-06,1.603e-05,9.975e-06,1.603e-05
1.003e-05,3.93e-06,1.608e-05,1.003e-05,1.608e-05
9.976e-06,3.77e-06,1.606e-05,9.97e-06,1.606e-05
1.0066e-05,3.76e-06,1.632e-05,1.0085e-05,1.632e-05
1.0065e-05,3.88e-06,1.632e-05,9.995e-06,1.632e-05
1.0057e-05,3.85e-06,1.65e-05,1.006e-05,1.65e-05
1.0206e-05,3.92e-06,1.647e-05,1.022e-05,1.647e-05
1.0174e-05,3.88e-06,1.613e-05,1e-05,1.613e-05
1.0039e-05,3.89e-06,1.615e-05,9.98e-06,1.615e-05
1.0015e-05,4.04e-06,1.598e-05,9.905e-06,1.598e-05
1.0156e-05,4.04e-06,1.6e-05,9.95e-06,1.6e-05
1.0092e-05,4.05e-06,1.626e-05,9.97e-06,1.626e-05
1.0076e-05,3.63e-06,1.619e-05,1.0025e-05,1.619e-05
1.0079e-05,3.84e-06,1.629e-05,1.0135e-05,1.629e-05
1.0058e-05,3.57e-06,1.653e-05,9.94e-06,1.653e-05
1.0124e-05,3.13e-06,1.683e-05,9.965e-06,1.683e-05
1.0019e-05,3.4e-06,1.667e-05,9.965e-06,1.667e-05
1.0064e-05,3.34e-06,1.674e-05,1.005e-05,1.674e-05
9.999e-06,3.44e-06,1.652e-05,9.955e-06,1.652e-05
9.961e-06,3.32e-06,1.65e-05,1.0025e-05,1.65e-05
1.005e-05,3.42e-06,1.668e-05,9.97e-06,1.668e-05
1.0164e-05,3.67e-06,1.683e-05,1.011e-05,1.683e-05
9.946e-06,3.16e-06,1.691e-05,9.98e-06,1.691e-05
9.982e-06,2.96e-06,1.709e-05,9.93e-06,1.709e-05
1.0031e-05,3.11e-06,1.701e-05,9.97e-06,1.701e-05
9.939e-06,2.95e-06,1.704e-05,9.985e-06,1.704e-05
9.981e-06,2.96e-06,1.706e-05,9.935e-06,1.706e-05
9.992e-06,3.11e-06,1.714e-05,9.935e-06,1.714e-05
9.939e-06,2.95e-06,1.683e-05,9.935e-06,1.683e-05
1.0158e-05,3.41e-06,1.723e-05,1.0135e-05,1.723e-05
9.96e-06,2.94e-06,1.706e-05,9.965e-06,1.706e-05
9.959e-06,2.79e-06,1.72e-05,9.96e-06,1.72e-05
9.939e-06,2.91e-06,1.718e-05,9.925e-06,1.718e-05
9.94e-06,2.67e-06,1.726e-05,9.925e-06,1.726e-05
1.0025e-05,2.13e-06,1.777e-05,9.93e-06,1.777e-05
9.99e-06,1.98e-06,1.803e-05,9.895e-06,1.803e-05
9.964e-06,1.84e-06,1.808e-05,9.91e-06,1.808e-05
1.0084e-05,1.77e-06,1.848e-05,1.014e-05,1.848e-05
1.0119e-05,1.03e-06,1.885e-05,1.004e-05,1.885e-05
9.986e-06,1.34e-06,1.869e-05,9.985e-06,1.869e-05
9.998e-06,1.68e-06,1.845e-05,9.94e-06,1.845e-05
1.0025e-05,1.59e-06,1.833e-05,9.955e-06,1.833e-05
9.955e-06,1.84e-06,1.822e-05,9.93e-06,1.822e-05
9.943e-06,1.8e-06,1.825e-05,9.955e-06,1.825e-05
1.0006e-05,1.61e-06,1.838e-05,9.995e-06,1.838e-05
1.005e-05,1.96e-06,1.813e-05,1.003e-05,1.813e-05
9.948e-06,1.87e-06,1.809e-05,9.91e-06,1.809e-05
9.96e-06,1.68e-06,1.816e-05,9.915e-06,1.816e-05
9.94e-06,1.65e-06,1.822e-05,1.0005e-05,1.822e-05
9.904e-06,1.67e-06,1.828e-05,9.915e-06,1.828e-05
9.999e-06,1.54e-06,1.839e-05,1e-05,1.839e-05
9.955e-06,1.72e-06,1.82e-05,9.9e-06,1.82e-05
1.004e-05,1.62e-06,1.826e-05,9.935e-06,1.826e-05
1.0083e-05,2.15e-06,1.826e-05,1.0075e-05,1.826e-05
9.995e-06,2.13e-06,1.778e-05,9.925e-06,1.778e-05
9.964e-06,2.16e-06,1.78e-05,9.97e-06,1.78e-05
9.924e-06,2.06e-06,1.771e-05,9.89e-06,1.771e-05
9.941e-06,2.21e-06,1.774e-05,9.96e-06,1.774e-05
9.944e-06,2.19e-06,1.775e-05,9.97e-06,1.775e-05
9.961e-06,2.45e-06,1.737e-05,9.915e-06,1.737e-05
1.0026e-05,2.4e-06,1.766e-05,1.0005e-05,1.766e-05
1.0086e-05,2.35e-06,1.798e-05,1.004e-05,1.798e-05
9.931e-06,2.17e-06,1.764e-05,9.955e-06,1.764e-05
9.984e-06,2.47e-06,1.742e-05,1.0075e-05,1.742e-05
1.0028e-05,2.42e-06,1.741e-05,9.975e-06,1.741e-05
9.999e-06,2.45e-06,1.755e-05,9.915e-06,1.755e-05
1.0007e-05,2.44e-06,1.756e-05,9.955e-06,1.756e-05
9.929e-06,2.58e-06,1.739e-05,1e-05,1.739e-05
9.923e-06,2.26e-06,1.746e-05,9.945e-06,1.746e-05
9.997e-06,2.44e-06,1.781e-05,1e-05,1.781e-05
1.002e-05,2.05e-06,1.777e-05,9.955e-06,1.777e-05
9.981e-06,2.02e-06,1.794e-05,9.98e-06,1.794e-05
1.0039e-05,2.05e-06,1.783e-05,1.0025e-05,1.783e-05
9.904e-06,1.98e-06,1.784e-05,9.905e-06,1.784e-05
1.0003e-05,2.1e-06,1.781e-05,9.97e-06,1.781e-05
9.905e-06,2.12e-06,1.763e-05,9.93e-06,1.763e-05
9.894e-06,2.49e-06,1.743e-05,9.845e-06,1.743e-05
1.0034e-05,2.45e-06,1.767e-05,1.0105e-05,1.767e-05
1.0025e-05,1.96e-06,1.783e-05,9.98e-06,1.783e-05
1.0006e-05,1.82e-06,1.804e-05,9.945e-06,1.804e-05
9.979e-06,1.99e-06,1.783e-05,9.91e-06,1.783e-05
9.953e-06,2.41e-06,1.758e-05,9.925e-06,1.758e-05
9.936e-06,2.22e-06,1.769e-05,9.885e-06,1.769e-05
9.954e-06,2.44e-06,1.773e-05,9.86e-06,1.773e-05
9.996e-06,2.17e-06,1.785e-05,9.975e-06,1.785e-05
9.971e-06,2.15e-06,1.795e-05,1.0015e-05,1.795e-05
9.974e-06,1.93e-06,1.789e-05,1.0015e-05,1.789e-05
1.0045e-05,1.9e-06,1.809e-05,1.0035e-05,1.809e-05
9.931e-06,1.77e-06,1.808e-05,9.94e-06,1.808e-05
9.914e-06,1.84e-06,1.809e-05,1.0065e-05,1.809e-05
9.949e-06,1.86e-06,1.792e-05,9.92e-06,1.792e-05
9.929e-06,1.92e-06,1.79e-05,9.92e-06,1.79e-05
9.984e-06,1.87e-06,1.798e-05,9.965e-06,1.798e-05
1.0019e-05,1.71e-06,1.837e-05,1.003e-05,1.837e-05
9.947e-06,1.43e-06,1.849e-05,9.95e-06,1.849e-05
1.0057e-05,1.51e-06,1.854e-05,1.0115e-05,1.854e-05
1.001e-05,1.79e-06,1.829e-05,9.98e-06,1.829e-05
9.952e-06,1.97e-06,1.802e-05,1.011e-05,1.802e-05
9.982e-06,2.03e-06,1.812e-05,1.0055e-05,1.812e-05
9.996e-06,2.07e-06,1.816e-05,1.005e-05,1.816e-05
9.984e-06,1.86e-06,1.797e-05,9.865e-06,1.797e-05
1.0011e-05,1.77e-06,1.833e-05,9.94e-06,1.833e-05
9.977e-06,1.35e-06,1.862e-05,9.945e-06,1.862e-05
1.0124e-05,1.34e-06,1.883e-05,1.005e-05,1.883e-05
9.941e-06,1.63e-06,1.834e-05,9.975e-06,1.834e-05
9.91e-06,1.22e-06,1.859e-05,9.88e-06,1.859e-05
9.906e-06,1.24e-06,1.876e-05,9.915e-06,1.876e-05
9.915e-06,1.45e-06,1.845e-05,9.98e-06,1.845e-05
9.957e-06,1.71e-06,1.811e-05,9.98e-06,1.811e-05
1.0016e-05,1.7e-06,1.823e-05,1.003e-05,1.823e-05
1.0039e-05,1.46e-06,1.831e-05,1.0105e-05,1.831e-05
9.99e-06,1.77e-06,1.811e-05,9.99e-06,1.811e-05
1.0065e-05,2.12e-06,1.784e-05,1.0155e-05,1.784e-05
9.969e-06,2.22e-06,1.779e-05,9.945e-06,1.779e-05
1.0022e-05,2.39e-06,1.767e-05,9.96e-06,1.767e-05
1.002e-05,2.39e-06,1.752e-05,1.0135e-05,1.752e-05
9.958e-06,2.53e-06,1.736e-05,9.915e-06,1.736e-05
1.7276e-05,1.46e-06,2.475e-05,1.878e-05,2.475e-05
1.0026e-05,1.41e-06,1.856e-05,1.0115e-05,1.492e-05
9.961e-06,1.77e-06,1.807e-05,9.955e-06,1.486e-05
9.989e-06,1.68e-06,1.822e-05,1.002e-05,1.505e-05
1.005e-05,1.57e-06,1.829e-05,1.0165e-05,1.512e-05
9.985e-06,1.94e-06,1.798e-05,1.0015e-05,1.485e-05
9.95e-06,2e-06,1.786e-05,1.0005e-05,1.462e-05
9.875e-06,2.01e-06,1.765e-05,9.89e-06,1.439e-05
1.0042e-05,2.58e-06,1.757e-05,1.001e-05,1.499e-05
9.929e-06,2.37e-06,1.727e-05,9.975e-06,1.493e-05
9.94e-06,2.6e-06,1.722e-05,9.94e-06,1.481e-05
1.0032e-05,2.88e-06,1.708e-05,1.0045e-05,1.481e-05
9.978e-06,2.93e-06,1.689e-05,9.98e-06,1.458e-05
9.986e-06,3.28e-06,1.673e-05,9.99e-06,1.456e-05
1.016e-05,3.57e-06,1.661e-05,1.021e-05,1.442e-05
1.0095e-05,4.02e-06,1.587e-05,1.015e-05,1.391e-05
1.0035e-05,4.12e-06,1.589e-05,1.0135e-05,1.359e-05
1.0041e-05,3.95e-06,1.581e-05,9.985e-06,1.354e-05
9.904e-06,4.09e-06,1.583e-05,9.955e-06,1.34e-05
9.964e-06,4.16e-06,1.569e-05,9.97e-06,1.339e-05
9.937e-06,4.33e-06,1.562e-05,9.92e-06,1.326e-05
9.986e-06,4.18e-06,1.573e-05,9.985e-06,1.335e-05
1.0048e-05,4.21e-06,1.599e-05,1.0115e-05,1.331e-05
9.993e-06,3.82e-06,1.6e-05,9.975e-06,1.293e-05
1.0004e-05,3.85e-06,1.626e-05,1.005e-05,1.305e-05
1.0044e-05,3.59e-06,1.645e-05,1.009e-05,1.305e-05
1.0126e-05,3.42e-06,1.676e-05,1.0005e-05,1.262e-05
9.99e-06,3.07e-06,1.677e-05,9.95e-06,1.237e-05
9.975e-06,3.19e-06,1.679e-05,1.005e-05,1.243e-05
9.937e-06,3.12e-06,1.671e-05,9.895e-06,1.215e-05
9.939e-06,3.08e-06,1.68e-05,9.98e-06,1.22e-05
9.93e-06,3.03e-06,1.674e-05,9.97e-06,1.24e-05
1.0016e-05,3.01e-06,1.685e-05,1.013e-05,1.272e-05
9.947e-06,3.15e-06,1.677e-05,1.002e-05,1.281e-05
1.001e-05,3.33e-06,1.656e-05,1.005e-05,1.292e-05
9.951e-06,3.64e-06,1.629e-05,1.003e-05,1.309e-05
9.971e-06,3.63e-06,1.661e-05,1.0005e-05,1.304e-05
1.0069e-05,3.34e-06,1.674e-05,1.0105e-05,1.291e-05
1.0018e-05,3.11e-06,1.702e-05,1.0015e-05,1.243e-05
1.0185e-05,2.83e-06,1.766e-05,1.025e-05,1.231e-05
1.0128e-05,2.17e-06,1.774e-05,1.0195e-05,1.174e-05
1.0018e-05,2.33e-06,1.76e-05,1.016e-05,1.151e-05
1.0011e-05,2.39e-06,1.758e-05,9.98e-06,1.111e-05
9.95e-06,1.96e-06,1.791e-05,9.825e-06,1.11e-05
9.988e-06,1.76e-06,1.823e-05,1.005e-05,1.142e-05
9.983e-06,1.65e-06,1.822e-05,9.97e-06,1.106e-05
1.0022e-05,1.62e-06,1.831e-05,1.017e-05,1.098e-05
9.996e-06,1.62e-06,1.85e-05,9.92e-06,1.066e-05
1.0042e-05,1.28e-06,1.848e-05,1.0175e-05,1.108e-05
9.941e-06,1.62e-06,1.813e-05,9.94e-06,1.121e-05
9.929e-06,2.24e-06,1.788e-05,9.93e-06,1.129e-05
9.964e-06,2.05e-06,1.787e-05,1.001e-05,1.137e-05
9.902e-06,2.03e-06,1.785e-05,9.975e-06,1.145e-05
1.123e-05,1.97e-06,1.778e-05,1.2665e-05,1.165e-05
1.0029e-05,6.1e-06,1.387e-05,1.005e-05,6.1e-06
9.99e-06,6e-06,1.419e-05,9.935e-06,6e-06
1.0076e-05,5.88e-06,1.432e-05,9.965e-06,5.88e-06
9.99e-06,5.77e-06,1.427e-05,9.855e-06,5.77e-06
1.0024e-05,5.67e-06,1.43e-05,1.0025e-05,5.67e-06
9.98e-06,5.71e-06,1.426e-05,9.95e-06,5.71e-06
9.935e-06,5.78e-06,1.408e-05,9.97e-06,5.78e-06
9.911e-06,5.98e-06,1.382e-05,9.875e-06,5.98e-06
9.898e-06,6.16e-06,1.373e-05,9.845e-06,6.16e-06
1.0006e-05,6.19e-06,1.379e-05,9.97e-06,6.19e-06
9.999e-06,6.14e-06,1.38e-05,9.97e-06,6.14e-06
9.944e-06,6.23e-06,1.355e-05,9.97e-06,6.23e-06
9.92e-06,6.34e-06,1.341e-05,9.915e-06,6.34e-06
9.956e-06,6.47e-06,1.339e-05,1.001e-05,6.48e-06
1.0001e-05,6.34e-06,1.352e-05,1e-05,6.34e-06
9.965e-06,6.11e-06,1.382e-05,9.995e-06,6.11e-06
9.911e-06,6.24e-06,1.367e-05,9.895e-06,6.24e-06
9.889e-06,6.52e-06,1.338e-05,9.745e-06,6.52e-06
9.976e-06,6.54e-06,1.347e-05,9.91e-06,6.95e-06
9.941e-06,6.52e-06,1.348e-05,9.895e-06,7.06e-06
1e-05,6.56e-06,1.334e-05,9.99e-06,6.84e-06
1.0075e-05,6.76e-06,1.333e-05,9.97e-06,6.76e-06
9.968e-06,6.98e-06,1.314e-05,9.835e-06,6.98e-06
1.0059e-05,7.06e-06,1.311e-05,9.94e-06,7.06e-06
1.0074e-05,6.67e-06,1.387e-05,1e-05,7.35e-06
9.924e-06,5.69e-06,1.402e-05,9.955e-06,7.32e-06
1.0102e-05,5.9e-06,1.437e-05,1.0225e-05,7.53e-06
1.0034e-05,5.54e-06,1.455e-05,1.0015e-05,7.39e-06
9.952e-06,5.39e-06,1.448e-05,9.915e-06,7.35e-06
9.933e-06,5.29e-06,1.459e-05,1.0035e-05,7.3e-06
9.974e-06,5.36e-06,1.445e-05,9.925e-06,7.58e-06
9.954e-06,5.43e-06,1.439e-05,9.975e-06,7.38e-06
9.939e-06,5.24e-06,1.46e-05,9.99e-06,7.12e-06
9.94e-06,5.3e-06,1.463e-05,9.905e-06,7.19e-06
9.988e-06,5.36e-06,1.472e-05,9.89e-06,7.62e-06
9.925e-06,5.05e-06,1.48e-05,9.955e-06,7.67e-06
9.966e-06,5e-06,1.49e-05,1.0005e-05,7.74e-06
9.952e-06,4.91e-06,1.498e-05,1.004e-05,7.58e-06
9.938e-06,4.73e-06,1.514e-05,9.84e-06,7.84e-06
1.0022e-05,4.67e-06,1.54e-05,1.004e-05,8.06e-06
9.98e-06,4.54e-06,1.534e-05,9.975e-06,8.25e-06
9.93e-06,4.27e-06,1.561e-05,9.915e-06,8.19e-06
1.0026e-05,4.13e-06,1.58e-05,1.01e-05,8.33e-06
1.0019e-05,4.01e-06,1.586e-05,1.0045e-05,8.27e-06
9.915e-06,4.24e-06,1.559e-05,9.945e-06,8.28e-06
9.959e-06,4.21e-06,1.575e-05,9.925e-06,8.14e-06
9.954e-06,4.63e-06,1.562e-05,9.92e-06,8.23e-06
9.994e-06,4.36e-06,1.564e-05,9.955e-06,8.27e-06
1.0067e-05,4.35e-06,1.583e-05,1.0165e-05,8.65e-06
1.0011e-05,4.6e-06,1.527e-05,1.006e-05,8.9e-06
1.011e-05,4.7e-06,1.542e-05,1.019e-05,9.07e-06
9.973e-06,4.39e-06,1.548e-05,9.945e-06,8.71e-06
9.956e-06,4.32e-06,1.557e-05,9.935e-06,8.79e-06
9.993e-06,4.33e-06,1.568e-05,9.965e-06,8.93e-06
9.924e-06,4.36e-06,1.553e-05,9.875e-06,9.16e-06
1.002e-05,4.68e-06,1.53e-05,1.0005e-05,9.09e-06
9.992e-06,4.54e-06,1.559e-05,9.905e-06,9.01e-06
9.956e-06,4.24e-06,1.564e-05,1.009e-05,9.46e-06
1.0024e-05,4.16e-06,1.576e-05,1.006e-05,9.76e-06
9.961e-06,4.08e-06,1.579e-05,9.91e-06,9.85e-06
9.913e-06,3.96e-06,1.586e-05,9.955e-06,1.004e-05
9.943e-06,3.75e-06,1.602e-05,9.985e-06,1.03e-05
9.954e-06,3.87e-06,1.604e-05,1e-05,1.039e-05
9.936e-06,3.68e-06,1.619e-05,9.87e-06,1.027e-05
9.973e-06,3.66e-06,1.638e-05,9.975e-06,1.042e-05
9.956e-06,3.49e-06,1.631e-05,1e-05,1.056e-05
9.981e-06,3.77e-06,1.621e-05,1.004e-05,1.083e-05
1.0007e-05,3.63e-06,1.639e-05,1.004e-05,1.046e-05
1.0012e-05,3.38e-06,1.662e-05,9.965e-06,1.017e-05
1.0005e-05,3.3e-06,1.673e-05,9.945e-06,1.013e-05
9.995e-06,3.36e-06,1.646e-05,1.0015e-05,1.027e-05
1.003e-05,3.38e-06,1.647e-05,1.0185e-05,1.046e-05
9.938e-06,3.21e-06,1.67e-05,9.895e-06,1.034e-05
1e-05,3.13e-06,1.687e-05,9.99e-06,1.055e-05
9.997e-06,3e-06,1.694e-05,1.01e-05,1.096e-05
9.882e-06,2.86e-06,1.699e-05,9.88e-06,1.108e-05
9.922e-06,2.76e-06,1.703e-05,9.99e-06,1.131e-05
2.0885e-05,2.86e-06,0.0001004,1.0095e-05,1.142e-05
1.0204e-05,1.33e-06,1.873e-05,1.0245e-05,1.472e-05
1.0126e-05,1.78e-06,1.858e-05,1.013e-05,1.469e-05
9.914e-06,1.52e-06,1.821e-05,9.995e-06,1.445e-05
9.903e-06,1.44e-06,1.817e-05,9.91e-06,1.464e-05
1.0141e-05,1.57e-06,1.832e-05,1.024e-05,1.482e-05
9.894e-06,2.08e-06,1.772e-05,9.845e-06,1.453e-05
1.0017e-05,2.15e-06,1.775e-05,1.005e-05,1.453e-05
9.974e-06,2.52e-06,1.728e-05,1.001e-05,1.408e-05
9.978e-06,2.67e-06,1.713e-05,9.975e-06,1.445e-05
9.959e-06,2.82e-06,1.7e-05,9.97e-06,1.445e-05
1.0028e-05,3.28e-06,1.652e-05,1.002e-05,1.443e-05
9.941e-06,3.47e-06,1.633e-05,9.885e-06,1.414e-05
1.001e-05,3.53e-06,1.631e-05,1.001e-05,1.426e-05
9.985e-06,3.57e-06,1.633e-05,1.005e-05,1.435e-05
9.967e-06,3.8e-06,1.612e-05,1.0025e-05,1.436e-05
9.934e-06,4.03e-06,1.581e-05,9.935e-06,1.457e-05
9.906e-06,4.06e-06,1.563e-05,9.85e-06,1.453e-05
9.99e-06,4.1e-06,1.584e-05,1.008e-05,1.482e-05
1.0021e-05,4.25e-06,1.563e-05,1.009e-05,1.529e-05
9.909e-06,4.37e-06,1.558e-05,9.835e-06,1.558e-05
1.0044e-05,4.37e-06,1.583e-05,1.003e-05,1.583e-05
1.0056e-05,3.91e-06,1.607e-05,1.0035e-05,1.607e-05
1.0091e-05,4.07e-06,1.619e-05,1.003e-05,1.619e-05
9.95e-06,3.97e-06,1.601e-05,9.9e-06,1.601e-05
9.94e-06,3.92e-06,1.599e-05,9.97e-06,1.599e-05
9.965e-06,3.84e-06,1.603e-05,1.0045e-05,1.603e-05
9.955e-06,4.31e-06,1.577e-05,9.955e-06,1.577e-05
9.966e-06,4.26e-06,1.572e-05,9.965e-06,1.572e-05
1.013e-05,4.4e-06,1.585e-05,1.003e-05,1.585e-05
9.988e-06,3.81e-06,1.607e-05,9.99e-06,1.607e-05
1.0033e-05,3.8e-06,1.618e-05,1.0015e-05,1.618e-05
9.962e-06,3.82e-06,1.619e-05,9.845e-06,1.619e-05
1.0014e-05,3.51e-06,1.641e-05,9.945e-06,1.641e-05
9.926e-06,3.32e-06,1.644e-05,9.915e-06,1.644e-05
9.985e-06,3.18e-06,1.665e-05,9.975e-06,1.665e-05
9.995e-06,3.14e-06,1.703e-05,1.001e-05,1.703e-05
1.02e-05,2.97e-06,1.737e-05,1.006e-05,1.737e-05
9.926e-06,2.79e-06,1.707e-05,9.98e-06,1.707e-05
1.0019e-05,3.24e-06,1.711e-05,1.0115e-05,1.711e-05
1.0031e-05,2.67e-06,1.736e-05,9.985e-06,1.736e-05
1.0005e-05,2.38e-06,1.755e-05,9.9e-06,1.755e-05
1.0081e-05,2.04e-06,1.8e-05,9.955e-06,1.8e-05
1.0016e-05,1.75e-06,1.836e-05,9.885e-06,1.836e-05
9.895e-06,1.72e-06,1.811e-05,9.92e-06,1.811e-05
9.963e-06,2.01e-06,1.822e-05,9.975e-06,1.822e-05
1.0004e-05,1.6e-06,1.831e-05,9.96e-06,1.831e-05
9.919e-06,1.41e-06,1.849e-05,9.96e-06,1.849e-05
9.915e-06,1.26e-06,1.861e-05,9.9e-06,1.861e-05
9.912e-06,1.65e-06,1.835e-05,9.91e-06,1.835e-05
9.94e-06,1.49e-06,1.828e-05,9.93e-06,1.828e-05
9.913e-06,1.99e-06,1.8e-05,9.91e-06,1.8e-05
9.932e-06,2.12e-06,1.787e-05,9.96e-06,1.787e-05
1.0131e-05,2.2e-06,1.805e-05,1.0085e-05,1.805e-05
9.994e-06,1.91e-06,1.795e-05,9.895e-06,1.795e-05
9.969e-06,1.86e-06,1.809e-05,9.925e-06,1.809e-05
9.953e-06,1.77e-06,1.814e-05,9.845e-06,1.814e-05
1.0077e-05,1.97e-06,1.859e-05,1.0135e-05,1.859e-05
9.954e-06,1.11e-06,1.876e-05,9.885e-06,1.876e-05
9.955e-06,1.83e-06,1.796e-05,9.89e-06,1.796e-05
9.95e-06,1.71e-06,1.82e-05,9.96e-06,1.82e-05
9.992e-06,1.52e-06,1.844e-05,1.0035e-05,1.844e-05
1.013e-05,8.4e-07,1.914e-05,1.0045e-05,1.914e-05
1.0047e-05,1.22e-06,1.884e-05,1e-05,1.884e-05
9.983e-06,1.62e-06,1.853e-05,9.915e-06,1.853e-05
1.0108e-05,1.46e-06,1.85e-05,1e-05,1.85e-05
1.0086e-05,1.57e-06,1.86e-05,1.013e-05,1.86e-05
9.945e-06,1.1e-06,1.877e-05,9.905e-06,1.877e-05
1.01e-05,1.22e-06,1.899e-05,9.92e-06,1.899e-05
9.967e-06,1.44e-06,1.872e-05,1e-05,1.872e-05
1.0186e-05,2.94e-06,1.848e-05,1.0115e-05,1.848e-05
1.001e-05,3.12e-06,1.694e-05,1.003e-05,1.694e-05
1.0039e-05,3.12e-06,1.702e-05,9.995e-06,1.702e-05
9.965e-06,3.03e-06,1.693e-05,9.99e-06,1.693e-05
9.964e-06,2.95e-06,1.704e-05,9.915e-06,1.704e-05
9.915e-06,2.85e-06,1.688e-05,9.915e-06,1.688e-05
1.0096e-05,2.42e-06,1.771e-05,1.004e-05,1.771e-05
1.0168e-05,2.15e-06,1.811e-05,1.004e-05,1.811e-05
1.0161e-05,1.63e-06,1.847e-05,9.965e-06,1.847e-05
1.0004e-05,1.29e-06,1.862e-05,9.985e-06,1.862e-05
9.945e-06,1.16e-06,1.882e-05,1.003e-05,1.882e-05
9.954e-06,1.4e-06,1.858e-05,1.01e-05,1.858e-05
9.951e-06,1.21e-06,1.881e-05,9.87e-06,1.881e-05
9.982e-06,1.24e-06,1.862e-05,9.94e-06,1.862e-05
1.003e-05,1.34e-06,1.862e-05,9.955e-06,1.862e-05
1.0034e-05,1.54e-06,1.857e-05,9.97e-06,1.857e-05
9.891e-06,1.68e-06,1.835e-05,9.905e-06,1.835e-05
9.96e-06,1.64e-06,1.826e-05,9.98e-06,1.826e-05
1.0047e-05,1.86e-06,1.835e-05,1.0035e-05,1.835e-05
9.936e-06,2.08e-06,1.808e-05,9.895e-06,1.808e-05
9.941e-06,2.04e-06,1.787e-05,9.945e-06,1.787e-05
1.0055e-05,1.85e-06,1.809e-05,1.024e-05,1.809e-05
1.005e-05,1.89e-06,1.822e-05,1.006e-05,1.822e-05
1.0076e-05,2.04e-06,1.819e-05,1.007e-05,1.819e-05
1.001e-05,1.91e-06,1.796e-05,1.0085e-05,1.796e-05
1.0071e-05,2.01e-06,1.818e-05,9.99e-06,1.818e-05
1.0025e-05,2.1e-06,1.781e-05,9.94e-06,1.781e-05
1.0221e-05,4.82e-06,1.577e-05,1.03e-05,5.55e-06
1.0278e-05,5.14e-06,1.519e-05,1.0465e-05,5.44e-06
1.0118e-05,4.94e-06,1.532e-05,1.016e-05,4.94e-06
1.0164e-05,4.89e-06,1.561e-05,1.0205e-05,4.89e-06
1.1433e-05,1.65e-06,1.888e-05,1.1785e-05,1.65e-06
1.0355e-05,1.32e-06,1.916e-05,1.0445e-05,1.32e-06
1.028e-05,1.79e-06,1.916e-05,1.023e-05,1.79e-06
1.0304e-05,1.7e-06,1.849e-05,1.047e-05,1.7e-06
1.0254e-05,1.82e-06,1.871e-05,1.034e-05,1.82e-06
1.0372e-05,1.12e-06,1.898e-05,1.043e-05,1.12e-06
1.0121e-05,1.39e-06,1.891e-05,1.0135e-05,1.39e-06
1.0124e-05,1.56e-06,1.877e-05,1.012e-05,1.56e-06
1.0289e-05,2.27e-06,1.84e-05,1.028e-05,2.27e-06
1.0182e-05,1.9e-06,1.842e-05,1.0225e-05,1.9e-06
1.0168e-05,1.97e-06,1.837e-05,1.0155e-05,1.97e-06
1.014e-05,2.09e-06,1.826e-05,1.0195e-05,2.09e-06
1.0301e-05,2.07e-06,1.828e-05,1.0175e-05,2.07e-06
1.0197e-05,1.94e-06,1.849e-05,1.02e-05,1.94e-06
1.0174e-05,2.25e-06,1.796e-05,1.024e-05,2.25e-06
1.0226e-05,2.66e-06,1.771e-05,1.035e-05,2.66e-06
1.0239e-05,2.88e-06,1.765e-05,1.016e-05,2.88e-06
1.0176e-05,3e-06,1.727e-05,1.0245e-05,3e-06
1.0071e-05,2.95e-06,1.712e-05,1.0035e-05,2.95e-06
1.0291e-05,3e-06,1.731e-05,1.035e-05,3e-06
1.0228e-05,2.92e-06,1.735e-05,1.028e-05,2.92e-06
1.0499e-05,2.7e-06,1.77e-05,1.0615e-05,2.7e-06
1.0644e-05,2.62e-06,1.777e-05,1.0345e-05,2.62e-06
1.0239e-05,4e-06,1.678e-05,1.0265e-05,4e-06
1.0665e-05,2.97e-06,1.727e-05,1.0995e-05,2.97e-06
1.0115e-05,3e-06,1.736e-05,1.019e-05,3e-06
1.0155e-05,2.86e-06,1.724e-05,1.0175e-05,2.86e-06
1.0155e-05,3.2e-06,1.7e-05,1.0095e-05,3.2e-06
1.0071e-05,3.47e-06,1.65e-05,1.01e-05,3.47e-06
1.0069e-05,3.65e-06,1.644e-05,1.0115e-05,3.65e-06
1.0111e-05,3.97e-06,1.622e-05,1.0105e-05,3.97e-06
1.0071e-05,4.12e-06,1.607e-05,1.008e-05,4.12e-06
1.013e-05,4.2e-06,1.62e-05,1.0085e-05,4.2e-06
1.0094e-05,4.21e-06,1.606e-05,1.0095e-05,4.21e-06
1.0159e-05,4.39e-06,1.6e-05,1.0145e-05,4.39e-06
1.0127e-05,4.36e-06,1.589e-05,1.01e-05,4.36e-06
1.0199e-05,4.31e-06,1.594e-05,1.008e-05,4.31e-06
1.0131e-05,4.18e-06,1.583e-05,1.0185e-05,4.18e-06
1.0165e-05,4.27e-06,1.585e-05,1.0145e-05,4.27e-06
1.0141e-05,4.68e-06,1.573e-05,1.0125e-05,4.68e-06
1.0188e-05,4.79e-06,1.556e-05,1.027e-05,4.87e-06
1.0078e-05,4.71e-06,1.533e-05,1.0055e-05,4.91e-06
1.0144e-05,4.45e-06,1.579e-05,1.0155e-05,5.08e-06
1.0205e-05,4.44e-06,1.591e-05,1.022e-05,4.95e-06
1.0164e-05,4.26e-06,1.608e-05,1.021e-05,4.71e-06
1.0134e-05,3.97e-06,1.608e-05,1.011e-05,5.03e-06
1.0139e-05,3.96e-06,1.635e-05,1.0055e-05,5.21e-06
1.0153e-05,3.37e-06,1.692e-05,1.023e-05,5.41e-06
1.0171e-05,2.93e-06,1.725e-05,1.0235e-05,5.7e-06
1.0115e-05,2.97e-06,1.725e-05,1.013e-05,5.53e-06
1.0258e-05,2.66e-06,1.755e-05,1.0155e-05,5.83e-06
1.0172e-05,2.88e-06,1.744e-05,1.018e-05,5.77e-06
1.0052e-05,2.68e-06,1.74e-05,1.01e-05,5.82e-06
1.0267e-05,2.67e-06,1.805e-05,1.025e-05,6.32e-06
1.0171e-05,2.61e-06,1.795e-05,1.0285e-05,6.66e-06
1.0247e-05,2.33e-06,1.802e-05,1.0185e-05,7.03e-06
1.0257e-05,2.67e-06,1.749e-05,1.029e-05,6.72e-06
1.0108e-05,2.85e-06,1.732e-05,1.0055e-05,6.48e-06
1.2626e-05,1.37e-06,1.914e-05,1.318e-05,8.89e-06
1.0174e-05,1.36e-06,1.901e-05,1.0415e-05,5.35e-06
1.0059e-05,2.17e-06,1.791e-05,1.012e-05,6.06e-06
9.977e-06,2.76e-06,1.705e-05,9.975e-06,6.32e-06
9.949e-06,3.38e-06,1.62e-05,9.95e-06,6.47e-06
1.0022e-05,4.14e-06,1.565e-05,1.006e-05,6.73e-06
1.0033e-05,4.7e-06,1.524e-05,9.97e-06,6.77e-06
9.999e-06,4.92e-06,1.487e-05,1.0035e-05,6.99e-06
9.984e-06,5.22e-06,1.457e-05,9.99e-06,6.99e-06
1.0039e-05,5.78e-06,1.391e-05,1.016e-05,7.14e-06
1.004e-05,6.42e-06,1.344e-05,1.008e-05,7.24e-06
1.0004e-05,6.9e-06,1.302e-05,1.0035e-05,7.33e-06
9.952e-06,7.17e-06,1.281e-05,9.925e-06,7.27e-06
1.0044e-05,7.1e-06,1.294e-05,1.0035e-05,7.35e-06
1.0106e-05,7.44e-06,1.298e-05,9.99e-06,7.51e-06
1.0039e-05,7.31e-06,1.278e-05,1.013e-05,7.31e-06
1.0076e-05,7.46e-06,1.271e-05,1.0035e-05,7.57e-06
1.0087e-05,7.85e-06,1.239e-05,1.0105e-05,7.94e-06
1.0051e-05,7.95e-06,1.206e-05,1.0015e-05,8.28e-06
1.0045e-05,8.54e-06,1.163e-05,1.001e-05,8.55e-06
1.004e-05,8.56e-06,1.158e-05,9.995e-06,8.62e-06
1.0111e-05,8.58e-06,1.154e-05,1.008e-05,8.58e-06
1.0151e-05,8.82e-06,1.151e-05,1.014e-05,9.12e-06
1.0105e-05,8.79e-06,1.132e-05,1.0095e-05,9.18e-06
1.0109e-05,9.06e-06,1.11e-05,1.018e-05,9.06e-06
1.0201e-05,8.98e-06,1.158e-05,1.0125e-05,9.39e-06
1.0294e-05,8.36e-06,1.175e-05,1.064e-05,1.102e-05
1.0051e-05,8.11e-06,1.184e-05,1.0135e-05,1.127e-05
1.0044e-05,8.09e-06,1.203e-05,1.0055e-05,1.136e-05
1.0218e-05,8.01e-06,1.234e-05,1.0135e-05,1.212e-05
1.0134e-05,7.74e-06,1.236e-05,9.98e-06,1.235e-05
1.0323e-05,7.57e-06,1.362e-05,1.0275e-05,1.362e-05
1.0124e-05,6.34e-06,1.389e-05,1.007e-05,1.377e-05
1.017e-05,6.59e-06,1.388e-05,1.003e-05,1.371e-05
1.0753e-05,6.7e-06,1.424e-05,1.0755e-05,1.424e-05
9.995e-06,6.13e-06,1.395e-05,9.96e-06,1.395e-05
1.0061e-05,6.32e-06,1.409e-05,9.88e-06,1.409e-05
9.966e-06,5.94e-06,1.427e-05,9.925e-06,1.427e-05
1.008e-05,6e-06,1.433e-05,1.001e-05,1.433e-05
1.0011e-05,5.61e-06,1.456e-05,9.965e-06,1.456e-05
1.0048e-05,5.47e-06,1.463e-05,1.0085e-05,1.463e-05
1.004e-05,5.82e-06,1.461e-05,1e-05,1.461e-05
1.023e-05,5.48e-06,1.528e-05,1.0275e-05,1.528e-05
1.0106e-05,4.92e-06,1.537e-05,1.02e-05,1.537e-05
1.029e-05,4.63e-06,1.579e-05,1.0245e-05,1.579e-05
1.0026e-05,4.16e-06,1.606e-05,1.005e-05,1.606e-05
1.0252e-05,4.18e-06,1.673e-05,1.0175e-05,1.673e-05
1.0189e-05,3.6e-06,1.671e-05,1.0145e-05,1.671e-05
1.007e-05,3.21e-06,1.702e-05,1.0105e-05,1.702e-05
1.019e-05,2.89e-06,1.749e-05,1.0155e-05,1.749e-05
1.1056e-05,2.38e-06,1.991e-05,1.111e-05,1.991e-05
1.0603e-05,1.1e-06,2.006e-05,1.0615e-05,2.006e-05
1.01e-05,1.09e-06,1.927e-05,1.002e-05,1.927e-05
1.0189e-05,1.12e-06,1.936e-05,1.012e-05,1.936e-05
1.0226e-05,1.35e-06,1.925e-05,1.0125e-05,1.925e-05
1.021e-05,1.76e-06,1.869e-05,1.014e-05,1.869e-05
9.975e-06,2e-06,1.816e-05,9.95e-06,1.816e-05
1.0081e-05,1.72e-06,1.844e-05,1.003e-05,1.844e-05
9.95e-06,1.23e-06,1.869e-05,9.89e-06,1.869e-05
1.0025e-05,1.07e-06,1.906e-05,1e-05,1.906e-05
3.2441e-05,1.24e-06,6.156e-05,3.3455e-05,6.156e-05
1.0223e-05,1.95e-06,1.847e-05,1.0255e-05,1.533e-05
1.013e-05,2.28e-06,1.808e-05,1.015e-05,1.516e-05
1.0104e-05,2.54e-06,1.769e-05,1.017e-05,1.504e-05
1.0126e-05,2.35e-06,1.773e-05,1.0065e-05,1.504e-05
1.0146e-05,2.67e-06,1.741e-05,1.0015e-05,1.478e-05
1.0141e-05,3.01e-06,1.724e-05,1.0175e-05,1.446e-05
1.0065e-05,3.1e-06,1.717e-05,1.0065e-05,1.467e-05
1.0081e-05,3.31e-06,1.704e-05,1.0095e-05,1.469e-05
1.0134e-05,3.4e-06,1.676e-05,1.0225e-05,1.438e-05
1.0189e-05,3.96e-06,1.652e-05,1.024e-05,1.411e-05
1.002e-05,3.92e-06,1.613e-05,9.995e-06,1.397e-05
1.007e-05,3.63e-06,1.62e-05,1.004e-05,1.438e-05
1.0079e-05,3.76e-06,1.616e-05,1.005e-05,1.449e-05
1.0043e-05,4.46e-06,1.538e-05,1.007e-05,1.433e-05
1.0034e-05,4.39e-06,1.561e-05,1.005e-05,1.425e-05
1.0091e-05,4.17e-06,1.571e-05,1.0185e-05,1.421e-05
1.0137e-05,4.71e-06,1.557e-05,1.021e-05,1.423e-05
1.0183e-05,4.92e-06,1.568e-05,1.017e-05,1.435e-05
1.0068e-05,4.64e-06,1.551e-05,1.0115e-05,1.416e-05
9.987e-06,5e-06,1.515e-05,9.96e-06,1.394e-05
1.0048e-05,5.17e-06,1.493e-05,1.0105e-05,1.401e-05
1.0049e-05,5.14e-06,1.495e-05,1.0125e-05,1.393e-05
1.0026e-05,5.15e-06,1.501e-05,1.0145e-05,1.407e-05
1.0082e-05,5.22e-06,1.501e-05,1.013e-05,1.41e-05
1.0052e-05,5.05e-06,1.501e-05,1.0075e-05,1.413e-05
1.0066e-05,5.23e-06,1.5e-05,1.0045e-05,1.415e-05
1.0031e-05,5.17e-06,1.481e-05,1.0105e-05,1.428e-05
1.0118e-05,4.85e-06,1.529e-05,1.0245e-05,1.455e-05
1.0039e-05,5.01e-06,1.511e-05,1.0135e-05,1.445e-05
1.0055e-05,4.94e-06,1.505e-05,1.0155e-05,1.41e-05
1.0089e-05,5.32e-06,1.467e-05,1.019e-05,1.391e-05
1.0051e-05,5.44e-06,1.468e-05,1.003e-05,1.376e-05
1.0096e-05,5.53e-06,1.474e-05,1.0195e-05,1.417e-05
1.0095e-05,5.72e-06,1.448e-05,1.018e-05,1.448e-05
1.0118e-05,5.7e-06,1.455e-05,1.0115e-05,1.455e-05
1.0011e-05,5.77e-06,1.439e-05,1.008e-05,1.439e-05
1.0046e-05,5.44e-06,1.468e-05,1.0065e-05,1.468e-05
9.999e-06,5.04e-06,1.511e-05,1.003e-05,1.511e-05
1.007e-05,4.64e-06,1.545e-05,1.0025e-05,1.545e-05
1.013e-05,4.34e-06,1.589e-05,1.005e-05,1.589e-05
1.005e-05,4.2e-06,1.618e-05,1.002e-05,1.618e-05
1.0227e-05,4e-06,1.653e-05,1.005e-05,1.653e-05
1.0135e-05,3.74e-06,1.667e-05,1.011e-05,1.667e-05
1.0104e-05,3.97e-06,1.636e-05,1e-05,1.636e-05
1.0094e-05,3.78e-06,1.647e-05,1.007e-05,1.647e-05
1.0061e-05,3.57e-06,1.659e-05,1.026e-05,1.659e-05
1.0091e-05,4.07e-06,1.638e-05,1.0015e-05,1.638e-05
1.0058e-05,4.02e-06,1.615e-05,1.0035e-05,1.615e-05
1e-05,4.12e-06,1.6e-05,9.955e-06,1.6e-05
1.0292e-05,4.3e-06,1.623e-05,1.03e-05,1.623e-05
1.0098e-05,4.21e-06,1.692e-05,1.001e-05,1.692e-05
1.0209e-05,2.85e-06,1.762e-05,1.012e-05,1.762e-05
1.0137e-05,2.39e-06,1.777e-05,1.011e-05,1.777e-05
1.0093e-05,2.42e-06,1.784e-05,1.0225e-05,1.784e-05
1.0065e-05,2.45e-06,1.777e-05,1.0115e-05,1.777e-05
1.0275e-05,2.55e-06,1.799e-05,1.0255e-05,1.799e-05
1.0122e-05,2.7e-06,1.741e-05,1.025e-05,1.741e-05
1.0126e-05,2.93e-06,1.739e-05,1.007e-05,1.739e-05
1.0044e-05,2.64e-06,1.734e-05,1.0035e-05,1.734e-05
1.0087e-05,2.51e-06,1.753e-05,1.0095e-05,1.753e-05
1.0228e-05,2.69e-06,1.797e-05,1.028e-05,1.797e-05
1.0161e-05,2.64e-06,1.778e-05,1.03e-05,1.778e-05
1.0144e-05,2.45e-06,1.787e-05,1.0115e-05,1.787e-05
1.0056e-05,2.26e-06,1.795e-05,9.995e-06,1.795e-05
1.0113e-05,1.99e-06,1.82e-05,1.0095e-05,1.82e-05
1.0241e-05,2.35e-06,1.834e-05,1.018e-05,1.834e-05
1.0139e-05,1.85e-06,1.846e-05,1.02e-05,1.846e-05
1.0122e-05,1.95e-06,1.827e-05,1.0055e-05,1.827e-05
1.0141e-05,1.57e-06,1.887e-05,1.007e-05,1.887e-05
1.0206e-05,1.58e-06,1.884e-05,1.0135e-05,1.884e-05
9.971e-06,1.17e-06,1.865e-05,9.865e-06,1.865e-05
1.0049e-05,1.52e-06,1.879e-05,1.0085e-05,1.879e-05
1.0173e-05,1.38e-06,1.906e-05,1.011e-05,1.906e-05
1.0049e-05,1.46e-06,1.875e-05,1.002e-05,1.875e-05
1.0114e-05,1.45e-06,1.877e-05,1.0105e-05,1.877e-05
1.004e-05,1.22e-06,1.88e-05,1.002e-05,1.88e-05
1.0055e-05,1.44e-06,1.888e-05,1.0055e-05,1.888e-05
9.952e-06,1.52e-06,1.849e-05,1.0005e-05,1.849e-05
1.0026e-05,1.85e-06,1.823e-05,1.004e-05,1.823e-05
9.975e-06,1.87e-06,1.816e-05,1.0045e-05,1.816e-05
1.0053e-05,1.94e-06,1.822e-05,1.004e-05,1.822e-05
1.0175e-05,1.74e-06,1.869e-05,1.0125e-05,1.869e-05
1.0004e-05,1.71e-06,1.834e-05,1.0025e-05,1.834e-05
9.995e-06,1.43e-06,1.836e-05,1.014e-05,1.836e-05
1.0251e-05,1.25e-06,1.926e-05,1.006e-05,1.926e-05
1.0134e-05,9.7e-07,1.911e-05,1.004e-05,1.911e-05
1.0094e-05,9.2e-07,1.925e-05,1.0055e-05,1.925e-05
1.0111e-05,1.21e-06,1.898e-05,1.006e-05,1.898e-05
1.0014e-05,1.41e-06,1.87e-05,1.0125e-05,1.87e-05
1.0511e-05,1.4e-06,1.877e-05,1.0215e-05,1.877e-05
1.0105e-05,3.38e-06,1.661e-05,1.0165e-05,1.661e-05
1.0002e-05,3.41e-06,1.661e-05,1.001e-05,1.661e-05
9.984e-06,3.12e-06,1.691e-05,9.945e-06,1.691e-05
9.945e-06,2.93e-06,1.702e-05,9.91e-06,1.702e-05
9.969e-06,2.74e-06,1.723e-05,9.975e-06,1.723e-05
1.0054e-05,2.57e-06,1.753e-05,1.0125e-05,1.753e-05
1.0031e-05,2.14e-06,1.793e-05,9.965e-06,1.793e-05
1.0089e-05,2.09e-06,1.812e-05,1.009e-05,1.812e-05
1.0016e-05,1.79e-06,1.812e-05,1.009e-05,1.812e-05
1.0045e-05,2.07e-06,1.813e-05,1.013e-05,1.813e-05
1.0069e-05,2.8e-06,1.784e-05,9.98e-06,1.784e-05
9.989e-06,2.62e-06,1.753e-05,1.0045e-05,1.753e-05
1.0049e-05,2.81e-06,1.758e-05,9.98e-06,1.758e-05
1.0048e-05,2.66e-06,1.741e-05,1.0085e-05,1.741e-05
1.0026e-05,2.46e-06,1.754e-05,1.006e-05,1.754e-05
1.0011e-05,2.6e-06,1.748e-05,1.0005e-05,1.748e-05
1.0065e-05,2.69e-06,1.76e-05,1.004e-05,1.76e-05
9.989e-06,2.37e-06,1.759e-05,9.95e-06,1.759e-05
1.0052e-05,2.23e-06,1.792e-05,1.007e-05,1.792e-05
1.0071e-05,1.7e-06,1.842e-05,1.003e-05,1.842e-05
1.0086e-05,1.51e-06,1.857e-05,1.008e-05,1.857e-05
1.009e-05,1.52e-06,1.87e-05,1.006e-05,1.87e-05
1.0093e-05,1.11e-06,1.902e-05,1e-05,1.902e-05
1.0191e-05,1.48e-06,1.89e-05,1.0185e-05,1.89e-05
1.0145e-05,1.41e-06,1.886e-05,1.0115e-05,1.886e-05
1.0188e-05,1.36e-06,1.871e-05,1.02e-05,1.871e-05
1.0046e-05,1.43e-06,1.872e-05,1.009e-05,1.872e-05
1.0191e-05,1.24e-06,1.924e-05,1.016e-05,1.924e-05
1.0062e-05,1.1e-06,1.897e-05,1.0065e-05,1.897e-05
1.0126e-05,1.54e-06,1.899e-05,1.0015e-05,1.899e-05
1.0071e-05,1.09e-06,1.89e-05,1.0035e-05,1.89e-05
1.027e-05,1.13e-06,1.949e-05,1.0205e-05,1.949e-05
1.0301e-05,1.09e-06,1.965e-05,1.015e-05,1.965e-05
1.0091e-05,1.05e-06,1.914e-05,1.002e-05,1.914e-05
1.0012e-05,1.33e-06,1.886e-05,1.004e-05,1.886e-05
1.0024e-05,1.35e-06,1.881e-05,1.003e-05,1.881e-05
1.0001e-05,1.4e-06,1.864e-05,1.003e-05,1.864e-05
1.0126e-05,1.7e-06,1.86e-05,1.0095e-05,1.86e-05
1.0137e-05,1.76e-06,1.851e-05,1.012e-05,1.851e-05
1.0102e-05,1.83e-06,1.844e-05,1.0045e-05,1.844e-05
1.0104e-05,1.38e-06,1.877e-05,1.0055e-05,1.877e-05
1.0241e-05,1.01e-06,1.921e-05,1.0145e-05,1.921e-05
1.0066e-05,1.16e-06,1.924e-05,1.0045e-05,1.924e-05
1.1337e-05,5.22e-06,1.9e-05,1.198e-05,1.9e-05
1.0231e-05,4.88e-06,1.571e-05,1.0345e-05,1.467e-05
1.0126e-05,4.91e-06,1.551e-05,1.024e-05,1.471e-05
1.052e-05,4.89e-06,1.796e-05,1.0185e-05,1.796e-05
1.0291e-05,2.8e-06,1.773e-05,1.007e-05,1.773e-05
1.004e-05,2.68e-06,1.736e-05,9.99e-06,1.736e-05
1.0048e-05,2.62e-06,1.756e-05,1.0045e-05,1.756e-05
1.0125e-05,2.11e-06,1.793e-05,1.0115e-05,1.793e-05
1.0154e-05,1.92e-06,1.821e-05,1.011e-05,1.821e-05
1.008e-05,1.85e-06,1.828e-05,1.007e-05,1.828e-05
1.0006e-05,1.87e-06,1.831e-05,9.95e-06,1.831e-05
1.0082e-05,1.9e-06,1.817e-05,1.0065e-05,1.817e-05
1.0095e-05,2.1e-06,1.833e-05,9.955e-06,1.833e-05
1.0017e-05,1.71e-06,1.827e-05,9.955e-06,1.827e-05
1.0014e-05,1.6e-06,1.856e-05,1.005e-05,1.856e-05
1.0029e-05,1.44e-06,1.858e-05,1.0175e-05,1.858e-05
1.0555e-05,5.17e-06,1.851e-05,1.002e-05,1.851e-05
9.965e-06,5.12e-06,1.465e-05,1.0085e-05,1.456e-05
9.995e-06,5.55e-06,1.445e-05,1.0005e-05,1.445e-05
1.0051e-05,5.61e-06,1.45e-05,1.0065e-05,1.45e-05
1.0001e-05,5.44e-06,1.489e-05,9.99e-06,1.489e-05
9.948e-06,5e-06,1.509e-05,9.925e-06,1.509e-05
9.975e-06,4.68e-06,1.535e-05,1.001e-05,1.535e-05
1.0017e-05,4.36e-06,1.557e-05,1.004e-05,1.557e-05
1.0016e-05,4.55e-06,1.562e-05,1.012e-05,1.562e-05
1.0019e-05,4.34e-06,1.583e-05,1.004e-05,1.583e-05
9.967e-06,3.95e-06,1.613e-05,1.001e-05,1.613e-05
1.0058e-05,3.64e-06,1.647e-05,1.006e-05,1.647e-05
1.0084e-05,3.43e-06,1.689e-05,1.0065e-05,1.689e-05
9.979e-06,2.94e-06,1.702e-05,9.98e-06,1.702e-05
9.972e-06,2.5e-06,1.758e-05,9.975e-06,1.758e-05
1.0087e-05,2.16e-06,1.782e-05,1.019e-05,1.782e-05
1.0017e-05,1.77e-06,1.831e-05,1.0015e-05,1.831e-05
1.0131e-05,1.3e-06,1.89e-05,1.011e-05,1.89e-05
1.0056e-05,1.56e-06,1.875e-05,9.96e-06,1.875e-05
1.0201e-05,1.1e-06,1.919e-05,1.0125e-05,1.919e-05
1.0273e-05,1.22e-06,1.955e-05,1.0215e-05,1.955e-05
1.0074e-05,1.08e-06,1.915e-05,1.007e-05,1.915e-05
1.0065e-05,1.3e-06,1.906e-05,1.004e-05,1.906e-05
1.0176e-05,1.36e-06,1.894e-05,1.0055e-05,1.894e-05
9.981e-06,1.58e-06,1.851e-05,9.955e-06,1.851e-05
1.0056e-05,1.72e-06,1.845e-05,1.014e-05,1.845e-05
1.0166e-05,1.65e-06,1.836e-05,1.001e-05,1.836e-05
1.0037e-05,1.65e-06,1.844e-05,1.0125e-05,1.844e-05
1.009e-05,1.79e-06,1.851e-05,1.007e-05,1.851e-05
1.0131e-05,1.58e-06,1.865e-05,1.02e-05,1.865e-05
1.0039e-05,1.12e-06,1.889e-05,9.985e-06,1.889e-05
1.0156e-05,1.48e-06,1.902e-05,1.011e-05,1.902e-05
1.0033e-05,1.73e-06,1.84e-05,1.0025e-05,1.84e-05
1.002e-05,1.81e-06,1.828e-05,9.995e-06,1.828e-05
1.0012e-05,1.6e-06,1.851e-05,1.004e-05,1.851e-05
1.0023e-05,1.42e-06,1.843e-05,1.003e-05,1.843e-05
1.002e-05,1.64e-06,1.842e-05,1.0035e-05,1.842e-05
9.964e-06,1.95e-06,1.807e-05,9.96e-06,1.807e-05
1.0039e-05,1.74e-06,1.831e-05,1.0005e-05,1.831e-05
1.014e-05,1.82e-06,1.847e-05,1.0195e-05,1.847e-05
1.0083e-05,1.58e-06,1.855e-05,1.0195e-05,1.855e-05
1.0071e-05,1.69e-06,1.844e-05,1.0055e-05,1.844e-05
1.015e-05,1.84e-06,1.848e-05,1.01e-05,1.848e-05
1.0151e-05,1.53e-06,1.863e-05,1.003e-05,1.863e-05
1.0074e-05,1.92e-06,1.822e-05,1.0065e-05,1.822e-05
1.0175e-05,1.66e-06,1.848e-05,1.0075e-05,1.848e-05
1.0079e-05,1.63e-06,1.853e-05,1.0195e-05,1.853e-05
1.0062e-05,2.06e-06,1.847e-05,1.001e-05,1.847e-05
1.0012e-05,2.21e-06,1.793e-05,1.0015e-05,1.793e-05
1.0035e-05,1.97e-06,1.806e-05,1.0035e-05,1.806e-05
9.994e-06,2e-06,1.816e-05,9.98e-06,1.816e-05
1.0041e-05,1.64e-06,1.843e-05,1.004e-05,1.843e-05
1.0212e-05,1.71e-06,1.872e-05,1.0305e-05,1.872e-05
1.0064e-05,1.96e-06,1.84e-05,1.0025e-05,1.84e-05
1.0189e-05,1.87e-06,1.835e-05,1.0105e-05,1.835e-05
1.0071e-05,1.59e-06,1.863e-05,1.0075e-05,1.863e-05
1.0014e-05,1.2e-06,1.877e-05,1.0025e-05,1.877e-05
1.0148e-05,1.5e-06,1.88e-05,9.99e-06,1.88e-05
1.0094e-05,1.39e-06,1.858e-05,1.005e-05,1.858e-05
1.0015e-05,1.63e-06,1.849e-05,9.985e-06,1.849e-05
1.0032e-05,1.76e-06,1.848e-05,9.98e-06,1.848e-05
1.001e-05,1.51e-06,1.837e-05,1.0015e-05,1.837e-05
1e-05,1.27e-06,1.88e-05,9.995e-06,1.88e-05
1.0298e-05,1.13e-06,1.944e-05,1.0155e-05,1.944e-05
1.0011e-05,1.14e-06,1.879e-05,1.007e-05,1.879e-05
9.995e-06,1.71e-06,1.828e-05,1.003e-05,1.828e-05
1.0098e-05,1.8e-06,1.864e-05,1.003e-05,1.864e-05
1.0116e-05,2.15e-06,1.835e-05,1.0015e-05,1.835e-05
1.0132e-05,2.38e-06,1.801e-05,1e-05,1.801e-05
1.0066e-05,2.26e-06,1.789e-05,1.008e-05,1.789e-05
1.0022e-05,2.04e-06,1.807e-05,1e-05,1.807e-05
1.0083e-05,1.94e-06,1.827e-05,1.007e-05,1.827e-05
9.968e-06,1.56e-06,1.843e-05,9.95e-06,1.843e-05
1.0051e-05,1.7e-06,1.851e-05,1.0005e-05,1.851e-05
1.0074e-05,1.49e-06,1.862e-05,1.0045e-05,1.862e-05
1.0055e-05,1.71e-06,1.849e-05,1.0015e-05,1.849e-05
1.0119e-05,1.81e-06,1.856e-05,1.007e-05,1.856e-05
1.0034e-05,2.07e-06,1.815e-05,1.003e-05,1.815e-05
1.0029e-05,1.86e-06,1.813e-05,9.995e-06,1.813e-05
1.0134e-05,1.58e-06,1.863e-05,1.0115e-05,1.863e-05
1.0077e-05,1.55e-06,1.867e-05,1e-05,1.867e-05
1.0115e-05,1.22e-06,1.895e-05,1.0085e-05,1.895e-05
1.0184e-05,1.53e-06,1.912e-05,1.0235e-05,1.912e-05
1.0225e-05,1.73e-06,1.882e-05,1.023e-05,1.882e-05
1.0093e-05,1.88e-06,1.855e-05,1.009e-05,1.855e-05
1.0111e-05,1.65e-06,1.86e-05,1.008e-05,1.86e-05
1.0116e-05,1.58e-06,1.859e-05,1.0035e-05,1.859e-05
1.0061e-05,1.79e-06,1.861e-05,1.0115e-05,1.861e-05
1.0085e-05,1.42e-06,1.868e-05,9.99e-06,1.868e-05
1.0101e-05,1.34e-06,1.901e-05,1.009e-05,1.901e-05
1.0116e-05,1.38e-06,1.884e-05,1.0085e-05,1.884e-05
1.0101e-05,1.79e-06,1.857e-05,1.0105e-05,1.857e-05
1.0095e-05,2.02e-06,1.826e-05,1.0075e-05,1.826e-05
9.999e-06,1.83e-06,1.844e-05,9.99e-06,1.844e-05
1.015e-05,1.3e-06,1.883e-05,1.0005e-05,1.883e-05
1.0136e-05,1.39e-06,1.909e-05,1.0015e-05,1.909e-05
1.0047e-05,1.48e-06,1.87e-05,1.002e-05,1.87e-05
1.0236e-05,1.47e-06,1.903e-05,1.0065e-05,1.903e-05
9.986e-06,1.59e-06,1.857e-05,9.89e-06,1.857e-05
1.0084e-05,1.26e-06,1.868e-05,1.002e-05,1.868e-05
1.0152e-05,1.77e-06,1.903e-05,1.0035e-05,1.903e-05
1.0216e-05,1.54e-06,1.892e-05,1.014e-05,1.892e-05
1.0194e-05,1.08e-06,1.923e-05,1.0185e-05,1.923e-05
1.0271e-05,1.48e-06,1.92e-05,1.0385e-05,1.92e-05
1.0044e-05,1.77e-06,1.846e-05,1.001e-05,1.846e-05
1.0045e-05,1.7e-06,1.853e-05,1.0055e-05,1.853e-05
1.011e-05,1.73e-06,1.851e-05,1.0055e-05,1.851e-05
1.0061e-05,2.21e-06,1.8e-05,1.0015e-05,1.8e-05
1.0151e-05,2.83e-06,1.752e-05,1.0195e-05,1.752e-05
1.0045e-05,2.7e-06,1.731e-05,1.0175e-05,1.731e-05
1.0099e-05,2.35e-06,1.779e-05,1.0055e-05,1.779e-05
1.0172e-05,2.35e-06,1.78e-05,1.008e-05,1.78e-05
1.0104e-05,2.33e-06,1.75e-05,1.0155e-05,1.75e-05
1.0056e-05,2.36e-06,1.776e-05,9.965e-06,1.776e-05
1.0045e-05,1.94e-06,1.82e-05,9.955e-06,1.82e-05
1.0094e-05,2.09e-06,1.814e-05,1.0065e-05,1.814e-05
1.0316e-05,2.82e-06,1.785e-05,1.0215e-05,1.785e-05
1.0051e-05,2.61e-06,1.721e-05,1.011e-05,1.721e-05
9.98e-06,2.86e-06,1.705e-05,9.975e-06,1.705e-05
1.0084e-05,2.95e-06,1.713e-05,1.0105e-05,1.713e-05
9.991e-06,2.95e-06,1.697e-05,1.007e-05,1.697e-05
1.0083e-05,2.64e-06,1.74e-05,9.935e-06,1.74e-05
9.975e-06,2.99e-06,1.681e-05,9.965e-06,1.681e-05
1.0091e-05,3.15e-06,1.685e-05,1.003e-05,1.685e-05
1.0042e-05,3.54e-06,1.646e-05,1.0065e-05,1.646e-05
9.979e-06,3.89e-06,1.614e-05,1.0005e-05,1.614e-05
1.0049e-05,3.85e-06,1.615e-05,1.018e-05,1.615e-05
1e-05,3.36e-06,1.651e-05,9.985e-06,1.651e-05
1.0046e-05,3.16e-06,1.668e-05,1.0105e-05,1.668e-05
1.0036e-05,3.34e-06,1.662e-05,1.0065e-05,1.662e-05
1.0051e-05,3.12e-06,1.666e-05,1.004e-05,1.666e-05
9.996e-06,3.24e-06,1.657e-05,1.0095e-05,1.657e-05
1.0089e-05,3.68e-06,1.657e-05,1.0085e-05,1.657e-05
9.977e-06,3.55e-06,1.632e-05,9.97e-06,1.632e-05
1.0062e-05,3.51e-06,1.672e-05,1.007e-05,1.672e-05
1.0141e-05,3.2e-06,1.696e-05,1.011e-05,1.696e-05
1.0022e-05,3.08e-06,1.692e-05,1.001e-05,1.692e-05
1.0031e-05,3.15e-06,1.694e-05,1.0045e-05,1.694e-05
1.0043e-05,2.76e-06,1.733e-05,1.007e-05,1.733e-05
1.0003e-05,2.71e-06,1.73e-05,1.008e-05,1.73e-05
1.0181e-05,2.78e-06,1.754e-05,1.011e-05,1.754e-05
1.0009e-05,2.86e-06,1.731e-05,1.0005e-05,1.731e-05
9.994e-06,2.35e-06,1.747e-05,1.002e-05,1.747e-05
1.0059e-05,2.26e-06,1.78e-05,1.015e-05,1.78e-05
1.0084e-05,2.2e-06,1.805e-05,1.008e-05,1.805e-05
1.0089e-05,2.08e-06,1.803e-05,1.001e-05,1.803e-05
1.0086e-05,2.15e-06,1.798e-05,1.005e-05,1.798e-05
1.0041e-05,2.25e-06,1.778e-05,1.012e-05,1.778e-05
1.0104e-05,2.39e-06,1.774e-05,1.0045e-05,1.774e-05
1.0029e-05,2.59e-06,1.752e-05,9.97e-06,1.752e-05
1.0087e-05,2.62e-06,1.754e-05,1.01e-05,1.754e-05
1.0036e-05,2.49e-06,1.763e-05,1.005e-05,1.763e-05
1.0025e-05,2.51e-06,1.762e-05,1.007e-05,1.762e-05
1.0016e-05,1.71e-06,1.816e-05,1.007e-05,1.816e-05
1.5586e-05,2.01e-06,3.642e-05,1.2685e-05,1.823e-05
1.0029e-05,1.53e-06,1.843e-05,1.0045e-05,1.436e-05
1.0124e-05,1.6e-06,1.845e-05,1.015e-05,1.498e-05
1.0053e-05,1.86e-06,1.844e-05,9.915e-06,1.472e-05
1.0056e-05,2.17e-06,1.793e-05,1.0115e-05,1.474e-05
1.0033e-05,2.21e-06,1.787e-05,9.93e-06,1.469e-05
9.997e-06,1.86e-06,1.809e-05,9.935e-06,1.497e-05
1.0028e-05,2e-06,1.8e-05,9.885e-06,1.512e-05
1.0174e-05,2.42e-06,1.79e-05,9.945e-06,1.507e-05
1.0085e-05,2.6e-06,1.765e-05,9.94e-06,1.467e-05
1.0114e-05,2.56e-06,1.729e-05,1.009e-05,1.486e-05
1.0051e-05,2.78e-06,1.714e-05,9.985e-06,1.487e-05
1.0081e-05,2.96e-06,1.749e-05,1.004e-05,1.512e-05
1.0143e-05,2.92e-06,1.753e-05,1.013e-05,1.539e-05
1.0066e-05,2.94e-06,1.733e-05,9.91e-06,1.512e-05
1.0051e-05,2.76e-06,1.714e-05,1.0025e-05,1.515e-05
9.978e-06,2.55e-06,1.733e-05,9.925e-06,1.522e-05
1.0002e-05,2.28e-06,1.757e-05,9.965e-06,1.553e-05
1.0123e-05,2.37e-06,1.781e-05,1.0065e-05,1.566e-05
1.008e-05,2.58e-06,1.769e-05,9.925e-06,1.557e-05
9.982e-06,2.43e-06,1.746e-05,9.945e-06,1.481e-05
1.0061e-05,2.61e-06,1.754e-05,9.855e-06,1.513e-05
9.994e-06,2.7e-06,1.726e-05,9.92e-06,1.516e-05
1.005e-05,2.96e-06,1.707e-05,1.0025e-05,1.564e-05
9.996e-06,3.62e-06,1.629e-05,1.003e-05,1.613e-05
1.0025e-05,3.74e-06,1.64e-05,1.0005e-05,1.64e-05
1.0139e-05,3.78e-06,1.662e-05,1.001e-05,1.662e-05
1.0036e-05,3.44e-06,1.657e-05,1.005e-05,1.657e-05
1.0029e-05,3.19e-06,1.699e-05,1.007e-05,1.699e-05
1.0114e-05,3.11e-06,1.749e-05,1.0145e-05,1.749e-05
9.926e-06,2.56e-06,1.727e-05,9.94e-06,1.727e-05
1.0102e-05,2.88e-06,1.749e-05,1.009e-05,1.749e-05
1.0119e-05,2.46e-06,1.765e-05,1.015e-05,1.765e-05
1.0069e-05,2.16e-06,1.8e-05,1.0095e-05,1.8e-05
1.0226e-05,2.49e-06,1.819e-05,1.008e-05,1.819e-05
1.0094e-05,1.74e-06,1.82e-05,1.0085e-05,1.82e-05
1.0055e-05,1.3e-06,1.874e-05,9.99e-06,1.874e-05
1.0103e-05,1.17e-06,1.897e-05,1.012e-05,1.897e-05
1.0448e-05,1.97e-06,1.936e-05,1.0255e-05,1.936e-05
1.0154e-05,1.16e-06,1.917e-05,1.019e-05,1.917e-05
1.0071e-05,1.55e-06,1.884e-05,1.0085e-05,1.884e-05
1.0133e-05,1.31e-06,1.886e-05,1.0035e-05,1.886e-05
1.0362e-05,1.69e-06,1.933e-05,1.0265e-05,1.933e-05
1.0006e-05,1.09e-06,1.893e-05,9.925e-06,1.893e-05
1.0027e-05,1.56e-06,1.89e-05,9.96e-06,1.89e-05
1.0299e-05,1.38e-06,1.896e-05,1.0235e-05,1.896e-05
1.0129e-05,1.64e-06,1.84e-05,1.002e-05,1.84e-05
1.0026e-05,1.85e-06,1.84e-05,9.96e-06,1.84e-05
1.0161e-05,1.86e-06,1.849e-05,1.0095e-05,1.849e-05
1.0059e-05,1.96e-06,1.827e-05,1.0075e-05,1.827e-05
1.0255e-05,2.37e-06,1.859e-05,1.0285e-05,1.859e-05
1.0111e-05,1.55e-06,1.858e-05,1.0095e-05,1.858e-05
1.0182e-05,1.65e-06,1.868e-05,1.0045e-05,1.868e-05
1.0132e-05,1.32e-06,1.879e-05,1.0045e-05,1.879e-05
1.0138e-05,1.21e-06,1.915e-05,9.925e-06,1.915e-05
1.0126e-05,1.31e-06,1.877e-05,1.0045e-05,1.877e-05
1.0101e-05,1.6e-06,1.857e-05,1.004e-05,1.857e-05
1e-05,1.83e-06,1.837e-05,1.001e-05,1.837e-05
1.0092e-05,2.02e-06,1.822e-05,1.0015e-05,1.822e-05
1.015e-05,1.7e-06,1.843e-05,1.01e-05,1.843e-05
1.0013e-05,1.77e-06,1.837e-05,1.002e-05,1.837e-05
1.0044e-05,2.21e-06,1.824e-05,1.002e-05,1.824e-05
1.0063e-05,2.03e-06,1.79e-05,1.016e-05,1.79e-05
1.0051e-05,1.9e-06,1.809e-05,1.0055e-05,1.809e-05
1.0122e-05,1.83e-06,1.817e-05,1.0125e-05,1.817e-05
1.0092e-05,1.82e-06,1.823e-05,1.0065e-05,1.823e-05
1.0181e-05,1.98e-06,1.84e-05,1.0195e-05,1.84e-05
9.985e-06,1.9e-06,1.819e-05,9.985e-06,1.819e-05
1.0033e-05,1.56e-06,1.844e-05,1e-05,1.844e-05
1.0066e-05,1.43e-06,1.866e-05,1.0025e-05,1.866e-05
1.0134e-05,1.14e-06,1.891e-05,1.012e-05,1.891e-05
1.0184e-05,1.23e-06,1.907e-05,1.0165e-05,1.907e-05
1.0061e-05,1.53e-06,1.863e-05,1.0025e-05,1.863e-05
1.0024e-05,1.5e-06,1.866e-05,1.006e-05,1.866e-05
1.0124e-05,1.58e-06,1.883e-05,1.006e-05,1.883e-05
1.0004e-05,1.74e-06,1.838e-05,1.005e-05,1.838e-05
9.994e-06,1.92e-06,1.825e-05,9.925e-06,1.825e-05
1.0119e-05,1.58e-06,1.844e-05,1.001e-05,1.844e-05
1.0075e-05,1.35e-06,1.868e-05,9.985e-06,1.868e-05
1.0086e-05,1.68e-06,1.852e-05,1.003e-05,1.852e-05
1.0175e-05,1.39e-06,1.877e-05,1.0165e-05,1.877e-05
1.0053e-05,1.33e-06,1.868e-05,1.0085e-05,1.868e-05
1.0106e-05,1.6e-06,1.868e-05,1.0105e-05,1.868e-05
1.0166e-05,1.19e-06,1.911e-05,1.0005e-05,1.911e-05
9.972e-06,9.7e-07,1.909e-05,9.97e-06,1.909e-05
1.0043e-05,1.3e-06,1.9e-05,1.016e-05,1.9e-05
9.967e-06,1.54e-06,1.847e-05,9.96e-06,1.847e-05
1.0227e-05,1.39e-06,1.869e-05,1.007e-05,1.869e-05
9.961e-06,1.26e-06,1.876e-05,9.985e-06,1.876e-05
1.0033e-05,1.39e-06,1.894e-05,1.003e-05,1.894e-05
1.0031e-05,1.51e-06,1.869e-05,9.975e-06,1.869e-05
1.0027e-05,1.54e-06,1.86e-05,9.975e-06,1.86e-05
9.962e-06,1.86e-06,1.816e-05,9.955e-06,1.816e-05
1.0097e-05,1.96e-06,1.809e-05,1.0095e-05,1.809e-05
9.965e-06,1.99e-06,1.788e-05,9.975e-06,1.788e-05
9.979e-06,2.22e-06,1.788e-05,9.905e-06,1.788e-05
1.0007e-05,2.43e-06,1.763e-05,1.007e-05,1.763e-05
1.0001e-05,2.54e-06,1.746e-05,1.0025e-05,1.746e-05
1.0066e-05,2.59e-06,1.758e-05,1.0035e-05,1.758e-05
1.0001e-05,2.61e-06,1.741e-05,1.0135e-05,1.741e-05
1.004e-05,2.66e-06,1.739e-05,1.006e-05,1.739e-05
1.0046e-05,2.66e-06,1.74e-05,1.0005e-05,1.74e-05
1.0029e-05,2.52e-06,1.749e-05,1.001e-05,1.749e-05
1.0084e-05,2.96e-06,1.743e-05,1.0045e-05,1.743e-05
1.0034e-05,2.54e-06,1.73e-05,1.005e-05,1.73e-05
9.976e-06,2.64e-06,1.744e-05,1.0035e-05,1.744e-05
1.0106e-05,2.54e-06,1.769e-05,1.0075e-05,1.769e-05
9.985e-06,2.46e-06,1.752e-05,9.995e-06,1.752e-05
9.975e-06,2.44e-06,1.769e-05,9.99e-06,1.769e-05
1.0068e-05,2.03e-06,1.803e-05,9.98e-06,1.803e-05
9.986e-06,1.98e-06,1.789e-05,1.003e-05,1.789e-05
1.0006e-05,2.26e-06,1.766e-05,1.009e-05,1.766e-05
9.977e-06,2.5e-06,1.758e-05,9.915e-06,1.758e-05
9.954e-06,2.16e-06,1.761e-05,1.0025e-05,1.761e-05
1.0074e-05,2.7e-06,1.741e-05,1.016e-05,1.741e-05
9.951e-06,2.54e-06,1.753e-05,9.96e-06,1.753e-05
9.95e-06,2.62e-06,1.744e-05,9.995e-06,1.744e-05
1.0072e-05,2.88e-06,1.743e-05,9.975e-06,1.743e-05
9.944e-06,2.84e-06,1.714e-05,9.94e-06,1.714e-05
9.993e-06,3.05e-06,1.697e-05,1.0065e-05,1.697e-05
1.0054e-05,3.23e-06,1.721e-05,1.0035e-05,1.721e-05
9.965e-06,2.98e-06,1.703e-05,9.995e-06,1.703e-05
1.0016e-05,3.25e-06,1.685e-05,9.915e-06,1.685e-05
1.0061e-05,3.05e-06,1.721e-05,9.995e-06,1.721e-05
1.0061e-05,2.52e-06,1.761e-05,9.975e-06,1.761e-05
1.0047e-05,2.29e-06,1.788e-05,9.99e-06,1.788e-05
1.0024e-05,2.25e-06,1.78e-05,9.95e-06,1.78e-05
1.0035e-05,2.11e-06,1.802e-05,1e-05,1.802e-05
1.0085e-05,2.28e-06,1.784e-05,1.017e-05,1.784e-05
1.0488e-05,2.37e-06,1.831e-05,9.965e-06,1.763e-05
1.0151e-05,1.99e-06,1.839e-05,1.0195e-05,1.504e-05
1.0026e-05,1.89e-06,1.817e-05,1.006e-05,1.503e-05
1.0011e-05,1.89e-06,1.819e-05,9.985e-06,1.506e-05
1.0012e-05,2.2e-06,1.769e-05,9.995e-06,1.513e-05
1.0029e-05,2.2e-06,1.771e-05,1.0115e-05,1.512e-05
9.994e-06,2.04e-06,1.786e-05,1.002e-05,1.496e-05
9.979e-06,1.95e-06,1.79e-05,9.925e-06,1.495e-05
9.987e-06,2.08e-06,1.786e-05,9.99e-06,1.511e-05
1.0035e-05,2.07e-06,1.788e-05,1.0045e-05,1.512e-05
1.001e-05,2e-06,1.788e-05,9.93e-06,1.489e-05
9.995e-06,2.11e-06,1.8e-05,9.995e-06,1.48e-05
1.005e-05,2.28e-06,1.788e-05,1.0035e-05,1.481e-05
1.0003e-05,2.4e-06,1.749e-05,9.89e-06,1.506e-05
1.0038e-05,2.64e-06,1.725e-05,1.03e-05,1.494e-05
9.992e-06,2.79e-06,1.707e-05,1.0005e-05,1.479e-05
1.0027e-05,2.97e-06,1.687e-05,9.99e-06,1.527e-05
1.0017e-05,3.58e-06,1.63e-05,9.94e-06,1.525e-05
1.0029e-05,3.68e-06,1.614e-05,9.95e-06,1.524e-05
9.995e-06,3.62e-06,1.605e-05,9.98e-06,1.502e-05
1.0083e-05,3.83e-06,1.608e-05,1.004e-05,1.49e-05
1.0046e-05,4.35e-06,1.578e-05,1.014e-05,1.491e-05
1.0025e-05,4.88e-06,1.513e-05,1.004e-05,1.487e-05
1.002e-05,5.3e-06,1.482e-05,9.92e-06,1.466e-05
1.007e-05,5.25e-06,1.511e-05,1.0105e-05,1.511e-05
1.0178e-05,4.67e-06,1.549e-05,1.024e-05,1.549e-05
1.0002e-05,4.35e-06,1.559e-05,1.0005e-05,1.559e-05
1.0745e-05,4.26e-06,1.73e-05,1.0805e-05,1.589e-05
1.004e-05,3.33e-06,1.656e-05,1.0045e-05,1.58e-05
1.0003e-05,3.75e-06,1.629e-05,9.94e-06,1.552e-05
1.0019e-05,3.8e-06,1.619e-05,9.98e-06,1.544e-05
9.993e-06,3.69e-06,1.615e-05,1.001e-05,1.551e-05
1.0019e-05,4.07e-06,1.596e-05,9.985e-06,1.53e-05
1.0053e-05,4.22e-06,1.581e-05,1.004e-05,1.53e-05
9.98e-06,4.37e-06,1.568e-05,9.925e-06,1.539e-05
9.991e-06,4.18e-06,1.559e-05,9.985e-06,1.548e-05
1.0051e-05,4.65e-06,1.542e-05,1.009e-05,1.54e-05
9.95e-06,4.94e-06,1.488e-05,9.9e-06,1.488e-05
1.0021e-05,5.2e-06,1.497e-05,9.97e-06,1.487e-05
9.979e-06,5.18e-06,1.475e-05,9.96e-06,1.475e-05
1.0025e-05,5.06e-06,1.504e-05,1.001e-05,1.504e-05
1.004e-05,5.11e-06,1.513e-05,1.001e-05,1.513e-05
9.99e-06,4.99e-06,1.495e-05,1.0065e-05,1.495e-05
9.999e-06,4.82e-06,1.524e-05,1.007e-05,1.524e-05
1.0041e-05,5.05e-06,1.513e-05,9.945e-06,1.513e-05
1.0083e-05,4.81e-06,1.523e-05,1.0035e-05,1.472e-05
1.0039e-05,4.56e-06,1.546e-05,1.012e-05,1.403e-05
1.0113e-05,4.79e-06,1.547e-05,1.0055e-05,1.411e-05
1e-05,5.11e-06,1.482e-05,9.94e-06,1.452e-05
1.0059e-05,5.31e-06,1.486e-05,1.0055e-05,1.456e-05
1.0042e-05,5.39e-06,1.474e-05,1.0045e-05,1.445e-05
1.0089e-05,5.36e-06,1.475e-05,1.005e-05,1.443e-05
1.0431e-05,5.28e-06,1.49e-05,1.016e-05,1.247e-05
1.0055e-05,5.4e-06,1.456e-05,1.004e-05,1.229e-05
9.938e-06,5.29e-06,1.463e-05,9.945e-06,1.227e-05
1.0061e-05,5.32e-06,1.486e-05,9.96e-06,1.253e-05
9.996e-06,5.33e-06,1.46e-05,1.002e-05,1.254e-05
1.0128e-05,5.56e-06,1.455e-05,1.0145e-05,1.269e-05
1.004e-05,5.6e-06,1.452e-05,1.003e-05,1.248e-05
1.0051e-05,5.59e-06,1.441e-05,1.0075e-05,1.271e-05
1.0063e-05,5.58e-06,1.437e-05,1.0085e-05,1.269e-05
1.0005e-05,5.51e-06,1.464e-05,9.98e-06,1.278e-05
1.0065e-05,5.2e-06,1.518e-05,9.965e-06,1.276e-05
1.0001e-05,4.71e-06,1.554e-05,9.975e-06,1.272e-05
9.954e-06,4.33e-06,1.579e-05,9.93e-06,1.281e-05
1.006e-05,4.45e-06,1.576e-05,1.0045e-05,1.299e-05
1.008e-05,4.3e-06,1.619e-05,1.01e-05,1.289e-05
1.0134e-05,3.57e-06,1.656e-05,1.01e-05,1.255e-05
1.0185e-05,3.26e-06,1.692e-05,1.016e-05,1.234e-05
1.0071e-05,3.04e-06,1.719e-05,1.0015e-05,1.198e-05
1.0097e-05,2.56e-06,1.77e-05,1.01e-05,1.176e-05
1.0125e-05,2.14e-06,1.815e-05,1.017e-05,1.141e-05
1.0114e-05,2.16e-06,1.796e-05,1.009e-05,1.106e-05
1.0138e-05,2.12e-06,1.817e-05,1.0315e-05,1.1e-05
1.01e-05,1.94e-06,1.829e-05,1.0065e-05,1.037e-05
1.0006e-05,1.6e-06,1.848e-05,1.006e-05,1.057e-05
1.0019e-05,1.57e-06,1.865e-05,1.0035e-05,1.083e-05
1.0037e-05,1.7e-06,1.846e-05,1.006e-05,1.11e-05
9.999e-06,1.62e-06,1.854e-05,1.0055e-05,1.097e-05
1.0262e-05,1.49e-06,1.87e-05,1.0295e-05,1.125e-05
1.0101e-05,2.01e-06,1.82e-05,1.024e-05,1.162e-05
1.0064e-05,2.35e-06,1.77e-05,1.009e-05,1.183e-05
1.005e-05,2.52e-06,1.745e-05,1.0015e-05,1.191e-05
1.006e-05,2.75e-06,1.745e-05,1.007e-05,1.213e-05
1.0139e-05,2.96e-06,1.718e-05,1.0055e-05,1.225e-05
9.998e-06,2.83e-06,1.739e-05,1.0015e-05,1.198e-05
1.0035e-05,2.77e-06,1.721e-05,9.95e-06,1.191e-05
9.959e-06,2.77e-06,1.726e-05,1.0025e-05,1.205e-05
9.99e-06,2.55e-06,1.747e-05,1.01e-05,1.223e-05
1.0129e-05,2.48e-06,1.767e-05,1.012e-05,1.183e-05
1.0083e-05,2.08e-06,1.804e-05,1.008e-05,1.156e-05
1.016e-05,1.99e-06,1.839e-05,1.0135e-05,1.145e-05
1.0141e-05,1.79e-06,1.824e-05,1.0215e-05,1.147e-05
1.0051e-05,2.25e-06,1.78e-05,1.003e-05,1.181e-05
9.994e-06,2.24e-06,1.78e-05,1.0145e-05,1.188e-05
1.0036e-05,2.17e-06,1.798e-05,1.0185e-05,1.176e-05
1.0189e-05,1.81e-06,1.839e-05,1.015e-05,1.135e-05
1.0179e-05,1.58e-06,1.867e-05,1.018e-05,1.113e-05
1.0034e-05,1.62e-06,1.848e-05,1.0085e-05,1.106e-05
1.003e-05,1.68e-06,1.835e-05,1.004e-05,1.099e-05
1.0079e-05,1.78e-06,1.839e-05,1.003e-05,1.103e-05
1.0081e-05,1.65e-06,1.835e-05,9.975e-06,1.11e-05
1.0084e-05,1.96e-06,1.84e-05,1.0155e-05,1.144e-05
9.996e-06,1.81e-06,1.841e-05,1.0145e-05,1.132e-05
1.0117e-05,1.69e-06,1.862e-05,1.0135e-05,1.11e-05
1.0046e-05,1.44e-06,1.843e-05,1.013e-05,1.082e-05
1.0022e-05,1.33e-06,1.873e-05,9.95e-06,1.064e-05
1.0009e-05,1.5e-06,1.872e-05,1.0065e-05,1.12e-05
1.0155e-05,1.86e-06,1.848e-05,1.0185e-05,1.129e-05
1.0075e-05,1.63e-06,1.834e-05,1.002e-05,1.116e-05
1.0159e-05,1.61e-06,1.87e-05,1.046e-05,1.121e-05
1.0169e-05,1.54e-06,1.91e-05,1.007e-05,1.022e-05
1.0135e-05,1.36e-06,1.895e-05,1.0175e-05,1.06e-05
1.0128e-05,1.28e-06,1.881e-05,1.033e-05,1.111e-05
9.995e-06,1.69e-06,1.842e-05,1.0025e-05,1.108e-05
1.0265e-05,1.6e-06,1.852e-05,1.109e-05,1.309e-05
1.0129e-05,3.68e-06,1.664e-05,1.0185e-05,1.341e-05
9.969e-06,3.63e-06,1.646e-05,1.0045e-05,1.312e-05
1.0076e-05,3.58e-06,1.639e-05,1.013e-05,1.302e-05
9.998e-06,3.61e-06,1.646e-05,1.0055e-05,1.321e-05
1.0081e-05,3.93e-06,1.637e-05,1.0065e-05,1.328e-05
1.0184e-05,4.09e-06,1.615e-05,1.028e-05,1.335e-05
1.0039e-05,4.11e-06,1.599e-05,1.002e-05,1.323e-05
9.976e-06,4.39e-06,1.559e-05,1.001e-05,1.325e-05
1.0029e-05,4.43e-06,1.556e-05,1.02e-05,1.33e-05
9.92e-06,4.18e-06,1.564e-05,9.98e-06,1.301e-05
9.922e-06,4.13e-06,1.585e-05,9.96e-06,1.289e-05
9.979e-06,3.9e-06,1.608e-05,9.99e-06,1.291e-05
9.984e-06,4.19e-06,1.581e-05,1.0075e-05,1.324e-05
1.0055e-05,3.89e-06,1.6e-05,1.016e-05,1.324e-05
9.995e-06,3.92e-06,1.599e-05,9.97e-06,1.3e-05
9.971e-06,3.91e-06,1.618e-05,9.925e-06,1.296e-05
9.984e-06,3.74e-06,1.634e-05,9.99e-06,1.298e-05
1.0001e-05,4.09e-06,1.592e-05,9.985e-06,1.287e-05
9.944e-06,4.24e-06,1.563e-05,9.9e-06,1.271e-05
1e-05,4.13e-06,1.592e-05,1.0015e-05,1.27e-05
9.899e-06,4.19e-06,1.572e-05,9.905e-06,1.288e-05
9.965e-06,4.26e-06,1.562e-05,1.0065e-05,1.323e-05
9.959e-06,4.27e-06,1.581e-05,9.94e-06,1.297e-05
9.998e-06,3.99e-06,1.597e-05,1.0185e-05,1.313e-05
9.974e-06,3.82e-06,1.604e-05,9.995e-06,1.284e-05
9.93e-06,3.85e-06,1.615e-05,9.9e-06,1.273e-05
1.0011e-05,3.88e-06,1.618e-05,9.97e-06,1.231e-05
9.961e-06,3.76e-06,1.614e-05,9.91e-06,1.245e-05
1.0004e-05,3.54e-06,1.643e-05,1.0065e-05,1.26e-05
1.0036e-05,3.62e-06,1.646e-05,1.018e-05,1.253e-05
9.987e-06,3.63e-06,1.632e-05,9.985e-06,1.232e-05
9.96e-06,3.47e-06,1.648e-05,9.955e-06,1.252e-05
9.985e-06,3.45e-06,1.651e-05,1.0065e-05,1.285e-05
1.0049e-05,3.21e-06,1.706e-05,1.0045e-05,1.253e-05
1.0093e-05,2.29e-06,1.766e-05,1.0055e-05,1.174e-05
1.0077e-05,1.94e-06,1.817e-05,1.017e-05,1.147e-05
1.0085e-05,1.75e-06,1.835e-05,1.006e-05,1.12e-05
1.0008e-05,1.65e-06,1.834e-05,1.0025e-05,1.078e-05
9.91e-06,1.78e-06,1.813e-05,9.895e-06,1.083e-05
9.941e-06,1.49e-06,1.839e-05,1.004e-05,1.094e-05
1.001e-05,1.77e-06,1.844e-05,1.012e-05,1.11e-05
1.0049e-05,1.4e-06,1.872e-05,1.0165e-05,1.092e-05
9.974e-06,1.39e-06,1.848e-05,9.995e-06,1.095e-05
9.992e-06,1.42e-06,1.856e-05,1.0105e-05,1.098e-05
1.0046e-05,1.49e-06,1.853e-05,1.011e-05,1.107e-05
1.0082e-05,1.57e-06,1.823e-05,1.034e-05,1.102e-05
9.921e-06,2.17e-06,1.784e-05,9.915e-06,1.065e-05
9.91e-06,1.97e-06,1.782e-05,9.875e-06,1.056e-05
1.0026e-05,2.52e-06,1.788e-05,1.0105e-05,1.096e-05
9.912e-06,2.22e-06,1.759e-05,9.975e-06,1.12e-05
9.974e-06,2.61e-06,1.771e-05,9.87e-06,1.127e-05
9.897e-06,2.32e-06,1.757e-05,9.915e-06,1.147e-05
9.871e-06,2.28e-06,1.746e-05,9.915e-06,1.14e-05
9.975e-06,2.26e-06,1.776e-05,1e-05,1.124e-05
9.884e-06,2.13e-06,1.786e-05,9.88e-06,1.101e-05
9.986e-06,1.96e-06,1.823e-05,1.008e-05,1.111e-05
1.0072e-05,1.27e-06,1.87e-05,1.0285e-05,1.109e-05
9.987e-06,1.26e-06,1.866e-05,1.003e-05,1.085e-05
9.968e-06,1.47e-06,1.856e-05,1.006e-05,1.095e-05
1.0037e-05,1.3e-06,1.906e-05,1.015e-05,1.082e-05
1.0071e-05,1.25e-06,1.897e-05,1.014e-05,1.094e-05
1.0071e-05,1.39e-06,1.863e-05,1.0165e-05,1.11e-05
9.991e-06,1.82e-06,1.845e-05,1.0065e-05,1.113e-05
9.956e-06,1.21e-06,1.859e-05,1.012e-05,1.092e-05
9.971e-06,1.31e-06,1.865e-05,1.013e-05,1.096e-05
9.989e-06,1.38e-06,1.866e-05,1.0025e-05,1.075e-05
9.966e-06,1.33e-06,1.868e-05,1.0085e-05,1.05e-05
1.0115e-05,1.46e-06,1.878e-05,1.0095e-05,1.057e-05
9.936e-06,1.32e-06,1.858e-05,9.97e-06,1.07e-05
1.0056e-05,1.38e-06,1.89e-05,1.0255e-05,1.1e-05
1.0119e-05,1.02e-06,1.934e-05,1.0195e-05,1.061e-05
1.007e-05,1.18e-06,1.928e-05,1.019e-05,1.068e-05
1.0049e-05,1.23e-06,1.902e-05,1.0175e-05,1.075e-05
9.97e-06,1.26e-06,1.882e-05,1.003e-05,1.069e-05
1.0109e-05,1.4e-06,1.884e-05,1.007e-05,1.043e-05
9.957e-06,1.23e-06,1.874e-05,9.98e-06,1.058e-05
1.003e-05,1.23e-06,1.878e-05,1.013e-05,1.085e-05
1.0055e-05,1.23e-06,1.855e-05,1.0135e-05,1.096e-05
9.904e-06,1.45e-06,1.834e-05,9.955e-06,1.091e-05
9.92e-06,1.52e-06,1.827e-05,9.945e-06,1.085e-05
9.961e-06,1.6e-06,1.845e-05,1.007e-05,1.102e-05
9.957e-06,1.41e-06,1.855e-05,1.0105e-05,1.094e-05
9.934e-06,1.53e-06,1.837e-05,9.93e-06,1.08e-05
1.8227e-05,1.33e-06,5.159e-05,1.264e-05,1.092e-05
1.0084e-05,1.95e-06,1.825e-05,1.0125e-05,1.033e-05
1.0779e-05,4.65e-06,1.797e-05,1.041e-05,1.099e-05
9.913e-06,4.64e-06,1.521e-05,9.94e-06,1.076e-05
9.926e-06,4.71e-06,1.518e-05,9.93e-06,1.088e-05
1.0003e-05,4.65e-06,1.568e-05,1.005e-05,1.101e-05
1.0001e-05,4.23e-06,1.578e-05,1.009e-05,1.094e-05
9.998e-06,4.19e-06,1.584e-05,1.006e-05,1.083e-05
1.0073e-05,3.92e-06,1.614e-05,1.028e-05,1.096e-05
1.0076e-05,3.71e-06,1.629e-05,1.014e-05,1.095e-05
9.984e-06,3.48e-06,1.64e-05,1.0025e-05,1.079e-05
9.968e-06,3.36e-06,1.667e-05,9.99e-06,1.078e-05
1.002e-05,3.11e-06,1.682e-05,1.0115e-05,1.075e-05
1.0174e-05,3.29e-06,1.7e-05,1.034e-05,1.128e-05
1.0299e-05,2.94e-06,1.688e-05,9.905e-06,1.098e-05
1.0061e-05,3.28e-06,1.694e-05,1.0245e-05,1.284e-05
9.969e-06,3.18e-06,1.67e-05,1.0075e-05,1.285e-05
1.0066e-05,2.54e-06,1.747e-05,1.0095e-05,1.208e-05
1.002e-05,2.88e-06,1.717e-05,1.004e-05,1.222e-05
9.98e-06,2.77e-06,1.721e-05,9.955e-06,1.213e-05
9.976e-06,2.74e-06,1.733e-05,1.0005e-05,1.21e-05
9.976e-06,2.75e-06,1.722e-05,9.945e-06,1.198e-05
9.924e-06,2.76e-06,1.713e-05,9.96e-06,1.201e-05
9.909e-06,2.78e-06,1.72e-05,9.94e-06,1.21e-05
1.0045e-05,2.68e-06,1.753e-05,1.0015e-05,1.193e-05
9.992e-06,2.74e-06,1.753e-05,9.96e-06,1.211e-05
1.0068e-05,2.49e-06,1.761e-05,1.0205e-05,1.215e-05
9.916e-06,2.49e-06,1.741e-05,9.965e-06,1.187e-05
9.952e-06,2.49e-06,1.744e-05,1.004e-05,1.207e-05
9.97e-06,2.55e-06,1.729e-05,1.0065e-05,1.198e-05
9.9e-06,2.57e-06,1.732e-05,9.87e-06,1.18e-05
9.969e-06,2.65e-06,1.721e-05,1.0075e-05,1.203e-05
9.971e-06,2.68e-06,1.733e-05,9.95e-06,1.17e-05
9.924e-06,2.65e-06,1.726e-05,9.965e-06,1.185e-05
1.0027e-05,2.71e-06,1.718e-05,1.0045e-05,1.209e-05
1.0004e-05,2.77e-06,1.738e-05,1.002e-05,1.194e-05
1.0061e-05,2.59e-06,1.746e-05,1.0005e-05,1.176e-05
9.984e-06,2.64e-06,1.747e-05,1.0025e-05,1.214e-05
9.966e-06,2.64e-06,1.721e-05,9.95e-06,1.217e-05
9.931e-06,2.66e-06,1.733e-05,1.0035e-05,1.212e-05
9.966e-06,2.66e-06,1.726e-05,1.01e-05,1.235e-05
9.916e-06,2.84e-06,1.704e-05,9.99e-06,1.235e-05
1.0046e-05,3.14e-06,1.669e-05,1.001e-05,1.239e-05
9.913e-06,3.15e-06,1.672e-05,9.97e-06,1.246e-05
9.951e-06,2.99e-06,1.691e-05,1.0045e-05,1.254e-05
9.934e-06,3.09e-06,1.677e-05,9.975e-06,1.245e-05
1.0022e-05,3.2e-06,1.685e-05,1.0125e-05,1.28e-05
9.968e-06,3.19e-06,1.675e-05,1e-05,1.262e-05
9.947e-06,3.07e-06,1.684e-05,9.99e-06,1.252e-05
9.962e-06,3.09e-06,1.681e-05,1.0035e-05,1.256e-05
1.0021e-05,3.17e-06,1.686e-05,1.0105e-05,1.256e-05
1.0171e-05,2.52e-06,1.746e-05,1.011e-05,1.224e-05
9.983e-06,2.42e-06,1.754e-05,1.006e-05,1.202e-05
9.979e-06,2.32e-06,1.756e-05,1.004e-05,1.183e-05
9.966e-06,2.37e-06,1.753e-05,1.005e-05,1.193e-05
9.916e-06,2.85e-06,1.71e-05,9.965e-06,1.229e-05
1.0035e-05,2.7e-06,1.744e-05,1.01e-05,1.22e-05
1.0056e-05,2.53e-06,1.783e-05,1.0105e-05,1.194e-05
1.0089e-05,2.06e-06,1.781e-05,1.0135e-05,1.167e-05
9.984e-06,2.27e-06,1.775e-05,1.0045e-05,1.176e-05
9.924e-06,2.23e-06,1.769e-05,9.955e-06,1.164e-05
1e-05,2.02e-06,1.809e-05,1.0145e-05,1.163e-05
1.0051e-05,1.9e-06,1.83e-05,1.005e-05,1.146e-05
1.0028e-05,1.56e-06,1.842e-05,1.001e-05,1.107e-05
1.003e-05,1.24e-06,1.868e-05,1.0075e-05,1.084e-05
9.957e-06,1.23e-06,1.862e-05,1.006e-05,1.082e-05
9.987e-06,1.56e-06,1.84e-05,1.0005e-05,1.098e-05
9.905e-06,1.58e-06,1.828e-05,9.925e-06,1.096e-05
9.981e-06,1.43e-06,1.873e-05,1.0045e-05,1.095e-05
1.0164e-05,1.08e-06,1.925e-05,1.0405e-05,1.09e-05
9.94e-06,1.27e-06,1.871e-05,9.985e-06,1.056e-05
9.982e-06,1.28e-06,1.865e-05,1.012e-05,1.101e-05
1.0052e-05,1.34e-06,1.849e-05,1.0055e-05,1.102e-05
9.875e-06,1.58e-06,1.82e-05,9.915e-06,1.087e-05
9.93e-06,1.67e-06,1.819e-05,1.0035e-05,1.11e-05
9.921e-06,1.59e-06,1.816e-05,1.0015e-05,1.124e-05
9.924e-06,1.91e-06,1.807e-05,9.94e-06,1.102e-05
9.958e-06,1.92e-06,1.796e-05,1.0015e-05,1.103e-05
9.94e-06,1.97e-06,1.785e-05,9.96e-06,1.099e-05
9.944e-06,1.81e-06,1.792e-05,9.98e-06,1.098e-05
9.925e-06,1.7e-06,1.817e-05,9.885e-06,1.093e-05
9.956e-06,1.58e-06,1.829e-05,9.995e-06,1.107e-05
1.004e-05,1.64e-06,1.829e-05,1.0075e-05,1.122e-05
9.927e-06,1.82e-06,1.807e-05,9.885e-06,1.129e-05
9.895e-06,1.84e-06,1.802e-05,9.995e-06,1.138e-05
9.971e-06,2.18e-06,1.8e-05,1.0045e-05,1.177e-05
9.893e-06,2.09e-06,1.776e-05,9.94e-06,1.149e-05
9.93e-06,2.2e-06,1.767e-05,9.99e-06,1.174e-05
9.904e-06,2.22e-06,1.761e-05,1.0055e-05,1.193e-05
9.862e-06,2.34e-06,1.745e-05,9.88e-06,1.188e-05
9.959e-06,2.76e-06,1.715e-05,1.012e-05,1.223e-05
9.899e-06,2.75e-06,1.716e-05,9.89e-06,1.202e-05
9.99e-06,2.57e-06,1.735e-05,1.002e-05,1.208e-05
1.0077e-05,2.67e-06,1.732e-05,1.012e-05,1.205e-05
9.949e-06,2.63e-06,1.744e-05,1.0065e-05,1.18e-05
9.959e-06,1.95e-06,1.799e-05,9.98e-06,1.132e-05
9.964e-06,1.8e-06,1.803e-05,9.99e-06,1.135e-05
9.921e-06,1.9e-06,1.797e-05,9.9e-06,1.113e-05
9.981e-06,1.96e-06,1.792e-05,1.0065e-05,1.16e-05
1.0044e-05,2.13e-06,1.815e-05,1.0055e-05,1.156e-05
9.976e-06,2.04e-06,1.801e-05,1.0015e-05,1.141e-05
1.0016e-05,1.99e-06,1.792e-05,1.0125e-05,1.144e-05
9.979e-06,1.9e-06,1.796e-05,9.96e-06,1.132e-05
9.922e-06,2.36e-06,1.749e-05,9.965e-06,1.196e-05
1.0067e-05,2.51e-06,1.749e-05,1.012e-05,1.229e-05
1.0105e-05,2.62e-06,1.765e-05,1.0125e-05,1.209e-05
1.0069e-05,2.32e-06,1.797e-05,1.0145e-05,1.195e-05
9.972e-06,1.73e-06,1.802e-05,9.985e-06,1.142e-05
9.954e-06,1.7e-06,1.821e-05,1.004e-05,1.124e-05
9.99e-06,1.73e-06,1.82e-05,1.0185e-05,1.149e-05
9.99e-06,2.01e-06,1.821e-05,9.93e-06,1.111e-05
9.918e-06,1.97e-06,1.79e-05,9.965e-06,1.115e-05
1.0039e-05,1.75e-06,1.819e-05,1.007e-05,1.133e-05
9.928e-06,1.74e-06,1.818e-05,9.945e-06,1.112e-05
9.981e-06,1.82e-06,1.812e-05,1.0035e-05,1.121e-05
9.927e-06,1.79e-06,1.832e-05,9.925e-06,1.095e-05
9.991e-06,1.51e-06,1.846e-05,9.99e-06,1.084e-05
1.004e-05,1.45e-06,1.863e-05,1.0185e-05,1.106e-05
1.0054e-05,1.39e-06,1.874e-05,9.98e-06,1.046e-05
9.928e-06,1.31e-06,1.853e-05,9.95e-06,1.07e-05
9.984e-06,1.39e-06,1.849e-05,9.99e-06,1.084e-05
9.956e-06,1.37e-06,1.857e-05,9.955e-06,1.069e-05
1.0066e-05,1.39e-06,1.876e-05,1.0195e-05,1.103e-05
9.955e-06,1.5e-06,1.836e-05,9.93e-06,1.111e-05
9.871e-06,1.58e-06,1.809e-05,9.95e-06,1.133e-05
9.967e-06,1.9e-06,1.806e-05,1.0045e-05,1.137e-05
9.914e-06,1.8e-06,1.801e-05,9.98e-06,1.126e-05
9.925e-06,1.88e-06,1.792e-05,9.915e-06,1.13e-05
9.918e-06,1.95e-06,1.798e-05,9.965e-06,1.137e-05
9.927e-06,1.87e-06,1.809e-05,1.002e-05,1.112e-05
9.991e-06,1.99e-06,1.804e-05,1.003e-05,1.109e-05
9.925e-06,1.94e-06,1.793e-05,9.975e-06,1.12e-05
9.976e-06,1.73e-06,1.822e-05,1.008e-05,1.13e-05
9.981e-06,1.99e-06,1.803e-05,1.0005e-05,1.155e-05
9.999e-06,1.97e-06,1.824e-05,1.011e-05,1.144e-05
1.0021e-05,1.47e-06,1.843e-05,1.002e-05,1.101e-05
9.912e-06,1.29e-06,1.849e-05,9.95e-06,1.079e-05
1.008e-05,1.18e-06,1.875e-05,1.013e-05,1.091e-05
9.922e-06,1.45e-06,1.839e-05,9.97e-06,1.104e-05
9.947e-06,1.67e-06,1.822e-05,9.975e-06,1.124e-05
9.961e-06,1.53e-06,1.83e-05,1.001e-05,1.109e-05
1.0025e-05,1.57e-06,1.853e-05,1.002e-05,1.097e-05
1.0205e-05,1.39e-06,1.871e-05,1.031e-05,1.12e-05
9.984e-06,1.58e-06,1.836e-05,9.935e-06,1.088e-05
1.0012e-05,1.34e-06,1.847e-05,1.004e-05,1.097e-05
1.004e-05,1.37e-06,1.851e-05,1.0125e-05,1.099e-05
1.0079e-05,1.5e-06,1.84e-05,1.0015e-05,1.104e-05
9.932e-06,1.44e-06,1.839e-05,9.955e-06,1.089e-05
9.899e-06,1.38e-06,1.845e-05,1e-05,1.1e-05
1.0144e-05,1.45e-06,1.883e-05,1.021e-05,1.12e-05
1.0019e-05,1.14e-06,1.872e-05,1.008e-05,1.071e-05
1.0129e-05,9.7e-07,1.915e-05,1.0185e-05,1.066e-05
1.0086e-05,1.13e-06,1.9e-05,1.0095e-05,1.055e-05
1.0124e-05,1.16e-06,1.915e-05,1.022e-05,1.072e-05
1.0129e-05,1.13e-06,1.893e-05,1.021e-05,1.085e-05
9.988e-06,1.11e-06,1.883e-05,1.001e-05,1.045e-05
1.0045e-05,1.19e-06,1.89e-05,1.0125e-05,1.058e-05
9.991e-06,1.29e-06,1.879e-05,1.0085e-05,1.078e-05
9.954e-06,1.4e-06,1.853e-05,1.001e-05,1.085e-05
1.0061e-05,9.7e-07,1.887e-05,1.022e-05,1.096e-05
1.027e-05,9.8e-07,1.93e-05,1.033e-05,1.074e-05
1.0204e-05,1.42e-06,1.914e-05,1.0315e-05,1.1e-05
1.0082e-05,1.4e-06,1.865e-05,1.0255e-05,1.106e-05
9.982e-06,1.46e-06,1.83e-05,1e-05,1.096e-05
9.964e-06,1.74e-06,1.817e-05,9.905e-06,1.095e-05
9.951e-06,1.92e-06,1.801e-05,1e-05,1.126e-05
9.961e-06,1.54e-06,1.852e-05,1.008e-05,1.114e-05
1.012e-05,1.07e-06,1.889e-05,1.0205e-05,1.094e-05
1.016e-05,1.06e-06,1.892e-05,1.022e-05,1.089e-05
1.0015e-05,1.47e-06,1.877e-05,1.015e-05,1.088e-05
9.974e-06,1.63e-06,1.838e-05,1.008e-05,1.102e-05
3.4422e-05,1.56e-06,4.497e-05,3.821e-05,4.114e-05
1.0102e-05,1.89e-06,1.821e-05,1.036e-05,1.494e-05
9.971e-06,2.37e-06,1.729e-05,1.005e-05,1.5e-05
9.959e-06,2.77e-06,1.7e-05,9.975e-06,1.502e-05
9.9e-06,2.99e-06,1.671e-05,9.93e-06,1.507e-05
9.963e-06,3.4e-06,1.634e-05,1.008e-05,1.525e-05
9.941e-06,3.67e-06,1.595e-05,9.985e-06,1.525e-05
1.0012e-05,4.14e-06,1.563e-05,1.0035e-05,1.563e-05
9.931e-06,4.59e-06,1.548e-05,1.001e-05,1.548e-05
1.0029e-05,4.73e-06,1.538e-05,1.0085e-05,1.538e-05
1.0021e-05,4.56e-06,1.549e-05,1.016e-05,1.549e-05
9.926e-06,4.74e-06,1.531e-05,9.935e-06,1.531e-05
9.925e-06,4.7e-06,1.532e-05,9.865e-06,1.532e-05
9.915e-06,4.41e-06,1.55e-05,9.83e-06,1.55e-05
9.983e-06,4.59e-06,1.545e-05,9.94e-06,1.545e-05
9.957e-06,4.58e-06,1.572e-05,9.89e-06,1.572e-05
1.0017e-05,4e-06,1.605e-05,1.0115e-05,1.605e-05
9.93e-06,3.76e-06,1.62e-05,9.92e-06,1.62e-05
1.0053e-05,3.56e-06,1.656e-05,1.0015e-05,1.656e-05
9.956e-06,3.25e-06,1.712e-05,9.945e-06,1.712e-05
9.981e-06,2.76e-06,1.741e-05,9.915e-06,1.741e-05
9.982e-06,2.75e-06,1.746e-05,9.98e-06,1.746e-05
9.951e-06,2.51e-06,1.769e-05,9.91e-06,1.769e-05
1.0154e-05,2.52e-06,1.771e-05,1.0205e-05,1.771e-05
9.905e-06,2.21e-06,1.773e-05,9.89e-06,1.773e-05
9.884e-06,2.1e-06,1.786e-05,9.865e-06,1.786e-05
1.0026e-05,1.93e-06,1.812e-05,9.895e-06,1.812e-05
9.907e-06,1.98e-06,1.807e-05,9.86e-06,1.807e-05
9.947e-06,2.01e-06,1.797e-05,9.88e-06,1.797e-05
9.986e-06,1.92e-06,1.811e-05,9.975e-06,1.811e-05
9.872e-06,1.79e-06,1.804e-05,9.82e-06,1.804e-05
9.955e-06,2.13e-06,1.796e-05,1.0005e-05,1.796e-05
9.9e-06,2e-06,1.806e-05,9.81e-06,1.806e-05
9.946e-06,1.74e-06,1.814e-05,1.0065e-05,1.814e-05
9.994e-06,2.01e-06,1.83e-05,9.92e-06,1.83e-05
9.939e-06,1.87e-06,1.81e-05,9.925e-06,1.81e-05
9.932e-06,1.99e-06,1.808e-05,9.9e-06,1.808e-05
9.985e-06,2.02e-06,1.807e-05,9.855e-06,1.807e-05
9.935e-06,2.39e-06,1.753e-05,1.002e-05,1.753e-05
9.996e-06,2.82e-06,1.74e-05,9.975e-06,1.74e-05
9.93e-06,2.87e-06,1.709e-05,9.85e-06,1.709e-05
9.917e-06,2.75e-06,1.722e-05,9.875e-06,1.722e-05
9.931e-06,2.44e-06,1.744e-05,9.83e-06,1.744e-05
9.975e-06,2.42e-06,1.756e-05,1.003e-05,1.756e-05
9.904e-06,2.76e-06,1.723e-05,9.855e-06,1.723e-05
9.983e-06,3.05e-06,1.713e-05,9.955e-06,1.713e-05
9.994e-06,2.88e-06,1.714e-05,9.92e-06,1.714e-05
1.0011e-05,2.95e-06,1.74e-05,9.935e-06,1.74e-05
9.947e-06,2.57e-06,1.746e-05,9.98e-06,1.746e-05
1.0105e-05,2.5e-06,1.776e-05,1.0145e-05,1.776e-05
1.0095e-05,2.1e-06,1.806e-05,1.001e-05,1.806e-05
9.939e-06,2.07e-06,1.794e-05,9.975e-06,1.794e-05
1.0505e-05,4.46e-06,1.773e-05,9.91e-06,1.773e-05
9.99e-06,5.29e-06,1.485e-05,9.9e-06,1.349e-05
1.002e-05,5.28e-06,1.459e-05,9.955e-06,1.343e-05
1.0019e-05,5.24e-06,1.471e-05,9.945e-06,1.354e-05
9.975e-06,5.33e-06,1.457e-05,9.93e-06,1.354e-05
9.939e-06,5.05e-06,1.477e-05,9.95e-06,1.375e-05
9.975e-06,4.94e-06,1.498e-05,1.0015e-05,1.402e-05
9.913e-06,4.64e-06,1.519e-05,9.93e-06,1.417e-05
9.928e-06,4.64e-06,1.53e-05,9.845e-06,1.438e-05
9.956e-06,4.51e-06,1.545e-05,9.925e-06,1.458e-05
9.999e-06,4.34e-06,1.59e-05,1.0035e-05,1.455e-05
1.0027e-05,4.09e-06,1.607e-05,1.004e-05,1.444e-05
9.972e-06,4.16e-06,1.579e-05,9.975e-06,1.445e-05
1.0009e-05,4.03e-06,1.591e-05,1.003e-05,1.483e-05
1.001e-05,4.24e-06,1.602e-05,9.925e-06,1.503e-05
9.884e-06,3.87e-06,1.596e-05,9.88e-06,1.505e-05
9.946e-06,3.8e-06,1.62e-05,9.95e-06,1.519e-05
9.983e-06,3.88e-06,1.617e-05,1.005e-05,1.568e-05
9.95e-06,3.93e-06,1.599e-05,9.95e-06,1.582e-05
9.989e-06,3.86e-06,1.614e-05,9.985e-06,1.614e-05
1.0015e-05,3.8e-06,1.626e-05,1.0005e-05,1.626e-05
9.946e-06,3.64e-06,1.63e-05,9.955e-06,1.621e-05
9.975e-06,3.58e-06,1.645e-05,1.004e-05,1.637e-05
1.0066e-05,3.14e-06,1.693e-05,1.0175e-05,3.14e-06
1.0042e-05,2.95e-06,1.712e-05,1.01e-05,2.95e-06
1.0033e-05,2.92e-06,1.705e-05,1.012e-05,2.92e-06
1.0056e-05,2.91e-06,1.713e-05,1.0115e-05,2.91e-06
1.0734e-05,1.43e-06,1.904e-05,1.0565e-05,1.43e-06
1.0384e-05,2.07e-06,1.854e-05,1.0505e-05,2.07e-06
1.0156e-05,1.61e-06,1.848e-05,1.027e-05,1.61e-06
1.0154e-05,1.92e-06,1.854e-05,1.0095e-05,1.92e-06
1.0098e-05,1.84e-06,1.806e-05,1.018e-05,1.84e-06
1.0143e-05,1.8e-06,1.874e-05,1.007e-05,1.8e-06
1.0056e-05,1.71e-06,1.856e-05,9.99e-06,1.71e-06
1.0155e-05,1.83e-06,1.853e-05,1.0275e-05,1.83e-06
1.0217e-05,2.11e-06,1.875e-05,1.007e-05,2.11e-06
1.0135e-05,1.75e-06,1.874e-05,1.021e-05,1.75e-06
1.0209e-05,1.38e-06,1.904e-05,1.0455e-05,1.38e-06
1.0521e-05,1.88e-06,1.951e-05,1.0365e-05,1.88e-06
1.0227e-05,1.35e-06,1.939e-05,1.0315e-05,1.35e-06
1.0553e-05,1.36e-06,1.974e-05,1.053e-05,1.36e-06
1.0161e-05,1.61e-06,1.89e-05,1.0135e-05,1.61e-06
1.0134e-05,2.07e-06,1.837e-05,1.0265e-05,2.07e-06
1.012e-05,2.22e-06,1.835e-05,1.011e-05,2.22e-06
1.0161e-05,1.89e-06,1.806e-05,1.032e-05,1.89e-06
1.0147e-05,2.3e-06,1.831e-05,1.004e-05,2.3e-06
1.0164e-05,2.5e-06,1.814e-05,1.008e-05,2.5e-06
1.0171e-05,2.87e-06,1.754e-05,1.014e-05,2.87e-06
1.0185e-05,2.98e-06,1.735e-05,1.0255e-05,2.98e-06
1.1149e-05,2.99e-06,1.725e-05,1.215e-05,2.99e-06
1.0181e-05,5.65e-06,1.466e-05,1.0175e-05,7.41e-06
1.0254e-05,5.55e-06,1.501e-05,1.022e-05,7.41e-06
1.0146e-05,5.08e-06,1.517e-05,1.016e-05,7.57e-06
1.0096e-05,5.01e-06,1.505e-05,1.0105e-05,7.69e-06
1.0092e-05,5.12e-06,1.496e-05,1.004e-05,8.08e-06
1.0006e-05,4.88e-06,1.514e-05,1e-05,7.75e-06
1.0104e-05,4.9e-06,1.538e-05,1.0075e-05,7.5e-06
1.0042e-05,4.89e-06,1.535e-05,1.003e-05,7.36e-06
1.0086e-05,5.02e-06,1.529e-05,1.0045e-05,7.79e-06
1.0144e-05,5.08e-06,1.527e-05,1.024e-05,8.01e-06
1.0125e-05,4.99e-06,1.538e-05,1.0045e-05,8.34e-06
4.4516e-05,1.63e-06,5.348e-05,5.0065e-05,4.705e-05
1.0116e-05,1.74e-06,1.847e-05,1.0035e-05,6.12e-06
1.0054e-05,2.49e-06,1.759e-05,9.925e-06,6.55e-06
1.0071e-05,3.1e-06,1.685e-05,1.006e-05,6.66e-06
1.0102e-05,3.66e-06,1.67e-05,1.0115e-05,6.69e-06
1.0105e-05,3.59e-06,1.654e-05,1.0125e-05,6.8e-06
1.0146e-05,3.95e-06,1.611e-05,1.0145e-05,6.63e-06
1.002e-05,4.46e-06,1.552e-05,1.005e-05,5.95e-06
1.002e-05,4.92e-06,1.499e-05,1.001e-05,6.09e-06
9.998e-06,5.02e-06,1.498e-05,1.0005e-05,6.23e-06
9.964e-06,5.14e-06,1.49e-05,1e-05,6.36e-06
1.0046e-05,5.47e-06,1.469e-05,1.0015e-05,6.55e-06
1.0053e-05,5.09e-06,1.494e-05,1.0055e-05,6.61e-06
1.0059e-05,5.11e-06,1.5e-05,1.0085e-05,6.61e-06
1.0132e-05,5.3e-06,1.485e-05,1.03e-05,6.77e-06
1e-05,5.4e-06,1.457e-05,1.004e-05,6.32e-06
1.0025e-05,5.42e-06,1.453e-05,1.0055e-05,6.48e-06
1.0086e-05,5.42e-06,1.46e-05,1.008e-05,6.61e-06
1.0051e-05,5.46e-06,1.457e-05,1.005e-05,6.77e-06
1.0081e-05,5.46e-06,1.463e-05,1.0095e-05,6.65e-06
1.0256e-05,5.15e-06,1.542e-05,1.0095e-05,6.6e-06
1.0194e-05,4.66e-06,1.565e-05,1.021e-05,6.87e-06
1.012e-05,4.46e-06,1.57e-05,1.0255e-05,6.93e-06
1.0068e-05,4.41e-06,1.572e-05,1.0055e-05,6.66e-06
1.0096e-05,4.72e-06,1.565e-05,1.009e-05,6.62e-06
1.0233e-05,4.9e-06,1.535e-05,1.0215e-05,6.97e-06
1.0026e-05,5.15e-06,1.514e-05,1.003e-05,6.75e-06
1.039e-05,5.69e-06,1.474e-05,1.052e-05,7.79e-06
1.0155e-05,5.99e-06,1.433e-05,1.011e-05,7.51e-06
1.0135e-05,6.24e-06,1.401e-05,1.012e-05,7.18e-06
1.0154e-05,6.55e-06,1.374e-05,1.018e-05,7.28e-06
1.0091e-05,6.72e-06,1.35e-05,1.006e-05,7.35e-06
1.0084e-05,6.78e-06,1.353e-05,9.97e-06,7.4e-06
1.0167e-05,6.71e-06,1.353e-05,1.011e-05,7.54e-06
1.0056e-05,6.82e-06,1.322e-05,1.0105e-05,6.82e-06
1.0057e-05,6.95e-06,1.315e-05,1.005e-05,6.95e-06
1.0111e-05,6.74e-06,1.334e-05,1.0145e-05,6.99e-06
1.01e-05,6.63e-06,1.374e-05,1.015e-05,6.63e-06
1.0275e-05,5.9e-06,1.458e-05,1.0295e-05,5.9e-06
1.0277e-05,5.45e-06,1.507e-05,1.022e-05,5.45e-06
1.0173e-05,5.12e-06,1.523e-05,1.0175e-05,5.21e-06
1.0274e-05,5.25e-06,1.525e-05,1.032e-05,5.25e-06
1.0005e-05,4.95e-06,1.509e-05,1.01e-05,4.95e-06
1.006e-05,5.29e-06,1.501e-05,1.012e-05,5.29e-06
1.0037e-05,5.25e-06,1.472e-05,1.008e-05,5.25e-06
1.0118e-05,5.48e-06,1.486e-05,1.0125e-05,5.48e-06
1.0157e-05,5.47e-06,1.482e-05,1.007e-05,5.47e-06
1.0134e-05,5.58e-06,1.451e-05,1.032e-05,5.58e-06
1.0099e-05,5.56e-06,1.454e-05,1.025e-05,5.56e-06
1.0078e-05,5.79e-06,1.449e-05,1.0065e-05,5.79e-06
1.0048e-05,5.83e-06,1.44e-05,1.005e-05,5.83e-06
1.0142e-05,5.76e-06,1.433e-05,1.0165e-05,5.76e-06
1.011e-05,5.75e-06,1.435e-05,1.0005e-05,5.75e-06
1.006e-05,5.71e-06,1.44e-05,1.006e-05,5.71e-06
1.0095e-05,6.13e-06,1.442e-05,1.003e-05,6.13e-06
1.0017e-05,6.05e-06,1.417e-05,9.97e-06,6.05e-06
1.0126e-05,5.95e-06,1.42e-05,1.0255e-05,5.95e-06
1.0163e-05,6.3e-06,1.423e-05,1.0235e-05,6.3e-06
1.019e-05,6.25e-06,1.401e-05,1.026e-05,6.25e-06
1.3906e-05,2.24e-06,2.021e-05,1.476e-05,2.24e-06
1.0166e-05,2.37e-06,1.812e-05,1.017e-05,2.37e-06
1.0145e-05,2.62e-06,1.806e-05,1.0045e-05,2.62e-06
1.0276e-05,2.36e-06,1.817e-05,1.037e-05,2.36e-06
1.0148e-05,2.46e-06,1.812e-05,1.0175e-05,2.46e-06
1.005e-05,2.53e-06,1.781e-05,1.0015e-05,2.53e-06
1.0075e-05,2.7e-06,1.74e-05,1.019e-05,2.7e-06
1.002e-05,3.04e-06,1.718e-05,1.0095e-05,3.04e-06
1.0166e-05,3.05e-06,1.717e-05,1.0305e-05,3.05e-06
1.0143e-05,2.67e-06,1.74e-05,1.01e-05,2.67e-06
1.0056e-05,2.84e-06,1.737e-05,1.001e-05,2.84e-06
1.0262e-05,3.11e-06,1.734e-05,1.042e-05,3.11e-06
1.0121e-05,2.84e-06,1.728e-05,1.02e-05,2.84e-06
1.0015e-05,2.78e-06,1.732e-05,1.0095e-05,2.78e-06
1.0042e-05,3.15e-06,1.708e-05,1.006e-05,3.15e-06
1.0215e-05,3.04e-06,1.728e-05,1.024e-05,3.04e-06
1.0086e-05,3.35e-06,1.708e-05,1e-05,3.35e-06
1.001e-05,3.32e-06,1.676e-05,1.006e-05,3.32e-06
1.0125e-05,3.11e-06,1.708e-05,1.011e-05,3.11e-06
1.0081e-05,3.27e-06,1.732e-05,1.0055e-05,3.27e-06
1.0191e-05,3.05e-06,1.717e-05,1.0405e-05,3.05e-06
1.0189e-05,2.78e-06,1.727e-05,1.0245e-05,2.78e-06
1.0061e-05,2.9e-06,1.725e-05,1.021e-05,2.9e-06
1.0044e-05,3.2e-06,1.692e-05,1.004e-05,3.2e-06
1.0019e-05,3.16e-06,1.7e-05,1.0035e-05,3.16e-06
1.0254e-05,3.39e-06,1.712e-05,1.0405e-05,3.39e-06
1.0201e-05,3.16e-06,1.735e-05,1.02e-05,3.16e-06
1.0134e-05,2.92e-06,1.758e-05,1.005e-05,2.92e-06
1.0126e-05,2.82e-06,1.755e-05,1.0065e-05,2.82e-06
1.0034e-05,2.68e-06,1.749e-05,1.007e-05,2.68e-06
1.0127e-05,3.06e-06,1.756e-05,1.007e-05,3.06e-06
1.0066e-05,3.1e-06,1.714e-05,1.0035e-05,3.1e-06
1.0136e-05,3.39e-06,1.679e-05,1.0295e-05,3.39e-06
1.0055e-05,3.4e-06,1.682e-05,1.0145e-05,3.4e-06
1.0093e-05,3.36e-06,1.676e-05,1.0005e-05,3.36e-06
1.0284e-05,3.32e-06,1.719e-05,1.036e-05,3.32e-06
1.0166e-05,2.84e-06,1.733e-05,1.0235e-05,2.84e-06
1.0107e-05,3e-06,1.723e-05,1.0175e-05,3e-06
1.0133e-05,3.15e-06,1.727e-05,1.015e-05,3.15e-06
1.012e-05,3.36e-06,1.703e-05,1.0135e-05,3.36e-06
1.0204e-05,3.35e-06,1.713e-05,1.022e-05,3.35e-06
1.0079e-05,3.11e-06,1.699e-05,1.009e-05,3.11e-06
1.016e-05,3.15e-06,1.718e-05,1.0285e-05,3.15e-06
1.014e-05,3.41e-06,1.721e-05,1.006e-05,3.41e-06
9.996e-06,3.29e-06,1.681e-05,9.94e-06,3.29e-06
1.0074e-05,3.37e-06,1.678e-05,1.0115e-05,3.37e-06
1.0115e-05,3.47e-06,1.693e-05,1.0075e-05,3.47e-06
1.1721e-05,3.59e-06,2.299e-05,1.2485e-05,3.59e-06
1.0235e-05,1.47e-06,1.889e-05,1.043e-05,1.47e-06
1.0139e-05,1.85e-06,1.851e-05,1.0165e-05,1.85e-06
1.0126e-05,2.27e-06,1.808e-05,1.015e-05,2.27e-06
1.0133e-05,2.76e-06,1.781e-05,9.99e-06,2.76e-06
1.0148e-05,2.28e-06,1.8e-05,1.018e-05,2.28e-06
1.0029e-05,2.35e-06,1.773e-05,1.0095e-05,2.35e-06
1.0023e-05,2.3e-06,1.781e-05,1.0035e-05,2.3e-06
1.0089e-05,1.98e-06,1.811e-05,1.0215e-05,1.98e-06
1.0131e-05,1.84e-06,1.834e-05,1.0165e-05,1.84e-06
1.013e-05,1.83e-06,1.828e-05,1.017e-05,1.83e-06
1.0001e-05,1.89e-06,1.816e-05,1.0005e-05,1.89e-06
1.0146e-05,2.12e-06,1.832e-05,1.0045e-05,2.12e-06
1.0144e-05,1.79e-06,1.852e-05,1.022e-05,1.79e-06
1.0191e-05,1.53e-06,1.855e-05,1.0285e-05,1.53e-06
1.0229e-05,1.36e-06,1.894e-05,1.0305e-05,1.36e-06
9.984e-06,1.63e-06,1.835e-05,9.965e-06,1.63e-06
1.0108e-05,1.89e-06,1.829e-05,1.009e-05,1.89e-06
1.0136e-05,2.23e-06,1.835e-05,1.0165e-05,2.23e-06
1.0096e-05,1.91e-06,1.821e-05,1.0095e-05,1.91e-06
1.0077e-05,2.1e-06,1.83e-05,9.97e-06,2.1e-06
1.0066e-05,2.04e-06,1.805e-05,1.007e-05,2.04e-06
1.0146e-05,2.33e-06,1.814e-05,1.0165e-05,2.33e-06
1.014e-05,2.26e-06,1.817e-05,1.032e-05,2.26e-06
1.0449e-05,2.41e-06,1.83e-05,1.0865e-05,2.41e-06
1.013e-05,2.53e-06,1.747e-05,1.013e-05,2.53e-06
1.0084e-05,2.77e-06,1.732e-05,9.99e-06,2.77e-06
1.0111e-05,2.65e-06,1.748e-05,1.012e-05,2.65e-06
1.0164e-05,2.66e-06,1.777e-05,1.004e-05,2.66e-06
1.009e-05,2.6e-06,1.752e-05,9.955e-06,2.6e-06
1.0074e-05,2.46e-06,1.75e-05,1.001e-05,2.46e-06
1.0124e-05,2.67e-06,1.765e-05,1.004e-05,2.67e-06
1.0091e-05,2.92e-06,1.732e-05,1.013e-05,2.92e-06
1.0108e-05,2.72e-06,1.742e-05,1.0105e-05,2.72e-06
1.0099e-05,2.73e-06,1.74e-05,1.005e-05,2.73e-06
1.0034e-05,2.59e-06,1.745e-05,9.995e-06,2.59e-06
1.0174e-05,2.77e-06,1.772e-05,1.0055e-05,2.77e-06
1.0139e-05,2.47e-06,1.764e-05,1.003e-05,2.47e-06
1.0114e-05,2.46e-06,1.757e-05,1.012e-05,2.46e-06
1.0129e-05,2.52e-06,1.768e-05,1.0205e-05,2.52e-06
1.0165e-05,2.61e-06,1.758e-05,1.028e-05,2.61e-06
1.0268e-05,2.25e-06,1.788e-05,1.0255e-05,2.25e-06
1.0235e-05,2.46e-06,1.815e-05,1.0105e-05,2.46e-06
1.0143e-05,2.05e-06,1.804e-05,1.032e-05,2.05e-06
1.0304e-05,2.12e-06,1.831e-05,1.031e-05,2.12e-06
1.0177e-05,1.7e-06,1.851e-05,1.023e-05,1.7e-06
1.0103e-05,1.45e-06,1.871e-05,1.0115e-05,1.45e-06
1.026e-05,1.74e-06,1.879e-05,1.0185e-05,1.74e-06
1.0244e-05,1.55e-06,1.861e-05,1.0395e-05,1.55e-06
1.0145e-05,1.83e-06,1.845e-05,1.0115e-05,1.83e-06
1.0042e-05,1.97e-06,1.823e-05,9.98e-06,1.97e-06
1.0063e-05,1.77e-06,1.825e-05,1.0055e-05,1.77e-06
1.014e-05,1.85e-06,1.837e-05,1.016e-05,1.85e-06
1.0236e-05,1.21e-06,1.882e-05,1.0265e-05,1.21e-06
1.0179e-05,1.56e-06,1.864e-05,1.025e-05,1.56e-06
1.024e-05,1.66e-06,1.868e-05,1.0285e-05,1.66e-06
1.011e-05,1.48e-06,1.86e-05,1.015e-05,1.48e-06
1.0144e-05,1.87e-06,1.877e-05,1.0055e-05,1.87e-06
1.0049e-05,1.74e-06,1.839e-05,1.0065e-05,1.74e-06
1.0128e-05,1.84e-06,1.842e-05,1.0205e-05,1.84e-06
1.0194e-05,2.08e-06,1.839e-05,1.0105e-05,2.08e-06
1.0475e-05,2.66e-06,1.831e-05,1.1135e-05,2.66e-06
9.999e-06,3.17e-06,1.704e-05,1.0035e-05,3.17e-06
1.003e-05,3.35e-06,1.704e-05,1.0025e-05,3.35e-06
9.997e-06,3.42e-06,1.671e-05,1.0005e-05,3.42e-06
1.0031e-05,3.17e-06,1.688e-05,1.0035e-05,3.17e-06
1.0166e-05,3.45e-06,1.69e-05,1.0085e-05,3.45e-06
1.0089e-05,3.53e-06,1.658e-05,1.011e-05,3.53e-06
1.0128e-05,3.66e-06,1.682e-05,1.003e-05,3.66e-06
1.0066e-05,3.38e-06,1.68e-05,1.006e-05,3.38e-06
1.0055e-05,3.61e-06,1.664e-05,1.0015e-05,3.61e-06
1.0055e-05,3.8e-06,1.643e-05,1.001e-05,3.8e-06
1.0059e-05,4.26e-06,1.591e-05,1.002e-05,4.26e-06
1.011e-05,4.36e-06,1.594e-05,1.0125e-05,4.36e-06
1.0289e-05,4.67e-06,1.589e-05,1.0075e-05,4.67e-06
1.0138e-05,4.63e-06,1.562e-05,1.0175e-05,4.63e-06
1.02e-05,4.21e-06,1.62e-05,1.0155e-05,4.21e-06
1.0099e-05,4.08e-06,1.602e-05,1.0125e-05,4.08e-06
1.0079e-05,4.31e-06,1.602e-05,1.004e-05,4.31e-06
1.0081e-05,4.35e-06,1.594e-05,1.0045e-05,4.35e-06
1.0165e-05,4.2e-06,1.63e-05,1.017e-05,4.2e-06
1.0139e-05,3.88e-06,1.631e-05,1.017e-05,3.88e-06
1.015e-05,4.13e-06,1.629e-05,1.008e-05,4.13e-06
1.027e-05,4.27e-06,1.597e-05,1.0645e-05,4.27e-06
1.0305e-05,4.71e-06,1.593e-05,1.027e-05,4.71e-06
1.0099e-05,4.23e-06,1.597e-05,1.011e-05,4.23e-06
1.0226e-05,4.3e-06,1.625e-05,1.0215e-05,4.3e-06
1.0181e-05,4.51e-06,1.604e-05,1.0075e-05,4.51e-06
1.0317e-05,4.53e-06,1.717e-05,1.0125e-05,4.53e-06
1.0384e-05,3.01e-06,1.757e-05,1.06e-05,3.01e-06
1.0116e-05,2.93e-06,1.75e-05,1.0115e-05,2.93e-06
1.0086e-05,3.12e-06,1.722e-05,9.995e-06,3.12e-06
2.096e-05,1.47e-06,2.964e-05,2.461e-05,1.061e-05
1.0119e-05,1.79e-06,1.841e-05,1.013e-05,1.027e-05
1.0009e-05,2.15e-06,1.805e-05,1.0075e-05,1.037e-05
1.0083e-05,2.7e-06,1.77e-05,1.002e-05,1.052e-05
1.0083e-05,3.1e-06,1.719e-05,1.0045e-05,1.066e-05
1.0137e-05,3.38e-06,1.684e-05,1.007e-05,1.069e-05
1.0169e-05,3.49e-06,1.663e-05,1.012e-05,1.036e-05
1.033e-05,3.65e-06,1.85e-05,1.0095e-05,1.073e-05
1.0189e-05,2.01e-06,1.82e-05,1.033e-05,1.105e-05
1.0045e-05,1.78e-06,1.816e-05,1.022e-05,1.111e-05
1.004e-05,1.86e-06,1.843e-05,1.0055e-05,1.104e-05
1.3485e-05,1.18e-06,2.096e-05,1.4235e-05,1.756e-05
1.004e-05,1.19e-06,1.902e-05,9.92e-06,1.506e-05
9.966e-06,1.17e-06,1.892e-05,9.83e-06,1.505e-05
9.943e-06,1.32e-06,1.859e-05,9.79e-06,1.503e-05
1.0131e-05,1.69e-06,1.859e-05,1.0005e-05,1.548e-05
1.0129e-05,2.01e-06,1.845e-05,1.002e-05,1.518e-05
1.0033e-05,1.66e-06,1.845e-05,9.94e-06,1.535e-05
1.0001e-05,1.64e-06,1.845e-05,9.865e-06,1.533e-05
1.0068e-05,1.8e-06,1.855e-05,9.98e-06,1.55e-05
1.0027e-05,1.42e-06,1.889e-05,9.915e-06,1.533e-05
9.983e-06,1.15e-06,1.888e-05,9.855e-06,1.493e-05
9.985e-06,1.3e-06,1.87e-05,9.955e-06,1.475e-05
9.988e-06,1.76e-06,1.832e-05,9.9e-06,1.49e-05
1.0057e-05,2.06e-06,1.843e-05,9.925e-06,1.517e-05
1.0056e-05,1.93e-06,1.831e-05,9.935e-06,1.496e-05
1.0024e-05,1.55e-06,1.858e-05,9.89e-06,1.494e-05
1.0081e-05,1.43e-06,1.876e-05,9.94e-06,1.524e-05
1.001e-05,1.33e-06,1.878e-05,9.89e-06,1.514e-05
1.0068e-05,1.07e-06,1.897e-05,9.95e-06,1.508e-05
1.006e-05,1.54e-06,1.883e-05,1.005e-05,1.439e-05
9.999e-06,1.66e-06,1.833e-05,9.915e-06,1.462e-05
1.0103e-05,2.02e-06,1.85e-05,9.865e-06,1.509e-05
1.0024e-05,1.71e-06,1.829e-05,1e-05,1.479e-05
9.986e-06,1.79e-06,1.818e-05,9.855e-06,1.476e-05
1.0189e-05,2.04e-06,1.875e-05,1.008e-05,1.513e-05
1.0106e-05,1.31e-06,1.902e-05,1.0045e-05,1.53e-05
1.0044e-05,1.18e-06,1.883e-05,9.93e-06,1.513e-05
9.964e-06,1.4e-06,1.863e-05,9.865e-06,1.477e-05
1.0058e-05,1.68e-06,1.878e-05,9.94e-06,1.483e-05
1.0151e-05,1.73e-06,1.861e-05,1.007e-05,1.498e-05
1.0039e-05,1.91e-06,1.83e-05,9.945e-06,1.476e-05
9.995e-06,1.87e-06,1.821e-05,9.94e-06,1.44e-05
1.0095e-05,2.2e-06,1.821e-05,9.94e-06,1.45e-05
1.003e-05,2.22e-06,1.798e-05,9.93e-06,1.468e-05
1.0088e-05,1.79e-06,1.838e-05,9.94e-06,1.482e-05
9.991e-06,1.51e-06,1.859e-05,9.9e-06,1.487e-05
1.0054e-05,1.32e-06,1.876e-05,1.0045e-05,1.497e-05
1.0046e-05,1.33e-06,1.871e-05,9.87e-06,1.505e-05
9.995e-06,1.31e-06,1.872e-05,9.985e-06,1.51e-05
1.0105e-05,1.19e-06,1.884e-05,9.945e-06,1.493e-05
1.0085e-05,1.74e-06,1.849e-05,9.945e-06,1.49e-05
1.0026e-05,2.1e-06,1.84e-05,9.925e-06,1.489e-05
1.0095e-05,1.78e-06,1.857e-05,9.975e-06,1.5e-05
1.0062e-05,1.48e-06,1.868e-05,9.885e-06,1.494e-05
9.999e-06,1.64e-06,1.843e-05,9.885e-06,1.487e-05
1.0091e-05,1.74e-06,1.841e-05,9.96e-06,1.518e-05
1.0001e-05,1.65e-06,1.838e-05,9.84e-06,1.497e-05
1.0103e-05,1.95e-06,1.832e-05,1.0075e-05,1.563e-05
1.0045e-05,2.27e-06,1.79e-05,9.915e-06,1.594e-05
1.0011e-05,2.54e-06,1.75e-05,9.88e-06,1.596e-05
9.969e-06,2.42e-06,1.768e-05,9.865e-06,1.599e-05
1.0012e-05,2.44e-06,1.767e-05,9.83e-06,1.552e-05
1.0005e-05,2.91e-06,1.722e-05,9.88e-06,1.573e-05
1.0106e-05,3.03e-06,1.737e-05,9.91e-06,1.597e-05
1.0003e-05,2.92e-06,1.706e-05,9.895e-06,1.582e-05
9.986e-06,2.87e-06,1.714e-05,9.86e-06,1.611e-05
1.005e-05,2.98e-06,1.73e-05,9.92e-06,1.635e-05
1.0001e-05,3.01e-06,1.707e-05,9.88e-06,1.627e-05
9.994e-06,3.1e-06,1.713e-05,9.85e-06,1.625e-05
9.997e-06,3.19e-06,1.688e-05,9.83e-06,1.64e-05
1.0021e-05,3.22e-06,1.688e-05,9.965e-06,1.637e-05
1.0041e-05,3.17e-06,1.707e-05,9.95e-06,1.653e-05
1.0027e-05,2.94e-06,1.719e-05,9.94e-06,1.65e-05
9.994e-06,2.77e-06,1.722e-05,9.935e-06,1.654e-05
1.0099e-05,3.2e-06,1.725e-05,1.003e-05,1.704e-05
9.948e-06,2.99e-06,1.709e-05,9.935e-06,1.709e-05
1.0026e-05,3.06e-06,1.707e-05,1.0035e-05,1.707e-05
9.999e-06,3.1e-06,1.704e-05,1.0005e-05,1.704e-05
1.0003e-05,3.22e-06,1.699e-05,1.003e-05,1.699e-05
1.0149e-05,3.66e-06,1.696e-05,9.97e-06,1.691e-05
9.966e-06,3.2e-06,1.679e-05,9.925e-06,1.679e-05
1.0091e-05,3.08e-06,1.711e-05,1.009e-05,1.711e-05
1.0055e-05,3.09e-06,1.708e-05,9.995e-06,1.699e-05
9.972e-06,3.18e-06,1.698e-05,9.95e-06,1.698e-05
9.98e-06,3.07e-06,1.704e-05,9.975e-06,1.704e-05
9.969e-06,3.11e-06,1.705e-05,9.925e-06,1.705e-05
1.0006e-05,2.99e-06,1.717e-05,9.96e-06,1.717e-05
1.01e-05,3.1e-06,1.739e-05,1.004e-05,1.739e-05
1.0031e-05,3.1e-06,1.713e-05,1.0015e-05,1.713e-05
9.985e-06,2.98e-06,1.714e-05,9.965e-06,1.714e-05
1.0066e-05,2.88e-06,1.749e-05,1.0045e-05,1.749e-05
9.998e-06,2.96e-06,1.728e-05,9.995e-06,1.728e-05
1.007e-05,3.15e-06,1.711e-05,1.01e-05,1.711e-05
1.0064e-05,3.18e-06,1.701e-05,9.985e-06,1.7e-05
1.007e-05,3.1e-06,1.715e-05,1.0045e-05,1.715e-05
1.0071e-05,3e-06,1.747e-05,1.001e-05,1.747e-05
1.0052e-05,2.91e-06,1.745e-05,1.002e-05,1.745e-05
9.972e-06,2.8e-06,1.726e-05,9.96e-06,1.726e-05
1.0236e-05,2.89e-06,1.78e-05,1.0245e-05,1.78e-05
1.0027e-05,2.53e-06,1.739e-05,9.935e-06,1.739e-05
1.0219e-05,2.84e-06,1.76e-05,1.0185e-05,1.76e-05
1.0086e-05,2.95e-06,1.75e-05,1.0095e-05,1.75e-05
9.996e-06,3.51e-06,1.659e-05,1.007e-05,1.659e-05
1.0106e-05,3.71e-06,1.68e-05,1.0105e-05,1.68e-05
1.004e-05,3.5e-06,1.673e-05,1.0015e-05,1.673e-05
1.014e-05,3.03e-06,1.731e-05,1.0055e-05,1.731e-05
1.0099e-05,3.02e-06,1.76e-05,1.007e-05,1.76e-05
1.0101e-05,2.43e-06,1.758e-05,1.018e-05,1.758e-05
1.0102e-05,2.4e-06,1.76e-05,1.009e-05,1.76e-05
1.0026e-05,2.54e-06,1.768e-05,9.97e-06,1.768e-05
1.0056e-05,2.73e-06,1.744e-05,1.013e-05,1.744e-05
1.0106e-05,3.02e-06,1.75e-05,1.007e-05,1.75e-05
1.002e-05,2.67e-06,1.737e-05,1.001e-05,1.737e-05
1.0054e-05,2.37e-06,1.763e-05,1.003e-05,1.763e-05
1.0042e-05,2.59e-06,1.786e-05,1.0025e-05,1.786e-05
1.0039e-05,2.48e-06,1.8e-05,1.0025e-05,1.8e-05
9.981e-06,2.24e-06,1.788e-05,9.9e-06,1.788e-05
9.985e-06,1.97e-06,1.81e-05,9.955e-06,1.81e-05
1.0056e-05,2.1e-06,1.829e-05,9.96e-06,1.829e-05
1.0027e-05,2.15e-06,1.822e-05,9.87e-06,1.822e-05
1.001e-05,2.4e-06,1.816e-05,9.945e-06,1.816e-05
1e-05,2.13e-06,1.829e-05,1.004e-05,1.829e-05
1.0096e-05,1.44e-06,1.886e-05,1.0025e-05,1.886e-05
1.0014e-05,1.47e-06,1.872e-05,9.985e-06,1.872e-05
1.0104e-05,1.59e-06,1.861e-05,9.985e-06,1.861e-05
9.976e-06,1.82e-06,1.837e-05,9.965e-06,1.837e-05
1.0035e-05,1.88e-06,1.853e-05,1.0095e-05,1.853e-05
1.0075e-05,1.59e-06,1.869e-05,1.001e-05,1.869e-05
1.0045e-05,1.38e-06,1.874e-05,1.017e-05,1.874e-05
9.995e-06,1.81e-06,1.81e-05,9.98e-06,1.81e-05
1.0106e-05,2.44e-06,1.819e-05,9.955e-06,1.819e-05
1.0006e-05,2.06e-06,1.805e-05,1.0095e-05,1.805e-05
1.0096e-05,2.49e-06,1.78e-05,9.995e-06,1.78e-05
9.967e-06,2.49e-06,1.766e-05,1.0005e-05,1.766e-05
1.0006e-05,2.37e-06,1.767e-05,9.94e-06,1.767e-05
1.0171e-05,2.53e-06,1.801e-05,1e-05,1.801e-05
1.0039e-05,2.08e-06,1.801e-05,9.91e-06,1.801e-05
9.993e-06,2.14e-06,1.785e-05,9.92e-06,1.785e-05
1.0067e-05,1.72e-06,1.855e-05,1.009e-05,1.855e-05
9.97e-06,1.5e-06,1.855e-05,9.985e-06,1.855e-05
9.96e-06,1.53e-06,1.853e-05,9.88e-06,1.853e-05
9.981e-06,1.62e-06,1.865e-05,9.955e-06,1.865e-05
1.0065e-05,1.63e-06,1.856e-05,1.0025e-05,1.856e-05
1.012e-05,2.17e-06,1.838e-05,1.005e-05,1.838e-05
1.0034e-05,1.84e-06,1.829e-05,1.006e-05,1.829e-05
1.012e-05,1.73e-06,1.861e-05,1.0115e-05,1.861e-05
1.0044e-05,1.63e-06,1.869e-05,1.003e-05,1.869e-05
1.0081e-05,1.35e-06,1.863e-05,1.026e-05,1.863e-05
9.969e-06,1.35e-06,1.86e-05,9.925e-06,1.86e-05
9.971e-06,1.38e-06,1.868e-05,9.92e-06,1.868e-05
1.0019e-05,1.53e-06,1.859e-05,1.0005e-05,1.859e-05
1.0018e-05,1.41e-06,1.892e-05,9.985e-06,1.892e-05
1.0034e-05,1.15e-06,1.897e-05,9.995e-06,1.897e-05
1.0082e-05,1.15e-06,1.92e-05,9.935e-06,1.92e-05
1.0149e-05,1.13e-06,1.935e-05,1.0205e-05,1.935e-05
9.999e-06,1.06e-06,1.903e-05,9.97e-06,1.903e-05
1.0046e-05,8.9e-07,1.927e-05,1e-05,1.927e-05
9.949e-06,1.2e-06,1.888e-05,9.9e-06,1.888e-05
1.0006e-05,1.06e-06,1.887e-05,9.945e-06,1.887e-05
1.0038e-05,1.51e-06,1.912e-05,9.97e-06,1.912e-05
1.0025e-05,1.41e-06,1.875e-05,1.007e-05,1.875e-05
1e-05,1.5e-06,1.85e-05,9.945e-06,1.85e-05
1.008e-05,1.54e-06,1.88e-05,1.0175e-05,1.88e-05
1.0042e-05,1.17e-06,1.893e-05,1e-05,1.893e-05
1.0108e-05,1.39e-06,1.909e-05,1.011e-05,1.909e-05
1.9048e-05,1.27e-06,3.233e-05,2.1395e-05,3.233e-05
1.0218e-05,1.7e-06,1.881e-05,1.033e-05,9.5e-06
1.0219e-05,2.04e-06,1.819e-05,1.041e-05,9.48e-06
1.0213e-05,2.93e-06,1.77e-05,1.033e-05,8.88e-06
1.008e-05,3.17e-06,1.698e-05,1.005e-05,8.43e-06
1.0098e-05,3.1e-06,1.676e-05,1.0125e-05,8.78e-06
1.0168e-05,3.44e-06,1.674e-05,1.022e-05,8.84e-06
1.0155e-05,3.96e-06,1.605e-05,1.0165e-05,8.6e-06
1.0152e-05,4.34e-06,1.587e-05,1.009e-05,8.37e-06
1.0035e-05,4.45e-06,1.575e-05,1.0055e-05,8.16e-06
1.0227e-05,3.95e-06,1.644e-05,1.0115e-05,8.07e-06
1.0256e-05,3.85e-06,1.665e-05,1.0425e-05,7.66e-06
1.0319e-05,3.38e-06,1.678e-05,1.0405e-05,7.47e-06
1.0214e-05,3.37e-06,1.691e-05,1.0165e-05,7.37e-06
1.0204e-05,3.44e-06,1.686e-05,1.0225e-05,7.39e-06
1.0185e-05,3.27e-06,1.716e-05,1.017e-05,7.18e-06
1.0113e-05,3.02e-06,1.71e-05,1.017e-05,6.8e-06
1.0151e-05,2.72e-06,1.731e-05,1.016e-05,6.77e-06
1.0279e-05,2.64e-06,1.766e-05,1.0285e-05,6.63e-06
1.0124e-05,2.47e-06,1.766e-05,1.021e-05,6.05e-06
1.0259e-05,2.57e-06,1.797e-05,1.0345e-05,6.37e-06
1.0115e-05,2.25e-06,1.783e-05,1.013e-05,6.44e-06
1.016e-05,2.23e-06,1.801e-05,1.013e-05,6.54e-06
1.028e-05,2.85e-06,1.816e-05,1.0195e-05,6.73e-06
1.0258e-05,2.33e-06,1.798e-05,1.0505e-05,6.45e-06
1.0194e-05,2.08e-06,1.816e-05,1.0215e-05,5.71e-06
1.0208e-05,2.01e-06,1.837e-05,1.024e-05,5.72e-06
1.0139e-05,1.87e-06,1.837e-05,1.019e-05,5.62e-06
1.0188e-05,1.88e-06,1.83e-05,1.0225e-05,5.51e-06
1.0253e-05,1.65e-06,1.873e-05,1.033e-05,6.04e-06
1.0151e-05,1.62e-06,1.872e-05,1.0325e-05,5.5e-06
1.0102e-05,1.69e-06,1.876e-05,1.016e-05,5.84e-06
1.0086e-05,1.45e-06,1.858e-05,1.014e-05,5.89e-06
1.0229e-05,1.28e-06,1.873e-05,1.041e-05,5.69e-06
1.0146e-05,1.59e-06,1.866e-05,9.985e-06,5.92e-06
1.0181e-05,1.73e-06,1.848e-05,1.03e-05,5.48e-06
1.0415e-05,1.45e-06,1.874e-05,1.05e-05,5.8e-06
1.0345e-05,1.93e-06,1.9e-05,1.023e-05,5.18e-06
1.0119e-05,1.74e-06,1.842e-05,1.0255e-05,5.16e-06
1.0252e-05,1.77e-06,1.887e-05,1.0255e-05,5.31e-06
1.0119e-05,1.38e-06,1.87e-05,1.0235e-05,5.53e-06
1.0186e-05,1.35e-06,1.882e-05,1.017e-05,5.77e-06
1.0359e-05,1.69e-06,1.899e-05,1.0295e-05,5.8e-06
1.0253e-05,2.06e-06,1.831e-05,1.024e-05,5.03e-06
1.0145e-05,2.09e-06,1.799e-05,1.018e-05,5.05e-06
1.0179e-05,2e-06,1.833e-05,1.0125e-05,5.22e-06
1.0154e-05,1.68e-06,1.849e-05,1.0255e-05,5.25e-06
1.0156e-05,1.59e-06,1.865e-05,1.017e-05,5.27e-06
1.0123e-05,1.47e-06,1.886e-05,1.0155e-05,5.13e-06
1.0121e-05,1.28e-06,1.89e-05,1.0185e-05,5.28e-06
1.0239e-05,1.5e-06,1.913e-05,1.025e-05,5.55e-06
1.5119e-05,1.34e-06,2.459e-05,1.589e-05,1.089e-05
1.0138e-05,1.3e-06,1.885e-05,1.023e-05,5.39e-06
1.0129e-05,1.66e-06,1.872e-05,1.0035e-05,5.76e-06
1.0089e-05,1.89e-06,1.837e-05,1.0035e-05,6.05e-06
1.0156e-05,2.01e-06,1.837e-05,1.0225e-05,6.2e-06
1.0102e-05,2.1e-06,1.825e-05,1.017e-05,6.29e-06
1.0139e-05,2.07e-06,1.815e-05,1.0255e-05,6.42e-06
1.0113e-05,2.07e-06,1.782e-05,1.021e-05,6.31e-06
1.017e-05,1.89e-06,1.869e-05,1.025e-05,5.85e-06
1.013e-05,1.71e-06,1.844e-05,1.0225e-05,5.47e-06
1.0104e-05,1.94e-06,1.811e-05,1.009e-05,5.41e-06
1.0091e-05,2.38e-06,1.781e-05,1.0135e-05,5.35e-06
1.0066e-05,2.71e-06,1.742e-05,1.0045e-05,5.36e-06
1.009e-05,3.16e-06,1.711e-05,9.945e-06,5.54e-06
1.0189e-05,3.69e-06,1.677e-05,1.0165e-05,5.55e-06
1.0185e-05,4.12e-06,1.657e-05,1.0175e-05,5.62e-06
1.012e-05,4.25e-06,1.592e-05,1.0125e-05,5.49e-06
1.0042e-05,4.68e-06,1.55e-05,1e-05,5.44e-06
1.0028e-05,4.55e-06,1.536e-05,1.006e-05,5.95e-06
9.99e-06,4.67e-06,1.518e-05,9.98e-06,6.19e-06
1.0088e-05,5.03e-06,1.515e-05,1.0115e-05,6.5e-06
1.0069e-05,5.53e-06,1.475e-05,1.007e-05,6.61e-06
1.01e-05,5.53e-06,1.466e-05,1.0085e-05,6.75e-06
1.0154e-05,5.87e-06,1.445e-05,1.0155e-05,7.08e-06
1.0065e-05,5.94e-06,1.406e-05,1.006e-05,7.14e-06
1.006e-05,6.05e-06,1.4e-05,1.0055e-05,7e-06
1.0056e-05,6.1e-06,1.397e-05,1.0055e-05,7.13e-06
1.011e-05,6.61e-06,1.391e-05,1.0165e-05,7.12e-06
1.0069e-05,6.25e-06,1.376e-05,1.0035e-05,7.33e-06
1.004e-05,6.47e-06,1.373e-05,1e-05,7.26e-06
1.0065e-05,6.68e-06,1.332e-05,1.0005e-05,7.21e-06
1.0121e-05,7.34e-06,1.298e-05,1.0055e-05,7.59e-06
1.0066e-05,7.25e-06,1.279e-05,1.0005e-05,7.59e-06
1.0048e-05,7.33e-06,1.268e-05,1.0015e-05,7.45e-06
1.0041e-05,7.38e-06,1.281e-05,1.0045e-05,7.74e-06
1.0067e-05,7.9e-06,1.224e-05,1.015e-05,8.15e-06
1.0061e-05,8.18e-06,1.194e-05,1.0045e-05,8.23e-06
1.0015e-05,8.1e-06,1.189e-05,1.01e-05,8.29e-06
1.0084e-05,8.34e-06,1.178e-05,1.0155e-05,8.71e-06
1.0119e-05,8.6e-06,1.171e-05,1.008e-05,8.87e-06
1.0021e-05,8.59e-06,1.148e-05,9.99e-06,8.85e-06
1.006e-05,8.76e-06,1.173e-05,1.0035e-05,9.05e-06
1.0095e-05,8.65e-06,1.14e-05,1.008e-05,9.29e-06
1.0184e-05,9.12e-06,1.148e-05,1.028e-05,9.52e-06
1.0045e-05,9.15e-06,1.105e-05,1.012e-05,9.63e-06
1.0054e-05,9.35e-06,1.063e-05,1.0075e-05,9.73e-06
1.0039e-05,9.52e-06,1.048e-05,1.006e-05,9.62e-06
1.0134e-05,9.78e-06,1.044e-05,1.011e-05,1.005e-05
1.0056e-05,9.78e-06,1.039e-05,1.009e-05,9.83e-06
1.0147e-05,9.93e-06,1.055e-05,1.0105e-05,1.011e-05
1.0041e-05,9.59e-06,1.063e-05,9.945e-06,1.063e-05
1.0086e-05,9.41e-06,1.085e-05,1.005e-05,1.078e-05
1.0164e-05,9.28e-06,1.096e-05,1.0255e-05,1.092e-05
1.0091e-05,9.27e-06,1.089e-05,1.0095e-05,1.089e-05
1.0061e-05,9.12e-06,1.109e-05,1.007e-05,1.096e-05
1.0165e-05,8.9e-06,1.132e-05,1.023e-05,1.124e-05
1.0122e-05,8.8e-06,1.138e-05,1.0105e-05,1.127e-05
1.0096e-05,8.74e-06,1.153e-05,1.008e-05,1.144e-05
1.0051e-05,8.44e-06,1.17e-05,1.005e-05,1.17e-05
1.0068e-05,8.28e-06,1.184e-05,1.0115e-05,1.184e-05
1.0109e-05,8.15e-06,1.225e-05,1.0045e-05,1.184e-05
1.0077e-05,8.1e-06,1.225e-05,1.013e-05,1.186e-05
1.0047e-05,7.93e-06,1.215e-05,1.0055e-05,1.188e-05
1.0084e-05,7.64e-06,1.234e-05,1.0115e-05,1.211e-05
1.0016e-05,7.52e-06,1.258e-05,1.004e-05,1.183e-05
1.0041e-05,7.24e-06,1.283e-05,1.0025e-05,1.202e-05
1.0066e-05,7.14e-06,1.29e-05,1.006e-05,1.218e-05
1.008e-05,6.93e-06,1.322e-05,1.003e-05,1.245e-05
1.0065e-05,6.89e-06,1.316e-05,1.0035e-05,1.24e-05
9.973e-06,6.67e-06,1.33e-05,9.96e-06,1.258e-05
1.0036e-05,7e-06,1.321e-05,9.95e-06,1.276e-05
1.0121e-05,7.05e-06,1.301e-05,1.024e-05,1.297e-05
1.0149e-05,7.39e-06,1.292e-05,1.011e-05,1.263e-05
1.003e-05,7.34e-06,1.275e-05,1.0005e-05,1.275e-05
1.0024e-05,7.09e-06,1.293e-05,9.99e-06,1.293e-05
1.0065e-05,7.19e-06,1.297e-05,1.001e-05,1.289e-05
1.0087e-05,7.27e-06,1.288e-05,1.0175e-05,1.288e-05
1.0516e-05,7.23e-06,1.286e-05,1.171e-05,1.264e-05
1.0145e-05,7.27e-06,1.321e-05,9.99e-06,1.29e-05
1.0064e-05,6.89e-06,1.315e-05,1.0075e-05,1.315e-05
1.0045e-05,7.08e-06,1.308e-05,1.006e-05,1.308e-05
1.0031e-05,6.91e-06,1.316e-05,1.002e-05,1.3e-05
1.0091e-05,6.91e-06,1.34e-05,1.012e-05,1.34e-05
1.008e-05,6.77e-06,1.343e-05,1.009e-05,1.343e-05
1.0151e-05,6.73e-06,1.357e-05,1.019e-05,1.357e-05
9.984e-06,6.5e-06,1.36e-05,1.002e-05,1.36e-05
1.0019e-05,6.41e-06,1.361e-05,1.002e-05,1.361e-05
1.024e-05,6.86e-06,1.379e-05,1.0175e-05,1.379e-05
1.0184e-05,6.45e-06,1.402e-05,1.0195e-05,1.402e-05
1.0135e-05,5.83e-06,1.44e-05,1.015e-05,1.44e-05
1.0117e-05,5.78e-06,1.46e-05,1.006e-05,1.444e-05
1.0095e-05,5.96e-06,1.447e-05,9.975e-06,1.431e-05
1.0058e-05,5.95e-06,1.421e-05,1.005e-05,1.421e-05
1.0199e-05,5.85e-06,1.481e-05,1.01e-05,1.481e-05
1.0034e-05,5.4e-06,1.461e-05,1.002e-05,1.455e-05
1.0157e-05,5.66e-06,1.481e-05,1.0035e-05,1.48e-05
1.0119e-05,5.46e-06,1.482e-05,1.001e-05,1.482e-05
1.0176e-05,5.06e-06,1.526e-05,1.0095e-05,1.526e-05
1.0119e-05,4.7e-06,1.572e-05,1.014e-05,1.572e-05
1.0061e-05,4.47e-06,1.585e-05,1.009e-05,1.585e-05
1.0004e-05,4.08e-06,1.59e-05,1.0055e-05,1.59e-05
9.974e-06,3.97e-06,1.602e-05,1.0015e-05,1.602e-05
1.0041e-05,3.96e-06,1.607e-05,1.019e-05,1.607e-05
1.0155e-05,4.18e-06,1.646e-05,1.0065e-05,1.646e-05
1.0039e-05,3.78e-06,1.623e-05,1.008e-05,1.623e-05
1.0065e-05,3.59e-06,1.651e-05,9.985e-06,1.651e-05
1.0312e-05,3.12e-06,1.747e-05,1.0235e-05,1.747e-05
1.0161e-05,2.49e-06,1.762e-05,1.007e-05,1.762e-05
1.0076e-05,2.4e-06,1.776e-05,1.007e-05,1.776e-05
1.0055e-05,2.07e-06,1.804e-05,1.004e-05,1.804e-05
9.981e-06,2.05e-06,1.802e-05,9.965e-06,1.802e-05
1.0039e-05,2.37e-06,1.806e-05,1.005e-05,1.806e-05
1.0054e-05,2.5e-06,1.777e-05,1.01e-05,1.777e-05
9.98e-06,2.31e-06,1.767e-05,9.96e-06,1.767e-05
1.0089e-05,2.3e-06,1.8e-05,1.004e-05,1.8e-05
1.0131e-05,2.2e-06,1.81e-05,1.006e-05,1.81e-05
1.0015e-05,2.08e-06,1.817e-05,9.985e-06,1.817e-05
9.995e-06,2.04e-06,1.8e-05,1.007e-05,1.8e-05
1.0186e-05,1.65e-06,1.88e-05,1.0205e-05,1.88e-05
1.0243e-05,1.17e-06,1.928e-05,1.033e-05,1.928e-05
1.0049e-05,1.59e-06,1.857e-05,1.001e-05,1.857e-05
9.976e-06,1.96e-06,1.817e-05,9.99e-06,1.817e-05
9.979e-06,1.76e-06,1.84e-05,9.965e-06,1.84e-05
1.0072e-05,1.34e-06,1.874e-05,9.98e-06,1.874e-05
1.003e-05,1.24e-06,1.896e-05,9.97e-06,1.896e-05
1.0022e-05,1.24e-06,1.893e-05,1.009e-05,1.893e-05
1.0004e-05,1.19e-06,1.894e-05,1.0025e-05,1.894e-05
1.0039e-05,1.36e-06,1.895e-05,1e-05,1.895e-05
9.994e-06,1.14e-06,1.892e-05,1.0065e-05,1.892e-05
1.0019e-05,1.36e-06,1.877e-05,1e-05,1.877e-05
1.0073e-05,1.37e-06,1.905e-05,1.0015e-05,1.905e-05
1.0002e-05,1.49e-06,1.91e-05,1.003e-05,1.91e-05
1.0081e-05,1.33e-06,1.901e-05,1.0065e-05,1.901e-05
1.0086e-05,1.36e-06,1.897e-05,1.0075e-05,1.897e-05
1.0038e-05,1.78e-06,1.852e-05,1.0015e-05,1.852e-05
1.004e-05,2e-06,1.839e-05,9.96e-06,1.839e-05
9.978e-06,1.78e-06,1.84e-05,1.0015e-05,1.84e-05
1.0028e-05,1.67e-06,1.839e-05,9.965e-06,1.839e-05
1.0905e-05,1.61e-06,1.874e-05,1.028e-05,1.874e-05
9.959e-06,2.98e-06,1.703e-05,1.0005e-05,1.63e-05
1.0052e-05,3.32e-06,1.688e-05,1.0225e-05,1.688e-05
1.007e-05,3.42e-06,1.693e-05,1.0035e-05,1.693e-05
1.0055e-05,3.44e-06,1.683e-05,1.003e-05,1.683e-05
1.0099e-05,3.74e-06,1.668e-05,1.0055e-05,1.668e-05
1.0119e-05,3.98e-06,1.633e-05,1.006e-05,1.633e-05
9.994e-06,3.81e-06,1.64e-05,9.945e-06,1.64e-05
1.0145e-05,3.58e-06,1.677e-05,1.011e-05,1.677e-05
9.956e-06,3.45e-06,1.665e-05,9.915e-06,1.665e-05
1.0091e-05,3.25e-06,1.689e-05,1e-05,1.689e-05
1.0359e-05,2.71e-06,1.818e-05,1.0325e-05,1.818e-05
1.0079e-05,1.81e-06,1.826e-05,1.0015e-05,1.826e-05
1.0059e-05,1.98e-06,1.843e-05,9.965e-06,1.843e-05
1.003e-05,1.89e-06,1.83e-05,1.006e-05,1.83e-05
9.926e-06,1.9e-06,1.822e-05,9.895e-06,1.822e-05
1.0026e-05,1.64e-06,1.858e-05,9.965e-06,1.858e-05
1.0072e-05,1.56e-06,1.883e-05,1.005e-05,1.883e-05
1.0124e-05,1.22e-06,1.894e-05,1.009e-05,1.894e-05
1.013e-05,1.34e-06,1.905e-05,1.0065e-05,1.905e-05
1.0073e-05,1.21e-06,1.911e-05,1.0055e-05,1.911e-05
1.0082e-05,1.47e-06,1.899e-05,1.0025e-05,1.899e-05
1.001e-05,1.27e-06,1.898e-05,1.003e-05,1.898e-05
1.0145e-05,1.11e-06,1.917e-05,1.0185e-05,1.917e-05
1.0074e-05,1.2e-06,1.92e-05,1.0045e-05,1.92e-05
1.004e-05,9e-07,1.923e-05,9.95e-06,1.923e-05
1.0161e-05,1.16e-06,1.933e-05,1.01e-05,1.933e-05
1.0196e-05,8.5e-07,1.952e-05,1.0125e-05,1.952e-05
9.994e-06,1.11e-06,1.917e-05,9.96e-06,1.917e-05
1.0117e-05,1.19e-06,1.934e-05,1.009e-05,1.934e-05
1.0081e-05,1.05e-06,1.924e-05,9.96e-06,1.924e-05
1.0019e-05,9.2e-07,1.92e-05,1e-05,1.92e-05
1.0151e-05,1e-06,1.948e-05,1.015e-05,1.948e-05
1.0091e-05,1.58e-06,1.904e-05,1.0075e-05,1.904e-05
1.0072e-05,1.7e-06,1.851e-05,1.008e-05,1.851e-05
1.0018e-05,1.42e-06,1.874e-05,9.97e-06,1.874e-05
1.0045e-05,1.36e-06,1.885e-05,1.0135e-05,1.885e-05
1.0067e-05,1.29e-06,1.91e-05,1.001e-05,1.91e-05
9.966e-06,1.34e-06,1.874e-05,9.98e-06,1.874e-05
1.0167e-05,1.64e-06,1.916e-05,1.0235e-05,1.916e-05
1.0364e-05,1.3e-06,1.959e-05,1.0335e-05,1.959e-05
1.0186e-05,9.9e-07,1.946e-05,1.017e-05,1.946e-05
1.0061e-05,1.16e-06,1.908e-05,1.0055e-05,1.908e-05
1.0039e-05,1.29e-06,1.894e-05,9.975e-06,1.894e-05
1.0139e-05,1.24e-06,1.914e-05,1.0115e-05,1.914e-05
1.0157e-05,1.65e-06,1.899e-05,1.0215e-05,1.899e-05
1.0064e-05,1.48e-06,1.877e-05,1.0075e-05,1.877e-05
1.0256e-05,1.17e-06,1.915e-05,1.022e-05,1.915e-05
1.1027e-05,1.18e-06,2.058e-05,1.06e-05,2.058e-05
1.0131e-05,1.34e-06,1.904e-05,1.001e-05,1.904e-05
1.0134e-05,1.5e-06,1.855e-05,1.0135e-05,1.855e-05
1.0025e-05,1.43e-06,1.894e-05,1.001e-05,1.894e-05
1.0026e-05,1.35e-06,1.89e-05,1.009e-05,1.89e-05
1.0047e-05,1.52e-06,1.888e-05,9.99e-06,1.888e-05
1.0094e-05,1.36e-06,1.888e-05,1.009e-05,1.888e-05
1.0068e-05,1.34e-06,1.889e-05,1.006e-05,1.889e-05
1.0055e-05,1.34e-06,1.888e-05,1.0045e-05,1.888e-05
1.0043e-05,1.16e-06,1.888e-05,9.995e-06,1.888e-05
1.0143e-05,2.35e-06,1.893e-05,9.955e-06,1.893e-05
9.942e-06,2.51e-06,1.753e-05,1.0015e-05,1.753e-05
9.96e-06,2.52e-06,1.752e-05,9.95e-06,1.752e-05
1.0086e-05,2.6e-06,1.783e-05,9.99e-06,1.783e-05
1.005e-05,2.09e-06,1.804e-05,1.014e-05,1.804e-05
1.0036e-05,1.8e-06,1.834e-05,9.995e-06,1.834e-05
1.0162e-05,1.7e-06,1.869e-05,1.0185e-05,1.869e-05
1.006e-05,1.39e-06,1.876e-05,1.008e-05,1.876e-05
1.0035e-05,1.31e-06,1.882e-05,1.007e-05,1.882e-05
1.0015e-05,1.3e-06,1.892e-05,9.985e-06,1.892e-05
1.0129e-05,1.33e-06,1.907e-05,1.0045e-05,1.907e-05
1.0041e-05,1.51e-06,1.89e-05,9.93e-06,1.89e-05
1.0001e-05,1.33e-06,1.89e-05,1.0045e-05,1.89e-05
1.0537e-05,1.25e-06,1.905e-05,1.0025e-05,1.905e-05
1.0009e-05,2.94e-06,1.741e-05,9.955e-06,1.741e-05
9.967e-06,2.88e-06,1.735e-05,9.995e-06,1.735e-05
9.957e-06,2.76e-06,1.726e-05,1.004e-05,1.726e-05
9.953e-06,2.99e-06,1.726e-05,9.975e-06,1.726e-05
9.948e-06,2.82e-06,1.733e-05,9.915e-06,1.733e-05
1.0105e-05,2.57e-06,1.787e-05,1.003e-05,1.787e-05
9.959e-06,2.29e-06,1.778e-05,1.0025e-05,1.778e-05
1.0013e-05,2.56e-06,1.789e-05,1.0065e-05,1.789e-05
9.994e-06,2.28e-06,1.793e-05,9.965e-06,1.793e-05
1.0189e-05,1.92e-06,1.817e-05,1.0125e-05,1.817e-05
1.003e-05,1.91e-06,1.83e-05,9.995e-06,1.83e-05
1.0019e-05,1.94e-06,1.818e-05,1.006e-05,1.818e-05
1.0025e-05,1.97e-06,1.825e-05,9.995e-06,1.825e-05
1.0118e-05,2.48e-06,1.823e-05,1e-05,1.823e-05
1.0056e-05,2.11e-06,1.798e-05,1.003e-05,1.798e-05
1.0054e-05,2.31e-06,1.811e-05,9.985e-06,1.811e-05
1.0105e-05,1.84e-06,1.843e-05,1.011e-05,1.843e-05
9.946e-06,1.47e-06,1.848e-05,1.001e-05,1.848e-05
9.96e-06,1.18e-06,1.87e-05,9.975e-06,1.87e-05
1.0208e-05,1.14e-06,1.943e-05,1.0035e-05,1.943e-05
1.0023e-05,1.23e-06,1.901e-05,1.007e-05,1.901e-05
1.0031e-05,1.31e-06,1.874e-05,9.965e-06,1.874e-05
1.0061e-05,1.16e-06,1.926e-05,1.0055e-05,1.926e-05
1.0065e-05,9.8e-07,1.924e-05,1.0125e-05,1.924e-05
1.0075e-05,1.32e-06,1.898e-05,9.955e-06,1.898e-05
9.952e-06,1.1e-06,1.883e-05,1.001e-05,1.883e-05
1.001e-05,1.05e-06,1.91e-05,9.9e-06,1.91e-05
1.0076e-05,1.51e-06,1.882e-05,1.0145e-05,1.882e-05
1.0035e-05,1.23e-06,1.903e-05,9.985e-06,1.903e-05
1.0004e-05,1.36e-06,1.903e-05,9.955e-06,1.903e-05
1.0106e-05,1.14e-06,1.902e-05,1.008e-05,1.902e-05
1.0106e-05,1.01e-06,1.949e-05,1.0165e-05,1.949e-05
1.0349e-05,8.9e-07,1.981e-05,1.028e-05,1.981e-05
1.0035e-05,1.01e-06,1.91e-05,9.895e-06,1.91e-05
1.0061e-05,1.05e-06,1.926e-05,9.99e-06,1.926e-05
9.971e-06,1.27e-06,1.887e-05,9.99e-06,1.887e-05
9.94e-06,1.19e-06,1.88e-05,9.87e-06,1.88e-05
1.003e-05,1.3e-06,1.911e-05,9.95e-06,1.911e-05
9.916e-06,1.12e-06,1.886e-05,9.94e-06,1.886e-05
9.975e-06,1.13e-06,1.879e-05,1.0125e-05,1.879e-05
1.0066e-05,1.44e-06,1.889e-05,1.0095e-05,1.889e-05
9.961e-06,1.07e-06,1.929e-05,9.875e-06,1.929e-05
1.001e-05,1.38e-06,1.895e-05,1.0065e-05,1.895e-05
1.0019e-05,1.38e-06,1.882e-05,9.945e-06,1.882e-05
1.0086e-05,1.37e-06,1.874e-05,9.94e-06,1.874e-05
1.0055e-05,1.63e-06,1.855e-05,9.87e-06,1.855e-05
9.914e-06,1.78e-06,1.815e-05,1.0125e-05,1.815e-05
9.9e-06,2.09e-06,1.792e-05,1.001e-05,1.792e-05
1.0039e-05,2.4e-06,1.821e-05,1.008e-05,1.821e-05
9.879e-06,2.11e-06,1.798e-05,9.925e-06,1.798e-05
9.9e-06,2.26e-06,1.789e-05,9.955e-06,1.789e-05
9.966e-06,2.11e-06,1.8e-05,9.985e-06,1.8e-05
1.0048e-05,1.83e-06,1.812e-05,1.0065e-05,1.812e-05
9.98e-06,2.28e-06,1.801e-05,9.97e-06,1.801e-05
1.0015e-05,2.21e-06,1.798e-05,1.0055e-05,1.798e-05
9.957e-06,1.86e-06,1.812e-05,9.98e-06,1.812e-05
1.0139e-05,1.4e-06,1.889e-05,1.012e-05,1.889e-05
9.989e-06,1.08e-06,1.903e-05,9.955e-06,1.903e-05
1.009e-05,1.31e-06,1.89e-05,1.013e-05,1.89e-05
1.0011e-05,1.12e-06,1.89e-05,9.87e-06,1.89e-05
9.923e-06,1.28e-06,1.868e-05,9.935e-06,1.868e-05
9.986e-06,1.35e-06,1.884e-05,9.905e-06,1.884e-05
1.0017e-05,1.3e-06,1.875e-05,1.002e-05,1.875e-05
1.0003e-05,1.1e-06,1.898e-05,1e-05,1.898e-05
1.001e-05,1.11e-06,1.916e-05,9.985e-06,1.916e-05
1.014e-05,1.06e-06,1.94e-05,1.0105e-05,1.94e-05
1.6013e-05,1.3e-06,2.634e-05,1.6665e-05,2.634e-05
1.0619e-05,1.58e-06,1.895e-05,1.251e-05,1.895e-05
1.008e-05,5.52e-06,1.469e-05,1.007e-05,1.469e-05
1.0113e-05,5.69e-06,1.468e-05,1.01e-05,1.468e-05
9.988e-06,5.64e-06,1.43e-05,9.965e-06,1.43e-05
9.963e-06,5.62e-06,1.433e-05,9.945e-06,1.433e-05
9.994e-06,5.71e-06,1.438e-05,1.0015e-05,1.438e-05
9.94e-06,5.54e-06,1.429e-05,9.83e-06,1.429e-05
9.998e-06,5.71e-06,1.462e-05,1.005e-05,1.462e-05
9.993e-06,5.19e-06,1.468e-05,1.007e-05,1.468e-05
1.0601e-05,4.46e-06,1.603e-05,1.0855e-05,1.603e-05
9.997e-06,4.55e-06,1.559e-05,9.965e-06,1.559e-05
1.0025e-05,4.5e-06,1.55e-05,1.0015e-05,1.55e-05
1.5912e-05,4.15e-06,5.568e-05,1.1695e-05,1.582e-05
1.0166e-05,1.46e-06,1.883e-05,1.014e-05,5.23e-06
1.0053e-05,1.7e-06,1.871e-05,1.02e-05,5.1e-06
9.965e-06,1.73e-06,1.823e-05,1.005e-05,5.43e-06
1.0065e-05,1.77e-06,1.847e-05,1.0175e-05,5.33e-06
9.979e-06,1.99e-06,1.804e-05,9.995e-06,5.38e-06
1.0114e-05,2.18e-06,1.825e-05,1.016e-05,5.43e-06
9.981e-06,1.86e-06,1.784e-05,1.005e-05,5.34e-06
9.961e-06,2.02e-06,1.783e-05,1.007e-05,5.33e-06
1.0028e-05,2.59e-06,1.764e-05,1.003e-05,5.51e-06
9.961e-06,2.65e-06,1.738e-05,9.995e-06,5.54e-06
9.976e-06,2.87e-06,1.7e-05,1.01e-05,5.53e-06
9.921e-06,3.05e-06,1.682e-05,1.0005e-05,5.5e-06
9.954e-06,3.07e-06,1.686e-05,1.002e-05,5.65e-06
1.004e-05,3.32e-06,1.683e-05,1.0175e-05,5.76e-06
9.971e-06,3.13e-06,1.662e-05,1.0045e-05,5.81e-06
9.981e-06,3.17e-06,1.666e-05,9.985e-06,5.8e-06
9.983e-06,3.33e-06,1.66e-05,1.002e-05,6e-06
9.931e-06,3.44e-06,1.635e-05,9.99e-06,5.93e-06
9.938e-06,3.98e-06,1.597e-05,9.965e-06,6.1e-06
1.0005e-05,4e-06,1.569e-05,1.0135e-05,6.41e-06
9.98e-06,3.88e-06,1.609e-05,1.0105e-05,6.26e-06
1.0022e-05,3.86e-06,1.617e-05,1.0035e-05,6.53e-06
9.899e-06,3.9e-06,1.572e-05,9.82e-06,6.69e-06
9.965e-06,4.19e-06,1.559e-05,9.995e-06,6.66e-06
1.0019e-05,4.59e-06,1.557e-05,9.93e-06,6.84e-06
1.0007e-05,4.6e-06,1.534e-05,1.0085e-05,6.76e-06
1e-05,5.33e-06,1.484e-05,9.93e-06,6.77e-06
9.991e-06,5.48e-06,1.445e-05,9.955e-06,6.54e-06
9.932e-06,5.81e-06,1.422e-05,9.94e-06,6.43e-06
1.0029e-05,6.03e-06,1.407e-05,9.96e-06,6.47e-06
9.898e-06,6.01e-06,1.379e-05,9.94e-06,6.27e-06
9.968e-06,6.01e-06,1.385e-05,9.925e-06,6.18e-06
1.003e-05,6.23e-06,1.372e-05,1.0135e-05,6.23e-06
9.936e-06,6.3e-06,1.369e-05,9.92e-06,6.3e-06
9.926e-06,6.39e-06,1.337e-05,9.925e-06,6.39e-06
9.979e-06,6.47e-06,1.336e-05,1.008e-05,6.47e-06
9.925e-06,6.6e-06,1.322e-05,9.85e-06,6.6e-06
9.936e-06,6.77e-06,1.312e-05,9.87e-06,6.77e-06
9.919e-06,6.85e-06,1.304e-05,9.96e-06,6.85e-06
9.923e-06,6.95e-06,1.286e-05,9.925e-06,6.95e-06
9.972e-06,7.03e-06,1.285e-05,9.935e-06,7.03e-06
9.962e-06,7.08e-06,1.278e-05,9.985e-06,7.08e-06
9.945e-06,6.99e-06,1.287e-05,9.94e-06,6.99e-06
9.971e-06,6.91e-06,1.288e-05,9.98e-06,6.91e-06
9.923e-06,7.15e-06,1.264e-05,9.89e-06,7.15e-06
9.981e-06,7.08e-06,1.289e-05,9.95e-06,7.08e-06
9.949e-06,6.98e-06,1.305e-05,9.95e-06,6.98e-06
9.966e-06,7.15e-06,1.282e-05,9.95e-06,7.15e-06
9.956e-06,7.29e-06,1.256e-05,1.0005e-05,7.29e-06
1.0047e-05,7.66e-06,1.243e-05,1.012e-05,7.66e-06
1.0006e-05,7.58e-06,1.224e-05,1.005e-05,7.58e-06
1.0043e-05,8.07e-06,1.207e-05,9.985e-06,8.07e-06
1.0014e-05,8.5e-06,1.174e-05,9.95e-06,8.5e-06
1.0159e-05,8.65e-06,1.164e-05,1.0075e-05,8.65e-06
1.0021e-05,8.66e-06,1.149e-05,1.006e-05,8.66e-06
1.0126e-05,8.83e-06,1.121e-05,1.0145e-05,8.83e-06
1.0219e-05,8.94e-06,1.132e-05,1.0305e-05,9.47e-06
1.0016e-05,8.93e-06,1.128e-05,9.85e-06,9.2e-06
9.97e-06,9.09e-06,1.09e-05,9.905e-06,9.23e-06
9.989e-06,8.98e-06,1.09e-05,1.004e-05,9.07e-06
9.945e-06,9e-06,1.091e-05,9.91e-06,9e-06
1.0002e-05,9.12e-06,1.099e-05,9.93e-06,9.12e-06
1.0095e-05,9.15e-06,1.088e-05,1.0315e-05,9.27e-06
1.0003e-05,8.76e-06,1.109e-05,1.001e-05,9.27e-06
9.918e-06,8.81e-06,1.099e-05,9.895e-06,8.98e-06
9.926e-06,8.7e-06,1.121e-05,9.81e-06,9.03e-06
9.974e-06,8.8e-06,1.115e-05,9.935e-06,9.19e-06
9.93e-06,8.85e-06,1.105e-05,9.885e-06,9.07e-06
9.962e-06,8.78e-06,1.112e-05,9.91e-06,9.42e-06
9.991e-06,8.75e-06,1.12e-05,1.0065e-05,9.66e-06
9.96e-06,8.94e-06,1.106e-05,9.92e-06,9.31e-06
1.0036e-05,8.86e-06,1.145e-05,9.955e-06,9.54e-06
9.926e-06,8.58e-06,1.112e-05,1.0005e-05,9.24e-06
9.951e-06,8.75e-06,1.115e-05,9.975e-06,9.18e-06
9.957e-06,8.85e-06,1.109e-05,9.935e-06,9.07e-06
9.996e-06,9.08e-06,1.094e-05,9.99e-06,9.08e-06
9.965e-06,8.96e-06,1.097e-05,9.98e-06,9.49e-06
1.0076e-05,8.89e-06,1.122e-05,1.0075e-05,9.57e-06
9.92e-06,8.64e-06,1.113e-05,9.85e-06,9.25e-06
1.0097e-05,8.12e-06,1.207e-05,1.0155e-05,9.76e-06
1.0055e-05,7.55e-06,1.233e-05,1.01e-05,9.65e-06
9.952e-06,7.74e-06,1.238e-05,9.845e-06,9.09e-06
9.949e-06,7.77e-06,1.219e-05,9.9e-06,9.18e-06
9.959e-06,7.89e-06,1.201e-05,9.895e-06,9.29e-06
9.968e-06,8.31e-06,1.174e-05,9.93e-06,9.15e-06
1.008e-05,8.09e-06,1.185e-05,1.013e-05,9.55e-06
9.91e-06,8.06e-06,1.178e-05,9.895e-06,9.26e-06
9.965e-06,7.81e-06,1.224e-05,9.885e-06,9.45e-06
9.944e-06,7.65e-06,1.222e-05,9.95e-06,9.53e-06
9.994e-06,7.45e-06,1.25e-05,9.895e-06,9.46e-06
1.0019e-05,7.57e-06,1.249e-05,9.865e-06,9.32e-06
1.0082e-05,7.52e-06,1.277e-05,1.004e-05,9.57e-06
9.899e-06,7.27e-06,1.24e-05,9.825e-06,9.02e-06
9.99e-06,7.7e-06,1.216e-05,9.98e-06,9.03e-06
9.978e-06,8.17e-06,1.178e-05,1.0085e-05,9.1e-06
1.0039e-05,8.56e-06,1.178e-05,9.95e-06,9.03e-06
1.0014e-05,8.7e-06,1.151e-05,9.955e-06,9.21e-06
9.944e-06,8.23e-06,1.16e-05,9.86e-06,9.29e-06
9.935e-06,8.42e-06,1.151e-05,9.895e-06,9.31e-06
9.945e-06,8.48e-06,1.147e-05,9.85e-06,9.25e-06
9.918e-06,8.71e-06,1.116e-05,9.875e-06,9.07e-06
1.0004e-05,8.93e-06,1.123e-05,9.94e-06,9.1e-06
9.93e-06,8.63e-06,1.125e-05,9.96e-06,8.63e-06
9.907e-06,8.38e-06,1.133e-05,9.95e-06,8.38e-06
9.993e-06,8.63e-06,1.141e-05,9.99e-06,8.63e-06
9.881e-06,8.4e-06,1.129e-05,9.935e-06,8.4e-06
9.982e-06,8.62e-06,1.139e-05,9.97e-06,8.62e-06
9.969e-06,8.48e-06,1.15e-05,9.955e-06,8.48e-06
9.985e-06,8.41e-06,1.162e-05,1e-05,8.41e-06
1.008e-05,8.85e-06,1.18e-05,9.93e-06,8.85e-06
1.0004e-05,8.63e-06,1.128e-05,1.01e-05,8.63e-06
9.926e-06,8.5e-06,1.14e-05,9.92e-06,8.5e-06
1.0006e-05,8.91e-06,1.138e-05,9.935e-06,8.91e-06
9.946e-06,8.97e-06,1.103e-05,9.97e-06,8.97e-06
1.003e-05,9.07e-06,1.097e-05,1.0015e-05,9.07e-06
9.958e-06,9.24e-06,1.067e-05,9.95e-06,9.24e-06
9.948e-06,9.45e-06,1.052e-05,9.945e-06,9.45e-06
9.974e-06,9.5e-06,1.058e-05,9.92e-06,9.6e-06
1.0045e-05,9.44e-06,1.073e-05,1.0035e-05,9.62e-06
9.898e-06,9.36e-06,1.057e-05,9.885e-06,9.58e-06
1.0051e-05,9.22e-06,1.079e-05,1.021e-05,1.004e-05
9.913e-06,8.93e-06,1.073e-05,1.0025e-05,1.019e-05
9.915e-06,8.94e-06,1.099e-05,9.88e-06,1.009e-05
1e-05,8.9e-06,1.119e-05,9.875e-06,1.004e-05
1.0067e-05,9.07e-06,1.119e-05,1.005e-05,1.016e-05
1.0249e-05,8.73e-06,1.188e-05,1.036e-05,1.086e-05
1.0155e-05,7.62e-06,1.262e-05,1.042e-05,1.083e-05
1.0019e-05,7.24e-06,1.274e-05,1.0215e-05,1.062e-05
1.0034e-05,6.93e-06,1.301e-05,1.0185e-05,1.1e-05
9.968e-06,6.91e-06,1.306e-05,9.99e-06,1.076e-05
1.0039e-05,6.75e-06,1.338e-05,1.01e-05,1.068e-05
1.0042e-05,6.72e-06,1.325e-05,1.018e-05,1.076e-05
1.003e-05,6.82e-06,1.324e-05,1.0135e-05,1.08e-05
1.0011e-05,6.74e-06,1.326e-05,1.001e-05,1.075e-05
1.0068e-05,6.64e-06,1.357e-05,1.014e-05,1.061e-05
1.004e-05,6.17e-06,1.379e-05,1.021e-05,1.07e-05
1.0057e-05,5.94e-06,1.408e-05,1.023e-05,1.088e-05
9.92e-06,5.66e-06,1.406e-05,9.995e-06,1.07e-05
9.979e-06,5.8e-06,1.413e-05,1.011e-05,1.09e-05
9.93e-06,5.7e-06,1.405e-05,9.9e-06,1.092e-05
9.943e-06,5.58e-06,1.424e-05,1.0005e-05,1.092e-05
1.0036e-05,5.72e-06,1.429e-05,1.0205e-05,1.093e-05
9.884e-06,5.45e-06,1.434e-05,1.001e-05,1.075e-05
1.0031e-05,5.03e-06,1.481e-05,1.0195e-05,1.108e-05
9.96e-06,4.92e-06,1.468e-05,1.007e-05,1.131e-05
9.99e-06,5.08e-06,1.494e-05,9.98e-06,1.113e-05
9.908e-06,4.94e-06,1.494e-05,9.965e-06,1.089e-05
9.969e-06,4.8e-06,1.515e-05,1.0115e-05,1.074e-05
1.0085e-05,4.57e-06,1.544e-05,1.02e-05,1.069e-05
1.0014e-05,4.46e-06,1.535e-05,1.0165e-05,1.093e-05
9.894e-06,4.49e-06,1.532e-05,9.91e-06,1.071e-05
1.0039e-05,4.44e-06,1.561e-05,1.013e-05,1.08e-05
1.0029e-05,4.18e-06,1.57e-05,1.0115e-05,1.101e-05
1.0079e-05,4.37e-06,1.578e-05,1.018e-05,1.128e-05
3.746e-05,4.26e-06,7.044e-05,3.758e-05,1.109e-05
1.0026e-05,1.69e-06,1.804e-05,1.02e-05,1.117e-05
1.0014e-05,1.81e-06,1.822e-05,1.0095e-05,1.109e-05
1.0034e-05,1.46e-06,1.825e-05,1.0245e-05,1.114e-05
9.939e-06,1.97e-06,1.785e-05,9.97e-06,1.085e-05
9.986e-06,2.1e-06,1.771e-05,1.0075e-05,1.077e-05
9.96e-06,2.42e-06,1.74e-05,1.0115e-05,1.114e-05
9.934e-06,2.83e-06,1.699e-05,9.96e-06,1.13e-05
9.918e-06,2.96e-06,1.675e-05,9.96e-06,1.132e-05
9.92e-06,2.96e-06,1.677e-05,9.985e-06,1.134e-05
9.999e-06,3.18e-06,1.669e-05,1.011e-05,1.163e-05
9.959e-06,3.38e-06,1.633e-05,1.0045e-05,1.17e-05
9.879e-06,3.77e-06,1.585e-05,9.96e-06,1.158e-05
9.941e-06,3.96e-06,1.581e-05,1.005e-05,1.159e-05
9.974e-06,4.29e-06,1.589e-05,9.895e-06,1.177e-05
1.0035e-05,3.94e-06,1.624e-05,9.83e-06,1.212e-05
9.891e-06,3.62e-06,1.63e-05,9.775e-06,1.226e-05
9.909e-06,3.5e-06,1.645e-05,9.835e-06,1.226e-05
9.959e-06,3.54e-06,1.63e-05,9.86e-06,1.243e-05
1.0005e-05,3.55e-06,1.664e-05,9.9e-06,1.274e-05
9.921e-06,3.27e-06,1.663e-05,9.89e-06,1.274e-05
9.929e-06,3.17e-06,1.675e-05,9.85e-06,1.272e-05
9.989e-06,2.97e-06,1.711e-05,9.855e-06,1.319e-05
9.921e-06,2.66e-06,1.721e-05,9.88e-06,1.321e-05
9.943e-06,3.02e-06,1.736e-05,9.725e-06,1.343e-05
9.889e-06,3.12e-06,1.689e-05,9.77e-06,1.347e-05
9.924e-06,3.08e-06,1.69e-05,9.835e-06,1.379e-05
9.958e-06,3.13e-06,1.699e-05,9.865e-06,1.38e-05
9.904e-06,2.87e-06,1.706e-05,9.845e-06,1.359e-05
1.0044e-05,2.64e-06,1.758e-05,9.97e-06,1.438e-05
1.0042e-05,2.06e-06,1.809e-05,9.895e-06,1.496e-05
9.972e-06,1.63e-06,1.813e-05,9.97e-06,1.494e-05
9.994e-06,1.4e-06,1.882e-05,9.93e-06,1.489e-05
9.996e-06,1.05e-06,1.894e-05,1.0025e-05,1.484e-05
9.929e-06,1.07e-06,1.882e-05,9.885e-06,1.479e-05
9.944e-06,1.65e-06,1.849e-05,9.78e-06,1.473e-05
9.889e-06,1.6e-06,1.831e-05,9.81e-06,1.45e-05
1e-05,1.4e-06,1.875e-05,9.86e-06,1.462e-05
1.0458e-05,9.5e-07,1.96e-05,1.0355e-05,1.557e-05
1.0056e-05,1.26e-06,1.883e-05,9.955e-06,1.517e-05
9.967e-06,1.45e-06,1.863e-05,9.915e-06,1.509e-05
9.902e-06,1.32e-06,1.856e-05,9.78e-06,1.5e-05
9.924e-06,1.82e-06,1.828e-05,9.82e-06,1.497e-05
1.0009e-05,1.42e-06,1.869e-05,9.865e-06,1.49e-05
9.913e-06,1.06e-06,1.88e-05,9.84e-06,1.466e-05
9.919e-06,1.22e-06,1.876e-05,9.89e-06,1.458e-05
9.96e-06,1.24e-06,1.879e-05,9.855e-06,1.473e-05
9.886e-06,1.05e-06,1.881e-05,9.84e-06,1.478e-05
9.963e-06,1.08e-06,1.903e-05,9.83e-06,1.483e-05
1.0035e-05,1.05e-06,1.909e-05,1.0045e-05,1.484e-05
1.0291e-05,1.27e-06,2.024e-05,1.0015e-05,1.493e-05
9.98e-06,1.18e-06,1.89e-05,9.775e-06,1.515e-05
9.999e-06,1.14e-06,1.862e-05,9.84e-06,1.53e-05
9.947e-06,2.07e-06,1.798e-05,9.815e-06,1.554e-05
9.975e-06,2.08e-06,1.787e-05,9.92e-06,1.586e-05
9.936e-06,2.25e-06,1.763e-05,9.81e-06,1.587e-05
9.976e-06,2.34e-06,1.784e-05,9.935e-06,1.577e-05
9.999e-06,2.46e-06,1.753e-05,9.89e-06,1.59e-05
9.927e-06,2.66e-06,1.733e-05,9.855e-06,1.613e-05
1.001e-05,2.84e-06,1.728e-05,9.88e-06,1.607e-05
9.89e-06,2.55e-06,1.716e-05,9.77e-06,1.564e-05
9.886e-06,2.77e-06,1.7e-05,9.83e-06,1.566e-05
1.0015e-05,3.04e-06,1.719e-05,9.905e-06,1.606e-05
9.902e-06,3.04e-06,1.671e-05,9.845e-06,1.603e-05
9.902e-06,3.13e-06,1.682e-05,9.85e-06,1.606e-05
9.886e-06,2.9e-06,1.698e-05,9.845e-06,1.637e-05
9.877e-06,3.04e-06,1.68e-05,9.76e-06,1.644e-05
1.0005e-05,3.6e-06,1.675e-05,9.805e-06,1.657e-05
9.852e-06,3.31e-06,1.641e-05,9.88e-06,1.632e-05
9.926e-06,3.35e-06,1.667e-05,9.93e-06,1.667e-05
1.0184e-05,2.96e-06,1.724e-05,1.019e-05,1.724e-05
9.899e-06,2.39e-06,1.749e-05,9.825e-06,1.749e-05
1.0036e-05,2.11e-06,1.802e-05,1.0075e-05,1.802e-05
9.918e-06,1.92e-06,1.811e-05,9.91e-06,1.811e-05
9.88e-06,1.69e-06,1.82e-05,9.865e-06,1.82e-05
9.927e-06,1.9e-06,1.833e-05,9.885e-06,1.833e-05
9.918e-06,1.8e-06,1.814e-05,9.865e-06,1.814e-05
9.917e-06,2.11e-06,1.804e-05,9.79e-06,1.804e-05
9.984e-06,1.8e-06,1.836e-05,9.96e-06,1.836e-05
9.921e-06,1.51e-06,1.849e-05,9.905e-06,1.849e-05
9.939e-06,1.23e-06,1.855e-05,9.87e-06,1.855e-05
9.916e-06,1.27e-06,1.864e-05,9.895e-06,1.864e-05
9.937e-06,1.54e-06,1.834e-05,9.895e-06,1.834e-05
1e-05,1.56e-06,1.862e-05,9.875e-06,1.862e-05
9.935e-06,1.09e-06,1.86e-05,9.93e-06,1.86e-05
9.862e-06,1.25e-06,1.871e-05,9.85e-06,1.871e-05
1.0049e-05,1.1e-06,1.918e-05,1.003e-05,1.918e-05
9.901e-06,9.4e-07,1.901e-05,9.82e-06,1.901e-05
9.939e-06,9.8e-07,1.894e-05,9.84e-06,1.894e-05
1.0042e-05,1.25e-06,1.905e-05,9.925e-06,1.905e-05
1.0001e-05,9.3e-07,1.91e-05,1.001e-05,1.91e-05
1.0008e-05,1.62e-06,1.871e-05,9.84e-06,1.871e-05
9.9e-06,1.58e-06,1.845e-05,9.85e-06,1.845e-05
9.916e-06,1.79e-06,1.833e-05,9.835e-06,1.833e-05
1.0011e-05,1.46e-06,1.869e-05,1.0025e-05,1.869e-05
9.929e-06,9.8e-07,1.886e-05,1.0025e-05,1.886e-05
9.956e-06,1.16e-06,1.898e-05,1.001e-05,1.898e-05
9.904e-06,1.47e-06,1.858e-05,9.855e-06,1.858e-05
9.99e-06,1.44e-06,1.863e-05,9.94e-06,1.863e-05
1.0049e-05,1.69e-06,1.873e-05,9.915e-06,1.873e-05
1.0049e-05,1.63e-06,1.879e-05,1.0095e-05,1.879e-05
9.946e-06,1.43e-06,1.856e-05,9.845e-06,1.856e-05
9.991e-06,1.04e-06,1.901e-05,9.98e-06,1.901e-05
1.0058e-05,4.62e-06,1.583e-05,1.007e-05,1.583e-05
1.008e-05,4.35e-06,1.598e-05,1.0045e-05,1.598e-05
1.014e-05,4.07e-06,1.625e-05,1.009e-05,1.625e-05
1.006e-05,3.8e-06,1.647e-05,9.98e-06,1.647e-05
1.0051e-05,3.95e-06,1.654e-05,1.0015e-05,1.654e-05
1.0088e-05,3.84e-06,1.642e-05,1.002e-05,1.642e-05
1.0208e-05,3.74e-06,1.664e-05,1.0125e-05,1.664e-05
1.0388e-05,3.23e-06,1.715e-05,1.0305e-05,1.715e-05
1.0071e-05,3.24e-06,1.689e-05,1.0065e-05,1.689e-05
1.0144e-05,3.26e-06,1.703e-05,1.006e-05,1.703e-05
9.994e-06,2.95e-06,1.715e-05,1.0015e-05,1.715e-05
1.0086e-05,2.74e-06,1.74e-05,1.0005e-05,1.74e-05
1.0194e-05,2.6e-06,1.792e-05,1.023e-05,1.792e-05
1.0103e-05,2.02e-06,1.821e-05,1.007e-05,1.821e-05
1.0091e-05,2.03e-06,1.841e-05,1.0025e-05,1.841e-05
1.0236e-05,1.47e-06,1.862e-05,1.0215e-05,1.862e-05
1.011e-05,1.39e-06,1.899e-05,1.0135e-05,1.899e-05
1.019e-05,1.33e-06,1.895e-05,1.017e-05,1.895e-05
1.0011e-05,1.54e-06,1.875e-05,9.975e-06,1.875e-05
1.0014e-05,1.59e-06,1.867e-05,9.965e-06,1.867e-05
1.0105e-05,1.67e-06,1.874e-05,1.015e-05,1.874e-05
1.0073e-05,1.34e-06,1.877e-05,1.003e-05,1.877e-05
1.0049e-05,1.33e-06,1.894e-05,1.006e-05,1.894e-05
1.0175e-05,1.08e-06,1.92e-05,1.0035e-05,1.92e-05
1.0138e-05,1.16e-06,1.934e-05,1.01e-05,1.934e-05
1.0117e-05,1.35e-06,1.904e-05,9.99e-06,1.904e-05
1.2611e-05,2.04e-06,2.254e-05,1.1895e-05,2.254e-05
1.0105e-05,1.52e-06,1.859e-05,9.985e-06,1.859e-05
1.006e-05,1.72e-06,1.888e-05,1.008e-05,1.888e-05
1.0045e-05,1.4e-06,1.881e-05,9.93e-06,1.881e-05
1.0024e-05,1.35e-06,1.894e-05,1.0055e-05,1.894e-05
1.0064e-05,1.16e-06,1.896e-05,1.001e-05,1.896e-05
1.0066e-05,1.06e-06,1.919e-05,1.0065e-05,1.919e-05
1.0064e-05,1.32e-06,1.912e-05,1.01e-05,1.912e-05
1.0226e-05,1.02e-06,1.929e-05,1.007e-05,1.929e-05
1.0006e-05,1.42e-06,1.871e-05,9.97e-06,1.871e-05
1.0068e-05,1.43e-06,1.885e-05,1.011e-05,1.885e-05
1.0045e-05,1.2e-06,1.878e-05,9.93e-06,1.878e-05
1.003e-05,1.33e-06,1.887e-05,1.0105e-05,1.887e-05
1.0101e-05,1.42e-06,1.886e-05,1.0055e-05,1.886e-05
1.0034e-05,1.28e-06,1.891e-05,9.955e-06,1.891e-05
1.0059e-05,1.26e-06,1.914e-05,1.002e-05,1.914e-05
1.0531e-05,1.37e-06,1.967e-05,1.0435e-05,1.967e-05
1.0004e-05,1.38e-06,1.872e-05,1.006e-05,1.872e-05
1.0104e-05,1.38e-06,1.913e-05,1.01e-05,1.913e-05
9.999e-06,1.16e-06,1.899e-05,9.94e-06,1.899e-05
1.004e-05,1.06e-06,1.914e-05,1.0035e-05,1.914e-05
1.0198e-05,1.03e-06,1.944e-05,1.007e-05,1.944e-05
1.0017e-05,1.05e-06,1.917e-05,9.985e-06,1.917e-05
1.0095e-05,1.32e-06,1.874e-05,1e-05,1.874e-05
1.0134e-05,1.31e-06,1.874e-05,1.0085e-05,1.874e-05
1.0024e-05,1.49e-06,1.872e-05,1.0005e-05,1.872e-05
1.009e-05,1.77e-06,1.878e-05,1.0015e-05,1.878e-05
1.0205e-05,1.47e-06,1.854e-05,1.016e-05,1.854e-05
1.0063e-05,1.39e-06,1.895e-05,9.955e-06,1.895e-05
1.0385e-05,1.32e-06,1.94e-05,1.0445e-05,1.94e-05
1.0129e-05,1.34e-06,1.912e-05,9.86e-06,1.912e-05
1.0069e-05,1.09e-06,1.902e-05,1.0085e-05,1.902e-05
1.0103e-05,9.5e-07,1.935e-05,1.0055e-05,1.935e-05
1.0089e-05,1.12e-06,1.933e-05,1.0125e-05,1.933e-05
1.0135e-05,1.17e-06,1.94e-05,1.0185e-05,1.94e-05
1.003e-05,1.27e-06,1.887e-05,1.0035e-05,1.887e-05
1.0092e-05,1.08e-06,1.905e-05,1.005e-05,1.905e-05
1.0227e-05,9.3e-07,1.957e-05,1.0095e-05,1.957e-05
1.0115e-05,1.05e-06,1.922e-05,1.008e-05,1.922e-05
1.0226e-05,1.29e-06,1.935e-05,1.024e-05,1.935e-05
1.0127e-05,1.65e-06,1.892e-05,1.019e-05,1.892e-05
9.983e-06,1.27e-06,1.884e-05,9.945e-06,1.884e-05
1.016e-05,1.22e-06,1.917e-05,1.021e-05,1.917e-05
1.018e-05,1.12e-06,1.925e-05,1.011e-05,1.925e-05
1.0228e-05,1.15e-06,1.939e-05,1.012e-05,1.939e-05
1.0139e-05,9.4e-07,1.934e-05,1.01e-05,1.934e-05
1.0015e-05,1.24e-06,1.911e-05,9.93e-06,1.911e-05
1.0095e-05,1.35e-06,1.909e-05,1.0025e-05,1.909e-05
1.0104e-05,9.7e-07,1.923e-05,1.0095e-05,1.923e-05
1.0049e-05,1.04e-06,1.926e-05,1.0025e-05,1.926e-05
1.0134e-05,1.05e-06,1.939e-05,1.0005e-05,1.939e-05
1.007e-05,1.18e-06,1.889e-05,9.97e-06,1.889e-05
1e-05,1.39e-06,1.887e-05,9.95e-06,1.887e-05
1.0171e-05,1.23e-06,1.906e-05,1.0165e-05,1.906e-05
9.982e-06,1.47e-06,1.865e-05,9.945e-06,1.865e-05
1.0026e-05,1.4e-06,1.88e-05,9.98e-06,1.88e-05
1.0214e-05,9.3e-07,1.95e-05,1.015e-05,1.95e-05
1.6726e-05,1.05e-06,4.148e-05,1.2685e-05,1.907e-05
1.0109e-05,1.42e-06,1.844e-05,1.003e-05,1.46e-05
1.0066e-05,2.44e-06,1.795e-05,9.9e-06,1.434e-05
1.0055e-05,2.74e-06,1.734e-05,9.9e-06,1.429e-05
1.0001e-05,2.88e-06,1.721e-05,9.955e-06,1.434e-05
1.0129e-05,3.29e-06,1.727e-05,9.96e-06,1.481e-05
1.004e-05,3.16e-06,1.69e-05,9.945e-06,1.486e-05
1.0105e-05,3.16e-06,1.686e-05,1.0175e-05,1.525e-05
1.0137e-05,4.07e-06,1.647e-05,1.0085e-05,1.562e-05
1.0161e-05,4.43e-06,1.614e-05,1.0105e-05,1.614e-05
1.0089e-05,4.25e-06,1.598e-05,1.031e-05,1.586e-05
1.005e-05,4.22e-06,1.608e-05,9.965e-06,1.594e-05
1.0163e-05,3.87e-06,1.663e-05,1.0145e-05,1.663e-05
1.0097e-05,3.34e-06,1.706e-05,1.001e-05,1.706e-05
1.0236e-05,2.79e-06,1.747e-05,1.021e-05,1.747e-05
1.0021e-05,2.53e-06,1.768e-05,1.0065e-05,1.768e-05
1.003e-05,2.07e-06,1.813e-05,1.001e-05,1.813e-05
1.0081e-05,2.03e-06,1.821e-05,1.013e-05,1.821e-05
1.0003e-05,1.77e-06,1.835e-05,1.0005e-05,1.835e-05
1.0014e-05,2.06e-06,1.814e-05,9.925e-06,1.814e-05
1.0134e-05,1.96e-06,1.828e-05,1.003e-05,1.828e-05
1.007e-05,1.7e-06,1.846e-05,1.0015e-05,1.846e-05
1.0174e-05,1.83e-06,1.869e-05,1.015e-05,1.869e-05
9.991e-06,1.35e-06,1.866e-05,1e-05,1.866e-05
1.0007e-05,1.28e-06,1.884e-05,9.91e-06,1.884e-05
1.01e-05,1.26e-06,1.909e-05,1.0155e-05,1.909e-05
1.0005e-05,1.3e-06,1.884e-05,9.975e-06,1.884e-05
1.0096e-05,1.1e-06,1.922e-05,1.0025e-05,1.922e-05
1.0211e-05,9.3e-07,1.962e-05,1.0155e-05,1.962e-05
1.0081e-05,1.06e-06,1.929e-05,1.01e-05,1.929e-05
1.0155e-05,1.06e-06,1.935e-05,1.0115e-05,1.935e-05
9.998e-06,1.29e-06,1.883e-05,9.965e-06,1.883e-05
1.0001e-05,1.11e-06,1.881e-05,1.0015e-05,1.881e-05
9.99e-06,1.84e-06,1.85e-05,9.96e-06,1.85e-05
1.0219e-05,1.98e-06,1.861e-05,1.0265e-05,1.861e-05
1.0056e-05,1.81e-06,1.847e-05,1.01e-05,1.847e-05
1.0235e-05,1.88e-06,1.841e-05,1.018e-05,1.841e-05
1.0013e-05,1.66e-06,1.851e-05,1.002e-05,1.851e-05
1.0072e-05,1.53e-06,1.868e-05,1.001e-05,1.868e-05
1.0536e-05,1.12e-06,1.954e-05,1.0475e-05,1.954e-05
1.0096e-05,1.29e-06,1.893e-05,1.011e-05,1.893e-05
1.015e-05,1.31e-06,1.941e-05,1.0055e-05,1.941e-05
1.0373e-05,1.28e-06,1.931e-05,1.039e-05,1.931e-05
1.0056e-05,1.32e-06,1.898e-05,1.008e-05,1.898e-05
1.0024e-05,1.02e-06,1.915e-05,9.985e-06,1.915e-05
1.0177e-05,1.1e-06,1.93e-05,1.01e-05,1.93e-05
1.0125e-05,1.32e-06,1.914e-05,1.015e-05,1.914e-05
1.0014e-05,1.1e-06,1.912e-05,1.003e-05,1.912e-05
1.0069e-05,1.1e-06,1.909e-05,9.97e-06,1.909e-05
1.017e-05,1.02e-06,1.942e-05,1.015e-05,1.942e-05
1.0036e-05,1e-06,1.924e-05,1.0025e-05,1.924e-05
1.0372e-05,1e-06,1.909e-05,9.94e-06,1.909e-05
1.008e-05,3.54e-06,1.67e-05,1e-05,1.67e-05
9.997e-06,3.57e-06,1.661e-05,9.91e-06,1.661e-05
9.97e-06,3.69e-06,1.652e-05,9.9e-06,1.652e-05
1.0159e-05,3.34e-06,1.692e-05,1.0145e-05,1.692e-05
1.0174e-05,3.15e-06,1.73e-05,1.023e-05,1.73e-05
1.0079e-05,2.71e-06,1.761e-05,1.005e-05,1.761e-05
1.0106e-05,2.62e-06,1.754e-05,1.01e-05,1.754e-05
1.0023e-05,2.51e-06,1.77e-05,9.965e-06,1.77e-05
1.0211e-05,2.22e-06,1.826e-05,1.002e-05,1.826e-05
1.0111e-05,1.72e-06,1.849e-05,1.011e-05,1.849e-05
1.0251e-05,1.47e-06,1.878e-05,1.0135e-05,1.878e-05
1.0015e-05,1.25e-06,1.897e-05,9.995e-06,1.897e-05
1.0024e-05,1.19e-06,1.904e-05,1e-05,1.904e-05
1.0104e-05,1.41e-06,1.894e-05,1.0125e-05,1.894e-05
1.01e-05,1.26e-06,1.888e-05,1.0075e-05,1.888e-05
1.0135e-05,1.13e-06,1.912e-05,1.01e-05,1.912e-05
1.0498e-05,9.5e-07,2.005e-05,1.0525e-05,2.005e-05
1.0192e-05,1.05e-06,1.94e-05,1.0185e-05,1.94e-05
1.0279e-05,1.26e-06,1.953e-05,1.0275e-05,1.953e-05
1.0103e-05,1.08e-06,1.926e-05,1.01e-05,1.926e-05
1.0232e-05,1.02e-06,1.94e-05,1.017e-05,1.94e-05
1.0237e-05,1.24e-06,1.948e-05,1.029e-05,1.948e-05
1.0026e-05,1.11e-06,1.907e-05,9.935e-06,1.907e-05
1.0016e-05,1.45e-06,1.907e-05,9.86e-06,1.907e-05
1.0119e-05,1.34e-06,1.898e-05,9.99e-06,1.898e-05
1.0054e-05,1.69e-06,1.848e-05,1.0065e-05,1.848e-05
1.0194e-05,1.98e-06,1.84e-05,1.0115e-05,1.84e-05
1.0161e-05,1.76e-06,1.854e-05,1.0155e-05,1.854e-05
1.0096e-05,1.68e-06,1.854e-05,1.0035e-05,1.854e-05
1.0434e-05,2.38e-06,1.874e-05,1.0105e-05,1.874e-05
1.0021e-05,2.66e-06,1.751e-05,9.915e-06,1.751e-05
1.0082e-05,2.43e-06,1.783e-05,1.005e-05,1.783e-05
1.0138e-05,2.07e-06,1.811e-05,1.0065e-05,1.811e-05
1.0088e-05,1.97e-06,1.835e-05,1.005e-05,1.835e-05
1.0094e-05,1.82e-06,1.847e-05,1e-05,1.847e-05
1.0097e-05,1.58e-06,1.869e-05,1.011e-05,1.869e-05
1.0169e-05,1.36e-06,1.915e-05,1.018e-05,1.915e-05
1.0146e-05,1.19e-06,1.937e-05,1.0175e-05,1.937e-05
1.0379e-05,9.7e-07,1.991e-05,1.0285e-05,1.991e-05
1.0179e-05,1.13e-06,1.963e-05,1.0125e-05,1.963e-05
1.0091e-05,9.6e-07,1.922e-05,9.985e-06,1.922e-05
1.0024e-05,1.52e-06,1.866e-05,1.008e-05,1.866e-05
1.0056e-05,1.48e-06,1.894e-05,9.905e-06,1.894e-05
1.0035e-05,1.29e-06,1.901e-05,9.98e-06,1.901e-05
1.0091e-05,1.93e-06,1.864e-05,1.008e-05,1.864e-05
1.0066e-05,1.9e-06,1.853e-05,1.0085e-05,1.853e-05
1.0029e-05,1.85e-06,1.829e-05,9.97e-06,1.829e-05
1.0125e-05,1.63e-06,1.865e-05,1.011e-05,1.865e-05
1.0176e-05,1.52e-06,1.882e-05,1.0085e-05,1.882e-05
1.0004e-05,1.63e-06,1.868e-05,9.99e-06,1.868e-05
1.0246e-05,1.34e-06,1.883e-05,1.0195e-05,1.883e-05
1.0121e-05,1.62e-06,1.887e-05,1.0245e-05,1.887e-05
1.0065e-05,1.96e-06,1.867e-05,1.0045e-05,1.867e-05
1.0146e-05,1.71e-06,1.877e-05,1.009e-05,1.877e-05
1.0059e-05,1.5e-06,1.858e-05,1.019e-05,1.858e-05
1.0132e-05,1.69e-06,1.88e-05,1.0005e-05,1.88e-05
1.001e-05,1.26e-06,1.889e-05,9.885e-06,1.889e-05
1.0076e-05,1.19e-06,1.912e-05,1.002e-05,1.912e-05
1.0115e-05,1.09e-06,1.942e-05,1.0005e-05,1.942e-05
1.0074e-05,1.08e-06,1.925e-05,9.995e-06,1.925e-05
1.0043e-05,9.2e-07,1.921e-05,1e-05,1.921e-05
1.0125e-05,1.38e-06,1.928e-05,1.007e-05,1.928e-05
1.0081e-05,1.29e-06,1.891e-05,1.004e-05,1.891e-05
1.0075e-05,1.22e-06,1.915e-05,9.975e-06,1.915e-05
1.0245e-05,1e-06,1.936e-05,1.017e-05,1.936e-05
1.0164e-05,9.9e-07,1.933e-05,1.004e-05,1.933e-05
1.013e-05,1.38e-06,1.919e-05,1.001e-05,1.919e-05
1.0014e-05,1.43e-06,1.897e-05,9.975e-06,1.897e-05
1.005e-05,1.25e-06,1.902e-05,9.955e-06,1.902e-05
1.0085e-05,1.36e-06,1.923e-05,1.0125e-05,1.923e-05
1.01e-05,1.28e-06,1.917e-05,1.001e-05,1.917e-05
9.96e-06,1.27e-06,1.902e-05,9.93e-06,1.902e-05
1.012e-05,1.17e-06,1.931e-05,1.0075e-05,1.931e-05
1.0095e-05,1.29e-06,1.909e-05,9.975e-06,1.909e-05
1.0115e-05,1.27e-06,1.909e-05,1.0115e-05,1.909e-05
1.0801e-05,1.09e-06,1.926e-05,1.0915e-05,1.926e-05
1.0211e-05,7.13e-06,1.344e-05,1.0135e-05,1.344e-05
1.0229e-05,6.87e-06,1.36e-05,1.0225e-05,1.36e-05
1.027e-05,6.05e-06,1.431e-05,1.028e-05,1.346e-05
1.0077e-05,6.39e-06,1.372e-05,1.005e-05,1.359e-05
1.015e-05,6.48e-06,1.393e-05,1.013e-05,1.393e-05
1.013e-05,6.74e-06,1.374e-05,9.9e-06,1.373e-05
1.0258e-05,6.73e-06,1.406e-05,1.018e-05,1.406e-05
9.97e-06,6.27e-06,1.371e-05,9.915e-06,1.368e-05
1.0152e-05,6.23e-06,1.412e-05,1.0135e-05,1.412e-05
1.0349e-05,6.37e-06,1.404e-05,1.1025e-05,1.391e-05
1.0183e-05,6.4e-06,1.408e-05,1.0175e-05,1.408e-05
1.009e-05,6.48e-06,1.388e-05,1.0085e-05,1.388e-05
1.0152e-05,6.64e-06,1.392e-05,9.99e-06,1.392e-05
1.0129e-05,6.52e-06,1.385e-05,1.0075e-05,1.385e-05
1.0125e-05,6.24e-06,1.407e-05,9.94e-06,1.363e-05
1.0101e-05,6.4e-06,1.376e-05,9.915e-06,1.362e-05
1.0155e-05,6.66e-06,1.376e-05,9.96e-06,1.352e-05
1.0134e-05,6.78e-06,1.35e-05,1.0035e-05,1.35e-05
1.0316e-05,6.79e-06,1.384e-05,1.021e-05,1.38e-05
1.0116e-05,6.69e-06,1.369e-05,9.99e-06,1.365e-05
1.0341e-05,6.36e-06,1.435e-05,1.0285e-05,1.435e-05
1.0207e-05,5.87e-06,1.482e-05,1.0165e-05,1.482e-05
1.01e-05,5.52e-06,1.481e-05,9.94e-06,1.457e-05
1.013e-05,5.44e-06,1.48e-05,1.007e-05,1.48e-05
1.0285e-05,5.76e-06,1.488e-05,1.0095e-05,1.485e-05
1.0131e-05,5.54e-06,1.463e-05,1.0205e-05,1.455e-05
1.0194e-05,5.53e-06,1.495e-05,1.02e-05,1.495e-05
1.0156e-05,5.33e-06,1.514e-05,1.0155e-05,1.514e-05
1.0523e-05,4.98e-06,1.587e-05,1.031e-05,1.587e-05
1.0073e-05,4.56e-06,1.576e-05,1.004e-05,1.576e-05
1.0149e-05,4.74e-06,1.581e-05,9.995e-06,1.581e-05
1.0158e-05,4.44e-06,1.583e-05,1.0115e-05,1.583e-05
1.0196e-05,4.14e-06,1.615e-05,1.0095e-05,1.615e-05
1.0101e-05,4.07e-06,1.642e-05,1.017e-05,1.642e-05
1.0025e-05,3.85e-06,1.632e-05,9.965e-06,1.632e-05
1.0099e-05,3.79e-06,1.644e-05,1.0035e-05,1.644e-05
1.016e-05,3.7e-06,1.654e-05,1.013e-05,1.654e-05
1.0017e-05,3.66e-06,1.643e-05,1.006e-05,1.643e-05
1.0208e-05,3.56e-06,1.675e-05,1.012e-05,1.675e-05
1.0134e-05,3.39e-06,1.697e-05,1.012e-05,1.697e-05
1.0114e-05,2.99e-06,1.722e-05,1.009e-05,1.722e-05
1.0155e-05,3e-06,1.753e-05,1.0055e-05,1.753e-05
1.0053e-05,2.49e-06,1.762e-05,1e-05,1.762e-05
1.0244e-05,2.58e-06,1.814e-05,1.019e-05,1.814e-05
1.0236e-05,2.04e-06,1.838e-05,1.012e-05,1.838e-05
1.0024e-05,1.6e-06,1.865e-05,1.001e-05,1.865e-05
1.002e-05,1.83e-06,1.852e-05,9.95e-06,1.852e-05
1.0131e-05,1.72e-06,1.879e-05,1.007e-05,1.879e-05
1.0011e-05,1.38e-06,1.902e-05,9.935e-06,1.902e-05
1.0128e-05,1.14e-06,1.936e-05,1.0145e-05,1.936e-05
1.0329e-05,9.9e-07,1.962e-05,1.0215e-05,1.962e-05
1.0481e-05,1.09e-06,2.025e-05,1.042e-05,2.025e-05
1.0044e-05,1.06e-06,1.903e-05,9.95e-06,1.903e-05
9.99e-06,1.22e-06,1.9e-05,9.92e-06,1.9e-05
1.0064e-05,1.05e-06,1.916e-05,1.0035e-05,1.916e-05
1.0059e-05,1.11e-06,1.925e-05,1.006e-05,1.925e-05
1.0087e-05,1.42e-06,1.916e-05,1.0045e-05,1.916e-05
1.0172e-05,1.16e-06,1.937e-05,1.017e-05,1.937e-05
1.0044e-05,1.23e-06,1.909e-05,9.98e-06,1.909e-05
1.014e-05,1.02e-06,1.932e-05,1.008e-05,1.932e-05
1.0435e-05,1.44e-06,1.939e-05,1.0355e-05,1.939e-05
1.0119e-05,1.7e-06,1.874e-05,1.0105e-05,1.874e-05
1.008e-05,2.01e-06,1.841e-05,1.0045e-05,1.841e-05
1.0099e-05,1.78e-06,1.85e-05,1.0055e-05,1.85e-05
1.0059e-05,2.47e-06,1.809e-05,9.98e-06,1.809e-05
1.0053e-05,2.98e-06,1.756e-05,1.009e-05,1.756e-05
1.0118e-05,2.93e-06,1.745e-05,1.001e-05,1.745e-05
1.0079e-05,2.76e-06,1.743e-05,1.0025e-05,1.743e-05
1.0335e-05,2.47e-06,1.793e-05,1.025e-05,1.793e-05
1.0195e-05,2.3e-06,1.838e-05,1.025e-05,1.838e-05
1.0137e-05,1.91e-06,1.831e-05,1.0145e-05,1.831e-05
9.975e-06,1.88e-06,1.827e-05,9.92e-06,1.827e-05
1.0025e-05,2.1e-06,1.823e-05,9.99e-06,1.823e-05
1.0202e-05,2.48e-06,1.832e-05,1.02e-05,1.832e-05
1.0156e-05,2.22e-06,1.81e-05,1.015e-05,1.81e-05
1.0153e-05,2.26e-06,1.829e-05,1.014e-05,1.829e-05
1.014e-05,1.88e-06,1.822e-05,1.0045e-05,1.822e-05
1.0044e-05,1.91e-06,1.829e-05,1.0005e-05,1.829e-05
1.0066e-05,1.81e-06,1.835e-05,1.001e-05,1.835e-05
1.004e-05,1.55e-06,1.852e-05,1.0025e-05,1.852e-05
1.0023e-05,1.51e-06,1.895e-05,9.945e-06,1.895e-05
1.0119e-05,1.55e-06,1.896e-05,1.018e-05,1.896e-05
1.0047e-05,1.36e-06,1.877e-05,9.975e-06,1.877e-05
9.98e-06,1.42e-06,1.864e-05,9.93e-06,1.864e-05
1.0096e-05,1.23e-06,1.888e-05,1.0065e-05,1.888e-05
1.0286e-05,1.57e-06,1.884e-05,1.022e-05,1.884e-05
1.0141e-05,1.45e-06,1.868e-05,1e-05,1.868e-05
1.0104e-05,1.64e-06,1.87e-05,1.0045e-05,1.87e-05
1.0041e-05,1.55e-06,1.852e-05,9.975e-06,1.852e-05
1.0033e-05,1.29e-06,1.899e-05,1.004e-05,1.899e-05
1.0151e-05,1.32e-06,1.881e-05,1.0055e-05,1.881e-05
1.0161e-05,1.38e-06,1.914e-05,1.009e-05,1.914e-05
1.0137e-05,9.7e-07,1.914e-05,1.004e-05,1.914e-05
1.0094e-05,1.22e-06,1.932e-05,1.0125e-05,1.932e-05
1.0158e-05,9.6e-07,1.939e-05,1.0095e-05,1.939e-05
1.0089e-05,1.06e-06,1.933e-05,1.0155e-05,1.933e-05
1.0091e-05,1.28e-06,1.915e-05,1.005e-05,1.915e-05
1.0163e-05,1.05e-06,1.94e-05,1.0145e-05,1.94e-05
1.0114e-05,1.22e-06,1.925e-05,9.95e-06,1.925e-05
1.0048e-05,1.35e-06,1.9e-05,9.95e-06,1.9e-05
1.0128e-05,1.21e-06,1.916e-05,9.995e-06,1.916e-05
1.0087e-05,1.04e-06,1.913e-05,9.92e-06,1.913e-05
1.0216e-05,1.3e-06,1.9e-05,1.02e-05,1.9e-05
1.0096e-05,1.52e-06,1.869e-05,1.004e-05,1.869e-05
1.0082e-05,2.03e-06,1.85e-05,1.004e-05,1.85e-05
1.0085e-05,2.07e-06,1.836e-05,1.008e-05,1.836e-05
1.0078e-05,1.82e-06,1.859e-05,1.003e-05,1.859e-05
1.3182e-05,1.2e-06,2.295e-05,1.191e-05,2.295e-05
1.0231e-05,1.12e-06,1.928e-05,1.0185e-05,1.928e-05
1.0084e-05,1.12e-06,1.901e-05,1.009e-05,1.901e-05
1.0023e-05,1.23e-06,1.911e-05,9.93e-06,1.911e-05
1.0014e-05,1.13e-06,1.906e-05,1.0045e-05,1.906e-05
1.0011e-05,1e-06,1.917e-05,9.935e-06,1.917e-05
1.0015e-05,1.2e-06,1.896e-05,1.0105e-05,1.896e-05
1.0214e-05,1.02e-06,1.941e-05,1.022e-05,1.941e-05
9.962e-06,1.12e-06,1.893e-05,9.94e-06,1.893e-05
1.0161e-05,9.6e-07,1.955e-05,1.013e-05,1.955e-05
1.0004e-05,1.22e-06,1.899e-05,9.93e-06,1.899e-05
1.0075e-05,1.64e-06,1.855e-05,1.005e-05,1.855e-05
9.97e-06,1.53e-06,1.867e-05,9.935e-06,1.867e-05
1.0013e-05,1.9e-06,1.85e-05,1e-05,1.85e-05
1.0079e-05,1.78e-06,1.874e-05,1.003e-05,1.874e-05
1.0046e-05,1.82e-06,1.851e-05,9.92e-06,1.851e-05
1.0059e-05,2.14e-06,1.828e-05,9.955e-06,1.828e-05
1.0189e-05,2.29e-06,1.815e-05,9.995e-06,1.815e-05
9.998e-06,2.27e-06,1.792e-05,9.95e-06,1.792e-05
1.0072e-05,2.2e-06,1.794e-05,9.98e-06,1.794e-05
1.0225e-05,2.17e-06,1.83e-05,1.0255e-05,1.83e-05
1.0019e-05,2.04e-06,1.806e-05,1.005e-05,1.806e-05
1.0087e-05,2.08e-06,1.835e-05,1.0125e-05,1.835e-05
1.007e-05,1.84e-06,1.829e-05,1.0005e-05,1.829e-05
1.0044e-05,1.72e-06,1.862e-05,9.935e-06,1.862e-05
1.0292e-05,1.55e-06,1.901e-05,1.0145e-05,1.901e-05
1.007e-05,1.3e-06,1.906e-05,1.0055e-05,1.906e-05
1.0079e-05,1.15e-06,1.921e-05,1.008e-05,1.921e-05
1.0074e-05,1.44e-06,1.915e-05,1.01e-05,1.915e-05
1.0107e-05,1.27e-06,1.906e-05,1.001e-05,1.906e-05
1.0019e-05,1.25e-06,1.91e-05,1.011e-05,1.91e-05
1.0077e-05,1.02e-06,1.906e-05,1.002e-05,1.906e-05
1.0164e-05,1.06e-06,1.928e-05,1.012e-05,1.928e-05
1.0252e-05,1.16e-06,1.924e-05,1.012e-05,1.924e-05
1.0078e-05,1.45e-06,1.892e-05,1.0065e-05,1.892e-05
1.0019e-05,1.18e-06,1.901e-05,1.002e-05,1.901e-05
1.001e-05,1.23e-06,1.894e-05,9.955e-06,1.894e-05
1.013e-05,1.41e-06,1.895e-05,9.97e-06,1.895e-05
1.0161e-05,1.15e-06,1.938e-05,1.0195e-05,1.938e-05
1.0009e-05,1.14e-06,1.899e-05,9.975e-06,1.899e-05
1.0054e-05,1.17e-06,1.91e-05,9.96e-06,1.91e-05
1.009e-05,1.25e-06,1.915e-05,1.0035e-05,1.915e-05
1.006e-05,1.25e-06,1.907e-05,1.0105e-05,1.907e-05
1.0071e-05,1.16e-06,1.9e-05,1.018e-05,1.9e-05
1.0135e-05,1.37e-06,1.909e-05,1.0045e-05,1.909e-05
1.0019e-05,1.29e-06,1.886e-05,1.0115e-05,1.886e-05
1.0144e-05,1.33e-06,1.918e-05,1.01e-05,1.918e-05
1.0024e-05,1.57e-06,1.876e-05,9.88e-06,1.876e-05
1.0067e-05,1.31e-06,1.895e-05,9.98e-06,1.895e-05
1.0057e-05,9.9e-07,1.924e-05,9.93e-06,1.924e-05
1.0115e-05,1.02e-06,1.914e-05,9.995e-06,1.914e-05
1.0079e-05,1.24e-06,1.905e-05,9.95e-06,1.905e-05
1.0067e-05,1.02e-06,1.942e-05,1.002e-05,1.942e-05
1.0221e-05,1.02e-06,1.954e-05,1.022e-05,1.954e-05
1.0298e-05,1.46e-06,1.937e-05,1.0335e-05,1.937e-05
9.915e-06,1.22e-06,1.875e-05,9.845e-06,1.875e-05
1.0072e-05,1.16e-06,1.931e-05,1.0005e-05,1.931e-05
1.0394e-05,9.7e-07,1.976e-05,1.025e-05,1.976e-05
1.0375e-05,8.8e-07,1.987e-05,1.0315e-05,1.987e-05
1.008e-05,1.03e-06,1.945e-05,1e-05,1.945e-05
1.0089e-05,1.09e-06,1.916e-05,1.0185e-05,1.916e-05
1.0079e-05,1.66e-06,1.89e-05,1.0055e-05,1.89e-05
1.0266e-05,1.25e-06,1.927e-05,1.034e-05,1.927e-05
1.0138e-05,9.5e-07,1.932e-05,1.007e-05,1.932e-05
1.0131e-05,1.34e-06,1.927e-05,1.0145e-05,1.927e-05
1.0261e-05,1.32e-06,1.914e-05,1.0095e-05,1.914e-05
1.0054e-05,1.34e-06,1.887e-05,1.014e-05,1.887e-05
1.0131e-05,1.22e-06,1.899e-05,1.0085e-05,1.899e-05
1.0159e-05,1.31e-06,1.906e-05,1.012e-05,1.906e-05
1.0001e-05,1.17e-06,1.911e-05,9.98e-06,1.911e-05
1.0035e-05,1.13e-06,1.931e-05,1.0085e-05,1.931e-05
1.0241e-05,9.8e-07,1.954e-05,1.021e-05,1.954e-05
1.0053e-05,1.04e-06,1.925e-05,1.002e-05,1.925e-05
1.0258e-05,9.2e-07,1.945e-05,1.0105e-05,1.945e-05
1.0021e-05,1.48e-06,1.895e-05,1.0045e-05,1.895e-05
1.0069e-05,1.46e-06,1.877e-05,9.99e-06,1.877e-05
1.0194e-05,1.7e-06,1.9e-05,1.017e-05,1.9e-05
1.0141e-05,1.12e-06,1.92e-05,1.0105e-05,1.92e-05
1.0193e-05,1.01e-06,1.955e-05,1.0125e-05,1.955e-05
9.997e-06,9.9e-07,1.913e-05,9.975e-06,1.913e-05
1.0141e-05,1.24e-06,1.944e-05,1.0135e-05,1.944e-05
1.0286e-05,1.18e-06,1.95e-05,1.0235e-05,1.95e-05
1.0012e-05,1.36e-06,1.888e-05,1.011e-05,1.888e-05
1.0044e-05,1.19e-06,1.893e-05,1.001e-05,1.893e-05
1.0147e-05,1.35e-06,1.915e-05,1.014e-05,1.915e-05
1.0252e-05,1.37e-06,1.915e-05,1.0255e-05,1.915e-05
1.02e-05,1.62e-06,1.906e-05,1.0235e-05,1.906e-05
1.0719e-05,4.57e-06,1.886e-05,1.0185e-05,1.886e-05
1.0266e-05,5.47e-06,1.485e-05,1.0235e-05,1.434e-05
1.023e-05,5.8e-06,1.457e-05,1.007e-05,1.45e-05
1.0313e-05,6.49e-06,1.431e-05,1.0055e-05,1.431e-05
1.0204e-05,6.25e-06,1.416e-05,1.0125e-05,1.379e-05
1.0084e-05,5.95e-06,1.405e-05,9.975e-06,1.405e-05
1.0219e-05,6.24e-06,1.435e-05,1.0195e-05,1.419e-05
1.0184e-05,5.81e-06,1.461e-05,1.0105e-05,1.461e-05
1.0173e-05,5.51e-06,1.471e-05,1.029e-05,1.46e-05
1.018e-05,5.45e-06,1.496e-05,1.008e-05,1.496e-05
1.0075e-05,5.2e-06,1.514e-05,1.0075e-05,1.514e-05
1.0058e-05,5.04e-06,1.519e-05,1e-05,1.519e-05
1.0156e-05,4.87e-06,1.554e-05,1.009e-05,1.554e-05
9.99e-06,4.79e-06,1.535e-05,1.0085e-05,1.535e-05
1.0027e-05,4.66e-06,1.551e-05,9.92e-06,1.551e-05
1.0065e-05,4.68e-06,1.582e-05,1.006e-05,1.582e-05
2.9634e-05,1.63e-06,5.123e-05,3.283e-05,1.63e-06
1.0403e-05,1.35e-06,1.918e-05,1.0525e-05,1.35e-06
1.0176e-05,1.59e-06,1.869e-05,1.024e-05,1.59e-06
1.0144e-05,1.5e-06,1.88e-05,1.021e-05,1.5e-06
1.0115e-05,1.55e-06,1.862e-05,1.0105e-05,1.55e-06
1.0055e-05,1.88e-06,1.833e-05,1.0145e-05,1.88e-06
1.0171e-05,1.92e-06,1.864e-05,1.016e-05,1.92e-06
1.0105e-05,1.87e-06,1.832e-05,1.0205e-05,1.87e-06
1.0042e-05,1.94e-06,1.828e-05,1.012e-05,1.94e-06
1.015e-05,1.41e-06,1.877e-05,1.019e-05,1.41e-06
1.0199e-05,1.56e-06,1.888e-05,1.021e-05,1.56e-06
1.0061e-05,1.56e-06,1.86e-05,1.015e-05,1.56e-06
1.0122e-05,1.66e-06,1.876e-05,1.0075e-05,1.66e-06
1.0154e-05,1.63e-06,1.881e-05,1.0195e-05,1.63e-06
1.0116e-05,1.78e-06,1.867e-05,1.024e-05,1.78e-06
1.0219e-05,1.39e-06,1.88e-05,1.031e-05,1.39e-06
1.0285e-05,1.24e-06,1.931e-05,1.0245e-05,1.24e-06
1.0178e-05,1.32e-06,1.91e-05,1.0195e-05,1.32e-06
1.0162e-05,1.73e-06,1.867e-05,1.0185e-05,1.73e-06
1.0136e-05,1.67e-06,1.862e-05,1.02e-05,1.67e-06
1.0212e-05,1.75e-06,1.868e-05,1.0105e-05,1.75e-06
1.0215e-05,1.97e-06,1.851e-05,1.0355e-05,1.97e-06
1.0156e-05,1.94e-06,1.831e-05,1.0135e-05,1.94e-06
1.0189e-05,2.78e-06,1.804e-05,1.011e-05,2.78e-06
1.0125e-05,2.86e-06,1.744e-05,1.005e-05,2.86e-06
1.014e-05,2.61e-06,1.772e-05,1.003e-05,2.61e-06
1.0126e-05,2.74e-06,1.754e-05,1.0175e-05,2.74e-06
1.013e-05,3.05e-06,1.716e-05,1.031e-05,3.05e-06
1.0044e-05,2.96e-06,1.706e-05,9.925e-06,2.96e-06
1.002e-05,3.27e-06,1.665e-05,1.0065e-05,3.27e-06
1.0051e-05,3.51e-06,1.676e-05,1e-05,3.51e-06
1.0109e-05,3.62e-06,1.693e-05,1.009e-05,3.62e-06
1.0051e-05,3.25e-06,1.682e-05,1.0055e-05,3.25e-06
1.0065e-05,3.21e-06,1.684e-05,1.007e-05,3.21e-06
1.0083e-05,3.61e-06,1.657e-05,1.0035e-05,3.61e-06
1.0073e-05,3.8e-06,1.645e-05,1.0075e-05,3.8e-06
1.013e-05,3.96e-06,1.635e-05,1.008e-05,3.96e-06
1.0102e-05,3.91e-06,1.613e-05,1.022e-05,3.91e-06
1.0065e-05,3.88e-06,1.611e-05,1.01e-05,3.88e-06
1.0094e-05,4.27e-06,1.585e-05,1.018e-05,4.27e-06
1.0052e-05,4.63e-06,1.556e-05,1.0055e-05,4.63e-06
1.0041e-05,4.51e-06,1.546e-05,1.005e-05,4.51e-06
1.005e-05,4.44e-06,1.554e-05,9.995e-06,4.44e-06
1.0047e-05,4.54e-06,1.555e-05,1.001e-05,4.54e-06
1.0107e-05,4.66e-06,1.555e-05,1.0095e-05,4.66e-06
1.007e-05,4.69e-06,1.572e-05,1.005e-05,4.69e-06
1.0126e-05,4.44e-06,1.577e-05,1.012e-05,4.44e-06
1.0105e-05,4.5e-06,1.573e-05,1.0185e-05,4.5e-06
1.0134e-05,4.59e-06,1.561e-05,1.0165e-05,4.59e-06
1.0139e-05,4.53e-06,1.572e-05,1.0135e-05,4.53e-06
1.0115e-05,4.44e-06,1.562e-05,1.008e-05,4.44e-06
1.011e-05,4.31e-06,1.61e-05,1.0125e-05,4.31e-06
1.0203e-05,3.88e-06,1.627e-05,1.0205e-05,3.88e-06
1.0039e-05,3.83e-06,1.651e-05,9.995e-06,3.83e-06
1.0129e-05,3.63e-06,1.654e-05,1.0095e-05,3.63e-06
1.0109e-05,3.65e-06,1.68e-05,1.0205e-05,3.65e-06
1.0067e-05,3.27e-06,1.686e-05,1e-05,3.27e-06
1.0175e-05,3.29e-06,1.703e-05,1.016e-05,3.29e-06
1.0261e-05,3.06e-06,1.72e-05,1.0315e-05,3.06e-06
1.015e-05,3.22e-06,1.71e-05,1.033e-05,3.22e-06
1.011e-05,3.43e-06,1.68e-05,1.0135e-05,3.43e-06
1.0051e-05,3.29e-06,1.693e-05,1.0015e-05,3.29e-06
1.0098e-05,3.13e-06,1.698e-05,1.0135e-05,3.13e-06
1.015e-05,3.3e-06,1.709e-05,1.016e-05,3.3e-06
1.0256e-05,3.13e-06,1.72e-05,1.0335e-05,3.13e-06
1.0152e-05,3.11e-06,1.731e-05,1.021e-05,3.11e-06
1.0123e-05,2.88e-06,1.727e-05,1.0205e-05,2.88e-06
1.0176e-05,3.31e-06,1.706e-05,1.0225e-05,3.31e-06
1.0236e-05,3.2e-06,1.715e-05,1.0265e-05,3.2e-06
1.0099e-05,3.12e-06,1.709e-05,1.0205e-05,3.12e-06
1.0202e-05,2.95e-06,1.742e-05,1.029e-05,2.95e-06
1.0184e-05,2.92e-06,1.77e-05,1.0265e-05,2.92e-06
1.015e-05,2.56e-06,1.775e-05,1.0265e-05,2.56e-06
1.0107e-05,2.53e-06,1.778e-05,1.017e-05,2.53e-06
1.0245e-05,2.91e-06,1.727e-05,1.0295e-05,2.91e-06
1.0046e-05,3.07e-06,1.709e-05,9.95e-06,3.07e-06
1.0111e-05,3.31e-06,1.683e-05,1.0045e-05,3.31e-06
1.0111e-05,3.42e-06,1.673e-05,1.0135e-05,3.42e-06
1.0047e-05,3.58e-06,1.662e-05,1.016e-05,3.58e-06
1.0112e-05,3.89e-06,1.635e-05,1.014e-05,3.89e-06
1.0174e-05,3.76e-06,1.644e-05,1.019e-05,3.76e-06
1.008e-05,3.81e-06,1.62e-05,1.014e-05,3.81e-06
1.019e-05,4.09e-06,1.599e-05,1.025e-05,4.09e-06
1.0076e-05,4.18e-06,1.602e-05,1.004e-05,4.18e-06
1.0055e-05,4.18e-06,1.587e-05,1.0035e-05,4.18e-06
1.0131e-05,4.46e-06,1.579e-05,1.023e-05,4.46e-06
1.0057e-05,4.19e-06,1.568e-05,1.0135e-05,4.19e-06
1.0156e-05,4.32e-06,1.59e-05,1.0055e-05,4.32e-06
1.0264e-05,4.65e-06,1.591e-05,1.0195e-05,4.65e-06
1.0076e-05,4.82e-06,1.541e-05,1.007e-05,4.82e-06
1.0209e-05,4.88e-06,1.562e-05,1.016e-05,4.88e-06
1.0118e-05,4.77e-06,1.55e-05,9.99e-06,4.77e-06
9.985e-06,4.65e-06,1.53e-05,1.0025e-05,4.65e-06
1.0055e-05,4.59e-06,1.559e-05,1.0015e-05,4.59e-06
1.0077e-05,4.66e-06,1.553e-05,1.0025e-05,4.66e-06
1.0105e-05,4.78e-06,1.554e-05,9.985e-06,4.78e-06
1.0045e-05,4.68e-06,1.532e-05,1.008e-05,4.68e-06
1.01e-05,4.82e-06,1.53e-05,1.0185e-05,4.82e-06
1.0056e-05,5.05e-06,1.506e-05,1.0035e-05,5.05e-06
1.0047e-05,5.31e-06,1.483e-05,9.985e-06,5.31e-06
1.0064e-05,5.35e-06,1.469e-05,1.01e-05,5.35e-06
1.0038e-05,5.64e-06,1.456e-05,1.0145e-05,5.64e-06
9.999e-06,5.81e-06,1.422e-05,9.895e-06,5.81e-06
9.981e-06,5.88e-06,1.432e-05,9.935e-06,5.88e-06
1.006e-05,5.89e-06,1.415e-05,1.0055e-05,5.89e-06
1.0061e-05,5.97e-06,1.409e-05,1.0095e-05,5.97e-06
1.0189e-05,6e-06,1.422e-05,1.0365e-05,6e-06
1.0094e-05,6.03e-06,1.405e-05,1.008e-05,6.03e-06
1.012e-05,6.1e-06,1.429e-05,1.009e-05,6.1e-06
1.0074e-05,5.96e-06,1.42e-05,1.0045e-05,5.96e-06
1.0026e-05,6.07e-06,1.404e-05,1.0085e-05,6.07e-06
1.0143e-05,6.26e-06,1.409e-05,1.0135e-05,6.26e-06
1.005e-05,6.2e-06,1.395e-05,1.001e-05,6.2e-06
1.0148e-05,6.38e-06,1.376e-05,1.009e-05,6.38e-06
1.005e-05,6.43e-06,1.358e-05,1.0025e-05,6.43e-06
1.0031e-05,6.67e-06,1.334e-05,1.0075e-05,6.67e-06
9.988e-06,6.88e-06,1.302e-05,9.965e-06,6.88e-06
1.0085e-05,6.82e-06,1.341e-05,1.0075e-05,6.82e-06
1.008e-05,6.88e-06,1.317e-05,1.0045e-05,6.88e-06
1.0106e-05,7.09e-06,1.321e-05,1.014e-05,7.11e-06
1.0101e-05,6.92e-06,1.331e-05,1.0015e-05,6.92e-06
1.0093e-05,6.8e-06,1.345e-05,1.0115e-05,6.82e-06
1.0085e-05,6.69e-06,1.352e-05,1.006e-05,6.9e-06
1.002e-05,6.73e-06,1.333e-05,9.94e-06,6.73e-06
1.0101e-05,6.94e-06,1.321e-05,1.017e-05,6.94e-06
1.0044e-05,7.16e-06,1.319e-05,9.92e-06,7.27e-06
1.0019e-05,7.07e-06,1.295e-05,1.0015e-05,7.21e-06
1.0064e-05,7.25e-06,1.295e-05,9.93e-06,7.66e-06
1.003e-05,7.67e-06,1.243e-05,1.0135e-05,7.67e-06
1.0023e-05,7.78e-06,1.237e-05,1.004e-05,7.78e-06
1.0026e-05,7.63e-06,1.242e-05,1e-05,8.12e-06
1.0009e-05,7.58e-06,1.247e-05,9.995e-06,8.16e-06
9.977e-06,7.53e-06,1.236e-05,9.86e-06,8.76e-06
1.0019e-05,7.22e-06,1.261e-05,1.0035e-05,8.87e-06
1.005e-05,7.25e-06,1.288e-05,1.004e-05,8.88e-06
1.0076e-05,7.04e-06,1.311e-05,1.0035e-05,9.14e-06
1.0091e-05,7.03e-06,1.301e-05,1.0125e-05,8.71e-06
1.0118e-05,7.39e-06,1.291e-05,1.0095e-05,8.98e-06
1.0084e-05,7.55e-06,1.28e-05,1.0005e-05,9.15e-06
1.0024e-05,7.36e-06,1.256e-05,1.0035e-05,9.34e-06
1.0103e-05,7.39e-06,1.282e-05,1.008e-05,9.53e-06
1.0007e-05,7.16e-06,1.284e-05,1.0125e-05,1.013e-05
9.958e-06,6.9e-06,1.303e-05,1.002e-05,1.011e-05
1.0036e-05,6.77e-06,1.335e-05,9.945e-06,1.043e-05
1.0104e-05,6.73e-06,1.343e-05,1.0125e-05,1.095e-05
9.979e-06,6.39e-06,1.353e-05,9.905e-06,1.125e-05
1.0151e-05,6.96e-06,1.325e-05,1.031e-05,1.199e-05
9.98e-06,7.33e-06,1.268e-05,9.95e-06,1.228e-05
1.0095e-05,7.31e-06,1.278e-05,1.013e-05,1.207e-05
1.0034e-05,7.41e-06,1.264e-05,1.003e-05,1.23e-05
1.0016e-05,7.28e-06,1.266e-05,1.0025e-05,1.229e-05
1.015e-05,7.35e-06,1.289e-05,1.0235e-05,1.289e-05
1.0085e-05,7.13e-06,1.293e-05,1.013e-05,1.293e-05
1.8947e-05,1.38e-06,2.736e-05,2.116e-05,2.327e-05
1.0144e-05,1.49e-06,1.871e-05,1.0225e-05,1.51e-05
1.0075e-05,1.69e-06,1.833e-05,1.014e-05,1.496e-05
1.0075e-05,2.16e-06,1.806e-05,1.0075e-05,1.495e-05
1.0057e-05,2.2e-06,1.791e-05,1.0015e-05,1.498e-05
1.0135e-05,2.36e-06,1.8e-05,1.03e-05,1.514e-05
1.0077e-05,2.41e-06,1.769e-05,1.008e-05,1.544e-05
1.0045e-05,2.66e-06,1.732e-05,1.007e-05,1.548e-05
1.0081e-05,3.18e-06,1.695e-05,1.0255e-05,1.554e-05
9.986e-06,3.5e-06,1.64e-05,9.97e-06,1.551e-05
1.0012e-05,3.57e-06,1.64e-05,1.0085e-05,1.554e-05
9.95e-06,3.81e-06,1.599e-05,9.935e-06,1.577e-05
1.0021e-05,3.75e-06,1.617e-05,1.0105e-05,1.59e-05
1.0007e-05,3.99e-06,1.604e-05,1.0035e-05,1.604e-05
1.004e-05,4.01e-06,1.631e-05,1.0085e-05,1.631e-05
9.949e-06,3.8e-06,1.627e-05,9.98e-06,1.627e-05
1.004e-05,3.6e-06,1.66e-05,1.0045e-05,1.66e-05
1.0133e-05,3.52e-06,1.64e-05,9.99e-06,1.64e-05
9.98e-06,3.26e-06,1.671e-05,9.97e-06,1.671e-05
1.0089e-05,3.38e-06,1.684e-05,1.008e-05,1.684e-05
1.009e-05,3.12e-06,1.679e-05,1.0045e-05,1.679e-05
1.0015e-05,3.09e-06,1.695e-05,1.01e-05,1.695e-05
1.0148e-05,2.94e-06,1.739e-05,1.0155e-05,1.739e-05
1.0099e-05,2.56e-06,1.746e-05,1.0125e-05,1.746e-05
1.011e-05,2.57e-06,1.762e-05,1.0005e-05,1.762e-05
1.0156e-05,2.47e-06,1.75e-05,1.018e-05,1.75e-05
1.0084e-05,2.61e-06,1.764e-05,1.0005e-05,1.764e-05
1.0136e-05,2.35e-06,1.774e-05,9.995e-06,1.774e-05
1.0069e-05,2.61e-06,1.767e-05,1.002e-05,1.767e-05
1.0097e-05,2.62e-06,1.771e-05,1.0095e-05,1.771e-05
1.0141e-05,2.17e-06,1.8e-05,1.026e-05,1.8e-05
1.009e-05,2.61e-06,1.762e-05,1.004e-05,1.762e-05
1.0086e-05,2.66e-06,1.753e-05,1.0145e-05,1.753e-05
1.0111e-05,2.41e-06,1.772e-05,1.0065e-05,1.772e-05
1.0081e-05,2.25e-06,1.782e-05,1.009e-05,1.782e-05
1.0007e-05,2.39e-06,1.774e-05,9.915e-06,1.774e-05
9.985e-06,2.31e-06,1.786e-05,9.985e-06,1.786e-05
1.0111e-05,1.79e-06,1.821e-05,1.0055e-05,1.821e-05
1.0134e-05,1.73e-06,1.864e-05,1.0285e-05,1.864e-05
1.0119e-05,1.58e-06,1.839e-05,1.0145e-05,1.839e-05
9.969e-06,1.97e-06,1.807e-05,9.935e-06,1.807e-05
1.0059e-05,1.27e-06,1.87e-05,9.97e-06,1.87e-05
1.002e-05,1.53e-06,1.858e-05,9.955e-06,1.858e-05
1.0156e-05,1.35e-06,1.874e-05,1.003e-05,1.874e-05
1.0097e-05,1.44e-06,1.853e-05,1.0075e-05,1.853e-05
1.0074e-05,1.43e-06,1.851e-05,1.003e-05,1.851e-05
1.0109e-05,1.56e-06,1.872e-05,1.027e-05,1.872e-05
1.0075e-05,1.89e-06,1.83e-05,1.005e-05,1.83e-05
1.0201e-05,1.95e-06,1.84e-05,1.0045e-05,1.84e-05
1.0105e-05,1.71e-06,1.874e-05,1.0015e-05,1.874e-05
9.997e-06,1.39e-06,1.866e-05,1.005e-05,1.866e-05
1.0066e-05,1.54e-06,1.857e-05,1.002e-05,1.857e-05
1.6515e-05,1.14e-06,3.575e-05,1.262e-05,1.901e-05
1.0284e-05,1e-06,1.919e-05,1.0235e-05,5.38e-06
1.0226e-05,1.98e-06,1.827e-05,1.029e-05,5.17e-06
1.003e-05,2.62e-06,1.749e-05,9.935e-06,5.09e-06
9.976e-06,2.98e-06,1.656e-05,1.0015e-05,5.25e-06
1.0016e-05,3.51e-06,1.636e-05,1.002e-05,5.48e-06
1.0108e-05,4.12e-06,1.584e-05,1.0065e-05,5.57e-06
1.019e-05,4.7e-06,1.54e-05,1.025e-05,5.43e-06
1.0081e-05,5.31e-06,1.481e-05,1.0065e-05,5.35e-06
1.0114e-05,5.32e-06,1.508e-05,1.006e-05,5.32e-06
1.0218e-05,4.98e-06,1.538e-05,1.0285e-05,4.98e-06
1.0081e-05,4.99e-06,1.524e-05,9.965e-06,4.99e-06
1.0326e-05,5.2e-06,1.518e-05,1.0375e-05,5.2e-06
1.018e-05,5.34e-06,1.531e-05,1.012e-05,5.34e-06
1.0406e-05,4.05e-06,1.591e-05,1.122e-05,4.92e-06
1.0264e-05,4.14e-06,1.612e-05,1.0345e-05,4.64e-06
1.0144e-05,4.24e-06,1.59e-05,1.0195e-05,4.24e-06
1.0207e-05,4.48e-06,1.588e-05,1.02e-05,4.55e-06
1.0166e-05,4.46e-06,1.592e-05,1.027e-05,4.57e-06
1.0138e-05,4.13e-06,1.615e-05,1.0025e-05,4.13e-06
1.0194e-05,4.13e-06,1.609e-05,1.0255e-05,4.13e-06
1.0283e-05,4.25e-06,1.61e-05,1.022e-05,4.25e-06
1.0156e-05,4.26e-06,1.602e-05,1.025e-05,4.26e-06
1.0274e-05,4.37e-06,1.601e-05,1.026e-05,4.37e-06
1.0227e-05,4.31e-06,1.615e-05,1.033e-05,4.31e-06
1.0219e-05,4.06e-06,1.627e-05,1.0145e-05,4.06e-06
1.0181e-05,4.02e-06,1.625e-05,1.0345e-05,4.02e-06
1.0209e-05,3.98e-06,1.622e-05,1.0245e-05,3.98e-06
1.0155e-05,4.05e-06,1.621e-05,1.023e-05,4.05e-06
1.0255e-05,4.41e-06,1.605e-05,1.0225e-05,4.41e-06
1.0209e-05,4.15e-06,1.614e-05,1.027e-05,4.15e-06
1.0387e-05,3.84e-06,1.649e-05,1.0355e-05,3.84e-06
1.0172e-05,3.72e-06,1.645e-05,1.022e-05,3.72e-06
1.0112e-05,4e-06,1.643e-05,1.0125e-05,4e-06
1.0238e-05,4.11e-06,1.64e-05,1.026e-05,4.11e-06
1.0165e-05,4.19e-06,1.635e-05,1.016e-05,4.19e-06
1.0143e-05,4.08e-06,1.627e-05,1.011e-05,4.08e-06
1.0235e-05,3.84e-06,1.642e-05,1.02e-05,3.84e-06
1.0201e-05,3.84e-06,1.65e-05,1.023e-05,3.84e-06
1.0346e-05,3.58e-06,1.669e-05,1.041e-05,3.58e-06
1.017e-05,3.7e-06,1.673e-05,1.026e-05,3.7e-06
1.0137e-05,3.4e-06,1.685e-05,1.003e-05,3.4e-06
1.0254e-05,3.51e-06,1.718e-05,1.032e-05,3.51e-06
1.02e-05,3.02e-06,1.723e-05,1.0275e-05,3.02e-06
1.0184e-05,2.87e-06,1.727e-05,1.0315e-05,2.87e-06
1.0167e-05,3.09e-06,1.717e-05,1.024e-05,3.09e-06
1.014e-05,2.98e-06,1.729e-05,1.022e-05,2.98e-06
1.0238e-05,2.96e-06,1.749e-05,1.0215e-05,2.96e-06
1.0336e-05,2.64e-06,1.776e-05,1.033e-05,2.64e-06
1.0207e-05,2.42e-06,1.777e-05,1.028e-05,2.42e-06
1.0216e-05,2.75e-06,1.771e-05,1.031e-05,2.75e-06
1.0085e-05,2.81e-06,1.74e-05,1.011e-05,2.81e-06
1.0119e-05,2.8e-06,1.725e-05,1.0145e-05,2.8e-06
1.0084e-05,2.98e-06,1.709e-05,1.014e-05,2.98e-06
1.0136e-05,2.88e-06,1.714e-05,1.0165e-05,2.88e-06
1.0056e-05,2.84e-06,1.733e-05,1.0075e-05,2.84e-06
1.0109e-05,3.23e-06,1.722e-05,1.013e-05,3.23e-06
1.0198e-05,3.2e-06,1.701e-05,1.0175e-05,3.2e-06
1.0111e-05,3.4e-06,1.696e-05,1.017e-05,3.4e-06
1.0174e-05,3.27e-06,1.692e-05,1.014e-05,3.27e-06
1.0105e-05,3.44e-06,1.696e-05,1.0155e-05,3.44e-06
1.0207e-05,3.54e-06,1.67e-05,1.022e-05,3.54e-06
1.0086e-05,3.77e-06,1.635e-05,1.0185e-05,3.77e-06
1.0081e-05,3.63e-06,1.632e-05,1.0085e-05,3.63e-06
1.0029e-05,3.83e-06,1.613e-05,1.025e-05,3.83e-06
1.0033e-05,4e-06,1.611e-05,1.001e-05,4e-06
1.0113e-05,3.98e-06,1.62e-05,1.0195e-05,3.98e-06
1.017e-05,3.99e-06,1.645e-05,1.025e-05,3.99e-06
1.0248e-05,3.48e-06,1.659e-05,1.0315e-05,3.48e-06
1.0144e-05,3.83e-06,1.635e-05,1.0205e-05,3.83e-06
1.0163e-05,4.02e-06,1.64e-05,1.0185e-05,4.02e-06
1.0092e-05,4.07e-06,1.597e-05,1.018e-05,4.07e-06
1.005e-05,4.3e-06,1.581e-05,1.0065e-05,4.3e-06
1.0096e-05,4.29e-06,1.571e-05,1.014e-05,4.29e-06
1.0169e-05,4.48e-06,1.597e-05,1.0215e-05,4.48e-06
1.0097e-05,4.28e-06,1.576e-05,1.0125e-05,4.28e-06
1.6754e-05,1.29e-06,2.529e-05,1.8525e-05,1.16e-05
1.0052e-05,1.51e-06,1.853e-05,9.98e-06,5.54e-06
1.0009e-05,1.98e-06,1.788e-05,9.985e-06,5.33e-06
9.975e-06,2.7e-06,1.695e-05,9.92e-06,5.5e-06
1.0001e-05,3.09e-06,1.702e-05,9.98e-06,5.6e-06
9.936e-06,3.27e-06,1.631e-05,9.985e-06,5.84e-06
1.0045e-05,3.74e-06,1.599e-05,9.945e-06,6.25e-06
9.959e-06,4.43e-06,1.51e-05,9.995e-06,6.07e-06
9.962e-06,5.01e-06,1.471e-05,9.89e-06,6.31e-06
9.985e-06,5.85e-06,1.385e-05,1.0015e-05,6.43e-06
9.972e-06,6.55e-06,1.343e-05,9.935e-06,6.74e-06
1.0098e-05,6.74e-06,1.336e-05,1.013e-05,6.87e-06
1.0048e-05,6.6e-06,1.334e-05,1.009e-05,7.63e-06
1.0057e-05,6.84e-06,1.324e-05,1.0055e-05,7.89e-06
1.0115e-05,6.91e-06,1.334e-05,1.0095e-05,8.04e-06
1.0033e-05,6.74e-06,1.325e-05,1.0025e-05,7.95e-06
1.0028e-05,7.04e-06,1.324e-05,9.975e-06,8.02e-06
1.0104e-05,7e-06,1.33e-05,1.0035e-05,8.32e-06
9.999e-06,6.89e-06,1.306e-05,1.002e-05,8.41e-06
9.976e-06,7.1e-06,1.283e-05,1.002e-05,8.54e-06
1.0034e-05,7.28e-06,1.272e-05,1.006e-05,8.56e-06
1.006e-05,7.41e-06,1.26e-05,1.018e-05,8.56e-06
1.0041e-05,7.54e-06,1.253e-05,1.0075e-05,8.69e-06
1.0011e-05,7.52e-06,1.241e-05,9.995e-06,8.77e-06
1.0052e-05,7.83e-06,1.244e-05,1.0075e-05,9.05e-06
1.0139e-05,7.59e-06,1.239e-05,1.015e-05,9.52e-06
1.0076e-05,7.75e-06,1.24e-05,1.0065e-05,9.58e-06
1.0113e-05,7.89e-06,1.215e-05,1.025e-05,9.15e-06
9.984e-06,8.25e-06,1.156e-05,9.95e-06,9.2e-06
9.96e-06,8.4e-06,1.145e-05,9.9e-06,9.31e-06
1.0059e-05,8.59e-06,1.157e-05,1.0005e-05,9.35e-06
1.0215e-05,8.66e-06,1.16e-05,1.0225e-05,8.66e-06
1.0126e-05,8.42e-06,1.179e-05,1.0225e-05,8.42e-06
1.0054e-05,8.33e-06,1.172e-05,1.0135e-05,8.38e-06
1.014e-05,8.68e-06,1.176e-05,1.011e-05,8.85e-06
1.0079e-05,8.91e-06,1.117e-05,1.0145e-05,8.97e-06
1.0065e-05,8.98e-06,1.102e-05,1.0125e-05,9.27e-06
1.0023e-05,9.01e-06,1.1e-05,1.006e-05,9.13e-06
1.0232e-05,8.73e-06,1.146e-05,1.0505e-05,8.73e-06
1.0156e-05,8.63e-06,1.179e-05,1.0285e-05,8.63e-06
1.017e-05,8.57e-06,1.174e-05,1.0205e-05,8.8e-06
1.0101e-05,8.64e-06,1.15e-05,1.02e-05,9.02e-06
1.0083e-05,8.97e-06,1.119e-05,1.008e-05,9.29e-06
1.0215e-05,8.98e-06,1.134e-05,1.025e-05,9.46e-06
1.0116e-05,9.27e-06,1.096e-05,1.014e-05,9.69e-06
1.012e-05,9.92e-06,1.036e-05,1.009e-05,1.031e-05
1.0164e-05,9.55e-06,1.111e-05,1.013e-05,1.111e-05
1.0132e-05,9.51e-06,1.099e-05,1.005e-05,1.033e-05
1.0056e-05,9.71e-06,1.032e-05,1.014e-05,1.022e-05
1.0271e-05,9.98e-06,1.04e-05,1.029e-05,9.98e-06
1.0073e-05,9.81e-06,1.035e-05,1.008e-05,9.99e-06
1.0164e-05,9.79e-06,1.054e-05,1.0145e-05,9.79e-06
1.0075e-05,9.51e-06,1.066e-05,1.0005e-05,9.72e-06
1.0139e-05,9.75e-06,1.056e-05,1.009e-05,9.79e-06
1.0096e-05,9.54e-06,1.061e-05,1.018e-05,9.71e-06
1.015e-05,9.7e-06,1.057e-05,1.0155e-05,9.7e-06
1.0012e-05,9.29e-06,1.055e-05,1.0065e-05,9.49e-06
1.0151e-05,9.65e-06,1.088e-05,1.0085e-05,9.71e-06
9.985e-06,9.26e-06,1.062e-05,1.0015e-05,9.74e-06
1.0105e-05,9.55e-06,1.054e-05,1.022e-05,9.55e-06
1.0135e-05,9.47e-06,1.061e-05,1.031e-05,9.47e-06
1.0596e-05,9.66e-06,1.404e-05,1.0135e-05,9.95e-06
1.0085e-05,6.35e-06,1.395e-05,1.0115e-05,1.013e-05
9.986e-06,6.41e-06,1.341e-05,1.004e-05,1.029e-05
1.0053e-05,6.63e-06,1.349e-05,1.0065e-05,1.054e-05
1.007e-05,6.32e-06,1.363e-05,1.0165e-05,1.092e-05
1.0013e-05,6.26e-06,1.357e-05,1.0065e-05,1.089e-05
1.019e-05,6.71e-06,1.36e-05,1.027e-05,1.132e-05
1.0001e-05,7.01e-06,1.311e-05,9.95e-06,1.144e-05
1.006e-05,7.26e-06,1.274e-05,1.012e-05,1.18e-05
1.0068e-05,7.47e-06,1.265e-05,1.0095e-05,1.219e-05
1.0015e-05,7.42e-06,1.249e-05,1.0055e-05,1.218e-05
1.0104e-05,7.67e-06,1.246e-05,1.016e-05,1.246e-05
1.0139e-05,7.35e-06,1.289e-05,1.0105e-05,1.274e-05
1.0034e-05,7.18e-06,1.302e-05,9.975e-06,1.279e-05
1.0046e-05,7.02e-06,1.305e-05,1.0115e-05,1.305e-05
9.969e-06,6.69e-06,1.328e-05,1.0015e-05,1.328e-05
9.991e-06,6.62e-06,1.346e-05,9.915e-06,1.346e-05
1.012e-05,6.5e-06,1.366e-05,1.013e-05,1.366e-05
1.0035e-05,6.25e-06,1.38e-05,9.995e-06,1.377e-05
1.0016e-05,6.37e-06,1.377e-05,9.965e-06,1.352e-05
1.0126e-05,6.29e-06,1.394e-05,1.006e-05,1.388e-05
1.0159e-05,6.07e-06,1.416e-05,1.008e-05,1.416e-05
1.0134e-05,5.62e-06,1.449e-05,9.945e-06,1.421e-05
1.012e-05,6.09e-06,1.419e-05,1.001e-05,1.41e-05
1.0102e-05,6.16e-06,1.404e-05,1.009e-05,1.395e-05
1.0023e-05,5.85e-06,1.411e-05,1.0125e-05,1.411e-05
1.009e-05,5.98e-06,1.428e-05,1.0005e-05,1.425e-05
1.0049e-05,5.98e-06,1.407e-05,1.005e-05,1.392e-05
1.0209e-05,6.22e-06,1.436e-05,1.0185e-05,1.383e-05
1.0016e-05,5.99e-06,1.395e-05,1.0075e-05,1.394e-05
1.0039e-05,5.96e-06,1.414e-05,9.95e-06,1.4e-05
1.0025e-05,5.99e-06,1.412e-05,9.995e-06,1.404e-05
1.0036e-05,6.13e-06,1.396e-05,1.0065e-05,1.382e-05
1.0109e-05,6.43e-06,1.375e-05,1.0095e-05,1.373e-05
1.0069e-05,6.56e-06,1.363e-05,9.995e-06,1.363e-05
1.0057e-05,6.43e-06,1.375e-05,1.006e-05,1.349e-05
1.0043e-05,6.58e-06,1.361e-05,9.905e-06,1.355e-05
9.982e-06,6.4e-06,1.359e-05,9.965e-06,1.359e-05
1.0011e-05,6.3e-06,1.374e-05,9.99e-06,1.361e-05
1.0019e-05,6.11e-06,1.392e-05,1e-05,1.382e-05
9.998e-06,6.07e-06,1.392e-05,9.955e-06,1.392e-05
1.02e-05,6e-06,1.425e-05,1.0305e-05,1.425e-05
9.999e-06,5.8e-06,1.424e-05,9.99e-06,1.418e-05
1.0233e-05,5.47e-06,1.49e-05,1.0285e-05,1.49e-05
1.0076e-05,4.93e-06,1.518e-05,1.0045e-05,1.518e-05
1.0022e-05,4.99e-06,1.525e-05,9.97e-06,1.525e-05
1.0086e-05,4.9e-06,1.534e-05,1.0035e-05,1.534e-05
1.0136e-05,4.76e-06,1.544e-05,1.0155e-05,1.544e-05
3.9651e-05,1.51e-06,7.675e-05,4.102e-05,7.334e-05
1.0119e-05,1.75e-06,1.825e-05,1.0125e-05,1.525e-05
1.0061e-05,2.41e-06,1.76e-05,1.0185e-05,1.527e-05
1.0133e-05,3.12e-06,1.705e-05,1.017e-05,1.562e-05
1.0094e-05,3.77e-06,1.632e-05,1.0125e-05,1.575e-05
1.0028e-05,4.28e-06,1.604e-05,1.0095e-05,1.604e-05
1.0015e-05,4.22e-06,1.593e-05,9.955e-06,1.593e-05
1.0068e-05,4.08e-06,1.608e-05,1.008e-05,1.608e-05
9.985e-06,3.93e-06,1.611e-05,1.0025e-05,1.611e-05
1.0034e-05,3.91e-06,1.631e-05,1.005e-05,1.631e-05
9.996e-06,3.72e-06,1.635e-05,9.945e-06,1.635e-05
1.0035e-05,3.81e-06,1.631e-05,9.965e-06,1.631e-05
1.0246e-05,3.62e-06,1.69e-05,1.019e-05,1.69e-05
9.979e-06,3.38e-06,1.682e-05,9.91e-06,1.682e-05
1.0157e-05,3.17e-06,1.717e-05,1.0045e-05,1.717e-05
9.989e-06,2.84e-06,1.73e-05,9.945e-06,1.73e-05
9.943e-06,2.89e-06,1.725e-05,9.895e-06,1.725e-05
1.0093e-05,3e-06,1.736e-05,1.0075e-05,1.736e-05
1.0074e-05,2.87e-06,1.748e-05,1.0035e-05,1.748e-05
1.0015e-05,2.5e-06,1.761e-05,9.94e-06,1.761e-05
1.021e-05,2.09e-06,1.837e-05,1.02e-05,1.837e-05
1.0085e-05,1.71e-06,1.857e-05,1.0025e-05,1.857e-05
1.0085e-05,1.53e-06,1.882e-05,1.006e-05,1.882e-05
1.0066e-05,1.13e-06,1.904e-05,1.0015e-05,1.904e-05
1.0007e-05,1.15e-06,1.902e-05,9.965e-06,1.902e-05
1.0164e-05,1.62e-06,1.919e-05,1.007e-05,1.919e-05
1.0007e-05,1.32e-06,1.883e-05,9.91e-06,1.883e-05
9.985e-06,1.35e-06,1.876e-05,1.002e-05,1.876e-05
1.0184e-05,1.11e-06,1.897e-05,1.0195e-05,1.897e-05
1.0021e-05,1.5e-06,1.873e-05,1.0135e-05,1.873e-05
1.0038e-05,1.37e-06,1.883e-05,9.92e-06,1.883e-05
9.976e-06,1.38e-06,1.898e-05,1.001e-05,1.898e-05
1.0001e-05,1.17e-06,1.878e-05,1.002e-05,1.878e-05
1.0113e-05,1.33e-06,1.921e-05,1.005e-05,1.921e-05
1.0116e-05,1.29e-06,1.904e-05,9.94e-06,1.904e-05
1.0087e-05,1.04e-06,1.915e-05,1.006e-05,1.915e-05
1.0299e-05,1.24e-06,1.957e-05,1.0285e-05,1.957e-05
1.0025e-05,1.12e-06,1.905e-05,9.98e-06,1.905e-05
1.0146e-05,1.04e-06,1.908e-05,1.0005e-05,1.908e-05
1.0242e-05,9.9e-07,1.951e-05,1.015e-05,1.951e-05
1.0192e-05,1.17e-06,1.947e-05,1.0295e-05,1.947e-05
1.0225e-05,1.14e-06,1.953e-05,1.0275e-05,1.953e-05
1.0022e-05,1.15e-06,1.909e-05,9.955e-06,1.909e-05
1.0106e-05,9.1e-07,1.937e-05,1.005e-05,1.937e-05
1.0079e-05,1.03e-06,1.925e-05,1.0045e-05,1.925e-05
1.0168e-05,1.08e-06,1.938e-05,1.022e-05,1.938e-05
1.008e-05,1.08e-06,1.898e-05,9.96e-06,1.898e-05
1.0076e-05,1.01e-06,1.942e-05,1.011e-05,1.942e-05
9.954e-06,1.08e-06,1.909e-05,9.975e-06,1.909e-05
1.0105e-05,1.11e-06,1.949e-05,1.0175e-05,1.949e-05
9.936e-06,9.8e-07,1.902e-05,9.945e-06,1.902e-05
1.0024e-05,9.6e-07,1.908e-05,9.975e-06,1.908e-05
1.0039e-05,1.11e-06,1.909e-05,9.945e-06,1.909e-05
1.0036e-05,1.09e-06,1.911e-05,1.0015e-05,1.911e-05
1.0087e-05,1.37e-06,1.907e-05,9.92e-06,1.907e-05
9.955e-06,1.28e-06,1.874e-05,1.0035e-05,1.874e-05
1.0081e-05,9.6e-07,1.926e-05,1.0015e-05,1.926e-05
1.0099e-05,1.22e-06,1.929e-05,1.0165e-05,1.929e-05
9.964e-06,1.34e-06,1.877e-05,9.995e-06,1.877e-05
9.961e-06,1.45e-06,1.868e-05,9.925e-06,1.868e-05
1.0092e-05,1.6e-06,1.88e-05,1.0015e-05,1.88e-05
1.0051e-05,1.5e-06,1.845e-05,9.97e-06,1.845e-05
1.0022e-05,1.66e-06,1.847e-05,9.93e-06,1.847e-05
9.996e-06,1.76e-06,1.823e-05,1.004e-05,1.823e-05
1.0059e-05,2.06e-06,1.829e-05,1e-05,1.829e-05
1.009e-05,2.11e-06,1.815e-05,1.004e-05,1.815e-05
9.968e-06,2.14e-06,1.794e-05,9.98e-06,1.794e-05
9.962e-06,2.12e-06,1.791e-05,9.98e-06,1.791e-05
1.0289e-05,1.68e-06,1.861e-05,1.0275e-05,1.861e-05
1.0077e-05,1.66e-06,1.87e-05,1.0275e-05,1.87e-05
9.985e-06,1.66e-06,1.853e-05,9.955e-06,1.853e-05
1.0037e-05,1.48e-06,1.867e-05,9.99e-06,1.867e-05
1.0028e-05,1.47e-06,1.866e-05,9.92e-06,1.866e-05
1.0051e-05,1.2e-06,1.897e-05,1.0075e-05,1.897e-05
1.0065e-05,1.17e-06,1.911e-05,1.008e-05,1.911e-05
1.0079e-05,1.11e-06,1.924e-05,9.98e-06,1.924e-05
1.0251e-05,8.5e-07,1.963e-05,1.021e-05,1.963e-05
1.0177e-05,1e-06,1.931e-05,1.0035e-05,1.931e-05
1.0071e-05,1.22e-06,1.902e-05,1.002e-05,1.902e-05
1.0019e-05,1.38e-06,1.879e-05,9.91e-06,1.879e-05
9.915e-06,1.3e-06,1.869e-05,9.925e-06,1.869e-05
1.0021e-05,1.08e-06,1.914e-05,1.0095e-05,1.914e-05
1.0108e-05,1.06e-06,1.915e-05,1.0025e-05,1.915e-05
9.987e-06,1.3e-06,1.887e-05,1.005e-05,1.887e-05
1.0297e-05,1.04e-06,1.956e-05,1.017e-05,1.956e-05
1.3036e-05,1.2e-06,2.274e-05,1.3445e-05,2.274e-05
1.0359e-05,9.3e-07,1.982e-05,1.039e-05,1.982e-05
1.0035e-05,1.18e-06,1.918e-05,1.006e-05,1.918e-05
2.1965e-05,8.7e-07,6.181e-05,1.2715e-05,6.181e-05
1.0118e-05,1.67e-06,1.861e-05,1.032e-05,1.006e-05
1.0067e-05,1.56e-06,1.846e-05,9.945e-06,9.75e-06
9.921e-06,1.77e-06,1.793e-05,9.99e-06,9.91e-06
9.974e-06,2.13e-06,1.764e-05,9.975e-06,1.009e-05
9.958e-06,2.2e-06,1.748e-05,1.0005e-05,1.028e-05
9.974e-06,2.64e-06,1.729e-05,9.97e-06,1.037e-05
9.919e-06,3.17e-06,1.673e-05,9.965e-06,1.049e-05
9.999e-06,3.35e-06,1.655e-05,1.0025e-05,1.065e-05
1.0019e-05,3.58e-06,1.643e-05,1.0135e-05,1.109e-05
1.033e-05,4.06e-06,1.569e-05,1.06e-05,1.259e-05
1.002e-05,6.04e-06,1.395e-05,9.9e-06,1.295e-05
1.0031e-05,6.65e-06,1.329e-05,1.0035e-05,1.325e-05
9.906e-06,6.55e-06,1.338e-05,9.99e-06,1.338e-05
9.928e-06,6.44e-06,1.345e-05,9.93e-06,1.345e-05
9.954e-06,6.35e-06,1.359e-05,9.905e-06,1.359e-05
9.906e-06,6.5e-06,1.359e-05,9.945e-06,1.359e-05
9.96e-06,6.62e-06,1.361e-05,9.97e-06,1.361e-05
9.939e-06,6.42e-06,1.347e-05,1.008e-05,1.347e-05
9.959e-06,6.4e-06,1.35e-05,1.0045e-05,1.35e-05
9.983e-06,6.17e-06,1.385e-05,9.855e-06,1.385e-05
9.905e-06,6.06e-06,1.387e-05,9.88e-06,1.387e-05
9.966e-06,6.04e-06,1.382e-05,9.89e-06,1.382e-05
9.938e-06,5.95e-06,1.403e-05,9.92e-06,1.403e-05
9.909e-06,5.76e-06,1.405e-05,9.95e-06,1.405e-05
9.987e-06,5.69e-06,1.443e-05,1.0005e-05,1.443e-05
9.944e-06,5.43e-06,1.451e-05,9.9e-06,1.432e-05
9.979e-06,5.57e-06,1.443e-05,1.0005e-05,1.443e-05
9.912e-06,5.23e-06,1.464e-05,9.835e-06,1.464e-05
9.909e-06,5.12e-06,1.478e-05,9.89e-06,1.478e-05
9.92e-06,5.13e-06,1.488e-05,9.78e-06,1.488e-05
9.971e-06,5.14e-06,1.481e-05,9.96e-06,1.481e-05
9.97e-06,5.03e-06,1.473e-05,1.0025e-05,1.473e-05
1.0069e-05,5.17e-06,1.485e-05,1.0175e-05,1.485e-05
1.0104e-05,5.83e-06,1.463e-05,1.005e-05,1.428e-05
1.0035e-05,5.67e-06,1.436e-05,1.0055e-05,1.436e-05
9.959e-06,5.4e-06,1.462e-05,9.895e-06,1.462e-05
9.924e-06,5.4e-06,1.472e-05,9.89e-06,1.472e-05
1.006e-05,5.1e-06,1.496e-05,9.985e-06,1.496e-05
1.0014e-05,5.35e-06,1.505e-05,9.93e-06,1.505e-05
9.986e-06,5.41e-06,1.46e-05,9.91e-06,1.46e-05
9.962e-06,4.85e-06,1.514e-05,9.995e-06,1.514e-05
9.915e-06,4.8e-06,1.504e-05,9.85e-06,1.504e-05
9.91e-06,4.95e-06,1.487e-05,9.915e-06,1.487e-05
9.941e-06,4.63e-06,1.541e-05,9.86e-06,1.541e-05
9.899e-06,4.37e-06,1.542e-05,9.885e-06,1.542e-05
9.948e-06,4.48e-06,1.548e-05,9.84e-06,1.548e-05
9.913e-06,4.21e-06,1.565e-05,9.93e-06,1.565e-05
9.9e-06,4.16e-06,1.59e-05,9.86e-06,1.59e-05
9.97e-06,4e-06,1.613e-05,1e-05,1.613e-05
9.941e-06,3.75e-06,1.609e-05,9.83e-06,1.609e-05
1.0211e-05,3.24e-06,1.673e-05,1.0145e-05,1.673e-05
9.92e-06,2.86e-06,1.695e-05,9.835e-06,1.695e-05
1.0041e-05,2.59e-06,1.731e-05,1.006e-05,1.731e-05
9.955e-06,2.45e-06,1.74e-05,9.895e-06,1.74e-05
9.965e-06,2.36e-06,1.753e-05,1.008e-05,1.753e-05
9.972e-06,2.36e-06,1.771e-05,9.955e-06,1.771e-05
1.0037e-05,1.92e-06,1.812e-05,9.965e-06,1.812e-05
1.0009e-05,2.13e-06,1.782e-05,9.9e-06,1.782e-05
9.98e-06,2.45e-06,1.75e-05,9.905e-06,1.75e-05
9.977e-06,2.32e-06,1.768e-05,9.96e-06,1.768e-05
9.963e-06,2.33e-06,1.766e-05,9.98e-06,1.766e-05
9.929e-06,2.28e-06,1.771e-05,9.835e-06,1.771e-05
9.939e-06,2.22e-06,1.769e-05,9.86e-06,1.769e-05
9.916e-06,2.36e-06,1.751e-05,9.95e-06,1.751e-05
1.002e-05,2.51e-06,1.762e-05,1.016e-05,1.762e-05
9.971e-06,2.69e-06,1.728e-05,9.985e-06,1.728e-05
9.929e-06,2.63e-06,1.74e-05,9.89e-06,1.74e-05
9.975e-06,2.23e-06,1.769e-05,9.925e-06,1.769e-05
9.91e-06,2.42e-06,1.736e-05,9.89e-06,1.736e-05
9.954e-06,2.58e-06,1.734e-05,9.85e-06,1.734e-05
9.958e-06,2.35e-06,1.759e-05,9.925e-06,1.759e-05
9.946e-06,2.16e-06,1.775e-05,9.87e-06,1.775e-05
9.983e-06,2.05e-06,1.802e-05,1.0025e-05,1.802e-05
9.998e-06,2.19e-06,1.787e-05,9.99e-06,1.787e-05
9.952e-06,2.02e-06,1.788e-05,1.004e-05,1.788e-05
9.973e-06,1.93e-06,1.797e-05,9.875e-06,1.797e-05
9.943e-06,1.77e-06,1.822e-05,9.93e-06,1.822e-05
9.965e-06,1.59e-06,1.828e-05,9.935e-06,1.828e-05
9.94e-06,1.81e-06,1.821e-05,9.97e-06,1.821e-05
9.909e-06,1.89e-06,1.805e-05,9.835e-06,1.805e-05
9.996e-06,1.62e-06,1.846e-05,9.995e-06,1.846e-05
9.978e-06,1.73e-06,1.848e-05,9.94e-06,1.848e-05
9.926e-06,1.56e-06,1.853e-05,9.905e-06,1.853e-05
9.965e-06,1.33e-06,1.852e-05,9.875e-06,1.852e-05
9.964e-06,1.35e-06,1.865e-05,9.94e-06,1.865e-05
1.006e-05,1.5e-06,1.846e-05,1.0095e-05,1.846e-05
9.981e-06,1.75e-06,1.816e-05,9.9e-06,1.816e-05
9.976e-06,1.89e-06,1.806e-05,9.945e-06,1.806e-05
9.98e-06,1.89e-06,1.821e-05,1.006e-05,1.821e-05
9.89e-06,1.9e-06,1.809e-05,9.815e-06,1.809e-05
9.993e-06,1.83e-06,1.811e-05,1.005e-05,1.811e-05
1.0016e-05,1.83e-06,1.827e-05,9.855e-06,1.827e-05
9.934e-06,2e-06,1.802e-05,9.865e-06,1.802e-05
9.991e-06,1.91e-06,1.816e-05,9.9e-06,1.816e-05
9.926e-06,1.76e-06,1.819e-05,9.955e-06,1.819e-05
9.876e-06,1.81e-06,1.802e-05,9.87e-06,1.802e-05
1.0046e-05,1.85e-06,1.832e-05,1.0065e-05,1.832e-05
9.989e-06,1.63e-06,1.837e-05,1.001e-05,1.837e-05
9.914e-06,1.39e-06,1.855e-05,9.895e-06,1.855e-05
9.954e-06,1.53e-06,1.848e-05,9.9e-06,1.848e-05
1.0078e-05,2.75e-06,1.753e-05,1.002e-05,2.75e-06
1.0052e-05,2.96e-06,1.732e-05,1.0025e-05,2.96e-06
1.0035e-05,3.02e-06,1.715e-05,1.0055e-05,3.02e-06
1.0055e-05,3.14e-06,1.702e-05,1.009e-05,3.14e-06
1.0131e-05,3.51e-06,1.69e-05,1.014e-05,3.51e-06
1.0045e-05,3.4e-06,1.675e-05,1.0095e-05,3.4e-06
9.989e-06,3.68e-06,1.645e-05,9.98e-06,3.68e-06
1.0081e-05,3.76e-06,1.651e-05,1.0105e-05,3.76e-06
1.0216e-05,3.48e-06,1.699e-05,1.023e-05,3.48e-06
1.0092e-05,3.26e-06,1.697e-05,1.014e-05,3.26e-06
1.017e-05,3.53e-06,1.661e-05,1.009e-05,3.53e-06
1.006e-05,3.75e-06,1.641e-05,1.0075e-05,3.75e-06
1.0156e-05,4.16e-06,1.622e-05,1.019e-05,4.16e-06
1.0071e-05,4.13e-06,1.61e-05,1.0045e-05,4.13e-06
1.0022e-05,4.27e-06,1.6e-05,9.965e-06,4.27e-06
1.0094e-05,4.51e-06,1.585e-05,1.0025e-05,4.51e-06
1.0122e-05,4.73e-06,1.554e-05,1.0145e-05,4.73e-06
1.0004e-05,4.86e-06,1.524e-05,1.0015e-05,4.86e-06
1.0059e-05,5.25e-06,1.505e-05,1.001e-05,5.25e-06
1.0089e-05,5.16e-06,1.502e-05,1.006e-05,5.16e-06
1.009e-05,5.59e-06,1.478e-05,1.0085e-05,5.59e-06
1.0066e-05,5.67e-06,1.447e-05,1.0045e-05,5.67e-06
1.0032e-05,5.94e-06,1.434e-05,1.001e-05,5.94e-06
1.0021e-05,6.52e-06,1.359e-05,9.98e-06,6.52e-06
9.998e-06,6.68e-06,1.347e-05,1.0015e-05,6.68e-06
1.0131e-05,6.8e-06,1.351e-05,1.0065e-05,6.8e-06
1.1821e-05,9.64e-06,1.369e-05,1.185e-05,1.078e-05
1.0088e-05,6.31e-06,1.392e-05,1.012e-05,1.079e-05
1.0103e-05,5.98e-06,1.441e-05,1.011e-05,1.108e-05
1.0014e-05,5.81e-06,1.426e-05,9.935e-06,1.123e-05
1.002e-05,5.5e-06,1.473e-05,1.0105e-05,1.114e-05
1.0123e-05,5.3e-06,1.495e-05,1.021e-05,1.152e-05
1.015e-05,5.2e-06,1.533e-05,1.0125e-05,1.138e-05
1.0096e-05,4.74e-06,1.529e-05,1.0085e-05,1.135e-05
1.0135e-05,4.66e-06,1.554e-05,1.0135e-05,1.148e-05
1.0104e-05,4.74e-06,1.555e-05,1.012e-05,1.162e-05
1.0164e-05,4.43e-06,1.614e-05,1.009e-05,1.166e-05
1.0065e-05,4.09e-06,1.614e-05,1.004e-05,1.166e-05
1.012e-05,3.72e-06,1.646e-05,1.01e-05,1.181e-05
1.0093e-05,3.7e-06,1.658e-05,1.004e-05,1.179e-05
1.0053e-05,3.5e-06,1.665e-05,1.005e-05,1.199e-05
1.0126e-05,3.68e-06,1.675e-05,1.0005e-05,1.236e-05
1.0076e-05,3.08e-06,1.686e-05,1.0115e-05,1.261e-05
1.0073e-05,3.29e-06,1.676e-05,1.0085e-05,1.259e-05
1.0117e-05,3.6e-06,1.659e-05,1.0155e-05,1.301e-05
1.0105e-05,3.58e-06,1.648e-05,1.0085e-05,1.302e-05
1.0116e-05,3.6e-06,1.661e-05,1.0195e-05,1.318e-05
1.0111e-05,3.7e-06,1.654e-05,1.023e-05,1.326e-05
1.0096e-05,3.4e-06,1.663e-05,1.0165e-05,1.299e-05
1.0235e-05,3.46e-06,1.727e-05,1.034e-05,1.288e-05
1.0159e-05,2.72e-06,1.735e-05,1.019e-05,1.25e-05
1.0069e-05,3.11e-06,1.708e-05,1.012e-05,1.26e-05
1.0201e-05,3.25e-06,1.711e-05,1.0375e-05,1.268e-05
1.0068e-05,3.14e-06,1.704e-05,1.014e-05,1.257e-05
1.0065e-05,3.14e-06,1.692e-05,1.0125e-05,1.284e-05
1.015e-05,3.28e-06,1.703e-05,1.0295e-05,1.303e-05
1.01e-05,3.25e-06,1.707e-05,1.0255e-05,1.306e-05
1.0132e-05,3.21e-06,1.697e-05,1.023e-05,1.297e-05
1.0178e-05,3.54e-06,1.687e-05,1.018e-05,1.314e-05
1.0267e-05,3.24e-06,1.69e-05,1.016e-05,1.277e-05
1.0239e-05,3.15e-06,1.743e-05,1.0295e-05,1.249e-05
1.0165e-05,2.42e-06,1.763e-05,1.0125e-05,1.194e-05
1.0124e-05,2.49e-06,1.79e-05,1.019e-05,1.175e-05
1.0175e-05,2.21e-06,1.803e-05,1.023e-05,1.173e-05
1.007e-05,2.06e-06,1.799e-05,1.0095e-05,1.147e-05
1.0073e-05,2.16e-06,1.795e-05,1.007e-05,1.157e-05
1.011e-05,1.99e-06,1.82e-05,1.0175e-05,1.169e-05
1.0155e-05,2.12e-06,1.8e-05,1.0115e-05,1.163e-05
1.0091e-05,2.18e-06,1.801e-05,1.011e-05,1.168e-05
1.0063e-05,2.26e-06,1.787e-05,1.01e-05,1.171e-05
1.013e-05,2.15e-06,1.809e-05,1.017e-05,1.149e-05
1.0101e-05,1.99e-06,1.821e-05,1.021e-05,1.156e-05
1.0046e-05,2.09e-06,1.806e-05,1.011e-05,1.162e-05
1.003e-05,2.37e-06,1.766e-05,1.0075e-05,1.193e-05
1.0182e-05,2.67e-06,1.752e-05,1.0145e-05,1.224e-05
1.0097e-05,2.49e-06,1.747e-05,1.011e-05,1.197e-05
1.0066e-05,2.35e-06,1.78e-05,1.0125e-05,1.189e-05
1.0092e-05,2.25e-06,1.78e-05,1.009e-05,1.173e-05
1.0064e-05,2.32e-06,1.778e-05,1.017e-05,1.178e-05
1.0115e-05,2.76e-06,1.752e-05,1.024e-05,1.186e-05
1.0069e-05,2.45e-06,1.762e-05,1.0075e-05,1.14e-05
1.0205e-05,2.37e-06,1.79e-05,1.009e-05,1.091e-05
1.0103e-05,1.89e-06,1.806e-05,1.0135e-05,1.097e-05
1.0104e-05,1.77e-06,1.837e-05,1.011e-05,1.101e-05
1.0131e-05,1.67e-06,1.845e-05,1.018e-05,1.108e-05
1.007e-05,1.69e-06,1.837e-05,1.016e-05,1.128e-05
1.0007e-05,1.73e-06,1.821e-05,1.0045e-05,1.133e-05
1.0039e-05,2.02e-06,1.811e-05,1.0085e-05,1.14e-05
1.0085e-05,2.09e-06,1.815e-05,1.011e-05,1.151e-05
1.0099e-05,1.92e-06,1.833e-05,1.0115e-05,1.141e-05
1.0155e-05,1.91e-06,1.828e-05,1.0255e-05,1.173e-05
1.0122e-05,1.98e-06,1.818e-05,1.0175e-05,1.161e-05
1.0083e-05,2.14e-06,1.796e-05,1.0085e-05,1.17e-05
1.0041e-05,2.1e-06,1.804e-05,1.01e-05,1.176e-05
1.0059e-05,2.14e-06,1.779e-05,1.009e-05,1.176e-05
1.0082e-05,2.44e-06,1.773e-05,1.0095e-05,1.203e-05
1.0096e-05,2.5e-06,1.764e-05,1.005e-05,1.173e-05
1.0162e-05,2.5e-06,1.79e-05,1.0195e-05,1.222e-05
1.0169e-05,2.48e-06,1.786e-05,1.015e-05,1.201e-05
1.0104e-05,2.2e-06,1.808e-05,1.0085e-05,1.157e-05
1.0333e-05,1.73e-06,1.885e-05,1.04e-05,1.154e-05
1.0118e-05,1.29e-06,1.886e-05,1.016e-05,1.108e-05
1.0074e-05,1.13e-06,1.877e-05,1.008e-05,1.081e-05
1.0085e-05,1.64e-06,1.872e-05,1.0265e-05,1.117e-05
1.0005e-05,1.41e-06,1.859e-05,1.0165e-05,1.111e-05
1.0109e-05,1.37e-06,1.863e-05,1.0235e-05,1.105e-05
1.0116e-05,1.55e-06,1.865e-05,1.025e-05,1.081e-05
1.0122e-05,1.98e-06,1.844e-05,1.0155e-05,1.09e-05
1.0195e-05,2.02e-06,1.838e-05,1.028e-05,1.136e-05
1.0135e-05,1.8e-06,1.86e-05,1.0225e-05,1.155e-05
1.0133e-05,1.23e-06,1.888e-05,1.0135e-05,1.114e-05
1.0202e-05,1.28e-06,1.913e-05,1.037e-05,1.113e-05
1.012e-05,1.28e-06,1.901e-05,1.0225e-05,1.114e-05
1.0117e-05,1.34e-06,1.876e-05,1.023e-05,1.112e-05
1.0095e-05,1.54e-06,1.867e-05,1.0185e-05,1.135e-05
1.0101e-05,1.89e-06,1.814e-05,1.0055e-05,1.139e-05
1.013e-05,2.45e-06,1.795e-05,1.0165e-05,1.163e-05
1.0096e-05,2.39e-06,1.784e-05,1.018e-05,1.184e-05
1.0094e-05,2.67e-06,1.745e-05,1.0065e-05,1.219e-05
1.0255e-05,2.79e-06,1.745e-05,1.0305e-05,1.254e-05
1.005e-05,2.86e-06,1.718e-05,1.013e-05,1.254e-05
1.0091e-05,3.1e-06,1.701e-05,1.013e-05,1.261e-05
1.0296e-05,3.63e-06,1.671e-05,1.0105e-05,1.218e-05
1.0161e-05,3.47e-06,1.655e-05,1.028e-05,1.266e-05
1.0149e-05,3.72e-06,1.654e-05,1.0135e-05,1.308e-05
1.0069e-05,3.9e-06,1.619e-05,1.018e-05,1.332e-05
1.0064e-05,4.09e-06,1.589e-05,1.013e-05,1.285e-05
1.0119e-05,4.31e-06,1.602e-05,1.0125e-05,1.285e-05
1.0075e-05,4.34e-06,1.571e-05,1.016e-05,1.294e-05
1.0084e-05,4.57e-06,1.545e-05,1.0065e-05,1.242e-05
1.0056e-05,4.55e-06,1.568e-05,1.001e-05,1.238e-05
1.0039e-05,4.49e-06,1.559e-05,1.0045e-05,1.21e-05
1.0145e-05,4.25e-06,1.6e-05,1.022e-05,1.204e-05
1.0158e-05,3.9e-06,1.63e-05,1.0035e-05,1.14e-05
1.0036e-05,3.98e-06,1.608e-05,1.003e-05,1.138e-05
1.0041e-05,4e-06,1.613e-05,1.016e-05,1.165e-05
9.99e-06,4.33e-06,1.575e-05,1.002e-05,1.182e-05
1.0423e-05,4.51e-06,1.555e-05,1.11e-05,1.177e-05
1.0064e-05,6.09e-06,1.443e-05,1.007e-05,1.208e-05
1.002e-05,6.35e-06,1.388e-05,1.001e-05,1.238e-05
1.0246e-05,6.43e-06,1.425e-05,1.034e-05,1.252e-05
1.0151e-05,5.72e-06,1.481e-05,1.0165e-05,1.251e-05
1.0071e-05,5.11e-06,1.512e-05,1.0065e-05,1.275e-05
1.004e-05,4.86e-06,1.523e-05,1.0055e-05,1.279e-05
1.004e-05,4.68e-06,1.536e-05,9.955e-06,1.288e-05
1.0099e-05,4.51e-06,1.576e-05,1.0195e-05,1.294e-05
1.0183e-05,4.06e-06,1.648e-05,1.0105e-05,1.279e-05
1.0111e-05,3.55e-06,1.677e-05,1.0145e-05,1.217e-05
1.1237e-05,1.58e-06,1.959e-05,1.042e-05,1.557e-05
1.0051e-05,1.59e-06,1.842e-05,1.0065e-05,1.502e-05
1.0079e-05,1.93e-06,1.818e-05,1.0215e-05,1.495e-05
9.979e-06,2.09e-06,1.765e-05,9.91e-06,1.472e-05
9.985e-06,2.27e-06,1.756e-05,9.98e-06,1.451e-05
1.0005e-05,2.3e-06,1.766e-05,9.99e-06,1.458e-05
1.0111e-05,1.97e-06,1.838e-05,1.023e-05,1.478e-05
1.0071e-05,1.79e-06,1.805e-05,1.024e-05,1.502e-05
1.0062e-05,2.21e-06,1.763e-05,1.005e-05,1.539e-05
1.0085e-05,2.68e-06,1.734e-05,1.0185e-05,1.562e-05
9.997e-06,3.17e-06,1.661e-05,9.905e-06,1.59e-05
1.0106e-05,3.75e-06,1.637e-05,1.0075e-05,1.616e-05
1.0085e-05,3.96e-06,1.636e-05,1.006e-05,1.636e-05
1.0095e-05,3.64e-06,1.658e-05,1.0075e-05,1.658e-05
1.0113e-05,3.66e-06,1.673e-05,1.017e-05,1.673e-05
1.0238e-05,3.05e-06,1.718e-05,1.017e-05,1.718e-05
1.0214e-05,2.9e-06,1.75e-05,1.019e-05,1.75e-05
1.0001e-05,2.5e-06,1.756e-05,1e-05,1.756e-05
1.0001e-05,2.73e-06,1.745e-05,9.94e-06,1.745e-05
1.0097e-05,2.53e-06,1.768e-05,1.0075e-05,1.768e-05
1.0075e-05,2.58e-06,1.774e-05,9.955e-06,1.774e-05
1.0011e-05,2.39e-06,1.781e-05,9.985e-06,1.781e-05
1.0056e-05,2.25e-06,1.793e-05,1.006e-05,1.793e-05
1.0161e-05,2.41e-06,1.833e-05,1.015e-05,1.833e-05
1.0178e-05,2.45e-06,1.789e-05,1.0115e-05,1.789e-05
1.0025e-05,2.12e-06,1.781e-05,1.0025e-05,1.781e-05
1.0489e-05,1.48e-06,1.966e-05,1.047e-05,1.966e-05
1.0385e-05,1.36e-06,1.959e-05,1.043e-05,1.959e-05
1.0035e-05,1.09e-06,1.909e-05,9.98e-06,1.909e-05
1.0019e-05,1.14e-06,1.88e-05,1.006e-05,1.88e-05
1.0047e-05,1.27e-06,1.886e-05,9.895e-06,1.886e-05
1.0027e-05,1.23e-06,1.875e-05,1.003e-05,1.875e-05
1.0082e-05,1.49e-06,1.876e-05,1.008e-05,1.876e-05
1.0034e-05,1.56e-06,1.861e-05,1.002e-05,1.861e-05
1.0101e-05,1.18e-06,1.878e-05,1.008e-05,1.878e-05
1.0129e-05,1.27e-06,1.921e-05,1.0055e-05,1.921e-05
1.0021e-05,1.07e-06,1.9e-05,9.955e-06,1.9e-05
1.0179e-05,1.39e-06,1.877e-05,1.0215e-05,1.877e-05
9.962e-06,1.74e-06,1.84e-05,9.84e-06,1.84e-05
9.99e-06,1.49e-06,1.859e-05,1.0035e-05,1.859e-05
1.0165e-05,1.49e-06,1.885e-05,1.007e-05,1.885e-05
1.0066e-05,1.45e-06,1.874e-05,1.0015e-05,1.874e-05
1.0154e-05,1.53e-06,1.889e-05,1.027e-05,1.889e-05
1.0052e-05,1.55e-06,1.884e-05,1.006e-05,1.884e-05
1.0102e-05,1.52e-06,1.867e-05,1.001e-05,1.867e-05
1.008e-05,1.3e-06,1.865e-05,1.0165e-05,1.865e-05
1.007e-05,1.58e-06,1.868e-05,9.995e-06,1.868e-05
1.0081e-05,1.45e-06,1.867e-05,1.012e-05,1.867e-05
1.0097e-05,1.74e-06,1.882e-05,1.012e-05,1.882e-05
1.0005e-05,1.89e-06,1.838e-05,9.98e-06,1.838e-05
1.0254e-05,1.46e-06,1.896e-05,1.004e-05,1.896e-05
1.0306e-05,1.77e-06,1.904e-05,1.037e-05,1.904e-05
1.0104e-05,1.8e-06,1.867e-05,1.0005e-05,1.867e-05
1.0084e-05,2.02e-06,1.829e-05,1e-05,1.829e-05
1.0055e-05,2.06e-06,1.813e-05,1.0045e-05,1.813e-05
1.013e-05,1.95e-06,1.822e-05,1.0145e-05,1.822e-05
1.018e-05,2.19e-06,1.831e-05,1.015e-05,1.831e-05
1.0134e-05,2.16e-06,1.814e-05,1.0135e-05,1.814e-05
1.0029e-05,2.24e-06,1.806e-05,1.0065e-05,1.806e-05
1.004e-05,2.35e-06,1.795e-05,1.006e-05,1.795e-05
1.0015e-05,2.28e-06,1.777e-05,1.0075e-05,1.777e-05
1.0029e-05,2.34e-06,1.777e-05,1.004e-05,1.777e-05
1.0196e-05,2.23e-06,1.799e-05,1.0165e-05,1.799e-05
1.0179e-05,2.18e-06,1.849e-05,1.0215e-05,1.849e-05
1.0114e-05,1.69e-06,1.832e-05,1.0125e-05,1.832e-05
1.0066e-05,1.9e-06,1.831e-05,9.97e-06,1.831e-05
1.0046e-05,1.63e-06,1.839e-05,1.003e-05,1.839e-05
1.0123e-05,1.18e-06,1.913e-05,1.0165e-05,1.913e-05
1.003e-05,1.17e-06,1.902e-05,1.0105e-05,1.902e-05
1.016e-05,1.41e-06,1.882e-05,1.008e-05,1.882e-05
1.0024e-05,1.13e-06,1.888e-05,1.0025e-05,1.888e-05
1.0051e-05,1.31e-06,1.855e-05,1.0095e-05,1.855e-05
1.0093e-05,1.62e-06,1.851e-05,1.009e-05,1.851e-05
1.0036e-05,1.68e-06,1.848e-05,1.002e-05,1.848e-05
1.0261e-05,1.76e-06,1.884e-05,1.0085e-05,1.884e-05
1.0053e-05,1.74e-06,1.83e-05,1.0075e-05,1.83e-05
1.5121e-05,1.7e-06,5.537e-05,1.0045e-05,1.821e-05
1.0249e-05,1.43e-06,1.874e-05,1.029e-05,1.479e-05
1.0144e-05,1.99e-06,1.79e-05,1.023e-05,1.481e-05
1.0001e-05,2.74e-06,1.713e-05,9.985e-06,1.489e-05
1.0122e-05,3.62e-06,1.649e-05,1.008e-05,1.482e-05
1.0164e-05,4.33e-06,1.567e-05,1.03e-05,1.486e-05
1.0058e-05,4.99e-06,1.5e-05,1.004e-05,1.488e-05
1.0255e-05,5.29e-06,1.502e-05,1.0515e-05,1.502e-05
1.0055e-05,5.09e-06,1.531e-05,1.0075e-05,1.531e-05
1.0049e-05,5e-06,1.533e-05,1.0055e-05,1.533e-05
1.0109e-05,4.37e-06,1.565e-05,1.004e-05,1.565e-05
1.0137e-05,4.3e-06,1.593e-05,1.0135e-05,1.593e-05
1.0145e-05,4.32e-06,1.614e-05,1.0145e-05,1.614e-05
9.982e-06,4.04e-06,1.606e-05,9.975e-06,1.606e-05
1.0256e-05,3.69e-06,1.685e-05,1.021e-05,1.685e-05
1.019e-05,3.25e-06,1.726e-05,1.0235e-05,1.726e-05
1.0042e-05,3.02e-06,1.72e-05,1.0035e-05,1.72e-05
1.0105e-05,2.79e-06,1.743e-05,1.0055e-05,1.743e-05
1.0265e-05,2.5e-06,1.819e-05,1.017e-05,1.819e-05
1.0114e-05,1.83e-06,1.852e-05,9.96e-06,1.852e-05
1.0055e-05,1.15e-06,1.894e-05,1.008e-05,1.894e-05
1.0111e-05,1.31e-06,1.922e-05,1.0095e-05,1.922e-05
1.0035e-05,1.27e-06,1.887e-05,1.005e-05,1.887e-05
1.0176e-05,1.5e-06,1.915e-05,1.014e-05,1.915e-05
1.0235e-05,1.19e-06,1.924e-05,1.0095e-05,1.924e-05
1.0079e-05,1.35e-06,1.9e-05,1.003e-05,1.9e-05
1.0105e-05,1.24e-06,1.907e-05,1.0085e-05,1.907e-05
1.0308e-05,1.18e-06,1.949e-05,1.03e-05,1.949e-05
1.0269e-05,1.34e-06,1.953e-05,1.034e-05,1.953e-05
1.0415e-05,4.35e-06,1.893e-05,1.001e-05,1.893e-05
1.0055e-05,4.44e-06,1.594e-05,1.005e-05,1.594e-05
1.0132e-05,4.26e-06,1.617e-05,1.0165e-05,1.617e-05
1.0039e-05,3.91e-06,1.625e-05,1.004e-05,1.625e-05
1.0058e-05,3.83e-06,1.627e-05,1.002e-05,1.627e-05
1.0175e-05,3.48e-06,1.686e-05,1.003e-05,1.686e-05
1.0055e-05,3.37e-06,1.686e-05,1.0025e-05,1.686e-05
1.003e-05,3.24e-06,1.713e-05,1.0035e-05,1.713e-05
1.0133e-05,3.08e-06,1.732e-05,1.0045e-05,1.732e-05
1.0002e-05,3.09e-06,1.702e-05,1.001e-05,1.702e-05
1.0222e-05,2.83e-06,1.747e-05,1.0475e-05,1.747e-05
1.0052e-05,2.61e-06,1.765e-05,9.93e-06,1.765e-05
1.0142e-05,2.2e-06,1.809e-05,1.017e-05,1.809e-05
1.0085e-05,1.8e-06,1.852e-05,1.0055e-05,1.852e-05
1.0115e-05,1.73e-06,1.87e-05,1.001e-05,1.87e-05
1.0139e-05,1.57e-06,1.886e-05,1.0085e-05,1.886e-05
1.0261e-05,1.43e-06,1.908e-05,1.019e-05,1.908e-05
1.0219e-05,1.05e-06,1.967e-05,1.0205e-05,1.967e-05
1.0155e-05,1.34e-06,1.94e-05,1.023e-05,1.94e-05
1.0284e-05,1.41e-06,1.91e-05,1.0325e-05,1.91e-05
1.0139e-05,1.79e-06,1.85e-05,1.0055e-05,1.85e-05
1.0085e-05,1.67e-06,1.85e-05,1.0055e-05,1.85e-05
1.025e-05,1.54e-06,1.912e-05,1.0225e-05,1.912e-05
1.0246e-05,9.7e-07,1.962e-05,1.026e-05,1.962e-05
1.0002e-05,1.13e-06,1.914e-05,1.002e-05,1.914e-05
1.0046e-05,1.16e-06,1.912e-05,1.0045e-05,1.912e-05
1.01e-05,1.41e-06,1.894e-05,1.013e-05,1.894e-05
1.0175e-05,1.26e-06,1.942e-05,1.0145e-05,1.942e-05
1.0242e-05,1.01e-06,1.954e-05,1.0165e-05,1.954e-05
1.0205e-05,1.36e-06,1.918e-05,1.0245e-05,1.918e-05
1.0637e-05,1.6e-06,2.079e-05,1.1185e-05,2.079e-05
1.0391e-05,1.2e-06,1.977e-05,1.054e-05,1.977e-05
1.012e-05,1.1e-06,1.927e-05,1.0075e-05,1.927e-05
1.0168e-05,1.05e-06,1.927e-05,1.0105e-05,1.927e-05
1.0051e-05,1.34e-06,1.919e-05,1.002e-05,1.919e-05
1.0159e-05,1.32e-06,1.903e-05,1.0105e-05,1.903e-05
1.0086e-05,1.25e-06,1.901e-05,1.0015e-05,1.901e-05
1.0115e-05,9.1e-07,1.937e-05,9.945e-06,1.937e-05
1.0035e-05,1.22e-06,1.912e-05,1.0035e-05,1.912e-05
1.0049e-05,1.06e-06,1.917e-05,1.0025e-05,1.917e-05
1.0249e-05,8.2e-07,1.998e-05,1.02e-05,1.998e-05
1.0279e-05,1.12e-06,1.944e-05,1.01e-05,1.944e-05
1.0265e-05,1.2e-06,1.954e-05,1.029e-05,1.954e-05
1.0041e-05,1.2e-06,1.913e-05,9.97e-06,1.913e-05
1.0136e-05,1.16e-06,1.919e-05,1.009e-05,1.919e-05
1.0159e-05,8.5e-07,1.943e-05,1.0025e-05,1.943e-05
1.029e-05,1.17e-06,1.968e-05,1.019e-05,1.968e-05
1.0175e-05,1.1e-06,1.941e-05,1.001e-05,1.941e-05
1.0149e-05,1.12e-06,1.929e-05,1.0115e-05,1.929e-05
1.0187e-05,1.05e-06,1.948e-05,1.0195e-05,1.948e-05
1.0129e-05,1.08e-06,1.943e-05,1.011e-05,1.943e-05
1.013e-05,1.13e-06,1.908e-05,1.0135e-05,1.908e-05
1.0039e-05,1.29e-06,1.902e-05,1.0045e-05,1.902e-05
1.0129e-05,1.07e-06,1.921e-05,1.006e-05,1.921e-05
1.0254e-05,1.51e-06,1.922e-05,1.0105e-05,1.922e-05
1.0069e-05,1.66e-06,1.872e-05,1.004e-05,1.872e-05
1.0059e-05,1.35e-06,1.883e-05,1.004e-05,1.883e-05
1.0135e-05,1.11e-06,1.922e-05,1.0155e-05,1.922e-05
1.0074e-05,1.22e-06,1.916e-05,1.005e-05,1.916e-05
1.0106e-05,1.44e-06,1.903e-05,9.97e-06,1.903e-05
1.01e-05,1.21e-06,1.923e-05,1.0065e-05,1.923e-05
1.011e-05,1.17e-06,1.922e-05,1.008e-05,1.922e-05
1.0057e-05,1.37e-06,1.887e-05,9.975e-06,1.887e-05
1.0106e-05,1.67e-06,1.874e-05,1.006e-05,1.874e-05
1.0071e-05,1.44e-06,1.866e-05,1.007e-05,1.866e-05
1.0049e-05,1.49e-06,1.872e-05,1.0045e-05,1.872e-05
1.01e-05,1.4e-06,1.907e-05,1.0115e-05,1.907e-05
1.0038e-05,1.44e-06,1.869e-05,1.0005e-05,1.869e-05
1.0014e-05,1.22e-06,1.887e-05,1.01e-05,1.887e-05
1.004e-05,1.1e-06,1.91e-05,9.96e-06,1.91e-05
1.0007e-05,1.24e-06,1.906e-05,1.0005e-05,1.906e-05
1.0156e-05,1.27e-06,1.925e-05,1.011e-05,1.925e-05
1.0175e-05,1.35e-06,1.938e-05,1.007e-05,1.938e-05
1.0205e-05,1.07e-06,1.927e-05,1.0085e-05,1.927e-05
1.0064e-05,1.21e-06,1.926e-05,1.0115e-05,1.926e-05
1.0168e-05,1.14e-06,1.928e-05,1.0195e-05,1.928e-05
1.0135e-05,1.23e-06,1.931e-05,1.004e-05,1.931e-05
1.2268e-05,6.1e-06,1.924e-05,1.283e-05,1.924e-05
1.0076e-05,5.8e-06,1.435e-05,1.0135e-05,1.356e-05
1.0224e-05,5.69e-06,1.465e-05,1.0195e-05,1.392e-05
1.01e-05,5.57e-06,1.435e-05,1.017e-05,1.414e-05
1.009e-05,5.74e-06,1.454e-05,9.97e-06,1.454e-05
1.0121e-05,5.25e-06,1.499e-05,1.007e-05,1.499e-05
1.0038e-05,5.08e-06,1.523e-05,9.96e-06,1.523e-05
1.0148e-05,5.16e-06,1.525e-05,1.019e-05,1.525e-05
1.0132e-05,4.84e-06,1.543e-05,1.019e-05,1.543e-05
1.0101e-05,4.66e-06,1.548e-05,1.0145e-05,1.548e-05
1.0137e-05,5.51e-06,1.523e-05,9.98e-06,1.523e-05
1.0117e-05,5.19e-06,1.5e-05,1.0165e-05,1.5e-05
1.0071e-05,4.94e-06,1.527e-05,1.0075e-05,1.527e-05
1.0036e-05,4.9e-06,1.533e-05,1.0065e-05,1.533e-05
1.01e-05,4.57e-06,1.571e-05,1.013e-05,1.571e-05
1.0145e-05,4.17e-06,1.603e-05,1.018e-05,1.603e-05
1.0158e-05,4.08e-06,1.626e-05,1.009e-05,1.626e-05
1.0064e-05,3.95e-06,1.638e-05,9.955e-06,1.638e-05
1.0105e-05,3.47e-06,1.687e-05,1.0075e-05,1.687e-05
1.0049e-05,3.39e-06,1.694e-05,1.008e-05,1.694e-05
1.0074e-05,3.15e-06,1.708e-05,9.955e-06,1.708e-05
1.0004e-05,2.65e-06,1.756e-05,1.0015e-05,1.756e-05
1.0007e-05,2.2e-06,1.786e-05,1.0035e-05,1.786e-05
1.0063e-05,2.26e-06,1.804e-05,1.002e-05,1.804e-05
1.0076e-05,1.96e-06,1.812e-05,9.975e-06,1.812e-05
1.0091e-05,1.54e-06,1.863e-05,1.012e-05,1.863e-05
1.0185e-05,1.03e-06,1.93e-05,1.017e-05,1.93e-05
1.0101e-05,1.23e-06,1.936e-05,1.011e-05,1.936e-05
1.0079e-05,1.28e-06,1.941e-05,1.003e-05,1.941e-05
1.0201e-05,1.47e-06,1.932e-05,1.0115e-05,1.932e-05
1.0116e-05,1e-06,1.917e-05,1.006e-05,1.917e-05
1.0042e-05,1.13e-06,1.91e-05,9.935e-06,1.91e-05
1.0245e-05,1.07e-06,1.964e-05,1.02e-05,1.964e-05
1.0142e-05,8.9e-07,1.935e-05,1.007e-05,1.935e-05
1.01e-05,1.37e-06,1.907e-05,1.017e-05,1.907e-05
1.0074e-05,1.7e-06,1.843e-05,1.003e-05,1.843e-05
1.0111e-05,1.68e-06,1.858e-05,1.0025e-05,1.858e-05
1.0074e-05,1.25e-06,1.881e-05,1.012e-05,1.881e-05
1.0012e-05,1.26e-06,1.896e-05,1.003e-05,1.896e-05
1.0028e-05,1.35e-06,1.885e-05,1.003e-05,1.885e-05
1.0059e-05,1.14e-06,1.902e-05,1.002e-05,1.902e-05
1.0291e-05,8.8e-07,1.957e-05,1.018e-05,1.957e-05
1.0206e-05,1.31e-06,1.904e-05,1.015e-05,1.904e-05
1.0269e-05,8.5e-07,1.985e-05,1.0255e-05,1.985e-05
1.0038e-05,9.7e-07,1.926e-05,1.001e-05,1.926e-05
1.0162e-05,1.2e-06,1.922e-05,1.0175e-05,1.922e-05
1.008e-05,1.03e-06,1.924e-05,1.009e-05,1.924e-05
1.0016e-05,1.12e-06,1.91e-05,9.98e-06,1.91e-05
1.0273e-05,8.1e-07,1.975e-05,1.016e-05,1.975e-05
1.0171e-05,1.28e-06,1.919e-05,1.022e-05,1.919e-05
1.0401e-05,9.7e-07,1.977e-05,1.039e-05,1.977e-05
1.0026e-05,1.18e-06,1.919e-05,1.016e-05,1.919e-05
1.01e-05,1.15e-06,1.907e-05,1.015e-05,1.907e-05
1.0065e-05,1.25e-06,1.912e-05,1.002e-05,1.912e-05
1.0039e-05,1.24e-06,1.892e-05,1.0125e-05,1.892e-05
1.0189e-05,1.06e-06,1.927e-05,1.001e-05,1.927e-05
1.0216e-05,1.57e-06,1.923e-05,1.0155e-05,1.923e-05
1.0049e-05,1.19e-06,1.9e-05,1.006e-05,1.9e-05
1.0364e-05,2.07e-06,1.93e-05,1.054e-05,1.93e-05
1.0033e-05,2.24e-06,1.797e-05,1.0065e-05,1.797e-05
9.963e-06,2.01e-06,1.802e-05,1.006e-05,1.802e-05
1.0085e-05,1.94e-06,1.861e-05,1.0045e-05,1.861e-05
1.005e-05,1.56e-06,1.874e-05,1.001e-05,1.874e-05
1.0091e-05,1.2e-06,1.89e-05,1.01e-05,1.89e-05
1.0058e-05,1.56e-06,1.887e-05,1.003e-05,1.887e-05
1.0005e-05,1.48e-06,1.874e-05,9.975e-06,1.874e-05
1.0165e-05,1.51e-06,1.891e-05,1.013e-05,1.891e-05
1.0071e-05,1.33e-06,1.894e-05,9.98e-06,1.894e-05
1.0089e-05,9.4e-07,1.921e-05,1.0085e-05,1.921e-05
1.0372e-05,1.47e-06,1.938e-05,1.035e-05,1.938e-05
1.0064e-05,1.52e-06,1.893e-05,1.0115e-05,1.893e-05
1.0246e-05,1.16e-06,1.92e-05,1.0295e-05,1.92e-05
1.0073e-05,1.21e-06,1.901e-05,9.955e-06,1.901e-05
1.0074e-05,1.01e-06,1.931e-05,1e-05,1.931e-05
1.0183e-05,1.16e-06,1.933e-05,1.0165e-05,1.933e-05
1.0034e-05,1.24e-06,1.927e-05,1.007e-05,1.927e-05
1.0024e-05,1.08e-06,1.914e-05,1e-05,1.914e-05
1.0307e-05,1.09e-06,1.989e-05,1.0365e-05,1.989e-05
1.0161e-05,1.37e-06,1.937e-05,1.005e-05,1.937e-05
1.0337e-05,9.7e-07,1.959e-05,1.021e-05,1.959e-05
1.0185e-05,1.37e-06,1.927e-05,1.026e-05,1.927e-05
1.0077e-05,1.26e-06,1.905e-05,1.0045e-05,1.905e-05
1.0245e-05,1.18e-06,1.94e-05,1.015e-05,1.94e-05
1.0031e-05,1.98e-06,1.863e-05,1.006e-05,1.863e-05
9.97e-06,1.83e-06,1.843e-05,9.925e-06,1.843e-05
1.0085e-05,1.9e-06,1.848e-05,1.004e-05,1.848e-05
1.0279e-05,1.69e-06,1.856e-05,1.022e-05,1.856e-05
1.0034e-05,1.49e-06,1.886e-05,9.985e-06,1.886e-05
1.0447e-05,1.26e-06,1.948e-05,1.042e-05,1.948e-05
1.0044e-05,1.12e-06,1.923e-05,1.0055e-05,1.923e-05
1.0819e-05,1.2e-06,2.389e-05,1.013e-05,2.389e-05
1.0181e-05,1.75e-06,1.877e-05,1.036e-05,1.877e-05
1.0096e-05,1.7e-06,1.858e-05,1.01e-05,1.858e-05
1.0056e-05,1.49e-06,1.867e-05,1.0065e-05,1.867e-05
9.994e-06,1.38e-06,1.887e-05,9.99e-06,1.887e-05
1.008e-05,1.32e-06,1.9e-05,1.0055e-05,1.9e-05
1.0097e-05,1.41e-06,1.885e-05,1.013e-05,1.885e-05
9.977e-06,1.25e-06,1.894e-05,9.995e-06,1.894e-05
1.0164e-05,9.1e-07,1.944e-05,1.02e-05,1.944e-05
1.0443e-05,8.5e-07,2.022e-05,1.044e-05,2.022e-05
1.0287e-05,1.09e-06,1.974e-05,1.0385e-05,1.974e-05
1.011e-05,1.23e-06,1.926e-05,1.0045e-05,1.926e-05
1.0141e-05,9.5e-07,1.929e-05,1.009e-05,1.929e-05
0.000109573,1.58e-06,0.00014602,0.000143345,0.00014602
1.0116e-05,1.92e-06,1.829e-05,1.0235e-05,6.15e-06
1.0077e-05,2.26e-06,1.768e-05,9.995e-06,6.16e-06
1.0004e-05,2.64e-06,1.727e-05,9.825e-06,6.32e-06
9.998e-06,2.61e-06,1.711e-05,1.0065e-05,6.22e-06
1.0021e-05,2.95e-06,1.698e-05,1.002e-05,6.22e-06
1.0075e-05,3.64e-06,1.651e-05,9.995e-06,6.51e-06
9.991e-06,3.27e-06,1.651e-05,9.97e-06,6.34e-06
1.0045e-05,3.94e-06,1.599e-05,1.0045e-05,6.48e-06
9.922e-06,4.11e-06,1.573e-05,9.9e-06,6.53e-06
1.0001e-05,4.31e-06,1.551e-05,1.0025e-05,6.75e-06
1.0089e-05,4.69e-06,1.508e-05,1.02e-05,6.92e-06
1.0014e-05,4.97e-06,1.483e-05,9.975e-06,7.07e-06
1.0025e-05,5.51e-06,1.464e-05,9.92e-06,7.26e-06
1.0028e-05,5.9e-06,1.396e-05,1.0015e-05,7.57e-06
9.966e-06,5.89e-06,1.385e-05,1.0025e-05,7.65e-06
1.0055e-05,6.23e-06,1.37e-05,9.9e-06,7.78e-06
1.0004e-05,6.6e-06,1.314e-05,1.004e-05,7.96e-06
9.983e-06,7.18e-06,1.277e-05,9.975e-06,8.01e-06
1.0074e-05,7.33e-06,1.256e-05,1.0055e-05,8.4e-06
1.0016e-05,7.71e-06,1.223e-05,1.006e-05,8.42e-06
1.002e-05,8.25e-06,1.185e-05,9.97e-06,8.43e-06
9.997e-06,8.18e-06,1.168e-05,1.0135e-05,8.92e-06
1.0085e-05,8.49e-06,1.178e-05,1.007e-05,9.05e-06
1.0066e-05,8.69e-06,1.145e-05,1.007e-05,9.12e-06
1.0101e-05,8.83e-06,1.142e-05,1.008e-05,9.35e-06
1.0036e-05,9.11e-06,1.098e-05,1.007e-05,9.63e-06
1.0116e-05,9.55e-06,1.073e-05,1.01e-05,1.007e-05
1.0045e-05,9.6e-06,1.046e-05,1.0055e-05,1.04e-05
1.0104e-05,9.48e-06,1.06e-05,1.0135e-05,1.056e-05
1.004e-05,9.28e-06,1.079e-05,1.015e-05,1.051e-05
1.0124e-05,9.24e-06,1.106e-05,1.006e-05,1.09e-05
1.0064e-05,8.88e-06,1.123e-05,1.0085e-05,1.099e-05
1.0019e-05,8.45e-06,1.155e-05,9.87e-06,1.133e-05
1.0014e-05,8.19e-06,1.181e-05,1.001e-05,1.145e-05
1.0044e-05,8.1e-06,1.202e-05,1.011e-05,1.146e-05
1.0111e-05,7.88e-06,1.22e-05,1.0165e-05,1.189e-05
1.01e-05,7.6e-06,1.24e-05,1.012e-05,1.213e-05
1.0074e-05,7.43e-06,1.265e-05,1.0095e-05,1.253e-05
1e-05,7.22e-06,1.285e-05,9.885e-06,1.271e-05
1.008e-05,6.98e-06,1.297e-05,1.0145e-05,1.297e-05
1.008e-05,6.83e-06,1.315e-05,1.0125e-05,1.315e-05
1.0064e-05,6.71e-06,1.353e-05,9.96e-06,1.353e-05
1.0154e-05,6.19e-06,1.416e-05,1.009e-05,1.356e-05
1.0178e-05,6.01e-06,1.442e-05,1.023e-05,1.344e-05
1.0105e-05,5.47e-06,1.468e-05,1.025e-05,1.322e-05
1.0105e-05,5.11e-06,1.495e-05,1.0125e-05,1.283e-05
1.0145e-05,4.87e-06,1.518e-05,1.0145e-05,1.316e-05
1.0117e-05,4.54e-06,1.546e-05,1.008e-05,1.305e-05
1.0044e-05,4.53e-06,1.565e-05,1.016e-05,1.313e-05
1.002e-05,4.4e-06,1.558e-05,1.0055e-05,1.293e-05
1.0118e-05,4.5e-06,1.578e-05,1.019e-05,1.308e-05
1.0207e-05,4.56e-06,1.551e-05,1.034e-05,1.339e-05
1.0036e-05,4.72e-06,1.549e-05,1.021e-05,1.337e-05
1.0059e-05,4.46e-06,1.552e-05,1.0075e-05,1.329e-05
1.0003e-05,4.33e-06,1.585e-05,9.99e-06,1.374e-05
1.0036e-05,4.44e-06,1.561e-05,1.011e-05,1.41e-05
1.0092e-05,4.64e-06,1.548e-05,1.0065e-05,1.427e-05
1.0129e-05,4.88e-06,1.549e-05,1.0195e-05,1.448e-05
1.0253e-05,4.98e-06,1.575e-05,1.0245e-05,1.438e-05
1.0109e-05,4.23e-06,1.568e-05,1.018e-05,1.382e-05
1.0069e-05,4.22e-06,1.575e-05,1.0155e-05,1.372e-05
1.0014e-05,4.4e-06,1.563e-05,1.004e-05,1.386e-05
9.949e-06,4.72e-06,1.539e-05,1.0055e-05,1.422e-05
1.012e-05,4.94e-06,1.52e-05,1.006e-05,1.409e-05
1.0092e-05,5.08e-06,1.515e-05,9.965e-06,1.448e-05
1.003e-05,5.02e-06,1.499e-05,1.0015e-05,1.47e-05
1.0163e-05,5.3e-06,1.504e-05,1.0175e-05,1.488e-05
1.0161e-05,5.19e-06,1.499e-05,1.0175e-05,1.453e-05
9.96e-06,5.15e-06,1.469e-05,9.92e-06,1.45e-05
1.0104e-05,5.17e-06,1.496e-05,1.015e-05,1.489e-05
1.0196e-05,5.11e-06,1.526e-05,1.0185e-05,1.526e-05
1.0091e-05,5.03e-06,1.518e-05,1.0095e-05,1.518e-05
1.0124e-05,5.04e-06,1.52e-05,1.0055e-05,1.52e-05
1.0003e-05,5.05e-06,1.499e-05,9.995e-06,1.499e-05
1.0152e-05,5.19e-06,1.522e-05,1.005e-05,1.517e-05
1.0164e-05,4.65e-06,1.541e-05,1.011e-05,1.541e-05
1.0139e-05,4.27e-06,1.583e-05,1.002e-05,1.583e-05
1.0203e-05,4.49e-06,1.594e-05,1.0305e-05,1.594e-05
1.0044e-05,4.46e-06,1.556e-05,1.0025e-05,1.556e-05
1.0062e-05,4.4e-06,1.569e-05,1.0055e-05,1.569e-05
1.0054e-05,4.28e-06,1.606e-05,9.985e-06,1.606e-05
9.97e-06,4.37e-06,1.593e-05,9.95e-06,1.593e-05
1.0069e-05,4.36e-06,1.592e-05,1.004e-05,1.592e-05
1.0188e-05,4.33e-06,1.605e-05,1.03e-05,1.605e-05
1.011e-05,4.52e-06,1.592e-05,1.0075e-05,1.592e-05
1.0097e-05,4.1e-06,1.605e-05,1.004e-05,1.605e-05
1.0049e-05,4.13e-06,1.601e-05,1.0025e-05,1.601e-05
1.0129e-05,4.15e-06,1.588e-05,1.003e-05,1.588e-05
1.0117e-05,4.24e-06,1.614e-05,9.875e-06,1.614e-05
9.971e-06,3.94e-06,1.609e-05,9.98e-06,1.609e-05
1.0056e-05,3.76e-06,1.64e-05,1.005e-05,1.64e-05
9.973e-06,3.63e-06,1.657e-05,1.004e-05,1.657e-05
1.0127e-05,3.46e-06,1.658e-05,1.015e-05,1.658e-05
1.0014e-05,3.54e-06,1.681e-05,1.0025e-05,1.681e-05
1.0008e-05,3.33e-06,1.663e-05,1e-05,1.663e-05
1.0009e-05,3.38e-06,1.665e-05,9.995e-06,1.665e-05
1.0132e-05,3.36e-06,1.702e-05,1e-05,1.702e-05
1.0041e-05,3.15e-06,1.681e-05,1.0075e-05,1.681e-05
1.0194e-05,3.14e-06,1.729e-05,1.017e-05,1.729e-05
1.0052e-05,3.28e-06,1.701e-05,1.0025e-05,1.701e-05
1.0121e-05,3.25e-06,1.685e-05,1.005e-05,1.685e-05
1.0065e-05,3.05e-06,1.713e-05,1.015e-05,1.713e-05
9.996e-06,2.99e-06,1.707e-05,1.0015e-05,1.707e-05
1.008e-05,3.24e-06,1.738e-05,1.012e-05,1.738e-05
1.0123e-05,2.87e-06,1.731e-05,1.0065e-05,1.731e-05
1.006e-05,2.96e-06,1.73e-05,1.004e-05,1.73e-05
1.006e-05,3e-06,1.71e-05,1.0195e-05,1.71e-05
1.0036e-05,3.24e-06,1.711e-05,1.009e-05,1.711e-05
1.0005e-05,3.15e-06,1.681e-05,1e-05,1.681e-05
9.993e-06,3.03e-06,1.686e-05,1.004e-05,1.686e-05
1.0006e-05,3.17e-06,1.708e-05,9.94e-06,1.708e-05
9.98e-06,2.96e-06,1.704e-05,9.975e-06,1.704e-05
1.008e-05,2.75e-06,1.716e-05,1.008e-05,1.716e-05
9.966e-06,2.55e-06,1.754e-05,9.95e-06,1.754e-05
1.0105e-05,2.53e-06,1.777e-05,1.0065e-05,1.777e-05
1.0051e-05,1.86e-06,1.828e-05,9.955e-06,1.828e-05
1.02e-05,1.49e-06,1.865e-05,1.001e-05,1.865e-05
1.0101e-05,1.54e-06,1.883e-05,1.0015e-05,1.883e-05
1.0212e-05,1.4e-06,1.887e-05,1.0155e-05,1.887e-05
1.0135e-05,1.65e-06,1.873e-05,1.0035e-05,1.873e-05
1.0102e-05,1.71e-06,1.854e-05,9.98e-06,1.854e-05
1.0067e-05,1.66e-06,1.848e-05,1.0015e-05,1.848e-05
1.0078e-05,1.63e-06,1.839e-05,1.008e-05,1.839e-05
9.991e-06,1.82e-06,1.812e-05,1.0055e-05,1.812e-05
9.988e-06,1.98e-06,1.812e-05,1.0015e-05,1.812e-05
1.008e-05,1.69e-06,1.835e-05,1.0095e-05,1.835e-05
1.009e-05,1.71e-06,1.863e-05,1e-05,1.863e-05
1.0082e-05,1.31e-06,1.871e-05,9.925e-06,1.871e-05
1.0074e-05,1.64e-06,1.882e-05,1.008e-05,1.882e-05
1.0181e-05,1.51e-06,1.859e-05,1.002e-05,1.859e-05
1.003e-05,2.04e-06,1.827e-05,1.0065e-05,1.827e-05
1.0066e-05,1.81e-06,1.851e-05,9.97e-06,1.851e-05
1.005e-05,1.76e-06,1.844e-05,1.0085e-05,1.844e-05
1.009e-05,1.76e-06,1.823e-05,1.007e-05,1.823e-05
1.0049e-05,1.78e-06,1.819e-05,1.0045e-05,1.819e-05
1.0069e-05,1.48e-06,1.874e-05,1.005e-05,1.874e-05
1.01e-05,1.26e-06,1.891e-05,9.9e-06,1.891e-05
1.0094e-05,1.25e-06,1.878e-05,1.0015e-05,1.878e-05
1.024e-05,1.21e-06,1.922e-05,1.019e-05,1.922e-05
1.007e-05,1e-06,1.912e-05,9.99e-06,1.912e-05
1.0059e-05,9.5e-07,1.915e-05,9.97e-06,1.915e-05
1.0085e-05,1.24e-06,1.898e-05,1.004e-05,1.898e-05
1.0069e-05,1.15e-06,1.917e-05,1.01e-05,1.917e-05
1.0054e-05,1.34e-06,1.891e-05,9.975e-06,1.891e-05
1.0041e-05,1.31e-06,1.886e-05,1e-05,1.886e-05
1.0076e-05,1.18e-06,1.893e-05,9.98e-06,1.893e-05
1.0077e-05,1.24e-06,1.904e-05,1.003e-05,1.904e-05
1.0046e-05,1.12e-06,1.885e-05,1.0075e-05,1.885e-05
1.0191e-05,1.65e-06,1.863e-05,1.0305e-05,1.863e-05
1.0134e-05,1.89e-06,1.82e-05,1.0125e-05,1.82e-05
1.0034e-05,1.88e-06,1.819e-05,1.003e-05,1.819e-05
1.0024e-05,1.92e-06,1.804e-05,1.011e-05,1.804e-05
1.0128e-05,1.99e-06,1.84e-05,1.0015e-05,1.84e-05
1.004e-05,1.75e-06,1.845e-05,9.98e-06,1.845e-05
1.0069e-05,1.58e-06,1.855e-05,1.0055e-05,1.855e-05
1.0011e-05,1.62e-06,1.837e-05,9.96e-06,1.837e-05
9.996e-06,1.84e-06,1.839e-05,1.0025e-05,1.839e-05
1.006e-05,1.46e-06,1.864e-05,1.0065e-05,1.864e-05
9.994e-06,1.27e-06,1.868e-05,9.965e-06,1.868e-05
1.0109e-05,1.4e-06,1.858e-05,1.018e-05,1.858e-05
1.0074e-05,1.35e-06,1.891e-05,1.001e-05,1.891e-05
1.0141e-05,1.11e-06,1.897e-05,9.98e-06,1.897e-05
1.005e-05,1.13e-06,1.893e-05,1e-05,1.893e-05
1.0005e-05,1.35e-06,1.876e-05,1.002e-05,1.876e-05
1.0062e-05,1.35e-06,1.872e-05,1e-05,1.872e-05
1.0136e-05,1.61e-06,1.861e-05,1.0265e-05,1.861e-05
9.937e-06,1.75e-06,1.822e-05,9.935e-06,1.822e-05
1.0108e-05,1.33e-06,1.874e-05,1.0025e-05,1.874e-05
1.002e-05,1.22e-06,1.884e-05,1.0065e-05,1.884e-05
9.981e-06,1.28e-06,1.876e-05,1.0005e-05,1.876e-05
1.0089e-05,1.3e-06,1.904e-05,1.012e-05,1.904e-05
1.0103e-05,1.19e-06,1.904e-05,9.99e-06,1.904e-05
1.0049e-05,1.15e-06,1.895e-05,9.99e-06,1.895e-05
1.0122e-05,1.19e-06,1.912e-05,1.0065e-05,1.912e-05
9.996e-06,1.48e-06,1.859e-05,1.0015e-05,1.859e-05
1.0012e-05,1.13e-06,1.882e-05,1.0025e-05,1.882e-05
1.0239e-05,1.3e-06,1.913e-05,1.018e-05,1.913e-05
1.0012e-05,9.9e-07,1.883e-05,9.985e-06,1.883e-05
1.014e-05,1.21e-06,1.89e-05,1.01e-05,1.89e-05
1.0208e-05,1.61e-06,1.891e-05,1.0295e-05,1.891e-05
1.0022e-05,1.63e-06,1.854e-05,1.006e-05,1.854e-05
1.0108e-05,1.82e-06,1.861e-05,9.99e-06,1.861e-05
1.0102e-05,1.32e-06,1.89e-05,1.0085e-05,1.89e-05
1.006e-05,1.26e-06,1.888e-05,9.97e-06,1.888e-05
1.0118e-05,1.38e-06,1.879e-05,9.93e-06,1.879e-05
9.984e-06,1.42e-06,1.847e-05,1.0035e-05,1.847e-05
1.0109e-05,1.42e-06,1.896e-05,1.011e-05,1.896e-05
1.0052e-05,1.2e-06,1.909e-05,9.99e-06,1.909e-05
1.0061e-05,1.06e-06,1.88e-05,9.945e-06,1.88e-05
1.0205e-05,1.44e-06,1.871e-05,1.003e-05,1.871e-05
1.0029e-05,1.53e-06,1.837e-05,1.0085e-05,1.837e-05
1.008e-05,1.38e-06,1.893e-05,1.0025e-05,1.893e-05
1.0189e-05,1.14e-06,1.919e-05,1.0025e-05,1.919e-05
1.0174e-05,1.42e-06,1.896e-05,1.014e-05,1.896e-05
1.0104e-05,1.41e-06,1.875e-05,1.0095e-05,1.875e-05
1.0012e-05,1.68e-06,1.859e-05,1.0005e-05,1.859e-05
1.0115e-05,1.45e-06,1.868e-05,9.965e-06,1.868e-05
1.0035e-05,1.36e-06,1.852e-05,9.99e-06,1.852e-05
1.0196e-05,1.8e-06,1.854e-05,1.0335e-05,1.854e-05
1.0016e-05,1.82e-06,1.825e-05,9.95e-06,1.825e-05
1.0446e-05,1.54e-06,1.868e-05,1.002e-05,1.868e-05
1.0001e-05,3.63e-06,1.641e-05,9.995e-06,1.641e-05
1.0139e-05,3.51e-06,1.666e-05,1.011e-05,1.666e-05
9.985e-06,3.26e-06,1.676e-05,1.003e-05,1.676e-05
1.0063e-05,3.23e-06,1.681e-05,1.0005e-05,1.681e-05
1.0191e-05,3.05e-06,1.726e-05,1.0335e-05,1.726e-05
1.0003e-05,3.18e-06,1.683e-05,1.001e-05,1.683e-05
1.0051e-05,3.21e-06,1.694e-05,1.007e-05,1.694e-05
1.01e-05,3.26e-06,1.694e-05,1.002e-05,1.694e-05
1.0008e-05,3.26e-06,1.677e-05,1.0055e-05,1.677e-05
1.0091e-05,3.01e-06,1.708e-05,1.021e-05,1.708e-05
1.0179e-05,2.85e-06,1.729e-05,1.019e-05,1.729e-05
1.015e-05,2.48e-06,1.765e-05,9.955e-06,1.765e-05
1.0039e-05,2.56e-06,1.745e-05,1.0115e-05,1.745e-05
1.0033e-05,2.96e-06,1.736e-05,9.935e-06,1.736e-05
1.0029e-05,2.63e-06,1.726e-05,9.93e-06,1.726e-05
1.005e-05,2.6e-06,1.769e-05,1e-05,1.769e-05
1.0049e-05,2.06e-06,1.788e-05,1.002e-05,1.788e-05
1.003e-05,2.74e-06,1.749e-05,1.013e-05,1.749e-05
1.0081e-05,2.53e-06,1.75e-05,1.007e-05,1.75e-05
1.0059e-05,2.41e-06,1.774e-05,1.0035e-05,1.774e-05
1.0023e-05,2.25e-06,1.797e-05,1e-05,1.797e-05
1e-05,1.95e-06,1.831e-05,1.004e-05,1.831e-05
1.0041e-05,1.93e-06,1.812e-05,9.985e-06,1.812e-05
1.002e-05,1.66e-06,1.843e-05,1.0045e-05,1.843e-05
1.0101e-05,1.75e-06,1.862e-05,1.011e-05,1.862e-05
1.0165e-05,1.58e-06,1.884e-05,1.006e-05,1.884e-05
1.012e-05,1.36e-06,1.869e-05,9.97e-06,1.869e-05
9.979e-06,1.54e-06,1.858e-05,9.955e-06,1.858e-05
1.0068e-05,2.15e-06,1.817e-05,1.01e-05,1.817e-05
1.0059e-05,1.68e-06,1.835e-05,1.004e-05,1.835e-05
1.0001e-05,1.55e-06,1.844e-05,1e-05,1.844e-05
1.005e-05,1.54e-06,1.882e-05,9.99e-06,1.882e-05
1.0046e-05,1.11e-06,1.89e-05,9.975e-06,1.89e-05
1.0111e-05,1.19e-06,1.901e-05,1.0175e-05,1.901e-05
9.946e-06,1.36e-06,1.871e-05,9.97e-06,1.871e-05
9.965e-06,1.44e-06,1.868e-05,9.985e-06,1.868e-05
9.992e-06,1.44e-06,1.871e-05,1.004e-05,1.871e-05
9.972e-06,1.44e-06,1.873e-05,1.0005e-05,1.873e-05
1.0051e-05,1.53e-06,1.87e-05,1e-05,1.87e-05
9.994e-06,1.36e-06,1.868e-05,9.98e-06,1.868e-05
1.0085e-05,1.34e-06,1.859e-05,1.009e-05,1.859e-05
1.0215e-05,1.69e-06,1.86e-05,1.0275e-05,1.86e-05
1.0105e-05,1.62e-06,1.876e-05,1e-05,1.876e-05
1.004e-05,1e-06,1.886e-05,9.935e-06,1.886e-05
1.0136e-05,1.41e-06,1.896e-05,1.0175e-05,1.896e-05
1.0081e-05,1.62e-06,1.825e-05,9.96e-06,1.825e-05
9.95e-06,1.97e-06,1.795e-05,9.965e-06,1.795e-05
9.959e-06,1.82e-06,1.809e-05,9.88e-06,1.809e-05
9.945e-06,1.83e-06,1.802e-05,9.935e-06,1.802e-05
9.991e-06,2.15e-06,1.797e-05,1.0035e-05,1.797e-05
9.959e-06,2.31e-06,1.786e-05,1.0015e-05,1.786e-05
9.939e-06,2.4e-06,1.767e-05,9.89e-06,1.767e-05
9.989e-06,2.47e-06,1.778e-05,9.94e-06,1.778e-05
9.995e-06,2.17e-06,1.786e-05,9.93e-06,1.786e-05
1.0086e-05,2.01e-06,1.806e-05,9.95e-06,1.806e-05
1.0061e-05,2.01e-06,1.839e-05,9.995e-06,1.839e-05
9.98e-06,1.37e-06,1.859e-05,9.965e-06,1.859e-05
1.0127e-05,1.42e-06,1.885e-05,1.0225e-05,1.885e-05
9.911e-06,1.46e-06,1.85e-05,9.905e-06,1.85e-05
9.947e-06,1.3e-06,1.857e-05,9.92e-06,1.857e-05
9.974e-06,1.26e-06,1.868e-05,1.0035e-05,1.868e-05
9.968e-06,1.29e-06,1.874e-05,9.955e-06,1.874e-05
1.0005e-05,1.48e-06,1.836e-05,9.96e-06,1.836e-05
9.98e-06,1.45e-06,1.835e-05,1.0105e-05,1.835e-05
9.898e-06,1.76e-06,1.819e-05,9.92e-06,1.819e-05
9.984e-06,1.49e-06,1.85e-05,1.0055e-05,1.85e-05
9.951e-06,1.28e-06,1.873e-05,9.92e-06,1.873e-05
1.0193e-05,1.02e-06,1.924e-05,1.001e-05,1.924e-05
1.0175e-05,1.43e-06,1.897e-05,1.0155e-05,1.897e-05
9.908e-06,1.61e-06,1.832e-05,9.885e-06,1.832e-05
9.909e-06,1.69e-06,1.818e-05,9.965e-06,1.818e-05
1.0082e-05,1.35e-06,1.852e-05,9.99e-06,1.852e-05
9.95e-06,1.49e-06,1.842e-05,9.92e-06,1.842e-05
9.973e-06,1.97e-06,1.81e-05,9.97e-06,1.81e-05
9.89e-06,2.2e-06,1.775e-05,9.95e-06,1.775e-05
9.95e-06,2.1e-06,1.778e-05,9.945e-06,1.778e-05
1.0007e-05,2.11e-06,1.782e-05,1.005e-05,1.782e-05
9.982e-06,2.14e-06,1.782e-05,9.89e-06,1.782e-05
1.0015e-05,1.92e-06,1.776e-05,1.0395e-05,1.776e-05
1.0027e-05,1.96e-06,1.812e-05,1.0005e-05,1.812e-05
9.999e-06,2.18e-06,1.775e-05,9.96e-06,1.775e-05
1.0119e-05,2.39e-06,1.776e-05,1.011e-05,1.776e-05
1.005e-05,2.11e-06,1.773e-05,1.0145e-05,1.773e-05
1.0025e-05,2.27e-06,1.8e-05,9.955e-06,1.8e-05
1.0537e-05,3.2e-06,1.821e-05,9.94e-06,1.821e-05
1e-05,3.47e-06,1.659e-05,1.002e-05,1.659e-05
1.0029e-05,3.2e-06,1.67e-05,9.96e-06,1.67e-05
9.956e-06,3.09e-06,1.671e-05,9.865e-06,1.671e-05
9.998e-06,3.38e-06,1.676e-05,1.0005e-05,1.676e-05
9.999e-06,3.4e-06,1.678e-05,1.0005e-05,1.678e-05
9.928e-06,3.26e-06,1.671e-05,9.975e-06,1.671e-05
1.0041e-05,2.99e-06,1.701e-05,1e-05,1.701e-05
1.0058e-05,2.78e-06,1.734e-05,1.006e-05,1.734e-05
1.001e-05,2.5e-06,1.752e-05,1.0035e-05,1.752e-05
1.0014e-05,2.23e-06,1.756e-05,1.0065e-05,1.756e-05
9.996e-06,2.24e-06,1.776e-05,1.002e-05,1.776e-05
1.0019e-05,2.21e-06,1.766e-05,1.006e-05,1.766e-05
9.975e-06,1.93e-06,1.798e-05,1.0015e-05,1.798e-05
9.915e-06,1.9e-06,1.792e-05,9.9e-06,1.792e-05
9.911e-06,2.06e-06,1.784e-05,9.905e-06,1.784e-05
9.98e-06,1.91e-06,1.808e-05,1.0145e-05,1.808e-05
9.996e-06,1.58e-06,1.824e-05,9.965e-06,1.824e-05
9.972e-06,1.44e-06,1.83e-05,9.975e-06,1.83e-05
1.0141e-05,1.26e-06,1.892e-05,9.915e-06,1.892e-05
9.941e-06,1.34e-06,1.849e-05,9.955e-06,1.849e-05
1.0052e-05,1.43e-06,1.859e-05,1.017e-05,1.859e-05
1.0001e-05,1.15e-06,1.878e-05,1.003e-05,1.878e-05
9.984e-06,1.86e-06,1.829e-05,1.0005e-05,1.829e-05
9.964e-06,1.63e-06,1.836e-05,9.845e-06,1.836e-05
9.999e-06,1.54e-06,1.85e-05,9.915e-06,1.85e-05
1.0014e-05,1.43e-06,1.878e-05,9.88e-06,1.878e-05
9.991e-06,9.6e-07,1.898e-05,9.96e-06,1.898e-05
9.894e-06,9.9e-07,1.878e-05,9.865e-06,1.878e-05
1.0178e-05,1.36e-06,1.878e-05,1.0125e-05,1.878e-05
9.94e-06,1.68e-06,1.839e-05,1.003e-05,1.839e-05
9.929e-06,1.56e-06,1.827e-05,9.88e-06,1.827e-05
9.993e-06,1.6e-06,1.834e-05,1e-05,1.834e-05
9.934e-06,1.59e-06,1.839e-05,9.965e-06,1.839e-05
1.0004e-05,1.76e-06,1.839e-05,9.99e-06,1.839e-05
9.99e-06,1.62e-06,1.84e-05,9.885e-06,1.84e-05
9.941e-06,1.55e-06,1.848e-05,9.835e-06,1.848e-05
1.0047e-05,1.09e-06,1.891e-05,9.93e-06,1.891e-05
1.0001e-05,1.35e-06,1.887e-05,9.97e-06,1.887e-05
9.965e-06,1.2e-06,1.883e-05,9.935e-06,1.883e-05
9.975e-06,1.19e-06,1.874e-05,9.975e-06,1.874e-05
9.98e-06,1.32e-06,1.864e-05,9.915e-06,1.864e-05
1.0069e-05,1.42e-06,1.878e-05,1.0005e-05,1.878e-05
1.0094e-05,1.07e-06,1.915e-05,1.0035e-05,1.915e-05
1.0015e-05,1.18e-06,1.886e-05,9.96e-06,1.886e-05
1.0044e-05,1.07e-06,1.899e-05,1.003e-05,1.899e-05
1.0016e-05,1.05e-06,1.899e-05,1.002e-05,1.899e-05
9.992e-06,1.33e-06,1.869e-05,9.975e-06,1.869e-05
1.008e-05,1.38e-06,1.883e-05,1.0055e-05,1.883e-05
9.974e-06,1.49e-06,1.839e-05,1.005e-05,1.839e-05
9.992e-06,1.63e-06,1.839e-05,1.0005e-05,1.839e-05
9.982e-06,1.5e-06,1.84e-05,9.955e-06,1.84e-05
9.961e-06,1.63e-06,1.841e-05,9.97e-06,1.841e-05
1.0049e-05,1.4e-06,1.861e-05,9.975e-06,1.861e-05
1.0571e-05,1.42e-06,2.112e-05,1.124e-05,2.112e-05
1.0261e-05,8.3e-07,1.954e-05,1.016e-05,1.954e-05
1.0044e-05,1.17e-06,1.901e-05,9.985e-06,1.901e-05
9.989e-06,1.07e-06,1.886e-05,1e-05,1.886e-05
9.984e-06,1.19e-06,1.879e-05,9.895e-06,1.879e-05
9.963e-06,1.62e-06,1.845e-05,9.965e-06,1.845e-05
9.91e-06,1.46e-06,1.839e-05,9.9e-06,1.839e-05
9.986e-06,1.54e-06,1.861e-05,1.0025e-05,1.861e-05
9.938e-06,1.27e-06,1.866e-05,9.915e-06,1.866e-05
9.931e-06,1.32e-06,1.859e-05,9.95e-06,1.859e-05
1.0054e-05,1.44e-06,1.884e-05,1.0075e-05,1.884e-05
9.919e-06,1.27e-06,1.869e-05,9.87e-06,1.869e-05
1.0004e-05,1.35e-06,1.853e-05,9.945e-06,1.853e-05
9.945e-06,1.4e-06,1.873e-05,9.965e-06,1.873e-05
9.976e-06,1.1e-06,1.875e-05,9.925e-06,1.875e-05
1.009e-05,1.34e-06,1.869e-05,1.0075e-05,1.869e-05
9.924e-06,1.63e-06,1.826e-05,1.0025e-05,1.826e-05
9.9e-06,1.75e-06,1.824e-05,9.87e-06,1.824e-05
9.941e-06,1.54e-06,1.839e-05,9.905e-06,1.839e-05
9.951e-06,1.5e-06,1.836e-05,1.003e-05,1.836e-05
9.989e-06,1.11e-06,1.882e-05,9.96e-06,1.882e-05
1.0015e-05,1.21e-06,1.872e-05,1.012e-05,1.872e-05
9.899e-06,1.55e-06,1.833e-05,9.95e-06,1.833e-05
1.0034e-05,1.63e-06,1.852e-05,1.002e-05,1.852e-05
9.988e-06,1.22e-06,1.869e-05,9.975e-06,1.869e-05
9.895e-06,1.34e-06,1.855e-05,9.91e-06,1.855e-05
1.0023e-05,1.35e-06,1.857e-05,1.0085e-05,1.857e-05
9.96e-06,1.32e-06,1.86e-05,9.945e-06,1.86e-05
1.007e-05,1.54e-06,1.85e-05,1.018e-05,1.85e-05
9.941e-06,1.54e-06,1.844e-05,1.0005e-05,1.844e-05
9.991e-06,1.76e-06,1.838e-05,9.845e-06,1.838e-05
1.0005e-05,1.61e-06,1.832e-05,1.016e-05,1.832e-05
9.919e-06,1.67e-06,1.837e-05,9.97e-06,1.837e-05
9.994e-06,1.56e-06,1.846e-05,9.975e-06,1.846e-05
1.0035e-05,1.1e-06,1.891e-05,1.0015e-05,1.891e-05
1.0074e-05,9.4e-07,1.912e-05,1.0005e-05,1.912e-05
1.0012e-05,1.33e-06,1.885e-05,9.99e-06,1.885e-05
1.0011e-05,1.06e-06,1.882e-05,9.9e-06,1.882e-05
9.953e-06,1.21e-06,1.883e-05,9.925e-06,1.883e-05
1.0093e-05,1.29e-06,1.879e-05,1.0015e-05,1.879e-05
9.993e-06,1.13e-06,1.874e-05,9.96e-06,1.874e-05
9.956e-06,1.67e-06,1.834e-05,1.0045e-05,1.834e-05
9.956e-06,1.27e-06,1.855e-05,9.995e-06,1.855e-05
9.98e-06,1.65e-06,1.841e-05,9.895e-06,1.841e-05
9.94e-06,1.42e-06,1.826e-05,1.008e-05,1.826e-05
1e-05,1.59e-06,1.851e-05,9.965e-06,1.851e-05
1.0016e-05,1.58e-06,1.826e-05,1.009e-05,1.826e-05
1.0105e-05,1.7e-06,1.867e-05,1.0025e-05,1.867e-05
1.0934e-05,4.71e-06,1.891e-05,9.885e-06,1.891e-05
9.923e-06,4.57e-06,1.522e-05,9.99e-06,1.522e-05
9.981e-06,4.54e-06,1.553e-05,9.995e-06,1.553e-05
1.0056e-05,4.35e-06,1.561e-05,1.0155e-05,1.561e-05
9.974e-06,4.27e-06,1.569e-05,1.0045e-05,1.569e-05
9.994e-06,3.92e-06,1.61e-05,9.885e-06,1.61e-05
1.0014e-05,4.22e-06,1.598e-05,1.001e-05,1.598e-05
9.929e-06,4.29e-06,1.58e-05,9.98e-06,1.58e-05
9.95e-06,3.73e-06,1.611e-05,9.895e-06,1.611e-05
1.0023e-05,3.59e-06,1.643e-05,1.005e-05,1.643e-05
1.0001e-05,3.36e-06,1.662e-05,1e-05,1.662e-05
9.961e-06,3.1e-06,1.685e-05,9.95e-06,1.685e-05
1.0074e-05,3.4e-06,1.663e-05,1e-05,1.663e-05
9.937e-06,3.13e-06,1.687e-05,9.995e-06,1.687e-05
9.946e-06,3.08e-06,1.703e-05,9.94e-06,1.703e-05
1.0028e-05,3.12e-06,1.71e-05,1.003e-05,1.71e-05
1.0014e-05,2.88e-06,1.711e-05,1.007e-05,1.711e-05
9.966e-06,2.55e-06,1.744e-05,9.95e-06,1.744e-05
1.0011e-05,2.21e-06,1.798e-05,1.006e-05,1.798e-05
1.0038e-05,1.8e-06,1.818e-05,9.995e-06,1.818e-05
9.965e-06,1.79e-06,1.822e-05,9.975e-06,1.822e-05
9.957e-06,1.79e-06,1.806e-05,9.97e-06,1.806e-05
9.922e-06,1.89e-06,1.811e-05,9.935e-06,1.811e-05
1.0071e-05,2.02e-06,1.819e-05,9.98e-06,1.819e-05
9.947e-06,1.81e-06,1.818e-05,9.935e-06,1.818e-05
1.0001e-05,1.56e-06,1.837e-05,9.945e-06,1.837e-05
1.0077e-05,1.8e-06,1.869e-05,1.0185e-05,1.869e-05
1.0026e-05,2.1e-06,1.825e-05,1.013e-05,1.825e-05
1.0062e-05,1.93e-06,1.817e-05,9.935e-06,1.817e-05
9.975e-06,1.95e-06,1.818e-05,9.92e-06,1.818e-05
9.97e-06,1.76e-06,1.816e-05,9.89e-06,1.816e-05
9.994e-06,1.71e-06,1.832e-05,1.0035e-05,1.832e-05
9.959e-06,1.87e-06,1.803e-05,9.935e-06,1.803e-05
9.986e-06,1.68e-06,1.837e-05,9.915e-06,1.837e-05
9.991e-06,1.49e-06,1.844e-05,9.875e-06,1.844e-05
1.0032e-05,1.21e-06,1.864e-05,1.012e-05,1.864e-05
1e-05,1.38e-06,1.859e-05,9.985e-06,1.859e-05
1.0061e-05,1.43e-06,1.87e-05,1.0005e-05,1.87e-05
9.94e-06,1.54e-06,1.843e-05,9.925e-06,1.843e-05
1.0107e-05,1.51e-06,1.856e-05,1.002e-05,1.856e-05
9.898e-06,1.55e-06,1.829e-05,9.89e-06,1.829e-05
1.0003e-05,1.12e-06,1.88e-05,9.96e-06,1.88e-05
1.0075e-05,1.51e-06,1.878e-05,1.0105e-05,1.878e-05
9.997e-06,1.27e-06,1.86e-05,9.965e-06,1.86e-05
1.0036e-05,1.13e-06,1.889e-05,1.014e-05,1.889e-05
9.993e-06,1.52e-06,1.842e-05,9.915e-06,1.842e-05
9.93e-06,1.62e-06,1.823e-05,9.935e-06,1.823e-05
1.0144e-05,1.87e-06,1.867e-05,1.0055e-05,1.867e-05
1.0005e-05,1.72e-06,1.865e-05,9.975e-06,1.865e-05
1.0039e-05,1e-06,1.887e-05,1.0085e-05,1.887e-05
1.0007e-05,1.18e-06,1.882e-05,9.99e-06,1.882e-05
9.926e-06,1.06e-06,1.868e-05,9.915e-06,1.868e-05
9.936e-06,1.1e-06,1.876e-05,9.915e-06,1.876e-05
9.989e-06,1.38e-06,1.871e-05,9.89e-06,1.871e-05
9.965e-06,1.37e-06,1.862e-05,9.93e-06,1.862e-05
1.0026e-05,1.48e-06,1.856e-05,1.0055e-05,1.856e-05
9.96e-06,1.76e-06,1.846e-05,9.88e-06,1.846e-05
9.969e-06,1.42e-06,1.855e-05,9.96e-06,1.855e-05
1.0041e-05,1.46e-06,1.877e-05,1.0055e-05,1.877e-05
1.007e-05,1.13e-06,1.877e-05,1.012e-05,1.877e-05
9.984e-06,1.07e-06,1.912e-05,9.9e-06,1.912e-05
1.0206e-05,9e-07,1.931e-05,9.965e-06,1.931e-05
1.0017e-05,1.03e-06,1.887e-05,9.99e-06,1.887e-05
1.0152e-05,1.28e-06,1.885e-05,1.006e-05,1.885e-05
1.0154e-05,1.37e-06,1.897e-05,1.013e-05,1.897e-05
9.976e-06,1.3e-06,1.87e-05,9.9e-06,1.87e-05
1.0011e-05,1.51e-06,1.873e-05,1e-05,1.873e-05
9.954e-06,1.27e-06,1.871e-05,9.965e-06,1.871e-05
9.986e-06,1.18e-06,1.881e-05,9.935e-06,1.881e-05
9.956e-06,1.12e-06,1.891e-05,9.93e-06,1.891e-05
9.884e-06,1.23e-06,1.868e-05,9.895e-06,1.868e-05
1.0003e-05,1.46e-06,1.873e-05,1.01e-05,1.873e-05
1.0018e-05,1.42e-06,1.897e-05,1.002e-05,1.897e-05
1.003e-05,1.17e-06,1.89e-05,9.925e-06,1.89e-05
1.0066e-05,1.14e-06,1.902e-05,1.0025e-05,1.902e-05
1.0041e-05,9.7e-07,1.902e-05,1.001e-05,1.902e-05
1.0047e-05,1.17e-06,1.872e-05,1.0035e-05,1.872e-05
9.935e-06,1.32e-06,1.854e-05,9.91e-06,1.854e-05
9.965e-06,1.13e-06,1.876e-05,9.91e-06,1.876e-05
1.002e-05,1.38e-06,1.866e-05,1.0055e-05,1.866e-05
9.965e-06,1.28e-06,1.862e-05,9.88e-06,1.862e-05
1.0021e-05,1.98e-06,1.81e-05,9.94e-06,1.81e-05
9.906e-06,1.87e-06,1.79e-05,9.975e-06,1.79e-05
9.936e-06,2.01e-06,1.795e-05,9.89e-06,1.795e-05
9.899e-06,1.54e-06,1.834e-05,9.835e-06,1.834e-05
1.0089e-05,1.27e-06,1.869e-05,1.001e-05,1.869e-05
9.964e-06,1.8e-06,1.835e-05,1.005e-05,1.835e-05
9.979e-06,2.11e-06,1.804e-05,9.99e-06,1.804e-05
9.958e-06,2.14e-06,1.772e-05,9.88e-06,1.772e-05
9.889e-06,2.11e-06,1.774e-05,9.895e-06,1.774e-05
1.0103e-05,2.9e-06,1.799e-05,9.97e-06,1.799e-05
9.95e-06,3.25e-06,1.678e-05,9.975e-06,1.678e-05
9.966e-06,2.92e-06,1.708e-05,9.935e-06,1.708e-05
1.0068e-05,2.4e-06,1.766e-05,9.965e-06,1.766e-05
1.0008e-05,2.22e-06,1.774e-05,9.935e-06,1.774e-05
1.002e-05,2.18e-06,1.809e-05,1.008e-05,1.809e-05
1.0073e-05,1.51e-06,1.846e-05,9.935e-06,1.846e-05
1.0009e-05,1.15e-06,1.872e-05,9.98e-06,1.872e-05
9.991e-06,1.37e-06,1.878e-05,1.0075e-05,1.878e-05
9.965e-06,1.25e-06,1.875e-05,1.0075e-05,1.875e-05
1.0036e-05,1.42e-06,1.886e-05,9.965e-06,1.886e-05
1.0229e-05,1.07e-06,1.912e-05,1.0095e-05,1.912e-05
9.921e-06,9.9e-07,1.898e-05,9.89e-06,1.898e-05
9.965e-06,1.08e-06,1.886e-05,9.935e-06,1.886e-05
9.989e-06,1.28e-06,1.874e-05,1e-05,1.874e-05
1.0018e-05,1.25e-06,1.874e-05,1.0065e-05,1.874e-05
1.002e-05,1.42e-06,1.873e-05,1.0095e-05,1.873e-05
1.0057e-05,1.47e-06,1.843e-05,1.0125e-05,1.843e-05
1.0004e-05,1.28e-06,1.86e-05,9.915e-06,1.86e-05
1.0025e-05,1.35e-06,1.871e-05,1.007e-05,1.871e-05
9.945e-06,1.12e-06,1.88e-05,9.955e-06,1.88e-05
1.0084e-05,1.25e-06,1.875e-05,1.0035e-05,1.875e-05
9.893e-06,1.4e-06,1.848e-05,9.84e-06,1.848e-05
1.014e-05,1.23e-06,1.87e-05,1.006e-05,1.87e-05
9.949e-06,1.55e-06,1.841e-05,9.9e-06,1.841e-05
9.969e-06,1.58e-06,1.834e-05,1.004e-05,1.834e-05
9.92e-06,1.35e-06,1.841e-05,9.955e-06,1.841e-05
9.956e-06,1.67e-06,1.851e-05,1.002e-05,1.851e-05
9.907e-06,1.82e-06,1.81e-05,9.925e-06,1.81e-05
1.002e-05,1.66e-06,1.839e-05,1.0025e-05,1.839e-05
9.881e-06,1.57e-06,1.826e-05,9.89e-06,1.826e-05
9.95e-06,1.67e-06,1.83e-05,9.97e-06,1.83e-05
9.909e-06,1.76e-06,1.812e-05,9.97e-06,1.812e-05
9.929e-06,1.45e-06,1.836e-05,9.93e-06,1.836e-05
9.978e-06,1.38e-06,1.841e-05,9.985e-06,1.841e-05
1.0011e-05,1.49e-06,1.858e-05,9.95e-06,1.858e-05
9.979e-06,1.55e-06,1.852e-05,1.005e-05,1.852e-05
1.0066e-05,1.51e-06,1.851e-05,1.006e-05,1.851e-05
9.918e-06,1.45e-06,1.841e-05,9.865e-06,1.841e-05
9.887e-06,1.44e-06,1.837e-05,9.88e-06,1.837e-05
9.997e-06,1.42e-06,1.867e-05,9.99e-06,1.867e-05
9.951e-06,1.3e-06,1.866e-05,9.94e-06,1.866e-05
1.0009e-05,1.27e-06,1.867e-05,9.855e-06,1.867e-05
1.0104e-05,9.2e-07,1.917e-05,9.98e-06,1.917e-05
1.0059e-05,8.7e-07,1.91e-05,1.001e-05,1.91e-05
1.0074e-05,9.3e-07,1.906e-05,1.0165e-05,1.906e-05
9.961e-06,1.35e-06,1.862e-05,9.93e-06,1.862e-05
9.974e-06,1.27e-06,1.872e-05,9.92e-06,1.872e-05
9.959e-06,1.15e-06,1.887e-05,9.955e-06,1.887e-05
9.945e-06,1.78e-06,1.835e-05,9.905e-06,1.835e-05
9.961e-06,1.37e-06,1.847e-05,9.905e-06,1.847e-05
9.933e-06,1.14e-06,1.873e-05,9.895e-06,1.873e-05
1.004e-05,9.4e-07,1.909e-05,9.96e-06,1.909e-05
1.0063e-05,1.17e-06,1.878e-05,1.0005e-05,1.878e-05
9.958e-06,1.47e-06,1.838e-05,1.0055e-05,1.838e-05
1.001e-05,1.66e-06,1.844e-05,9.95e-06,1.844e-05
9.924e-06,1.62e-06,1.827e-05,9.91e-06,1.827e-05
1.005e-05,1.34e-06,1.851e-05,1.006e-05,1.851e-05
9.955e-06,1.49e-06,1.858e-05,9.81e-06,1.858e-05
1.01e-05,1.1e-06,1.886e-05,9.995e-06,1.886e-05
9.924e-06,1.14e-06,1.879e-05,9.915e-06,1.879e-05
1.0265e-05,9.4e-07,1.941e-05,1.019e-05,1.941e-05
9.98e-06,1.32e-06,1.864e-05,9.9e-06,1.864e-05
9.93e-06,1.07e-06,1.88e-05,9.915e-06,1.88e-05
1.001e-05,1.16e-06,1.9e-05,9.995e-06,1.9e-05
9.973e-06,1.21e-06,1.876e-05,9.96e-06,1.876e-05
9.946e-06,1.08e-06,1.886e-05,9.87e-06,1.886e-05
1.0049e-05,1.32e-06,1.895e-05,9.985e-06,1.895e-05
9.951e-06,1.51e-06,1.852e-05,9.965e-06,1.852e-05
1.0233e-05,1.1e-06,1.925e-05,1.0165e-05,1.925e-05
1.0056e-05,1.21e-06,1.895e-05,9.98e-06,1.895e-05
1.0045e-05,1.33e-06,1.869e-05,1.009e-05,1.869e-05
9.945e-06,1.44e-06,1.863e-05,9.93e-06,1.863e-05
9.963e-06,1.16e-06,1.878e-05,9.955e-06,1.878e-05
1.0031e-05,1.17e-06,1.89e-05,9.925e-06,1.89e-05
9.925e-06,1.12e-06,1.866e-05,9.875e-06,1.866e-05
9.931e-06,1.41e-06,1.868e-05,9.935e-06,1.868e-05
9.944e-06,1.24e-06,1.864e-05,1.0015e-05,1.864e-05
9.989e-06,1.52e-06,1.868e-05,9.93e-06,1.868e-05
1.0009e-05,1.58e-06,1.833e-05,9.99e-06,1.833e-05
9.962e-06,1.67e-06,1.833e-05,9.98e-06,1.833e-05
9.954e-06,1.6e-06,1.832e-05,1.0005e-05,1.832e-05
9.994e-06,1.73e-06,1.859e-05,9.835e-06,1.859e-05
1.0003e-05,1.43e-06,1.854e-05,9.985e-06,1.854e-05
9.95e-06,1.29e-06,1.87e-05,9.94e-06,1.87e-05
1.0021e-05,1.4e-06,1.866e-05,1.007e-05,1.866e-05
9.952e-06,1.4e-06,1.849e-05,9.935e-06,1.849e-05
9.959e-06,1.2e-06,1.869e-05,9.99e-06,1.869e-05
9.913e-06,1.4e-06,1.861e-05,9.925e-06,1.861e-05
1.008e-05,5.68e-06,1.434e-05,9.995e-06,5.68e-06
1.0111e-05,5.83e-06,1.444e-05,1.011e-05,5.83e-06
1.009e-05,6.22e-06,1.394e-05,1.01e-05,6.22e-06
1.0114e-05,6.15e-06,1.418e-05,1.0145e-05,6.15e-06
1.0215e-05,6e-06,1.434e-05,1.0235e-05,6.6e-06
1.0174e-05,6.06e-06,1.433e-05,1.0175e-05,6.9e-06
1.0135e-05,6e-06,1.418e-05,1.0175e-05,7.2e-06
1.0223e-05,5.58e-06,1.477e-05,1.0235e-05,7.24e-06
1.0107e-05,5.05e-06,1.532e-05,1.0075e-05,7.52e-06
1.0253e-05,4.45e-06,1.579e-05,1.0305e-05,7.55e-06
1.0144e-05,4.64e-06,1.586e-05,1.0195e-05,7.79e-06
1.0119e-05,4.72e-06,1.554e-05,1.0155e-05,7.63e-06
1.0282e-05,4.79e-06,1.568e-05,1.0335e-05,7.71e-06
1.0065e-05,4.93e-06,1.519e-05,9.97e-06,7.57e-06
1.0114e-05,4.78e-06,1.526e-05,1.0075e-05,7.61e-06
1.0094e-05,4.87e-06,1.53e-05,1.0085e-05,7.43e-06
1.0195e-05,4.88e-06,1.569e-05,1.022e-05,7.66e-06
1.0161e-05,4.52e-06,1.57e-05,1.0205e-05,7.66e-06
1.0045e-05,4.71e-06,1.556e-05,9.985e-06,7.65e-06
1.0039e-05,4.62e-06,1.552e-05,1.0015e-05,7.63e-06
1.0316e-05,3.41e-06,1.671e-05,1.0585e-05,8.75e-06
1.0085e-05,3.65e-06,1.637e-05,1.021e-05,8.81e-06
1.0168e-05,4.02e-06,1.678e-05,1.0035e-05,8.66e-06
1.0147e-05,3.91e-06,1.625e-05,1.021e-05,8.73e-06
1.0095e-05,3.82e-06,1.641e-05,1.0045e-05,8.59e-06
1.0274e-05,4.02e-06,1.648e-05,1.0325e-05,8.8e-06
1.0496e-05,5.87e-06,1.643e-05,1.0275e-05,8.64e-06
1.0011e-05,6.03e-06,1.409e-05,9.97e-06,8.84e-06
1.0199e-05,5.76e-06,1.486e-05,1.013e-05,8.9e-06
1.0036e-05,5.06e-06,1.499e-05,1.0165e-05,9.16e-06
1.0011e-05,5.2e-06,1.478e-05,1.0025e-05,9.05e-06
1.0102e-05,5.45e-06,1.487e-05,1.0265e-05,9.35e-06
1.0015e-05,5.06e-06,1.486e-05,1.0075e-05,9.38e-06
9.973e-06,4.84e-06,1.502e-05,9.98e-06,9.31e-06
1.009e-05,5.04e-06,1.499e-05,1.019e-05,9.39e-06
1.0033e-05,4.77e-06,1.52e-05,9.985e-06,9.04e-06
1.0152e-05,4.76e-06,1.542e-05,1.02e-05,9.3e-06
1.0035e-05,4.75e-06,1.529e-05,9.955e-06,9.11e-06
9.998e-06,4.93e-06,1.529e-05,1.004e-05,9.27e-06
1.0098e-05,4.78e-06,1.566e-05,1.002e-05,9.33e-06
1.006e-05,4.21e-06,1.596e-05,1.009e-05,9.61e-06
1.2849e-05,1.29e-06,2.09e-05,1.269e-05,1.707e-05
1.0054e-05,1.59e-06,1.849e-05,1.023e-05,1.5e-05
1.0042e-05,1.62e-06,1.823e-05,1.005e-05,1.518e-05
1.0103e-05,1.94e-06,1.832e-05,1.013e-05,1.515e-05
9.976e-06,1.85e-06,1.8e-05,9.99e-06,1.478e-05
1.0036e-05,2.19e-06,1.779e-05,1.002e-05,1.486e-05
1.0052e-05,2.03e-06,1.774e-05,1.0005e-05,1.496e-05
1.0122e-05,2.2e-06,1.803e-05,1.021e-05,1.465e-05
1.0113e-05,1.89e-06,1.834e-05,1.033e-05,1.475e-05
9.93e-06,1.82e-06,1.801e-05,9.93e-06,1.478e-05
1.0167e-05,2.26e-06,1.806e-05,1.0405e-05,1.542e-05
1.008e-05,2.98e-06,1.733e-05,1.001e-05,1.559e-05
1.009e-05,2.8e-06,1.742e-05,1.0155e-05,1.578e-05
1.0066e-05,2.74e-06,1.745e-05,1.011e-05,1.553e-05
1.0187e-05,2.97e-06,1.775e-05,1.027e-05,1.538e-05
1.0001e-05,2.28e-06,1.772e-05,1.0115e-05,1.517e-05
1.0116e-05,2.5e-06,1.768e-05,1.034e-05,1.532e-05
9.997e-06,2.53e-06,1.733e-05,1.0035e-05,1.538e-05
9.978e-06,2.49e-06,1.728e-05,1e-05,1.518e-05
1.0084e-05,2.89e-06,1.736e-05,1.0105e-05,1.537e-05
1.0022e-05,2.57e-06,1.737e-05,1.0025e-05,1.559e-05
1.0018e-05,2.72e-06,1.726e-05,1.0035e-05,1.562e-05
1.0029e-05,2.83e-06,1.707e-05,1.001e-05,1.571e-05
1.0067e-05,2.99e-06,1.715e-05,1.0095e-05,1.597e-05
1.0065e-05,3.14e-06,1.682e-05,1.013e-05,1.613e-05
1.003e-05,3.34e-06,1.653e-05,1.0005e-05,1.622e-05
1.0067e-05,3.51e-06,1.66e-05,1.009e-05,1.626e-05
1.0115e-05,3.89e-06,1.643e-05,1.0085e-05,1.625e-05
1.001e-05,3.72e-06,1.624e-05,1.004e-05,1.624e-05
9.977e-06,3.53e-06,1.657e-05,1.0045e-05,1.657e-05
1.009e-05,3.71e-06,1.664e-05,1.021e-05,1.664e-05
1.0059e-05,3.46e-06,1.678e-05,1.0135e-05,1.678e-05
1.0105e-05,3.02e-06,1.711e-05,1.0055e-05,1.711e-05
1.002e-05,2.64e-06,1.739e-05,1.0035e-05,1.739e-05
9.959e-06,2.62e-06,1.748e-05,9.945e-06,1.748e-05
1.0217e-05,2.32e-06,1.781e-05,1.068e-05,1.781e-05
1.0169e-05,2.64e-06,1.783e-05,1.0025e-05,1.783e-05
1.0022e-05,2.9e-06,1.717e-05,9.965e-06,1.717e-05
1.0151e-05,2.69e-06,1.751e-05,1.0175e-05,1.751e-05
1.0066e-05,2.32e-06,1.759e-05,1.0005e-05,1.759e-05
1.0093e-05,2.34e-06,1.799e-05,1.0085e-05,1.799e-05
1.0004e-05,1.92e-06,1.804e-05,1.005e-05,1.804e-05
1.0099e-05,1.76e-06,1.824e-05,1.012e-05,1.824e-05
1.0139e-05,2.16e-06,1.814e-05,1.013e-05,1.814e-05
1.0095e-05,2.37e-06,1.803e-05,1.005e-05,1.803e-05
1.0059e-05,1.91e-06,1.809e-05,1.006e-05,1.809e-05
1.0256e-05,1.7e-06,1.866e-05,1.019e-05,1.866e-05
1.0064e-05,1.56e-06,1.837e-05,1.0115e-05,1.837e-05
1.0065e-05,1.17e-06,1.871e-05,1.0005e-05,1.871e-05
1.0039e-05,1.3e-06,1.867e-05,1.0015e-05,1.867e-05
1.0101e-05,1.59e-06,1.857e-05,1.0195e-05,1.857e-05
1.0109e-05,1.47e-06,1.887e-05,1.006e-05,1.887e-05
1.0248e-05,1.64e-06,1.9e-05,1.0385e-05,1.9e-05
1.0139e-05,1.75e-06,1.85e-05,1.0055e-05,1.85e-05
1.0106e-05,1.75e-06,1.858e-05,1.013e-05,1.858e-05
1.0091e-05,1.57e-06,1.845e-05,1.003e-05,1.845e-05
1.0064e-05,1.44e-06,1.854e-05,1.0115e-05,1.854e-05
1.002e-05,1.48e-06,1.861e-05,9.97e-06,1.861e-05
1.0092e-05,1.77e-06,1.84e-05,1.009e-05,1.84e-05
1.0052e-05,2.11e-06,1.813e-05,1.0085e-05,1.813e-05
1.0025e-05,1.9e-06,1.813e-05,1.0045e-05,1.813e-05
1.0106e-05,1.8e-06,1.824e-05,1.0225e-05,1.824e-05
1.0107e-05,1.84e-06,1.815e-05,1.006e-05,1.815e-05
1.0094e-05,1.6e-06,1.856e-05,1.0035e-05,1.856e-05
1.0066e-05,1.41e-06,1.862e-05,1.006e-05,1.862e-05
1.0026e-05,1.26e-06,1.909e-05,9.92e-06,1.909e-05
1.0319e-05,1.03e-06,1.952e-05,1.0285e-05,1.952e-05
1.0154e-05,1.36e-06,1.878e-05,1.011e-05,1.878e-05
1.006e-05,1.32e-06,1.879e-05,1.013e-05,1.879e-05
1.0134e-05,1.72e-06,1.855e-05,1.015e-05,1.855e-05
1.0068e-05,1.78e-06,1.857e-05,1.0095e-05,1.857e-05
1.0047e-05,1.42e-06,1.864e-05,1.0015e-05,1.864e-05
1.0084e-05,1.28e-06,1.877e-05,9.975e-06,1.877e-05
1.001e-05,1.42e-06,1.87e-05,1.004e-05,1.87e-05
1.0049e-05,1.48e-06,1.857e-05,1.0055e-05,1.857e-05
1.007e-05,1.52e-06,1.87e-05,1.001e-05,1.87e-05
1.0044e-05,1.94e-06,1.811e-05,9.99e-06,1.811e-05
1.0191e-05,1.6e-06,1.86e-05,1.014e-05,1.86e-05
1.0119e-05,2.06e-06,1.848e-05,1.02e-05,1.848e-05
1.0024e-05,2.13e-06,1.814e-05,1.0065e-05,1.814e-05
1.0129e-05,2.01e-06,1.799e-05,1.0125e-05,1.799e-05
1.0295e-05,2.1e-06,1.816e-05,1.036e-05,1.816e-05
1.0544e-05,5.13e-06,1.831e-05,1.008e-05,1.831e-05
1.0129e-05,4.87e-06,1.546e-05,1.0025e-05,1.546e-05
1.0051e-05,4.44e-06,1.566e-05,1.0065e-05,1.566e-05
1.0169e-05,4.09e-06,1.62e-05,1.006e-05,1.62e-05
1.013e-05,3.92e-06,1.611e-05,1.021e-05,1.611e-05
9.98e-06,3.57e-06,1.643e-05,9.985e-06,1.643e-05
1.0025e-05,3.67e-06,1.616e-05,1.005e-05,1.616e-05
1.005e-05,3.76e-06,1.654e-05,1.0085e-05,1.654e-05
9.971e-06,3.52e-06,1.648e-05,9.985e-06,1.648e-05
1.0054e-05,3.6e-06,1.679e-05,1.0005e-05,1.679e-05
1.0064e-05,3.13e-06,1.685e-05,1.0035e-05,1.685e-05
1.0094e-05,2.75e-06,1.729e-05,1.0115e-05,1.729e-05
1.0095e-05,2.42e-06,1.756e-05,1.011e-05,1.756e-05
1.0079e-05,2.12e-06,1.788e-05,1.0125e-05,1.788e-05
1.0071e-05,1.63e-06,1.829e-05,1.001e-05,1.829e-05
9.956e-06,1.53e-06,1.843e-05,9.955e-06,1.843e-05
1.0061e-05,1.51e-06,1.853e-05,1.009e-05,1.853e-05
1.0019e-05,1.62e-06,1.854e-05,9.985e-06,1.854e-05
1.0005e-05,1.77e-06,1.833e-05,1.001e-05,1.833e-05
9.993e-06,1.66e-06,1.827e-05,1.0015e-05,1.827e-05
1.0033e-05,1.73e-06,1.851e-05,1.012e-05,1.851e-05
1.0056e-05,1.8e-06,1.83e-05,1.001e-05,1.83e-05
1.001e-05,1.59e-06,1.844e-05,1.001e-05,1.844e-05
9.98e-06,1.97e-06,1.813e-05,9.985e-06,1.813e-05
1.0061e-05,1.9e-06,1.829e-05,9.975e-06,1.829e-05
1.0148e-05,1.77e-06,1.854e-05,1.009e-05,1.854e-05
1.0226e-05,1.49e-06,1.86e-05,1.006e-05,1.86e-05
1.0006e-05,1.81e-06,1.823e-05,1.0015e-05,1.823e-05
9.995e-06,2.37e-06,1.789e-05,1.0065e-05,1.789e-05
1.0021e-05,2.29e-06,1.767e-05,1.0035e-05,1.767e-05
9.998e-06,2.51e-06,1.759e-05,1.0015e-05,1.759e-05
9.935e-06,2.45e-06,1.753e-05,9.95e-06,1.753e-05
1.0023e-05,2.63e-06,1.746e-05,1.0055e-05,1.746e-05
1.0064e-05,2.56e-06,1.78e-05,1.0045e-05,1.78e-05
1.0085e-05,2.32e-06,1.79e-05,9.99e-06,1.79e-05
1.0006e-05,2.01e-06,1.8e-05,9.96e-06,1.8e-05
1.005e-05,2.32e-06,1.788e-05,1.0115e-05,1.788e-05
9.95e-06,2.17e-06,1.777e-05,1e-05,1.777e-05
1.008e-05,2.12e-06,1.797e-05,1.014e-05,1.797e-05
1.004e-05,2.19e-06,1.796e-05,1.013e-05,1.796e-05
9.974e-06,2.45e-06,1.78e-05,9.95e-06,1.78e-05
1.0094e-05,2.38e-06,1.786e-05,9.975e-06,1.786e-05
1.0019e-05,2.76e-06,1.784e-05,9.975e-06,1.784e-05
9.951e-06,2.67e-06,1.726e-05,9.925e-06,1.726e-05
1.0103e-05,2.76e-06,1.751e-05,1.038e-05,1.751e-05
1.0032e-05,2.63e-06,1.761e-05,9.945e-06,1.761e-05
1.0208e-05,2.46e-06,1.769e-05,1.0005e-05,1.769e-05
9.982e-06,2.36e-06,1.767e-05,1.0025e-05,1.767e-05
9.971e-06,2.3e-06,1.786e-05,9.935e-06,1.786e-05
1.0038e-05,2.24e-06,1.804e-05,9.98e-06,1.804e-05
1.003e-05,2.66e-06,1.756e-05,9.995e-06,1.756e-05
1.0065e-05,2.77e-06,1.745e-05,1.0015e-05,1.745e-05
1.0024e-05,2.84e-06,1.738e-05,1.0075e-05,1.738e-05
1.011e-05,2.46e-06,1.772e-05,1.0055e-05,1.772e-05
1.0038e-05,2.32e-06,1.791e-05,1.01e-05,1.791e-05
9.979e-06,1.99e-06,1.808e-05,9.99e-06,1.808e-05
1.0986e-05,1.95e-06,2.193e-05,1.1815e-05,2.193e-05
1.0195e-05,1.24e-06,1.932e-05,1.0135e-05,1.932e-05
1.0185e-05,1.55e-06,1.909e-05,1.035e-05,1.909e-05
1.007e-05,1.47e-06,1.866e-05,1.006e-05,1.866e-05
1.0031e-05,2.14e-06,1.808e-05,1.011e-05,1.808e-05
1.0021e-05,1.94e-06,1.802e-05,1.0055e-05,1.802e-05
1.0035e-05,2.01e-06,1.799e-05,1.0195e-05,1.799e-05
1.0061e-05,1.83e-06,1.846e-05,1.0035e-05,1.846e-05
1.026e-05,1.89e-06,1.843e-05,1.0235e-05,1.843e-05
1.0155e-05,2.51e-06,1.782e-05,1.0235e-05,1.782e-05
1.0071e-05,2.51e-06,1.753e-05,1e-05,1.753e-05
1.008e-05,2.79e-06,1.717e-05,1.0035e-05,1.717e-05
1.0061e-05,3.08e-06,1.708e-05,1.013e-05,1.708e-05
1.0014e-05,3.1e-06,1.691e-05,9.97e-06,1.691e-05
1.007e-05,2.85e-06,1.71e-05,1.003e-05,1.71e-05
9.992e-06,3.13e-06,1.702e-05,9.99e-06,1.702e-05
1.0035e-05,2.75e-06,1.726e-05,1.002e-05,1.726e-05
1.006e-05,2.77e-06,1.747e-05,9.985e-06,1.747e-05
1.001e-05,2.47e-06,1.759e-05,9.98e-06,1.759e-05
1.0033e-05,2.36e-06,1.774e-05,9.985e-06,1.774e-05
1.0131e-05,1.95e-06,1.833e-05,1.0105e-05,1.833e-05
1.0044e-05,1.77e-06,1.826e-05,9.955e-06,1.826e-05
1.0046e-05,1.51e-06,1.864e-05,1.0015e-05,1.864e-05
1.002e-05,1.4e-06,1.872e-05,1.0035e-05,1.872e-05
1.0041e-05,1.6e-06,1.844e-05,1.0165e-05,1.844e-05
1.0108e-05,1.77e-06,1.844e-05,1.013e-05,1.844e-05
1.0055e-05,1.64e-06,1.823e-05,1.003e-05,1.823e-05
1.0025e-05,1.89e-06,1.817e-05,1.0015e-05,1.817e-05
1.0066e-05,1.94e-06,1.821e-05,1.0095e-05,1.821e-05
1.0093e-05,2.13e-06,1.806e-05,1.0035e-05,1.806e-05
1.0056e-05,1.43e-06,1.847e-05,9.975e-06,1.847e-05
9.985e-06,1.25e-06,1.879e-05,9.935e-06,1.879e-05
9.956e-06,1.24e-06,1.861e-05,9.88e-06,1.861e-05
1.0075e-05,1.28e-06,1.886e-05,1.0045e-05,1.886e-05
9.994e-06,1.28e-06,1.886e-05,9.99e-06,1.886e-05
1.0127e-05,8.8e-07,1.929e-05,1.003e-05,1.929e-05
1.0181e-05,1.08e-06,1.91e-05,1.021e-05,1.91e-05
1.0091e-05,1.34e-06,1.868e-05,1.004e-05,1.868e-05
1.0116e-05,1.22e-06,1.9e-05,1.0035e-05,1.9e-05
1.0206e-05,1.38e-06,1.872e-05,1.0085e-05,1.872e-05
1.0102e-05,1.6e-06,1.851e-05,1.0245e-05,1.851e-05
1.016e-05,1.48e-06,1.885e-05,1.0075e-05,1.885e-05
1.0171e-05,1.41e-06,1.899e-05,1.02e-05,1.899e-05
1.0035e-05,1.24e-06,1.899e-05,9.93e-06,1.899e-05
1.0091e-05,1.53e-06,1.881e-05,1.0095e-05,1.881e-05
1.0101e-05,1.64e-06,1.88e-05,1.0055e-05,1.88e-05
1.0025e-05,1.25e-06,1.886e-05,1.003e-05,1.886e-05
1.6385e-05,1.03e-06,6.08e-05,1.198e-05,1.913e-05
1.0559e-05,4.12e-06,1.892e-05,1.034e-05,1.131e-05
1.0174e-05,4.44e-06,1.594e-05,1.0185e-05,1.07e-05
1.0021e-05,4.42e-06,1.554e-05,1.0145e-05,1.081e-05
1.007e-05,4.46e-06,1.582e-05,1.0125e-05,1.091e-05
1.0126e-05,4.28e-06,1.574e-05,1.019e-05,1.095e-05
1.0091e-05,4.23e-06,1.58e-05,1.01e-05,1.086e-05
1.0104e-05,4.26e-06,1.585e-05,1.02e-05,1.123e-05
1.0001e-05,4.32e-06,1.58e-05,1.0105e-05,1.126e-05
1.0088e-05,4.15e-06,1.605e-05,1.007e-05,1.14e-05
1.0121e-05,3.85e-06,1.627e-05,1.0105e-05,1.154e-05
1.0063e-05,3.59e-06,1.635e-05,1.0135e-05,1.16e-05
1.007e-05,3.6e-06,1.647e-05,1.013e-05,1.156e-05
1.0131e-05,3.73e-06,1.638e-05,1.01e-05,1.176e-05
1.0095e-05,3.71e-06,1.629e-05,1.019e-05,1.199e-05
1.0061e-05,4.02e-06,1.601e-05,1.0095e-05,1.199e-05
1.0035e-05,4.42e-06,1.568e-05,1.0165e-05,1.23e-05
1.0139e-05,4.88e-06,1.514e-05,1.004e-05,1.194e-05
1.0116e-05,5.34e-06,1.49e-05,1.019e-05,1.217e-05
1.0025e-05,5.3e-06,1.47e-05,1.005e-05,1.211e-05
1.037e-05,6.5e-06,1.409e-05,1.0315e-05,1.346e-05
1.0315e-05,6.64e-06,1.412e-05,1.018e-05,1.412e-05
1.019e-05,6.28e-06,1.417e-05,1.0115e-05,1.396e-05
1.0061e-05,5.65e-06,1.44e-05,1.002e-05,1.412e-05
1.0101e-05,5.5e-06,1.462e-05,1.011e-05,1.457e-05
1.0211e-05,5.47e-06,1.488e-05,1.018e-05,1.488e-05
1.0141e-05,5.35e-06,1.49e-05,1.0105e-05,1.49e-05
1.0084e-05,5.57e-06,1.482e-05,1.005e-05,1.482e-05
1.0068e-05,5.49e-06,1.456e-05,1.0035e-05,1.452e-05
1.0185e-05,5.59e-06,1.475e-05,1.0285e-05,1.448e-05
1.0065e-05,5.8e-06,1.438e-05,1.0055e-05,1.414e-05
1.0152e-05,5.86e-06,1.431e-05,1.0175e-05,1.43e-05
1.0091e-05,5.81e-06,1.452e-05,9.89e-06,1.452e-05
1.0108e-05,5.36e-06,1.466e-05,1.0125e-05,1.46e-05
1.0257e-05,5.93e-06,1.472e-05,1.001e-05,1.448e-05
1.0146e-05,5.73e-06,1.458e-05,1.018e-05,1.432e-05
1.0106e-05,5.43e-06,1.477e-05,1.0045e-05,1.467e-05
1.0094e-05,5.14e-06,1.502e-05,1.0175e-05,1.492e-05
1.001e-05,5.15e-06,1.506e-05,9.995e-06,1.506e-05
1.012e-05,5.13e-06,1.512e-05,1.0075e-05,1.512e-05
1.0111e-05,4.99e-06,1.539e-05,1.008e-05,1.539e-05
1.0201e-05,4.58e-06,1.572e-05,1.024e-05,1.572e-05
1.0128e-05,4.5e-06,1.599e-05,1.0105e-05,1.599e-05
1.0135e-05,4.03e-06,1.606e-05,9.93e-06,1.606e-05
1.0007e-05,3.88e-06,1.629e-05,1.006e-05,1.629e-05
1.0077e-05,3.81e-06,1.667e-05,1.0035e-05,1.667e-05
1.0174e-05,3.32e-06,1.69e-05,1.01e-05,1.69e-05
1.0093e-05,3.43e-06,1.711e-05,1.004e-05,1.711e-05
1.012e-05,3.08e-06,1.709e-05,1.009e-05,1.709e-05
1.008e-05,2.87e-06,1.741e-05,9.95e-06,1.741e-05
1.007e-05,2.81e-06,1.751e-05,1.0045e-05,1.751e-05
1.0306e-05,2.33e-06,1.802e-05,1.0255e-05,1.802e-05
1.0055e-05,1.96e-06,1.818e-05,9.955e-06,1.818e-05
1.0271e-05,1.66e-06,1.868e-05,1.025e-05,1.868e-05
1.0053e-05,1.15e-06,1.91e-05,1.007e-05,1.91e-05
1.004e-05,1.15e-06,1.925e-05,9.975e-06,1.925e-05
1.0179e-05,9.9e-07,1.942e-05,1.006e-05,1.942e-05
1.0054e-05,1.45e-06,1.902e-05,1.0115e-05,1.902e-05
1.0079e-05,1.37e-06,1.906e-05,9.91e-06,1.906e-05
1.0135e-05,1.08e-06,1.918e-05,1.01e-05,1.918e-05
1.0032e-05,1.11e-06,1.902e-05,1.0005e-05,1.902e-05
1.0196e-05,1.22e-06,1.939e-05,1.009e-05,1.939e-05
1.0085e-05,1.26e-06,1.901e-05,1.012e-05,1.901e-05
1.0156e-05,1.42e-06,1.89e-05,1.0015e-05,1.89e-05
1.012e-05,1.31e-06,1.911e-05,1.016e-05,1.911e-05
1.0119e-05,1.31e-06,1.92e-05,1.011e-05,1.92e-05
1.014e-05,1.14e-06,1.914e-05,1.0225e-05,1.914e-05
1.0006e-05,1.36e-06,1.874e-05,9.975e-06,1.874e-05
1.0013e-05,1.48e-06,1.879e-05,9.945e-06,1.879e-05
1.0129e-05,1.52e-06,1.885e-05,1.008e-05,1.885e-05
1.0058e-05,1.4e-06,1.876e-05,1.012e-05,1.876e-05
1.0075e-05,1.59e-06,1.886e-05,1.0035e-05,1.886e-05
1.0105e-05,1.34e-06,1.891e-05,1.003e-05,1.891e-05
1.002e-05,1.25e-06,1.895e-05,1.0065e-05,1.895e-05
1.0095e-05,1.34e-06,1.945e-05,1.006e-05,1.945e-05
1.0115e-05,1.18e-06,1.932e-05,1.022e-05,1.932e-05
1.0249e-05,1.37e-06,1.923e-05,1.035e-05,1.923e-05
1.0113e-05,1.32e-06,1.905e-05,1.009e-05,1.905e-05
1.0125e-05,1.29e-06,1.905e-05,1.0135e-05,1.905e-05
1.0146e-05,1e-06,1.936e-05,1.011e-05,1.936e-05
1.0086e-05,1.03e-06,1.924e-05,1.003e-05,1.924e-05
1.0116e-05,1.16e-06,1.932e-05,1.0135e-05,1.932e-05
1.0097e-05,1.17e-06,1.91e-05,9.925e-06,1.91e-05
1.0216e-05,1.1e-06,1.899e-05,1.017e-05,1.899e-05
9.956e-06,1.07e-06,1.896e-05,1e-05,1.896e-05
1.0106e-05,1.1e-06,1.917e-05,1.0125e-05,1.917e-05
1.0134e-05,1.02e-06,1.948e-05,1.0135e-05,1.948e-05
1.0489e-05,2.98e-06,1.953e-05,1.0225e-05,1.953e-05
1.0023e-05,2.93e-06,1.727e-05,1.0025e-05,1.727e-05
1.2008e-05,2.74e-06,1.747e-05,1.43e-05,1.747e-05
1.04e-05,5.35e-06,1.552e-05,1.0455e-05,9.41e-06
1.0145e-05,5.15e-06,1.496e-05,1.023e-05,8.93e-06
1.0091e-05,5.41e-06,1.472e-05,1.009e-05,9.02e-06
1.0192e-05,6.18e-06,1.422e-05,1.024e-05,9.29e-06
1.0006e-05,5.97e-06,1.393e-05,1.005e-05,9.41e-06
1.01e-05,6.36e-06,1.37e-05,1.0055e-05,9.45e-06
1.0026e-05,6.66e-06,1.34e-05,1.0025e-05,9.69e-06
1.0077e-05,6.83e-06,1.314e-05,1.018e-05,9.85e-06
1.0026e-05,7.1e-06,1.266e-05,1.0125e-05,1.002e-05
1.0003e-05,7.57e-06,1.217e-05,9.98e-06,1.026e-05
1.0065e-05,8.26e-06,1.171e-05,1.012e-05,1.053e-05
2.1795e-05,8.53e-06,5.979e-05,1.038e-05,1.114e-05
1.0264e-05,2.53e-06,1.795e-05,1.025e-05,1.375e-05
1.0214e-05,2.27e-06,1.798e-05,1.0235e-05,1.421e-05
1.0068e-05,2.14e-06,1.782e-05,1.013e-05,1.462e-05
1.0101e-05,2.01e-06,1.802e-05,1.0085e-05,1.453e-05
1.0157e-05,2.51e-06,1.828e-05,1.017e-05,1.435e-05
1.002e-05,2.58e-06,1.739e-05,9.995e-06,1.442e-05
1.0105e-05,2.4e-06,1.774e-05,1.023e-05,1.44e-05
1.0149e-05,2.18e-06,1.816e-05,1.01e-05,1.43e-05
1.0214e-05,1.63e-06,1.867e-05,1.036e-05,1.467e-05
1.0346e-05,1.28e-06,1.939e-05,1.0495e-05,1.525e-05
1.0168e-05,1.22e-06,1.9e-05,1.0255e-05,1.518e-05
1.0111e-05,1.81e-06,1.834e-05,1.0025e-05,1.536e-05
1.0125e-05,2.24e-06,1.809e-05,1.017e-05,1.549e-05
1.0044e-05,2.07e-06,1.794e-05,1.0115e-05,1.551e-05
1.0055e-05,2.01e-06,1.805e-05,1.0075e-05,1.571e-05
1.0211e-05,1.77e-06,1.82e-05,1.022e-05,1.561e-05
1.0019e-05,1.86e-06,1.808e-05,1e-05,1.503e-05
1.0045e-05,1.98e-06,1.821e-05,1.019e-05,1.501e-05
1.0025e-05,2.05e-06,1.784e-05,1.006e-05,1.519e-05
1e-05,2.43e-06,1.74e-05,1.0005e-05,1.532e-05
1.0065e-05,2.29e-06,1.776e-05,1.009e-05,1.539e-05
1.0021e-05,2.06e-06,1.781e-05,1.0155e-05,1.538e-05
9.987e-06,2.26e-06,1.776e-05,1e-05,1.529e-05
1.0069e-05,2.44e-06,1.77e-05,9.94e-06,1.537e-05
1.0029e-05,2.19e-06,1.764e-05,1.006e-05,1.544e-05
1.0046e-05,2.29e-06,1.765e-05,1.014e-05,1.56e-05
1.003e-05,2.65e-06,1.725e-05,1.0145e-05,1.566e-05
9.959e-06,2.73e-06,1.707e-05,9.925e-06,1.554e-05
1.0013e-05,2.91e-06,1.701e-05,1.0065e-05,1.586e-05
1.002e-05,2.75e-06,1.716e-05,1.008e-05,1.599e-05
1.0036e-05,2.68e-06,1.724e-05,1.009e-05,1.591e-05
1.0046e-05,2.84e-06,1.712e-05,1.0045e-05,1.583e-05
1.0018e-05,2.83e-06,1.709e-05,1.011e-05,1.605e-05
1.0111e-05,3.47e-06,1.706e-05,1.0085e-05,1.623e-05
1.0096e-05,3.39e-06,1.687e-05,1.0155e-05,1.687e-05
1.0074e-05,3.21e-06,1.683e-05,1.005e-05,1.683e-05
1.0205e-05,3.3e-06,1.718e-05,1.021e-05,1.718e-05
1.0061e-05,3.14e-06,1.696e-05,1.015e-05,1.696e-05
1.0246e-05,3.47e-06,1.72e-05,1.02e-05,1.72e-05
1.0186e-05,2.99e-06,1.756e-05,1.016e-05,1.756e-05
1.0113e-05,2.58e-06,1.765e-05,1.001e-05,1.765e-05
1.0025e-05,2.33e-06,1.774e-05,1.004e-05,1.774e-05
1.0135e-05,2.11e-06,1.826e-05,1.0095e-05,1.826e-05
1.0092e-05,1.81e-06,1.843e-05,1.0115e-05,1.843e-05
1.0311e-05,1.52e-06,1.904e-05,1.008e-05,1.904e-05
1.0025e-05,1.62e-06,1.856e-05,9.92e-06,1.856e-05
1.0038e-05,1.33e-06,1.886e-05,9.91e-06,1.886e-05
1.0158e-05,1.26e-06,1.885e-05,1.0095e-05,1.885e-05
1.0244e-05,1.76e-06,1.882e-05,1.039e-05,1.882e-05
1.0169e-05,1.59e-06,1.889e-05,1.0035e-05,1.889e-05
9.981e-06,1.41e-06,1.879e-05,9.97e-06,1.879e-05
1.0044e-05,1.29e-06,1.88e-05,1.009e-05,1.88e-05
1.0191e-05,1.74e-06,1.871e-05,1.021e-05,1.871e-05
1.0152e-05,1.72e-06,1.831e-05,1.006e-05,1.831e-05
9.971e-06,1.71e-06,1.836e-05,9.95e-06,1.836e-05
1.0045e-05,2.04e-06,1.842e-05,1.0115e-05,1.842e-05
1.0064e-05,1.8e-06,1.859e-05,1.003e-05,1.859e-05
1.0051e-05,1.56e-06,1.855e-05,9.935e-06,1.855e-05
1.0066e-05,1.61e-06,1.852e-05,1.017e-05,1.852e-05
1.0055e-05,1.53e-06,1.847e-05,1.0065e-05,1.847e-05
1.0079e-05,1.67e-06,1.846e-05,1.0055e-05,1.846e-05
1.0015e-05,1.49e-06,1.854e-05,9.92e-06,1.854e-05
1.012e-05,1.22e-06,1.951e-05,1.005e-05,1.951e-05
1.0259e-05,1.34e-06,1.933e-05,1.0175e-05,1.933e-05
1.0229e-05,1.09e-06,1.914e-05,1.017e-05,1.914e-05
1.0205e-05,1.61e-06,1.889e-05,1.019e-05,1.889e-05
1.0051e-05,1.51e-06,1.869e-05,1.003e-05,1.869e-05
9.987e-06,1.51e-06,1.851e-05,9.945e-06,1.851e-05
1.0142e-05,1.6e-06,1.851e-05,1.01e-05,1.851e-05
1.0031e-05,1.33e-06,1.861e-05,9.945e-06,1.861e-05
1.015e-05,1.43e-06,1.867e-05,9.99e-06,1.867e-05
1.0096e-05,1.28e-06,1.883e-05,1.014e-05,1.883e-05
1.0003e-05,1.15e-06,1.9e-05,9.895e-06,1.9e-05
1.0069e-05,1.64e-06,1.86e-05,1.003e-05,1.86e-05
1.0077e-05,1.9e-06,1.846e-05,1.0115e-05,1.846e-05
1.0236e-05,1.46e-06,1.887e-05,1.0095e-05,1.887e-05
1.0258e-05,1.23e-06,1.921e-05,1.011e-05,1.921e-05
1.0116e-05,1.67e-06,1.854e-05,1.004e-05,1.854e-05
1.0014e-05,1.43e-06,1.851e-05,9.985e-06,1.851e-05
1.0159e-05,1.24e-06,1.924e-05,1.016e-05,1.924e-05
1.0046e-05,1.27e-06,1.876e-05,1.0005e-05,1.876e-05
1.0185e-05,1.07e-06,1.937e-05,1.021e-05,1.937e-05
9.99e-06,9.8e-07,1.889e-05,9.87e-06,1.889e-05
1.0089e-05,1.36e-06,1.891e-05,1.0065e-05,1.891e-05
1.0051e-05,1.53e-06,1.863e-05,9.99e-06,1.863e-05
1.0029e-05,1.26e-06,1.871e-05,1.0055e-05,1.871e-05
1.0005e-05,1.54e-06,1.839e-05,1.004e-05,1.839e-05
1.0105e-05,1.68e-06,1.837e-05,1.021e-05,1.837e-05
1.0035e-05,1.31e-06,1.875e-05,1.011e-05,1.875e-05
1.0089e-05,1.43e-06,1.865e-05,1.002e-05,1.865e-05
1.0093e-05,1.86e-06,1.853e-05,1.0135e-05,1.853e-05
9.976e-06,1.84e-06,1.825e-05,1.0045e-05,1.825e-05
1.007e-05,1.56e-06,1.86e-05,9.91e-06,1.86e-05
1.0004e-05,1.25e-06,1.862e-05,9.975e-06,1.862e-05
1.0041e-05,1.32e-06,1.865e-05,9.96e-06,1.865e-05
1.0019e-05,1.53e-06,1.857e-05,1.008e-05,1.857e-05
1.0045e-05,1.42e-06,1.865e-05,9.99e-06,1.865e-05
1.0085e-05,1.65e-06,1.863e-05,1.008e-05,1.863e-05
9.947e-06,1.66e-06,1.826e-05,1.001e-05,1.826e-05
1.007e-05,1.98e-06,1.835e-05,9.965e-06,1.835e-05
1.0078e-05,1.63e-06,1.859e-05,1.0075e-05,1.859e-05
1.0022e-05,1.7e-06,1.829e-05,1.004e-05,1.829e-05
1.0102e-05,1.54e-06,1.862e-05,1.0095e-05,1.862e-05
1.0131e-05,1.35e-06,1.876e-05,1.0085e-05,1.876e-05
1.0025e-05,1.3e-06,1.876e-05,9.945e-06,1.876e-05
1.0018e-05,2.16e-06,1.783e-05,9.93e-06,1.783e-05
1.0017e-05,1.76e-06,1.833e-05,9.99e-06,1.833e-05
1.0066e-05,1.45e-06,1.87e-05,1.0015e-05,1.87e-05
1.0041e-05,1.56e-06,1.869e-05,1.007e-05,1.869e-05
9.966e-06,1.53e-06,1.829e-05,9.99e-06,1.829e-05
1.001e-05,1.71e-06,1.846e-05,1.004e-05,1.846e-05
1.0138e-05,1.52e-06,1.852e-05,1.019e-05,1.852e-05
1.0064e-05,1.46e-06,1.842e-05,1.0065e-05,1.842e-05
1.0007e-05,1.42e-06,1.861e-05,9.985e-06,1.861e-05
1.0053e-05,1.89e-06,1.846e-05,9.965e-06,1.846e-05
1.0063e-05,1.79e-06,1.819e-05,1.008e-05,1.819e-05
1.0088e-05,2.06e-06,1.812e-05,1.012e-05,1.812e-05
1.0078e-05,1.91e-06,1.817e-05,1.013e-05,1.817e-05
1.0041e-05,1.6e-06,1.848e-05,9.99e-06,1.848e-05
1.0066e-05,1.48e-06,1.855e-05,1.0095e-05,1.855e-05
1.0132e-05,1.25e-06,1.898e-05,1.0045e-05,1.898e-05
1.0159e-05,1.11e-06,1.909e-05,1.0175e-05,1.909e-05
1.0041e-05,1.37e-06,1.886e-05,1.0075e-05,1.886e-05
1.0037e-05,1.3e-06,1.869e-05,1.002e-05,1.869e-05
1.0062e-05,1.55e-06,1.861e-05,1.0015e-05,1.861e-05
1.0056e-05,1.41e-06,1.872e-05,9.945e-06,1.872e-05
1.0007e-05,1.56e-06,1.852e-05,1.004e-05,1.852e-05
1.0185e-05,1.25e-06,1.91e-05,1.02e-05,1.91e-05
1.0119e-05,1.21e-06,1.914e-05,1.0065e-05,1.914e-05
1.0049e-05,1.45e-06,1.881e-05,9.975e-06,1.881e-05
1.003e-05,1.48e-06,1.869e-05,1.0015e-05,1.869e-05
1.008e-05,1.59e-06,1.86e-05,1.0035e-05,1.86e-05
1.0175e-05,1.4e-06,1.878e-05,9.97e-06,1.878e-05
1.011e-05,1.15e-06,1.884e-05,1.01e-05,1.884e-05
1.0006e-05,1.39e-06,1.873e-05,9.98e-06,1.873e-05
1.01e-05,1.57e-06,1.864e-05,1.0155e-05,1.864e-05
1.0041e-05,1.58e-06,1.847e-05,1e-05,1.847e-05
1.0019e-05,2.01e-06,1.797e-05,1e-05,1.797e-05
1.0019e-05,1.88e-06,1.824e-05,1.0125e-05,1.824e-05
9.983e-06,1.95e-06,1.8e-05,9.99e-06,1.8e-05
1.0093e-05,1.96e-06,1.821e-05,1.007e-05,1.821e-05
1.0047e-05,2.51e-06,1.78e-05,1.002e-05,1.78e-05
1.0005e-05,2.47e-06,1.737e-05,1.003e-05,1.737e-05
1.005e-05,2.76e-06,1.752e-05,1.0105e-05,1.752e-05
9.971e-06,2.65e-06,1.745e-05,9.93e-06,1.745e-05
1.0006e-05,2.57e-06,1.746e-05,1.002e-05,1.746e-05
1.0057e-05,2.78e-06,1.736e-05,9.99e-06,1.736e-05
1.0026e-05,2.48e-06,1.757e-05,1.012e-05,1.757e-05
1.0066e-05,2.65e-06,1.752e-05,1.007e-05,1.752e-05
1.0015e-05,2.54e-06,1.761e-05,9.995e-06,1.761e-05
1.0055e-05,2.65e-06,1.76e-05,1.0015e-05,1.76e-05
1.0124e-05,2.09e-06,1.805e-05,1.0095e-05,1.805e-05
1.0005e-05,1.94e-06,1.829e-05,9.96e-06,1.829e-05
1.0071e-05,2.12e-06,1.809e-05,9.99e-06,1.809e-05
1.0065e-05,1.87e-06,1.82e-05,1.0055e-05,1.82e-05
1.0049e-05,1.85e-06,1.829e-05,1.016e-05,1.829e-05
1.0134e-05,1.61e-06,1.859e-05,9.985e-06,1.859e-05
1.0134e-05,1.83e-06,1.863e-05,1.0205e-05,1.863e-05
1.0023e-05,1.86e-06,1.814e-05,1.0005e-05,1.814e-05
1.0197e-05,1.1e-06,1.917e-05,1.016e-05,1.917e-05
1.0106e-05,1.21e-06,1.902e-05,1.0025e-05,1.902e-05
1.0158e-05,1.2e-06,1.914e-05,1.0045e-05,1.914e-05
1.0001e-05,1.31e-06,1.872e-05,9.96e-06,1.872e-05
1.0095e-05,1.52e-06,1.883e-05,1.008e-05,1.883e-05
1.0133e-05,1.24e-06,1.899e-05,1.0005e-05,1.899e-05
1.0057e-05,1.43e-06,1.861e-05,9.955e-06,1.861e-05
1.0006e-05,1.62e-06,1.842e-05,1.0035e-05,1.842e-05
1.011e-05,1.64e-06,1.866e-05,1.011e-05,1.866e-05
1.0063e-05,1.54e-06,1.875e-05,9.965e-06,1.875e-05
1.0069e-05,1.75e-06,1.851e-05,1.0025e-05,1.851e-05
1.017e-05,1.47e-06,1.867e-05,1.016e-05,1.867e-05
1.01e-05,1.07e-06,1.902e-05,1.003e-05,1.902e-05
1.0085e-05,1.37e-06,1.903e-05,1.0075e-05,1.903e-05
1.0145e-05,1.38e-06,1.893e-05,1.0165e-05,1.893e-05
1.0125e-05,1.41e-06,1.876e-05,1.012e-05,1.876e-05
1.0048e-05,1.68e-06,1.871e-05,1.008e-05,1.871e-05
9.966e-06,1.88e-06,1.827e-05,9.91e-06,1.827e-05
9.999e-06,1.7e-06,1.821e-05,9.975e-06,1.821e-05
1.0075e-05,1.39e-06,1.875e-05,1.0145e-05,1.875e-05
1.0069e-05,1.2e-06,1.89e-05,1.008e-05,1.89e-05
1.0121e-05,1.04e-06,1.928e-05,1.002e-05,1.928e-05
1.0216e-05,1.33e-06,1.891e-05,1.025e-05,1.891e-05
1.0079e-05,1.12e-06,1.911e-05,9.97e-06,1.911e-05
1.0191e-05,1.2e-06,1.929e-05,1.0105e-05,1.929e-05
1.0009e-05,1.14e-06,1.881e-05,9.93e-06,1.881e-05
1.0021e-05,1.23e-06,1.889e-05,9.975e-06,1.889e-05
1.0055e-05,1.26e-06,1.892e-05,1.008e-05,1.892e-05
1.0045e-05,1.25e-06,1.886e-05,1.004e-05,1.886e-05
1.014e-05,1.38e-06,1.883e-05,9.945e-06,1.883e-05
9.981e-06,1.38e-06,1.862e-05,9.995e-06,1.862e-05
1.0061e-05,1.47e-06,1.873e-05,1.002e-05,1.873e-05
1.0114e-05,1.23e-06,1.9e-05,1.005e-05,1.9e-05
9.948e-06,1.26e-06,1.887e-05,9.875e-06,1.887e-05
1.0059e-05,9.6e-07,1.906e-05,1.002e-05,1.906e-05
1.0014e-05,1.05e-06,1.906e-05,1.002e-05,1.906e-05
9.981e-06,1.54e-06,1.866e-05,1.002e-05,1.866e-05
1.016e-05,1.95e-06,1.85e-05,1.0085e-05,1.85e-05
1.0057e-05,1.65e-06,1.834e-05,1.0095e-05,1.834e-05
1.0035e-05,1.64e-06,1.849e-05,9.88e-06,1.849e-05
1.0074e-05,1.62e-06,1.849e-05,1.0165e-05,1.849e-05
1.011e-05,1.41e-06,1.877e-05,1.0055e-05,1.877e-05
1.0088e-05,1.27e-06,1.886e-05,9.965e-06,1.886e-05
9.983e-06,1.25e-06,1.882e-05,9.97e-06,1.882e-05
1.0051e-05,1.4e-06,1.885e-05,9.915e-06,1.885e-05
1.0074e-05,1.27e-06,1.908e-05,1.003e-05,1.908e-05
1.1055e-05,9.8e-07,2.106e-05,1.101e-05,2.106e-05
1.0021e-05,1.15e-06,1.907e-05,9.98e-06,1.907e-05
1.0189e-05,1.07e-06,1.934e-05,1.0145e-05,1.934e-05
1.0046e-05,9.4e-07,1.906e-05,9.94e-06,1.906e-05
1.0054e-05,1.39e-06,1.885e-05,1.0045e-05,1.885e-05
1.0069e-05,1.47e-06,1.869e-05,1.0025e-05,1.869e-05
1.0056e-05,1.36e-06,1.873e-05,1.008e-05,1.873e-05
1.0089e-05,1.53e-06,1.902e-05,9.985e-06,1.902e-05
1.0029e-05,1.19e-06,1.88e-05,9.865e-06,1.88e-05
1.0007e-05,1.44e-06,1.865e-05,1.0015e-05,1.865e-05
1.005e-05,1.45e-06,1.882e-05,1.0045e-05,1.882e-05
1.0046e-05,1.18e-06,1.886e-05,9.93e-06,1.886e-05
1.0094e-05,1.27e-06,1.901e-05,1.0005e-05,1.901e-05
1.0085e-05,1.72e-06,1.874e-05,1.0105e-05,1.874e-05
1.0019e-05,1.42e-06,1.856e-05,9.94e-06,1.856e-05
1.0189e-05,1.75e-06,1.883e-05,1.001e-05,1.883e-05
1.0118e-05,1.53e-06,1.871e-05,9.945e-06,1.871e-05
1.015e-05,1.34e-06,1.885e-05,1.0265e-05,1.885e-05
1.0085e-05,1.61e-06,1.866e-05,1.01e-05,1.866e-05
1.006e-05,1.36e-06,1.853e-05,1.0035e-05,1.853e-05
1.0042e-05,1.66e-06,1.847e-05,1.0005e-05,1.847e-05
9.951e-06,1.92e-06,1.808e-05,9.965e-06,1.808e-05
9.976e-06,1.81e-06,1.813e-05,1.0025e-05,1.813e-05
1.0029e-05,1.81e-06,1.843e-05,9.97e-06,1.843e-05
1.0059e-05,1.44e-06,1.872e-05,1.0015e-05,1.872e-05
1.0097e-05,1.22e-06,1.902e-05,1.0055e-05,1.902e-05
1.0125e-05,1.51e-06,1.876e-05,1.0105e-05,1.876e-05
9.993e-06,1.29e-06,1.856e-05,9.96e-06,1.856e-05
1.0085e-05,1.28e-06,1.869e-05,1.0075e-05,1.869e-05
1.0011e-05,1.2e-06,1.892e-05,9.955e-06,1.892e-05
1.0024e-05,1.42e-06,1.862e-05,9.925e-06,1.862e-05
1.0095e-05,1.27e-06,1.876e-05,9.98e-06,1.876e-05
1.0029e-05,1.78e-06,1.857e-05,9.97e-06,1.857e-05
1.0096e-05,1.63e-06,1.859e-05,1.0125e-05,1.859e-05
1.0106e-05,1.31e-06,1.88e-05,1.0115e-05,1.88e-05
9.99e-06,1.39e-06,1.867e-05,9.9e-06,1.867e-05
9.998e-06,1.53e-06,1.845e-05,9.985e-06,1.845e-05
1.0011e-05,1.32e-06,1.864e-05,9.93e-06,1.864e-05
1.0071e-05,1.14e-06,1.89e-05,1.005e-05,1.89e-05
1.0349e-05,8.8e-07,1.939e-05,1.026e-05,1.939e-05
1.0017e-05,1.39e-06,1.863e-05,9.94e-06,1.863e-05
9.952e-06,1.49e-06,1.854e-05,9.905e-06,1.854e-05
1.0158e-05,1.75e-06,1.879e-05,1.0285e-05,1.879e-05
1.0091e-05,1.43e-06,1.867e-05,1.0025e-05,1.867e-05
1.0085e-05,1.3e-06,1.895e-05,1.0005e-05,1.895e-05
1.0216e-05,1.25e-06,1.909e-05,1.0285e-05,1.909e-05
1.0044e-05,1.52e-06,1.881e-05,1.004e-05,1.881e-05
1.0232e-05,1.46e-06,1.929e-05,1.0115e-05,1.929e-05
9.996e-06,1.25e-06,1.882e-05,9.985e-06,1.882e-05
1.0274e-05,1.08e-06,1.916e-05,1.0085e-05,1.916e-05
1.0364e-05,9.1e-07,1.967e-05,1.02e-05,1.967e-05
1.0005e-05,1e-06,1.895e-05,9.89e-06,1.895e-05
9.994e-06,1.17e-06,1.891e-05,9.93e-06,1.891e-05
1.0025e-05,1.6e-06,1.865e-05,9.97e-06,1.865e-05
1.0068e-05,1.27e-06,1.866e-05,9.955e-06,1.866e-05
1.0024e-05,1.9e-06,1.855e-05,9.935e-06,1.855e-05
1.0019e-05,1.46e-06,1.86e-05,9.94e-06,1.86e-05
1.0017e-05,1.11e-06,1.88e-05,1.0015e-05,1.88e-05
1.0086e-05,1.67e-06,1.867e-05,1.008e-05,1.867e-05
9.896e-06,1.46e-06,1.85e-05,9.87e-06,1.85e-05
9.987e-06,9.8e-07,1.879e-05,9.945e-06,1.879e-05
9.994e-06,1.36e-06,1.866e-05,9.935e-06,1.866e-05
9.949e-06,1.72e-06,1.836e-05,9.955e-06,1.836e-05
1.005e-05,1.17e-06,1.878e-05,9.995e-06,1.878e-05
1.0124e-05,9.4e-07,1.931e-05,1.009e-05,1.931e-05
1.0071e-05,1.44e-06,1.893e-05,1.0015e-05,1.893e-05
1.0081e-05,1.46e-06,1.863e-05,1.0105e-05,1.863e-05
1.0011e-05,1.33e-06,1.869e-05,9.965e-06,1.869e-05
9.972e-06,1.29e-06,1.857e-05,9.985e-06,1.857e-05
1.0054e-05,1.25e-06,1.881e-05,9.995e-06,1.881e-05
1.0019e-05,1.18e-06,1.888e-05,9.925e-06,1.888e-05
1.0196e-05,1.58e-06,1.901e-05,1.024e-05,1.901e-05
1.0044e-05,1.42e-06,1.876e-05,9.985e-06,1.876e-05
1.0159e-05,1.43e-06,1.904e-05,1.006e-05,1.904e-05
1.0192e-05,1.1e-06,1.92e-05,1.0135e-05,1.92e-05
1.0033e-05,1.22e-06,1.871e-05,9.98e-06,1.871e-05
1.1614e-05,1.01e-06,2.639e-05,1.0175e-05,1.95e-05
1.0214e-05,1.4e-06,1.874e-05,1.019e-05,1.509e-05
1.0071e-05,1.74e-06,1.851e-05,1.0115e-05,1.498e-05
1.0125e-05,1.61e-06,1.876e-05,1.024e-05,1.504e-05
1.0044e-05,1.32e-06,1.858e-05,1.0255e-05,1.495e-05
9.986e-06,1.74e-06,1.831e-05,1.009e-05,1.465e-05
1.0236e-05,1.98e-06,1.822e-05,1.0355e-05,1.592e-05
1.0039e-05,2.67e-06,1.739e-05,1.001e-05,1.605e-05
1.0048e-05,3.05e-06,1.72e-05,1.0095e-05,1.611e-05
9.924e-06,3.02e-06,1.667e-05,9.885e-06,1.618e-05
9.996e-06,3.27e-06,1.695e-05,1.008e-05,1.616e-05
1.0062e-05,3.03e-06,1.708e-05,9.935e-06,1.641e-05
1.0051e-05,3.1e-06,1.7e-05,1.0175e-05,1.643e-05
1.0154e-05,3.66e-06,1.663e-05,9.94e-06,1.64e-05
1.005e-05,3.75e-06,1.655e-05,1.003e-05,1.655e-05
1.0042e-05,3.77e-06,1.656e-05,1.0045e-05,1.656e-05
1.0018e-05,3.89e-06,1.615e-05,1.004e-05,1.615e-05
1.008e-05,3.99e-06,1.642e-05,1.0095e-05,1.642e-05
1.0038e-05,3.87e-06,1.639e-05,9.91e-06,1.639e-05
1.0042e-05,3.93e-06,1.634e-05,9.995e-06,1.634e-05
9.974e-06,3.88e-06,1.626e-05,9.955e-06,1.626e-05
9.995e-06,3.51e-06,1.64e-05,9.98e-06,1.64e-05
1.0014e-05,3.43e-06,1.654e-05,1.003e-05,1.654e-05
9.984e-06,3.45e-06,1.672e-05,9.96e-06,1.672e-05
9.993e-06,3.43e-06,1.661e-05,1.001e-05,1.661e-05
1.0135e-05,3.53e-06,1.693e-05,9.985e-06,1.693e-05
1.0036e-05,3.42e-06,1.661e-05,1.0005e-05,1.661e-05
1.004e-05,3.32e-06,1.694e-05,9.98e-06,1.694e-05
1.0044e-05,2.94e-06,1.718e-05,1.0045e-05,1.718e-05
1.0023e-05,2.92e-06,1.721e-05,1.004e-05,1.721e-05
1.0043e-05,3.04e-06,1.708e-05,1.019e-05,1.708e-05
9.972e-06,2.8e-06,1.737e-05,1.003e-05,1.737e-05
1.0114e-05,2.62e-06,1.76e-05,1.005e-05,1.76e-05
1.0012e-05,2.57e-06,1.761e-05,1.0005e-05,1.761e-05
1.0017e-05,2.54e-06,1.744e-05,9.925e-06,1.744e-05
1.0103e-05,2.47e-06,1.772e-05,1.0195e-05,1.772e-05
1.0039e-05,2.35e-06,1.788e-05,1.0025e-05,1.788e-05
1.0064e-05,1.84e-06,1.822e-05,9.98e-06,1.822e-05
1.0146e-05,2.41e-06,1.814e-05,1.0265e-05,1.814e-05
1.0029e-05,2.34e-06,1.785e-05,9.97e-06,1.785e-05
1.0037e-05,2.04e-06,1.79e-05,9.935e-06,1.79e-05
1.0082e-05,1.91e-06,1.838e-05,1.0145e-05,1.838e-05
1.0087e-05,1.9e-06,1.838e-05,1.008e-05,1.838e-05
1.0196e-05,1.87e-06,1.846e-05,1.0135e-05,1.846e-05
1.0071e-05,1.76e-06,1.846e-05,9.99e-06,1.846e-05
1.007e-05,1.78e-06,1.835e-05,9.945e-06,1.835e-05
1.0193e-05,1.55e-06,1.859e-05,1.009e-05,1.859e-05
1.0012e-05,1.24e-06,1.879e-05,9.965e-06,1.879e-05
1.0061e-05,1.48e-06,1.863e-05,1.002e-05,1.863e-05
1.0001e-05,1.62e-06,1.831e-05,9.985e-06,1.831e-05
1.002e-05,1.52e-06,1.846e-05,1.0105e-05,1.846e-05
1.0088e-05,1.49e-06,1.87e-05,1.0055e-05,1.87e-05
1.0089e-05,1.35e-06,1.858e-05,1.0045e-05,1.858e-05
9.991e-06,1.62e-06,1.825e-05,1.0035e-05,1.825e-05
1.0074e-05,1.77e-06,1.844e-05,1.014e-05,1.844e-05
1.0092e-05,1.92e-06,1.844e-05,1.005e-05,1.844e-05
1.0049e-05,1.61e-06,1.849e-05,9.975e-06,1.849e-05
9.947e-06,1.32e-06,1.862e-05,9.96e-06,1.862e-05
9.966e-06,1.41e-06,1.87e-05,1.0055e-05,1.87e-05
1.0052e-05,1.59e-06,1.859e-05,1e-05,1.859e-05
1.0045e-05,1.46e-06,1.864e-05,9.95e-06,1.864e-05
1.0039e-05,1.41e-06,1.875e-05,9.945e-06,1.875e-05
1.0622e-05,1.24e-06,1.889e-05,1.0225e-05,1.889e-05
1.0109e-05,3.11e-06,1.707e-05,1.007e-05,1.707e-05
1.0096e-05,3.3e-06,1.701e-05,9.99e-06,1.701e-05
1.0029e-05,3.1e-06,1.689e-05,1.008e-05,1.689e-05
1.0069e-05,3.2e-06,1.706e-05,1.004e-05,1.706e-05
1.0118e-05,3.27e-06,1.707e-05,1.0095e-05,1.707e-05
9.995e-06,3.13e-06,1.681e-05,9.955e-06,1.681e-05
9.935e-06,2.99e-06,1.688e-05,9.965e-06,1.688e-05
1.0068e-05,3.11e-06,1.719e-05,1.0155e-05,1.719e-05
1.0001e-05,2.9e-06,1.7e-05,1.0025e-05,1.7e-05
9.986e-06,2.49e-06,1.737e-05,9.945e-06,1.737e-05
1.0011e-05,2.33e-06,1.782e-05,9.995e-06,1.782e-05
1.0021e-05,2.43e-06,1.761e-05,1.0045e-05,1.761e-05
1.0036e-05,2.68e-06,1.745e-05,1.0005e-05,1.745e-05
1.0006e-05,2.49e-06,1.747e-05,9.95e-06,1.747e-05
1.0029e-05,2.67e-06,1.728e-05,1.012e-05,1.728e-05
1.0058e-05,2.91e-06,1.737e-05,1.0195e-05,1.737e-05
1.0069e-05,2.84e-06,1.716e-05,9.94e-06,1.716e-05
1.0012e-05,2.79e-06,1.717e-05,9.965e-06,1.717e-05
9.963e-06,2.79e-06,1.743e-05,1e-05,1.743e-05
1.0203e-05,2.18e-06,1.784e-05,1.006e-05,1.784e-05
1.0091e-05,2.35e-06,1.783e-05,1.015e-05,1.783e-05
9.974e-06,2.41e-06,1.755e-05,9.92e-06,1.755e-05
9.98e-06,2.66e-06,1.746e-05,9.985e-06,1.746e-05
1.0024e-05,3.14e-06,1.706e-05,1.018e-05,1.706e-05
1.0016e-05,3.1e-06,1.69e-05,9.945e-06,1.69e-05
9.987e-06,3.08e-06,1.683e-05,9.895e-06,1.683e-05
9.889e-06,2.88e-06,1.703e-05,9.975e-06,1.703e-05
9.962e-06,2.86e-06,1.718e-05,1.0005e-05,1.718e-05
1.0059e-05,2.67e-06,1.737e-05,9.94e-06,1.737e-05
9.893e-06,2.48e-06,1.755e-05,9.865e-06,1.755e-05
9.94e-06,2.5e-06,1.749e-05,9.91e-06,1.749e-05
9.948e-06,2.57e-06,1.744e-05,9.995e-06,1.744e-05
9.926e-06,2.44e-06,1.732e-05,9.93e-06,1.732e-05
9.984e-06,2.38e-06,1.76e-05,9.945e-06,1.76e-05
9.875e-06,2.07e-06,1.78e-05,9.895e-06,1.78e-05
1.0029e-05,1.7e-06,1.834e-05,9.95e-06,1.834e-05
1.0012e-05,1.5e-06,1.848e-05,9.89e-06,1.848e-05
9.999e-06,1.24e-06,1.862e-05,9.95e-06,1.862e-05
9.926e-06,1.51e-06,1.854e-05,9.94e-06,1.854e-05
9.999e-06,1.43e-06,1.856e-05,1.006e-05,1.856e-05
1.0056e-05,1.36e-06,1.896e-05,1.0035e-05,1.896e-05
1.01e-05,1.19e-06,1.902e-05,1.008e-05,1.902e-05
9.946e-06,1.37e-06,1.871e-05,9.95e-06,1.871e-05
1.0029e-05,1.18e-06,1.872e-05,1.006e-05,1.872e-05
9.979e-06,1.33e-06,1.872e-05,9.945e-06,1.872e-05
9.912e-06,1.64e-06,1.828e-05,1.002e-05,1.828e-05
9.89e-06,1.46e-06,1.833e-05,9.92e-06,1.833e-05
1.1066e-05,1.54e-06,1.887e-05,1.0215e-05,1.887e-05
9.93e-06,1.35e-06,1.829e-05,9.98e-06,1.498e-05
1.0122e-05,1.72e-06,1.932e-05,1.0035e-05,1.488e-05
1.0232e-05,9.4e-07,1.902e-05,1.022e-05,1.541e-05
1.0019e-05,1.44e-06,1.846e-05,1.01e-05,1.497e-05
1.0077e-05,1.73e-06,1.822e-05,1.0205e-05,1.515e-05
9.923e-06,1.82e-06,1.793e-05,9.995e-06,1.466e-05
9.885e-06,2.13e-06,1.751e-05,9.96e-06,1.482e-05
9.97e-06,2.46e-06,1.735e-05,9.935e-06,1.496e-05
9.952e-06,2.57e-06,1.738e-05,1.0015e-05,1.48e-05
9.929e-06,2.57e-06,1.722e-05,9.83e-06,1.464e-05
9.949e-06,2.65e-06,1.7e-05,1.002e-05,1.465e-05
9.894e-06,3.01e-06,1.668e-05,9.855e-06,1.447e-05
9.985e-06,3.39e-06,1.652e-05,9.94e-06,1.458e-05
9.952e-06,3.12e-06,1.673e-05,9.94e-06,1.472e-05
9.958e-06,3.27e-06,1.667e-05,9.945e-06,1.48e-05
1.007e-05,3.35e-06,1.662e-05,9.995e-06,1.485e-05
9.972e-06,3.8e-06,1.62e-05,1.0055e-05,1.45e-05
9.921e-06,3.7e-06,1.601e-05,9.94e-06,1.442e-05
1.0029e-05,3.81e-06,1.594e-05,1.001e-05,1.464e-05
9.959e-06,4.13e-06,1.574e-05,1e-05,1.426e-05
1.0034e-05,4.21e-06,1.562e-05,1.008e-05,1.456e-05
1.0059e-05,3.46e-06,1.639e-05,1.0065e-05,1.477e-05
1.0104e-05,4.02e-06,1.604e-05,1.0185e-05,1.456e-05
1.0034e-05,4.16e-06,1.584e-05,1.0065e-05,1.444e-05
9.939e-06,4.25e-06,1.569e-05,9.955e-06,1.445e-05
9.942e-06,4.3e-06,1.545e-05,9.945e-06,1.462e-05
9.874e-06,4.45e-06,1.518e-05,9.84e-06,1.462e-05
9.95e-06,4.47e-06,1.525e-05,1.0025e-05,1.492e-05
1.0009e-05,5e-06,1.508e-05,9.965e-06,1.49e-05
9.986e-06,5.03e-06,1.479e-05,9.89e-06,1.471e-05
9.96e-06,5.21e-06,1.473e-05,9.89e-06,1.462e-05
1.0117e-05,5.12e-06,1.525e-05,1.017e-05,1.463e-05
1.0082e-05,4.71e-06,1.568e-05,1.0175e-05,1.434e-05
1.008e-05,4.3e-06,1.561e-05,1.0065e-05,1.386e-05
9.932e-06,4.32e-06,1.553e-05,1e-05,1.385e-05
9.98e-06,4.49e-06,1.526e-05,9.975e-06,1.392e-05
1e-05,4.44e-06,1.545e-05,1.006e-05,1.405e-05
1.003e-05,4.47e-06,1.566e-05,1.0055e-05,1.41e-05
9.974e-06,4.15e-06,1.57e-05,1.004e-05,1.374e-05
1.0099e-05,4.45e-06,1.569e-05,1.009e-05,1.381e-05
9.967e-06,4.17e-06,1.582e-05,9.935e-06,1.348e-05
1.0101e-05,4.1e-06,1.607e-05,1.0155e-05,1.342e-05
9.975e-06,3.81e-06,1.617e-05,1.0025e-05,1.307e-05
9.994e-06,3.66e-06,1.621e-05,1.0065e-05,1.312e-05
9.974e-06,3.99e-06,1.603e-05,1.0005e-05,1.299e-05
1.0015e-05,3.65e-06,1.639e-05,1.0075e-05,1.288e-05
9.995e-06,3.34e-06,1.66e-05,1.0045e-05,1.266e-05
1.0297e-05,3.4e-06,1.726e-05,1.022e-05,1.272e-05
1.012e-05,2.43e-06,1.737e-05,1.0115e-05,1.199e-05
9.975e-06,2.21e-06,1.759e-05,9.975e-06,1.158e-05
1.0005e-05,2.12e-06,1.783e-05,9.93e-06,1.15e-05
1.0014e-05,1.84e-06,1.816e-05,1.008e-05,1.129e-05
1.0058e-05,1.56e-06,1.836e-05,1.0055e-05,1.101e-05
9.974e-06,1.46e-06,1.859e-05,1.009e-05,1.102e-05
1.0135e-05,1.29e-06,1.876e-05,1.022e-05,1.1e-05
1.0096e-05,1.51e-06,1.887e-05,1.018e-05,1.096e-05
1.0041e-05,1.55e-06,1.848e-05,1.0135e-05,1.074e-05
1.0009e-05,1.36e-06,1.856e-05,1.006e-05,1.082e-05
1.0083e-05,1.65e-06,1.853e-05,1.0245e-05,1.082e-05
9.946e-06,1.71e-06,1.81e-05,9.99e-06,1.068e-05
1.0051e-05,2.02e-06,1.797e-05,1.006e-05,1.076e-05
9.919e-06,2.13e-06,1.778e-05,9.895e-06,1.067e-05
9.939e-06,2.01e-06,1.797e-05,9.945e-06,1.067e-05
9.99e-06,1.66e-06,1.829e-05,9.955e-06,1.075e-05
9.935e-06,1.55e-06,1.829e-05,9.965e-06,1.091e-05
1.0015e-05,1.44e-06,1.877e-05,1.003e-05,1.078e-05
1.0104e-05,1.2e-06,1.89e-05,1.028e-05,1.097e-05
1.0062e-05,1.43e-06,1.858e-05,1.01e-05,1.113e-05
1.0047e-05,1.48e-06,1.861e-05,1.0025e-05,1.1e-05
9.978e-06,1.32e-06,1.854e-05,1.0045e-05,1.094e-05
1.0051e-05,1.58e-06,1.882e-05,1.007e-05,1.102e-05
1.0132e-05,1.28e-06,1.888e-05,1.0275e-05,1.097e-05
1.0012e-05,1.13e-06,1.874e-05,1.0035e-05,1.079e-05
1.0078e-05,1.67e-06,1.857e-05,1.0215e-05,1.107e-05
9.98e-06,1.87e-06,1.799e-05,1.0015e-05,1.162e-05
9.935e-06,1.99e-06,1.794e-05,1.0005e-05,1.166e-05
1.0039e-05,2.05e-06,1.775e-05,1.009e-05,1.169e-05
9.911e-06,2.35e-06,1.76e-05,9.915e-06,1.181e-05
1.0004e-05,2.36e-06,1.774e-05,1.0035e-05,1.188e-05
1.0107e-05,2.28e-06,1.82e-05,1.016e-05,1.155e-05
1.0071e-05,1.67e-06,1.831e-05,1.0035e-05,1.11e-05
1.0093e-05,1.4e-06,1.888e-05,1.014e-05,1.085e-05
1.0313e-05,1.01e-06,1.94e-05,1.0555e-05,1.113e-05
9.971e-06,1.13e-06,1.882e-05,1.003e-05,1.079e-05
1.0094e-05,1.26e-06,1.887e-05,1.0255e-05,1.095e-05
9.954e-06,1.34e-06,1.851e-05,9.965e-06,1.092e-05
9.969e-06,1.94e-06,1.828e-05,9.98e-06,1.098e-05
1.0051e-05,1.89e-06,1.844e-05,1.0145e-05,1.103e-05
1.0856e-05,1.84e-06,2.146e-05,1.179e-05,1.075e-05
1.0366e-05,9.2e-07,1.977e-05,1.0575e-05,1.104e-05
1.0177e-05,9.6e-07,1.926e-05,1.025e-05,1.088e-05
1.9138e-05,1.32e-06,8.407e-05,1.187e-05,8.407e-05
1.0091e-05,1.34e-06,1.91e-05,9.995e-06,1.91e-05
1.0082e-05,1.23e-06,1.894e-05,9.91e-06,1.894e-05
9.916e-06,1.32e-06,1.87e-05,9.945e-06,1.87e-05
1.0105e-05,1.27e-06,1.899e-05,1.0085e-05,1.899e-05
9.984e-06,1.13e-06,1.909e-05,9.955e-06,1.909e-05
9.981e-06,1e-06,1.903e-05,9.92e-06,1.903e-05
9.978e-06,1.01e-06,1.917e-05,9.965e-06,1.917e-05
9.942e-06,1.39e-06,1.889e-05,9.97e-06,1.889e-05
1.0524e-05,2.51e-06,1.888e-05,1.0655e-05,1.888e-05
9.889e-06,2.84e-06,1.726e-05,9.9e-06,1.726e-05
9.926e-06,3.2e-06,1.688e-05,9.905e-06,1.688e-05
9.971e-06,2.99e-06,1.705e-05,1.0105e-05,1.705e-05
9.96e-06,2.94e-06,1.724e-05,1.008e-05,1.724e-05
9.971e-06,2.79e-06,1.739e-05,1.0015e-05,1.739e-05
1.0014e-05,2.6e-06,1.772e-05,1.007e-05,1.772e-05
9.977e-06,2.32e-06,1.789e-05,9.945e-06,1.789e-05
1.0115e-05,2.18e-06,1.82e-05,1.016e-05,1.82e-05
1.0003e-05,1.87e-06,1.82e-05,9.995e-06,1.82e-05
9.985e-06,1.65e-06,1.835e-05,9.955e-06,1.835e-05
1.0171e-05,1.57e-06,1.861e-05,1.013e-05,1.861e-05
1.0055e-05,1.35e-06,1.872e-05,9.925e-06,1.872e-05
9.992e-06,1.45e-06,1.881e-05,9.965e-06,1.881e-05
1.0276e-05,1.39e-06,1.973e-05,1.0335e-05,1.973e-05
1.0045e-05,1.14e-06,1.913e-05,1.0015e-05,1.913e-05
1.0249e-05,9e-07,1.956e-05,1.02e-05,1.956e-05
1.0071e-05,1.08e-06,1.891e-05,1.0035e-05,1.891e-05
1.0057e-05,1.13e-06,1.889e-05,1.0025e-05,1.889e-05
1.0179e-05,1.09e-06,1.941e-05,1.017e-05,1.941e-05
1.0144e-05,9.7e-07,1.934e-05,1.015e-05,1.934e-05
1.008e-05,9.1e-07,1.927e-05,1.0055e-05,1.927e-05
9.985e-06,1.02e-06,1.911e-05,9.995e-06,1.911e-05
9.986e-06,1.14e-06,1.896e-05,9.92e-06,1.896e-05
9.988e-06,1.41e-06,1.866e-05,9.925e-06,1.866e-05
1.0002e-05,1.3e-06,1.87e-05,9.99e-06,1.87e-05
1.0001e-05,1.35e-06,1.893e-05,9.97e-06,1.893e-05
1.0206e-05,1.27e-06,1.928e-05,1.0205e-05,1.928e-05
1.0021e-05,1.45e-06,1.891e-05,1.0065e-05,1.891e-05
9.974e-06,1.48e-06,1.87e-05,9.935e-06,1.87e-05
1.0085e-05,9.9e-07,1.915e-05,1.0085e-05,1.915e-05
9.929e-06,1.11e-06,1.903e-05,9.915e-06,1.903e-05
1.0136e-05,1.05e-06,1.929e-05,1.013e-05,1.929e-05
1.0039e-05,1.32e-06,1.91e-05,9.93e-06,1.91e-05
9.939e-06,1.17e-06,1.89e-05,9.93e-06,1.89e-05
1.0064e-05,1.31e-06,1.907e-05,1.001e-05,1.907e-05
1.0049e-05,1.07e-06,1.915e-05,9.975e-06,1.915e-05
1.0176e-05,1.08e-06,1.934e-05,1.018e-05,1.934e-05
1.0075e-05,1.34e-06,1.909e-05,1.016e-05,1.909e-05
1.005e-05,1.2e-06,1.877e-05,1.0055e-05,1.877e-05
1.0103e-05,1.09e-06,1.901e-05,1.009e-05,1.901e-05
9.96e-06,1.16e-06,1.899e-05,9.94e-06,1.899e-05
1.0006e-05,1.11e-06,1.898e-05,9.965e-06,1.898e-05
1.0138e-05,1.16e-06,1.929e-05,1.013e-05,1.929e-05
1.0059e-05,1.01e-06,1.922e-05,1.0005e-05,1.922e-05
1.0043e-05,1.14e-06,1.914e-05,1.0075e-05,1.914e-05
9.98e-06,1.29e-06,1.893e-05,9.99e-06,1.893e-05
9.963e-06,1.13e-06,1.898e-05,1.0075e-05,1.898e-05
9.961e-06,1.24e-06,1.896e-05,9.955e-06,1.896e-05
1.0085e-05,1.38e-06,1.904e-05,1.0045e-05,1.904e-05
1.0082e-05,1.34e-06,1.892e-05,9.97e-06,1.892e-05
9.991e-06,1.23e-06,1.899e-05,1.0105e-05,1.899e-05
9.976e-06,1.2e-06,1.887e-05,9.89e-06,1.887e-05
1.0009e-05,1.3e-06,1.885e-05,9.94e-06,1.885e-05
9.974e-06,9.6e-07,1.918e-05,1.0005e-05,1.918e-05
1.0081e-05,1.04e-06,1.936e-05,1.0085e-05,1.936e-05
1.0171e-05,1.18e-06,1.942e-05,1.0105e-05,1.942e-05
1.0035e-05,9.6e-07,1.924e-05,9.97e-06,1.924e-05
1.0028e-05,9.4e-07,1.921e-05,1.004e-05,1.921e-05
1.0117e-05,1.26e-06,1.92e-05,1.001e-05,1.92e-05
1.0066e-05,1.38e-06,1.9e-05,1.0175e-05,1.9e-05
1.0004e-05,1.14e-06,1.892e-05,9.915e-06,1.892e-05
1.0157e-05,1.16e-06,1.947e-05,1.013e-05,1.947e-05
9.98e-06,1.1e-06,1.917e-05,1.005e-05,1.917e-05
9.995e-06,1.16e-06,1.91e-05,9.92e-06,1.91e-05
9.971e-06,1.12e-06,1.909e-05,9.94e-06,1.909e-05
1.0029e-05,1.4e-06,1.897e-05,9.97e-06,1.897e-05
1.0219e-05,1.24e-06,1.928e-05,1.0145e-05,1.928e-05
9.93e-06,9.7e-07,1.91e-05,9.925e-06,1.91e-05
9.955e-06,1.4e-06,1.873e-05,9.96e-06,1.873e-05
9.959e-06,1.5e-06,1.871e-05,9.955e-06,1.871e-05
9.905e-06,1.37e-06,1.873e-05,9.9e-06,1.873e-05
1.0118e-05,1.11e-06,1.916e-05,1.006e-05,1.916e-05
1.0066e-05,1.06e-06,1.917e-05,1.01e-05,1.917e-05
1.004e-05,1.06e-06,1.922e-05,1.0005e-05,1.922e-05
1.0289e-05,1.3e-06,1.946e-05,1.03e-05,1.946e-05
1.0131e-05,1.71e-06,1.892e-05,1.0155e-05,1.892e-05
1.006e-05,1.66e-06,1.856e-05,9.965e-06,1.856e-05
9.933e-06,1.47e-06,1.853e-05,9.905e-06,1.853e-05
9.906e-06,1.28e-06,1.874e-05,9.94e-06,1.874e-05
1.0035e-05,1.47e-06,1.891e-05,9.98e-06,1.891e-05
1.0019e-05,1.15e-06,1.896e-05,9.98e-06,1.896e-05
1.0024e-05,1.13e-06,1.911e-05,9.955e-06,1.911e-05
1.0165e-05,1.24e-06,1.923e-05,1.0085e-05,1.923e-05
9.994e-06,1.27e-06,1.901e-05,9.925e-06,1.901e-05
1.0109e-05,7.9e-07,1.957e-05,1.0055e-05,1.957e-05
1.0083e-05,8.8e-07,1.922e-05,1.0065e-05,1.922e-05
1.0001e-05,1.17e-06,1.913e-05,9.925e-06,1.913e-05
1.009e-05,1.2e-06,1.922e-05,1.0025e-05,1.922e-05
9.993e-06,1.27e-06,1.905e-05,1.003e-05,1.905e-05
9.96e-06,1.14e-06,1.899e-05,9.935e-06,1.899e-05
1.0085e-05,1.17e-06,1.907e-05,1.0105e-05,1.907e-05
9.955e-06,9.6e-07,1.908e-05,9.845e-06,1.908e-05
9.903e-06,1.16e-06,1.893e-05,9.92e-06,1.893e-05
9.991e-06,1.09e-06,1.906e-05,9.975e-06,1.906e-05
9.944e-06,9.5e-07,1.914e-05,9.94e-06,1.914e-05
1.0081e-05,1.06e-06,1.927e-05,1.0045e-05,1.927e-05
9.886e-06,1.21e-06,1.88e-05,9.925e-06,1.88e-05
9.932e-06,1.27e-06,1.878e-05,9.955e-06,1.878e-05
1.0005e-05,1.36e-06,1.893e-05,9.955e-06,1.893e-05
1.0045e-05,9.1e-07,1.902e-05,1.004e-05,1.902e-05
9.942e-06,1.19e-06,1.892e-05,9.945e-06,1.892e-05
9.904e-06,1.39e-06,1.851e-05,9.905e-06,1.851e-05
9.937e-06,1.13e-06,1.877e-05,9.96e-06,1.877e-05
1.0006e-05,1.55e-06,1.864e-05,9.93e-06,1.864e-05
9.936e-06,1.27e-06,1.868e-05,1.004e-05,1.868e-05
9.96e-06,1.33e-06,1.873e-05,9.805e-06,1.873e-05
1.0021e-05,1.83e-06,1.873e-05,1.0045e-05,1.873e-05
9.997e-06,1.74e-06,1.838e-05,1e-05,1.838e-05
1.0019e-05,1.6e-06,1.851e-05,1.002e-05,1.851e-05
1.0012e-05,1.24e-06,1.877e-05,1.004e-05,1.877e-05
9.956e-06,1.28e-06,1.872e-05,9.925e-06,1.872e-05
1.0039e-05,1.01e-06,1.917e-05,9.98e-06,1.917e-05
1.0208e-05,1.37e-06,1.945e-05,1.0175e-05,1.945e-05
1.0016e-05,1.22e-06,1.875e-05,9.995e-06,1.875e-05
1.0017e-05,1.55e-06,1.863e-05,1.012e-05,1.863e-05
1.012e-05,9.6e-07,1.932e-05,1.007e-05,1.932e-05
1.0047e-05,1.04e-06,1.918e-05,9.955e-06,1.918e-05
9.979e-06,1.1e-06,1.917e-05,9.98e-06,1.917e-05
9.939e-06,1.1e-06,1.885e-05,9.9e-06,1.885e-05
9.982e-06,1.29e-06,1.877e-05,9.94e-06,1.877e-05
1.0078e-05,1.07e-06,1.888e-05,9.965e-06,1.888e-05
9.93e-06,1.65e-06,1.841e-05,9.985e-06,1.841e-05
9.965e-06,1.37e-06,1.867e-05,9.96e-06,1.867e-05
9.999e-06,1.07e-06,1.91e-05,9.975e-06,1.91e-05
1.0094e-05,9.9e-07,1.924e-05,1.006e-05,1.924e-05
1.0005e-05,1.19e-06,1.9e-05,9.92e-06,1.9e-05
1.0044e-05,1.13e-06,1.929e-05,1.006e-05,1.929e-05
1.0061e-05,1.2e-06,1.912e-05,1.008e-05,1.912e-05
1.0011e-05,1.11e-06,1.902e-05,1.0025e-05,1.902e-05
1.0061e-05,1.05e-06,1.923e-05,9.96e-06,1.923e-05
1.0064e-05,1.12e-06,1.904e-05,1.0035e-05,1.904e-05
1.0082e-05,1.13e-06,1.913e-05,9.975e-06,1.913e-05
9.935e-06,1.21e-06,1.872e-05,9.97e-06,1.872e-05
9.976e-06,1.56e-06,1.872e-05,9.975e-06,1.872e-05
9.888e-06,1.49e-06,1.858e-05,9.9e-06,1.858e-05
9.986e-06,1.56e-06,1.868e-05,1.0015e-05,1.868e-05
9.946e-06,1.26e-06,1.878e-05,9.94e-06,1.878e-05
1.0014e-05,1.12e-06,1.905e-05,9.94e-06,1.905e-05
1.0151e-05,1e-06,1.931e-05,9.995e-06,1.931e-05
9.98e-06,1.02e-06,1.908e-05,9.925e-06,1.908e-05
9.918e-06,1.09e-06,1.89e-05,9.905e-06,1.89e-05
9.944e-06,1.51e-06,1.884e-05,9.995e-06,1.884e-05
9.916e-06,1.36e-06,1.864e-05,9.885e-06,1.864e-05
9.99e-06,1.24e-06,1.889e-05,9.965e-06,1.889e-05
9.926e-06,1.2e-06,1.882e-05,9.905e-06,1.882e-05
9.96e-06,1.12e-06,1.889e-05,9.92e-06,1.889e-05
1.0146e-05,1.45e-06,1.912e-05,1.014e-05,1.912e-05
9.961e-06,1.3e-06,1.887e-05,9.945e-06,1.887e-05
9.968e-06,1.19e-06,1.891e-05,9.82e-06,1.891e-05
1.0001e-05,9.9e-07,1.91e-05,9.985e-06,1.91e-05
1.0069e-05,1.47e-06,1.921e-05,9.905e-06,1.921e-05
1.014e-05,1.27e-06,1.916e-05,1.02e-05,1.916e-05
1.0015e-05,1.66e-06,1.865e-05,1.001e-05,1.865e-05
9.899e-06,1.56e-06,1.837e-05,9.825e-06,1.837e-05
1.0106e-05,1.52e-06,1.895e-05,1.014e-05,1.895e-05
1.0681e-05,1.13e-06,1.903e-05,1.011e-05,1.903e-05
9.938e-06,2.79e-06,1.705e-05,9.855e-06,1.665e-05
9.999e-06,3.03e-06,1.719e-05,9.885e-06,1.719e-05
9.93e-06,2.66e-06,1.735e-05,9.93e-06,1.735e-05
1.0071e-05,2.21e-06,1.801e-05,1.0055e-05,1.801e-05
9.959e-06,1.98e-06,1.82e-05,9.975e-06,1.82e-05
9.929e-06,1.96e-06,1.833e-05,9.875e-06,1.833e-05
1.0061e-05,1.65e-06,1.839e-05,1.005e-05,1.839e-05
9.946e-06,1.68e-06,1.852e-05,9.92e-06,1.852e-05
9.986e-06,1.69e-06,1.857e-05,9.95e-06,1.857e-05
9.921e-06,1.21e-06,1.877e-05,9.9e-06,1.877e-05
1.0192e-05,1.18e-06,1.936e-05,1.0085e-05,1.936e-05
1.0105e-05,1.17e-06,1.925e-05,1.0115e-05,1.925e-05
1.0116e-05,8.7e-07,1.94e-05,1.0025e-05,1.94e-05
1.0051e-05,1.32e-06,1.905e-05,1.0075e-05,1.905e-05
9.99e-06,1.3e-06,1.895e-05,1.0045e-05,1.895e-05
9.919e-06,1.16e-06,1.879e-05,9.905e-06,1.879e-05
9.985e-06,1.12e-06,1.907e-05,9.9e-06,1.907e-05
1.0192e-05,1.03e-06,1.937e-05,1.012e-05,1.937e-05
9.966e-06,1.22e-06,1.89e-05,1.0035e-05,1.89e-05
1.0014e-05,1.22e-06,1.897e-05,9.93e-06,1.897e-05
1.0028e-05,1.08e-06,1.892e-05,9.91e-06,1.892e-05
9.976e-06,1.43e-06,1.867e-05,9.98e-06,1.867e-05
1.0169e-05,1.28e-06,1.903e-05,1.007e-05,1.903e-05
1.0171e-05,1.97e-06,1.851e-05,1.011e-05,1.97e-06
1.0131e-05,2.08e-06,1.826e-05,1.0125e-05,2.08e-06
1.0191e-05,2.36e-06,1.787e-05,1.0275e-05,2.36e-06
1.0112e-05,2.39e-06,1.786e-05,1.0085e-05,2.39e-06
1.024e-05,2.32e-06,1.797e-05,1.017e-05,2.32e-06
1.0292e-05,2.51e-06,1.829e-05,1.015e-05,2.51e-06
1.0459e-05,2.24e-06,1.858e-05,1.0535e-05,2.24e-06
1.0489e-05,1.37e-06,1.915e-05,1.071e-05,1.37e-06
1.029e-05,1.44e-06,1.894e-05,1.035e-05,1.44e-06
1.0257e-05,1.34e-06,1.926e-05,1.0245e-05,1.34e-06
1.0207e-05,1.62e-06,1.895e-05,1.017e-05,1.62e-06
1.0385e-05,1.16e-06,1.92e-05,1.0505e-05,1.16e-06
1.0186e-05,1.56e-06,1.895e-05,1.0125e-05,1.56e-06
1.0338e-05,1.49e-06,1.913e-05,1.0445e-05,1.49e-06
1.0269e-05,1.52e-06,1.906e-05,1.0265e-05,1.52e-06
1.0275e-05,1.64e-06,1.891e-05,1.023e-05,1.64e-06
1.0237e-05,1.59e-06,1.886e-05,1.034e-05,1.59e-06
1.0279e-05,1.3e-06,1.907e-05,1.027e-05,1.3e-06
1.022e-05,1.77e-06,1.864e-05,1.0335e-05,1.77e-06
1.0164e-05,1.99e-06,1.828e-05,1.018e-05,1.99e-06
1.0299e-05,2.11e-06,1.853e-05,1.0465e-05,2.11e-06
1.0203e-05,1.53e-06,1.871e-05,1.0195e-05,1.53e-06
1.0212e-05,1.44e-06,1.887e-05,1.0125e-05,1.44e-06
1.0225e-05,1.5e-06,1.891e-05,1.029e-05,1.5e-06
1.0199e-05,1.41e-06,1.911e-05,1.0265e-05,1.41e-06
1.0419e-05,1.3e-06,1.946e-05,1.0485e-05,1.3e-06
1.0387e-05,1.4e-06,1.934e-05,1.0495e-05,1.4e-06
1.0219e-05,1.37e-06,1.924e-05,1.025e-05,1.37e-06
1.0285e-05,1.47e-06,1.906e-05,1.026e-05,1.47e-06
1.0192e-05,1.02e-06,1.92e-05,1.021e-05,1.02e-06
1.0185e-05,1.12e-06,1.907e-05,1.0215e-05,1.12e-06
1.0197e-05,1.13e-06,1.942e-05,1.0215e-05,1.13e-06
1.0239e-05,1.04e-06,1.926e-05,1.029e-05,1.04e-06
1.0215e-05,1.25e-06,1.918e-05,1.021e-05,1.25e-06
1.0126e-05,1.48e-06,1.87e-05,1.0125e-05,1.48e-06
1.0274e-05,1.49e-06,1.93e-05,1.0335e-05,1.49e-06
1.0489e-05,1.14e-06,1.968e-05,1.052e-05,1.14e-06
1.023e-05,1.04e-06,1.927e-05,1.0265e-05,1.04e-06
1.0339e-05,1.27e-06,1.943e-05,1.0465e-05,1.27e-06
1.0201e-05,1.07e-06,1.913e-05,1.0305e-05,1.07e-06
1.016e-05,1.64e-06,1.897e-05,1.009e-05,1.64e-06
1.01e-05,1.56e-06,1.864e-05,1.008e-05,1.56e-06
1.0176e-05,1.61e-06,1.87e-05,1.0195e-05,1.61e-06
1.0152e-05,1.54e-06,1.864e-05,1.023e-05,1.54e-06
1.0373e-05,1.21e-06,1.927e-05,1.0485e-05,1.21e-06
1.022e-05,1.53e-06,1.912e-05,1.019e-05,1.53e-06
1.0084e-05,1.6e-06,1.861e-05,1.011e-05,1.6e-06
1.0129e-05,1.59e-06,1.853e-05,1.0055e-05,1.59e-06
1.0116e-05,1.64e-06,1.857e-05,1.019e-05,1.64e-06
1.3199e-05,1.82e-06,3.975e-05,1.004e-05,1.82e-06
1.0065e-05,1.51e-06,1.853e-05,1.0055e-05,5.32e-06
9.996e-06,1.66e-06,1.832e-05,9.98e-06,5.32e-06
1.007e-05,1.94e-06,1.811e-05,1.0035e-05,5.53e-06
1.0019e-05,2.31e-06,1.752e-05,1e-05,5.54e-06
1.009e-05,2.96e-06,1.685e-05,1.0075e-05,5.74e-06
1.0055e-05,3.52e-06,1.637e-05,1.008e-05,5.92e-06
1.0001e-05,4.18e-06,1.553e-05,1e-05,6.09e-06
1.0089e-05,4.92e-06,1.486e-05,1.011e-05,6.18e-06
1.0047e-05,5.23e-06,1.466e-05,9.93e-06,6.12e-06
1.0134e-05,5.89e-06,1.446e-05,1.0065e-05,5.95e-06
1.0115e-05,5.97e-06,1.442e-05,1.003e-05,6.01e-06
1.012e-05,5.87e-06,1.447e-05,1.0005e-05,5.93e-06
1.0159e-05,5.77e-06,1.46e-05,1.014e-05,5.77e-06
1.0124e-05,5.41e-06,1.481e-05,1.0165e-05,5.41e-06
1.0266e-05,5.11e-06,1.509e-05,1.028e-05,5.11e-06
1.018e-05,5.45e-06,1.519e-05,1.018e-05,5.52e-06
1.021e-05,5.34e-06,1.5e-05,1.04e-05,5.34e-06
1.0154e-05,5.2e-06,1.504e-05,1.0215e-05,5.2e-06
1.0225e-05,5.14e-06,1.552e-05,1.0155e-05,5.14e-06
1.0105e-05,4.93e-06,1.524e-05,1.017e-05,4.93e-06
1.01e-05,4.9e-06,1.532e-05,1.018e-05,4.9e-06
1.0143e-05,4.81e-06,1.534e-05,1.0095e-05,4.81e-06
1.0125e-05,4.93e-06,1.536e-05,1.018e-05,4.93e-06
1.0228e-05,4.78e-06,1.54e-05,1.03e-05,4.78e-06
1.0165e-05,5.08e-06,1.528e-05,1.026e-05,5.08e-06
1.0124e-05,4.99e-06,1.53e-05,1.0215e-05,4.99e-06
1.027e-05,5.03e-06,1.535e-05,1.03e-05,5.03e-06
1.013e-05,4.69e-06,1.551e-05,1.0205e-05,4.69e-06
1.0125e-05,4.71e-06,1.541e-05,1.017e-05,4.71e-06
1.0217e-05,4.92e-06,1.563e-05,1.031e-05,4.92e-06
1.0043e-05,4.78e-06,1.541e-05,9.97e-06,4.78e-06
1.0114e-05,4.96e-06,1.526e-05,1.0055e-05,4.96e-06
1.0169e-05,5.24e-06,1.511e-05,1.024e-05,5.24e-06
1.0085e-05,5.39e-06,1.474e-05,1.005e-05,5.39e-06
1.0126e-05,5.57e-06,1.464e-05,1.0205e-05,5.86e-06
1.0197e-05,5.68e-06,1.456e-05,1.0345e-05,5.68e-06
1.0164e-05,5.88e-06,1.452e-05,1.026e-05,5.88e-06
1.0174e-05,5.98e-06,1.434e-05,1.0225e-05,5.98e-06
1.0089e-05,5.67e-06,1.441e-05,1.0165e-05,6.09e-06
1.0242e-05,5.45e-06,1.481e-05,1.031e-05,5.45e-06
1.018e-05,5.52e-06,1.473e-05,1.029e-05,5.71e-06
1.0177e-05,5.89e-06,1.449e-05,1.025e-05,5.89e-06
1.0199e-05,5.88e-06,1.455e-05,1.028e-05,5.9e-06
1.014e-05,5.65e-06,1.45e-05,1.0365e-05,5.66e-06
1.0191e-05,5.7e-06,1.458e-05,1.03e-05,5.7e-06
1.028e-05,5.93e-06,1.469e-05,1.0255e-05,6.24e-06
1.0226e-05,6.46e-06,1.402e-05,1.0225e-05,6.67e-06
1.0201e-05,6.5e-06,1.407e-05,1.0335e-05,6.5e-06
1.0282e-05,6.32e-06,1.423e-05,1.041e-05,6.41e-06
1.0199e-05,5.59e-06,1.467e-05,1.0375e-05,5.59e-06
1.145e-05,1.45e-06,1.922e-05,1.2455e-05,5.32e-06
1.0194e-05,1.41e-06,1.867e-05,1.0225e-05,5.24e-06
1.0116e-05,1.72e-06,1.822e-05,1.0165e-05,5.51e-06
1.0123e-05,1.91e-06,1.816e-05,1.018e-05,5.22e-06
1.0151e-05,2.1e-06,1.792e-05,1.029e-05,5.08e-06
1.016e-05,2.29e-06,1.781e-05,1.0185e-05,5.04e-06
1.0104e-05,2.55e-06,1.753e-05,1.016e-05,5.16e-06
1.0259e-05,3.09e-06,1.735e-05,1.026e-05,5.04e-06
1.0305e-05,3.53e-06,1.696e-05,1.017e-05,4.76e-06
1.0161e-05,3.99e-06,1.64e-05,1.02e-05,4.28e-06
1.0127e-05,3.89e-06,1.628e-05,9.975e-06,4.52e-06
1.021e-05,3.99e-06,1.655e-05,1.0155e-05,4.55e-06
1.0125e-05,3.62e-06,1.643e-05,1.016e-05,4.8e-06
1.0165e-05,3.77e-06,1.641e-05,1.011e-05,5.01e-06
1.0115e-05,4.11e-06,1.615e-05,1.006e-05,4.94e-06
1.0167e-05,4.05e-06,1.621e-05,1.0185e-05,5.06e-06
1.0196e-05,4.06e-06,1.603e-05,1.0255e-05,5.29e-06
1.0183e-05,4.38e-06,1.602e-05,1.01e-05,5.2e-06
1.0191e-05,4.06e-06,1.617e-05,1.0215e-05,5.19e-06
1.0328e-05,4.33e-06,1.65e-05,1.0425e-05,4.95e-06
1.0194e-05,3.84e-06,1.646e-05,1.0295e-05,5.35e-06
1.027e-05,3.84e-06,1.639e-05,1.0325e-05,5.28e-06
1.0399e-05,3.72e-06,1.692e-05,1.039e-05,5.27e-06
1.0271e-05,3.34e-06,1.71e-05,1.032e-05,5.06e-06
1.026e-05,3.55e-06,1.709e-05,1.023e-05,5.26e-06
1.0181e-05,3.36e-06,1.694e-05,1.02e-05,5.31e-06
1.0158e-05,3.65e-06,1.655e-05,1.0205e-05,5.47e-06
1.0215e-05,3.85e-06,1.66e-05,1.0155e-05,5.82e-06
1.0203e-05,4.6e-06,1.581e-05,1.0195e-05,6.1e-06
1.0164e-05,4.7e-06,1.532e-05,1.0185e-05,6.12e-06
1.0123e-05,5.13e-06,1.492e-05,1.024e-05,6.06e-06
1.0141e-05,5.34e-06,1.487e-05,1.02e-05,6e-06
1.0171e-05,5.59e-06,1.483e-05,1.0215e-05,6.22e-06
1.0126e-05,5.75e-06,1.455e-05,1.0165e-05,6.28e-06
1.0082e-05,5.75e-06,1.418e-05,1.019e-05,6.23e-06
1.0132e-05,5.93e-06,1.429e-05,1.0185e-05,6.13e-06
1.0275e-05,6.21e-06,1.443e-05,1.028e-05,6.23e-06
1.0178e-05,6.22e-06,1.417e-05,1.0215e-05,6.48e-06
1.0141e-05,5.86e-06,1.414e-05,1.0235e-05,6.8e-06
1.0073e-05,6.39e-06,1.38e-05,1.011e-05,6.91e-06
1.016e-05,6.86e-06,1.347e-05,9.965e-06,7.13e-06
1.0196e-05,6.8e-06,1.357e-05,1.032e-05,6.8e-06
1.0364e-05,7.4e-06,1.348e-05,1.012e-05,7.69e-06
1.005e-05,7.69e-06,1.246e-05,1.0065e-05,7.79e-06
1.0221e-05,7.82e-06,1.265e-05,1.022e-05,7.82e-06
1.0334e-05,7.17e-06,1.342e-05,1.0525e-05,7.17e-06
1.0155e-05,6.64e-06,1.356e-05,1.0285e-05,6.64e-06
1.0111e-05,6.27e-06,1.38e-05,1.0205e-05,6.36e-06
1.0208e-05,6.38e-06,1.407e-05,1.0325e-05,6.58e-06
1.0194e-05,5.94e-06,1.417e-05,1.0365e-05,5.94e-06
1.0177e-05,5.88e-06,1.443e-05,1.02e-05,5.94e-06
1.0271e-05,5.68e-06,1.468e-05,1.036e-05,5.68e-06
1.0162e-05,5.62e-06,1.46e-05,1.023e-05,5.72e-06
1.0168e-05,5.68e-06,1.469e-05,1.02e-05,5.68e-06
1.014e-05,5.74e-06,1.473e-05,1.01e-05,5.74e-06
1.0099e-05,5.8e-06,1.435e-05,1.012e-05,5.91e-06
1.0255e-05,5.87e-06,1.453e-05,1.038e-05,5.87e-06
1.0121e-05,5.64e-06,1.467e-05,1.0235e-05,5.64e-06
1.0114e-05,5.53e-06,1.462e-05,1.028e-05,5.53e-06
1.0111e-05,5.43e-06,1.473e-05,1.009e-05,5.43e-06
1.008e-05,5.41e-06,1.482e-05,1.003e-05,5.7e-06
1.0149e-05,5.65e-06,1.453e-05,1.019e-05,5.91e-06
1.0181e-05,5.63e-06,1.464e-05,1.019e-05,5.88e-06
1.0148e-05,5.69e-06,1.464e-05,1.0175e-05,5.83e-06
1.0435e-05,5.27e-06,1.524e-05,1.0575e-05,5.27e-06
1.0222e-05,4.53e-06,1.56e-05,1.0305e-05,4.53e-06
1.0193e-05,4.62e-06,1.562e-05,1.0275e-05,4.62e-06
1.0219e-05,4.75e-06,1.569e-05,1.0215e-05,4.75e-06
1.0376e-05,4.41e-06,1.609e-05,1.0415e-05,4.41e-06
1.0154e-05,4.22e-06,1.613e-05,1.011e-05,4.22e-06
1.0195e-05,4.23e-06,1.612e-05,1.018e-05,4.23e-06
1.0208e-05,4.16e-06,1.623e-05,1.0235e-05,4.16e-06
1.0396e-05,4.49e-06,1.637e-05,1.0315e-05,4.49e-06
1.0562e-05,3.65e-06,1.677e-05,1.057e-05,3.65e-06
1.0309e-05,3.31e-06,1.71e-05,1.028e-05,3.31e-06
1.0234e-05,3.25e-06,1.714e-05,1.0265e-05,3.25e-06
1.1664e-05,1.43e-06,1.923e-05,1.2555e-05,5.18e-06
1.0041e-05,1.9e-06,1.816e-05,1.0025e-05,5.35e-06
1.0089e-05,2.49e-06,1.768e-05,1.011e-05,5.4e-06
1.0026e-05,2.92e-06,1.676e-05,9.96e-06,5.37e-06
1.0129e-05,3.87e-06,1.638e-05,1.0185e-05,5.54e-06
1.0056e-05,4.27e-06,1.55e-05,1.003e-05,5.16e-06
1.0019e-05,4.84e-06,1.53e-05,1.006e-05,5.01e-06
1.0178e-05,5.01e-06,1.518e-05,1.012e-05,5.01e-06
1.0076e-05,4.97e-06,1.538e-05,1.0075e-05,4.97e-06
1.021e-05,5.03e-06,1.538e-05,1.0195e-05,5.03e-06
1.0074e-05,5.21e-06,1.513e-05,1.001e-05,5.21e-06
1.0111e-05,5.29e-06,1.514e-05,1.01e-05,5.29e-06
1.0206e-05,5.01e-06,1.544e-05,1.029e-05,5.01e-06
1.0301e-05,4.46e-06,1.603e-05,1.046e-05,4.46e-06
1.0323e-05,3.83e-06,1.654e-05,1.039e-05,3.83e-06
1.0239e-05,3.51e-06,1.686e-05,1.03e-05,3.51e-06
1.0116e-05,3.39e-06,1.68e-05,1.0085e-05,3.39e-06
1.0178e-05,3.45e-06,1.705e-05,1.0235e-05,3.45e-06
1.033e-05,3.08e-06,1.713e-05,1.0285e-05,3.08e-06
1.02e-05,3.01e-06,1.732e-05,1.0295e-05,3.01e-06
1.0354e-05,2.63e-06,1.772e-05,1.042e-05,2.63e-06
1.0296e-05,2.02e-06,1.808e-05,1.0365e-05,2.02e-06
1.015e-05,2.1e-06,1.814e-05,1.0155e-05,2.1e-06
1.0259e-05,2.17e-06,1.828e-05,1.0305e-05,2.17e-06
1.0339e-05,2.19e-06,1.846e-05,1.0255e-05,2.19e-06
1.0215e-05,2.25e-06,1.81e-05,1.0255e-05,2.25e-06
1.0256e-05,2.51e-06,1.797e-05,1.0275e-05,2.51e-06
1.0239e-05,2.33e-06,1.794e-05,1.026e-05,2.33e-06
1.0596e-05,2.19e-06,1.862e-05,1.055e-05,2.19e-06
1.021e-05,1.58e-06,1.873e-05,1.026e-05,1.58e-06
1.0245e-05,1.45e-06,1.887e-05,1.022e-05,1.45e-06
1.0293e-05,1.54e-06,1.892e-05,1.0335e-05,1.54e-06
1.0212e-05,1.43e-06,1.891e-05,1.0175e-05,1.43e-06
1.0254e-05,1.43e-06,1.893e-05,1.025e-05,1.43e-06
1.0213e-05,1.45e-06,1.885e-05,1.03e-05,1.45e-06
1.0246e-05,1.48e-06,1.903e-05,1.023e-05,1.48e-06
1.0387e-05,1.46e-06,1.931e-05,1.029e-05,1.46e-06
1.0282e-05,1.25e-06,1.903e-05,1.036e-05,1.25e-06
1.0635e-05,1.42e-06,1.967e-05,1.0675e-05,1.42e-06
1.0305e-05,1.02e-06,1.981e-05,1.035e-05,1.02e-06
1.0258e-05,1.07e-06,1.938e-05,1.022e-05,1.07e-06
1.0285e-05,9.9e-07,1.927e-05,1.02e-05,9.9e-07
1.0146e-05,1.38e-06,1.931e-05,1.014e-05,1.38e-06
1.0366e-05,1.44e-06,1.914e-05,1.037e-05,1.44e-06
1.0213e-05,1.51e-06,1.889e-05,1.0235e-05,1.51e-06
1.0411e-05,1.15e-06,1.927e-05,1.043e-05,1.15e-06
1.0239e-05,1.63e-06,1.907e-05,1.044e-05,1.63e-06
1.016e-05,1.31e-06,1.9e-05,1.009e-05,1.31e-06
1.0171e-05,1.42e-06,1.875e-05,1.0175e-05,1.42e-06
1.0094e-05,1.71e-06,1.86e-05,1.018e-05,1.71e-06
1.009e-05,1.81e-06,1.849e-05,1.0135e-05,1.81e-06
1.0176e-05,1.38e-06,1.879e-05,1.032e-05,1.38e-06
1.0314e-05,1.32e-06,1.917e-05,1.0305e-05,1.32e-06
1.0443e-05,1.21e-06,1.939e-05,1.0495e-05,1.21e-06
1.0281e-05,1.09e-06,1.926e-05,1.0255e-05,1.09e-06
1.046e-05,1.36e-06,1.962e-05,1.0335e-05,1.36e-06
1.0199e-05,1.24e-06,1.901e-05,1.02e-05,1.24e-06
1.0214e-05,1.25e-06,1.942e-05,1.032e-05,1.25e-06
1.0256e-05,1.28e-06,1.936e-05,1.0285e-05,1.28e-06
1.0191e-05,1.32e-06,1.903e-05,1.0215e-05,1.32e-06
1.0821e-05,3.64e-06,2.004e-05,1.059e-05,3.64e-06
1.0245e-05,2.96e-06,1.723e-05,1.021e-05,2.96e-06
4.05e-05,1.74e-06,7.712e-05,4.1545e-05,4.76e-06
1.008e-05,2.36e-06,1.804e-05,9.98e-06,5.03e-06
1.0005e-05,2.41e-06,1.737e-05,1.005e-05,5.16e-06
9.986e-06,2.71e-06,1.725e-05,9.98e-06,4.99e-06
1.0046e-05,2.71e-06,1.707e-05,1.0085e-05,5.29e-06
1.0026e-05,3.36e-06,1.649e-05,9.985e-06,5.7e-06
1.0008e-05,3.78e-06,1.618e-05,9.94e-06,6.35e-06
1.0042e-05,3.82e-06,1.598e-05,1.0115e-05,6.1e-06
9.964e-06,4.09e-06,1.581e-05,9.9e-06,5.99e-06
9.979e-06,4.24e-06,1.571e-05,9.94e-06,6.11e-06
9.956e-06,4.14e-06,1.564e-05,9.885e-06,6.24e-06
9.997e-06,4.57e-06,1.54e-05,9.855e-06,6.48e-06
9.944e-06,4.81e-06,1.511e-05,9.88e-06,6.71e-06
1.0106e-05,5.14e-06,1.495e-05,1.0075e-05,6.83e-06
1.0709e-05,4.62e-06,1.599e-05,1.0785e-05,4.62e-06
1.0125e-05,4.37e-06,1.568e-05,1.0225e-05,4.37e-06
1.0016e-05,4.24e-06,1.593e-05,1.004e-05,4.24e-06
1.0115e-05,4.14e-06,1.607e-05,1.0095e-05,4.14e-06
1.0106e-05,3.81e-06,1.632e-05,1.0125e-05,3.81e-06
1.0098e-05,3.71e-06,1.632e-05,1e-05,3.71e-06
1.011e-05,3.29e-06,1.669e-05,1.0105e-05,3.29e-06
1.011e-05,3.3e-06,1.688e-05,1.0185e-05,3.3e-06
1.014e-05,3.36e-06,1.677e-05,1.015e-05,3.36e-06
1.0064e-05,3.4e-06,1.671e-05,9.94e-06,3.4e-06
1.0059e-05,3.25e-06,1.684e-05,1.0035e-05,3.25e-06
1.005e-05,3.47e-06,1.69e-05,9.955e-06,3.47e-06
9.974e-06,3.75e-06,1.635e-05,1e-05,3.75e-06
1.0076e-05,4.1e-06,1.63e-05,9.99e-06,4.1e-06
1.0085e-05,4.29e-06,1.59e-05,1.007e-05,4.29e-06
1.0076e-05,4.16e-06,1.595e-05,9.905e-06,4.16e-06
1.0123e-05,3.96e-06,1.64e-05,1.004e-05,3.96e-06
1.004e-05,3.7e-06,1.644e-05,1e-05,3.7e-06
1.0074e-05,3.93e-06,1.65e-05,1.0005e-05,3.93e-06
1.0261e-05,3.44e-06,1.678e-05,1.041e-05,3.44e-06
1.003e-05,3.25e-06,1.664e-05,1.006e-05,3.25e-06
1.0057e-05,3.46e-06,1.663e-05,1.0015e-05,3.46e-06
1.0058e-05,3.76e-06,1.626e-05,1.01e-05,3.76e-06
1.014e-05,3.81e-06,1.629e-05,1.0285e-05,3.81e-06
1.0036e-05,4.02e-06,1.601e-05,9.985e-06,4.02e-06
9.989e-06,4.23e-06,1.59e-05,1.002e-05,4.23e-06
1.0055e-05,3.7e-06,1.633e-05,9.97e-06,3.7e-06
1.0081e-05,3.9e-06,1.622e-05,1.0095e-05,3.9e-06
1.0103e-05,3.92e-06,1.636e-05,1.0165e-05,3.92e-06
1.1439e-05,4e-06,2.203e-05,1.1725e-05,4e-06
1.0152e-05,1.19e-06,1.905e-05,1.015e-05,1.19e-06
1.008e-05,1.4e-06,1.887e-05,1.0195e-05,1.4e-06
1.0202e-05,1.33e-06,1.888e-05,1.0315e-05,1.33e-06
1.02e-05,1.42e-06,1.916e-05,1.0275e-05,1.42e-06
1.0104e-05,1.62e-06,1.858e-05,1.009e-05,1.62e-06
1.0099e-05,1.72e-06,1.848e-05,1.003e-05,1.72e-06
1.006e-05,1.61e-06,1.857e-05,1.012e-05,1.61e-06
1.015e-05,1.71e-06,1.889e-05,1.013e-05,1.71e-06
1.0235e-05,1.9e-06,1.871e-05,1.012e-05,1.9e-06
1.0121e-05,1.88e-06,1.84e-05,9.97e-06,1.88e-06
1.0194e-05,2.17e-06,1.857e-05,1.0085e-05,2.17e-06
1.001e-05,1.8e-06,1.817e-05,9.935e-06,1.8e-06
1.0029e-05,2e-06,1.815e-05,1.0035e-05,2e-06
9.991e-06,1.98e-06,1.808e-05,1.003e-05,1.98e-06
1.0054e-05,1.72e-06,1.826e-05,1.012e-05,1.72e-06
1.005e-05,1.88e-06,1.832e-05,1.0085e-05,1.88e-06
1.0018e-05,1.97e-06,1.799e-05,1.0045e-05,1.97e-06
1.013e-05,2.13e-06,1.81e-05,1.017e-05,2.13e-06
1.0107e-05,2.35e-06,1.773e-05,1.0215e-05,2.35e-06
1.0065e-05,2.48e-06,1.762e-05,1.002e-05,2.48e-06
1.0134e-05,2.81e-06,1.808e-05,1.009e-05,2.81e-06
1.0178e-05,2.37e-06,1.794e-05,1.0175e-05,2.37e-06
1.0178e-05,2.67e-06,1.775e-05,1.0265e-05,2.67e-06
1.0176e-05,2.73e-06,1.755e-05,1.016e-05,2.73e-06
9.958e-06,2.81e-06,1.724e-05,9.995e-06,2.81e-06
1.005e-05,2.98e-06,1.712e-05,9.955e-06,2.98e-06
1.0156e-05,3.08e-06,1.726e-05,1.005e-05,3.08e-06
1.0028e-05,2.91e-06,1.712e-05,9.985e-06,2.91e-06
1.0096e-05,2.69e-06,1.744e-05,1.0105e-05,2.69e-06
1.0065e-05,2.54e-06,1.763e-05,1.013e-05,2.54e-06
9.963e-06,2.83e-06,1.718e-05,1.005e-05,2.83e-06
1.0031e-05,3.11e-06,1.692e-05,1.0035e-05,3.11e-06
9.99e-06,3.28e-06,1.685e-05,9.99e-06,3.28e-06
1.0025e-05,3.45e-06,1.65e-05,9.98e-06,3.45e-06
1.004e-05,3.61e-06,1.66e-05,1.0055e-05,3.61e-06
1.0005e-05,3.22e-06,1.684e-05,9.895e-06,3.22e-06
1.0056e-05,3.44e-06,1.693e-05,9.985e-06,3.44e-06
1.0045e-05,3.27e-06,1.67e-05,1.0115e-05,3.27e-06
1.0029e-05,3.31e-06,1.689e-05,9.985e-06,3.31e-06
1.0043e-05,3.28e-06,1.689e-05,9.97e-06,3.28e-06
1.0059e-05,3.39e-06,1.706e-05,1.0025e-05,3.39e-06
1.0239e-05,2.54e-06,1.769e-05,1.029e-05,2.54e-06
1.0377e-05,2.3e-06,1.843e-05,1.0385e-05,2.3e-06
1.0286e-05,1.37e-06,1.905e-05,1.047e-05,1.37e-06
1.0268e-05,1.21e-06,1.933e-05,1.029e-05,1.21e-06
1.0151e-05,1.45e-06,1.896e-05,1.0165e-05,1.45e-06
1.0086e-05,1.59e-06,1.868e-05,1.0115e-05,1.59e-06
1.0149e-05,1.49e-06,1.872e-05,1.023e-05,1.49e-06
1.0078e-05,1.62e-06,1.854e-05,1.015e-05,1.62e-06
1.0009e-05,1.71e-06,1.827e-05,1.0025e-05,1.71e-06
1.0039e-05,1.83e-06,1.843e-05,1.009e-05,1.83e-06
1.0003e-05,1.74e-06,1.825e-05,1.0065e-05,1.74e-06
1.012e-05,1.65e-06,1.875e-05,1.018e-05,1.65e-06
1.0154e-05,1.4e-06,1.861e-05,1.0235e-05,1.4e-06
1.0006e-05,1.61e-06,1.869e-05,9.985e-06,1.61e-06
1.0106e-05,2.03e-06,1.829e-05,1.024e-05,2.03e-06
1.0079e-05,2.25e-06,1.794e-05,1.0085e-05,2.25e-06
1.0145e-05,2.14e-06,1.815e-05,1.014e-05,2.14e-06
1.0135e-05,2.24e-06,1.816e-05,1.016e-05,2.24e-06
1.0189e-05,2.23e-06,1.814e-05,1.016e-05,2.23e-06
1.0061e-05,2.05e-06,1.817e-05,1.0025e-05,2.05e-06
1.0045e-05,2.04e-06,1.799e-05,1.005e-05,2.04e-06
1.0054e-05,2.46e-06,1.765e-05,9.99e-06,2.46e-06
1.0051e-05,2.73e-06,1.758e-05,9.975e-06,2.73e-06
1.0058e-05,2.94e-06,1.722e-05,9.94e-06,2.94e-06
9.977e-06,2.75e-06,1.72e-05,9.935e-06,2.75e-06
1.0188e-05,3e-06,1.736e-05,1.011e-05,3e-06
1.0183e-05,2.46e-06,1.805e-05,1.0205e-05,2.46e-06
1.0441e-05,1.72e-06,1.878e-05,1.054e-05,1.72e-06
1.0258e-05,1.61e-06,1.881e-05,1.0345e-05,1.61e-06
1.0117e-05,1.65e-06,1.887e-05,1.019e-05,1.65e-06
1.0174e-05,1.63e-06,1.878e-05,1.0275e-05,1.63e-06
1.0104e-05,1.56e-06,1.884e-05,1.018e-05,1.56e-06
1.0635e-05,8.7e-07,2.003e-05,1.0585e-05,8.7e-07
1.0284e-05,1.36e-06,1.944e-05,1.0255e-05,1.36e-06
1.022e-05,1.21e-06,1.925e-05,1.027e-05,1.21e-06
1.0166e-05,1.46e-06,1.9e-05,1.0265e-05,1.46e-06
1.0145e-05,1.48e-06,1.882e-05,1.0245e-05,1.48e-06
1.0139e-05,1.7e-06,1.876e-05,1.015e-05,1.7e-06
1.0088e-05,1.78e-06,1.853e-05,1.003e-05,1.78e-06
1.0058e-05,1.79e-06,1.83e-05,1.0115e-05,1.79e-06
1.0073e-05,1.76e-06,1.837e-05,1.006e-05,1.76e-06
1.0243e-05,1.55e-06,1.926e-05,1.0265e-05,1.55e-06
1.0306e-05,1.13e-06,1.932e-05,1.0405e-05,1.13e-06
1.0164e-05,1.77e-06,1.878e-05,1.013e-05,1.77e-06
1.0161e-05,1.98e-06,1.829e-05,1.021e-05,1.98e-06
1.0126e-05,2.31e-06,1.769e-05,1.0285e-05,2.31e-06
1.0095e-05,2.79e-06,1.757e-05,1.001e-05,2.79e-06
1.0513e-05,2.8e-06,1.738e-05,1.1275e-05,2.8e-06
1.0179e-05,5.74e-06,1.501e-05,1.0045e-05,6.09e-06
1.0169e-05,5.66e-06,1.476e-05,1.023e-05,6.5e-06
1.1034e-05,3.87e-06,1.655e-05,1.143e-05,1.207e-05
1.0055e-05,3.88e-06,1.613e-05,1.005e-05,1.227e-05
1.007e-05,3.97e-06,1.588e-05,1.0055e-05,1.284e-05
1.0009e-05,3.74e-06,1.614e-05,9.91e-06,1.298e-05
1.0009e-05,3.73e-06,1.609e-05,9.93e-06,1.334e-05
9.986e-06,3.94e-06,1.585e-05,9.93e-06,1.371e-05
9.975e-06,4.14e-06,1.564e-05,1.001e-05,1.393e-05
1.0096e-05,4.62e-06,1.542e-05,1.003e-05,1.394e-05
9.993e-06,4.93e-06,1.504e-05,9.915e-06,1.375e-05
9.947e-06,4.88e-06,1.494e-05,9.85e-06,1.382e-05
9.959e-06,5.1e-06,1.481e-05,9.975e-06,1.374e-05
9.994e-06,5.32e-06,1.487e-05,9.88e-06,1.39e-05
3.428e-05,1.76e-06,4.585e-05,3.889e-05,4.187e-05
1.002e-05,1.4e-06,1.88e-05,1e-05,1.511e-05
9.994e-06,1.35e-06,1.864e-05,9.94e-06,1.489e-05
1.0091e-05,1.71e-06,1.836e-05,1.0075e-05,1.485e-05
1.003e-05,2.07e-06,1.805e-05,9.94e-06,1.475e-05
1.0008e-05,2.19e-06,1.779e-05,9.98e-06,1.502e-05
1.0186e-05,2.71e-06,1.75e-05,1.005e-05,1.56e-05
1.0045e-05,3.07e-06,1.7e-05,9.955e-06,1.54e-05
1.0119e-05,3.7e-06,1.662e-05,1.016e-05,1.566e-05
1.0003e-05,4.08e-06,1.6e-05,9.94e-06,1.6e-05
1.0037e-05,3.94e-06,1.616e-05,1.0035e-05,1.616e-05
1.0025e-05,3.8e-06,1.631e-05,1.0025e-05,1.631e-05
1.0042e-05,3.85e-06,1.63e-05,1e-05,1.63e-05
1.0066e-05,3.4e-06,1.663e-05,1.009e-05,1.663e-05
1.0088e-05,3.66e-06,1.684e-05,1.0065e-05,1.684e-05
1.0016e-05,3.83e-06,1.633e-05,1.002e-05,1.633e-05
1.0035e-05,4.4e-06,1.58e-05,1.007e-05,1.58e-05
1.0094e-05,3.95e-06,1.608e-05,1e-05,1.608e-05
1.0072e-05,3.55e-06,1.647e-05,1.005e-05,1.647e-05
1.0067e-05,3.51e-06,1.665e-05,1.004e-05,1.665e-05
1.0078e-05,3.41e-06,1.667e-05,9.95e-06,1.667e-05
1.0161e-05,3.47e-06,1.691e-05,1.0255e-05,1.691e-05
1.013e-05,3.26e-06,1.69e-05,1.01e-05,1.69e-05
1.0134e-05,3.05e-06,1.707e-05,9.975e-06,1.707e-05
1.003e-05,3.16e-06,1.694e-05,1.0075e-05,1.694e-05
1.0073e-05,2.92e-06,1.7e-05,1.007e-05,1.7e-05
9.955e-06,2.96e-06,1.704e-05,9.965e-06,1.704e-05
1.005e-05,3.14e-06,1.703e-05,1.0045e-05,1.703e-05
1.0097e-05,3.32e-06,1.713e-05,1.004e-05,1.713e-05
1.0068e-05,3.13e-06,1.707e-05,1.0025e-05,1.707e-05
1.0045e-05,3.22e-06,1.703e-05,1.0025e-05,1.703e-05
1.0105e-05,3.34e-06,1.698e-05,1.0075e-05,1.698e-05
1.0014e-05,3.14e-06,1.692e-05,1.001e-05,1.692e-05
1.0062e-05,3.03e-06,1.698e-05,9.99e-06,1.698e-05
1.0087e-05,3.15e-06,1.708e-05,1.009e-05,1.708e-05
1.0099e-05,3.33e-06,1.709e-05,1.007e-05,1.709e-05
1.0046e-05,3.15e-06,1.717e-05,1e-05,1.717e-05
9.985e-06,2.95e-06,1.691e-05,1.002e-05,1.691e-05
1.005e-05,3.05e-06,1.718e-05,1.0065e-05,1.718e-05
1.0049e-05,2.93e-06,1.706e-05,1.0135e-05,1.706e-05
1.0009e-05,2.96e-06,1.723e-05,9.95e-06,1.723e-05
1.0045e-05,2.78e-06,1.72e-05,1.0125e-05,1.72e-05
1.0055e-05,2.72e-06,1.733e-05,1.0025e-05,1.733e-05
1.005e-05,2.61e-06,1.751e-05,1.006e-05,1.751e-05
1.0081e-05,2.83e-06,1.719e-05,1.0025e-05,1.719e-05
1.0011e-05,2.5e-06,1.759e-05,1e-05,1.759e-05
1.0129e-05,2.77e-06,1.758e-05,1.0155e-05,1.758e-05
1.0041e-05,2.86e-06,1.734e-05,1.007e-05,1.734e-05
1.0056e-05,2.73e-06,1.731e-05,9.965e-06,1.731e-05
1.0206e-05,2.49e-06,1.792e-05,1.009e-05,1.792e-05
1.0093e-05,2.47e-06,1.758e-05,9.985e-06,1.758e-05
1.0014e-05,2.57e-06,1.758e-05,1.0045e-05,1.758e-05
1.0096e-05,2.46e-06,1.775e-05,1.003e-05,1.775e-05
1.012e-05,1.96e-06,1.814e-05,1.0075e-05,1.814e-05
1.0212e-05,1.72e-06,1.873e-05,1.011e-05,1.873e-05
1.0105e-05,1.34e-06,1.871e-05,1.006e-05,1.871e-05
1.0024e-05,1.52e-06,1.86e-05,1.003e-05,1.86e-05
1.015e-05,1.37e-06,1.901e-05,1.022e-05,1.901e-05
1.0068e-05,1.55e-06,1.848e-05,1.0025e-05,1.848e-05
1.0096e-05,1.93e-06,1.845e-05,1.009e-05,1.845e-05
1.0151e-05,1.62e-06,1.844e-05,1.0255e-05,1.844e-05
1.0093e-05,1.59e-06,1.833e-05,9.99e-06,1.833e-05
1.0077e-05,1.45e-06,1.852e-05,1.002e-05,1.852e-05
1.0184e-05,1.75e-06,1.862e-05,1.014e-05,1.862e-05
1.0114e-05,1.5e-06,1.863e-05,9.97e-06,1.863e-05
1.0076e-05,1.84e-06,1.821e-05,1e-05,1.821e-05
9.967e-06,1.64e-06,1.839e-05,9.99e-06,1.839e-05
1.0047e-05,1.56e-06,1.846e-05,1.006e-05,1.846e-05
1.0006e-05,1.65e-06,1.83e-05,9.985e-06,1.83e-05
1.0067e-05,1.58e-06,1.844e-05,9.99e-06,1.844e-05
1.008e-05,1.94e-06,1.833e-05,1.006e-05,1.833e-05
1.0071e-05,1.9e-06,1.801e-05,1.0065e-05,1.801e-05
1.0054e-05,1.97e-06,1.81e-05,1.0085e-05,1.81e-05
1.0124e-05,1.71e-06,1.841e-05,1.006e-05,1.841e-05
1.0044e-05,1.68e-06,1.839e-05,1.002e-05,1.839e-05
1.0068e-05,2.48e-06,1.773e-05,1.005e-05,1.773e-05
1.0051e-05,2.37e-06,1.767e-05,1.0055e-05,1.767e-05
1.0049e-05,2.23e-06,1.782e-05,9.96e-06,1.782e-05
1.014e-05,2.19e-06,1.816e-05,1.005e-05,1.816e-05
1.005e-05,2.19e-06,1.787e-05,1.005e-05,1.787e-05
1.0069e-05,1.77e-06,1.83e-05,9.99e-06,1.83e-05
1.019e-05,1.53e-06,1.859e-05,1.02e-05,1.859e-05
1.006e-05,1.37e-06,1.857e-05,1.0045e-05,1.857e-05
1.0132e-05,1.8e-06,1.85e-05,1.0135e-05,1.85e-05
1.0105e-05,1.31e-06,1.881e-05,1.0025e-05,1.881e-05
1.009e-05,1.25e-06,1.875e-05,1.005e-05,1.875e-05
1.0135e-05,1.83e-06,1.871e-05,1.012e-05,1.871e-05
1.0015e-05,1.72e-06,1.84e-05,1.003e-05,1.84e-05
1.0024e-05,1.57e-06,1.84e-05,1.002e-05,1.84e-05
1.0171e-05,1.54e-06,1.868e-05,1.016e-05,1.868e-05
1.0039e-05,1.56e-06,1.866e-05,1.0095e-05,1.866e-05
1.0155e-05,1.53e-06,1.868e-05,1.0145e-05,1.868e-05
1.0165e-05,1.44e-06,1.854e-05,1.016e-05,1.854e-05
1.002e-05,1.76e-06,1.819e-05,1.0085e-05,1.819e-05
1.015e-05,2.06e-06,1.827e-05,1.0145e-05,1.827e-05
1.0125e-05,2.53e-06,1.783e-05,1.004e-05,1.783e-05
1.0095e-05,2.6e-06,1.749e-05,1.0085e-05,1.749e-05
1.0074e-05,2.61e-06,1.738e-05,1.004e-05,1.738e-05
1.0077e-05,3.03e-06,1.72e-05,1.0075e-05,1.72e-05
1.0047e-05,2.92e-06,1.713e-05,1.0065e-05,1.713e-05
1.0094e-05,2.79e-06,1.723e-05,1.009e-05,1.723e-05
1.013e-05,2.7e-06,1.739e-05,9.99e-06,1.739e-05
1.0068e-05,2.24e-06,1.778e-05,1.0095e-05,1.778e-05
9.946e-06,2.37e-06,1.762e-05,9.955e-06,1.762e-05
1.0121e-05,2.29e-06,1.773e-05,1.015e-05,1.773e-05
1.0001e-05,2.05e-06,1.799e-05,1.0015e-05,1.799e-05
1.0032e-05,1.89e-06,1.818e-05,1e-05,1.818e-05
1.01e-05,1.86e-06,1.827e-05,1.0105e-05,1.827e-05
1.0053e-05,1.62e-06,1.84e-05,1.002e-05,1.84e-05
9.971e-06,1.74e-06,1.805e-05,1.0045e-05,1.805e-05
9.969e-06,1.68e-06,1.81e-05,1.0025e-05,1.81e-05
1.0114e-05,1.93e-06,1.812e-05,1.001e-05,1.812e-05
9.981e-06,1.94e-06,1.817e-05,9.975e-06,1.817e-05
1.0208e-05,1.21e-06,1.914e-05,1.012e-05,1.914e-05
1.0224e-05,1.05e-06,1.94e-05,1.0185e-05,1.94e-05
1.0054e-05,1.64e-06,1.878e-05,9.94e-06,1.878e-05
9.995e-06,1.43e-06,1.853e-05,9.97e-06,1.853e-05
1.0047e-05,1.35e-06,1.86e-05,1.003e-05,1.86e-05
1.0096e-05,1.63e-06,1.837e-05,9.985e-06,1.837e-05
9.974e-06,2e-06,1.813e-05,9.925e-06,1.813e-05
1.0105e-05,1.96e-06,1.824e-05,1.0185e-05,1.824e-05
1.0169e-05,1.44e-06,1.87e-05,1.019e-05,1.87e-05
1.0023e-05,1.51e-06,1.875e-05,1.007e-05,1.875e-05
1.0079e-05,2.13e-06,1.833e-05,1.0095e-05,1.833e-05
1.0062e-05,2.18e-06,1.817e-05,1.0105e-05,1.817e-05
1.0015e-05,1.89e-06,1.821e-05,9.995e-06,1.821e-05
1.002e-05,1.79e-06,1.825e-05,9.955e-06,1.825e-05
1e-05,1.58e-06,1.847e-05,9.955e-06,1.847e-05
1.0042e-05,1.64e-06,1.85e-05,1.0035e-05,1.85e-05
1.0018e-05,1.21e-06,1.882e-05,1.001e-05,1.882e-05
1.0054e-05,1.38e-06,1.877e-05,1.013e-05,1.877e-05
1.0134e-05,1.91e-06,1.864e-05,1.0285e-05,1.864e-05
1.0046e-05,1.93e-06,1.811e-05,1.0035e-05,1.811e-05
1.008e-05,2.3e-06,1.797e-05,1.026e-05,1.797e-05
1.0061e-05,2.67e-06,1.777e-05,1.0065e-05,1.777e-05
1.0042e-05,2.53e-06,1.757e-05,1.0015e-05,1.757e-05
1.0081e-05,2.5e-06,1.778e-05,9.985e-06,1.778e-05
1.0034e-05,2.09e-06,1.78e-05,1.0025e-05,1.78e-05
1.0025e-05,2.43e-06,1.8e-05,9.975e-06,1.8e-05
1.0215e-05,2.01e-06,1.821e-05,1.0165e-05,1.821e-05
1.0041e-05,1.82e-06,1.836e-05,9.99e-06,1.836e-05
1.004e-05,1.68e-06,1.842e-05,9.965e-06,1.842e-05
1.0062e-05,1.77e-06,1.859e-05,1.0145e-05,1.859e-05
1.0036e-05,1.65e-06,1.829e-05,1.012e-05,1.829e-05
1.0124e-05,1.98e-06,1.83e-05,1.01e-05,1.83e-05
9.961e-06,1.98e-06,1.804e-05,1.001e-05,1.804e-05
1.0004e-05,1.96e-06,1.81e-05,9.965e-06,1.81e-05
1.0066e-05,1.96e-06,1.827e-05,1.0025e-05,1.827e-05
1.0156e-05,2.12e-06,1.834e-05,1.0295e-05,1.834e-05
1.0124e-05,1.58e-06,1.852e-05,9.94e-06,1.852e-05
1.0097e-05,1.97e-06,1.833e-05,1.0125e-05,1.833e-05
1.0099e-05,2.02e-06,1.846e-05,9.965e-06,1.846e-05
1.008e-05,2.13e-06,1.814e-05,1.0095e-05,1.814e-05
1.0094e-05,1.37e-06,1.865e-05,9.93e-06,1.865e-05
1.0114e-05,1.42e-06,1.872e-05,1.0135e-05,1.872e-05
2.5485e-05,1.44e-06,3.495e-05,2.793e-05,3.495e-05
1.003e-05,1.3e-06,1.872e-05,1.0125e-05,1.497e-05
1.0106e-05,1.27e-06,1.852e-05,1.002e-05,1.536e-05
1.0004e-05,1.99e-06,1.802e-05,1.0005e-05,1.488e-05
9.986e-06,2.01e-06,1.774e-05,1.001e-05,1.484e-05
1.0044e-05,2.2e-06,1.775e-05,1.0015e-05,1.498e-05
1.0152e-05,2.4e-06,1.8e-05,1.0175e-05,1.509e-05
1.0115e-05,2.89e-06,1.748e-05,1.02e-05,1.504e-05
1.0024e-05,2.93e-06,1.686e-05,1.002e-05,1.511e-05
1.0048e-05,2.55e-06,1.716e-05,1.011e-05,1.508e-05
9.986e-06,2.88e-06,1.71e-05,9.95e-06,1.47e-05
1.0054e-05,3.06e-06,1.695e-05,1.01e-05,1.464e-05
1.0049e-05,3.32e-06,1.678e-05,1.007e-05,1.461e-05
1.007e-05,3.31e-06,1.674e-05,9.97e-06,1.5e-05
1.0189e-05,3.58e-06,1.676e-05,1.026e-05,1.53e-05
1.008e-05,4.09e-06,1.606e-05,9.965e-06,1.49e-05
1.015e-05,4.51e-06,1.585e-05,1.0115e-05,1.429e-05
1.0071e-05,4.71e-06,1.54e-05,1.01e-05,1.404e-05
1.0028e-05,4.75e-06,1.526e-05,1.0005e-05,1.407e-05
1.0122e-05,4.58e-06,1.574e-05,1.0135e-05,1.41e-05
1.0101e-05,4.17e-06,1.624e-05,1.02e-05,1.381e-05
1.0231e-05,3.78e-06,1.64e-05,1.0185e-05,1.349e-05
1.0039e-05,3.96e-06,1.615e-05,1.0065e-05,1.339e-05
9.988e-06,4.23e-06,1.606e-05,1.004e-05,1.341e-05
1.0072e-05,4.22e-06,1.593e-05,1.0115e-05,1.341e-05
1.0051e-05,4.08e-06,1.616e-05,1.0015e-05,1.33e-05
1.0159e-05,3.68e-06,1.682e-05,1.0215e-05,1.318e-05
1.0133e-05,3.14e-06,1.7e-05,1.015e-05,1.273e-05
1.0025e-05,2.98e-06,1.688e-05,1.0065e-05,1.264e-05
1.0019e-05,3.33e-06,1.674e-05,1.013e-05,1.311e-05
1.013e-05,3.42e-06,1.677e-05,1.0195e-05,1.329e-05
1.0045e-05,3.39e-06,1.671e-05,1.0075e-05,1.299e-05
1.0155e-05,3.3e-06,1.681e-05,1.025e-05,1.271e-05
1.0047e-05,3.38e-06,1.662e-05,1.004e-05,1.24e-05
9.999e-06,3.52e-06,1.655e-05,1.0015e-05,1.227e-05
1.0048e-05,3.5e-06,1.669e-05,9.975e-06,1.234e-05
1.0007e-05,3.47e-06,1.662e-05,1.0005e-05,1.264e-05
1.0076e-05,3.65e-06,1.665e-05,1.007e-05,1.28e-05
1.009e-05,3.42e-06,1.67e-05,1.0275e-05,1.298e-05
1.0075e-05,3.53e-06,1.658e-05,1.0225e-05,1.33e-05
1.0072e-05,3.69e-06,1.639e-05,1.011e-05,1.339e-05
1.0055e-05,3.85e-06,1.619e-05,9.985e-06,1.333e-05
1.0009e-05,4.01e-06,1.597e-05,1e-05,1.338e-05
1.0049e-05,3.82e-06,1.625e-05,1.0035e-05,1.334e-05
1.0073e-05,3.73e-06,1.632e-05,1.001e-05,1.313e-05
1.0006e-05,3.58e-06,1.649e-05,1.011e-05,1.31e-05
1.0205e-05,3.58e-06,1.677e-05,1.019e-05,1.315e-05
1.0066e-05,3.23e-06,1.683e-05,1.005e-05,1.264e-05
1.0081e-05,3.19e-06,1.698e-05,1.0145e-05,1.262e-05
1.0031e-05,3.04e-06,1.711e-05,1e-05,1.235e-05
1.0024e-05,3.04e-06,1.702e-05,1.005e-05,1.24e-05
1.3869e-05,2.79e-06,2.029e-05,1.6185e-05,1.235e-05
1.0031e-05,1.34e-06,1.873e-05,1.0145e-05,1.34e-06
9.992e-06,1.51e-06,1.871e-05,1e-05,1.51e-06
1.0046e-05,1.6e-06,1.846e-05,1.008e-05,1.6e-06
1.0086e-05,1.64e-06,1.837e-05,1.003e-05,1.64e-06
1.0055e-05,2.08e-06,1.816e-05,1.0075e-05,2.08e-06
1.0069e-05,1.85e-06,1.828e-05,1.005e-05,1.85e-06
1.0066e-05,1.45e-06,1.857e-05,1.0095e-05,1.45e-06
1.0143e-05,1.47e-06,1.892e-05,1.0145e-05,1.47e-06
1.0086e-05,1.54e-06,1.874e-05,1.006e-05,1.54e-06
1.0105e-05,1.9e-06,1.839e-05,1.019e-05,1.9e-06
1.0078e-05,2.45e-06,1.777e-05,1.006e-05,2.45e-06
1.0033e-05,2.61e-06,1.749e-05,1.0075e-05,2.61e-06
1.0075e-05,2.38e-06,1.793e-05,1.0075e-05,2.38e-06
1.0077e-05,2.55e-06,1.768e-05,1.001e-05,2.55e-06
1.0087e-05,2.25e-06,1.772e-05,1.027e-05,2.25e-06
1.0044e-05,2.59e-06,1.764e-05,1e-05,2.59e-06
1.0033e-05,2.81e-06,1.74e-05,1.0085e-05,2.81e-06
1.0013e-05,3.22e-06,1.698e-05,1e-05,3.22e-06
1.0028e-05,3.46e-06,1.66e-05,1.0045e-05,3.46e-06
1.0019e-05,3.55e-06,1.658e-05,1.0025e-05,3.55e-06
1.0019e-05,3.43e-06,1.667e-05,9.965e-06,3.43e-06
1.0073e-05,3.49e-06,1.658e-05,1.0015e-05,3.49e-06
1.0045e-05,3.39e-06,1.669e-05,1.009e-05,3.39e-06
1.0024e-05,3.59e-06,1.648e-05,1.0045e-05,3.59e-06
1.0016e-05,3.65e-06,1.627e-05,1.008e-05,3.65e-06
1.0015e-05,3.73e-06,1.628e-05,1.0055e-05,3.73e-06
1.0057e-05,3.89e-06,1.592e-05,1.017e-05,3.89e-06
9.956e-06,4.18e-06,1.585e-05,1.001e-05,4.18e-06
1.005e-05,4.44e-06,1.58e-05,9.97e-06,4.44e-06
9.985e-06,4.52e-06,1.556e-05,1.0005e-05,4.52e-06
1.0001e-05,4.74e-06,1.536e-05,9.975e-06,4.74e-06
1.0064e-05,4.67e-06,1.533e-05,1.007e-05,4.67e-06
9.946e-06,4.52e-06,1.523e-05,9.99e-06,4.52e-06
1.0061e-05,4.57e-06,1.578e-05,1.001e-05,4.57e-06
1.004e-05,4.92e-06,1.547e-05,1.005e-05,4.92e-06
1.0074e-05,5.04e-06,1.51e-05,1.011e-05,5.04e-06
1.043e-05,5.06e-06,1.515e-05,1.134e-05,5.06e-06
9.986e-06,5.1e-06,1.493e-05,9.955e-06,5.1e-06
1.0014e-05,5.14e-06,1.491e-05,1.017e-05,5.14e-06
1.0428e-05,6.56e-06,1.386e-05,1.0585e-05,6.79e-06
1.0099e-05,6.38e-06,1.361e-05,1.0195e-05,7.22e-06
1.0062e-05,6.2e-06,1.385e-05,1.005e-05,7.06e-06
1.0041e-05,6.23e-06,1.385e-05,1.006e-05,7.87e-06
9.996e-06,6.2e-06,1.381e-05,9.98e-06,7.98e-06
1.0106e-05,6.33e-06,1.377e-05,1.0175e-05,8.55e-06
9.976e-06,6.35e-06,1.354e-05,9.995e-06,8.44e-06
1.0108e-05,6.69e-06,1.353e-05,1.014e-05,8.61e-06
9.985e-06,6.8e-06,1.316e-05,9.945e-06,8.34e-06
9.972e-06,6.95e-06,1.298e-05,9.985e-06,8.56e-06
1.0024e-05,6.99e-06,1.319e-05,1.0015e-05,8.56e-06
1.0108e-05,6.74e-06,1.365e-05,9.95e-06,8.75e-06
1.001e-05,6.36e-06,1.362e-05,9.93e-06,9.01e-06
1.007e-05,6.2e-06,1.38e-05,9.99e-06,9.29e-06
1.0019e-05,6.22e-06,1.382e-05,1.013e-05,9.49e-06
1.0111e-05,5.86e-06,1.404e-05,1.006e-05,9.84e-06
1.0036e-05,6.05e-06,1.396e-05,9.99e-06,9.73e-06
9.97e-06,6.04e-06,1.381e-05,1.0005e-05,9.53e-06
1.0035e-05,5.94e-06,1.399e-05,1.003e-05,9.75e-06
1.0053e-05,6.4e-06,1.371e-05,1e-05,1.021e-05
1.0065e-05,5.92e-06,1.417e-05,1.003e-05,1.028e-05
1.0134e-05,6.03e-06,1.41e-05,1.015e-05,1.063e-05
1.0009e-05,5.94e-06,1.401e-05,9.965e-06,1.038e-05
9.999e-06,6.2e-06,1.359e-05,1.003e-05,1.044e-05
1.0032e-05,6.62e-06,1.351e-05,9.985e-06,1.062e-05
9.97e-06,6.44e-06,1.331e-05,9.98e-06,1.086e-05
9.996e-06,6.71e-06,1.335e-05,1.004e-05,1.103e-05
1.0061e-05,6.56e-06,1.347e-05,1.0005e-05,1.124e-05
9.982e-06,6.37e-06,1.345e-05,9.96e-06,1.13e-05
1.0126e-05,6.55e-06,1.386e-05,1.004e-05,1.144e-05
1.0009e-05,6.16e-06,1.38e-05,1.009e-05,1.142e-05
1.002e-05,6.13e-06,1.373e-05,1.0125e-05,1.152e-05
1.0085e-05,6.44e-06,1.381e-05,1.005e-05,1.158e-05
9.959e-06,6.35e-06,1.361e-05,9.905e-06,1.173e-05
1.0063e-05,6.37e-06,1.356e-05,1.014e-05,1.205e-05
9.964e-06,6.41e-06,1.356e-05,1.002e-05,1.21e-05
1.0049e-05,6.54e-06,1.352e-05,1.0055e-05,1.247e-05
1.0056e-05,6.84e-06,1.353e-05,1.005e-05,1.226e-05
9.971e-06,6.72e-06,1.312e-05,9.95e-06,1.218e-05
9.991e-06,7.1e-06,1.299e-05,9.87e-06,1.214e-05
1.0054e-05,7.39e-06,1.294e-05,9.945e-06,1.229e-05
9.965e-06,7.27e-06,1.285e-05,9.87e-06,1.242e-05
1.0019e-05,7.04e-06,1.3e-05,1.0005e-05,1.262e-05
1.006e-05,6.71e-06,1.333e-05,1.0095e-05,1.295e-05
1.0103e-05,6.61e-06,1.351e-05,1.0155e-05,1.351e-05
1.0075e-05,6.6e-06,1.357e-05,1.003e-05,1.357e-05
9.986e-06,6.64e-06,1.332e-05,9.92e-06,1.332e-05
9.989e-06,6.3e-06,1.357e-05,1.006e-05,1.357e-05
1.0016e-05,6.47e-06,1.347e-05,1.0025e-05,1.347e-05
9.996e-06,6.31e-06,1.37e-05,9.975e-06,1.37e-05
9.951e-06,6.33e-06,1.369e-05,9.89e-06,1.369e-05
1.0033e-05,5.97e-06,1.402e-05,1.007e-05,1.402e-05
1.0014e-05,5.71e-06,1.416e-05,1.007e-05,1.416e-05
9.979e-06,5.81e-06,1.413e-05,9.995e-06,1.413e-05
9.963e-06,5.7e-06,1.406e-05,9.975e-06,1.406e-05
9.985e-06,5.71e-06,1.418e-05,1.002e-05,1.418e-05
1.005e-05,5.94e-06,1.42e-05,1.0085e-05,1.42e-05
9.951e-06,6.05e-06,1.414e-05,9.905e-06,1.414e-05
9.989e-06,5.72e-06,1.422e-05,9.985e-06,1.422e-05
1e-05,5.69e-06,1.438e-05,1.0055e-05,1.438e-05
9.979e-06,5.45e-06,1.463e-05,1e-05,1.463e-05
1.004e-05,5.13e-06,1.503e-05,1.013e-05,1.503e-05
9.964e-06,5.01e-06,1.484e-05,9.905e-06,1.484e-05
9.94e-06,4.85e-06,1.493e-05,9.88e-06,1.493e-05
9.963e-06,4.82e-06,1.506e-05,9.98e-06,1.506e-05
9.961e-06,4.79e-06,1.494e-05,1.002e-05,1.494e-05
9.944e-06,5.24e-06,1.468e-05,9.905e-06,1.468e-05
9.902e-06,5.28e-06,1.457e-05,9.865e-06,1.457e-05
9.94e-06,5.13e-06,1.459e-05,9.93e-06,1.459e-05
1.0027e-05,5.15e-06,1.492e-05,1.003e-05,1.492e-05
9.989e-06,5.12e-06,1.467e-05,1.0045e-05,1.467e-05
9.931e-06,5.37e-06,1.455e-05,9.9e-06,1.455e-05
9.95e-06,5.23e-06,1.457e-05,9.885e-06,1.457e-05
9.912e-06,5.12e-06,1.475e-05,9.895e-06,1.475e-05
9.928e-06,5.27e-06,1.462e-05,9.865e-06,1.462e-05
9.953e-06,4.9e-06,1.479e-05,1.0045e-05,1.479e-05
9.9e-06,5.08e-06,1.473e-05,9.935e-06,1.473e-05
1.0026e-05,5.07e-06,1.515e-05,1.0045e-05,1.515e-05
9.901e-06,4.81e-06,1.506e-05,9.95e-06,1.506e-05
9.956e-06,4.64e-06,1.532e-05,9.975e-06,1.532e-05
9.945e-06,4.6e-06,1.532e-05,9.965e-06,1.532e-05
9.949e-06,4.41e-06,1.548e-05,9.91e-06,1.548e-05
1.0041e-05,4.39e-06,1.551e-05,9.985e-06,1.551e-05
9.962e-06,4.43e-06,1.55e-05,9.93e-06,1.55e-05
9.951e-06,4.58e-06,1.53e-05,9.955e-06,1.53e-05
1.0044e-05,4.6e-06,1.54e-05,1e-05,1.54e-05
9.907e-06,4.73e-06,1.527e-05,9.96e-06,1.527e-05
9.942e-06,4.6e-06,1.529e-05,9.935e-06,1.529e-05
1.0021e-05,4.99e-06,1.533e-05,1.003e-05,1.533e-05
9.916e-06,4.71e-06,1.51e-05,9.885e-06,1.51e-05
9.979e-06,4.65e-06,1.549e-05,9.935e-06,1.549e-05
1.0037e-05,3.97e-06,1.593e-05,9.935e-06,1.593e-05
9.99e-06,4.42e-06,1.545e-05,1e-05,1.545e-05
1.0038e-05,4.43e-06,1.596e-05,1.0005e-05,1.596e-05
9.957e-06,4.37e-06,1.551e-05,9.99e-06,1.551e-05
9.964e-06,4.07e-06,1.587e-05,9.97e-06,1.587e-05
1.0012e-05,3.99e-06,1.588e-05,1e-05,1.588e-05
9.926e-06,3.57e-06,1.626e-05,9.925e-06,1.626e-05
1.0112e-05,3.61e-06,1.648e-05,1.0235e-05,1.648e-05
9.96e-06,3.34e-06,1.649e-05,9.99e-06,1.649e-05
1e-05,5.18e-06,1.469e-05,1.0035e-05,1.187e-05
1.0061e-05,5.36e-06,1.47e-05,1.014e-05,1.242e-05
9.936e-06,5.39e-06,1.448e-05,9.875e-06,1.242e-05
1.0101e-05,5.27e-06,1.485e-05,1.0065e-05,1.288e-05
1.0062e-05,5.23e-06,1.481e-05,1.008e-05,1.261e-05
9.949e-06,5.28e-06,1.467e-05,9.92e-06,1.246e-05
9.982e-06,5.24e-06,1.459e-05,1.01e-05,1.248e-05
1.0015e-05,4.96e-06,1.504e-05,1.0005e-05,1.265e-05
9.997e-06,4.73e-06,1.517e-05,1.0005e-05,1.277e-05
1.0099e-05,5.13e-06,1.527e-05,1.0135e-05,1.294e-05
9.965e-06,4.92e-06,1.495e-05,9.86e-06,1.28e-05
9.937e-06,4.9e-06,1.491e-05,9.985e-06,1.289e-05
1.0031e-05,5.27e-06,1.484e-05,1.008e-05,1.282e-05
9.974e-06,4.93e-06,1.493e-05,9.955e-06,1.289e-05
9.935e-06,4.99e-06,1.489e-05,9.83e-06,1.274e-05
9.926e-06,4.86e-06,1.498e-05,9.965e-06,1.252e-05
9.952e-06,4.89e-06,1.493e-05,9.965e-06,1.265e-05
1.0223e-05,4.9e-06,1.5e-05,1.0095e-05,1.281e-05
9.936e-06,4.92e-06,1.49e-05,9.92e-06,1.161e-05
9.936e-06,5.01e-06,1.489e-05,9.935e-06,1.137e-05
1.0004e-05,5.33e-06,1.465e-05,1.0075e-05,1.151e-05
9.905e-06,5.2e-06,1.46e-05,9.885e-06,1.155e-05
9.955e-06,5.11e-06,1.471e-05,9.87e-06,1.194e-05
9.968e-06,5.28e-06,1.452e-05,1.006e-05,1.214e-05
9.995e-06,5.53e-06,1.446e-05,9.86e-06,1.247e-05
1.0036e-05,5.73e-06,1.412e-05,1.014e-05,1.25e-05
9.945e-06,6.15e-06,1.393e-05,9.88e-06,1.251e-05
9.894e-06,6.28e-06,1.349e-05,9.86e-06,1.263e-05
9.966e-06,6.48e-06,1.338e-05,9.9e-06,1.298e-05
9.919e-06,6.3e-06,1.342e-05,9.95e-06,1.313e-05
9.96e-06,6.5e-06,1.337e-05,9.985e-06,1.314e-05
9.994e-06,6.5e-06,1.352e-05,9.995e-06,1.352e-05
9.926e-06,6.48e-06,1.349e-05,9.885e-06,1.349e-05
1.004e-05,6.64e-06,1.359e-05,1.004e-05,1.359e-05
1.001e-05,6.76e-06,1.328e-05,1.005e-05,1.328e-05
9.981e-06,6.57e-06,1.331e-05,1.0045e-05,1.331e-05
1.0056e-05,6.56e-06,1.357e-05,1e-05,1.357e-05
9.871e-06,6.32e-06,1.349e-05,9.785e-06,1.349e-05
9.976e-06,6.36e-06,1.37e-05,9.935e-06,1.37e-05
9.984e-06,6.15e-06,1.361e-05,1.001e-05,1.361e-05
9.91e-06,6.21e-06,1.355e-05,9.99e-06,1.355e-05
9.998e-06,6.16e-06,1.39e-05,1e-05,1.39e-05
9.987e-06,5.85e-06,1.406e-05,1.001e-05,1.406e-05
9.896e-06,5.6e-06,1.418e-05,9.905e-06,1.418e-05
9.983e-06,5.45e-06,1.457e-05,9.93e-06,1.457e-05
9.985e-06,5.17e-06,1.483e-05,9.945e-06,1.483e-05
9.974e-06,5.06e-06,1.486e-05,9.915e-06,1.486e-05
1.6801e-05,1.24e-06,2.573e-05,1.817e-05,2.573e-05
9.932e-06,1.23e-06,1.857e-05,9.915e-06,1.857e-05
9.947e-06,1.44e-06,1.859e-05,9.99e-06,1.859e-05
9.943e-06,1.7e-06,1.821e-05,9.96e-06,1.821e-05
9.996e-06,1.37e-06,1.838e-05,9.97e-06,1.838e-05
9.941e-06,1.57e-06,1.823e-05,9.96e-06,1.823e-05
9.887e-06,1.76e-06,1.815e-05,9.96e-06,1.815e-05
1.0022e-05,1.59e-06,1.845e-05,9.995e-06,1.845e-05
1.002e-05,1.18e-06,1.861e-05,9.965e-06,1.861e-05
9.985e-06,1.32e-06,1.856e-05,1.0035e-05,1.856e-05
1.0079e-05,1.43e-06,1.902e-05,9.965e-06,1.902e-05
9.985e-06,1.28e-06,1.881e-05,9.985e-06,1.881e-05
1.0069e-05,9.1e-07,1.912e-05,9.98e-06,1.912e-05
1.0123e-05,9.5e-07,1.928e-05,1.012e-05,1.928e-05
1.0279e-05,1.15e-06,1.93e-05,1.0255e-05,1.93e-05
1.0002e-05,1.08e-06,1.908e-05,9.865e-06,1.908e-05
9.988e-06,1.08e-06,1.887e-05,1.0055e-05,1.887e-05
9.909e-06,1.21e-06,1.877e-05,9.905e-06,1.877e-05
1.004e-05,1.32e-06,1.881e-05,9.965e-06,1.881e-05
9.986e-06,1.16e-06,1.868e-05,9.92e-06,1.868e-05
1.0034e-05,1.13e-06,1.912e-05,1e-05,1.912e-05
1.0064e-05,1.21e-06,1.889e-05,1.0055e-05,1.889e-05
9.911e-06,1.46e-06,1.848e-05,9.935e-06,1.848e-05
9.926e-06,1.68e-06,1.835e-05,9.935e-06,1.835e-05
9.904e-06,1.58e-06,1.829e-05,9.945e-06,1.829e-05
9.986e-06,1.65e-06,1.849e-05,9.93e-06,1.849e-05
1.0104e-05,1.41e-06,1.872e-05,1.02e-05,1.872e-05
9.941e-06,1.4e-06,1.848e-05,9.895e-06,1.848e-05
1.0016e-05,1.14e-06,1.884e-05,9.98e-06,1.884e-05
1.0031e-05,1.47e-06,1.878e-05,1.005e-05,1.878e-05
9.966e-06,1.57e-06,1.84e-05,9.945e-06,1.84e-05
9.957e-06,1.32e-06,1.858e-05,9.885e-06,1.858e-05
9.987e-06,1.26e-06,1.878e-05,9.825e-06,1.878e-05
9.986e-06,1.25e-06,1.88e-05,9.965e-06,1.88e-05
1.0019e-05,1.51e-06,1.846e-05,9.88e-06,1.846e-05
1.0033e-05,1.46e-06,1.827e-05,9.985e-06,1.827e-05
9.9e-06,1.94e-06,1.8e-05,9.865e-06,1.8e-05
9.947e-06,2.19e-06,1.773e-05,1.003e-05,1.773e-05
9.915e-06,2.42e-06,1.753e-05,9.97e-06,1.753e-05
9.895e-06,2.09e-06,1.787e-05,9.9e-06,1.787e-05
9.967e-06,1.57e-06,1.824e-05,9.92e-06,1.824e-05
1.0041e-05,1.52e-06,1.864e-05,1.0145e-05,1.864e-05
1.0044e-05,1.45e-06,1.863e-05,9.915e-06,1.863e-05
1.0019e-05,1.26e-06,1.886e-05,9.94e-06,1.886e-05
9.934e-06,1.37e-06,1.851e-05,9.925e-06,1.851e-05
9.979e-06,1.62e-06,1.837e-05,9.905e-06,1.837e-05
9.924e-06,1.98e-06,1.829e-05,9.91e-06,1.829e-05
9.895e-06,1.68e-06,1.825e-05,9.905e-06,1.825e-05
9.972e-06,1.54e-06,1.825e-05,9.885e-06,1.825e-05
9.91e-06,1.75e-06,1.816e-05,9.915e-06,1.816e-05
9.945e-06,1.61e-06,1.831e-05,9.925e-06,1.831e-05
1.0019e-05,1.59e-06,1.841e-05,9.935e-06,1.841e-05
9.934e-06,1.77e-06,1.828e-05,9.965e-06,1.828e-05
9.957e-06,1.87e-06,1.827e-05,9.915e-06,1.827e-05
9.967e-06,1.46e-06,1.86e-05,9.905e-06,1.86e-05
1.0029e-05,1.4e-06,1.869e-05,9.925e-06,1.869e-05
1.0014e-05,1.03e-06,1.888e-05,9.945e-06,1.888e-05
9.934e-06,1.36e-06,1.865e-05,9.96e-06,1.865e-05
9.999e-06,1.46e-06,1.874e-05,1.0085e-05,1.874e-05
9.984e-06,1.46e-06,1.844e-05,9.98e-06,1.844e-05
1.0046e-05,1.31e-06,1.862e-05,1.001e-05,1.862e-05
1.0008e-05,1.43e-06,1.86e-05,9.95e-06,1.86e-05
9.947e-06,1.31e-06,1.87e-05,9.92e-06,1.87e-05
1.0025e-05,9.5e-07,1.903e-05,9.98e-06,1.903e-05
1.0037e-05,1.67e-06,1.863e-05,9.99e-06,1.863e-05
9.979e-06,1.46e-06,1.842e-05,9.915e-06,1.842e-05
1.0105e-05,1.47e-06,1.872e-05,1.0085e-05,1.872e-05
9.991e-06,1.29e-06,1.857e-05,9.96e-06,1.857e-05
9.97e-06,1.66e-06,1.826e-05,9.96e-06,1.826e-05
1.0068e-05,1.35e-06,1.844e-05,1.003e-05,1.844e-05
9.934e-06,1.63e-06,1.823e-05,9.925e-06,1.823e-05
9.918e-06,1.78e-06,1.808e-05,9.915e-06,1.808e-05
9.94e-06,1.72e-06,1.836e-05,9.91e-06,1.836e-05
1.0035e-05,1.08e-06,1.875e-05,9.95e-06,1.875e-05
9.934e-06,1.18e-06,1.868e-05,9.905e-06,1.868e-05
9.886e-06,1.43e-06,1.843e-05,9.885e-06,1.843e-05
9.903e-06,1.27e-06,1.864e-05,9.92e-06,1.864e-05
9.986e-06,1.28e-06,1.854e-05,9.985e-06,1.854e-05
9.879e-06,1.43e-06,1.847e-05,9.905e-06,1.847e-05
9.949e-06,1.32e-06,1.865e-05,9.9e-06,1.865e-05
9.965e-06,1.43e-06,1.847e-05,9.965e-06,1.847e-05
1.0006e-05,1.68e-06,1.826e-05,9.95e-06,1.826e-05
9.955e-06,1.6e-06,1.826e-05,9.95e-06,1.826e-05
9.944e-06,1.61e-06,1.826e-05,9.94e-06,1.826e-05
1.0003e-05,1.22e-06,1.875e-05,9.935e-06,1.875e-05
1.0036e-05,1.03e-06,1.895e-05,9.955e-06,1.895e-05
9.884e-06,1.25e-06,1.864e-05,9.955e-06,1.864e-05
9.922e-06,1.28e-06,1.865e-05,9.89e-06,1.865e-05
1.001e-05,1.01e-06,1.884e-05,9.965e-06,1.884e-05
9.975e-06,1.32e-06,1.873e-05,9.91e-06,1.873e-05
1.0106e-05,4.01e-06,1.613e-05,1.0055e-05,1.613e-05
9.952e-06,3.85e-06,1.61e-05,9.94e-06,1.61e-05
1.4097e-05,4.85e-06,1.563e-05,1.5375e-05,4.85e-06
1.0069e-05,4.49e-06,1.531e-05,1.013e-05,4.49e-06
9.961e-06,4.72e-06,1.52e-05,1.003e-05,4.72e-06
9.872e-06,4.64e-06,1.519e-05,9.865e-06,4.64e-06
1.002e-05,4.9e-06,1.511e-05,1.0115e-05,4.9e-06
1.0039e-05,4.89e-06,1.51e-05,9.97e-06,4.89e-06
9.991e-06,5.04e-06,1.5e-05,9.975e-06,5.04e-06
9.94e-06,4.72e-06,1.508e-05,9.915e-06,4.72e-06
9.906e-06,4.9e-06,1.504e-05,9.92e-06,4.9e-06
9.946e-06,4.96e-06,1.48e-05,9.99e-06,4.96e-06
1.0004e-05,5.15e-06,1.475e-05,9.99e-06,5.15e-06
9.969e-06,5.47e-06,1.464e-05,9.945e-06,5.47e-06
1.0049e-05,5.68e-06,1.443e-05,1.009e-05,5.68e-06
9.996e-06,5.67e-06,1.436e-05,9.965e-06,5.67e-06
1.0062e-05,5.73e-06,1.453e-05,1.0015e-05,5.73e-06
9.94e-06,5.34e-06,1.452e-05,9.895e-06,5.34e-06
9.963e-06,5.62e-06,1.423e-05,1.0045e-05,5.62e-06
1.0026e-05,6.04e-06,1.404e-05,1.006e-05,6.04e-06
9.939e-06,6.14e-06,1.378e-05,9.935e-06,6.14e-06
9.917e-06,6.36e-06,1.364e-05,9.91e-06,6.36e-06
9.89e-06,6.71e-06,1.321e-05,9.88e-06,6.71e-06
9.891e-06,6.59e-06,1.323e-05,9.915e-06,6.59e-06
1.0015e-05,7.04e-06,1.317e-05,9.955e-06,7.04e-06
1.0012e-05,7.14e-06,1.299e-05,9.935e-06,7.14e-06
1.0133e-05,7.13e-06,1.303e-05,1.039e-05,7.13e-06
1.0084e-05,7.56e-06,1.243e-05,1.0155e-05,7.56e-06
9.999e-06,7.66e-06,1.251e-05,9.935e-06,7.73e-06
1.0021e-05,7.71e-06,1.215e-05,1.0025e-05,8.19e-06
9.945e-06,7.77e-06,1.217e-05,9.97e-06,8.51e-06
9.931e-06,7.86e-06,1.204e-05,9.87e-06,8.6e-06
1.0021e-05,7.91e-06,1.206e-05,1.0075e-05,8.57e-06
9.994e-06,7.77e-06,1.224e-05,1.0005e-05,8.43e-06
9.986e-06,7.56e-06,1.236e-05,9.96e-06,8.45e-06
1.0057e-05,7.61e-06,1.273e-05,1.001e-05,8.24e-06
9.969e-06,7.54e-06,1.228e-05,9.985e-06,8.36e-06
1.0018e-05,7.13e-06,1.292e-05,1.0045e-05,8.45e-06
9.96e-06,6.96e-06,1.288e-05,9.92e-06,8.78e-06
1.0058e-05,7e-06,1.314e-05,1.009e-05,9.19e-06
1.0151e-05,7.24e-06,1.3e-05,1.0215e-05,9.03e-06
1.0027e-05,7.34e-06,1.267e-05,1.0085e-05,9e-06
9.988e-06,7.1e-06,1.27e-05,9.925e-06,9.19e-06
1.0011e-05,7.21e-06,1.276e-05,9.995e-06,9.17e-06
1.0009e-05,7.02e-06,1.289e-05,1.003e-05,9.34e-06
1.0125e-05,7.21e-06,1.326e-05,1.0075e-05,9.4e-06
1.0034e-05,6.84e-06,1.345e-05,9.96e-06,9.4e-06
9.988e-06,6.72e-06,1.328e-05,9.985e-06,9.52e-06
9.996e-06,6.67e-06,1.326e-05,1.0025e-05,9.51e-06
9.988e-06,6.61e-06,1.333e-05,1e-05,9.49e-06
9.935e-06,6.49e-06,1.335e-05,9.97e-06,9.9e-06
1.0044e-05,6.69e-06,1.336e-05,1.015e-05,1.054e-05
9.958e-06,6.69e-06,1.323e-05,9.945e-06,1.078e-05
9.95e-06,6.75e-06,1.326e-05,9.89e-06,1.098e-05
1.001e-05,6.68e-06,1.325e-05,9.92e-06,1.138e-05
9.919e-06,6.7e-06,1.321e-05,9.89e-06,1.122e-05
1.0096e-05,6.67e-06,1.323e-05,1.0135e-05,1.189e-05
9.965e-06,6.95e-06,1.293e-05,9.95e-06,1.183e-05
9.916e-06,7.23e-06,1.264e-05,9.845e-06,1.199e-05
1.002e-05,7.37e-06,1.278e-05,1.003e-05,1.251e-05
1.0016e-05,7.26e-06,1.284e-05,9.985e-06,1.25e-05
9.979e-06,7.1e-06,1.273e-05,1.01e-05,1.252e-05
1.0014e-05,7.14e-06,1.303e-05,9.95e-06,1.283e-05
1.0007e-05,6.97e-06,1.304e-05,9.93e-06,1.277e-05
1.004e-05,7.28e-06,1.294e-05,1.0015e-05,1.258e-05
1.0065e-05,7.47e-06,1.295e-05,9.985e-06,1.251e-05
9.968e-06,7.18e-06,1.284e-05,9.905e-06,1.244e-05
9.99e-06,7.36e-06,1.275e-05,9.885e-06,1.244e-05
9.952e-06,7.09e-06,1.28e-05,9.955e-06,1.28e-05
9.951e-06,6.79e-06,1.307e-05,9.925e-06,1.307e-05
9.962e-06,6.83e-06,1.314e-05,9.925e-06,1.314e-05
1.003e-05,6.69e-06,1.33e-05,9.975e-06,1.329e-05
1.0168e-05,6.46e-06,1.375e-05,1.017e-05,1.375e-05
1.0147e-05,6.13e-06,1.454e-05,1.0075e-05,1.454e-05
1.0104e-05,5.31e-06,1.476e-05,1.009e-05,1.476e-05
1.0004e-05,5.21e-06,1.47e-05,9.975e-06,1.47e-05
9.965e-06,5.54e-06,1.475e-05,9.825e-06,1.475e-05
1.0011e-05,5.3e-06,1.465e-05,1.003e-05,1.465e-05
1.0014e-05,4.99e-06,1.487e-05,1.0025e-05,1.48e-05
9.916e-06,5.03e-06,1.475e-05,1.0015e-05,1.475e-05
1.001e-05,5.05e-06,1.498e-05,9.965e-06,1.498e-05
9.982e-06,5.29e-06,1.473e-05,9.96e-06,1.461e-05
9.905e-06,5e-06,1.478e-05,9.94e-06,1.475e-05
9.943e-06,5.13e-06,1.491e-05,9.91e-06,1.491e-05
9.915e-06,4.87e-06,1.508e-05,9.91e-06,1.508e-05
9.986e-06,4.81e-06,1.539e-05,9.885e-06,1.539e-05
1.0037e-05,4.37e-06,1.561e-05,9.95e-06,1.561e-05
9.865e-06,4.42e-06,1.55e-05,9.89e-06,1.55e-05
1.007e-05,4.4e-06,1.568e-05,9.97e-06,1.568e-05
9.937e-06,4.2e-06,1.572e-05,9.985e-06,1.572e-05
9.929e-06,4.12e-06,1.584e-05,9.875e-06,1.584e-05
1.0062e-05,3.84e-06,1.636e-05,1.0135e-05,1.636e-05
9.891e-06,3.39e-06,1.645e-05,9.86e-06,1.645e-05
9.93e-06,3.33e-06,1.657e-05,9.91e-06,1.657e-05
9.962e-06,3.04e-06,1.685e-05,9.91e-06,1.685e-05
9.949e-06,2.84e-06,1.69e-05,9.94e-06,1.69e-05
1.0037e-05,3.02e-06,1.702e-05,1.0185e-05,1.702e-05
9.926e-06,3.25e-06,1.695e-05,9.92e-06,1.695e-05
9.901e-06,3.12e-06,1.683e-05,9.915e-06,1.683e-05
9.925e-06,2.84e-06,1.697e-05,9.985e-06,1.697e-05
9.923e-06,2.59e-06,1.733e-05,9.92e-06,1.733e-05
1.0008e-05,2.35e-06,1.769e-05,9.885e-06,1.769e-05
1.006e-05,1.98e-06,1.807e-05,9.895e-06,1.807e-05
9.971e-06,1.6e-06,1.807e-05,1.0005e-05,1.807e-05
9.98e-06,1.72e-06,1.829e-05,1.0005e-05,1.829e-05
9.924e-06,1.79e-06,1.801e-05,1e-05,1.801e-05
9.95e-06,1.78e-06,1.833e-05,1.0075e-05,1.833e-05
9.991e-06,1.6e-06,1.858e-05,1.004e-05,1.858e-05
1.0022e-05,1.69e-06,1.837e-05,1.002e-05,1.837e-05
9.964e-06,1.61e-06,1.842e-05,9.965e-06,1.842e-05
9.968e-06,1.56e-06,1.842e-05,9.96e-06,1.842e-05
9.966e-06,1.55e-06,1.871e-05,9.89e-06,1.871e-05
1.0055e-05,1.13e-06,1.903e-05,1.001e-05,1.903e-05
1.0199e-05,8.7e-07,1.937e-05,1.0165e-05,1.937e-05
9.956e-06,1.06e-06,1.881e-05,9.995e-06,1.881e-05
1.004e-05,1.15e-06,1.879e-05,9.91e-06,1.879e-05
9.884e-06,1.64e-06,1.837e-05,9.83e-06,1.837e-05
9.905e-06,1.89e-06,1.805e-05,9.92e-06,1.805e-05
9.96e-06,1.56e-06,1.828e-05,9.94e-06,1.828e-05
1.0054e-05,1.66e-06,1.84e-05,9.985e-06,1.84e-05
9.991e-06,1.83e-06,1.817e-05,9.945e-06,1.817e-05
9.901e-06,1.9e-06,1.795e-05,9.9e-06,1.795e-05
9.903e-06,1.73e-06,1.816e-05,9.95e-06,1.816e-05
9.969e-06,1.6e-06,1.836e-05,9.98e-06,1.836e-05
9.949e-06,1.59e-06,1.828e-05,9.97e-06,1.828e-05
9.99e-06,1.3e-06,1.881e-05,9.95e-06,1.881e-05
1.0081e-05,9.7e-07,1.909e-05,1.002e-05,1.909e-05
9.982e-06,1.15e-06,1.884e-05,9.895e-06,1.884e-05
1.0036e-05,1.65e-06,1.865e-05,9.97e-06,1.865e-05
9.996e-06,1.73e-06,1.852e-05,9.93e-06,1.852e-05
1.0139e-05,1.12e-06,1.906e-05,1.0045e-05,1.906e-05
1.0293e-05,8.9e-07,1.93e-05,1.0135e-05,1.93e-05
