0_Avg-Duration_s,0_Min-Duration_s,0_Max-Duration_s,0_Median-Duration_s,0_MainRank-Duration_s
0.000215554,0.00020128,0.0002367,0.00021347,0.00020353
0.000223336,0.00020168,0.00025827,0.000218445,0.00021017
0.000213345,0.00019782,0.00023915,0.000209465,0.00020098
0.000216166,0.00019594,0.00023967,0.00021233,0.00020047
0.00021178,0.00019405,0.00023925,0.000208155,0.00020667
0.000216618,0.00019916,0.00023841,0.000218355,0.00021284
0.000217641,0.00020048,0.00024301,0.00021251,0.00021291
0.00021294,0.0001957,0.00023542,0.000211205,0.00020056
0.000217731,0.00019304,0.0002475,0.000214545,0.00020857
0.000211876,0.00019775,0.00022719,0.0002111,0.00020075
0.000220019,0.00019877,0.00025431,0.000214115,0.00020396
0.000210209,0.00019488,0.0002277,0.00021027,0.00020397
0.000221598,0.00019671,0.00024962,0.00021978,0.00021548
0.00021016,0.00020101,0.00022646,0.00020739,0.00020441
0.000220926,0.00019908,0.000252,0.00021682,0.00020995
0.000210222,0.00019468,0.00022849,0.000208885,0.0002054
0.000214088,0.00019657,0.00023765,0.00021297,0.00019936
0.000212454,0.00019282,0.00023784,0.00020965,0.000206
0.000214675,0.00019489,0.0002356,0.00021393,0.00020007
0.000218722,0.00019968,0.00024707,0.00021462,0.00020049
0.000208846,0.00019229,0.00022587,0.000208545,0.00019663
0.000220266,0.00020227,0.00025458,0.00021245,0.0002042
0.00021198,0.00019409,0.00023137,0.00021157,0.00020151
0.000228224,0.00020024,0.00029154,0.00021683,0.00020843
0.000207669,0.00019576,0.0002235,0.00020456,0.00019792
0.000218591,0.0001973,0.00024689,0.000216675,0.00020008
0.000210647,0.00019319,0.00023614,0.000207105,0.00020508
0.000215319,0.00019538,0.00024066,0.00021313,0.00019695
0.000214763,0.00019735,0.00023744,0.000210705,0.00021244
0.00022149,0.00020562,0.00023704,0.00022088,0.00020922
0.000218583,0.0001964,0.00024707,0.00021417,0.0002092
0.000214216,0.00019518,0.00023784,0.00021323,0.00020165
0.000234572,0.00021561,0.00025956,0.00023271,0.00022066
0.000213425,0.0001974,0.00023649,0.00021166,0.00020552
0.000217208,0.00019788,0.00024783,0.00021532,0.00021103
0.000215224,0.00020157,0.00022864,0.00021597,0.00021591
0.000227834,0.00021945,0.00024473,0.00022636,0.00021945
0.000210686,0.00019351,0.00023693,0.000206495,0.00020643
0.000214396,0.0001956,0.00023952,0.00021303,0.00020344
0.000218779,0.00019435,0.00024268,0.00021853,0.00020987
0.000212693,0.00019633,0.00022917,0.000213575,0.00019633
0.000217856,0.00019733,0.00025287,0.000210975,0.00020572
0.000224811,0.00019384,0.00028049,0.00021197,0.00019971
0.00022009,0.00019941,0.00025168,0.000219375,0.00020914
0.00021039,0.00019715,0.00022989,0.00020967,0.00020292
0.00021691,0.00019785,0.00024408,0.00021345,0.00020404
0.000210161,0.00019586,0.00022979,0.000209095,0.00020462
0.000216507,0.00019407,0.0002408,0.000213895,0.00019897
0.000209368,0.00019764,0.00023251,0.00020465,0.00020273
0.000239985,0.00023114,0.00024687,0.000242325,0.00024204
0.000216075,0.00020782,0.00023007,0.00021108,0.00021115
0.000212059,0.00019384,0.00022964,0.000212635,0.00019594
0.000216878,0.00019815,0.00024091,0.000212725,0.00020244
0.000211937,0.00019314,0.00023282,0.000211285,0.00019706
0.000223635,0.00020202,0.00025995,0.00021759,0.00021193
0.000215606,0.00020438,0.00023183,0.000214215,0.00020905
0.000221355,0.00019824,0.00025309,0.000217955,0.00021171
0.000211299,0.00019608,0.0002286,0.000210445,0.00020657
0.000216136,0.00019536,0.00024341,0.000212455,0.00020096
0.000209758,0.00019824,0.00023145,0.00020502,0.00020654
0.000212493,0.00019357,0.00023883,0.00021224,0.00020052
0.000214603,0.00019351,0.00024466,0.000210465,0.00021071
0.000211377,0.00019356,0.00023441,0.0002105,0.00019512
0.000218575,0.00019861,0.00025269,0.000211295,0.00020774
0.00021269,0.00020059,0.00022594,0.00021379,0.00020874
0.00022326,0.00019706,0.00025998,0.00022063,0.00020766
0.00021612,0.00020379,0.0002409,0.000211185,0.0002064
0.000215557,0.00019389,0.00024439,0.000212855,0.00020322
0.000209963,0.0001938,0.00023278,0.00020745,0.00020654
0.000216335,0.00019605,0.00023909,0.000215375,0.00019605
0.000215045,0.00019907,0.00023976,0.000209695,0.00020796
0.0002126,0.0001962,0.00023049,0.00021238,0.00020289
0.000216795,0.00019449,0.00024193,0.000214235,0.00020298
0.000219597,0.00021573,0.00022695,0.000218955,0.0002235
0.000221087,0.00021197,0.00024129,0.000216645,0.00021197
0.000211554,0.00019439,0.00022996,0.000210555,0.00019944
0.00022082,0.00019718,0.00025054,0.00021886,0.00021617
0.000217215,0.00020762,0.00022984,0.000216295,0.00020781
0.000216864,0.00019744,0.00024821,0.00021089,0.00020276
0.000209116,0.00019431,0.0002307,0.00020607,0.00020453
0.000213931,0.00019464,0.00024,0.000211995,0.00020326
0.000210418,0.00019723,0.00023287,0.00020535,0.0002031
0.00021238,0.000196,0.00023376,0.00021166,0.00020203
0.000217788,0.00019854,0.00024778,0.00021202,0.00020639
0.00020783,0.00019352,0.00022674,0.00020686,0.00019861
0.000219927,0.00019693,0.00024781,0.000216345,0.00020283
0.000210328,0.00019369,0.00022792,0.00020985,0.00019989
0.00022008,0.00019875,0.00024257,0.000216565,0.00020576
0.000301832,0.00020159,0.00033821,0.000310695,0.00020159
0.000217837,0.00019486,0.00025656,0.00021635,0.00019516
0.000209325,0.00019613,0.00023316,0.000204815,0.00020089
0.000213059,0.00019157,0.00023811,0.000211295,0.00019459
0.000211185,0.00019512,0.00023536,0.000205465,0.00020603
0.000212649,0.0001958,0.00022823,0.00021294,0.00020102
0.000217698,0.00019986,0.00024638,0.000211135,0.00020461
0.00021568,0.00020029,0.00023471,0.0002126,0.00020295
0.000220117,0.00019729,0.00025345,0.000215405,0.00021251
0.00020887,0.00019415,0.00022601,0.000207915,0.00020195
0.000215969,0.00019725,0.00024756,0.00020993,0.00020185
0.00020877,0.0001928,0.00022821,0.000207425,0.00020652
0.000219136,0.00020408,0.00023973,0.000215895,0.00021151
0.000213034,0.00019401,0.00023881,0.000210095,0.00020855
0.000212126,0.00019446,0.0002372,0.0002112,0.00020321
0.000214136,0.00019183,0.00023853,0.000213385,0.00020951
0.000210154,0.0001918,0.00022894,0.00021085,0.0001955
0.000221291,0.00019649,0.00025824,0.00021743,0.00021462
0.000208176,0.00019244,0.00022723,0.00020778,0.00019982
0.000219089,0.00019697,0.0002536,0.000214775,0.0002103
0.000208196,0.00019421,0.00022483,0.00020703,0.00019621
0.000218604,0.00019883,0.0002498,0.00021461,0.00020717
0.000208585,0.00019275,0.00022891,0.00020651,0.00020495
0.000217421,0.00019663,0.00024378,0.00021522,0.0002067
0.000209,0.00019619,0.00023242,0.000204495,0.00020299
0.000213456,0.00019636,0.00023156,0.000213365,0.00020259
0.000218032,0.00020333,0.00023925,0.000212195,0.00020661
0.000211042,0.00019573,0.0002318,0.000211135,0.0001994
0.000217995,0.0001955,0.00024378,0.00021633,0.0002036
0.000237596,0.0001972,0.00030431,0.00022412,0.00030337
0.000313071,0.00028826,0.00032846,0.000315715,0.00031672
0.000210585,0.00019488,0.00023152,0.00020947,0.00019675
0.000216416,0.00019538,0.00023795,0.000217195,0.00019978
0.000210395,0.00019773,0.00023277,0.00020461,0.00020132
0.00021414,0.00019271,0.00023526,0.000211535,0.00019698
0.000209656,0.00019504,0.0002318,0.000206015,0.00020415
0.000219051,0.00020936,0.00023472,0.000216665,0.00021226
0.000215897,0.00019419,0.00025027,0.000210645,0.00020945
0.000211301,0.00019362,0.0002317,0.00021096,0.00020003
0.000220504,0.00019681,0.0002474,0.000219365,0.00021098
0.000214475,0.0001998,0.00022942,0.000215215,0.00020825
0.000218216,0.00019761,0.00024075,0.000214185,0.00020519
0.000212352,0.00019208,0.00023101,0.000213345,0.00019983
0.000217454,0.00019766,0.00024363,0.000215445,0.0001992
0.000211868,0.00019232,0.00024032,0.0002083,0.00020558
0.000224309,0.00019322,0.00025745,0.000222965,0.00019816
0.00021268,0.00019914,0.00023505,0.0002069,0.0002028
0.000214248,0.00019623,0.00023332,0.000215095,0.00020437
0.000218359,0.00019846,0.00025157,0.00021509,0.00020336
0.000215555,0.00019268,0.00023873,0.000214925,0.00020029
0.00021673,0.00019748,0.0002412,0.00021529,0.00019949
0.000211762,0.00019622,0.0002316,0.000210925,0.0002012
0.00022059,0.0001989,0.00025516,0.000216085,0.00021155
0.000208554,0.0001936,0.00022869,0.000206445,0.00020076
0.000215461,0.0001956,0.000245,0.00021062,0.00020616
0.000208406,0.00019356,0.00022781,0.00020551,0.00020579
0.000211831,0.00019211,0.00023545,0.00020839,0.00019569
0.000209055,0.00019377,0.00022762,0.000207905,0.00020484
0.00021383,0.0001956,0.00023545,0.000212865,0.0001956
0.000217861,0.00019896,0.00024927,0.000211365,0.00020139
0.0002105,0.00019241,0.00022925,0.00021089,0.00019928
0.000218028,0.00019695,0.00025172,0.00021485,0.00020672
0.000211793,0.00019345,0.0002314,0.00021061,0.00020003
0.000220149,0.00019918,0.00024848,0.000214745,0.00020862
0.000211354,0.00019511,0.00023288,0.00020863,0.00020441
0.000216814,0.00019512,0.0002435,0.0002152,0.00020405
0.000214567,0.00019561,0.00024753,0.000207985,0.00019935
0.000212474,0.00019316,0.00023477,0.000212175,0.00019634
0.000209495,0.00019306,0.00023308,0.000204445,0.00020127
0.000211853,0.00019439,0.0002336,0.000211275,0.000201
0.000220671,0.00021002,0.00024548,0.000215515,0.00021154
0.000218564,0.0002041,0.00023726,0.00021531,0.0002041
0.000220123,0.00019807,0.00025466,0.000213455,0.00020701
0.000209105,0.0001916,0.00023194,0.000207145,0.00019938
0.000228232,0.00020787,0.00025651,0.0002251,0.00021178
0.000219176,0.00019452,0.00024855,0.0002164,0.00020219
0.000214351,0.00019477,0.00023464,0.00021325,0.00019784
0.0002132,0.00019711,0.00023782,0.000209535,0.00020634
0.000210498,0.00019459,0.00023206,0.000208495,0.00019837
0.00021713,0.00019799,0.00024342,0.00021569,0.00020005
0.000210364,0.00019378,0.0002288,0.00020978,0.00019675
0.000219048,0.00020203,0.00024186,0.000215985,0.00020259
0.000209286,0.00019328,0.0002273,0.00020853,0.00019579
0.000218462,0.00019593,0.00024547,0.000217095,0.00020919
0.000207931,0.00019414,0.00022471,0.00020708,0.00019998
0.000220704,0.00019335,0.00025455,0.00021834,0.00020391
0.000208755,0.00019688,0.00022299,0.000207195,0.00020162
0.000214025,0.00019377,0.00023378,0.000211805,0.00020047
0.00021026,0.00019767,0.0002319,0.00020733,0.00020568
0.000214701,0.00019567,0.00023763,0.000214335,0.00019583
0.000214292,0.00019595,0.00024079,0.000208645,0.00020467
0.00021256,0.00019401,0.00023258,0.00021242,0.00019602
0.00021552,0.00019847,0.00024052,0.00021301,0.00020259
0.000209196,0.00019366,0.00022992,0.00020864,0.00020113
0.000220095,0.00019947,0.00025299,0.00021497,0.00020472
0.000209651,0.00019181,0.00023014,0.000209115,0.0002026
0.000217198,0.00019631,0.00025108,0.00021112,0.00020026
0.000207846,0.00019344,0.00022647,0.000205745,0.00020275
0.000223215,0.00021103,0.0002386,0.00022153,0.00021128
0.000210241,0.0001938,0.00023258,0.000208185,0.00020408
0.000211903,0.00019353,0.00023409,0.000210655,0.00019759
0.000216404,0.00019653,0.00024428,0.00021306,0.00020755
0.00021,0.00019183,0.00022811,0.00021056,0.0001926
0.0002178,0.00019911,0.00024354,0.000213425,0.00020048
0.000209615,0.00019304,0.00023492,0.00020707,0.0001948
0.000219915,0.00020028,0.00024981,0.0002181,0.00021083
0.000208814,0.00019337,0.00023405,0.000205295,0.00020278
0.000214751,0.00019443,0.00024155,0.000213175,0.00020603
0.00021112,0.00019242,0.00023458,0.00020814,0.00020865
0.000212665,0.00019552,0.00023081,0.000211785,0.00020062
0.000211815,0.00019277,0.00023752,0.000207035,0.00020779
0.000214601,0.00019545,0.00023527,0.00021489,0.00020649
0.000218121,0.00020244,0.00023488,0.000216615,0.00020244
0.00020975,0.00019423,0.00022872,0.000209435,0.00019527
0.000219601,0.00019611,0.00025274,0.00021404,0.00020047
0.000211364,0.00019583,0.00022954,0.00021063,0.0001986
0.000222344,0.00019649,0.00025755,0.000219975,0.00020814
0.000207907,0.00019226,0.0002245,0.00020573,0.00019729
0.000217371,0.0001972,0.00023911,0.000215325,0.00020739
0.000206219,0.00019024,0.00022832,0.000204825,0.0002013
0.000213624,0.00019477,0.00023597,0.000213385,0.0002024
0.000216376,0.00019303,0.00023475,0.000218875,0.00020628
0.000210019,0.00019087,0.00023125,0.000209945,0.00019346
0.000231457,0.00021906,0.00024829,0.00023155,0.00022341
0.000212354,0.00019335,0.00023146,0.000212085,0.00019976
0.000219858,0.00019603,0.00024976,0.00021717,0.00019922
0.000211849,0.00019167,0.00023225,0.000210865,0.00019954
0.00021845,0.00019719,0.00025467,0.000215935,0.00020547
0.000209317,0.0001978,0.00022593,0.000207415,0.00020531
0.000218645,0.00019957,0.00024644,0.000215305,0.00020625
0.000211912,0.00019496,0.00022605,0.000213055,0.0002025
0.000214294,0.00019413,0.00023604,0.000214055,0.00019538
0.000211146,0.00019539,0.00023515,0.000205175,0.0002025
0.000211425,0.00019281,0.00023333,0.00021052,0.00019903
0.000215994,0.00019949,0.0002458,0.00021002,0.0002115
0.000212292,0.00019243,0.00023422,0.00021115,0.00019868
0.000217978,0.00019881,0.00024092,0.000214695,0.00019881
0.000210245,0.00019313,0.00023469,0.000208,0.00019728
0.000216269,0.00019402,0.00024094,0.000214025,0.00020196
0.000215241,0.00019242,0.0002404,0.000213245,0.00020112
0.000214756,0.00019376,0.00024035,0.00021082,0.00020054
0.000215484,0.00020479,0.00023855,0.00020941,0.00020877
0.000210336,0.00019318,0.00022652,0.00021048,0.00019588
0.000216133,0.00019508,0.0002405,0.00021433,0.00020802
0.000214939,0.00019219,0.00023982,0.000214485,0.0001949
0.000216248,0.00019552,0.00024296,0.000212125,0.00020259
0.000213813,0.00020155,0.00022511,0.00021577,0.00020281
0.000222653,0.00019871,0.0002638,0.000217785,0.00021181
0.000205915,0.00019123,0.00022681,0.0002043,0.00019554
0.000219529,0.0001954,0.00025482,0.00021476,0.00020501
0.000208535,0.0001959,0.00022897,0.000204565,0.00020068
0.000214748,0.00019545,0.00024304,0.00021266,0.00019595
0.000207371,0.00019042,0.00023361,0.00020177,0.00019884
0.000215169,0.00019785,0.0002367,0.00021263,0.00020206
0.00021569,0.00019697,0.00024272,0.0002104,0.00020614
0.000210034,0.00019385,0.00022821,0.000209565,0.00019527
0.000214125,0.00019342,0.00024061,0.000210435,0.00019812
0.000215188,0.00020149,0.00023146,0.000215435,0.00021019
0.000219084,0.00019448,0.00025257,0.000213425,0.00020371
0.000207984,0.00019282,0.00022722,0.000205605,0.00020632
0.000217319,0.00019553,0.00024617,0.00021521,0.00020843
0.00020721,0.00019145,0.00022879,0.000203525,0.00020222
0.000217514,0.00019373,0.00024822,0.000214445,0.00019787
0.000209277,0.00019429,0.00023418,0.00020403,0.00020241
0.000216135,0.00019304,0.00024313,0.000215415,0.00019967
0.000214743,0.00019398,0.0002465,0.00020913,0.00020587
0.00021267,0.00019552,0.00023354,0.00021163,0.00020132
0.000217683,0.00019805,0.00025143,0.000211115,0.00020824
0.000212313,0.00019464,0.00023178,0.000212495,0.00020023
0.000216054,0.00019339,0.00023846,0.000215,0.00019462
0.00021109,0.00019548,0.00022924,0.00020905,0.00020069
0.000217937,0.00019287,0.0002463,0.000215695,0.00020125
0.00021333,0.00020135,0.00022853,0.000211805,0.00020483
0.000216106,0.00019748,0.00023879,0.00021292,0.00020504
0.000212367,0.00019482,0.00023815,0.00020697,0.00020786
0.000211178,0.00019339,0.00022902,0.00021127,0.00019961
0.000215969,0.00019293,0.00024202,0.000213955,0.00020557
0.000210242,0.00019529,0.00022809,0.000209845,0.00019928
0.000219341,0.00019665,0.00024788,0.00021705,0.00019835
0.00021082,0.0001949,0.00022877,0.00020947,0.00020028
0.000218024,0.00019851,0.00024992,0.00021598,0.00020824
0.00021086,0.00019672,0.00023048,0.000209575,0.00020379
0.000219172,0.00019707,0.00024908,0.000218845,0.00020959
0.000207116,0.00019303,0.00022831,0.000203395,0.00020111
0.000212011,0.00019211,0.0002321,0.00021073,0.0001979
0.00020845,0.00019299,0.00022627,0.00020804,0.00019765
0.000212455,0.00019426,0.00023627,0.000211705,0.00020075
0.00021471,0.00019152,0.00024531,0.000210125,0.00020659
0.000213554,0.00019705,0.00023065,0.00021262,0.00020302
0.000218951,0.00019647,0.00025488,0.000214715,0.00020819
0.000211281,0.00019161,0.00023552,0.000210705,0.00019981
0.000219723,0.0001925,0.00025106,0.000216685,0.00021165
0.000208843,0.0001927,0.00022807,0.000208845,0.0002054
0.000215652,0.00019666,0.00024003,0.00021509,0.00020746
0.000213469,0.00020262,0.00023429,0.00020802,0.00020469
0.000220248,0.00020087,0.00023856,0.000219565,0.00020087
0.000210646,0.00019288,0.00023379,0.000205865,0.00020598
0.000210315,0.0001935,0.00023241,0.00020898,0.00019841
0.000215671,0.00019281,0.00024721,0.000211985,0.00020983
0.000213233,0.00019258,0.00023463,0.000213805,0.00020004
0.000218271,0.00019731,0.00025122,0.000213585,0.00019983
0.000211609,0.00019302,0.00022901,0.000212425,0.0002025
0.000219398,0.00019946,0.00024942,0.00021573,0.00019946
0.000209022,0.00019124,0.00023145,0.00020742,0.00020233
0.000216075,0.00019505,0.00023835,0.000214165,0.00019896
0.000214579,0.00019361,0.00023734,0.00021344,0.00021534
0.000212837,0.0001951,0.00023571,0.00021109,0.0001951
0.000214721,0.00019145,0.00024223,0.000214675,0.00021004
0.000224844,0.00021281,0.0002384,0.000224505,0.00021813
0.000219475,0.00019662,0.00025411,0.000213375,0.00019662
0.000206381,0.00019223,0.00022195,0.000206675,0.00019223
0.000218365,0.00019591,0.00024755,0.00021534,0.00020812
0.000206325,0.00019651,0.00021719,0.00020576,0.00020069
0.000217485,0.00019355,0.00025331,0.000214195,0.0001972
0.000206369,0.00019435,0.00022813,0.000202075,0.0001967
0.000217236,0.00019478,0.00024146,0.000215535,0.0002032
0.000210757,0.00019684,0.00023203,0.000207315,0.00020336
0.000212531,0.00019207,0.00023356,0.00021331,0.00019496
0.000219724,0.00019786,0.00024511,0.000219615,0.00020933
0.000209974,0.00019225,0.00023146,0.00021057,0.00019332
0.000216759,0.00019808,0.0002436,0.000212375,0.00020201
0.000209449,0.00019239,0.00022851,0.00020884,0.00020003
0.000220064,0.00019385,0.000252,0.00021986,0.00021018
0.000210284,0.00019223,0.00022766,0.000208945,0.00019991
0.00022017,0.00020718,0.00023803,0.00021883,0.00020718
0.000205857,0.00019199,0.00022464,0.00020324,0.00019733
0.00021751,0.00019776,0.00024166,0.00021686,0.00020825
0.00020859,0.00019223,0.0002317,0.00020482,0.00020571
0.000215751,0.00019974,0.00023654,0.00021346,0.00020712
0.000215353,0.00020148,0.00024048,0.00021025,0.00021025
0.000213204,0.00019468,0.00023285,0.00021322,0.00019671
0.000218085,0.00019987,0.00025255,0.000214445,0.00020759
0.000212847,0.00019609,0.00023437,0.00020981,0.00020209
0.000218818,0.00019731,0.0002472,0.000215365,0.0002096
0.000213666,0.00019537,0.00023339,0.000213485,0.00020374
0.00021718,0.00019464,0.00023725,0.000213395,0.00020534
0.000214526,0.00019697,0.00023681,0.000213755,0.00019877
0.00021443,0.00019715,0.00023725,0.000211805,0.00019743
0.000213114,0.00019414,0.00023996,0.00020767,0.00020563
0.000213211,0.00019505,0.0002336,0.000212735,0.00020297
0.00021529,0.00019361,0.00024391,0.0002087,0.00020199
0.000211296,0.00019332,0.00023045,0.00021068,0.00019917
0.000220858,0.00019862,0.00025532,0.000215685,0.00019862
0.000210534,0.00019584,0.00023002,0.000210035,0.00020162
0.00021909,0.00019701,0.00024501,0.00021597,0.00021023
0.000210092,0.00019102,0.00023085,0.00020993,0.00020092
0.000216708,0.00019862,0.00023932,0.00021541,0.00020995
0.000212808,0.00019888,0.00022712,0.000213035,0.00020435
0.000213931,0.00019384,0.00023789,0.0002116,0.00019853
0.000210751,0.00019485,0.00022887,0.000209085,0.00019951
0.000210924,0.00019382,0.00023371,0.00021083,0.0002028
0.000215958,0.00019155,0.00025012,0.000212135,0.00020674
0.000211206,0.00019259,0.00023018,0.000211045,0.0002004
0.000220869,0.00019343,0.00024851,0.00021865,0.00019993
0.000209564,0.00019541,0.00022491,0.000208915,0.00020087
0.000225975,0.00020003,0.00026075,0.00022483,0.00020996
0.000210452,0.00019961,0.00023062,0.000206205,0.00020083
0.000218632,0.00019301,0.00024726,0.0002158,0.00019971
0.000208668,0.00019638,0.00023078,0.000204995,0.00020453
0.00021187,0.00018977,0.00023415,0.000210035,0.00019594
0.000212254,0.00019657,0.00023575,0.000206985,0.00020477
0.00021147,0.00019406,0.00023155,0.000210935,0.00019634
0.000217572,0.00020081,0.00024016,0.000215025,0.00020081
0.000210459,0.00019253,0.00022958,0.000208575,0.00019543
0.000216074,0.00019391,0.00024483,0.000214235,0.0002014
0.000213381,0.00019599,0.00023677,0.000210915,0.00019991
0.00021637,0.00019798,0.00024809,0.000213085,0.00019974
0.0002101,0.00019655,0.00022378,0.00021092,0.00020411
0.000213391,0.00019473,0.00023856,0.00021038,0.00019682
0.000210006,0.00019303,0.00023501,0.000206155,0.00020543
0.000212121,0.00019472,0.00022772,0.000211135,0.00020013
0.000214472,0.0001952,0.00023733,0.000213255,0.00020573
0.000215654,0.0002065,0.00022768,0.000215285,0.00020717
0.000223694,0.00019959,0.00026186,0.00021906,0.00021536
0.000208194,0.00019105,0.00022748,0.000209075,0.00019954
0.00022225,0.00019561,0.00025798,0.00021895,0.00021111
0.000207264,0.00019246,0.00022264,0.000207095,0.00019825
0.000223461,0.00020498,0.00024479,0.000222085,0.00020973
0.000210292,0.0002012,0.00022907,0.0002065,0.00020204
0.000215344,0.00019254,0.00024044,0.00021309,0.00019653
0.000207633,0.00019446,0.0002298,0.00020435,0.00020293
0.000216015,0.00019751,0.00023546,0.000214945,0.00020259
0.000214467,0.00020076,0.00023835,0.00020804,0.00020339
0.00021022,0.00019391,0.00023017,0.00021014,0.00020045
0.000217295,0.0001945,0.00024562,0.000215485,0.00019995
0.000209969,0.00019602,0.00023039,0.000207475,0.00020036
0.000221033,0.00019383,0.00025928,0.000215375,0.00021084
0.000209175,0.00019286,0.00023238,0.000207105,0.00020196
0.00021744,0.00019651,0.00024325,0.00021773,0.00021269
0.000210209,0.00019751,0.00022946,0.00020702,0.00020552
0.00021742,0.00019906,0.00024504,0.00021534,0.00020052
0.000211408,0.00019226,0.0002353,0.00020814,0.00020909
0.000212161,0.0001937,0.000234,0.00021179,0.00020296
0.000214473,0.00019695,0.00024363,0.000209015,0.00020748
0.000212936,0.00019241,0.00023592,0.0002127,0.00019596
0.000218296,0.0001997,0.00024286,0.000214765,0.0002053
0.000213196,0.00019966,0.00022838,0.000213315,0.00020084
0.000216942,0.00019763,0.00024674,0.00021304,0.00019763
0.000210977,0.00019486,0.00023189,0.000209175,0.00020393
0.000216869,0.00019353,0.00023971,0.000215845,0.00019893
0.000210945,0.00019309,0.00023139,0.000209795,0.00019671
0.000214149,0.00019532,0.0002403,0.00021212,0.00020266
0.000213632,0.00019255,0.00023963,0.000211245,0.00020993
0.000214534,0.00019388,0.00023732,0.00021376,0.00020162
0.000216234,0.0001924,0.00024356,0.000213565,0.00020183
0.000210563,0.00019223,0.00023066,0.000211335,0.00019383
0.000219579,0.00019705,0.00024502,0.00021521,0.00020137
0.000208421,0.0001925,0.00022533,0.00020841,0.00019764
0.000219894,0.00019917,0.00024833,0.00021517,0.00020929
0.000208467,0.00019232,0.00022478,0.00020824,0.00020197
0.000216509,0.00020069,0.00024203,0.000212375,0.00020376
0.000208652,0.00019536,0.00022573,0.000206525,0.00020383
0.000217005,0.00019675,0.00024242,0.0002152,0.00020597
0.000217306,0.00019199,0.00024277,0.000217415,0.00020675
0.000210711,0.00019306,0.00023478,0.000210435,0.00019306
0.000216611,0.00019427,0.00024527,0.000215,0.00020248
0.000210021,0.00019339,0.00022843,0.00020936,0.00019443
0.000219199,0.0002011,0.00024848,0.000212005,0.00020481
0.000213934,0.00019581,0.00022922,0.00021389,0.00020657
0.000223207,0.00020486,0.00024828,0.000218975,0.00021468
0.00020935,0.00019395,0.00022979,0.00020846,0.00020484
0.00021628,0.00019454,0.00024529,0.00021302,0.00019754
0.00021018,0.00019395,0.00023329,0.00020791,0.00020664
0.000215536,0.00019542,0.00023742,0.00021413,0.00019974
0.000210821,0.0001916,0.00023639,0.000206505,0.00020124
0.000212554,0.00019535,0.00023379,0.00021185,0.00020046
0.000214641,0.00019685,0.0002462,0.00020721,0.00020272
0.000213405,0.00019484,0.00023526,0.00021293,0.000201
0.000218382,0.00019742,0.00025411,0.00021405,0.00020771
0.000210399,0.00019512,0.00022854,0.000209735,0.00020322
0.000217035,0.00019369,0.00024975,0.000215625,0.00021056
0.000211147,0.00019411,0.00023424,0.000208695,0.00020708
0.000216782,0.00019433,0.00024523,0.000217175,0.00020382
0.000209436,0.00019402,0.00023368,0.000205595,0.00020715
0.000211421,0.00019254,0.00023549,0.000208825,0.00019654
0.000217905,0.00019689,0.00025303,0.000211525,0.00020283
0.000215847,0.00019324,0.00023709,0.000216815,0.00020218
0.00022211,0.00019806,0.00025207,0.00021798,0.00019841
0.000207694,0.00019325,0.00022468,0.000206435,0.00019325
0.000219474,0.00019771,0.0002519,0.000214765,0.00021068
0.000206047,0.00019213,0.00022401,0.00020483,0.00019764
0.00021752,0.00019611,0.00024673,0.000214745,0.00020761
0.000208696,0.00019507,0.00022915,0.000205665,0.0002035
0.000215278,0.00019364,0.00023639,0.00021341,0.00019716
0.000208384,0.00019224,0.00023144,0.000205025,0.0001983
0.000211895,0.00019446,0.00022882,0.000211395,0.00019912
0.000213365,0.00019648,0.00023692,0.000208705,0.00020298
0.000209054,0.00019506,0.00022706,0.000208235,0.00019752
0.000219652,0.00020428,0.00024423,0.00021463,0.00020977
0.000212161,0.00019364,0.00023427,0.00021135,0.00019873
0.0002198,0.00019725,0.00024606,0.000217775,0.00021138
0.000209974,0.00019301,0.00023018,0.000207645,0.00020265
0.00022015,0.00019452,0.00025059,0.000217625,0.00020069
0.000211311,0.00020248,0.00022513,0.000207865,0.00020721
0.000218862,0.00019609,0.0002438,0.000219045,0.0002005
0.0002084,0.00019184,0.00023231,0.000204715,0.00020372
0.000212764,0.00019352,0.00023596,0.000210885,0.00019474
0.00021296,0.00019245,0.00023866,0.00020756,0.00020834
0.000212569,0.00019438,0.00023412,0.00021134,0.00019438
0.0002217,0.00019403,0.00025539,0.000218295,0.00020461
0.000213732,0.0001922,0.00024101,0.00021095,0.00019683
0.000219298,0.00019937,0.00024321,0.00021585,0.00020441
0.000211169,0.0001948,0.00023434,0.00020763,0.00020247
0.000216429,0.00019552,0.00024282,0.00021433,0.00020382
0.000210057,0.00019003,0.00022945,0.000211365,0.00020373
0.000214302,0.00019476,0.00024157,0.000211355,0.00020171
0.000215408,0.00019526,0.00024358,0.00020985,0.00020714
0.00021639,0.00020265,0.00023332,0.00021671,0.00021076
0.000216565,0.00019709,0.00024867,0.0002104,0.00020178
0.000208056,0.00019227,0.00022444,0.000208215,0.00019949
0.000218129,0.00019549,0.00025534,0.000211725,0.00020167
0.00021497,0.00020322,0.00022837,0.00021459,0.0002062
0.000219254,0.00019356,0.00024432,0.000219925,0.00020925
0.000208737,0.00019632,0.00022142,0.0002098,0.00020182
0.000213066,0.00019186,0.00024059,0.00020929,0.00019549
0.000206012,0.00018942,0.00022592,0.000204165,0.00019819
0.00021157,0.00019218,0.00023132,0.000210915,0.00019827
0.000211875,0.0001932,0.00023657,0.000209205,0.00020561
0.000211413,0.00019352,0.00022919,0.000213195,0.00019352
0.00021379,0.00019263,0.0002397,0.00020857,0.0001959
0.000213135,0.00019507,0.00023134,0.00021332,0.00019507
0.000218825,0.00019655,0.00025118,0.000214215,0.00019926
0.000212988,0.00019967,0.00022683,0.00021294,0.00020676
0.00021659,0.00019606,0.00025324,0.000212555,0.00019959
0.000210746,0.00019685,0.00022887,0.000210555,0.00020391
0.000216389,0.00019573,0.00024392,0.00021605,0.00020618
0.000207675,0.00019249,0.00023018,0.000203545,0.00020379
0.000213222,0.00019436,0.00023657,0.00021158,0.00019436
0.000212361,0.00019522,0.0002334,0.000208995,0.00020545
0.000214979,0.00019188,0.0002428,0.00021364,0.0001981
0.00021577,0.00019916,0.00024419,0.00021098,0.00020042
0.00021173,0.00019348,0.00023336,0.000212305,0.00019956
0.000219579,0.00019742,0.00025743,0.00021526,0.000213
0.000213109,0.00019273,0.00023581,0.00021233,0.0002023
0.000219063,0.00019337,0.00024878,0.00021787,0.00019931
0.000211951,0.00019388,0.0002329,0.00021036,0.00020704
0.000214646,0.00019306,0.00024219,0.0002134,0.00019704
0.000213376,0.00019418,0.00024616,0.000206965,0.00020426
0.000211112,0.00019228,0.0002375,0.000210995,0.00019578
0.000214425,0.00019492,0.00024919,0.000209165,0.00020864
0.000208304,0.00019261,0.0002228,0.000208635,0.00019397
0.000222529,0.00020308,0.00025391,0.00021659,0.00021046
0.000213174,0.00019984,0.00022976,0.00021207,0.00019984
0.000221146,0.00019512,0.00025998,0.000217495,0.00021066
0.000208824,0.00019316,0.00022403,0.00020911,0.00020046
0.000222125,0.00020511,0.00024902,0.000217155,0.00021116
0.000208652,0.00019784,0.00022751,0.00020519,0.00020289
0.000215215,0.00019613,0.00023983,0.000212755,0.00020424
0.000209676,0.0001915,0.00023564,0.00020687,0.00020307
0.000208805,0.00019178,0.0002299,0.00020749,0.00019391
0.000213041,0.00019627,0.00023446,0.000209945,0.00019914
0.000210333,0.00019493,0.0002277,0.00021061,0.00019743
0.000218102,0.00019548,0.00024201,0.000215605,0.00021451
0.000209353,0.0001915,0.00022857,0.00020972,0.0001995
0.000217814,0.00019486,0.00025074,0.00021424,0.00019583
0.000210196,0.00019722,0.00022352,0.00021078,0.00020451
0.000215337,0.00019241,0.0002428,0.00021113,0.00020197
0.000208134,0.00019231,0.00022813,0.000206035,0.00020256
0.000217359,0.00019683,0.00023986,0.00021513,0.00019803
0.00020909,0.00019421,0.00022913,0.000205425,0.00020411
0.00021311,0.0001936,0.00023451,0.00021345,0.00019683
0.000215648,0.00019843,0.00024216,0.00021043,0.00020971
0.000214384,0.00019725,0.00023364,0.000214415,0.00020293
0.000221091,0.00019905,0.00025553,0.00021575,0.00019905
0.00020737,0.00019338,0.00022238,0.00020607,0.00019382
0.000216268,0.00019689,0.00023956,0.000215505,0.00020272
0.000213696,0.00019804,0.00023375,0.000211075,0.00020786
0.000216066,0.00019519,0.00024605,0.000213245,0.00020549
0.000209721,0.00019187,0.00023707,0.000206305,0.00020434
0.000214729,0.00019371,0.00024078,0.00021304,0.00019692
0.000211549,0.00019108,0.00023634,0.000207825,0.00020814
0.000209752,0.00019398,0.00022511,0.000210575,0.00019451
0.000214394,0.00019132,0.00024642,0.000210635,0.0002022
0.000208857,0.00019361,0.0002239,0.000209345,0.00019391
0.000218017,0.00019688,0.00024741,0.000215985,0.00020111
0.000212139,0.00019443,0.00023241,0.000210895,0.00019681
0.000219301,0.00020021,0.00024623,0.00021631,0.0002118
0.00021037,0.0001923,0.00022848,0.000209725,0.00019976
0.000215525,0.00019401,0.00024148,0.00021288,0.00019943
0.000210058,0.00019205,0.00023507,0.00020665,0.00019977
0.000213486,0.00019301,0.00023952,0.00021281,0.00020187
0.00021133,0.00019373,0.00023493,0.00020816,0.00020534
0.00021151,0.00019165,0.00023319,0.000212865,0.00019435
0.000217909,0.00019552,0.00024287,0.000216295,0.00020002
0.00021126,0.00019477,0.00022721,0.000211525,0.00019477
0.000218057,0.00019555,0.00024879,0.00021538,0.00019732
0.000209355,0.00019448,0.00022566,0.00020984,0.00020185
0.000221486,0.00019557,0.00025445,0.000220915,0.00019641
0.000210662,0.00019524,0.0002255,0.00021033,0.00020149
0.000214676,0.00019504,0.00023786,0.000213245,0.00020317
0.000212014,0.00020144,0.00022693,0.00021089,0.00020463
0.000214448,0.00019509,0.0002386,0.000213015,0.00020332
0.000212853,0.00019538,0.00023752,0.000212205,0.00021263
0.000212957,0.00019455,0.00023288,0.00021278,0.00020166
0.000212895,0.00019087,0.00023692,0.00021154,0.00020947
0.000212176,0.00019449,0.00023437,0.00021012,0.00019676
0.00021829,0.00019356,0.00024374,0.000217485,0.00021271
0.000211251,0.00019542,0.0002324,0.00020948,0.00020475
0.00021687,0.00019528,0.00025503,0.00021488,0.00020762
0.000209611,0.00019384,0.00022762,0.00020896,0.00020524
0.000218082,0.00019587,0.00024847,0.000215005,0.00020757
0.000213104,0.00020016,0.00023471,0.00020824,0.00020314
0.000213824,0.00019741,0.00023719,0.00021249,0.00019872
0.000214944,0.00019283,0.00024974,0.0002096,0.00020921
0.000211755,0.00019336,0.00023236,0.00021091,0.00020032
0.000218944,0.00019651,0.00025416,0.00021588,0.00020865
0.000206765,0.0001907,0.00022728,0.00020575,0.00019376
0.000221353,0.00019939,0.00024741,0.00021749,0.00020331
0.00020713,0.00019351,0.00022032,0.00020725,0.00019396
0.000216323,0.00019734,0.00023979,0.00021429,0.0001992
0.000208739,0.0001947,0.00023153,0.00020473,0.000198
0.000215478,0.00019328,0.00024064,0.000214645,0.00019616
0.000211595,0.0001951,0.00023229,0.00020973,0.00020237
0.000210733,0.00019227,0.0002316,0.00020925,0.00019557
0.000212661,0.00019116,0.00023991,0.000208595,0.00020414
0.000209475,0.00019285,0.00022871,0.00020924,0.0001936
0.000218391,0.00019746,0.00025145,0.00021085,0.00020378
0.000211038,0.00019216,0.0002308,0.000212045,0.00020121
0.000218166,0.00019657,0.00024129,0.000218565,0.0002119
0.000211395,0.00019299,0.00022772,0.000211975,0.00020248
0.000217958,0.00019555,0.00024896,0.00021473,0.0001975
0.000210311,0.00019865,0.00023091,0.000205955,0.0002002
0.000214393,0.00019523,0.00023331,0.00021503,0.00020541
0.000210056,0.00019441,0.00022632,0.00020975,0.00020005
0.000222961,0.00021449,0.00023352,0.000222795,0.00022271
0.00021991,0.00020358,0.00023969,0.000218585,0.00020461
0.000212204,0.00019016,0.00023438,0.00021063,0.00019703
0.000217451,0.00019409,0.00025108,0.000212025,0.00021007
0.000211335,0.00019447,0.0002328,0.000208975,0.00020033
0.00021743,0.00019696,0.00024829,0.000214605,0.00020348
0.00021047,0.00019256,0.00023255,0.00021052,0.0002036
0.000220074,0.00019956,0.00025408,0.00021674,0.00019956
0.000210056,0.00019278,0.00023755,0.0002062,0.00020522
0.000214587,0.0001947,0.00023757,0.000213565,0.00019653
0.000214692,0.00020291,0.00023469,0.00020887,0.00020291
0.00021326,0.00019596,0.00023082,0.000216285,0.00021066
0.000215373,0.00019381,0.00024511,0.000212185,0.00020273
0.0002078,0.0001924,0.00022548,0.000207555,0.00019464
0.000221178,0.00019459,0.00025439,0.000219315,0.00021351
0.000212512,0.00019649,0.00023074,0.0002121,0.00020163
0.00021614,0.00019401,0.00024046,0.000215425,0.00021028
0.000213531,0.00019511,0.0002357,0.000212095,0.00019864
0.000216157,0.00019328,0.00023578,0.000214315,0.00020496
0.000210081,0.0001958,0.00023156,0.000208065,0.00020495
0.00021422,0.0001946,0.00023892,0.00021224,0.00020313
0.000212476,0.00019659,0.00023766,0.00020824,0.00020683
0.000210526,0.00019296,0.00023337,0.000209055,0.00019879
0.000215978,0.00019216,0.0002462,0.00021149,0.00020742
0.000209406,0.00019276,0.00022791,0.00020857,0.00019927
0.000217046,0.00019703,0.00024675,0.000215245,0.00020468
0.000208325,0.00019239,0.00023153,0.00020549,0.00019762
0.000217457,0.00019517,0.0002438,0.00021471,0.00020833
0.00020887,0.00019093,0.00023229,0.00020607,0.0001995
0.000216662,0.00019386,0.00023872,0.00021646,0.00019783
0.000212051,0.00020029,0.00023429,0.000207475,0.0002053
0.000213775,0.00019427,0.00023595,0.000212255,0.00019692
0.000211236,0.00019295,0.00023811,0.000204795,0.00020556
0.000214389,0.00019289,0.0002375,0.000214365,0.0001997
0.000217458,0.00019706,0.00024973,0.000210545,0.00019994
0.000213468,0.0002024,0.00022852,0.00021175,0.00020711
0.000220508,0.00019714,0.0002557,0.00021577,0.0002135
0.000213323,0.00019359,0.00023581,0.00021174,0.00020275
0.000220142,0.00020251,0.00024341,0.00021556,0.00021091
0.000208079,0.00019116,0.00023317,0.000204805,0.00020141
0.000214454,0.00019368,0.000244,0.00021289,0.00020283
0.000211266,0.0001922,0.00023885,0.000207155,0.00020508
0.000214523,0.00019754,0.00023739,0.00021262,0.00020496
0.000217896,0.00019663,0.00025169,0.00021421,0.00021076
0.000210074,0.0001943,0.00022903,0.00020819,0.00019597
0.000219052,0.00019575,0.00025457,0.00021249,0.00020872
0.000208816,0.00019247,0.00022762,0.000209475,0.00020238
0.000220513,0.00019617,0.000253,0.000217485,0.00021118
0.000208245,0.00019194,0.00022563,0.000209075,0.00019834
0.000222531,0.00020815,0.0002475,0.00021637,0.00021025
0.000208802,0.00019497,0.00022925,0.000206555,0.00020009
0.00021873,0.00019067,0.00024835,0.000217635,0.00019619
0.000208609,0.00019352,0.00023428,0.000202785,0.00019769
0.000217017,0.00019344,0.00024243,0.000214765,0.00020041
0.000221456,0.00020531,0.00024009,0.000219745,0.00020853
0.000215737,0.00019337,0.00023907,0.00021537,0.00019504
0.00022052,0.00019517,0.00024203,0.000222615,0.00019718
0.00020717,0.00019428,0.0002212,0.000205785,0.00019627
0.000220723,0.00019615,0.00025384,0.000217405,0.00020837
0.000209065,0.00019188,0.00023068,0.000207215,0.00020108
0.00021721,0.00019567,0.00024345,0.000214735,0.00020887
0.000209419,0.00019272,0.00023351,0.0002046,0.00020289
0.000213518,0.00019216,0.00023416,0.000211355,0.00019636
0.000209807,0.00019726,0.00023155,0.00020582,0.00020408
0.00021407,0.0001934,0.00023764,0.000213155,0.00019612
0.000214669,0.00019508,0.00024227,0.00021035,0.00020714
0.000212181,0.00019202,0.00023272,0.00021223,0.00019359
0.000217805,0.00019692,0.00025245,0.0002156,0.0002101
0.0002123,0.00019383,0.00023646,0.0002109,0.00020213
0.000220523,0.00019984,0.00025075,0.000216515,0.00021128
0.000211333,0.00019396,0.00023365,0.000208975,0.00020322
0.000214684,0.0001942,0.00024366,0.0002127,0.00019564
0.000213125,0.00019425,0.00024357,0.000207425,0.00020136
0.0002144,0.00019318,0.00023783,0.000213125,0.00019659
0.000210229,0.00019363,0.00023563,0.000204335,0.00019921
0.00021401,0.00019418,0.00023794,0.000210635,0.00019666
0.000221871,0.00020662,0.00025022,0.000214895,0.00021016
0.0002103,0.00019185,0.00023033,0.00020979,0.00019923
0.000221741,0.0002005,0.00025303,0.00021736,0.0002005
0.000209939,0.00019461,0.00022762,0.000208805,0.00019986
0.000219052,0.0001973,0.00025436,0.000213345,0.00020941
0.000207914,0.00019263,0.00022559,0.00020801,0.00020068
0.000214913,0.00019553,0.0002459,0.00021128,0.00020462
0.000212535,0.00019418,0.00023714,0.00020962,0.00020359
0.000215031,0.00019467,0.00024254,0.00021226,0.00019655
0.000216021,0.00020551,0.00023812,0.00021057,0.00020958
0.000211656,0.0001941,0.00022999,0.000211525,0.00019697
0.000215431,0.00019023,0.00024763,0.000213105,0.00020562
0.000209337,0.00019274,0.00022513,0.00020943,0.00020283
0.000218562,0.0001958,0.0002459,0.0002171,0.00020593
0.000212034,0.00019865,0.00022766,0.00021088,0.00019865
0.000222453,0.00020385,0.00024926,0.000218945,0.00021265
0.000208914,0.00019089,0.00022778,0.000208125,0.00019917
0.00021953,0.00019537,0.00024702,0.00021813,0.0002044
0.000210514,0.00019965,0.00023515,0.000204235,0.00020227
0.000211695,0.00019153,0.00023473,0.00020922,0.00019503
0.0002108,0.00019344,0.00023361,0.000208045,0.0002017
0.0002092,0.00019326,0.00022886,0.000207045,0.00019538
0.000215668,0.00019841,0.00024038,0.00021247,0.00020194
0.000213957,0.00019283,0.00023549,0.00021289,0.00019993
0.000218656,0.00019591,0.00025604,0.0002157,0.00020998
0.000211285,0.00019493,0.00023261,0.00020982,0.00020281
0.000217887,0.00020139,0.00024499,0.00021177,0.00020512
0.000211183,0.0001958,0.00022876,0.00021047,0.00020323
0.000214155,0.00019607,0.00023649,0.00021056,0.00019917
0.000214819,0.00019134,0.00023988,0.00021385,0.00020404
0.000218165,0.00019127,0.00024734,0.000215765,0.00019587
0.000215521,0.00019816,0.00023962,0.000212335,0.00020064
0.000208943,0.00019432,0.00022691,0.00020793,0.00019665
0.000219201,0.00019762,0.0002467,0.00021419,0.00020864
0.000212665,0.00019885,0.0002272,0.000213045,0.0002054
0.000230725,0.00021682,0.00025785,0.000227205,0.0002236
0.000210186,0.00019173,0.00023731,0.00020613,0.00019677
0.000220694,0.00020218,0.00024869,0.000215505,0.00020912
0.000212373,0.00020248,0.00022681,0.00020929,0.00020652
0.000224086,0.00021312,0.00024145,0.00021924,0.00021865
0.000215619,0.00020152,0.00023962,0.000210305,0.00020665
0.000227905,0.00022152,0.00023655,0.00022621,0.00022394
0.000217914,0.00020427,0.00023341,0.0002154,0.00020878
0.000219625,0.00020655,0.00023193,0.00021938,0.00021421
0.000218766,0.00019307,0.00025613,0.000211245,0.00020071
0.000217747,0.00020382,0.00023564,0.00021565,0.00021114
0.000224145,0.00020727,0.00024803,0.00021927,0.00021497
0.000215105,0.0002032,0.00023292,0.000210915,0.00020702
0.000223259,0.00021073,0.00024611,0.0002193,0.00021481
0.000213806,0.00020044,0.00023537,0.000210545,0.0002076
0.000226703,0.00021816,0.00024637,0.000222275,0.00022237
0.000211039,0.00019243,0.00023541,0.0002078,0.00020416
0.000223617,0.00021133,0.0002383,0.0002222,0.00021933
0.000216633,0.00020383,0.00024301,0.00021186,0.00020383
0.000223156,0.00021593,0.00023529,0.000222,0.00022188
0.000221985,0.00020223,0.00024364,0.000220355,0.00021073
0.000209074,0.00019269,0.0002369,0.0002071,0.00019952
0.000220125,0.00019481,0.00025479,0.00021513,0.00020281
0.000216058,0.00020384,0.00024268,0.00020819,0.000206
0.000219776,0.00020123,0.00024687,0.0002143,0.00020622
0.000210604,0.00019166,0.00023391,0.000208175,0.00020328
0.000217673,0.00020662,0.00023324,0.00021541,0.00021318
0.000221044,0.00020374,0.00024817,0.000218415,0.00020405
0.000219744,0.00020764,0.00023361,0.000219115,0.0002148
0.000221898,0.00020248,0.0002528,0.000214365,0.00020248
0.000218452,0.00021117,0.00022849,0.000216145,0.00021738
0.000220629,0.00020008,0.00025627,0.00021536,0.00020308
0.000209799,0.00019477,0.00022752,0.000208555,0.00019797
0.00021841,0.00019782,0.00024361,0.000215735,0.00020189
0.000211464,0.00019309,0.00022922,0.000209505,0.00020216
0.000215094,0.00019736,0.0002414,0.00021191,0.0002063
0.000207807,0.00019456,0.00022652,0.000205255,0.00020464
0.000213341,0.00019288,0.00023337,0.00021207,0.00019681
0.000215903,0.00019939,0.00023433,0.00021496,0.00019986
0.000209795,0.00019155,0.00023045,0.000209715,0.00019155
0.000216777,0.00019578,0.0002431,0.00021278,0.00020732
0.000214348,0.00019987,0.00023052,0.00021322,0.00020685
0.000221068,0.0001927,0.00025532,0.00021543,0.00020449
0.000208007,0.00019346,0.00022578,0.000207115,0.00019958
0.000217474,0.00019381,0.00024821,0.000214895,0.00020678
0.000208243,0.00019285,0.00023379,0.00020453,0.00020031
0.00021884,0.00019486,0.00024847,0.000217515,0.00020417
0.000208386,0.00019108,0.00023159,0.00020646,0.00020314
0.000218129,0.00019713,0.0002406,0.000218755,0.00019713
0.000214286,0.00019811,0.00024003,0.000208,0.00019919
0.000211888,0.00019208,0.00023441,0.000211245,0.00019929
0.00021836,0.00019998,0.00024568,0.000214635,0.00019998
0.000214441,0.00019205,0.00023716,0.00021498,0.00019939
0.000218664,0.00019614,0.00025426,0.00021679,0.00021327
0.000212246,0.00019399,0.00023212,0.000211295,0.00020519
0.000222019,0.0002066,0.00025224,0.000215215,0.0002066
0.000208171,0.00019198,0.00022564,0.00020741,0.00020327
0.000212644,0.00019569,0.00023769,0.00021099,0.00019569
0.00021032,0.00019096,0.00023747,0.00020502,0.0002026
0.00020831,0.00019178,0.00023014,0.00020754,0.00019751
0.000215371,0.0001975,0.00024099,0.000210985,0.00020902
0.000209962,0.00019163,0.00023394,0.00020785,0.00019388
0.000221612,0.00019739,0.00025506,0.000216275,0.0002081
0.000208616,0.00019085,0.0002247,0.000207665,0.00019882
0.000219841,0.00019699,0.00025789,0.000216555,0.0002037
0.000208341,0.00019602,0.00022539,0.00020827,0.00020281
0.000218043,0.0001973,0.00024349,0.00021593,0.00020307
0.000205708,0.0001924,0.0002228,0.00020434,0.00019603
0.000213653,0.00019472,0.00023391,0.000211705,0.00020056
0.000208911,0.0001945,0.00023103,0.000204045,0.00020188
0.000217302,0.00019185,0.00024438,0.000216305,0.00019185
0.000212535,0.00019422,0.00023717,0.000208055,0.00020222
0.000207662,0.00019326,0.00022694,0.00020618,0.00019566
0.000217204,0.00019478,0.00025186,0.000210235,0.00020003
0.000211221,0.00019303,0.00023077,0.000211225,0.00020267
0.00021936,0.00020023,0.00025234,0.000213325,0.00020665
0.000212326,0.00019697,0.00023522,0.000210885,0.00020395
0.000217999,0.00019583,0.00024133,0.00021853,0.00021055
0.000207934,0.00019311,0.00022198,0.000208625,0.00019877
0.000213661,0.0001934,0.00024408,0.00020934,0.00019796
0.000208949,0.00019432,0.00022908,0.000205515,0.0002019
0.00021639,0.0002008,0.00023792,0.00021379,0.00020427
0.000211524,0.00019503,0.00023017,0.00020842,0.00020612
0.00021207,0.00019337,0.00023391,0.00021158,0.00019697
0.000223562,0.00020802,0.00024512,0.000221945,0.00021189
0.000213113,0.00019506,0.00023221,0.00021307,0.00020201
0.000218991,0.00019759,0.00024883,0.000217865,0.00020948
0.000209029,0.00019164,0.00023769,0.000203,0.00019821
0.000216269,0.00019423,0.00024428,0.00021419,0.00019951
0.000215525,0.00020536,0.00023673,0.000210345,0.00020907
0.000213566,0.00019302,0.00023379,0.00021304,0.0001975
0.000215095,0.00019837,0.00023782,0.00020859,0.00020489
0.000213126,0.00019382,0.00023358,0.000211045,0.00020166
0.000215849,0.00019324,0.00023894,0.00021394,0.00021172
0.000210271,0.00019346,0.00022985,0.000208885,0.00019493
0.000228502,0.0002184,0.00025177,0.000224485,0.00021846
0.000209254,0.00019256,0.00022865,0.00020865,0.00019885
0.000222379,0.0001974,0.00025561,0.000216105,0.00020577
0.000208562,0.00019289,0.00022589,0.000208055,0.00020297
0.00021531,0.00019647,0.00024246,0.00021347,0.00020764
0.000207902,0.00019299,0.00022889,0.00020496,0.00020335
0.000213667,0.00019479,0.00023901,0.000214005,0.00020641
0.000215135,0.00020374,0.00023417,0.00021086,0.00020685
0.000219449,0.00020635,0.00023478,0.000218565,0.00021203
0.000218817,0.00019413,0.00025022,0.00021401,0.00021109
0.000211405,0.00019375,0.00022976,0.000210735,0.00020132
0.000219189,0.00019707,0.00025551,0.00021555,0.0002118
0.000212399,0.00019726,0.00023009,0.000211635,0.00020068
0.000218839,0.00019665,0.00024721,0.00021817,0.00020432
0.000210259,0.00019427,0.00022379,0.000211145,0.00019684
0.000215614,0.00019508,0.00023781,0.00021336,0.00020318
0.000210154,0.00019078,0.00022432,0.00021198,0.00020021
0.000212314,0.00019408,0.00023462,0.000211425,0.00020139
0.000211269,0.00019718,0.00023389,0.000205795,0.00020671
0.000211601,0.00019298,0.0002335,0.000211315,0.00019869
0.000217046,0.0001941,0.00024285,0.000216165,0.00020141
0.000209865,0.00019009,0.00023332,0.00020746,0.00019368
0.000220184,0.00020179,0.00024617,0.000216025,0.00021107
0.00021171,0.00019433,0.00023338,0.0002105,0.00020178
0.000217684,0.00019581,0.000252,0.000214715,0.00020939
0.000214778,0.00019378,0.00023713,0.000215185,0.00020662
0.000213421,0.00019668,0.00022898,0.00021212,0.00019975
0.00020985,0.00019519,0.00023199,0.00020562,0.00020113
0.000211946,0.00019204,0.00023816,0.000211605,0.00019598
0.000214395,0.00019361,0.0002458,0.000209345,0.00020363
0.000211704,0.00019458,0.00022992,0.00021223,0.00020333
0.000221529,0.00020298,0.00024235,0.00022031,0.00020409
0.000209001,0.00019212,0.00022835,0.00020756,0.00019793
0.000219835,0.00019286,0.00025929,0.0002132,0.00020353
0.000206234,0.00019355,0.0002249,0.000204255,0.00019797
0.000219134,0.00019794,0.00024669,0.000216535,0.00020878
0.000210731,0.00019472,0.00022993,0.00020957,0.00020385
0.000214844,0.00019249,0.00023527,0.00021574,0.00019512
0.000212079,0.00019441,0.00024166,0.000208245,0.00020347
0.0002144,0.00019393,0.00023679,0.000215125,0.00019606
0.000210322,0.00019334,0.00023201,0.00020598,0.00019957
0.0002084,0.00019167,0.00022779,0.000208725,0.00019529
0.000221665,0.00020458,0.00024798,0.00021902,0.00020458
0.000219114,0.00019942,0.00023973,0.000218485,0.00020059
0.00021839,0.00019147,0.00024942,0.000213495,0.00019932
0.000210586,0.0001983,0.00022495,0.000209275,0.00019942
0.000215494,0.0001978,0.00023993,0.000212475,0.0001978
0.000208605,0.00019454,0.00022694,0.00020611,0.00020216
0.000215484,0.00019611,0.00024077,0.000213995,0.0002056
0.00021004,0.00019337,0.00023169,0.00020784,0.00020564
0.000211689,0.00019379,0.00023521,0.00020994,0.00020123
0.000214574,0.00019552,0.00024027,0.000210955,0.00020635
0.000211838,0.00019275,0.00023497,0.000211,0.00019917
0.000218967,0.00019534,0.00024282,0.000215765,0.00021082
0.000213459,0.00019493,0.00023374,0.00021227,0.00020171
0.000215249,0.00019671,0.00024298,0.00021293,0.00020299
0.00021008,0.00019199,0.00023344,0.0002087,0.00020431
0.00021331,0.00018943,0.00023962,0.000209685,0.00019661
0.00020946,0.00019138,0.00023102,0.000207325,0.00020497
0.000212755,0.00019348,0.00023481,0.000211145,0.00020142
0.000211116,0.00019445,0.00023104,0.00020781,0.00020548
0.000213101,0.00019247,0.00023236,0.00021342,0.00020528
0.000215783,0.00018939,0.00024979,0.00021025,0.00021003
0.000210065,0.00019153,0.00022308,0.000211315,0.00019987
0.000220262,0.0001971,0.00025834,0.000213335,0.00020151
0.00021033,0.00019311,0.00022946,0.00020998,0.00020244
0.000217985,0.00019406,0.0002461,0.000215015,0.00020758
0.000207044,0.00019505,0.0002235,0.000205715,0.00020075
0.000216366,0.00019638,0.00023547,0.000214855,0.00021084
0.000208975,0.0001956,0.00023036,0.000204645,0.00020201
0.000212561,0.00019289,0.0002356,0.000212765,0.00020274
0.000211881,0.00019008,0.00024044,0.000207705,0.00020107
0.000223048,0.000215,0.000235,0.000222275,0.00021659
0.000216094,0.00019411,0.00024084,0.00021239,0.00020832
0.000209419,0.00019016,0.00022941,0.000207885,0.00019669
0.000219785,0.00019649,0.00025709,0.00021465,0.00020438
0.00020807,0.00019369,0.00023218,0.000205485,0.0001998
0.000221433,0.00020158,0.00024957,0.00021796,0.00020666
0.00020868,0.00019152,0.00023382,0.000205875,0.00019769
0.000217621,0.00019454,0.00024906,0.000211095,0.00019673
0.000214366,0.00019231,0.00024085,0.00021215,0.00020054
0.000213394,0.00019357,0.00023491,0.00021167,0.00019615
0.000211398,0.00019783,0.0002304,0.000207055,0.00019977
0.00021361,0.00019794,0.00023421,0.0002131,0.00020359
0.000221345,0.00019955,0.00025047,0.00021814,0.00020341
0.000209932,0.00019023,0.00022935,0.0002097,0.00019467
0.000218709,0.0001931,0.00025625,0.000218165,0.00021322
0.00021072,0.00019112,0.00023523,0.00021098,0.00020337
0.000216632,0.00019525,0.00024927,0.00021441,0.00021048
0.00020956,0.00019283,0.00023264,0.000206675,0.0002024
0.000213365,0.0001951,0.00024248,0.000209935,0.00019728
0.000209596,0.00019045,0.0002369,0.000204495,0.00020325
0.000209444,0.00019501,0.00022392,0.00020928,0.00019731
0.000216903,0.00019541,0.00023802,0.000216885,0.00020565
0.000205731,0.00018967,0.00022293,0.000205235,0.00019246
0.000222135,0.00020608,0.0002468,0.000217195,0.00020608
0.000206095,0.00019123,0.00022243,0.000205045,0.00019803
0.000221105,0.00019593,0.00025881,0.00021909,0.00020773
0.000205885,0.00019191,0.00022093,0.000204365,0.00019898
0.000216896,0.00019536,0.00024427,0.000213995,0.00020607
0.00020735,0.00019469,0.00022937,0.000202325,0.0001997
0.000213756,0.00019223,0.00023372,0.00021257,0.00019771
0.000209413,0.00019395,0.00023088,0.000205915,0.00020287
0.00021202,0.00019343,0.00023664,0.000211545,0.00019406
0.000212745,0.00019021,0.00024005,0.00020891,0.00020321
0.000213519,0.00019906,0.00022802,0.00021263,0.00020313
0.000215075,0.00019418,0.00023925,0.000211255,0.00020195
0.000210609,0.00019283,0.00022849,0.000209755,0.00019897
0.00021929,0.00019988,0.00024824,0.000217235,0.00020184
0.000209904,0.00019233,0.00022939,0.000209425,0.00020262
0.000214941,0.00019419,0.00024102,0.000212075,0.00020179
0.000211944,0.00020004,0.00022934,0.00020956,0.00020765
0.000214105,0.00019279,0.00023278,0.000214105,0.0001959
0.000210529,0.00019291,0.00022816,0.00020989,0.0002053
0.00021244,0.00019348,0.00023746,0.00020992,0.00019764
0.00021853,0.00019612,0.00024567,0.00021619,0.00020711
0.000211684,0.00019329,0.00023142,0.000212125,0.00019908
0.000216593,0.00019739,0.00025181,0.000210995,0.00020118
0.000210541,0.00019167,0.00022831,0.00021099,0.00019972
0.00021895,0.00020138,0.00024532,0.00021605,0.00020879
0.000211484,0.00019174,0.00023059,0.00021241,0.00020289
0.000215176,0.00019424,0.00024303,0.0002114,0.00019809
0.000215109,0.00020046,0.00023731,0.000210705,0.00020392
0.000213756,0.00019441,0.00023726,0.00021224,0.00020177
0.000211855,0.00018912,0.00023932,0.000207425,0.00020455
0.000213418,0.00019559,0.00023118,0.000211555,0.00020505
0.000220456,0.00020486,0.00023675,0.000219115,0.00020486
0.000216239,0.00019193,0.00024104,0.00021665,0.00019759
0.000219099,0.000195,0.00024585,0.00021367,0.00019941
0.00021551,0.00019762,0.00023596,0.00021462,0.0002036
0.000219461,0.00019661,0.00025598,0.00021499,0.00020074
0.000207549,0.0001941,0.00022168,0.000205575,0.00019658
0.000214291,0.00019464,0.00023487,0.00021173,0.00020237
0.000208569,0.00019275,0.0002271,0.000206345,0.0001995
0.000212645,0.00019354,0.00023004,0.00021164,0.00019606
0.000218255,0.00019254,0.00024327,0.00021885,0.00020221
0.00020932,0.00019065,0.00022606,0.000210965,0.00020055
0.000217645,0.0001943,0.00025015,0.00021473,0.00020751
0.000207879,0.00019532,0.00021981,0.000209645,0.0002026
0.00022074,0.00019626,0.00024862,0.000219525,0.00020242
0.000207163,0.00019301,0.00022112,0.000207,0.00019574
0.000216955,0.0001963,0.00024592,0.000214505,0.00019885
0.000212641,0.00019459,0.00022994,0.000213325,0.00020223
0.000216299,0.00019455,0.00024023,0.00021654,0.00019455
0.000209706,0.00019338,0.00023345,0.00020636,0.00020257
0.000215929,0.00019326,0.00023987,0.000215055,0.0001973
0.000210722,0.00019081,0.00023662,0.000206655,0.00020674
0.00021392,0.00019395,0.00023583,0.000213385,0.00020086
0.000216626,0.00019812,0.00023917,0.0002107,0.00020235
0.000209873,0.00019293,0.00023132,0.00020993,0.00019788
0.000215876,0.00019497,0.00024176,0.000211635,0.00020349
0.000209463,0.00019376,0.00023304,0.000205965,0.00020201
0.000216649,0.00019227,0.00024696,0.000211865,0.0002013
0.000209589,0.00019573,0.00022818,0.000207605,0.00020575
0.000215136,0.00019558,0.00024249,0.00021458,0.00020688
0.000214565,0.00020217,0.00023676,0.000210085,0.00020792
0.00021262,0.00019292,0.00023427,0.00021161,0.0001951
0.000215409,0.00019691,0.00024024,0.00021266,0.00020759
0.000212429,0.00019833,0.00022999,0.0002123,0.00019833
0.000218015,0.00019601,0.00025456,0.00021263,0.0002086
0.000212771,0.00020218,0.00022297,0.00021278,0.00020585
0.000221989,0.00020412,0.00024883,0.000216725,0.00020865
0.000206652,0.00019153,0.00022209,0.000207385,0.00019979
0.000217115,0.00019562,0.00024164,0.000214365,0.00020703
0.00020607,0.00019212,0.00022124,0.00020545,0.00020146
0.00021552,0.00019705,0.00023468,0.000214765,0.00020219
0.000206534,0.0001925,0.00023143,0.000201325,0.00019358
0.000216034,0.00019774,0.00023246,0.0002166,0.00020371
0.000220296,0.00020238,0.00024586,0.000218655,0.00020307
0.000210804,0.00019002,0.00023466,0.00020982,0.00019711
0.000218612,0.00019803,0.00024541,0.000214875,0.00019803
0.000207801,0.00019227,0.00022659,0.000206935,0.0002001
0.000220586,0.00019746,0.00024512,0.000221265,0.00021297
0.00020792,0.00019565,0.0002234,0.0002056,0.00019627
0.000215478,0.00019426,0.00024646,0.000214255,0.00020633
0.00020652,0.00019204,0.00022715,0.000204265,0.00020264
0.000217396,0.00019815,0.00024231,0.000214355,0.00020005
0.000210736,0.00019501,0.00023281,0.00020831,0.00020546
0.000213771,0.00019245,0.00023244,0.000213625,0.00019803
0.000213527,0.00019276,0.00024535,0.000207745,0.00019953
0.000209482,0.00019444,0.00022482,0.000209145,0.00019617
0.000217585,0.0001961,0.00024605,0.00021378,0.00020388
0.000210456,0.00019172,0.0002315,0.000209015,0.00019931
0.00021551,0.00019349,0.00024263,0.000213185,0.00020113
0.000211669,0.00019557,0.00023657,0.00020875,0.00020394
0.000214325,0.0001928,0.00023883,0.000210965,0.00019865
0.000209906,0.00019329,0.0002334,0.00020673,0.00020038
0.000217107,0.00020514,0.00023463,0.000214125,0.00020587
0.000213789,0.00020098,0.00023734,0.00020759,0.00020098
0.000213638,0.00019395,0.0002349,0.00021341,0.00020051
0.000217087,0.00019374,0.00024937,0.00021241,0.00020145
0.000208784,0.00019504,0.00022594,0.00020721,0.00019504
0.000216206,0.00019696,0.00024444,0.000212095,0.00020281
0.000210196,0.00019229,0.00023032,0.00020938,0.00019872
0.000217975,0.00019559,0.00025155,0.00021482,0.0002099
0.000207907,0.00019531,0.00022544,0.00020676,0.00020313
0.000216676,0.00019374,0.00024589,0.000215495,0.0002077
0.000208234,0.00019262,0.00023078,0.00020604,0.0002031
0.000211593,0.00019212,0.00023919,0.000209345,0.00020228
0.000212201,0.00019311,0.00023854,0.000208885,0.00020385
0.000211577,0.00019371,0.000231,0.00021091,0.00019719
0.00021546,0.0001929,0.00024481,0.00021066,0.0002069
0.000217699,0.00020346,0.00023623,0.000217125,0.00020396
0.000219886,0.00019641,0.00025598,0.00021217,0.00020338
0.000205363,0.00019072,0.00022307,0.00020552,0.00019869
0.000226686,0.00020951,0.00025238,0.000221875,0.0002105
0.000209522,0.0001955,0.00023134,0.000205685,0.00020323
0.000216986,0.00019781,0.00024559,0.000215285,0.00020071
0.000216327,0.00020719,0.00023461,0.00021424,0.00021451
0.000215443,0.00020011,0.00023266,0.000215265,0.00020011
0.0002109,0.00019251,0.0002341,0.00020677,0.00020652
0.000212214,0.00019284,0.00023507,0.000209595,0.00019447
0.000214848,0.00019994,0.00024405,0.00020971,0.00020207
0.00020944,0.00019325,0.00023292,0.00020799,0.00019837
0.000218164,0.00019614,0.00025549,0.00021197,0.00020683
0.000210167,0.00019121,0.00023134,0.000210675,0.00020221
0.000221651,0.00019516,0.0002518,0.000221665,0.0002079
0.000208344,0.00019437,0.00022154,0.000207965,0.00019962
0.000214891,0.00019701,0.00024384,0.00021225,0.00020737
0.000211948,0.00019337,0.00023707,0.000209535,0.00021089
0.000211176,0.00019199,0.00023141,0.000211515,0.00019577
0.00021431,0.0001928,0.00024154,0.00020999,0.00020358
0.000215062,0.00020001,0.00023391,0.00021262,0.00020001
0.000223066,0.00020221,0.00024659,0.000219245,0.0002147
0.000215115,0.0002015,0.00023437,0.00021162,0.0002015
0.000218388,0.00019703,0.0002452,0.000215955,0.00019703
0.000214784,0.0002032,0.00023641,0.00020888,0.00020601
0.000216895,0.0001986,0.00023749,0.000214015,0.0001986
0.000220534,0.00020268,0.00024492,0.0002193,0.00020722
0.000218849,0.00020563,0.00023605,0.00021723,0.00020914
0.00023181,0.0002016,0.00029,0.00021769,0.00020535
0.000212942,0.00020259,0.00022814,0.000212525,0.0002039
0.000220741,0.00019682,0.00024547,0.00021897,0.00019682
0.000209496,0.00019557,0.00022555,0.00020788,0.00019557
0.000234493,0.00021083,0.00025353,0.000239555,0.00024384
0.000208414,0.00019622,0.00022079,0.00020769,0.00020485
0.00022333,0.00020357,0.00024562,0.00022207,0.00020489
0.000210289,0.00019953,0.00022912,0.000206965,0.00020311
0.000220881,0.00021089,0.00023256,0.00021938,0.00021426
0.000213367,0.00019644,0.00023437,0.000210495,0.00019644
0.000213597,0.00019498,0.00023427,0.000213005,0.00019498
0.000218351,0.00019787,0.0002482,0.0002146,0.00019806
0.000220385,0.00020609,0.00023597,0.000219605,0.00021048
0.000222862,0.00020253,0.00026201,0.00021752,0.00020406
0.000210179,0.00019837,0.00022669,0.00020906,0.00019837
0.000222925,0.00020098,0.00025165,0.000220215,0.00020272
0.000209713,0.00019372,0.00022729,0.00020787,0.00020502
0.000222374,0.00020548,0.00024269,0.000221165,0.00020851
0.00021002,0.0001955,0.00023104,0.000206435,0.00020547
0.000214825,0.00019608,0.00023692,0.00021157,0.00019608
0.000217901,0.0002061,0.0002437,0.00021285,0.0002061
0.000221888,0.00021055,0.00023552,0.000220875,0.00021702
0.000230661,0.00020199,0.00027763,0.00022104,0.00020294
0.000217343,0.00019928,0.00024092,0.00021467,0.00019928
0.00021939,0.00019973,0.00025585,0.00021368,0.00020305
0.00021151,0.0001987,0.00022868,0.000209285,0.00020418
0.000219312,0.00020356,0.00024624,0.00021732,0.00020356
0.000219922,0.00019753,0.00028619,0.00020587,0.00020447
0.000223696,0.00021179,0.00023353,0.000223895,0.0002217
0.000214724,0.00020664,0.00023331,0.00021037,0.00020965
0.000224046,0.0001944,0.00027009,0.00021318,0.00020043
0.000215716,0.00019992,0.0002427,0.000211565,0.00020089
0.000214998,0.00020625,0.00022186,0.00021661,0.00020901
0.000220488,0.00020159,0.00024536,0.000216135,0.00020395
0.000212058,0.00019437,0.0002308,0.00021137,0.00020067
0.00022447,0.00020552,0.00025366,0.000220865,0.00020552
0.000211501,0.00019886,0.00022532,0.000207955,0.00019886
0.000226414,0.00020921,0.00024964,0.00022472,0.00021015
0.000207774,0.00019371,0.00022653,0.000204255,0.0001988
0.000219131,0.00020334,0.00023863,0.000215195,0.00020565
0.000211391,0.00020262,0.00022489,0.00020828,0.00020262
0.000216503,0.0001984,0.00023857,0.00021498,0.00020096
0.000216537,0.00020487,0.00024561,0.00021056,0.00020535
0.000212136,0.0001953,0.00023014,0.00021235,0.00020123
0.00022241,0.00020382,0.00025846,0.0002151,0.00020744
0.00021722,0.00020046,0.00023727,0.00021586,0.00020507
0.000223141,0.00020086,0.00025699,0.00021708,0.00020799
0.000208837,0.00019402,0.00022254,0.00020842,0.00019856
0.000220991,0.00019953,0.00024149,0.000218,0.00020594
0.000210731,0.00019537,0.00022944,0.000209255,0.00019814
0.000215275,0.00019634,0.00023818,0.00021335,0.00019667
0.000216292,0.00020141,0.00024367,0.00020966,0.00020514
0.000219941,0.00020871,0.00023243,0.000219855,0.00021278
0.000217564,0.00020119,0.00023854,0.00021554,0.00020337
0.000211551,0.00019265,0.00023215,0.00020989,0.00019265
0.000216852,0.00019899,0.00024242,0.00021212,0.00020183
0.000221849,0.00020685,0.00024091,0.00022072,0.00021019
0.000218954,0.0002003,0.00025222,0.000215535,0.00020802
0.000209284,0.00019489,0.00022702,0.00020623,0.0002005
0.000218743,0.00019929,0.00024629,0.00021775,0.00019985
0.00021009,0.00019508,0.00023301,0.000206125,0.00020343
0.000216413,0.00019701,0.00023744,0.000213655,0.00019701
0.00021761,0.00020202,0.00024316,0.000212485,0.00020202
0.000220026,0.00019902,0.00023939,0.000219495,0.00020537
0.000221104,0.0002017,0.00024585,0.00021855,0.00020204
0.00021352,0.0001939,0.00023619,0.000212355,0.00020088
0.000222844,0.00020127,0.00025325,0.00021923,0.00020127
0.00020902,0.00018973,0.00022889,0.00020678,0.00019698
0.000222213,0.00020079,0.00025132,0.00021872,0.00021024
0.000213535,0.00019405,0.0002353,0.00021112,0.00020246
0.000217767,0.00019635,0.00024192,0.000217615,0.00020413
0.000209,0.00019116,0.00023462,0.000203605,0.00020338
0.000217859,0.00019942,0.00023682,0.00021698,0.00020841
0.000216155,0.00020218,0.00023819,0.00021185,0.00020218
0.00021212,0.00019579,0.00023219,0.00020881,0.00019579
0.000217811,0.00019707,0.00024754,0.000214845,0.00020224
0.000219651,0.00020477,0.00023608,0.000218805,0.00020691
0.000225935,0.00020685,0.00025669,0.000220475,0.00020685
0.000214499,0.00020282,0.00022769,0.000214545,0.00020583
0.000215726,0.00019453,0.00024217,0.00021243,0.00019614
0.000208957,0.00019333,0.00022659,0.000207935,0.00020035
0.00022369,0.00020671,0.00024771,0.00021953,0.00020837
0.000211661,0.00019681,0.00023558,0.000207865,0.00020894
0.000222306,0.00020836,0.00024235,0.000222455,0.00021198
0.000213246,0.00019533,0.00024522,0.00020805,0.00020731
0.000214276,0.00019513,0.000234,0.000214695,0.00019871
0.000266573,0.00021884,0.00031092,0.00027148,0.00029705
0.000217095,0.00020607,0.00022444,0.000218985,0.00021858
0.00025553,0.00020647,0.00036344,0.000224265,0.00020647
0.000212165,0.000198,0.00022815,0.000209645,0.000198
0.000218886,0.00019978,0.00023932,0.000213475,0.0002008
0.000216063,0.00019234,0.00024155,0.00021427,0.00020179
0.000215014,0.00019924,0.00023657,0.0002128,0.00020273
0.000215462,0.00020453,0.0002401,0.000209545,0.00020453
0.000213284,0.0001959,0.00023302,0.000210905,0.00019629
0.00021884,0.00020231,0.00024146,0.000216,0.000206
0.000211116,0.00019768,0.00022751,0.000209695,0.00020347
0.000219855,0.00019755,0.00025527,0.000216075,0.00019755
0.000208494,0.00019224,0.00022553,0.000208805,0.00019809
0.000221008,0.00019749,0.00025268,0.000214795,0.00020694
0.000207009,0.00019384,0.00022194,0.00020549,0.00019545
0.000222404,0.0002034,0.00024801,0.00021754,0.0002034
0.000206886,0.00019115,0.00022731,0.00020475,0.00020263
0.000217999,0.00020116,0.00024107,0.00021567,0.00020405
0.000211823,0.0002033,0.00023203,0.000206755,0.00020568
0.000215135,0.00019818,0.00023666,0.000214585,0.00020485
0.000217176,0.00020027,0.00024415,0.00021257,0.00020027
0.000209564,0.0001922,0.00022748,0.000209,0.00019489
0.000220321,0.00020145,0.00025364,0.00021665,0.00020145
0.000220959,0.00020502,0.00024,0.000219395,0.00020864
0.000222126,0.00020033,0.00025519,0.00021847,0.00020804
0.000209068,0.00019376,0.0002291,0.00020637,0.00019891
0.000218145,0.00019452,0.00024883,0.000215875,0.0002028
0.00020939,0.00019632,0.00023007,0.00020696,0.00020603
0.000219428,0.00020047,0.00023734,0.000219835,0.00020338
0.000244191,0.00020872,0.00032833,0.00022222,0.00031956
0.000227443,0.0002224,0.00023412,0.000226965,0.00022392
0.00021733,0.00019679,0.0002425,0.000216,0.00019679
0.000219441,0.00020935,0.00023421,0.00021849,0.00021333
0.00022048,0.00019676,0.00025829,0.00021831,0.00020447
0.000213066,0.0001971,0.00023367,0.00021139,0.00019801
0.000220109,0.00020001,0.00024966,0.00021471,0.00020042
0.000212825,0.00019845,0.00023497,0.00020846,0.00020316
0.000220611,0.00020444,0.00024414,0.00021653,0.00020597
0.000211365,0.00019198,0.00023751,0.00020726,0.00020725
0.000220772,0.00020678,0.0002402,0.00021666,0.00020854
0.000223894,0.0002067,0.00024274,0.00022383,0.00020886
0.000211437,0.00019257,0.00023207,0.000210845,0.0001937
0.000220907,0.00020611,0.0002445,0.000211355,0.00020611
0.000213771,0.00019568,0.000235,0.00021248,0.00019568
0.000226867,0.00019792,0.00025856,0.00022583,0.00019792
0.000212141,0.00019707,0.00023138,0.00021056,0.00019846
0.00022508,0.0002081,0.00025157,0.000220665,0.0002128
0.000214411,0.00020527,0.00023217,0.000209995,0.00020881
0.000220113,0.00019955,0.00024529,0.00021792,0.00020618
0.000208526,0.00019307,0.0002317,0.00020469,0.00020295
0.000218677,0.00019584,0.00024111,0.000217885,0.00020539
0.000210806,0.00019759,0.00023299,0.00020624,0.00019856
0.000218271,0.00020163,0.00023466,0.0002195,0.00020613
0.000217171,0.00019746,0.00024276,0.00021276,0.00020289
0.000210509,0.0001923,0.00023008,0.00021047,0.00019883
0.000222051,0.00020314,0.00025708,0.00021559,0.00020375
0.000211194,0.0001945,0.00023074,0.00020983,0.00020062
0.000223925,0.00020377,0.00024483,0.000220985,0.00020377
0.000210451,0.00019206,0.00023192,0.000209245,0.0001985
0.000216501,0.0001936,0.00023955,0.000216025,0.00019653
0.00020872,0.00019413,0.00023232,0.000204295,0.00020019
0.000214328,0.00019648,0.00023652,0.000210125,0.00019648
0.000213837,0.00019912,0.00023797,0.00021107,0.00019912
0.000223705,0.00021317,0.00023723,0.000222095,0.00021569
0.000216114,0.00020263,0.000245,0.000212565,0.00020681
0.00021224,0.0001948,0.0002303,0.000212725,0.0001953
0.000222385,0.00020177,0.00025199,0.000216875,0.00020379
0.000213095,0.00019485,0.00023156,0.0002118,0.00019796
0.000219952,0.00019957,0.00024405,0.000218295,0.00020526
0.000215475,0.00019088,0.00023585,0.00021665,0.00020684
0.000218111,0.00020333,0.00024002,0.000218165,0.00020655
0.00021549,0.00020521,0.00023677,0.000210045,0.00021099
0.000219023,0.00020268,0.00023818,0.000218675,0.00020578
0.000217522,0.00020348,0.00024612,0.00020908,0.00020552
0.000211904,0.00019413,0.00023132,0.000210985,0.00020261
0.000220319,0.0001976,0.00024969,0.000216845,0.00020043
0.000211531,0.00019402,0.00022989,0.000210565,0.00019402
0.000225434,0.00020129,0.00026245,0.000219955,0.00020129
0.000208891,0.00019521,0.00022694,0.000207025,0.00019777
0.000221853,0.0002047,0.00024423,0.000220755,0.00020725
0.000215265,0.00019652,0.00023382,0.00021415,0.0002065
0.000220141,0.00020054,0.0002379,0.000221895,0.00020054
0.00021721,0.00019293,0.00023907,0.000217395,0.0002061
0.00021928,0.00020483,0.00023378,0.00021701,0.00021325
0.000216524,0.00020121,0.00024394,0.00021294,0.00020121
0.000211841,0.00019265,0.00023112,0.000211645,0.00019873
0.000226891,0.00020234,0.0002555,0.000222175,0.00020234
0.00020808,0.00019231,0.0002243,0.000208635,0.0001979
0.000221411,0.00019938,0.00025578,0.000217615,0.00020205
0.000208495,0.00019411,0.0002271,0.000205895,0.00020116
0.00021806,0.00019378,0.00024513,0.000215135,0.00020274
0.000207751,0.00019168,0.00022856,0.000205165,0.00020166
0.000216455,0.00019601,0.0002396,0.00021504,0.0002049
0.000209367,0.00019308,0.00023323,0.000206815,0.00019769
0.000214455,0.00019377,0.00023854,0.00021242,0.00020051
0.00021934,0.00020094,0.00024682,0.00021685,0.00020094
0.000212849,0.00019356,0.00023444,0.000213585,0.00019989
0.000217764,0.0001972,0.00025014,0.00021284,0.00020644
0.000216324,0.00020069,0.00023504,0.00021579,0.0002016
0.000221771,0.00019954,0.0002446,0.00021989,0.00019954
0.000207809,0.00019236,0.00022922,0.000203385,0.00019752
0.000221701,0.00020408,0.00024415,0.000218875,0.00020594
0.000212364,0.00019589,0.00023808,0.00020837,0.00020676
0.000213589,0.00019312,0.00023937,0.00021357,0.0002028
0.000216733,0.00020374,0.00024676,0.000210725,0.00020658
0.000214064,0.00019432,0.00023436,0.000214145,0.00019789
0.000219156,0.00020506,0.00024583,0.000214255,0.00020676
0.000209188,0.00019371,0.00022791,0.000209095,0.00020246
0.000220153,0.0002035,0.00024767,0.000216225,0.0002035
0.000208692,0.00019226,0.00022468,0.00020934,0.0001933
0.000221871,0.00020172,0.00024645,0.000216585,0.00020172
0.000207908,0.00019663,0.00022121,0.000205975,0.0002033
0.000218964,0.00020223,0.00024487,0.00021745,0.00020223
0.00020833,0.00019235,0.00022541,0.000206695,0.00020478
0.000215294,0.00019394,0.0002404,0.000211935,0.00019981
0.00021014,0.00019276,0.00023687,0.00020515,0.00019941
0.000218624,0.00020705,0.0002317,0.00021759,0.00021198
0.000219662,0.00019748,0.00024361,0.00021941,0.00020051
0.000220646,0.00019959,0.00024048,0.000221405,0.00020209
0.000221256,0.00020031,0.0002567,0.000216165,0.00020721
0.000210709,0.00019379,0.0002319,0.000208965,0.00019663
0.000220874,0.0001987,0.00024565,0.0002162,0.0001987
0.00021037,0.00019368,0.00023011,0.000208485,0.00020941
0.000219829,0.00020376,0.00024567,0.000218875,0.00020473
0.000208871,0.00020009,0.00022652,0.000203805,0.00020361
0.000215226,0.00019251,0.00023867,0.00021382,0.00019696
0.00020894,0.00019396,0.0002318,0.000204635,0.00019396
0.000209839,0.00019137,0.00023039,0.00020949,0.00019241
0.000218588,0.00019748,0.00024883,0.00021463,0.0001983
0.000213498,0.00019502,0.00023298,0.00021242,0.00019502
0.000222135,0.00019769,0.0002489,0.000216285,0.00019769
0.000209143,0.00019298,0.00022686,0.00020721,0.00019816
0.000221104,0.00020045,0.00024822,0.00021627,0.00020045
0.000210449,0.00019385,0.00022924,0.000208455,0.0002053
0.000219103,0.00020344,0.00023442,0.000219065,0.00020538
0.00020917,0.00019306,0.00023449,0.00020498,0.00019951
0.000215438,0.00019804,0.00023384,0.000214815,0.00019804
0.000219989,0.00020099,0.0002482,0.00021643,0.00020099
0.000210136,0.000195,0.00022955,0.000210445,0.00020123
0.000220276,0.00019644,0.00025917,0.00021303,0.00020724
0.000208671,0.00019338,0.00022915,0.00020816,0.00019475
0.000221341,0.00019694,0.00025205,0.00021717,0.0002071
0.000208014,0.00019057,0.00022643,0.00020662,0.00019477
0.000221685,0.0002043,0.00024895,0.000215725,0.00020443
0.000207731,0.00019569,0.00022442,0.00020448,0.00020221
0.000218863,0.00019601,0.00024394,0.00021667,0.00020436
0.000212621,0.00020278,0.00022805,0.000208395,0.00020699
0.000213751,0.00019379,0.00023661,0.00021158,0.00019973
0.000213145,0.00019299,0.00024455,0.00021016,0.00019484
0.000212491,0.00019566,0.00022997,0.00021182,0.00019888
0.000219679,0.00020297,0.00024677,0.00021618,0.00020683
0.00020935,0.00019258,0.00022462,0.00020865,0.00019855
0.000227464,0.00020716,0.00025288,0.00022168,0.00020716
0.000211676,0.00019996,0.0002256,0.000210395,0.00020167
0.000215877,0.00019422,0.00023825,0.000212495,0.00019584
0.000209144,0.00019666,0.00023072,0.000204385,0.00020139
0.000217139,0.00019525,0.00024424,0.00021551,0.00019674
0.00021148,0.00019706,0.00023694,0.000205785,0.0002028
0.000220125,0.0002,0.0002414,0.00021956,0.0002029
0.000222924,0.00019677,0.00025461,0.00021929,0.00020044
0.000218106,0.00020764,0.00023082,0.000216225,0.00020764
0.000216129,0.00019483,0.00025145,0.00021109,0.00020297
0.00021486,0.00019952,0.00023285,0.00021201,0.00019952
0.000220069,0.0002034,0.00024395,0.00021484,0.0002034
0.00021437,0.0001998,0.00022969,0.00021247,0.00021121
0.000221233,0.00019789,0.00025292,0.000217075,0.00019789
0.000216261,0.00020325,0.0002325,0.000214595,0.00020537
0.000215237,0.00019718,0.00023601,0.00021316,0.00020072
0.00021657,0.00020569,0.00024273,0.00021049,0.0002073
0.000212356,0.00019303,0.00023273,0.000211875,0.00020184
0.000219925,0.00020013,0.00025039,0.000214925,0.00020013
0.000218393,0.00020402,0.0002351,0.00021672,0.0002081
0.000224571,0.00020187,0.00026472,0.000218395,0.00020978
0.000209229,0.00019243,0.00022856,0.00020738,0.0001974
0.000220914,0.00020027,0.00025134,0.000219815,0.00021112
0.000209075,0.00019453,0.00022596,0.00020707,0.0002032
0.000218013,0.00019874,0.0002457,0.000216265,0.00020716
0.000206196,0.00019095,0.00022619,0.00020334,0.000202
0.000213496,0.00019708,0.00023627,0.000209285,0.00019807
0.000219101,0.00018948,0.00024717,0.000219525,0.00020077
0.000208245,0.00018806,0.00023032,0.000207375,0.00019323
0.00021755,0.00020375,0.00024763,0.000210725,0.00020423
0.000218817,0.00020917,0.00023044,0.00021845,0.00021365
0.00022014,0.00020006,0.00025452,0.000214315,0.00020195
0.000210234,0.00019535,0.00023102,0.000208535,0.0001956
0.00022172,0.00020046,0.00024927,0.00021912,0.00020139
0.000208795,0.00019695,0.00022656,0.000206755,0.00020227
0.000223332,0.0002083,0.00024674,0.00021817,0.00021037
0.000208081,0.00019354,0.00023025,0.000203925,0.00020298
0.00021623,0.00019571,0.00023997,0.000215625,0.00019858
0.000217124,0.0001984,0.00023359,0.000216665,0.0001984
0.000211036,0.00019114,0.00023414,0.000210335,0.00019114
0.000216523,0.00019508,0.00024485,0.00021338,0.00019508
0.000214457,0.00019909,0.00023042,0.000213375,0.00019951
0.000217826,0.00019599,0.00025048,0.000214925,0.00020145
0.000213152,0.00019648,0.00023557,0.000211405,0.00020773
0.000219866,0.00019518,0.00024812,0.000218665,0.00020967
0.000211854,0.00019145,0.00023308,0.0002117,0.00020409
0.000217278,0.00019862,0.00024066,0.00021577,0.0002094
0.000214949,0.00020604,0.00023902,0.000207225,0.00020671
0.000214965,0.00020046,0.00023202,0.00021376,0.0002038
0.000223414,0.0002079,0.00024477,0.000220105,0.0002079
0.00021973,0.0002148,0.00022859,0.000218655,0.0002155
0.000217666,0.0001978,0.00025316,0.000211055,0.0001978
0.000210296,0.000193,0.00022716,0.000210965,0.00020123
0.000221131,0.00019897,0.00025322,0.000217185,0.00020682
0.00021216,0.00019692,0.00023149,0.000209135,0.00019863
0.000218105,0.00019456,0.00024395,0.000218325,0.00019673
0.000209236,0.00019969,0.00022229,0.00020711,0.0002032
0.000214993,0.00019524,0.00023769,0.00021293,0.00019593
0.000213239,0.00019851,0.00022989,0.000211755,0.00019851
0.00021518,0.00019766,0.00023598,0.0002149,0.00020491
0.000215426,0.00019987,0.00023706,0.000212505,0.00019987
0.00021245,0.00019382,0.00023292,0.000211035,0.00020284
0.000220995,0.00019686,0.00025513,0.00021757,0.00019686
0.000211206,0.00019106,0.00023454,0.000208875,0.00019475
0.00022341,0.00019478,0.00025245,0.00022089,0.00020436
0.000210475,0.00019258,0.00022904,0.000209005,0.00019584
0.000219234,0.00019387,0.00024927,0.000218085,0.00020938
0.000208161,0.00019218,0.00022637,0.0002054,0.00020543
0.000219027,0.00020217,0.00024312,0.000215235,0.00020703
0.000208986,0.000193,0.00023317,0.00020612,0.00020073
0.000215992,0.00019759,0.00024009,0.000213915,0.00019759
0.000213229,0.00019051,0.00023853,0.00021077,0.00020252
0.000211898,0.00019266,0.0002333,0.00021013,0.00019662
0.000221955,0.00020226,0.00024861,0.000216205,0.00020226
0.000210405,0.00019347,0.00023313,0.000208305,0.00019453
0.000218759,0.00019991,0.0002504,0.000214925,0.00020469
0.000215269,0.00020441,0.00023274,0.00021252,0.00020565
0.000220728,0.00020152,0.00024314,0.000220545,0.00020166
0.000215334,0.00018943,0.00023898,0.00021622,0.000204
0.00021664,0.00020224,0.00023476,0.00021385,0.00020224
0.000215978,0.00020509,0.00024192,0.00020982,0.000208
0.000213622,0.00019762,0.000233,0.000211865,0.0001998
0.000219813,0.0002027,0.00025278,0.00021537,0.00020477
0.000209301,0.00019074,0.00022696,0.000209405,0.00019876
0.000226804,0.0002025,0.0002527,0.000223515,0.0002025
0.000210297,0.00019735,0.00022821,0.0002084,0.00019735
0.00022224,0.00019753,0.00024705,0.0002193,0.00019753
0.000206374,0.00019048,0.00022514,0.00020586,0.00020108
0.000215746,0.00019599,0.00024432,0.000212755,0.0002051
0.00020981,0.00019503,0.00023071,0.000205675,0.00020508
0.000214625,0.00019217,0.00023649,0.000213985,0.0001997
0.000212371,0.00019993,0.00023399,0.00020722,0.00019993
0.000218357,0.00020916,0.00023251,0.000217825,0.00021128
0.000214949,0.00019426,0.00024359,0.00021068,0.00020066
0.000217287,0.00020607,0.00022794,0.000217265,0.00021423
0.000221414,0.0002005,0.00025044,0.00021708,0.00020433
0.000212176,0.00019771,0.00022686,0.00021306,0.00019929
0.00022105,0.00020312,0.00024826,0.00021901,0.00020312
0.000206257,0.00019084,0.0002231,0.00020325,0.00019849
0.00021749,0.00019208,0.00024634,0.00021315,0.00020174
0.000209585,0.00019665,0.00023004,0.00020587,0.00020623
0.000221222,0.00021116,0.00023243,0.000220055,0.00021227
0.000215297,0.00020295,0.00023853,0.00021107,0.00020295
0.000212381,0.00019341,0.00022781,0.000213925,0.00020015
0.000216954,0.00019567,0.00024833,0.00021395,0.00019567
0.000213533,0.00019559,0.00023612,0.0002129,0.00020043
0.000221779,0.00020362,0.00025101,0.000216435,0.00021222
0.000209575,0.00019258,0.00023134,0.000206475,0.00019987
0.000220398,0.00020323,0.00024481,0.000218325,0.00020323
0.000210586,0.00019235,0.00023247,0.000209265,0.00020737
0.000217374,0.00020195,0.00023399,0.00021557,0.00020309
0.000210215,0.00019536,0.00023482,0.00020546,0.00019956
0.00021576,0.00019323,0.00024084,0.000215475,0.00019636
0.000217338,0.00019942,0.00024113,0.00021381,0.00019942
0.000212435,0.00019342,0.00023368,0.000211405,0.00019342
0.00022059,0.00020021,0.00024927,0.000215915,0.00020021
0.000208976,0.00019191,0.00022654,0.000209755,0.00019802
0.000219815,0.00019572,0.00025576,0.000214905,0.00019879
0.000211732,0.000195,0.00023211,0.00020983,0.00019979
0.000219429,0.00020211,0.00024528,0.000214795,0.00020313
0.000207868,0.00019285,0.00022692,0.00020509,0.00020247
0.000224204,0.0002142,0.00023671,0.000222615,0.0002186
0.000210801,0.00019686,0.00022842,0.000208585,0.00019686
0.000213845,0.00019884,0.00023207,0.000211725,0.00019938
0.000217687,0.00020254,0.00024383,0.000212855,0.00020254
0.000219313,0.00019766,0.00023997,0.000219065,0.00019766
0.000222033,0.00020077,0.00025338,0.000218765,0.00020589
0.000211401,0.00019529,0.00023272,0.000211235,0.00019677
0.000221829,0.00019804,0.00025143,0.00021819,0.00020677
0.000208384,0.00019433,0.00022456,0.00020701,0.0002018
0.000216766,0.00019974,0.00023588,0.00021387,0.00020079
0.000218287,0.00019713,0.00024227,0.00021654,0.00020054
0.000221352,0.00020396,0.0002402,0.000220005,0.00020396
0.000207416,0.0001918,0.00023143,0.00020404,0.00020019
0.000211451,0.00019307,0.00023357,0.000208665,0.00019307
0.000215731,0.00019861,0.00024125,0.00020948,0.00020767
0.000214399,0.00019921,0.00023394,0.000212685,0.00019989
0.000219208,0.00020192,0.00025535,0.00021243,0.00020249
0.000221976,0.00021415,0.00023351,0.00021912,0.00021866
0.000219585,0.00019916,0.00024927,0.00021527,0.00019916
0.000210069,0.00019682,0.00022669,0.000208495,0.00020361
0.000215773,0.00019532,0.00024265,0.000212655,0.00019966
0.000211537,0.00019637,0.00023341,0.000208315,0.00020765
0.000211752,0.00018989,0.00023865,0.000208615,0.00019672
0.000219133,0.00019163,0.00024479,0.000219255,0.00020578
0.000213668,0.00019253,0.00024086,0.00020896,0.00019659
0.00021865,0.00019821,0.00025115,0.000215545,0.00021214
0.00020947,0.00019229,0.00022673,0.00020962,0.00019897
0.00022168,0.00019475,0.00024641,0.000217675,0.00020509
0.000206965,0.00019278,0.00022383,0.00020462,0.0001937
0.000221391,0.00020138,0.00024031,0.000218285,0.00020138
0.000207368,0.00019311,0.00022213,0.000206245,0.00019311
0.000217602,0.00020154,0.0002368,0.000213925,0.00020154
0.000210698,0.00019994,0.00023146,0.00020485,0.00019994
0.000212996,0.00019587,0.00023421,0.00020972,0.00019587
0.000209825,0.00019357,0.0002313,0.00020636,0.00020395
0.0002112,0.00019328,0.00023192,0.000210775,0.00019328
0.000219175,0.00019632,0.00025299,0.00021422,0.00020103
0.000210745,0.00019251,0.0002309,0.00020865,0.00019525
0.000223684,0.00020682,0.0002575,0.00021759,0.00020899
0.000213285,0.00019867,0.00023047,0.000212335,0.00020042
0.000223879,0.00020581,0.00024901,0.00022126,0.00020665
0.00020842,0.00018965,0.00023258,0.00020348,0.00019865
0.000221966,0.00020447,0.00024145,0.000222655,0.00020693
0.000208551,0.00019131,0.00023138,0.00020423,0.00020131
0.000223978,0.00021051,0.00024025,0.00022227,0.00021051
0.00021657,0.00020216,0.00024348,0.00021144,0.00020216
0.000213364,0.00019455,0.00023479,0.000213135,0.00019577
0.000214155,0.00019429,0.00024686,0.000209045,0.0002036
0.000213305,0.00019628,0.00023341,0.00021182,0.0002014
0.00022083,0.00019964,0.00025492,0.000214455,0.00020818
0.000209247,0.0001913,0.00022985,0.00020819,0.00020192
0.000219227,0.00020049,0.00025043,0.0002176,0.00021024
0.000212145,0.0002014,0.00023291,0.000206465,0.00020598
0.000214561,0.0001969,0.00023755,0.000213195,0.0001969
0.000221604,0.00020328,0.00025148,0.00021679,0.00020472
0.00021822,0.00020109,0.00023969,0.00021624,0.00020212
0.000219814,0.00019527,0.00025195,0.00021399,0.00020184
0.000212239,0.00019081,0.000237,0.000210785,0.00019762
0.000221814,0.00019936,0.00026021,0.00021643,0.00020695
0.000210585,0.00019689,0.00022818,0.000209755,0.00019689
0.000218782,0.00019607,0.00025094,0.000215505,0.00020098
0.00020764,0.00019027,0.00022473,0.00020698,0.00019807
0.000216307,0.00019427,0.00024442,0.00021291,0.00019643
0.000209646,0.00020087,0.00022314,0.000206285,0.0002035
0.000214814,0.00019504,0.00023625,0.000212555,0.00019504
0.000208514,0.00019442,0.0002319,0.0002031,0.00019899
0.000214475,0.00019676,0.00023438,0.000213295,0.00019676
0.000216501,0.00019918,0.00024359,0.000211855,0.00019918
0.00021054,0.00019447,0.00022612,0.00021066,0.0001973
0.000220837,0.00020409,0.00025142,0.00021647,0.00020512
0.000208991,0.0001932,0.00022433,0.00020862,0.00019419
0.000227245,0.00020294,0.00025269,0.00022534,0.00020294
0.000207007,0.00019348,0.00022258,0.000205885,0.00019658
0.000220458,0.0001961,0.00024658,0.00021815,0.00020629
0.000209933,0.0001946,0.0002275,0.00020781,0.00020493
0.00022087,0.00020325,0.00024044,0.000220245,0.00020797
0.000209496,0.00019176,0.00023396,0.000205765,0.00020364
0.000215134,0.00019483,0.00024171,0.00021293,0.00019483
0.000214859,0.00019952,0.00024423,0.000208665,0.00020232
0.000217951,0.0002029,0.00023599,0.00021538,0.00020789
0.000218115,0.00019868,0.00025372,0.000212135,0.00020675
0.00021163,0.00019268,0.00023035,0.000209975,0.00020298
0.000221649,0.00020025,0.00024479,0.00021969,0.00020375
0.000209859,0.00019421,0.00022976,0.000207195,0.00020219
0.000216741,0.00020078,0.00024262,0.000215435,0.00020598
0.000209619,0.00019436,0.00023359,0.000206345,0.00020455
0.000215205,0.00019534,0.00023806,0.000213515,0.00019556
0.000213715,0.00019688,0.0002456,0.00020801,0.00020235
0.000215381,0.00019794,0.00023209,0.00021541,0.00020558
0.000219624,0.00019894,0.00024553,0.00021615,0.00019894
0.000209735,0.00019529,0.00022593,0.00020923,0.0001979
0.000221628,0.00020247,0.00025324,0.000217675,0.00020518
0.000207142,0.00018992,0.0002243,0.000206785,0.0001944
0.000225559,0.00021305,0.00024515,0.00021975,0.00021367
0.0002074,0.00019459,0.00022153,0.0002043,0.00020158
0.000216116,0.00019589,0.00023547,0.000214585,0.00019994
0.000207196,0.00019184,0.00022717,0.00020504,0.00019184
0.000219721,0.00020337,0.0002402,0.000217625,0.00020743
0.000212806,0.00019628,0.00023545,0.00020965,0.00019875
0.000217043,0.00020133,0.00023441,0.000217105,0.00020345
0.000219161,0.00020017,0.0002511,0.000212675,0.00020487
0.000215764,0.00020204,0.00023085,0.000213945,0.00020593
0.000219116,0.00019621,0.00024724,0.00021472,0.00020186
0.000207911,0.00018967,0.00023026,0.00020584,0.00019708
0.000218715,0.00019769,0.00024919,0.000212235,0.00019949
0.000211802,0.00019229,0.00023397,0.000209605,0.00020146
0.000221266,0.00020192,0.00024757,0.000219135,0.00020655
0.000208225,0.0001918,0.00022909,0.000205235,0.00020424
0.00021405,0.00019421,0.00023391,0.00021311,0.00019421
0.000214169,0.00019483,0.00023992,0.000211885,0.00019483
0.000210916,0.00019137,0.00023476,0.00021099,0.00019382
0.000215087,0.00019993,0.0002494,0.00021044,0.00020774
0.000213104,0.00019433,0.00023661,0.00021161,0.00020022
0.000219608,0.00020191,0.00025117,0.00021657,0.0002034
0.000209163,0.0001906,0.0002282,0.000208445,0.00020218
0.000220054,0.00019974,0.00024612,0.000217875,0.00019974
0.000208606,0.00019198,0.00023383,0.00020506,0.00019846
0.000224169,0.00021178,0.00024215,0.00022104,0.00021349
0.000211154,0.00019128,0.00023618,0.000207365,0.00020646
0.000215215,0.00019948,0.00023477,0.00021478,0.00020234
0.000217551,0.00020373,0.00025074,0.00020862,0.00020828
0.000213318,0.00020004,0.00023017,0.00021235,0.00020411
0.000222136,0.00019827,0.00025745,0.000215345,0.00019827
0.000210754,0.00019332,0.00022799,0.000208395,0.00019332
0.000226842,0.00020771,0.00025146,0.000223525,0.00020968
0.000206849,0.00019197,0.00022454,0.00020362,0.00019234
0.000217248,0.00019525,0.0002481,0.00021653,0.00019685
0.000211595,0.00019961,0.00022658,0.00021114,0.00020094
0.000216906,0.000196,0.00023976,0.00021371,0.000196
0.000213165,0.00019903,0.00022957,0.000212275,0.00019903
0.000220814,0.00021034,0.0002357,0.00021988,0.00021189
0.000218589,0.00020464,0.000243,0.000212905,0.00020464
0.000218555,0.00021126,0.00022789,0.00021753,0.00021377
0.00021826,0.00019353,0.00024396,0.000216265,0.00019353
0.000210346,0.00019036,0.00023188,0.000210165,0.00019519
0.000223396,0.00020221,0.00025555,0.00021739,0.00020221
0.0002081,0.00019267,0.00022937,0.000205845,0.00019867
0.000221555,0.00020357,0.00024618,0.00021811,0.00020357
0.000209329,0.00019413,0.00022733,0.000206855,0.00020455
0.000216836,0.00019893,0.00024165,0.00021573,0.00020352
0.000214158,0.00020434,0.00023495,0.000208445,0.00020574
0.000212546,0.00019355,0.0002338,0.000209775,0.00019726
0.000215515,0.00019899,0.00023804,0.00021191,0.00020188
0.000212665,0.00019291,0.00023453,0.0002106,0.00019341
0.000216324,0.00019369,0.00025052,0.00020928,0.0001956
0.000210257,0.00019331,0.00023316,0.00020789,0.00020047
0.000219764,0.00019346,0.00025388,0.00021636,0.00020776
0.000212661,0.00019472,0.00023319,0.00021011,0.00020799
0.000215467,0.00019823,0.00024375,0.00021319,0.00019908
0.00021143,0.00019462,0.00023638,0.00020637,0.00020427
0.000215534,0.00020104,0.00023582,0.00021352,0.00020212
0.000216842,0.00020333,0.00024265,0.00020982,0.00020333
0.0002125,0.00019401,0.00023441,0.00021039,0.00019563
0.000218955,0.00019603,0.0002477,0.00021569,0.00019603
0.000209566,0.00019468,0.00022767,0.00020763,0.00019572
0.000223499,0.00019893,0.00025291,0.00022167,0.00019893
0.000212678,0.00019244,0.00023644,0.0002132,0.00019401
0.000221684,0.00019977,0.00025025,0.0002175,0.00019977
0.000209575,0.00019896,0.00022625,0.00020767,0.00020241
0.000219807,0.00020606,0.00024435,0.00021869,0.00020714
0.000207303,0.00018997,0.00022752,0.00020407,0.00020427
0.00021706,0.0001963,0.0002386,0.00021571,0.0001963
0.000215073,0.00020274,0.00023482,0.000210215,0.00020399
0.000214656,0.0002015,0.00023198,0.000213065,0.0002015
0.000216366,0.00019368,0.00024842,0.000211095,0.00019368
0.000222872,0.00021056,0.00023634,0.000222415,0.00022073
0.000219561,0.00019631,0.00025779,0.00021346,0.00020199
0.00020806,0.00019261,0.00022401,0.000207315,0.00019438
0.000221051,0.00020075,0.00025068,0.000217705,0.00020175
0.000213375,0.00020459,0.00022753,0.00021069,0.00020746
0.00022255,0.00020725,0.00024605,0.000220025,0.00020725
0.000218369,0.00019852,0.00024045,0.00021743,0.00019991
0.000217584,0.00020457,0.00023839,0.000216635,0.00020606
0.000212242,0.00019226,0.00024144,0.00020812,0.00019756
0.00021234,0.00019523,0.00023372,0.00021119,0.00019523
0.000219575,0.00020212,0.00024721,0.00021728,0.00020673
0.000215152,0.00019992,0.0002322,0.00021391,0.00020424
0.000218948,0.0001972,0.00025123,0.00021454,0.00020273
0.000213758,0.00019357,0.00023263,0.00021426,0.00019917
0.000220071,0.00019721,0.00024909,0.000215775,0.00020392
0.00021238,0.00020167,0.00023048,0.000206875,0.0002068
0.000217137,0.00020281,0.00023574,0.00021513,0.00020281
0.000213746,0.00020036,0.00023597,0.00020904,0.00020338
0.000213984,0.00019554,0.00023484,0.000213235,0.00019554
0.000214216,0.00019237,0.00024211,0.00020981,0.00020063
0.000213522,0.00020031,0.0002283,0.000212515,0.00020744
0.000218769,0.00019512,0.000255,0.00021254,0.00019851
0.00021012,0.00019381,0.00022654,0.00020928,0.00019922
0.000219328,0.0001964,0.0002474,0.00021789,0.0001964
0.00020849,0.00019641,0.0002284,0.00020542,0.00019675
0.000219719,0.00019907,0.0002466,0.000215355,0.00019907
0.000206704,0.00019272,0.00022451,0.000203025,0.00019824
0.000214615,0.00019455,0.00023784,0.00021242,0.00019455
0.000213293,0.00020108,0.00023146,0.0002093,0.00020108
0.000212055,0.00019512,0.00023039,0.00020932,0.00020229
0.000215464,0.00020265,0.00023898,0.000211285,0.00020265
0.000210066,0.00019266,0.00022394,0.00021119,0.00019977
0.000222526,0.00020002,0.00024463,0.00022244,0.00020002
0.000209462,0.00019168,0.00022941,0.00020739,0.00019724
0.000219995,0.00019391,0.00024998,0.00021932,0.00020815
0.000207921,0.0001923,0.00022315,0.00020585,0.00019988
0.000220315,0.00019624,0.00024787,0.00021868,0.00019788
0.000206344,0.00019385,0.00022471,0.000203855,0.00020301
0.000222138,0.00020357,0.00024644,0.00021973,0.00020768
0.000209503,0.00019418,0.00023168,0.000205515,0.00020385
0.000212892,0.00019598,0.00023196,0.000212885,0.00020207
0.000222491,0.00019894,0.00024935,0.00022004,0.00019894
0.000217576,0.00020466,0.00023161,0.000216705,0.00020988
0.000216398,0.0001966,0.00024342,0.000213625,0.0001966
0.000212965,0.00019541,0.00023247,0.000215885,0.00019716
0.00021988,0.00019917,0.00024967,0.000213065,0.00019917
0.000208454,0.0001909,0.00022891,0.00020639,0.00020211
0.000218717,0.00019778,0.00023939,0.000215745,0.00020637
0.000209934,0.00019245,0.00023514,0.00020617,0.00019979
0.000218951,0.00019972,0.00024103,0.00022003,0.00019972
0.000214898,0.00020259,0.00024532,0.00020839,0.00020391
0.000214061,0.00019734,0.00024015,0.000210955,0.00019736
0.0002207,0.00020484,0.00025373,0.00021309,0.0002086
0.000209541,0.00019362,0.00022774,0.00020968,0.00019511
0.000221615,0.00020084,0.00024505,0.000216365,0.00020084
0.000208721,0.0001933,0.00022883,0.000205715,0.00019437
0.000223398,0.00020162,0.00025657,0.00021706,0.00020162
0.00020647,0.00019366,0.00022646,0.000203935,0.00019542
0.000220146,0.00020196,0.00024117,0.00022151,0.00020262
0.000209715,0.00019637,0.00022922,0.000205455,0.0002063
0.000216901,0.00020045,0.00023542,0.000214785,0.00020104
0.000209251,0.00019278,0.00023622,0.00020392,0.00019607
0.000212839,0.00019416,0.00023344,0.0002115,0.00019416
0.000221501,0.0002046,0.00025074,0.000217445,0.0002046
0.00021268,0.00019197,0.00023402,0.00021238,0.00019915
0.000220556,0.00019944,0.00025611,0.00021705,0.00020425
0.000209644,0.00019373,0.00023095,0.000207675,0.00019539
0.000223052,0.00020067,0.00025213,0.0002188,0.00020067
0.000205883,0.0001906,0.00022169,0.000205125,0.00020204
0.000217556,0.00020117,0.00023706,0.00021542,0.00020117
0.000208356,0.00019442,0.00023254,0.000202845,0.00020141
0.000214508,0.00019427,0.00023637,0.000213815,0.00019477
0.000213916,0.00019755,0.0002373,0.00021002,0.00019755
0.000214841,0.00019325,0.00023824,0.0002142,0.00019995
0.000217455,0.00020336,0.00025101,0.0002113,0.00020685
0.000210779,0.00019246,0.00023346,0.00020838,0.00019786
0.000218919,0.00019915,0.00025096,0.000214265,0.00020753
0.0002087,0.00019092,0.00022615,0.00020647,0.00020177
0.000218379,0.00019723,0.00024972,0.000215195,0.00019978
0.000211444,0.0002019,0.00023012,0.000206735,0.00020467
0.00021742,0.00019822,0.00023697,0.000217985,0.00019822
0.000209616,0.00019322,0.00023535,0.000204225,0.00020449
0.00021635,0.00020212,0.00023103,0.00021502,0.00020212
0.000216005,0.00019692,0.00024113,0.000210605,0.00019692
0.000210728,0.0001936,0.0002287,0.000210195,0.0001981
0.000217097,0.00019845,0.0002423,0.00021473,0.00019887
0.000210795,0.00019281,0.00023015,0.000209435,0.00019281
0.000223298,0.00020199,0.00024778,0.00021871,0.00020199
0.000206418,0.00019181,0.00022252,0.00020509,0.00019989
0.000221892,0.00020758,0.00023673,0.000217505,0.00020967
0.000206178,0.0001937,0.0002244,0.00020346,0.00019601
0.000215082,0.00019894,0.00024013,0.000209665,0.00019901
0.000206405,0.00018917,0.0002274,0.00020385,0.00020374
0.000217485,0.00020295,0.00023359,0.00021555,0.00021077
0.000215933,0.00020072,0.00024441,0.000209285,0.00020072
0.000211835,0.0001903,0.00023304,0.000212145,0.00019618
0.000220511,0.00020179,0.00025265,0.00021383,0.00020578
0.000213665,0.00020032,0.00022971,0.000212245,0.00020667
0.000223515,0.00019941,0.00025397,0.00021963,0.00020959
0.000209852,0.00019429,0.00022862,0.00020827,0.0002032
0.000224425,0.00020743,0.00024451,0.00022383,0.00022087
0.000207436,0.00019625,0.00022751,0.000202885,0.00020368
0.000214766,0.00019313,0.00023799,0.000213945,0.00019701
0.000217663,0.00019554,0.00024415,0.00021529,0.0002016
0.00021813,0.00020578,0.00023378,0.00021578,0.00020578
0.000218781,0.00020396,0.00024667,0.00021124,0.00020794
0.000212415,0.00019184,0.00023238,0.00021142,0.00019452
0.000220171,0.00019794,0.00025449,0.000214555,0.00019794
0.000210216,0.00019172,0.0002302,0.000208885,0.00019923
0.00021966,0.00019759,0.00025209,0.000216335,0.0001989
0.000210264,0.00019231,0.00023149,0.0002093,0.00020346
0.00021549,0.00019813,0.00024392,0.000210215,0.0001989
0.000210808,0.00019621,0.00023336,0.000206905,0.00020778
0.000216906,0.00020093,0.00023679,0.000213125,0.00020448
0.000217376,0.00019369,0.00024134,0.000217835,0.00020221
0.000215358,0.00019273,0.00024011,0.000214385,0.00019604
0.000219484,0.00020303,0.00024153,0.00021768,0.00020501
0.000209009,0.00019294,0.00022858,0.000207395,0.00019294
0.000220668,0.00020102,0.00024317,0.000218755,0.00020102
0.000208038,0.00019363,0.0002268,0.00020721,0.00019366
0.000219705,0.00019906,0.00025091,0.000216495,0.00021008
0.000209285,0.00019602,0.00022345,0.000207645,0.00020376
0.000217064,0.00019542,0.00024588,0.000216095,0.00020652
0.000210126,0.00019215,0.00023451,0.00020529,0.00020425
0.000218557,0.00020196,0.00023998,0.00021518,0.00020857
0.000219249,0.00019325,0.00024139,0.00022067,0.00020009
0.000218049,0.00020861,0.00023043,0.00021601,0.00020861
0.00021936,0.00020544,0.00024909,0.000213295,0.00020544
0.000212266,0.00019708,0.00022833,0.00021007,0.00019708
0.000221442,0.00019856,0.00025749,0.00021491,0.0002044
0.000210337,0.00019226,0.00023028,0.000210825,0.00019491
0.000221177,0.00020253,0.00024965,0.000219515,0.00020253
0.000207819,0.00019175,0.00022998,0.00020537,0.00020197
0.00021338,0.00019309,0.00023743,0.00021041,0.00019671
0.000207935,0.00019274,0.00022946,0.000204715,0.00020117
0.000215724,0.00019649,0.00023535,0.000215065,0.00019871
0.000215069,0.00019745,0.00023979,0.000211965,0.00019745
0.000213862,0.00019258,0.00023593,0.000212515,0.00019953
0.000215798,0.00020075,0.00024179,0.000210535,0.00020154
0.000213614,0.00019517,0.00023511,0.000213535,0.00019629
0.000217162,0.00019445,0.00024216,0.000214585,0.00020333
0.000211509,0.00019678,0.0002308,0.000208355,0.00020317
0.000217583,0.00019423,0.00024413,0.000214285,0.0002008
0.000209551,0.00019544,0.00023116,0.000206095,0.00020373
0.000216604,0.00019986,0.000235,0.00021471,0.00019986
0.00020899,0.00019412,0.00023502,0.000203125,0.00019583
0.00021734,0.00020078,0.00023564,0.000216695,0.0002057
0.000218096,0.00020381,0.00024148,0.000212695,0.00020582
0.000212576,0.00019577,0.00023122,0.00021178,0.00019719
0.00021864,0.000194,0.00024886,0.000215815,0.000194
0.000208712,0.00019096,0.00022761,0.000208625,0.00019096
0.000223442,0.00020109,0.0002539,0.00021891,0.00020109
0.000208384,0.00019211,0.00022591,0.000206775,0.00019416
0.000218789,0.00020156,0.00024498,0.000216055,0.0002021
0.00021058,0.00020219,0.00022809,0.0002076,0.00020219
0.000216159,0.00019753,0.00024254,0.000215225,0.00020378
0.000210333,0.00019258,0.00023022,0.000206495,0.00020279
0.000212916,0.00019469,0.00023822,0.0002086,0.00019469
0.000214321,0.00020038,0.00024535,0.00020679,0.00020305
0.00020956,0.00019315,0.00022694,0.00021036,0.00019939
0.000218506,0.00020134,0.0002492,0.00021295,0.00020451
0.000211386,0.00019522,0.00022755,0.00021039,0.00019942
0.00022417,0.00020752,0.00024492,0.000218825,0.00020888
0.000209051,0.00019568,0.00022737,0.00020651,0.00019935
0.000218259,0.00019568,0.00024607,0.000212865,0.00020366
0.000208662,0.00018956,0.00023224,0.00020552,0.00020365
0.000217659,0.00020011,0.00023561,0.000215165,0.00020853
0.000209819,0.00019161,0.00023601,0.000206345,0.00020076
0.00021547,0.0001973,0.00023815,0.000213535,0.00020017
0.000214427,0.00019317,0.00024076,0.000210995,0.00020426
0.000217673,0.00019592,0.0002424,0.00021696,0.00019809
0.000217454,0.00019515,0.00025013,0.000211555,0.00020047
0.000211354,0.00019324,0.0002324,0.00020988,0.00020066
0.000218169,0.00019417,0.00025212,0.000213505,0.00020268
0.000209842,0.00019147,0.00023338,0.00020721,0.00020369
0.000219635,0.00019916,0.00025349,0.000215035,0.00019916
0.000213741,0.00020231,0.00023588,0.000208475,0.00020231
0.000218632,0.00020317,0.00024039,0.00021546,0.00020364
0.00021134,0.00019084,0.00024499,0.00020681,0.00020295
0.000211263,0.00019279,0.00023477,0.000211325,0.00019828
0.000217008,0.00019292,0.00024789,0.000213815,0.00021055
0.000210386,0.00019202,0.00022573,0.00021168,0.00020059
0.000224773,0.00020535,0.0002568,0.000219035,0.00020535
0.000208378,0.00018912,0.00022628,0.000207855,0.00019388
0.000223419,0.00020187,0.00025317,0.000219455,0.00020187
0.000213017,0.00019,0.00023465,0.000211585,0.00020303
0.000213468,0.00019095,0.00023535,0.00021335,0.00020071
0.000206841,0.00019318,0.00022996,0.00020207,0.00020062
0.00021386,0.0001951,0.00023689,0.00021078,0.0001951
0.000212496,0.00019862,0.00023457,0.00020749,0.00019862
0.000215925,0.00020165,0.00023206,0.00021556,0.00020482
0.000218711,0.00020231,0.00024197,0.000214265,0.00020231
0.000214176,0.00019406,0.00023499,0.00021311,0.00019406
0.000226419,0.00020333,0.00025423,0.000223955,0.00020333
0.000211862,0.0002018,0.00022326,0.000210145,0.00020285
0.00021791,0.00019661,0.00024543,0.00021184,0.00019961
0.000208956,0.00019559,0.00023191,0.000205145,0.0002014
0.000221674,0.00020321,0.00024508,0.00021823,0.00020399
0.000212925,0.00020001,0.00023163,0.000209075,0.00020001
0.000219384,0.00020365,0.00024023,0.0002165,0.00020523
0.000212441,0.00019589,0.00024071,0.00020891,0.00019727
0.000211616,0.00019153,0.00023452,0.000211235,0.000197
0.00021932,0.00020365,0.00024954,0.000212775,0.00020879
0.000218169,0.00020143,0.00023687,0.000218205,0.00020413
0.000219351,0.00019907,0.00025033,0.000214275,0.00020377
0.000209752,0.00019099,0.0002315,0.000208255,0.00020277
0.000218258,0.00019675,0.00024892,0.00021682,0.00020964
0.000208677,0.00019175,0.00023129,0.0002052,0.0002033
0.000212347,0.000195,0.00023235,0.00020841,0.00019574
0.00021238,0.00019595,0.00023728,0.000207885,0.00019595
0.00021567,0.00019748,0.0002385,0.00021598,0.00019748
0.000216665,0.00019876,0.00024877,0.0002108,0.00020592
0.000218627,0.00020289,0.00023892,0.000217275,0.00020387
0.000220639,0.00019818,0.00025036,0.000215265,0.00020779
0.000209646,0.00019157,0.00022812,0.00021035,0.0001973
0.000220664,0.000196,0.00025457,0.000216665,0.00020027
0.000209721,0.00019838,0.00022621,0.00020732,0.00020125
0.000229501,0.00021854,0.000243,0.000227025,0.00021919
0.000211933,0.00020294,0.00022691,0.000208955,0.00020294
0.00022032,0.00020121,0.00024435,0.000215785,0.00020121
0.000214245,0.00020293,0.00023248,0.000211525,0.00020293
0.000214893,0.00019758,0.00023639,0.00021406,0.0002005
0.00021388,0.00019714,0.00024395,0.000208255,0.000202
0.00021149,0.00019433,0.00023188,0.000210105,0.00019602
0.00022108,0.00020367,0.00025348,0.000216085,0.00020636
0.000212444,0.00020164,0.00022333,0.000211115,0.00020526
0.000218357,0.0001952,0.00024951,0.000214225,0.00020094
0.00021016,0.00019975,0.00022702,0.000206735,0.0002019
0.000221171,0.00019675,0.00024943,0.000219375,0.00019698
0.000208336,0.00019166,0.00022498,0.00020433,0.00020207
0.000223137,0.00020406,0.0002439,0.000223525,0.00020946
0.000209903,0.00019632,0.0002336,0.000204915,0.00020481
0.00021442,0.00019653,0.00023556,0.00021318,0.00019653
0.000223202,0.00020145,0.00024988,0.000220285,0.00020384
0.00021094,0.00019189,0.00023106,0.00021053,0.00019189
0.000221152,0.00020217,0.00025536,0.000213735,0.00020673
0.000211741,0.00019313,0.00023511,0.0002094,0.00019939
0.000219649,0.00019914,0.00024868,0.000216085,0.00020561
0.000208805,0.00019218,0.00023213,0.000206325,0.00020346
0.000219154,0.00019875,0.0002475,0.000215575,0.00020197
0.000208391,0.0001911,0.00023143,0.000203285,0.00020158
0.000213509,0.00019528,0.00023843,0.00021026,0.00019528
0.000215061,0.00019599,0.00024569,0.000210105,0.00021021
0.000213198,0.00019306,0.00023546,0.00021228,0.00020139
0.000219906,0.00020112,0.00025544,0.000214815,0.00020623
0.000212879,0.00020054,0.00022665,0.000211955,0.00020222
0.000222829,0.0002056,0.00024437,0.000220075,0.0002056
0.000210704,0.00019321,0.00023266,0.00020734,0.00019397
0.000221471,0.00020269,0.00024876,0.00021628,0.00020269
0.000209142,0.00019429,0.00022903,0.00020599,0.00019916
0.000216949,0.00019804,0.00024255,0.00021572,0.00020497
0.000209016,0.00019714,0.00022621,0.00020626,0.00020031
0.000220122,0.00020414,0.00024313,0.00021763,0.00020414
0.000209159,0.00019221,0.00023573,0.00020455,0.00020073
0.000209963,0.00019295,0.00022847,0.000210635,0.00019431
0.000220776,0.00020041,0.00024903,0.000215945,0.00020041
0.000211607,0.00019325,0.00023147,0.000211655,0.00020007
0.000222643,0.00020158,0.00025658,0.00021639,0.00020281
0.000210011,0.00019358,0.00023084,0.000207925,0.00019732
0.000222657,0.00020375,0.00024817,0.000221225,0.00020375
0.000208376,0.000193,0.00023144,0.000205775,0.00020216
0.00021578,0.00019376,0.00024281,0.000212365,0.00019958
0.000208809,0.00019537,0.0002304,0.00020502,0.0002061
0.000215059,0.00019696,0.00023797,0.00021408,0.00019696
0.000212739,0.0001942,0.00024134,0.00020714,0.00020304
0.000216202,0.00019948,0.00023257,0.00021613,0.00020482
0.000217547,0.00019954,0.00024663,0.00021279,0.00020098
0.000212587,0.00019764,0.00023252,0.000209895,0.00019782
0.00021735,0.00019649,0.00024181,0.000212095,0.00020614
0.000209695,0.00019632,0.00022638,0.000207695,0.00019788
0.000219784,0.00020214,0.00024433,0.000218325,0.00020214
0.000208574,0.00019206,0.00022554,0.00020621,0.00020592
0.000212678,0.00019403,0.00023021,0.00021256,0.00019656
0.000209182,0.00019154,0.00023557,0.000204415,0.00020254
0.000209744,0.0001934,0.00023088,0.000207855,0.00019414
0.000214342,0.0001978,0.00023971,0.00020982,0.00020169
0.000211099,0.00019381,0.00023082,0.000210595,0.00019392
0.000220694,0.00020019,0.00025134,0.00021585,0.00020019
0.000211634,0.00019158,0.00023227,0.000210485,0.00019719
0.000220406,0.00019856,0.00025491,0.00021862,0.00019909
0.000209007,0.00019122,0.00022597,0.0002093,0.00019221
0.000220511,0.00019585,0.00024835,0.000218,0.00019585
0.000207696,0.00019971,0.00022393,0.000205095,0.00020266
0.000212636,0.00019234,0.00024092,0.000210325,0.00019841
0.000217836,0.00020975,0.00023205,0.00021405,0.00021695
0.000210439,0.00019334,0.00023236,0.00020771,0.00019376
0.000223289,0.00021475,0.00024167,0.000218835,0.0002181
0.000209115,0.00019188,0.00022769,0.000208155,0.00019685
0.000220878,0.00020243,0.00024701,0.00021356,0.00020243
0.000207811,0.00019034,0.0002269,0.00020652,0.00019034
0.000223767,0.00020609,0.00024153,0.000219465,0.00020609
0.000208628,0.00019414,0.00022909,0.00020674,0.00019819
0.000221645,0.00020463,0.00024647,0.000218575,0.00020463
0.000211094,0.00020146,0.00023293,0.00020544,0.00020146
0.000222992,0.00020911,0.00024421,0.000220455,0.00020969
0.000209576,0.00019492,0.00023319,0.00020616,0.00020271
0.00021806,0.00020427,0.00023653,0.00021793,0.00020699
0.000214901,0.00019722,0.00023915,0.000212355,0.00020654
0.000210097,0.00019,0.00023168,0.00020896,0.00019807
0.000217116,0.00019879,0.00024635,0.000211665,0.00020307
0.00021515,0.00020069,0.00023666,0.00021271,0.00020147
0.000216213,0.0001948,0.00024131,0.00021033,0.00019916
0.000208805,0.00019033,0.00022761,0.00020745,0.00020289
0.000215679,0.00019698,0.00023994,0.00021273,0.00019841
0.000213671,0.00020326,0.00023712,0.000207545,0.00020741
0.000215244,0.00019903,0.00023128,0.000215195,0.00020356
0.00021726,0.00019726,0.00024446,0.00021307,0.00019726
0.000211859,0.00019417,0.00023111,0.000210955,0.00020323
0.000220581,0.00020688,0.00025307,0.000212525,0.00021108
0.000211926,0.00019568,0.00022782,0.00021168,0.00019942
0.000224913,0.00020406,0.00025655,0.00022129,0.00020406
0.000207774,0.00019141,0.00022482,0.000206085,0.00019847
0.000222984,0.00020425,0.00024953,0.000218445,0.00020733
0.000206116,0.00019257,0.00022048,0.00020576,0.00020146
0.000215676,0.00019647,0.00023802,0.00021335,0.00019701
0.000207215,0.00018969,0.00023025,0.000203765,0.00018969
0.000214962,0.00019382,0.00023853,0.000211935,0.00019407
0.00021011,0.00019169,0.00023845,0.00020535,0.00019909
0.000210418,0.00019214,0.00023003,0.00021103,0.00019214
0.000217451,0.00019863,0.00024149,0.00021372,0.0002
0.00021048,0.00019202,0.00022948,0.00021056,0.00019826
0.000223025,0.00020358,0.00025898,0.00021754,0.00020459
0.00021301,0.00019994,0.00022962,0.000211505,0.00020626
0.000219031,0.00019633,0.00024995,0.00021641,0.00020751
0.000207867,0.00019162,0.00022967,0.000206015,0.00020162
0.000216753,0.00019646,0.00024469,0.000213305,0.00020289
0.000212229,0.00019922,0.00023396,0.000208425,0.0002038
0.000218988,0.00020239,0.00023763,0.000217685,0.00020571
0.000216209,0.00020058,0.00024252,0.000211715,0.00020058
0.000217331,0.00020314,0.00023311,0.00021673,0.00020529
0.000218418,0.00020136,0.00024704,0.000213285,0.00020136
0.000214095,0.00020129,0.00022602,0.000214115,0.00020455
0.000219609,0.00020039,0.00024215,0.000215545,0.00020039
0.00020928,0.00019352,0.00022753,0.000205965,0.00019836
0.000220443,0.00019754,0.00025067,0.00021836,0.00020066
0.000208733,0.0001941,0.00022963,0.000207035,0.00020519
0.000217091,0.00020141,0.0002394,0.00021315,0.00020235
0.000210578,0.00019133,0.00023678,0.000206535,0.00020599
0.00021321,0.00019317,0.00023586,0.00021206,0.00020544
0.000218447,0.00019945,0.00025218,0.00021243,0.00020387
0.00021409,0.0002022,0.00023068,0.000212725,0.00020253
0.000221683,0.00020186,0.00024813,0.00021805,0.00020186
0.000213825,0.0001983,0.00023126,0.00021301,0.00020089
0.000221585,0.00020077,0.00025336,0.000217255,0.00020313
0.000209867,0.00019337,0.00022966,0.00020838,0.00019426
0.000218188,0.00019891,0.00024515,0.00021845,0.00019903
0.000207648,0.00019483,0.00022801,0.000204555,0.00020346
0.000216319,0.00019645,0.00023868,0.00021355,0.00019645
0.000211149,0.00020013,0.00023241,0.000206655,0.00020225
0.000225296,0.00021179,0.00024256,0.000222865,0.00021214
0.000217817,0.00020208,0.00024688,0.000213905,0.00020333
0.000210267,0.00019029,0.00022874,0.00021117,0.000199
0.000215731,0.00019209,0.00024364,0.000211655,0.00019354
0.000210331,0.00019239,0.00022675,0.00020884,0.00019586
0.000219263,0.00019439,0.00024964,0.00021579,0.00019501
0.000207952,0.00019138,0.0002263,0.000206125,0.00020271
0.00022062,0.00019621,0.00024837,0.0002173,0.00020629
0.000212109,0.00020062,0.00023311,0.00020768,0.00020613
0.000221672,0.00020178,0.00024416,0.00022089,0.00020178
0.000208602,0.00018989,0.00022993,0.000205075,0.00020653
0.000212931,0.00019322,0.00023229,0.00021253,0.00019666
0.000216094,0.00019739,0.00024603,0.000211925,0.00020007
0.000213489,0.00019382,0.00023228,0.000213355,0.00019791
0.000217829,0.00019341,0.00025084,0.000215,0.00020168
0.000209645,0.00019302,0.00023165,0.000207545,0.00019302
0.000220164,0.00019689,0.00025225,0.00021684,0.00020029
0.00021093,0.00019187,0.00023174,0.00020906,0.0002036
0.00021234,0.00019442,0.000231,0.00020888,0.00019547
0.00020888,0.00019173,0.0002345,0.000207375,0.00019173
0.000215746,0.00019546,0.00023926,0.000216515,0.00019546
0.000212766,0.00019088,0.00024727,0.00020853,0.00020643
0.000212847,0.00019151,0.0002417,0.000211835,0.00019646
0.000222655,0.00020847,0.00024746,0.00021627,0.00020847
0.000209721,0.0001932,0.00022806,0.00020945,0.00019446
0.000221849,0.00019763,0.0002585,0.000216185,0.00020408
0.000211942,0.00019552,0.00023023,0.000209865,0.00020065
0.00022562,0.00020598,0.00025321,0.000222415,0.00020598
0.000206085,0.00019107,0.00022012,0.000205135,0.0002003
0.000221325,0.00020978,0.00023477,0.000218335,0.00021097
0.000207718,0.0001934,0.00023116,0.0002025,0.00019623
0.000216477,0.00020115,0.00023394,0.000215405,0.00020115
0.000208829,0.0001925,0.00023663,0.000202745,0.00019596
0.000217691,0.00020168,0.00023507,0.000216565,0.00020405
0.00022151,0.00020521,0.0002488,0.000216275,0.00020521
0.000213495,0.00019573,0.00023027,0.000212485,0.00019888
0.000223589,0.00020276,0.00025682,0.000219045,0.00020276
0.000211059,0.00019744,0.00022649,0.00020891,0.00020565
0.000222318,0.00019845,0.00025428,0.000219475,0.00020008
0.000212226,0.00019693,0.00022845,0.0002102,0.00020384
0.000216292,0.00019699,0.00024184,0.000212125,0.00020299
0.000210689,0.00019692,0.00023426,0.000205185,0.00020414
0.000215074,0.00019474,0.00023449,0.000212425,0.00019474
0.000214715,0.00019917,0.00023691,0.000211785,0.00019917
0.000215567,0.00019383,0.00024034,0.00021391,0.00020103
0.000217555,0.00019875,0.0002503,0.000214205,0.0002008
0.000213943,0.0001931,0.00024098,0.00021211,0.00019756
0.000222194,0.00020321,0.00025122,0.00021672,0.00021087
0.000210248,0.00019163,0.00023162,0.00020848,0.0002029
0.000216716,0.00019082,0.00024873,0.00021596,0.00020806
0.000209322,0.00019224,0.00023103,0.00020631,0.00020481
0.000216075,0.00020112,0.00023664,0.000215905,0.00020112
0.000210034,0.00019549,0.00023534,0.00020495,0.00020579
0.000216096,0.00020114,0.00023562,0.000215715,0.00020449
0.000219827,0.00020382,0.00025107,0.000212695,0.00021129
0.000217332,0.00020024,0.00023651,0.00021553,0.00020302
0.000218686,0.00019572,0.00024369,0.00021601,0.00019572
0.000211559,0.00019295,0.00023011,0.0002107,0.00019295
0.000222321,0.00020108,0.00025467,0.00021853,0.00020186
0.000212486,0.00019244,0.00023052,0.00021215,0.00020004
0.000222033,0.00019972,0.00024771,0.000219955,0.0002081
0.0002071,0.00019353,0.00022415,0.000203755,0.00019984
0.000216864,0.00020209,0.00024083,0.00021661,0.00020221
0.000207996,0.00019061,0.00022972,0.00020523,0.00020523
0.000223145,0.00021239,0.00023587,0.00022227,0.00021829
0.00021838,0.00020355,0.0002431,0.00021279,0.00020355
0.000211165,0.0001927,0.00023464,0.00021039,0.0001927
0.000224701,0.00021123,0.00025442,0.000215945,0.00021123
0.000249709,0.00021792,0.00027882,0.00024951,0.00026819
0.000224526,0.00021721,0.00023616,0.000222765,0.00021887
0.000207476,0.00019202,0.00022858,0.000203895,0.00019691
0.000220466,0.0001953,0.00024691,0.000220295,0.00020018
0.000207916,0.00019568,0.00022573,0.000205685,0.00020271
0.000216314,0.00019851,0.00023445,0.000216195,0.00019851
0.000212968,0.0001983,0.00022972,0.000212585,0.0001983
0.000222519,0.00021226,0.00023291,0.00022258,0.00021226
0.000214535,0.00019413,0.00024808,0.000208975,0.00020835
0.000212969,0.000192,0.00023127,0.00021207,0.00019968
0.000219104,0.00019812,0.00025541,0.000214775,0.00020453
0.000208366,0.00018992,0.00022595,0.000205845,0.00019666
0.000220944,0.00019944,0.00025562,0.00021723,0.00020275
0.000210906,0.00019401,0.00023431,0.00020663,0.00020306
0.000217144,0.0001927,0.00024304,0.00021405,0.00020563
0.000211793,0.00019919,0.00023702,0.00020537,0.00020162
0.000214235,0.00019269,0.00023843,0.00021164,0.00019269
0.000216779,0.0002018,0.00024712,0.000210295,0.00020542
0.000209494,0.00019138,0.00022981,0.00020824,0.00019411
0.000218347,0.00019921,0.00025075,0.000214755,0.00019921
0.000211589,0.00019935,0.00022714,0.000209935,0.00019935
0.000223243,0.00020098,0.00025179,0.00021796,0.00020098
0.000207714,0.00019302,0.00022263,0.00020615,0.00019302
0.000219023,0.00019301,0.0002532,0.00021556,0.00020773
0.000205284,0.00019462,0.00022283,0.00020197,0.00019883
0.000217056,0.00019276,0.00024242,0.000216155,0.00020878
0.000206605,0.00019243,0.00022457,0.00020407,0.00020367
0.000214532,0.00019686,0.00023047,0.000214365,0.00019686
0.000218269,0.00019263,0.00024329,0.00021831,0.00019782
0.000208691,0.00019082,0.00023083,0.00020933,0.00019194
0.000212377,0.00019291,0.00024092,0.00020859,0.00019452
0.000214109,0.00020139,0.00023095,0.000212955,0.00020334
0.00022194,0.00019815,0.00025935,0.00021764,0.00020242
0.000208625,0.00019152,0.00022817,0.000206885,0.00019285
0.00022311,0.00020286,0.00024926,0.00022068,0.00020286
0.000213087,0.0001945,0.00023242,0.000212575,0.0002033
0.000226321,0.00020615,0.00025108,0.000221425,0.00020615
0.000214709,0.00019787,0.00023004,0.000215695,0.00019869
0.000217222,0.00020314,0.00023499,0.0002147,0.00020668
0.000215389,0.0001985,0.00024138,0.00021234,0.0001985
0.000215572,0.00019171,0.00023462,0.000217665,0.00020636
0.000220166,0.00020721,0.00024874,0.00021468,0.00020721
0.000218594,0.0001974,0.00024709,0.00021383,0.00020263
0.000218823,0.0001941,0.00025623,0.00021461,0.00020315
0.000216974,0.00020428,0.00023653,0.000213835,0.00020725
0.000221616,0.00020472,0.00024654,0.000219635,0.00021377
0.000212445,0.00019075,0.00023914,0.00020858,0.00020589
0.000223397,0.00020813,0.00024828,0.000216125,0.00021211
0.000214473,0.0001935,0.00024294,0.000210015,0.00020798
0.000218957,0.00020498,0.00023727,0.000215345,0.00021027
0.000220819,0.00020158,0.00025182,0.000214645,0.00020686
0.000213504,0.00019734,0.000232,0.00021355,0.00019858
0.000226304,0.00020006,0.00024999,0.00022632,0.00020425
0.000217778,0.00020081,0.00023706,0.00021763,0.00020081
0.000218414,0.0001967,0.00024327,0.000214885,0.00020484
0.000213121,0.0001947,0.00023537,0.000210845,0.00019682
0.000221557,0.00020611,0.00023919,0.00022008,0.00021189
0.000222059,0.00020329,0.00024541,0.00022039,0.00020402
0.000215424,0.00019678,0.00023485,0.00021349,0.00019678
0.000222937,0.00019802,0.00024976,0.000222115,0.00020841
0.00021238,0.00019676,0.0002308,0.000209965,0.00019784
0.000222833,0.00020218,0.00024551,0.000223965,0.000214
0.00020824,0.00019384,0.00022429,0.00020698,0.00019748
0.000221846,0.00020579,0.00023968,0.000218775,0.00021201
0.000213442,0.00019856,0.00022939,0.000213875,0.00019988
0.000218568,0.00020163,0.00023927,0.000216175,0.00020897
0.000212041,0.00019976,0.00023077,0.000208015,0.00020298
0.000219187,0.00020431,0.00023764,0.00021803,0.0002098
0.000217378,0.00020051,0.00023546,0.000216455,0.00020073
0.000215191,0.00020095,0.00023349,0.000214175,0.00020195
0.000224255,0.00020193,0.00024853,0.000223545,0.00020193
0.000218379,0.00021129,0.00023294,0.000214555,0.0002113
0.00022318,0.00019807,0.00025038,0.000222975,0.00019984
0.000211869,0.00019554,0.00023036,0.00021004,0.00019845
0.000254699,0.00019793,0.0003113,0.00025357,0.00020609
0.000213496,0.00019593,0.00022959,0.000215845,0.00019892
0.00022332,0.00020577,0.00024704,0.000220345,0.00020789
0.000208162,0.00019697,0.00021904,0.00020792,0.00019697
0.000224171,0.00020785,0.00024606,0.00022317,0.00020873
0.000237482,0.00020736,0.00026731,0.00023815,0.00020969
0.000221263,0.00020843,0.00023213,0.000221665,0.00022282
0.000222943,0.00021004,0.00023731,0.00022238,0.00022084
0.000220591,0.00019149,0.00026456,0.0002126,0.0001944
0.000222793,0.00020182,0.00024535,0.0002229,0.00021317
0.000214919,0.0002014,0.00023329,0.00021235,0.0002055
0.000217999,0.00019479,0.0002395,0.00021891,0.00020086
0.00021989,0.00020379,0.00023705,0.000219375,0.00020464
0.000233381,0.0002021,0.00025005,0.000235595,0.0002228
0.000221035,0.00021374,0.00023789,0.000215585,0.00021454
0.000214046,0.00019641,0.00024082,0.000212655,0.00019992
0.000222407,0.00019745,0.00024674,0.000223325,0.00020667
0.000213211,0.00019514,0.00023204,0.000212105,0.00020142
0.000221758,0.00019582,0.00025042,0.00022124,0.00020374
0.000218722,0.00021503,0.00022507,0.000218185,0.00021742
0.00022698,0.00021404,0.00024525,0.000226105,0.0002243
0.000208789,0.00020024,0.00021789,0.0002084,0.00020025
0.000218644,0.00019807,0.00024211,0.000218485,0.00019814
0.000213349,0.00020104,0.00023501,0.000210745,0.0002015
0.000216635,0.00019404,0.00024108,0.00021529,0.00019404
0.000218111,0.00019529,0.00024184,0.00021776,0.00019773
0.000214751,0.0001953,0.0002378,0.000213805,0.00019736
0.000220797,0.00019447,0.00024808,0.000221095,0.00020223
0.000214821,0.00020081,0.00023339,0.00021273,0.00020351
0.000229868,0.00021573,0.00024869,0.000228215,0.00021597
0.000211054,0.00019384,0.00022964,0.000209705,0.00019384
0.000221729,0.00019622,0.00024686,0.000221515,0.0002008
0.000214971,0.00019672,0.00023212,0.00021507,0.00019672
0.000222725,0.0002069,0.00024391,0.00022151,0.00020691
0.000214001,0.0002011,0.00023101,0.000211725,0.0002011
0.000217302,0.00019527,0.00024149,0.00021615,0.00019705
0.000213836,0.00019992,0.00024089,0.000207875,0.00020325
0.000214279,0.00019526,0.00024068,0.00021272,0.00019912
0.000220395,0.00019637,0.0002415,0.000219855,0.00020534
0.000211851,0.00019357,0.00023131,0.000211925,0.00019364
0.000220935,0.00019767,0.00024486,0.000219865,0.00019767
0.000207811,0.00019283,0.00022651,0.000204395,0.00019283
0.000218087,0.00019352,0.00024118,0.00021829,0.00019352
0.000214591,0.00019392,0.00023271,0.00021616,0.00020013
0.000218914,0.00019615,0.00024357,0.000218595,0.000201
0.000217354,0.00020088,0.00023664,0.000215935,0.00020088
0.000219967,0.00019681,0.00023865,0.000220075,0.00019681
0.000221949,0.00020114,0.00024517,0.00022044,0.00020433
0.000219926,0.00020938,0.00022896,0.000221185,0.00021273
0.000221385,0.00019776,0.00025008,0.00021954,0.00019943
0.000211943,0.00019505,0.00023054,0.000211025,0.00019505
0.000221747,0.00019981,0.00024658,0.000219475,0.00020667
0.000209322,0.00019407,0.00022693,0.0002078,0.00019407
0.000223869,0.00020742,0.00024731,0.000221195,0.00021071
0.000216713,0.00020597,0.00022748,0.00021708,0.00020597
0.000217355,0.00019839,0.00024032,0.000216055,0.00019883
0.000211908,0.00019992,0.0002334,0.000207855,0.00020051
0.000220294,0.00020333,0.00023765,0.000219225,0.00020432
0.00021808,0.00019629,0.00023694,0.00022004,0.00020289
0.000209441,0.00019344,0.00022887,0.00020868,0.00019568
0.000259556,0.00019793,0.00032232,0.00026072,0.00019793
0.000212026,0.00019585,0.00022754,0.00021179,0.00019585
0.000223341,0.00019754,0.00024768,0.000222585,0.00019754
0.00021162,0.00019566,0.00022878,0.000209775,0.00019566
0.000225399,0.00020095,0.00025406,0.00022309,0.00020095
0.000210979,0.00019176,0.00023482,0.000207245,0.00019176
0.00021959,0.00019578,0.00024751,0.00021845,0.00019578
0.000216815,0.00020234,0.00023211,0.000216665,0.00020235
0.000215791,0.0001964,0.00023916,0.00021471,0.00020208
0.000220866,0.00019768,0.00024056,0.00022231,0.00021065
0.000212646,0.00019598,0.00023311,0.000211235,0.00019598
0.000223736,0.00020122,0.00024518,0.00022397,0.00020122
0.000214346,0.00019513,0.00023277,0.000214275,0.00019806
0.000221632,0.00019931,0.00024432,0.00022201,0.00019931
0.00021455,0.00019288,0.00023427,0.000214795,0.00019792
0.000218899,0.0002018,0.00023813,0.00021818,0.00020835
0.000215375,0.00020182,0.00023047,0.000214785,0.00020182
0.0002152,0.00019594,0.00023349,0.000215355,0.00020055
0.000221362,0.00020331,0.00023993,0.00022085,0.000206
0.000211924,0.0001919,0.00023476,0.000211445,0.0001919
0.000220379,0.00019514,0.00024441,0.00022192,0.00020378
0.000209647,0.00019335,0.00022939,0.000208335,0.00019433
0.000228434,0.00020922,0.00025517,0.000226055,0.00021285
0.000209174,0.00019182,0.00022554,0.00020878,0.00019767
0.000221651,0.00019705,0.0002472,0.000221505,0.00020919
0.000206094,0.00019395,0.00021926,0.00020578,0.0001963
0.000221441,0.00020125,0.00024618,0.00021952,0.00020223
0.00021142,0.0001975,0.00022832,0.000208455,0.00020006
0.000216027,0.00019556,0.00024173,0.00021429,0.00019972
0.00021508,0.00019808,0.00023169,0.000215835,0.00019808
0.000214239,0.00019731,0.00023616,0.00021215,0.00019731
0.000214998,0.00019292,0.00024389,0.000212395,0.00019839
0.000213486,0.00019253,0.00023624,0.000211685,0.00019253
0.000221059,0.00019647,0.00024819,0.000220655,0.00019845
0.000217147,0.00020656,0.00022951,0.00021618,0.00020687
0.000222741,0.00020344,0.00024423,0.000221785,0.00020344
0.000214728,0.00020025,0.00022889,0.00021556,0.00020049
0.000218049,0.00019656,0.00024066,0.00021872,0.00019656
0.000212679,0.00019557,0.00023663,0.00020906,0.00020221
0.000216553,0.00019573,0.00023951,0.00021676,0.00019719
0.000217252,0.00020423,0.00023225,0.00021657,0.00020423
0.00021974,0.0002063,0.00023464,0.00021775,0.00020698
0.000220619,0.00020191,0.00024014,0.00022043,0.00020226
0.000211876,0.00019476,0.00022915,0.000213055,0.00020002
0.00021978,0.00019389,0.00024475,0.00022021,0.0002009
0.000264315,0.00022787,0.00030383,0.000261345,0.00030383
0.000219763,0.00021028,0.00023346,0.00021812,0.00021855
0.000233871,0.00019615,0.00031054,0.000216905,0.00019927
0.000220458,0.0002,0.00024498,0.00021836,0.00020498
0.000220284,0.00020324,0.00023825,0.000219495,0.00020662
0.000217963,0.00020273,0.00023658,0.00021783,0.00020273
0.000219876,0.00019468,0.0002453,0.00022108,0.00020105
0.000216935,0.00019939,0.00023882,0.00021491,0.00019939
0.000223105,0.00019659,0.00024775,0.000226265,0.00019659
0.000212836,0.00020016,0.000229,0.00021288,0.00020016
0.000220271,0.00019664,0.00024371,0.00021955,0.00020269
0.000209246,0.00019544,0.00022569,0.00020846,0.00019695
0.00021959,0.00019414,0.00024229,0.00021888,0.00020257
0.000210604,0.00019735,0.00022964,0.00020748,0.00019735
0.000214161,0.0001963,0.00023826,0.00021362,0.0001963
0.000213661,0.00019119,0.00023398,0.000214885,0.00020075
0.00021464,0.00019481,0.00023461,0.00021433,0.00020569
0.000217441,0.00019781,0.00023752,0.000216865,0.00019787
0.000216415,0.00020435,0.00022784,0.000216165,0.00020435
0.000220622,0.00019468,0.00024568,0.000222175,0.00019523
0.000208262,0.00019433,0.00022488,0.00020754,0.00019435
0.000224941,0.00019892,0.00025034,0.00022573,0.00021221
0.000211102,0.00019391,0.00022824,0.00020992,0.00020098
0.000225751,0.00020443,0.00024857,0.00022399,0.0002091
0.000209198,0.00019615,0.00022907,0.000206995,0.00019678
0.00021821,0.00019627,0.00024315,0.00021642,0.00019627
0.000214961,0.00019974,0.00023,0.000214805,0.00020026
0.00021805,0.00020732,0.000234,0.000214005,0.00021022
0.000219147,0.00019947,0.00024016,0.000218395,0.00019947
0.000214175,0.0001991,0.00023578,0.00021219,0.00020302
0.000223432,0.00020404,0.00024436,0.000221155,0.00020404
0.000214555,0.00019974,0.00023277,0.00021421,0.00019995
0.000219553,0.00019655,0.0002413,0.000218915,0.00019655
0.000213926,0.00019639,0.00023023,0.000213375,0.00019639
0.000218531,0.00019514,0.00024101,0.00021824,0.00019514
0.000212785,0.00019765,0.00023445,0.00020795,0.00020238
0.000217535,0.00020285,0.00023846,0.000215925,0.00020731
0.000212806,0.00019524,0.00023775,0.000208925,0.00019524
0.000211764,0.00019562,0.00023061,0.00021088,0.00019562
0.00022283,0.00019822,0.00024636,0.000224355,0.00020394
0.00021208,0.00019366,0.00022985,0.00021029,0.00020041
0.000223371,0.00019945,0.00025064,0.00022259,0.0002005
0.000210647,0.00019313,0.00022908,0.000210595,0.00019858
0.00022502,0.00019874,0.00024884,0.000224055,0.00019874
0.000210526,0.00019352,0.00022661,0.000210885,0.00019493
0.000221214,0.00019715,0.00024479,0.000221535,0.00019715
0.000211794,0.00019924,0.00023185,0.000207765,0.00020157
0.000215795,0.00019383,0.00023869,0.00021364,0.00019922
0.000215804,0.00020005,0.00023258,0.000215155,0.00020035
0.000214099,0.00019464,0.00023628,0.00021376,0.00019464
0.000222501,0.00020169,0.00024528,0.00022118,0.00020169
0.000211438,0.00019375,0.00023045,0.000212305,0.00019783
0.000224814,0.00020815,0.00024685,0.000223175,0.00021297
0.00021415,0.00020243,0.00022385,0.00021464,0.0002042
0.000222501,0.0002026,0.00024432,0.00022104,0.00021155
0.000211486,0.00019872,0.00022831,0.00020982,0.00019872
0.000217389,0.00019565,0.00024115,0.00021771,0.00019791
0.000210638,0.00019715,0.00022827,0.00020686,0.00019715
0.000216281,0.00019578,0.00023717,0.000215745,0.00019578
0.000213261,0.00019271,0.00023663,0.00021212,0.00020472
0.000214339,0.00019645,0.00023923,0.00021224,0.00019698
0.000220666,0.00019924,0.00024235,0.00021879,0.00020241
0.000210026,0.00019294,0.00023019,0.000207795,0.00019476
0.000221401,0.00019907,0.00024888,0.000220045,0.00020524
0.000211047,0.0001922,0.00022601,0.00021356,0.00019718
0.000221153,0.00020006,0.00024434,0.000218815,0.00020522
0.000210805,0.00019695,0.00023103,0.000206585,0.00019695
0.000217348,0.00019527,0.00024195,0.000216305,0.00019527
0.00021779,0.00019516,0.00023818,0.000215695,0.00020092
0.000214932,0.00019349,0.00023956,0.000214905,0.00019349
0.000219903,0.00019784,0.00024324,0.00021979,0.00019784
0.000218169,0.00020016,0.00023626,0.00021792,0.00020827
0.000224499,0.00020502,0.00024747,0.000224385,0.00020502
0.000211888,0.00019708,0.00022568,0.000212165,0.00020143
0.000221596,0.00019462,0.00025047,0.000218455,0.00021333
0.000207595,0.00019208,0.00022731,0.00020664,0.00019208
0.000218364,0.00019732,0.00024152,0.00021674,0.00019732
0.000213763,0.00020242,0.00022655,0.000213775,0.00020242
0.000215627,0.00019469,0.00024149,0.000213765,0.0001978
0.000206986,0.00019135,0.00022557,0.000205945,0.00020182
0.000215062,0.00019577,0.00023685,0.000216125,0.00019713
0.000218241,0.00019253,0.00023853,0.0002207,0.00020395
0.00021207,0.00019476,0.00023155,0.000210615,0.00020191
0.000224439,0.00020345,0.00024988,0.00022248,0.00020538
0.000211272,0.00019377,0.00023023,0.00020996,0.00019622
0.000229669,0.00020844,0.00025335,0.000227925,0.00021253
0.000211709,0.00019556,0.00022574,0.000212365,0.00019988
0.000222919,0.00019902,0.00024933,0.000221115,0.00019952
0.000212796,0.00019629,0.00022783,0.000213845,0.00019629
0.000219058,0.00019584,0.00024635,0.000218895,0.00019922
0.00021541,0.00020153,0.00023088,0.00021429,0.00020266
0.000216613,0.00019528,0.00024208,0.00021543,0.00019715
0.000219251,0.00019666,0.00024156,0.00022005,0.00020454
0.000220099,0.00020209,0.00024064,0.000217845,0.0002052
0.000219106,0.00019786,0.00024377,0.000217975,0.000204
0.00021526,0.00019946,0.00023321,0.00021354,0.00020278
0.000222379,0.00020234,0.00024199,0.000222165,0.00021213
0.000215185,0.00019365,0.00023377,0.00021633,0.00019995
0.000217015,0.0001953,0.00023623,0.00021882,0.00020856
0.000217605,0.00019987,0.00023617,0.000217045,0.00020159
0.000216411,0.00019461,0.00023973,0.000215285,0.00019461
0.00021849,0.00019663,0.00023866,0.000219085,0.00020445
0.00021028,0.00019223,0.00023049,0.00020894,0.00019223
0.000223967,0.00020122,0.00024693,0.000222965,0.00020795
0.000211157,0.00019511,0.00022608,0.000212305,0.00019511
0.000221875,0.00019864,0.00024681,0.00022051,0.00020188
0.000213614,0.00019641,0.00023495,0.000212565,0.00020007
0.000224115,0.00019729,0.00025062,0.00022442,0.00021242
0.000208686,0.00019377,0.00022566,0.00020745,0.00019377
0.000222233,0.00019618,0.00025494,0.00022086,0.00019929
0.000208264,0.00019356,0.0002291,0.000204215,0.00019819
0.000220675,0.00020332,0.00024457,0.00021813,0.00020868
0.000215377,0.00019723,0.00023328,0.000215905,0.00020222
0.000236239,0.00020558,0.0002722,0.000234195,0.00020683
0.000223506,0.00021113,0.00023766,0.00022343,0.00021124
0.000213921,0.00019432,0.00023596,0.000213065,0.00019432
0.000220085,0.00020197,0.00024299,0.00021676,0.00020659
0.000207589,0.00019135,0.00022988,0.000203905,0.00019135
0.0002229,0.00020144,0.00024333,0.00022244,0.00021034
0.000213505,0.00020024,0.00022651,0.00021215,0.00020024
0.000219124,0.00019702,0.00024422,0.000217475,0.00020268
0.000209826,0.00019216,0.00023246,0.000207915,0.00020059
0.000217765,0.00019827,0.00023784,0.00021736,0.00020714
0.000214383,0.00019823,0.00023483,0.000211785,0.0002156
0.000216392,0.00019576,0.00023857,0.00021764,0.00020456
0.000220929,0.00019678,0.00024377,0.000223525,0.00019691
0.00022024,0.00020954,0.00023545,0.00021594,0.00021096
0.000221816,0.00019389,0.00024903,0.00022346,0.00019938
0.000208447,0.00019174,0.00022894,0.00020685,0.00019927
0.000222768,0.00020115,0.00024545,0.000223325,0.00021295
0.000215695,0.00019831,0.0002332,0.00021553,0.00020088
0.000218465,0.000195,0.00024302,0.000217345,0.000195
0.000209874,0.00019202,0.0002323,0.00020769,0.00020094
0.000215919,0.00019648,0.00023978,0.00021633,0.00019693
0.000220649,0.00019688,0.0002474,0.000220455,0.00019688
0.00021452,0.00019668,0.00023449,0.00021309,0.00020087
0.000223833,0.00020206,0.00024631,0.000223185,0.000212
0.000211519,0.00019593,0.0002293,0.000210715,0.00019915
0.000221969,0.00019796,0.00024848,0.000221735,0.00020344
0.000209766,0.00019495,0.00022647,0.00020899,0.00019852
0.000218619,0.00019466,0.00024558,0.000216425,0.00021122
0.000207904,0.00019692,0.00021895,0.00020852,0.00020084
0.000214985,0.00019023,0.00023954,0.000214885,0.00019023
0.000213924,0.00019854,0.00022974,0.000214015,0.00020142
0.000212231,0.00019277,0.00023223,0.000212315,0.00019277
0.000217424,0.00019412,0.00023587,0.000219495,0.00020325
0.000212025,0.00019616,0.00023089,0.000212145,0.00019951
0.000227658,0.00020854,0.00025402,0.00022493,0.00020854
0.000209964,0.00019434,0.00023031,0.00020801,0.00019493
0.000221485,0.00019506,0.00024894,0.000221565,0.00019753
0.000212765,0.00019527,0.00023076,0.00021313,0.00019535
0.000223161,0.00020585,0.00024425,0.00022294,0.00021353
0.00021042,0.00019462,0.00023005,0.000207645,0.00019805
0.000220341,0.00019833,0.00024653,0.00021921,0.00020211
0.000216662,0.00020019,0.00023145,0.00021807,0.00020019
0.000218165,0.00019821,0.00024511,0.00021761,0.00020184
0.000219275,0.00019377,0.00024571,0.000219045,0.00019482
0.00021414,0.00019393,0.00023717,0.00021445,0.00020001
0.000222461,0.00019916,0.00024717,0.000222985,0.00019916
0.000212532,0.00019557,0.00023089,0.000212715,0.00019941
0.000220732,0.0001975,0.00024392,0.000220955,0.00020377
0.000219579,0.00020975,0.00023847,0.00021625,0.00021105
0.000218896,0.00020271,0.00023857,0.00021859,0.0002033
0.000209921,0.00019286,0.0002283,0.00020911,0.00020255
0.000217258,0.00020115,0.00023529,0.00021641,0.00020115
0.000216589,0.00020167,0.0002431,0.0002127,0.00020269
0.000211871,0.00019254,0.00023194,0.000211045,0.00019254
0.000223009,0.00020118,0.00024344,0.000222425,0.00020421
0.000210247,0.0001932,0.00023241,0.000209065,0.0001951
0.000226994,0.00020612,0.00024858,0.00022792,0.00020612
0.000209871,0.00019262,0.0002321,0.00020654,0.00019538
0.000223579,0.00020159,0.00024693,0.000222535,0.00021031
0.000210896,0.00019438,0.00022741,0.00020952,0.0001994
0.000218365,0.00019461,0.00024213,0.00021982,0.00019461
0.000211914,0.00019771,0.00022504,0.000212515,0.00019771
0.00021881,0.00019642,0.00024236,0.00021689,0.00019642
0.000216379,0.00019948,0.00023309,0.000216535,0.00020254
0.000213072,0.0001952,0.00023505,0.00021205,0.00020063
0.000223231,0.00020261,0.00024833,0.00022175,0.00020333
0.000211174,0.00019259,0.00023091,0.000211345,0.00019681
0.000221904,0.00019832,0.00024624,0.00022083,0.00020337
0.000207925,0.00018951,0.00022914,0.000206375,0.00018951
0.00022107,0.00019544,0.00026043,0.000214835,0.00019544
0.000211849,0.00019215,0.00023352,0.000210425,0.00019857
0.000218126,0.00019915,0.00023976,0.00021674,0.00020199
0.000219828,0.00021258,0.00023037,0.00021821,0.00021262
0.000214226,0.00019337,0.00023544,0.000214115,0.00019818
0.000219426,0.00020319,0.00023649,0.000218125,0.00020319
0.00022008,0.00019779,0.00023658,0.00022064,0.00019779
0.0002271,0.00021133,0.00024753,0.000224645,0.00021314
0.000212997,0.00019406,0.00023382,0.000212095,0.00019885
0.000224355,0.00020208,0.00024996,0.000222145,0.00020689
0.000210104,0.00019223,0.00023364,0.000207575,0.0001966
0.000220849,0.00019675,0.00024587,0.000221795,0.00021162
0.000211344,0.00019432,0.00023508,0.000205255,0.00019896
0.000222114,0.00020405,0.00024726,0.00021969,0.00020497
0.00021919,0.00020394,0.00023664,0.00021864,0.00020494
0.000222754,0.00020745,0.00024005,0.00022191,0.00020745
0.000221056,0.00020097,0.0002419,0.00022039,0.00020098
0.000221622,0.00021195,0.00023769,0.000220675,0.00021201
0.000221848,0.00019597,0.0002504,0.00022074,0.00020558
0.000208676,0.00019165,0.00022854,0.00020904,0.00019165
0.000222768,0.0001959,0.00024639,0.00022508,0.00020323
0.000215066,0.00020646,0.00022239,0.00021584,0.00020882
0.000219822,0.00020135,0.00023829,0.000218945,0.00020135
0.000208533,0.00019394,0.00022591,0.000207625,0.00019745
0.000221527,0.00020817,0.00023806,0.000219695,0.00021125
0.000214828,0.0002007,0.00022905,0.00021544,0.0002007
0.000217046,0.0001952,0.00024179,0.000215585,0.00020298
0.000216983,0.00019341,0.00023585,0.00021909,0.00020361
0.000211909,0.00019502,0.00022929,0.000210745,0.00019502
0.000222807,0.00020141,0.00024496,0.000222605,0.00020141
0.000212257,0.0001936,0.00022848,0.00021318,0.00019721
0.000223367,0.0002009,0.00024816,0.000223015,0.0002087
0.000210657,0.00019851,0.0002247,0.00020961,0.00020093
0.000221976,0.00019761,0.00024848,0.000219905,0.00020564
0.00020971,0.00019197,0.00023155,0.00020853,0.0001966
0.000221839,0.00020337,0.00024843,0.000220095,0.0002087
0.000211851,0.00019426,0.00023106,0.00021057,0.0002033
0.000214601,0.00019267,0.00024035,0.000212815,0.00019373
0.000219524,0.00019891,0.00024027,0.00022043,0.00019891
0.000214917,0.00019399,0.00023769,0.000215035,0.00019448
0.000219486,0.00019839,0.00024342,0.000218785,0.00020076
0.000208975,0.00019087,0.00022773,0.00020714,0.00019707
0.000222611,0.00019752,0.0002526,0.000222005,0.00021125
0.000212991,0.0001962,0.00023149,0.000212095,0.0001962
0.000218351,0.00019947,0.00023936,0.00021725,0.00019947
0.000216916,0.00020171,0.0002328,0.00021643,0.00020171
0.00021439,0.00019544,0.00023562,0.0002151,0.00019554
0.000219643,0.00020285,0.00023731,0.00021955,0.00020285
0.000213732,0.00019868,0.00023197,0.000212035,0.00020304
0.000220331,0.00019237,0.00024472,0.00022363,0.00019413
0.000210258,0.00019499,0.00022794,0.00021077,0.00019672
0.000227075,0.00020801,0.00025021,0.00022467,0.0002132
0.000206241,0.00019143,0.00022253,0.000204745,0.00019717
0.000221212,0.00019672,0.00024717,0.00022093,0.00020385
0.000208334,0.00019661,0.00022077,0.000206245,0.00020281
0.00022295,0.00019628,0.00024549,0.00022208,0.00019628
0.000211574,0.00019711,0.00022668,0.000210815,0.00019711
0.000217332,0.00019355,0.00024128,0.000216925,0.00020108
0.000215278,0.00019662,0.00023103,0.00021674,0.00020651
0.000217068,0.00020006,0.00023905,0.000214545,0.00020271
0.000222469,0.00020163,0.00024375,0.00022189,0.00020508
0.000213829,0.00019261,0.00023585,0.000212805,0.00020043
0.000224786,0.00020299,0.0002478,0.00022461,0.00021225
0.000211565,0.00019712,0.00022429,0.00021208,0.00019712
0.000221366,0.00019912,0.00024574,0.000219765,0.00020919
0.000213406,0.00019192,0.00022922,0.000215665,0.0002051
0.000217359,0.0001955,0.00024115,0.00021855,0.0001955
0.000214729,0.00019883,0.00023183,0.000214595,0.00020521
0.000216403,0.00019465,0.0002472,0.00021478,0.00019842
0.000210273,0.00019303,0.00023472,0.00020675,0.00020432
0.000214305,0.00019879,0.00023075,0.00021213,0.00020366
0.000222021,0.00019528,0.00024643,0.00022272,0.00019528
0.000212516,0.00019552,0.00023113,0.00021117,0.00019552
0.000222571,0.00019462,0.00024665,0.00022392,0.00020257
0.000217472,0.00020197,0.00023373,0.000218145,0.00020378
0.000219422,0.00019427,0.00024281,0.00022012,0.00019795
0.000214124,0.000196,0.00023361,0.00021352,0.000196
0.000217723,0.00019895,0.00023759,0.00021675,0.00020519
0.000217281,0.00019892,0.00023509,0.000217265,0.00020257
0.000212914,0.0001917,0.0002349,0.000214095,0.0001917
0.000218051,0.00019221,0.00024462,0.000218695,0.00020041
0.000215734,0.00019563,0.00023884,0.000213405,0.00019996
0.000220085,0.00019674,0.00024454,0.00021956,0.00019674
0.000207531,0.00019281,0.00022698,0.00020625,0.00019281
0.000221549,0.00019246,0.00024768,0.00022224,0.00020508
0.000209868,0.00019915,0.00022274,0.00020988,0.00019937
0.000219345,0.00019565,0.00024097,0.000219585,0.00020382
0.00020981,0.00019237,0.00022698,0.00020911,0.00019883
0.000216129,0.00019363,0.00023695,0.0002179,0.00019693
0.000217668,0.00020427,0.00023018,0.000217505,0.00020705
0.000214036,0.00019629,0.00023468,0.000211785,0.00020063
0.000213641,0.00019991,0.00023535,0.00020936,0.00020134
0.000213321,0.00019405,0.00023605,0.000210895,0.00020041
0.000222373,0.00019425,0.00025061,0.00022222,0.00020577
0.000211044,0.00019338,0.00022888,0.00021161,0.00019617
0.000223961,0.00019993,0.00024892,0.00022431,0.00021053
0.000211814,0.00020003,0.00022808,0.00020844,0.00020071
0.000221439,0.00019657,0.00024898,0.000221605,0.00019657
0.00020949,0.00019058,0.00023375,0.000205855,0.00019227
0.000217856,0.0001937,0.0002473,0.000216125,0.0001937
0.00020979,0.00019068,0.00023358,0.00020555,0.00019677
0.000214992,0.00019286,0.00023766,0.000214835,0.00019914
0.000218872,0.0002,0.00023829,0.00021835,0.00020426
0.000224702,0.00021583,0.00023523,0.00022282,0.00021863
0.000218669,0.00019643,0.00024492,0.000217855,0.00019879
0.000212351,0.00019293,0.0002332,0.000210905,0.00019293
0.000221075,0.00020183,0.00024083,0.000219335,0.00020876
0.000216341,0.00019908,0.00024208,0.00021394,0.00019908
0.000216417,0.00019524,0.00023916,0.000216515,0.00019528
0.000212533,0.00020187,0.0002303,0.000208455,0.00020187
0.000217633,0.00020108,0.00023893,0.00021686,0.00020667
0.000220329,0.00020199,0.00023973,0.000219295,0.00020199
0.000222231,0.00021424,0.00023433,0.00021931,0.0002158
0.000219741,0.00019745,0.0002435,0.00022031,0.00019745
0.00021503,0.00020603,0.00022654,0.000213365,0.00021014
0.000221939,0.00019801,0.00026043,0.00021396,0.00020746
0.000209982,0.0001973,0.00022649,0.000208655,0.00020035
0.000222676,0.00019733,0.00024852,0.000222685,0.00019733
0.000208871,0.00019736,0.00022307,0.00020732,0.00019792
0.000222549,0.00019957,0.00024373,0.000223145,0.00020917
0.000211905,0.00019773,0.00022652,0.00021128,0.00019773
0.0002169,0.00019754,0.00024114,0.000214845,0.00019754
0.000215685,0.00019505,0.00023573,0.000216935,0.00020005
0.00021376,0.0001961,0.00023524,0.0002126,0.00020129
0.000221256,0.00019627,0.00024737,0.00022164,0.00020453
0.000215164,0.00019381,0.00024095,0.000214485,0.00019693
0.000218376,0.00019422,0.00024517,0.000216775,0.00020246
0.000208759,0.00019718,0.00022586,0.000207405,0.00019776
0.00022062,0.00019988,0.00024297,0.000219935,0.00019988
0.000212757,0.00019329,0.00022865,0.000215025,0.00019837
0.000224005,0.00020336,0.00024502,0.000223105,0.00020729
0.000212426,0.00019817,0.00023367,0.000208105,0.0002055
0.000221719,0.00020778,0.0002394,0.000219975,0.00021162
0.000215458,0.00019513,0.00023512,0.00021453,0.00020306
0.000213278,0.00019309,0.00023683,0.00021231,0.00019309
0.000220656,0.00019697,0.00024515,0.000222405,0.00020268
0.000210602,0.00019492,0.00023008,0.000208235,0.00019716
0.00022504,0.00020684,0.00024822,0.000224005,0.00021113
0.00021756,0.00020392,0.00023198,0.000215375,0.00020392
0.000221408,0.00019845,0.00024544,0.00022207,0.00019845
0.000215895,0.00019295,0.00023713,0.000216585,0.00019641
0.000221041,0.00020308,0.00024316,0.000219315,0.0002053
0.00021269,0.00019841,0.00022582,0.000213165,0.0001996
0.000215415,0.00019715,0.00023932,0.00021392,0.00020004
0.000218028,0.00019568,0.00024509,0.00021563,0.00020498
0.000214517,0.00019628,0.00023388,0.000215155,0.0001991
0.000219097,0.00019522,0.00024859,0.000217315,0.00020202
0.000209094,0.00019335,0.00022853,0.000206155,0.00019419
0.000224516,0.00020581,0.00024447,0.000223255,0.00020787
0.000207776,0.00019266,0.00022636,0.00020428,0.00019661
0.000219002,0.00020305,0.00024814,0.000215175,0.00021051
0.000214113,0.00020434,0.00022865,0.00021112,0.00020698
0.00021651,0.00019435,0.00024132,0.00021701,0.00019806
0.000210114,0.00019424,0.00023215,0.00020773,0.00020393
0.000213857,0.00019217,0.00023839,0.000215115,0.00019387
0.00021982,0.00019637,0.00023913,0.00022209,0.00020337
0.000212039,0.00019286,0.00023077,0.00021154,0.00019664
0.00022066,0.00019749,0.00024352,0.0002214,0.00020111
0.000208406,0.00019147,0.00022592,0.000208835,0.00019693
0.000221991,0.0001987,0.00024745,0.00022141,0.00020139
0.000211269,0.00019489,0.00022888,0.00020976,0.00019847
0.000223789,0.00019856,0.00024994,0.00022207,0.00019856
0.000209359,0.00019766,0.00022428,0.00020755,0.00019795
0.000218049,0.0001931,0.00024429,0.000218155,0.00019608
0.000212047,0.00019196,0.00023063,0.000212975,0.00019196
0.000223134,0.00020904,0.00024174,0.000221265,0.00021186
0.000215219,0.00019504,0.00023951,0.00021233,0.00020214
0.000214964,0.00020031,0.00023689,0.00021281,0.00020269
0.000216417,0.00019479,0.00024513,0.00021299,0.0002063
0.000207634,0.0001918,0.00022374,0.000207195,0.00019343
0.000220111,0.00019881,0.00024157,0.000221715,0.00021199
0.000207574,0.00019227,0.00022634,0.00020617,0.00019227
0.000220936,0.00020093,0.0002516,0.000217105,0.00020954
0.000212743,0.00019644,0.00024078,0.000208335,0.00020602
0.000215983,0.00019882,0.00023688,0.000214445,0.00019882
0.000217116,0.00020457,0.00024022,0.000211065,0.00020457
0.000215059,0.0001986,0.00023364,0.00021458,0.0001986
0.000223271,0.0002021,0.00024585,0.00022367,0.0002021
0.000212625,0.00019811,0.00023217,0.000210175,0.00020084
0.000233594,0.00021263,0.00025899,0.00023101,0.00021263
0.000209297,0.00019092,0.00022715,0.00021073,0.00019406
0.000222061,0.00019865,0.00025089,0.000221865,0.0001992
0.000206894,0.0001916,0.00022491,0.0002077,0.00019224
0.000219434,0.00019595,0.00025227,0.0002167,0.00019595
0.000206208,0.00019422,0.00021928,0.000206355,0.00019997
0.000219689,0.00019785,0.00024559,0.00021569,0.00020163
0.000208679,0.00018964,0.00023385,0.0002056,0.00019745
0.000211378,0.00019154,0.00023814,0.000208335,0.00019225
0.000218115,0.00019333,0.00024866,0.000216375,0.00020305
0.000221994,0.00021709,0.0002297,0.00022198,0.00022222
0.00022288,0.00020613,0.00024311,0.000222305,0.00021534
0.000209015,0.00019356,0.00022687,0.000208345,0.00019491
0.000232699,0.00019716,0.00027456,0.000230195,0.00020608
0.000209349,0.00019528,0.00023274,0.00020484,0.00019989
0.00021896,0.00019586,0.00024254,0.000218305,0.00020647
0.000214056,0.00019878,0.00023098,0.00021294,0.00019878
0.000214963,0.00019647,0.00023873,0.00021255,0.00019647
0.000216648,0.00019741,0.00023234,0.000218345,0.00019741
0.000212412,0.00019207,0.00023361,0.00021163,0.00019207
0.000220226,0.00019481,0.00024846,0.000220565,0.00020127
0.000216445,0.00020459,0.00023233,0.000214475,0.00020459
0.000221164,0.00019859,0.00024734,0.000218775,0.00020175
0.000212416,0.00019384,0.00022966,0.00021331,0.00019561
0.000219639,0.00019635,0.00024331,0.00021871,0.00020203
0.000211286,0.00019486,0.00023245,0.00020754,0.00019841
0.000219166,0.00019504,0.00024455,0.000218605,0.00020456
0.000211086,0.00019683,0.00023219,0.00020714,0.00020215
0.000215336,0.00019458,0.00024728,0.00021234,0.00019677
0.000219996,0.00019384,0.0002453,0.000220585,0.00019384
0.000212339,0.00019303,0.00023634,0.00021117,0.00019362
0.000220054,0.00019007,0.00024743,0.00022053,0.00019517
0.000208458,0.00018998,0.00022987,0.000208935,0.00018998
0.000223039,0.00020131,0.00024676,0.00022236,0.00021088
0.00021835,0.00019669,0.00024475,0.00021621,0.00019895
0.000217153,0.00019351,0.00024184,0.000214905,0.00020262
0.000209348,0.00019169,0.00022877,0.00020853,0.0001975
0.000218906,0.00019893,0.00024675,0.000217505,0.0002078
0.000210619,0.00019421,0.00023301,0.00020946,0.00019975
0.00021294,0.00019676,0.00023268,0.00021181,0.00019742
0.000215382,0.00019833,0.00023578,0.000216135,0.0002023
0.000214085,0.0001968,0.00023361,0.000213,0.00020235
0.000221209,0.00019527,0.00024815,0.000219075,0.00019953
0.00020966,0.0001923,0.00023044,0.00020782,0.00019313
0.000223594,0.00020235,0.00025012,0.000220995,0.00020691
0.000210805,0.00019105,0.0002299,0.000210965,0.00019493
0.000218472,0.00019392,0.00024783,0.000213215,0.0002021
0.000214589,0.00020217,0.00023421,0.000213295,0.0002066
0.000220086,0.00019743,0.00024411,0.000218485,0.00020578
0.000212431,0.00019278,0.00023319,0.000211755,0.00019899
0.000219263,0.00020018,0.00024036,0.00021921,0.00020257
0.000216456,0.0001915,0.00023999,0.00021698,0.00019753
0.000210257,0.00019455,0.00023033,0.000209445,0.00019455
0.0002198,0.00019926,0.00024597,0.00021831,0.00019926
0.00021397,0.00019494,0.00023155,0.00021501,0.00019494
0.00021932,0.00019951,0.00024077,0.000218055,0.00020007
0.000215485,0.00020079,0.00022957,0.00021578,0.00020079
0.000219646,0.00019903,0.0002416,0.00021944,0.00020888
0.000219104,0.00020934,0.00023904,0.00021428,0.00021133
0.000216027,0.00020071,0.00023199,0.00021528,0.0002094
0.000219757,0.00020198,0.00023753,0.00021891,0.00020731
0.000214739,0.00019672,0.0002349,0.000213695,0.00019909
0.000221494,0.00020207,0.00024122,0.000221685,0.00020207
0.000212599,0.00019507,0.00022986,0.000212425,0.00020072
0.000223283,0.00019737,0.00024691,0.0002234,0.00019737
0.000207633,0.00019095,0.00022674,0.0002054,0.00019209
0.000222924,0.000199,0.0002497,0.00022086,0.0002089
0.00020961,0.00019508,0.00022627,0.00020762,0.00019674
0.000219409,0.00019526,0.00024433,0.000220115,0.00019526
0.00021227,0.00019201,0.00022774,0.00021443,0.00020093
0.000216974,0.00019511,0.00024661,0.00021387,0.00019511
0.00021717,0.00019962,0.00023304,0.000217325,0.00020473
0.000212064,0.00019101,0.00023757,0.000210095,0.00019101
0.000223133,0.00019933,0.0002424,0.000224935,0.00021167
0.000209355,0.00019302,0.00022587,0.000210025,0.000198
0.000227014,0.0002074,0.00024844,0.00022547,0.00021051
0.000211604,0.00019358,0.00023249,0.000209935,0.00019564
0.000218386,0.00019294,0.00024521,0.00021875,0.00019743
0.000209147,0.00019062,0.0002256,0.000209155,0.00019808
0.000217485,0.00019824,0.0002404,0.00021394,0.00020308
0.000209905,0.00019327,0.00023278,0.00020602,0.00020079
0.000213941,0.00019411,0.00023577,0.00021254,0.00019616
0.00021483,0.00019968,0.00023835,0.00021055,0.00019968
0.000220966,0.00020027,0.00024183,0.00022111,0.00020027
0.00022195,0.00020077,0.00024328,0.000221835,0.00020077
0.000212019,0.00019467,0.00023256,0.0002108,0.00019467
0.000220196,0.00019723,0.00024521,0.00022255,0.00019835
0.000210775,0.00019381,0.00022691,0.0002106,0.00019381
0.000220198,0.00019647,0.00024346,0.000219115,0.00019647
0.00021126,0.00019308,0.00023433,0.000209135,0.0001946
0.000218202,0.00019834,0.00024232,0.000215645,0.00020107
0.000216721,0.00019776,0.00023451,0.00021689,0.00019776
0.00021625,0.00019758,0.00023784,0.00021546,0.00019758
0.000222422,0.00020045,0.00024468,0.0002225,0.00020179
0.000213602,0.00019576,0.00023643,0.000211275,0.00019576
0.00022387,0.00019634,0.00025085,0.000223715,0.00020417
0.000209761,0.00019447,0.0002288,0.00020986,0.00019483
0.000222496,0.00019733,0.00024811,0.00022154,0.00019733
0.000209262,0.00019523,0.00022646,0.00020903,0.00019523
0.000221644,0.00020189,0.00024536,0.000220335,0.00021089
0.00020796,0.00019198,0.00022717,0.00020668,0.00019842
0.000216579,0.00019994,0.00023383,0.00021558,0.00020616
0.00021467,0.00020005,0.00023069,0.00021456,0.00020046
0.000213794,0.00019414,0.00023544,0.00021012,0.00019913
0.000215406,0.00019041,0.00023784,0.000217735,0.00019715
0.000210604,0.00019253,0.00022833,0.00021171,0.00019253
0.000223032,0.00020014,0.00024773,0.000222725,0.00020186
0.000209673,0.00019097,0.00023167,0.000206805,0.00019097
0.000219867,0.00019295,0.00024497,0.00022024,0.00019708
0.000209786,0.00019211,0.00022509,0.00021098,0.00019419
0.000220499,0.00019691,0.00025132,0.000220205,0.00019707
0.000209326,0.00019113,0.00022938,0.00020771,0.00019851
0.000217809,0.00019618,0.00024358,0.00021596,0.0002047
0.000210497,0.0001969,0.00022857,0.000207925,0.00020121
0.000220009,0.0002086,0.00023797,0.00021546,0.00020869
0.00021936,0.00019981,0.00023941,0.00021813,0.00019981
0.000214941,0.00019389,0.00024008,0.00021378,0.00019886
0.000220224,0.00019549,0.00024702,0.00021854,0.00019699
0.000209614,0.00019272,0.00022881,0.00020906,0.00019741
0.000219459,0.00020094,0.0002407,0.000218345,0.00020193
0.000214503,0.00020653,0.00022819,0.000212615,0.00020763
0.000214986,0.00019621,0.00024173,0.000212115,0.00019829
0.000209282,0.0001952,0.00022253,0.00021205,0.00020212
0.000217556,0.00019787,0.00023809,0.00021502,0.0002023
0.000220759,0.0002041,0.00023755,0.00022005,0.0002041
0.000214811,0.00019661,0.0002335,0.00021371,0.00019661
0.000224151,0.00020243,0.00024484,0.0002253,0.00020243
0.000208775,0.00019217,0.00022741,0.00020827,0.00019657
0.00022129,0.00019584,0.00024886,0.00022083,0.00019584
0.000209204,0.00019391,0.00022317,0.000209035,0.00019391
0.000223799,0.00019712,0.00024902,0.000222115,0.00019712
0.000210719,0.0001958,0.00022437,0.00021166,0.0001958
0.000219704,0.00019429,0.00024322,0.00021859,0.00019429
0.000213374,0.00019674,0.00023239,0.000212865,0.00019674
0.000218451,0.00019765,0.00023957,0.00021669,0.0002056
0.000211169,0.00019808,0.00022997,0.000208355,0.00019913
0.000216762,0.00020102,0.00023112,0.0002167,0.00020281
0.000218715,0.0002008,0.00024084,0.00021726,0.0002035
0.000212179,0.0001939,0.00023579,0.000209295,0.0001987
0.00022004,0.00019765,0.00024798,0.00021824,0.00019853
0.00021168,0.00019657,0.00022826,0.000212295,0.00019677
0.0002206,0.00019609,0.00024706,0.00022044,0.00019797
0.00021149,0.00019214,0.00022738,0.00021313,0.00019657
0.000217425,0.00019799,0.00023852,0.00021763,0.00019799
0.000210166,0.00019533,0.00023005,0.00020736,0.00019781
0.000216458,0.00019943,0.00023877,0.000214655,0.00020132
0.000213834,0.00019435,0.00023568,0.0002129,0.00020195
0.000212125,0.00019276,0.00023502,0.000209615,0.00019464
0.000223709,0.0002026,0.00024518,0.000224025,0.0002026
0.000211346,0.00019243,0.00023025,0.00021112,0.0001925
0.000222464,0.00019637,0.00024595,0.0002231,0.00020303
0.000210429,0.00019467,0.00023296,0.000205665,0.00019603
0.000222179,0.00019919,0.00024421,0.000222625,0.00021205
0.00021028,0.00019403,0.00023507,0.00020449,0.00019403
0.000212816,0.00019389,0.00022935,0.00021452,0.00019826
0.00021128,0.00019551,0.00023228,0.000208585,0.00019917
0.000216049,0.00019492,0.00023862,0.000214245,0.00020345
0.000220257,0.00020116,0.00024119,0.000219195,0.00020314
0.000214984,0.0001971,0.00023441,0.00021546,0.0001971
0.000224135,0.00020125,0.00024851,0.00022444,0.00020125
0.000208587,0.00019276,0.00022824,0.000206045,0.00019807
0.000223895,0.0001967,0.00025985,0.00022044,0.0001967
0.000206807,0.00019225,0.00022129,0.000206265,0.00019225
0.000221467,0.00020054,0.00024302,0.00022066,0.00021119
0.000209746,0.00019531,0.00022543,0.000207945,0.00019531
0.00021731,0.00019678,0.00024092,0.00021715,0.00019678
0.000211715,0.00019924,0.00023954,0.00020522,0.00020153
0.000214375,0.00019722,0.00023451,0.000214035,0.00019722
0.000215124,0.00019456,0.0002381,0.000214065,0.00019456
0.000211216,0.00019362,0.00023496,0.00021139,0.00020134
0.000217416,0.00019783,0.00024161,0.000212925,0.00020164
0.000211145,0.00019305,0.0002299,0.00021066,0.00019305
0.000225428,0.00020452,0.00024605,0.00022537,0.00020452
0.00020697,0.00019364,0.00021964,0.000208505,0.00019364
0.00022066,0.00019707,0.00024791,0.00022062,0.0001989
0.00020899,0.00019585,0.00022578,0.000207035,0.00019585
0.000220603,0.00019873,0.00024737,0.00021815,0.00020033
0.000216637,0.00019977,0.00023466,0.00021575,0.00019977
0.000221095,0.0002031,0.00023912,0.000217825,0.0002031
0.00021704,0.00019607,0.00023957,0.000215925,0.00019801
0.000210766,0.00019251,0.00023408,0.00021047,0.00019286
0.000216976,0.00019617,0.0002441,0.00021411,0.00020618
0.000211686,0.00019149,0.00023424,0.000211245,0.00019483
0.000218776,0.00019543,0.0002428,0.000218615,0.00020459
0.000214649,0.00019903,0.00022998,0.0002145,0.00020265
0.000215404,0.00019553,0.00024117,0.00021428,0.00019684
0.000211295,0.00019608,0.00023419,0.00020679,0.00020411
0.00021441,0.00019443,0.0002366,0.000211975,0.00019731
0.000217736,0.00019919,0.00023612,0.000218095,0.00019919
0.000213189,0.00019425,0.00023357,0.00021326,0.00020076
0.000223394,0.00019899,0.00024624,0.00022499,0.00019899
0.000210071,0.00019281,0.00022702,0.00021087,0.00019462
0.000223495,0.00019913,0.00025128,0.0002245,0.00020281
0.0002086,0.00019317,0.00022405,0.00020816,0.00019523
0.00022421,0.0001984,0.00025317,0.000222885,0.00020784
0.00020973,0.00019512,0.00022729,0.00020676,0.00019738
0.000216708,0.00019294,0.00024344,0.000214775,0.00019294
0.00021298,0.0001978,0.00022834,0.000213255,0.00020045
0.000215646,0.0001946,0.00024181,0.000212585,0.0001963
0.000217359,0.00019318,0.00023574,0.000217475,0.00020355
0.000211934,0.00019353,0.00023657,0.000209615,0.00020104
0.00022366,0.00020413,0.00024374,0.00022302,0.00021103
0.000209499,0.00019129,0.00022661,0.000209375,0.00019665
0.000224569,0.00020765,0.0002487,0.000220355,0.00020984
0.000207118,0.00019071,0.00022711,0.00020654,0.00019327
0.000222205,0.0001997,0.0002468,0.000222825,0.0001997
0.000214771,0.00020264,0.00022753,0.000214735,0.00020682
0.000221805,0.00020374,0.00024315,0.00022025,0.0002102
0.000212174,0.00020007,0.00023017,0.00020882,0.00020007
0.00021913,0.00020307,0.00023731,0.000219095,0.00020469
0.00021847,0.00020052,0.00023521,0.00022001,0.00020208
0.000213173,0.00019331,0.00023596,0.000211735,0.00019331
0.000220836,0.00019754,0.00024687,0.000220005,0.00019754
0.00021154,0.00019401,0.00023352,0.000210255,0.00019551
0.000221144,0.00019661,0.00024637,0.00022027,0.00019661
0.000209325,0.00019094,0.00022679,0.000208825,0.00019529
0.00022121,0.00019856,0.00024705,0.0002198,0.00020096
0.000217149,0.00019866,0.00023024,0.000219675,0.00021142
0.000216529,0.00019277,0.00024325,0.00021513,0.00019277
0.000211267,0.00019396,0.00023334,0.00020862,0.00019545
0.000223676,0.00020908,0.00023912,0.00022205,0.00020908
0.000222581,0.00020218,0.00024709,0.00022113,0.00020218
0.00021484,0.00019407,0.0002355,0.000216,0.00019856
0.000220566,0.00019515,0.0002438,0.000220605,0.00020054
0.000217501,0.0002109,0.000226,0.00021711,0.0002109
0.000223957,0.00019872,0.00024784,0.000223575,0.00019872
0.000210002,0.00019483,0.00022704,0.00020843,0.0001989
0.000219914,0.00019859,0.00024175,0.000216815,0.00020206
0.000213127,0.00019954,0.00022609,0.000214,0.00020151
0.000215015,0.00019278,0.00024043,0.000213455,0.00019278
0.000213165,0.00019927,0.00022795,0.00021175,0.00019927
0.000213379,0.00019347,0.00023882,0.000210775,0.00019424
0.00021976,0.00019851,0.00024045,0.000219635,0.00019851
0.000211297,0.00019195,0.0002317,0.00021199,0.00019942
0.000221759,0.0001937,0.00024897,0.000224395,0.0001937
0.000210012,0.00019363,0.00023051,0.00020829,0.00019366
0.000220196,0.00019349,0.00024726,0.00022015,0.00019349
0.000207716,0.00019174,0.00023078,0.00020425,0.00019567
0.00022072,0.00020023,0.00024428,0.00022086,0.0002091
0.000212685,0.00019703,0.0002289,0.000213105,0.0001976
0.000217719,0.00019248,0.00024603,0.000217015,0.00019248
0.00021493,0.00019939,0.00023711,0.00021056,0.00020866
0.000214666,0.00019681,0.00023798,0.00021229,0.00019713
0.000219918,0.00020178,0.00023949,0.00021906,0.00020373
0.000213091,0.00019393,0.00023434,0.000213325,0.00019808
0.000217669,0.00019599,0.000244,0.000216035,0.00020227
0.000212669,0.00020091,0.00023012,0.00020886,0.00020091
0.000219554,0.00019872,0.00024362,0.00022236,0.00019984
0.000210661,0.00019718,0.00022721,0.000210825,0.00019797
0.000218831,0.00020265,0.00023714,0.00021909,0.00021106
0.000210594,0.00019163,0.00023422,0.000206125,0.00019163
0.000216721,0.00019709,0.00023805,0.00021566,0.00019709
0.00021648,0.0002009,0.00023564,0.000214535,0.0002009
0.00021071,0.00019263,0.00023046,0.00020856,0.00019263
0.000223885,0.00020199,0.00024635,0.00022352,0.00020744
0.000220872,0.00021702,0.00022888,0.000219165,0.00021751
0.000224109,0.00020436,0.00025054,0.000220545,0.00020961
0.000208339,0.00019219,0.00022528,0.000208365,0.00019578
0.000228601,0.00020837,0.0002507,0.00022794,0.00021246
0.000211811,0.00019714,0.00023102,0.00021139,0.00019714
0.000219719,0.00020014,0.00024237,0.000219065,0.00020619
0.000209701,0.00019405,0.00022969,0.0002083,0.00019705
0.000216216,0.00019686,0.00023905,0.00021499,0.00019686
0.000215349,0.00019777,0.00023709,0.000212955,0.00019784
0.000214699,0.00019631,0.00023841,0.000211115,0.00019678
0.000219532,0.00019202,0.000245,0.0002204,0.00020235
0.000213626,0.00019859,0.00023553,0.000209895,0.0001999
0.00022236,0.00019731,0.00024851,0.000222015,0.00019731
0.000209408,0.00019286,0.00022838,0.00020795,0.00019465
0.000221671,0.00020303,0.00024149,0.000221315,0.00021078
0.000214256,0.000199,0.00023035,0.000213775,0.00020076
0.000215784,0.00019587,0.00023875,0.000214055,0.00019886
0.000210283,0.00019878,0.00022623,0.00020747,0.00020078
0.000214698,0.00019131,0.00023898,0.00021432,0.00019779
0.000218557,0.00020008,0.00023787,0.00021875,0.00020309
0.000212161,0.0001938,0.00023579,0.000210405,0.00019492
0.000219048,0.00019117,0.00024197,0.000222945,0.00019202
0.000211554,0.00019286,0.00023093,0.00021182,0.00019286
0.000221594,0.00019827,0.00024852,0.00022137,0.00019827
0.000211772,0.00019397,0.00023367,0.00020961,0.00019397
0.00022034,0.00020133,0.00024414,0.00021811,0.00020629
0.00021439,0.00019345,0.00023343,0.00021453,0.00020102
0.000222277,0.00020365,0.00024274,0.00022019,0.0002088
0.000215146,0.0002001,0.00024075,0.00020888,0.0002001
0.000211738,0.00019297,0.00023478,0.000208675,0.00019823
0.000216976,0.0001979,0.00024082,0.00021443,0.0002001
0.00021082,0.00019298,0.00023328,0.00021192,0.00019298
0.000220241,0.0001955,0.00024826,0.000220385,0.00020344
0.000211205,0.00019277,0.00023333,0.000210705,0.00019431
0.000223932,0.00020281,0.0002473,0.0002232,0.0002089
0.000211511,0.00019621,0.00022331,0.00021222,0.00019621
0.00022175,0.00020419,0.00024251,0.00022095,0.00020848
0.000207119,0.00019515,0.00022447,0.00020527,0.00019803
0.000217956,0.00019726,0.00024148,0.00021628,0.00020277
0.000210758,0.0001975,0.000232,0.00020519,0.0001975
0.000215096,0.00019696,0.00023265,0.000214535,0.00019696
0.000219702,0.00019437,0.0002449,0.000220055,0.00020345
0.000213224,0.000197,0.00023616,0.00021056,0.00019769
0.000220735,0.00019361,0.00024803,0.00022003,0.0002021
0.000218916,0.00020703,0.00023135,0.000218815,0.00020703
0.000224059,0.00020644,0.00024516,0.000222505,0.00020699
0.00020838,0.00019486,0.0002265,0.00020449,0.00019486
0.000222744,0.00019472,0.00024685,0.000222485,0.00019472
0.000220309,0.00021347,0.00023558,0.0002165,0.00021653
0.000221231,0.00019671,0.00024702,0.000220495,0.00020942
0.000214495,0.00019491,0.00023198,0.000215985,0.00020071
0.000216184,0.00019732,0.0002405,0.000213635,0.00020064
0.000218435,0.00019743,0.00024111,0.00021778,0.00020118
0.00021408,0.00019653,0.000236,0.000211315,0.00019759
0.000221241,0.00019915,0.00024518,0.000220965,0.00020263
0.000212336,0.00019861,0.00022733,0.000212565,0.00020299
0.000219962,0.00019535,0.00024843,0.000219085,0.00019941
0.00021039,0.00019319,0.00023662,0.00020574,0.00019549
0.000216917,0.00019299,0.00024653,0.000212075,0.00020086
0.000210921,0.00019446,0.00023242,0.00020933,0.00020082
0.000213325,0.00019342,0.00023574,0.000212945,0.00019761
0.000219148,0.00020256,0.00023721,0.000218415,0.00020433
0.00021287,0.00019272,0.00023415,0.000210545,0.00019696
0.000222854,0.00020213,0.00024794,0.00022132,0.00020213
0.000211954,0.00019479,0.00023141,0.000209935,0.00020029
0.000224754,0.00020164,0.00024744,0.00022446,0.00021361
0.000210189,0.00019558,0.00022855,0.000209375,0.00019558
0.000223365,0.00019526,0.00025195,0.00022173,0.00019526
0.00020961,0.00019187,0.00022644,0.00021066,0.00019439
0.000218253,0.00019484,0.00024507,0.000215915,0.00020624
0.000208329,0.00019139,0.00022761,0.000207455,0.00019759
0.000214429,0.0001951,0.00023903,0.00021254,0.00019554
0.000217725,0.00020016,0.00023539,0.000217745,0.00020016
0.000209739,0.00019213,0.00023104,0.000209405,0.00019213
0.000219774,0.00019272,0.00024542,0.000221395,0.00020198
0.000214831,0.0002012,0.00022907,0.00021464,0.00020451
0.000227863,0.00020934,0.00025052,0.00022627,0.00021333
0.000208709,0.00019134,0.0002307,0.00020788,0.00019134
0.000220029,0.00019678,0.00024637,0.00021957,0.00020018
0.000209464,0.00019781,0.00022168,0.000209985,0.00019781
0.00021985,0.00020092,0.00024326,0.000218495,0.00020092
0.000211001,0.00019224,0.00023288,0.0002098,0.0002028
0.000217559,0.00019565,0.00024035,0.00021471,0.00020273
0.00021833,0.00020281,0.00023503,0.000217465,0.00020349
0.000213881,0.00019454,0.00023397,0.00021252,0.00019454
0.000221395,0.00019863,0.00024509,0.00022137,0.00019863
0.000210928,0.00019244,0.00023264,0.00020767,0.00019937
0.000222384,0.00019856,0.00024706,0.000222725,0.00020924
0.000208778,0.00019389,0.0002261,0.00020572,0.00019389
0.000221296,0.00019595,0.00024923,0.000220195,0.00019956
0.00021568,0.00019642,0.00023728,0.00021425,0.00019642
0.000216448,0.00019433,0.00024152,0.000214785,0.00020187
0.000216116,0.00019685,0.00023207,0.00021779,0.00019685
0.000216734,0.00019576,0.00024068,0.000216395,0.00020448
0.000219043,0.00019299,0.00024486,0.000220095,0.00020648
0.000213678,0.00019647,0.00023489,0.000214095,0.00019728
0.000221709,0.00019873,0.00024588,0.00022074,0.00020182
0.000209684,0.0001919,0.00022894,0.00021015,0.00019593
0.000221836,0.00019597,0.00025971,0.00021614,0.00021006
0.000214525,0.00020609,0.00022935,0.000211495,0.00020609
0.000219815,0.00019579,0.00024037,0.00022018,0.00020958
0.000209889,0.00019658,0.0002284,0.00020606,0.00019658
0.0002165,0.00019495,0.0002364,0.000216665,0.00020081
0.000209048,0.00019654,0.0002297,0.00020669,0.00020125
0.000213432,0.00019127,0.00024068,0.00021107,0.00019361
0.000219179,0.00020106,0.00023572,0.0002194,0.00020106
0.000214362,0.00019993,0.00022979,0.000213385,0.00020214
0.000224656,0.00020184,0.00025381,0.00022105,0.00020608
0.000213156,0.00019758,0.00022965,0.0002114,0.00020088
0.000222848,0.00019752,0.00025356,0.000220845,0.000199
0.000213918,0.0001987,0.00023008,0.000213045,0.00020169
0.000220029,0.00019617,0.00024568,0.00021621,0.0002023
0.000209161,0.00019208,0.0002317,0.0002055,0.00019576
0.000222153,0.00019491,0.00025246,0.0002204,0.00020163
0.00021141,0.00019261,0.00023644,0.0002082,0.00020507
0.00021465,0.00019323,0.0002373,0.000213585,0.00019591
0.000218411,0.00019504,0.00024261,0.00021835,0.00019504
0.000216516,0.00019391,0.00023999,0.00021655,0.00019884
0.000218788,0.00019719,0.00024486,0.000217195,0.00020265
0.000209504,0.00019127,0.00022903,0.000209015,0.00019303
0.000218738,0.00019672,0.00024201,0.000220245,0.00019923
0.000210011,0.00019715,0.00022439,0.00020846,0.00020057
0.000216905,0.00019512,0.00024165,0.000215925,0.00019512
0.000216324,0.00019432,0.00023904,0.00021707,0.00020176
0.000215282,0.00019769,0.00023232,0.000214945,0.00020218
0.000216531,0.00020271,0.00023742,0.00021322,0.00020318
0.000212103,0.00019211,0.00023172,0.00021026,0.00019211
0.000222891,0.00020141,0.00024468,0.000223365,0.00020278
0.000211121,0.00019022,0.00023323,0.000209745,0.00019022
0.000224258,0.00019942,0.00025032,0.000223205,0.00019942
0.000214496,0.00019491,0.00023324,0.00021452,0.00019491
0.000220866,0.00019498,0.00024489,0.00021911,0.00019498
0.000209163,0.00019349,0.00022328,0.00021016,0.00019662
0.000219325,0.00019964,0.00024005,0.00021979,0.00020879
0.000208286,0.0001938,0.00022745,0.00020413,0.0001938
0.000215986,0.00019504,0.00023957,0.00021639,0.00019504
0.000213285,0.00019294,0.00023149,0.00021449,0.0001941
0.000214996,0.00019436,0.00023865,0.000213495,0.00019436
0.000222546,0.0001995,0.00024672,0.000222325,0.0001995
0.000207864,0.00019188,0.00023079,0.00020571,0.00019188
0.000220613,0.00019419,0.00024666,0.00022112,0.00019733
0.000211087,0.00019718,0.00022578,0.000211165,0.00019903
0.000219921,0.000197,0.00024231,0.000219935,0.000197
0.000211756,0.00019352,0.00023151,0.0002107,0.00019934
0.000217184,0.00019495,0.00024177,0.000216535,0.00019941
0.000208819,0.00019615,0.0002219,0.000208505,0.00019983
0.000218052,0.00019741,0.00023772,0.00021721,0.00020744
0.000216404,0.00019838,0.00023355,0.000216205,0.00019838
0.000213085,0.00019553,0.00023322,0.00021287,0.00019614
0.000220329,0.00020095,0.00024357,0.00022097,0.00020115
0.000212172,0.00019331,0.00023259,0.000211535,0.00019593
0.000219535,0.00019963,0.00024228,0.000216125,0.00019963
0.000210901,0.00019613,0.00023049,0.00020761,0.00019646
0.000223361,0.00020053,0.00024802,0.0002244,0.00021445
0.000210418,0.00019157,0.00023579,0.000206115,0.0001994
0.000216284,0.00019365,0.00024068,0.00021766,0.00019573
0.000214903,0.00019024,0.00023515,0.000215935,0.00019456
0.0002152,0.00019258,0.00024133,0.00021361,0.00019258
0.000222139,0.00019974,0.00024609,0.000221785,0.00019974
0.000218706,0.0002027,0.00023636,0.000218615,0.0002027
0.000218858,0.00019586,0.00024074,0.000219865,0.00020085
0.000210132,0.00019503,0.00022819,0.00020942,0.0002006
0.000222914,0.0002029,0.00024454,0.000222,0.00021029
0.000208792,0.00019242,0.00022859,0.000208865,0.00019242
0.00022028,0.00020283,0.00024129,0.000220205,0.00020988
0.000210136,0.00019534,0.00022784,0.000209115,0.00019769
0.00021842,0.00019809,0.00023934,0.000217395,0.00019809
0.000210454,0.00020038,0.00022786,0.00020759,0.00020154
0.000215489,0.00019358,0.00023745,0.0002155,0.0002025
0.000218956,0.0002007,0.00023747,0.000217915,0.0002029
0.000212654,0.00019266,0.00023436,0.00021132,0.00019725
0.000223706,0.0001972,0.00024662,0.000224285,0.0001972
0.000222114,0.00021559,0.00022693,0.00022201,0.00021856
0.000226346,0.00020869,0.00024365,0.00022612,0.00021652
0.000209018,0.00019279,0.00022402,0.000210375,0.0001954
0.000224648,0.00020507,0.00024705,0.000221815,0.00021186
0.000211329,0.00019687,0.00022788,0.00021107,0.00019687
0.000222616,0.00020748,0.00024533,0.00021878,0.00020981
0.000214418,0.00019621,0.00023227,0.000214525,0.00019997
0.000223735,0.00021059,0.00023759,0.000223755,0.00021059
0.000219296,0.0002008,0.00024073,0.000218665,0.0002008
0.000210449,0.00019136,0.00023188,0.00020973,0.00019719
0.000221342,0.00020121,0.00024499,0.00022126,0.00020281
0.000211731,0.00019626,0.00022878,0.000211085,0.00019897
0.000218786,0.00019822,0.00024235,0.000219415,0.00019822
0.000209446,0.00018917,0.00023308,0.00020576,0.00019643
0.000218159,0.00019692,0.00024072,0.000217625,0.00020444
0.000216004,0.00020026,0.00023336,0.00021604,0.00020121
0.000213527,0.00019418,0.00023359,0.00021431,0.00019663
0.00021242,0.00019343,0.00022856,0.000214005,0.00020474
0.000211098,0.00019125,0.0002323,0.000210575,0.00019846
0.000223423,0.00020034,0.00024723,0.00022492,0.00020068
0.000209452,0.0001929,0.00022649,0.000209775,0.00019358
0.000224239,0.00020946,0.00024924,0.000218905,0.00021161
0.000206319,0.00019044,0.00022237,0.00020486,0.00019344
0.000222945,0.00020287,0.00024787,0.00022282,0.00021211
0.00021079,0.00019272,0.00022854,0.0002107,0.00019619
0.000219664,0.00019773,0.00024528,0.000218525,0.00019773
0.000207656,0.00019568,0.00022271,0.00020547,0.00020329
0.000221623,0.0002039,0.00024307,0.000220315,0.00020927
0.000215906,0.0001993,0.00023533,0.00021378,0.00020172
0.000215587,0.00019761,0.00023794,0.000214985,0.00019818
0.000219741,0.00019448,0.00024341,0.000220685,0.00019452
0.000209391,0.00019268,0.00022544,0.000208575,0.00019268
0.000219594,0.00020103,0.00024253,0.00021747,0.00020369
0.000209067,0.00019106,0.00022929,0.00020786,0.00019382
0.000222331,0.00020151,0.00024321,0.000220275,0.00021365
0.00021432,0.00020729,0.00022494,0.00021336,0.00020729
0.00022092,0.00020205,0.00024415,0.000218455,0.00020205
0.000208849,0.00019452,0.00023023,0.0002044,0.0002021
0.000219767,0.00019844,0.00024267,0.0002187,0.00019887
0.000213986,0.00019798,0.00023917,0.00020969,0.00019976
0.000210514,0.00019043,0.00023293,0.00020918,0.00019043
0.000225249,0.00020895,0.00024738,0.000222755,0.00020895
0.000213489,0.00019265,0.00023247,0.000213905,0.00019891
0.000220354,0.00019925,0.00024628,0.000220365,0.00019986
0.000215885,0.00020352,0.00022905,0.000215815,0.00020515
0.000220024,0.00019843,0.00024564,0.00021773,0.00020021
0.000213816,0.00019744,0.00023266,0.00021292,0.00019744
0.000218601,0.00019646,0.00024369,0.00021828,0.00019646
0.000216922,0.00019913,0.00023317,0.00021755,0.00020334
0.000215406,0.00019437,0.00023838,0.000214075,0.00019724
0.000221478,0.00020101,0.00024339,0.000221435,0.00020106
0.000217246,0.00020429,0.00023194,0.000216845,0.00020429
0.00022061,0.00019757,0.00024578,0.00021985,0.00020353
0.000217734,0.00020754,0.00023085,0.0002169,0.00020874
0.000219933,0.00019618,0.00024391,0.00022058,0.00020253
0.00021526,0.0002058,0.00022663,0.000215335,0.0002058
0.000218959,0.00019924,0.0002396,0.000218195,0.00020853
0.000211741,0.00019793,0.00022529,0.00021176,0.00019793
0.000217138,0.00019953,0.00023752,0.00021581,0.00020307
0.000211306,0.00019945,0.0002225,0.00021156,0.00020022
0.000213471,0.0001961,0.00023546,0.000211245,0.0001961
0.000218503,0.0001948,0.00023949,0.000219325,0.0001948
0.000210217,0.00019317,0.00022937,0.000212275,0.00019317
0.000221391,0.00019429,0.00024999,0.00022296,0.0001948
0.000210289,0.00019309,0.00022786,0.000210995,0.0001983
0.000224746,0.00019833,0.00025391,0.00022533,0.00019833
0.000208704,0.00019361,0.00022361,0.000208435,0.00019649
0.00022455,0.00020423,0.00024695,0.000222945,0.00020423
0.000212714,0.000197,0.00022796,0.000213765,0.00019896
0.000221596,0.00020182,0.00024724,0.000219825,0.00020581
0.000215169,0.00020255,0.0002297,0.0002146,0.00020533
0.000214838,0.00019408,0.0002368,0.000213035,0.00019508
0.000219206,0.00019725,0.00024305,0.00021753,0.00019725
0.000213399,0.0001915,0.00023297,0.00021461,0.00019898
0.00022025,0.00019588,0.00024627,0.00021939,0.00020499
0.000221531,0.00021302,0.00023324,0.000220735,0.00021343
0.000219678,0.00019881,0.0002431,0.000218825,0.00019881
0.00020805,0.00019352,0.00022802,0.000207895,0.0001961
0.000216041,0.00019433,0.00023765,0.00021615,0.00020666
0.00021586,0.00019543,0.00023243,0.000217735,0.00020312
0.000216271,0.00019956,0.00023547,0.000214915,0.00020009
0.000218271,0.00019135,0.00024075,0.000219995,0.00020388
0.000212975,0.00019535,0.00023406,0.00021173,0.00019911
0.000227831,0.0002076,0.00025049,0.00022619,0.00021557
0.000225584,0.00021566,0.0002391,0.000223655,0.00021566
0.000230527,0.00021417,0.00024984,0.000229905,0.00021417
0.000223454,0.0002156,0.00023826,0.000220205,0.0002161
0.000220424,0.0002064,0.00023702,0.000217255,0.0002064
0.000219751,0.00020876,0.00023768,0.00021681,0.00021059
0.000326604,0.00030712,0.00034545,0.000329305,0.00030712
0.000219738,0.00021071,0.00023523,0.00021607,0.00021126
0.000216285,0.00019457,0.00023873,0.00021512,0.00019457
0.000225662,0.0002012,0.00024922,0.000224505,0.00021629
0.000216489,0.00020396,0.00022909,0.00021692,0.00020396
0.000231344,0.00021647,0.00025614,0.000228165,0.00021869
0.000223638,0.00020712,0.00023885,0.000223735,0.00020712
0.000225296,0.00021009,0.00024222,0.00022339,0.00021009
0.000227185,0.00021525,0.00024089,0.000227695,0.00023201
0.00023157,0.00021543,0.00024431,0.000233745,0.00023776
0.000212451,0.0002079,0.00022059,0.000210605,0.0002079
0.000220821,0.00020862,0.00023798,0.000218395,0.00020862
0.000224246,0.00021106,0.00024307,0.000221325,0.00021336
0.000217617,0.00020417,0.00022932,0.00021781,0.00020417
0.000226283,0.00020914,0.00025111,0.00022401,0.00021052
0.000218395,0.00020278,0.0002322,0.00021866,0.00020278
0.000221591,0.00019958,0.00025412,0.000216425,0.00019958
0.00021828,0.00021165,0.00023009,0.00021476,0.000212
0.000222751,0.00019401,0.00025161,0.00022346,0.00020144
0.000218806,0.00020931,0.00023365,0.00021659,0.00021137
0.000217527,0.00019561,0.00024494,0.000214945,0.00020172
0.000217574,0.00020807,0.00023702,0.00021249,0.00020807
0.000220599,0.00020947,0.00023219,0.00022011,0.00020947
0.00022422,0.00021134,0.0002429,0.00022043,0.00021137
0.000222019,0.00020695,0.00023297,0.000223815,0.00020695
0.000222054,0.00019967,0.00025041,0.000220065,0.00019967
0.000220034,0.00020874,0.00022808,0.000223085,0.00021045
0.000220879,0.00020505,0.00024262,0.00021769,0.00020505
0.000216143,0.0002057,0.00023553,0.000210625,0.0002057
0.000223835,0.00020874,0.00024706,0.00021852,0.00020874
0.000221247,0.00021119,0.00024012,0.000216615,0.00021119
0.000219264,0.00020768,0.00023675,0.000216755,0.00020768
0.000223027,0.00021032,0.0002393,0.00022102,0.00021465
0.000222794,0.00021231,0.00023802,0.000221045,0.00021641
0.000237477,0.00023191,0.00024427,0.000236365,0.00023191
0.000225026,0.00021339,0.00023604,0.000225865,0.00022979
0.000233499,0.0002245,0.00023893,0.000235115,0.00023057
0.000209646,0.0002005,0.00022168,0.00020834,0.00020158
0.00022981,0.00021498,0.0002513,0.00022713,0.00021498
0.000220104,0.0002155,0.00022442,0.000220325,0.00021828
0.000236426,0.00022464,0.00024955,0.00023743,0.00024088
0.000223323,0.00020839,0.00023222,0.000225965,0.0002286
0.000231947,0.00021872,0.00024274,0.000233835,0.0002356
0.000220084,0.00020947,0.00022856,0.000220905,0.00021735
0.000231359,0.0002101,0.00025653,0.000230645,0.00025653
0.000233752,0.00022676,0.00023741,0.00023455,0.00023741
0.000220925,0.00021424,0.00023142,0.000219225,0.00021424
0.000228032,0.00021218,0.00025136,0.00022351,0.00021623
0.00021751,0.00020755,0.0002315,0.000215145,0.00020755
0.000229465,0.00021958,0.0002447,0.00022546,0.00021958
0.000217453,0.00020892,0.00023094,0.00021457,0.00020892
0.000225881,0.00020816,0.00024627,0.000224035,0.00020816
0.000216371,0.00021057,0.00022914,0.000212765,0.00021116
0.000222389,0.00020656,0.00023888,0.000221335,0.00020656
0.000221725,0.00021044,0.00024266,0.00021652,0.00021044
0.000218534,0.00020172,0.00023447,0.000218695,0.00020172
0.000223027,0.0002105,0.00024111,0.00022135,0.00021241
0.000218226,0.00020204,0.00023625,0.00021749,0.00020204
0.000228086,0.00021311,0.00024719,0.0002254,0.00021311
0.000216771,0.00020806,0.00022903,0.00021368,0.00020806
0.000224405,0.00020694,0.00024558,0.000222745,0.00020694
0.000209154,0.00019101,0.00023545,0.000205635,0.00019922
0.000232891,0.00020429,0.00028394,0.000217745,0.00020429
0.000219126,0.00020841,0.00023555,0.000216,0.00020841
0.000217201,0.00020311,0.00023643,0.000214765,0.00020311
0.000221681,0.0002124,0.00024306,0.00021593,0.00021259
0.000217996,0.00019626,0.00024176,0.00021719,0.00019998
0.000225031,0.00020883,0.00024182,0.000225535,0.00020944
0.00021713,0.00020698,0.00023005,0.000217595,0.00020698
0.000227164,0.00020912,0.00025007,0.000225585,0.00020912
0.000216942,0.00020997,0.00022738,0.00021485,0.00021177
0.000222984,0.00020589,0.00024722,0.000219165,0.00020589
0.000215052,0.00020747,0.00022815,0.00021204,0.00020832
0.000222785,0.00020795,0.00024309,0.000219005,0.00020795
0.000213459,0.00020315,0.00023249,0.000208345,0.00020524
0.000229844,0.00021523,0.00024375,0.00022965,0.00021523
0.000214776,0.00019561,0.00023574,0.000214935,0.00019572
0.000217814,0.00020277,0.00023204,0.00021741,0.00020277
0.000218104,0.00019649,0.00024867,0.000215225,0.00019649
0.000213116,0.00020256,0.00022602,0.0002112,0.00020256
0.000229017,0.00021561,0.00024902,0.000227515,0.00021561
0.000222846,0.00021014,0.00023816,0.00022112,0.00021014
0.000225232,0.0002077,0.0002451,0.000225265,0.0002077
0.000218367,0.00020934,0.00023652,0.000213405,0.0002128
0.000234334,0.00022873,0.00024206,0.00023362,0.00022939
0.000256279,0.00021909,0.00029729,0.000255115,0.00029729
0.00023391,0.0002118,0.00025168,0.00023762,0.00024621
0.000247014,0.00022325,0.00030105,0.00023263,0.00023033
0.000224637,0.00021434,0.00023175,0.00022541,0.00021434
0.000220141,0.00020023,0.00024108,0.00021919,0.00020023
0.000213619,0.00019324,0.00023625,0.000211705,0.00019356
0.000223131,0.00020817,0.0002505,0.000217065,0.00020817
0.000212955,0.00019367,0.00023646,0.000211,0.00019592
0.000220748,0.00020211,0.0002431,0.000220365,0.00020211
0.000216521,0.00020913,0.00023446,0.000210985,0.00020913
0.000221724,0.00020505,0.00023929,0.00022014,0.00020505
0.000217853,0.0002056,0.00024203,0.0002118,0.0002056
0.000210081,0.00018968,0.00023381,0.000208695,0.00018968
0.000231841,0.00022061,0.0002456,0.00023024,0.00022388
0.000221204,0.00020456,0.00023766,0.00022141,0.00020456
0.000223369,0.00021099,0.00024123,0.00021922,0.00021201
0.000218298,0.00020838,0.00022478,0.000219535,0.00020838
0.000231894,0.00021659,0.00025122,0.000230485,0.00021659
0.000227753,0.00020759,0.00024187,0.00023027,0.0002358
0.000225537,0.00021851,0.00023303,0.00022515,0.00022335
0.000209246,0.00019588,0.00022613,0.000206985,0.00019588
0.000223964,0.00021477,0.00023226,0.0002236,0.00021477
0.000219428,0.00020727,0.00023896,0.00021548,0.00021625
0.000216389,0.00019593,0.00023679,0.000216315,0.00019811
0.00022141,0.00020887,0.00024208,0.000216855,0.0002121
0.000219654,0.00020714,0.00023485,0.000218295,0.00020714
0.000233226,0.00021806,0.00025545,0.00023092,0.00021913
0.000217725,0.00021179,0.00022332,0.000217615,0.00021584
0.000235359,0.00022389,0.00024258,0.00023664,0.00023838
0.000217161,0.00020955,0.00022416,0.000217185,0.00020955
0.000238245,0.0002223,0.00028891,0.000232245,0.0002223
0.000218748,0.000206,0.00022823,0.00022051,0.000206
0.000216625,0.00019214,0.00024135,0.00021629,0.0001988
0.000214136,0.00019958,0.00023055,0.000213335,0.00019958
0.000214478,0.00019898,0.00023514,0.000213485,0.00019898
0.000219795,0.00020141,0.0002432,0.000219265,0.00020141
0.000211322,0.00019391,0.00023085,0.00020946,0.00019932
0.000228933,0.00020932,0.00025279,0.000227975,0.000213
0.000221446,0.00020909,0.00023784,0.000218785,0.00020909
0.000222826,0.0002038,0.00024329,0.00022387,0.0002038
0.00021799,0.00020531,0.00023735,0.000214185,0.00020531
0.000223738,0.00020219,0.00025051,0.000223035,0.00021233
0.00021508,0.00020328,0.00023938,0.00020793,0.00020328
0.000215364,0.00019265,0.00023954,0.00021189,0.00019875
0.000220004,0.00020956,0.00023548,0.000216965,0.00020957
0.000208536,0.00018942,0.0002285,0.000207785,0.00019409
0.00022037,0.00019713,0.000245,0.000216885,0.00020339
0.000215086,0.00019217,0.00023963,0.000215055,0.00019583
0.000223565,0.00020193,0.00025127,0.00022024,0.00021257
0.000216997,0.00021003,0.00022488,0.000215545,0.00021014
0.000225202,0.00020612,0.00025246,0.00022245,0.00020612
0.000211929,0.00020932,0.0002168,0.0002116,0.00021143
0.000233543,0.00021841,0.00025,0.00023414,0.00024188
0.000228469,0.00022093,0.00023648,0.00022907,0.00023288
0.000226229,0.00020748,0.00024642,0.000226395,0.0002359
0.000215594,0.00020833,0.00022591,0.0002132,0.00021264
0.000219695,0.00020235,0.00023594,0.00022036,0.00020235
0.000226757,0.00020968,0.00024603,0.000225525,0.00021311
0.000217286,0.00020536,0.00022969,0.000218215,0.00020536
0.000239686,0.00023163,0.00025654,0.000239035,0.00023403
0.000216538,0.00020387,0.00023072,0.00021555,0.00020387
0.000218881,0.0001983,0.000244,0.000217595,0.0001983
0.000217616,0.00020702,0.00023346,0.00021494,0.00020702
0.00021987,0.00020151,0.00024021,0.00021764,0.00020151
0.000220636,0.00020835,0.00023418,0.000220615,0.00020978
0.000224731,0.0002052,0.00024732,0.000223375,0.0002052
0.000221737,0.00020943,0.00024017,0.00021765,0.00021109
0.000231793,0.00020498,0.00026185,0.00023152,0.00020498
0.000221572,0.00019811,0.0002489,0.000220335,0.00020197
0.000218681,0.00020606,0.00023242,0.00021751,0.00020606
0.000229139,0.00021602,0.0002424,0.000229075,0.00021602
0.000221144,0.00021096,0.00023262,0.00022115,0.00021096
0.000221446,0.00020675,0.00024064,0.000219515,0.00020675
0.000219427,0.00021101,0.00023579,0.000215995,0.00021101
0.000221318,0.00020441,0.00023993,0.00022025,0.00020441
0.000220274,0.00021039,0.00024491,0.000214015,0.00021454
0.000220046,0.00020802,0.00023495,0.00021787,0.00020802
0.000220161,0.0001982,0.00024492,0.00021927,0.00019901
0.000215131,0.00020444,0.00022489,0.0002169,0.00020444
0.000229795,0.00021006,0.00026106,0.000224535,0.00021006
0.000217353,0.00020097,0.00023689,0.00021596,0.00020097
0.000229064,0.00021183,0.0002517,0.0002269,0.00021204
0.000217691,0.00021256,0.00022227,0.000218075,0.00021338
0.000220574,0.00020218,0.00024122,0.00021996,0.00020218
0.000217084,0.00020943,0.00023283,0.000213925,0.00021263
0.000224701,0.00020863,0.00024579,0.000223505,0.00020863
0.000222102,0.0002094,0.00024043,0.000217975,0.0002134
0.000212731,0.0001909,0.00023485,0.00021267,0.00019731
0.00022327,0.00021187,0.00024437,0.00021808,0.00021555
0.000223793,0.00020376,0.00024146,0.00022475,0.00020376
0.000223451,0.00021087,0.00023901,0.000221665,0.00021087
0.000221691,0.00021238,0.0002319,0.00022087,0.00021238
0.000227705,0.00021472,0.00025598,0.00022121,0.00021472
0.000215789,0.00020766,0.0002296,0.000212385,0.00020766
0.000217898,0.0001957,0.00024373,0.000216615,0.0001957
0.000214752,0.00020419,0.00023188,0.00021099,0.00020419
0.000218316,0.00020172,0.00023794,0.00021571,0.00020172
0.000221676,0.00020695,0.00024132,0.00021944,0.00020854
0.00021975,0.00020323,0.00023574,0.00021932,0.00020323
0.000223446,0.00021243,0.00023648,0.00022167,0.00021449
0.000232597,0.00021975,0.00024138,0.000232195,0.00023505
0.00023233,0.00022073,0.00024263,0.000233945,0.00023554
0.00022484,0.00020497,0.00023971,0.00022691,0.00023541
0.0002242,0.0002125,0.00023614,0.00022346,0.00022031
0.000211913,0.00018984,0.00023406,0.0002099,0.00019873
0.000220186,0.00020484,0.00023443,0.00021588,0.00020484
0.000220961,0.00020929,0.00024199,0.000216825,0.00020929
0.000218753,0.00019112,0.00024528,0.000219375,0.00019749
0.000218159,0.00019936,0.00024271,0.000213975,0.00019946
0.000215699,0.00019942,0.00023157,0.000215615,0.00019942
0.000225759,0.00021313,0.00024387,0.00022283,0.00021322
0.000208026,0.00019276,0.00022516,0.00020704,0.00019859
0.000228691,0.00021089,0.00025147,0.00022629,0.00021089
0.000208661,0.00019086,0.00022649,0.00020927,0.00019086
0.0002284,0.00021817,0.00024306,0.000225495,0.00021817
0.000211715,0.00019391,0.0002311,0.00020943,0.00019788
0.000221236,0.00020112,0.00024289,0.00022,0.00020112
0.000214094,0.00020764,0.00021931,0.00021392,0.00021286
0.000229525,0.0002159,0.00024519,0.000228145,0.00023379
0.000227361,0.00020731,0.00023863,0.00023113,0.00023312
0.000216575,0.00020562,0.00022499,0.000217485,0.00022133
0.000229234,0.00021067,0.00023726,0.000234135,0.00023404
0.00021067,0.00018946,0.00023165,0.000211025,0.00019543
0.000225975,0.00020829,0.00024776,0.000225485,0.00021318
0.000217495,0.00020517,0.00023197,0.00021648,0.00020517
0.000228894,0.00020689,0.00025325,0.0002262,0.00020689
0.000217623,0.00020987,0.00023199,0.000214755,0.00021146
0.000219197,0.00019313,0.0002475,0.000217645,0.0001996
0.000213851,0.00019302,0.0002389,0.000212245,0.00020249
0.000216152,0.00019783,0.00023873,0.00021521,0.00019783
0.00021799,0.00019579,0.00024116,0.00021623,0.00020361
0.000219906,0.00019751,0.0002409,0.00022034,0.00019751
0.00022346,0.00021091,0.00024158,0.00022128,0.00021144
0.000222882,0.00021272,0.00023339,0.00022235,0.00021272
0.00022743,0.00021325,0.00024432,0.000225555,0.00021325
0.000210361,0.00019302,0.00023222,0.00020617,0.00019302
0.000218944,0.0002024,0.00023989,0.000215205,0.00020908
0.000217733,0.00020759,0.00023356,0.00021492,0.00021031
0.000220408,0.00020956,0.00023207,0.000219915,0.00020956
0.000225214,0.00021207,0.00023911,0.00022443,0.00021589
0.000220333,0.00020453,0.00023563,0.0002205,0.00020453
0.000251039,0.00020976,0.00030376,0.000246955,0.00021309
0.000225052,0.0002164,0.00023533,0.000224305,0.0002164
0.000236035,0.00022327,0.00025795,0.0002308,0.0002273
0.000207935,0.00019098,0.00022743,0.000206545,0.00019678
0.000230074,0.00021178,0.00024928,0.00022915,0.00021178
0.00022315,0.00021679,0.00023207,0.000221415,0.00021961
0.000228666,0.00021732,0.00024472,0.000225675,0.00021732
0.000216116,0.00020783,0.00022817,0.000213625,0.00020783
0.000230824,0.00020866,0.00025177,0.000230845,0.00020866
0.000219491,0.00020738,0.00024144,0.00021401,0.000209
0.00022246,0.00020602,0.00023996,0.00022242,0.00020602
0.000225119,0.00020928,0.00024052,0.000226915,0.00021195
0.00023593,0.00020546,0.00028842,0.000224455,0.00020546
0.00022917,0.0002126,0.00023736,0.00023178,0.00023122
0.000227148,0.00021418,0.00023803,0.00022678,0.00023164
0.00023198,0.00021231,0.00024754,0.000233235,0.00024033
0.000215196,0.00020296,0.00022331,0.00021577,0.00021185
0.000226256,0.00020913,0.00024652,0.00022435,0.00020913
0.000215735,0.00019284,0.00024069,0.000215525,0.00019427
0.000222491,0.00020712,0.0002407,0.0002209,0.0002105
0.000222428,0.00021064,0.00024205,0.00021739,0.00021064
0.00021349,0.00019386,0.0002343,0.00021241,0.00019781
0.000224817,0.00020633,0.00024509,0.00022675,0.00022219
0.000222176,0.00020693,0.00023752,0.00022232,0.00020695
0.000229181,0.00022044,0.00024483,0.00022712,0.00022044
0.000220244,0.00020927,0.00023434,0.000217865,0.00020937
0.000227369,0.00020889,0.00025106,0.000225145,0.00020889
0.000215192,0.00020323,0.00023701,0.000210265,0.00020487
0.000218685,0.00019191,0.00024701,0.00021827,0.00019191
0.00021873,0.00020596,0.00023913,0.00021526,0.00020809
0.000222089,0.00020357,0.00024333,0.000221755,0.00020357
0.000221844,0.00021083,0.00024188,0.00021625,0.00021225
0.0002227,0.00020711,0.00023918,0.000222485,0.00020711
0.000221765,0.00021356,0.00023825,0.000219865,0.00021423
0.000215563,0.0002101,0.00022338,0.00021471,0.0002101
0.00023175,0.00022102,0.00024866,0.000228685,0.00022127
0.000215891,0.00020713,0.00022784,0.00021383,0.00020713
0.000218456,0.00019249,0.00024973,0.000215345,0.00020171
0.00021957,0.00020688,0.00023874,0.000215915,0.00020688
0.000214489,0.00019377,0.0002411,0.000215145,0.00019377
0.000214547,0.0002039,0.00023641,0.000209865,0.0002039
0.000219672,0.00020521,0.00023403,0.0002197,0.00020521
0.000219089,0.00021271,0.00023578,0.000214075,0.00021335
0.000220531,0.00020392,0.00023556,0.00022053,0.00020392
0.000226094,0.00020995,0.00025,0.00022351,0.00021142
0.000217311,0.00020295,0.00023314,0.00021563,0.00020295
0.00022853,0.00020508,0.00026106,0.000225445,0.00020508
0.000221455,0.00020603,0.00023851,0.000220435,0.00020603
0.000222929,0.00020518,0.00024518,0.00022129,0.00020518
0.00021819,0.00021251,0.00023338,0.00021438,0.00021252
0.000221141,0.00020304,0.00024059,0.000220095,0.00020304
0.000208514,0.00019093,0.00023441,0.000203895,0.00019352
0.000219505,0.00019944,0.00024014,0.00021801,0.00019944
0.000227935,0.00021873,0.00024191,0.00022526,0.00021873
0.000212914,0.00019452,0.00023446,0.00021234,0.00019452
0.000222781,0.00020816,0.00024293,0.000219635,0.00020904
0.00022481,0.0002079,0.00024618,0.000222415,0.0002079
0.00022653,0.00021479,0.00024253,0.000224875,0.00021895
0.000211654,0.00019371,0.00023302,0.000208005,0.00019916
0.000223617,0.00020259,0.00025073,0.000220075,0.00020259
0.000209661,0.00019207,0.0002361,0.000204625,0.00019207
0.000220831,0.00020195,0.00024019,0.000218825,0.00020195
0.000224374,0.00020964,0.00024117,0.000223495,0.00021119
0.000218534,0.00021112,0.00023032,0.0002153,0.00021429
0.000220256,0.00019919,0.00024502,0.000219025,0.0002025
0.000222135,0.00020446,0.00024105,0.00022127,0.00020446
0.000221989,0.00019725,0.0002499,0.00022081,0.00020064
0.000216168,0.00020596,0.0002244,0.000217485,0.00020596
0.00022692,0.00021584,0.00024205,0.000223445,0.00021584
0.000208328,0.00019414,0.00022432,0.00020712,0.00019467
0.000222087,0.00020625,0.00023802,0.00021809,0.00020625
0.000216726,0.00020802,0.00023391,0.000212435,0.00020802
0.000217646,0.00019296,0.00024554,0.00021705,0.00020015
0.000218276,0.00020749,0.0002392,0.000213595,0.00020753
0.000214399,0.00019251,0.0002373,0.000214885,0.00019251
0.000217726,0.00020505,0.00023576,0.000215145,0.00020829
0.000220105,0.00020609,0.00023868,0.00021759,0.00020609
0.000229724,0.00021531,0.0002493,0.000225395,0.00021825
0.000218668,0.0002085,0.00022984,0.000217405,0.0002085
0.000229282,0.00021741,0.00024683,0.00022568,0.00021741
0.000213062,0.00019264,0.00023545,0.000211595,0.00019603
0.000221459,0.00020317,0.00024819,0.000218395,0.00020317
0.000217381,0.00020923,0.00023204,0.000213525,0.00020923
0.000223276,0.00020636,0.00024241,0.00022159,0.00020636
0.000219967,0.00020846,0.00023506,0.000218675,0.00020846
0.000225376,0.00021004,0.00024124,0.000225185,0.00021004
0.000220684,0.0001996,0.00024703,0.000219115,0.00020213
0.000222243,0.00020733,0.00023598,0.000221745,0.00021356
0.000228302,0.00021583,0.00025438,0.000222345,0.00021583
0.000216001,0.00020441,0.00023178,0.000214245,0.00020441
0.00022515,0.00020767,0.00024876,0.000222925,0.00020767
0.00022101,0.00021051,0.00023685,0.00021937,0.00021144
0.000222254,0.0002054,0.00024018,0.00022032,0.0002054
0.000218944,0.00020904,0.00023523,0.000216215,0.00021236
0.000224937,0.00021095,0.00023878,0.00022411,0.00021095
0.000225896,0.00021222,0.00023916,0.000224965,0.00021653
0.00021996,0.00021186,0.00022995,0.000219965,0.00021186
0.000223976,0.00021021,0.00024586,0.00021941,0.00021064
0.000220391,0.00020324,0.0002397,0.000220725,0.00020324
0.000220399,0.00020161,0.00024178,0.000216025,0.00020294
0.000219446,0.00021101,0.00022901,0.00021779,0.00021128
0.000227744,0.0002113,0.00024946,0.000225955,0.0002113
0.000207339,0.00019424,0.00022651,0.00020479,0.00019645
0.000222556,0.00020473,0.00024318,0.000219905,0.00020473
0.000215855,0.00020591,0.00023248,0.000213225,0.0002164
0.000219604,0.0002026,0.00024332,0.00021736,0.0002026
0.000218339,0.00020867,0.00023853,0.000212695,0.00020867
0.000223146,0.000207,0.00024071,0.000222755,0.000207
0.000221562,0.00020775,0.00025129,0.000214205,0.00020775
0.00020826,0.00018717,0.00022994,0.000208095,0.00019378
0.000221164,0.0001967,0.00024741,0.000219685,0.00019923
0.00021671,0.00020594,0.0002325,0.000213005,0.00020701
0.000223642,0.00019639,0.00025342,0.0002244,0.00019639
0.000218184,0.00020799,0.00023646,0.000213815,0.00020908
0.000223489,0.00020599,0.00024863,0.00021914,0.00020599
0.00021651,0.00020961,0.00023356,0.000211425,0.00021027
0.000228461,0.00020707,0.00025396,0.00022721,0.00020707
0.000219365,0.00021051,0.00023596,0.00021657,0.0002156
0.00021988,0.00020787,0.00023311,0.00021942,0.00020787
0.000224116,0.00020927,0.00024535,0.000219225,0.00021186
0.000220886,0.00020621,0.00023748,0.000219415,0.00020621
0.000225285,0.00020904,0.00024954,0.000220915,0.00020904
0.00021279,0.00019122,0.00023733,0.000211235,0.00019529
0.000226926,0.00021534,0.00024457,0.000226485,0.00021803
0.000217664,0.00020865,0.00023436,0.00021333,0.00020865
0.000220174,0.00020462,0.00023758,0.000218235,0.00020462
0.000209228,0.00018978,0.00023632,0.00020569,0.00019111
0.000216151,0.00020465,0.00022993,0.000214125,0.00020465
0.000223045,0.00020952,0.0002544,0.000215895,0.00020997
0.000215595,0.00020291,0.00022832,0.000215075,0.00020291
0.000228566,0.00021211,0.00025512,0.000223775,0.00021211
0.000219744,0.00020367,0.00023442,0.000219445,0.00020367
0.000233465,0.00022273,0.0002465,0.000234135,0.00022972
0.000224152,0.00021426,0.00023361,0.000225,0.00022743
0.000233733,0.00021806,0.00024802,0.000235745,0.00023739
0.000225011,0.0002117,0.00023718,0.000224415,0.00022951
0.000219157,0.00021257,0.00022623,0.000219255,0.00022325
0.000217355,0.00020801,0.00023315,0.00021448,0.00021262
0.000218315,0.00020475,0.00023193,0.000218035,0.00020475
0.000224269,0.00020746,0.00024135,0.00022261,0.00021297
0.000220434,0.00020289,0.00023861,0.000219775,0.00020289
0.000220394,0.00020327,0.00024451,0.00021593,0.00021048
0.000212289,0.00019485,0.00023122,0.000211105,0.00019485
0.00022028,0.00019842,0.00024758,0.00021818,0.00019842
0.000214175,0.00020777,0.00022736,0.000210105,0.00020777
0.000222765,0.00020833,0.00024323,0.00021884,0.00020833
0.000210799,0.00019178,0.0002322,0.00020758,0.0001983
0.000220365,0.00020338,0.00023682,0.00022113,0.00020338
0.000219931,0.00020935,0.00024002,0.00021445,0.00020944
0.000223158,0.00020459,0.00023899,0.00022411,0.00020459
0.000224335,0.00021077,0.00024329,0.000223155,0.00021276
0.000218483,0.00020255,0.00023295,0.00021829,0.00020255
0.000227617,0.00021251,0.00024839,0.00022486,0.00021251
0.000210929,0.00019478,0.00023179,0.000208065,0.00019478
0.000221419,0.00019964,0.00024579,0.000218185,0.00019964
0.000219854,0.0002089,0.00023947,0.00021607,0.00021037
0.000213627,0.00019109,0.00024265,0.00021233,0.00019785
0.000217724,0.00020405,0.000234,0.000215625,0.00020405
0.000221509,0.00020401,0.000239,0.000220675,0.00020401
0.000223055,0.00020806,0.00024401,0.00021856,0.00021282
0.000220023,0.00020072,0.00023832,0.00022011,0.00020072
0.000224791,0.00020647,0.00024723,0.000221455,0.00020807
0.000215532,0.00020546,0.00022746,0.000216075,0.00020546
0.000228416,0.0002101,0.00025743,0.00022392,0.000211
0.000223556,0.00021081,0.00023845,0.00022211,0.00021081
0.000230779,0.00022334,0.00024728,0.000228145,0.00022343
0.000215172,0.00020795,0.00022689,0.00021253,0.00020795
0.000227117,0.00021143,0.00024369,0.000226245,0.00021143
0.000215927,0.00021057,0.00022515,0.00021377,0.00021253
0.000216275,0.00019814,0.00023913,0.000214815,0.00020303
0.000222568,0.00020682,0.00023976,0.000222345,0.00021245
0.000215471,0.00020151,0.00022864,0.00021583,0.00020151
0.0002222,0.00020212,0.00024979,0.000220235,0.00020369
0.000216701,0.00020139,0.00023245,0.00021651,0.00020139
0.000226609,0.00020993,0.00025153,0.000223015,0.00020993
0.000219939,0.0002074,0.00023445,0.000218625,0.0002074
0.000224202,0.00019905,0.00025053,0.00022584,0.00020283
0.00021713,0.00020884,0.00023167,0.00021376,0.00021016
0.000224555,0.00020693,0.00024655,0.000223395,0.00020693
0.000218757,0.00020778,0.00023611,0.00021528,0.00021081
0.000218084,0.00020533,0.00023452,0.00021463,0.00020533
0.000213995,0.00019061,0.00023591,0.00021268,0.00019873
0.000213763,0.00019541,0.00023483,0.00021273,0.00019545
0.000225057,0.00020772,0.00024097,0.000224685,0.00021784
0.000222948,0.00021121,0.00023475,0.00022261,0.00021498
0.000222913,0.00020857,0.00024407,0.00021801,0.00020857
0.000213381,0.00019987,0.00023079,0.000211295,0.00019987
0.000223436,0.00020691,0.00024483,0.000217435,0.00020757
0.00021895,0.00020749,0.00023442,0.00021599,0.00020749
0.000218824,0.00020508,0.00023596,0.000216295,0.00020508
0.000228091,0.0002195,0.00023838,0.000228335,0.00022035
0.00022448,0.00020757,0.00023969,0.000223985,0.00020757
0.000225462,0.00021047,0.0002451,0.000224215,0.00021335
0.000220596,0.00020637,0.00023365,0.000220275,0.00020637
0.000227826,0.00021354,0.00024801,0.00022474,0.00021354
0.000207484,0.0001911,0.00022683,0.00020607,0.00019688
0.000223826,0.00020165,0.0002487,0.00022263,0.00020165
0.000213931,0.00020294,0.00022846,0.00021132,0.00020294
0.000219545,0.00020287,0.00024137,0.000214935,0.00020287
0.000211014,0.00019581,0.000231,0.000208335,0.00019581
0.000220348,0.00019879,0.00024256,0.000219765,0.00019879
0.000217879,0.00020624,0.00023501,0.00021535,0.00020772
0.000218963,0.0002041,0.00023438,0.000219345,0.0002041
0.0002166,0.00019522,0.0002406,0.000214275,0.00020092
0.000218173,0.00020561,0.00022614,0.00022004,0.00020561
0.000223517,0.00020026,0.00025254,0.000220585,0.0002004
0.000221692,0.00020829,0.0002371,0.00021953,0.00020829
0.000229053,0.00022274,0.0002422,0.00022637,0.00022314
0.000221629,0.00020964,0.00024331,0.000217675,0.00020964
0.000223867,0.00020981,0.00024246,0.00022057,0.00020981
0.000209699,0.00020186,0.00022668,0.000204705,0.000204
0.000215125,0.00019373,0.00024571,0.00021371,0.00019391
0.000217004,0.00020792,0.00023784,0.00021087,0.00020973
0.000222833,0.0002051,0.00023991,0.000221755,0.0002051
0.000225879,0.0002134,0.00024843,0.000221855,0.00021446
0.000223431,0.00020576,0.00024196,0.00022264,0.00020576
0.000225616,0.00021288,0.00024354,0.00022441,0.00021377
0.000221481,0.00020826,0.00023731,0.000219345,0.00020826
0.000229504,0.00021059,0.0002482,0.000228875,0.00021059
0.000216439,0.00020938,0.00022789,0.000214125,0.00021375
0.000223281,0.00021117,0.00023847,0.000220985,0.00021117
0.000219135,0.00020709,0.00023748,0.00021618,0.00020931
0.000212474,0.00019365,0.00023376,0.00021119,0.00019365
0.00022367,0.00020664,0.00024325,0.00022138,0.00021129
0.000220005,0.00020258,0.0002372,0.000220055,0.00020258
0.0002265,0.00021333,0.0002461,0.000222105,0.00021549
0.000217862,0.00021023,0.00022795,0.000218255,0.00021023
0.000228166,0.00021089,0.00025141,0.00022605,0.00021108
0.000212158,0.00020547,0.00022312,0.00020934,0.00020547
0.000227277,0.00020447,0.00025784,0.0002236,0.00020447
0.000218289,0.00020772,0.00023613,0.000214065,0.00020772
0.000222247,0.00020492,0.00024095,0.0002219,0.00020492
0.000222301,0.0002132,0.00023426,0.000221365,0.0002132
0.000216325,0.00019677,0.0002371,0.00021589,0.00020201
0.000225196,0.00022013,0.00023373,0.000223225,0.00022381
0.000221009,0.00021632,0.00022834,0.000220465,0.00021632
0.000223569,0.00020413,0.00024872,0.000219945,0.00020588
0.000215282,0.00020312,0.00022829,0.000213815,0.00020312
0.000230213,0.00021443,0.00025372,0.00022659,0.00021443
0.000216275,0.00020566,0.00022899,0.00021492,0.00020566
0.000219394,0.00019612,0.00024464,0.000218545,0.00020257
0.000216974,0.00020744,0.00023194,0.00021459,0.00021132
0.000221752,0.00020063,0.00024269,0.000220895,0.00020063
0.000217635,0.00020728,0.00023503,0.00021464,0.00020975
0.000216933,0.00019105,0.00024425,0.00021702,0.00019737
0.0002213,0.00020622,0.00023972,0.000218155,0.00021107
0.000225639,0.00020402,0.00024685,0.00022529,0.00020402
0.00022748,0.00022107,0.00023671,0.000226425,0.00022107
0.000222271,0.00020772,0.00024119,0.00021929,0.00020772
0.00022377,0.0002064,0.00024964,0.00022086,0.0002064
0.000219915,0.00020725,0.00023687,0.00021694,0.00020725
0.00021754,0.00018954,0.00024923,0.000214295,0.00019999
0.000218336,0.0002073,0.00023527,0.00021555,0.0002073
0.000219865,0.00020557,0.00023485,0.00021955,0.00020557
0.00022412,0.00020675,0.00024232,0.000222795,0.0002121
0.000210026,0.00019272,0.00023219,0.000209255,0.00019555
0.000223396,0.00020742,0.00024586,0.00022083,0.00020742
0.000220257,0.00020437,0.0002364,0.000219655,0.00020437
0.000229264,0.00021505,0.00024771,0.00022757,0.00021505
0.000222669,0.0002127,0.00023353,0.00022172,0.0002127
0.000223615,0.0002051,0.0002426,0.000223655,0.0002051
0.000215113,0.0002065,0.00022721,0.00021246,0.0002065
0.000222725,0.00020342,0.00024577,0.000219725,0.00020342
0.000217601,0.00020836,0.00023034,0.00021539,0.00021076
0.000218968,0.00020461,0.00023737,0.00021793,0.00020461
0.0002192,0.00020932,0.00023645,0.00021505,0.00020932
0.000233329,0.00022544,0.0002403,0.00023262,0.00022544
0.000229621,0.00022571,0.00023512,0.00022848,0.00022819
0.00021869,0.00020529,0.00022824,0.00022045,0.00020529
0.000227152,0.00020962,0.00025078,0.000225385,0.00021424
0.000211266,0.00019279,0.00022921,0.000211295,0.000197
0.00022738,0.0002071,0.00025118,0.000223185,0.0002071
0.000218613,0.00021148,0.00023216,0.00021565,0.00021507
0.000219654,0.00020408,0.00023881,0.000217505,0.00020408
0.00021728,0.00020872,0.00023221,0.000214215,0.00020872
0.000226046,0.00020623,0.00024624,0.000225125,0.00020623
0.000218992,0.00021033,0.00023274,0.00021603,0.00021554
0.000218979,0.0002071,0.00023491,0.00021757,0.0002071
0.00022525,0.00021211,0.0002451,0.000222775,0.00021497
0.00021647,0.00020467,0.000231,0.000215155,0.00020467
0.000219012,0.00019333,0.00025021,0.00021557,0.00019333
0.000216926,0.00020247,0.00023483,0.00021512,0.00020247
0.0002242,0.00020654,0.00025027,0.000218735,0.00020654
0.000218589,0.00020916,0.00023358,0.000215425,0.00020916
0.00022066,0.00020557,0.00023765,0.000218925,0.00020557
0.000217523,0.00020861,0.00023756,0.000211545,0.00021053
0.000219263,0.00019032,0.0002501,0.0002194,0.00019744
0.000222282,0.00020655,0.00023923,0.000219005,0.00020655
0.000220924,0.00021413,0.00022684,0.00022137,0.00021413
0.000227506,0.0002138,0.00024057,0.00022662,0.00022697
0.00021894,0.00020321,0.00023322,0.00021919,0.00020321
0.000228074,0.00021881,0.0002468,0.000222095,0.00021881
0.00021931,0.0002106,0.00023125,0.00021634,0.00021108
0.000230995,0.00021498,0.00025444,0.000227325,0.00021498
0.000214904,0.00020956,0.00022449,0.000213175,0.00020956
0.000231294,0.00022566,0.00023812,0.000230775,0.00022566
0.000218301,0.00021146,0.00023228,0.00021483,0.00021146
0.000215763,0.0002016,0.00023366,0.00021329,0.0002016
0.000221884,0.00021068,0.00024254,0.000217355,0.00021164
0.000220476,0.0002027,0.00023913,0.00021955,0.00020776
0.00022872,0.00021694,0.00024375,0.00022794,0.00021694
0.000217251,0.00020248,0.00023325,0.000216925,0.00020248
0.000229187,0.00020831,0.00025431,0.000226165,0.00020831
0.000217274,0.00020879,0.00023066,0.00021474,0.00020879
0.000222855,0.00020341,0.00025413,0.000217205,0.00020341
0.000216591,0.00020646,0.00023425,0.000212545,0.00020646
0.000223641,0.00020567,0.00025031,0.000218695,0.00020567
0.000216855,0.00020521,0.00023554,0.00021323,0.00020521
0.000220576,0.00020023,0.00023885,0.00021945,0.00020023
0.000213144,0.0001944,0.00023563,0.000211565,0.00020169
0.000217139,0.00020699,0.00023191,0.00021562,0.00020704
0.000223744,0.00020499,0.00024962,0.0002195,0.0002066
0.000218487,0.00020642,0.00023613,0.000214965,0.00020642
0.000223059,0.000208,0.00024401,0.00021932,0.0002108
0.000213534,0.00019412,0.00023791,0.000211435,0.00019412
0.000216454,0.00019646,0.00024638,0.00021227,0.00019646
0.000219386,0.00020634,0.00023443,0.000219135,0.00020644
0.000224331,0.0002077,0.00024321,0.000224,0.0002077
0.00022444,0.00021078,0.0002393,0.000223495,0.00021527
0.000217814,0.00020129,0.00023379,0.00021735,0.00020129
0.000225481,0.00021032,0.00024597,0.000223915,0.00021379
0.000219329,0.00020568,0.00023592,0.000217605,0.00020568
0.000220217,0.00019709,0.0002499,0.00021775,0.00019709
0.000216418,0.00020182,0.00022915,0.000217275,0.00020182
0.00022624,0.00020999,0.0002492,0.000223365,0.00020999
0.000216376,0.00020745,0.0002224,0.000217505,0.00021288
0.000227356,0.00021049,0.00024666,0.000225485,0.00021049
0.000213229,0.00020689,0.00022031,0.00021375,0.00021317
0.000230703,0.00021826,0.00023939,0.000232035,0.00023233
0.000230056,0.00021635,0.00023883,0.000231885,0.00023586
0.000225155,0.00020461,0.00024284,0.000227505,0.00023447
0.000225809,0.00021497,0.00023194,0.000227895,0.00022681
0.00023399,0.00022036,0.00024649,0.00023472,0.00023813
0.00023345,0.00022264,0.00025001,0.00023351,0.00023594
0.000226047,0.00020659,0.00024311,0.00022669,0.00023735
0.000234743,0.00022088,0.00024511,0.00023694,0.00023747
0.000217452,0.00020099,0.00022913,0.000218805,0.00022448
0.000227385,0.00021656,0.00023358,0.000228355,0.00023343
0.000218527,0.00021317,0.00023001,0.00021612,0.00021555
0.000211877,0.0001913,0.00023633,0.00021157,0.00019269
0.000223084,0.00020993,0.00023789,0.000222095,0.00020993
0.000229606,0.00020828,0.00024875,0.00023087,0.00020828
0.000224808,0.00021148,0.00024018,0.000222545,0.00021425
0.000219048,0.00020583,0.00023197,0.00021841,0.00020583
0.000224486,0.00020614,0.0002467,0.00022366,0.00020614
0.000217803,0.00021117,0.00023371,0.00021323,0.00021161
0.000219486,0.00019441,0.00024644,0.00022073,0.00019673
0.000219237,0.00020947,0.00023395,0.000215875,0.00020947
0.00021949,0.00020053,0.00024212,0.000218365,0.00020053
0.000214276,0.00019745,0.00023764,0.000211555,0.00019812
0.000222448,0.00020535,0.00024016,0.000221345,0.00020535
0.000227254,0.00020983,0.00024425,0.000228535,0.00021929
0.000220875,0.00020854,0.0002347,0.000220435,0.00020854
0.00022466,0.00020964,0.00024591,0.000222115,0.00021117
0.000220535,0.00020874,0.00023173,0.00022269,0.00021157
0.000227513,0.00021186,0.00024933,0.00022458,0.00021186
0.000222246,0.00021744,0.00022643,0.000223065,0.00021744
0.000235043,0.00022081,0.00024525,0.00023547,0.00023625
0.000224613,0.00020953,0.0002356,0.00022548,0.00023334
0.000230235,0.00021565,0.00024327,0.00023175,0.00023461
0.000225809,0.0002146,0.00023658,0.00022539,0.0002319
0.000228427,0.00021184,0.00024453,0.00022907,0.00023451
0.000215696,0.00020484,0.00023107,0.000212885,0.00021253
0.00021561,0.00020378,0.00023334,0.000213725,0.00020378
0.000225556,0.00021218,0.00024657,0.00022355,0.00021218
0.000214256,0.00019991,0.00023123,0.00021323,0.00019991
0.000228283,0.00021605,0.00024508,0.000227005,0.00021605
0.000218217,0.00021024,0.00022868,0.00021661,0.00021024
0.000226384,0.00020417,0.00025089,0.000224875,0.00020417
0.000215565,0.00020663,0.00023526,0.00021093,0.00020883
0.000234476,0.00022713,0.00024404,0.000233455,0.00022713
0.000221496,0.00021394,0.00023193,0.00021882,0.00021934
0.000215422,0.0001915,0.00023879,0.000216465,0.00019574
0.000222246,0.00020662,0.0002412,0.00022026,0.00021026
0.000216345,0.00019275,0.00024175,0.0002154,0.00019731
0.000221727,0.00020711,0.00025274,0.00021387,0.00020817
0.000221149,0.00021028,0.00023518,0.000219745,0.00021112
0.000224835,0.00020555,0.0002474,0.00022322,0.00020555
0.000214861,0.00020903,0.00022779,0.000211995,0.00020984
0.000223333,0.00020987,0.00024075,0.000222405,0.00021034
0.00022268,0.00021254,0.00023345,0.000222055,0.00021615
0.000225911,0.00021769,0.00023803,0.00022535,0.00021769
0.00022354,0.00021355,0.00023051,0.000225455,0.00021355
0.000221327,0.00020878,0.00023597,0.0002206,0.00020878
0.00022523,0.00020879,0.00024419,0.00022371,0.00021186
0.000217239,0.00020427,0.00023143,0.000217475,0.00020427
0.000220406,0.00019654,0.00024861,0.000219995,0.00019948
0.000211061,0.00020003,0.00022208,0.000210175,0.00020003
0.000232716,0.00021253,0.00025429,0.000230255,0.00021253
0.000215761,0.00020812,0.00022479,0.000213965,0.0002089
0.00022867,0.00021585,0.00024376,0.000227565,0.00021585
0.000220179,0.00021261,0.00023581,0.00021714,0.00021383
0.000222329,0.00021266,0.00023871,0.000219035,0.00021417
0.000216534,0.00020606,0.0002378,0.00021091,0.00020606
0.000219787,0.0002014,0.00023661,0.00021889,0.0002014
0.000225854,0.00020648,0.00025064,0.000221705,0.00021019
0.000215516,0.00020319,0.00022731,0.00021594,0.00020319
0.000228279,0.00021395,0.00024328,0.000226145,0.00021395
0.000219596,0.00020727,0.00023496,0.00021754,0.00020727
0.000225679,0.00020677,0.00024747,0.00022402,0.00020677
0.000217461,0.00021273,0.00022318,0.00021648,0.00021389
0.000228994,0.00021228,0.00024633,0.000228295,0.00021228
0.000217651,0.00021045,0.00022926,0.000215195,0.00021215
0.000225635,0.00020491,0.00024638,0.000224905,0.00020491
0.000214399,0.0001992,0.0002345,0.000212175,0.00019947
0.000219585,0.00020153,0.00023766,0.00021833,0.00020153
0.000225072,0.00021107,0.00024356,0.000223485,0.00021308
0.000222166,0.00020454,0.00023898,0.00022226,0.00020454
0.000225928,0.00021285,0.00024254,0.00022325,0.00021285
0.000221257,0.00021215,0.00023197,0.000220395,0.00021264
0.000225066,0.00020679,0.00024913,0.000222725,0.00020679
0.000219939,0.00021059,0.00023772,0.000215595,0.00021219
0.000218631,0.00020198,0.0002458,0.000215485,0.00020198
0.000219449,0.00020942,0.00023465,0.00021596,0.00020942
0.000218346,0.00020445,0.00023426,0.00021725,0.00020445
0.000213361,0.0001922,0.00023961,0.00021017,0.00019556
0.000222395,0.00020281,0.00023982,0.00022339,0.00020281
0.00022778,0.00021876,0.00025135,0.00022073,0.0002203
0.000219551,0.00020297,0.00023502,0.000219445,0.00020297
0.000231564,0.00021379,0.00025813,0.00022963,0.00021379
0.000217177,0.00021309,0.00022347,0.0002153,0.00021309
0.000231377,0.00022395,0.00023675,0.00023193,0.00023177
0.000220654,0.00020799,0.000228,0.00022107,0.00022508
0.000226649,0.00021498,0.00023894,0.0002273,0.00022603
0.000220811,0.00020769,0.00022618,0.000224035,0.00022089
0.000228555,0.00022124,0.00023552,0.000228225,0.00022124
0.000223269,0.00021705,0.00023751,0.000219065,0.00021848
0.000218551,0.00020303,0.00023687,0.00021653,0.00020303
0.00022832,0.00021234,0.00025234,0.000225105,0.00021372
0.000216399,0.00020572,0.00023204,0.000215205,0.00020572
0.000226707,0.00020919,0.00025084,0.00022526,0.00020953
0.000217515,0.00019852,0.00023552,0.0002178,0.00020037
0.000223105,0.00020752,0.00024404,0.00022231,0.00020752
0.000218915,0.00020793,0.00023022,0.0002179,0.00021839
0.000223904,0.00020502,0.00024442,0.0002226,0.00020502
0.000217467,0.00021091,0.00023322,0.00021363,0.00021091
0.000221001,0.00020261,0.0002407,0.000219245,0.00020261
0.000218608,0.00020773,0.0002335,0.00021547,0.00020824
0.000217321,0.00020405,0.00022977,0.000217365,0.00020405
0.000227495,0.00021375,0.00024825,0.000223815,0.00021432
0.000222986,0.00020811,0.00024164,0.000220545,0.00020811
0.000217645,0.0001902,0.00024404,0.00021792,0.00019844
0.000210007,0.00019387,0.00022799,0.00020767,0.00019387
0.000222439,0.00020451,0.00024288,0.000220695,0.00020451
0.000215775,0.0002082,0.0002323,0.000210895,0.00020896
0.000221663,0.00020566,0.00024009,0.00021969,0.00020566
0.000217041,0.00019065,0.00023955,0.00021912,0.00019065
0.000219476,0.00020166,0.00023528,0.000219385,0.00020166
0.000221161,0.00020316,0.00024419,0.00021947,0.0002032
0.00021721,0.00020279,0.0002323,0.000217335,0.00020279
0.000226303,0.00021087,0.00024605,0.000224915,0.00021304
0.000213313,0.00020345,0.00022309,0.00021366,0.00020345
0.000242579,0.00023282,0.00025307,0.00024017,0.00023983
0.00021054,0.00020604,0.00021534,0.00021004,0.00020604
0.000223485,0.00020208,0.00024568,0.00022228,0.00020208
0.000217934,0.00020721,0.00023115,0.000216285,0.00021089
0.000219342,0.00020457,0.00023786,0.000217695,0.00020457
0.000220251,0.00020999,0.00024169,0.00021489,0.000212
0.000221068,0.00020112,0.00024308,0.000220485,0.00020112
0.000223602,0.00020837,0.00023878,0.000222335,0.0002127
0.000220609,0.000204,0.00023761,0.00022104,0.000204
0.000221254,0.00020213,0.00024552,0.000218565,0.00020276
0.00021606,0.00020539,0.0002304,0.000213985,0.00020539
0.000226718,0.00020878,0.0002494,0.000221315,0.00020878
0.000225341,0.00021031,0.00024014,0.000225375,0.00021031
0.000223734,0.00020552,0.00024459,0.00022373,0.00020552
0.000219151,0.0002098,0.00023025,0.000218495,0.0002098
0.000221166,0.000205,0.00023808,0.000220385,0.000205
0.000218813,0.00020764,0.00023548,0.00021627,0.00020764
0.000224757,0.00020752,0.00024037,0.0002249,0.00020752
0.000224367,0.00020955,0.00024634,0.000221655,0.00021184
0.000223221,0.00021838,0.00022907,0.000223045,0.00021838
0.000231895,0.00022135,0.0002415,0.0002324,0.0002312
0.000232706,0.00022282,0.00024078,0.000232685,0.00023471
0.000229563,0.00021833,0.00023987,0.0002302,0.00023022
0.000234995,0.00020885,0.00025867,0.00023786,0.00024176
0.000232615,0.00021691,0.00024652,0.000235435,0.0002373
0.000222183,0.00020949,0.00022845,0.00022533,0.00022338
0.000219499,0.00019687,0.00024701,0.000217955,0.00019964
0.000224407,0.00020861,0.00024304,0.000224305,0.00021196
0.000220228,0.00020835,0.00023439,0.000217735,0.00020835
0.000225544,0.00021164,0.00024609,0.00022093,0.00021306
0.000221616,0.0002033,0.00024145,0.000220515,0.0002033
0.000223852,0.0002103,0.00024653,0.000219825,0.00021058
0.000210036,0.00018933,0.00023213,0.00020921,0.00018933
0.000227341,0.0002157,0.00024614,0.00022439,0.0002157
0.000215286,0.00020951,0.00022635,0.00021231,0.00021089
0.000225174,0.00020988,0.00024169,0.000223285,0.00020988
0.000216169,0.00020813,0.00023074,0.000212575,0.00020813
0.000220645,0.000205,0.00023502,0.000221435,0.000205
0.000223351,0.00021261,0.00024359,0.000218095,0.00021816
0.000219778,0.00020221,0.00023578,0.0002202,0.00020221
0.00022709,0.00020917,0.00025208,0.00022405,0.00021158
0.000222443,0.00021676,0.00023027,0.00022293,0.00021676
0.000235266,0.00022779,0.00024829,0.00023207,0.00022779
0.000216969,0.00020676,0.00023232,0.00021384,0.00020676
0.000222388,0.00020771,0.00024104,0.00021872,0.00020771
0.000218962,0.00021015,0.00023556,0.000214875,0.00021015
0.000222605,0.00020394,0.00024155,0.000221975,0.00020394
0.000219829,0.00020986,0.00023875,0.000215945,0.00021213
0.000226596,0.00020555,0.00024882,0.000225845,0.00020555
0.00022421,0.0002112,0.00023841,0.000222795,0.00021592
0.000218999,0.00020827,0.0002323,0.0002189,0.00020827
0.000223767,0.00021185,0.00024015,0.00022162,0.00021185
0.000211855,0.00019523,0.00022871,0.000210915,0.00019853
0.000225846,0.00020519,0.0002442,0.000225845,0.00020519
0.000212545,0.00019452,0.00023233,0.00021134,0.00019468
0.000224249,0.00021392,0.0002389,0.0002205,0.00021392
0.000211405,0.00019183,0.00023935,0.000206675,0.00019183
0.000220266,0.00020513,0.00023898,0.00021818,0.00020513
0.000217234,0.00020775,0.00024071,0.000210455,0.00020973
0.000217341,0.0002027,0.00023168,0.00021676,0.0002027
0.000225866,0.0002109,0.00024716,0.00022376,0.00021814
0.000218999,0.00020884,0.00022908,0.000218845,0.00020884
0.00022319,0.00019549,0.00025355,0.000222105,0.00020185
0.000212396,0.00019095,0.00023472,0.000211585,0.00019625
0.000225561,0.00020952,0.00024456,0.0002204,0.00020952
0.000217357,0.00020988,0.00022952,0.00021489,0.00020988
0.000224289,0.00020575,0.00024739,0.000221565,0.00020575
0.000215319,0.00020855,0.00022851,0.000212225,0.00020855
0.0002216,0.00020393,0.00024093,0.00021996,0.00020393
0.000222937,0.00021614,0.00023915,0.000218775,0.00021614
0.000220654,0.00020489,0.00023627,0.00022104,0.00020489
0.000225022,0.00021141,0.0002407,0.000222615,0.00021371
0.000220913,0.00020574,0.00023413,0.000221215,0.00020574
0.000228196,0.00021814,0.00024294,0.000225835,0.00021891
0.000223418,0.00021174,0.00023857,0.00022248,0.00021212
0.000227344,0.00020704,0.00024743,0.00022752,0.00020704
0.000217932,0.00021226,0.00022823,0.00021524,0.0002143
0.000224187,0.00020463,0.00024887,0.0002224,0.00020463
0.000217995,0.00021018,0.0002321,0.000214585,0.00021018
0.000219239,0.0002051,0.00023425,0.000218585,0.0002051
0.000221045,0.00021422,0.00023388,0.00021832,0.00021494
0.000222976,0.0002045,0.00023917,0.000223335,0.0002045
0.0002283,0.00021942,0.0002439,0.000226655,0.00022204
0.000223434,0.00021311,0.00023244,0.000223765,0.00021311
0.000231055,0.00021322,0.00025988,0.00022858,0.00021404
0.000217475,0.00020743,0.00023067,0.00021519,0.00020743
0.000223559,0.0002041,0.00024749,0.00022027,0.0002041
0.000221321,0.00020675,0.00024258,0.000217965,0.00020675
0.00022062,0.0002058,0.00024264,0.000217565,0.0002058
0.000218997,0.0002072,0.00023808,0.00021585,0.0002072
0.000229983,0.000202,0.00026152,0.00022943,0.000202
0.000220131,0.00021208,0.00023691,0.00021619,0.00021208
0.000213463,0.00019031,0.00023584,0.000213775,0.00019694
0.000226834,0.00021098,0.00024945,0.000222465,0.00021098
0.000218495,0.0002018,0.00023285,0.00022116,0.0002018
0.000230595,0.0002123,0.00025114,0.000229385,0.00021315
0.000221466,0.00021158,0.00023229,0.00022107,0.00021158
0.000221991,0.00020828,0.00023931,0.000217965,0.00020828
0.000217128,0.00020888,0.00022902,0.00021484,0.00020966
0.000227649,0.00021675,0.00024091,0.000225875,0.00021675
0.000215881,0.00020838,0.00023398,0.000211205,0.00020897
0.00022201,0.00020946,0.00023973,0.000220035,0.00020946
0.000217762,0.00019747,0.00024134,0.000217065,0.00019747
0.000214205,0.00019349,0.00023562,0.000213735,0.00019853
0.000223366,0.00020822,0.0002493,0.00021816,0.00021113
0.000224873,0.00021874,0.00023354,0.000224415,0.00021874
0.000230802,0.00021048,0.00025889,0.000228385,0.00021233
0.000217016,0.00019809,0.00024169,0.000212675,0.00020083
0.000222896,0.00020291,0.00024575,0.00022072,0.00020291
0.00021508,0.00021014,0.00022135,0.000214735,0.00021471
0.000231921,0.00022431,0.00023708,0.00023287,0.00023149
0.000219154,0.00021303,0.00022897,0.000217165,0.00021509
0.000215541,0.00019017,0.00024048,0.00021652,0.00019645
0.000221507,0.00020686,0.00023696,0.000221705,0.00021251
0.000222906,0.00021388,0.00023379,0.000222,0.00021388
0.000225659,0.00021146,0.00024661,0.000220725,0.00021487
0.000212119,0.00019005,0.00023604,0.000209685,0.00019585
0.000224438,0.00020614,0.00024784,0.00022232,0.00020614
0.000220565,0.00021094,0.0002302,0.0002201,0.00021204
0.000221262,0.00020875,0.00023747,0.00022115,0.00020883
0.000221445,0.00020886,0.00024098,0.000216655,0.00020886
0.000217318,0.00020438,0.0002314,0.00021676,0.00020438
0.000220091,0.00020808,0.00024457,0.00021422,0.0002084
0.000221655,0.0002008,0.00024288,0.00022047,0.0002008
0.000220343,0.00021167,0.00023856,0.00021484,0.00021462
0.00021872,0.00020926,0.00023217,0.000218345,0.00020926
0.000229337,0.00021604,0.00025313,0.00022662,0.00021739
0.000208629,0.0001895,0.00023053,0.000206185,0.00019454
0.00022573,0.0002002,0.00025082,0.00022823,0.0002002
0.000214636,0.00020603,0.00023026,0.0002107,0.00020603
0.000221341,0.00020777,0.00024077,0.00021702,0.00020777
0.000217554,0.00020796,0.00022866,0.000217525,0.00020805
0.000220631,0.00021003,0.0002323,0.00021848,0.00021003
0.000222844,0.0002123,0.00024276,0.000218735,0.00021238
0.000214476,0.00019126,0.00023769,0.000214005,0.0001965
0.00022686,0.00021174,0.00024618,0.00022388,0.00021469
0.000210086,0.00019222,0.00022989,0.000208525,0.00019671
0.000224045,0.00020946,0.00024577,0.000222495,0.00021026
0.000219059,0.00020971,0.00023068,0.00021736,0.00020971
0.000225419,0.00020675,0.00025782,0.00021852,0.00020675
0.000216819,0.00020984,0.000231,0.00021358,0.00020984
0.000228224,0.00020788,0.00025066,0.00022656,0.00020788
0.000216109,0.00020577,0.00023073,0.000212865,0.00021123
0.000227931,0.00022192,0.00023652,0.000227945,0.00022254
0.000226879,0.00022276,0.00023163,0.000226575,0.00022276
0.000220865,0.00021191,0.00023302,0.00021902,0.00021191
0.000224835,0.00021619,0.00024638,0.000219865,0.0002196
0.000220171,0.00020312,0.00023641,0.000220095,0.00020312
0.000227195,0.00021346,0.00024602,0.00022568,0.00021346
0.00022082,0.00021403,0.00023715,0.000215585,0.00021456
0.000217531,0.00019297,0.0002463,0.0002135,0.00020136
0.000219257,0.00020559,0.00023794,0.000216415,0.0002081
0.000221756,0.00020461,0.0002402,0.00022015,0.00020461
0.000220219,0.00020858,0.00024026,0.00021642,0.0002097
0.00021916,0.00020394,0.00023721,0.0002171,0.00020394
0.000223734,0.00020839,0.00024067,0.00022203,0.00021278
0.000223284,0.00020292,0.00024169,0.000223775,0.00020292
0.000222921,0.00021192,0.00024376,0.00021903,0.00021397
0.000215439,0.00019347,0.00023935,0.00021573,0.0001968
0.00022734,0.00021239,0.00025369,0.000221385,0.00021276
0.000208053,0.00019074,0.00022729,0.00020659,0.00019447
0.000226239,0.00021103,0.00025019,0.000222545,0.00021103
0.000218287,0.00020951,0.00023111,0.00021557,0.00020951
0.000217924,0.00020432,0.00024101,0.00021294,0.00020432
0.000213296,0.00019141,0.00023444,0.000214305,0.00019141
0.000228693,0.00021741,0.0002413,0.000227795,0.00021741
0.000215416,0.00019086,0.00023974,0.000216055,0.00019086
0.000219013,0.00020134,0.00023625,0.000218745,0.00020134
0.000226685,0.00020791,0.00025573,0.00022254,0.00020925
0.000214597,0.00020154,0.00022699,0.00021477,0.00020154
0.000227686,0.0002088,0.00025309,0.000224115,0.0002088
0.000217251,0.00020491,0.00023162,0.00021598,0.00020491
0.000225892,0.00020431,0.00025074,0.000224955,0.00020431
0.000208501,0.00019037,0.00023223,0.000205285,0.00019389
0.00021683,0.00019083,0.00024408,0.00021735,0.00019643
0.000217952,0.00020865,0.00023433,0.00021504,0.00021209
0.000226691,0.00020401,0.00025128,0.00022477,0.00020767
0.000223965,0.0002085,0.00024031,0.00022231,0.00021252
0.000216808,0.00020443,0.00023195,0.0002159,0.00020443
0.000224661,0.00020782,0.00024704,0.00022032,0.00021035
0.000223059,0.00020645,0.00024311,0.00022101,0.00020645
0.000222721,0.00020558,0.00024934,0.00021745,0.00020558
0.000220337,0.00020758,0.00023787,0.00021736,0.00020758
0.00022299,0.00020825,0.00024221,0.000220365,0.00020825
0.000217849,0.00020989,0.00023398,0.000213365,0.00020989
0.00022226,0.00020373,0.00023991,0.000222115,0.00020373
0.000223796,0.00020855,0.00023874,0.00022386,0.00021398
0.000219611,0.00021161,0.00023636,0.00021639,0.00021161
0.000221138,0.00020979,0.00024306,0.000214905,0.00020983
0.000221132,0.00020318,0.000238,0.00021971,0.00020318
0.000226363,0.00020912,0.00024791,0.000223455,0.00020912
0.00020993,0.00019312,0.00022787,0.0002087,0.00019824
0.000220604,0.00019183,0.00025093,0.00021902,0.00019918
0.000213419,0.00020862,0.00022069,0.00021208,0.00020862
0.00022477,0.00020894,0.00024126,0.000224665,0.00020894
0.000210164,0.00019328,0.0002308,0.000207565,0.00019563
0.000217569,0.00019997,0.00023617,0.00021732,0.00019997
0.00021271,0.00019226,0.00023606,0.000211345,0.00019848
0.00021515,0.00019243,0.00023798,0.000215195,0.00019601
0.000222116,0.00020732,0.00023677,0.00022066,0.00021107
0.000218185,0.00020416,0.00022819,0.00021917,0.00020416
0.000222396,0.00019933,0.00024281,0.000222835,0.00021115
0.000217394,0.00020669,0.00023154,0.00021544,0.00020669
0.000226844,0.00021159,0.00024893,0.000223325,0.00021159
0.000214336,0.0002045,0.00022912,0.000211165,0.0002045
0.000223335,0.00020552,0.00024831,0.000220895,0.00020552
0.000219961,0.00021031,0.00023787,0.0002156,0.00021031
0.000225039,0.00020013,0.00025045,0.000224245,0.00020013
0.000219266,0.00021349,0.00022443,0.000219365,0.00022131
0.000229281,0.00021263,0.00024373,0.00022973,0.00023776
0.000226595,0.00020741,0.00023746,0.000230635,0.00022911
0.000223246,0.00021815,0.00022977,0.000223825,0.00021864
0.000228631,0.00021973,0.0002421,0.00022586,0.00021973
0.000220634,0.00020663,0.00023451,0.000219895,0.00020663
0.000223051,0.00021065,0.00024445,0.00021858,0.00021162
0.000221117,0.00021116,0.00023338,0.00021815,0.00021403
0.000222067,0.00020584,0.00024053,0.000219655,0.00020584
0.000214709,0.00020094,0.00023203,0.000213885,0.00020226
0.000227519,0.0002121,0.00024271,0.00022634,0.0002121
0.000222775,0.00020711,0.0002399,0.000220945,0.00021236
0.000215319,0.00020218,0.0002279,0.00021572,0.00020218
0.000221144,0.00019801,0.00024616,0.00021939,0.00020182
0.000218892,0.00020168,0.00023459,0.000219465,0.00020168
0.000218031,0.00019363,0.0002581,0.00021172,0.00019606
0.000218261,0.00020625,0.00023097,0.000217675,0.00020903
0.000230275,0.00021692,0.00024934,0.000225825,0.00021692
0.000215631,0.00020804,0.00022764,0.00021334,0.00020804
0.000219994,0.00020496,0.00023841,0.000215895,0.00020496
0.00021915,0.00020958,0.00023699,0.000215935,0.00021276
0.000219614,0.00020784,0.0002399,0.00021675,0.00020784
0.00021563,0.00019612,0.00024334,0.000211245,0.00019795
0.000219542,0.00019742,0.00024172,0.000217405,0.00020375
0.000223534,0.00020673,0.00024235,0.000221475,0.00020979
0.00022191,0.00021984,0.0002275,0.00022069,0.00021984
0.00023125,0.00022277,0.00024485,0.000228145,0.00022277
0.000216069,0.00020647,0.00022485,0.00021518,0.00020868
0.000221371,0.00019834,0.00024832,0.000218405,0.00020409
0.000216851,0.00020519,0.00023338,0.00021375,0.00020691
0.000222806,0.00020535,0.00024187,0.0002206,0.00020535
0.000212734,0.00019549,0.00023574,0.000210285,0.00020032
0.000222865,0.00019585,0.00024799,0.000222975,0.00019585
0.000218644,0.00020694,0.00023532,0.00021603,0.00021128
0.000230939,0.00022115,0.00024307,0.000232245,0.0002326
0.00023054,0.0002238,0.00023654,0.000230505,0.00023031
0.000217238,0.00020794,0.00022834,0.00021575,0.00020892
0.000225863,0.00020911,0.00024584,0.00022345,0.00021
0.000220352,0.00020684,0.00023714,0.0002176,0.00020722
0.000227034,0.0002177,0.0002451,0.000225685,0.00021901
0.000217543,0.00020888,0.0002354,0.00021213,0.00021
0.000219635,0.00020111,0.00023864,0.00021899,0.00020111
0.000216658,0.00020935,0.00023632,0.000210355,0.00020961
0.000219284,0.00020274,0.00023397,0.000221785,0.00020274
0.000225199,0.00020853,0.00025121,0.000221485,0.00021223
0.00021471,0.00020476,0.00022451,0.00021464,0.00020476
0.000221539,0.00019739,0.00024951,0.000217605,0.00020297
0.000209814,0.0001954,0.0002262,0.00020846,0.00019833
0.000225858,0.00021079,0.00025217,0.00021956,0.00021079
0.000208492,0.00019272,0.00022347,0.0002091,0.00019349
0.000226953,0.00021561,0.00024439,0.000222955,0.00021561
0.000215089,0.00020445,0.00023178,0.000212905,0.00020445
0.000221685,0.00020744,0.0002387,0.00021984,0.00020744
0.000218192,0.00020728,0.00023495,0.000215645,0.00020728
0.000219043,0.00020422,0.00023551,0.000217825,0.00020422
0.000226789,0.00021081,0.0002518,0.000221505,0.00021379
0.000219363,0.00020111,0.0002369,0.00021944,0.00020111
0.000228575,0.00021783,0.0002424,0.00022641,0.00021783
0.000217002,0.00020722,0.00022757,0.0002148,0.00020961
0.000226158,0.00020816,0.00025659,0.000220375,0.00020816
0.000217079,0.0002056,0.00023495,0.000213965,0.0002056
0.000225589,0.00021206,0.00024493,0.000222,0.00021437
0.00021583,0.00020792,0.00022985,0.00021249,0.0002086
0.000213981,0.00019669,0.00023589,0.000214235,0.00019713
0.000220556,0.00020782,0.00024592,0.00021365,0.00020782
0.000216302,0.00020098,0.00023282,0.000216215,0.00020098
0.00022784,0.00021777,0.00024211,0.00022623,0.00022029
0.0002151,0.00019427,0.00023786,0.00021382,0.00020093
0.000225214,0.00020636,0.00025363,0.000220415,0.00020636
0.000215657,0.00020476,0.00023416,0.000211595,0.00020476
0.000225899,0.00020791,0.00024511,0.00022531,0.00020791
0.000221307,0.00021139,0.00023577,0.000219045,0.00021474
0.000219596,0.00020618,0.00023786,0.00021488,0.00020618
0.00021849,0.00020845,0.00024155,0.00021181,0.00020863
0.000218726,0.0002052,0.00023361,0.000217485,0.0002052
0.000224979,0.00021103,0.00023871,0.000223985,0.00021498
0.000218699,0.00020458,0.00023383,0.00021884,0.00020458
0.000228411,0.00022077,0.00024208,0.00022614,0.00022147
0.00021717,0.00020816,0.00022545,0.000217585,0.00020816
0.000229442,0.00020983,0.00025442,0.00022492,0.00021639
0.000213411,0.00019248,0.00023605,0.000212675,0.00019609
0.000228055,0.00021643,0.00024561,0.00022513,0.00021643
0.000210972,0.00019113,0.00023172,0.00020992,0.0001953
0.000217549,0.00019901,0.0002375,0.000216095,0.00019901
0.000213745,0.00020889,0.00021704,0.000214955,0.00021594
0.000232526,0.00021476,0.00025389,0.000231565,0.00024264
0.000229676,0.00022381,0.00023655,0.000229645,0.0002322
0.000216724,0.00021068,0.00022258,0.000217195,0.00021068
0.000225922,0.00021141,0.00024766,0.00022291,0.00021526
0.000215636,0.00019981,0.00023054,0.00021545,0.00019981
0.000227404,0.00021192,0.00024837,0.00022514,0.00021192
0.0002203,0.00020999,0.00023465,0.00021678,0.00020999
0.000231037,0.00021107,0.00025161,0.00022926,0.00021107
0.000218036,0.00021047,0.00023314,0.000214915,0.00021047
0.000219615,0.00020095,0.00023827,0.00021914,0.00020095
0.000213139,0.00019671,0.00023646,0.000208975,0.00020025
0.000217795,0.00019764,0.00023556,0.00021853,0.00019764
0.000224856,0.00020771,0.00024431,0.000224455,0.00021268
0.000218354,0.00020499,0.00023787,0.000217485,0.00020499
0.000224809,0.00020746,0.00024792,0.000221745,0.00021028
0.000214831,0.00019576,0.00023413,0.000214375,0.00019772
0.000228062,0.00021086,0.00025429,0.000223565,0.00021086
0.000219281,0.00021105,0.0002306,0.000219625,0.00022351
0.000229849,0.00021535,0.00023883,0.000229355,0.00022961
0.000227736,0.00021549,0.00023574,0.000229825,0.00023181
0.000220062,0.00021378,0.00022468,0.000221935,0.0002158
0.000223205,0.0002117,0.00023492,0.00022327,0.00021455
0.0002197,0.00020771,0.00023416,0.000218675,0.00020771
0.000226895,0.0002133,0.0002412,0.000227085,0.0002133
0.000211322,0.00019426,0.00023272,0.000207555,0.00019426
0.000224781,0.00020776,0.00024755,0.000223365,0.00021142
0.000212676,0.00019663,0.00022875,0.000213435,0.00019852
0.000214547,0.00019354,0.00023442,0.00021632,0.00019354
0.000208823,0.00019171,0.00023483,0.000204455,0.00019244
0.000212629,0.00019483,0.00023186,0.000210375,0.00019931
0.000220866,0.00020418,0.00023952,0.000220045,0.00020565
0.000211254,0.00019182,0.00023322,0.00020969,0.00019894
0.000219426,0.00019573,0.00025082,0.000214085,0.00019789
0.000210576,0.00019652,0.0002277,0.00020994,0.00019652
0.000219479,0.00019552,0.00024189,0.000219635,0.0002035
0.00020702,0.00019435,0.00021842,0.00020855,0.00020135
0.000220494,0.00020236,0.00024149,0.000217455,0.00020236
0.000212537,0.00020424,0.00022953,0.00020849,0.00020424
0.000236167,0.0001966,0.00037997,0.000214215,0.00020418
0.000210183,0.00019249,0.00022812,0.00020965,0.00019249
0.000214121,0.00019755,0.00023231,0.00021368,0.00020111
0.000218559,0.00020102,0.00023936,0.000216825,0.00020175
0.000210725,0.0001927,0.00023111,0.00020879,0.0001969
0.000219598,0.00019752,0.00024416,0.00022094,0.00019752
0.000208766,0.00019488,0.00022669,0.00020789,0.00019767
0.000220779,0.0001965,0.00024747,0.00022011,0.00020057
0.000208146,0.00019147,0.0002279,0.00020397,0.00019633
0.00021987,0.00019647,0.00024697,0.000218095,0.00019647
0.000204694,0.00018789,0.00022455,0.00020324,0.0001912
0.000218462,0.00019637,0.0002422,0.000218705,0.00020122
0.000214855,0.00020039,0.00023226,0.00021347,0.00020152
0.000213669,0.00019346,0.000234,0.00021255,0.0001986
0.000216915,0.00020038,0.00023534,0.000216805,0.00020041
0.000211553,0.00019627,0.00023008,0.0002088,0.00020105
0.000268239,0.00024404,0.00030224,0.000266545,0.00025277
0.000208819,0.00019134,0.00022885,0.00020856,0.00019134
0.000218055,0.00019154,0.00024115,0.00022036,0.00020008
0.000209811,0.00019604,0.00022816,0.00020553,0.00019604
0.000215588,0.00019294,0.0002439,0.00021199,0.00020042
0.000318647,0.00030827,0.00033468,0.000316915,0.0003145
0.000214046,0.00019587,0.00023586,0.00021068,0.00020329
0.000215831,0.000192,0.00023719,0.00021714,0.00019361
0.000217389,0.00021104,0.00022817,0.00021647,0.00021503
0.000215454,0.00019599,0.00024412,0.00021268,0.00019833
0.000208169,0.00019256,0.00022785,0.000206205,0.00019777
0.000222865,0.00020393,0.00024583,0.00022264,0.00020645
0.00021031,0.00019751,0.00022195,0.000210985,0.00019751
0.000222454,0.00020044,0.00024781,0.000221485,0.00020287
0.00020842,0.00019568,0.00022197,0.000207395,0.00019609
0.00022108,0.00019939,0.0002449,0.000220985,0.00019939
0.000209169,0.00019225,0.00022268,0.0002103,0.00019812
0.000211557,0.00019402,0.0002406,0.000208275,0.00019895
0.000240046,0.00019252,0.0003365,0.000217445,0.00019393
0.000212377,0.00019543,0.00023817,0.00020946,0.00019659
0.000217776,0.00019487,0.00024437,0.000216415,0.00020052
0.000209494,0.00019205,0.00022751,0.000209465,0.00019609
0.000241205,0.00022635,0.00025085,0.00024381,0.00025085
0.00021416,0.00020062,0.00022257,0.000217465,0.00021708
0.000221254,0.00020579,0.00023495,0.000220125,0.00021025
0.000207963,0.00019142,0.00022779,0.000204295,0.00019499
0.000218031,0.00020139,0.00023709,0.000216315,0.00020498
0.000208269,0.0001977,0.00022329,0.00020481,0.0001977
0.000214884,0.00019605,0.00023309,0.000215435,0.00019605
0.00021272,0.0001998,0.0002338,0.00020879,0.00020022
0.000209678,0.00019357,0.00022843,0.000207765,0.00019754
0.000217471,0.00019291,0.0002421,0.00022018,0.00019429
0.000210046,0.0001925,0.00022788,0.00020937,0.0001972
0.00021804,0.00019751,0.00024276,0.000216555,0.00019783
0.000210516,0.00019496,0.00022969,0.000206965,0.00019812
0.000216435,0.00019299,0.00023833,0.000219615,0.00019872
0.000209759,0.00019507,0.00023288,0.00020428,0.00019507
0.000217513,0.00019559,0.00024272,0.00021788,0.00019963
0.000207246,0.00018914,0.00022962,0.0002051,0.00019965
0.0002127,0.0001933,0.00023813,0.0002118,0.00020081
0.000217334,0.00019601,0.00024288,0.000215415,0.00020093
0.000210637,0.00019266,0.00023214,0.000207335,0.0001958
0.000217984,0.00019018,0.00024629,0.000218975,0.00019562
0.000207352,0.00019092,0.00022509,0.00020602,0.00019602
0.000219381,0.00019462,0.00024342,0.000219485,0.00020426
0.000205442,0.00019308,0.00021983,0.00020577,0.00019929
0.000220938,0.00020672,0.00024234,0.000218975,0.00021104
0.000204849,0.00019035,0.00022507,0.000200855,0.00019109
0.000213882,0.00019308,0.00023499,0.000212435,0.00019308
0.000211816,0.00019481,0.00022849,0.00021216,0.00019481
0.000208908,0.00019011,0.00022773,0.000210135,0.00019182
0.000216171,0.00019563,0.00023334,0.000218715,0.00020146
0.000209855,0.00019394,0.00022974,0.000209265,0.00020089
0.000222049,0.00020209,0.00024604,0.000221825,0.00020245
0.000210655,0.00019543,0.00022925,0.00020938,0.00019933
0.000221326,0.00019935,0.00024648,0.000219705,0.00019935
0.000208999,0.00019344,0.00023192,0.000203235,0.00019532
0.000216674,0.00019158,0.00023954,0.00021696,0.00019158
0.000208094,0.00018942,0.00022857,0.000206495,0.00019575
0.00021367,0.00019331,0.00023444,0.0002146,0.0001969
0.000208839,0.00019362,0.00023323,0.000203195,0.00019362
0.000215634,0.00019715,0.00023769,0.00021288,0.00019715
0.000214396,0.00019075,0.00023839,0.00021521,0.00020249
0.000211216,0.00019111,0.00023281,0.00021068,0.0001969
0.000221496,0.0002026,0.0002437,0.000220675,0.00020408
0.000209783,0.00019289,0.00022954,0.00020732,0.0001985
0.000217721,0.00019091,0.00023865,0.000218655,0.00019619
0.000208121,0.00019134,0.00022696,0.000206105,0.00019134
0.000215375,0.00019302,0.00023687,0.000214955,0.00019721
0.000211239,0.00019567,0.00022965,0.000210905,0.0001987
0.000210513,0.00019242,0.00022736,0.000209315,0.00019242
0.00020941,0.00019567,0.00023143,0.00020494,0.00019821
0.000208954,0.0001923,0.00023028,0.000207175,0.00019354
0.000219913,0.00019463,0.00024438,0.000219915,0.0002027
0.000208843,0.00018983,0.00022791,0.000208815,0.00019571
0.000220159,0.00019819,0.00024642,0.00021857,0.00019911
0.000205774,0.00019134,0.00022314,0.00020433,0.00019629
0.000220869,0.00019356,0.00024791,0.000222275,0.00020001
0.000204384,0.00019014,0.00021663,0.00020619,0.00019234
0.000217964,0.00019805,0.00024347,0.000216685,0.00020283
0.000207414,0.00019169,0.00022898,0.00020251,0.0001946
0.000216704,0.00019262,0.00024345,0.00021616,0.00019972
0.00021024,0.00018951,0.00022962,0.00021157,0.00019485
0.000210176,0.00019299,0.00022808,0.000209175,0.00019678
0.000216217,0.00019462,0.00024207,0.000215475,0.00019462
0.000207634,0.00018956,0.00022574,0.000207545,0.00019538
0.000219224,0.00019809,0.00024401,0.0002179,0.000206
0.000209603,0.00019456,0.0002255,0.000208075,0.0001973
0.00021863,0.00020129,0.00024304,0.00021566,0.00020493
0.000208889,0.00019155,0.00022899,0.00020599,0.00019571
0.000215913,0.0001915,0.00023805,0.00021663,0.00020004
0.00021512,0.00019799,0.0002312,0.00021552,0.00019799
0.00021278,0.00019369,0.00023147,0.00021327,0.00019898
0.000213882,0.00019213,0.00023344,0.000214975,0.00019213
0.000212002,0.00019537,0.00023032,0.00021146,0.00019879
0.000291676,0.00020399,0.0003275,0.00029931,0.00029147
0.00021233,0.00019508,0.00022795,0.000213615,0.00019804
0.000220062,0.00019815,0.00024742,0.000216085,0.00019815
0.000212414,0.00019284,0.0002348,0.000210255,0.00019892
0.000217881,0.00019145,0.0002445,0.00021748,0.00020039
0.00020934,0.00019341,0.00022843,0.000208855,0.00019669
0.00021858,0.00019378,0.00024448,0.00021692,0.0002005
0.000213705,0.00019761,0.00023022,0.000214505,0.00019761
0.000211524,0.00019577,0.00022555,0.00021362,0.00019577
0.000216505,0.00019795,0.00024068,0.000214815,0.00019815
0.000224861,0.00019362,0.0002937,0.000224975,0.0002937
0.000222429,0.00021248,0.00023601,0.000221185,0.00022098
0.000209565,0.00019216,0.00022797,0.000208985,0.00019721
0.000223359,0.00020277,0.00024364,0.000222555,0.00021506
0.000206031,0.0001935,0.00021984,0.000205755,0.00019438
0.00021443,0.00019585,0.00023857,0.000212945,0.00019585
0.000204029,0.00019078,0.0002204,0.000203565,0.0001928
0.000210999,0.00018891,0.00023445,0.00021238,0.00019318
0.000210521,0.00019239,0.00022738,0.000210595,0.00019851
0.000209107,0.00019271,0.00022995,0.00020658,0.00019412
0.000215268,0.00019907,0.00023223,0.000215385,0.00019907
0.000208592,0.00019117,0.00022608,0.0002089,0.00019604
0.000221054,0.00019192,0.00024694,0.000223665,0.00019192
0.000205471,0.00018963,0.00022249,0.000205995,0.00018963
0.000220258,0.00019151,0.0002486,0.00022065,0.00019802
0.000209165,0.00019297,0.00022864,0.00020503,0.00019297
0.000219529,0.00019426,0.00024732,0.000218245,0.0002015
0.000205756,0.0001895,0.00022706,0.00020252,0.00019184
0.000215056,0.00019185,0.00024049,0.000215535,0.00019185
0.00021169,0.00018905,0.00023019,0.00021267,0.00019238
0.000217314,0.00020051,0.00023887,0.000214065,0.00020146
0.000215692,0.0001963,0.00023954,0.00021412,0.00020052
0.000211588,0.00019128,0.00023233,0.00021062,0.00019448
0.000215276,0.00019636,0.00023683,0.000214285,0.0001982
0.000214215,0.00020158,0.00022582,0.00021381,0.00020352
0.000218524,0.00019272,0.00024398,0.00021934,0.00019823
0.000208777,0.00019413,0.0002251,0.000207555,0.00019492
0.000212055,0.00019055,0.00023357,0.000211735,0.00019798
0.000206617,0.00019282,0.00022398,0.000205,0.0002015
0.000209985,0.00019015,0.00023214,0.0002081,0.00019604
0.000215559,0.00019257,0.00023308,0.0002179,0.00019544
0.000211095,0.0002024,0.00022223,0.000209045,0.00020313
0.000216933,0.000201,0.00023547,0.00021528,0.00020241
0.000208394,0.00019012,0.00022777,0.00020839,0.00019192
0.000219575,0.00019489,0.00024512,0.00021832,0.00019489
0.000205365,0.00019043,0.00022029,0.000204005,0.00019562
0.000219079,0.00019264,0.00024277,0.00021864,0.0002021
0.000204863,0.0001902,0.00022131,0.000205355,0.00019098
0.000216301,0.00019417,0.00023729,0.00021652,0.00020056
0.000208855,0.00019712,0.00022286,0.000208015,0.00019712
0.000212919,0.00019133,0.00023634,0.000211775,0.00019133
0.000210201,0.00019277,0.00022786,0.00021015,0.00019388
0.000211259,0.00019223,0.00023409,0.00021268,0.00020374
0.00021937,0.0001977,0.00024467,0.00021856,0.00020123
0.000211495,0.00019303,0.00023421,0.000210125,0.00019518
0.000221741,0.00020251,0.00024836,0.00021915,0.00020829
0.000210846,0.00019789,0.00022504,0.00021091,0.00019789
0.000216815,0.00019799,0.00024021,0.00021561,0.0002009
0.00020605,0.00018781,0.00022241,0.000207335,0.00019557
0.000212361,0.00019213,0.0002312,0.0002141,0.00019718
0.0002087,0.00018976,0.00023126,0.000206145,0.00019257
0.000217005,0.00020109,0.00023813,0.00021408,0.00020493
0.000214558,0.00019835,0.00023059,0.00021421,0.00020159
0.000210022,0.00019082,0.00023105,0.000209115,0.00019534
0.000220341,0.00019535,0.00024318,0.00022298,0.00019651
0.000209565,0.00019285,0.0002281,0.000208435,0.00019836
0.000216591,0.00019652,0.00023862,0.000216115,0.00020271
0.00021124,0.00019605,0.00022877,0.00020817,0.00019638
0.000218487,0.00019577,0.00024337,0.000219355,0.00020202
0.000210191,0.00019485,0.00022625,0.000210235,0.0001968
0.000213862,0.00019126,0.0002375,0.00021282,0.00019763
0.000225831,0.00021398,0.00023893,0.000224565,0.00021826
0.000211981,0.0001909,0.00023659,0.000211315,0.00019437
0.000217134,0.00019807,0.00023779,0.0002173,0.00020042
0.000209095,0.00019004,0.00022843,0.000207895,0.00019645
0.00021788,0.00019973,0.00024155,0.0002159,0.00020094
0.000211694,0.000195,0.00022751,0.00021103,0.00019937
0.000218179,0.0001946,0.00024528,0.00021832,0.00019657
0.000206712,0.00019154,0.00022327,0.00020645,0.00019594
0.000217612,0.00019547,0.0002438,0.000216925,0.00019683
0.00020589,0.00019601,0.00021933,0.000204965,0.00019653
0.000212712,0.00019289,0.00023533,0.00021356,0.00019289
0.000208912,0.00019542,0.00022588,0.000207305,0.0001969
0.000214982,0.00020082,0.00023451,0.000213705,0.00020384
0.000215623,0.00019618,0.0002331,0.0002163,0.00020076
0.000208795,0.00018988,0.00022824,0.000208025,0.00018988
0.000220686,0.00019611,0.00024943,0.00021966,0.00019956
0.000207498,0.00019074,0.00022341,0.00020581,0.00019766
0.000220414,0.0001958,0.00024454,0.000219765,0.0002064
0.000207649,0.00019229,0.00022281,0.00020781,0.00019267
0.000217277,0.00019432,0.00024117,0.00021723,0.00019432
0.000208567,0.00019336,0.00022449,0.00020824,0.00019336
0.000211755,0.00019022,0.00023244,0.000212625,0.00019662
0.00021129,0.00019552,0.00022919,0.000209785,0.00019552
0.000212148,0.00019441,0.0002315,0.00021057,0.00020103
0.000212794,0.00019372,0.00024059,0.000209025,0.00019372
0.00021004,0.0001912,0.0002328,0.00020867,0.00019832
0.000216516,0.00019237,0.00025148,0.000213275,0.00020746
0.00020772,0.0001915,0.00022623,0.000208385,0.00019868
0.000217151,0.00019233,0.00024209,0.00021448,0.0002011
0.000211046,0.00019493,0.000229,0.000209525,0.00019493
0.00021327,0.00019217,0.00024306,0.00020966,0.00020023
0.000207439,0.00019053,0.00023419,0.000203475,0.00019102
0.000213284,0.00019085,0.00023554,0.00021148,0.00019884
0.000210874,0.00019665,0.00023315,0.00020702,0.00019665
0.000210626,0.00019487,0.00023172,0.00020863,0.00019804
0.000221642,0.00019903,0.00024748,0.00022129,0.00020217
0.000206439,0.0001884,0.00022525,0.00020441,0.00019597
0.000220173,0.00020087,0.00024346,0.000217395,0.00020135
0.000205395,0.00019005,0.00022216,0.00020508,0.00019317
0.00021942,0.0001915,0.00024255,0.00022132,0.00020201
0.000203896,0.00018951,0.00021991,0.00020261,0.00018951
0.00021574,0.00019301,0.00023891,0.00021489,0.00019767
0.000217557,0.00020666,0.0002268,0.000218195,0.00020966
0.000213472,0.00019677,0.00023592,0.000213165,0.00019809
0.000213286,0.00019154,0.00023433,0.000213225,0.0001949
0.000211244,0.00019019,0.00023213,0.000209755,0.00019689
0.000217312,0.00019615,0.00024414,0.00021538,0.0001997
0.00021387,0.00019507,0.00023305,0.00021255,0.00019781
0.000216775,0.0001948,0.00024131,0.00021583,0.00019676
0.00020679,0.00019036,0.00022181,0.00020782,0.00019356
0.000220519,0.00019632,0.00025373,0.00021992,0.00019808
0.000207709,0.00019001,0.00022939,0.000203835,0.00019435
0.000215812,0.00019192,0.00023913,0.00021597,0.00019725
0.000207501,0.00019067,0.00022887,0.000206115,0.00019758
0.000218561,0.00020623,0.00023331,0.000217735,0.00020804
0.000216982,0.0002015,0.00023452,0.000215815,0.00020385
0.00021153,0.00019151,0.00023728,0.00020834,0.00019391
0.000217646,0.00019775,0.000241,0.000217435,0.000199
0.000211337,0.00019731,0.00022599,0.000209395,0.00020173
0.000219635,0.00019742,0.00024409,0.000219715,0.00019742
0.000207156,0.00019193,0.00022293,0.000206125,0.00019316
0.00021725,0.00019284,0.00025138,0.00021362,0.00019897
0.000211736,0.00019132,0.00023461,0.00020969,0.00019132
0.00021568,0.00019363,0.00023709,0.00021401,0.00019363
0.00021069,0.00019219,0.00023088,0.000209685,0.00019219
0.000215948,0.00019998,0.00023179,0.000213905,0.00020877
0.000217894,0.00019746,0.00024172,0.00021758,0.00019746
0.000210311,0.0001915,0.00023416,0.00020809,0.00019575
0.000224976,0.00020968,0.00025378,0.000219225,0.00021817
0.000208296,0.00019157,0.00023059,0.00020649,0.00019603
0.000219729,0.00019563,0.00024197,0.00022111,0.00021125
0.000204185,0.00018785,0.00021961,0.000204895,0.00018968
0.000214494,0.0001951,0.00023537,0.00021332,0.0001951
0.00020684,0.00019332,0.00022704,0.00020191,0.00019332
0.000212703,0.0001931,0.00023217,0.0002149,0.0001931
0.000209063,0.00019193,0.00022668,0.000208445,0.00019193
0.000209857,0.00019057,0.00023035,0.000210385,0.00019526
0.00021432,0.00018975,0.00023775,0.00021458,0.00019225
0.000209259,0.00019298,0.00022752,0.00020804,0.00019363
0.000218321,0.00019088,0.00024297,0.00021774,0.00020063
0.000209398,0.00019533,0.00022356,0.00020974,0.00019995
0.000221649,0.00019916,0.00024689,0.000220095,0.00019916
0.000207344,0.00019081,0.00022581,0.000205375,0.00019487
0.000218989,0.00019217,0.00024514,0.0002191,0.00020213
0.000209371,0.00019263,0.00022597,0.00020994,0.00019263
0.000214245,0.00019257,0.00023833,0.00021462,0.00019869
0.000211838,0.00018978,0.00023379,0.00021099,0.00018978
0.000212274,0.00019214,0.00023032,0.000214265,0.00019214
0.000214164,0.00019088,0.00023832,0.00021361,0.00019242
0.000212726,0.00019512,0.00023106,0.000212085,0.00019798
0.000215887,0.00019486,0.00024255,0.0002146,0.00019486
0.000206731,0.00018758,0.00022423,0.000207155,0.0001956
0.000218409,0.00019518,0.00024129,0.00021896,0.00020308
0.00020658,0.00019471,0.00022254,0.0002072,0.00019585
0.000212493,0.00019155,0.00023329,0.00021307,0.0001957
0.000209581,0.00019689,0.00022918,0.000204795,0.0002002
0.000218834,0.00020709,0.0002345,0.00021542,0.00021105
0.000218802,0.00020144,0.00023657,0.00021811,0.00020369
0.000211984,0.00019093,0.00023306,0.0002114,0.00019818
0.000219596,0.00019891,0.00024282,0.00021893,0.00020198
0.00020722,0.00019119,0.00022575,0.000205695,0.00019305
0.000217644,0.00019395,0.00024301,0.00021759,0.00019881
0.000205716,0.00019026,0.00022059,0.00020407,0.00019784
0.000218611,0.00019547,0.00025073,0.000213915,0.00019644
0.000205796,0.00019196,0.00022317,0.000202805,0.00019196
0.000218914,0.0001946,0.00024306,0.00021914,0.00020359
0.000203884,0.00018925,0.0002175,0.00020408,0.00019637
0.000214097,0.00019333,0.00023424,0.00021468,0.00020581
0.000213134,0.0001927,0.00023529,0.000213355,0.00019457
0.000210535,0.00019231,0.00022992,0.000207795,0.00019552
0.00022091,0.00020402,0.00024168,0.000219625,0.00020889
0.000211329,0.00019274,0.00023124,0.00020989,0.00019644
0.00021792,0.00019595,0.00024581,0.00021573,0.00019874
0.000205391,0.00018901,0.00022718,0.00020313,0.00019155
0.000217594,0.00019583,0.00023955,0.00021756,0.00020852
0.000210116,0.00019563,0.00022362,0.00021092,0.00019563
0.000216571,0.00019444,0.0002388,0.000215885,0.00019444
0.00021042,0.00019582,0.00022787,0.00020944,0.00019582
0.000211567,0.00019142,0.00023435,0.00021231,0.00019142
0.000213894,0.00019702,0.00023256,0.00021324,0.00019702
0.000210064,0.00018997,0.00022922,0.000210865,0.00018997
0.000216916,0.00019273,0.00024,0.000218835,0.00019273
0.00020604,0.0001901,0.00022217,0.000206375,0.00019132
0.000220059,0.00019647,0.00024579,0.000218205,0.00019647
0.000209887,0.00019231,0.00023187,0.000205815,0.00019675
0.000217415,0.00019294,0.00024172,0.000217855,0.00020131
0.000209683,0.00019079,0.00022438,0.000210825,0.00019706
0.000215464,0.00019308,0.00024097,0.000212685,0.0002008
0.000213074,0.00019909,0.00023567,0.000209085,0.00019912
0.000211613,0.00019099,0.0002333,0.00021121,0.00019787
0.000214997,0.00018853,0.00023754,0.000216235,0.00019998
0.000210565,0.0001906,0.00023041,0.00021041,0.00019734
0.000219439,0.00019531,0.00024937,0.000218,0.00019672
0.000209514,0.00019122,0.00022814,0.00020983,0.00019587
0.000218623,0.00019433,0.00024864,0.000217915,0.00020575
0.000204942,0.00019308,0.00022135,0.00020504,0.00019308
0.000213089,0.0001935,0.00024307,0.000210805,0.0001935
0.000207117,0.00019094,0.00022934,0.00020381,0.0001946
0.000218661,0.00019976,0.0002406,0.00021751,0.00020273
0.000272457,0.00019841,0.00030241,0.000279365,0.00026483
0.000215849,0.00019897,0.00023448,0.000215925,0.00019993
0.000216014,0.00020048,0.00023272,0.00021507,0.00020276
0.000210768,0.00019964,0.00022779,0.00020756,0.00019964
0.000219131,0.0001986,0.00024251,0.000219495,0.00019886
0.000207241,0.0001885,0.00022509,0.000207225,0.00019384
0.00022354,0.00020511,0.0002468,0.00022189,0.00020579
0.000207245,0.00018958,0.00022727,0.00020454,0.00019412
0.000215399,0.00019102,0.00024114,0.00021559,0.00019875
0.000207535,0.00018906,0.00023028,0.00020364,0.00019426
0.000223263,0.00020068,0.00024385,0.00021904,0.00020868
0.000215355,0.00019776,0.00023018,0.00021558,0.00020358
0.000216018,0.00019259,0.00024059,0.00021248,0.00019705
0.000216134,0.00019396,0.00024053,0.00021471,0.00019396
0.000208427,0.00018943,0.00022574,0.000209285,0.00019599
0.0002161,0.00019212,0.00023962,0.00021558,0.00019212
0.000207919,0.00019071,0.0002256,0.00020695,0.00019613
0.000213684,0.00019213,0.00023775,0.00021429,0.00019449
0.00020974,0.00019561,0.00022856,0.000206365,0.00019561
0.000216509,0.00019841,0.00023996,0.000214875,0.00019852
0.000210353,0.00019259,0.00023589,0.00020514,0.00019551
0.000212086,0.00019129,0.0002341,0.000212025,0.00019801
0.00021088,0.0001948,0.00023203,0.00020852,0.00019665
0.000209376,0.00019283,0.00022923,0.00020959,0.00019525
0.000219989,0.00020028,0.00024231,0.00022067,0.00020028
0.000207008,0.00018866,0.00022461,0.000206425,0.00019573
0.000219016,0.00019674,0.00024293,0.000218625,0.00019674
0.000204556,0.00019096,0.00022082,0.0002041,0.00019362
0.000221889,0.00019653,0.00025416,0.00021931,0.00019772
0.000206036,0.00019152,0.00022381,0.000203065,0.00019524
0.000216675,0.00019434,0.00024331,0.00021741,0.00019439
0.000208415,0.00018886,0.00022526,0.000209685,0.00019527
0.00021036,0.00019037,0.00023097,0.000210065,0.00019544
0.000210815,0.00019452,0.00022646,0.000210685,0.00019713
0.00021428,0.00019566,0.00023443,0.000214645,0.0001992
0.00021686,0.00019238,0.00024324,0.00021597,0.00019718
0.000206456,0.00019158,0.00022708,0.000206125,0.00019442
0.000222203,0.00019072,0.00025172,0.000223215,0.00019652
0.000204718,0.0001904,0.0002205,0.000204065,0.00019122
0.000217831,0.00019355,0.00024251,0.00021719,0.00020684
0.00021019,0.00019655,0.00022441,0.000211235,0.0001967
0.000218058,0.00019478,0.00023993,0.000216945,0.00020231
0.000215757,0.00020228,0.00023299,0.000213315,0.00020228
0.000213448,0.0001921,0.00023534,0.00021203,0.00019712
0.00021413,0.00019933,0.00022889,0.00021414,0.00019933
0.000210149,0.00018995,0.00023049,0.000209175,0.0001974
0.000220945,0.00020119,0.00024479,0.00022115,0.00020146
0.000210236,0.00019093,0.00023064,0.000210045,0.00019585
0.000222261,0.00020022,0.00024665,0.00022286,0.00020022
0.000210859,0.00019626,0.00023305,0.00020574,0.00019626
0.000217936,0.00019099,0.00024438,0.000217925,0.00020144
0.000211239,0.00018887,0.00023079,0.00021312,0.00019596
0.00021549,0.00019743,0.00023973,0.000210635,0.00019743
0.000210143,0.00019767,0.00023058,0.000205875,0.00019767
0.000213955,0.00019245,0.00023688,0.000212465,0.00019742
0.000218968,0.0001999,0.00024102,0.0002183,0.0001999
0.000210089,0.00019101,0.00023283,0.00020979,0.00019185
0.000218585,0.00019832,0.00024301,0.000216925,0.00019859
0.000209154,0.00019237,0.00022748,0.000208495,0.00019722
0.000218839,0.00019105,0.00024335,0.000221265,0.00019924
0.000205754,0.00018996,0.00022083,0.0002046,0.00019529
0.000217035,0.00019678,0.00024212,0.000215305,0.00019678
0.000206419,0.00018935,0.00022626,0.000204445,0.00019319
0.000214398,0.00019345,0.00023576,0.000214495,0.00019912
0.000211429,0.00019658,0.00022984,0.000210105,0.00019658
0.000211317,0.00019206,0.0002333,0.000210415,0.00019206
0.000213886,0.00018911,0.0002375,0.000213525,0.00018911
0.000207868,0.00018966,0.00022764,0.000207595,0.00019795
0.000219951,0.00019801,0.00024536,0.000220145,0.00019801
0.000207456,0.00019093,0.00022601,0.000203955,0.00019473
0.000218179,0.00019008,0.00024713,0.000218685,0.0001964
0.000210665,0.00019151,0.00023145,0.00020876,0.00019419
0.000219449,0.00019558,0.00024579,0.00021868,0.0001988
0.000204353,0.00018785,0.00022208,0.000203745,0.00019437
0.0002167,0.00019335,0.00023931,0.000215885,0.00020179
0.000215131,0.0001984,0.00022759,0.00022062,0.0001984
0.000218075,0.00020533,0.00023546,0.00021501,0.00020533
0.000215732,0.0001906,0.00024152,0.000215965,0.00019312
0.000209778,0.00019321,0.00023008,0.000209435,0.00019669
0.000222514,0.00020627,0.00024123,0.00022118,0.00021112
0.000208834,0.000194,0.0002257,0.00020778,0.00019502
0.000215492,0.00019037,0.00023996,0.00021627,0.00019572
0.000214361,0.00020528,0.00023036,0.00021016,0.00020676
0.000218173,0.000199,0.0002376,0.00021469,0.000199
0.000216877,0.00020167,0.00023909,0.000213515,0.00020341
0.000210646,0.00019036,0.00022974,0.000212965,0.00019036
0.000209276,0.00019272,0.00023184,0.000205975,0.00019272
0.000207936,0.00018916,0.0002274,0.000206535,0.00019736
0.000218747,0.00019256,0.0002417,0.00022163,0.00019675
0.000209766,0.00019188,0.00023691,0.00020875,0.00019224
0.00021912,0.00019628,0.00024544,0.00021828,0.00019628
0.000205529,0.0001918,0.00022096,0.000205055,0.00019581
0.000220168,0.0001927,0.00024319,0.000222035,0.00020251
0.000205399,0.0001891,0.00021976,0.00020613,0.00019271
0.000217521,0.00019649,0.00024816,0.00021511,0.00019649
0.000207899,0.00019541,0.00022753,0.00020407,0.00019541
0.000217787,0.00019449,0.0002472,0.00021407,0.00019694
0.000211989,0.00019002,0.00023146,0.00021292,0.00019268
0.000207389,0.00019182,0.00022534,0.00020611,0.00019182
0.000218078,0.00019473,0.00024378,0.000217555,0.00019473
0.000210094,0.00019114,0.00022843,0.00020935,0.00019654
0.00021723,0.00019283,0.00024434,0.000215005,0.00019969
0.00020747,0.00019131,0.00022492,0.000207125,0.00019757
0.000217025,0.00019363,0.0002419,0.000215045,0.00020036
0.000206409,0.00019075,0.00022491,0.000204035,0.00019392
0.00021507,0.00019015,0.00023968,0.00021442,0.0001983
0.000209096,0.00018978,0.00022644,0.00021028,0.00019918
0.000212833,0.0001953,0.00023215,0.00021077,0.00019749
0.000211214,0.00019947,0.00022823,0.00020905,0.00020082
0.000210264,0.0001906,0.000232,0.000208595,0.00019378
0.000216177,0.00019038,0.00024119,0.000218805,0.00019142
0.000208991,0.00018943,0.00022772,0.000209305,0.00019617
0.000216717,0.00019384,0.00024563,0.00021496,0.00019549
0.000209714,0.00019199,0.00023012,0.00020648,0.00019583
0.000217335,0.00019688,0.00024108,0.000215225,0.00019688
0.000211498,0.00019583,0.00022966,0.000210985,0.00019588
0.000215662,0.00019445,0.00023675,0.000214895,0.00019875
0.000214682,0.00019972,0.00022725,0.00021604,0.00019972
0.000214759,0.00019363,0.00023777,0.000213695,0.00019454
0.00021567,0.00019048,0.00024193,0.000215995,0.00019198
0.000210444,0.00019207,0.00023328,0.000207595,0.00019541
0.000223713,0.00020562,0.00024561,0.00022182,0.00021081
0.000208891,0.00019174,0.00022948,0.00020687,0.0001942
0.000218378,0.00019659,0.00024166,0.00021805,0.0001985
0.000207813,0.00019572,0.00021656,0.000208335,0.00020321
0.000218996,0.00019805,0.00023738,0.000218865,0.00019805
0.000210411,0.00019613,0.0002272,0.000209815,0.00019818
0.000211345,0.0001922,0.00023005,0.00021205,0.00019706
0.000211034,0.00019695,0.00022501,0.000211855,0.00019695
0.000211754,0.00019172,0.00023019,0.000211415,0.00020006
0.000215687,0.00019702,0.0002352,0.000216665,0.00020158
0.000208716,0.00019062,0.00023713,0.00020642,0.00019063
0.000220915,0.00020331,0.00024335,0.0002193,0.00020331
0.000206444,0.00018907,0.00022693,0.000206345,0.00019523
0.000217565,0.00019278,0.0002453,0.00021691,0.00019417
0.00020764,0.000191,0.00022636,0.00020591,0.00020271
0.00021941,0.00019781,0.00024374,0.00021996,0.00020678
0.000209217,0.00019682,0.0002307,0.00020367,0.0001991
0.000215537,0.00019377,0.00024082,0.00021083,0.00019981
0.000207838,0.00018793,0.00022745,0.00020809,0.00018793
0.00021232,0.00019323,0.00023455,0.000211495,0.00019647
0.000215226,0.00019065,0.00024102,0.000215235,0.00019065
0.000208944,0.00019089,0.00023136,0.000207625,0.00019439
0.000215055,0.00019191,0.00024012,0.00021377,0.00019592
0.000208219,0.00019006,0.0002277,0.000207265,0.00019573
0.000216336,0.00019141,0.00023849,0.00021721,0.00019812
0.000207259,0.00019166,0.00022827,0.000202555,0.00019376
0.00021547,0.00019365,0.00023543,0.000214045,0.00019365
0.000209456,0.00019634,0.00023022,0.00020526,0.00019634
0.000213808,0.0001976,0.00023053,0.000211555,0.0001976
0.000213366,0.00019076,0.00023241,0.000215545,0.00019076
0.000206891,0.00019017,0.00022486,0.000205005,0.00019017
0.0002169,0.00019029,0.000242,0.00021914,0.00019029
0.000209824,0.00019525,0.00022732,0.000208065,0.00019843
0.00022286,0.00019823,0.00025093,0.000222445,0.00019823
0.000206096,0.00019051,0.00022431,0.000203485,0.00019493
0.000218183,0.00019313,0.00024456,0.00021779,0.00019313
0.000202575,0.0001895,0.00021966,0.000200595,0.00019324
0.000214819,0.00019169,0.00023936,0.00021362,0.00019169
0.000209623,0.00019362,0.00022454,0.00021113,0.00019362
0.000214129,0.00019435,0.00023951,0.000209895,0.0001965
0.000211293,0.0001935,0.00022955,0.000210695,0.0001935
0.000211479,0.00019225,0.00023496,0.000208775,0.00019624
0.000221143,0.00020106,0.0002469,0.00021871,0.00020262
0.000209706,0.00019396,0.0002284,0.000207325,0.00019895
0.000218808,0.00019537,0.00024729,0.00021607,0.00019888
0.000212162,0.00019863,0.00022705,0.000211475,0.00020389
0.000222381,0.00020239,0.00024362,0.00022127,0.00021021
0.000211202,0.00019418,0.000229,0.000210795,0.00019418
0.000213793,0.0001927,0.00023555,0.000212715,0.00019864
0.000211847,0.00019535,0.00022743,0.00021219,0.00019535
0.00021468,0.00019187,0.00023672,0.000214795,0.00020014
0.000215048,0.00019663,0.00023293,0.000214435,0.00020112
0.000211065,0.00019354,0.00023495,0.000207875,0.00019355
0.000216771,0.00019556,0.000237,0.000217105,0.00020126
0.000208992,0.00018919,0.00023032,0.000207985,0.00019575
0.000218622,0.00019645,0.00024178,0.00021753,0.00019921
0.000209077,0.00019111,0.00022385,0.000210515,0.0002004
0.000218297,0.00019527,0.00024394,0.000217355,0.00019527
0.000214736,0.00019611,0.00022949,0.000217265,0.0002013
0.000215275,0.00019386,0.00024468,0.00021181,0.00019717
0.000212769,0.00019336,0.00023316,0.000212845,0.00019345
0.000212525,0.00019286,0.00023484,0.00021195,0.00019567
0.00021791,0.00019982,0.00023665,0.000217,0.00020173
0.000210402,0.00019209,0.00023294,0.000207505,0.00019607
0.000217979,0.00019369,0.00024194,0.00021851,0.00019369
0.000207836,0.00019216,0.00022249,0.000207715,0.00019834
0.000218261,0.00019529,0.00024155,0.000219275,0.00019864
0.000207419,0.00018925,0.00022889,0.00020483,0.00019555
0.000215852,0.00019277,0.00024037,0.00021356,0.00020063
0.000205734,0.00019042,0.00022554,0.000202015,0.00019406
0.000213552,0.00019489,0.00023084,0.000212475,0.00020011
0.0002117,0.00019732,0.00022574,0.00021158,0.00019938
0.000210696,0.0001917,0.000231,0.00020739,0.00019966
0.000213675,0.00019064,0.0002325,0.000215415,0.00019064
0.000207584,0.00019245,0.00022451,0.000207225,0.00019245
0.000220619,0.00019348,0.00024465,0.00022155,0.00020193
0.000206765,0.00019016,0.000226,0.00020481,0.00019712
0.000217849,0.00019134,0.00024617,0.000217755,0.00019134
0.000208525,0.00019434,0.00022589,0.00020503,0.0001984
0.000218705,0.00019298,0.00024451,0.00021633,0.00020198
0.000211428,0.00019673,0.00022264,0.00021399,0.00019673
0.000215936,0.00019367,0.00024127,0.000215745,0.00019367
0.000211006,0.00019133,0.00022846,0.00021235,0.00019732
0.000212841,0.0001916,0.00023925,0.000211255,0.00019201
0.000219906,0.00020533,0.00023801,0.000218215,0.00020662
0.000212161,0.00019159,0.0002319,0.00021148,0.00019966
0.000217574,0.00019681,0.00024154,0.00021629,0.00019681
0.000212523,0.00019865,0.0002239,0.00021292,0.00020736
0.000219207,0.00019899,0.00023923,0.00021963,0.00019899
0.000209201,0.00019651,0.00022642,0.00020816,0.00019682
0.000214901,0.00019665,0.00023701,0.000212645,0.00019963
0.000210119,0.00019779,0.00022937,0.00020647,0.00019856
0.000212868,0.00019193,0.00023533,0.00021116,0.00019953
0.000213909,0.00019582,0.00023012,0.00021395,0.00020179
0.00021182,0.00019167,0.00023366,0.000211435,0.00019329
0.000217861,0.000198,0.00023806,0.000217615,0.00020107
0.000208242,0.00018984,0.00022752,0.00020746,0.00019651
0.000219152,0.00019437,0.00024753,0.000217835,0.00019902
0.000208224,0.00019294,0.00022392,0.000209365,0.00020671
0.000221032,0.00019654,0.0002448,0.00021961,0.00020721
0.000210081,0.00020054,0.00021932,0.00020924,0.00020135
0.00021728,0.00019115,0.00024199,0.000216095,0.00019938
0.000208564,0.00019409,0.00022281,0.00020858,0.00019717
0.000213206,0.00019083,0.00023807,0.000212985,0.00019083
0.000211297,0.0001919,0.00022872,0.00021327,0.00019589
0.000208944,0.00019091,0.00022908,0.000209175,0.00019571
0.000217179,0.0001921,0.00024257,0.000217305,0.00019447
0.000209441,0.00019147,0.00022806,0.00020738,0.00019551
0.000217297,0.00019526,0.00024669,0.000213375,0.00019931
0.000205736,0.00019116,0.00021923,0.00020743,0.00019116
0.000218227,0.00019775,0.0002413,0.000215345,0.00020711
0.000207368,0.00018984,0.0002275,0.000204015,0.00019498
0.000217848,0.00019975,0.00023616,0.000218445,0.00019975
0.000207364,0.00019064,0.00022966,0.00020439,0.00019222
0.000212755,0.00019134,0.00023398,0.000211045,0.00019134
0.00021354,0.00019114,0.00023298,0.00021542,0.00019114
0.000212826,0.00019434,0.00023188,0.00021128,0.00019847
0.000218076,0.00019477,0.0002414,0.000220395,0.00019477
0.000207886,0.00019127,0.00022497,0.000206665,0.00019753
0.000216614,0.00019371,0.00024395,0.000216335,0.00019371
0.000209129,0.00019183,0.00023302,0.00020557,0.00019183
0.000216449,0.00018962,0.00024911,0.000211735,0.00020021
0.000212389,0.00019554,0.00022997,0.000212455,0.00019554
0.000220205,0.00019985,0.00024037,0.00022025,0.00019985
0.000214384,0.00019747,0.00023249,0.000214125,0.00020016
0.000212917,0.00019069,0.00023841,0.000212945,0.00019069
0.000219429,0.00019512,0.00024574,0.000221,0.00020101
0.000211433,0.00019074,0.00023322,0.00020976,0.00019594
0.000218221,0.00019664,0.00024308,0.000217435,0.00019664
0.000213107,0.00020208,0.00022566,0.000211815,0.00020532
0.000221358,0.0002027,0.00024492,0.000218135,0.0002027
0.000206037,0.00019233,0.00022284,0.00020365,0.00019449
0.000217341,0.00019456,0.00024113,0.000215785,0.00019657
0.000208057,0.00019269,0.00022261,0.000208775,0.00019727
0.000212584,0.00019428,0.00023221,0.000212925,0.00019531
0.000208876,0.0001979,0.0002251,0.000207605,0.00020213
0.000211368,0.00019193,0.00023245,0.000208805,0.0001964
0.000215613,0.00019952,0.00023359,0.00021472,0.00019952
0.000210536,0.00019521,0.00022858,0.000208355,0.00019721
0.00021938,0.00019576,0.00024398,0.00021854,0.00019879
0.00020648,0.00018836,0.00022294,0.000207365,0.00020207
0.000220277,0.0001973,0.00024502,0.000219875,0.0001973
0.000207358,0.00019303,0.00022442,0.000204105,0.00019548
0.000218054,0.00019374,0.00024828,0.000214765,0.0001986
0.000207081,0.0001888,0.00023018,0.0002032,0.00019306
0.000214582,0.00019456,0.00024111,0.00021202,0.00019699
0.000207081,0.00019434,0.00022663,0.000204515,0.0001968
0.000210739,0.00019076,0.00023365,0.000209165,0.00019226
0.000216909,0.00019662,0.00024028,0.00021506,0.00019662
0.000207737,0.00018889,0.00022684,0.000207655,0.00019099
0.000217225,0.0001904,0.0002441,0.000217415,0.00019618
0.000207249,0.00019045,0.00022985,0.00020424,0.00019448
0.000216024,0.0001903,0.00023782,0.000218025,0.00019931
0.000208211,0.00019518,0.00022659,0.00020709,0.00019582
0.000213599,0.00019375,0.00023387,0.000213365,0.00020471
0.000211348,0.00019336,0.00023289,0.000209355,0.00019336
0.00021196,0.00019452,0.00022916,0.000211155,0.00019779
0.000216763,0.00019959,0.00023403,0.000216375,0.0002043
0.000211242,0.00019442,0.00022883,0.000210045,0.00019442
0.00022041,0.00019749,0.00024322,0.000219875,0.00019749
0.000204964,0.00019071,0.00021949,0.00020492,0.00019838
0.000219227,0.00019418,0.00024555,0.000219755,0.00019805
0.000205038,0.00019194,0.0002222,0.000202255,0.00019194
0.000217912,0.00019001,0.00024473,0.000218,0.00020052
0.000205604,0.00018906,0.00021999,0.00020577,0.00018906
0.000218061,0.00019457,0.0002498,0.000212205,0.00020185
0.00020344,0.00018655,0.0002249,0.000200135,0.00018824
0.000213666,0.00019192,0.00024051,0.000212885,0.00019527
0.000213538,0.00019749,0.00023274,0.000211865,0.00020186
0.000209034,0.00019094,0.00023095,0.000206775,0.00019094
0.000216959,0.00019573,0.00023951,0.000216475,0.0001977
0.000212112,0.00019714,0.00022719,0.0002113,0.0002059
0.000221117,0.00020478,0.00024458,0.000218755,0.00020512
0.000206261,0.00019409,0.00022116,0.00020572,0.00019409
0.000220651,0.00019407,0.00024446,0.00022269,0.00020085
0.000208639,0.00019576,0.00022226,0.000208155,0.0001966
0.000213932,0.00019267,0.00023895,0.000213575,0.0001942
0.000213806,0.00019271,0.00023752,0.00021337,0.00019359
0.000211902,0.00019021,0.00023519,0.00021001,0.00019579
0.000212726,0.00019184,0.00023361,0.000213285,0.00020067
0.000211636,0.00019219,0.00023267,0.00021305,0.00019285
0.000215858,0.00019579,0.0002393,0.00021586,0.00019593
0.000207843,0.00018895,0.00022478,0.00020934,0.00020535
0.000220692,0.00019861,0.00024674,0.00021925,0.0001996
0.000207919,0.00019375,0.00022559,0.000204895,0.00019375
0.00022014,0.00019379,0.0002478,0.000217035,0.00020181
0.000208219,0.00019055,0.0002336,0.000202735,0.00019406
0.00021364,0.00019224,0.00023877,0.000209055,0.00019575
0.000211421,0.00019282,0.00023636,0.00020657,0.00019282
0.000210851,0.00019285,0.00023439,0.000207505,0.00019874
0.000216304,0.00018947,0.00024287,0.000216695,0.00019183
0.000209628,0.00018886,0.00022967,0.000208335,0.0001963
0.000218166,0.00019688,0.00024641,0.00021489,0.00019852
0.000207061,0.00019018,0.00022783,0.000205245,0.00019207
0.000218173,0.00019249,0.00024415,0.00021779,0.00019974
0.000206152,0.00019158,0.00022041,0.000204675,0.0001947
0.000214057,0.00019302,0.00023793,0.00021318,0.00019699
0.000202556,0.00018834,0.00022104,0.00019945,0.00019337
0.00021623,0.00019699,0.00023753,0.000214105,0.00019699
0.00021163,0.00019229,0.00023007,0.000210905,0.00019836
0.000212014,0.0001957,0.00023212,0.000211405,0.00019685
0.000214532,0.00019753,0.00023285,0.000213385,0.00019753
0.000209099,0.00018936,0.00022774,0.00020878,0.00019648
0.000218186,0.00019371,0.00024263,0.0002176,0.00019968
0.000206318,0.00019013,0.00022243,0.000205275,0.00019596
0.000220366,0.00019902,0.0002438,0.000219545,0.00019902
0.000209939,0.00019268,0.0002242,0.00021163,0.00019268
0.00021787,0.00019273,0.0002406,0.00021722,0.00019273
0.000207556,0.00019062,0.00022368,0.000207795,0.00019062
0.000214281,0.00019304,0.00023251,0.00021502,0.00019304
0.000212831,0.0001979,0.00022973,0.000211265,0.00020039
0.000210292,0.00019093,0.00023176,0.000208295,0.00019717
0.000215313,0.00019678,0.00023631,0.00021569,0.0001994
0.000215385,0.00019649,0.00023642,0.000214185,0.00020523
0.000218303,0.00020008,0.00024102,0.00021658,0.00020267
0.000209293,0.00019417,0.00023014,0.00020631,0.00019448
0.000217029,0.00019309,0.00024272,0.00021636,0.00019309
0.000210783,0.00019482,0.00023058,0.00020662,0.00019482
0.000214981,0.00019093,0.0002382,0.000213325,0.00019975
0.000210595,0.00019976,0.0002297,0.00020637,0.00020008
0.000211816,0.00019252,0.00023132,0.000210905,0.00019252
0.000215101,0.00019846,0.00023577,0.000213495,0.00020177
0.00020984,0.00019238,0.0002327,0.00020944,0.000197
0.000220241,0.00019501,0.00024661,0.000218795,0.00020298
0.000210185,0.0001913,0.00022862,0.000210575,0.00020172
0.000217881,0.00019525,0.00024423,0.000217815,0.00019531
0.000206887,0.00019315,0.00022589,0.000205775,0.00019315
0.000222237,0.00019296,0.00025085,0.0002186,0.00019296
0.00020672,0.00019166,0.00022671,0.000203205,0.00019491
0.000216765,0.00019298,0.00024133,0.000217665,0.00020114
0.000205855,0.0001898,0.00022539,0.000202895,0.00019369
0.000214557,0.00019372,0.00023883,0.00021269,0.00019682
0.000212779,0.00019425,0.00022949,0.00021312,0.0001998
0.000209682,0.00019023,0.00023277,0.00020784,0.0001949
0.000217237,0.00019308,0.00024085,0.00021722,0.00019988
0.000208146,0.00018978,0.00022946,0.00020649,0.00019468
0.000218054,0.00019099,0.00024792,0.000216775,0.00019551
0.000207753,0.00019076,0.00022426,0.000206475,0.00019593
0.000219889,0.00020187,0.00024771,0.00021441,0.00020187
0.000206945,0.0001901,0.00022341,0.00020596,0.00019896
0.000214501,0.00019253,0.00023714,0.00021451,0.00019549
0.000211651,0.00019869,0.00022482,0.000211815,0.00020054
0.000212571,0.0001933,0.00023302,0.000213275,0.0001933
0.000215666,0.00019844,0.00023102,0.000217045,0.00020011
0.000210175,0.00019155,0.00023087,0.000209205,0.0001969
0.00021553,0.00019589,0.00023861,0.00021525,0.00019589
0.000208567,0.00019006,0.00022713,0.000207185,0.00019508
0.000219188,0.00019662,0.00024173,0.000219315,0.00019662
0.000209534,0.00019402,0.00022707,0.000209125,0.00019402
0.00021854,0.00019313,0.00024352,0.000217925,0.00019814
0.000206704,0.00019222,0.0002269,0.000204085,0.00019274
0.000217708,0.00019411,0.0002489,0.000215725,0.00020152
0.000207149,0.00019153,0.00022727,0.000204165,0.00019153
0.000212228,0.00019705,0.00023036,0.000211655,0.00019959
0.00021605,0.00019041,0.00024207,0.000215545,0.00019292
0.00021574,0.00020428,0.00023094,0.00021335,0.000207
0.000221862,0.00020682,0.00024432,0.00021946,0.00020682
0.000209355,0.0001931,0.00022879,0.000206105,0.00019633
0.000213741,0.00018953,0.00024236,0.000209305,0.00019939
0.00020419,0.00018936,0.00022049,0.00020357,0.00019658
0.000216545,0.0001946,0.00023619,0.000217085,0.00020909
0.000209774,0.00019309,0.00022847,0.000209205,0.00019309
0.00021281,0.00019469,0.00023368,0.000211965,0.00019948
0.000208724,0.00019307,0.00022152,0.00021117,0.00019841
0.000211,0.00019232,0.00023078,0.000209835,0.00019232
0.000217614,0.00019975,0.00023555,0.00021697,0.00019975
0.000209,0.00019331,0.00022556,0.0002091,0.00020299
0.000219216,0.00019663,0.00024208,0.00021997,0.00019907
0.000209021,0.00019516,0.00022027,0.000210595,0.00019516
0.000220259,0.00019296,0.00025242,0.000216275,0.00019892
0.000208719,0.00019377,0.00022803,0.00020531,0.00019625
0.000214752,0.00019376,0.00024177,0.000211925,0.0001968
0.000210938,0.00019214,0.00023155,0.0002099,0.0001946
0.000216735,0.00019113,0.00024406,0.000216305,0.00019909
0.000211713,0.00019601,0.00022822,0.00021216,0.00019794
0.000211937,0.00019418,0.00023503,0.000210795,0.00019675
0.000214744,0.00019085,0.00024162,0.000214535,0.00019085
0.0002109,0.00019115,0.00023075,0.0002101,0.00019747
0.000216215,0.00019551,0.00024191,0.000214015,0.00020384
0.000208564,0.0001909,0.00023046,0.000207205,0.00019475
0.000216814,0.00019475,0.00024196,0.000215335,0.00020124
0.000206931,0.00018987,0.00022574,0.000204015,0.00018987
0.000213297,0.00019621,0.00023805,0.000209395,0.00019636
0.000208454,0.00019004,0.00023551,0.0002037,0.000193
0.0002102,0.00019232,0.0002292,0.000210995,0.00019338
0.000217644,0.00020189,0.00023432,0.00021742,0.00020364
0.000209056,0.0001911,0.00022778,0.00020828,0.00019734
0.000217825,0.00019588,0.00024001,0.00021733,0.00020258
0.000209736,0.0001959,0.00022623,0.000208335,0.00020055
0.000221084,0.00019388,0.00024805,0.000223025,0.0001977
0.000207462,0.00019113,0.00022446,0.00020704,0.00019557
0.000219946,0.00019236,0.00024781,0.000218525,0.00019835
0.000205465,0.00019022,0.00022235,0.000203,0.00019432
0.000216569,0.00019229,0.000238,0.000217045,0.00020223
0.000204271,0.00018991,0.00022156,0.00020323,0.00019643
0.00021152,0.00019015,0.0002355,0.000211305,0.00019229
0.000211225,0.00019377,0.00022752,0.000211915,0.00019693
0.000213721,0.00019695,0.00022949,0.000214805,0.00020386
0.000219864,0.00020088,0.00024433,0.000217775,0.00020279
0.000210074,0.00019099,0.00023368,0.00020763,0.00019338
0.000216659,0.0001914,0.00024403,0.00021614,0.0001946
0.000204414,0.00018805,0.0002186,0.00020471,0.00019026
0.000217918,0.00019763,0.00023848,0.000217815,0.00020387
0.000208485,0.00019456,0.0002291,0.00020443,0.00019456
0.000215889,0.00019284,0.00024003,0.000215225,0.00019854
0.000203814,0.00019542,0.00021433,0.000202275,0.00019834
0.000210274,0.00019108,0.00023071,0.000210725,0.00019108
0.000213966,0.00019864,0.0002294,0.000214645,0.00019864
0.000210595,0.00019208,0.00023223,0.0002087,0.00019578
0.000216145,0.00019266,0.00023985,0.000215565,0.00019693
0.000210222,0.00019283,0.00022632,0.000211285,0.00019283
0.000221155,0.0001956,0.00025177,0.000219365,0.00019687
0.000210456,0.00019218,0.00023344,0.00020822,0.00019364
0.000218564,0.0001933,0.00024096,0.000218155,0.00020364
0.000208424,0.00019056,0.00022372,0.00020978,0.00019583
0.000214137,0.00019144,0.00023481,0.00021368,0.00019144
0.000213626,0.00019532,0.00023358,0.00021309,0.00019827
0.000209987,0.00019189,0.00022912,0.000208695,0.00019557
0.000216925,0.00019373,0.00024016,0.000216535,0.00020074
0.000207863,0.00018811,0.00022734,0.00020627,0.00019656
0.000217068,0.00019535,0.00024566,0.000215745,0.00019535
0.000209845,0.00019067,0.00022951,0.00020957,0.00019631
0.000216762,0.00019639,0.00024289,0.00021293,0.00019892
0.000207202,0.00019211,0.00022596,0.00020639,0.00019421
0.000215426,0.00019345,0.00023804,0.000216465,0.00019752
0.000207663,0.00019453,0.00022404,0.00020475,0.00019482
0.000212095,0.00019063,0.00023458,0.000212195,0.00019076
0.000209923,0.00019602,0.00022411,0.000209415,0.00019805
0.000210765,0.00019124,0.00023188,0.00020882,0.00019657
0.000213537,0.00019672,0.00022918,0.000213645,0.00019672
0.000210052,0.00019253,0.0002274,0.0002078,0.00019253
0.000217976,0.00018883,0.00024257,0.00022197,0.00019
0.000208288,0.00019014,0.0002234,0.00020766,0.00019633
0.000218967,0.00019329,0.00025035,0.00021609,0.00019899
0.000208153,0.00019126,0.000231,0.00020529,0.00019126
0.00021792,0.00019061,0.00024475,0.000216415,0.00020128
0.000207506,0.00019267,0.00022669,0.000204645,0.00019557
0.000217189,0.00019942,0.00024066,0.00021494,0.00020322
0.000212989,0.00019682,0.00022853,0.00021376,0.00019857
0.000218644,0.00020053,0.00023988,0.00021811,0.00020802
0.000218284,0.00019964,0.00023935,0.00021748,0.00020383
0.000210749,0.00019171,0.00023352,0.000209475,0.00019617
0.000217788,0.00019145,0.00024541,0.000217435,0.00019656
0.000209363,0.00019217,0.00023229,0.00020841,0.00019808
0.000217219,0.00019506,0.00024237,0.00021536,0.00019771
0.000209442,0.00019638,0.00022914,0.00020529,0.00019705
0.000215731,0.00019778,0.00023417,0.00021496,0.0002048
0.000214895,0.00019886,0.0002326,0.0002153,0.00020187
0.000211252,0.00019152,0.0002333,0.000209995,0.00019651
0.000218069,0.00019851,0.00023767,0.000217445,0.00019851
0.000208049,0.0001904,0.00022847,0.000206725,0.00019715
0.000219127,0.00019343,0.00024194,0.000220835,0.0001958
0.000207958,0.00019369,0.00022363,0.000207295,0.00019369
0.000219729,0.00019652,0.00024175,0.000218385,0.00019652
0.000205338,0.00018965,0.00022451,0.00020608,0.00018965
0.000218394,0.0001962,0.00024339,0.00021839,0.0001962
0.000206039,0.00019184,0.00022303,0.00020293,0.00019184
0.000215046,0.00019285,0.00024056,0.00021151,0.00019726
0.000204885,0.00018923,0.00022361,0.000202245,0.00019419
0.000215984,0.00019311,0.00023759,0.000216105,0.00020008
0.000211199,0.00019061,0.00022944,0.000212315,0.00019061
0.000207915,0.00019011,0.00022842,0.0002067,0.00019515
0.000215849,0.0001902,0.00024149,0.00021656,0.0001902
0.000209948,0.00019134,0.00023071,0.0002083,0.00019637
0.000218571,0.00019521,0.00024496,0.000218255,0.00019794
0.000207076,0.00019128,0.00022534,0.00020508,0.0001955
0.000216338,0.00019166,0.00024063,0.00021582,0.0001974
0.000207204,0.00019468,0.00022272,0.000206255,0.00019531
0.000215365,0.00019503,0.00023778,0.00021354,0.00019503
0.00021309,0.00019634,0.00023189,0.00021178,0.00019634
0.000210663,0.00019379,0.00023029,0.00020888,0.00019379
0.000215551,0.00020025,0.00023163,0.00021523,0.00020025
0.00021151,0.0001946,0.00023077,0.000209695,0.00019572
0.000218856,0.00019822,0.00023952,0.000219285,0.00019822
0.000207723,0.0001911,0.00022293,0.000206515,0.00019389
0.000219581,0.00019661,0.00025018,0.00021744,0.00019661
0.000208229,0.0001927,0.00023129,0.00020383,0.0001927
0.00021746,0.00019117,0.00024836,0.000217085,0.00020079
0.00021018,0.00019223,0.00022838,0.00021164,0.00019673
0.000215741,0.00019127,0.00024014,0.000215005,0.00019381
0.000213497,0.00019737,0.00023072,0.00021321,0.00019737
0.000214302,0.00019847,0.00023044,0.000214415,0.00020344
0.000219489,0.00020214,0.0002437,0.00021693,0.0002022
0.000211777,0.00019405,0.00023103,0.00021083,0.00019992
0.000219316,0.00019712,0.00024458,0.0002183,0.00019712
0.00020867,0.00019345,0.00022761,0.000207895,0.00019756
0.000221587,0.00019669,0.00024612,0.000221425,0.00019669
0.000205097,0.00019075,0.0002209,0.00020441,0.00019153
0.000216324,0.00019164,0.00023947,0.00021522,0.00019881
0.000209219,0.00019541,0.0002237,0.00020848,0.00019541
0.000214946,0.00019365,0.00023843,0.000212765,0.00020108
0.000213712,0.00019911,0.00022868,0.000213065,0.00019911
0.000213739,0.00019868,0.00023009,0.000212285,0.00020297
0.000215323,0.00019746,0.00023486,0.000214995,0.00019746
0.000210364,0.00019704,0.00022992,0.00020885,0.0002006
0.000218068,0.00019813,0.00024651,0.000214505,0.00019813
0.000206016,0.0001902,0.00022172,0.00020571,0.0001965
0.000218844,0.00019278,0.00024685,0.000217885,0.00019796
0.000210664,0.00019162,0.00023085,0.000208195,0.00019706
0.000216433,0.00019313,0.00024084,0.000214715,0.00020114
0.000207204,0.00019333,0.00022738,0.000204255,0.00019333
0.000215144,0.00019416,0.00024087,0.00021484,0.00019416
0.000206101,0.00019484,0.0002206,0.00020518,0.00019684
0.000210706,0.00019204,0.00023421,0.00020897,0.00019347
0.000214994,0.00019183,0.00023941,0.00021471,0.00019337
0.000208695,0.00019327,0.0002305,0.000204335,0.00019471
0.000216512,0.00018935,0.00024269,0.000218085,0.0001953
0.000207395,0.00019018,0.00022952,0.000205205,0.00019673
0.000216572,0.00019115,0.00024061,0.00021777,0.00019757
0.000208649,0.00019289,0.00022839,0.000204675,0.00019289
0.000215181,0.00019491,0.00023776,0.00021335,0.00019491
0.000213553,0.00019454,0.00023142,0.000213925,0.00019454
0.000210715,0.00019236,0.00022992,0.000209785,0.00019236
0.000217339,0.00019874,0.00023586,0.000217665,0.00019874
0.000209347,0.00019306,0.00022767,0.00020946,0.00019386
0.000220194,0.00019844,0.00024133,0.00022048,0.00019844
0.00020857,0.00018922,0.00022215,0.00020914,0.00019457
0.000216538,0.00019536,0.00024246,0.000213305,0.00019841
0.000206964,0.00019434,0.00022253,0.00020706,0.00019434
0.000218994,0.00019534,0.00024577,0.00021889,0.00019534
0.000208595,0.00019196,0.00022244,0.00020754,0.00020223
0.00021582,0.00019346,0.00023996,0.00021425,0.00020004
0.000207502,0.00019118,0.00022111,0.000209505,0.00019409
0.000216939,0.00020135,0.00023373,0.0002163,0.00020983
0.000217086,0.00020486,0.00023,0.00021728,0.00020486
0.000214201,0.0001994,0.0002354,0.000212475,0.0002006
0.000217312,0.00019821,0.00024361,0.00021487,0.00019834
0.000209699,0.00018969,0.00023165,0.00020822,0.00019448
0.00021902,0.00019628,0.00024454,0.000218185,0.00020919
0.000206756,0.00019239,0.00022332,0.000204785,0.00019524
0.00022043,0.00019963,0.000243,0.000218065,0.00020026
0.000205303,0.00019194,0.00022394,0.000200555,0.00019194
0.000216875,0.00019935,0.00023458,0.000216695,0.00020076
0.00020841,0.0001912,0.00023141,0.000203735,0.00019493
0.000213855,0.0001926,0.00023279,0.00021642,0.00020845
0.000209932,0.00019204,0.00022572,0.00021052,0.00019774
0.000207461,0.00018894,0.00022707,0.000205665,0.00019616
0.00021619,0.00019672,0.0002411,0.00021242,0.00020118
0.000207641,0.00018809,0.00023211,0.00020715,0.00019052
0.000217753,0.00019544,0.00024198,0.00021689,0.00019874
0.000209557,0.00019173,0.00023113,0.00020699,0.00019173
0.000219205,0.00019718,0.0002446,0.00021942,0.00020225
0.000208099,0.00019169,0.00022369,0.000207925,0.00019715
0.000216388,0.00019637,0.00024204,0.000216595,0.00020059
0.000208188,0.00019597,0.00022651,0.000205715,0.00019852
0.00021166,0.00019341,0.0002341,0.000210565,0.00019341
0.000215342,0.0001895,0.00023831,0.00021717,0.00019967
0.000208134,0.00018978,0.00022717,0.000208255,0.00019813
0.000219489,0.00019456,0.00024388,0.000220735,0.00019932
0.000207022,0.00019171,0.00022179,0.000207565,0.00019818
0.000218601,0.00019417,0.00024273,0.00021715,0.00019725
0.000204059,0.00018931,0.00021955,0.00020477,0.00019175
0.000216931,0.00019198,0.00024115,0.000214755,0.00020155
0.000209786,0.00019219,0.00022687,0.000210465,0.00019219
0.000212889,0.00019352,0.00023421,0.00020983,0.00019352
0.000210776,0.00019395,0.00022877,0.00020977,0.00019649
0.000210146,0.00019209,0.00022892,0.00020802,0.00019209
0.000212696,0.00019061,0.00023403,0.00021249,0.00019647
0.000206518,0.00018955,0.00022277,0.000207415,0.00019002
0.000220417,0.00019832,0.00024625,0.000221035,0.00019852
0.00020844,0.00019171,0.00022458,0.00020601,0.00019747
0.000218611,0.00019412,0.00024526,0.000219325,0.00019412
0.000208029,0.0001922,0.00022372,0.00020773,0.00019702
0.000217089,0.00019298,0.00024018,0.000215125,0.00020606
0.000207393,0.0001962,0.00022713,0.00020176,0.00019623
0.000218883,0.00019916,0.00023968,0.000217535,0.00020476
0.000213687,0.00020178,0.00022592,0.000214325,0.00020178
0.000214883,0.00019831,0.00023298,0.000213645,0.00019831
0.000215949,0.00019463,0.00023855,0.00021499,0.00020025
0.000211389,0.00019193,0.00023059,0.0002108,0.00019769
0.000217203,0.00019689,0.00024164,0.00021538,0.00019735
0.000211464,0.00020005,0.00022753,0.000209715,0.00020005
0.000215667,0.00019151,0.00024187,0.000216735,0.00019846
0.000212862,0.00019589,0.00023002,0.00021126,0.00019589
0.000214479,0.00019486,0.00023706,0.000213325,0.00019814
0.000209816,0.00019774,0.00022397,0.00021008,0.00019991
0.000210938,0.00019333,0.00023107,0.000211015,0.00019333
0.000211846,0.00019875,0.00023428,0.00020799,0.00019875
0.000208973,0.00019273,0.00022726,0.000206425,0.00019273
0.000223834,0.0002008,0.00024538,0.00022536,0.0002008
0.000206701,0.00019062,0.0002256,0.000204985,0.00019217
0.000218469,0.00019187,0.00024288,0.000218315,0.00019187
0.000206387,0.00019197,0.00022165,0.00020514,0.0001973
0.000221599,0.00019793,0.00024413,0.00022208,0.00019793
0.000207174,0.00019373,0.00022216,0.00020658,0.00019373
0.000215415,0.00019534,0.00023649,0.00021431,0.00020084
0.000208019,0.00019337,0.00022312,0.00020876,0.00019526
0.000213586,0.00019444,0.00023387,0.000213715,0.00019771
0.00021203,0.00019161,0.00023197,0.00021267,0.00019285
0.000210895,0.00019236,0.00023045,0.000209245,0.00019758
0.000215293,0.00019441,0.00024258,0.00021326,0.0001973
0.000206756,0.00018778,0.00022976,0.00020492,0.0001931
0.000220531,0.00019773,0.00024903,0.000218095,0.00019982
0.000206572,0.00018917,0.00022489,0.00020498,0.00019626
0.000216721,0.00019335,0.00023954,0.000216755,0.00019621
0.000210386,0.00019146,0.00023014,0.00020801,0.00019609
0.000213065,0.00019375,0.00023379,0.000214605,0.00019692
0.000207918,0.00019241,0.00022995,0.00020353,0.00019241
0.00021444,0.00019547,0.00023252,0.000214505,0.00020063
0.000213931,0.00019376,0.00023265,0.000214365,0.00019376
0.000210056,0.00019173,0.00022809,0.000210145,0.00019576
0.000217409,0.00019267,0.00024411,0.000217355,0.00019293
0.000209104,0.00019136,0.00023011,0.0002069,0.00019703
0.000218021,0.00019047,0.00024349,0.000219375,0.00019657
0.000208766,0.00019208,0.0002335,0.000204335,0.00019208
0.000218094,0.00019645,0.00024001,0.000216385,0.00020543
0.00021468,0.00020045,0.00022764,0.000215085,0.00020475
0.00021648,0.00019746,0.00023989,0.00021214,0.0002006
0.000215484,0.0001996,0.00023345,0.000214785,0.0001996
0.000211894,0.00019482,0.00023252,0.000212065,0.00019806
0.000217971,0.00019234,0.00024439,0.00021799,0.00019234
0.000208405,0.00019058,0.00022974,0.00020761,0.00019451
0.000218613,0.00019752,0.00024278,0.000218075,0.00019752
0.000207585,0.00019232,0.00022345,0.00020586,0.0001989
0.000216835,0.00019037,0.00024145,0.00021935,0.00019399
0.000210555,0.00020034,0.00022385,0.00021033,0.00020034
0.000214731,0.00019324,0.00023734,0.000213825,0.00019554
0.0002081,0.00019393,0.00022205,0.00020768,0.00019393
0.000211979,0.00019216,0.00023175,0.00021219,0.00019216
0.000212326,0.00019983,0.00023369,0.000208745,0.00019983
0.000212066,0.00019239,0.00023375,0.00021033,0.00019239
0.000216791,0.00019481,0.00024084,0.000216755,0.00019481
0.000215841,0.00020122,0.00023194,0.00021463,0.00020159
0.000221009,0.00019521,0.00024753,0.000221345,0.00019521
0.000206927,0.00019114,0.00022362,0.00020641,0.00019608
0.000221177,0.00019671,0.00024686,0.000219515,0.00019671
0.00020772,0.00019053,0.00022726,0.00020451,0.00019365
0.000217946,0.00019448,0.00024081,0.000218975,0.00019448
0.000212142,0.00019733,0.00022854,0.00021241,0.00019822
0.000215837,0.00019213,0.0002411,0.00021515,0.00019213
0.000211654,0.00019562,0.00022742,0.00021248,0.00019667
0.000212891,0.00019217,0.00023565,0.000212315,0.00019635
0.000217007,0.00019144,0.00024094,0.00021763,0.00019951
0.000210575,0.00019021,0.00023454,0.00020943,0.0001972
0.000214825,0.00019603,0.00023988,0.00021374,0.00019603
0.000208201,0.0001915,0.00022523,0.000206265,0.00019728
0.000215758,0.00019245,0.00023984,0.00021449,0.00020129
0.000207828,0.00018841,0.00022744,0.000206635,0.00019604
0.00021328,0.00019295,0.00023714,0.000214605,0.00019295
0.000212883,0.00019216,0.00022956,0.000215125,0.00019948
0.000212171,0.00019262,0.00023522,0.00021008,0.00020044
0.000215823,0.0001982,0.00023441,0.0002155,0.00020166
0.0002089,0.00019024,0.00022444,0.00020834,0.00019024
0.000218691,0.00019541,0.00024467,0.000217195,0.00019984
0.000216359,0.00020927,0.00022371,0.000216695,0.00020927
0.000220304,0.00020427,0.00024,0.000220265,0.00021015
0.000214254,0.00019987,0.00023281,0.00021166,0.00019987
0.00022658,0.0002096,0.00024903,0.000223955,0.0002146
0.000211291,0.00019267,0.00023116,0.0002103,0.00019267
0.000220954,0.0002074,0.00023818,0.00021879,0.00020911
0.000217583,0.00019964,0.00024062,0.000213305,0.0002079
0.000219094,0.00021036,0.00022823,0.0002196,0.00021231
0.00021998,0.00020723,0.00024468,0.000211855,0.00020854
0.000214951,0.00019853,0.00023034,0.000214315,0.00019853
0.000223042,0.00020247,0.00025431,0.000217905,0.00020247
0.000210214,0.00019969,0.00022215,0.00020897,0.00019969
0.000223967,0.00021103,0.00024682,0.000218835,0.00021772
0.000209091,0.00019689,0.0002277,0.00020596,0.00019753
0.000221694,0.00020578,0.00024332,0.000217595,0.00021457
0.000210104,0.00019714,0.0002285,0.000207445,0.00020126
0.00022364,0.0002148,0.00023849,0.00022174,0.00021959
0.00021219,0.00019814,0.00023564,0.00020758,0.00020506
0.000216482,0.00020197,0.00023287,0.000215875,0.000205
0.000221871,0.00020698,0.00024767,0.0002151,0.00021509
0.000217702,0.00020841,0.00022856,0.0002176,0.00021245
0.000226394,0.0002031,0.00025107,0.000224605,0.0002031
0.000211751,0.00020229,0.0002268,0.000209785,0.00020249
0.000222944,0.00020735,0.00024616,0.00021901,0.00021557
0.000209929,0.00019487,0.00022834,0.00020736,0.00020032
0.000217417,0.00020221,0.00023926,0.000214105,0.00020221
0.000213575,0.00019995,0.00023673,0.000209455,0.00019995
0.000222841,0.00020931,0.00023846,0.00022221,0.0002127
0.000213204,0.00019604,0.00023783,0.00020752,0.00020569
0.000213691,0.00019744,0.00023356,0.00021252,0.0001976
0.000220593,0.00020542,0.0002481,0.00021709,0.00020621
0.000213778,0.0002029,0.00022768,0.00021222,0.0002029
0.000222516,0.00020527,0.00025224,0.000215175,0.00020527
0.000217435,0.00020781,0.00023462,0.000214335,0.00021018
0.00022613,0.00021617,0.0002501,0.000220995,0.00021672
0.000211925,0.00019794,0.00023603,0.000208425,0.00020102
0.00021736,0.00020198,0.00024173,0.00021265,0.00020683
0.000214219,0.0001973,0.00024346,0.00020805,0.00020433
0.000216015,0.00020161,0.00023664,0.000214265,0.00020248
0.000217854,0.0002021,0.00024564,0.000211575,0.00020294
0.000215155,0.00020182,0.0002322,0.000213225,0.00020473
0.000222292,0.00020594,0.00025428,0.000214435,0.00020798
0.000215989,0.00021025,0.000223,0.00021581,0.00021358
0.000225699,0.00021343,0.00024225,0.000223285,0.00021343
0.000213366,0.00020649,0.00022317,0.000214445,0.00021355
0.000221231,0.00020897,0.00024188,0.00021515,0.00021488
0.000209028,0.00019803,0.0002291,0.00020403,0.00020141
0.000228245,0.00022424,0.00023885,0.000227275,0.00022567
0.000213302,0.0002035,0.00023599,0.000209385,0.0002035
0.000215971,0.00020484,0.00022995,0.000214995,0.00020912
0.000217135,0.0002066,0.00023773,0.00021063,0.0002066
0.000213596,0.00020119,0.00022695,0.000213435,0.00020375
0.000224333,0.00020628,0.00024575,0.00022274,0.00020766
0.000208356,0.00019358,0.00022616,0.00020637,0.0001945
0.000223335,0.00020744,0.00025595,0.000215455,0.00021283
0.000209813,0.00019474,0.00023168,0.000207065,0.0001972
0.000223141,0.00020851,0.00024849,0.000219215,0.00021393
0.000213426,0.00020051,0.00023199,0.000210525,0.00020051
0.000223791,0.00021612,0.00023823,0.00022175,0.00021627
0.000215839,0.00020311,0.00024063,0.00021081,0.00020577
0.000220931,0.00020984,0.00023715,0.00021976,0.00021154
0.000214849,0.00020148,0.00024498,0.000208665,0.00020148
0.000221539,0.00019696,0.00028853,0.000213515,0.00019696
0.000218465,0.00019895,0.00024328,0.000214355,0.00019895
0.000211235,0.00019916,0.00022697,0.000210475,0.00019997
0.000216299,0.00019478,0.00024079,0.00021412,0.00019706
0.00021376,0.00020016,0.0002315,0.00021077,0.00020016
0.000219633,0.0002042,0.0002458,0.000218105,0.0002042
0.000210365,0.00019404,0.00023728,0.000205495,0.00020201
0.000217124,0.00020554,0.00023277,0.000216555,0.00020554
0.000214342,0.00019646,0.00023933,0.00020877,0.00020776
0.000216111,0.00020668,0.00023054,0.00021413,0.00020668
0.000216159,0.00019358,0.00024898,0.00020983,0.00020613
0.000210474,0.00019333,0.00022844,0.00020933,0.00019333
0.000224631,0.00021106,0.00025613,0.000215235,0.00021184
0.000270031,0.00021365,0.00032686,0.000269115,0.00031713
0.000223682,0.00021027,0.00023546,0.000224625,0.00022513
0.000209255,0.00019816,0.00022808,0.000206135,0.00019896
0.000217699,0.00020226,0.00023966,0.00021465,0.00020226
0.000208768,0.00019415,0.00023072,0.00020591,0.00019953
0.000218304,0.00020844,0.00022962,0.00021823,0.00021005
0.000217367,0.00020962,0.00023223,0.00021478,0.00021251
0.000221499,0.00021296,0.00023358,0.000220305,0.000217
0.000216084,0.00019649,0.00024474,0.000213505,0.00019649
0.000216229,0.000209,0.0002284,0.00021496,0.00021189
0.000226604,0.00021109,0.00024623,0.000222485,0.00021795
0.000211683,0.00019998,0.00022817,0.000209025,0.00020263
0.00022548,0.00020929,0.00024515,0.000223755,0.00021302
0.000258624,0.00024256,0.00027991,0.000257925,0.00024924
0.000217925,0.00020332,0.00023651,0.000214745,0.00020427
0.000211657,0.00020109,0.0002283,0.00020741,0.00020709
0.000220715,0.00020795,0.00023627,0.000219575,0.00020976
0.000213551,0.00020213,0.00023651,0.000206175,0.00020349
0.000222314,0.00021154,0.00023448,0.00022152,0.00021363
0.000217151,0.00020234,0.00024102,0.000210385,0.0002083
0.000216263,0.00020753,0.00022371,0.00021654,0.00021052
0.000220298,0.00020195,0.00024991,0.00021631,0.00020425
0.000216405,0.00020201,0.00023043,0.000217,0.00020201
0.000217548,0.00019917,0.00023946,0.000212825,0.00020253
0.000209551,0.00019095,0.00023606,0.00020507,0.00019948
0.000218716,0.00020604,0.00023822,0.000214555,0.00021282
0.000212816,0.00019719,0.00023937,0.000207625,0.00020187
0.000211187,0.0001942,0.00023144,0.000210895,0.0001942
0.000220671,0.0002059,0.00024716,0.000215185,0.00020656
0.000214335,0.00020403,0.00022842,0.00021409,0.00020433
0.00022178,0.00020274,0.00024562,0.000218815,0.00020274
0.000212391,0.00020343,0.00022214,0.000212445,0.00020711
0.000221939,0.00020288,0.00024337,0.000221085,0.00020896
0.000209822,0.00019809,0.00022125,0.000208905,0.00020212
0.000223629,0.00020634,0.00025428,0.000219795,0.00020634
0.000208335,0.00019682,0.00023125,0.00020434,0.00019709
0.00021491,0.00019928,0.00023413,0.00021341,0.00019928
0.000212399,0.00020063,0.00023433,0.000208085,0.00020272
0.000217729,0.0002066,0.00023738,0.000213815,0.0002088
0.000217666,0.00020673,0.00023931,0.000210525,0.00020942
0.000217968,0.00020596,0.00022972,0.00021935,0.0002091
0.000224229,0.00021122,0.00024603,0.000219545,0.00021152
0.000215957,0.00020729,0.00022608,0.000215405,0.00020729
0.00022249,0.00020542,0.00025682,0.000214795,0.00020984
0.000212838,0.00019941,0.00022825,0.00021104,0.00019941
0.000221022,0.0002028,0.00024828,0.00021626,0.0002028
0.00021661,0.00020854,0.00023205,0.00021262,0.00021192
0.000223014,0.00021034,0.00024197,0.00021851,0.00021193
0.000214586,0.00020087,0.00023045,0.000212505,0.00020087
0.000221067,0.00021301,0.00023103,0.00022066,0.00021602
0.000214868,0.00020171,0.00024134,0.000208905,0.00020171
0.00022108,0.00021141,0.00023307,0.000221235,0.00021402
0.000274884,0.00020804,0.00035685,0.000276085,0.00021273
0.000216537,0.00020296,0.00023312,0.00021506,0.00020296
0.000226917,0.00021442,0.0002506,0.00022103,0.00021932
0.000213819,0.00019993,0.00023007,0.00021272,0.00019993
0.000216784,0.00020137,0.00023514,0.000214545,0.00020137
0.00021097,0.00019654,0.00023446,0.000206315,0.00019654
0.000217161,0.00020678,0.00023088,0.00021498,0.00020899
0.000212505,0.00019517,0.00023839,0.00020633,0.00020328
0.000213527,0.00019766,0.00023349,0.00021187,0.00019766
0.000227808,0.00021211,0.0002507,0.00022549,0.00022745
0.000209444,0.00019432,0.00022732,0.000208645,0.00019447
0.000225159,0.00020881,0.00025954,0.00021524,0.00021441
0.000215025,0.00020874,0.00022054,0.00021641,0.0002112
0.000222321,0.00021,0.00024011,0.00022092,0.00022162
0.000212112,0.00020528,0.00022587,0.000209015,0.00020528
0.000218844,0.00020567,0.00024295,0.00021466,0.00021052
0.000208821,0.00019463,0.00023201,0.000204405,0.00020096
0.000223813,0.00020745,0.00024293,0.000223375,0.00021069
0.000210752,0.00019515,0.00023626,0.00020685,0.0002012
0.000215789,0.00020251,0.00023032,0.00021549,0.00020304
0.000223705,0.00020233,0.00024362,0.000225265,0.00020233
0.000210827,0.00019429,0.00022685,0.000210275,0.00019429
0.000221556,0.00020137,0.00024665,0.000218825,0.00020137
0.000216224,0.0002037,0.00023256,0.00021499,0.0002037
0.000223055,0.00020644,0.00024921,0.00021838,0.00021501
0.000211646,0.00020078,0.00022765,0.000206945,0.00020078
0.000220944,0.00020609,0.00024162,0.0002188,0.00020609
0.000208225,0.00019194,0.00023418,0.000203405,0.00020163
0.000219531,0.00020654,0.00023697,0.00021698,0.00020654
0.000215194,0.00020199,0.00023046,0.000212115,0.00020199
0.000223029,0.00021128,0.00023278,0.000223995,0.00022183
0.000223338,0.00021391,0.00023798,0.00022305,0.00022559
0.000214444,0.0002007,0.00022647,0.00021431,0.0002007
0.00021919,0.00020125,0.00025522,0.00021117,0.00020333
0.000208803,0.00019374,0.00023032,0.00020498,0.00019599
0.000219994,0.00020277,0.00024866,0.00021331,0.00020277
0.00021162,0.00019942,0.00023692,0.00020521,0.00020013
0.000218301,0.00020528,0.0002402,0.00021453,0.00020543
0.000216332,0.0001989,0.00023837,0.000214915,0.00020216
0.000215657,0.0002036,0.00023242,0.0002129,0.00020439
0.000217479,0.00020516,0.00024321,0.000212055,0.00020572
0.000210169,0.00019291,0.00023047,0.000208455,0.00019291
0.000220189,0.00019935,0.00024769,0.000215345,0.00020757
0.000212205,0.00019728,0.00023188,0.000210245,0.00019728
0.000222617,0.00020294,0.00024468,0.000221615,0.00020294
0.000204574,0.00018977,0.00022355,0.00020125,0.00018977
0.00021825,0.00020455,0.00024024,0.00021235,0.00020455
0.000211714,0.0002001,0.00022877,0.00020832,0.00020538
0.00022163,0.00021179,0.00023818,0.000218865,0.00021635
0.000208544,0.00019552,0.00023154,0.000202245,0.00019801
0.000217981,0.00020694,0.00023311,0.0002175,0.00020977
0.00021536,0.00020397,0.00023792,0.00020812,0.0002075
0.000216602,0.00020477,0.0002287,0.00021583,0.00021007
0.000220135,0.00020564,0.00024233,0.000216045,0.00020564
0.000211351,0.00019908,0.00022519,0.000211395,0.00019959
0.000222201,0.00020541,0.00024574,0.0002167,0.00020541
0.000207936,0.00019196,0.00022807,0.00020544,0.00019526
0.000223277,0.00020705,0.00024824,0.00021862,0.0002172
0.000208468,0.00019296,0.00023083,0.000205325,0.00019982
0.000227107,0.00021209,0.00024638,0.000226,0.00021305
0.00020895,0.00019376,0.00023315,0.000204835,0.0001998
0.000220215,0.00020788,0.00023469,0.000219695,0.00021094
0.000218574,0.00020588,0.00024561,0.0002115,0.00020936
0.000219898,0.0002086,0.00023294,0.000220285,0.0002086
0.000242675,0.00020241,0.00031315,0.00022621,0.00020669
0.000216304,0.00020565,0.00022563,0.0002176,0.00021853
0.000225696,0.00021187,0.00023876,0.000227015,0.00022786
0.000212159,0.00019536,0.00023231,0.0002123,0.00019711
0.000218635,0.00020007,0.00024248,0.00021463,0.00020007
0.000210171,0.00019069,0.00023374,0.000207775,0.00020377
0.00021688,0.00020322,0.00023299,0.000214525,0.00021046
0.00022068,0.00019918,0.00023996,0.000222455,0.00021111
0.00021751,0.00020248,0.00023505,0.000217395,0.00020318
0.000216861,0.00019547,0.00024988,0.000208325,0.00020653
0.000212637,0.00019961,0.00022742,0.000211355,0.00019961
0.000221409,0.00020062,0.00025358,0.000216195,0.00020062
0.000213744,0.00020307,0.00022582,0.00021323,0.00020495
0.000219182,0.0001967,0.0002511,0.00021485,0.0001967
0.000208948,0.00019512,0.00022846,0.000205735,0.00019844
0.000221316,0.00020752,0.00023984,0.00021865,0.00021768
0.000209586,0.00019792,0.00022997,0.00020476,0.00019792
0.000220379,0.00020946,0.00023636,0.000218725,0.00020999
0.000211095,0.00019447,0.00023551,0.00020737,0.0002043
0.000213084,0.00019828,0.00023264,0.000211875,0.00019915
0.000220493,0.00020521,0.00024665,0.00021376,0.00020773
0.000215655,0.0002008,0.00023212,0.000215485,0.00020086
0.000221065,0.00020171,0.00024352,0.000217965,0.00020171
0.000214838,0.00020065,0.00023068,0.00021373,0.00020497
0.000221047,0.00020422,0.00024507,0.00021745,0.00020863
0.000211571,0.00019885,0.00022875,0.00020783,0.00019885
0.000218683,0.00020329,0.0002443,0.000215915,0.00020422
0.000209451,0.00019455,0.00023215,0.000205635,0.00020186
0.000219412,0.00020856,0.00023859,0.00021694,0.00020875
0.00021224,0.00019556,0.00023798,0.000205725,0.00020206
0.000219507,0.00020844,0.00023233,0.000218905,0.00021192
0.000216034,0.00020038,0.00024771,0.00020747,0.00020512
0.000208681,0.00019426,0.0002285,0.00020728,0.00019484
0.000221676,0.00020435,0.00025495,0.000213425,0.00021265
0.000214874,0.00020236,0.00023011,0.00021242,0.00020236
0.000221039,0.00020315,0.00024975,0.000214325,0.00021294
0.000212711,0.00019909,0.00023137,0.00021012,0.00019967
0.000217506,0.00020399,0.00024176,0.00021228,0.00020678
0.000210161,0.00019272,0.00023697,0.00020599,0.0002017
0.000214829,0.00019892,0.00023184,0.000214085,0.00020553
0.000214434,0.00020027,0.00024285,0.000209195,0.00020397
0.00021003,0.00019277,0.00022934,0.00020962,0.00019369
0.000220408,0.000198,0.00024915,0.00021576,0.00021051
0.000215193,0.00020573,0.00022454,0.0002162,0.00020811
0.000220871,0.00020014,0.00024406,0.0002168,0.00020014
0.000212395,0.00020075,0.00022945,0.00021018,0.00020176
0.000219699,0.0002065,0.0002448,0.00021561,0.00020729
0.000207487,0.00019235,0.0002289,0.00020584,0.00019604
0.000218359,0.00020164,0.00024168,0.000215535,0.00020837
0.000215982,0.00020548,0.00023139,0.00021214,0.00020985
0.000218624,0.00020464,0.00023458,0.00021787,0.0002087
0.00021528,0.00020268,0.00023711,0.00020875,0.00020268
0.000215004,0.00020304,0.00022973,0.000214945,0.00020404
0.000220715,0.00020338,0.00024976,0.000213865,0.00020338
0.000213203,0.00020082,0.00022548,0.00021402,0.00020603
0.000224646,0.00020637,0.00024572,0.0002194,0.00021129
0.000216043,0.00020536,0.00023066,0.000213495,0.00020536
0.000220752,0.00020322,0.00024915,0.000216205,0.00020322
0.000208222,0.00019344,0.00023078,0.000203525,0.00020059
0.000223439,0.00020778,0.00023832,0.000224365,0.00022271
0.000212924,0.00019699,0.00024007,0.00020802,0.00020039
0.000219329,0.00020787,0.0002333,0.000217355,0.00021093
0.000218249,0.00020021,0.00024505,0.000214395,0.00020793
0.000221684,0.00021463,0.00022947,0.0002209,0.00021899
0.000218135,0.00020133,0.00024296,0.000213685,0.00020974
0.000212048,0.00019944,0.00022831,0.00020992,0.00020262
0.000219439,0.00020028,0.00024048,0.000218155,0.00020811
0.000214196,0.00019421,0.00023254,0.000214135,0.0001988
0.000219801,0.00020147,0.00023857,0.000219965,0.00020331
0.000210283,0.00019207,0.00023563,0.000207285,0.00020088
0.000214021,0.00020015,0.00023229,0.00021087,0.00020164
0.000214605,0.00019219,0.000242,0.00021103,0.00020488
0.000212668,0.00020229,0.00022618,0.000210995,0.00020351
0.000220616,0.00020558,0.00025193,0.00021097,0.00020669
0.000208269,0.00019234,0.00022305,0.00020817,0.00019234
0.000225354,0.00020662,0.00025842,0.00021778,0.00020662
0.000208896,0.00019953,0.00022126,0.000208305,0.00020282
0.000224256,0.00021026,0.00025072,0.00022181,0.00021075
0.000211061,0.00019453,0.00022772,0.00021125,0.0001966
0.000220974,0.00020457,0.00024473,0.00021842,0.00021411
0.000207098,0.00019242,0.00023028,0.000204485,0.00019762
0.000214447,0.00020046,0.00023718,0.00021134,0.00020046
0.000211426,0.00019469,0.0002364,0.000207765,0.00020255
0.00021498,0.0001998,0.00023039,0.00021495,0.00020559
0.000217815,0.00019636,0.0002447,0.000213715,0.00020652
0.000213125,0.00020161,0.00022525,0.000213355,0.00020452
0.000225163,0.00020788,0.00025562,0.000220775,0.00020883
0.000207246,0.00019032,0.00022676,0.000206595,0.00019202
0.000222291,0.0002081,0.00024311,0.00022203,0.00020827
0.000209148,0.00019769,0.00022792,0.000204125,0.00020022
0.000220885,0.00020527,0.0002416,0.00021943,0.00020543
0.000213985,0.0002034,0.00023208,0.000209715,0.00020663
0.000223445,0.0002155,0.00023218,0.000222075,0.00022053
0.000212182,0.00019678,0.00023404,0.00020724,0.00020212
0.000220112,0.00020739,0.00023435,0.00021951,0.00020958
0.000218095,0.00020371,0.00024895,0.00020916,0.00020494
0.000211201,0.00019368,0.00022928,0.000211955,0.00019533
0.000219932,0.00020046,0.00025388,0.000213785,0.00020616
0.000216546,0.00020029,0.00023186,0.000216115,0.00020029
0.00021795,0.0002016,0.00023951,0.000214055,0.0002016
0.000211145,0.00019531,0.00023279,0.00020828,0.00019531
0.000217798,0.00019897,0.0002432,0.0002154,0.00020729
0.000214544,0.00019532,0.00024085,0.000209525,0.00020396
0.000214506,0.00019957,0.00023668,0.00021177,0.00020691
0.000221474,0.00021195,0.00024596,0.000215985,0.0002184
0.000211772,0.00019631,0.00022856,0.00021216,0.00019631
0.00021972,0.00020417,0.00024638,0.00021426,0.00020904
0.00021762,0.00021122,0.00022531,0.00021765,0.00021184
0.000219643,0.00019527,0.00024691,0.00021504,0.00019527
0.000209068,0.00019878,0.00022265,0.000208125,0.00019985
0.000218575,0.00020195,0.00023928,0.00021484,0.00020195
0.00021019,0.00020008,0.00022548,0.000206815,0.00020304
0.000219941,0.00020488,0.00024031,0.0002177,0.00020668
0.00021265,0.00019918,0.00023563,0.000207115,0.00020702
0.000218934,0.00020608,0.00023297,0.000216685,0.00021421
0.000214644,0.00020134,0.00023652,0.000208465,0.00020494
0.000217007,0.00020653,0.0002281,0.000216865,0.00020723
0.000220702,0.00020392,0.00024722,0.000214275,0.00020392
0.000210254,0.00019396,0.00022615,0.00021034,0.0001968
0.00022468,0.00020282,0.00024792,0.000222045,0.00020282
0.000209085,0.00019511,0.00022286,0.000209275,0.00019511
0.000219868,0.00020006,0.0002495,0.000214995,0.00020006
0.000207908,0.00019338,0.00023059,0.00020466,0.00019898
0.000220368,0.0002077,0.00023863,0.000218765,0.00020945
0.00021034,0.0001939,0.00023678,0.000205375,0.00020187
0.000219732,0.00020309,0.00024172,0.000219365,0.00020309
0.000212024,0.00019441,0.0002402,0.000207595,0.00020087
0.000208026,0.00019006,0.00022594,0.000207985,0.00019006
0.000221314,0.00020122,0.00024531,0.000221825,0.00020122
0.000216136,0.00020516,0.00023044,0.000214565,0.00020824
0.000217094,0.00019802,0.00024864,0.00021087,0.00020039
0.000213074,0.00019502,0.00022931,0.00021638,0.00020103
0.000217038,0.00020394,0.00023861,0.00021596,0.00020612
0.00021174,0.00019474,0.00024053,0.00020573,0.00020346
0.000219144,0.00020504,0.00023674,0.000218655,0.00020504
0.00021644,0.0002006,0.00023838,0.00021403,0.00021373
0.000216312,0.00020373,0.00023237,0.000214575,0.00020373
0.000219294,0.00020396,0.00025107,0.000209765,0.00020571
0.000212893,0.00019956,0.00022817,0.000212425,0.00020048
0.000228523,0.00021142,0.00026054,0.000220315,0.00021142
0.000213865,0.00020803,0.00022649,0.000212155,0.00020803
0.000220264,0.00020068,0.00024919,0.00021529,0.00020068
0.00020856,0.00019476,0.00022509,0.0002081,0.00019632
0.00021968,0.00020348,0.00024215,0.000217045,0.00020402
0.000208846,0.00019349,0.00023048,0.00020646,0.00019832
0.000220214,0.0002038,0.00024185,0.00021876,0.00020381
0.000217104,0.00019476,0.00023794,0.000217835,0.00019714
0.000218814,0.00021083,0.00022721,0.0002184,0.00021298
0.000217843,0.0002003,0.00024462,0.00021531,0.0002003
0.000215614,0.00019994,0.00022903,0.00021687,0.0002087
0.000218958,0.00019693,0.00024909,0.000215125,0.00019746
0.000212927,0.00020143,0.00022625,0.00021202,0.00020143
0.000224221,0.00020671,0.00024451,0.000221605,0.00020724
0.000209661,0.00019703,0.0002254,0.000208195,0.00019703
0.000221377,0.00020697,0.00023971,0.00021847,0.000209
0.000208825,0.0001942,0.000231,0.00020516,0.00019883
0.000217559,0.00020101,0.00023468,0.000217585,0.00020321
0.000217028,0.00020425,0.0002393,0.000211515,0.00021113
0.000219294,0.0002063,0.00023498,0.00021862,0.00020935
0.000215291,0.0001946,0.00024709,0.000207505,0.00020613
0.000214232,0.00020385,0.00022761,0.000213225,0.00020385
0.000219763,0.00019904,0.00024566,0.00021684,0.00019904
0.000209645,0.00019556,0.00023332,0.00020451,0.00019659
0.00021976,0.00020461,0.00025022,0.00021286,0.00020901
0.00021003,0.00019479,0.00023491,0.00020693,0.00020075
0.000217179,0.00020025,0.00024166,0.000214465,0.00020025
0.000213951,0.00020184,0.00023993,0.000207055,0.00020357
0.000221629,0.0002141,0.00023226,0.000219965,0.00021813
0.000215599,0.0002037,0.00023827,0.000210835,0.00020502
0.000214308,0.00020564,0.00022586,0.00021365,0.00020564
0.000223189,0.00020861,0.00024651,0.00021981,0.00021214
0.000207546,0.00019236,0.00022223,0.00020735,0.00019356
0.000220679,0.00020387,0.0002438,0.000215185,0.00020836
0.000209506,0.00019623,0.00022723,0.000207065,0.00019775
0.000220595,0.0002059,0.00024464,0.000216345,0.0002059
0.000208161,0.00019167,0.00022905,0.00020674,0.00019815
0.000215378,0.00019777,0.00024074,0.000212515,0.00020208
0.000212914,0.00020181,0.00023284,0.00020895,0.00020181
0.000215805,0.00020608,0.00023129,0.000213865,0.00020608
0.00021547,0.00020362,0.00023664,0.000208715,0.00020654
0.000219305,0.00020698,0.00023379,0.000218165,0.00021097
0.000221227,0.00020287,0.00025003,0.00021475,0.00020287
0.000209049,0.00019563,0.00022529,0.00020813,0.00019563
0.000221041,0.00020019,0.0002511,0.000216685,0.00020019
0.000213902,0.00020203,0.0002286,0.000211645,0.00021136
0.000223297,0.0002087,0.00024778,0.000219045,0.00021447
0.000210526,0.00019768,0.00023242,0.0002065,0.00020296
0.000219085,0.00019993,0.00024413,0.00021463,0.00020726
0.000211636,0.00019633,0.00023812,0.00020639,0.00020203
0.000216808,0.00020623,0.0002346,0.00021383,0.00020811
0.000216904,0.00019687,0.00024647,0.00021165,0.00020554
0.000221506,0.00020716,0.0002371,0.00022148,0.00021136
0.000219621,0.00020168,0.00024355,0.00021366,0.00021166
0.000216758,0.00020426,0.00023396,0.00021365,0.00020426
0.000216859,0.00019998,0.00024052,0.000215765,0.00020014
0.000211806,0.0002001,0.00023079,0.00020941,0.0002019
0.00021576,0.0001995,0.00023874,0.000212255,0.00020748
0.000210035,0.00019526,0.00023365,0.000206895,0.00019633
0.000212548,0.00019508,0.00023133,0.000209635,0.00019653
0.000211415,0.00019318,0.0002372,0.00020634,0.00020213
0.000219016,0.00020432,0.00023471,0.00021792,0.00020702
0.000219424,0.00020596,0.00024346,0.00021444,0.00020701
0.000209088,0.00019309,0.000228,0.000208875,0.00019309
0.000224616,0.00020891,0.00025746,0.0002187,0.00021638
0.000208198,0.00019808,0.00021805,0.000207755,0.00019808
0.00022072,0.00020672,0.00024497,0.000214555,0.00020672
0.000208165,0.00019799,0.00022429,0.000204965,0.00019799
0.000220728,0.00020809,0.00024341,0.00021763,0.00021339
0.000211534,0.00020335,0.00023014,0.00020524,0.0002047
0.000221386,0.0002099,0.0002382,0.000220365,0.0002101
0.000210005,0.00019299,0.00023589,0.00020578,0.00020016
0.000218149,0.00020348,0.00023897,0.00021763,0.00020713
0.000218609,0.0002016,0.0002434,0.00021452,0.00020184
0.000212136,0.00019614,0.00022847,0.000213095,0.00019845
0.000222131,0.00020307,0.00024359,0.000220735,0.00020307
0.000214176,0.00019791,0.00023118,0.00021282,0.00019811
0.0002238,0.00021403,0.00023758,0.000224345,0.00021518
0.000210226,0.00019246,0.00023041,0.00020994,0.00019623
0.000221949,0.00020979,0.00023822,0.000221815,0.00021344
0.000209654,0.00019476,0.00023481,0.000205065,0.0002011
0.000218828,0.00020359,0.00023682,0.000217295,0.00020579
0.000209841,0.00019171,0.00023128,0.000206795,0.0002022
0.00022248,0.00021172,0.00023445,0.00022188,0.00021405
0.000217023,0.00020225,0.0002448,0.00020884,0.00020387
0.00021248,0.00019763,0.00022872,0.000210305,0.00019763
0.000221945,0.00020335,0.00025663,0.00021305,0.00020335
0.000216905,0.00021021,0.00023292,0.00021385,0.00021273
0.000220882,0.00020368,0.00024392,0.00021783,0.00020368
0.000214081,0.00019734,0.00023707,0.0002094,0.00020343
0.000223757,0.00021135,0.00024458,0.000219905,0.00021902
0.000211116,0.0001935,0.00023806,0.000205865,0.00020227
0.000217847,0.00020714,0.00023,0.000217495,0.00021029
0.000215956,0.00019657,0.00024551,0.000210605,0.00020738
0.000210631,0.00019795,0.00022823,0.000207675,0.00019869
0.000220684,0.00020086,0.00024662,0.0002171,0.00020536
0.00021286,0.00019843,0.00022698,0.00021296,0.00020135
0.000220349,0.00019923,0.00024508,0.000216305,0.00019923
0.000206575,0.00019134,0.00022394,0.00020606,0.00019281
0.000215041,0.00019201,0.0002485,0.000211035,0.00019559
0.000212885,0.00020569,0.00022764,0.00020888,0.00020659
0.000218958,0.00020609,0.00023872,0.00021629,0.00021317
0.000211879,0.00020191,0.00023343,0.000206285,0.0002047
0.000215003,0.00020307,0.000228,0.000214665,0.0002081
0.000216275,0.00020593,0.00023783,0.00020844,0.00020726
0.000215857,0.00019695,0.00023835,0.00021381,0.00019695
0.000219234,0.00020274,0.00024483,0.00021279,0.00020547
0.000210695,0.00019758,0.00022676,0.000209555,0.00019758
0.000224401,0.00020792,0.00025874,0.000215745,0.00021301
0.000210941,0.00019313,0.00022922,0.00021162,0.0001958
0.000219962,0.00020231,0.00024579,0.000216035,0.00020231
0.000211201,0.000201,0.00023543,0.000204875,0.000201
0.000218833,0.00020199,0.0002448,0.00021433,0.00020199
0.000210862,0.00019282,0.00023817,0.00020622,0.00020177
0.00022017,0.00020933,0.00023799,0.000218955,0.00021156
0.000215286,0.00019662,0.00024197,0.00021062,0.0002049
0.000214605,0.00019807,0.0002308,0.00021421,0.00020103
0.000219784,0.00019844,0.0002446,0.00021565,0.00021347
0.000214306,0.00020536,0.00022928,0.000209985,0.00020536
0.000220964,0.00020061,0.00024988,0.00021577,0.00021321
0.000209497,0.00019338,0.00023164,0.00020643,0.00019858
0.000215581,0.00019773,0.00024402,0.000209965,0.00019773
0.000209399,0.00019054,0.00023419,0.000205875,0.00019958
0.000217255,0.00020437,0.00022981,0.000215885,0.00020742
0.000217109,0.0002017,0.00024649,0.000208435,0.00020435
0.000216199,0.00020582,0.00022807,0.00021478,0.00021039
0.000219469,0.00020511,0.00024776,0.00021072,0.00020902
0.000211631,0.00019643,0.00022811,0.000211385,0.00019744
0.000224324,0.00020678,0.0002565,0.00021933,0.00022296
0.00020722,0.00019274,0.00022312,0.00020676,0.00019295
0.000219016,0.0001975,0.00024504,0.000214335,0.0001975
0.000212004,0.00019737,0.00023436,0.00020812,0.00019946
0.000223071,0.00020823,0.00024213,0.0002216,0.00020823
0.00021048,0.00019564,0.00023389,0.00020674,0.00019701
0.000216321,0.0002041,0.00023429,0.0002142,0.00021106
0.000212145,0.00019578,0.00023738,0.00020717,0.00020458
0.000216012,0.00020279,0.00023244,0.00021529,0.00020542
0.000217,0.00020207,0.00024211,0.000212225,0.00020207
0.000214912,0.00020254,0.00023278,0.00021405,0.00020527
0.000220963,0.00019884,0.00025115,0.00021484,0.00019884
0.00020801,0.00019208,0.00022769,0.0002063,0.00019321
0.000223098,0.00020545,0.00024381,0.00021903,0.00020873
0.000210346,0.0001933,0.00022923,0.00020909,0.0001933
0.000221056,0.00020631,0.00024363,0.000217465,0.00021341
0.000208275,0.00019202,0.00023108,0.00020546,0.0002024
0.000222799,0.00021144,0.00023626,0.00022187,0.00021331
0.000215162,0.0001988,0.00023594,0.00021044,0.00020932
0.0002142,0.0002011,0.00022671,0.00021377,0.00020522
0.000217568,0.00020367,0.00024554,0.00020858,0.00020583
0.0002119,0.00019841,0.00022928,0.000210495,0.00019841
0.000220154,0.00020357,0.00025403,0.000214665,0.00020982
0.00021636,0.00020856,0.00022977,0.000212765,0.00020856
0.000220882,0.00020291,0.00024764,0.00021538,0.00021004
0.000210173,0.00019428,0.00023488,0.000206095,0.00020022
0.000218208,0.00020336,0.00024291,0.000214775,0.00020336
0.000212774,0.00019394,0.00024366,0.00020675,0.00020154
0.00021519,0.00020326,0.00023371,0.00021147,0.00020594
0.000217636,0.00020129,0.00024685,0.00021122,0.00020512
0.000215455,0.00020735,0.0002288,0.000211775,0.00020973
0.000230635,0.00021693,0.0002456,0.000229195,0.00022476
0.000216649,0.00020761,0.0002287,0.00021624,0.00021088
0.000221103,0.00020489,0.00024385,0.000216755,0.00020489
0.000208082,0.00019408,0.00022499,0.000206265,0.00019548
0.000219231,0.00020226,0.00024946,0.000213105,0.00020226
0.000206023,0.00019133,0.0002238,0.00020385,0.00019614
0.000214416,0.0002006,0.00023378,0.000210805,0.00020316
0.000212233,0.00020083,0.00023584,0.000205615,0.00020083
0.000216615,0.00020752,0.00022692,0.000215085,0.00021016
0.000217668,0.00020085,0.00023897,0.00021329,0.00020085
0.000210545,0.00019692,0.00022702,0.00020952,0.00019692
0.000235234,0.00021579,0.0002504,0.00023463,0.0002354
0.000216171,0.00020874,0.0002234,0.000216825,0.00021064
0.000222209,0.0002046,0.00024958,0.000216755,0.0002046
0.000213576,0.00020227,0.00023289,0.000209065,0.00020742
0.000221972,0.00020884,0.00024588,0.00021859,0.00021577
0.000212845,0.00020146,0.00023244,0.00020801,0.00020146
0.000219859,0.00020896,0.00023687,0.000218085,0.00020896
0.000213285,0.00019749,0.00023861,0.00020852,0.00020521
0.000213455,0.00019692,0.00023138,0.000212255,0.00019999
0.000212726,0.00019261,0.00024119,0.000208955,0.00020275
0.000221623,0.00021316,0.00023032,0.0002215,0.00021885
0.000218469,0.00020094,0.00024655,0.000211515,0.00020549
0.000215104,0.00020134,0.00023017,0.000214265,0.00020557
0.00021796,0.00019652,0.00024333,0.000215215,0.00020613
0.000214468,0.00020353,0.00023537,0.000209005,0.00020353
0.00021772,0.00020303,0.00023947,0.0002134,0.00020404
0.000212181,0.00019628,0.00024025,0.000207545,0.0002005
0.000211974,0.00019585,0.00023576,0.000208975,0.00019594
0.000216057,0.00019478,0.00023932,0.000214325,0.00020452
0.000213233,0.00020352,0.00022606,0.000212185,0.00020403
0.000219937,0.00020583,0.00024538,0.00021409,0.00020767
0.000211087,0.00019384,0.00022933,0.000210735,0.00019516
0.000223748,0.00020651,0.00025988,0.00021795,0.00020651
0.000215615,0.00020249,0.00023345,0.000213975,0.00020475
0.00022134,0.00020202,0.00025474,0.000213895,0.00020208
0.000208971,0.00019461,0.00022737,0.000206255,0.00019845
0.00022239,0.00021317,0.00024155,0.000217165,0.00021379
0.000213374,0.00019419,0.00023095,0.00021421,0.00019853
0.000215511,0.00019834,0.00023459,0.00021469,0.00019834
0.000214427,0.0002031,0.00023848,0.000207545,0.0002031
0.000214591,0.00020248,0.00022853,0.000214095,0.00020415
0.000220779,0.00020849,0.00024706,0.0002157,0.00020849
0.00021862,0.00021004,0.0002276,0.000219045,0.00021379
0.000224559,0.00020633,0.00024775,0.00022198,0.00020935
0.000209766,0.00019666,0.00022491,0.000207375,0.00019666
0.000220046,0.00020224,0.00024207,0.00021811,0.00020224
0.000214136,0.00020202,0.0002296,0.000212515,0.00020248
0.000218249,0.00020328,0.00024399,0.00021323,0.00020927
0.000212427,0.00020114,0.00023632,0.00020564,0.00020114
0.000221454,0.0002093,0.0002362,0.00022107,0.00021054
0.000213065,0.00020284,0.00023236,0.000206175,0.00020284
0.00021901,0.00020768,0.00023331,0.00021819,0.00021194
0.000216988,0.00020052,0.00024583,0.000209795,0.00020146
0.000208986,0.00019097,0.00022928,0.00020681,0.00019667
0.000221753,0.00019971,0.00025481,0.00021679,0.00020799
0.000215796,0.00020599,0.00023436,0.00021109,0.00020599
0.000220189,0.00020365,0.00024688,0.000215325,0.00021142
0.000210044,0.00019325,0.00023577,0.00020529,0.00019885
0.000219437,0.00020523,0.00024049,0.000216145,0.00021164
0.000219646,0.00020046,0.00024155,0.00021925,0.00020596
0.000212287,0.00019352,0.00023677,0.00021108,0.00019491
0.000216031,0.00019664,0.00024509,0.000212545,0.0002062
0.000214555,0.00020355,0.0002281,0.00021325,0.000206
0.000221221,0.00020058,0.00024777,0.00021697,0.00020058
0.000209591,0.00019527,0.00022602,0.0002097,0.0001982
0.000221751,0.0002017,0.00024656,0.00021684,0.0002017
0.000208458,0.00019328,0.0002269,0.000206055,0.00019686
0.00021915,0.0002003,0.00024531,0.00021397,0.0002003
0.000210996,0.00020067,0.00022917,0.000206895,0.00020067
0.000220278,0.00020463,0.00024245,0.000217125,0.00021105
0.000209593,0.00019802,0.00023048,0.00020508,0.00019802
0.000214495,0.00020411,0.0002282,0.000212445,0.00020599
0.000215201,0.00020304,0.00023548,0.00020882,0.00020304
0.00021645,0.00020325,0.00022814,0.00021651,0.00020901
0.000220833,0.00020334,0.00024757,0.000214915,0.00020334
0.000216279,0.00020926,0.00022653,0.000214725,0.00020926
0.000224141,0.00021114,0.00025165,0.000218435,0.00021304
0.000211773,0.00019841,0.00022993,0.00020635,0.00019841
0.000221851,0.00020376,0.00025291,0.00021602,0.00020376
0.000210048,0.00019885,0.00022946,0.000205435,0.00019885
0.000222521,0.00021176,0.00023886,0.000221155,0.00021347
0.000210475,0.00019724,0.00023397,0.00020581,0.00020378
0.000220475,0.00020742,0.00023704,0.000220135,0.00020742
0.000217191,0.00020351,0.00024164,0.0002118,0.00020425
0.000214774,0.00019858,0.00023228,0.000215105,0.0001991
0.0002202,0.00020513,0.00024271,0.0002176,0.00020677
0.000216801,0.00020801,0.00022752,0.00021719,0.00020886
0.00021763,0.00020122,0.00023774,0.00021603,0.00020206
0.000211256,0.00019601,0.00022898,0.000209985,0.00019601
0.000217219,0.0002018,0.00024329,0.00021144,0.0002018
0.00021293,0.00020173,0.00023672,0.000207695,0.00020199
0.000215718,0.00019637,0.00023894,0.00021245,0.00019637
0.000214096,0.00020276,0.00023818,0.000206035,0.00020358
0.000216298,0.00020198,0.00022887,0.00021612,0.00021359
0.00021839,0.00020067,0.00025123,0.000209235,0.00020678
0.000209031,0.00019374,0.00022626,0.0002087,0.00019567
0.000226959,0.00021408,0.0002594,0.00022005,0.00021733
0.000215625,0.00020685,0.00022361,0.00021677,0.00020937
0.000221004,0.0001996,0.00024298,0.000217965,0.0001996
0.000205581,0.00019168,0.00022522,0.00020233,0.00019588
0.000224586,0.00021161,0.00024462,0.000222145,0.00021738
0.000211155,0.00019747,0.00023266,0.000208085,0.00020289
0.000217364,0.00020265,0.00023484,0.000215705,0.00020265
0.000212534,0.00019572,0.00023768,0.00020828,0.00020259
0.000218409,0.00020946,0.00023271,0.00021616,0.00021105
0.000220003,0.00020796,0.00024365,0.000213335,0.00021111
0.000214965,0.00020369,0.00022839,0.00021584,0.00020737
0.000222131,0.0002067,0.00024447,0.000217465,0.0002067
0.000211725,0.00019546,0.00023147,0.00020989,0.00019546
0.000219618,0.00020439,0.00024136,0.00021586,0.00020563
0.000211578,0.00019801,0.00022669,0.00021045,0.00019801
0.000223611,0.00020601,0.00024001,0.000223475,0.00020895
0.000210246,0.00019879,0.0002282,0.00020759,0.00020049
0.000219916,0.00020804,0.00023566,0.00021931,0.00020977
0.000209865,0.0001899,0.00023502,0.00020534,0.00020288
0.000219767,0.00021009,0.00023205,0.00021947,0.00021422
0.000217261,0.00020169,0.00023985,0.000209645,0.00020905
0.000212454,0.00019869,0.00022987,0.00021211,0.00020276
0.000220328,0.00020323,0.00025599,0.00021053,0.00020578
0.000213149,0.00019994,0.00023083,0.000210075,0.00019994
0.000220045,0.00020247,0.00025256,0.000214875,0.00021203
0.000207729,0.00019083,0.00023306,0.000203795,0.00019789
0.000214586,0.00019639,0.00024364,0.000211215,0.00019639
0.000214549,0.00019737,0.0002402,0.0002105,0.00020489
0.000218194,0.00020539,0.00023227,0.000218025,0.00021252
0.000216631,0.00019894,0.00024433,0.00021202,0.00019968
0.000214225,0.00020519,0.00022692,0.000212485,0.00020519
0.000217385,0.00019738,0.00024878,0.000210465,0.00020183
0.000215199,0.00020954,0.00022284,0.00021452,0.00020977
0.000220851,0.00020707,0.00024316,0.000219605,0.00021109
0.00021222,0.00020074,0.0002264,0.00021109,0.0002029
0.000228,0.00021657,0.00024975,0.000222625,0.00021768
0.000208235,0.00019482,0.00022902,0.00020629,0.00019918
0.000216586,0.00020052,0.00024208,0.00021266,0.00020809
0.0002107,0.00019966,0.00023267,0.000205495,0.00019966
0.000213009,0.00019982,0.00022876,0.00021138,0.00020212
0.000212059,0.00019294,0.00023413,0.00020882,0.00020217
0.000217116,0.00021059,0.00022506,0.00021582,0.0002146
0.000220291,0.00020672,0.00024255,0.000214895,0.00020822
0.000218196,0.00021295,0.00022614,0.00021695,0.000216
0.000220188,0.00019551,0.00024956,0.000215525,0.00019551
0.000209949,0.0001929,0.00022913,0.00021054,0.00019711
0.000220904,0.00020455,0.00024731,0.000217505,0.00020455
0.00021115,0.00019379,0.00023299,0.000208445,0.00020658
0.000217221,0.00019696,0.00024061,0.000215445,0.00019696
0.000209046,0.00019158,0.00023635,0.000204565,0.00020009
0.000219457,0.00020987,0.00023475,0.00021706,0.00021344
0.000214887,0.00019968,0.00024361,0.000209255,0.00020318
0.000219521,0.00020807,0.00023325,0.00021988,0.00020832
0.000219915,0.00020361,0.00024319,0.00021641,0.0002092
0.000218082,0.00020753,0.00023356,0.00021683,0.00020765
0.000221003,0.00020811,0.00024964,0.000213535,0.0002127
0.000206953,0.00019007,0.00023052,0.00020324,0.00019654
0.00022236,0.00020666,0.00024138,0.000221485,0.00020666
0.00021262,0.00019756,0.00023636,0.00020772,0.00020578
0.000216235,0.00020364,0.00023092,0.000214165,0.00020655
0.000218926,0.00020181,0.00023957,0.00021974,0.00020181
0.000216819,0.00020549,0.00022812,0.000215785,0.00020549
0.000220935,0.00020672,0.00024943,0.00021442,0.00020942
0.000213065,0.00020132,0.00022955,0.000211035,0.0002035
0.000223279,0.00020572,0.00025731,0.000215245,0.00020572
0.000215273,0.00020696,0.00022261,0.0002165,0.00020957
0.000229075,0.00021202,0.00024656,0.000228525,0.00021936
0.000207586,0.00019494,0.00022681,0.00020502,0.00019593
0.000218789,0.00020342,0.00024559,0.00021428,0.00020342
0.00021098,0.00019328,0.00024105,0.000206585,0.00020143
0.000219843,0.00020737,0.00023455,0.000218565,0.00020737
0.000213784,0.0001982,0.00023591,0.000208825,0.0001982
0.000219084,0.00020595,0.00023324,0.00021909,0.00020874
0.000216254,0.0001974,0.00024331,0.000210395,0.0002042
0.000210154,0.00019344,0.00022849,0.000209455,0.00019369
0.000221749,0.00020022,0.00024674,0.000218585,0.00020022
0.000213044,0.00019432,0.00023721,0.00020869,0.00019432
0.000220659,0.00020603,0.00024602,0.000215405,0.00020691
0.000208059,0.00019039,0.00022655,0.00020896,0.00019584
0.000221874,0.00021043,0.00023881,0.00021909,0.00021186
0.000213364,0.0001952,0.0002358,0.00021214,0.00021151
0.000218807,0.00020575,0.00023544,0.000216145,0.00020575
0.000212487,0.00019515,0.00023802,0.000206645,0.00020444
0.000213118,0.00019549,0.00023232,0.000211925,0.00019549
0.000222861,0.00021241,0.00024246,0.000217555,0.00021787
0.000210569,0.00019309,0.0002279,0.000211365,0.00019309
0.00021983,0.00019612,0.00025495,0.000212845,0.00019612
0.000213726,0.0002047,0.00022877,0.000209345,0.0002047
0.000216566,0.0001972,0.00024898,0.000209655,0.0001972
0.000211608,0.00019612,0.00023508,0.00020827,0.00020309
0.000216882,0.00020156,0.00024064,0.00021418,0.00020664
0.000210794,0.00019173,0.0002384,0.00020667,0.00020157
0.000215402,0.00019761,0.00023307,0.000213905,0.00020698
0.000217884,0.00019968,0.00024655,0.000211165,0.0002116
0.00021657,0.00020199,0.00023216,0.00021493,0.00020199
0.000221643,0.0002012,0.00025302,0.00021531,0.0002012
0.000215475,0.00020305,0.00022817,0.000216275,0.00020686
0.000217599,0.0001997,0.0002457,0.000213695,0.00020424
0.000210851,0.0001933,0.00022803,0.00021241,0.00019482
0.000217814,0.00019817,0.0002377,0.0002163,0.00020791
0.000207733,0.00019585,0.00022666,0.000204775,0.00019852
0.000217605,0.00020391,0.00023994,0.000213735,0.00020835
0.000208914,0.00019234,0.00023281,0.000204835,0.00019829
0.000217459,0.00020579,0.00023167,0.00021691,0.00020816
0.000214864,0.00020074,0.00023943,0.000208605,0.00020239
0.000214335,0.00020177,0.00022834,0.000214185,0.00020422
0.000220889,0.00020713,0.00024697,0.0002145,0.00020831
0.00021137,0.00019534,0.00023284,0.00020868,0.00019534
0.000225201,0.00020732,0.00025813,0.00021797,0.00021517
0.000212628,0.00020068,0.00022844,0.0002097,0.00020068
0.00021791,0.0001963,0.00024934,0.00021339,0.00020045
0.00020962,0.00019571,0.00023335,0.00020523,0.00019864
0.000218034,0.00019896,0.00024425,0.00021586,0.00019896
0.0002124,0.00019188,0.00023628,0.000210875,0.00020285
0.000211521,0.00019256,0.00023534,0.00020883,0.00019534
0.00021297,0.00019457,0.00024207,0.000206745,0.00020083
0.000219329,0.00020979,0.00023051,0.00021813,0.00020979
0.000217255,0.00019959,0.00024215,0.000211925,0.00020663
0.000222351,0.00021777,0.00022898,0.0002215,0.00021975
0.000219925,0.00020866,0.00023958,0.00021498,0.00021201
0.000214929,0.00019864,0.00023153,0.000214235,0.00019864
0.000214146,0.00019503,0.00024285,0.00021085,0.00019796
0.000214075,0.00020036,0.0002325,0.000210605,0.00020036
0.000213459,0.00019662,0.00023653,0.000209315,0.00020273
0.000213308,0.00019334,0.00024112,0.000206535,0.00020551
0.000217541,0.00020677,0.00022994,0.000216595,0.0002087
0.000217411,0.00020122,0.0002442,0.000213025,0.00020707
0.000214597,0.00020577,0.00022568,0.00021437,0.00020577
0.000222496,0.00020409,0.00024507,0.000220245,0.00020409
0.000204894,0.00019191,0.00022096,0.00020357,0.00019318
0.000221073,0.00020374,0.00025261,0.000214705,0.00020869
0.000208031,0.00019378,0.00022675,0.000206815,0.00019664
0.000217424,0.00019873,0.00024598,0.000212005,0.00020784
0.000209623,0.00019808,0.00023219,0.00020422,0.00019828
0.000222024,0.0002115,0.00024068,0.000219755,0.00021198
0.000212676,0.00019896,0.00023647,0.00020707,0.00020275
0.000212445,0.00019764,0.00023196,0.000210135,0.00020173
0.000220748,0.00019363,0.00024785,0.000222175,0.00020206
0.000213487,0.00019625,0.0002299,0.00021336,0.00019914
0.00022117,0.00020135,0.00024526,0.00021729,0.00020135
0.000217748,0.00019695,0.00023811,0.00021823,0.00019864
0.000221895,0.000209,0.00024247,0.00022034,0.00021237
0.000210484,0.00020083,0.00022806,0.000205985,0.00020083
0.000218081,0.00019907,0.0002388,0.00021705,0.00019907
0.00021039,0.0001989,0.00022946,0.000206505,0.00020011
0.000219525,0.00021057,0.00023626,0.00021748,0.00021473
0.00021186,0.00019797,0.00023522,0.000205405,0.00020224
0.000217374,0.00020489,0.00023199,0.00021722,0.00020489
0.000215816,0.00019668,0.00024753,0.00020752,0.00020553
0.000217849,0.00021173,0.00022948,0.00021567,0.00021184
0.000220546,0.00020512,0.00025213,0.000212365,0.00021015
0.000216927,0.00020579,0.00023034,0.000216395,0.00020579
0.000216627,0.00019806,0.00024691,0.0002118,0.00019947
0.000213536,0.0002038,0.00023365,0.000208345,0.0002038
0.000217379,0.000201,0.00023514,0.00021472,0.000201
0.000214609,0.00019252,0.00023741,0.000212525,0.00020365
0.000217686,0.00020446,0.00023081,0.00021719,0.00021339
0.000215211,0.00019919,0.00024696,0.000209065,0.00020215
0.000212796,0.000203,0.00022471,0.000211665,0.000203
0.000220009,0.00020052,0.00025321,0.00021536,0.00020052
0.000211292,0.00019936,0.00022649,0.000211985,0.00020322
0.000221776,0.00020707,0.00024274,0.000217385,0.0002116
0.000209995,0.00019361,0.00022793,0.00020914,0.00019898
0.000218528,0.00020455,0.00024473,0.000212445,0.00021042
0.000207565,0.00019492,0.00023011,0.000204655,0.00019666
0.000219495,0.00020826,0.00023513,0.000216925,0.00020952
0.000210161,0.00019397,0.00023262,0.000206725,0.00020337
0.000215986,0.00020132,0.00023303,0.000213695,0.00020347
0.000214809,0.00019851,0.00024048,0.00020799,0.000204
0.00021756,0.00021096,0.00022524,0.000216725,0.00021096
0.000221119,0.0002036,0.00024974,0.00021426,0.00020391
0.000206434,0.00019326,0.00022346,0.000205455,0.00019326
0.000221575,0.0002063,0.00025109,0.000214165,0.00021069
0.000213269,0.00020207,0.0002314,0.00021013,0.00020207
0.000223215,0.00020765,0.00024656,0.00021942,0.0002154
0.000209991,0.00019768,0.00023187,0.00020652,0.00020022
0.000216551,0.00019657,0.00024209,0.00021444,0.00019683
0.000211598,0.00019551,0.00023578,0.00020663,0.00020425
0.000222049,0.00021092,0.00023389,0.00022297,0.00021222
0.000215336,0.00019582,0.00024555,0.00020899,0.00020424
0.000221171,0.00021361,0.00023069,0.00022032,0.00021468
0.00021875,0.00019292,0.00024254,0.000218515,0.00019292
0.000207281,0.00019294,0.00022383,0.000205175,0.00019294
0.000216203,0.00019933,0.00024175,0.00021053,0.00019974
0.000215125,0.00020049,0.00023177,0.0002141,0.00020049
0.000215618,0.00019578,0.00024583,0.00021037,0.00019578
0.000211694,0.00019426,0.0002391,0.00020714,0.00020137
0.000223611,0.0002129,0.00023698,0.000221265,0.00021415
0.000213056,0.00019752,0.00023877,0.00020611,0.00020077
0.000211353,0.00019236,0.00023187,0.00021089,0.00019236
0.000220266,0.00020408,0.00024741,0.00021848,0.00020553
0.000217025,0.00020716,0.00022588,0.000216305,0.00021251
0.000220435,0.00020226,0.00024681,0.000217745,0.00020226
0.000207728,0.00019212,0.00022561,0.000208225,0.00019295
0.000223291,0.00020018,0.00024387,0.000223255,0.00020018
0.000213341,0.00019941,0.00022417,0.000213685,0.00020505
0.000219751,0.00020708,0.00023683,0.000215905,0.00021368
0.000205701,0.00019032,0.00022764,0.00020218,0.00019767
0.000215656,0.00019854,0.00023923,0.00021277,0.00019854
0.000212417,0.00020105,0.00023561,0.000206355,0.0002026
0.000216171,0.00020752,0.00022681,0.00021604,0.00021021
0.000222283,0.00020552,0.00024566,0.000215275,0.00021612
0.000219039,0.00020809,0.00023105,0.00021819,0.00021123
0.000223401,0.00020241,0.00024487,0.000221285,0.00020241
0.00021458,0.00020448,0.00022886,0.000213155,0.00020452
0.000225011,0.00021114,0.00024672,0.00022412,0.00022222
0.000208326,0.00019325,0.00023091,0.00020481,0.00019805
0.000220902,0.00020858,0.0002405,0.000218725,0.00020906
0.00021608,0.00020469,0.00024202,0.00020966,0.000208
0.000220145,0.00020831,0.00023348,0.00021999,0.0002116
0.000213495,0.00019803,0.00023526,0.000208365,0.00020588
0.00022001,0.00021334,0.00022993,0.000218435,0.00021334
0.000215458,0.00019903,0.00023868,0.000210515,0.00019903
0.000209604,0.00019014,0.0002299,0.000210785,0.00019994
0.000219012,0.00019587,0.00024706,0.00021492,0.00019587
0.00021087,0.00019577,0.00023211,0.000207345,0.00019969
0.00022061,0.00020007,0.00025109,0.00021438,0.00020007
0.000212473,0.00020085,0.00023169,0.00020896,0.00020085
0.000215379,0.00019838,0.00024038,0.00021421,0.00019838
0.000211651,0.00019097,0.00023989,0.00020774,0.00020109
0.000215575,0.00020436,0.00023349,0.000213395,0.00020572
0.000214537,0.00019536,0.00024387,0.00021142,0.00020505
0.000211827,0.00019837,0.00022791,0.000210775,0.00020013
0.000220817,0.00020091,0.00025306,0.000213375,0.00020091
0.000216296,0.00020654,0.00022467,0.00021738,0.00021134
0.000220873,0.00020453,0.00024334,0.000216885,0.00020453
0.000206036,0.00019135,0.00022173,0.00020554,0.00019135
0.000218412,0.00020352,0.00024145,0.000213335,0.00021004
0.000207959,0.00019278,0.000226,0.00020612,0.00019901
0.000223612,0.00020638,0.00024595,0.00022,0.00021089
0.000210992,0.00019878,0.00023623,0.00020543,0.0002002
0.000218601,0.00020732,0.00023267,0.00021778,0.00021534
0.000217865,0.00020438,0.00024214,0.00021314,0.00020594
0.000215709,0.00020196,0.00023035,0.00021499,0.00020733
0.000221732,0.00020826,0.0002462,0.000214515,0.00020997
0.000214458,0.00020261,0.0002246,0.00021736,0.0002058
0.00022566,0.00021554,0.0002521,0.000218275,0.00021745
0.000209599,0.00019557,0.0002313,0.000206625,0.00019679
0.000219876,0.00020138,0.00025006,0.000214895,0.00020138
0.000210579,0.0001928,0.00023608,0.00020751,0.00019868
0.000223409,0.00020765,0.00024237,0.000222365,0.00021041
0.000209375,0.0001923,0.00023637,0.00020506,0.00020097
0.000219484,0.00020595,0.00023701,0.000218305,0.00020717
0.000215285,0.00019446,0.00025089,0.000206575,0.00019881
0.00021566,0.00020598,0.00022558,0.000216335,0.00021004
0.000217338,0.00019854,0.00024396,0.000210445,0.00020564
0.000216341,0.00020908,0.00022841,0.00021446,0.00020987
0.000216788,0.00020004,0.00023854,0.00021349,0.0002071
0.000210115,0.00019427,0.00023004,0.00020764,0.00019752
0.00022056,0.00020431,0.00024012,0.000218985,0.00020896
0.000211191,0.00019546,0.00023906,0.000205765,0.00020472
0.00021527,0.00020229,0.00023371,0.000213375,0.00020475
0.000213865,0.0001965,0.0002391,0.000209775,0.00020856
0.000214535,0.00020183,0.0002326,0.00021191,0.00020354
0.000218551,0.00020284,0.00024983,0.00020918,0.00020492
0.000216784,0.00020499,0.00023024,0.00021691,0.00020536
0.00022045,0.00020557,0.00024559,0.00021425,0.00020866
0.000216379,0.00020876,0.00022771,0.00021551,0.00020963
0.000220674,0.00020277,0.00025284,0.00021363,0.00020978
0.000208981,0.00019575,0.00022749,0.000206935,0.00019707
0.000219236,0.00020526,0.00023865,0.00021661,0.00020659
0.000209199,0.00019268,0.00023377,0.000205685,0.00019834
0.000219131,0.00020815,0.00023769,0.00021676,0.00021044
0.000212086,0.00019747,0.00023747,0.000207535,0.00020546
0.000215423,0.00020338,0.00023413,0.000212875,0.00020712
0.000221676,0.00020059,0.00024884,0.000219005,0.00020826
0.000218937,0.00020513,0.00023476,0.0002195,0.00020836
0.000222392,0.0002047,0.0002423,0.000217265,0.0002047
0.000215503,0.0001988,0.00023272,0.00021385,0.0001988
0.000218334,0.00020126,0.00024773,0.00021232,0.00020139
0.000209847,0.00019821,0.00022859,0.000205555,0.00019821
0.000222357,0.00020606,0.00024769,0.00021796,0.00020606
0.00020886,0.00019648,0.00023057,0.00020305,0.0002012
0.00022179,0.00020898,0.00024466,0.000219905,0.00021101
0.000211704,0.0001942,0.00023712,0.00020603,0.00020344
0.000210664,0.00019375,0.00023018,0.000209425,0.00019375
0.000217195,0.00019988,0.00024569,0.000210195,0.000206
0.000213519,0.00020071,0.0002308,0.0002132,0.00020261
0.000221176,0.00020197,0.00025593,0.000215185,0.00020317
0.000215644,0.00020594,0.00023252,0.00021196,0.000207
0.000219521,0.000205,0.00024837,0.000213725,0.00021138
0.000208735,0.00019227,0.0002341,0.00020423,0.00019872
0.000215589,0.00019572,0.00024364,0.00021234,0.00019841
0.00021117,0.000193,0.00023869,0.00020703,0.00020158
0.000211275,0.00019382,0.00023402,0.000208325,0.00019439
0.000214851,0.00019774,0.00024288,0.00021126,0.00020387
0.000212015,0.0002009,0.00022324,0.000211735,0.00020283
0.000219514,0.00019581,0.00024598,0.000218025,0.00019581
0.00022045,0.00020864,0.00023086,0.000220725,0.00021769
0.000220432,0.00020131,0.00025219,0.00021435,0.00020738
0.00020808,0.00019383,0.00022588,0.000207385,0.00019383
0.000226799,0.00021995,0.00024348,0.000222285,0.00022125
0.000212444,0.00019296,0.00023038,0.000212475,0.00019915
0.000218284,0.0002013,0.00024087,0.00021762,0.00020145
0.000212216,0.00019973,0.00022888,0.000209035,0.00019973
0.000217029,0.0002047,0.00023112,0.000214445,0.00020588
0.000216399,0.00020418,0.00023749,0.00021065,0.00020418
0.000217973,0.00020719,0.00023197,0.00021811,0.00021041
0.000219897,0.00020182,0.00025018,0.000212745,0.00020306
0.000208177,0.00019378,0.00022405,0.00020788,0.00019613
0.000221312,0.00020049,0.00025651,0.00021726,0.00020318
0.000210258,0.00019895,0.0002279,0.00020718,0.00020242
0.000220111,0.00020357,0.00025001,0.000213655,0.00020357
0.000211275,0.00019827,0.00023279,0.00020795,0.0002026
0.000220228,0.00020471,0.00024182,0.00021851,0.00020883
0.000208571,0.00019063,0.00023372,0.000204925,0.00020016
0.000217094,0.00019735,0.00023647,0.000215385,0.00020644
0.000212969,0.00019642,0.00024323,0.000208355,0.0001972
0.000210047,0.00019201,0.00022903,0.00020878,0.00019257
0.000219853,0.00020159,0.00024317,0.00021812,0.00020618
0.000212697,0.00020099,0.00022699,0.00021271,0.0002038
0.000219281,0.00020315,0.00024284,0.00021479,0.0002047
0.000269189,0.00025639,0.00028709,0.00026828,0.00026022
0.00021659,0.00020012,0.00024402,0.00021249,0.00020074
0.000209041,0.0001914,0.00023405,0.00020507,0.00020052
0.000215526,0.00020356,0.00023229,0.00021295,0.00020515
0.000212767,0.00019412,0.00023529,0.000208595,0.00020098
0.000216232,0.00020493,0.0002283,0.000215005,0.00020826
0.000221611,0.00021176,0.00024095,0.00021618,0.00021176
0.00021408,0.00020118,0.0002274,0.000213185,0.00020118
0.000222565,0.00020458,0.00025869,0.000213535,0.00021059
0.000211399,0.00020336,0.00021987,0.000211205,0.00020745
0.000221916,0.000208,0.00024653,0.000217365,0.00021004
0.000207147,0.00019406,0.00022575,0.00020534,0.00019649
0.000214809,0.00019718,0.00024639,0.000209155,0.00019754
0.000209124,0.00019443,0.00023692,0.00020457,0.00019869
0.000219389,0.00020954,0.00023603,0.00021791,0.0002097
0.000210274,0.00019337,0.00023822,0.00020565,0.00019924
0.000212675,0.00019581,0.00023116,0.00021303,0.00019581
0.00021748,0.00020068,0.00024318,0.000214295,0.00020801
0.000212012,0.00019605,0.00023009,0.00021094,0.00019899
0.000219944,0.00020011,0.0002463,0.0002186,0.00020011
0.000214226,0.00020296,0.00023339,0.000209825,0.00020458
0.000219701,0.00020244,0.00024496,0.0002131,0.00020244
0.000215545,0.00019745,0.00023059,0.0002161,0.00019745
0.000215591,0.00019692,0.00023571,0.00021555,0.00019692
0.000207802,0.0001942,0.00023244,0.000202775,0.00019828
0.000214782,0.00019409,0.00024106,0.0002133,0.00019775
0.000212391,0.00019229,0.00023597,0.00020902,0.00020544
0.000220239,0.00021054,0.00023041,0.000220775,0.00021457
0.000215486,0.00019806,0.00024607,0.000208295,0.0001995
0.000210791,0.00019613,0.00022809,0.00021018,0.0001963
0.000220836,0.00020384,0.00025535,0.00021348,0.00021009
0.000216648,0.00020522,0.00022968,0.000216975,0.00020522
0.000219793,0.00020354,0.00023908,0.00021624,0.00021273
0.000210119,0.00019444,0.00023488,0.00020613,0.00019887
0.000214874,0.00019649,0.00024192,0.00021266,0.00019702
0.000211603,0.00019366,0.00023939,0.000207025,0.00020133
0.000212152,0.00019812,0.00023454,0.00020942,0.00019894
0.000215946,0.00019905,0.0002463,0.00020959,0.00020773
0.000217524,0.00020774,0.00022794,0.00021733,0.00020962
0.000219041,0.00019778,0.00024456,0.0002156,0.00019778
0.000209756,0.00019557,0.00022468,0.00020854,0.00019557
0.000223554,0.00020391,0.0002536,0.000218875,0.00020809
0.000205005,0.00019326,0.00022334,0.00020282,0.00019483
0.000216957,0.00020173,0.00024317,0.000210495,0.00020653
0.000209509,0.00020015,0.00023384,0.000202915,0.00020235
0.000222914,0.00021236,0.00023943,0.00021999,0.00021834
0.000207844,0.00019141,0.00023281,0.00020336,0.00020266
0.000218276,0.00020966,0.0002286,0.00021653,0.00021399
0.000214273,0.0001991,0.00023598,0.00020829,0.00020464
0.000214695,0.00019935,0.00022989,0.00021464,0.00020127
0.000220604,0.00019972,0.00024813,0.0002155,0.00019972
0.000213871,0.0002061,0.00022711,0.00021242,0.00021042
0.000221676,0.0002052,0.00025159,0.00021649,0.0002052
0.00020809,0.00019388,0.00022619,0.00020761,0.00019428
0.000223191,0.00020794,0.00024807,0.00021791,0.00021539
0.000211961,0.00019515,0.0002386,0.000207625,0.00019966
0.000228518,0.00022064,0.00024143,0.000228795,0.000229
0.000208401,0.00019072,0.00023074,0.00020623,0.00019972
0.000221673,0.00020644,0.00023813,0.000220875,0.00021157
0.000221202,0.00020401,0.00024263,0.00021987,0.00021031
0.000209219,0.0001915,0.00022712,0.00021015,0.0001915
0.000217189,0.00019657,0.00024565,0.00021389,0.00020118
0.000216631,0.00020521,0.00022974,0.000214675,0.00021091
0.000218876,0.00020248,0.00024304,0.000215785,0.00020314
0.000212537,0.00019887,0.00023179,0.00021075,0.00020158
0.000215959,0.00020018,0.00023984,0.00021159,0.00020042
0.000209016,0.000191,0.00023352,0.000205015,0.0002047
0.000213939,0.00020096,0.00023181,0.00021196,0.00020288
0.000212051,0.00019474,0.00023749,0.0002063,0.00020279
0.000209276,0.00019269,0.00022662,0.00020939,0.00019269
0.000219811,0.00020714,0.00024656,0.000210755,0.00020857
0.000212781,0.00019623,0.00022776,0.000212365,0.00019623
0.000223775,0.00020778,0.00024887,0.000218325,0.00021205
0.000207166,0.00019071,0.0002259,0.00020698,0.00019071
0.000221204,0.00020181,0.00024256,0.00021747,0.00020181
0.000209969,0.00019718,0.00022546,0.00020736,0.00019718
0.000218299,0.00020187,0.00024348,0.00021456,0.00020187
0.000209315,0.00019433,0.0002292,0.0002063,0.00019956
0.00021849,0.00020982,0.00023457,0.00021564,0.00021224
0.000216985,0.00019367,0.00023824,0.000217555,0.00020188
0.000216959,0.00020693,0.00023143,0.00021587,0.00020851
0.000220032,0.00020771,0.00024344,0.000213995,0.00021061
0.000218571,0.00020997,0.00022811,0.000219505,0.00021247
0.000223707,0.00020718,0.00025262,0.000220265,0.00021102
0.000207519,0.00019137,0.00022492,0.000205445,0.00019137
0.000221998,0.00020672,0.00024742,0.000215965,0.00021345
0.00021219,0.00019544,0.00023008,0.00021287,0.00020103
0.000219985,0.00020334,0.00024433,0.000217265,0.00020478
0.000210711,0.00019587,0.00023484,0.00020524,0.00020271
0.000217639,0.00020393,0.00023686,0.00021484,0.00020494
0.000215045,0.00019862,0.00023697,0.000208305,0.00020797
0.000214007,0.00019933,0.00023158,0.000212435,0.00019933
0.000217829,0.00020125,0.00024613,0.00021101,0.0002119
0.00021736,0.00020754,0.00023008,0.00021662,0.00020754
0.00022232,0.00020455,0.00025571,0.00021615,0.00020829
0.000213521,0.00019848,0.00022943,0.00021272,0.00019848
0.000217248,0.00019818,0.00024476,0.0002126,0.00020336
0.000215922,0.00020711,0.00023628,0.00021035,0.00020711
0.000218315,0.00020126,0.00024271,0.00021528,0.00020126
0.000211864,0.00019557,0.00023754,0.000207225,0.00020215
0.000218484,0.00020777,0.00023085,0.00021719,0.00021246
0.000216571,0.00020126,0.00023479,0.00021489,0.00020544
0.000210556,0.00019552,0.00023255,0.00020777,0.00019552
0.000217939,0.00019939,0.00024624,0.00021471,0.00020924
0.000210441,0.00018901,0.00023001,0.000208985,0.00019818
0.00021683,0.00020052,0.00023901,0.000213695,0.00020717
0.000207674,0.00019252,0.00023481,0.000202455,0.00019754
0.000214381,0.00019744,0.00023725,0.00021197,0.00020071
0.000214399,0.00019541,0.00024187,0.000208815,0.00019541
0.000212736,0.0001997,0.00022849,0.00021185,0.00020023
0.000215461,0.00019188,0.00024863,0.000207675,0.00020037
0.00020823,0.00019168,0.00022546,0.000208665,0.00019869
0.000219749,0.00019205,0.0002422,0.00022094,0.00019205
0.000205036,0.00019243,0.00021855,0.000203275,0.00019243
0.000216204,0.00019363,0.0002463,0.000211795,0.00020291
0.000206646,0.00019258,0.00022449,0.00020644,0.00019833
0.000212325,0.00019417,0.00023369,0.0002092,0.00019979
0.000206147,0.00019167,0.00023054,0.000202055,0.0001952
0.000212284,0.00019638,0.00023587,0.00020942,0.0002019
0.00021133,0.00019134,0.00023292,0.00021151,0.00019737
0.000207427,0.00019027,0.0002289,0.00020574,0.00019661
0.000214724,0.00019465,0.00023918,0.000210895,0.00020258
0.000209416,0.0001918,0.00023045,0.000208615,0.00019206
0.000219124,0.000193,0.00024966,0.00021877,0.00020279
0.000205614,0.00018884,0.00022353,0.000205375,0.00019406
0.000215611,0.00019243,0.00023858,0.00021533,0.00019249
0.000204449,0.00018788,0.0002257,0.00020272,0.00019339
0.000214764,0.00019158,0.0002399,0.000213785,0.00020002
0.000207242,0.00019317,0.00022589,0.0002054,0.00019317
0.000321281,0.00030881,0.00033633,0.00032131,0.00032599
0.000212934,0.00019382,0.00024067,0.000207665,0.00020254
0.000210925,0.0001951,0.00023232,0.00020999,0.00019794
0.000223231,0.00019442,0.00025506,0.00022382,0.00020535
0.00020578,0.00018982,0.00022232,0.000203965,0.00019454
0.000215891,0.00019364,0.00024566,0.00021165,0.00020238
0.000268738,0.00020773,0.00032831,0.000269505,0.00031998
0.000220115,0.00021197,0.00023453,0.000219535,0.00022421
0.00020923,0.00019069,0.00023234,0.000205345,0.00019844
0.000209413,0.00019274,0.00022786,0.000207625,0.0001952
0.000210914,0.00018933,0.00022817,0.000213385,0.00018933
0.000210322,0.00019088,0.00023361,0.00021102,0.00019509
0.000212776,0.00019103,0.0002419,0.00020707,0.00020094
0.000207135,0.00019167,0.00022851,0.00020586,0.00019546
0.000220932,0.00019914,0.00024438,0.00021939,0.000203
0.000203594,0.00018944,0.00022054,0.000202735,0.00019277
0.000217724,0.00019597,0.00024206,0.00021731,0.000196
0.000232575,0.00020831,0.00025667,0.00023127,0.00025667
0.00022163,0.0002117,0.00023059,0.000220995,0.00022173
0.000204542,0.00019294,0.00022289,0.000201395,0.00019957
0.000215467,0.00019541,0.00024635,0.000209025,0.00020396
0.000208617,0.00019116,0.00023197,0.00020574,0.00020269
0.000208158,0.00019061,0.00022895,0.00020746,0.00019778
0.000217542,0.00019189,0.00024279,0.000218045,0.00019371
0.000209069,0.00019468,0.00022785,0.00020599,0.0001982
0.000218468,0.00020061,0.00024047,0.000215575,0.00020632
0.00020457,0.00018717,0.00022027,0.00020435,0.00018976
0.000215399,0.00019208,0.00024994,0.00021209,0.00020368
0.000206636,0.0001927,0.00022776,0.000203265,0.00019674
0.000216936,0.00019894,0.00023876,0.00021632,0.00020689
0.000205147,0.00018928,0.00022492,0.00020183,0.0001914
0.000210039,0.00019031,0.000235,0.00020795,0.00019905
0.00021027,0.00019402,0.00023378,0.000206835,0.00020212
0.000208007,0.00019096,0.00023042,0.000205945,0.00019255
0.000215946,0.00019237,0.0002398,0.000214095,0.00020024
0.000212494,0.00018939,0.00025932,0.00020848,0.00018939
0.00022148,0.00020003,0.00024863,0.000219245,0.00020003
0.000207163,0.00019103,0.00022422,0.00020667,0.00019393
0.000215675,0.00019224,0.00024821,0.000209805,0.00019811
0.000209561,0.00019143,0.00023655,0.00020625,0.00020037
0.00021106,0.00019345,0.00023115,0.000211035,0.00019345
0.000213205,0.00020114,0.00023481,0.00020892,0.00020488
0.000211589,0.00019175,0.0002398,0.00020833,0.00020014
0.00021264,0.00019179,0.00024085,0.00020896,0.00020327
0.000211832,0.00019337,0.00023539,0.0002109,0.00019744
0.000215413,0.00019118,0.00024792,0.00020931,0.00020577
0.000205174,0.00018944,0.00022403,0.00020518,0.00019439
0.000217837,0.00019411,0.0002492,0.000214855,0.00020615
0.000210845,0.00019013,0.00022493,0.000214875,0.0001938
0.000216968,0.00020954,0.00022513,0.000215315,0.00021301
0.000205972,0.00019135,0.00022624,0.00020405,0.00019628
0.000210957,0.0001936,0.00023346,0.00021001,0.00019529
0.000205691,0.00019143,0.00022526,0.00020216,0.00019843
0.000207944,0.00019023,0.00022665,0.000208255,0.00019796
0.000209046,0.00019112,0.00023194,0.000206665,0.00019112
0.000206708,0.00019211,0.00022855,0.000204325,0.00019242
0.000214351,0.00018954,0.00023725,0.00021391,0.00019917
0.000205352,0.00019018,0.00022446,0.00020633,0.00019061
0.00022014,0.00020297,0.00024067,0.00021821,0.00020835
0.000207732,0.0001995,0.00022103,0.000204585,0.00020099
0.000216409,0.00019132,0.00024258,0.00021542,0.00020372
0.000206125,0.00018919,0.00022838,0.0002047,0.00018919
0.000214587,0.00019174,0.00023888,0.0002136,0.00019174
0.000211088,0.00018968,0.0002362,0.00020842,0.00018968
0.000212154,0.00019106,0.00023563,0.00020863,0.00019454
0.000209842,0.00018946,0.00023497,0.000207,0.00019558
0.000210499,0.00019131,0.00023129,0.000210845,0.00019333
0.000216939,0.00019695,0.00024363,0.00021101,0.00019695
0.000208419,0.00019031,0.00023064,0.0002077,0.00019248
0.000211499,0.00019179,0.00023934,0.00020753,0.00019896
0.000210293,0.00019991,0.00022994,0.000204625,0.0002015
0.00021455,0.00019416,0.00024263,0.00021066,0.00020458
0.000208931,0.00019088,0.00023481,0.000205765,0.00020127
0.00021033,0.00019244,0.00023839,0.00020688,0.0001953
0.000207747,0.00018899,0.00023645,0.00020363,0.00020261
0.000209418,0.00019023,0.0002342,0.00020789,0.00019359
0.000217799,0.00018956,0.0002471,0.00021736,0.00020013
0.000205281,0.0001874,0.00022449,0.000203075,0.00019411
0.000217381,0.00019855,0.00024341,0.000212415,0.00019855
0.000204131,0.00018706,0.00022257,0.00020326,0.00018706
0.000215551,0.00019119,0.0002409,0.00021231,0.00020714
0.000203069,0.00019044,0.00022033,0.00020051,0.00019413
0.000216124,0.00019686,0.0002392,0.000215835,0.00020854
0.000212382,0.00019981,0.00022821,0.00021168,0.00020356
0.000211881,0.00019079,0.00023698,0.00020846,0.00019845
0.000207493,0.00018934,0.00022475,0.00020775,0.00020263
0.00021506,0.00019398,0.00023946,0.000215245,0.00019398
0.000211113,0.0001915,0.00024217,0.000205205,0.00019441
0.000207609,0.00019064,0.00022921,0.000207475,0.00019575
0.00021704,0.00019291,0.00024486,0.00021458,0.00020288
0.00021037,0.00019311,0.00022602,0.00021017,0.00019565
0.000214324,0.00019101,0.00024058,0.000210465,0.00019101
0.000206466,0.00019114,0.00021815,0.00020799,0.0001986
0.000210715,0.00019016,0.00023529,0.000210305,0.00019073
0.000213089,0.00020004,0.0002273,0.000212865,0.00020004
0.000208961,0.00018869,0.00022807,0.000208965,0.00018869
0.000205156,0.00019101,0.00022989,0.000200045,0.00019279
0.000213855,0.00019715,0.00023506,0.00021311,0.00019913
0.000213168,0.00019162,0.00023468,0.000212055,0.00019941
0.000207666,0.00019038,0.00022841,0.000206325,0.00019264
0.00021726,0.00019085,0.00024235,0.00021783,0.00019707
0.00021229,0.00020256,0.00022608,0.00020995,0.00020562
0.000215054,0.00019052,0.00024125,0.00021216,0.00019052
0.000208063,0.00018696,0.00022726,0.0002094,0.00018696
0.000218592,0.00020519,0.00024534,0.000214495,0.00020655
0.000210271,0.0001881,0.00023787,0.000206985,0.0001881
0.000208696,0.00018889,0.00022799,0.00020831,0.00018889
0.000210829,0.00018966,0.00023063,0.00021195,0.00018966
0.000205675,0.00018924,0.0002268,0.000203305,0.00018952
0.000219183,0.00019773,0.00023991,0.00021992,0.00020911
0.000204637,0.00018906,0.00022195,0.000203845,0.00019558
0.000216861,0.00019111,0.00024234,0.00021892,0.00019721
0.000208226,0.0001908,0.00022853,0.00020747,0.0001908
0.000213144,0.0001933,0.00024566,0.000207285,0.00019694
0.000204589,0.00018829,0.00022577,0.00020221,0.00019681
0.000210992,0.00019139,0.00023376,0.000209395,0.00019885
0.000205607,0.00019382,0.00022522,0.000201025,0.00019442
0.000208338,0.00018901,0.00022987,0.00020881,0.00019003
0.000213341,0.00019558,0.00023232,0.000212255,0.0001963
0.000208074,0.00019483,0.00022232,0.00020814,0.00019483
0.000225179,0.00020556,0.00024898,0.00022317,0.00020731
0.000203629,0.00018741,0.00022251,0.00020226,0.00019155
0.000215445,0.00019207,0.00024569,0.0002124,0.00020667
0.000204109,0.00018649,0.00022265,0.000201345,0.00018935
0.000213135,0.00019061,0.00023953,0.00021001,0.00019247
0.000208294,0.00019938,0.00022419,0.00020686,0.00019938
0.00021654,0.00019214,0.0002413,0.000215125,0.00020103
0.000205415,0.00018931,0.00022963,0.000202375,0.00019417
0.000216831,0.00019302,0.00024611,0.000213765,0.0002011
0.000212105,0.00019692,0.0002386,0.000205315,0.00019692
0.000208164,0.00019077,0.00023083,0.000206915,0.00019603
0.00021404,0.00019403,0.00024453,0.00020834,0.00020323
0.000221599,0.00020416,0.00024028,0.00021949,0.00021036
0.000218967,0.00019602,0.00024127,0.00022021,0.00019957
0.000206271,0.00019529,0.00022011,0.000204395,0.00019529
0.000215544,0.00019585,0.00023889,0.00021221,0.00019585
0.000208016,0.00019254,0.00022949,0.00020466,0.00020053
0.000207939,0.00019123,0.00022454,0.000207255,0.0001996
0.000208376,0.00019103,0.00023736,0.00020357,0.00019103
0.000207449,0.00019011,0.0002337,0.00020525,0.00019348
0.000218444,0.00019337,0.00024623,0.00021692,0.00019911
0.000206148,0.00019134,0.00022346,0.00020635,0.00019169
0.000217854,0.00019175,0.0002489,0.000214825,0.00019175
0.000208046,0.00019602,0.00021973,0.00020896,0.00020642
0.000215765,0.00019142,0.00024258,0.000216715,0.00019844
0.000201617,0.0001872,0.00021788,0.00020176,0.00019203
0.000225841,0.00021562,0.00025096,0.000220685,0.00022066
0.000207986,0.00019172,0.00022853,0.00020649,0.00020359
0.000209311,0.00019303,0.00023083,0.000208345,0.00019885
0.000210988,0.0001866,0.0002289,0.00021498,0.00018744
0.000206705,0.00018724,0.00022919,0.00020457,0.00018777
0.000211801,0.00019244,0.00023877,0.000208775,0.00019779
0.000206389,0.00018941,0.00022633,0.000206465,0.00018941
0.000218668,0.00019224,0.00024469,0.000219185,0.00019224
0.000205959,0.00019185,0.00022475,0.00020323,0.00019185
0.00021681,0.00019592,0.00023849,0.00021715,0.00019864
0.00020593,0.00018896,0.00022656,0.00020489,0.00019539
0.000213821,0.00019595,0.00023201,0.000212535,0.00019595
0.000207019,0.0001984,0.00021456,0.00020728,0.00020651
0.000210519,0.00019195,0.00023176,0.00020894,0.00019195
0.000207165,0.0001882,0.00023563,0.00020308,0.0002019
0.000209271,0.00018898,0.00022846,0.000209365,0.00019799
0.000222439,0.00020452,0.00024213,0.000222275,0.00020609
0.000205706,0.00019039,0.00022554,0.00020444,0.00019496
0.000215907,0.00019255,0.00024152,0.000214605,0.00020049
0.000204486,0.00018833,0.00022159,0.00020349,0.0001929
0.000216019,0.00019476,0.00023965,0.000216155,0.00020566
0.000208004,0.00019761,0.00022185,0.000206385,0.00020046
0.000213141,0.00019137,0.00023986,0.00020926,0.00019996
0.000206271,0.00019033,0.00023211,0.00020287,0.00020096
0.000213451,0.00019153,0.00025595,0.000209295,0.00019964
0.000214985,0.00020156,0.0002415,0.00020791,0.00020156
0.000206495,0.00018889,0.00023233,0.00020494,0.00019629
0.000213206,0.00019149,0.00024456,0.0002083,0.00020414
0.000213534,0.00019839,0.00022909,0.00021361,0.00020546
0.000219515,0.00019642,0.00024813,0.00021583,0.00020178
0.000203764,0.00018893,0.00021796,0.00020496,0.00018893
0.000216146,0.00019395,0.00024171,0.000213935,0.00020208
0.000203149,0.00019029,0.00021961,0.00020108,0.00019325
0.000213008,0.00019328,0.00023692,0.000210355,0.00019328
0.000203199,0.00018642,0.00022828,0.00019967,0.00019634
0.000213409,0.00019871,0.0002303,0.00021214,0.00020138
0.000208568,0.00018902,0.00023252,0.00020679,0.00019006
0.000204541,0.00018929,0.00022636,0.0002012,0.00019031
0.000216897,0.00019069,0.00024078,0.00021694,0.00019872
0.000206316,0.00019281,0.00022111,0.000205615,0.00019804
0.000216479,0.00019022,0.00024732,0.00021225,0.00020201
0.000204833,0.00018765,0.00022136,0.00020424,0.00019085
0.000219849,0.00019714,0.00024988,0.00021599,0.00020067
0.00020549,0.00018964,0.00022912,0.00020187,0.00019377
0.0002151,0.00019121,0.00023884,0.000215655,0.00020052
0.00021105,0.0001932,0.00022446,0.000213815,0.0001932
0.000209826,0.0001895,0.00023365,0.000208825,0.0001909
0.000210175,0.00018782,0.00023874,0.000206685,0.00019905
0.000208911,0.0001882,0.00023207,0.00020682,0.00018912
0.000215609,0.00019371,0.00024077,0.00021534,0.00019371
0.00020942,0.00019071,0.0002237,0.000209785,0.00019071
0.000217312,0.00019459,0.000245,0.000213555,0.00019614
0.000208028,0.00019012,0.00022925,0.00020693,0.00019447
0.000214105,0.00019136,0.0002403,0.000212415,0.00020361
0.000209021,0.00019018,0.00023573,0.000206095,0.00020031
0.000212265,0.00019118,0.00023738,0.000210445,0.00019398
0.000207443,0.00018961,0.00023672,0.00020199,0.00019653
0.000206942,0.00019005,0.00022297,0.000206695,0.00019723
0.000241198,0.00021939,0.00027706,0.00023623,0.00022024
0.00020623,0.00019428,0.00021767,0.000206155,0.00020071
0.00021604,0.00018938,0.00024583,0.00021557,0.00018938
0.000203158,0.00018585,0.00021722,0.000204775,0.00018715
0.000216252,0.00019633,0.00023858,0.000212005,0.00019828
0.000207169,0.00019264,0.00021944,0.00020681,0.00019264
0.000213264,0.00019315,0.00023593,0.0002107,0.0001995
0.000201284,0.00018811,0.0002183,0.000199685,0.00019069
0.000215677,0.00019484,0.00025009,0.00021303,0.00019484
0.000208474,0.00019587,0.00022894,0.00020393,0.00019693
0.000205563,0.00018808,0.00022221,0.00020444,0.0001921
0.000213897,0.00018651,0.00023718,0.000215505,0.00018904
0.000209623,0.00019571,0.00022647,0.00020821,0.00019849
0.000307353,0.00029749,0.00033208,0.000302275,0.00030001
0.00021008,0.00019819,0.00022132,0.000210225,0.00020185
0.000217223,0.00019601,0.0002381,0.00021793,0.00019601
0.000209541,0.00019632,0.00022616,0.0002096,0.00019838
0.000211791,0.00018976,0.00023888,0.00020969,0.00019499
0.00020703,0.00018981,0.00022834,0.000205775,0.00019944
0.000211833,0.00018922,0.00023858,0.00021042,0.00020001
0.000208519,0.00019423,0.0002338,0.000204005,0.00020217
0.000208841,0.00019015,0.00022888,0.00020898,0.00019795
0.00021782,0.00018898,0.00025346,0.000214775,0.00019789
0.000264945,0.0002173,0.00030952,0.00026574,0.00030677
0.000218661,0.0002035,0.00023134,0.00021879,0.0002035
0.000211388,0.00018797,0.00022946,0.000212765,0.00018797
0.000215586,0.00019919,0.00024123,0.00021232,0.00020391
0.000211505,0.00019184,0.00023563,0.00020955,0.00019184
0.000215343,0.00019343,0.00024001,0.000214455,0.00019343
0.000207631,0.00018635,0.00023087,0.000206305,0.00019836
0.000211098,0.00019089,0.00023818,0.000208915,0.00020145
0.000213849,0.00019334,0.00023939,0.00021177,0.00020296
0.000206512,0.00018704,0.00022619,0.000207025,0.00019733
0.000216107,0.00019331,0.0002414,0.00021486,0.00019331
0.000202911,0.00018809,0.00021739,0.00020295,0.00019348
0.00021634,0.0001938,0.00024619,0.000213575,0.0001938
0.000203494,0.00018761,0.00021612,0.000204655,0.00018761
0.000212099,0.00019042,0.0002375,0.00021056,0.00019881
0.000206366,0.00019211,0.00022122,0.00020755,0.00019211
0.000213431,0.00019361,0.00023868,0.000210415,0.00019361
0.000203532,0.00018913,0.00022703,0.000199925,0.0001962
0.000212984,0.00019085,0.00023556,0.000211415,0.00019902
0.000212616,0.00018898,0.00023152,0.00021451,0.00018898
0.000206766,0.00018725,0.00022919,0.00020567,0.00018777
0.000216675,0.0001874,0.00024373,0.00021927,0.0001874
0.000206845,0.00018896,0.00022324,0.00020809,0.00019255
0.000218326,0.00019035,0.00025011,0.00021583,0.00019665
0.00020522,0.00018793,0.00022398,0.0002043,0.00019291
0.000217599,0.00018914,0.00024646,0.00021676,0.00020365
0.000205164,0.00018869,0.00022261,0.000203985,0.00019195
0.000211123,0.00018904,0.00023969,0.000209305,0.00018904
0.000206805,0.00018679,0.00022799,0.00020598,0.00018679
0.00020942,0.00019123,0.0002315,0.00020874,0.00019185
0.000215064,0.00019348,0.00024001,0.000213475,0.00019564
0.000211385,0.00019257,0.00023268,0.00020917,0.00019257
0.000217124,0.00019219,0.00024096,0.000218835,0.00019219
0.000204644,0.00018928,0.00022418,0.000204285,0.00019023
0.000214722,0.00019339,0.00023841,0.00021192,0.00020492
0.000207059,0.00019195,0.00022664,0.000205575,0.00019449
0.000212575,0.0001899,0.00023516,0.00021195,0.00020438
0.000211177,0.00018771,0.00023677,0.00020992,0.00019299
0.000219715,0.00020979,0.00023893,0.00021636,0.00021293
0.00020885,0.00019165,0.00023501,0.00020381,0.00019929
0.00020598,0.00018869,0.00022516,0.0002044,0.00018968
0.000218039,0.00018924,0.0002406,0.00022058,0.00018924
0.000209554,0.00019101,0.00022929,0.00020872,0.00019187
0.000215839,0.00018782,0.00024657,0.000212705,0.00018782
0.000207726,0.00018652,0.00023,0.00020563,0.00018941
0.000218002,0.00019039,0.00025518,0.00021354,0.00020127
0.000204634,0.00019013,0.00021939,0.00020555,0.00019013
0.000214251,0.00019129,0.00023937,0.000214935,0.00020667
0.000206194,0.00018907,0.0002243,0.000204605,0.00019486
0.000212744,0.00019365,0.00024026,0.00020785,0.00019431
0.000211129,0.00019628,0.00023725,0.00020655,0.00019628
0.000209835,0.00019128,0.00022875,0.00020818,0.00019592
0.000215135,0.00018784,0.00023821,0.00021661,0.00018784
0.000205123,0.00018944,0.0002212,0.000205515,0.00018957
0.000218785,0.00019044,0.00024679,0.000219695,0.00019607
0.000202081,0.00018694,0.00022088,0.00020107,0.00018742
0.000216129,0.00019369,0.0002523,0.00021102,0.00020407
0.000204429,0.00018904,0.0002256,0.00020106,0.00019262
0.000213386,0.00019082,0.00023897,0.00021109,0.00019567
0.000205669,0.00018899,0.00022848,0.00020231,0.00019048
0.000214243,0.00018982,0.00024085,0.000213845,0.00019545
0.000204233,0.00019217,0.00022194,0.00020225,0.00019355
0.000208881,0.00019144,0.00022919,0.000207895,0.00019652
0.000208845,0.00018924,0.00023691,0.00020388,0.00019308
0.000205596,0.00018612,0.00022828,0.000204825,0.00018612
0.00021903,0.00019719,0.00024205,0.0002165,0.00019719
0.000206665,0.00018786,0.00022462,0.000207795,0.00018786
0.000213944,0.00019472,0.00023814,0.00020914,0.00019472
0.000205933,0.00018926,0.00023222,0.000201045,0.0001931
0.000216648,0.00019463,0.00025039,0.000211685,0.00019536
0.000206573,0.00018836,0.0002344,0.00020249,0.00019733
0.000212379,0.00019294,0.00024038,0.000208885,0.00020246
0.000214028,0.00018811,0.00024294,0.00021183,0.00020908
0.000213527,0.00019689,0.00022653,0.000214155,0.00019689
0.000213542,0.00019676,0.00024244,0.000208305,0.00019735
0.000204955,0.00018916,0.000224,0.00020461,0.00019017
0.000214854,0.00019311,0.00024242,0.000213905,0.00019431
0.000203841,0.00019046,0.0002162,0.00020431,0.00019046
0.000211838,0.00018942,0.00024399,0.000207945,0.00018942
0.000203509,0.0001899,0.00022025,0.000201815,0.00019648
0.000221202,0.00021013,0.00023546,0.00021953,0.00021166
0.000206594,0.00019473,0.00022586,0.00020142,0.00019473
0.000212169,0.00019828,0.00023045,0.000210685,0.00020176
0.000208797,0.00019469,0.00023228,0.000204495,0.00019606
0.000211638,0.00019549,0.0002301,0.000209975,0.00020045
0.000219291,0.0001891,0.00024607,0.00022029,0.0001891
0.000204491,0.00018636,0.00022251,0.000202545,0.00019354
0.000218024,0.00020061,0.00024522,0.000212275,0.00020227
0.000204154,0.00019003,0.00021804,0.0002047,0.00019003
0.000214956,0.0001923,0.00024477,0.000212905,0.00019334
0.000206235,0.00019046,0.00022446,0.000202505,0.00019046
0.000217155,0.00019742,0.00023876,0.000216185,0.00019909
0.000206544,0.00019138,0.00022614,0.00020399,0.00019677
0.000208741,0.00019163,0.00023002,0.0002074,0.00019393
0.000211324,0.00018893,0.00023665,0.00021085,0.00020142
0.000207205,0.00019221,0.00022185,0.00020702,0.00019794
0.000213271,0.00019371,0.00024343,0.00020764,0.00019411
0.000206177,0.00018925,0.00023032,0.00020443,0.00018989
0.00021607,0.00019201,0.00024631,0.000212345,0.0002072
0.00020715,0.00019021,0.00022782,0.000205315,0.000197
0.000214141,0.00019725,0.00024499,0.000209445,0.00019725
0.000208671,0.00019153,0.00023203,0.000205845,0.00019916
0.00021046,0.00018992,0.00023651,0.000209755,0.00019335
0.000208103,0.00019151,0.00023378,0.00020411,0.00020263
0.00020865,0.00019214,0.00022878,0.000207915,0.00020032
0.00021403,0.00018837,0.00023709,0.00021367,0.00019826
0.000206588,0.00018921,0.00022337,0.000206135,0.00018921
0.000214909,0.00019202,0.00024881,0.00020906,0.00019954
0.000207509,0.00018962,0.00022568,0.000208295,0.00019273
0.000216604,0.00019386,0.00024208,0.000213625,0.00020478
0.000201727,0.00018735,0.0002221,0.000199435,0.00018735
0.000216371,0.00019074,0.0002486,0.000212475,0.00019555
0.00020288,0.00018625,0.00021579,0.0002043,0.00018857
0.000215464,0.0001964,0.00023794,0.000214365,0.00020382
0.000207206,0.0001917,0.00023049,0.00020335,0.0001917
0.0002126,0.00019462,0.00023376,0.00021332,0.00019617
0.000211794,0.00019179,0.00024057,0.00020913,0.00019426
0.000204173,0.0001864,0.00022472,0.000204825,0.00018742
0.000215666,0.00019733,0.00024212,0.00021331,0.00020115
0.000205209,0.00018917,0.00022238,0.000205015,0.00019101
0.000215079,0.00019188,0.00024853,0.00021126,0.0002008
0.000205268,0.00019234,0.00022348,0.00020319,0.00019234
0.000215568,0.00019396,0.00023737,0.000215125,0.00020687
0.00020849,0.00019375,0.00022736,0.00020505,0.00020025
0.000210609,0.00019034,0.00024015,0.00020694,0.00019423
0.000208863,0.00019511,0.00023366,0.00020298,0.00020065
0.000209942,0.00019473,0.00023035,0.00020962,0.00019696
0.000213502,0.00019461,0.00024255,0.00020995,0.00019888
0.000206569,0.00018645,0.00023384,0.000205755,0.00018645
0.000218051,0.00020153,0.00024426,0.000214485,0.00020346
0.000208534,0.00019274,0.00022575,0.00020541,0.00019796
0.000215181,0.00018963,0.00024483,0.00021345,0.00020929
0.00020734,0.00018912,0.00022635,0.000206335,0.00019297
0.00021524,0.00019731,0.00023436,0.00021169,0.00020607
0.000207516,0.00018708,0.00022499,0.000208855,0.0002028
0.000209651,0.00018885,0.00023474,0.000209565,0.00019145
0.000213425,0.00019939,0.00023925,0.00020944,0.00020012
0.000211251,0.00018922,0.00023145,0.00021028,0.00018922
0.000215545,0.00018948,0.00024292,0.000215905,0.00019154
0.000204282,0.00018901,0.00022651,0.000202335,0.00018901
0.000217239,0.00019292,0.00025572,0.00021089,0.0002031
0.000205112,0.00018933,0.00022462,0.000203535,0.00018933
0.000216175,0.00019948,0.00024453,0.000210795,0.00019949
0.000203114,0.00018856,0.00022214,0.00020002,0.00019199
0.000209674,0.00018808,0.00023658,0.000207065,0.00019985
0.000206239,0.00019134,0.00022952,0.00020327,0.00020205
0.00020877,0.00018925,0.00023506,0.0002075,0.00019732
0.000211439,0.00019715,0.00023074,0.000208705,0.00020351
0.000207485,0.00019135,0.00022591,0.000206695,0.00019735
0.000213103,0.00019316,0.00023893,0.00020909,0.00019793
0.000212635,0.00019514,0.00023395,0.00021155,0.00019663
0.000218104,0.00019687,0.00024179,0.000217275,0.00019687
0.000205479,0.00019279,0.00022374,0.00020397,0.0001931
0.000221161,0.00019549,0.00025022,0.000218195,0.00019549
0.000205838,0.00018801,0.00022686,0.00020345,0.00018894
0.000213036,0.00018894,0.00023723,0.000213605,0.00018894
0.000206271,0.00019235,0.00022113,0.00020475,0.00019235
0.000219265,0.00020592,0.0002342,0.000219005,0.00020837
0.000209491,0.00019365,0.00023508,0.000203615,0.00019398
0.000207035,0.0001864,0.00022579,0.000208135,0.00019054
0.000212789,0.00018653,0.00024203,0.00021192,0.00019196
0.000207641,0.00019422,0.00022301,0.000205105,0.00019741
0.000213429,0.00019382,0.00023779,0.00021303,0.00020363
0.000205487,0.00018501,0.0002284,0.00020262,0.00019465
0.000215012,0.00019385,0.00024089,0.0002125,0.00019838
0.000212001,0.00019791,0.00023239,0.00020882,0.00019812
0.000208896,0.00019058,0.00023553,0.000206185,0.00019482
0.000207951,0.00018944,0.00023003,0.000205475,0.00020274
0.000211483,0.00019405,0.00023025,0.000210255,0.00020264
0.000215028,0.00019046,0.00023934,0.000214515,0.00019831
0.000203896,0.0001892,0.00022155,0.000202845,0.00018981
0.000222829,0.00020585,0.00024736,0.000216725,0.00021123
0.000205658,0.00018989,0.00022422,0.00020441,0.00019098
0.000217891,0.00018948,0.00024509,0.00021734,0.00020171
0.000202671,0.0001889,0.00021942,0.000201415,0.00019206
0.000212917,0.00019204,0.0002449,0.00020763,0.00019433
0.000205474,0.00018914,0.00022975,0.00020231,0.00019853
0.000212483,0.00019315,0.00023451,0.000209695,0.0001952
0.000207532,0.00019307,0.00022804,0.00020426,0.00019374
0.000209684,0.00019104,0.00023173,0.00020879,0.00019179
0.000214277,0.00019992,0.00023929,0.00020951,0.0002011
0.0002052,0.00018721,0.00022262,0.00020723,0.00018822
0.000217022,0.00019602,0.00024216,0.00021355,0.00019602
0.000204726,0.0001899,0.0002206,0.00020409,0.00019159
0.000216516,0.0001924,0.0002406,0.00021729,0.00019411
0.000205107,0.00018704,0.00022374,0.00020343,0.00019694
0.00021305,0.00019092,0.00024211,0.000210895,0.00020206
0.000204624,0.00019022,0.0002231,0.000203105,0.0002014
0.000212406,0.00019389,0.00023274,0.000211855,0.00020107
0.000208236,0.00018868,0.00023632,0.00020321,0.00018868
0.000207784,0.00018679,0.00023005,0.000205685,0.00018679
0.000217871,0.00018922,0.00024727,0.000219055,0.00019045
0.00021024,0.00019165,0.00022557,0.00021008,0.0001973
0.000215286,0.00018862,0.00024606,0.000210895,0.00019721
0.000204846,0.00018912,0.00022626,0.00020294,0.0001906
0.000220741,0.00019945,0.00024538,0.00021813,0.0002081
0.000208226,0.0001907,0.00022766,0.00020664,0.0001907
0.000213514,0.00019199,0.00024205,0.00020906,0.00019624
0.000205495,0.0001901,0.00022871,0.000201235,0.00019408
0.000215339,0.00019608,0.00023473,0.000215265,0.0002027
0.000219418,0.00020065,0.00024135,0.00021841,0.0002038
0.000211156,0.00019647,0.00023031,0.000209325,0.00019957
0.000219154,0.00019174,0.00024505,0.000219965,0.00019696
0.000205101,0.0001908,0.00022413,0.00020215,0.0001935
0.000215085,0.00019162,0.00024039,0.000213645,0.0001973
0.000203484,0.00018816,0.00021987,0.00020181,0.00019108
0.00021816,0.00019466,0.00024831,0.00021724,0.00019466
0.00020231,0.00018727,0.00021913,0.00020206,0.00018727
0.000212212,0.00018724,0.00023696,0.000211915,0.00018724
0.000204186,0.00019211,0.00022694,0.00019958,0.00019342
0.000211134,0.00019383,0.00023056,0.000210785,0.0002029
0.000212806,0.00019073,0.00023578,0.00021207,0.00020176
0.000206026,0.00018927,0.00022275,0.000205275,0.0001911
0.000217529,0.00018625,0.00024408,0.000218865,0.00018625
0.000203569,0.00018774,0.00021935,0.000204035,0.00019049
0.00021834,0.00019056,0.00025047,0.00021787,0.00019866
0.000208522,0.00019468,0.00022672,0.000206675,0.00019468
0.000215929,0.00019112,0.00024489,0.000212295,0.00019112
0.000206805,0.00018828,0.00023043,0.000202225,0.00019187
0.000215179,0.00018885,0.00023755,0.00021418,0.00018885
0.000206241,0.0001917,0.0002258,0.000202855,0.00019377
0.000209935,0.00018957,0.00023517,0.000208415,0.00019079
0.000210286,0.00018789,0.00023748,0.000208575,0.00020172
0.000207989,0.000188,0.0002318,0.00020578,0.000188
0.000212769,0.00018936,0.00024088,0.000211165,0.00019483
0.000205803,0.00018747,0.00022218,0.000206815,0.0001901
0.00021686,0.00019076,0.00024533,0.000215975,0.00019791
0.000205831,0.00018698,0.00022123,0.000207215,0.00019141
0.000213886,0.00019639,0.00023316,0.00021278,0.00020244
0.000213928,0.00020271,0.00023592,0.00020848,0.00020316
0.00021134,0.00019269,0.00022977,0.00021036,0.00020448
0.000208109,0.00019144,0.00023742,0.000201445,0.00019619
0.00020581,0.00018801,0.00022479,0.000206915,0.00019029
0.000215984,0.00019378,0.00023879,0.00021614,0.00019378
0.000208671,0.00019483,0.00022555,0.00020803,0.00019483
0.00021668,0.00019809,0.0002408,0.00021469,0.00020896
0.000204396,0.00018775,0.00022399,0.00020399,0.00018775
0.000221735,0.0001924,0.00025248,0.00021931,0.00019673
0.000205027,0.00019227,0.00021672,0.00020542,0.00019406
0.0002126,0.00018936,0.00024283,0.000210225,0.00018936
0.000202924,0.0001893,0.00022351,0.00019834,0.00018961
0.000212515,0.00019488,0.00022999,0.00021162,0.00020327
0.000213801,0.00020338,0.00022715,0.0002126,0.00020733
0.000209758,0.00019199,0.00023194,0.00020866,0.00019363
0.000215035,0.00018759,0.00024279,0.000215355,0.00018764
0.000208621,0.00019399,0.00022827,0.00020526,0.00019589
0.000219723,0.0001941,0.00024331,0.000219305,0.00020746
0.000206464,0.00019181,0.00022046,0.000204245,0.00019569
0.000213749,0.00018808,0.00024413,0.00021388,0.00019164
0.000204305,0.00018985,0.00022008,0.000202655,0.00018985
0.000212891,0.00019097,0.00023765,0.000211855,0.00019097
0.000206537,0.00018851,0.0002236,0.00020647,0.00018851
0.000213806,0.00019055,0.00024083,0.00021506,0.00020861
0.00020875,0.00019595,0.00023525,0.000201935,0.00019595
0.000209246,0.00018827,0.00023826,0.000208415,0.00018987
0.000211409,0.00018836,0.00024092,0.000209775,0.00019956
0.000208288,0.0001892,0.00022711,0.000208385,0.00018943
0.00021894,0.00019457,0.00024568,0.0002183,0.00020549
0.000204862,0.00018658,0.00022676,0.00020308,0.00019072
0.000212091,0.00019044,0.00023847,0.000208105,0.00019044
0.000209525,0.00019357,0.00023054,0.00020324,0.00019761
0.000214001,0.00019111,0.00024307,0.000211375,0.00020527
0.00020673,0.00018982,0.00022686,0.000205115,0.00019901
0.000210556,0.00019081,0.00023523,0.000208975,0.00019264
0.000217008,0.0001925,0.00023947,0.00021621,0.00020397
0.000204638,0.00018658,0.00022182,0.00020548,0.00019379
0.000215015,0.00019246,0.00025143,0.00021027,0.00020626
0.000205785,0.00018882,0.00022592,0.000204055,0.00019376
0.000216705,0.00019491,0.00025594,0.000209875,0.00019821
0.000205499,0.00018856,0.00023197,0.000200885,0.00018856
0.000212247,0.0001904,0.0002452,0.000209245,0.00020361
0.0002119,0.00020561,0.00022818,0.000207215,0.00020591
0.000211872,0.00019284,0.00024012,0.000208775,0.00020169
0.000205217,0.00018847,0.00022985,0.000201905,0.00019887
0.000207766,0.00018943,0.00023,0.00020656,0.00019432
0.000211254,0.00018934,0.00022991,0.0002131,0.00019734
0.000208439,0.00019495,0.00022542,0.00020759,0.00019675
0.000217354,0.00019074,0.00024792,0.000217045,0.00019158
0.000205855,0.00018873,0.00022347,0.000205825,0.00019478
0.000219348,0.00019226,0.00025076,0.00021409,0.00019226
0.000205812,0.00018832,0.00022327,0.00020523,0.00019297
0.000216338,0.0001908,0.00024475,0.00021444,0.00020434
0.000205259,0.00019247,0.00022418,0.000201505,0.00019266
0.000216201,0.00019616,0.00023831,0.000215445,0.00020493
0.000212376,0.00020062,0.00023315,0.00020762,0.00020321
0.000211789,0.00019043,0.00023692,0.00020956,0.00019241
0.000210627,0.00018946,0.000238,0.00020769,0.00019916
0.000206537,0.00018896,0.00022655,0.000205365,0.00019012
0.000214166,0.00019298,0.0002384,0.000213975,0.00019298
0.00020584,0.00018663,0.00022396,0.000205865,0.0001898
0.000219823,0.00019711,0.00025937,0.000212,0.00020639
0.000206936,0.0001871,0.00023,0.00020518,0.00020095
0.000213422,0.00019005,0.0002452,0.000210185,0.00020173
0.000209341,0.00018854,0.00023748,0.000206115,0.00020023
0.00021274,0.00019431,0.00023114,0.00021298,0.00020546
0.000209411,0.00019616,0.00023367,0.00020375,0.00019616
0.00020611,0.0001891,0.00022603,0.000206305,0.00019604
0.000213499,0.0001882,0.00024636,0.00020969,0.00019876
0.000206582,0.00019157,0.0002262,0.00020589,0.00019771
0.000217221,0.000196,0.00024261,0.00021553,0.00020003
0.000202615,0.00018703,0.00021763,0.00020346,0.00018984
0.000215495,0.00019402,0.00024627,0.00021225,0.0002047
0.000206932,0.00019011,0.00022356,0.000206155,0.00019426
0.000211397,0.00019037,0.00024245,0.00020681,0.00019423
0.000203319,0.00018762,0.00022607,0.000199805,0.00019465
0.000209186,0.00019059,0.00023161,0.000207055,0.00019243
0.000209787,0.00019398,0.00023189,0.00020663,0.00020381
0.000206508,0.00018936,0.00022491,0.000206315,0.0001968
0.000215459,0.00018856,0.00024403,0.00021517,0.00018991
0.000205261,0.00018862,0.00022497,0.00020191,0.00019249
0.000219038,0.00020018,0.00025377,0.000211645,0.00020565
0.00020811,0.0001937,0.00022614,0.00020628,0.0001937
0.000216231,0.0001979,0.00024164,0.00021208,0.00020346
0.000213141,0.0002053,0.00022974,0.00020906,0.00020832
0.000214639,0.00019354,0.00023741,0.000215795,0.00020443
0.000206073,0.00019591,0.00021974,0.000205275,0.00019801
0.000210774,0.00019094,0.00023472,0.000207485,0.00019477
0.000207871,0.0001905,0.00023165,0.00020524,0.00020079
0.000210546,0.00019335,0.00022737,0.000210645,0.00019335
0.00021721,0.00018953,0.00024935,0.000217105,0.00019002
0.000208287,0.00018872,0.00022693,0.000209335,0.00019371
0.000216845,0.00019489,0.00024235,0.000216365,0.00019508
0.000205556,0.00019051,0.00022716,0.000203735,0.00019122
0.000212413,0.00019026,0.00023788,0.00021255,0.00020051
0.00020908,0.00019025,0.00022993,0.00020696,0.00019898
0.000222501,0.00020735,0.0002387,0.00022137,0.00021861
0.0002108,0.00020022,0.00022707,0.000207735,0.00020119
0.000210467,0.000191,0.00023324,0.000210495,0.00019161
0.00020982,0.00019048,0.00024057,0.00020532,0.00019048
0.000207666,0.00018973,0.00023097,0.000205835,0.00019154
0.000214639,0.00018788,0.00024537,0.000212225,0.00020009
0.000202998,0.00018719,0.00021963,0.00020314,0.00018894
0.000220963,0.00019278,0.00026102,0.000213815,0.00019577
0.000204863,0.00018959,0.00022383,0.00020417,0.00019081
0.000217136,0.0001968,0.0002506,0.00021262,0.00020599
0.000208241,0.00019825,0.0002254,0.000205255,0.00020297
0.000214572,0.00019268,0.00023156,0.000216095,0.00021766
0.000208499,0.00019461,0.00023173,0.000202785,0.00019461
0.000206417,0.00018817,0.00022894,0.000205555,0.00019443
0.000208311,0.00018656,0.0002329,0.00020601,0.00018656
0.000210364,0.00019426,0.00022774,0.000209115,0.00020058
0.000213913,0.00018743,0.00024048,0.00021538,0.00018743
0.000204954,0.00018723,0.0002222,0.00020489,0.00018784
0.000216561,0.00019434,0.00024189,0.00021384,0.00020435
0.000205728,0.00018845,0.00022159,0.00020499,0.00019261
0.000213906,0.0001933,0.00024965,0.000209535,0.00019355
0.000207794,0.00018724,0.00022733,0.00020858,0.00018986
0.000215232,0.00019261,0.00023906,0.000212805,0.00019261
0.00020364,0.00018862,0.00021861,0.00020323,0.00018862
0.000215471,0.00019679,0.00023429,0.00021592,0.00020004
0.000211192,0.0001919,0.00023338,0.00021042,0.0001919
0.000207966,0.00018849,0.00023159,0.000206785,0.00018849
0.000215368,0.00019029,0.00024748,0.000212205,0.0002017
0.000205575,0.00018733,0.00022071,0.0002069,0.00019043
0.000213399,0.00019086,0.00023895,0.000212285,0.00019086
0.000204425,0.00018752,0.00022508,0.00020237,0.00018752
0.000212252,0.00019079,0.00023779,0.00021003,0.00019465
0.000208144,0.00018747,0.00023498,0.0002052,0.00019816
0.000210717,0.00019113,0.00023398,0.00020837,0.00020279
0.000208796,0.00018986,0.00023592,0.00020503,0.00020324
0.00021198,0.00019474,0.00022991,0.000211125,0.00019474
0.000214036,0.00019451,0.00024307,0.00020718,0.00020007
0.000205136,0.00018978,0.00022839,0.000202445,0.00019026
0.000215099,0.00019339,0.00024819,0.00021086,0.0001993
0.000216393,0.00021297,0.00022067,0.000216095,0.00021678
0.000218943,0.00020813,0.00023791,0.00021865,0.00021464
0.000205299,0.0001907,0.00022274,0.00020492,0.00019279
0.000217624,0.00019933,0.00024255,0.000216215,0.00020679
0.000209129,0.00020089,0.00022293,0.000206355,0.00020089
0.000210578,0.00018993,0.00023357,0.000209815,0.00019372
0.000206471,0.00018923,0.00022521,0.00020496,0.00019709
0.000210584,0.00019366,0.00022901,0.000211455,0.00020052
0.00021066,0.00019133,0.00023657,0.0002079,0.00019495
0.000206669,0.00018727,0.00022987,0.00020389,0.00019265
0.000216603,0.00019222,0.00024507,0.00021309,0.00020446
0.000207479,0.00019443,0.00022844,0.0002048,0.00019742
0.00021475,0.00019395,0.00025058,0.000208495,0.00020116
0.000208972,0.00019968,0.00022316,0.000206495,0.00020284
0.000212904,0.00019108,0.00023631,0.00021269,0.00019982
0.000210624,0.00019384,0.00022933,0.000210195,0.00019402
0.000209051,0.00018746,0.00023073,0.00020726,0.00018746
0.000209325,0.00019508,0.00022715,0.000206665,0.00019508
0.000212761,0.00019775,0.00023082,0.00021261,0.00020237
0.000217661,0.00019247,0.00024474,0.00021717,0.00019247
0.000206239,0.00018846,0.00022993,0.00020166,0.00018846
0.000216581,0.00019403,0.00023871,0.000217925,0.00019403
0.000206169,0.00018846,0.00022876,0.00020231,0.0001928
0.000215501,0.00019079,0.00024329,0.000212475,0.00020071
0.000207511,0.00018693,0.0002241,0.00020868,0.00018922
0.000212583,0.00019393,0.00023875,0.00021325,0.00019885
0.000208801,0.00019147,0.00022486,0.000209755,0.00019147
0.000207413,0.00018948,0.0002343,0.000204065,0.00018948
0.000209321,0.00018923,0.00023537,0.000207375,0.00018923
0.000207459,0.00018794,0.00023012,0.00020556,0.0001919
0.000215415,0.00019444,0.00023992,0.000214075,0.0001995
0.000204805,0.0001908,0.00022062,0.00020477,0.00019579
0.000214272,0.00019103,0.00024147,0.000210595,0.00020229
0.000205785,0.00019047,0.00022469,0.00020497,0.00019047
0.000214978,0.00019092,0.00024012,0.000212875,0.00019092
0.000201513,0.00018637,0.00021955,0.000201065,0.00018637
0.000209091,0.00018831,0.00022981,0.00020927,0.00018831
0.000206486,0.00018775,0.00023572,0.000199945,0.00019593
0.000210294,0.00019252,0.00023191,0.00020796,0.00019789
0.000210226,0.00019463,0.00022999,0.000208525,0.0002052
0.000205901,0.00018991,0.00022125,0.000206605,0.00018992
0.000212739,0.00019105,0.00024128,0.000209125,0.0001984
0.000208534,0.0001884,0.00022717,0.00020803,0.00018934
0.000218335,0.00019576,0.00024427,0.00021796,0.00019576
0.000202636,0.00018692,0.00021994,0.000200815,0.00018928
0.00021543,0.00019128,0.00023804,0.0002163,0.00019128
0.000209653,0.00019516,0.00022595,0.00020739,0.00019516
0.000214775,0.00019174,0.00024184,0.00021298,0.00019174
0.000209317,0.00019133,0.00023267,0.00020563,0.00019257
0.000211845,0.00019067,0.00023384,0.00021228,0.00019067
0.000210175,0.000191,0.00023577,0.0002085,0.00019856
0.00020889,0.00019017,0.00023205,0.00020814,0.00019017
0.00021227,0.00019421,0.00023929,0.00021002,0.00019489
0.00022144,0.0002137,0.00022984,0.00022164,0.0002137
0.000217435,0.00020307,0.0002438,0.000213945,0.0002045
0.00020818,0.00018828,0.00023578,0.0002066,0.00019624
0.000214601,0.00019215,0.00024117,0.000211505,0.0002
0.000215469,0.00019744,0.00023405,0.000215995,0.00019744
0.000208211,0.00018787,0.00023132,0.00020847,0.00018787
0.000210233,0.00018721,0.00023274,0.00020926,0.00019087
0.000208411,0.00019261,0.00022888,0.00020807,0.00019334
0.000218041,0.00019467,0.0002426,0.000217665,0.00019737
0.000205767,0.00018999,0.0002242,0.00020509,0.00019144
0.000220087,0.0001928,0.00024813,0.00022161,0.0001928
0.000204606,0.00018934,0.00022185,0.000203,0.00018992
0.000218244,0.00019331,0.0002434,0.0002167,0.00019349
0.000203395,0.00019223,0.00021704,0.000202425,0.00019328
0.000215401,0.00019384,0.00024421,0.00021164,0.00020312
0.000205508,0.00019181,0.00022624,0.000203,0.00019402
0.000211727,0.00019351,0.00023803,0.00020869,0.00020115
0.000211612,0.00019103,0.00023752,0.000207635,0.00019407
0.000207451,0.00018831,0.00022799,0.00020491,0.00019357
0.000211227,0.00019147,0.00023604,0.000209685,0.00019147
0.000207551,0.00018898,0.00022618,0.00020837,0.00019063
0.000218512,0.00019464,0.00025032,0.00021302,0.00020735
0.00020773,0.00019237,0.00022932,0.000206795,0.00019296
0.000218919,0.00020048,0.0002458,0.000214065,0.00020889
0.000205629,0.00018995,0.00022615,0.000203995,0.00019632
0.00021577,0.00019372,0.00023864,0.00021474,0.00020316
0.000207158,0.00018921,0.0002262,0.000205885,0.00019198
0.000213597,0.00019249,0.00023308,0.000212855,0.00019249
0.000206426,0.00018932,0.00023091,0.00020167,0.00020144
0.000207492,0.00019048,0.00022316,0.00020783,0.00019161
0.000220198,0.00019788,0.0002413,0.00022182,0.00019788
0.000211315,0.00019132,0.00023034,0.000210975,0.0001925
0.000213996,0.00019382,0.00023944,0.000210475,0.0001962
0.000204697,0.00018932,0.00022533,0.00020045,0.00018932
0.000216335,0.00019112,0.0002377,0.000217015,0.00020617
0.0002101,0.00019682,0.00022919,0.00020592,0.00019682
0.000212239,0.0001902,0.00024004,0.00020946,0.0001902
0.000210576,0.0002002,0.00022048,0.000210925,0.00020237
0.000211951,0.00019594,0.00023534,0.000210385,0.00019803
0.000212576,0.00019632,0.00023834,0.00020931,0.0001994
0.000208565,0.00019285,0.00022527,0.000205665,0.00019285
0.000215286,0.00019152,0.0002461,0.000210465,0.00019502
0.0002042,0.00019049,0.00021945,0.000204045,0.00019049
0.000215932,0.00019541,0.00023956,0.0002108,0.00020318
0.000203711,0.00018728,0.00022119,0.00020443,0.00019108
0.000215757,0.00019437,0.00024199,0.000210855,0.00020216
0.000205734,0.00019604,0.00021907,0.000203945,0.00019604
0.000212967,0.00018952,0.00023682,0.00021296,0.00019974
0.000204792,0.00019261,0.00022482,0.00020059,0.00019859
0.000218864,0.00020937,0.00023744,0.000217215,0.00021206
0.000209022,0.00019002,0.00024089,0.00020364,0.00019726
0.000207031,0.00018972,0.00022631,0.00020717,0.00019774
0.000217356,0.0001896,0.00024111,0.00021955,0.0001896
0.000210857,0.00019164,0.00023566,0.000209255,0.00019164
0.000219134,0.00018925,0.00024643,0.0002179,0.00018925
0.000205477,0.00018886,0.00022527,0.00020396,0.00018886
0.000215916,0.00019096,0.00024886,0.000213375,0.00019555
0.00020479,0.00019155,0.00022012,0.000203745,0.00019863
0.000214203,0.00019225,0.00023815,0.00021339,0.00020027
0.000207708,0.00019818,0.00022645,0.000202315,0.00019818
0.000212161,0.00019411,0.00023412,0.000210635,0.00019878
0.000215116,0.00019463,0.00023712,0.000214255,0.00019463
0.000207745,0.00018737,0.00023132,0.000207745,0.00018957
0.000212371,0.00018707,0.00023462,0.000213125,0.00019221
0.000208172,0.00018778,0.00023223,0.00020774,0.00018901
0.000213966,0.00019294,0.00023614,0.000215365,0.00019294
0.000207836,0.00018798,0.00022905,0.000206175,0.00019332
0.000211463,0.00018999,0.00023485,0.00020809,0.00019348
0.000208049,0.00018998,0.00023516,0.000203885,0.00019883
0.000209847,0.00019272,0.00023168,0.000206505,0.00019473
0.000211629,0.00019558,0.00023737,0.000207855,0.00020124
0.000209062,0.00019048,0.00023319,0.00020688,0.00019256
0.000218279,0.00019358,0.00024238,0.000217455,0.00020017
0.000208856,0.00019608,0.00022695,0.00020801,0.00019608
0.000217326,0.00019462,0.0002565,0.000209035,0.0001985
0.000208278,0.00019553,0.00022476,0.000208175,0.00019906
0.000215736,0.00019127,0.00024172,0.000216185,0.00019789
0.000205884,0.00019285,0.00021881,0.000206285,0.00019285
0.000216344,0.00019407,0.00024229,0.000215985,0.00019407
0.000203705,0.00019103,0.00021601,0.00020377,0.00019103
0.000211494,0.00019184,0.00024286,0.000208525,0.00019254
0.000205709,0.00018688,0.00023009,0.00020274,0.0001962
0.000208736,0.00019206,0.00022895,0.00020734,0.00019206
0.00021498,0.00019104,0.00024143,0.000214015,0.00019104
0.000205856,0.0001901,0.00022003,0.00020712,0.00019425
0.000216289,0.00019371,0.00024457,0.00021332,0.00020436
0.000205579,0.00018754,0.00022346,0.00020664,0.00019078
0.000217569,0.00019905,0.00023871,0.00021563,0.00019905
0.000208775,0.000199,0.00022675,0.00020562,0.00020503
0.000213579,0.00019271,0.00023705,0.000211865,0.00019747
0.000208586,0.00019423,0.0002234,0.000207575,0.00019423
0.000218744,0.00021,0.00023101,0.00021757,0.00021301
0.000207854,0.00019051,0.00023277,0.000203025,0.00019607
0.000207892,0.00018741,0.00023093,0.000204845,0.00018804
0.00021417,0.00019146,0.0002384,0.00021398,0.00019146
0.00020857,0.00019134,0.00022863,0.00020781,0.00019564
0.000214763,0.00019137,0.00024953,0.0002103,0.00019592
0.000207187,0.00019016,0.0002234,0.00020672,0.00019016
0.000217162,0.00019101,0.00024497,0.000217405,0.00019668
0.000207942,0.00018736,0.00023366,0.000202835,0.00019086
0.000214904,0.00019584,0.00023727,0.000213035,0.00020219
0.000213712,0.00018895,0.00024196,0.00021319,0.00019009
0.000210489,0.00018675,0.0002333,0.000209525,0.00019554
0.000213257,0.00019242,0.00023872,0.000210015,0.00019242
0.00020515,0.00018918,0.00022144,0.0002054,0.00018931
0.000215855,0.00019246,0.00024059,0.000217415,0.00019346
0.000202483,0.00018703,0.00021933,0.00020201,0.00019161
0.000218734,0.00019643,0.00024702,0.000215415,0.00020668
0.000204355,0.0001869,0.00022013,0.000205435,0.00019072
0.000214626,0.00019689,0.00023357,0.000213325,0.00020267
0.000205759,0.00019543,0.00022357,0.00020311,0.0001966
0.000211256,0.00019115,0.00024368,0.000206005,0.00019654
0.000208459,0.00019939,0.00022536,0.000203685,0.00020079
0.000208627,0.00018884,0.00022903,0.00020691,0.00019331
0.000208067,0.00018885,0.00023222,0.00020454,0.00019967
0.0002076,0.00018991,0.00023261,0.00020464,0.00019298
0.00021902,0.00019645,0.00024282,0.00021803,0.00019785
0.000204779,0.00018606,0.00022605,0.000201625,0.00019247
0.000216766,0.00019478,0.00024286,0.000214735,0.00019538
0.00021403,0.00020076,0.00022906,0.000211255,0.00020296
0.000219929,0.00019487,0.00024737,0.000218275,0.00019487
0.000202832,0.00018783,0.00021629,0.000204425,0.00018945
0.000211284,0.0001905,0.00023572,0.00020959,0.00019748
0.000208752,0.00018804,0.00023258,0.000207245,0.00018804
0.000209654,0.00018837,0.00023366,0.0002101,0.00018837
0.000209402,0.00018817,0.00023068,0.00021058,0.00019157
0.000207265,0.00018915,0.00022268,0.000208365,0.00019476
0.000215452,0.00020243,0.00023897,0.00021189,0.00020583
0.00020572,0.0001872,0.00022629,0.000205365,0.00019124
0.000216346,0.00019543,0.00023706,0.00021583,0.00020505
0.000210341,0.00019358,0.00023042,0.00020828,0.00020446
0.00021273,0.00018895,0.00023542,0.00021284,0.00019741
0.000208021,0.0001944,0.0002301,0.000205,0.00019849
0.000209358,0.00018959,0.00023334,0.000208755,0.00019976
0.000209289,0.0001922,0.00023461,0.0002053,0.00020071
0.000207291,0.00018886,0.00022779,0.00020691,0.00018886
0.000219108,0.00019976,0.00024301,0.00021632,0.00020081
0.000206498,0.00019225,0.00022307,0.000207045,0.00019225
0.000220491,0.00019646,0.00024755,0.000219445,0.00019646
0.000203908,0.00019004,0.00021981,0.00020167,0.00019125
0.000217713,0.00019849,0.00023929,0.000217055,0.00020653
0.000202061,0.00019257,0.00021639,0.00019955,0.00019592
0.000215436,0.00019835,0.00024084,0.00021034,0.00020064
0.000204346,0.00018917,0.00022583,0.00020163,0.0002009
0.000212396,0.0001922,0.00023511,0.00021043,0.00019401
0.000206827,0.00019154,0.0002299,0.00020259,0.00019154
0.000207407,0.00019014,0.00023065,0.0002043,0.00019059
0.000214855,0.00018945,0.00023922,0.000215045,0.00019548
0.00020594,0.00018999,0.0002247,0.000203945,0.00018999
0.000215479,0.00018958,0.00024778,0.000210995,0.00019246
0.000203623,0.00018884,0.00022089,0.000202015,0.00019014
0.000216915,0.00019845,0.00023672,0.00021467,0.00020518
0.00020452,0.00019063,0.00022363,0.000201835,0.00019247
0.000215104,0.0001961,0.00023886,0.000212075,0.0001961
0.000209712,0.00019909,0.00022672,0.00020557,0.00019909
0.000217204,0.00020032,0.00024198,0.00021414,0.00020273
0.000206319,0.00018912,0.0002307,0.00020264,0.00019847
0.000210049,0.00019167,0.00023201,0.00020811,0.00019408
0.000221412,0.00019901,0.00024424,0.000221145,0.00019901
0.000206211,0.00018751,0.00022773,0.00020593,0.00019017
0.000217155,0.00019562,0.0002435,0.000212345,0.00021032
0.000210841,0.00019846,0.00022526,0.00020985,0.00020057
0.000218425,0.00019673,0.00024444,0.00021543,0.00019673
0.000208857,0.00018961,0.00023326,0.00020396,0.00019317
0.0002118,0.00018982,0.00023114,0.00021149,0.00018982
0.000208958,0.00019173,0.00023814,0.000203775,0.00019487
0.000209581,0.00018746,0.00024102,0.00020881,0.00019885
0.000210615,0.00018784,0.00023382,0.000209995,0.00020249
0.000210159,0.00019034,0.00022979,0.00020868,0.00019485
0.000213725,0.00019367,0.0002466,0.000208195,0.00019637
0.000207876,0.00018943,0.00022933,0.00020584,0.00018943
0.000217524,0.00019041,0.00024688,0.000217465,0.00019041
0.000206182,0.00018839,0.00022277,0.000206055,0.00020061
0.000213263,0.00019232,0.00024161,0.000210615,0.00020079
0.000203092,0.00018844,0.00022261,0.000200335,0.00019292
0.000213419,0.00019641,0.00023061,0.000213375,0.00020298
0.000207645,0.00019564,0.00022557,0.000203855,0.0001969
0.000211251,0.00019794,0.00022924,0.00020986,0.00019939
0.000215216,0.00018969,0.00024452,0.000212945,0.00019669
0.000204038,0.00018751,0.00021954,0.000204605,0.00018751
0.000222023,0.00020054,0.00024682,0.0002211,0.00020107
0.000203449,0.00018583,0.00022116,0.0002025,0.00018684
0.000219182,0.00019614,0.00024554,0.000219255,0.00019689
0.000207688,0.00019419,0.00022754,0.000203865,0.00019996
0.000212674,0.00019157,0.00023971,0.000211535,0.0001916
0.000208544,0.00019248,0.00022533,0.000206995,0.00019952
0.000213084,0.00019198,0.00023912,0.000210495,0.0001948
0.000204395,0.00019082,0.00022382,0.000201975,0.00019557
0.000209614,0.00018927,0.00023438,0.000207395,0.0001907
0.00020924,0.00018876,0.00023383,0.000207525,0.00020119
0.000208573,0.00019394,0.00022563,0.000207515,0.00019394
0.000216544,0.00018908,0.00024368,0.00021456,0.00019524
0.000206016,0.00018989,0.00022624,0.000204805,0.00018989
0.000215485,0.00019371,0.00024697,0.000211205,0.00020649
0.00020608,0.00019018,0.00022989,0.00020306,0.00019331
0.000212001,0.00019015,0.00024397,0.000212245,0.00019526
0.000208128,0.00018957,0.00022945,0.00020747,0.00020004
0.000209964,0.00019369,0.00023493,0.00020743,0.00020158
0.000207271,0.00018793,0.00023676,0.00020292,0.00020032
0.00020865,0.00019091,0.00023148,0.000205895,0.00019703
0.000218517,0.00018838,0.00024867,0.0002176,0.00020256
0.000204534,0.00018856,0.00022322,0.00020332,0.0001904
0.000218806,0.00019681,0.00024308,0.000216745,0.00020292
0.000208496,0.00019565,0.00022279,0.000207845,0.00020184
0.000222681,0.00020025,0.00024408,0.000220435,0.00020025
0.00020201,0.00018841,0.00021625,0.0002015,0.00019089
0.000209925,0.0001919,0.00023375,0.000206515,0.00019197
0.000204638,0.00019032,0.00022417,0.000201665,0.00019334
0.000211529,0.00019306,0.00023307,0.00021059,0.00019429
0.00020777,0.00019254,0.00023036,0.000203945,0.00019555
0.000205445,0.00018931,0.00022561,0.000202165,0.00019123
0.000222691,0.00020325,0.00024705,0.00022171,0.00020325
0.000206266,0.00019275,0.00022263,0.0002055,0.00019275
0.00021475,0.00019659,0.00024103,0.000212685,0.00019852
0.000205578,0.00018696,0.00022482,0.000206675,0.00019299
0.000220633,0.00019827,0.00024521,0.00021833,0.00020878
0.000205823,0.00018851,0.00022774,0.000204295,0.00018851
0.000217103,0.00018911,0.00024581,0.000214775,0.00018911
0.000205483,0.0001916,0.00021954,0.0002043,0.00019578
0.000209906,0.00018752,0.00022948,0.000211025,0.00018752
0.0002073,0.00018887,0.00023032,0.00020459,0.00019844
0.000207659,0.0001907,0.00022345,0.00020884,0.00019352
0.000217432,0.00019334,0.00024424,0.000216295,0.00019352
0.000206231,0.00018911,0.00022476,0.00020497,0.00018911
0.000215262,0.00019563,0.00024776,0.00020926,0.00020028
0.000207817,0.00019132,0.00022929,0.00020686,0.00019448
0.00021554,0.00019414,0.00024195,0.00021282,0.00019575
0.000205772,0.00019079,0.00022807,0.000202265,0.00019258
0.000212527,0.00019177,0.00023512,0.000209575,0.00019461
0.000211482,0.00020249,0.00022441,0.00020938,0.00020384
0.000211009,0.00019768,0.00023011,0.00020843,0.00020166
0.000211721,0.00018977,0.00023883,0.00021036,0.00020245
0.000206746,0.00018822,0.00022994,0.0002072,0.00018842
0.000217152,0.00019551,0.00024303,0.00021288,0.00020352
0.000203023,0.00018823,0.00022061,0.000202345,0.0001937
0.000215731,0.0001933,0.00024191,0.000213655,0.00019947
0.000203016,0.00018804,0.00022181,0.0002003,0.00019148
0.000216601,0.00019533,0.00023415,0.000217045,0.00019533
0.000202071,0.00018676,0.00022127,0.000200115,0.00018947
0.000216956,0.00019685,0.00024338,0.000216635,0.00020597
0.000204639,0.00019022,0.000227,0.0002012,0.0001978
0.000211086,0.00019241,0.00023538,0.000208705,0.00019601
0.000212396,0.00018775,0.00023744,0.00021216,0.00019128
0.000203264,0.00018724,0.00021907,0.000202535,0.00018724
0.000213343,0.00018907,0.00024311,0.000208785,0.00020101
0.000205181,0.00018955,0.00022576,0.00020284,0.00019208
0.000221249,0.00019218,0.00024925,0.000225965,0.00019528
0.000208491,0.00019613,0.0002235,0.000206375,0.00019613
0.000218089,0.00019253,0.00024464,0.000217705,0.00019253
0.000206434,0.0001911,0.00022764,0.000202675,0.00019414
0.000212523,0.00018935,0.00023872,0.00021279,0.00018935
0.000209686,0.00019349,0.00022873,0.000208135,0.00019349
0.000209175,0.00018997,0.00023633,0.000207015,0.00019431
0.000209193,0.00018943,0.00023101,0.00020865,0.00019759
0.000207446,0.00018907,0.00023215,0.00020644,0.00019646
0.000215002,0.00019389,0.00024737,0.00020992,0.00020438
0.000206043,0.00018907,0.00022689,0.000205155,0.00018926
0.000216466,0.00019594,0.00023786,0.00021484,0.00019594
0.000205712,0.00018803,0.00022887,0.00020363,0.00019213
0.000212533,0.00019236,0.00023796,0.000211345,0.00020141
0.000208264,0.00019197,0.00023275,0.000205275,0.00019561
0.000210558,0.00018976,0.00023756,0.000208875,0.0001994
0.000207126,0.0001885,0.0002372,0.00020176,0.00019525
0.000206051,0.00018752,0.00023318,0.000202805,0.00019135
0.000220205,0.00019424,0.00024768,0.00021814,0.00020147
0.000205357,0.00018841,0.00022228,0.0002041,0.00019485
0.0002186,0.00019097,0.00024326,0.00021815,0.00020468
0.000203603,0.00018985,0.00021673,0.000203935,0.00019336
0.000222095,0.00019735,0.00024611,0.00022206,0.00020453
0.000206118,0.00019273,0.00022561,0.00020348,0.00019461
0.000213994,0.00019032,0.00024132,0.000211545,0.00020297
0.000204136,0.00018936,0.0002249,0.000200795,0.00019423
0.00021408,0.00019433,0.00023655,0.00021326,0.00020215
0.00021029,0.00018805,0.0002302,0.000211265,0.00018917
0.00020687,0.00018979,0.00022471,0.00020782,0.000198
0.000216119,0.00018864,0.00024657,0.00021496,0.0001969
0.00020364,0.0001881,0.00022324,0.000201945,0.00019213
0.000219394,0.00019039,0.00024725,0.00022093,0.00019628
0.00020769,0.0001909,0.00022909,0.00020521,0.00019515
0.000215258,0.00019259,0.00024213,0.000214425,0.00019355
0.000204895,0.000189,0.00022413,0.00020257,0.00019604
0.00022453,0.00020064,0.00025198,0.00022379,0.00020721
0.000207791,0.00019161,0.00022976,0.000206475,0.00019622
0.000213615,0.00019433,0.00023485,0.00021296,0.00020351
0.000209099,0.00019061,0.00023328,0.0002064,0.00020142
0.000206964,0.00018764,0.00022298,0.000208175,0.00018928
0.000215516,0.00019151,0.00024285,0.00021374,0.00019151
0.000206549,0.00019176,0.0002245,0.00020386,0.00019412
0.000220004,0.00019465,0.00024628,0.00022174,0.00020005
0.000207584,0.00018987,0.00022597,0.000208185,0.00019041
0.000213431,0.0001908,0.00024241,0.00020963,0.00019347
0.000207314,0.00018869,0.00022724,0.00020655,0.00019778
0.00021326,0.0001959,0.00023822,0.000210875,0.00020464
0.000207507,0.00018781,0.00023069,0.00020466,0.00019869
0.000210102,0.00018946,0.00022973,0.000208915,0.00020067
0.000211995,0.00019035,0.0002354,0.00021105,0.00019192
0.00021103,0.00019217,0.00023101,0.000209265,0.00019217
0.000213177,0.00019559,0.00023928,0.00020886,0.00019748
0.000209594,0.0001941,0.00022753,0.000209375,0.0001941
0.000218784,0.00019908,0.0002496,0.000213665,0.00020175
0.000206122,0.00018818,0.0002242,0.00020647,0.00018818
0.00021313,0.00019037,0.00024632,0.00021024,0.00019464
0.000204381,0.0001899,0.00022149,0.00020248,0.00019987
0.000211155,0.00019409,0.00022884,0.00020784,0.00019702
0.0002052,0.00019418,0.00022355,0.000203345,0.00019418
0.000212554,0.00019852,0.00023227,0.00021098,0.00020141
0.000213896,0.00018935,0.00023732,0.00021455,0.00019955
0.000205856,0.0001892,0.00022845,0.000203745,0.00019106
0.00021653,0.00018814,0.00024079,0.000217285,0.00020076
0.000204998,0.00018838,0.00022255,0.0002042,0.00019412
0.000218249,0.0001964,0.00024214,0.000217955,0.00019931
0.000206966,0.00019631,0.00022343,0.000204905,0.0001978
0.000216975,0.00019419,0.00024088,0.000217425,0.00020784
0.000206625,0.0001953,0.00021949,0.000205905,0.0001953
0.000212186,0.00019289,0.00023963,0.0002083,0.0001963
0.000207961,0.00018879,0.00022893,0.000206665,0.00018879
0.000208902,0.00018732,0.00023261,0.000208175,0.00019532
0.000214486,0.0001952,0.00023808,0.000211655,0.00019712
0.000220934,0.0002148,0.00022666,0.00022121,0.00021634
0.000217791,0.00020626,0.0002315,0.0002137,0.00021057
0.000207606,0.00019162,0.00022896,0.000206875,0.00019515
0.000213308,0.0001941,0.00023728,0.00021102,0.00019555
0.000205391,0.00018637,0.00022667,0.000203845,0.00019315
0.000215642,0.0001999,0.00023508,0.00021276,0.00020812
0.000206022,0.00018714,0.00022901,0.0002044,0.00019755
0.00020887,0.00018992,0.00023095,0.00020611,0.00019476
0.000209431,0.00018908,0.00024871,0.000201515,0.00019182
0.000206641,0.000189,0.00022792,0.000206865,0.00019012
0.000210926,0.0001862,0.00024045,0.000207005,0.00020089
0.000217644,0.00020217,0.0002372,0.000215985,0.00020217
0.000228428,0.00020684,0.00024922,0.000227165,0.00021308
0.000213051,0.00020122,0.00022695,0.00021241,0.00020122
0.000217412,0.00019987,0.00024349,0.00021472,0.00019987
0.000212431,0.00019277,0.00023376,0.00021125,0.00020324
0.00021742,0.00020211,0.00023627,0.00021491,0.00020694
0.000218585,0.00019944,0.00024766,0.000213875,0.0002098
0.000216236,0.0002041,0.00023498,0.000213465,0.0002052
0.000224311,0.0002095,0.00024783,0.00022052,0.00021003
0.000212112,0.00019979,0.00022794,0.000209695,0.00020034
0.000225235,0.0002077,0.00024812,0.00022339,0.0002077
0.000209965,0.00019431,0.000226,0.000208895,0.00019431
0.000230113,0.00021617,0.00025218,0.000226395,0.00021877
0.000213081,0.00020371,0.00022437,0.000212455,0.00020371
0.000222889,0.00020241,0.00025028,0.00022173,0.00021072
0.000211237,0.00019548,0.00023366,0.00020678,0.00020369
0.000216,0.00019802,0.00023705,0.000215045,0.0001997
0.000215909,0.00020188,0.00022744,0.000216595,0.00020188
0.000213434,0.00019523,0.00023174,0.00021341,0.00019806
0.000224024,0.0002011,0.00024476,0.00022492,0.0002011
0.000215204,0.00020464,0.00022768,0.000214315,0.00020702
0.000223558,0.00020022,0.00024729,0.000223415,0.00020022
0.000208239,0.00019346,0.00022347,0.000208175,0.00019694
0.000219336,0.0001961,0.00024346,0.000218055,0.00020203
0.000213315,0.00019718,0.00023409,0.000211225,0.00019718
0.000223929,0.00021041,0.00024572,0.000219295,0.00021041
0.000213709,0.00019716,0.00022846,0.000213455,0.00020256
0.000215025,0.00019712,0.00023734,0.000213405,0.00019712
0.000216689,0.00020317,0.00023711,0.00021434,0.00020415
0.000214511,0.00020014,0.0002331,0.0002131,0.0002025
0.000218874,0.00019988,0.00024052,0.000216505,0.0002014
0.000212006,0.00019263,0.00023201,0.00021038,0.00019445
0.000220359,0.00019491,0.0002501,0.000217575,0.00019809
0.000215885,0.00019497,0.00023639,0.000215645,0.00019958
0.000222213,0.00020056,0.000251,0.00021914,0.00020056
0.000270593,0.00021478,0.0003233,0.00027075,0.0003233
0.000219861,0.00021129,0.0002245,0.00022142,0.00021686
0.000212845,0.00020037,0.00023436,0.00020897,0.00020325
0.000223316,0.00019457,0.00025416,0.000220605,0.00020057
0.000217613,0.00019796,0.00025094,0.00021206,0.00020002
0.0002105,0.00019517,0.00022692,0.00020948,0.00020212
0.000223773,0.00019608,0.00024802,0.000225355,0.00019608
0.00021492,0.0002011,0.00022795,0.00021541,0.00020215
0.000226572,0.00020799,0.00025024,0.00022446,0.00021385
0.000210316,0.00019877,0.0002241,0.000209795,0.00020114
0.000224269,0.00020905,0.0002453,0.000222165,0.00020992
0.00020833,0.00019456,0.00022817,0.00020402,0.00019862
0.00021735,0.00020445,0.00023995,0.000212895,0.00020634
0.000213265,0.00019766,0.00023703,0.000208465,0.0002066
0.000221312,0.00020813,0.0002376,0.00021955,0.00021186
0.000217707,0.00019633,0.00024529,0.000216975,0.00019633
0.000213481,0.00019793,0.00022858,0.00021297,0.00019793
0.000220075,0.00019367,0.00024913,0.00021826,0.00019863
0.000211061,0.00019424,0.0002332,0.000209875,0.00019612
0.000220709,0.0002006,0.00024474,0.00021998,0.0002006
0.000238227,0.00020073,0.00027577,0.000237615,0.00020073
0.000218705,0.00019885,0.00023926,0.00021777,0.00019885
0.000211896,0.00019446,0.00022719,0.00021249,0.00020084
0.000220159,0.00020191,0.00024295,0.00021848,0.00020191
0.000216934,0.00020043,0.00023187,0.00021696,0.00020554
0.000221804,0.00021033,0.00023533,0.000220925,0.0002145
0.00022352,0.00021155,0.00024868,0.000218325,0.00021497
0.000213477,0.00019531,0.00023523,0.00021071,0.00019662
0.000221251,0.00020017,0.0002466,0.00021876,0.00020508
0.000214357,0.00020359,0.00022954,0.000213145,0.0002039
0.0002205,0.00019674,0.00024487,0.000219195,0.00020121
0.000210761,0.00019779,0.00023361,0.000206775,0.00019911
0.000216958,0.00019739,0.00024609,0.00021371,0.00019781
0.000218805,0.00020258,0.00024557,0.000214515,0.00020337
0.000214047,0.00019516,0.00023615,0.00021292,0.00019617
0.000216134,0.00019726,0.00024276,0.000210395,0.00020405
0.000212728,0.00019446,0.00023436,0.000211385,0.00019649
0.000217864,0.00019451,0.00024743,0.000216085,0.00021139
0.000210296,0.00019478,0.00022799,0.000209385,0.00019478
0.000223265,0.00019635,0.00025291,0.00022313,0.00019635
0.000207831,0.00019267,0.00022251,0.000207015,0.00019267
0.0002251,0.00020491,0.00025322,0.000221955,0.00021505
0.000210254,0.00019291,0.00023403,0.000206525,0.00019894
0.00021495,0.00019464,0.00024697,0.000210165,0.00019911
0.00021616,0.00019066,0.00024492,0.00021498,0.00020004
0.000215601,0.00019664,0.00023458,0.00021488,0.00020552
0.000219994,0.00020453,0.00024871,0.00021367,0.00020461
0.000218132,0.00020262,0.00023563,0.000217055,0.00020703
0.000224248,0.00020728,0.00024193,0.00022459,0.0002128
0.000209244,0.00019328,0.00022647,0.00020843,0.00019328
0.000222321,0.00020115,0.00025705,0.00021703,0.00020288
0.000209873,0.00019434,0.00022657,0.000210035,0.00019794
0.000219382,0.00019689,0.00024563,0.00021807,0.00019689
0.00021045,0.00019641,0.00022806,0.000210245,0.00019641
0.000222472,0.00020213,0.0002559,0.00021885,0.00020745
0.000211196,0.00019885,0.00023092,0.00020659,0.00019885
0.000215458,0.00019714,0.0002357,0.00021636,0.00019714
0.000221193,0.00020103,0.0002419,0.00022026,0.00020111
0.00021455,0.00019915,0.00023153,0.00021433,0.00020588
0.000220515,0.00020204,0.00025345,0.00021634,0.00020204
0.000217536,0.00020041,0.00023356,0.0002176,0.00020578
0.000224151,0.00019872,0.00025569,0.000220705,0.00020744
0.00020842,0.00019187,0.00022496,0.000207615,0.00019698
0.000220268,0.00020169,0.0002433,0.00022013,0.00020169
0.000209428,0.00019883,0.0002237,0.000207175,0.00020089
0.000215415,0.00019439,0.00024134,0.00021237,0.00019826
0.000213149,0.00019072,0.00024149,0.000208995,0.00020669
0.000214176,0.00020085,0.00023203,0.000211075,0.00020146
0.000220746,0.00020273,0.00024073,0.00021844,0.00020379
0.000209864,0.0001923,0.00022797,0.0002102,0.00019291
0.000223074,0.00020023,0.00025008,0.00022303,0.00020023
0.00020731,0.00019108,0.00022361,0.00020622,0.00019297
0.000222773,0.00019695,0.00025619,0.000218075,0.00019695
0.000207655,0.00019409,0.00022305,0.000206865,0.00019769
0.000222114,0.0002032,0.0002474,0.00022067,0.0002032
0.000208474,0.00019228,0.00022277,0.0002084,0.0002025
0.000216446,0.00019672,0.00024331,0.000213335,0.00019939
0.000211821,0.00019324,0.00023257,0.00021192,0.00019324
0.000214279,0.00019605,0.00023716,0.000214945,0.00019896
0.000219831,0.00019138,0.00024455,0.000222145,0.00019226
0.00020963,0.00019115,0.00022788,0.00021017,0.00019341
0.000221769,0.00019963,0.00024712,0.00021978,0.00019963
0.000221111,0.00020831,0.00023397,0.00022094,0.00021042
0.000223184,0.00020398,0.00025745,0.00021672,0.00020398
0.000208999,0.00019568,0.00022596,0.000208345,0.00019845
0.000224286,0.00019761,0.00025147,0.000223615,0.00019761
0.00021003,0.00020011,0.00022955,0.000204805,0.00020334
0.000217322,0.00019674,0.00024395,0.00021297,0.00020295
0.000213466,0.00019279,0.00023992,0.000210395,0.00020594
0.000217103,0.00019903,0.00023384,0.00021595,0.00019903
0.000216357,0.00019587,0.00023654,0.00021847,0.00019587
0.000210794,0.00019322,0.00022982,0.00021062,0.00019783
0.000221392,0.00019852,0.00024785,0.000220245,0.00020588
0.000214995,0.00020277,0.00023391,0.000210565,0.00020277
0.000218924,0.00019598,0.0002513,0.00021344,0.0002019
0.00021045,0.00019259,0.00023421,0.00020773,0.00020336
0.000221716,0.00020794,0.00023999,0.000217745,0.00021112
0.00021241,0.00019387,0.00023784,0.000208695,0.00020531
0.000216099,0.00020168,0.00023972,0.000211435,0.00020254
0.000218125,0.00019367,0.00024617,0.000217355,0.00020701
0.000277247,0.00019975,0.00030551,0.00028527,0.00019975
0.000224514,0.00020249,0.00025462,0.000222585,0.00020249
0.00021679,0.00020585,0.00023067,0.000215915,0.00020803
0.000222346,0.00019769,0.00024636,0.000223155,0.00019769
0.000209315,0.00019614,0.00022696,0.000206705,0.00019732
0.00021761,0.00019814,0.00023938,0.00021801,0.00019814
0.000208564,0.00019318,0.00023073,0.00020343,0.00020055
0.000217189,0.00019633,0.00024157,0.00021564,0.00019807
0.000213098,0.00020299,0.0002323,0.000209325,0.00020304
0.000213216,0.00019527,0.00023571,0.00020932,0.00019761
0.000216271,0.00019983,0.00023487,0.000216155,0.00019983
0.000210102,0.00019243,0.00022996,0.00020931,0.00019705
0.000223133,0.00020202,0.00024461,0.00022228,0.00020327
0.000208361,0.00019051,0.00022846,0.00020767,0.00019579
0.000219337,0.00019697,0.00024951,0.000216695,0.00019697
0.000210716,0.00019164,0.0002287,0.00021016,0.00019595
0.000224459,0.00020053,0.0002505,0.00022434,0.00020053
0.000212855,0.00020127,0.00022844,0.00020834,0.00020187
0.000216754,0.00019612,0.00024114,0.00021475,0.00020174
0.000209185,0.00019381,0.00022339,0.00020944,0.00019381
0.000216515,0.00019804,0.00023958,0.00021286,0.00020067
0.00021887,0.00019451,0.00024514,0.00021649,0.00020478
0.000221626,0.00021087,0.00023566,0.0002202,0.00021616
0.000226415,0.00020798,0.00025083,0.000225935,0.00021348
0.000224032,0.00021494,0.00024651,0.00021816,0.00021524
0.00022057,0.00020003,0.00025513,0.000212845,0.00020695
0.000214271,0.0001918,0.00023924,0.0002136,0.00019814
0.000220856,0.00020354,0.00024467,0.00021923,0.00020922
0.000213579,0.00019194,0.00023563,0.000211725,0.00020497
0.000219683,0.00019703,0.00024545,0.000216555,0.00021198
0.000243065,0.00021893,0.00026542,0.000242815,0.00025518
0.000217561,0.00021021,0.00022267,0.000218155,0.0002171
0.000217391,0.00020009,0.00024648,0.000213855,0.00020009
0.000209698,0.00019513,0.00022848,0.000208365,0.00019786
0.000220751,0.00020309,0.00024383,0.00021735,0.00021016
0.000207441,0.00019114,0.00022484,0.000207305,0.00019114
0.000224393,0.0001989,0.00025329,0.00022091,0.0001989
0.000206765,0.00019531,0.00021939,0.000206355,0.00019531
0.000222254,0.0002015,0.00024754,0.000219705,0.0002015
0.000209251,0.0001969,0.00022643,0.000206165,0.000201
0.000220935,0.00020696,0.00024127,0.000219645,0.00021884
0.000218647,0.00020082,0.00024103,0.00021734,0.00020148
0.000218731,0.00021038,0.00022613,0.00021905,0.00021038
0.000218998,0.00019874,0.0002449,0.000215715,0.00020287
0.000216155,0.00020506,0.00022807,0.00021569,0.000209
0.000221786,0.00019201,0.00025531,0.00022071,0.00019567
0.00020803,0.00019218,0.00022752,0.000207095,0.00019751
0.000221494,0.00020005,0.00025031,0.000217795,0.00020005
0.000211415,0.00019598,0.00022825,0.000209745,0.00019837
0.000217167,0.00019409,0.00024433,0.00021522,0.00019842
0.000214586,0.00019973,0.00023502,0.000212815,0.00019973
0.000224908,0.00021348,0.00024482,0.000222365,0.00021348
0.000217736,0.00020531,0.00023123,0.00021795,0.00021184
0.000215517,0.00019307,0.00023879,0.000214145,0.000201
0.000215006,0.00019993,0.00024092,0.00020981,0.00020466
0.000210014,0.00019066,0.00022993,0.00021002,0.00019066
0.000216902,0.00019453,0.00024271,0.00021095,0.00020054
0.000209715,0.00019537,0.00023133,0.000205685,0.00019706
0.000217515,0.00019567,0.00024177,0.00021523,0.00019698
0.000214987,0.00019614,0.00024101,0.00021157,0.0001985
0.000216451,0.00019502,0.00023791,0.000217045,0.00019502
0.000218719,0.00020904,0.00022847,0.00021902,0.00021109
0.000215229,0.00019667,0.00024256,0.00021074,0.00019667
0.000215776,0.00019472,0.0002451,0.0002119,0.00020659
0.000214534,0.00020131,0.00023106,0.00021275,0.00020535
0.000217933,0.00019983,0.00024619,0.000214415,0.00020066
0.000210431,0.00019823,0.00022732,0.000208975,0.00019867
0.000224808,0.00019736,0.00025897,0.00022064,0.00019736
0.000211321,0.00019842,0.00022587,0.00021089,0.00020018
0.000219155,0.00019772,0.00024929,0.000213025,0.00020257
0.000207396,0.00019502,0.00021931,0.00020713,0.00020005
0.000218624,0.00019945,0.00023812,0.0002211,0.00019945
0.000211152,0.00019616,0.00022251,0.000212385,0.00020314
0.000215357,0.00019574,0.00023952,0.000215285,0.00019614
0.000211729,0.00019195,0.00022745,0.00021353,0.00019495
0.000211285,0.00019316,0.00023154,0.000209565,0.00020076
0.000216493,0.00019399,0.00024494,0.00021366,0.00019399
0.000208107,0.00019257,0.00022742,0.00020842,0.00019341
0.000225014,0.00019989,0.0002607,0.00021813,0.00019989
0.000211985,0.00020121,0.00022167,0.000212935,0.00020121
0.000222081,0.00020064,0.00024662,0.000221995,0.00020064
0.000207966,0.00019633,0.00022978,0.000203005,0.00020066
0.000220948,0.00019757,0.00024639,0.00021905,0.00020192
0.000213354,0.00019838,0.00022962,0.00021251,0.00020179
0.000218811,0.00020092,0.00023819,0.00021856,0.00020233
0.00022066,0.00019987,0.00023976,0.00022032,0.00019987
0.000209509,0.00019096,0.00023128,0.00021037,0.00019096
0.000216934,0.00019229,0.00025419,0.000210745,0.00020022
0.000212505,0.00019349,0.00023335,0.000211725,0.00019894
0.000219504,0.00019926,0.00024139,0.00022017,0.00019926
0.000213402,0.00019372,0.00023234,0.00021299,0.00020321
0.000217703,0.00019683,0.00024374,0.000215965,0.00019736
0.000210152,0.00019096,0.00022423,0.00021168,0.00020243
0.000213689,0.00019515,0.00023404,0.000211435,0.00019515
0.00021152,0.00019213,0.00022805,0.000212475,0.00019476
0.000214949,0.00019931,0.00023325,0.00021406,0.00019944
0.00021718,0.00019768,0.00025193,0.000212295,0.00019768
0.000210679,0.00019545,0.00022978,0.000209135,0.0001984
0.000223902,0.0002017,0.00024774,0.00022335,0.0002017
0.000209328,0.0001949,0.00022606,0.00020779,0.00019823
0.000229117,0.00020821,0.00026233,0.000226495,0.00021852
0.000213007,0.00020054,0.00023028,0.000211075,0.00020301
0.000218243,0.00019565,0.00024916,0.000213465,0.00019565
0.000209914,0.00019497,0.0002312,0.000206515,0.00019925
0.000215706,0.00020041,0.0002424,0.00020904,0.00020041
0.000214006,0.00020548,0.00022643,0.00021112,0.00020795
0.000214522,0.00019627,0.00023726,0.00021203,0.00019953
0.000221995,0.00020035,0.00024266,0.00022268,0.00020293
0.000210911,0.00019626,0.00022833,0.00021015,0.00020039
0.000224569,0.00020985,0.00024409,0.00022245,0.00021532
0.000206213,0.00019217,0.00022209,0.00020653,0.00019223
0.000220523,0.00019538,0.0002506,0.000215545,0.00020448
0.00021405,0.00020367,0.00022776,0.000213885,0.00020673
0.000223758,0.00020131,0.0002524,0.00022384,0.00020131
0.000215921,0.00020143,0.00023964,0.000212825,0.00020176
0.000218275,0.00020341,0.0002355,0.000216345,0.00020774
0.000211499,0.00019702,0.0002302,0.00020929,0.00019702
0.000210215,0.00019041,0.00023529,0.000208925,0.00019464
0.000214468,0.00019436,0.0002443,0.00021312,0.00019436
0.000213934,0.00019925,0.00023169,0.000212595,0.00020061
0.000221052,0.00020011,0.00025951,0.000213015,0.00020632
0.000210883,0.00019527,0.00022841,0.00020963,0.00019756
0.00021827,0.00020106,0.0002413,0.000215165,0.00020106
0.000213294,0.00019713,0.00023567,0.000210155,0.00020538
0.000215445,0.00019704,0.00023431,0.000213865,0.00020187
0.000213724,0.00019887,0.00022811,0.00021371,0.00020262
0.000219341,0.00020661,0.0002368,0.0002178,0.00020927
0.000219135,0.00019857,0.00024118,0.000219585,0.00019857
0.000211361,0.00019085,0.00023155,0.000211285,0.00019164
0.000223027,0.00019834,0.00025025,0.000222885,0.00019834
0.000209466,0.00019385,0.00022629,0.00020788,0.00019927
0.000222865,0.00019986,0.00024835,0.00022377,0.00020246
0.000208096,0.00019193,0.00022761,0.000208545,0.00019193
0.000220257,0.00020025,0.00024769,0.00021657,0.00020025
0.00020837,0.00019618,0.00022806,0.000206065,0.00020251
0.000217269,0.00019656,0.00024437,0.000212715,0.00020113
0.000207313,0.00019117,0.00023116,0.000202015,0.00019785
0.000213095,0.0001928,0.00023692,0.000211315,0.00019866
0.00021143,0.00019688,0.00022876,0.000209495,0.00019755
0.000208679,0.00019292,0.00022572,0.0002082,0.00019462
0.000219419,0.00019924,0.00023955,0.00022024,0.0001999
0.00021058,0.00019135,0.00023085,0.00021071,0.00019446
0.000225669,0.00020703,0.00025713,0.000219395,0.00020767
0.000209008,0.0001943,0.00023062,0.000205445,0.00019448
0.000219879,0.00019566,0.00025369,0.00021618,0.00021055
0.000207224,0.00019127,0.00022981,0.000203025,0.00019712
0.000218366,0.00020254,0.00024392,0.000212095,0.00020254
0.0002139,0.00020023,0.00023782,0.00020894,0.00020747
0.000214659,0.0001945,0.00023578,0.00021318,0.0001945
0.000210193,0.00019202,0.00023136,0.000209415,0.00019521
0.000214369,0.00019432,0.00023384,0.000212985,0.00019432
0.000219176,0.00019352,0.0002531,0.000214195,0.0001988
0.000215488,0.0002031,0.00023284,0.000214665,0.00020468
0.000221494,0.00019442,0.0002501,0.000220735,0.00020052
0.000216723,0.00020033,0.00023531,0.000216265,0.00020033
0.000218196,0.00019475,0.00024743,0.00021501,0.00019475
0.000210608,0.00019454,0.00023785,0.00020509,0.00019949
0.000218307,0.00020488,0.00023422,0.00021616,0.00020842
0.000215506,0.00020401,0.00023452,0.00021138,0.00020501
0.000215091,0.00019691,0.00023533,0.000214225,0.00019754
0.000219511,0.00020389,0.00024931,0.000211865,0.00020389
0.000216114,0.00021055,0.00022695,0.00021394,0.00021233
0.000223267,0.00020097,0.00024707,0.0002233,0.00020097
0.000213163,0.00020364,0.0002205,0.00021305,0.00020798
0.000224692,0.00019967,0.00024916,0.00022414,0.00019967
0.000207266,0.00019465,0.00022347,0.000205465,0.00019679
0.000216715,0.00019382,0.00024158,0.00021555,0.00019567
0.000218296,0.00019746,0.0002422,0.000216685,0.00020206
0.000216185,0.00019457,0.00023966,0.000214765,0.00019457
0.000214779,0.00020677,0.00022864,0.00021107,0.00020927
0.000211972,0.00019641,0.00023321,0.000210265,0.00019762
0.000214349,0.00019486,0.00024227,0.000210345,0.00019627
0.000215381,0.00020462,0.0002289,0.000213,0.00020951
0.000222661,0.0001983,0.0002595,0.000217405,0.0001983
0.00020921,0.00019717,0.00022831,0.00020496,0.00019778
0.000219705,0.000194,0.00024735,0.00021905,0.00020585
0.000211315,0.00019773,0.00023233,0.00020882,0.00019773
0.000220088,0.00019819,0.00024842,0.00021776,0.00019819
0.000213591,0.0002001,0.00023227,0.00021175,0.00020049
0.000219201,0.00020567,0.00024068,0.00021532,0.00020567
0.000212355,0.00020199,0.00022892,0.000209415,0.00020481
0.000213831,0.00019514,0.00023407,0.000214355,0.0001955
0.000217134,0.00019308,0.00023965,0.0002187,0.00019308
0.0002152,0.00020014,0.00023391,0.00021421,0.00020014
0.000221396,0.00019795,0.00024619,0.000221055,0.00019795
0.000217378,0.00021073,0.00022608,0.000217085,0.00021073
0.000213751,0.00019636,0.00023664,0.00021178,0.00019878
0.000212525,0.00019279,0.00023708,0.00021088,0.00019333
0.000227106,0.00021123,0.00024781,0.00022598,0.00021592
0.000210022,0.00019358,0.00023534,0.000205595,0.00019934
0.000211882,0.00019464,0.00023322,0.000208795,0.00019613
0.000223799,0.00020489,0.00024802,0.000220195,0.00020489
0.000210951,0.00019685,0.00023157,0.000208135,0.00019685
0.000217977,0.00019553,0.00024738,0.000214215,0.00020341
0.000215387,0.00020844,0.00022519,0.000214305,0.00020844
0.000227459,0.00020416,0.00025368,0.00022736,0.00020995
0.000210881,0.0001946,0.0002273,0.000210695,0.00019938
0.000222215,0.00019878,0.00024548,0.000220085,0.00019878
0.000209875,0.00019615,0.00022815,0.000206945,0.00019615
0.000217454,0.0001967,0.00024629,0.000214125,0.00019943
0.000211297,0.00020223,0.00022429,0.00020875,0.00020257
0.00021346,0.00019245,0.00023635,0.000213265,0.00019863
0.000219823,0.0001936,0.00024641,0.000220915,0.0001936
0.000216885,0.00020781,0.00023001,0.00021677,0.00021231
0.000220834,0.00019223,0.00024583,0.000223145,0.00019318
0.00020768,0.00019238,0.00023017,0.00020683,0.00019502
0.00022401,0.00020069,0.00024526,0.00022534,0.00020069
0.000211963,0.00019791,0.00023196,0.00021037,0.00019966
0.00022139,0.00020119,0.00025051,0.00021793,0.00020181
0.000216961,0.0002011,0.00023796,0.00021454,0.00020505
0.000217454,0.00019768,0.00023796,0.000216185,0.00019768
0.00020892,0.00019303,0.00023191,0.000204495,0.00020123
0.000220674,0.00020806,0.00023966,0.000216845,0.00021025
0.000212295,0.00019288,0.00023921,0.00020799,0.00020391
0.000211162,0.00019457,0.00022713,0.00021174,0.00019505
0.000218422,0.00019817,0.00025498,0.000211255,0.00019817
0.000208084,0.00019316,0.00022882,0.00020597,0.00019559
0.000220173,0.00019711,0.00024689,0.000218285,0.00019711
0.000211875,0.00019117,0.00022956,0.00021318,0.00019873
0.000218394,0.00019815,0.00023818,0.000217065,0.00019815
0.000216215,0.00019816,0.00024204,0.00021256,0.0002073
0.00021278,0.00019544,0.00023559,0.000210155,0.00019609
0.00021563,0.00019937,0.00023065,0.00021714,0.00019937
0.000208941,0.00019313,0.00022586,0.00020703,0.00019821
0.000217757,0.0001997,0.00024504,0.00021533,0.0001997
0.000208791,0.00019405,0.0002275,0.00020704,0.00019405
0.000225104,0.00020276,0.00024984,0.000223055,0.00020276
0.000205829,0.00019045,0.00022273,0.00020516,0.00019296
0.000224331,0.00020233,0.0002503,0.000219645,0.00020233
0.000209114,0.00019203,0.00022544,0.000209675,0.00019364
0.000221115,0.00019919,0.00025193,0.0002168,0.00020664
0.000207089,0.0001913,0.00022902,0.00020401,0.00019951
0.000216439,0.00019673,0.00024076,0.00021354,0.00019983
0.00021584,0.00019567,0.00023505,0.00021623,0.00020219
0.000212993,0.00019886,0.00023186,0.000213065,0.00020055
0.000219324,0.00019627,0.00024352,0.000219605,0.00019793
0.000211689,0.00019633,0.00022758,0.000212295,0.00020489
0.000253406,0.00022908,0.00027532,0.000255275,0.00026154
0.000216334,0.00020672,0.00022314,0.000217,0.00021607
0.000222825,0.0002148,0.00023577,0.000219815,0.0002148
0.00021203,0.00019788,0.00022909,0.000210955,0.00019868
0.000220113,0.00020422,0.00024339,0.000216395,0.00020422
0.000217172,0.00020274,0.00023863,0.00021476,0.00020286
0.000215847,0.00019291,0.00023783,0.00021627,0.00019604
0.00021777,0.0001969,0.00024237,0.000215405,0.0001969
0.000217059,0.00019958,0.00023582,0.000215815,0.00020382
0.000214515,0.00019744,0.00023951,0.000212065,0.00019744
0.000212791,0.00019236,0.00023128,0.000213005,0.00020465
0.000218001,0.00019395,0.00024452,0.00021744,0.00020073
0.000212509,0.00019573,0.00023223,0.00021111,0.00020323
0.000224777,0.00021017,0.00024959,0.000221575,0.00021458
0.000215177,0.000199,0.00023487,0.000213185,0.00020222
0.000216539,0.00019516,0.00024647,0.00021567,0.00019617
0.000210372,0.00019757,0.00022803,0.000206645,0.00020073
0.00021471,0.00019262,0.00023964,0.00021467,0.00019484
0.000213197,0.00019152,0.00024383,0.00021055,0.00020207
0.000213784,0.00019552,0.000234,0.00021319,0.00019552
0.000219866,0.00019868,0.00024907,0.000215275,0.00019868
0.000208224,0.00019299,0.00022913,0.00020648,0.00019465
0.000221096,0.00019634,0.00025946,0.000215765,0.00019634
0.000208239,0.00019208,0.00022921,0.00020487,0.00019728
0.000222605,0.00020479,0.00024798,0.00021629,0.00020479
0.00021089,0.00019521,0.00023015,0.000208815,0.00020435
0.000215007,0.00019477,0.00023724,0.000210175,0.00019765
0.000213279,0.00019996,0.00023444,0.00020784,0.00020121
0.000213924,0.00019346,0.00023662,0.000212285,0.00020007
0.000217831,0.00020339,0.0002337,0.000216735,0.00020655
0.00020883,0.00018812,0.00023413,0.0002083,0.00019555
0.000221664,0.00020055,0.00023941,0.000222945,0.00020055
0.000207515,0.00019118,0.00022457,0.000207395,0.00019118
0.0002209,0.00019838,0.00025327,0.000217235,0.00019993
0.000212527,0.00019612,0.000233,0.00021026,0.0001963
0.000219659,0.00019852,0.00024714,0.000217405,0.00020128
0.000210416,0.00019054,0.00023621,0.0002077,0.00019342
0.000217989,0.00019418,0.00024337,0.00021884,0.00020011
0.000210072,0.00019899,0.00023047,0.000204795,0.00019919
0.000220893,0.00020706,0.0002414,0.00021692,0.00021187
0.000215724,0.00020097,0.00024119,0.000210595,0.0002045
0.000214977,0.00019911,0.0002326,0.000214435,0.00019911
0.000219371,0.00019657,0.00024273,0.000220555,0.00019657
0.000211011,0.00019421,0.00023115,0.00020867,0.00019421
0.000220797,0.00019358,0.00025019,0.00021981,0.00020203
0.000210325,0.00019266,0.00023336,0.00020951,0.00019266
0.000218751,0.00019715,0.00025045,0.00021408,0.00019715
0.000214145,0.00019691,0.00023323,0.00021227,0.00020851
0.000219377,0.00020419,0.00023589,0.00021889,0.00020924
0.000213993,0.00019813,0.00023923,0.00020881,0.00019813
0.00021602,0.00020696,0.00022797,0.00021349,0.00020969
0.000219515,0.00019977,0.00024169,0.0002146,0.00020665
0.000209304,0.00019004,0.00023052,0.00020844,0.00019537
0.000221582,0.00019641,0.00024805,0.00022054,0.00019641
0.000220491,0.00020518,0.0002375,0.000219765,0.00020593
0.000222024,0.00019769,0.0002509,0.00022071,0.00019769
0.000208775,0.00019297,0.00023425,0.00020449,0.00019297
0.000218623,0.00019525,0.00024524,0.00021657,0.00019525
0.000205827,0.00019063,0.00022423,0.00020321,0.00019063
0.00022465,0.00021762,0.0002405,0.000222715,0.0002235
0.000209585,0.00019472,0.00022642,0.000209845,0.00020052
0.00021371,0.00019703,0.00023357,0.00021294,0.00019705
0.000217204,0.00020311,0.00024626,0.00021267,0.00020484
0.000218535,0.00021072,0.00022757,0.00021903,0.00021418
0.000219208,0.0001971,0.00025683,0.0002115,0.00020265
0.000212703,0.00020325,0.00022944,0.000209595,0.00020628
0.000221186,0.00019886,0.00025704,0.000215615,0.00020206
0.00021101,0.0001919,0.00023504,0.000208515,0.00020456
0.00021924,0.00019583,0.00024517,0.00021955,0.00019938
0.000212086,0.0001941,0.00023115,0.000212655,0.0001941
0.000225031,0.00021464,0.00024118,0.000221465,0.00021464
0.000215415,0.00020037,0.0002419,0.0002082,0.0002045
0.000212856,0.00019298,0.00023478,0.000211425,0.00019298
0.000215367,0.0001942,0.00024755,0.00021099,0.0001942
0.000210379,0.00019341,0.00023265,0.000207325,0.0001938
0.000222888,0.00020584,0.00024392,0.000219915,0.00021114
0.000215309,0.00020065,0.00023225,0.000213555,0.00020488
0.000221016,0.00020052,0.00025362,0.00021529,0.0002028
0.0002113,0.00019085,0.0002352,0.00020766,0.00020604
0.000218966,0.00020259,0.00023603,0.000216345,0.00020694
0.000215659,0.00019399,0.00023885,0.000213545,0.00019399
0.000214605,0.00019541,0.00023865,0.000214035,0.0002005
0.000221487,0.00019834,0.00024339,0.00022241,0.00019834
0.000210916,0.00019243,0.00023274,0.00021002,0.00019799
0.00022195,0.00020592,0.00024735,0.00021939,0.00021488
0.000209419,0.00019347,0.00022625,0.000209135,0.00019347
0.000221563,0.0001963,0.00024847,0.00021902,0.0001963
0.000208338,0.00019198,0.00022655,0.00020835,0.00019198
0.000222761,0.00019699,0.00025431,0.000218285,0.00019699
0.000214209,0.00020818,0.00022717,0.00021243,0.00021223
0.000218976,0.00020327,0.00023833,0.00021827,0.00020327
0.000208511,0.00019265,0.00022434,0.000208475,0.00019265
0.000217179,0.00020029,0.00023704,0.000215155,0.00020545
0.000220082,0.00019623,0.00024501,0.000218765,0.00020016
0.00021001,0.00019112,0.0002294,0.00020981,0.00019475
0.000219846,0.00019643,0.00024038,0.000222195,0.00019715
0.000209406,0.00019655,0.00022532,0.00020907,0.00020052
0.00022901,0.00021144,0.00025223,0.00022461,0.00021495
0.000207475,0.00019168,0.00022159,0.00020646,0.00019768
0.000221448,0.00019879,0.0002435,0.000222125,0.00019879
0.000215065,0.00019786,0.00023845,0.000212125,0.00019943
0.000219132,0.00019981,0.00024166,0.000217665,0.00019981
0.00021718,0.00020585,0.00022908,0.000217785,0.00020966
0.000214041,0.00019521,0.00023942,0.0002135,0.00019896
0.000217951,0.00019779,0.0002391,0.0002191,0.00019787
0.000213282,0.0001949,0.00023435,0.000212515,0.0001949
0.000217664,0.00019759,0.00024485,0.000212085,0.00019759
0.000215434,0.00020254,0.00023792,0.000212755,0.00020254
0.00021991,0.00019903,0.00025464,0.000212635,0.000208
0.000221097,0.00020106,0.000247,0.000218865,0.00020106
0.000219109,0.00019758,0.00024078,0.000215925,0.00019758
0.000216401,0.00020062,0.00023695,0.0002149,0.00020306
0.000217899,0.00020009,0.00024221,0.0002163,0.00020479
0.000217494,0.00019658,0.00024243,0.00021622,0.00019658
0.000211933,0.00019794,0.00023016,0.00021007,0.00019794
0.000219998,0.00019709,0.00024031,0.000222205,0.0001972
0.000214728,0.00020146,0.00022942,0.00021351,0.00020536
0.0002225,0.0001978,0.00024985,0.00022059,0.00020506
0.000208941,0.00019403,0.00022777,0.000208415,0.00019466
0.000225872,0.00020138,0.00025215,0.00022377,0.00020138
0.00021186,0.00020556,0.00022341,0.00020873,0.00020689
0.000219538,0.00019718,0.00024998,0.000216645,0.00021037
0.000209472,0.00019327,0.00023048,0.000207865,0.00019777
0.000220494,0.00020184,0.00024335,0.00021837,0.00020526
0.000211337,0.00019639,0.00023468,0.0002067,0.00020196
0.000214689,0.00019943,0.00023257,0.00021403,0.00020336
0.000218639,0.00020012,0.0002439,0.00021641,0.00020012
0.000211606,0.00019905,0.00022608,0.000211175,0.00020072
0.000219515,0.00019249,0.00024365,0.00022012,0.00019827
0.000208984,0.00019355,0.00022437,0.00020825,0.00019571
0.000221359,0.00019842,0.00024582,0.000220185,0.00019842
0.000212259,0.00020088,0.00022963,0.000209135,0.00020088
0.000222453,0.00020384,0.00024916,0.00021895,0.00021148
0.000209876,0.00019357,0.00023374,0.000205415,0.00020295
0.000218011,0.00019648,0.00023733,0.00021479,0.00020595
0.00021332,0.0001962,0.00022708,0.0002148,0.0001962
0.000209553,0.00019083,0.00023257,0.00020801,0.00019385
0.000219492,0.00020296,0.0002493,0.000214315,0.00021075
0.000210829,0.00019556,0.00022961,0.00020985,0.00020068
0.000220264,0.00020071,0.00025304,0.000214215,0.00020071
0.000211534,0.00018998,0.00023473,0.000210285,0.00019598
0.000220494,0.00019977,0.00024382,0.000220205,0.00019977
0.000214605,0.00020069,0.00023802,0.00021006,0.00020069
0.000215062,0.00019513,0.00023568,0.00021477,0.0002086
0.000209574,0.00019584,0.00022961,0.00020595,0.00020272
0.000215578,0.00019241,0.00024369,0.000214485,0.00019637
0.000214494,0.000195,0.00024351,0.00021254,0.00020285
0.00021788,0.0002079,0.00023348,0.000214445,0.00020872
0.00021613,0.00019602,0.00024593,0.00021143,0.00019773
0.000208008,0.00019098,0.00022707,0.000207765,0.00019098
0.000222338,0.00019475,0.00024843,0.00022339,0.00019475
0.000209474,0.0001916,0.00023445,0.000205915,0.0001916
0.000219278,0.00019434,0.0002491,0.00021591,0.0002007
0.000205025,0.00019178,0.00021808,0.000203755,0.00019831
0.00021738,0.0001971,0.00023953,0.00021691,0.0001971
0.000210168,0.000199,0.00022879,0.0002067,0.000199
0.000210099,0.00019427,0.00022801,0.000208465,0.00019662
0.00021636,0.00020522,0.00023084,0.00021504,0.00020879
0.000212811,0.00019712,0.00023381,0.000211405,0.00019712
0.00021983,0.00019764,0.00025541,0.00021565,0.00019803
0.00021613,0.00020361,0.00023361,0.000214625,0.00020734
0.000223326,0.0001976,0.00025266,0.00022109,0.0001976
0.000208846,0.00019348,0.00022486,0.0002088,0.00019544
0.00021867,0.00019255,0.00025195,0.00021631,0.00019932
0.00021623,0.00020345,0.00022531,0.00021813,0.00021435
0.000226134,0.0002045,0.00024907,0.000225575,0.00020947
0.000215627,0.00019725,0.00024125,0.000212525,0.00019793
0.000216091,0.00020326,0.00023168,0.00021415,0.00020498
0.00021383,0.00019231,0.00024457,0.0002098,0.00020551
0.000214786,0.00019925,0.00023405,0.000214975,0.00019925
0.000218761,0.00019617,0.00025052,0.00021454,0.00019617
0.000213451,0.0001942,0.00023453,0.00021172,0.00019531
0.000224222,0.00020486,0.00024558,0.00022419,0.00020486
0.00021435,0.0002038,0.00023512,0.00021142,0.00020802
0.000218432,0.0002007,0.00025023,0.000210775,0.00020346
0.000214335,0.00019247,0.00024109,0.00021178,0.00021156
0.000216982,0.00019712,0.00023768,0.000216135,0.00020859
0.000214269,0.00020275,0.00023181,0.000211625,0.00020583
0.000216876,0.00020578,0.00023051,0.00021469,0.00021103
0.000217804,0.00019674,0.00024098,0.00021589,0.00019722
0.000212861,0.00020111,0.00022716,0.00021114,0.00020427
0.000224666,0.00020533,0.00024774,0.00022282,0.0002103
0.000205906,0.00019131,0.00022287,0.00020519,0.00019713
0.000221031,0.00019636,0.00025227,0.000216725,0.00020007
0.000206515,0.0001931,0.00021947,0.000206445,0.00019719
0.000220532,0.00020181,0.00024894,0.000215235,0.00020181
0.000206814,0.00019159,0.0002278,0.00020298,0.00020011
0.000220864,0.00020807,0.00023654,0.00022012,0.00021034
0.000214815,0.00019584,0.00024069,0.000211505,0.00019952
0.000217995,0.00020521,0.00023585,0.000217115,0.00020521
0.00021458,0.00019693,0.00024325,0.000209805,0.00019748
0.00021572,0.00020624,0.00022874,0.00021325,0.00021015
0.000217459,0.00019782,0.0002411,0.00021585,0.00019782
0.000212706,0.00019387,0.0002379,0.00021005,0.00019387
0.000220229,0.00019568,0.00025242,0.00021544,0.00019568
0.000211338,0.00019756,0.00022875,0.000210395,0.00019756
0.000217059,0.00019668,0.00024769,0.00021149,0.00019668
0.000215389,0.00019522,0.00023973,0.000214915,0.00020086
0.000219965,0.00020407,0.00024246,0.000219615,0.00020407
0.000217815,0.00020136,0.00024283,0.00021337,0.00020887
0.000212372,0.00019627,0.00023454,0.00020881,0.00019627
0.000213159,0.00019502,0.0002382,0.000207495,0.00019973
0.000213649,0.00019328,0.00023301,0.00021335,0.00019328
0.0002198,0.00019476,0.00025329,0.0002167,0.00019533
0.000215474,0.00020776,0.00023214,0.000210555,0.00020939
0.000216914,0.00019692,0.00024525,0.000213055,0.00019944
0.000217917,0.00020462,0.0002366,0.00021461,0.00020462
0.000220299,0.00020258,0.00023828,0.000219295,0.00020258
0.000210367,0.00019476,0.00023013,0.00020898,0.00020383
0.000214856,0.00019436,0.00023712,0.000213415,0.00019527
0.000220669,0.00019977,0.00024542,0.000218865,0.00019977
0.000212224,0.00019647,0.00023274,0.00021041,0.00020097
0.000220914,0.00020044,0.00026254,0.00021275,0.00020044
0.000216068,0.00020779,0.00022847,0.00021503,0.0002121
0.000221143,0.00019369,0.00025833,0.00021802,0.00019647
0.000208631,0.0001946,0.0002257,0.00020714,0.00019591
0.000219026,0.00019637,0.00025397,0.000217815,0.00021119
0.000206001,0.00019302,0.00022044,0.000204885,0.00019998
0.0002149,0.00019377,0.0002353,0.00021203,0.00019863
0.00021754,0.00020595,0.00023477,0.000214945,0.00020788
0.000220455,0.00021158,0.00023662,0.000218875,0.00021549
0.000219066,0.00020682,0.00024397,0.000213355,0.00020784
0.000210961,0.00019409,0.00023399,0.000210375,0.00019919
0.000223031,0.00019921,0.00024265,0.000225275,0.00019921
0.000209521,0.0001933,0.00022685,0.00021028,0.00019356
0.000219256,0.00019481,0.00024824,0.000219055,0.00019481
0.000210286,0.00019379,0.00023003,0.00020981,0.00019594
0.000220709,0.0002,0.00024136,0.000217095,0.0002
0.000207441,0.00019237,0.00022934,0.00020461,0.0002004
0.000214885,0.0001968,0.00024049,0.000209955,0.00019746
0.000213088,0.00020554,0.00022642,0.0002109,0.00020902
0.000221231,0.00020965,0.00023812,0.000220705,0.00021164
0.000213829,0.00019768,0.00024278,0.000209305,0.0001993
0.000210423,0.0001921,0.00022951,0.000208955,0.00019686
0.000223264,0.00020805,0.0002534,0.000215705,0.00021514
0.000213235,0.00019384,0.00023895,0.000208765,0.00019384
0.00021731,0.0001955,0.00025529,0.000210225,0.00020254
0.000208564,0.00019378,0.00022152,0.000208595,0.0001985
0.000221091,0.0002066,0.00024469,0.000215365,0.00021123
0.000210924,0.00019096,0.00023552,0.00020784,0.00020051
0.000216443,0.00020086,0.0002354,0.00021424,0.00020907
0.000213405,0.00019644,0.00023714,0.00020902,0.00020371
0.000213796,0.00019533,0.00023743,0.00021061,0.0001991
0.000217561,0.00019585,0.00025014,0.000211435,0.00020401
0.000209201,0.00019175,0.00022432,0.00021048,0.00019355
0.000225147,0.00020545,0.00024667,0.00022271,0.00021133
0.00020876,0.00019259,0.0002257,0.000207615,0.00019778
0.000226668,0.00019718,0.00025719,0.00022724,0.00020665
0.000207766,0.00019327,0.00022822,0.000204755,0.00019327
0.000220103,0.0001971,0.00024648,0.000219465,0.0001971
0.000212124,0.00020299,0.00022723,0.000208345,0.00020557
0.000216814,0.00019647,0.00023881,0.00021422,0.00020267
0.000215322,0.00019652,0.00024209,0.00021308,0.00019652
0.000210675,0.00019308,0.0002338,0.00020898,0.00019384
0.000217036,0.00019411,0.00024888,0.000214295,0.00019411
0.00020989,0.00019238,0.00023119,0.000208145,0.00019417
0.000220156,0.00019733,0.00024675,0.00022062,0.00019733
0.0002111,0.00019391,0.00023489,0.00020852,0.00019537
0.000223168,0.00020183,0.000249,0.00021947,0.00020352
0.00021038,0.00019003,0.0002272,0.000210095,0.00019003
0.00022312,0.00020269,0.00024957,0.000219685,0.00020903
0.000211056,0.00020166,0.00022161,0.000209285,0.00020192
0.000218281,0.00020359,0.00023646,0.000216745,0.00020664
0.000211484,0.00019651,0.00023359,0.00020731,0.0002008
0.000213549,0.00019461,0.00023597,0.000212045,0.00019699
0.000216365,0.00019528,0.00024612,0.000210745,0.00020375
0.000216384,0.00020746,0.00022873,0.00021305,0.00021097
0.000218703,0.0001967,0.00024893,0.000215655,0.0001967
0.000208861,0.00019131,0.00023168,0.0002065,0.00019427
0.000222558,0.00020208,0.00024445,0.00022232,0.00021312
0.000208631,0.00019465,0.00023108,0.000203945,0.00019465
0.000218387,0.00020257,0.00024394,0.000216,0.00020261
0.000211099,0.00019416,0.00023036,0.0002088,0.00020317
0.00021358,0.00019251,0.00023664,0.000211985,0.00019545
0.000214414,0.00019573,0.00024542,0.000210465,0.00020567
0.000210172,0.0001932,0.00023076,0.000210335,0.0001932
0.000218686,0.00019634,0.00024813,0.00021591,0.00020168
0.000208378,0.00019297,0.00022553,0.000208075,0.00019297
0.00021833,0.00019709,0.00024411,0.000215175,0.00019709
0.000208277,0.00019855,0.00022154,0.00020814,0.00019938
0.000218816,0.00019448,0.00025406,0.00021365,0.00020258
0.000207865,0.00019605,0.00022295,0.000204505,0.00019605
0.000218339,0.00019863,0.00024491,0.00021477,0.00020748
0.000210871,0.00019246,0.00023785,0.000206415,0.00020132
0.000219104,0.00020555,0.00023595,0.000217785,0.00021094
0.000215384,0.00019751,0.00023121,0.000216035,0.00019751
0.00020998,0.00019146,0.00023173,0.00020863,0.0001924
0.000218888,0.00020051,0.00024828,0.000214575,0.00020253
0.000218646,0.00020597,0.00023365,0.0002165,0.00021175
0.000222213,0.00020285,0.00025432,0.00021687,0.00020285
0.000208875,0.00019637,0.00022415,0.000207085,0.00019764
0.000220426,0.00020212,0.00024455,0.00021489,0.00020799
0.000210051,0.00019438,0.00022954,0.000207445,0.00019905
0.000218351,0.00019486,0.00024675,0.00021678,0.00020475
0.000219245,0.00020752,0.00023933,0.00021527,0.00020896
0.000221854,0.0002092,0.0002409,0.000219375,0.00020986
0.000213464,0.00019988,0.00023481,0.00020998,0.00020182
0.000210789,0.00019237,0.00022914,0.00021071,0.00019331
0.000218693,0.00019216,0.00025483,0.000216955,0.00019871
0.000213887,0.00019777,0.00022736,0.00021416,0.00020617
0.000218846,0.00019525,0.00025165,0.00021499,0.00019525
0.000209029,0.00019136,0.00022385,0.00020789,0.00019136
0.000219771,0.00020353,0.00023654,0.00021935,0.00020921
0.000213741,0.00020165,0.00022429,0.000214655,0.00020165
0.000213341,0.00019111,0.00024117,0.00021155,0.00019398
0.000217785,0.00020362,0.00024333,0.00021156,0.00021076
0.000210254,0.00019359,0.0002333,0.00020707,0.00019645
0.000220751,0.00019869,0.00025796,0.00021346,0.00020622
0.00021267,0.00019435,0.00023238,0.00021278,0.00020469
0.000226235,0.00019695,0.00025503,0.00022735,0.00019695
0.000206234,0.00019194,0.0002264,0.00020431,0.00019194
0.000222532,0.00019788,0.00025074,0.00022004,0.00019788
0.000206052,0.00019039,0.00022069,0.000206995,0.00019223
0.000218823,0.00020074,0.00023948,0.000218055,0.00020074
0.000210922,0.00019819,0.00022939,0.000208685,0.00019819
0.00021506,0.00019435,0.00023807,0.000213795,0.00019435
0.000212393,0.00019138,0.00022913,0.00021432,0.00019955
0.000212618,0.00019606,0.00023811,0.00021042,0.00019606
0.000221491,0.00019877,0.00024534,0.00021947,0.00019877
0.00020924,0.00019247,0.00022932,0.0002081,0.00019247
0.000224379,0.00020131,0.000253,0.00022195,0.00020131
0.000207701,0.00019246,0.00022746,0.00020694,0.00019246
0.000225394,0.00020656,0.00024344,0.00022439,0.00021534
0.000223872,0.00021774,0.00023696,0.000221145,0.00022251
0.000215539,0.00019385,0.00024089,0.000210625,0.00020017
0.000207627,0.00019469,0.00022164,0.00020644,0.00020031
0.000214254,0.00019337,0.00023349,0.00021625,0.00019706
0.000211191,0.00019163,0.0002381,0.00020799,0.00020381
0.000211049,0.00019222,0.00023094,0.000209775,0.00019394
0.0002191,0.00020108,0.00023484,0.00022207,0.00020108
0.000215246,0.00019994,0.00023326,0.00021494,0.00019994
0.000220713,0.00019587,0.00024581,0.00022074,0.00019587
0.000209599,0.00019394,0.00023231,0.000207015,0.00019603
0.000218806,0.00019904,0.0002526,0.00021547,0.00020189
0.000210039,0.00019198,0.00023266,0.000206225,0.00020108
0.000218844,0.00019704,0.00024765,0.00021565,0.00020966
0.000209204,0.00019114,0.00022654,0.000208065,0.00020121
0.000220959,0.00021221,0.00023591,0.000218495,0.00021234
0.000214518,0.0001995,0.00024452,0.000208705,0.00020444
0.000211344,0.00019521,0.00023193,0.000210565,0.00019521
0.000216282,0.0001962,0.00024824,0.000212,0.00020267
0.000209709,0.00019353,0.00022961,0.000210365,0.00019581
0.000223959,0.00019585,0.00025961,0.00022073,0.00020705
0.000213631,0.00019126,0.00023799,0.000213055,0.00019562
0.000220927,0.00020203,0.00024435,0.000220955,0.00021142
0.000209947,0.00019424,0.00023164,0.00020765,0.00019636
0.000219349,0.0002037,0.00024273,0.00021497,0.0002037
0.000211186,0.00020058,0.00023216,0.000205645,0.00020339
0.000212735,0.00019298,0.00023203,0.00021158,0.00019596
0.000214089,0.00019429,0.00022978,0.000215715,0.00019429
0.000210716,0.0001937,0.00023024,0.00021045,0.00019576
0.000219728,0.00019326,0.00024215,0.000220905,0.0001934
0.00021127,0.00019386,0.0002291,0.00021188,0.00019405
0.000223051,0.00019728,0.00024715,0.000223835,0.00019728
0.000208698,0.00019229,0.00022894,0.0002063,0.00019358
0.000217396,0.00019494,0.00024869,0.00021329,0.00019988
0.000214702,0.0002052,0.0002312,0.000211575,0.00021255
0.000216379,0.00019686,0.00023918,0.00021302,0.00020367
0.000214418,0.00019193,0.0002407,0.00021336,0.00019334
0.000214161,0.00019515,0.00024048,0.00021315,0.00019619
0.000218936,0.00019644,0.00024125,0.000218,0.00019644
0.000209287,0.00019108,0.00023249,0.00020706,0.00019194
0.000215534,0.00019704,0.00024197,0.000212445,0.00019704
0.000208608,0.00019161,0.00022831,0.00020821,0.00019176
0.000221845,0.00020391,0.0002448,0.000220325,0.00020971
0.000208281,0.00019169,0.00022377,0.00020863,0.00019834
0.000217003,0.00019723,0.00023714,0.000216005,0.00019723
0.000211425,0.00019813,0.00022944,0.00020926,0.00020082
0.000218331,0.0002038,0.00024264,0.00021387,0.00020971
0.000210676,0.00019216,0.0002328,0.00020845,0.00020344
0.000213836,0.00019463,0.00023525,0.000210915,0.00019713
0.000220886,0.00020725,0.00024178,0.000217615,0.00020725
0.000218519,0.0002054,0.00023344,0.000217055,0.0002054
0.000220793,0.00019402,0.00024602,0.00022349,0.00019402
0.000208,0.00019111,0.00022491,0.000206245,0.00019111
0.000219981,0.00019486,0.00025173,0.00021643,0.00019486
0.00020819,0.00019168,0.00022486,0.00020658,0.00019729
0.000215581,0.00019421,0.0002406,0.00021408,0.00019686
0.000211904,0.00020623,0.00022404,0.000207835,0.00020687
0.000220474,0.00020764,0.00023822,0.000219935,0.00021074
0.000208341,0.00018979,0.00022888,0.00020753,0.00019871
0.000212446,0.00019384,0.00023837,0.0002086,0.00019649
0.000220475,0.00021099,0.00024193,0.0002156,0.00021725
0.000209285,0.00019305,0.00022531,0.000209375,0.00019559
0.000216772,0.00019375,0.00024321,0.0002171,0.00019375
0.000216732,0.00020435,0.00023051,0.000216025,0.00020787
0.000222321,0.00019878,0.00024747,0.00022165,0.00020321
0.00021313,0.00019868,0.00023441,0.000209165,0.00020186
0.000219354,0.00020129,0.00024772,0.00021597,0.00020129
0.00021411,0.00020412,0.0002237,0.00021321,0.00021163
0.000212591,0.00019098,0.00023811,0.000211365,0.00019421
0.000213491,0.0002023,0.00022961,0.000212195,0.00020311
0.000211081,0.00019041,0.00023237,0.00021143,0.00019225
0.000217826,0.00019425,0.00025187,0.000214745,0.00019425
0.000210456,0.00019495,0.00022949,0.000209455,0.00019815
0.000218966,0.00019749,0.00024518,0.00021781,0.00020111
0.000208673,0.00019173,0.00022905,0.000204905,0.00019559
0.000218044,0.00019467,0.00024086,0.00021781,0.00021116
0.00021049,0.00019756,0.00023228,0.000206025,0.00020015
0.000218096,0.00019793,0.00024642,0.000212975,0.00020554
0.000210735,0.00019047,0.00023337,0.000206345,0.00020075
0.000211166,0.0001952,0.00023138,0.000207365,0.00019907
0.00022234,0.00020157,0.00024377,0.000221305,0.00020157
0.000213952,0.00020155,0.00022645,0.000213895,0.00020619
0.000219053,0.00019845,0.00024239,0.000218245,0.0001987
0.000210346,0.00019372,0.0002293,0.00021068,0.00019372
0.000225879,0.00020622,0.00025606,0.00021995,0.00021497
0.000214199,0.00020594,0.00022706,0.000211,0.00020878
0.000219053,0.00019674,0.00025253,0.000215115,0.00021144
0.000208204,0.00019237,0.00022145,0.000207845,0.00019991
0.000219875,0.00020536,0.00023568,0.00021688,0.00020965
0.000211476,0.00019951,0.00023231,0.000205585,0.00019951
0.000213337,0.00019508,0.00023622,0.000212555,0.00019822
0.000219811,0.00019708,0.00024527,0.00021908,0.00019943
0.000215499,0.00020086,0.00023359,0.000214735,0.00020555
0.000223735,0.00020722,0.00024012,0.00022246,0.00020907
0.000213732,0.00020091,0.00022608,0.00021412,0.0002051
0.000222851,0.00019891,0.00024811,0.0002241,0.00019899
0.00021762,0.00020827,0.00023285,0.000214895,0.00020845
0.000221538,0.00019829,0.00024599,0.000221515,0.00019829
0.000214431,0.00020731,0.00022798,0.00021145,0.00020841
0.000218594,0.00020275,0.00024044,0.00021568,0.0002044
0.000208737,0.00019169,0.00023101,0.0002062,0.0002014
0.000213633,0.00019457,0.00023558,0.00021277,0.00019753
0.000219757,0.00019893,0.00023987,0.000218525,0.0002018
0.000211038,0.00019381,0.0002336,0.00021121,0.00019528
0.00022262,0.00019885,0.00025297,0.00021961,0.00019885
0.000209905,0.00019149,0.00023209,0.00020842,0.00019149
0.000221833,0.00019706,0.00024958,0.00022062,0.00020515
0.000213049,0.00019521,0.00023467,0.000211185,0.00019521
0.000219099,0.00019941,0.00024088,0.000217075,0.00019941
0.00021147,0.0001911,0.00023358,0.000209215,0.00020513
0.000215685,0.00019814,0.00023597,0.000215865,0.00019817
0.000218516,0.00019665,0.00024444,0.0002174,0.00019665
0.000214965,0.00019906,0.00023423,0.00021377,0.00019906
0.000216945,0.00019736,0.00025173,0.00021032,0.00019899
0.000209869,0.00019373,0.00023098,0.0002079,0.0001998
0.000225175,0.00020002,0.00025099,0.000224795,0.00020002
0.000217871,0.00020928,0.00022662,0.00021742,0.00021133
0.000220722,0.0001974,0.00024657,0.000221265,0.0001974
0.00020503,0.00019453,0.00021637,0.00020474,0.00019453
0.000221875,0.0002017,0.00024407,0.000221355,0.0002017
0.000208276,0.00019483,0.00022851,0.00020447,0.00019801
0.000214553,0.00019743,0.00023634,0.00021289,0.000198
0.000215505,0.00020054,0.00023722,0.00021217,0.00020065
0.000213037,0.00019305,0.00023589,0.00021152,0.00020106
0.000215977,0.00020113,0.00023778,0.00021356,0.00020113
0.000212424,0.00019852,0.00022763,0.000210695,0.00019852
0.000228644,0.00021372,0.00025659,0.000223025,0.00022071
0.000210371,0.00019351,0.00023143,0.00020932,0.0001959
0.000221601,0.00019559,0.00025353,0.00021712,0.00019559
0.000207092,0.00019132,0.00022713,0.00020489,0.00019887
0.000219024,0.00019825,0.00024972,0.000216245,0.00021071
0.000214814,0.00020424,0.00023246,0.00021058,0.00021028
0.000227891,0.00020379,0.00025435,0.000226925,0.00021063
0.000215529,0.00020147,0.00023118,0.000215045,0.00020358
0.000212164,0.00019563,0.00023151,0.000211855,0.0001967
0.000212594,0.00019403,0.00023361,0.000211835,0.00019449
0.000210509,0.00019189,0.00022898,0.000210485,0.00019438
0.000218878,0.00019682,0.00025136,0.000211035,0.0002012
0.000210767,0.00019706,0.00022741,0.000209885,0.00019873
0.000219991,0.00019578,0.00025001,0.000215175,0.00020863
0.000211944,0.00019392,0.0002361,0.00020844,0.00019897
0.000219414,0.0002065,0.00023494,0.00021479,0.00021234
0.000213647,0.00019903,0.00023732,0.00020894,0.00019903
0.000219823,0.00020848,0.00023692,0.000216815,0.00021669
0.000216323,0.00019036,0.0002379,0.000217905,0.00020793
0.000214463,0.00019982,0.00023188,0.00021355,0.00019982
0.000222125,0.00018939,0.0002559,0.000222585,0.00020055
0.000211223,0.00019641,0.00023115,0.00020967,0.00020138
0.000220911,0.0001982,0.00024217,0.00021851,0.0001982
0.00020786,0.00019212,0.0002241,0.00020735,0.00019212
0.000218429,0.00019578,0.0002447,0.00021386,0.00019578
0.000207244,0.00019073,0.00022602,0.000205135,0.00019678
0.00021605,0.00019513,0.00024638,0.000210635,0.00020091
0.000214514,0.00020649,0.00022359,0.000212985,0.00021257
0.000216163,0.00019896,0.00023891,0.00021391,0.00020253
0.000213479,0.00019746,0.00023195,0.000211625,0.00019746
0.000210424,0.00019303,0.00023016,0.00020983,0.00019585
0.000218115,0.00019618,0.00024801,0.000213785,0.00020226
0.000210571,0.0001923,0.00023081,0.000208535,0.00019879
0.000223226,0.00020129,0.00024584,0.000222315,0.00020129
0.000211645,0.00019581,0.00023109,0.000210525,0.0001996
0.00022155,0.00020089,0.00024774,0.00021889,0.00021092
0.000207846,0.00019377,0.00022599,0.00020645,0.00019377
0.000217466,0.00019606,0.00024229,0.000216365,0.00019755
0.000213089,0.00019883,0.00022753,0.00021282,0.00020135
0.000213737,0.00019282,0.00023481,0.00021391,0.00019413
0.000213561,0.00020049,0.00023598,0.000209885,0.00020359
0.00021629,0.00019626,0.00023644,0.00021554,0.00020379
0.000220795,0.00020003,0.00025327,0.00021661,0.00020003
0.000214694,0.00020432,0.00022764,0.000212305,0.00020771
0.000223859,0.00019739,0.00025674,0.00022191,0.00019739
0.000211676,0.000198,0.00023292,0.00020889,0.000198
0.000214045,0.00019198,0.00023535,0.00020974,0.00020204
0.000214261,0.00019242,0.00023793,0.00021308,0.00020968
0.000217262,0.00020026,0.00023348,0.00021633,0.00020026
0.000215018,0.00020507,0.00022933,0.000212925,0.00020983
0.00021144,0.00019672,0.00023143,0.00020842,0.00019685
0.000220676,0.0001959,0.00023952,0.00022265,0.00019601
0.000208364,0.0001935,0.00022527,0.00020942,0.00019377
0.000222105,0.00020231,0.0002549,0.00021644,0.00020231
0.000210156,0.00019475,0.00022672,0.00021003,0.0001955
0.000224429,0.00020036,0.00025095,0.000224175,0.00020036
0.000209057,0.00019162,0.00022735,0.000208215,0.00019548
0.0002171,0.00019399,0.00025135,0.000212435,0.00019399
0.000209531,0.00019181,0.00022739,0.00020998,0.00021549
0.000217396,0.00019628,0.00023749,0.000215765,0.00020158
0.000209469,0.00019358,0.00023315,0.00020477,0.00020086
0.000224083,0.00020981,0.00024267,0.00022162,0.00021258
0.000222464,0.0001973,0.00024678,0.000222865,0.0001973
0.000217044,0.00020773,0.0002338,0.000214315,0.00020773
0.000220658,0.00019008,0.00025197,0.00022022,0.00019671
0.000210448,0.00019414,0.0002301,0.00020715,0.00019414
0.000221705,0.00019837,0.00025704,0.000216245,0.00020769
0.000208394,0.00019075,0.00022736,0.00020662,0.00019916
0.000219044,0.00020144,0.00024173,0.00021641,0.00020144
0.000211116,0.00020009,0.00022529,0.00021083,0.0002009
0.00021962,0.00020177,0.00024293,0.00021689,0.00020177
0.000210658,0.00019233,0.00023762,0.000206785,0.00020723
0.0002144,0.00020083,0.00023373,0.00021251,0.00020226
0.000213496,0.00019426,0.00023792,0.000209745,0.0001961
0.00021003,0.00019265,0.0002295,0.0002091,0.00019265
0.000218734,0.00019624,0.00024441,0.000217585,0.00019624
0.000207745,0.0001912,0.0002232,0.00020676,0.00019552
0.000222584,0.00020242,0.00024435,0.00022072,0.00020915
0.000208665,0.00019266,0.00023217,0.000205415,0.0001929
0.000216411,0.00019624,0.000245,0.00021199,0.00019997
0.000208577,0.00019195,0.0002277,0.00020609,0.0002024
0.000214425,0.00019932,0.00023383,0.00021221,0.00020417
0.000222519,0.000207,0.00024157,0.00022244,0.00021039
0.000208201,0.00019163,0.00022647,0.000208835,0.00019163
0.000220869,0.00019584,0.00025821,0.000213955,0.00020571
0.000211639,0.00019902,0.00022738,0.00021149,0.00020258
0.000222776,0.00019461,0.0002561,0.00021741,0.00020033
0.000209091,0.00019188,0.00022723,0.00020777,0.00019188
0.000218215,0.00019564,0.00024004,0.00021784,0.00019564
0.000215453,0.00020599,0.00022809,0.00021379,0.00021136
0.000219512,0.00019761,0.00024264,0.00021928,0.00019761
0.000208225,0.00019394,0.00022864,0.000205015,0.00019987
0.000213229,0.00019381,0.00024131,0.000209345,0.00020306
0.000215873,0.00019371,0.00024722,0.000210505,0.00020396
0.000212621,0.00019392,0.00023474,0.000212725,0.00019663
0.000218335,0.00020003,0.00024427,0.000214855,0.00020006
0.000210408,0.00019311,0.00023136,0.000208615,0.00020103
0.000222639,0.00020213,0.00025882,0.0002167,0.00020213
0.000208566,0.00019188,0.00022836,0.00020709,0.00019705
0.000223141,0.0002001,0.00025674,0.000218655,0.00020385
0.000212194,0.00019866,0.00022757,0.000210825,0.00020324
0.000215215,0.00019309,0.00023951,0.00021264,0.00020028
0.000213834,0.00019419,0.00023235,0.000215845,0.0002036
0.000221788,0.00020371,0.00024197,0.000221135,0.00020371
0.000219388,0.00019857,0.0002423,0.000217935,0.00019857
0.000212774,0.00019353,0.00023753,0.000209635,0.00019904
0.000218767,0.00019298,0.00024071,0.00021974,0.00020008
0.000212391,0.00019542,0.00023552,0.00020822,0.00019542
0.000221229,0.00020025,0.00025451,0.000214785,0.00020913
0.000207439,0.00019301,0.00022132,0.00020652,0.00019754
0.000215581,0.00019589,0.00023697,0.000215415,0.00019589
0.000213774,0.00020034,0.00023307,0.00021133,0.00020128
0.000213736,0.00019422,0.00023003,0.000213885,0.00019422
0.000213013,0.00019456,0.00024037,0.000207925,0.00020209
0.0002122,0.00019298,0.00023161,0.00020987,0.0001979
0.00021252,0.00019692,0.00022694,0.00021312,0.00019692
0.000213046,0.00020001,0.00022808,0.000210885,0.0002034
0.000223264,0.0001984,0.00024802,0.00022318,0.0001984
0.0002128,0.0001929,0.0002379,0.000209555,0.0001961
0.000221288,0.00019688,0.00024833,0.000218815,0.00019688
0.00020915,0.00019507,0.0002278,0.0002077,0.000196
0.000221407,0.00020372,0.00024569,0.000217045,0.00020843
0.000206253,0.00019342,0.0002203,0.00020489,0.000198
0.000221255,0.00020764,0.0002395,0.00022101,0.00020957
0.000211525,0.00019891,0.00022757,0.000209605,0.00019891
0.00021186,0.00019615,0.00023424,0.000207645,0.00019633
0.000218446,0.00019557,0.00024372,0.000218195,0.00019607
0.000213631,0.00020025,0.00022586,0.00021417,0.00020497
0.000219384,0.00019289,0.00025845,0.00021299,0.00019891
0.000214281,0.00020427,0.00022783,0.00021447,0.00020695
0.000220978,0.00020343,0.0002468,0.00021532,0.00020724
0.000212671,0.00020095,0.00023235,0.00020719,0.00020095
0.000218014,0.00019824,0.00024215,0.0002164,0.00019998
0.000213297,0.00019883,0.00023364,0.00021147,0.00019883
0.000215124,0.00019334,0.00023937,0.0002124,0.00020188
0.000218646,0.00020091,0.0002395,0.00021743,0.00020091
0.000213406,0.00019156,0.00023782,0.000211375,0.00019674
0.000217233,0.00020051,0.00024715,0.00021056,0.00020156
0.000213091,0.00019772,0.00022536,0.00021506,0.00020174
0.000220069,0.00019518,0.00024545,0.00022054,0.00019518
0.000209121,0.00019319,0.00023044,0.00020792,0.00019319
0.000218991,0.00019586,0.00024362,0.000218075,0.00020625
0.000216819,0.00020141,0.00023457,0.000216245,0.00020424
0.000217795,0.00019555,0.0002428,0.0002163,0.00019555
0.000211189,0.00019573,0.00023602,0.000206485,0.00019939
0.000215345,0.00019766,0.00023681,0.000214005,0.00019941
0.000217808,0.00020328,0.00024503,0.00021234,0.00020328
0.000216096,0.00020316,0.00023404,0.000214045,0.00020631
0.000215018,0.00019383,0.00024232,0.00020868,0.00019833
0.000211184,0.00019806,0.00022796,0.00021039,0.00019822
0.000224529,0.00019798,0.00025935,0.000220345,0.00019798
0.000208734,0.00019251,0.00022813,0.00020577,0.00019893
0.000221897,0.00020114,0.00025452,0.00021782,0.00021178
0.000207739,0.00019542,0.00021801,0.000206975,0.00020022
0.000215949,0.0001967,0.00024021,0.000213305,0.00019724
0.000209015,0.00019617,0.00022791,0.0002067,0.00020114
0.000213004,0.00019427,0.0002342,0.000211525,0.00019652
0.00021354,0.00019802,0.00022899,0.00021288,0.00019802
0.000214384,0.00020456,0.00022894,0.00021249,0.00020617
0.000216225,0.0001922,0.0002433,0.000216065,0.00019258
0.000209971,0.00019338,0.00022776,0.00020976,0.00019338
0.000222053,0.00019711,0.00024741,0.000220995,0.00019711
0.000208501,0.0001916,0.00022817,0.00020593,0.00019738
0.000219658,0.00020182,0.00024534,0.000215295,0.00020388
0.000207369,0.0001935,0.00022461,0.0002046,0.00019926
0.000220805,0.00020208,0.00024432,0.00021737,0.00020838
0.000207833,0.00019312,0.00022857,0.0002048,0.00020239
0.000216329,0.00019967,0.00023596,0.000216425,0.00020226
0.000225006,0.00020994,0.00024455,0.000220985,0.00021206
0.000214261,0.0001985,0.00023241,0.00021375,0.0001985
0.000220463,0.00020559,0.00025235,0.00021358,0.00020934
0.000220637,0.00021081,0.00023136,0.00021954,0.00021081
0.000222019,0.0001977,0.00024639,0.00022633,0.00020082
0.000211605,0.00019886,0.00022666,0.000209785,0.00019886
0.000219519,0.00020748,0.00023701,0.00021668,0.00021107
0.000216591,0.00019699,0.00024062,0.00021402,0.00019699
0.000214708,0.00019925,0.00023376,0.00021278,0.00019925
0.000214094,0.00020216,0.00023276,0.000210445,0.00020821
0.000218436,0.00020685,0.00023753,0.000216615,0.00020851
0.000221604,0.00019549,0.00024971,0.000220945,0.00019549
0.000222855,0.00020946,0.0002333,0.00022418,0.00021219
0.00022296,0.00020581,0.00024157,0.00022338,0.00020581
0.000212445,0.0001963,0.00022614,0.00021445,0.00020633
0.000220245,0.00020889,0.00023445,0.000218425,0.00020889
0.000211891,0.00019339,0.00023511,0.000209645,0.00020262
0.000216639,0.00020828,0.00022737,0.00021599,0.00020907
0.000226994,0.00019839,0.00025532,0.00022807,0.00020647
0.0002179,0.00021108,0.00022833,0.00021625,0.00021493
0.000217564,0.00020806,0.00023447,0.00021362,0.00021212
0.000215052,0.00020709,0.00022379,0.000215205,0.00020709
0.00024176,0.00021758,0.00025325,0.000248235,0.00025163
0.000216072,0.0002043,0.00022714,0.00021693,0.00022302
0.000224875,0.00020663,0.0002387,0.000224265,0.00023037
0.000219919,0.000212,0.0002265,0.000220055,0.00022528
0.000221951,0.00020987,0.00023115,0.00022411,0.00022538
0.000214095,0.00020604,0.0002207,0.000214125,0.00021088
0.000219687,0.00021254,0.00022872,0.00022043,0.00021797
0.000217125,0.00020316,0.00023127,0.000216185,0.00022179
0.000208965,0.00019684,0.0002255,0.0002073,0.00020217
0.000222917,0.00020574,0.00024536,0.000221405,0.00021061
0.000216235,0.00020861,0.00022387,0.00021582,0.00021094
0.000225744,0.00021525,0.00024226,0.000224035,0.00021525
0.000208506,0.00019575,0.00022154,0.0002079,0.00020053
0.000224629,0.00020763,0.00024087,0.00022338,0.00020763
0.000207935,0.00019256,0.00022325,0.00020807,0.00019422
0.000219128,0.00020407,0.00023425,0.00021647,0.00020407
0.000211784,0.00019897,0.00022598,0.000211525,0.00019897
0.000218144,0.00020471,0.00023051,0.00021719,0.00020471
0.000214535,0.00020468,0.00023564,0.00021046,0.0002055
0.000229169,0.00021858,0.00024043,0.000229275,0.0002332
0.000221078,0.00020496,0.00023899,0.000220045,0.00022115
0.000212921,0.00020073,0.0002276,0.00021211,0.00020073
0.000219709,0.00020448,0.00025036,0.00021259,0.00021022
0.000212832,0.00020426,0.00022716,0.00021082,0.00020627
0.000268024,0.00021995,0.00031055,0.00027029,0.00031055
0.000217279,0.00020331,0.00022814,0.000218385,0.0002204
0.000217652,0.00020457,0.00023142,0.00021647,0.00020457
0.00021975,0.00020297,0.00023577,0.000219845,0.00020297
0.00021543,0.00020565,0.00022709,0.000214785,0.00020565
0.000216397,0.00019735,0.00023878,0.000214265,0.00019735
0.000212109,0.00020495,0.00022023,0.00021291,0.00020726
0.000252865,0.00021056,0.0003294,0.000236425,0.00021056
0.000215376,0.00020082,0.00023144,0.00021549,0.00022124
0.000225276,0.00021169,0.00023253,0.00022731,0.00022161
0.000214233,0.00020694,0.00022925,0.00021218,0.00020936
0.000221223,0.00020637,0.00023615,0.0002197,0.00020637
0.000206099,0.00019459,0.00022216,0.00020366,0.00019568
0.000219853,0.00020674,0.00023859,0.000216,0.00021216
0.000209031,0.00019794,0.00022268,0.000208095,0.00019794
0.000216986,0.00020588,0.00022831,0.00021535,0.00020588
0.000214829,0.00020284,0.00023441,0.00020951,0.00020521
0.000214204,0.00020368,0.00022531,0.000214745,0.00020398
0.000222281,0.00020753,0.00024942,0.000214525,0.00021204
0.00021123,0.00020339,0.00022012,0.00021075,0.0002062
0.000223962,0.00020407,0.00025758,0.000212055,0.00021165
0.000214875,0.0002085,0.00022631,0.00021116,0.0002085
0.000221911,0.00021088,0.00024584,0.000216735,0.00021218
0.000209129,0.00019127,0.00022843,0.00020928,0.00019423
0.000220969,0.00021171,0.00023198,0.00021998,0.00021742
0.000216694,0.00019857,0.00023316,0.00021733,0.00020092
0.000218044,0.00021016,0.00022861,0.000216205,0.00021016
0.000220456,0.00020247,0.00024232,0.000218735,0.00020754
0.00021848,0.00021263,0.00022353,0.0002183,0.00021863
0.000219829,0.00021062,0.00023224,0.000218955,0.00021986
0.000216043,0.00021004,0.0002231,0.00021473,0.0002109
0.000219458,0.00019903,0.00025355,0.00021215,0.00019903
0.00020918,0.00019325,0.00022565,0.00020833,0.00019325
0.000213096,0.00019861,0.00023274,0.0002127,0.00020633
0.000216226,0.00019992,0.0002333,0.00021556,0.00020553
0.000213244,0.00019676,0.00022744,0.00021182,0.00019676
0.000217871,0.00020214,0.00023941,0.00021565,0.00020416
0.000213375,0.00020141,0.00022691,0.000212645,0.00020615
0.000217786,0.00020546,0.00024287,0.00021278,0.00021038
0.000210526,0.00020038,0.00022392,0.000209435,0.00020337
0.000221662,0.00020502,0.00025263,0.000216795,0.00021212
0.00020802,0.00019308,0.00021852,0.000212025,0.00019577
0.000221889,0.00021225,0.00023239,0.00022208,0.00021225
0.000206995,0.00019331,0.00022259,0.00020605,0.00019635
0.000215976,0.00020024,0.00023315,0.00021376,0.00020916
0.000212901,0.00019815,0.00023069,0.00021124,0.00019815
0.000213943,0.00020208,0.00022827,0.000212015,0.00020889
0.000215811,0.00019252,0.00023513,0.000217425,0.00019633
0.000219635,0.00021052,0.00022728,0.00022055,0.00022288
0.000222864,0.00020959,0.00023321,0.00022504,0.00022531
0.000217431,0.00021302,0.00022607,0.00021616,0.00021302
0.000223682,0.00021616,0.00023619,0.000221065,0.00021919
0.00021201,0.00020175,0.00022563,0.00021163,0.00020175
0.000219818,0.00020421,0.00023835,0.00021971,0.00020656
0.000205416,0.00019172,0.00022588,0.00020202,0.00019314
0.000217728,0.00020551,0.00023438,0.000217685,0.000207
0.000251142,0.0002331,0.00027183,0.00025126,0.0002331
0.000221259,0.00021281,0.00023122,0.00022018,0.00021281
0.000213364,0.00020316,0.00024279,0.00020569,0.00020452
0.00021137,0.00019565,0.0002297,0.00021002,0.00019965
0.000215494,0.0001979,0.00023726,0.000210295,0.00020951
0.000208163,0.00018849,0.00022389,0.00020848,0.00018849
0.000216556,0.00019871,0.00023625,0.00021465,0.00020588
0.000215849,0.00020548,0.00022692,0.000216455,0.00020698
0.000219579,0.00020268,0.00023691,0.000216865,0.00020851
0.000206094,0.00018994,0.00023418,0.00019935,0.00019328
0.000213639,0.00019838,0.00023833,0.00020877,0.00020366
0.000214207,0.00019228,0.00023591,0.00021432,0.00019475
0.000213976,0.000205,0.00022662,0.00021397,0.00020802
0.000218732,0.00019901,0.00024727,0.00021431,0.00019901
0.000209326,0.0001954,0.00022347,0.000208805,0.0001954
0.000222228,0.00020542,0.00024536,0.000219785,0.00020828
0.000210286,0.00020411,0.00021622,0.0002097,0.00020667
0.00022077,0.00020652,0.0002351,0.00021979,0.00021238
0.000206377,0.00019432,0.00021548,0.00020739,0.00019731
0.000223191,0.00021233,0.0002358,0.000221085,0.00021233
0.000207814,0.00019532,0.00021854,0.000208455,0.00019701
0.00021231,0.00019621,0.00023042,0.00021026,0.00019621
0.000222151,0.00020266,0.00026885,0.00020901,0.00020266
0.000218774,0.0002127,0.00022753,0.000218565,0.0002127
0.000221421,0.00020649,0.00023374,0.000221815,0.00020649
0.00021475,0.0002061,0.00022496,0.000214435,0.00020904
0.000219475,0.00020566,0.00024751,0.000210985,0.0002104
0.000207813,0.00019408,0.00022325,0.000206145,0.00019814
0.000218386,0.00020366,0.00024139,0.000215525,0.00020656
0.000211304,0.00020234,0.00022609,0.000209315,0.00020429
0.000223619,0.00021067,0.00024064,0.00022278,0.00021755
0.00021382,0.00019258,0.00023204,0.000214765,0.00019592
0.000217564,0.00020808,0.00023024,0.00021644,0.0002086
0.000207531,0.00019027,0.00022691,0.000205795,0.00020091
0.000221748,0.00021633,0.00022605,0.00022197,0.00022575
0.000223355,0.00020597,0.0002452,0.000222315,0.00022068
0.000220779,0.00021434,0.00023,0.000219785,0.00022031
0.000223646,0.00020982,0.00024668,0.000219905,0.00020993
0.000213227,0.0001998,0.00022731,0.00021396,0.00020219
0.000215483,0.0002014,0.00024117,0.000213405,0.00020167
0.000207906,0.0001918,0.0002301,0.000204495,0.00019514
0.000217744,0.00020363,0.00023703,0.00021644,0.00020363
0.000217185,0.00020588,0.00023911,0.000212285,0.0002063
0.000219401,0.00021311,0.00022773,0.000218565,0.00021311
0.000210054,0.00020021,0.00022519,0.000208295,0.00020621
0.000213486,0.00020327,0.00022643,0.000212365,0.00020811
0.000217391,0.00019984,0.0002426,0.000212225,0.00021145
0.00020695,0.00019062,0.00022478,0.00020645,0.00019126
0.000221896,0.00020344,0.00025137,0.000216095,0.00021157
0.000210754,0.00020216,0.00022118,0.000210355,0.00020216
0.000225141,0.00021037,0.00024375,0.00022078,0.00021037
0.000207968,0.00019534,0.00022234,0.00020744,0.00019943
0.00021697,0.00020434,0.00024278,0.0002107,0.00020539
0.000209221,0.00019774,0.00022664,0.00020576,0.0001995
0.000212098,0.00019678,0.00023155,0.000210495,0.00020435
0.000215396,0.00019251,0.00023306,0.000217225,0.00020337
0.000215065,0.00020436,0.00022647,0.00021385,0.00020636
0.000222936,0.00020327,0.00024423,0.000222925,0.00020327
0.000210841,0.00020101,0.00022247,0.00020972,0.00020101
0.00022451,0.00020462,0.00024428,0.000223935,0.00021286
0.000205236,0.00018817,0.00022337,0.000205015,0.00019165
0.000221309,0.00020833,0.00023948,0.00021786,0.00020872
0.000206614,0.00018983,0.0002203,0.000208315,0.00018983
0.000218444,0.00020656,0.00023163,0.000216775,0.0002093
0.000213625,0.00019335,0.00023498,0.00021501,0.00019335
0.00022157,0.00021596,0.00023204,0.0002204,0.00021596
0.000212139,0.00020425,0.00022348,0.0002101,0.0002061
0.000214557,0.00020565,0.00022553,0.000213425,0.00020732
0.0002156,0.00020286,0.00024015,0.000211455,0.00021025
0.000216386,0.00020697,0.0002271,0.00021595,0.00020697
0.000217631,0.00020101,0.00024359,0.000214965,0.00020537
0.000212842,0.00020454,0.00022784,0.000210385,0.00021168
0.000218581,0.00020362,0.00023511,0.00021787,0.00021105
0.000223434,0.00019742,0.00024838,0.00022356,0.00020001
0.000212584,0.00020274,0.0002341,0.000209955,0.00020382
0.000212114,0.0002022,0.00023662,0.00020511,0.0002022
0.000218923,0.00021267,0.00022715,0.000217555,0.00021588
0.0002246,0.00021588,0.00023891,0.000222975,0.00021588
0.000209822,0.00019802,0.00022379,0.00020978,0.00019995
0.000219345,0.00019871,0.0002427,0.000218245,0.00020702
0.000212519,0.00019927,0.00022786,0.00021251,0.00019927
0.000219549,0.00020092,0.00024073,0.000218485,0.00020887
0.000208804,0.0001939,0.00022102,0.00020911,0.00019644
0.000218009,0.00020694,0.00023174,0.00021698,0.00020694
0.000209385,0.00019607,0.00023125,0.00020621,0.00019843
0.000219695,0.00021014,0.00023015,0.00021758,0.00021014
0.000212176,0.00019456,0.00023303,0.000210795,0.00019965
0.000220388,0.00021562,0.00022656,0.00022016,0.00021562
0.000249184,0.00021021,0.00028504,0.00025119,0.00028403
0.000216615,0.00020085,0.00023165,0.00021623,0.0002261
0.000223056,0.00021576,0.00023237,0.0002229,0.00022273
0.000213592,0.00020869,0.00022318,0.000213135,0.00020869
0.000221504,0.00020975,0.00023723,0.00021908,0.00021033
0.000207297,0.00019399,0.00022377,0.00020657,0.0001962
0.000219542,0.00020663,0.00023711,0.00021827,0.00020663
0.000207203,0.00019378,0.00022738,0.000204655,0.00020365
0.000219634,0.00020983,0.0002306,0.00021909,0.00021418
0.000210649,0.00019122,0.00023356,0.00020853,0.00019363
0.000217608,0.00020958,0.00022973,0.000216095,0.00020958
0.000217338,0.00020072,0.00024218,0.000214115,0.00020211
0.000218645,0.00021196,0.000226,0.000217455,0.000217
0.000217366,0.00020279,0.00023636,0.00021633,0.00021013
0.00020862,0.00019706,0.00022174,0.00020732,0.00019878
0.000220228,0.0002041,0.00023817,0.00021931,0.00021079
0.000209385,0.0001902,0.00022558,0.00021062,0.00020095
0.000215205,0.00019808,0.0002344,0.00021386,0.00020567
0.000213819,0.00019421,0.00023052,0.000215385,0.00020404
0.000219189,0.00020825,0.0002307,0.000216855,0.00021433
0.000215586,0.00020201,0.00023402,0.00021519,0.00020201
0.000216458,0.00020486,0.00022549,0.000217955,0.00020654
0.000218252,0.00019852,0.00023718,0.00021887,0.00021012
0.000208015,0.00019341,0.00022279,0.00020813,0.00019341
0.000225341,0.00020146,0.00025835,0.000220185,0.0002118
0.000206482,0.00019433,0.00021775,0.000207055,0.00019734
0.000219679,0.00019978,0.00024315,0.0002164,0.00020715
0.000209037,0.00019637,0.00022569,0.000207805,0.00020033
0.000218884,0.00021199,0.00023593,0.000217705,0.00022067
0.000207345,0.00019502,0.00022777,0.000203635,0.0002005
0.000219021,0.00021249,0.00023139,0.000217135,0.00021374
0.000217159,0.00019236,0.00023661,0.000218105,0.00020035
0.000215208,0.00020675,0.00022608,0.000214135,0.00021162
0.000223853,0.00020911,0.00024036,0.000223975,0.00021455
0.000208366,0.00019165,0.00022693,0.000207635,0.00019683
0.000220485,0.00020009,0.00024702,0.00021838,0.00020713
0.000205624,0.00019063,0.00022269,0.00020529,0.00019605
0.0002207,0.00020712,0.00023996,0.00021819,0.00020741
0.000210447,0.00020062,0.00023157,0.000205975,0.00020245
0.000223658,0.00021653,0.00023292,0.000223435,0.00021653
0.00021386,0.00020538,0.00022437,0.000212815,0.00020707
0.000219824,0.00020885,0.00023664,0.000217185,0.00020885
0.000213688,0.00020335,0.00023157,0.00021033,0.00020536
0.000217609,0.00021195,0.00022662,0.00021729,0.00021269
0.000217079,0.0002056,0.00022952,0.00021927,0.00021174
0.000219487,0.00021244,0.00022937,0.00021906,0.00022081
0.000224715,0.00021546,0.00023472,0.0002245,0.00022839
0.000213281,0.00019548,0.00023119,0.000213225,0.00020366
0.00021366,0.00019746,0.00023855,0.00020837,0.00020168
0.000211003,0.00019435,0.00023298,0.00020878,0.00019802
0.000219307,0.00020639,0.00024093,0.000216155,0.00021463
0.000211646,0.00019749,0.00023607,0.000206805,0.00019749
0.00021627,0.00020553,0.00022966,0.000215475,0.00020553
0.00022051,0.00020246,0.00024263,0.000218275,0.00020535
0.000211719,0.00020364,0.00022213,0.000212115,0.00020729
0.000221858,0.00020099,0.00024863,0.000218505,0.00020099
0.000211384,0.0002018,0.00022056,0.000211505,0.00020476
0.000217385,0.00020203,0.00023782,0.000213825,0.00020451
0.000201714,0.00018848,0.00021531,0.00020056,0.00018848
0.000216875,0.00020257,0.00023144,0.00021708,0.00020257
0.000206115,0.00019205,0.00021999,0.0002066,0.00019378
0.000223363,0.0002122,0.00023166,0.00022382,0.00022079
0.000214029,0.00020144,0.000226,0.00021283,0.00021159
0.000220481,0.00021475,0.00022731,0.00021948,0.0002187
0.000218081,0.00020548,0.00023206,0.000218015,0.00020841
0.00021154,0.00020475,0.00022416,0.000209695,0.0002049
0.000223316,0.00021188,0.00024225,0.000219735,0.00021663
0.00020802,0.00019719,0.00022037,0.000205645,0.00019719
0.000220087,0.00020537,0.00024765,0.00021641,0.00020828
0.000210501,0.00019493,0.00022705,0.000208745,0.00019715
0.000216535,0.00020768,0.00023191,0.00021515,0.00020768
0.000205537,0.00019013,0.00022743,0.0002029,0.0001921
0.000218347,0.00020675,0.00023581,0.000215255,0.00020675
0.000214163,0.00020446,0.00023058,0.00021066,0.00020446
0.000221824,0.00021263,0.00023585,0.00022151,0.00021263
0.000216656,0.00019626,0.00024257,0.000214975,0.00019626
0.000218379,0.00021236,0.00022473,0.000218125,0.00021236
0.000220077,0.00020465,0.00023903,0.000219465,0.00020465
0.000216016,0.00020544,0.00022518,0.00021594,0.00020705
0.00022083,0.00020543,0.00024122,0.00022015,0.00020543
0.000216615,0.00020126,0.00023592,0.000215085,0.00020388
0.000218405,0.00020183,0.00023541,0.000218215,0.0002123
0.000208629,0.00019419,0.00022604,0.00020767,0.00019596
0.000217764,0.00020876,0.00022976,0.000215795,0.00020876
0.000219264,0.00019705,0.00024747,0.000218005,0.00020807
0.000214497,0.00020367,0.00022848,0.000213525,0.00020597
0.000217271,0.00020548,0.00024021,0.00021215,0.00021067
0.000208229,0.00019156,0.00022484,0.000207585,0.00019647
0.0002192,0.00020417,0.00025132,0.00021379,0.00020845
0.000204616,0.00019069,0.00021835,0.00020387,0.00019596
0.000221467,0.00020509,0.00024272,0.000219365,0.00021301
0.000208378,0.00019775,0.00022481,0.00020467,0.00019775
0.000220039,0.00020428,0.00024533,0.000214535,0.00020428
0.000209914,0.0002032,0.00021997,0.000207695,0.0002032
0.000212783,0.00020329,0.00022665,0.000211225,0.0002071
0.000214619,0.0001968,0.00023585,0.0002128,0.00019818
0.000208968,0.00019192,0.00022806,0.000207795,0.00019192
0.000218884,0.00020612,0.00024434,0.000213915,0.000211
0.000213451,0.00020163,0.00022383,0.00021523,0.00020418
0.00022248,0.00020121,0.0002438,0.00022185,0.00020977
0.000209851,0.00019803,0.00022146,0.000210095,0.00020036
0.000218415,0.00020248,0.00024007,0.000213875,0.00020333
0.00021088,0.00019882,0.00022524,0.00020975,0.00020336
0.000219511,0.00020841,0.00023791,0.000215245,0.00020841
0.000206308,0.0001923,0.00022687,0.000201765,0.00019895
0.000218401,0.00020907,0.00023468,0.00021662,0.0002111
0.000211885,0.00020329,0.00022918,0.00020521,0.00020513
0.00021986,0.00021314,0.00022681,0.000219385,0.00021314
0.000217,0.00020707,0.00023077,0.000217235,0.00021057
0.00020801,0.00018977,0.00022829,0.000208035,0.00019131
0.000221335,0.00020445,0.00023947,0.00022098,0.00020721
0.000220946,0.00021027,0.00023304,0.00022026,0.00021294
0.000225691,0.00021972,0.00023366,0.000223755,0.00022318
0.000208105,0.00019788,0.00022325,0.000204875,0.00019788
0.000213645,0.00020218,0.00023374,0.000211885,0.00020607
0.000213524,0.00020054,0.00023443,0.00020961,0.00020054
0.000212414,0.00020267,0.00022664,0.00021058,0.00020267
0.000219926,0.00019903,0.00023847,0.0002211,0.00019903
0.00021389,0.00020496,0.00022474,0.000212895,0.00020744
0.000220486,0.00019816,0.00024817,0.00021937,0.00020202
0.000205804,0.00019569,0.00021533,0.00020498,0.00019569
0.000220028,0.00020101,0.00024182,0.00021743,0.00020101
0.000209514,0.00019614,0.00022174,0.00020919,0.00019828
0.000220099,0.00020585,0.00023502,0.00021752,0.00020585
0.000208067,0.00019608,0.00021981,0.00020807,0.00019608
0.000214546,0.00020135,0.00023142,0.00021245,0.00020135
0.00021234,0.00020266,0.0002301,0.00020817,0.00020266
0.000212671,0.00019891,0.00023075,0.000210385,0.00020158
0.000219146,0.00020705,0.00023562,0.00021556,0.00021402
0.000216844,0.00020585,0.00022923,0.00021765,0.0002087
0.000219351,0.00020601,0.00024142,0.00021384,0.00020978
0.000207733,0.00019544,0.00022097,0.00020649,0.00019979
0.000218958,0.00019749,0.00024366,0.0002171,0.00020589
0.000210875,0.00020053,0.00022285,0.0002101,0.00020369
0.000219953,0.00020508,0.00024468,0.000215235,0.00020508
0.000209646,0.00018901,0.0002271,0.000211585,0.00019217
0.000221727,0.00021517,0.00023,0.00022162,0.00021724
0.000213491,0.0001949,0.0002312,0.00021374,0.00020067
0.000217439,0.00021305,0.00022411,0.000216435,0.00021774
0.00021998,0.00019968,0.00024136,0.000219125,0.00020583
0.000221491,0.00021391,0.00022657,0.00022234,0.00022657
0.000223058,0.00020851,0.00023447,0.000223465,0.00022879
0.000209939,0.00019688,0.0002243,0.000210295,0.00019894
0.000219897,0.00020284,0.00023949,0.00021789,0.00020626
0.000208208,0.00019051,0.00022444,0.00020904,0.00019404
0.000216366,0.00020283,0.00023974,0.00021244,0.00020283
0.00021194,0.00019435,0.00022657,0.000213685,0.00019435
0.000212744,0.00020067,0.00022699,0.000212815,0.00020067
0.00021357,0.00020404,0.00023311,0.000206615,0.00020452
0.000212701,0.00020096,0.00022737,0.000212945,0.00020457
0.000217643,0.0002038,0.00024547,0.000210875,0.00020721
0.000207455,0.0001905,0.00022325,0.000207595,0.00019463
0.000218953,0.00020508,0.00023962,0.00021597,0.000207
0.000212109,0.00020512,0.00021983,0.00021167,0.0002078
0.000224686,0.00021036,0.00023879,0.00022374,0.00021036
0.000202041,0.00019232,0.00021462,0.00020122,0.00019476
0.0002142,0.00019875,0.00023659,0.000212315,0.00020813
0.00020575,0.00019399,0.0002144,0.00020701,0.00019399
0.00022128,0.00020991,0.00023308,0.000222545,0.00021701
0.000219631,0.00020675,0.00023292,0.00021963,0.00020852
0.000215635,0.00020616,0.0002254,0.000214665,0.00021023
0.000216619,0.00019574,0.00024396,0.000213995,0.00020793
0.000213286,0.00020512,0.00022242,0.000212555,0.00020744
0.000223551,0.00021261,0.00024028,0.00022079,0.00021329
0.000206692,0.00019027,0.00022454,0.00020508,0.00019243
0.000220363,0.00020206,0.00024287,0.00021669,0.00020206
0.000210876,0.00020037,0.0002232,0.000211045,0.00020212
0.000220687,0.00020668,0.00023422,0.000220505,0.00021173
0.000213659,0.00020347,0.00022577,0.00021312,0.00020347
0.000220463,0.00020886,0.00023301,0.000220125,0.00021266
0.000218279,0.00019688,0.00024239,0.00021839,0.00020638
0.000219367,0.00021595,0.00022602,0.00021754,0.00022217
0.000226014,0.00021918,0.00024222,0.000223685,0.00022428
0.000213639,0.00020688,0.00021975,0.000212755,0.00021357
0.000220059,0.00020829,0.00023501,0.000219725,0.0002174
0.000212484,0.00019879,0.00022667,0.000212635,0.00020312
0.000218639,0.0002038,0.00023268,0.000220115,0.00020917
0.000210813,0.00020093,0.00022968,0.000205675,0.0002031
0.000214951,0.00020005,0.00023557,0.00021125,0.00020005
0.000209371,0.00019768,0.00022479,0.000207245,0.00019952
0.000211399,0.00020274,0.00022895,0.000209785,0.00020313
0.000219198,0.00019963,0.00024722,0.000214595,0.00020513
0.000212576,0.00020212,0.00022204,0.0002118,0.00020806
0.000217832,0.00020615,0.000238,0.000211905,0.00020696
0.000210303,0.00020522,0.00022121,0.00020885,0.00020522
0.000218433,0.00020567,0.00023739,0.000214805,0.00021154
0.000203546,0.00018834,0.0002199,0.000204265,0.00019162
0.000219705,0.00020229,0.0002409,0.00021809,0.0002037
0.000215314,0.00020605,0.00022631,0.00021528,0.00020618
0.000214502,0.00020182,0.00023008,0.00021159,0.00020182
0.000209971,0.00020718,0.0002157,0.000209425,0.0002076
0.000219447,0.0002115,0.00022521,0.000220095,0.00022012
0.000214359,0.00020656,0.00022016,0.000216165,0.00021052
0.000219439,0.00020896,0.00023075,0.00022,0.00022066
0.000222385,0.0002068,0.00022954,0.000222775,0.00022883
0.000218041,0.00020926,0.00022505,0.000218135,0.00021582
0.000221649,0.00020975,0.00023915,0.000220595,0.00022154
0.000211361,0.00020422,0.00022532,0.000209165,0.00020422
0.000217465,0.00020366,0.00023733,0.000216375,0.00020548
0.000213282,0.00020409,0.00022342,0.0002138,0.00020949
0.000220523,0.00021009,0.0002396,0.00021631,0.00021432
0.000213914,0.00020112,0.00022836,0.00021318,0.00020208
0.000212324,0.00019877,0.00022781,0.000211475,0.00020282
0.0002123,0.00019109,0.0002417,0.00020902,0.0001966
0.000210841,0.00020179,0.00022322,0.00021119,0.00020179
0.000219401,0.00019803,0.00024169,0.000218765,0.00019803
0.000217896,0.00020855,0.00022982,0.000215525,0.00021033
0.000220278,0.00020192,0.00024058,0.00022092,0.0002134
0.000210164,0.00019956,0.00022912,0.00020593,0.00019956
0.000217426,0.00020144,0.00023575,0.0002162,0.00020784
0.000215863,0.000201,0.00023134,0.00021556,0.00020616
0.000214455,0.00020321,0.00022663,0.000214795,0.00021135
0.000212274,0.00019867,0.00023274,0.00020651,0.00020177
0.000220713,0.0002107,0.00023193,0.00021859,0.00021142
0.000216723,0.0002001,0.00023319,0.00021513,0.00021095
0.000217131,0.0002115,0.00022404,0.000216535,0.00021562
0.00022202,0.00021104,0.00025233,0.00021647,0.00021631
0.000205449,0.00019008,0.00021896,0.000206795,0.00019451
0.000221964,0.00020545,0.00024184,0.00021892,0.00020545
0.000208274,0.00019563,0.00022423,0.00020536,0.00019563
0.00021984,0.00020942,0.00023414,0.00021703,0.00020942
0.000207317,0.00019507,0.00022426,0.000204815,0.0002025
0.00021277,0.00019973,0.00022934,0.00021056,0.00020528
0.000218111,0.0002028,0.00023279,0.000218275,0.0002028
0.000213787,0.00020577,0.00022653,0.000213405,0.00020644
0.000217201,0.00020499,0.00024017,0.000211245,0.00020728
0.000211919,0.000202,0.00022173,0.000212085,0.00020475
0.000223,0.00020427,0.00024287,0.00022155,0.00021069
0.000215681,0.00020932,0.00022151,0.000215015,0.0002115
0.000224456,0.00021839,0.00023685,0.000222135,0.00021891
0.000207425,0.00019255,0.00022311,0.00020775,0.0001982
0.00021848,0.00020689,0.00023154,0.000218715,0.00020689
0.00021305,0.00020674,0.00022551,0.000210255,0.00021106
0.000217936,0.00020647,0.00023263,0.000215225,0.00021201
0.000213069,0.00020308,0.00022663,0.000211525,0.00020751
0.000215852,0.00020931,0.00022577,0.00021528,0.00021094
0.000223208,0.00020306,0.00024602,0.000223395,0.00020765
0.000209119,0.0001968,0.0002214,0.000207895,0.00020075
0.000216359,0.000197,0.00023872,0.00021354,0.0002054
0.000213776,0.00019984,0.00022793,0.00021424,0.00020318
0.000217985,0.00020383,0.00023299,0.000217535,0.00020565
0.000218125,0.00020647,0.00022817,0.00021818,0.00020853
0.000216557,0.00020289,0.00023173,0.00021461,0.00020289
0.000217747,0.00019534,0.00023637,0.0002212,0.00019534
0.00021201,0.0001999,0.00022733,0.000209775,0.00020355
0.000221419,0.00020188,0.00024744,0.00021826,0.00020487
0.000213723,0.00020807,0.00022342,0.000212325,0.00021021
0.000225263,0.00021429,0.00023951,0.00022342,0.00021777
0.000212634,0.00020636,0.00022317,0.00021268,0.00021061
0.000218897,0.00020043,0.00024131,0.000217155,0.00021015
0.000207928,0.00019835,0.00022124,0.000206295,0.00020031
0.000219723,0.00020739,0.00023739,0.000216645,0.00020739
0.000210911,0.00020124,0.00022404,0.00020893,0.00020409
0.000213199,0.0001979,0.00022929,0.00021209,0.00020279
0.000212485,0.00020396,0.00022511,0.00021014,0.00020579
0.000219099,0.00021424,0.00022814,0.000217145,0.000216
0.000217037,0.00021312,0.00021979,0.00021749,0.0002168
0.000221669,0.00021222,0.00022724,0.000223035,0.00022575
0.000222887,0.00020452,0.00023155,0.000224165,0.00022379
0.00021394,0.00020862,0.00021844,0.00021327,0.00021141
0.000223002,0.00021213,0.00023096,0.000224205,0.00022159
0.000213714,0.00020856,0.00022002,0.000213835,0.00021582
0.000225506,0.00021766,0.00023419,0.00022456,0.00022694
0.000206935,0.00019458,0.0002243,0.000204545,0.00020108
0.000220929,0.00021095,0.00023668,0.000217125,0.00021098
0.000214889,0.00019638,0.00023365,0.00021494,0.00019638
0.000211454,0.00019667,0.00023113,0.000209855,0.00019667
0.000214254,0.00019207,0.00024056,0.000212475,0.00019707
0.000215151,0.00020485,0.00022424,0.000215915,0.00020808
0.000217923,0.00019585,0.00024195,0.00021678,0.00020561
0.000213826,0.00020128,0.00022889,0.000213505,0.00020357
0.00022195,0.00020667,0.00024089,0.000217955,0.00020667
0.000207611,0.00019169,0.00022597,0.00020644,0.00019169
0.000218521,0.00020552,0.00023699,0.00021601,0.00020552
0.000206196,0.00018784,0.00022724,0.00020523,0.00019154
0.000216101,0.00020398,0.00023227,0.00021673,0.00020625
0.000213539,0.00019837,0.00023741,0.00020813,0.00019837
0.000217459,0.00020669,0.0002304,0.00021747,0.00020956
0.000222441,0.00021108,0.00023746,0.00021808,0.00021596
0.000208494,0.00019641,0.0002226,0.00020738,0.00019641
0.000221685,0.00020317,0.00025779,0.00021454,0.00020811
0.000213895,0.00020597,0.00022146,0.000214565,0.00020912
0.000221951,0.00021263,0.00023203,0.0002216,0.00022275
0.000211246,0.0002081,0.00021455,0.000211195,0.00021277
0.000218136,0.00020955,0.00022753,0.000217905,0.00021765
0.000209222,0.00020314,0.00022045,0.00020631,0.00020314
0.00021474,0.00020247,0.00022937,0.00021477,0.00020875
0.000216907,0.00019797,0.00023639,0.00021615,0.00019992
0.000214496,0.00020753,0.00022205,0.000213915,0.00021047
0.000218865,0.00020619,0.00024229,0.000213485,0.00021289
0.000208335,0.00019274,0.00022825,0.00020886,0.00019582
0.000221785,0.00020438,0.00024392,0.000219405,0.00021228
0.000212094,0.00020113,0.00022068,0.000213715,0.0002044
0.000224315,0.00021131,0.00023873,0.000222105,0.00021131
0.00020975,0.00019819,0.00022157,0.00020923,0.00020159
0.000218871,0.00020505,0.00023286,0.00021803,0.00020505
0.000204804,0.00019489,0.00022148,0.00020102,0.0001966
0.000216038,0.00019979,0.00023627,0.00021584,0.00019979
0.000213937,0.00019802,0.00023349,0.000210325,0.00020055
0.000218391,0.00021123,0.00022409,0.000219055,0.00021317
0.000217828,0.00020824,0.00023073,0.000215885,0.00021209
0.000214752,0.00020589,0.00022593,0.000214545,0.00020589
0.00021705,0.00019984,0.00024391,0.000213715,0.00020822
0.000214149,0.00020655,0.00022644,0.000211785,0.00021038
0.000214107,0.00019834,0.00023912,0.000208695,0.00019873
0.000212986,0.000195,0.00023146,0.00021364,0.00019667
0.000212529,0.0002018,0.0002266,0.00021309,0.00020859
0.00020893,0.00018747,0.00023315,0.000205415,0.0002037
0.000210566,0.00019751,0.000225,0.000211015,0.00019751
0.000214819,0.000198,0.00024347,0.000208005,0.000198
0.000211734,0.00020194,0.00022226,0.000211455,0.00020436
0.00022049,0.000199,0.00024443,0.00022025,0.00020696
0.000208535,0.00019627,0.00021949,0.00021003,0.00019877
0.000218776,0.00019942,0.00024196,0.00021657,0.00020554
0.000207964,0.00019812,0.00021927,0.000207155,0.00019948
0.000216984,0.00019876,0.0002426,0.000214475,0.00020527
0.000205141,0.00018569,0.00022206,0.00020762,0.00018854
0.000217619,0.00020882,0.00023104,0.00021686,0.00020882
0.000209743,0.00020081,0.00022595,0.000206025,0.00020081
0.000218417,0.00020332,0.00023163,0.000220255,0.00020332
0.000229722,0.00022465,0.00023662,0.000228475,0.00022836
0.000221535,0.00021381,0.00022542,0.000222715,0.00021759
0.000229225,0.00022295,0.00024185,0.0002279,0.00022742
0.000216706,0.00021113,0.00022255,0.00021698,0.00021541
0.000226134,0.00021651,0.00024058,0.00022353,0.00021651
0.000210098,0.00020052,0.00022445,0.000206495,0.00020409
0.000219195,0.00020582,0.00023372,0.000218815,0.00020582
0.000207606,0.00018838,0.00022243,0.00020874,0.0001914
0.000224121,0.00021276,0.00023507,0.000223695,0.00021276
0.000212746,0.00019673,0.00023431,0.00021042,0.00019673
0.0002171,0.00020752,0.00022663,0.000216665,0.00020844
0.000218481,0.00020073,0.00024104,0.000217685,0.00020622
0.000213979,0.00019792,0.00023126,0.000213505,0.00019932
0.000218678,0.00019672,0.00024178,0.00021707,0.00020914
0.00021651,0.00021205,0.00022262,0.00021478,0.00021205
0.000217962,0.00020179,0.00023846,0.00021397,0.00020874
0.000214701,0.00020114,0.00022766,0.00021426,0.00020599
0.000216739,0.00020269,0.00023289,0.00021416,0.00020269
0.000211025,0.00019269,0.00022775,0.000212095,0.00019674
0.000214031,0.00020022,0.00022841,0.000213055,0.00020056
0.000212257,0.00019523,0.00023299,0.000210795,0.0002032
0.000208109,0.0001918,0.00022465,0.00020731,0.00019593
0.000219709,0.00020323,0.00024315,0.00021343,0.00021708
0.000207905,0.0001944,0.00022334,0.000207215,0.00019749
0.00021989,0.00020256,0.00024652,0.00021496,0.00020764
0.000211911,0.0001939,0.00023176,0.00021195,0.00019595
0.000217869,0.00019981,0.00024131,0.000213105,0.00020962
0.000207595,0.00019682,0.00022444,0.000204725,0.00019911
0.000220711,0.00021166,0.00024338,0.00021523,0.00021166
0.000207347,0.00018823,0.00022423,0.000209085,0.00019038
0.000214938,0.00020695,0.00022755,0.000212685,0.00020874
0.000213231,0.00019442,0.00023352,0.00021261,0.00019442
0.000214983,0.00020594,0.00022952,0.000213405,0.00020594
0.00021275,0.00019518,0.00024076,0.000207455,0.0002005
0.000205111,0.00018607,0.00022296,0.00020453,0.00019216
0.000223488,0.00020574,0.00024457,0.00022255,0.00021488
0.000206429,0.00019177,0.00022209,0.000205325,0.0001956
0.000218794,0.00019896,0.00024857,0.000215075,0.00020672
0.000207756,0.00019118,0.00022612,0.00020667,0.00019775
0.000217236,0.00020155,0.00023755,0.00021482,0.00020155
0.00021624,0.00020652,0.00022555,0.00021745,0.00020662
0.00021641,0.00021097,0.00022523,0.00021536,0.00021152
0.000211096,0.00020152,0.00022296,0.000209495,0.00020324
0.000217004,0.00020927,0.00022592,0.00021709,0.00021264
0.0002131,0.0002045,0.00022654,0.000209075,0.00020851
0.000211462,0.00020047,0.00022316,0.000211125,0.00020047
0.000217102,0.00020227,0.00023831,0.00021521,0.00020546
0.00021238,0.00019663,0.0002278,0.00021115,0.00020507
0.000215914,0.00020019,0.00023852,0.000212385,0.00020406
0.000209033,0.00018761,0.00022484,0.000211025,0.00018924
0.000214943,0.00020379,0.00022693,0.00021406,0.00021026
0.000213999,0.00019773,0.00023666,0.000210205,0.00020204
0.000212217,0.00020105,0.00022462,0.00021008,0.00020419
0.000216114,0.00019025,0.00024247,0.000217035,0.00019186
0.000205818,0.00019577,0.0002199,0.00020578,0.00019577
0.000220684,0.00020064,0.00024267,0.00021489,0.00020988
0.000210736,0.0001995,0.00021949,0.00021284,0.00020167
0.000223593,0.00020457,0.00024205,0.000220135,0.00021506
0.000205425,0.00019486,0.00021843,0.000204805,0.00019486
0.000217791,0.00020418,0.00023365,0.00021681,0.00020421
0.000206365,0.00019075,0.00021967,0.000207515,0.00019671
0.0002187,0.00020816,0.00023087,0.00021772,0.00021684
0.000206765,0.0001924,0.00022408,0.00020588,0.00019954
0.000214146,0.00020156,0.00022776,0.000211315,0.00020156
0.000217866,0.00020646,0.00024276,0.000213245,0.00020888
0.000215724,0.00020912,0.00022397,0.000214065,0.00021149
0.000218841,0.00020829,0.00024061,0.000214135,0.00021321
0.000207672,0.00019531,0.00021959,0.000208315,0.00019756
0.000219717,0.00020339,0.00024896,0.00021326,0.00020818
0.000210547,0.00020206,0.00022369,0.00020917,0.00020982
0.000218366,0.00020412,0.00023528,0.000215325,0.00020934
0.000210565,0.00019562,0.00022539,0.00021014,0.00019872
0.000217811,0.00020682,0.00022977,0.000216915,0.00021264
0.000213122,0.00019196,0.00023233,0.000213665,0.00019697
0.000215305,0.00021038,0.00022787,0.00021286,0.00021144
0.000218011,0.00019589,0.0002417,0.000218035,0.00019589
0.000218625,0.00020939,0.00022788,0.000218885,0.00021199
0.000215329,0.00020449,0.00023364,0.00021014,0.00020961
0.000207547,0.00019554,0.00022159,0.00020813,0.00019554
0.000216434,0.00019828,0.0002361,0.00021529,0.00020111
0.000208044,0.00018938,0.00022843,0.00020787,0.0001905
0.000219464,0.00020707,0.00023671,0.00021575,0.00020707
0.000207564,0.00019141,0.00023264,0.00020262,0.00019838
0.000214292,0.00019894,0.00022703,0.00021281,0.00019894
0.00021501,0.00020425,0.00024568,0.000207645,0.00020591
0.000215966,0.00021124,0.00022486,0.00021506,0.00021415
0.000220489,0.00020455,0.0002413,0.000220945,0.00020788
0.000205036,0.00018721,0.00022293,0.000205275,0.0001929
0.000221564,0.00020689,0.00024713,0.00021622,0.00021141
0.00020532,0.00018983,0.00022224,0.00020428,0.00019566
0.000216826,0.00020253,0.0002383,0.000213665,0.00020253
0.000205707,0.00019217,0.00022445,0.00020346,0.00019399
0.000219939,0.0002092,0.00023261,0.000219715,0.00021897
0.00021516,0.00020022,0.00022635,0.000217645,0.00020022
0.000220642,0.00021183,0.00023202,0.000221725,0.00021183
0.000218957,0.00020329,0.00023245,0.000220565,0.00020559
0.000214513,0.00020684,0.00022605,0.000215135,0.00020741
0.000218881,0.00020376,0.00024405,0.00021498,0.00020376
0.000215864,0.00021004,0.00022429,0.000214955,0.00021206
0.000225361,0.00021433,0.00024234,0.000221245,0.00021433
0.000212426,0.00020354,0.00022414,0.000210325,0.00020354
0.00022155,0.00020827,0.00024148,0.000217865,0.0002094
0.000210931,0.00019888,0.0002227,0.000210785,0.00020295
0.000220663,0.0002099,0.00023184,0.000219115,0.00021628
0.000212594,0.00020434,0.00022106,0.000212005,0.00020434
0.00021561,0.00020345,0.00022751,0.000215415,0.00020345
0.000206451,0.00018711,0.0002302,0.000203325,0.00019195
0.000221785,0.00021661,0.0002269,0.000222445,0.00021709
0.000223078,0.00021246,0.00023992,0.000220115,0.00021685
0.000213753,0.00020222,0.000224,0.00021462,0.00020668
0.000216474,0.00020331,0.00023632,0.000212655,0.00020544
0.000212521,0.00020278,0.00022839,0.00020854,0.00020546
0.000217579,0.00020361,0.00023957,0.000212675,0.00020361
0.00020418,0.00018866,0.00021931,0.000204555,0.00019147
0.00021545,0.00020141,0.00023209,0.00021333,0.00020855
0.000212864,0.00019326,0.00023322,0.000212405,0.00019326
0.00021025,0.00019853,0.00022699,0.00020846,0.00020336
0.000219594,0.00019703,0.0002409,0.000218945,0.00020612
0.00021114,0.00020463,0.00022153,0.000208065,0.0002058
0.000220129,0.00020451,0.00024252,0.00021641,0.00020679
0.000213971,0.00020879,0.00022238,0.00021347,0.00021057
0.000220241,0.00020659,0.00024778,0.00021391,0.00020659
0.00020685,0.00019266,0.00022895,0.000204535,0.00019266
0.000219485,0.00020682,0.00023678,0.00021973,0.00021146
0.000206824,0.00019648,0.0002262,0.00020139,0.00019648
0.000213566,0.00019698,0.00023861,0.00020981,0.00020153
0.000208302,0.00019934,0.0002265,0.00020401,0.00020205
0.000221031,0.00021163,0.00023286,0.00022082,0.00021163
0.000216794,0.00020463,0.00023269,0.0002149,0.00020553
0.000207112,0.00018841,0.0002278,0.00020678,0.00019292
0.000218862,0.00020519,0.00024022,0.00021159,0.00020913
0.000217785,0.00021021,0.00023309,0.00021594,0.00021208
0.000223781,0.00021331,0.00024074,0.00022114,0.00021714
0.000214674,0.00020716,0.00022082,0.00021482,0.0002108
0.000217731,0.00020422,0.0002375,0.000212995,0.00020422
0.000212901,0.00020033,0.00022991,0.000211255,0.00020295
0.000218291,0.00020154,0.00024143,0.000215185,0.00020464
0.000210771,0.00019136,0.0002275,0.000210935,0.00019136
0.000218447,0.00021552,0.00022533,0.00021631,0.00021621
0.00021811,0.00020317,0.00023334,0.00021745,0.00020735
0.000219334,0.00021289,0.00023101,0.00021799,0.00021479
0.000216856,0.00019933,0.00024027,0.00021308,0.00020695
0.000215195,0.00020453,0.00022523,0.000216305,0.00020888
0.000218769,0.00020413,0.0002387,0.0002149,0.00020413
0.000212115,0.00019988,0.00022615,0.000212555,0.00020413
0.000215825,0.00020129,0.00023196,0.000213615,0.00020785
0.000218691,0.00020332,0.00024316,0.000215225,0.00021329
0.000211926,0.00019716,0.0002301,0.000209965,0.00020162
0.000213167,0.00019839,0.00023338,0.000208965,0.00020978
0.000212445,0.00019633,0.00023088,0.000211265,0.00019942
0.000218226,0.0002054,0.00023975,0.00021071,0.00020988
0.000212026,0.00020235,0.00022044,0.000211695,0.00020235
0.000224469,0.00020229,0.00025193,0.000219345,0.00021044
0.000210241,0.00020245,0.00022083,0.00020903,0.00020537
0.000217803,0.00020567,0.0002363,0.0002157,0.0002119
0.000210506,0.00020559,0.00022066,0.000208435,0.00020788
0.000218391,0.00020732,0.00023416,0.000218475,0.00021119
0.000209851,0.00019333,0.00024082,0.000203225,0.00019707
0.00022032,0.00021351,0.00023173,0.000218595,0.00021525
0.000214305,0.00019348,0.00023071,0.000216075,0.00020338
0.000210386,0.00019637,0.00022458,0.000208635,0.00019972
0.000217809,0.00020559,0.00024354,0.00021144,0.00020706
0.000213334,0.00020755,0.00022061,0.00021398,0.00020755
0.00022459,0.00021503,0.00023773,0.000222885,0.00021503
0.0002092,0.00020043,0.00021632,0.000209635,0.00020345
0.000220559,0.00020198,0.00024425,0.00021902,0.00020566
0.000205519,0.00018814,0.00022524,0.000204975,0.00019175
0.000219832,0.00020684,0.00023399,0.00021893,0.00021067
0.000220204,0.00021005,0.00022953,0.00022035,0.00022088
0.000220267,0.00021226,0.00022533,0.00022251,0.00022306
0.000212739,0.00020434,0.00023085,0.00020837,0.00020707
0.000216239,0.00020575,0.00022752,0.00021713,0.00020917
0.000215761,0.00020285,0.00023969,0.000210035,0.00020654
0.000207196,0.00019395,0.00022393,0.000205055,0.00019923
0.000219464,0.00020296,0.00024992,0.000213465,0.00020803
0.000204922,0.00019155,0.00022365,0.000202355,0.00019412
0.00021721,0.00020186,0.0002352,0.00021583,0.00021274
0.000217158,0.00020492,0.00022827,0.000217995,0.00020715
0.000216785,0.00020337,0.0002314,0.000214785,0.00020337
0.000213925,0.00019141,0.0002349,0.00021419,0.00019675
0.000215965,0.00019984,0.00023629,0.000215135,0.0002038
0.000217891,0.0001972,0.00024215,0.00021544,0.0001972
0.000205516,0.00018886,0.00022402,0.000204995,0.00018975
0.000222145,0.00019973,0.00024595,0.00022326,0.00020669
0.000204673,0.00018699,0.000221,0.00020576,0.00019172
0.000224274,0.00020927,0.00024386,0.000221415,0.00021631
0.000202124,0.00018738,0.00021926,0.000201815,0.00018738
0.000217349,0.00020779,0.00023025,0.000215735,0.00020779
0.000211231,0.00019808,0.00022196,0.00021179,0.00019808
0.000219752,0.00020795,0.00023717,0.00021725,0.00020795
0.000205935,0.00018989,0.0002328,0.00020117,0.0001935
0.000210112,0.00019527,0.00022536,0.000208785,0.00019527
0.000218162,0.00020961,0.00023169,0.00021558,0.00021264
0.000209075,0.00019654,0.00022363,0.00020787,0.00019974
0.000218715,0.00020168,0.00024185,0.00021244,0.00020629
0.000214061,0.00020844,0.00021972,0.000213455,0.00020919
0.00022441,0.0002162,0.00023442,0.00022489,0.00023062
0.000206384,0.00019528,0.00022256,0.000205295,0.00019791
0.000217104,0.00020401,0.00023362,0.000215125,0.00020401
0.000204057,0.0001924,0.00021879,0.000202035,0.00019475
0.00022081,0.00021157,0.00023296,0.0002214,0.00021157
0.000214227,0.0001966,0.0002305,0.00021509,0.0001966
0.000211602,0.00019869,0.00022734,0.00021,0.0002024
0.000211493,0.00019372,0.00024133,0.00020694,0.00019969
0.0002174,0.00021222,0.00022452,0.00021756,0.0002137
0.000219409,0.0002019,0.00023872,0.00021932,0.00020914
0.000216814,0.00020641,0.00022809,0.0002165,0.00020827
0.000217503,0.00019999,0.00024221,0.000216015,0.00020741
0.00020967,0.00019315,0.00023084,0.00020855,0.00019603
0.00021646,0.00020273,0.00023505,0.00021337,0.00020273
0.00021015,0.00018926,0.00022865,0.000211605,0.00019621
0.000214101,0.00019964,0.00023158,0.00021407,0.00020313
0.000213354,0.00019862,0.00023534,0.000208865,0.00019862
0.000211988,0.00019322,0.00022803,0.00021374,0.00019784
0.000218216,0.00020179,0.00024513,0.000213455,0.00021248
0.000213029,0.00020586,0.00022149,0.000211725,0.00021206
0.000222628,0.00020832,0.00024393,0.00021838,0.00020832
0.000207579,0.00019784,0.00021887,0.000206825,0.00019784
0.0002189,0.0002029,0.00024375,0.0002137,0.00021243
0.000209649,0.0001996,0.00021803,0.000209645,0.00020178
0.000213766,0.00020102,0.00023072,0.000213885,0.00020666
0.000206988,0.00018955,0.00022668,0.000206865,0.00018955
0.00021143,0.00019846,0.00022931,0.00021008,0.00020064
0.000213702,0.00019393,0.00023532,0.000213395,0.00019393
0.000210021,0.00019663,0.00022739,0.000208485,0.00019949
0.000221035,0.00020574,0.00024537,0.00021785,0.00020591
0.00021548,0.00020615,0.00022276,0.00021651,0.00020885
0.000218945,0.00020188,0.00024103,0.00022036,0.00020788
0.000211422,0.00020138,0.00022392,0.000211265,0.00020138
0.000220006,0.00020326,0.0002402,0.00021751,0.00020326
0.000208986,0.00019743,0.00022472,0.00020635,0.00020216
0.000218654,0.00020496,0.00023838,0.00021531,0.00021259
0.000207615,0.00018934,0.00022488,0.00020756,0.0001925
0.000211069,0.00019402,0.00022784,0.00021032,0.00019776
0.000215939,0.00020179,0.00024427,0.0002101,0.00021003
0.000218176,0.00021236,0.00022789,0.00021715,0.00021505
0.000220908,0.00020511,0.00024234,0.000217735,0.00021012
0.000216307,0.00020724,0.00022418,0.00021818,0.00020984
0.00021882,0.00020862,0.0002347,0.00021587,0.00020862
0.000214261,0.00020581,0.00023039,0.00020893,0.0002084
0.000217184,0.00020134,0.0002367,0.000214155,0.00020995
0.000210722,0.00019751,0.00023162,0.000206205,0.00020462
0.000214057,0.0001984,0.00023849,0.000209835,0.00020484
0.000214885,0.00019363,0.00023723,0.000214285,0.00019507
0.00020934,0.0001967,0.00022648,0.00020976,0.00020026
0.000214131,0.00019618,0.00024485,0.000208895,0.00020229
0.000211646,0.00019932,0.00022619,0.00021035,0.00020626
0.000221369,0.00020327,0.00024381,0.000219065,0.00020898
0.00020316,0.00018891,0.00022141,0.000203795,0.00018916
0.000217675,0.00020486,0.00024266,0.00021549,0.00020504
0.000214164,0.00021054,0.00022177,0.00021282,0.00021054
0.000223126,0.00021687,0.00023171,0.000223265,0.00021687
0.000205307,0.00018895,0.00022111,0.000205855,0.00019169
0.000212509,0.00019908,0.00023449,0.000207495,0.00019908
0.000211785,0.00020176,0.00022708,0.00020926,0.00020176
0.000210074,0.0001951,0.00022607,0.000210145,0.00019538
0.000212137,0.00019126,0.00023811,0.00020758,0.00019126
0.000216291,0.0002111,0.00022559,0.00021456,0.0002111
0.000217004,0.00020119,0.00023913,0.000212145,0.00020672
0.000214858,0.00021034,0.00022121,0.00021405,0.00021423
0.000224048,0.00021001,0.00023251,0.000225565,0.00023251
0.000216378,0.0002105,0.0002194,0.00021748,0.0002194
0.000224637,0.00021022,0.00023598,0.00022583,0.00023598
0.000213416,0.00020357,0.0002237,0.000215105,0.00021412
0.000219919,0.00020821,0.00023256,0.00022084,0.00020821
0.000208627,0.000192,0.00022658,0.000208185,0.00019375
0.000217125,0.00020803,0.00022887,0.000216215,0.00020853
0.000217781,0.00019861,0.00023742,0.00021863,0.00019861
0.000220367,0.0002114,0.00023232,0.00021912,0.0002114
0.000218581,0.00020014,0.00024199,0.000216465,0.00020413
0.00021413,0.00020345,0.0002251,0.000213965,0.00020597
0.000217586,0.00020086,0.00023645,0.00021728,0.00020285
0.000208611,0.00019176,0.00022558,0.000208625,0.00019738
0.00021848,0.00020239,0.00023699,0.00021657,0.00021402
0.000206988,0.00018996,0.00023479,0.00020171,0.00019466
0.00021692,0.00020852,0.00022715,0.00021632,0.00020852
0.000218171,0.00020173,0.0002477,0.000213035,0.00020852
0.000215045,0.00021058,0.00022504,0.000214615,0.00021425
0.000218301,0.00020719,0.00024243,0.000211215,0.00021261
0.00021238,0.00019963,0.00022328,0.000213975,0.00020155
0.000222066,0.00020529,0.00024327,0.000219305,0.00021532
0.000206027,0.0001908,0.0002187,0.00020757,0.00019533
0.000222157,0.00020739,0.00023782,0.000221,0.00020739
0.000213229,0.00020621,0.00022138,0.00021309,0.00020802
0.000217004,0.00020446,0.00024001,0.00021546,0.00020446
0.000204591,0.00018713,0.00022664,0.000203275,0.00018794
0.00021394,0.00019919,0.00023114,0.000211775,0.00019919
0.000212233,0.00019122,0.00023016,0.000213985,0.00019166
0.000214471,0.00020971,0.00022244,0.00021375,0.00021013
0.00022071,0.00020608,0.00024054,0.0002183,0.00021124
0.000217854,0.00021057,0.00022599,0.000216335,0.00021625
0.000222317,0.00021343,0.00023809,0.00021943,0.00021795
0.000211388,0.00019935,0.00022165,0.000212495,0.00020136
0.000221324,0.00020664,0.00023738,0.000220125,0.00021428
0.000204809,0.00018865,0.00022088,0.000205265,0.00019008
0.000219238,0.00020456,0.00023594,0.00021719,0.00020456
0.00021015,0.00018971,0.00022801,0.000211645,0.00020131
0.000208424,0.00019047,0.00022906,0.000207925,0.00019205
0.00021954,0.00020774,0.00023125,0.00021754,0.00021717
0.000213974,0.00020416,0.00022718,0.000212695,0.00020453
0.000217144,0.00020387,0.0002383,0.000210215,0.00020853
0.000214597,0.00019825,0.00023002,0.000214995,0.00019998
0.000218598,0.00020051,0.00024983,0.00021247,0.00020893
0.000211188,0.00019901,0.00022722,0.000207175,0.00020634
0.000221155,0.00020387,0.00023592,0.000220095,0.0002151
0.000212442,0.00019452,0.00023163,0.000212375,0.00019452
0.000213059,0.00020135,0.00023231,0.000209745,0.00020135
0.000215689,0.00019204,0.00023812,0.00021612,0.00019453
0.000214927,0.00020769,0.00022859,0.000213615,0.00020878
0.000221531,0.00019941,0.00024569,0.00021972,0.000205
0.000215116,0.00020501,0.00022876,0.000213135,0.00020501
0.000220321,0.00019927,0.00025204,0.00021474,0.00020558
0.000215361,0.00021169,0.00022135,0.00021494,0.00021399
0.000223686,0.00021855,0.00023082,0.00022376,0.00021855
0.000205315,0.00019401,0.00021545,0.00020441,0.00019658
0.0002145,0.00019744,0.00023484,0.000211625,0.00020388
0.000207771,0.0001968,0.00022767,0.000202355,0.00020187
0.000215113,0.00020201,0.0002323,0.000212525,0.00020672
0.000211891,0.00020143,0.00023856,0.00020456,0.00020144
0.00021949,0.00020834,0.00023046,0.00022094,0.00020834
0.000217086,0.00020515,0.00023844,0.00021307,0.000206
0.000211489,0.00020126,0.00022272,0.000210755,0.00020126
0.000217229,0.00019999,0.00024257,0.00021072,0.00020743
0.000210782,0.0002045,0.00022037,0.000207885,0.0002045
0.00021875,0.0002057,0.00024359,0.000211395,0.0002057
0.000210854,0.00019833,0.00022549,0.000210665,0.00020066
0.000219469,0.00020733,0.00023855,0.0002147,0.00020806
0.000209763,0.00018958,0.00022969,0.00020975,0.00018958
0.000212004,0.00019448,0.00023344,0.00020791,0.00019448
0.000210985,0.00019778,0.0002273,0.000209595,0.00019862
0.00021853,0.00020819,0.00023045,0.000219575,0.00021102
0.000217156,0.00019473,0.00024175,0.000217145,0.00020574
0.000216658,0.00020535,0.0002297,0.000217025,0.00020724
0.00021899,0.00019841,0.00024218,0.00021685,0.00020676
0.000214246,0.00020129,0.00022775,0.00021565,0.00020322
0.000221097,0.00020481,0.00023893,0.000219505,0.00020481
0.000215237,0.000202,0.00023186,0.00021412,0.00020394
0.000213346,0.0001944,0.00023698,0.000212035,0.00019923
0.000210099,0.00019854,0.00023078,0.000205635,0.0002011
0.000214914,0.0002014,0.00023122,0.00021297,0.0002014
0.000214351,0.00019894,0.00024537,0.000207505,0.00020547
0.000219341,0.00021142,0.00023037,0.000217255,0.00021611
0.00021794,0.00020534,0.00024309,0.00021208,0.00020922
0.000210805,0.00019504,0.00022588,0.00021013,0.00020012
0.00021809,0.00020133,0.00023691,0.000216095,0.00020902
0.000205624,0.00019362,0.00021862,0.000205655,0.00019652
0.000216726,0.00019756,0.00023898,0.000215015,0.00019756
0.000206964,0.00019187,0.00022285,0.00020761,0.00019187
0.000219883,0.00020957,0.00023506,0.00022059,0.00021286
0.000205316,0.0001928,0.00021824,0.00020522,0.00019293
0.000218374,0.00020949,0.00022961,0.000217825,0.00021637
0.000217624,0.000204,0.00023083,0.00021804,0.0002051
0.000209596,0.00019698,0.00022612,0.00020883,0.00019698
0.000217729,0.00020121,0.00024416,0.00021194,0.00020737
0.000216118,0.0002053,0.00022795,0.000216795,0.00020766
0.000221999,0.00020582,0.00024384,0.000217415,0.000209
0.000215022,0.00020651,0.00022388,0.000215615,0.00020897
0.000219836,0.00020972,0.00023544,0.00021783,0.00021586
0.000212818,0.00020306,0.00022189,0.000213075,0.00020834
0.000216959,0.00020229,0.00023564,0.00021291,0.00020229
0.000211094,0.00019749,0.00023109,0.00020777,0.0002002
0.000226646,0.0002192,0.00023098,0.00022703,0.00022846
0.000215155,0.00020194,0.00023671,0.0002126,0.00021515
0.000222226,0.00021706,0.00022905,0.000223545,0.00022538
0.000221791,0.0002111,0.00024097,0.00022134,0.0002111
0.000210235,0.00019483,0.00022818,0.000210345,0.00019734
0.000216735,0.00020227,0.0002407,0.00021607,0.00021038
0.000211639,0.00020236,0.0002271,0.000209575,0.00020489
0.000219827,0.00020754,0.00023838,0.000220125,0.00021039
0.000211467,0.00019108,0.00022729,0.000212775,0.00020136
0.000216063,0.00020364,0.00023397,0.000213105,0.00020364
0.000211036,0.00019378,0.0002365,0.000207325,0.00019418
0.000216454,0.00020891,0.00022756,0.00021486,0.00020959
0.00021345,0.00019183,0.00024552,0.000209545,0.00019678
0.000207374,0.00019581,0.00022191,0.000207055,0.00019849
0.000216652,0.00019767,0.00024569,0.000211095,0.00019897
0.000208985,0.00019421,0.0002224,0.00021064,0.00019617
0.000223434,0.00020991,0.00024413,0.000219465,0.00021052
0.00020339,0.00018765,0.0002203,0.000202985,0.00019008
0.000222261,0.00020926,0.00023808,0.00022061,0.00020926
0.000207151,0.00019199,0.00022015,0.000208055,0.00019416
0.000211927,0.00019704,0.00022911,0.00020906,0.00019978
0.000216972,0.00021123,0.00022631,0.000215315,0.00021162
0.000217519,0.0002113,0.00022598,0.000217535,0.00021704
0.000218234,0.00020113,0.00023286,0.00022022,0.00021829
0.000217195,0.00021191,0.00022655,0.000215235,0.00021474
0.000220029,0.00020496,0.00023228,0.000220425,0.00021001
0.00020802,0.00019686,0.00022538,0.00020597,0.00020155
0.000221771,0.0002054,0.00024072,0.00021976,0.00021085
0.000211677,0.00019735,0.00022711,0.000212005,0.00019883
0.000218045,0.00020414,0.00024389,0.00021262,0.00020608
0.000213564,0.00019435,0.00022887,0.00021556,0.00019774
0.000217941,0.00020888,0.0002318,0.000215765,0.00021564
0.000207085,0.00018882,0.00022102,0.000209525,0.00020156
0.000219666,0.00021286,0.00022923,0.000218435,0.0002167
0.000220664,0.00020147,0.00024394,0.000219115,0.00020325
0.000217506,0.00021076,0.00022587,0.000216455,0.00021076
0.000219152,0.0002026,0.00023863,0.00021753,0.00020781
0.000214576,0.00020503,0.00022453,0.00021502,0.00020644
0.000218413,0.0002025,0.00023678,0.00021612,0.00021056
0.000208211,0.00018898,0.00022657,0.000212125,0.00020455
0.000215123,0.00019825,0.00024042,0.0002115,0.00020371
0.000206765,0.00019249,0.00023184,0.00020147,0.00019249
0.000218181,0.00020045,0.0002371,0.00021515,0.00020045
0.000217228,0.00020595,0.00023267,0.0002133,0.00020678
0.000214366,0.00020554,0.00022427,0.00021381,0.00020554
0.000221449,0.00020523,0.00023957,0.000219875,0.00021603
0.000213038,0.00020572,0.00022221,0.000211705,0.00020911
0.000222394,0.00021015,0.00023666,0.00022175,0.00021583
0.000207614,0.00019711,0.0002193,0.000207185,0.00019711
0.000221195,0.00020705,0.00023859,0.00021865,0.0002096
0.000205184,0.00018814,0.000222,0.000205205,0.00019234
0.00021533,0.00020438,0.00023401,0.00021371,0.00020496
0.000205875,0.00018931,0.00022805,0.000202695,0.00019247
0.000221019,0.00021308,0.00023648,0.000219945,0.00021308
0.000217886,0.00020482,0.00023315,0.000216995,0.00020482
0.000214056,0.00020103,0.00022506,0.00021412,0.00020103
0.00021905,0.00020763,0.00024223,0.00021279,0.0002098
0.000217501,0.00021353,0.00022466,0.00021623,0.00021358
0.000223317,0.00020763,0.00024543,0.00022031,0.00020763
0.00020695,0.00019256,0.00022289,0.00020611,0.00019256
0.000223804,0.00020864,0.00024142,0.00022044,0.00020864
0.000212764,0.00020073,0.0002251,0.000213015,0.00020108
0.000217584,0.00020319,0.00023314,0.00021747,0.00020461
0.000212655,0.00019729,0.00022563,0.00021558,0.00019729
0.00021469,0.00019717,0.00023247,0.000213805,0.0001985
0.000210601,0.00019311,0.00023305,0.00020555,0.00020299
0.000219258,0.00021252,0.00022792,0.00021788,0.00021252
0.000220303,0.0002038,0.00023757,0.0002198,0.0002121
0.000206198,0.00019029,0.00022471,0.00020669,0.00019029
0.000216882,0.00019844,0.00024439,0.00021431,0.00020683
0.000213926,0.00020093,0.00022813,0.00021283,0.00021073
0.000221586,0.00020852,0.00023693,0.00022022,0.00020852
0.000208497,0.00019515,0.00022741,0.000204255,0.00020125
0.000210409,0.00019839,0.0002313,0.0002082,0.0002026
0.000214959,0.0001885,0.00023959,0.00021574,0.00019138
0.000208823,0.00019309,0.00022899,0.000205065,0.00019309
0.000220234,0.00019946,0.00024764,0.000216775,0.00020486
0.000212059,0.00020008,0.0002216,0.000212725,0.00020008
0.000223483,0.00020517,0.00024402,0.00022259,0.0002095
0.000208668,0.00020026,0.00021996,0.000207295,0.00020184
0.000223272,0.00020338,0.0002435,0.000223305,0.00021189
0.0002055,0.0001945,0.00021996,0.00020415,0.00019736
0.000220309,0.00020034,0.00024605,0.000217345,0.00020926
0.000205461,0.00019658,0.00022179,0.00020157,0.00019736
0.000218196,0.00020225,0.00024499,0.00021299,0.000205
0.000212203,0.00020108,0.00023304,0.00020683,0.00020336
0.000209219,0.00019133,0.00023324,0.000206665,0.00019431
0.00021755,0.00020708,0.00023511,0.00021534,0.00020708
0.000204661,0.00019,0.00022303,0.00020272,0.00019
0.000218733,0.00020569,0.00024332,0.00021236,0.00020981
0.00021049,0.00020203,0.00022121,0.00020885,0.00020308
0.000218507,0.00020299,0.00024229,0.00021602,0.00020736
0.000210846,0.00020227,0.00022353,0.00020938,0.00020387
0.000217572,0.00020067,0.00023697,0.000216875,0.00020905
0.000211815,0.00019517,0.00022464,0.00021358,0.00019517
0.000223026,0.00021577,0.00023266,0.000221165,0.00021577
0.000214047,0.00019809,0.00023251,0.00021148,0.00020366
0.000215771,0.00020704,0.00022749,0.00021537,0.00020903
0.000213534,0.00019903,0.00024262,0.000208205,0.00020261
0.000217276,0.00021038,0.00022529,0.000217705,0.00021161
0.000218661,0.00019821,0.0002457,0.00021686,0.00020651
0.000214184,0.00020315,0.00022937,0.00021229,0.00020315
0.000217789,0.00020061,0.00023763,0.000216865,0.00020786
0.000211655,0.0001955,0.00023078,0.000210255,0.00019703
0.000215955,0.00020023,0.00023433,0.000213645,0.00020023
0.000210965,0.00019794,0.00022962,0.00020835,0.00020388
0.000213426,0.00019638,0.00023276,0.00021298,0.00019787
0.000213807,0.00019506,0.00024718,0.00020838,0.00020803
0.000207611,0.00019485,0.0002239,0.00020777,0.00019934
0.000226884,0.00021691,0.0002491,0.00022095,0.00022113
0.000211391,0.00020184,0.0002234,0.00021089,0.00020203
0.000221544,0.00020461,0.00025355,0.00021515,0.00021135
0.000215646,0.00020982,0.00021869,0.000216235,0.00020982
0.00022979,0.00021038,0.00024215,0.000233915,0.00024104
0.000211501,0.00020229,0.00021997,0.000212745,0.00021716
0.000219637,0.00020784,0.00022939,0.000220675,0.00022118
0.000207173,0.00019784,0.00022518,0.00020236,0.00019883
0.000212728,0.00020023,0.00023246,0.000210375,0.00020694
0.000220949,0.00020536,0.00023869,0.000219435,0.00020536
0.000216069,0.00020765,0.0002265,0.000216165,0.00021022
0.000215485,0.0001976,0.00024016,0.000211405,0.0002025
0.000215886,0.00020927,0.00022369,0.00021508,0.00021229
0.000221901,0.00020068,0.00024463,0.00022012,0.00021339
0.0002095,0.00019537,0.00022292,0.000208795,0.00019902
0.000220761,0.00020287,0.00023967,0.00022007,0.00021401
0.000204748,0.00019004,0.00022364,0.00020137,0.00019445
0.000219419,0.00020912,0.00023337,0.000218575,0.00021171
0.000207501,0.00020211,0.00021321,0.000206585,0.00020211
0.000220286,0.00021185,0.00023327,0.00021967,0.00021449
0.000211709,0.00019358,0.00023382,0.000208485,0.00019358
0.000214876,0.0002049,0.00022527,0.000214495,0.00020507
0.000216374,0.00020205,0.00024094,0.00021178,0.00020579
0.000210623,0.00019592,0.00022819,0.00021021,0.00019592
0.000217411,0.0002006,0.00023835,0.000215585,0.00020537
0.000207866,0.00019158,0.00022779,0.000206025,0.00019558
0.000216436,0.0002028,0.00023918,0.000214635,0.00020434
0.00021352,0.00018949,0.00023044,0.000215555,0.00018949
0.0002152,0.00020377,0.00022888,0.00021506,0.00020377
0.000215846,0.0001969,0.0002352,0.00021613,0.00019955
0.000206362,0.00019365,0.00022802,0.000204255,0.00019365
0.000220178,0.00019914,0.00024335,0.000219075,0.00020539
0.000217535,0.00020273,0.00022678,0.000219355,0.00022419
0.000224459,0.00020885,0.00023976,0.000224995,0.00022437
0.000214898,0.00019937,0.00022894,0.000214555,0.00020579
0.000221252,0.00021055,0.00023847,0.00021587,0.00021548
0.000211632,0.00020177,0.00023158,0.00020721,0.00020177
0.00021713,0.00020302,0.0002415,0.000214135,0.00020898
0.00022037,0.00020666,0.00024314,0.000217105,0.00020666
0.000223121,0.000209,0.00023942,0.0002227,0.000209
0.000220426,0.00020154,0.00025449,0.000212455,0.00020154
0.000221116,0.00019937,0.00024373,0.000221995,0.00020529
0.000221484,0.00020464,0.000249,0.0002167,0.00020464
0.00021056,0.00020083,0.00022421,0.00020811,0.00020373
0.000219294,0.00020058,0.00024634,0.00021571,0.00020058
0.000226196,0.00020153,0.00025204,0.000224385,0.00020164
0.000221117,0.00021027,0.0002406,0.00021971,0.00021732
0.00020689,0.00019347,0.00022676,0.000204095,0.0002011
0.000213889,0.00020433,0.0002314,0.000212945,0.00020675
0.000213855,0.00020358,0.00023944,0.00020639,0.00020401
0.000210505,0.00019184,0.00023254,0.00020956,0.0001922
0.00021968,0.00020471,0.00024551,0.000214045,0.00020489
0.000222353,0.00020802,0.00023749,0.000221915,0.00021441
0.000222971,0.00020089,0.00025744,0.00021691,0.00021097
0.000214501,0.00020573,0.00022911,0.00021217,0.00020803
0.000223184,0.00020412,0.00025682,0.000217015,0.00021046
0.000209399,0.00019433,0.00022966,0.00020737,0.00019877
0.000219286,0.00020473,0.0002446,0.000214095,0.00021127
0.000211575,0.00020082,0.00023375,0.00020555,0.00020082
0.000217256,0.00020212,0.00024088,0.00021547,0.0002077
0.000212906,0.00019717,0.00024063,0.00020579,0.00020189
0.000220302,0.00021066,0.00023532,0.00021833,0.00021694
0.000219087,0.00020188,0.00024632,0.00021253,0.00020188
0.000211851,0.00019389,0.00023414,0.00021009,0.00019389
0.000217466,0.00019752,0.00025058,0.00021374,0.00019752
0.000215585,0.00020987,0.00022979,0.0002119,0.00021182
0.000219994,0.00020761,0.00024549,0.00021712,0.0002121
0.000214354,0.00019522,0.00023351,0.000213785,0.00020268
0.000213165,0.00020038,0.00023363,0.000211595,0.00020859
0.000215196,0.00019553,0.00023869,0.000212525,0.00020348
0.000215125,0.00020438,0.0002254,0.000214045,0.00021213
0.000218357,0.00020215,0.00024481,0.00021198,0.00020445
0.000213817,0.0002041,0.0002265,0.00021404,0.00020564
0.000227123,0.00020773,0.00025791,0.00022284,0.00020836
0.000215479,0.00020789,0.00022527,0.00021405,0.00021474
0.000224135,0.00020346,0.00025495,0.000219805,0.00021017
0.000231661,0.00021884,0.00024859,0.000230905,0.00022196
0.00022428,0.00020816,0.0002483,0.00022049,0.00021516
0.00021346,0.00019098,0.00023303,0.000214035,0.00019851
0.000222886,0.00021075,0.00024131,0.00022132,0.00021846
0.000214279,0.00020439,0.00023542,0.000209365,0.00020483
0.000212947,0.00019687,0.00023792,0.000211025,0.00020139
0.00021726,0.0002004,0.00024581,0.00021083,0.0002004
0.000215077,0.00020605,0.00022612,0.00021399,0.000213
0.000223299,0.00021161,0.00024261,0.00021889,0.00021161
0.000209828,0.00019619,0.00022609,0.00020916,0.00020239
0.00022177,0.00020458,0.00025253,0.000214395,0.00021028
0.000208816,0.00019562,0.00022568,0.000206545,0.00019773
0.000218941,0.0002048,0.00023674,0.00021516,0.0002048
0.000206961,0.00019282,0.00022858,0.00020376,0.00020018
0.000221805,0.00021298,0.00023892,0.000218885,0.00021896
0.000210881,0.00019688,0.00023636,0.00020618,0.00020341
0.000217676,0.00020519,0.00023397,0.00021742,0.00020729
0.00021774,0.00020248,0.00024474,0.000210615,0.00020248
0.000216576,0.00019992,0.00023632,0.000215095,0.00020352
0.000220192,0.00020304,0.00025652,0.00021164,0.00020304
0.000208843,0.00019422,0.00022933,0.000206375,0.00019422
0.00021913,0.00019833,0.00025444,0.00021342,0.00019833
0.000212983,0.00020346,0.00023216,0.00020787,0.00020547
0.000215961,0.0001966,0.00024975,0.00020961,0.00019759
0.000209774,0.00019422,0.00023586,0.00020602,0.00020141
0.00021569,0.00019981,0.00024123,0.000212935,0.00020726
0.000213584,0.00019879,0.00024244,0.000205815,0.00019967
0.000213473,0.00020195,0.00023121,0.00021041,0.00020605
0.000219279,0.00020397,0.00024675,0.000211055,0.00020397
0.000209707,0.00019896,0.00022657,0.000208065,0.00020315
0.000224454,0.00020557,0.00025454,0.000220695,0.00021171
0.000212905,0.0002078,0.00022571,0.00021044,0.00021157
0.000260395,0.00020101,0.00038959,0.00022252,0.00020977
0.000207555,0.00019565,0.00021969,0.00020674,0.00020037
0.000220902,0.0002099,0.00024325,0.00021668,0.00021497
0.000208821,0.00019836,0.00022906,0.00020485,0.00019836
0.000217622,0.00020734,0.00023343,0.000214875,0.00021438
0.000214424,0.00020453,0.000236,0.000208425,0.00020637
0.000219398,0.00021509,0.00023208,0.00021737,0.00021794
0.000217536,0.00020246,0.00024513,0.00021099,0.00020246
0.00021475,0.00020314,0.0002308,0.00021338,0.00020797
0.000332818,0.00031388,0.00035069,0.00033477,0.0003225
0.000219441,0.00021193,0.00022547,0.000220385,0.00021604
0.000228206,0.00021584,0.00024363,0.000225285,0.00022401
0.000215805,0.00020898,0.00022688,0.00021488,0.0002091
0.000220906,0.00020555,0.00024964,0.00021506,0.0002107
0.000210827,0.00020146,0.00023308,0.00020505,0.00020217
0.00021087,0.00019142,0.00023505,0.0002099,0.00019253
0.000214775,0.00019621,0.00024333,0.00020954,0.00020529
0.000221465,0.00021105,0.00023566,0.00022047,0.00021727
0.000219281,0.00020377,0.00024413,0.00021351,0.00020571
0.000219423,0.00021382,0.0002307,0.000218365,0.00021383
0.000222529,0.00021009,0.00024845,0.000219595,0.00021292
0.000215158,0.00020796,0.00022905,0.000211645,0.00020827
0.000217739,0.00020031,0.00024483,0.00021482,0.00020269
0.000210761,0.00019352,0.00023486,0.00020823,0.00020351
0.000215386,0.0002019,0.00024007,0.000211195,0.00020693
0.000211331,0.00019392,0.00023514,0.000208325,0.00020483
0.000209904,0.00019334,0.00023342,0.00020622,0.00019911
0.000214689,0.00019624,0.00024719,0.000207825,0.00020187
0.000223035,0.00020735,0.00023864,0.000223335,0.00021269
0.000217399,0.00019988,0.00024128,0.000213895,0.00020544
0.000222106,0.00020335,0.00024055,0.00022267,0.00021141
0.000219215,0.00020057,0.00024365,0.000216315,0.00020372
0.00021393,0.00020302,0.00022966,0.00021204,0.00020864
0.000222878,0.00020584,0.00025364,0.000218285,0.00021278
0.000207441,0.00019698,0.00022819,0.000203595,0.0001986
0.000219741,0.00020846,0.00024353,0.000214295,0.0002159
0.000211593,0.00019974,0.00023155,0.000208135,0.00019974
0.000214634,0.00019487,0.00024196,0.000211225,0.00019487
0.000220158,0.00019762,0.00025034,0.000217295,0.00019762
0.000212473,0.00019691,0.00022702,0.00021306,0.00020794
0.000218863,0.00019809,0.00024746,0.000215445,0.00019809
0.000216651,0.00020822,0.00022864,0.00021641,0.00020906
0.000226519,0.00020082,0.00026262,0.0002224,0.00020746
0.000209048,0.00019637,0.00023089,0.00020557,0.00019806
0.000214247,0.00019635,0.00023716,0.0002095,0.00019995
0.00021161,0.00020198,0.00023195,0.00020725,0.00020356
0.000215479,0.00020022,0.00023244,0.000213485,0.00020641
0.000209036,0.00019276,0.00023301,0.000204885,0.00020289
0.000217235,0.00021031,0.00022606,0.00021604,0.00021709
0.000215942,0.00019399,0.00025595,0.0002084,0.00020568
0.000230838,0.00022531,0.00023667,0.000230965,0.00022968
0.000216766,0.00019927,0.00023886,0.000213175,0.0002052
0.000218764,0.00021282,0.00022869,0.00021688,0.0002182
0.000222949,0.0002013,0.00024653,0.00022211,0.0002013
0.000210289,0.00019863,0.00022806,0.00020737,0.00020022
0.000218835,0.00020121,0.00024251,0.00021553,0.00020346
0.000213006,0.00020067,0.0002369,0.00020847,0.00020967
0.000221104,0.00021162,0.0002402,0.000217325,0.00021791
0.000215425,0.00019927,0.0002429,0.000209395,0.00019927
0.000218115,0.00019866,0.00023679,0.000217425,0.00020401
0.000223871,0.00020036,0.0002502,0.00022155,0.00020315
0.000210639,0.00020216,0.00022483,0.00020825,0.00020365
0.000224316,0.00020284,0.00025816,0.000219075,0.00020987
0.000213032,0.00020598,0.00022137,0.000212645,0.00021216
0.000219809,0.00020203,0.00024648,0.00021586,0.00021337
0.000204496,0.00019123,0.0002175,0.00020549,0.00019829
0.000217846,0.00020073,0.00023661,0.000219035,0.00020968
0.000206916,0.00019526,0.00022317,0.00020355,0.00020206
0.000215683,0.00020165,0.00023524,0.00021258,0.00020974
0.000216972,0.00019797,0.0002337,0.00021857,0.00019797
0.000220124,0.0002128,0.00022657,0.00021994,0.00022472
0.000216436,0.00020983,0.00022887,0.00021492,0.00021338
0.000213079,0.00019964,0.00022819,0.000212605,0.00020842
0.000220995,0.00020247,0.00025719,0.000215405,0.0002036
0.000211379,0.00020346,0.00022746,0.00020677,0.00020428
0.000225053,0.00020609,0.00025883,0.000218635,0.00020678
0.000207178,0.0001972,0.00022552,0.000201925,0.0001979
0.000220065,0.00020493,0.0002478,0.00021609,0.00021201
0.000208848,0.00019221,0.00023568,0.000203795,0.00020108
0.000224045,0.00021475,0.0002429,0.000221405,0.00021731
0.000212644,0.00019496,0.00024146,0.00020565,0.00019496
0.000212274,0.00019399,0.00023265,0.000211365,0.00019684
0.00021774,0.0001986,0.00024123,0.00021561,0.00020252
0.00021395,0.00019683,0.00023388,0.00021261,0.00020607
0.000220387,0.00020071,0.00025428,0.00021379,0.00020071
0.000210525,0.0001956,0.00023763,0.0002053,0.00019688
0.000217108,0.00020121,0.00024314,0.00021226,0.00020869
0.000213451,0.00020077,0.00023603,0.00021017,0.00020089
0.000214939,0.00019913,0.00023,0.000213435,0.00021004
0.000209469,0.00019318,0.00023404,0.00020497,0.0002022
0.000214122,0.00020394,0.00022704,0.00021233,0.00020983
0.000218046,0.00020096,0.00024957,0.000212405,0.00020096
0.000215589,0.00020243,0.00023115,0.00021532,0.00021126
0.0002207,0.00020139,0.000246,0.00021674,0.00020241
0.000223326,0.0002137,0.00023169,0.00022288,0.00023169
0.000270566,0.00021082,0.0003238,0.00027569,0.00031327
0.000212799,0.00020378,0.00021671,0.000215685,0.00021638
0.000227776,0.00021564,0.00024583,0.000225575,0.00022322
0.000208211,0.00019728,0.00022662,0.00020266,0.00020042
0.000221265,0.00020691,0.00024523,0.000216,0.00021181
0.000212735,0.00019938,0.00023474,0.000208765,0.00019938
0.000214025,0.00019723,0.00023074,0.00021121,0.0002039
0.000217722,0.00020519,0.00023849,0.00021384,0.00020519
0.000216175,0.00020572,0.00022815,0.000217155,0.00021435
0.000219392,0.00020309,0.00024316,0.000215655,0.00020576
0.000213248,0.00019644,0.00023253,0.00021231,0.00020302
0.00022296,0.00020484,0.00025678,0.000216515,0.00021195
0.000210322,0.00020279,0.00022657,0.000205875,0.00020407
0.000223151,0.00021285,0.000243,0.00021808,0.0002178
0.000207158,0.00019615,0.00022681,0.00020285,0.00020148
0.000219045,0.00021048,0.00023692,0.000216875,0.00021329
0.000208177,0.00019342,0.00023182,0.00020434,0.00020226
0.000215175,0.0002037,0.00023242,0.000213575,0.00020843
0.000218437,0.00020635,0.00024457,0.00021026,0.00020635
0.000219448,0.00020431,0.00023691,0.000219035,0.00021091
0.000219589,0.00020262,0.00025418,0.00021051,0.00020262
0.000218594,0.00020202,0.00023718,0.00021678,0.00020407
0.000221645,0.00020624,0.00024771,0.000215975,0.00021395
0.000210271,0.00019893,0.0002335,0.000204755,0.00019893
0.000215815,0.00019809,0.00023685,0.000212385,0.00020769
0.000208459,0.00019256,0.00023539,0.000203335,0.00019916
0.000217604,0.00019988,0.00024586,0.000213025,0.00020783
0.000214691,0.00019804,0.00024218,0.00020936,0.00019872
0.000224181,0.00020623,0.00024439,0.000224045,0.0002136
0.000215117,0.00018934,0.00024099,0.000215955,0.00018934
0.000215212,0.0002088,0.0002224,0.00021442,0.00021412
0.000222881,0.0002055,0.00025062,0.00021916,0.00021153
0.000207285,0.00019747,0.00022132,0.000204555,0.00019747
0.000217466,0.00020025,0.00024566,0.000213085,0.0002019
0.000207398,0.00019481,0.0002289,0.000202735,0.00019654
0.000218088,0.00020487,0.0002326,0.00021501,0.00021319
0.000207281,0.00019893,0.00022386,0.000202815,0.00019982
0.000218341,0.00020447,0.00023539,0.000215955,0.00021027
0.000211506,0.00019894,0.00023462,0.00020511,0.00020181
0.000213828,0.00020068,0.00023061,0.00021368,0.00020661
0.000218905,0.00019985,0.00024221,0.00021526,0.00019985
0.000211213,0.00019252,0.0002286,0.000212325,0.00019252
0.000222986,0.00020617,0.00025634,0.000216775,0.00020617
0.000216106,0.00020805,0.00023168,0.000212975,0.00020884
0.000220255,0.00020345,0.00024262,0.000219505,0.0002106
0.000214825,0.00020184,0.00023336,0.00021222,0.00020417
0.000225378,0.00021757,0.00024314,0.000221345,0.00021823
0.00021631,0.00020335,0.00023184,0.00021569,0.00020335
0.000229039,0.000222,0.00024136,0.000229315,0.00022484
0.000220209,0.00020797,0.00024383,0.000212355,0.00020797
0.000221997,0.00021474,0.00023353,0.00022075,0.00021788
0.000222751,0.0002064,0.00024401,0.000218025,0.0002064
0.000223195,0.00021334,0.00024162,0.00021855,0.00021539
0.00022125,0.00020475,0.00024159,0.000219455,0.00020475
0.000218727,0.00020899,0.00023189,0.000217815,0.00021059
0.00021987,0.00021014,0.00023837,0.00021691,0.0002102
0.000216826,0.00020273,0.00023077,0.00021707,0.00020273
0.000222885,0.00021414,0.00023718,0.00022112,0.00021532
0.000221141,0.00020201,0.00023968,0.00022176,0.00020201
0.000221261,0.00021428,0.00023004,0.000220445,0.00021509
0.000228891,0.00020134,0.00025955,0.000226765,0.00020134
0.000218107,0.00021068,0.00022598,0.000217085,0.00021539
0.00022559,0.0002065,0.00025958,0.000218455,0.0002065
0.000217689,0.00020383,0.00024056,0.000211985,0.00020865
0.000223416,0.00020458,0.0002568,0.000220735,0.00021604
0.000210102,0.00019802,0.00022873,0.00020665,0.00019806
0.000223905,0.00020845,0.00024026,0.0002206,0.00021188
0.000214521,0.00020621,0.00022565,0.000212855,0.00020621
0.000218638,0.00021073,0.00022748,0.00021784,0.00021073
0.000219671,0.00020606,0.00023838,0.000217495,0.0002076
0.000221595,0.00021334,0.0002298,0.00022134,0.00021599
0.000218712,0.00020948,0.00023973,0.000212395,0.00021059
0.000219349,0.00021194,0.00023149,0.0002153,0.00021521
0.000229948,0.00021094,0.00026384,0.000225005,0.00021094
0.000219939,0.00020731,0.00023622,0.000216535,0.00021607
0.000225269,0.00021171,0.00024673,0.00021973,0.00021477
0.000217083,0.00020952,0.00022897,0.000214075,0.00020952
0.00021739,0.0002061,0.00023276,0.000212985,0.00020727
0.000207281,0.00019146,0.00023403,0.0002032,0.00020004
0.000222266,0.00020983,0.00024303,0.000220475,0.00021665
0.000211518,0.00019604,0.00023766,0.0002057,0.0002039
0.00022063,0.00021059,0.0002357,0.000218645,0.00021655
0.000300761,0.00021446,0.00033019,0.000306815,0.00030127
0.000223852,0.00021945,0.0002295,0.00022296,0.0002295
0.00021898,0.00021121,0.00023656,0.00021733,0.00021558
0.000216862,0.0002096,0.00023127,0.00021465,0.00021582
0.000221513,0.00020215,0.0002546,0.00021662,0.00021263
0.000212076,0.0001983,0.00023424,0.000207505,0.0001983
0.00021939,0.00019856,0.00025114,0.000213815,0.00020666
0.000210664,0.00019227,0.00023582,0.0002072,0.00020482
0.000217961,0.00020672,0.0002405,0.000213655,0.00021038
0.000216565,0.00020236,0.00024378,0.0002098,0.00020392
0.000211745,0.00019768,0.00022721,0.00021009,0.00020593
0.000222025,0.00020031,0.00024876,0.00021882,0.00020136
0.000214859,0.00020516,0.00022631,0.0002142,0.00021468
0.000226909,0.00020185,0.00026581,0.00022114,0.00021107
0.000205704,0.00019022,0.00022117,0.00020577,0.00019809
0.000219629,0.00020009,0.00023847,0.000216565,0.00020009
0.000206365,0.00019583,0.0002234,0.00020186,0.00019583
0.000218806,0.00020378,0.00023434,0.0002168,0.00020532
0.000205667,0.00019279,0.0002243,0.000202395,0.00020021
0.000211866,0.00019616,0.00022735,0.00021015,0.00020592
0.000215651,0.00020208,0.00023633,0.00021145,0.00020538
0.000216496,0.00020822,0.00022983,0.00021476,0.00021202
0.000216461,0.00019992,0.00024688,0.000209345,0.00019992
0.000216143,0.00020899,0.00022731,0.000215935,0.00021699
0.000220325,0.00020583,0.00025269,0.00021094,0.00020938
0.000212425,0.00020625,0.00022379,0.00020985,0.00020985
0.000222061,0.00020837,0.00023812,0.0002174,0.00021305
0.000207885,0.00019989,0.00022505,0.000203065,0.00019989
0.000219724,0.00020254,0.00024925,0.00021373,0.00020815
0.000209246,0.00019589,0.00023496,0.00020389,0.00019802
0.000215824,0.00020039,0.00023404,0.00021271,0.00020755
0.000212286,0.00019464,0.00023834,0.00020757,0.00019603
0.000229625,0.00021148,0.0002484,0.00022935,0.00021655
0.000215589,0.00019656,0.00024034,0.000213875,0.00019991
0.00021896,0.00021457,0.00022427,0.00021777,0.00021846
0.000218942,0.00020279,0.00024099,0.00021663,0.00020853
0.000213298,0.00020432,0.00022831,0.000208875,0.00020752
0.000218508,0.00019952,0.00025387,0.0002111,0.00020267
0.000215637,0.00020245,0.00023301,0.00021354,0.0002051
0.000213868,0.00019838,0.00023576,0.000210545,0.00020655
0.000211275,0.00019456,0.0002371,0.00020699,0.0002039
0.000216543,0.00019294,0.0002392,0.000216655,0.00019727
0.000216813,0.00019852,0.00024342,0.00021291,0.00019991
0.000212296,0.00020047,0.00022831,0.00021103,0.00020644
0.000220282,0.00020283,0.0002549,0.00021035,0.00020283
0.00021689,0.00019204,0.00024267,0.00021746,0.00019204
0.000218572,0.00020051,0.0002401,0.000219245,0.00020975
0.000211175,0.00019376,0.00022995,0.000210415,0.00019898
0.000221076,0.00020045,0.00025331,0.000216415,0.00021117
0.000207861,0.00019783,0.00022499,0.000204785,0.00019783
0.00021664,0.00020163,0.00023359,0.000213035,0.00020832
0.000208706,0.00019359,0.00023474,0.000204005,0.00019359
0.000214909,0.00020017,0.00023617,0.000212665,0.00020672
0.000217445,0.00020274,0.0002435,0.000210465,0.00020312
0.000210026,0.00019182,0.00023879,0.000207255,0.0001944
0.000220195,0.00020292,0.00024163,0.000217845,0.00020292
0.00021688,0.00020947,0.00023191,0.00021404,0.00021204
0.000222476,0.00020392,0.00025069,0.00021668,0.00021126
0.000211111,0.00020035,0.00023354,0.0002068,0.00020328
0.000218034,0.00020445,0.00024303,0.00021361,0.00021278
0.000207424,0.00019445,0.000227,0.00020507,0.00020053
0.00021628,0.00020009,0.0002341,0.000214535,0.00020749
0.000212912,0.00019764,0.00023437,0.000209885,0.00019899
0.000211888,0.00019679,0.00022583,0.000210765,0.00020478
0.000217957,0.00019678,0.00023705,0.000219255,0.00019847
0.000216065,0.00020682,0.00023269,0.00021318,0.0002121
0.00021939,0.00019966,0.00025664,0.00021104,0.00019966
0.000206757,0.00019306,0.00022954,0.00020427,0.00019583
0.000218485,0.00020151,0.00025359,0.000209965,0.00020562
0.00020919,0.00019791,0.00023016,0.000204255,0.00019999
0.000217524,0.00019824,0.00023633,0.00021578,0.00020215
0.000211125,0.00020049,0.00023469,0.00020519,0.00020049
0.000213589,0.00019739,0.0002364,0.0002098,0.00020273
0.000216634,0.00019752,0.00024614,0.00021351,0.00020266
0.00021485,0.00020553,0.00022421,0.00021368,0.00021281
0.000216399,0.00019645,0.00023728,0.000217455,0.00019674
0.000214671,0.00020516,0.00022693,0.00021384,0.00021308
0.000221949,0.00020535,0.00024311,0.00021825,0.00021595
0.000206382,0.00019312,0.00022153,0.0002039,0.00019312
0.000216979,0.00020057,0.00024455,0.00021367,0.00020057
0.000205462,0.0001961,0.00022117,0.00020318,0.00019626
0.000217719,0.00020411,0.00023848,0.000215345,0.00021085
0.000207921,0.00019117,0.00022944,0.000204685,0.00020169
0.000222192,0.00020921,0.00023857,0.00022118,0.00021062
0.000214384,0.0002048,0.00023587,0.000209575,0.00020521
0.000217499,0.00021108,0.00023012,0.00021629,0.00021618
0.000215428,0.00019493,0.00024673,0.00020881,0.00020519
0.000211073,0.00019721,0.00022901,0.000209475,0.00020423
0.000221784,0.00020467,0.00025715,0.000213645,0.00020541
0.000217622,0.00020136,0.0002421,0.000214505,0.00020303
0.000222539,0.00020658,0.00023898,0.00022075,0.00021712
0.000210395,0.00019186,0.00023143,0.00020862,0.00019595
0.000220453,0.00020641,0.00024191,0.00021675,0.00021477
0.000211592,0.00020186,0.00023026,0.00020866,0.00021035
0.00021909,0.00020899,0.00023212,0.000218055,0.00021445
0.000215675,0.00019366,0.0002409,0.000215045,0.00019366
0.000223636,0.0002143,0.00024152,0.00022124,0.00021773
0.000214441,0.0001984,0.00022895,0.00021434,0.00020153
0.000215177,0.00020368,0.00022996,0.000214075,0.00020973
0.000218721,0.00019922,0.0002531,0.000211285,0.00019922
0.000215889,0.00020817,0.00023373,0.000210985,0.00021034
0.000221338,0.00020116,0.00025015,0.00021687,0.00020435
0.000208521,0.0001918,0.00023585,0.00020236,0.00020078
0.000217703,0.0001957,0.00024303,0.000216615,0.00020818
0.000207981,0.00019158,0.00023231,0.00020246,0.00019893
0.000209154,0.00019314,0.00022538,0.0002084,0.00019314
0.000214382,0.00019227,0.00024342,0.00021066,0.00019248
0.00021507,0.00020416,0.00022918,0.00021376,0.0002099
0.000221921,0.00020454,0.00025562,0.00021687,0.00020494
0.000204246,0.00018931,0.00022184,0.000203225,0.00018931
0.000222542,0.00020465,0.0002575,0.00021773,0.00020619
0.000211487,0.00020466,0.00022516,0.00020809,0.00020621
0.000225101,0.0002157,0.00024455,0.000222255,0.000218
0.000204901,0.00019056,0.00022902,0.00020119,0.00019674
0.000219679,0.00020665,0.00024457,0.00021454,0.00021194
0.000217281,0.00020713,0.00023382,0.000214255,0.00021359
0.000216119,0.0002059,0.00023776,0.00021142,0.00020912
0.000216515,0.00020077,0.00024351,0.000211255,0.00020077
0.000211739,0.0001975,0.00022537,0.00021233,0.00020487
0.000221265,0.00020225,0.0002491,0.00021637,0.00020425
0.000210708,0.0001935,0.00024038,0.000207185,0.0001935
0.000224924,0.00021094,0.00024916,0.0002198,0.00021394
0.000214212,0.00020273,0.0002334,0.00021176,0.00020534
0.000220846,0.00020556,0.0002434,0.000218025,0.00021181
0.000217486,0.00020312,0.00023253,0.00021775,0.00020312
0.000212709,0.00019743,0.00023473,0.000209755,0.0001986
0.00020976,0.00019641,0.00023118,0.00020705,0.00020042
0.000218989,0.00021115,0.00023094,0.00021718,0.00021768
0.000216225,0.00020213,0.00024349,0.00020858,0.00020492
0.000214741,0.00020176,0.00023506,0.00021181,0.0002079
0.000218594,0.00020243,0.00024588,0.00021248,0.00020243
0.000209816,0.00019524,0.00023012,0.00020567,0.00020229
0.000223749,0.00021081,0.0002524,0.000217275,0.00021428
0.00021168,0.00020308,0.00023126,0.00020687,0.00020589
0.000216406,0.00019911,0.00024014,0.00021166,0.00020564
0.000211179,0.00019485,0.0002377,0.000205025,0.00020236
0.000215877,0.00020148,0.00023845,0.00021475,0.00021065
0.000214767,0.00019287,0.00024524,0.000208525,0.00020407
0.00021237,0.00019885,0.00023282,0.000208495,0.00020311
0.000217969,0.00019591,0.00024842,0.000211565,0.00019591
0.000212325,0.00020417,0.00022177,0.00021239,0.00020972
0.000216439,0.0001979,0.00023954,0.000215135,0.00019866
0.00020636,0.0001909,0.0002229,0.000206315,0.0001909
0.000218679,0.00020101,0.00023971,0.000216385,0.00021245
0.000210586,0.0002051,0.00022437,0.00020712,0.00020719
0.000217236,0.00020295,0.00024075,0.000212975,0.00020295
0.000207028,0.00019627,0.00022934,0.000202625,0.00019972
0.000212071,0.00019451,0.00023033,0.00021091,0.00019579
0.000208619,0.00019539,0.00023655,0.000202385,0.00019757
0.000218413,0.00021095,0.00023129,0.000217555,0.00021712
0.000223446,0.00020282,0.00025346,0.00022,0.00020282
0.000211824,0.00019935,0.00022631,0.000212355,0.00020731
0.00022076,0.00019985,0.00025575,0.00021523,0.0002006
0.000218361,0.00020239,0.00023573,0.00021761,0.00020388
0.000222627,0.00020737,0.00025221,0.00021695,0.00021482
0.000209433,0.00020254,0.00022841,0.00020396,0.00020307
0.000220351,0.00020588,0.00024795,0.000214245,0.00021083
0.000209224,0.00019405,0.0002373,0.000203855,0.00019979
0.000219739,0.0002046,0.00024267,0.000216105,0.00021369
0.000211673,0.00019284,0.00023644,0.00020774,0.00020499
0.000219307,0.00021211,0.00022696,0.000218595,0.00021956
0.000214516,0.00019775,0.00023532,0.000213185,0.00019898
0.00021462,0.00020041,0.00023054,0.00021216,0.00020608
0.000221076,0.00020218,0.00024534,0.00021737,0.00020963
0.000216938,0.00020804,0.00022996,0.000214725,0.00021148
0.000219349,0.00020099,0.00023871,0.0002185,0.00021272
0.000216421,0.00020672,0.00023604,0.000212625,0.00020672
0.000215365,0.00019836,0.00024132,0.00021248,0.00020702
0.000210721,0.00019764,0.00023644,0.000205585,0.00020316
0.000211891,0.00020082,0.00022501,0.00021177,0.00020705
0.000217239,0.00020185,0.00024688,0.000210035,0.00020185
0.000210115,0.00019363,0.00022807,0.00020934,0.00019363
0.000218714,0.00019752,0.00025065,0.00021164,0.00019752
0.00021482,0.00020084,0.00023383,0.000212095,0.00020276
0.000221784,0.00020085,0.00025743,0.00021525,0.00020098
0.000204859,0.00019193,0.00022316,0.000201925,0.00019193
0.000219044,0.00020107,0.00024576,0.0002197,0.00021945
0.000210724,0.00020105,0.0002298,0.00020515,0.00020339
0.000220203,0.00020536,0.00024444,0.000216325,0.00021146
0.000214133,0.00019483,0.00023334,0.00021294,0.00020136
0.000213521,0.00019863,0.00023189,0.000212945,0.00020577
0.000215421,0.00020061,0.00024017,0.000209925,0.00020061
0.000209765,0.00019631,0.00022697,0.00020958,0.00019914
0.00021987,0.00020318,0.00025382,0.000211675,0.00020392
0.000213059,0.00020328,0.00022926,0.000209895,0.00020755
0.000217854,0.00020176,0.00024391,0.00021534,0.00020786
0.000207135,0.00019128,0.00022734,0.00020458,0.00019619
0.000218169,0.00019915,0.0002454,0.000215825,0.00021049
0.00021008,0.00020059,0.00022845,0.00020463,0.00020059
0.000217834,0.00020568,0.00023438,0.00021664,0.00021168
0.000206645,0.00019048,0.0002326,0.000202185,0.00020095
0.000215826,0.00020503,0.00023274,0.000213015,0.00020938
0.000215265,0.0002011,0.00024499,0.00020752,0.0002011
0.000209976,0.00019204,0.00023264,0.000208255,0.00020149
0.000218978,0.00020281,0.00025525,0.00020951,0.00020281
0.000216151,0.00020894,0.00023188,0.000212735,0.00020987
0.000219871,0.00020059,0.000255,0.00021216,0.00020616
0.000210014,0.00019715,0.00023007,0.000206775,0.00019715
0.000218127,0.00020138,0.00024171,0.00021484,0.00021108
0.000212446,0.00019961,0.00023519,0.00020755,0.00019961
0.00021465,0.00019959,0.00023946,0.00021082,0.00020589
0.000215694,0.00020318,0.00024285,0.00020729,0.00020369
0.000215074,0.00020675,0.00022471,0.00021597,0.00021254
0.000219697,0.00020172,0.00025129,0.00021174,0.00020324
0.000217161,0.00021224,0.00022952,0.00021458,0.00021577
0.000219166,0.00019952,0.00025048,0.000213145,0.00020309
0.000207343,0.00018937,0.00022735,0.00020605,0.00018937
0.000226499,0.00020315,0.00025353,0.000225005,0.00021092
0.000209254,0.00019857,0.00022453,0.00020681,0.00020014
0.000216304,0.00020063,0.00024166,0.00021364,0.00021058
0.00020732,0.00019967,0.00022521,0.000202915,0.00019967
0.000219527,0.00020703,0.00023363,0.00021849,0.00021878
0.000213105,0.00020093,0.00023904,0.000206445,0.00020093
0.000211646,0.00019754,0.00023145,0.00020902,0.0002017
0.000216099,0.00019822,0.0002469,0.000208865,0.00020319
0.000215646,0.00020613,0.00023222,0.00021345,0.0002092
0.000220831,0.00020103,0.00025643,0.00021294,0.00020365
0.000207284,0.00019043,0.00022983,0.000205295,0.00019043
0.000221725,0.00020465,0.00024924,0.00021618,0.00021035
0.000208278,0.00019326,0.00023122,0.000204415,0.00019848
0.00021813,0.00020214,0.000243,0.000213335,0.00020831
0.000212618,0.00020308,0.00023047,0.00020834,0.00020879
0.000216356,0.00020491,0.00023767,0.00021336,0.00021205
0.000213494,0.00019706,0.00024213,0.00020712,0.00019706
0.000220396,0.00021146,0.00023476,0.000218505,0.00021613
0.000222951,0.00020242,0.00025176,0.00022018,0.00020267
0.000217654,0.00021159,0.00022357,0.00021711,0.00021971
0.000219795,0.00020741,0.00024576,0.000214705,0.0002099
0.000212759,0.00020244,0.00023037,0.00020978,0.00020426
0.000213747,0.00019084,0.00024576,0.00020887,0.00019626
0.000211006,0.00020057,0.00023147,0.000205405,0.0002014
0.00021482,0.00019978,0.00023154,0.00021295,0.00020892
0.000211274,0.00020274,0.00023506,0.00020457,0.00020274
0.000211524,0.00019346,0.00023632,0.0002091,0.00019346
0.000210132,0.00018916,0.00023967,0.00020309,0.00019739
0.000224583,0.00020553,0.00024341,0.000225045,0.00021381
0.000223221,0.00020152,0.00024629,0.000221615,0.00021004
0.000212321,0.00020129,0.00022657,0.000211215,0.00020957
0.000223473,0.0002036,0.00025948,0.00021756,0.00021467
0.000205976,0.00019271,0.00022703,0.000202825,0.00019305
0.000219268,0.00020281,0.00025214,0.00021221,0.00020925
0.00020532,0.00019473,0.00022457,0.00020215,0.00019473
0.000221764,0.00021316,0.00024495,0.000218475,0.00021573
0.000211331,0.0002018,0.00023374,0.00020512,0.00020266
0.000216604,0.00020122,0.00023846,0.000214015,0.00020799
0.000220256,0.0001991,0.00024996,0.000216375,0.00020322
0.00021807,0.00021287,0.00022665,0.000216795,0.00021813
0.000221065,0.00020331,0.00024537,0.000217225,0.00020702
0.000214565,0.00019186,0.00023324,0.00021657,0.00020104
0.000222156,0.00020352,0.00024039,0.0002227,0.00021316
0.000211255,0.0002024,0.00022668,0.000208175,0.00020604
0.000218638,0.00020023,0.00024758,0.000216115,0.00021126
0.000207716,0.00019895,0.00022771,0.000203025,0.00020501
0.00021691,0.00020121,0.00023909,0.000213875,0.0002068
0.000213045,0.00020505,0.00023217,0.000208045,0.00020733
0.000212835,0.00019807,0.00023089,0.00021117,0.00020268
0.000217615,0.00020119,0.00024052,0.000214225,0.00020119
0.000212995,0.00019961,0.00023356,0.00020954,0.00020381
0.000220608,0.00020303,0.00025533,0.00021276,0.00020303
0.000212116,0.00020074,0.00023277,0.00020977,0.00020963
0.000217226,0.00019927,0.00023796,0.00021246,0.00019927
0.000215194,0.00019408,0.00023866,0.00021366,0.00020158
0.000220483,0.00019785,0.00024997,0.00021769,0.00020846
0.000206924,0.00019063,0.00022971,0.000202935,0.00020228
0.000216621,0.00020436,0.00023998,0.00021346,0.00021052
0.000214166,0.00020095,0.00023798,0.00020816,0.00020095
0.000214374,0.00020244,0.00022438,0.00021577,0.00021183
0.000219139,0.0002011,0.00024256,0.00021558,0.00020268
0.000205519,0.00019113,0.00022085,0.00020539,0.00019113
0.000225995,0.00020066,0.00026253,0.00022005,0.00020858
0.000209626,0.00019016,0.00023142,0.000208085,0.00019257
0.000218276,0.00020046,0.000237,0.000216115,0.0002119
0.000205968,0.00019085,0.00022528,0.000201975,0.00019509
0.00021473,0.00019501,0.00023996,0.00021399,0.00020844
0.000209229,0.0001979,0.00022767,0.000205745,0.0001979
0.00021677,0.00020464,0.0002289,0.000217205,0.0002149
0.000212136,0.0002017,0.00023516,0.00020535,0.0002017
0.000209618,0.00019342,0.00022566,0.00020917,0.00019521
0.000223452,0.00020009,0.00025245,0.00022182,0.00020009
0.00021495,0.00020653,0.00022692,0.000213945,0.00021583
0.000220386,0.00020399,0.000247,0.00021551,0.00021048
0.000214205,0.00020853,0.00022549,0.000210155,0.00020853
0.000226096,0.00020528,0.00025523,0.000223995,0.00021224
0.000209284,0.00020027,0.00022437,0.000206875,0.0002039
0.000223145,0.00020946,0.00024879,0.00021867,0.00021501
0.000212409,0.0001924,0.00023529,0.00021063,0.00019973
0.000221388,0.00020664,0.00023922,0.00022088,0.00021626
0.000213065,0.00019763,0.00023838,0.00020683,0.00019763
0.000219957,0.00020979,0.00023595,0.00021812,0.00021605
0.00021839,0.00020223,0.0002505,0.000211085,0.00020505
0.000213169,0.00019522,0.00023303,0.00021186,0.00019965
0.000219296,0.00019675,0.00024723,0.000215055,0.00020818
0.000211769,0.00020119,0.0002301,0.000206055,0.00020119
0.000223159,0.00020209,0.00024815,0.00022138,0.00020994
0.000206862,0.0001905,0.00023225,0.000201805,0.00019923
0.000214469,0.00020202,0.00023083,0.00021304,0.00020992
0.00021211,0.0002003,0.0002346,0.00020601,0.00020269
0.000213488,0.0001964,0.00023384,0.00021223,0.0002027
0.000215289,0.00019738,0.00024336,0.00021107,0.00019738
0.000208031,0.00019209,0.00022493,0.00020741,0.00019228
0.000219699,0.00019582,0.0002575,0.000215685,0.00019686
0.000210193,0.00019585,0.00023001,0.000210005,0.00020581
0.000220781,0.00020285,0.00024469,0.00021989,0.00021205
0.000205227,0.00019301,0.00022468,0.000202715,0.00019314
0.000221886,0.00019828,0.00025298,0.0002189,0.00020742
0.000205794,0.00019144,0.00022657,0.000202005,0.00019818
0.000215343,0.0002,0.00024381,0.000210635,0.00020634
0.00020959,0.00019206,0.00023452,0.000205395,0.00020102
0.000222629,0.00020066,0.00024769,0.000220895,0.0002063
0.000221043,0.00019619,0.00025327,0.000218805,0.00019686
0.000219322,0.00021118,0.00022553,0.00022116,0.00022054
0.000221644,0.00020474,0.00025172,0.000216015,0.00020677
0.000215493,0.00020647,0.00023226,0.0002127,0.00020851
0.000217364,0.00019912,0.000247,0.000212495,0.00020007
0.00020888,0.00020113,0.00022269,0.0002059,0.00020436
0.000214705,0.00019864,0.00023458,0.00021384,0.00020662
0.000208162,0.00019158,0.00023319,0.00020386,0.00020259
0.00021754,0.00020394,0.00023705,0.000216985,0.00021223
0.000208499,0.00019343,0.00022872,0.000204845,0.00020386
0.000220649,0.00020588,0.00023806,0.00021817,0.0002111
0.000217083,0.00020188,0.00024543,0.000209975,0.00020188
0.000217576,0.0002124,0.00022549,0.000216405,0.00021732
0.000220151,0.00020515,0.00024377,0.00021373,0.00021027
0.000216876,0.00021032,0.00023076,0.000214545,0.00021134
0.000220523,0.00020475,0.00024781,0.000215845,0.00021198
0.000214884,0.00019669,0.00023555,0.000213475,0.00019669
0.00021535,0.00019874,0.00024007,0.000212425,0.00019892
0.000210387,0.0001996,0.00023466,0.000204625,0.00020081
0.000215559,0.00019938,0.00024084,0.00021277,0.00020655
0.000214526,0.00019472,0.00024416,0.000208655,0.00019472
0.000209514,0.00019292,0.00022647,0.0002091,0.00019948
0.000218918,0.00019454,0.00024776,0.00021409,0.0002029
0.000211406,0.0002006,0.00022314,0.00021108,0.00020195
0.000217891,0.00019764,0.00024238,0.00021663,0.00019764
0.00020877,0.00019758,0.00022661,0.00020566,0.00020124
0.000216381,0.00019842,0.00023817,0.000212465,0.000202
0.000209044,0.0001961,0.00023259,0.00020381,0.00019958
0.000217264,0.0002025,0.00024349,0.000212575,0.00020825
0.000211561,0.00020088,0.00023293,0.000205875,0.00020088
0.000219554,0.00020998,0.00023246,0.00021667,0.00021397
0.000212239,0.00019815,0.00023224,0.000208925,0.0002008
0.000224214,0.00020975,0.00023856,0.0002237,0.00021503
0.000215919,0.00019323,0.00024359,0.000213215,0.00019614
0.0002109,0.00019428,0.00023046,0.00021123,0.00020129
0.000220415,0.00020119,0.00025559,0.000212805,0.00020232
0.000211076,0.00020085,0.00022824,0.000208115,0.00020198
0.000219761,0.00020034,0.00025269,0.000213765,0.00020825
0.000211111,0.00019124,0.00023159,0.000210375,0.00019609
0.000218652,0.00020442,0.00023432,0.000216365,0.00021174
0.0002095,0.00019801,0.00023043,0.00020607,0.00020075
0.000216199,0.00019865,0.00023643,0.000214605,0.00020506
0.000213451,0.00019348,0.00023305,0.00021255,0.00019348
0.000209444,0.00019405,0.00022368,0.00020862,0.00020227
0.000217631,0.00019702,0.0002427,0.00021398,0.00020345
0.000214114,0.00019456,0.00023654,0.00021394,0.00020118
0.000218063,0.0001994,0.00024596,0.00021329,0.00020703
0.00020881,0.00019248,0.00023031,0.00020634,0.00019741
0.000214109,0.00019896,0.00023791,0.00021278,0.00020055
0.000207438,0.00018747,0.0002327,0.000203565,0.00019769
0.000213812,0.0002001,0.00022934,0.000212915,0.00020919
0.000209522,0.00019317,0.00023391,0.000205375,0.00020341
0.000215306,0.0002033,0.00023296,0.00021336,0.00020771
0.000213367,0.00019233,0.00024551,0.00020758,0.0002011
0.000215064,0.00020818,0.00022682,0.00021336,0.00021203
0.000219659,0.0001996,0.00025686,0.000210895,0.0002052
0.000213429,0.00020781,0.00022626,0.000211145,0.00021137
0.00022435,0.00020047,0.00025268,0.00021978,0.00020047
0.000207565,0.00019228,0.00022426,0.000204595,0.00019776
0.000218589,0.00019894,0.00024287,0.00021507,0.00020766
0.000205299,0.00019176,0.00022617,0.000202075,0.00019723
0.000225989,0.0002169,0.00024207,0.00022398,0.00022511
0.000209976,0.00020071,0.00023154,0.00020428,0.00020082
0.000217403,0.00019285,0.00024125,0.00021722,0.00019438
0.000217958,0.00020496,0.00024203,0.000212,0.00020545
0.000216983,0.00019801,0.0002374,0.000215105,0.00019801
0.00021864,0.00020591,0.00024056,0.000214035,0.00020591
0.000217095,0.00021003,0.00022691,0.0002166,0.00021804
0.00022188,0.00020702,0.00024881,0.000218225,0.00020899
0.000208905,0.00019732,0.00023072,0.000204165,0.00019791
0.000220742,0.00020425,0.00024279,0.000218635,0.00020425
0.000210731,0.0001933,0.00023461,0.000207085,0.00019981
0.000219548,0.00020523,0.00023157,0.00021783,0.00020833
0.00020927,0.00019814,0.00022877,0.000204875,0.00020137
0.00021927,0.00020965,0.00023493,0.000217165,0.00021589
0.000215126,0.00020117,0.00024626,0.000206455,0.00020117
0.000213844,0.00020015,0.00023554,0.000210865,0.00020603
0.000219649,0.0002018,0.000257,0.000210045,0.0002018
0.000215224,0.00020801,0.00022862,0.00021128,0.00021085
0.00021903,0.00019916,0.00025441,0.000213,0.00019916
0.000207188,0.00019065,0.00023323,0.00020388,0.00019706
0.000222677,0.00020255,0.00024959,0.000220535,0.00020899
0.000210566,0.00019843,0.00023097,0.000205495,0.00020254
0.00021393,0.00020024,0.00023667,0.00021275,0.00020806
0.000211807,0.00019291,0.00023675,0.000208375,0.00020221
0.000212049,0.00020093,0.00022456,0.00021088,0.00020949
0.000218138,0.00020309,0.00024845,0.00020909,0.00020324
0.000211881,0.00019807,0.00022805,0.000209935,0.00020387
0.000225227,0.00020371,0.00025747,0.00022031,0.00020885
0.000210321,0.00019837,0.00022521,0.00020934,0.00020248
0.000218906,0.00020212,0.00024663,0.00021425,0.00021177
0.000216991,0.00020334,0.00023294,0.00021549,0.00020473
0.000215078,0.00019731,0.0002339,0.000213,0.00020913
0.000209238,0.00019395,0.00023485,0.000204725,0.00019835
0.000209331,0.00019409,0.00022908,0.00020658,0.00019795
0.000211133,0.00019896,0.00023562,0.00020546,0.00019896
0.000215765,0.00020424,0.00023051,0.000214785,0.00020955
0.000216049,0.00020189,0.00024416,0.00020942,0.00020189
0.00021228,0.00019466,0.00023579,0.00021001,0.00019665
0.000219263,0.00020053,0.0002437,0.000217035,0.00020242
0.00021717,0.00020088,0.00023718,0.00021445,0.000204
0.000221778,0.00020435,0.00024153,0.000216495,0.00021293
0.000211336,0.0001928,0.00023077,0.00021069,0.00019925
0.000220919,0.0002073,0.00024701,0.00021553,0.00021221
0.000210603,0.00020085,0.00023318,0.000205475,0.00020116
0.00021951,0.00020707,0.00023798,0.000219295,0.00021807
0.000215549,0.00020114,0.00023695,0.00021131,0.00020952
0.00021594,0.00020299,0.00023357,0.000214735,0.00021082
0.000219306,0.00020124,0.00025248,0.000211045,0.00020477
0.000213716,0.00020343,0.00023361,0.000209295,0.00020624
0.000217914,0.00020045,0.00024723,0.000214525,0.00020345
0.000211621,0.00019865,0.00023259,0.00020786,0.00019865
0.000218015,0.00019952,0.00024699,0.00021341,0.00021274
0.000210425,0.00019618,0.00023276,0.0002066,0.00020334
0.000214275,0.00020074,0.00023086,0.0002127,0.00020919
0.000210613,0.00019717,0.00023464,0.000204885,0.00020227
0.000222901,0.0002022,0.00024397,0.000222975,0.00020727
0.000221205,0.00020177,0.00024408,0.00022137,0.00020454
0.000213068,0.00020609,0.00021962,0.00021205,0.00021224
0.000220971,0.00020143,0.0002466,0.00021491,0.00020371
0.000210827,0.00020045,0.00022591,0.000209045,0.00020631
0.000220435,0.00020274,0.00025098,0.0002131,0.00020929
0.00020485,0.00019393,0.000222,0.000201945,0.00019754
0.000219288,0.0002029,0.00025021,0.000213585,0.00020984
0.000206871,0.00019527,0.00022639,0.000204015,0.00020004
0.000215712,0.00019974,0.0002342,0.000211545,0.00020668
0.000209575,0.00019557,0.00023423,0.0002055,0.00019984
0.000214331,0.00020167,0.00023301,0.00021246,0.00020693
0.000215571,0.00020332,0.00023839,0.00020922,0.00020511
0.000214202,0.00020038,0.00022733,0.00021454,0.00021078
0.000223313,0.00019604,0.00025175,0.00022388,0.00019604
0.000213384,0.0002058,0.00022019,0.00021331,0.00021548
0.000222195,0.00021219,0.00023889,0.000218245,0.00021613
0.000207287,0.0001965,0.00022639,0.00020478,0.00019859
0.00021876,0.00020181,0.00024334,0.00021603,0.00020997
0.000208724,0.0001941,0.00022938,0.00020637,0.0001991
0.000217052,0.00020427,0.00023245,0.000215265,0.00021254
0.000210115,0.0001911,0.00023396,0.000208375,0.00020074
0.000226054,0.00021412,0.00023797,0.000226585,0.00022007
0.000215541,0.0001957,0.00024037,0.000215115,0.00019774
0.000226151,0.00021259,0.00024116,0.00022513,0.00021678
0.000217868,0.00019781,0.00024469,0.00021136,0.00020612
0.000217561,0.00021037,0.00023491,0.0002137,0.00021087
0.000218698,0.00020149,0.00025494,0.00021063,0.00020223
0.000216852,0.00020958,0.00023697,0.000211705,0.00021005
0.00021651,0.00019733,0.00024336,0.00021291,0.00020651
0.000212412,0.00019992,0.0002351,0.00020669,0.00019992
0.000219768,0.00020866,0.00024217,0.000214485,0.00021269
0.000218314,0.00020168,0.00024356,0.00021551,0.00021426
0.000213598,0.00019976,0.00022812,0.00021149,0.00020607
0.00021815,0.00019916,0.00023883,0.000216945,0.00019948
0.000208772,0.00019637,0.00022522,0.00020701,0.00020422
0.000220964,0.00020218,0.0002419,0.0002182,0.00021396
0.00021627,0.00020783,0.00022911,0.000215815,0.00021386
0.000220702,0.00020514,0.00024911,0.000213805,0.00020815
0.000209119,0.00019382,0.00023022,0.000205115,0.00019703
0.000218051,0.00020454,0.00023024,0.000215925,0.0002144
0.000206984,0.00019913,0.00022502,0.00020215,0.00019972
0.000209951,0.00019645,0.00022705,0.00020877,0.00019818
0.000213814,0.00020164,0.00023785,0.000209275,0.00020229
0.000213241,0.00020258,0.00022343,0.000213615,0.00020723
0.000218274,0.00020023,0.00024295,0.00021337,0.00020305
0.000217075,0.00020683,0.00023267,0.000215055,0.00021141
0.000220034,0.00020389,0.00025041,0.00021076,0.0002058
0.000204963,0.00018996,0.0002245,0.000203865,0.00018996
0.000220596,0.00020593,0.00024269,0.00021454,0.00021099
0.000206884,0.00019711,0.00022925,0.000202265,0.00019711
0.000218969,0.00020224,0.00024932,0.000213425,0.00020762
0.000208346,0.00019611,0.00023364,0.0002033,0.00020115
0.000219702,0.00020816,0.00024088,0.000216395,0.00021395
0.000212164,0.00019388,0.00024025,0.00020704,0.00019993
0.000222931,0.00021359,0.00023736,0.000221135,0.00022007
0.00021767,0.00020077,0.00025227,0.000210165,0.00020077
0.000219871,0.00021023,0.00023408,0.000217625,0.00021577
0.000219702,0.00020258,0.00024924,0.00021486,0.00020442
0.000212981,0.00020638,0.0002274,0.000209075,0.00020744
0.000219318,0.00020156,0.00024513,0.00021836,0.00020712
0.000220024,0.00021095,0.00023364,0.0002173,0.00021769
0.000215484,0.00020128,0.00023739,0.00021214,0.0002106
0.000207917,0.00019293,0.0002318,0.00020271,0.00019959
0.000210134,0.0001947,0.00023153,0.000207075,0.0001947
0.000216829,0.00020233,0.00024504,0.00021021,0.00020233
0.000215914,0.00020637,0.0002283,0.00021479,0.00020888
0.000221012,0.00020151,0.00024926,0.00021662,0.00020444
0.000214349,0.00019177,0.00023915,0.000213625,0.00019177
0.000221828,0.00020032,0.00025269,0.000215325,0.00021046
0.000214076,0.00020705,0.0002288,0.000210425,0.00021129
0.000221305,0.00020247,0.00025103,0.00021725,0.00021389
0.000206405,0.00019168,0.00022357,0.00020533,0.00019749
0.000220981,0.00020254,0.00024587,0.00021877,0.00020254
0.000209785,0.00019729,0.00022843,0.0002056,0.00019882
0.000213994,0.00020034,0.0002335,0.00021276,0.00020807
0.000216265,0.00020226,0.00024444,0.000208125,0.00020226
0.000216644,0.0002059,0.00023016,0.000215635,0.00021516
0.000216818,0.00019305,0.00024614,0.00021232,0.00019305
0.000208775,0.0001956,0.00022733,0.00020712,0.00019884
0.000221441,0.00020058,0.000244,0.000219785,0.00020058
0.00020911,0.0002008,0.00022366,0.00020689,0.00020264
0.000219093,0.00020463,0.0002359,0.00021933,0.00020463
0.000210195,0.00020183,0.00022865,0.000205475,0.00020583
0.000216373,0.00019998,0.00023431,0.00021546,0.00020588
0.000206449,0.00019237,0.00022349,0.00020324,0.00019237
0.000220178,0.00021183,0.00023097,0.00021842,0.0002155
0.000213664,0.00019756,0.00024214,0.000207685,0.00019844
0.000218216,0.00020973,0.00023384,0.000216255,0.000214
0.000218338,0.00019887,0.00025537,0.000209205,0.00019887
0.000213186,0.00020699,0.00022664,0.000211125,0.00020903
0.000217844,0.00019955,0.00025351,0.00021216,0.00020727
0.000207348,0.00019059,0.0002277,0.000204485,0.00019929
0.00022379,0.00020328,0.00025197,0.000220795,0.00021007
0.000209381,0.00018997,0.00023732,0.000205825,0.00020275
0.000216543,0.00020574,0.000238,0.00021408,0.00021101
0.000217527,0.00020333,0.00024546,0.0002094,0.00020419
0.000212042,0.00019993,0.00022359,0.00021325,0.00020654
0.000217766,0.00020069,0.00024246,0.00021075,0.00020544
0.000209592,0.00020311,0.0002229,0.000207075,0.00020602
0.000222332,0.00020293,0.00025759,0.000216345,0.00020318
0.000205354,0.00019024,0.00022746,0.00020251,0.00019024
0.000219694,0.00020078,0.00024901,0.0002179,0.00020816
0.000214056,0.00020439,0.0002276,0.00021114,0.00020965
0.000215026,0.00019465,0.00023484,0.00021272,0.00019657
0.000206262,0.00019708,0.00022512,0.000202065,0.00019861
0.000213076,0.0001963,0.00023631,0.000211695,0.00020494
0.000213666,0.0002016,0.0002367,0.00021013,0.00020243
0.000213165,0.00020273,0.0002299,0.000212285,0.00020609
0.000216323,0.00019812,0.00024729,0.000210525,0.00019812
0.000217058,0.00020862,0.00023025,0.00021492,0.00021491
0.000224859,0.00020497,0.00025444,0.00022028,0.00020628
0.000213535,0.00020668,0.00023124,0.00021009,0.00021028
0.000219741,0.00020264,0.0002452,0.000215245,0.00021175
0.000214618,0.00020712,0.00022932,0.00021149,0.00021107
0.000220301,0.0002031,0.00023742,0.000218765,0.0002031
0.000213302,0.00019403,0.00023692,0.000210705,0.00020062
0.00021681,0.00020145,0.00023608,0.00021529,0.00021122
0.000215094,0.00019991,0.00023967,0.000211635,0.00019991
0.000212811,0.00019843,0.00023196,0.00021089,0.00020322
0.000217766,0.00020065,0.00025,0.00021121,0.00020208
0.000228359,0.00021934,0.00023459,0.00023137,0.0002319
0.000218634,0.00020776,0.00022963,0.00021787,0.0002189
0.000215279,0.00020898,0.00022939,0.00021231,0.0002104
0.000216552,0.00019768,0.00024381,0.0002113,0.00020105
0.000211435,0.00019574,0.00022944,0.000209675,0.00021027
0.000211288,0.00019266,0.00023134,0.000210295,0.00019716
0.000210571,0.00020035,0.00023499,0.00020457,0.00020117
0.000215593,0.00020014,0.00023134,0.000215355,0.00020487
0.000212639,0.00019727,0.00023556,0.00020966,0.00019907
0.000207109,0.00019211,0.00022587,0.000203945,0.00019211
0.00022168,0.00020391,0.00025068,0.00021452,0.00020486
0.000211473,0.0001979,0.00023125,0.00020845,0.00020079
0.000220642,0.00020161,0.00025782,0.00021241,0.00020317
0.000204466,0.00018891,0.00022536,0.000200355,0.00018891
0.000222734,0.00020423,0.00025446,0.00021699,0.00021145
0.00020758,0.00019463,0.00022692,0.0002051,0.00019955
0.000218643,0.00020682,0.00024312,0.000213795,0.00021286
0.000209009,0.0001915,0.0002348,0.00020449,0.00019934
0.000215424,0.000198,0.00024145,0.00021168,0.00020425
0.000219576,0.00019997,0.00024683,0.0002167,0.00019997
0.000205389,0.00018905,0.00022586,0.0002059,0.00019732
0.000219044,0.00020386,0.00024296,0.000214475,0.00020912
0.000216359,0.00021015,0.0002243,0.000215855,0.00021917
0.000222276,0.00021352,0.00023911,0.000222565,0.00021747
0.00020939,0.0002004,0.00022386,0.00020488,0.0002039
0.000219559,0.00020273,0.00024283,0.00021765,0.00021398
0.000211865,0.00020101,0.00023351,0.00020604,0.00020101
0.000223757,0.00021282,0.00023741,0.000222075,0.00021501
0.000218724,0.00020277,0.00023603,0.00021939,0.00020316
0.00022075,0.00020831,0.00023495,0.000218785,0.00021787
0.000217176,0.00019991,0.0002425,0.00021186,0.00019991
0.000208899,0.00019303,0.00023094,0.00020669,0.00019949
0.000218735,0.00020223,0.00024907,0.000211405,0.00020888
0.00021845,0.00021043,0.00023557,0.000215775,0.00021215
0.000218331,0.00019896,0.00025363,0.000210695,0.00019896
0.000212606,0.00019592,0.00022924,0.000212905,0.00019592
0.000217705,0.00019823,0.00023963,0.00021674,0.00020615
0.000213871,0.00020156,0.00023416,0.0002091,0.00020321
0.000217199,0.00020449,0.00023907,0.00021467,0.00021089
0.00021345,0.0001932,0.00024218,0.000208485,0.0002052
0.000214233,0.00020684,0.00022164,0.000213915,0.00021475
0.000217806,0.00020439,0.00024037,0.000211975,0.0002077
0.000214496,0.00020407,0.00022678,0.000212865,0.00021017
0.00022254,0.00020278,0.00025076,0.000218285,0.00020278
0.000221194,0.0002057,0.00023732,0.00022062,0.00020837
0.000219408,0.00019758,0.00024504,0.00021928,0.00020943
0.000207226,0.00019163,0.00022744,0.000203735,0.00019894
0.000220135,0.00019778,0.00024498,0.00021756,0.00020184
0.000205573,0.0001919,0.00022419,0.00020185,0.00019848
0.000215151,0.00020429,0.0002355,0.000211475,0.00020718
0.000212236,0.00019476,0.00023917,0.000207715,0.00020268
0.000215984,0.00020644,0.0002319,0.000213655,0.00021127
0.00021793,0.00020259,0.00024587,0.000211315,0.00020259
0.000215926,0.00020706,0.00022952,0.000214565,0.00021169
0.000219405,0.00020208,0.00025522,0.0002108,0.00020208
0.000211409,0.00020555,0.00022555,0.000206945,0.00020691
0.000219094,0.00020062,0.00024923,0.00021427,0.00021004
0.000206874,0.00019601,0.0002279,0.000202845,0.0001964
0.000218216,0.00020036,0.00024214,0.000215025,0.00020771
0.000209185,0.0001986,0.00023273,0.000203575,0.00019931
0.00021719,0.00020262,0.00023763,0.00021466,0.00020707
0.00021345,0.00019309,0.0002421,0.00020819,0.00020721
0.000222426,0.0002148,0.00023692,0.00022033,0.00022044
0.000217606,0.00020112,0.00024583,0.000209905,0.00020383
0.000221257,0.00020517,0.00023825,0.00022122,0.00021063
0.000219075,0.00020076,0.00024574,0.00021581,0.00020904
0.000214006,0.00020601,0.00022915,0.00020918,0.00020752
0.000214978,0.0001961,0.00023928,0.00021244,0.00020726
0.000207453,0.0001904,0.00022907,0.00020384,0.00019986
0.000213804,0.00020061,0.00023404,0.000210675,0.00020606
0.000209425,0.00019095,0.00023523,0.00020479,0.00020296
0.000210729,0.00019661,0.00022726,0.00020906,0.00019718
0.000216366,0.00019807,0.00023908,0.000212695,0.00019807
0.000214203,0.00019958,0.00022926,0.000212765,0.00020928
0.000221771,0.000201,0.00025751,0.000214345,0.00020541
0.000213594,0.00020672,0.00022611,0.000211185,0.00021105
0.000222845,0.00020085,0.00025855,0.000216165,0.00020897
0.000207916,0.00019704,0.00022101,0.000207635,0.00019704
0.000223871,0.00021123,0.00024682,0.000220975,0.00021553
0.000207849,0.00019566,0.00023025,0.00020316,0.00019917
0.000217815,0.00020543,0.00023841,0.000212795,0.00021008
0.000208721,0.00019165,0.00023212,0.00020511,0.00020359
0.000216419,0.00020368,0.00023975,0.000212375,0.00020705
0.000222104,0.00020243,0.00025977,0.00021663,0.00020243
0.000214213,0.00019944,0.00023154,0.00021432,0.0002063
0.000218415,0.00020045,0.00024853,0.00021244,0.00020045
0.000214193,0.00020824,0.00022748,0.00021047,0.00020857
0.000219972,0.00020232,0.00024887,0.00021672,0.00021442
0.000213167,0.00019938,0.00023278,0.000210485,0.00020008
0.000217625,0.00019878,0.00023695,0.00021312,0.00021048
0.000212286,0.00019522,0.00022986,0.000211965,0.00020324
0.000221339,0.00020291,0.00024308,0.00021995,0.000209
0.000212726,0.00019201,0.00023641,0.000211135,0.00020163
0.000223872,0.00021388,0.00023509,0.00022281,0.00022378
0.000215788,0.00019567,0.00024071,0.000214635,0.00019628
0.000211166,0.00019334,0.00022929,0.000210405,0.00020133
0.000219055,0.0002028,0.00025317,0.00021138,0.0002028
0.000214064,0.00020695,0.00022792,0.000210825,0.00020927
0.000221836,0.00020175,0.00025693,0.00021524,0.00020966
0.000209038,0.00019814,0.00022883,0.00020413,0.00019972
0.000214619,0.00019735,0.0002453,0.00020894,0.00019861
0.000211851,0.00019988,0.00023622,0.000205405,0.00019988
0.000219627,0.0002092,0.00024061,0.000215675,0.00021412
0.000213133,0.00018902,0.00024592,0.00020861,0.00020238
0.000216014,0.00020713,0.00023322,0.00021302,0.00021347
0.000221532,0.00020488,0.00025505,0.00021506,0.00020488
0.000207057,0.00019213,0.00022457,0.00020516,0.00019539
0.000223593,0.00020176,0.00024941,0.00022105,0.00020458
0.000211106,0.00020086,0.00021998,0.000211255,0.00020801
0.000224495,0.0002073,0.00024961,0.0002213,0.00021152
0.000209606,0.00020115,0.00022213,0.00020808,0.00020542
0.000216122,0.00020197,0.00023415,0.00021336,0.00020883
0.000212651,0.00019461,0.00023217,0.00021196,0.00020165
0.000210258,0.00019538,0.00023347,0.000208765,0.00020323
0.000216829,0.00020237,0.00024943,0.00020822,0.00020237
0.000217699,0.00021099,0.00022287,0.000218,0.00022041
0.000218232,0.00020659,0.00023081,0.00021771,0.00020659
0.000218902,0.00020374,0.00023537,0.000218065,0.00020546
0.000223876,0.00019827,0.0002523,0.000224985,0.00020357
0.000207014,0.00019058,0.00022305,0.000208945,0.00019142
0.000223192,0.0002049,0.00024484,0.00022074,0.00021186
0.000215837,0.00020265,0.00023533,0.000212625,0.00020265
0.000219637,0.00020097,0.00024853,0.000215275,0.00020933
0.000209101,0.00019495,0.0002322,0.000203825,0.00020335
0.000214998,0.00019902,0.00023917,0.00021066,0.00020488
0.000220206,0.00020058,0.00024326,0.000219295,0.00020414
0.000216152,0.00020065,0.00023597,0.000212435,0.00020197
0.000218945,0.00020365,0.00025241,0.00021087,0.00020403
0.000214176,0.00020038,0.00023479,0.000211145,0.00020572
0.000219841,0.00020118,0.00024269,0.00021839,0.00020911
0.000212981,0.0002031,0.00023055,0.0002088,0.00020376
0.000216625,0.00020056,0.00024258,0.000213875,0.00021006
0.000209589,0.00019766,0.00023102,0.000204595,0.00020002
0.000214559,0.00020159,0.0002364,0.000213475,0.00020315
0.000212293,0.00019398,0.00023399,0.00021103,0.00020277
0.00021084,0.00019361,0.00023422,0.000208995,0.00020336
0.000214296,0.00019492,0.00024677,0.00020698,0.00020344
0.00021126,0.00019871,0.00022634,0.00020952,0.00020418
0.000219642,0.00020147,0.00025592,0.00021043,0.0002038
0.000210496,0.00019667,0.00022934,0.00020941,0.00019918
0.000225515,0.00020231,0.00026262,0.000220135,0.00020504
0.000211583,0.00020341,0.00022883,0.000208235,0.00020681
0.00021941,0.00020366,0.0002431,0.00021476,0.00021115
0.000205375,0.00019314,0.00022728,0.000202545,0.00019779
0.000216389,0.00020126,0.00024399,0.00021164,0.00020765
0.000210659,0.00019585,0.00023309,0.000206585,0.00019585
0.000219622,0.00020934,0.00023734,0.000217185,0.00021609
0.000216392,0.00019676,0.00024282,0.00021166,0.00019676
0.000216429,0.00020926,0.00022625,0.00021491,0.00021544
0.000217904,0.00019984,0.0002462,0.00021244,0.00020144
0.000212488,0.00019036,0.0002344,0.000212925,0.00019783
0.00021874,0.00019933,0.00024221,0.00021572,0.00020482
0.000213139,0.00020229,0.00022483,0.00021345,0.00020569
0.000218188,0.00019811,0.00024327,0.000216975,0.00021126
0.000207923,0.00019456,0.00022848,0.00020504,0.00020233
0.000219752,0.00020866,0.00024013,0.00021657,0.00021647
0.000213621,0.0001906,0.00023218,0.000214365,0.00019975
0.000213965,0.00019962,0.00022916,0.00021426,0.00020514
0.000210994,0.00019374,0.00023266,0.000207965,0.00019374
0.000219555,0.00020946,0.00023441,0.00021828,0.00021771
0.00022266,0.00020147,0.00025028,0.00021813,0.00020147
0.000216365,0.00020864,0.00023013,0.000215255,0.00021266
0.000219727,0.00020106,0.00025417,0.000213035,0.00020471
0.000212409,0.00020371,0.00023461,0.00020705,0.000206
0.000218064,0.00019995,0.00024839,0.000212555,0.0002094
0.000210605,0.00019254,0.000236,0.000206515,0.0002013
0.000217956,0.00020486,0.00024267,0.00021409,0.00021089
0.000219027,0.00020156,0.00024612,0.000215845,0.00020156
0.000213947,0.00020582,0.00022437,0.00021262,0.00021163
0.000220034,0.00020066,0.00025375,0.000215295,0.00020102
0.000215175,0.00020951,0.00022574,0.00021451,0.00021277
0.000226241,0.00019939,0.0002615,0.000222935,0.0002087
0.000208514,0.00019246,0.00022526,0.000208725,0.00019999
0.000218221,0.00020331,0.00023957,0.000214185,0.00020777
0.000207335,0.00019962,0.00022212,0.00020295,0.00020039
0.000219236,0.00020437,0.00024426,0.000216775,0.00021154
0.000205358,0.00019062,0.00022907,0.000201895,0.00019874
0.000218276,0.00020845,0.00023755,0.000217005,0.00021367
0.000214281,0.00020014,0.00023888,0.000208845,0.00020328
0.00022695,0.00020999,0.00024396,0.00022674,0.00021803
0.000216606,0.00019949,0.00024069,0.000212925,0.00020252
0.000208426,0.00019482,0.00022723,0.00020577,0.00019962
0.000222336,0.00020381,0.0002579,0.00021337,0.00021031
0.000220692,0.00020888,0.00023508,0.00021857,0.00021047
0.000221702,0.00020283,0.00025347,0.0002184,0.00021078
0.000213735,0.0002062,0.00023068,0.00020982,0.00020957
0.000218776,0.00020253,0.00023844,0.000217375,0.00021171
0.000211494,0.00020081,0.00023148,0.00020726,0.00020081
0.000217019,0.00020113,0.00024152,0.000213275,0.00020798
0.000212262,0.00019952,0.0002355,0.000206085,0.00020075
0.000220315,0.00020867,0.00023575,0.000220345,0.00021653
0.000217563,0.00020172,0.00025227,0.000209395,0.00020232
0.000218946,0.00020934,0.00023548,0.00021683,0.00021447
0.00022273,0.00019815,0.00025355,0.00021917,0.00020432
0.000210722,0.00019488,0.00023319,0.00020646,0.00020158
0.000216381,0.00019619,0.00023763,0.00021353,0.00019999
0.000209696,0.00019834,0.00023338,0.000203535,0.00019834
0.000215711,0.00020051,0.00023819,0.000213395,0.00020441
0.000210141,0.00019493,0.00023526,0.00020586,0.00020209
0.00020883,0.00019133,0.00022594,0.00020884,0.00019229
0.000217381,0.00020221,0.0002448,0.00021018,0.00020221
