0_Avg-Duration_s,0_Min-Duration_s,0_Max-Duration_s,0_Median-Duration_s,0_MainRank-Duration_s
4.507e-06,3.45e-06,5.3e-06,4.64e-06,5.3e-06
4.255e-06,3.62e-06,5.34e-06,4.03e-06,5.34e-06
0.000472852,0.000471805,0.000473366,0.000473119,0.000473366
4.355e-06,3.89e-06,5.211e-06,4.16e-06,5.211e-06
4.528e-06,3.36e-06,5.58e-06,4.585e-06,5.58e-06
4.45e-06,3.71e-06,5.6e-06,4.245e-06,5.6e-06
4.237e-06,3.19e-06,5.18e-06,4.29e-06,5.18e-06
4.297e-06,3.81e-06,5.19e-06,4.095e-06,5.19e-06
4.355e-06,2.98e-06,5.43e-06,4.505e-06,5.43e-06
4.515e-06,3.8e-06,5.56e-06,4.35e-06,5.56e-06
4.345e-06,3.15e-06,5.19e-06,4.52e-06,5.19e-06
4.135e-06,3.07e-06,5.02e-06,4.225e-06,5.02e-06
4.315e-06,3.14e-06,5.49e-06,4.315e-06,5.49e-06
4.475e-06,3.43e-06,5.91e-06,4.28e-06,5.91e-06
4.403e-06,3.19e-06,5.4e-06,4.51e-06,5.4e-06
4.46e-06,3.52e-06,5.62e-06,4.35e-06,5.62e-06
4.447e-06,3.45e-06,5.28e-06,4.53e-06,5.28e-06
4.382e-06,3.58e-06,5.28e-06,4.335e-06,5.28e-06
4.135e-06,3.01e-06,5.45e-06,4.04e-06,5.45e-06
4.312e-06,3.48e-06,5.48e-06,4.145e-06,5.48e-06
4.36e-06,3.41e-06,5.3e-06,4.365e-06,5.01e-06
4.302e-06,3.62e-06,5.28e-06,4.155e-06,5.28e-06
4.243e-06,2.921e-06,5.33e-06,4.36e-06,5.33e-06
4.553e-06,3.89e-06,5.25e-06,4.535e-06,5.25e-06
4.55e-06,2.95e-06,5.65e-06,4.8e-06,5.65e-06
4.07e-06,3.06e-06,5.15e-06,4.035e-06,5.15e-06
4.33e-06,3.29e-06,5.23e-06,4.4e-06,5.23e-06
4.337e-06,3.83e-06,5.29e-06,4.115e-06,5.29e-06
4.335e-06,3.09e-06,5.53e-06,4.36e-06,5.53e-06
4.15e-06,3.33e-06,5.45e-06,3.91e-06,5.45e-06
4.432e-06,2.95e-06,5.3e-06,4.74e-06,5.3e-06
4.55e-06,3.57e-06,5.78e-06,4.425e-06,5.78e-06
4.28e-06,3.21e-06,5.45e-06,4.23e-06,5.45e-06
4.255e-06,3.77e-06,5.23e-06,4.01e-06,5.23e-06
4.305e-06,3.35e-06,5.3e-06,4.285e-06,5.3e-06
4.167e-06,3.19e-06,5.53e-06,3.975e-06,5.53e-06
4.348e-06,2.95e-06,5.55e-06,4.445e-06,5.55e-06
4.205e-06,3.35e-06,5.43e-06,4.02e-06,5.43e-06
4.138e-06,3e-06,5.21e-06,4.17e-06,5.21e-06
3.973e-06,2.92e-06,5.07e-06,3.95e-06,5.07e-06
4.34e-06,3.29e-06,5.31e-06,4.38e-06,5.31e-06
4.287e-06,3.66e-06,5.55e-06,3.97e-06,5.55e-06
4.43e-06,3.17e-06,5.49e-06,4.53e-06,5.49e-06
4.318e-06,3.34e-06,5.73e-06,4.1e-06,5.73e-06
4.358e-06,3.01e-06,5.27e-06,4.575e-06,5.27e-06
4.37e-06,3.42e-06,5.52e-06,4.27e-06,5.52e-06
4.18e-06,3.38e-06,5.26e-06,4.04e-06,5.26e-06
4.29e-06,3.12e-06,5.63e-06,4.205e-06,5.63e-06
4.495e-06,3.94e-06,5.191e-06,4.425e-06,5.191e-06
4.3e-06,3.52e-06,5.38e-06,4.15e-06,5.38e-06
4.453e-06,3.08e-06,5.23e-06,4.75e-06,5.23e-06
4.36e-06,3.76e-06,5.19e-06,4.245e-06,5.19e-06
4.248e-06,2.9e-06,5.13e-06,4.48e-06,5.13e-06
4.203e-06,3.62e-06,5.02e-06,4.085e-06,5.02e-06
4.35e-06,3.51e-06,5.17e-06,4.36e-06,5.17e-06
4.532e-06,4.03e-06,5.31e-06,4.395e-06,5.31e-06
4.52e-06,2.95e-06,5.59e-06,4.77e-06,5.59e-06
4.358e-06,3.64e-06,5.78e-06,4.005e-06,5.78e-06
4.307e-06,3.14e-06,5.65e-06,4.22e-06,5.65e-06
4.353e-06,3.39e-06,5.611e-06,4.205e-06,5.611e-06
4.235e-06,2.93e-06,5.78e-06,4.115e-06,5.78e-06
4.19e-06,3.78e-06,5.01e-06,3.985e-06,5.01e-06
4.358e-06,3.04e-06,5.11e-06,4.64e-06,5.11e-06
4.31e-06,3.76e-06,5.5e-06,3.99e-06,5.5e-06
4.445e-06,3.37e-06,5.37e-06,4.52e-06,5.37e-06
4.35e-06,3.28e-06,5.78e-06,4.17e-06,5.78e-06
4.45e-06,3.59e-06,5.3e-06,4.455e-06,5.3e-06
4.355e-06,3.59e-06,5.25e-06,4.29e-06,5.25e-06
4.272e-06,2.91e-06,5.45e-06,4.365e-06,5.45e-06
4.228e-06,3.53e-06,5.22e-06,4.08e-06,5.22e-06
4.34e-06,3.32e-06,5.361e-06,4.34e-06,5.361e-06
4.29e-06,3.92e-06,5.16e-06,4.041e-06,5.16e-06
4.343e-06,2.93e-06,5.69e-06,4.375e-06,5.69e-06
4.392e-06,3.8e-06,5.3e-06,4.235e-06,5.3e-06
4.13e-06,2.97e-06,5.28e-06,4.135e-06,5.28e-06
4.253e-06,3.28e-06,5.46e-06,4.135e-06,5.46e-06
4.39e-06,2.99e-06,5.84e-06,4.365e-06,5.84e-06
4.543e-06,4.09e-06,5.53e-06,4.275e-06,5.53e-06
4.522e-06,2.92e-06,5.32e-06,4.925e-06,5.32e-06
4.338e-06,3.68e-06,5.51e-06,4.08e-06,5.51e-06
4.44e-06,3.66e-06,5.19e-06,4.455e-06,5.19e-06
4.435e-06,3.84e-06,5.46e-06,4.221e-06,5.46e-06
4.12e-06,2.82e-06,5.38e-06,4.14e-06,5.38e-06
4.418e-06,3.56e-06,5.32e-06,4.395e-06,5.32e-06
4.17e-06,2.81e-06,4.71e-06,4.58e-06,4.71e-06
4.588e-06,3.84e-06,5.8e-06,4.355e-06,5.8e-06
4.333e-06,3.05e-06,5.59e-06,4.345e-06,5.59e-06
4.275e-06,3.53e-06,5.69e-06,3.94e-06,5.69e-06
4.31e-06,2.96e-06,5.26e-06,4.51e-06,5.26e-06
4.11e-06,3.15e-06,4.88e-06,4.205e-06,4.88e-06
4.36e-06,2.97e-06,5.25e-06,4.61e-06,5.25e-06
4.203e-06,3.44e-06,5.44e-06,3.965e-06,5.44e-06
4.453e-06,3.28e-06,5.84e-06,4.345e-06,5.84e-06
4.32e-06,3.67e-06,5.561e-06,4.025e-06,5.561e-06
4.38e-06,2.79e-06,5.63e-06,4.55e-06,5.63e-06
4.445e-06,3.421e-06,5.52e-06,4.42e-06,5.52e-06
4.153e-06,2.94e-06,5.24e-06,4.215e-06,5.24e-06
4.268e-06,3.651e-06,5.09e-06,4.165e-06,5.09e-06
4.34e-06,3.19e-06,5.09e-06,4.54e-06,5.09e-06
4.285e-06,3.89e-06,5.24e-06,4.005e-06,5.24e-06
4.273e-06,3.11e-06,5.19e-06,4.395e-06,5.19e-06
4.362e-06,3.54e-06,5.61e-06,4.15e-06,5.61e-06
4.282e-06,3.21e-06,5.15e-06,4.385e-06,5.15e-06
3.99e-06,2.82e-06,5.13e-06,4.005e-06,5.13e-06
4.28e-06,3.11e-06,5.011e-06,4.5e-06,5.011e-06
4.555e-06,4.18e-06,5.54e-06,4.25e-06,5.54e-06
4.14e-06,3e-06,5.22e-06,4.17e-06,5.22e-06
4.235e-06,3.69e-06,5.16e-06,4.045e-06,5.16e-06
4.302e-06,2.95e-06,5.52e-06,4.37e-06,5.52e-06
4.363e-06,3.69e-06,5.14e-06,4.31e-06,5.14e-06
4.467e-06,3.55e-06,5.26e-06,4.53e-06,5.26e-06
4.582e-06,3.86e-06,5.6e-06,4.435e-06,5.6e-06
4.28e-06,2.91e-06,5.79e-06,4.21e-06,5.79e-06
4.275e-06,3.52e-06,5.51e-06,4.035e-06,5.51e-06
4.395e-06,3.25e-06,5.35e-06,4.49e-06,5.35e-06
4.403e-06,3.91e-06,5.461e-06,4.12e-06,5.461e-06
4.345e-06,2.93e-06,5.35e-06,4.55e-06,5.35e-06
4.29e-06,3.74e-06,5.41e-06,4.005e-06,5.41e-06
4.498e-06,3.44e-06,5.71e-06,4.42e-06,5.71e-06
4.223e-06,3.58e-06,5.22e-06,4.045e-06,5.22e-06
4.335e-06,2.9e-06,5.6e-06,4.42e-06,5.6e-06
4.7e-06,3.89e-06,6.07e-06,4.42e-06,6.07e-06
4.495e-06,3.22e-06,6.14e-06,4.311e-06,6.14e-06
4.362e-06,3.86e-06,5.26e-06,4.165e-06,5.26e-06
4.123e-06,3.03e-06,5.28e-06,4.09e-06,5.28e-06
4.23e-06,3.44e-06,5.39e-06,4.045e-06,5.39e-06
4.518e-06,3.37e-06,5.4e-06,4.651e-06,5.301e-06
4.238e-06,3.32e-06,5.61e-06,4.01e-06,5.61e-06
4.112e-06,3.02e-06,5.19e-06,4.12e-06,5.19e-06
4.347e-06,3.47e-06,5.3e-06,4.31e-06,5.3e-06
4.51e-06,3.4e-06,5.67e-06,4.485e-06,5.67e-06
4.42e-06,3.59e-06,5.5e-06,4.295e-06,5.5e-06
4.433e-06,3.02e-06,5.49e-06,4.61e-06,5.49e-06
4.278e-06,3.76e-06,5.56e-06,3.895e-06,5.56e-06
4.275e-06,2.77e-06,5.41e-06,4.46e-06,5.41e-06
4.203e-06,3.42e-06,5.31e-06,4.04e-06,5.31e-06
4.425e-06,3.26e-06,5.63e-06,4.406e-06,5.63e-06
4.383e-06,3.65e-06,5.941e-06,3.97e-06,5.941e-06
4.328e-06,3.02e-06,5.38e-06,4.456e-06,5.38e-06
4.192e-06,3.33e-06,5.23e-06,4.105e-06,5.23e-06
4.315e-06,2.95e-06,5.17e-06,4.57e-06,5.17e-06
4.19e-06,3.43e-06,5.47e-06,3.93e-06,5.47e-06
4.538e-06,3.35e-06,5.42e-06,4.69e-06,5.42e-06
4.47e-06,3.93e-06,5.43e-06,4.26e-06,5.43e-06
4.255e-06,2.951e-06,5.13e-06,4.47e-06,5.13e-06
4.382e-06,3.77e-06,5.43e-06,4.165e-06,5.43e-06
4.08e-06,2.91e-06,5.39e-06,4.01e-06,5.39e-06
4.447e-06,3.99e-06,5.29e-06,4.255e-06,5.29e-06
4.333e-06,3.32e-06,5.17e-06,4.42e-06,5.17e-06
4.152e-06,3.71e-06,4.9e-06,4e-06,4.9e-06
4.455e-06,3.02e-06,5.37e-06,4.715e-06,5.37e-06
4.222e-06,3.51e-06,5.14e-06,4.12e-06,5.14e-06
4.398e-06,2.97e-06,5.73e-06,4.445e-06,5.73e-06
4.263e-06,2.94e-06,5.55e-06,4.28e-06,5.55e-06
4.455e-06,3.06e-06,5.71e-06,4.525e-06,5.71e-06
4.24e-06,3.7e-06,5.3e-06,3.98e-06,5.3e-06
4.33e-06,2.85e-06,5.55e-06,4.46e-06,5.55e-06
4.198e-06,3.45e-06,5.26e-06,4.04e-06,5.26e-06
4.482e-06,2.94e-06,5.42e-06,4.785e-06,5.42e-06
4.423e-06,3.61e-06,5.51e-06,4.285e-06,5.51e-06
4.23e-06,3.12e-06,5.301e-06,4.25e-06,5.301e-06
4.16e-06,3.36e-06,5.34e-06,3.97e-06,5.34e-06
4.442e-06,2.93e-06,5.88e-06,4.48e-06,5.88e-06
4.255e-06,3.56e-06,5.35e-06,4.056e-06,5.35e-06
4.385e-06,2.97e-06,5.27e-06,4.65e-06,5.27e-06
4.372e-06,3.64e-06,5.6e-06,4.125e-06,5.6e-06
4.475e-06,3.07e-06,5.64e-06,4.595e-06,5.64e-06
4.037e-06,3.01e-06,4.92e-06,4.11e-06,4.92e-06
4.248e-06,3.111e-06,5.2e-06,4.34e-06,5.2e-06
4.508e-06,4.05e-06,5.59e-06,4.195e-06,5.59e-06
4.215e-06,2.84e-06,5.26e-06,4.38e-06,5.26e-06
4.268e-06,3.81e-06,5.281e-06,3.99e-06,5.281e-06
4.395e-06,3.12e-06,5.28e-06,4.59e-06,5.28e-06
4.568e-06,3.5e-06,5.5e-06,4.635e-06,5.5e-06
4.04e-06,2.78e-06,5.4e-06,3.99e-06,5.4e-06
4.368e-06,3.36e-06,5.73e-06,4.19e-06,5.73e-06
4.5e-06,3.51e-06,5.47e-06,4.51e-06,5.47e-06
4.263e-06,3.63e-06,5.41e-06,4.006e-06,5.41e-06
4.365e-06,2.92e-06,5.1e-06,4.72e-06,5.1e-06
4.417e-06,3.73e-06,5.3e-06,4.32e-06,5.3e-06
4.46e-06,3.37e-06,5.29e-06,4.59e-06,5.08e-06
4.29e-06,3.49e-06,5.49e-06,4.09e-06,5.49e-06
4.238e-06,3.04e-06,5.231e-06,4.34e-06,5.231e-06
4.335e-06,3.45e-06,5.46e-06,4.215e-06,5.46e-06
4.428e-06,3.03e-06,5.46e-06,4.61e-06,5.33e-06
4.41e-06,3.83e-06,5.75e-06,4.03e-06,5.75e-06
4.262e-06,2.89e-06,5.75e-06,4.205e-06,5.75e-06
4.38e-06,3.92e-06,5.72e-06,3.94e-06,5.72e-06
4.127e-06,3.09e-06,5.33e-06,4.045e-06,5.33e-06
4.11e-06,3.34e-06,5.01e-06,4.045e-06,5.01e-06
4.502e-06,2.96e-06,5.4e-06,4.825e-06,5.4e-06
4.268e-06,3.64e-06,5.6e-06,3.915e-06,5.6e-06
4.465e-06,3.29e-06,5.46e-06,4.555e-06,5.46e-06
4.328e-06,3.66e-06,5.511e-06,4.071e-06,5.511e-06
4.235e-06,2.85e-06,5.34e-06,4.375e-06,5.34e-06
4.148e-06,3.17e-06,5.45e-06,3.985e-06,5.45e-06
4.598e-06,3.08e-06,5.91e-06,4.7e-06,5.91e-06
4.168e-06,3.49e-06,5.22e-06,3.98e-06,5.22e-06
4.348e-06,3.18e-06,5.56e-06,4.325e-06,5.56e-06
4.423e-06,3.93e-06,5.28e-06,4.24e-06,5.28e-06
4.11e-06,2.97e-06,5.19e-06,4.14e-06,5.19e-06
4.355e-06,3.61e-06,5.46e-06,4.175e-06,5.46e-06
4.308e-06,3.55e-06,5.22e-06,4.23e-06,5.22e-06
4.332e-06,3.77e-06,5.21e-06,4.175e-06,5.21e-06
4.365e-06,3.19e-06,5.65e-06,4.31e-06,5.65e-06
4.32e-06,3.88e-06,5.35e-06,4.025e-06,5.35e-06
4.468e-06,3.15e-06,5.5e-06,4.61e-06,5.5e-06
4.195e-06,3.55e-06,5.17e-06,4.031e-06,5.17e-06
4.243e-06,2.94e-06,5.31e-06,4.36e-06,5.31e-06
4.488e-06,3.86e-06,5.49e-06,4.3e-06,5.49e-06
4.227e-06,3.33e-06,5.34e-06,4.12e-06,5.34e-06
4.285e-06,3.48e-06,5.26e-06,4.2e-06,5.26e-06
4.287e-06,3.2e-06,4.86e-06,4.545e-06,4.86e-06
4.173e-06,3.8e-06,5.09e-06,3.9e-06,5.09e-06
4.258e-06,3.18e-06,5.24e-06,4.305e-06,5.24e-06
4.257e-06,3.78e-06,5.16e-06,4.045e-06,5.16e-06
4.11e-06,2.75e-06,5.291e-06,4.2e-06,5.291e-06
3.99e-06,3.051e-06,4.93e-06,3.99e-06,4.93e-06
4.418e-06,3.01e-06,5.36e-06,4.65e-06,5.36e-06
4.257e-06,3.44e-06,5.43e-06,4.08e-06,5.43e-06
4.425e-06,3.12e-06,5.78e-06,4.4e-06,5.78e-06
4.268e-06,3.4e-06,5.66e-06,4.006e-06,5.66e-06
4.255e-06,2.97e-06,5.26e-06,4.395e-06,5.26e-06
4.307e-06,3.43e-06,5.17e-06,4.315e-06,5.17e-06
4.1e-06,2.94e-06,5.02e-06,4.22e-06,5.02e-06
4.228e-06,3.6e-06,5.42e-06,3.945e-06,5.42e-06
8.678e-06,2.97e-06,1.4451e-05,8.645e-06,1.4451e-05
4.402e-06,3.61e-06,5.45e-06,4.275e-06,5.45e-06
4.353e-06,3.34e-06,5.43e-06,4.32e-06,5.43e-06
4.332e-06,3.54e-06,5.22e-06,4.285e-06,5.22e-06
4.455e-06,3.49e-06,5.41e-06,4.46e-06,5.41e-06
4.015e-06,2.94e-06,5e-06,4.06e-06,5e-06
4.393e-06,2.57e-06,5.71e-06,4.645e-06,5.71e-06
4.252e-06,3.56e-06,5.24e-06,4.105e-06,5.24e-06
4.32e-06,3.09e-06,5.17e-06,4.511e-06,5.17e-06
4.33e-06,3.7e-06,5.49e-06,4.065e-06,5.49e-06
4.135e-06,2.8e-06,5.24e-06,4.25e-06,5.24e-06
4.433e-06,3.99e-06,5.441e-06,4.15e-06,5.441e-06
4.26e-06,3.2e-06,5.18e-06,4.33e-06,5.18e-06
4.278e-06,3.74e-06,5.43e-06,3.97e-06,5.43e-06
4.3e-06,3.04e-06,5.54e-06,4.31e-06,5.54e-06
4.307e-06,3.92e-06,5.13e-06,4.09e-06,5.13e-06
4.25e-06,3.1e-06,5.04e-06,4.43e-06,5.04e-06
4.39e-06,3.47e-06,5.23e-06,4.43e-06,5.23e-06
4.41e-06,3.26e-06,5.56e-06,4.41e-06,5.56e-06
4.24e-06,3.5e-06,5.08e-06,4.19e-06,5.08e-06
4.405e-06,3.52e-06,5.7e-06,4.2e-06,5.7e-06
4.303e-06,3.48e-06,5.42e-06,4.155e-06,5.42e-06
4.14e-06,2.89e-06,5.12e-06,4.275e-06,5.12e-06
4.507e-06,3.51e-06,5.94e-06,4.29e-06,5.94e-06
4.315e-06,3.38e-06,5.22e-06,4.33e-06,5.22e-06
4.385e-06,3.82e-06,5.44e-06,4.14e-06,5.44e-06
4.115e-06,3.39e-06,5.1e-06,3.985e-06,5.1e-06
4.242e-06,3.25e-06,5.37e-06,4.175e-06,5.37e-06
4.625e-06,3.15e-06,5.68e-06,4.835e-06,5.68e-06
4.29e-06,3.54e-06,5.86e-06,3.88e-06,5.86e-06
4.333e-06,3.22e-06,5.39e-06,4.36e-06,5.39e-06
4.308e-06,3.84e-06,5.16e-06,4.115e-06,5.16e-06
4.368e-06,3.04e-06,5.39e-06,4.52e-06,5.39e-06
4.453e-06,4.01e-06,5.44e-06,4.18e-06,5.44e-06
4.18e-06,2.99e-06,5.5e-06,4.115e-06,5.5e-06
4.428e-06,3.68e-06,5.59e-06,4.22e-06,5.59e-06
4.115e-06,2.81e-06,5.19e-06,4.23e-06,5.19e-06
4.422e-06,3.57e-06,5.68e-06,4.22e-06,5.68e-06
4.622e-06,4.08e-06,5.17e-06,4.62e-06,5.17e-06
4.485e-06,3.55e-06,5.91e-06,4.24e-06,5.91e-06
4.518e-06,3.06e-06,5.32e-06,4.845e-06,5.32e-06
4.352e-06,3.44e-06,5.4e-06,4.285e-06,5.4e-06
4.445e-06,3.42e-06,5.55e-06,4.405e-06,5.55e-06
4.263e-06,3.51e-06,5.29e-06,4.125e-06,5.29e-06
4.448e-06,3.07e-06,5.13e-06,4.795e-06,5.13e-06
4.32e-06,3.6e-06,5.501e-06,4.09e-06,5.501e-06
4.328e-06,3.11e-06,5.43e-06,4.385e-06,5.43e-06
4.17e-06,3.54e-06,5.25e-06,3.945e-06,5.25e-06
4.232e-06,3.69e-06,5.37e-06,3.935e-06,5.37e-06
4.353e-06,3.68e-06,5.51e-06,4.111e-06,5.51e-06
4.19e-06,2.97e-06,5.24e-06,4.275e-06,5.24e-06
4.408e-06,3.49e-06,5.75e-06,4.195e-06,5.75e-06
4.262e-06,2.89e-06,5.32e-06,4.42e-06,5.32e-06
4.302e-06,3.6e-06,5.66e-06,3.975e-06,5.66e-06
4.43e-06,2.7e-06,6.19e-06,4.415e-06,6.19e-06
4.17e-06,3.18e-06,4.94e-06,4.28e-06,4.94e-06
4.333e-06,3.16e-06,5.191e-06,4.49e-06,5.191e-06
4.225e-06,3.58e-06,5.39e-06,3.965e-06,5.39e-06
4.295e-06,3.15e-06,5.17e-06,4.43e-06,5.17e-06
4.455e-06,3.87e-06,5.46e-06,4.245e-06,5.46e-06
4.275e-06,2.97e-06,5.07e-06,4.53e-06,5.07e-06
4.46e-06,3.36e-06,5.4e-06,4.54e-06,5.4e-06
4.323e-06,3.14e-06,5.62e-06,4.265e-06,5.62e-06
4.228e-06,3.651e-06,5.23e-06,4.015e-06,5.23e-06
4.665e-06,3.55e-06,6.32e-06,4.395e-06,6.32e-06
4.575e-06,3.4e-06,6.7e-06,4.1e-06,6.7e-06
4.313e-06,3.04e-06,5.38e-06,4.415e-06,5.38e-06
4.348e-06,3.69e-06,5.211e-06,4.245e-06,5.211e-06
4.332e-06,2.85e-06,5.26e-06,4.61e-06,5.26e-06
4.063e-06,2.99e-06,5.02e-06,4.12e-06,5.02e-06
4.29e-06,2.98e-06,5.39e-06,4.395e-06,5.39e-06
4.262e-06,3.64e-06,5.35e-06,4.03e-06,5.35e-06
4.582e-06,3.52e-06,5.4e-06,4.705e-06,5.4e-06
4.18e-06,3.52e-06,5.29e-06,3.955e-06,5.29e-06
4.577e-06,3.12e-06,5.72e-06,4.735e-06,5.72e-06
4.225e-06,3.51e-06,5.4e-06,3.995e-06,5.4e-06
4.23e-06,3.27e-06,5.12e-06,4.265e-06,5.12e-06
4.345e-06,3.59e-06,5.21e-06,4.29e-06,5.21e-06
4.25e-06,2.94e-06,5.131e-06,4.465e-06,5.131e-06
4.345e-06,3.55e-06,5.62e-06,4.105e-06,5.62e-06
4.36e-06,2.96e-06,5.19e-06,4.645e-06,5.19e-06
4.313e-06,3.75e-06,5.3e-06,4.1e-06,5.3e-06
4.213e-06,2.98e-06,5.12e-06,4.375e-06,5.12e-06
4.325e-06,3.74e-06,5.15e-06,4.205e-06,5.15e-06
4.237e-06,3.03e-06,5.1e-06,4.41e-06,5.1e-06
4.237e-06,3.74e-06,5.1e-06,4.055e-06,5.1e-06
4.367e-06,3e-06,5.47e-06,4.5e-06,5.47e-06
4.208e-06,3.641e-06,5.25e-06,3.97e-06,5.25e-06
4.55e-06,3.5e-06,5.45e-06,4.625e-06,5.45e-06
4.345e-06,3.5e-06,5.671e-06,4.105e-06,5.671e-06
4.178e-06,3.14e-06,5.25e-06,4.16e-06,5.25e-06
4.295e-06,3.64e-06,5.37e-06,4.085e-06,5.37e-06
4.323e-06,2.94e-06,5.07e-06,4.64e-06,5.07e-06
4.137e-06,3.65e-06,5.16e-06,3.87e-06,5.16e-06
4.11e-06,2.82e-06,5.14e-06,4.24e-06,5.14e-06
4.292e-06,3.89e-06,5.08e-06,4.1e-06,5.08e-06
4.227e-06,3.04e-06,5.19e-06,4.34e-06,5.19e-06
4.203e-06,3.5e-06,5.34e-06,3.985e-06,5.34e-06
4.397e-06,3.33e-06,5.23e-06,4.515e-06,5.23e-06
4.258e-06,3.3e-06,5.75e-06,3.99e-06,5.75e-06
4.342e-06,3.36e-06,5.15e-06,4.43e-06,5.15e-06
4.465e-06,4.08e-06,5.17e-06,4.305e-06,5.17e-06
4.35e-06,3.14e-06,5.88e-06,4.19e-06,5.88e-06
4.367e-06,3.8e-06,5.37e-06,4.15e-06,5.37e-06
4.355e-06,2.99e-06,5.64e-06,4.395e-06,5.64e-06
4.278e-06,3.46e-06,5.42e-06,4.115e-06,5.42e-06
4.465e-06,3.22e-06,5.41e-06,4.615e-06,5.41e-06
4.408e-06,4.02e-06,5.3e-06,4.155e-06,5.3e-06
4.4e-06,3.13e-06,5.34e-06,4.565e-06,5.34e-06
4.18e-06,3.63e-06,5.26e-06,3.915e-06,5.26e-06
4.14e-06,2.58e-06,5.28e-06,4.35e-06,5.28e-06
4.332e-06,3.67e-06,5.4e-06,4.13e-06,5.4e-06
4.185e-06,3.22e-06,5.251e-06,4.135e-06,5.251e-06
4.442e-06,3.49e-06,5.38e-06,4.45e-06,5.38e-06
4.445e-06,3.27e-06,5.2e-06,4.656e-06,5.2e-06
4.348e-06,3.47e-06,5.59e-06,4.165e-06,5.59e-06
4.267e-06,2.98e-06,5.29e-06,4.4e-06,5.29e-06
4.34e-06,3.68e-06,5.62e-06,4.03e-06,5.62e-06
4.165e-06,2.85e-06,5.21e-06,4.301e-06,5.21e-06
4.158e-06,3.05e-06,5.11e-06,4.235e-06,5.11e-06
4.482e-06,3.32e-06,5.63e-06,4.49e-06,5.63e-06
4.315e-06,3.6e-06,5.16e-06,4.25e-06,5.16e-06
4.123e-06,2.93e-06,5.18e-06,4.19e-06,5.18e-06
4.305e-06,3.69e-06,5.181e-06,4.175e-06,5.181e-06
4.453e-06,3.46e-06,5.29e-06,4.53e-06,5.29e-06
4.367e-06,3.5e-06,5.59e-06,4.19e-06,5.59e-06
4.192e-06,3.09e-06,5.48e-06,4.1e-06,5.48e-06
4.275e-06,3.57e-06,5.5e-06,4.015e-06,5.5e-06
4.323e-06,3.03e-06,5.44e-06,4.411e-06,5.44e-06
4.278e-06,3.61e-06,5.25e-06,4.125e-06,5.25e-06
4.36e-06,3.46e-06,5.27e-06,4.355e-06,5.27e-06
4.218e-06,3.6e-06,5.31e-06,3.98e-06,5.31e-06
4.318e-06,3.17e-06,5.23e-06,4.435e-06,5.23e-06
4.068e-06,2.97e-06,4.84e-06,4.23e-06,4.84e-06
4.288e-06,3.04e-06,5.261e-06,4.425e-06,5.261e-06
4.337e-06,3.72e-06,5.62e-06,4.005e-06,5.62e-06
4.25e-06,3.271e-06,5.3e-06,4.215e-06,5.3e-06
4.32e-06,3.83e-06,5.63e-06,3.91e-06,5.63e-06
4.34e-06,3.3e-06,5.36e-06,4.35e-06,5.36e-06
4.292e-06,3.62e-06,5.23e-06,4.16e-06,5.23e-06
4.232e-06,3.1e-06,5.47e-06,4.18e-06,5.47e-06
4.4e-06,3.55e-06,5.64e-06,4.205e-06,5.64e-06
4.34e-06,3.23e-06,5.36e-06,4.385e-06,5.36e-06
4.315e-06,3.43e-06,5.43e-06,4.2e-06,5.43e-06
4.353e-06,3.36e-06,5.06e-06,4.495e-06,5.06e-06
4.192e-06,3.62e-06,5.16e-06,3.995e-06,5.16e-06
4.47e-06,3.03e-06,5.22e-06,4.815e-06,5.22e-06
4.385e-06,3.42e-06,5.86e-06,4.13e-06,5.86e-06
4.21e-06,2.98e-06,5.1e-06,4.38e-06,5.1e-06
4.28e-06,3.69e-06,5.38e-06,4.025e-06,5.38e-06
4.31e-06,3.04e-06,5.37e-06,4.415e-06,5.37e-06
4.532e-06,4.08e-06,5.72e-06,4.165e-06,5.72e-06
4.272e-06,2.98e-06,5.44e-06,4.335e-06,5.44e-06
4.358e-06,3.75e-06,5.79e-06,3.945e-06,5.79e-06
4.098e-06,3.14e-06,5.35e-06,3.95e-06,5.35e-06
4.308e-06,3.39e-06,5.23e-06,4.305e-06,5.23e-06
4.36e-06,2.79e-06,5.84e-06,4.405e-06,5.84e-06
4.308e-06,3.73e-06,5.43e-06,4.035e-06,5.43e-06
4.442e-06,3e-06,5.95e-06,4.41e-06,5.95e-06
4.323e-06,3.5e-06,5.72e-06,4.035e-06,5.72e-06
4.418e-06,3.14e-06,5.49e-06,4.52e-06,5.49e-06
5.355e-06,4.21e-06,6.68e-06,5.265e-06,5.38e-06
4.15e-06,3.01e-06,5.37e-06,4.11e-06,5.37e-06
4.405e-06,4.03e-06,5.4e-06,4.095e-06,5.4e-06
4.282e-06,3.28e-06,5.34e-06,4.255e-06,5.34e-06
4.345e-06,3.89e-06,5.42e-06,4.035e-06,5.42e-06
4.413e-06,3.01e-06,5.41e-06,4.615e-06,5.41e-06
4.203e-06,3.6e-06,5.301e-06,3.955e-06,5.301e-06
4.213e-06,2.91e-06,5.27e-06,4.335e-06,5.27e-06
4.49e-06,3.44e-06,5.59e-06,4.465e-06,5.59e-06
4.195e-06,2.88e-06,5.29e-06,4.305e-06,5.29e-06
4.14e-06,3.53e-06,5.05e-06,3.99e-06,5.05e-06
4.4e-06,3.03e-06,5.57e-06,4.5e-06,5.57e-06
4.475e-06,3.9e-06,5.6e-06,4.201e-06,5.6e-06
4.112e-06,3e-06,5.01e-06,4.22e-06,5.01e-06
4.297e-06,3.91e-06,5.14e-06,4.07e-06,5.14e-06
4.222e-06,3.17e-06,5.63e-06,4.045e-06,5.63e-06
4.343e-06,3.83e-06,5.47e-06,4.035e-06,5.47e-06
4.165e-06,2.96e-06,5.01e-06,4.345e-06,5.01e-06
4.255e-06,3.48e-06,5.081e-06,4.23e-06,5.081e-06
4.222e-06,3.16e-06,5.33e-06,4.2e-06,5.33e-06
4.41e-06,4.03e-06,5.12e-06,4.245e-06,5.12e-06
4.37e-06,3.47e-06,5.11e-06,4.45e-06,5.11e-06
4.155e-06,3.2e-06,5.01e-06,4.205e-06,5.01e-06
4.375e-06,3.47e-06,5.62e-06,4.205e-06,5.62e-06
4.297e-06,3.56e-06,5.55e-06,4.04e-06,5.55e-06
4.287e-06,2.98e-06,5.35e-06,4.41e-06,5.35e-06
4.345e-06,3.61e-06,5.57e-06,4.101e-06,5.57e-06
4.558e-06,3.45e-06,5.57e-06,4.605e-06,5.57e-06
4.453e-06,3.53e-06,5.57e-06,4.355e-06,5.57e-06
4.168e-06,2.94e-06,5.561e-06,4.085e-06,5.561e-06
4.345e-06,3.71e-06,5.69e-06,3.99e-06,5.69e-06
4.28e-06,3.12e-06,5.35e-06,4.325e-06,5.35e-06
4.328e-06,3.49e-06,5.82e-06,4e-06,5.82e-06
4.468e-06,3.31e-06,5.2e-06,4.68e-06,5.2e-06
4.22e-06,3.58e-06,5.27e-06,4.015e-06,5.27e-06
4.163e-06,3e-06,5.09e-06,4.281e-06,5.09e-06
4.16e-06,3.41e-06,4.9e-06,4.165e-06,4.9e-06
4.253e-06,3.02e-06,5.24e-06,4.375e-06,5.24e-06
4.255e-06,3.66e-06,5.4e-06,3.98e-06,5.4e-06
4.555e-06,3.45e-06,5.36e-06,4.705e-06,5.36e-06
4.25e-06,3.46e-06,5.501e-06,4.02e-06,5.501e-06
4.308e-06,2.37e-06,5.39e-06,4.735e-06,5.39e-06
4.353e-06,3.2e-06,5.66e-06,4.275e-06,5.66e-06
4.075e-06,2.91e-06,5.01e-06,4.19e-06,5.01e-06
4.235e-06,3.45e-06,5.46e-06,4.015e-06,5.46e-06
4.403e-06,2.97e-06,5.4e-06,4.62e-06,5.4e-06
4.34e-06,3.41e-06,5.56e-06,4.195e-06,5.56e-06
4.382e-06,3e-06,5.37e-06,4.58e-06,5.37e-06
4.28e-06,3.79e-06,5.18e-06,4.075e-06,5.18e-06
4.162e-06,2.92e-06,5.33e-06,4.2e-06,5.33e-06
4.295e-06,3.4e-06,5.64e-06,4.07e-06,5.64e-06
4.363e-06,3.06e-06,5.531e-06,4.43e-06,5.531e-06
4.277e-06,3.63e-06,5.24e-06,4.12e-06,5.24e-06
4.418e-06,2.85e-06,5.55e-06,4.635e-06,5.55e-06
4.21e-06,3.61e-06,5.4e-06,3.915e-06,5.4e-06
5.74e-06,3.14e-06,8.82e-06,5.5e-06,8.82e-06
4.18e-06,3.52e-06,5.21e-06,3.995e-06,5.21e-06
4.342e-06,3.72e-06,5.26e-06,4.195e-06,5.26e-06
4.205e-06,3.4e-06,5.44e-06,3.99e-06,5.44e-06
4.46e-06,3.08e-06,5.18e-06,4.79e-06,5.18e-06
4.477e-06,3.91e-06,5.34e-06,4.33e-06,5.34e-06
4.183e-06,2.82e-06,5.3e-06,4.305e-06,5.3e-06
4.376e-06,3.57e-06,5.221e-06,4.356e-06,5.221e-06
4.262e-06,3e-06,5.33e-06,4.36e-06,5.33e-06
4.36e-06,3.64e-06,5.32e-06,4.24e-06,5.32e-06
4.433e-06,3.14e-06,5.83e-06,4.38e-06,5.83e-06
4.277e-06,3.47e-06,5.21e-06,4.215e-06,5.21e-06
4.285e-06,2.99e-06,5.23e-06,4.461e-06,5.23e-06
4.245e-06,3.56e-06,5.21e-06,4.105e-06,5.21e-06
4.238e-06,3.07e-06,5.02e-06,4.43e-06,5.02e-06
4.422e-06,3.6e-06,5.4e-06,4.345e-06,5.4e-06
4.38e-06,3.36e-06,5.64e-06,4.26e-06,5.64e-06
4.31e-06,3.531e-06,5.39e-06,4.16e-06,5.39e-06
4.33e-06,2.98e-06,5.05e-06,4.645e-06,5.05e-06
4.38e-06,3.43e-06,5.33e-06,4.38e-06,5.33e-06
4.358e-06,2.86e-06,5.45e-06,4.56e-06,5.45e-06
4.188e-06,3.43e-06,5.33e-06,3.995e-06,5.33e-06
4.165e-06,3.11e-06,5.19e-06,4.18e-06,5.19e-06
4.395e-06,3.49e-06,5.6e-06,4.245e-06,5.6e-06
4.205e-06,3.01e-06,5.46e-06,4.175e-06,5.46e-06
4.29e-06,3.54e-06,5.56e-06,4.03e-06,5.56e-06
4.185e-06,2.69e-06,5.07e-06,4.49e-06,5.07e-06
4.358e-06,3.66e-06,5.14e-06,4.315e-06,5.14e-06
4.18e-06,2.65e-06,5.38e-06,4.345e-06,5.38e-06
4.183e-06,3.42e-06,5.36e-06,3.975e-06,5.36e-06
4.205e-06,2.91e-06,5.171e-06,4.37e-06,5.171e-06
4.093e-06,3.42e-06,5.01e-06,3.97e-06,5.01e-06
4.322e-06,3.13e-06,5.06e-06,4.55e-06,5.06e-06
4.228e-06,3.4e-06,5.47e-06,4.02e-06,5.47e-06
4.34e-06,3.38e-06,5.56e-06,4.21e-06,5.56e-06
4.233e-06,3.7e-06,5.29e-06,3.97e-06,5.29e-06
4.325e-06,2.91e-06,5.31e-06,4.54e-06,5.31e-06
4.398e-06,4.06e-06,5.33e-06,4.1e-06,5.33e-06
4.17e-06,3.01e-06,5.33e-06,4.17e-06,5.33e-06
4.158e-06,3.57e-06,5.13e-06,3.965e-06,5.13e-06
4.305e-06,3.08e-06,5.22e-06,4.461e-06,5.22e-06
4.255e-06,3.83e-06,5.271e-06,3.96e-06,5.271e-06
4.307e-06,3.08e-06,5.26e-06,4.445e-06,5.26e-06
4.297e-06,3.45e-06,5.19e-06,4.275e-06,5.19e-06
4.247e-06,3.03e-06,5.38e-06,4.29e-06,5.38e-06
3.938e-06,2.86e-06,4.81e-06,4.04e-06,4.81e-06
4.31e-06,2.97e-06,5.2e-06,4.535e-06,5.2e-06
4.302e-06,3.71e-06,5.11e-06,4.195e-06,5.11e-06
4.258e-06,2.97e-06,5.4e-06,4.33e-06,5.4e-06
4.56e-06,3.78e-06,5.5e-06,4.48e-06,5.5e-06
4.462e-06,3.18e-06,5.53e-06,4.57e-06,5.53e-06
4.37e-06,3.44e-06,5.4e-06,4.32e-06,5.4e-06
4.225e-06,3.02e-06,5.031e-06,4.425e-06,5.031e-06
4.13e-06,3.3e-06,5.37e-06,3.925e-06,5.37e-06
4.39e-06,3.34e-06,5.78e-06,4.22e-06,5.78e-06
4.245e-06,3.83e-06,5.13e-06,4.01e-06,5.13e-06
4.39e-06,3.22e-06,5.15e-06,4.595e-06,5.15e-06
4.132e-06,3.61e-06,5.08e-06,3.92e-06,5.08e-06
4.445e-06,3.02e-06,5.25e-06,4.755e-06,5.25e-06
4.415e-06,3.55e-06,5.19e-06,4.46e-06,5.19e-06
4.185e-06,3.05e-06,5.35e-06,4.17e-06,5.35e-06
4.187e-06,3.67e-06,4.95e-06,4.065e-06,4.95e-06
4.358e-06,2.94e-06,5.78e-06,4.355e-06,5.78e-06
4.605e-06,4.21e-06,5.49e-06,4.36e-06,5.49e-06
4.307e-06,2.84e-06,5.61e-06,4.39e-06,5.61e-06
4.285e-06,3.66e-06,5.25e-06,4.115e-06,5.25e-06
4.168e-06,3.061e-06,5.16e-06,4.225e-06,5.16e-06
4.193e-06,3.23e-06,5.05e-06,4.245e-06,5.05e-06
4.47e-06,2.97e-06,5.91e-06,4.5e-06,5.91e-06
4.292e-06,3.5e-06,5.43e-06,4.12e-06,5.43e-06
4.243e-06,3.06e-06,5.23e-06,4.34e-06,5.23e-06
4.115e-06,3.4e-06,5.2e-06,3.93e-06,5.2e-06
4.562e-06,3.25e-06,5.63e-06,4.685e-06,5.63e-06
4.437e-06,3.88e-06,5.57e-06,4.15e-06,5.57e-06
4.138e-06,3.27e-06,5.08e-06,4.1e-06,5.08e-06
4.335e-06,3.89e-06,5.261e-06,4.095e-06,5.261e-06
4.315e-06,3.49e-06,5.07e-06,4.35e-06,5.07e-06
4.425e-06,3.6e-06,6.07e-06,4.015e-06,6.07e-06
4.427e-06,3.03e-06,5.36e-06,4.66e-06,5.36e-06
4.42e-06,3.76e-06,5.6e-06,4.16e-06,5.6e-06
4.385e-06,3.6e-06,5.32e-06,4.31e-06,5.32e-06
4.165e-06,3.33e-06,5.32e-06,4.005e-06,5.32e-06
4.32e-06,3.19e-06,5.18e-06,4.455e-06,5.18e-06
4.245e-06,3.45e-06,5.48e-06,4.025e-06,5.48e-06
4.585e-06,3.41e-06,5.26e-06,4.835e-06,5.26e-06
4.233e-06,3.35e-06,5.32e-06,4.13e-06,5.32e-06
4.223e-06,3e-06,5.081e-06,4.405e-06,5.081e-06
4.19e-06,3.59e-06,5.23e-06,3.97e-06,5.23e-06
4.298e-06,3.36e-06,5.44e-06,4.195e-06,5.44e-06
4.25e-06,3.77e-06,5.36e-06,3.935e-06,5.36e-06
4.215e-06,3.17e-06,5.23e-06,4.23e-06,5.23e-06
4.39e-06,3.6e-06,5.67e-06,4.145e-06,5.67e-06
4.315e-06,3.09e-06,5.29e-06,4.44e-06,5.29e-06
4.473e-06,3.75e-06,5.84e-06,4.15e-06,5.84e-06
4.233e-06,3.14e-06,5.14e-06,4.325e-06,5.14e-06
4.18e-06,3.11e-06,5.15e-06,4.23e-06,5.15e-06
4.41e-06,3.47e-06,5.42e-06,4.375e-06,5.42e-06
4.228e-06,3.64e-06,5.251e-06,4.01e-06,5.251e-06
4.16e-06,2.82e-06,5.32e-06,4.25e-06,5.32e-06
4.118e-06,3.75e-06,5.03e-06,3.845e-06,5.03e-06
4.343e-06,2.96e-06,5.24e-06,4.585e-06,5.24e-06
4.335e-06,3.77e-06,5.43e-06,4.07e-06,5.43e-06
4.188e-06,3.16e-06,5.12e-06,4.235e-06,5.12e-06
4.355e-06,3.66e-06,5e-06,4.38e-06,5e-06
4.235e-06,3.4e-06,5.08e-06,4.23e-06,5.08e-06
4.395e-06,3.85e-06,5.46e-06,4.135e-06,5.46e-06
4.307e-06,2.94e-06,5.54e-06,4.375e-06,5.54e-06
4.292e-06,3.58e-06,5.48e-06,4.055e-06,5.48e-06
4.178e-06,3.02e-06,5.25e-06,4.22e-06,5.25e-06
4e-06,2.91e-06,4.891e-06,4.1e-06,4.891e-06
4.408e-06,3.28e-06,5.66e-06,4.345e-06,5.66e-06
4.328e-06,3.77e-06,5.47e-06,4.035e-06,5.47e-06
4.475e-06,3.32e-06,5.54e-06,4.52e-06,5.54e-06
4.445e-06,3.43e-06,5.67e-06,4.34e-06,5.67e-06
4.49e-06,3.68e-06,5.56e-06,4.36e-06,5.56e-06
4.278e-06,3.461e-06,5.27e-06,4.19e-06,5.27e-06
4.118e-06,3.25e-06,5.09e-06,4.065e-06,5.09e-06
4.44e-06,3.72e-06,5.16e-06,4.44e-06,5.16e-06
4.235e-06,3.21e-06,5.31e-06,4.21e-06,5.31e-06
4.235e-06,3.74e-06,5.16e-06,4.02e-06,5.16e-06
4.383e-06,3.06e-06,5.351e-06,4.56e-06,5.351e-06
4.325e-06,3.57e-06,5.19e-06,4.27e-06,5.19e-06
4.167e-06,2.81e-06,5.32e-06,4.27e-06,5.32e-06
4.398e-06,3.69e-06,5.55e-06,4.175e-06,5.55e-06
4.31e-06,3.21e-06,5.16e-06,4.435e-06,5.16e-06
4.345e-06,3.86e-06,5.24e-06,4.14e-06,5.24e-06
4.445e-06,2.92e-06,5.45e-06,4.705e-06,5.45e-06
4.353e-06,3.76e-06,5.46e-06,4.095e-06,5.46e-06
4.285e-06,3.35e-06,5.13e-06,4.33e-06,5.13e-06
4.35e-06,3.82e-06,5.29e-06,4.145e-06,5.29e-06
4.033e-06,2.98e-06,4.89e-06,4.13e-06,4.89e-06
4.378e-06,3.39e-06,5.141e-06,4.491e-06,5.141e-06
4.32e-06,3.04e-06,5.2e-06,4.52e-06,5.2e-06
4.182e-06,3.47e-06,5.53e-06,3.865e-06,5.53e-06
4.46e-06,3.19e-06,5.48e-06,4.585e-06,5.48e-06
4.31e-06,3.64e-06,5.44e-06,4.08e-06,5.44e-06
4.263e-06,3.1e-06,5.34e-06,4.305e-06,5.34e-06
4.343e-06,3.56e-06,5.19e-06,4.311e-06,5.19e-06
4.502e-06,3.46e-06,5.42e-06,4.565e-06,5.42e-06
4.1e-06,3.53e-06,5.15e-06,3.86e-06,5.15e-06
4.242e-06,2.96e-06,5.27e-06,4.37e-06,5.27e-06
4.102e-06,3.1e-06,5.42e-06,3.945e-06,5.42e-06
4.315e-06,3.02e-06,5.871e-06,4.185e-06,5.871e-06
4.455e-06,3.69e-06,5.56e-06,4.285e-06,5.56e-06
4.495e-06,3.25e-06,5.32e-06,4.705e-06,5.32e-06
4.223e-06,3.43e-06,5.26e-06,4.1e-06,5.26e-06
4.25e-06,2.94e-06,5.26e-06,4.4e-06,5.26e-06
4.373e-06,4.04e-06,5.19e-06,4.13e-06,5.19e-06
4.367e-06,3.02e-06,5.33e-06,4.56e-06,5.33e-06
4.257e-06,3.69e-06,5.54e-06,3.9e-06,5.54e-06
4.2e-06,2.98e-06,4.97e-06,4.425e-06,4.97e-06
4.303e-06,3.46e-06,5.08e-06,4.336e-06,5.08e-06
4.16e-06,2.88e-06,5.64e-06,4.06e-06,5.64e-06
6.535e-06,3.96e-06,1.198e-05,5.1e-06,5.6e-06
4.375e-06,3.06e-06,5.29e-06,4.575e-06,5.29e-06
4.343e-06,3.74e-06,5.33e-06,4.15e-06,5.33e-06
4.27e-06,3.07e-06,5.46e-06,4.275e-06,5.46e-06
4.508e-06,3.47e-06,5.81e-06,4.375e-06,5.81e-06
4.397e-06,3.3e-06,5.48e-06,4.405e-06,4.98e-06
4.048e-06,3.21e-06,5e-06,3.99e-06,5e-06
4.5e-06,3.05e-06,5.3e-06,4.825e-06,5.3e-06
4.178e-06,3.49e-06,5.16e-06,4.03e-06,5.16e-06
4.292e-06,3.17e-06,5.71e-06,4.145e-06,5.71e-06
4.382e-06,3.76e-06,5.55e-06,4.11e-06,5.55e-06
4.205e-06,2.97e-06,5.17e-06,4.34e-06,5.17e-06
4.4e-06,3.54e-06,5.32e-06,4.37e-06,5.32e-06
4.217e-06,3.03e-06,5.5e-06,4.17e-06,5.5e-06
4.083e-06,3.3e-06,5.14e-06,3.945e-06,5.14e-06
4.298e-06,3.03e-06,5.45e-06,4.355e-06,5.45e-06
4.275e-06,3.81e-06,5.28e-06,4.005e-06,5.28e-06
4.382e-06,2.88e-06,5.35e-06,4.65e-06,5.35e-06
4.318e-06,3.43e-06,5.19e-06,4.326e-06,5.19e-06
4.447e-06,3.32e-06,5.36e-06,4.555e-06,5.36e-06
4.172e-06,3.48e-06,4.9e-06,4.155e-06,4.9e-06
4.485e-06,2.99e-06,5.35e-06,4.8e-06,5.35e-06
4.377e-06,3.8e-06,5.62e-06,4.045e-06,5.62e-06
4.387e-06,3.19e-06,5.26e-06,4.55e-06,5.26e-06
4.213e-06,3.59e-06,5.25e-06,4.005e-06,5.25e-06
4.35e-06,2.99e-06,5.24e-06,4.585e-06,5.24e-06
4.268e-06,3.53e-06,5.28e-06,4.13e-06,5.28e-06
4.372e-06,3e-06,5.5e-06,4.495e-06,5.5e-06
4.305e-06,3.57e-06,5.38e-06,4.135e-06,5.38e-06
4.343e-06,3e-06,5.45e-06,4.46e-06,5.45e-06
4.3e-06,3.9e-06,5.16e-06,4.07e-06,5.16e-06
4.508e-06,3.01e-06,5.3e-06,4.861e-06,5.3e-06
4.475e-06,3.62e-06,5.52e-06,4.38e-06,5.52e-06
4.44e-06,3.37e-06,5.6e-06,4.395e-06,5.6e-06
4.395e-06,3.5e-06,5.34e-06,4.37e-06,5.34e-06
4.263e-06,3.37e-06,5.32e-06,4.18e-06,5.32e-06
4.2e-06,3.42e-06,5.35e-06,4.015e-06,5.35e-06
4.352e-06,2.89e-06,5.64e-06,4.44e-06,5.64e-06
4.608e-06,3.69e-06,5.71e-06,4.515e-06,5.71e-06
4.263e-06,3.19e-06,5.07e-06,4.395e-06,5.07e-06
4.137e-06,3.45e-06,5.23e-06,3.935e-06,5.23e-06
4.048e-06,2.93e-06,5.14e-06,4.06e-06,5.14e-06
4.23e-06,3.47e-06,5.22e-06,4.115e-06,5.22e-06
4.27e-06,3.06e-06,5.25e-06,4.385e-06,5.25e-06
4.353e-06,3.62e-06,5.731e-06,4.03e-06,5.731e-06
4.228e-06,3.03e-06,5.36e-06,4.261e-06,5.36e-06
4.415e-06,3.8e-06,5.38e-06,4.24e-06,5.38e-06
4.41e-06,3.08e-06,5.58e-06,4.49e-06,5.58e-06
4.32e-06,3.54e-06,5.3e-06,4.22e-06,5.3e-06
4.112e-06,2.99e-06,5.15e-06,4.155e-06,5.15e-06
4.22e-06,3.78e-06,5.09e-06,4.005e-06,5.09e-06
4.3e-06,3.49e-06,5.11e-06,4.3e-06,5.11e-06
4.168e-06,3.7e-06,5.12e-06,3.926e-06,5.12e-06
4.563e-06,3e-06,5.33e-06,4.96e-06,5.33e-06
4.268e-06,3.77e-06,5.34e-06,3.98e-06,5.34e-06
4.205e-06,2.99e-06,5.401e-06,4.215e-06,5.401e-06
4.218e-06,3.48e-06,5.2e-06,4.095e-06,5.2e-06
4.273e-06,3.27e-06,5.03e-06,4.395e-06,5.03e-06
4.293e-06,3.551e-06,5.38e-06,4.12e-06,5.38e-06
4.43e-06,3e-06,5.41e-06,4.655e-06,5.41e-06
4.253e-06,3.67e-06,5.34e-06,4e-06,5.34e-06
4.43e-06,3.46e-06,5.33e-06,4.465e-06,5.13e-06
4.19e-06,3.35e-06,5.44e-06,3.985e-06,5.44e-06
4.108e-06,3.21e-06,5.22e-06,4e-06,5.22e-06
4.375e-06,3.72e-06,5.51e-06,4.135e-06,5.51e-06
4.18e-06,3.05e-06,5.06e-06,4.305e-06,5.06e-06
4.203e-06,3.59e-06,5.191e-06,4.015e-06,5.191e-06
4.107e-06,2.84e-06,5.03e-06,4.28e-06,5.03e-06
4.23e-06,3.45e-06,5.45e-06,4.01e-06,5.45e-06
4.352e-06,3.08e-06,4.99e-06,4.67e-06,4.99e-06
4.265e-06,3.44e-06,4.94e-06,4.34e-06,4.94e-06
4.41e-06,3.12e-06,5.77e-06,4.375e-06,5.77e-06
4.395e-06,3.51e-06,5.29e-06,4.39e-06,5.29e-06
4.3e-06,3.41e-06,5.21e-06,4.29e-06,5.21e-06
4.322e-06,3.92e-06,5.2e-06,4.085e-06,5.2e-06
4.375e-06,3.31e-06,5.13e-06,4.53e-06,5.13e-06
4.432e-06,3.74e-06,5.68e-06,4.155e-06,5.68e-06
4.203e-06,2.97e-06,5.2e-06,4.32e-06,5.2e-06
4.217e-06,3.6e-06,5.44e-06,3.915e-06,5.44e-06
4.188e-06,2.84e-06,5.26e-06,4.325e-06,5.26e-06
4.233e-06,3.4e-06,5.22e-06,4.155e-06,5.22e-06
4.325e-06,3.11e-06,5.17e-06,4.51e-06,5.17e-06
4.322e-06,3.54e-06,5.41e-06,4.17e-06,5.41e-06
4.41e-06,3.21e-06,5.45e-06,4.49e-06,5.45e-06
4.017e-06,2.93e-06,4.92e-06,4.11e-06,4.92e-06
4.207e-06,2.91e-06,5.19e-06,4.365e-06,5.19e-06
4.335e-06,3.6e-06,5.34e-06,4.201e-06,5.34e-06
4.49e-06,3.09e-06,5.68e-06,4.595e-06,5.68e-06
4.335e-06,3.88e-06,5.36e-06,4.05e-06,5.36e-06
4.505e-06,3.3e-06,5.811e-06,4.455e-06,5.811e-06
4.193e-06,3.69e-06,5.14e-06,3.97e-06,5.14e-06
4.067e-06,2.92e-06,5.08e-06,4.135e-06,5.08e-06
4.333e-06,3.69e-06,5.5e-06,4.07e-06,5.5e-06
4.372e-06,3.23e-06,5.34e-06,4.46e-06,5.34e-06
4.328e-06,3.77e-06,5.12e-06,4.21e-06,5.12e-06
4.267e-06,3.16e-06,4.97e-06,4.47e-06,4.97e-06
4.518e-06,3.51e-06,5.29e-06,4.635e-06,5.29e-06
4.333e-06,3.19e-06,5.16e-06,4.49e-06,5.16e-06
4.43e-06,3.68e-06,5.6e-06,4.22e-06,5.6e-06
4.35e-06,3.39e-06,5.49e-06,4.26e-06,5.49e-06
4.473e-06,3.43e-06,5.681e-06,4.39e-06,5.681e-06
4.357e-06,3.37e-06,5.38e-06,4.34e-06,5.38e-06
4.338e-06,3.53e-06,5.27e-06,4.275e-06,5.27e-06
4.207e-06,3.24e-06,5.11e-06,4.24e-06,5.11e-06
4.108e-06,3.51e-06,5.24e-06,3.84e-06,5.24e-06
4.202e-06,3.05e-06,5.28e-06,4.24e-06,5.28e-06
4.23e-06,3.49e-06,4.95e-06,4.24e-06,4.95e-06
4.566e-06,3.181e-06,5.29e-06,4.896e-06,5.04e-06
4.227e-06,3.48e-06,5.69e-06,3.87e-06,5.69e-06
4.197e-06,3e-06,5.16e-06,4.315e-06,5.16e-06
4.34e-06,3.8e-06,5.17e-06,4.195e-06,5.17e-06
4.18e-06,2.88e-06,5.471e-06,4.185e-06,5.471e-06
4.355e-06,3.55e-06,5.89e-06,3.99e-06,5.89e-06
4.227e-06,2.97e-06,5.21e-06,4.365e-06,5.21e-06
4.172e-06,3.47e-06,5.42e-06,3.9e-06,5.42e-06
4.213e-06,3.03e-06,5.05e-06,4.385e-06,5.05e-06
4.358e-06,3.8e-06,5.19e-06,4.22e-06,5.19e-06
4.263e-06,2.98e-06,5.12e-06,4.475e-06,5.12e-06
4.25e-06,3.61e-06,5.52e-06,3.935e-06,5.52e-06
4.17e-06,2.86e-06,5.32e-06,4.25e-06,5.32e-06
4.128e-06,3.17e-06,5.22e-06,4.06e-06,5.22e-06
4.463e-06,3.05e-06,5.32e-06,4.741e-06,5.32e-06
4.362e-06,3.32e-06,5.14e-06,4.495e-06,5.14e-06
4.42e-06,3.37e-06,5.51e-06,4.4e-06,5.51e-06
4.482e-06,3.82e-06,5.89e-06,4.11e-06,5.89e-06
4.305e-06,2.85e-06,5.5e-06,4.435e-06,5.5e-06
4.19e-06,3.67e-06,5.13e-06,3.98e-06,5.13e-06
4.135e-06,2.96e-06,5.49e-06,4.045e-06,5.49e-06
4.45e-06,3.62e-06,5.28e-06,4.45e-06,5.28e-06
4.363e-06,3.03e-06,4.9e-06,4.76e-06,4.85e-06
4.325e-06,3.52e-06,5.57e-06,4.105e-06,5.57e-06
4.552e-06,2.95e-06,6.09e-06,4.585e-06,6.09e-06
4.26e-06,3.52e-06,5.32e-06,4.1e-06,5.32e-06
4.165e-06,2.85e-06,5.31e-06,4.25e-06,5.31e-06
4.2e-06,3.02e-06,5.191e-06,4.295e-06,5.191e-06
4.42e-06,3.33e-06,5.49e-06,4.431e-06,5.49e-06
4.368e-06,3.82e-06,5.54e-06,4.055e-06,5.54e-06
4.265e-06,3.02e-06,5.61e-06,4.215e-06,5.61e-06
4.232e-06,3.6e-06,5.16e-06,4.085e-06,5.16e-06
4.223e-06,3.08e-06,5.33e-06,4.24e-06,5.33e-06
4.212e-06,3.54e-06,5.27e-06,4.02e-06,5.27e-06
4.177e-06,3.02e-06,5.27e-06,4.21e-06,5.27e-06
4.255e-06,3.59e-06,5.59e-06,3.92e-06,5.59e-06
4.335e-06,3.08e-06,5.18e-06,4.54e-06,5.18e-06
4.505e-06,3.97e-06,5.63e-06,4.21e-06,5.63e-06
4.408e-06,3.51e-06,5.221e-06,4.45e-06,5.221e-06
4.178e-06,3.47e-06,5.14e-06,4.05e-06,5.14e-06
4.165e-06,3.09e-06,5.07e-06,4.25e-06,5.07e-06
4.115e-06,3.12e-06,4.94e-06,4.2e-06,4.94e-06
4.345e-06,2.84e-06,5.19e-06,4.676e-06,5.19e-06
4.285e-06,3.94e-06,5.17e-06,4.015e-06,5.17e-06
4.413e-06,3.11e-06,5.95e-06,4.295e-06,5.95e-06
4.45e-06,3.78e-06,5.48e-06,4.27e-06,5.48e-06
4.202e-06,3.09e-06,5.26e-06,4.23e-06,5.26e-06
4.272e-06,3.66e-06,5.07e-06,4.18e-06,5.07e-06
4.23e-06,2.9e-06,5.18e-06,4.421e-06,5.18e-06
4.31e-06,3.73e-06,5.2e-06,4.155e-06,5.2e-06
4.165e-06,2.96e-06,5.07e-06,4.315e-06,5.07e-06
4.282e-06,3.77e-06,5.33e-06,4.015e-06,5.33e-06
4.305e-06,3.1e-06,5.09e-06,4.515e-06,5.09e-06
4.317e-06,3.96e-06,5.32e-06,3.995e-06,5.32e-06
4.272e-06,2.93e-06,5.39e-06,4.385e-06,5.39e-06
4.22e-06,3.39e-06,5.28e-06,4.105e-06,5.28e-06
4.248e-06,3.2e-06,5.55e-06,4.12e-06,5.55e-06
4.24e-06,3.67e-06,5.27e-06,4.01e-06,5.27e-06
4.115e-06,2.94e-06,5.28e-06,4.12e-06,5.28e-06
4.408e-06,3.56e-06,5.8e-06,4.135e-06,5.8e-06
4.305e-06,3.02e-06,5.27e-06,4.465e-06,5.27e-06
4.083e-06,3.35e-06,5.241e-06,3.87e-06,5.241e-06
4.28e-06,3.42e-06,5.29e-06,4.206e-06,5.29e-06
4.27e-06,3.24e-06,5.33e-06,4.255e-06,5.33e-06
4.257e-06,3.22e-06,5.18e-06,4.315e-06,5.18e-06
4.32e-06,3.75e-06,5.72e-06,3.905e-06,5.72e-06
4.268e-06,3.14e-06,5.25e-06,4.34e-06,5.25e-06
4.247e-06,3.45e-06,5.43e-06,4.055e-06,5.43e-06
4.293e-06,3.1e-06,5.22e-06,4.425e-06,5.22e-06
4.268e-06,3.82e-06,5.41e-06,3.92e-06,5.41e-06
4.45e-06,3.18e-06,6.08e-06,4.27e-06,6.08e-06
4.268e-06,3.54e-06,5.48e-06,4.025e-06,5.48e-06
4.393e-06,3.11e-06,5.541e-06,4.46e-06,5.541e-06
4.185e-06,3.34e-06,5.27e-06,4.065e-06,5.27e-06
4.358e-06,3.07e-06,5.19e-06,4.585e-06,5.19e-06
4.267e-06,3.76e-06,5.17e-06,4.07e-06,5.17e-06
4.24e-06,2.94e-06,5.19e-06,4.415e-06,5.19e-06
4.16e-06,3.37e-06,5.17e-06,4.05e-06,5.17e-06
4.445e-06,3.19e-06,5.88e-06,4.355e-06,5.88e-06
4.177e-06,3.68e-06,5.27e-06,3.88e-06,5.27e-06
4.583e-06,3.21e-06,5.64e-06,4.74e-06,5.64e-06
4.335e-06,3.63e-06,5.74e-06,3.985e-06,5.74e-06
4.277e-06,3.27e-06,4.98e-06,4.43e-06,4.98e-06
4.27e-06,3.54e-06,5.21e-06,4.165e-06,5.21e-06
4.103e-06,3.07e-06,5.261e-06,4.041e-06,5.261e-06
4.347e-06,3.89e-06,5.24e-06,4.13e-06,5.24e-06
4.223e-06,3.01e-06,5.05e-06,4.415e-06,5.05e-06
4.368e-06,3.61e-06,5.34e-06,4.26e-06,5.34e-06
4.205e-06,2.95e-06,5.39e-06,4.24e-06,5.39e-06
4.292e-06,3.65e-06,5.36e-06,4.08e-06,5.36e-06
4.293e-06,3.05e-06,5.25e-06,4.436e-06,5.25e-06
4.15e-06,3.51e-06,4.89e-06,4.1e-06,4.89e-06
4.202e-06,3.01e-06,5.32e-06,4.24e-06,5.32e-06
4.343e-06,3.42e-06,5.27e-06,4.34e-06,5.27e-06
4.188e-06,2.98e-06,5.28e-06,4.245e-06,5.28e-06
4.205e-06,3.66e-06,5.381e-06,3.89e-06,5.381e-06
4.4e-06,3.05e-06,5.19e-06,4.68e-06,5.19e-06
4.278e-06,3.68e-06,5.44e-06,3.995e-06,5.44e-06
4.2e-06,2.93e-06,5.33e-06,4.271e-06,5.33e-06
4.173e-06,3.461e-06,5.14e-06,4.045e-06,5.14e-06
4.24e-06,2.94e-06,5.28e-06,4.37e-06,5.28e-06
4.405e-06,3.78e-06,5.44e-06,4.2e-06,5.44e-06
4.378e-06,2.95e-06,5.15e-06,4.705e-06,5.15e-06
4.257e-06,3.8e-06,5.21e-06,4.01e-06,5.21e-06
4.283e-06,3.03e-06,5.48e-06,4.31e-06,5.48e-06
4.162e-06,3.19e-06,5.41e-06,4.025e-06,5.41e-06
4.158e-06,2.97e-06,5.091e-06,4.285e-06,5.091e-06
4.59e-06,4.08e-06,5.35e-06,4.465e-06,5.35e-06
4.285e-06,2.98e-06,5.31e-06,4.425e-06,5.31e-06
4.258e-06,3.37e-06,5.49e-06,4.085e-06,5.49e-06
4.303e-06,3.16e-06,5.22e-06,4.415e-06,5.22e-06
4.3e-06,3.7e-06,5.5e-06,4e-06,5.5e-06
4.1e-06,3e-06,5.12e-06,4.14e-06,5.12e-06
4.44e-06,3.62e-06,5.5e-06,4.32e-06,5.5e-06
4.333e-06,3.23e-06,5.4e-06,4.35e-06,5.4e-06
4.255e-06,3.37e-06,5.09e-06,4.28e-06,5.09e-06
4.317e-06,3.35e-06,5e-06,4.46e-06,5e-06
4.175e-06,3.49e-06,5.34e-06,3.935e-06,5.34e-06
4.298e-06,3.03e-06,5.75e-06,4.205e-06,5.75e-06
4.338e-06,3.83e-06,5.13e-06,4.195e-06,5.13e-06
4.288e-06,3.06e-06,5.8e-06,4.145e-06,5.8e-06
4.158e-06,3.68e-06,5.02e-06,3.965e-06,5.02e-06
4.492e-06,3e-06,5.46e-06,4.755e-06,5.46e-06
4.45e-06,3.65e-06,5.69e-06,4.23e-06,5.69e-06
4.252e-06,3.07e-06,5.29e-06,4.325e-06,5.29e-06
4.545e-06,4.08e-06,5.76e-06,4.17e-06,5.76e-06
4.185e-06,3.36e-06,5.33e-06,4.026e-06,5.33e-06
4.295e-06,3.9e-06,5.34e-06,3.97e-06,5.34e-06
4.45e-06,3.09e-06,5.08e-06,4.815e-06,5.08e-06
4.203e-06,3.45e-06,5.581e-06,3.89e-06,5.581e-06
4.333e-06,3.2e-06,5.21e-06,4.46e-06,5.21e-06
4.268e-06,3.82e-06,5.15e-06,4.05e-06,5.15e-06
4.165e-06,2.96e-06,5.3e-06,4.2e-06,5.3e-06
4.408e-06,3.56e-06,5.44e-06,4.315e-06,5.44e-06
4.41e-06,3.33e-06,5.35e-06,4.48e-06,5.35e-06
4.242e-06,3.86e-06,5.04e-06,4.035e-06,5.04e-06
4.24e-06,3.04e-06,5.55e-06,4.185e-06,5.55e-06
4.19e-06,3.54e-06,5.29e-06,3.965e-06,5.29e-06
4.323e-06,3.1e-06,5.63e-06,4.28e-06,5.63e-06
4.373e-06,3.82e-06,5.4e-06,4.135e-06,5.4e-06
4.288e-06,2.91e-06,5.541e-06,4.35e-06,5.541e-06
4.29e-06,3.38e-06,4.97e-06,4.405e-06,4.97e-06
4.383e-06,3.6e-06,5.24e-06,4.345e-06,5.24e-06
4.445e-06,3.88e-06,5.42e-06,4.24e-06,5.42e-06
4.408e-06,2.86e-06,5.46e-06,4.655e-06,5.46e-06
4.145e-06,3.61e-06,5.12e-06,3.926e-06,5.12e-06
4.208e-06,2.77e-06,5.6e-06,4.23e-06,5.6e-06
4.265e-06,3.67e-06,5.05e-06,4.17e-06,5.05e-06
4.248e-06,3.351e-06,5.28e-06,4.18e-06,5.28e-06
4.563e-06,3.63e-06,5.61e-06,4.505e-06,5.61e-06
4.463e-06,3.45e-06,5.17e-06,4.615e-06,5.17e-06
4.273e-06,3.68e-06,5.561e-06,3.925e-06,5.561e-06
4.41e-06,3.17e-06,5.5e-06,4.485e-06,5.5e-06
4.298e-06,3.52e-06,5.54e-06,4.065e-06,5.54e-06
4.467e-06,3.29e-06,5.7e-06,4.44e-06,5.7e-06
4.135e-06,2.95e-06,5.45e-06,4.07e-06,5.45e-06
4.278e-06,3e-06,5.48e-06,4.315e-06,5.48e-06
4.35e-06,3.66e-06,5.23e-06,4.255e-06,5.23e-06
4.305e-06,3.09e-06,5.55e-06,4.29e-06,5.55e-06
4.395e-06,3.59e-06,5.13e-06,4.43e-06,5.13e-06
4.198e-06,3.03e-06,5.19e-06,4.285e-06,5.19e-06
4.287e-06,3.47e-06,5.39e-06,4.145e-06,5.39e-06
4.382e-06,3.48e-06,5.51e-06,4.27e-06,5.51e-06
4.14e-06,3.71e-06,5.25e-06,3.8e-06,5.25e-06
4.328e-06,2.97e-06,5.54e-06,4.4e-06,5.54e-06
4.338e-06,3.44e-06,5.29e-06,4.31e-06,5.29e-06
4.402e-06,3.54e-06,5.23e-06,4.42e-06,5.23e-06
4.213e-06,3.41e-06,5.17e-06,4.135e-06,5.17e-06
4.335e-06,3.05e-06,5.58e-06,4.355e-06,5.58e-06
4.157e-06,3.21e-06,5.01e-06,4.205e-06,5.01e-06
4.298e-06,2.8e-06,5.5e-06,4.445e-06,5.5e-06
4.408e-06,3.66e-06,6.07e-06,3.95e-06,6.07e-06
4.325e-06,3.34e-06,5.21e-06,4.375e-06,5.21e-06
4.22e-06,3.51e-06,5.34e-06,4.015e-06,5.34e-06
4.243e-06,3.1e-06,5.131e-06,4.37e-06,5.131e-06
4.17e-06,3.51e-06,5.17e-06,4e-06,5.17e-06
4.222e-06,3.2e-06,5.09e-06,4.3e-06,5.09e-06
4.31e-06,3.48e-06,5.39e-06,4.185e-06,5.39e-06
4.153e-06,2.97e-06,5.13e-06,4.255e-06,5.13e-06
4.47e-06,4.01e-06,5.35e-06,4.26e-06,5.35e-06
4.277e-06,3.14e-06,5.33e-06,4.32e-06,5.33e-06
4.252e-06,3.61e-06,5.57e-06,3.915e-06,5.57e-06
4.358e-06,3.24e-06,5.38e-06,4.405e-06,5.38e-06
4.437e-06,4.06e-06,5.21e-06,4.24e-06,5.21e-06
4.2e-06,3e-06,5.25e-06,4.275e-06,5.25e-06
4.263e-06,3.44e-06,5.251e-06,4.18e-06,5.251e-06
4.368e-06,3.26e-06,5.21e-06,4.5e-06,5.21e-06
4.6e-06,3.93e-06,6.03e-06,4.22e-06,6.03e-06
4.34e-06,3.2e-06,5.38e-06,4.39e-06,5.38e-06
4.29e-06,3.39e-06,5.76e-06,4.005e-06,5.76e-06
4.15e-06,3.14e-06,5.39e-06,4.035e-06,5.39e-06
4.1e-06,3.35e-06,5.22e-06,3.915e-06,5.22e-06
4.3e-06,3.01e-06,5.32e-06,4.435e-06,5.32e-06
4.327e-06,3.67e-06,5.47e-06,4.085e-06,5.47e-06
4.365e-06,3.27e-06,5.46e-06,4.365e-06,5.46e-06
4.205e-06,3.56e-06,5.18e-06,4.04e-06,5.18e-06
4.408e-06,3e-06,5.67e-06,4.48e-06,5.67e-06
4.3e-06,3.671e-06,5.4e-06,4.065e-06,5.4e-06
4.415e-06,3.38e-06,5.69e-06,4.295e-06,5.69e-06
4.298e-06,3.54e-06,5.34e-06,4.155e-06,5.34e-06
4.398e-06,3.18e-06,5.98e-06,4.215e-06,5.98e-06
4.137e-06,3.59e-06,5.08e-06,3.94e-06,5.08e-06
4.248e-06,2.69e-06,5.38e-06,4.46e-06,5.38e-06
4.325e-06,3.81e-06,5.38e-06,4.055e-06,5.38e-06
4.185e-06,2.89e-06,5.12e-06,4.365e-06,5.12e-06
4.132e-06,3.42e-06,5.1e-06,4.005e-06,5.1e-06
4.295e-06,3.14e-06,5.16e-06,4.44e-06,5.16e-06
4.265e-06,3.52e-06,5.45e-06,4.045e-06,5.45e-06
4.363e-06,2.96e-06,5.221e-06,4.635e-06,5.221e-06
4.408e-06,3.88e-06,5.42e-06,4.165e-06,5.42e-06
4.152e-06,2.94e-06,5.15e-06,4.26e-06,5.15e-06
4.385e-06,3.62e-06,5.42e-06,4.25e-06,5.42e-06
4.062e-06,2.91e-06,5.18e-06,4.08e-06,5.18e-06
4.233e-06,3.52e-06,5.57e-06,3.92e-06,5.57e-06
4.14e-06,3.02e-06,4.83e-06,4.356e-06,4.83e-06
4.425e-06,3.9e-06,5.32e-06,4.24e-06,5.32e-06
4.193e-06,2.95e-06,5.1e-06,4.36e-06,5.1e-06
4.26e-06,3.73e-06,5.17e-06,4.07e-06,5.17e-06
4.347e-06,3.1e-06,5.3e-06,4.495e-06,5.3e-06
4.288e-06,3.47e-06,5.091e-06,4.295e-06,5.091e-06
4.22e-06,3.28e-06,5.18e-06,4.21e-06,5.18e-06
4.38e-06,3.4e-06,5.52e-06,4.3e-06,5.52e-06
4.248e-06,3.06e-06,5.1e-06,4.415e-06,5.1e-06
4.13e-06,3.46e-06,5.28e-06,3.891e-06,5.28e-06
4.508e-06,3.34e-06,5.3e-06,4.695e-06,5.3e-06
4.405e-06,3.96e-06,5.51e-06,4.075e-06,5.51e-06
4.16e-06,3.12e-06,5.14e-06,4.19e-06,5.14e-06
4.225e-06,3.46e-06,5.7e-06,3.87e-06,5.7e-06
4.365e-06,3.1e-06,5.77e-06,4.295e-06,5.77e-06
4.272e-06,3.81e-06,5.34e-06,3.97e-06,5.34e-06
4.478e-06,3.03e-06,5.461e-06,4.71e-06,5.461e-06
4.218e-06,3.28e-06,5.34e-06,4.125e-06,5.34e-06
4.225e-06,3.11e-06,5.24e-06,4.275e-06,5.24e-06
4.045e-06,3.08e-06,5.18e-06,3.96e-06,5.18e-06
4.248e-06,2.95e-06,5.12e-06,4.46e-06,5.12e-06
4.418e-06,3.63e-06,5.57e-06,4.235e-06,5.57e-06
4.312e-06,3.27e-06,5.21e-06,4.385e-06,5.21e-06
4.265e-06,3.52e-06,5.18e-06,4.18e-06,5.18e-06
4.365e-06,3.38e-06,5.25e-06,4.415e-06,5.25e-06
4.403e-06,3.7e-06,5.54e-06,4.185e-06,5.54e-06
4.085e-06,3.19e-06,5.16e-06,3.995e-06,5.16e-06
4.275e-06,3.36e-06,5.79e-06,3.975e-06,5.79e-06
4.142e-06,2.95e-06,5.22e-06,4.2e-06,5.22e-06
4.245e-06,3.76e-06,5.32e-06,3.95e-06,5.32e-06
4.288e-06,3.46e-06,4.85e-06,4.42e-06,4.85e-06
4.453e-06,4.05e-06,5.3e-06,4.23e-06,5.3e-06
4.243e-06,2.95e-06,5.5e-06,4.26e-06,5.5e-06
4.275e-06,3.58e-06,5.42e-06,4.05e-06,5.42e-06
4.118e-06,3.06e-06,5.17e-06,4.12e-06,5.17e-06
4.18e-06,3.51e-06,5.21e-06,4e-06,5.21e-06
4.35e-06,3.04e-06,5.42e-06,4.47e-06,5.42e-06
4.335e-06,3.82e-06,5.42e-06,4.05e-06,5.42e-06
4.288e-06,3.05e-06,5.17e-06,4.465e-06,5.17e-06
4.313e-06,3.69e-06,5.541e-06,4.01e-06,5.541e-06
4.062e-06,2.99e-06,5.22e-06,4.02e-06,5.22e-06
4.187e-06,3.45e-06,5.06e-06,4.12e-06,5.06e-06
4.303e-06,3.01e-06,5.08e-06,4.56e-06,5.08e-06
4.228e-06,3.65e-06,5.49e-06,3.885e-06,5.49e-06
4.293e-06,2.6e-06,5.97e-06,4.3e-06,5.97e-06
4.232e-06,3.42e-06,5e-06,4.255e-06,5e-06
4.215e-06,2.99e-06,5.49e-06,4.19e-06,5.49e-06
4.265e-06,3.69e-06,5.07e-06,4.15e-06,5.07e-06
4.208e-06,3.07e-06,5.14e-06,4.31e-06,5.14e-06
4.36e-06,3.7e-06,5.18e-06,4.28e-06,5.18e-06
4.265e-06,3.05e-06,5.24e-06,4.385e-06,5.24e-06
4.427e-06,3.83e-06,5.57e-06,4.155e-06,5.57e-06
4.313e-06,3.05e-06,5.46e-06,4.37e-06,5.46e-06
4.335e-06,3.58e-06,5.26e-06,4.25e-06,5.26e-06
4.31e-06,3.3e-06,5.19e-06,4.375e-06,5.19e-06
4.095e-06,3.08e-06,5.19e-06,4.055e-06,5.19e-06
4.208e-06,3.07e-06,5.14e-06,4.31e-06,5.14e-06
4.257e-06,3.65e-06,5.24e-06,4.07e-06,5.24e-06
4.198e-06,2.86e-06,5.01e-06,4.46e-06,5.01e-06
4.448e-06,4.03e-06,5.29e-06,4.235e-06,5.29e-06
4.277e-06,3.2e-06,5.13e-06,4.39e-06,5.13e-06
4.347e-06,3.65e-06,5.53e-06,4.105e-06,5.53e-06
4.2e-06,3.09e-06,5.441e-06,4.135e-06,5.441e-06
4.395e-06,3.98e-06,5.21e-06,4.195e-06,5.21e-06
4.225e-06,3.06e-06,4.89e-06,4.475e-06,4.82e-06
4.335e-06,3.49e-06,5.23e-06,4.31e-06,5.23e-06
4.453e-06,3.14e-06,5.73e-06,4.47e-06,5.73e-06
4.398e-06,3.73e-06,5.61e-06,4.125e-06,5.61e-06
4.205e-06,3.01e-06,5.15e-06,4.33e-06,5.15e-06
3.953e-06,2.98e-06,4.95e-06,3.94e-06,4.95e-06
4.36e-06,2.99e-06,5.39e-06,4.53e-06,5.39e-06
4.275e-06,3.45e-06,5.35e-06,4.15e-06,5.35e-06
4.218e-06,2.92e-06,5.19e-06,4.38e-06,5.19e-06
4.178e-06,3.47e-06,5.111e-06,4.065e-06,5.111e-06
4.25e-06,2.99e-06,5.21e-06,4.4e-06,5.21e-06
4.243e-06,3.83e-06,5.22e-06,3.96e-06,5.22e-06
4.082e-06,2.86e-06,5.12e-06,4.175e-06,5.12e-06
4.08e-06,3.39e-06,5.12e-06,3.905e-06,5.12e-06
4.35e-06,3.03e-06,5.19e-06,4.59e-06,5.19e-06
4.385e-06,3.771e-06,5.22e-06,4.275e-06,5.22e-06
4.343e-06,3.2e-06,5.28e-06,4.445e-06,5.28e-06
4.462e-06,3.9e-06,5.39e-06,4.28e-06,5.39e-06
4.215e-06,3.06e-06,5.26e-06,4.27e-06,5.26e-06
4.143e-06,3.39e-06,4.85e-06,4.165e-06,4.85e-06
4.135e-06,3.04e-06,5.61e-06,3.945e-06,5.61e-06
4.255e-06,3.29e-06,4.92e-06,4.405e-06,4.92e-06
4.203e-06,3.35e-06,5.49e-06,3.985e-06,5.49e-06
4.142e-06,3.33e-06,4.92e-06,4.16e-06,4.92e-06
4.25e-06,3.2e-06,5.32e-06,4.241e-06,5.32e-06
4.26e-06,3.58e-06,5.01e-06,4.225e-06,5.01e-06
4.302e-06,3.38e-06,5.4e-06,4.215e-06,5.4e-06
4.178e-06,3.26e-06,5.1e-06,4.176e-06,5.1e-06
4.248e-06,3.11e-06,5.23e-06,4.325e-06,5.23e-06
4.27e-06,3.54e-06,4.92e-06,4.31e-06,4.92e-06
4.365e-06,3.33e-06,5.411e-06,4.36e-06,5.411e-06
4.18e-06,3.2e-06,4.93e-06,4.295e-06,4.93e-06
4.123e-06,2.76e-06,5.55e-06,4.09e-06,5.55e-06
4.272e-06,3.17e-06,4.98e-06,4.47e-06,4.98e-06
4.14e-06,3.22e-06,5.43e-06,3.955e-06,5.43e-06
4.287e-06,3.18e-06,5.34e-06,4.315e-06,5.34e-06
4.285e-06,3.13e-06,5.7e-06,4.155e-06,5.7e-06
4.247e-06,3.81e-06,4.85e-06,4.165e-06,4.85e-06
4.06e-06,3.08e-06,5.36e-06,3.9e-06,5.36e-06
4.65e-06,3.7e-06,5.6e-06,4.65e-06,5.6e-06
4.25e-06,3.55e-06,5.35e-06,4.05e-06,5.35e-06
4.301e-06,3.05e-06,5.201e-06,4.476e-06,5.201e-06
4.228e-06,3.57e-06,5.34e-06,4e-06,5.34e-06
4.25e-06,3.15e-06,5.22e-06,4.315e-06,5.22e-06
4.315e-06,3.47e-06,5.67e-06,4.06e-06,5.67e-06
4.288e-06,3.23e-06,5.06e-06,4.43e-06,5.06e-06
4.135e-06,3.18e-06,5.22e-06,4.07e-06,5.22e-06
4.262e-06,2.9e-06,5.55e-06,4.3e-06,5.55e-06
4.483e-06,3.37e-06,6.07e-06,4.245e-06,6.07e-06
4.34e-06,3.46e-06,4.74e-06,4.58e-06,4.71e-06
4.165e-06,3.15e-06,5.48e-06,4.015e-06,5.48e-06
4.278e-06,3.27e-06,5.09e-06,4.375e-06,5.09e-06
4.25e-06,2.93e-06,5.48e-06,4.295e-06,5.48e-06
4.115e-06,3.2e-06,4.86e-06,4.2e-06,4.86e-06
4.208e-06,3.12e-06,5.25e-06,4.23e-06,5.25e-06
4.343e-06,3.43e-06,5.05e-06,4.445e-06,5.05e-06
4.207e-06,3.14e-06,5.29e-06,4.2e-06,5.29e-06
4.108e-06,3.14e-06,4.93e-06,4.18e-06,4.93e-06
4.182e-06,3.17e-06,5.3e-06,4.13e-06,5.3e-06
4.153e-06,3.19e-06,4.93e-06,4.245e-06,4.93e-06
4.335e-06,3.13e-06,5.63e-06,4.29e-06,5.63e-06
4.372e-06,3.9e-06,4.88e-06,4.355e-06,4.88e-06
4.052e-06,3.09e-06,5.13e-06,3.995e-06,5.13e-06
4.113e-06,3.16e-06,4.85e-06,4.22e-06,4.85e-06
4.24e-06,3.2e-06,5.491e-06,4.135e-06,5.491e-06
4.293e-06,3.53e-06,4.77e-06,4.435e-06,4.77e-06
4.143e-06,3.23e-06,5.1e-06,4.12e-06,5.1e-06
4.408e-06,3.53e-06,5.16e-06,4.47e-06,5.16e-06
4.315e-06,3.47e-06,5.7e-06,4.045e-06,5.7e-06
4.185e-06,3.17e-06,5.01e-06,4.28e-06,5.01e-06
4.358e-06,3.51e-06,5.57e-06,4.175e-06,5.57e-06
4.365e-06,3.56e-06,4.93e-06,4.485e-06,4.93e-06
4.33e-06,3.48e-06,5.78e-06,4.03e-06,5.78e-06
4.09e-06,3.18e-06,4.88e-06,4.15e-06,4.88e-06
4.275e-06,3.33e-06,5.77e-06,4e-06,5.77e-06
4.34e-06,3.22e-06,4.951e-06,4.595e-06,4.951e-06
4.195e-06,3.12e-06,5.33e-06,4.165e-06,5.33e-06
4.327e-06,3.63e-06,4.9e-06,4.39e-06,4.9e-06
4.373e-06,3.471e-06,5.83e-06,4.095e-06,5.83e-06
4.26e-06,3.5e-06,4.94e-06,4.3e-06,4.94e-06
4.09e-06,2.92e-06,5.16e-06,4.14e-06,5.16e-06
4.085e-06,3.04e-06,4.94e-06,4.18e-06,4.94e-06
4.283e-06,3.27e-06,5.65e-06,4.105e-06,5.65e-06
4.255e-06,3.29e-06,4.97e-06,4.38e-06,4.97e-06
4.218e-06,3.11e-06,5.42e-06,4.17e-06,5.42e-06
4.115e-06,3.18e-06,4.77e-06,4.255e-06,4.77e-06
4.28e-06,3.28e-06,5.851e-06,3.995e-06,5.851e-06
3.992e-06,3.1e-06,4.93e-06,3.97e-06,4.93e-06
4.292e-06,3.18e-06,5.23e-06,4.38e-06,5.23e-06
4.145e-06,3.11e-06,4.94e-06,4.265e-06,4.94e-06
4.413e-06,3.59e-06,5.38e-06,4.34e-06,5.38e-06
4.175e-06,3.24e-06,5.08e-06,4.19e-06,5.08e-06
4.275e-06,3.3e-06,5.27e-06,4.265e-06,5.27e-06
4.125e-06,3.17e-06,4.81e-06,4.261e-06,4.81e-06
4.125e-06,3.16e-06,5.28e-06,4.03e-06,5.28e-06
4.188e-06,3.16e-06,4.95e-06,4.32e-06,4.95e-06
4.357e-06,3.38e-06,5.33e-06,4.36e-06,5.33e-06
4.42e-06,3.91e-06,5.15e-06,4.31e-06,5.15e-06
4.378e-06,3.65e-06,5.391e-06,4.235e-06,5.391e-06
4.39e-06,3.34e-06,5.2e-06,4.51e-06,5.2e-06
4.292e-06,3.35e-06,5.31e-06,4.255e-06,5.31e-06
4.107e-06,3.2e-06,5e-06,4.115e-06,5e-06
4.115e-06,3.21e-06,5.19e-06,4.03e-06,5.19e-06
4.195e-06,2.96e-06,5e-06,4.41e-06,5e-06
4.165e-06,3.27e-06,5.29e-06,4.05e-06,5.29e-06
4.245e-06,3.22e-06,4.95e-06,4.405e-06,4.95e-06
4.137e-06,3.16e-06,5.37e-06,4.01e-06,5.37e-06
4.113e-06,3.24e-06,4.92e-06,4.145e-06,4.92e-06
4.29e-06,3.27e-06,5.28e-06,4.305e-06,5.28e-06
4.258e-06,3.34e-06,5.161e-06,4.265e-06,5.161e-06
4.152e-06,3.23e-06,5.21e-06,4.085e-06,5.21e-06
4.305e-06,3.39e-06,5.2e-06,4.315e-06,5.2e-06
4.168e-06,3.27e-06,5.45e-06,3.975e-06,5.45e-06
4.26e-06,3.19e-06,4.89e-06,4.48e-06,4.89e-06
4.162e-06,3.12e-06,5.36e-06,4.085e-06,5.36e-06
4.377e-06,3.2e-06,5.05e-06,4.63e-06,5.05e-06
4.095e-06,3.03e-06,5.49e-06,3.93e-06,5.49e-06
4.33e-06,3.64e-06,4.97e-06,4.355e-06,4.97e-06
4.115e-06,3.11e-06,5.4e-06,3.975e-06,5.4e-06
4.225e-06,3.3e-06,5.07e-06,4.265e-06,5.07e-06
4.253e-06,3.32e-06,5.621e-06,4.035e-06,5.621e-06
4.28e-06,3.39e-06,5.17e-06,4.281e-06,5.17e-06
4.36e-06,3.69e-06,5.48e-06,4.135e-06,5.48e-06
4.108e-06,3.12e-06,4.95e-06,4.18e-06,4.95e-06
4.537e-06,3.46e-06,5.79e-06,4.45e-06,5.79e-06
4.167e-06,3.44e-06,4.85e-06,4.19e-06,4.85e-06
4.175e-06,3.48e-06,5.1e-06,4.06e-06,5.1e-06
4.262e-06,3.27e-06,5.14e-06,4.32e-06,5.14e-06
4.28e-06,3.11e-06,6.05e-06,3.98e-06,6.05e-06
4.153e-06,3.16e-06,4.93e-06,4.26e-06,4.93e-06
4.163e-06,2.95e-06,5.29e-06,4.205e-06,5.29e-06
4.363e-06,3.33e-06,5.02e-06,4.55e-06,4.95e-06
4.11e-06,3.25e-06,5.271e-06,3.96e-06,5.271e-06
4.142e-06,3.27e-06,4.84e-06,4.23e-06,4.84e-06
4.058e-06,3.07e-06,5.28e-06,3.94e-06,5.28e-06
4.335e-06,3.35e-06,5.3e-06,4.345e-06,5.3e-06
4.18e-06,3e-06,5.39e-06,4.165e-06,5.39e-06
4.12e-06,3.2e-06,4.88e-06,4.2e-06,4.88e-06
4.245e-06,3.4e-06,5.4e-06,4.09e-06,5.4e-06
4.225e-06,3.79e-06,4.93e-06,4.09e-06,4.93e-06
4.175e-06,3.07e-06,5.37e-06,4.13e-06,5.37e-06
4.468e-06,3.75e-06,4.96e-06,4.58e-06,4.79e-06
4.093e-06,3.28e-06,5.33e-06,3.88e-06,5.33e-06
4.19e-06,3.18e-06,5.411e-06,4.085e-06,5.411e-06
4.23e-06,3.06e-06,5.53e-06,4.165e-06,5.53e-06
4.162e-06,3.12e-06,4.88e-06,4.325e-06,4.88e-06
4.155e-06,3.4e-06,5.5e-06,3.86e-06,5.5e-06
4.185e-06,2.97e-06,5.6e-06,4.085e-06,5.6e-06
4.16e-06,3.29e-06,5.21e-06,4.07e-06,5.21e-06
4.29e-06,3.22e-06,4.9e-06,4.52e-06,4.9e-06
4.175e-06,3.17e-06,5.26e-06,4.135e-06,5.26e-06
4.103e-06,3.34e-06,5.02e-06,4.025e-06,5.02e-06
4.153e-06,3.021e-06,5.95e-06,3.82e-06,5.95e-06
4.355e-06,3.54e-06,5.4e-06,4.24e-06,5.4e-06
4.13e-06,3.1e-06,5.39e-06,4.015e-06,5.39e-06
4.322e-06,3.81e-06,5.4e-06,4.04e-06,5.4e-06
4.295e-06,3.18e-06,5.37e-06,4.315e-06,5.37e-06
4.277e-06,3.53e-06,5.15e-06,4.215e-06,5.15e-06
4.297e-06,3.35e-06,5.27e-06,4.285e-06,5.27e-06
4.322e-06,3.47e-06,5.07e-06,4.375e-06,5.07e-06
4.115e-06,3.39e-06,5.14e-06,3.965e-06,5.14e-06
4.17e-06,3.17e-06,4.94e-06,4.285e-06,4.94e-06
4.395e-06,3.31e-06,5.33e-06,4.47e-06,5.33e-06
4.3e-06,3.13e-06,5e-06,4.535e-06,5e-06
4.285e-06,3.43e-06,5.5e-06,4.105e-06,5.5e-06
4.237e-06,3.47e-06,5.07e-06,4.205e-06,5.07e-06
4.118e-06,3.24e-06,5.181e-06,4.025e-06,5.181e-06
4.453e-06,3.37e-06,5.3e-06,4.57e-06,5.3e-06
4.557e-06,3.83e-06,5.72e-06,4.34e-06,5.72e-06
4.398e-06,3.36e-06,5.23e-06,4.5e-06,5.23e-06
4.3e-06,3.37e-06,5.67e-06,4.08e-06,5.67e-06
4.263e-06,3.23e-06,4.94e-06,4.44e-06,4.94e-06
4.2e-06,3.03e-06,5.63e-06,4.07e-06,5.63e-06
4.315e-06,3.3e-06,5.62e-06,4.17e-06,5.62e-06
4.18e-06,3.22e-06,5.53e-06,3.985e-06,5.53e-06
4.303e-06,3.51e-06,4.95e-06,4.375e-06,4.95e-06
4.448e-06,3.3e-06,5.63e-06,4.43e-06,5.63e-06
4.143e-06,3.26e-06,4.871e-06,4.22e-06,4.871e-06
4.325e-06,3.48e-06,5.65e-06,4.085e-06,5.65e-06
4.342e-06,3.17e-06,5.06e-06,4.57e-06,5.06e-06
4.33e-06,3.67e-06,5.1e-06,4.275e-06,5.1e-06
4.485e-06,3.95e-06,5.1e-06,4.445e-06,4.88e-06
4.31e-06,3.3e-06,5.57e-06,4.185e-06,5.57e-06
4.17e-06,3.17e-06,4.97e-06,4.27e-06,4.97e-06
4.385e-06,3.43e-06,5.44e-06,4.335e-06,5.44e-06
4.343e-06,3.36e-06,4.81e-06,4.6e-06,4.81e-06
4.215e-06,3.26e-06,5.23e-06,4.185e-06,5.23e-06
4.085e-06,2.91e-06,5.06e-06,4.185e-06,5.06e-06
4.36e-06,3.39e-06,5.651e-06,4.2e-06,5.651e-06
4.08e-06,3.11e-06,4.73e-06,4.24e-06,4.73e-06
4.22e-06,3.35e-06,5.17e-06,4.18e-06,5.17e-06
4.282e-06,3.21e-06,4.94e-06,4.49e-06,4.94e-06
4.098e-06,3.12e-06,5.23e-06,4.02e-06,5.23e-06
4.168e-06,3.24e-06,5.17e-06,4.13e-06,5.17e-06
4.013e-06,2.76e-06,5.18e-06,4.056e-06,5.18e-06
4.217e-06,3.28e-06,5.16e-06,4.215e-06,5.16e-06
4.187e-06,3.18e-06,5.61e-06,3.98e-06,5.61e-06
4.582e-06,3.9e-06,5.15e-06,4.64e-06,5.15e-06
4.332e-06,3.51e-06,5.25e-06,4.285e-06,5.25e-06
4.305e-06,3.74e-06,4.98e-06,4.25e-06,4.98e-06
4.27e-06,3.26e-06,5.6e-06,4.11e-06,5.6e-06
4.065e-06,3.221e-06,4.84e-06,4.1e-06,4.84e-06
4.32e-06,3.49e-06,5.47e-06,4.16e-06,5.47e-06
4.303e-06,3.85e-06,5.01e-06,4.175e-06,5.01e-06
4.21e-06,3.32e-06,5.34e-06,4.09e-06,5.34e-06
4.115e-06,3.22e-06,4.66e-06,4.29e-06,4.66e-06
4.29e-06,3.36e-06,5.28e-06,4.26e-06,5.28e-06
4.3e-06,3.55e-06,4.96e-06,4.345e-06,4.94e-06
4.123e-06,3.19e-06,5.21e-06,4.046e-06,5.21e-06
4.138e-06,3.09e-06,4.8e-06,4.33e-06,4.8e-06
4.362e-06,3.37e-06,5.73e-06,4.175e-06,5.73e-06
4.498e-06,3.74e-06,5.32e-06,4.465e-06,5.081e-06
4.155e-06,3.34e-06,5.24e-06,4.02e-06,5.24e-06
4.112e-06,3.26e-06,4.96e-06,4.115e-06,4.96e-06
4.083e-06,3.07e-06,5.38e-06,3.94e-06,5.38e-06
4.187e-06,3.4e-06,5.09e-06,4.13e-06,5.09e-06
4.185e-06,3.16e-06,5.3e-06,4.14e-06,5.3e-06
4.27e-06,3.31e-06,5.17e-06,4.3e-06,5.17e-06
4.195e-06,3.15e-06,5.23e-06,4.2e-06,5.23e-06
4.353e-06,2.87e-06,5.92e-06,4.31e-06,5.92e-06
4.33e-06,3.52e-06,5.24e-06,4.28e-06,5.24e-06
4.277e-06,3.31e-06,4.84e-06,4.48e-06,4.84e-06
4.153e-06,3.33e-06,5.241e-06,4.02e-06,5.241e-06
4.213e-06,3.28e-06,5.13e-06,4.22e-06,4.89e-06
4.253e-06,3.4e-06,5.21e-06,4.2e-06,5.21e-06
4.297e-06,3.16e-06,5.19e-06,4.42e-06,5.19e-06
4.2e-06,3.61e-06,5.23e-06,3.98e-06,5.23e-06
4.195e-06,3.12e-06,5.2e-06,4.23e-06,5.2e-06
4.25e-06,3.47e-06,5.28e-06,4.125e-06,5.28e-06
4.072e-06,3.19e-06,4.79e-06,4.155e-06,4.79e-06
4.217e-06,3.35e-06,5.43e-06,4.045e-06,5.43e-06
4.258e-06,3.38e-06,4.79e-06,4.43e-06,4.79e-06
4.21e-06,3.55e-06,5.28e-06,4.005e-06,5.28e-06
4.118e-06,2.73e-06,5.39e-06,4.175e-06,5.39e-06
4.24e-06,3.36e-06,5.44e-06,4.08e-06,5.44e-06
4.207e-06,3.25e-06,4.9e-06,4.34e-06,4.9e-06
4.33e-06,3.28e-06,5.29e-06,4.375e-06,5.29e-06
4.062e-06,2.97e-06,4.97e-06,4.155e-06,4.97e-06
4.215e-06,3.22e-06,5.34e-06,4.15e-06,5.34e-06
4.173e-06,3.3e-06,4.84e-06,4.275e-06,4.84e-06
4.257e-06,3.11e-06,5.41e-06,4.255e-06,5.41e-06
4.197e-06,3.64e-06,4.86e-06,4.145e-06,4.86e-06
4.282e-06,3.44e-06,5.44e-06,4.125e-06,5.44e-06
4.255e-06,3.25e-06,5.03e-06,4.37e-06,5.03e-06
4.16e-06,3.02e-06,5.14e-06,4.24e-06,5.14e-06
4.37e-06,3.32e-06,5.171e-06,4.495e-06,5.171e-06
4.208e-06,3.4e-06,5.37e-06,4.03e-06,5.37e-06
4.505e-06,3.45e-06,5.72e-06,4.425e-06,5.72e-06
4.233e-06,3.21e-06,5.58e-06,4.07e-06,5.58e-06
4.308e-06,3.45e-06,5.3e-06,4.24e-06,5.3e-06
4.143e-06,3.15e-06,5.42e-06,4.001e-06,5.42e-06
4.062e-06,3.13e-06,4.9e-06,4.11e-06,4.9e-06
4.22e-06,2.75e-06,5.76e-06,4.185e-06,5.76e-06
4.108e-06,3.31e-06,4.82e-06,4.15e-06,4.82e-06
4.23e-06,3.23e-06,5.4e-06,4.145e-06,5.4e-06
4.26e-06,3.61e-06,4.87e-06,4.28e-06,4.87e-06
4.153e-06,3.19e-06,5.301e-06,4.06e-06,5.301e-06
4.098e-06,3.11e-06,4.78e-06,4.25e-06,4.78e-06
4.147e-06,3.19e-06,4.87e-06,4.265e-06,4.87e-06
4.22e-06,2.99e-06,5.23e-06,4.33e-06,5.23e-06
4.303e-06,3.55e-06,5.45e-06,4.105e-06,5.45e-06
4.2e-06,3.27e-06,4.84e-06,4.345e-06,4.84e-06
4.192e-06,3.18e-06,5.29e-06,4.15e-06,5.29e-06
4.162e-06,3.07e-06,5.29e-06,4.145e-06,5.29e-06
4.21e-06,3.36e-06,5.34e-06,4.071e-06,5.34e-06
4.2e-06,3.66e-06,4.79e-06,4.175e-06,4.79e-06
4.24e-06,3.25e-06,5.46e-06,4.125e-06,5.46e-06
4.363e-06,3.19e-06,5.04e-06,4.61e-06,4.91e-06
4.26e-06,3.38e-06,5.29e-06,4.185e-06,5.29e-06
4.3e-06,3.06e-06,5.29e-06,4.425e-06,5.29e-06
4.317e-06,3.45e-06,5.42e-06,4.2e-06,5.42e-06
4.29e-06,3.34e-06,4.92e-06,4.45e-06,4.92e-06
4.147e-06,3.06e-06,5.13e-06,4.2e-06,5.13e-06
4.18e-06,3.02e-06,5.04e-06,4.331e-06,5.04e-06
4.337e-06,3.5e-06,5.49e-06,4.18e-06,5.49e-06
4.263e-06,3.171e-06,5.04e-06,4.42e-06,5.04e-06
4.453e-06,3.39e-06,6.36e-06,4.03e-06,6.36e-06
4.153e-06,3.18e-06,4.96e-06,4.235e-06,4.96e-06
4.3e-06,3.41e-06,5.6e-06,4.096e-06,5.6e-06
4.217e-06,3.44e-06,4.87e-06,4.28e-06,4.87e-06
4.108e-06,3.28e-06,5.34e-06,3.905e-06,5.34e-06
4.265e-06,3.23e-06,4.86e-06,4.485e-06,4.86e-06
4.155e-06,3.07e-06,5.6e-06,3.975e-06,5.6e-06
4.265e-06,3.58e-06,5.17e-06,4.155e-06,5.17e-06
4.342e-06,3.13e-06,5.62e-06,4.31e-06,5.62e-06
4.23e-06,3.49e-06,4.86e-06,4.285e-06,4.86e-06
4.335e-06,3.42e-06,5.63e-06,4.145e-06,5.63e-06
4.34e-06,3.1e-06,5.01e-06,4.625e-06,4.92e-06
4.217e-06,3.34e-06,5.19e-06,4.17e-06,5.19e-06
4.357e-06,3.74e-06,4.96e-06,4.365e-06,4.96e-06
4.215e-06,3.12e-06,5.511e-06,4.115e-06,5.511e-06
4.267e-06,3.28e-06,5.12e-06,4.335e-06,5.12e-06
4.16e-06,3.24e-06,5.64e-06,3.88e-06,5.64e-06
3.888e-06,3.03e-06,4.74e-06,3.89e-06,4.74e-06
4.115e-06,3.26e-06,5.66e-06,3.77e-06,5.66e-06
4.433e-06,3.1e-06,5.54e-06,4.545e-06,5.54e-06
4.283e-06,3.16e-06,5.79e-06,4.09e-06,5.79e-06
4.065e-06,3.23e-06,4.8e-06,4.115e-06,4.8e-06
4.363e-06,3.35e-06,5.88e-06,4.11e-06,5.88e-06
4.098e-06,3.07e-06,4.88e-06,4.22e-06,4.88e-06
4.097e-06,3.12e-06,5.41e-06,3.93e-06,5.41e-06
4.03e-06,2.85e-06,4.871e-06,4.2e-06,4.871e-06
4.105e-06,3.21e-06,5.17e-06,4.02e-06,5.17e-06
4.158e-06,3.58e-06,4.89e-06,4.08e-06,4.89e-06
4.275e-06,2.87e-06,5.79e-06,4.22e-06,5.79e-06
4.237e-06,3.19e-06,5.16e-06,4.3e-06,5.16e-06
4.285e-06,3.26e-06,5.59e-06,4.145e-06,5.59e-06
4.4e-06,3.79e-06,5.04e-06,4.385e-06,5.04e-06
4.158e-06,3.25e-06,5.29e-06,4.045e-06,5.29e-06
4.158e-06,3.32e-06,5.07e-06,4.12e-06,5.07e-06
4.185e-06,3.25e-06,5.3e-06,4.095e-06,5.3e-06
4.235e-06,3.37e-06,4.9e-06,4.335e-06,4.9e-06
4.232e-06,3.6e-06,5.26e-06,4.035e-06,5.26e-06
4.168e-06,3.09e-06,5.021e-06,4.28e-06,5.021e-06
4.235e-06,3.32e-06,5.22e-06,4.2e-06,5.22e-06
4.002e-06,2.66e-06,5.27e-06,4.04e-06,5.27e-06
4.268e-06,3.44e-06,5.26e-06,4.185e-06,5.26e-06
4.225e-06,3.31e-06,4.88e-06,4.355e-06,4.88e-06
4.288e-06,3.47e-06,5.26e-06,4.21e-06,5.26e-06
4.145e-06,3.21e-06,4.86e-06,4.255e-06,4.86e-06
4.225e-06,3.07e-06,5.5e-06,4.165e-06,5.5e-06
4.257e-06,3.9e-06,4.81e-06,4.16e-06,4.81e-06
4.195e-06,3.05e-06,5.45e-06,4.14e-06,5.45e-06
4.248e-06,3.28e-06,5.21e-06,4.25e-06,5.21e-06
4.195e-06,3.43e-06,5.411e-06,3.97e-06,5.411e-06
4.115e-06,3.18e-06,4.79e-06,4.245e-06,4.79e-06
4.23e-06,2.64e-06,5.97e-06,4.155e-06,5.97e-06
4.3e-06,3.31e-06,5.06e-06,4.415e-06,5.06e-06
4.228e-06,3.27e-06,5.35e-06,4.145e-06,5.35e-06
4.245e-06,3.14e-06,4.99e-06,4.425e-06,4.92e-06
4.13e-06,3.41e-06,5.34e-06,3.885e-06,5.34e-06
4.28e-06,3.5e-06,5.46e-06,4.08e-06,5.46e-06
4.31e-06,3.15e-06,5.23e-06,4.43e-06,5.23e-06
4.245e-06,3.45e-06,4.85e-06,4.34e-06,4.85e-06
4.215e-06,3.35e-06,5.3e-06,4.106e-06,5.3e-06
4.235e-06,3.26e-06,5.16e-06,4.26e-06,5.16e-06
4.015e-06,2.79e-06,5.06e-06,4.105e-06,5.06e-06
4.185e-06,3.11e-06,4.84e-06,4.395e-06,4.84e-06
4.18e-06,3.24e-06,5.27e-06,4.105e-06,5.27e-06
4.212e-06,3.09e-06,5.12e-06,4.32e-06,5.12e-06
4.263e-06,3.5e-06,5.27e-06,4.14e-06,5.27e-06
4.358e-06,3.65e-06,4.87e-06,4.455e-06,4.87e-06
4.048e-06,3.15e-06,5.27e-06,3.885e-06,5.27e-06
4.318e-06,3.49e-06,5.46e-06,4.16e-06,5.46e-06
4.322e-06,3.6e-06,5.58e-06,4.055e-06,5.58e-06
4.257e-06,3.94e-06,4.81e-06,4.14e-06,4.81e-06
4.305e-06,3.15e-06,5.37e-06,4.35e-06,5.37e-06
4.215e-06,3.2e-06,5.061e-06,4.3e-06,5.061e-06
4.24e-06,3.19e-06,5.48e-06,4.146e-06,5.48e-06
4.458e-06,3.901e-06,4.93e-06,4.5e-06,4.93e-06
4.425e-06,3.49e-06,5.72e-06,4.245e-06,5.72e-06
4.23e-06,3.43e-06,5.2e-06,4.145e-06,5.2e-06
4.39e-06,3.29e-06,5.55e-06,4.36e-06,5.55e-06
4.953e-06,3.51e-06,7.09e-06,4.605e-06,7.09e-06
4.285e-06,3.31e-06,5.42e-06,4.205e-06,5.42e-06
4.317e-06,3e-06,5.27e-06,4.5e-06,5.27e-06
4.178e-06,3.27e-06,5.43e-06,4.006e-06,5.43e-06
4.03e-06,3.15e-06,4.78e-06,4.095e-06,4.78e-06
4.09e-06,3.11e-06,5.271e-06,3.99e-06,5.271e-06
4.36e-06,3.35e-06,5.03e-06,4.53e-06,4.98e-06
4.147e-06,3.19e-06,5.07e-06,4.165e-06,5.07e-06
4.138e-06,3.12e-06,4.73e-06,4.35e-06,4.69e-06
4.283e-06,3.44e-06,5.53e-06,4.08e-06,5.53e-06
4.285e-06,3.08e-06,5.09e-06,4.485e-06,5.09e-06
4.335e-06,3.25e-06,5.77e-06,4.16e-06,5.77e-06
4.192e-06,3.39e-06,4.88e-06,4.25e-06,4.88e-06
4.23e-06,3.32e-06,5.52e-06,4.04e-06,5.52e-06
4.525e-06,4.01e-06,5.07e-06,4.51e-06,5.07e-06
4.185e-06,3.08e-06,5.64e-06,4.01e-06,5.64e-06
4.19e-06,3.14e-06,5.071e-06,4.275e-06,5.071e-06
4.503e-06,3.74e-06,5.65e-06,4.311e-06,5.65e-06
4.175e-06,3.26e-06,5.26e-06,4.09e-06,5.26e-06
5.303e-06,3.61e-06,6.88e-06,5.36e-06,5.35e-06
4.943e-06,3.671e-06,7.23e-06,4.435e-06,7.23e-06
4.213e-06,3.59e-06,5.34e-06,3.96e-06,5.34e-06
4.25e-06,3.14e-06,5.22e-06,4.32e-06,5.22e-06
4.228e-06,3.47e-06,5.53e-06,3.955e-06,5.53e-06
4.213e-06,3.28e-06,4.98e-06,4.295e-06,4.98e-06
4.367e-06,3.38e-06,5.71e-06,4.19e-06,5.71e-06
4.123e-06,3.27e-06,5.02e-06,4.1e-06,5.02e-06
4.233e-06,3.33e-06,5.431e-06,4.085e-06,5.431e-06
4.213e-06,3.7e-06,4.89e-06,4.13e-06,4.89e-06
4.193e-06,3.21e-06,5.72e-06,3.92e-06,5.72e-06
4.273e-06,3.17e-06,5.01e-06,4.455e-06,5.01e-06
4.19e-06,3.37e-06,5.28e-06,4.055e-06,5.28e-06
4.265e-06,3.27e-06,5.2e-06,4.295e-06,5.2e-06
4.132e-06,2.68e-06,5.45e-06,4.2e-06,5.45e-06
4.13e-06,2.85e-06,5.2e-06,4.235e-06,5.2e-06
4.213e-06,3.43e-06,5.4e-06,4.01e-06,5.4e-06
4.34e-06,3.46e-06,5.01e-06,4.446e-06,5.01e-06
4.233e-06,2.85e-06,5.58e-06,4.25e-06,5.58e-06
4.275e-06,3.35e-06,4.931e-06,4.41e-06,4.931e-06
4.453e-06,3.39e-06,5.5e-06,4.46e-06,5.5e-06
4.085e-06,3.18e-06,4.93e-06,4.115e-06,4.93e-06
4.143e-06,3.15e-06,5.31e-06,4.055e-06,5.31e-06
4.23e-06,3.31e-06,5.35e-06,4.13e-06,5.35e-06
4.378e-06,3.6e-06,5.52e-06,4.195e-06,5.52e-06
4.32e-06,3.29e-06,5.08e-06,4.456e-06,5.08e-06
4.195e-06,3.16e-06,5.41e-06,4.105e-06,5.41e-06
4.127e-06,3.19e-06,5e-06,4.16e-06,5e-06
4.305e-06,3.17e-06,5.37e-06,4.34e-06,5.37e-06
4.32e-06,3.19e-06,4.86e-06,4.615e-06,4.83e-06
5.293e-06,3.44e-06,6.77e-06,5.48e-06,5.44e-06
4.187e-06,3.29e-06,5.02e-06,4.22e-06,5.02e-06
4.25e-06,3.17e-06,5.32e-06,4.255e-06,5.32e-06
4.237e-06,3.03e-06,5.37e-06,4.275e-06,5.37e-06
4.257e-06,3.47e-06,5.42e-06,4.07e-06,5.42e-06
4.245e-06,3.41e-06,5.31e-06,4.13e-06,5.31e-06
4.162e-06,3.22e-06,5.37e-06,4.03e-06,5.37e-06
4.355e-06,3.67e-06,4.98e-06,4.385e-06,4.98e-06
4.183e-06,3.29e-06,5.26e-06,4.09e-06,5.26e-06
4.582e-06,4.11e-06,5.49e-06,4.365e-06,5.49e-06
4.282e-06,3.12e-06,5.4e-06,4.305e-06,5.4e-06
4.148e-06,3.34e-06,4.84e-06,4.205e-06,4.84e-06
4.15e-06,3.07e-06,5.31e-06,4.11e-06,5.31e-06
4.328e-06,3.55e-06,4.93e-06,4.415e-06,4.93e-06
4.29e-06,3.55e-06,5.17e-06,4.22e-06,5.17e-06
4.148e-06,3.2e-06,5.1e-06,4.145e-06,5.1e-06
4.217e-06,3.15e-06,5.5e-06,4.11e-06,5.5e-06
4.222e-06,3.08e-06,5.14e-06,4.335e-06,5.14e-06
4.295e-06,3.41e-06,5.59e-06,4.09e-06,5.59e-06
4.152e-06,3.74e-06,4.82e-06,4.025e-06,4.82e-06
4.015e-06,3.21e-06,5.22e-06,3.815e-06,5.22e-06
4.345e-06,3.11e-06,5.17e-06,4.55e-06,5.17e-06
4.193e-06,3.18e-06,5.32e-06,4.135e-06,5.32e-06
4.41e-06,3.82e-06,5.111e-06,4.355e-06,5.111e-06
4.113e-06,3.17e-06,5.19e-06,4.045e-06,5.19e-06
4.223e-06,3.48e-06,4.9e-06,4.255e-06,4.9e-06
4.288e-06,3.44e-06,5.25e-06,4.23e-06,5.25e-06
4.175e-06,3.63e-06,4.75e-06,4.16e-06,4.75e-06
4.272e-06,3.52e-06,5.2e-06,4.185e-06,5.2e-06
4.145e-06,3.23e-06,4.88e-06,4.235e-06,4.88e-06
4.327e-06,3.08e-06,5.69e-06,4.27e-06,5.69e-06
4.343e-06,3.39e-06,5.14e-06,4.42e-06,5.14e-06
4.355e-06,3.5e-06,5.76e-06,4.08e-06,5.76e-06
4.125e-06,2.82e-06,5.39e-06,4.145e-06,5.39e-06
4e-06,3.1e-06,5.181e-06,3.86e-06,5.181e-06
4.175e-06,3.09e-06,5.25e-06,4.18e-06,5.25e-06
4.298e-06,3.49e-06,5.22e-06,4.241e-06,5.22e-06
4.342e-06,3.11e-06,5.29e-06,4.485e-06,5.29e-06
4.27e-06,3.2e-06,5.62e-06,4.13e-06,5.62e-06
4.237e-06,3.58e-06,4.97e-06,4.2e-06,4.97e-06
4.125e-06,3.35e-06,5.25e-06,3.95e-06,5.25e-06
4.065e-06,3e-06,4.95e-06,4.155e-06,4.95e-06
6.545e-06,3.19e-06,1.36e-05,4.695e-06,5.35e-06
4.31e-06,3.341e-06,4.95e-06,4.475e-06,4.75e-06
4.303e-06,3.4e-06,5.661e-06,4.075e-06,5.661e-06
4.22e-06,3.45e-06,4.83e-06,4.3e-06,4.83e-06
4.21e-06,3.49e-06,5.37e-06,3.99e-06,5.37e-06
4.418e-06,3.45e-06,5.26e-06,4.48e-06,5.26e-06
4.177e-06,3.35e-06,4.84e-06,4.26e-06,4.78e-06
4.315e-06,3.34e-06,5.11e-06,4.405e-06,5.11e-06
4.387e-06,3.09e-06,5.72e-06,4.37e-06,5.72e-06
4.41e-06,3.44e-06,5.26e-06,4.47e-06,5.26e-06
4.535e-06,3.11e-06,6.1e-06,4.465e-06,6.1e-06
4.398e-06,3.61e-06,4.92e-06,4.53e-06,4.92e-06
4.263e-06,2.88e-06,5.55e-06,4.31e-06,5.55e-06
4.038e-06,3.14e-06,4.8e-06,4.105e-06,4.8e-06
4.232e-06,3.28e-06,5.76e-06,3.945e-06,5.76e-06
4.285e-06,3.24e-06,4.82e-06,4.54e-06,4.82e-06
4.4e-06,2.67e-06,5.7e-06,4.615e-06,5.7e-06
4.165e-06,3.27e-06,4.82e-06,4.285e-06,4.82e-06
4.16e-06,3.22e-06,5.28e-06,4.07e-06,5.28e-06
4.267e-06,3.28e-06,4.99e-06,4.4e-06,4.99e-06
4.193e-06,3.3e-06,5.02e-06,4.225e-06,5.02e-06
4.215e-06,3.01e-06,5.24e-06,4.305e-06,5.24e-06
4.287e-06,3.27e-06,5.53e-06,4.175e-06,5.53e-06
4.217e-06,3.11e-06,5.24e-06,4.26e-06,5.24e-06
4.182e-06,3.26e-06,5.41e-06,4.03e-06,5.41e-06
4.128e-06,3.45e-06,4.731e-06,4.165e-06,4.731e-06
4.303e-06,3.28e-06,5.56e-06,4.185e-06,5.56e-06
4.21e-06,3.44e-06,5.01e-06,4.195e-06,5.01e-06
4.332e-06,3.7e-06,5.61e-06,4.01e-06,5.61e-06
4.235e-06,3.31e-06,4.82e-06,4.405e-06,4.82e-06
4.21e-06,3.25e-06,5.32e-06,4.135e-06,5.32e-06
4.287e-06,3.38e-06,4.98e-06,4.395e-06,4.9e-06
4.27e-06,3.42e-06,5.26e-06,4.2e-06,5.26e-06
4.207e-06,3.58e-06,4.75e-06,4.25e-06,4.75e-06
4.29e-06,3.31e-06,5.65e-06,4.101e-06,5.65e-06
4.233e-06,3.26e-06,5.16e-06,4.255e-06,5.16e-06
4.25e-06,3.48e-06,5.171e-06,4.175e-06,5.171e-06
4.265e-06,3.45e-06,5.11e-06,4.25e-06,5.11e-06
4.235e-06,3.55e-06,5.44e-06,3.975e-06,5.44e-06
4.215e-06,2.99e-06,5.17e-06,4.35e-06,5.17e-06
4.35e-06,3.18e-06,5.61e-06,4.305e-06,5.61e-06
4.08e-06,3.44e-06,4.83e-06,4.026e-06,4.83e-06
4.167e-06,3.15e-06,5.3e-06,4.11e-06,5.3e-06
4.255e-06,3.65e-06,4.82e-06,4.275e-06,4.82e-06
4.123e-06,3.21e-06,5.26e-06,4.01e-06,5.26e-06
4.022e-06,3.08e-06,4.73e-06,4.14e-06,4.73e-06
4.09e-06,3.33e-06,5.15e-06,3.94e-06,5.15e-06
4.33e-06,3.22e-06,5.42e-06,4.34e-06,5.42e-06
4.338e-06,3.11e-06,5.32e-06,4.461e-06,5.32e-06
4.188e-06,3.38e-06,4.83e-06,4.27e-06,4.83e-06
4.325e-06,3.24e-06,5.53e-06,4.265e-06,5.53e-06
4.28e-06,3.62e-06,5.14e-06,4.18e-06,5.14e-06
4.213e-06,3.23e-06,5.62e-06,4e-06,5.62e-06
4.343e-06,3.11e-06,5.6e-06,4.33e-06,5.6e-06
4.53e-06,3.37e-06,5.56e-06,4.595e-06,5.56e-06
4.205e-06,3.1e-06,5.29e-06,4.216e-06,5.29e-06
4.165e-06,3.35e-06,5.08e-06,4.115e-06,5.08e-06
4.325e-06,3.14e-06,5.31e-06,4.425e-06,5.31e-06
4.175e-06,3.37e-06,5.33e-06,4e-06,5.33e-06
4.39e-06,3.16e-06,5.081e-06,4.66e-06,5.081e-06
4.348e-06,3.56e-06,5.44e-06,4.195e-06,5.44e-06
4.178e-06,3.25e-06,4.84e-06,4.31e-06,4.84e-06
4.395e-06,3.55e-06,5.47e-06,4.28e-06,5.47e-06
4.04e-06,2.91e-06,4.85e-06,4.2e-06,4.85e-06
4.34e-06,3.39e-06,5.29e-06,4.34e-06,5.29e-06
4.1e-06,3.26e-06,4.82e-06,4.16e-06,4.82e-06
4.32e-06,3.29e-06,5.34e-06,4.325e-06,5.34e-06
4.19e-06,3.62e-06,4.79e-06,4.175e-06,4.79e-06
4.242e-06,3.35e-06,5.27e-06,4.175e-06,5.27e-06
4.2e-06,3.46e-06,4.76e-06,4.29e-06,4.76e-06
4.253e-06,3.45e-06,4.951e-06,4.305e-06,4.951e-06
4.352e-06,3.17e-06,5.39e-06,4.425e-06,5.39e-06
4.173e-06,3.33e-06,5.4e-06,3.98e-06,5.4e-06
4.1e-06,3.26e-06,4.79e-06,4.175e-06,4.79e-06
4.285e-06,3.27e-06,5.56e-06,4.155e-06,5.56e-06
4.395e-06,3.87e-06,5.12e-06,4.295e-06,5.12e-06
4.443e-06,3.45e-06,6e-06,4.16e-06,6e-06
4.153e-06,3.1e-06,4.89e-06,4.31e-06,4.89e-06
4.17e-06,3.32e-06,5.4e-06,3.98e-06,5.4e-06
4.185e-06,3.21e-06,5.21e-06,4.16e-06,5.21e-06
4.188e-06,3.31e-06,5.47e-06,3.985e-06,5.47e-06
4.305e-06,3.52e-06,4.771e-06,4.465e-06,4.771e-06
4.202e-06,3.06e-06,5.5e-06,4.125e-06,5.5e-06
4.202e-06,3.15e-06,4.91e-06,4.375e-06,4.91e-06
4.638e-06,3.62e-06,5.47e-06,4.73e-06,5.47e-06
4.282e-06,3.48e-06,4.99e-06,4.33e-06,4.99e-06
4.215e-06,3.36e-06,5.3e-06,4.1e-06,5.3e-06
4.488e-06,3.36e-06,5.34e-06,4.625e-06,5.34e-06
4.305e-06,3.32e-06,5.39e-06,4.255e-06,5.39e-06
4.265e-06,3.53e-06,4.93e-06,4.301e-06,4.93e-06
4.427e-06,3.36e-06,5.7e-06,4.325e-06,5.7e-06
4.08e-06,3.13e-06,5.36e-06,3.915e-06,5.36e-06
4.11e-06,3.27e-06,5.331e-06,3.92e-06,5.331e-06
4.278e-06,3.16e-06,4.96e-06,4.495e-06,4.96e-06
4.37e-06,3.38e-06,5.48e-06,4.31e-06,5.48e-06
4.475e-06,3.78e-06,4.94e-06,4.59e-06,4.94e-06
4.273e-06,3.07e-06,5.37e-06,4.326e-06,5.37e-06
4.277e-06,3.42e-06,4.94e-06,4.375e-06,4.84e-06
4.17e-06,3.45e-06,5.3e-06,3.965e-06,5.3e-06
4.24e-06,3.161e-06,4.94e-06,4.43e-06,4.94e-06
4.115e-06,3.21e-06,5.22e-06,4.015e-06,5.22e-06
4.25e-06,3.22e-06,5.01e-06,4.385e-06,5.01e-06
4.37e-06,3.47e-06,5.56e-06,4.225e-06,5.56e-06
4.34e-06,3.07e-06,5.51e-06,4.391e-06,5.51e-06
4.28e-06,3.24e-06,5.87e-06,4.005e-06,5.87e-06
4.067e-06,3.17e-06,5.03e-06,4.035e-06,5.03e-06
4.125e-06,3.38e-06,5.24e-06,3.94e-06,5.24e-06
4.56e-06,3.31e-06,5.65e-06,4.64e-06,5.65e-06
4.32e-06,3.54e-06,5.77e-06,3.985e-06,5.77e-06
4.125e-06,3.16e-06,5.02e-06,4.16e-06,5.02e-06
4.395e-06,3.63e-06,5.57e-06,4.191e-06,5.57e-06
4.56e-06,3.82e-06,5.53e-06,4.445e-06,5.53e-06
4.187e-06,3.19e-06,5.42e-06,4.07e-06,5.42e-06
4.063e-06,2.9e-06,5.11e-06,4.12e-06,5.11e-06
4.115e-06,3.23e-06,5.29e-06,3.97e-06,5.29e-06
4.293e-06,3.23e-06,5.271e-06,4.335e-06,5.271e-06
4.43e-06,3.59e-06,5.35e-06,4.39e-06,5.35e-06
4.2e-06,3.41e-06,5.23e-06,4.081e-06,5.23e-06
4.185e-06,3.2e-06,5.24e-06,4.15e-06,5.24e-06
4.295e-06,3.48e-06,5.08e-06,4.31e-06,5.08e-06
4.19e-06,3.44e-06,5.33e-06,3.995e-06,5.33e-06
4.253e-06,3.29e-06,5.16e-06,4.28e-06,5.16e-06
4.198e-06,3.14e-06,5.61e-06,4.02e-06,5.61e-06
4.308e-06,3.15e-06,5.17e-06,4.455e-06,5.17e-06
4.233e-06,3.15e-06,5.71e-06,4.035e-06,5.71e-06
4.21e-06,3.29e-06,4.98e-06,4.285e-06,4.98e-06
4.323e-06,3.14e-06,5.661e-06,4.245e-06,5.661e-06
3.922e-06,2.86e-06,4.92e-06,3.955e-06,4.92e-06
4.245e-06,3.16e-06,5.41e-06,4.205e-06,5.41e-06
4.258e-06,3.27e-06,4.97e-06,4.395e-06,4.97e-06
4.207e-06,3.22e-06,5.39e-06,4.11e-06,5.39e-06
4.405e-06,3.73e-06,5.3e-06,4.296e-06,5.3e-06
4.252e-06,3.32e-06,5.69e-06,4e-06,5.69e-06
4.11e-06,3.22e-06,4.82e-06,4.2e-06,4.82e-06
4.125e-06,3.14e-06,5.08e-06,4.14e-06,5.08e-06
4.34e-06,3.17e-06,5.53e-06,4.33e-06,5.53e-06
4.115e-06,3.28e-06,5.26e-06,3.96e-06,5.26e-06
4.175e-06,3.13e-06,4.86e-06,4.355e-06,4.86e-06
4.12e-06,3.17e-06,5.06e-06,4.125e-06,5.06e-06
4.408e-06,3.51e-06,4.94e-06,4.59e-06,4.89e-06
4.268e-06,3.21e-06,5.6e-06,4.13e-06,5.6e-06
4.198e-06,3.14e-06,5.1e-06,4.275e-06,5.1e-06
4.065e-06,3.21e-06,5.23e-06,3.91e-06,5.23e-06
4.16e-06,3.17e-06,4.96e-06,4.255e-06,4.96e-06
4.222e-06,3.29e-06,5.28e-06,4.16e-06,5.28e-06
4.3e-06,3.5e-06,4.78e-06,4.46e-06,4.78e-06
4.288e-06,3.52e-06,5.35e-06,4.14e-06,5.35e-06
4.298e-06,3.48e-06,5.13e-06,4.29e-06,5.13e-06
4.25e-06,3.2e-06,5.03e-06,4.385e-06,5.03e-06
4.07e-06,3.08e-06,4.891e-06,4.155e-06,4.891e-06
4.357e-06,3.51e-06,5.68e-06,4.12e-06,5.68e-06
4.422e-06,3.3e-06,5.73e-06,4.33e-06,5.73e-06
4.212e-06,3.19e-06,5.56e-06,4.05e-06,5.56e-06
4.26e-06,3.32e-06,4.82e-06,4.45e-06,4.82e-06
4.21e-06,3.27e-06,5.53e-06,4.02e-06,5.53e-06
4.068e-06,3.51e-06,4.92e-06,3.92e-06,4.92e-06
4.25e-06,3.31e-06,5.25e-06,4.22e-06,5.25e-06
4.267e-06,3.18e-06,4.84e-06,4.525e-06,4.84e-06
4.137e-06,3.26e-06,5.06e-06,4.115e-06,5.06e-06
4.145e-06,2.87e-06,5.36e-06,4.175e-06,5.36e-06
4.145e-06,3.13e-06,5.29e-06,4.08e-06,5.29e-06
4.14e-06,3.38e-06,4.8e-06,4.19e-06,4.8e-06
4.188e-06,3.28e-06,5.44e-06,4.015e-06,5.44e-06
4.285e-06,3.51e-06,5.22e-06,4.205e-06,5.22e-06
4.218e-06,3.07e-06,5.14e-06,4.33e-06,5.14e-06
4.192e-06,3.21e-06,4.91e-06,4.325e-06,4.91e-06
4.355e-06,3.8e-06,5.38e-06,4.12e-06,5.38e-06
4.425e-06,3.49e-06,5.38e-06,4.415e-06,5.38e-06
4.345e-06,3.13e-06,5.51e-06,4.37e-06,5.51e-06
4.043e-06,3.18e-06,4.99e-06,4e-06,4.99e-06
4.177e-06,3.09e-06,5.53e-06,4.045e-06,5.53e-06
4.188e-06,3.41e-06,4.78e-06,4.28e-06,4.78e-06
4.195e-06,3.21e-06,5.421e-06,4.075e-06,5.421e-06
4.208e-06,3.56e-06,4.96e-06,4.155e-06,4.96e-06
4.408e-06,3.57e-06,5.46e-06,4.3e-06,5.46e-06
4.263e-06,3.44e-06,5.19e-06,4.21e-06,5.19e-06
4.358e-06,3.77e-06,5.36e-06,4.15e-06,5.36e-06
4.078e-06,3.07e-06,5.05e-06,4.095e-06,5.05e-06
4.385e-06,3.61e-06,5.35e-06,4.29e-06,5.35e-06
4.205e-06,3.28e-06,4.9e-06,4.32e-06,4.9e-06
4.13e-06,3.22e-06,5.3e-06,4e-06,5.3e-06
4.293e-06,3.17e-06,5.48e-06,4.26e-06,5.48e-06
4.19e-06,2.83e-06,5.64e-06,4.145e-06,5.64e-06
4.22e-06,3.45e-06,5.09e-06,4.17e-06,5.09e-06
4.153e-06,3.22e-06,5.35e-06,4.02e-06,5.35e-06
4.08e-06,3.19e-06,4.83e-06,4.15e-06,4.83e-06
4.307e-06,3.43e-06,5.75e-06,4.025e-06,5.75e-06
4.198e-06,3.22e-06,4.85e-06,4.36e-06,4.85e-06
4.132e-06,3.2e-06,5.41e-06,3.96e-06,5.41e-06
4.092e-06,2.94e-06,5.1e-06,4.165e-06,5.1e-06
4.115e-06,3.37e-06,5.23e-06,3.93e-06,5.23e-06
4.09e-06,2.89e-06,4.86e-06,4.305e-06,4.86e-06
4.48e-06,3.42e-06,5.89e-06,4.305e-06,5.89e-06
4.178e-06,3.44e-06,5e-06,4.135e-06,5e-06
4.205e-06,3.35e-06,5.53e-06,3.97e-06,5.53e-06
4.283e-06,3.3e-06,5.141e-06,4.345e-06,5.141e-06
7.2083e-05,3.11e-06,0.000140431,7.2395e-05,0.000140431
4.56e-06,4.04e-06,5.55e-06,4.325e-06,5.55e-06
4.055e-06,2.96e-06,5.081e-06,4.09e-06,5.081e-06
4.26e-06,3.02e-06,5.1e-06,4.46e-06,5.1e-06
4.285e-06,3.21e-06,5.7e-06,4.115e-06,5.7e-06
4.428e-06,3.51e-06,5.04e-06,4.58e-06,5.04e-06
4.36e-06,3.57e-06,5.48e-06,4.195e-06,5.48e-06
4.261e-06,3.221e-06,5.23e-06,4.296e-06,5.23e-06
4.242e-06,3.11e-06,5.24e-06,4.31e-06,5.24e-06
4.2e-06,3.4e-06,5.14e-06,4.13e-06,5.14e-06
4.18e-06,3.19e-06,5.42e-06,4.055e-06,5.42e-06
4.285e-06,3.49e-06,4.93e-06,4.36e-06,4.93e-06
4.285e-06,3.49e-06,5.51e-06,4.07e-06,5.51e-06
4.25e-06,3.22e-06,4.741e-06,4.52e-06,4.741e-06
4.228e-06,3.56e-06,5.28e-06,4.035e-06,5.28e-06
4.16e-06,3.37e-06,4.93e-06,4.17e-06,4.89e-06
4.223e-06,3.23e-06,5.12e-06,4.27e-06,5.12e-06
4.233e-06,3.17e-06,5.06e-06,4.35e-06,5.06e-06
4.31e-06,3.48e-06,5.51e-06,4.125e-06,5.51e-06
4.297e-06,3.13e-06,5.17e-06,4.445e-06,5.17e-06
4.188e-06,3.33e-06,5.51e-06,3.955e-06,5.51e-06
4.167e-06,3.09e-06,5.01e-06,4.285e-06,5.01e-06
4.48e-06,3.35e-06,5.35e-06,4.61e-06,5.35e-06
4.328e-06,3.71e-06,5.2e-06,4.2e-06,5.2e-06
4.228e-06,3.37e-06,5.291e-06,4.125e-06,5.291e-06
4.335e-06,3.21e-06,4.88e-06,4.625e-06,4.88e-06
4.2e-06,3.18e-06,5.39e-06,4.116e-06,5.39e-06
4.245e-06,3.15e-06,5.13e-06,4.35e-06,5.13e-06
4.298e-06,3.37e-06,5.19e-06,4.315e-06,5.19e-06
4.34e-06,4e-06,4.81e-06,4.275e-06,4.81e-06
4.16e-06,3.1e-06,5.51e-06,4.015e-06,5.51e-06
4.128e-06,3.17e-06,4.96e-06,4.19e-06,4.96e-06
4.01e-06,3.08e-06,5.16e-06,3.9e-06,5.16e-06
4.09e-06,3.11e-06,4.83e-06,4.21e-06,4.83e-06
4.413e-06,3.37e-06,5.32e-06,4.48e-06,5.32e-06
4.185e-06,3.49e-06,4.93e-06,4.16e-06,4.93e-06
4.36e-06,3.51e-06,5.58e-06,4.175e-06,5.58e-06
4.177e-06,3.64e-06,5.2e-06,3.935e-06,5.2e-06
4.048e-06,3.19e-06,5.19e-06,3.905e-06,5.19e-06
4.393e-06,3.25e-06,5.35e-06,4.485e-06,5.35e-06
4.278e-06,3.09e-06,5.63e-06,4.195e-06,5.63e-06
4.213e-06,3.05e-06,4.96e-06,4.42e-06,4.96e-06
4.12e-06,3.34e-06,5.25e-06,3.945e-06,5.25e-06
4.33e-06,3.28e-06,5.31e-06,4.365e-06,5.31e-06
4.255e-06,3.37e-06,5.65e-06,4e-06,5.65e-06
4.075e-06,3.06e-06,5e-06,4.12e-06,5e-06
4.118e-06,3.1e-06,5.24e-06,4.065e-06,5.24e-06
4.245e-06,3.18e-06,5.251e-06,4.275e-06,5.251e-06
4.315e-06,3.22e-06,5.56e-06,4.24e-06,5.56e-06
4.312e-06,3.7e-06,5.12e-06,4.215e-06,5.12e-06
4.323e-06,3.27e-06,5.41e-06,4.305e-06,5.41e-06
4.49e-06,3.41e-06,5.18e-06,4.685e-06,5.18e-06
4.1e-06,2.94e-06,5.27e-06,4.095e-06,5.27e-06
4.325e-06,3.69e-06,4.87e-06,4.37e-06,4.87e-06
4.328e-06,3.14e-06,5.45e-06,4.36e-06,5.45e-06
4.373e-06,3.36e-06,4.89e-06,4.62e-06,4.89e-06
4.335e-06,3.41e-06,5.51e-06,4.21e-06,5.51e-06
4.152e-06,3.24e-06,4.86e-06,4.255e-06,4.86e-06
4.363e-06,3.35e-06,5.421e-06,4.34e-06,5.421e-06
3.985e-06,2.9e-06,4.95e-06,4.045e-06,4.95e-06
4.332e-06,3.4e-06,5.18e-06,4.375e-06,5.18e-06
4.25e-06,3.33e-06,4.92e-06,4.375e-06,4.92e-06
4.08e-06,3.29e-06,5.18e-06,3.925e-06,5.18e-06
4.418e-06,2.88e-06,5.53e-06,4.63e-06,5.53e-06
4.175e-06,3.16e-06,5.43e-06,4.055e-06,5.43e-06
4.467e-06,3.88e-06,5.15e-06,4.42e-06,5.15e-06
4.17e-06,3.03e-06,5.05e-06,4.3e-06,5.05e-06
4.088e-06,2.98e-06,5.02e-06,4.175e-06,5.02e-06
4.233e-06,3.2e-06,5.59e-06,4.07e-06,5.59e-06
4.22e-06,3.39e-06,4.911e-06,4.29e-06,4.911e-06
4.35e-06,3.19e-06,5.61e-06,4.3e-06,5.61e-06
4.217e-06,3.38e-06,4.9e-06,4.295e-06,4.9e-06
4.19e-06,3.16e-06,5.42e-06,4.09e-06,5.42e-06
4.138e-06,3.18e-06,4.93e-06,4.22e-06,4.93e-06
4.2e-06,3.3e-06,5.3e-06,4.1e-06,5.3e-06
4.16e-06,3.45e-06,4.97e-06,4.11e-06,4.97e-06
4.388e-06,3.17e-06,5.67e-06,4.356e-06,5.67e-06
4.3e-06,3.5e-06,4.85e-06,4.425e-06,4.85e-06
4.137e-06,2.74e-06,5.77e-06,4.02e-06,5.77e-06
4.4e-06,3.98e-06,5.07e-06,4.275e-06,5.07e-06
4.17e-06,3.05e-06,5.63e-06,4e-06,5.63e-06
4.215e-06,3.36e-06,4.93e-06,4.285e-06,4.93e-06
4.322e-06,3.38e-06,5.48e-06,4.215e-06,5.48e-06
4.225e-06,3.3e-06,5.1e-06,4.25e-06,5.1e-06
4.255e-06,3.11e-06,5.57e-06,4.17e-06,5.57e-06
4.298e-06,3.23e-06,5.38e-06,4.29e-06,5.38e-06
4.168e-06,3.44e-06,5.26e-06,3.985e-06,5.26e-06
4.113e-06,3.27e-06,4.84e-06,4.17e-06,4.84e-06
4.415e-06,3.62e-06,5.48e-06,4.28e-06,5.48e-06
4.143e-06,3.46e-06,4.84e-06,4.135e-06,4.84e-06
4.3e-06,3.23e-06,5.31e-06,4.331e-06,5.31e-06
4.15e-06,3.24e-06,4.92e-06,4.22e-06,4.92e-06
4.215e-06,3.28e-06,5.591e-06,3.995e-06,5.591e-06
4.275e-06,3.51e-06,4.81e-06,4.39e-06,4.81e-06
4.265e-06,3.05e-06,5.49e-06,4.26e-06,5.49e-06
4.313e-06,3.2e-06,4.98e-06,4.536e-06,4.98e-06
4.355e-06,3.45e-06,5.38e-06,4.295e-06,5.38e-06
4.248e-06,3.23e-06,4.97e-06,4.395e-06,4.97e-06
4.347e-06,3.26e-06,5.94e-06,4.095e-06,5.94e-06
4.13e-06,3.03e-06,4.92e-06,4.285e-06,4.92e-06
4.34e-06,3.25e-06,5.38e-06,4.365e-06,5.38e-06
3.982e-06,3.13e-06,4.77e-06,4.015e-06,4.77e-06
4.265e-06,3.2e-06,5.39e-06,4.235e-06,5.39e-06
4.375e-06,3.96e-06,5.151e-06,4.195e-06,5.151e-06
4.165e-06,3.07e-06,5.51e-06,4.04e-06,5.51e-06
4.295e-06,3.66e-06,4.77e-06,4.375e-06,4.77e-06
4.322e-06,3.31e-06,5.67e-06,4.155e-06,5.67e-06
4.415e-06,3.49e-06,5.02e-06,4.575e-06,5.02e-06
4.242e-06,3.45e-06,5.24e-06,4.14e-06,5.24e-06
4.01e-06,3.01e-06,4.94e-06,4.046e-06,4.94e-06
4.285e-06,3.16e-06,5.51e-06,4.235e-06,5.51e-06
4.3e-06,3.64e-06,5.14e-06,4.21e-06,5.14e-06
4.288e-06,3.48e-06,5.64e-06,4.015e-06,5.64e-06
4.273e-06,3.27e-06,5.24e-06,4.29e-06,5.24e-06
4.335e-06,3.38e-06,5.41e-06,4.275e-06,5.41e-06
4.183e-06,3.14e-06,5.021e-06,4.285e-06,5.021e-06
4.082e-06,3e-06,5.1e-06,4.115e-06,5.1e-06
4.125e-06,3.28e-06,4.86e-06,4.18e-06,4.86e-06
4.223e-06,3.2e-06,5.52e-06,4.085e-06,5.52e-06
4.195e-06,3.33e-06,4.69e-06,4.38e-06,4.69e-06
4.112e-06,2.97e-06,5.5e-06,3.99e-06,5.5e-06
4.325e-06,3.04e-06,5.6e-06,4.33e-06,5.6e-06
4.393e-06,3.52e-06,5.44e-06,4.305e-06,5.44e-06
4e-06,2.93e-06,4.88e-06,4.096e-06,4.88e-06
4.298e-06,3.1e-06,5.66e-06,4.215e-06,5.66e-06
4.35e-06,3.42e-06,5.27e-06,4.355e-06,5.27e-06
4.358e-06,3.64e-06,5.161e-06,4.315e-06,5.161e-06
4.303e-06,3.02e-06,5.92e-06,4.135e-06,5.92e-06
4.2e-06,3.09e-06,5.29e-06,4.21e-06,5.29e-06
4.2e-06,3.38e-06,4.79e-06,4.315e-06,4.79e-06
4.207e-06,2.57e-06,5.27e-06,4.495e-06,5.27e-06
4.545e-06,3.83e-06,5.66e-06,4.345e-06,5.66e-06
4.107e-06,3.14e-06,5.35e-06,3.97e-06,5.35e-06
4.32e-06,3.16e-06,5.16e-06,4.48e-06,5.16e-06
4.24e-06,3.19e-06,5.32e-06,4.225e-06,5.32e-06
4.22e-06,3.17e-06,5.03e-06,4.34e-06,5.03e-06
4.303e-06,3.39e-06,5.27e-06,4.275e-06,5.27e-06
4.258e-06,3.91e-06,4.95e-06,4.086e-06,4.95e-06
4.17e-06,3.08e-06,5.15e-06,4.225e-06,5.15e-06
4.332e-06,3.06e-06,5.28e-06,4.495e-06,5.28e-06
4.095e-06,3.08e-06,5.37e-06,3.965e-06,5.37e-06
4.335e-06,3.83e-06,4.79e-06,4.36e-06,4.79e-06
4.157e-06,3.1e-06,5.44e-06,4.045e-06,5.44e-06
4.158e-06,3.24e-06,5.07e-06,4.16e-06,5.07e-06
4.2e-06,3.03e-06,5.09e-06,4.34e-06,5.09e-06
4.382e-06,3.16e-06,5.7e-06,4.335e-06,5.7e-06
4.225e-06,3.11e-06,5.34e-06,4.225e-06,5.34e-06
4.298e-06,3.41e-06,5.06e-06,4.36e-06,5.06e-06
4.182e-06,3.16e-06,5.66e-06,3.955e-06,5.66e-06
4.243e-06,3.13e-06,5.231e-06,4.305e-06,5.231e-06
4.32e-06,3.09e-06,5.68e-06,4.255e-06,5.68e-06
4.203e-06,3.49e-06,4.76e-06,4.28e-06,4.76e-06
4.32e-06,3.31e-06,6.04e-06,3.965e-06,6.04e-06
4.147e-06,3.36e-06,4.79e-06,4.22e-06,4.79e-06
4.228e-06,3.12e-06,5.62e-06,4.085e-06,5.62e-06
4.273e-06,3.491e-06,5.19e-06,4.205e-06,5.19e-06
4.372e-06,3.35e-06,5.66e-06,4.24e-06,5.66e-06
4.387e-06,3.63e-06,5.64e-06,4.14e-06,5.64e-06
4.203e-06,3.55e-06,5.28e-06,3.99e-06,5.28e-06
4.145e-06,3.23e-06,5.11e-06,4.12e-06,5.11e-06
4.043e-06,3.08e-06,5.141e-06,3.975e-06,5.141e-06
4.208e-06,3.22e-06,4.85e-06,4.38e-06,4.85e-06
4.295e-06,3.37e-06,5.46e-06,4.175e-06,5.46e-06
4.535e-06,3.42e-06,5.23e-06,4.745e-06,5.23e-06
4.13e-06,3.13e-06,5.34e-06,4.025e-06,5.34e-06
4.11e-06,3.7e-06,4.79e-06,3.975e-06,4.79e-06
4.088e-06,3.13e-06,5.26e-06,3.98e-06,5.26e-06
4.595e-06,3.36e-06,5.53e-06,4.745e-06,5.53e-06
4.427e-06,3.62e-06,5.88e-06,4.105e-06,5.88e-06
4.34e-06,3.81e-06,5.28e-06,4.135e-06,5.28e-06
4.32e-06,3.1e-06,5.83e-06,4.175e-06,5.83e-06
4.277e-06,3.06e-06,5.3e-06,4.375e-06,5.3e-06
4.133e-06,3.18e-06,5.33e-06,4.01e-06,5.33e-06
4.097e-06,3e-06,5.01e-06,4.19e-06,5.01e-06
4.218e-06,3.31e-06,5.47e-06,4.045e-06,5.47e-06
4.403e-06,3.41e-06,4.98e-06,4.61e-06,4.98e-06
4.51e-06,4.08e-06,5.42e-06,4.27e-06,5.42e-06
4.22e-06,3.24e-06,4.96e-06,4.34e-06,4.96e-06
4.235e-06,3.31e-06,5.48e-06,4.075e-06,5.48e-06
4.205e-06,3.28e-06,4.96e-06,4.29e-06,4.96e-06
4.345e-06,3.19e-06,5.49e-06,4.35e-06,5.49e-06
4.195e-06,3.32e-06,4.87e-06,4.295e-06,4.87e-06
4.317e-06,3.19e-06,5.4e-06,4.34e-06,5.4e-06
4.173e-06,3.26e-06,4.731e-06,4.35e-06,4.731e-06
4.217e-06,3.26e-06,5.36e-06,4.125e-06,5.36e-06
4.345e-06,3.24e-06,5.23e-06,4.455e-06,5.23e-06
4.402e-06,3.53e-06,5.51e-06,4.285e-06,5.51e-06
4.123e-06,3.37e-06,5.1e-06,4.01e-06,5.1e-06
4.6e-06,3.12e-06,5.27e-06,5.005e-06,5.26e-06
4.345e-06,3.4e-06,5.11e-06,4.435e-06,4.79e-06
4.322e-06,3.49e-06,5.3e-06,4.25e-06,5.3e-06
4.295e-06,3.33e-06,4.97e-06,4.44e-06,4.97e-06
4.183e-06,3.11e-06,5.36e-06,4.13e-06,5.36e-06
4.207e-06,3.41e-06,4.89e-06,4.265e-06,4.89e-06
4.13e-06,3.24e-06,4.991e-06,4.145e-06,4.991e-06
4.545e-06,3.85e-06,5.15e-06,4.59e-06,5.06e-06
4.295e-06,3.56e-06,5.63e-06,3.995e-06,5.63e-06
4.343e-06,3.59e-06,5.28e-06,4.25e-06,5.28e-06
4.272e-06,3.25e-06,5.56e-06,4.14e-06,5.56e-06
4.352e-06,3.32e-06,4.96e-06,4.565e-06,4.96e-06
4.148e-06,3.2e-06,5.4e-06,3.995e-06,5.4e-06
4.263e-06,3.34e-06,4.95e-06,4.38e-06,4.95e-06
4.39e-06,3.47e-06,5.84e-06,4.125e-06,5.84e-06
4.29e-06,3.56e-06,5.22e-06,4.19e-06,5.22e-06
4.338e-06,3.201e-06,5.76e-06,4.195e-06,5.76e-06
4.315e-06,3.52e-06,4.971e-06,4.385e-06,4.971e-06
4.365e-06,3.22e-06,5.98e-06,4.13e-06,5.98e-06
4.115e-06,3.25e-06,4.84e-06,4.185e-06,4.84e-06
4.143e-06,3.19e-06,5.19e-06,4.095e-06,5.19e-06
4.303e-06,3.47e-06,5.47e-06,4.135e-06,5.47e-06
4.217e-06,3.28e-06,5.36e-06,4.115e-06,5.36e-06
4.37e-06,3.65e-06,4.9e-06,4.465e-06,4.9e-06
4.275e-06,3.55e-06,5.41e-06,4.07e-06,5.41e-06
4.247e-06,3.46e-06,4.82e-06,4.355e-06,4.82e-06
4.473e-06,3.3e-06,5.87e-06,4.36e-06,5.87e-06
4.127e-06,3.32e-06,4.94e-06,4.125e-06,4.94e-06
4.243e-06,3.3e-06,5.39e-06,4.14e-06,5.39e-06
4.13e-06,3.17e-06,4.89e-06,4.23e-06,4.89e-06
4.32e-06,3.65e-06,5.46e-06,4.085e-06,5.46e-06
4.272e-06,3.24e-06,4.85e-06,4.5e-06,4.85e-06
4.343e-06,3.37e-06,5.25e-06,4.376e-06,5.25e-06
4.448e-06,3.79e-06,4.89e-06,4.555e-06,4.81e-06
4.135e-06,3.39e-06,5.2e-06,3.975e-06,5.2e-06
4.207e-06,3.67e-06,4.89e-06,4.135e-06,4.89e-06
4.32e-06,3.28e-06,5.39e-06,4.305e-06,5.39e-06
4.295e-06,3.27e-06,5.42e-06,4.245e-06,5.42e-06
4.213e-06,3.53e-06,5.36e-06,3.98e-06,5.36e-06
4.258e-06,3.47e-06,5.01e-06,4.275e-06,5.01e-06
4.193e-06,3.15e-06,5.351e-06,4.135e-06,5.351e-06
3.978e-06,3.19e-06,4.83e-06,3.945e-06,4.83e-06
4.218e-06,3.14e-06,5.36e-06,4.186e-06,5.36e-06
4.483e-06,3.69e-06,5.02e-06,4.61e-06,4.9e-06
4.167e-06,3.48e-06,5.27e-06,3.96e-06,5.27e-06
4.225e-06,3.21e-06,4.87e-06,4.41e-06,4.87e-06
4.262e-06,3.12e-06,5.7e-06,4.115e-06,5.7e-06
4.143e-06,3.34e-06,4.88e-06,4.175e-06,4.88e-06
4.385e-06,3.53e-06,5.36e-06,4.325e-06,5.36e-06
3.975e-06,2.58e-06,5.19e-06,4.065e-06,5.19e-06
4.333e-06,3.33e-06,5.58e-06,4.21e-06,5.58e-06
4.235e-06,3.11e-06,4.911e-06,4.46e-06,4.911e-06
4.257e-06,3.41e-06,5.43e-06,4.095e-06,5.43e-06
4.287e-06,3.76e-06,5.02e-06,4.185e-06,5.02e-06
4.27e-06,3.18e-06,5.68e-06,4.11e-06,5.68e-06
4.263e-06,3.37e-06,5.08e-06,4.3e-06,5.08e-06
4.285e-06,3.49e-06,5.78e-06,3.936e-06,5.78e-06
4.128e-06,3.09e-06,5.17e-06,4.125e-06,5.17e-06
4.237e-06,3.09e-06,5.87e-06,3.995e-06,5.87e-06
4.312e-06,3.35e-06,4.88e-06,4.51e-06,4.88e-06
4.208e-06,3.18e-06,5.66e-06,3.995e-06,5.66e-06
4.245e-06,3.48e-06,4.88e-06,4.31e-06,4.88e-06
4.297e-06,3.46e-06,5.79e-06,3.97e-06,5.79e-06
4.02e-06,3.29e-06,4.781e-06,4.005e-06,4.781e-06
4.322e-06,3.45e-06,5.26e-06,4.29e-06,5.26e-06
4.205e-06,3.43e-06,4.81e-06,4.29e-06,4.81e-06
4.25e-06,3.5e-06,5.39e-06,4.055e-06,5.39e-06
4.14e-06,3.14e-06,5.09e-06,4.165e-06,5.09e-06
4.47e-06,3.76e-06,5.41e-06,4.355e-06,5.41e-06
4.357e-06,3.27e-06,5.15e-06,4.505e-06,5.15e-06
4.19e-06,3.17e-06,5.1e-06,4.246e-06,5.1e-06
4.228e-06,3.1e-06,5.05e-06,4.38e-06,5.05e-06
4.175e-06,3.16e-06,5.69e-06,3.925e-06,5.69e-06
4.305e-06,3.12e-06,5.22e-06,4.44e-06,5.22e-06
4.043e-06,2.7e-06,5.791e-06,3.84e-06,5.791e-06
4.343e-06,3.48e-06,4.84e-06,4.525e-06,4.84e-06
4.488e-06,3.72e-06,5.51e-06,4.36e-06,5.51e-06
4.19e-06,3.29e-06,5.12e-06,4.175e-06,5.12e-06
4.225e-06,3.03e-06,5.95e-06,3.96e-06,5.95e-06
4.355e-06,3.22e-06,5.16e-06,4.52e-06,5.16e-06
8.7333e-05,3.43e-06,0.000115961,0.000114971,0.000115961
4.465e-06,3.91e-06,5.08e-06,4.435e-06,4.83e-06
4.22e-06,3.15e-06,5.27e-06,4.23e-06,5.27e-06
4.097e-06,3.17e-06,4.92e-06,4.15e-06,4.92e-06
4.195e-06,3.08e-06,5.03e-06,4.335e-06,5.03e-06
4.085e-06,3.01e-06,4.89e-06,4.22e-06,4.89e-06
4.33e-06,3.27e-06,5.65e-06,4.2e-06,5.65e-06
4.3e-06,3.2e-06,5.22e-06,4.39e-06,5.22e-06
4.185e-06,3.45e-06,5.31e-06,3.99e-06,5.31e-06
4.198e-06,3.06e-06,4.96e-06,4.385e-06,4.96e-06
4.453e-06,3.54e-06,5.81e-06,4.23e-06,5.81e-06
4.25e-06,3.45e-06,4.8e-06,4.375e-06,4.8e-06
4.3e-06,3.39e-06,5.451e-06,4.18e-06,5.451e-06
4.198e-06,3.41e-06,5.16e-06,4.11e-06,5.16e-06
4.18e-06,3.14e-06,5.66e-06,3.96e-06,5.66e-06
4.322e-06,3.35e-06,4.81e-06,4.565e-06,4.81e-06
4.215e-06,3.08e-06,5.09e-06,4.345e-06,5.09e-06
4.155e-06,3.25e-06,4.8e-06,4.285e-06,4.8e-06
4.28e-06,3.32e-06,5.6e-06,4.1e-06,5.6e-06
4.18e-06,3.18e-06,4.98e-06,4.281e-06,4.98e-06
4.145e-06,3.16e-06,5.22e-06,4.1e-06,5.22e-06
4.303e-06,3.57e-06,4.97e-06,4.335e-06,4.97e-06
4.468e-06,3.04e-06,5.84e-06,4.495e-06,5.84e-06
4.405e-06,3.57e-06,5.111e-06,4.47e-06,5.111e-06
4.215e-06,3.27e-06,5.39e-06,4.1e-06,5.39e-06
4.2e-06,3.38e-06,4.86e-06,4.28e-06,4.86e-06
4.198e-06,3.39e-06,5.2e-06,4.1e-06,5.2e-06
4.608e-06,3.91e-06,5.4e-06,4.56e-06,5.4e-06
4.162e-06,3.15e-06,5.46e-06,4.02e-06,5.46e-06
4.125e-06,3.19e-06,4.74e-06,4.285e-06,4.74e-06
4.113e-06,3.21e-06,5.3e-06,3.97e-06,5.3e-06
4.157e-06,3.27e-06,4.87e-06,4.245e-06,4.87e-06
4.212e-06,3.16e-06,5.53e-06,4.08e-06,5.53e-06
4.115e-06,3.11e-06,4.92e-06,4.215e-06,4.92e-06
4.425e-06,3.52e-06,5.5e-06,4.34e-06,5.5e-06
4.14e-06,3.41e-06,4.86e-06,4.145e-06,4.86e-06
4.228e-06,3.01e-06,5.41e-06,4.245e-06,5.41e-06
4.078e-06,3.12e-06,4.82e-06,4.185e-06,4.82e-06
4.3e-06,3.42e-06,5.93e-06,3.925e-06,5.93e-06
4.282e-06,3e-06,5.01e-06,4.56e-06,5.01e-06
4.378e-06,3.43e-06,5.39e-06,4.345e-06,5.39e-06
4.343e-06,3.5e-06,5.1e-06,4.385e-06,4.9e-06
4.385e-06,3.83e-06,5.59e-06,4.06e-06,5.59e-06
4.315e-06,3.3e-06,4.88e-06,4.54e-06,4.88e-06
4.198e-06,3.17e-06,5.31e-06,4.156e-06,5.31e-06
4.19e-06,3.07e-06,5.12e-06,4.285e-06,5.12e-06
4.165e-06,3.32e-06,5.271e-06,4.035e-06,5.271e-06
4.147e-06,3.03e-06,4.86e-06,4.35e-06,4.86e-06
4.235e-06,3.21e-06,5.22e-06,4.255e-06,5.22e-06
4.285e-06,3.14e-06,4.9e-06,4.55e-06,4.65e-06
4.132e-06,3.26e-06,5.23e-06,4.02e-06,5.23e-06
4.42e-06,4e-06,5.02e-06,4.33e-06,5.02e-06
4.218e-06,3.32e-06,5.32e-06,4.115e-06,5.32e-06
4.187e-06,3.39e-06,4.8e-06,4.28e-06,4.8e-06
4.382e-06,3.16e-06,5.36e-06,4.505e-06,5.36e-06
4.222e-06,3.36e-06,5.22e-06,4.155e-06,5.22e-06
4.178e-06,3.26e-06,5.33e-06,4.06e-06,5.33e-06
4.223e-06,3.25e-06,4.901e-06,4.37e-06,4.901e-06
4.278e-06,3.43e-06,5.32e-06,4.181e-06,5.32e-06
4.233e-06,3.58e-06,4.73e-06,4.31e-06,4.73e-06
4.368e-06,3.45e-06,5.24e-06,4.39e-06,5.24e-06
4.05e-06,2.84e-06,5.12e-06,4.12e-06,5.12e-06
4.117e-06,3.12e-06,5.44e-06,3.955e-06,5.44e-06
4.135e-06,3.19e-06,4.94e-06,4.205e-06,4.94e-06
4.202e-06,3.11e-06,5.44e-06,4.13e-06,5.44e-06
4.198e-06,3.55e-06,4.85e-06,4.195e-06,4.85e-06
4.205e-06,3.19e-06,5.28e-06,4.175e-06,5.28e-06
4.253e-06,3.58e-06,4.93e-06,4.25e-06,4.93e-06
4.4e-06,3.401e-06,5.05e-06,4.575e-06,5.05e-06
4.238e-06,3.52e-06,4.81e-06,4.31e-06,4.81e-06
4.29e-06,3.54e-06,5.34e-06,4.14e-06,5.34e-06
4.357e-06,3.31e-06,5.11e-06,4.505e-06,5.11e-06
4.33e-06,3.59e-06,5.55e-06,4.09e-06,5.55e-06
4.192e-06,3.17e-06,4.97e-06,4.315e-06,4.97e-06
4.237e-06,3.47e-06,5.42e-06,4.03e-06,5.42e-06
4.275e-06,3.17e-06,5.62e-06,4.155e-06,5.62e-06
4.25e-06,3.27e-06,5.3e-06,4.215e-06,5.3e-06
4.17e-06,3.39e-06,4.71e-06,4.29e-06,4.71e-06
4.323e-06,3.25e-06,5.61e-06,4.215e-06,5.61e-06
4.395e-06,4.09e-06,4.86e-06,4.315e-06,4.86e-06
4.093e-06,3.14e-06,5.321e-06,3.955e-06,5.321e-06
4.14e-06,3.26e-06,4.76e-06,4.27e-06,4.76e-06
4.158e-06,3.17e-06,5.5e-06,3.98e-06,5.5e-06
4.3e-06,3.66e-06,5.17e-06,4.185e-06,5.17e-06
4.353e-06,3.15e-06,5.39e-06,4.435e-06,5.39e-06
4.352e-06,3.55e-06,5.12e-06,4.37e-06,5.12e-06
4.283e-06,3.29e-06,5.77e-06,4.036e-06,5.77e-06
4.183e-06,3.31e-06,5.15e-06,4.135e-06,5.15e-06
4.205e-06,3.38e-06,5.4e-06,4.02e-06,5.4e-06
3.928e-06,3.03e-06,4.92e-06,3.88e-06,4.92e-06
4.317e-06,3.45e-06,5.45e-06,4.185e-06,5.45e-06
4.427e-06,3.45e-06,5.54e-06,4.36e-06,5.54e-06
4.25e-06,3.5e-06,5.4e-06,4.05e-06,5.4e-06
4.218e-06,2.851e-06,5.39e-06,4.315e-06,5.39e-06
4.303e-06,3.33e-06,5.63e-06,4.125e-06,5.63e-06
4.207e-06,3.28e-06,4.83e-06,4.36e-06,4.83e-06
4.435e-06,3.39e-06,5.86e-06,4.245e-06,5.86e-06
4.083e-06,3.2e-06,4.94e-06,4.095e-06,4.94e-06
4.18e-06,3.15e-06,5.56e-06,4.005e-06,5.56e-06
4.23e-06,3.38e-06,4.8e-06,4.37e-06,4.8e-06
4.238e-06,3.28e-06,5.29e-06,4.191e-06,5.29e-06
4.3e-06,3.45e-06,5.12e-06,4.315e-06,5.12e-06
4.35e-06,3.67e-06,5.38e-06,4.175e-06,5.38e-06
4.245e-06,3.42e-06,5.011e-06,4.275e-06,5.011e-06
4.138e-06,3.24e-06,5.18e-06,4.065e-06,5.18e-06
4.14e-06,3.33e-06,4.8e-06,4.215e-06,4.8e-06
4.062e-06,3.27e-06,5.3e-06,3.84e-06,5.3e-06
4.165e-06,3.12e-06,4.86e-06,4.34e-06,4.86e-06
4.3e-06,3.58e-06,5.54e-06,4.04e-06,5.54e-06
4.29e-06,3.11e-06,4.88e-06,4.585e-06,4.88e-06
4.352e-06,3.3e-06,5.73e-06,4.19e-06,5.73e-06
3.98e-06,3.13e-06,4.76e-06,4.015e-06,4.76e-06
4.203e-06,2.92e-06,5.06e-06,4.415e-06,5.06e-06
4.53e-06,3.32e-06,6.03e-06,4.385e-06,6.03e-06
4.21e-06,3.24e-06,4.89e-06,4.355e-06,4.89e-06
4.13e-06,3.09e-06,5.49e-06,3.97e-06,5.49e-06
4.267e-06,3.44e-06,5.13e-06,4.25e-06,5.13e-06
4.228e-06,3.18e-06,5.33e-06,4.2e-06,5.33e-06
4.315e-06,3.61e-06,5.03e-06,4.31e-06,5.03e-06
4.705e-06,3.96e-06,5.87e-06,4.495e-06,5.87e-06
4.415e-06,3.97e-06,5.201e-06,4.245e-06,5.201e-06
4.338e-06,3.33e-06,5.73e-06,4.146e-06,5.73e-06
4.307e-06,3.65e-06,5e-06,4.29e-06,5e-06
4.41e-06,3.49e-06,5.61e-06,4.27e-06,5.61e-06
4.19e-06,3.41e-06,4.98e-06,4.185e-06,4.98e-06
4.385e-06,3.42e-06,5.8e-06,4.16e-06,5.8e-06
4.53e-06,3.43e-06,5.48e-06,4.606e-06,5.48e-06
4.47e-06,3.21e-06,6.08e-06,4.295e-06,6.08e-06
4.258e-06,3.4e-06,4.9e-06,4.365e-06,4.9e-06
4.395e-06,3.38e-06,5.75e-06,4.225e-06,5.75e-06
4.27e-06,3.55e-06,4.93e-06,4.3e-06,4.93e-06
4.385e-06,3.22e-06,5.611e-06,4.355e-06,5.611e-06
4.322e-06,3.46e-06,5.01e-06,4.41e-06,5.01e-06
4.22e-06,3.31e-06,5.57e-06,4e-06,5.57e-06
4.348e-06,3.18e-06,4.95e-06,4.63e-06,4.95e-06
4.3e-06,3.3e-06,5.6e-06,4.15e-06,5.6e-06
4.37e-06,3.35e-06,5.28e-06,4.425e-06,5.28e-06
4.182e-06,3.2e-06,5.2e-06,4.165e-06,5.2e-06
4.18e-06,3.18e-06,5.18e-06,4.18e-06,5.18e-06
4.213e-06,3.17e-06,5.36e-06,4.16e-06,5.36e-06
4.18e-06,3.18e-06,4.91e-06,4.315e-06,4.91e-06
4.32e-06,3.53e-06,5.33e-06,4.21e-06,5.33e-06
4.43e-06,3.32e-06,5.311e-06,4.545e-06,5.311e-06
4.29e-06,3.27e-06,5.85e-06,4.02e-06,5.85e-06
4.393e-06,3.23e-06,5.34e-06,4.5e-06,5.34e-06
4.308e-06,3.5e-06,5.22e-06,4.255e-06,5.22e-06
4.205e-06,2.99e-06,4.83e-06,4.5e-06,4.83e-06
4.233e-06,3.22e-06,5.34e-06,4.185e-06,5.34e-06
4.335e-06,3.55e-06,5.33e-06,4.23e-06,5.33e-06
4.523e-06,3.58e-06,6.04e-06,4.235e-06,6.04e-06
4.223e-06,3.3e-06,4.91e-06,4.34e-06,4.91e-06
4.385e-06,3.49e-06,5.37e-06,4.34e-06,5.37e-06
4.285e-06,3.12e-06,5.49e-06,4.265e-06,5.49e-06
4.328e-06,3.3e-06,5.861e-06,4.075e-06,5.861e-06
4.175e-06,3.04e-06,5.3e-06,4.18e-06,5.3e-06
4.38e-06,3.37e-06,5.66e-06,4.245e-06,5.66e-06
4.402e-06,3.21e-06,5.01e-06,4.695e-06,5.01e-06
4.28e-06,3.38e-06,5.73e-06,4.005e-06,5.73e-06
3.998e-06,2.97e-06,5.01e-06,4.005e-06,5.01e-06
4.293e-06,3.11e-06,5.59e-06,4.235e-06,5.59e-06
4.29e-06,3.48e-06,4.79e-06,4.445e-06,4.79e-06
4.35e-06,3.25e-06,5.56e-06,4.295e-06,5.56e-06
4.19e-06,3.23e-06,4.93e-06,4.3e-06,4.93e-06
4.197e-06,3.25e-06,5.62e-06,3.96e-06,5.62e-06
4.24e-06,3.26e-06,4.851e-06,4.425e-06,4.851e-06
4.377e-06,3.65e-06,5.59e-06,4.135e-06,5.59e-06
4.355e-06,3.18e-06,5.51e-06,4.365e-06,5.51e-06
4.31e-06,3.34e-06,5.56e-06,4.17e-06,5.56e-06
4.315e-06,3.37e-06,5.05e-06,4.42e-06,5.05e-06
4.207e-06,3.2e-06,5.44e-06,4.095e-06,5.44e-06
4.227e-06,3.23e-06,4.91e-06,4.385e-06,4.91e-06
4.415e-06,3.58e-06,5.48e-06,4.3e-06,5.48e-06
4.367e-06,3.49e-06,4.91e-06,4.535e-06,4.91e-06
4.268e-06,3.32e-06,5.3e-06,4.225e-06,5.3e-06
4.258e-06,3.26e-06,5.16e-06,4.305e-06,5.16e-06
4.198e-06,3.22e-06,5.321e-06,4.125e-06,5.321e-06
4.165e-06,3.2e-06,4.75e-06,4.355e-06,4.75e-06
4.243e-06,3.07e-06,5.38e-06,4.26e-06,5.38e-06
4.127e-06,3.34e-06,4.78e-06,4.195e-06,4.78e-06
4.27e-06,3.5e-06,5.71e-06,3.935e-06,5.71e-06
4.243e-06,3.271e-06,5.26e-06,4.22e-06,5.26e-06
4.378e-06,3.13e-06,6.21e-06,4.085e-06,6.21e-06
4.415e-06,3.26e-06,5.52e-06,4.44e-06,5.52e-06
4.398e-06,3.45e-06,5.49e-06,4.325e-06,5.49e-06
4.227e-06,3.51e-06,5e-06,4.2e-06,5e-06
4.413e-06,3.53e-06,5.62e-06,4.25e-06,5.62e-06
4.225e-06,3.31e-06,4.941e-06,4.325e-06,4.941e-06
4.208e-06,3.09e-06,5.63e-06,4.055e-06,5.63e-06
4.193e-06,3.34e-06,4.95e-06,4.24e-06,4.95e-06
4.475e-06,3.44e-06,5.74e-06,4.36e-06,5.74e-06
4.257e-06,3.54e-06,4.98e-06,4.255e-06,4.98e-06
4.405e-06,3.25e-06,5.63e-06,4.37e-06,5.63e-06
4.473e-06,3.13e-06,5.46e-06,4.65e-06,5.46e-06
4.21e-06,3.23e-06,5.78e-06,3.915e-06,5.78e-06
4.125e-06,3.14e-06,5.19e-06,4.085e-06,5.19e-06
4.3e-06,3.33e-06,5.53e-06,4.17e-06,5.53e-06
4.255e-06,3.42e-06,5.08e-06,4.26e-06,5.08e-06
4.248e-06,3.18e-06,5.35e-06,4.23e-06,5.35e-06
4.16e-06,3.42e-06,4.8e-06,4.21e-06,4.8e-06
4.332e-06,3.4e-06,5.4e-06,4.265e-06,5.4e-06
4.31e-06,3.27e-06,5.12e-06,4.425e-06,5.12e-06
4.137e-06,3.01e-06,5.46e-06,4.04e-06,5.46e-06
4.282e-06,3.46e-06,4.85e-06,4.41e-06,4.85e-06
4.387e-06,3.43e-06,5.34e-06,4.39e-06,5.34e-06
4.143e-06,3.13e-06,4.95e-06,4.245e-06,4.95e-06
4.595e-06,3.77e-06,5.8e-06,4.405e-06,5.8e-06
4.33e-06,3.37e-06,4.99e-06,4.48e-06,4.7e-06
4.25e-06,3.19e-06,5.58e-06,4.115e-06,5.58e-06
4.263e-06,3.59e-06,5.14e-06,4.16e-06,5.14e-06
4.135e-06,3.12e-06,5.26e-06,4.08e-06,5.26e-06
4.153e-06,3.13e-06,4.9e-06,4.29e-06,4.9e-06
4.33e-06,3.13e-06,5.52e-06,4.335e-06,5.52e-06
4.26e-06,3.44e-06,4.77e-06,4.415e-06,4.77e-06
4.41e-06,3.39e-06,5.41e-06,4.42e-06,5.41e-06
4.225e-06,3.26e-06,4.83e-06,4.405e-06,4.83e-06
4.108e-06,2.81e-06,5.54e-06,4.04e-06,5.54e-06
4.19e-06,3.38e-06,4.87e-06,4.255e-06,4.87e-06
4.255e-06,3.21e-06,5.56e-06,4.125e-06,5.56e-06
4.255e-06,3.05e-06,4.96e-06,4.505e-06,4.96e-06
4.495e-06,3.18e-06,5.34e-06,4.73e-06,5.34e-06
4.415e-06,3.54e-06,5.05e-06,4.535e-06,5.02e-06
4.195e-06,3.21e-06,5.48e-06,4.045e-06,5.48e-06
3.998e-06,3.07e-06,4.86e-06,4.03e-06,4.86e-06
4.327e-06,3.16e-06,5.73e-06,4.21e-06,5.73e-06
4.257e-06,3.14e-06,4.89e-06,4.5e-06,4.89e-06
4.298e-06,3.2e-06,5.48e-06,4.255e-06,5.48e-06
4.402e-06,3.06e-06,5.03e-06,4.76e-06,5.03e-06
8.702e-06,3.36e-06,1.357e-05,8.94e-06,1.357e-05
4.438e-06,3.69e-06,5.09e-06,4.485e-06,5.09e-06
4.295e-06,3.54e-06,5.371e-06,4.135e-06,5.371e-06
4.437e-06,3.59e-06,5.53e-06,4.315e-06,5.53e-06
4.588e-06,4.05e-06,5.65e-06,4.325e-06,5.65e-06
4.305e-06,3.32e-06,4.94e-06,4.48e-06,4.94e-06
4.667e-06,3.67e-06,6.25e-06,4.375e-06,6.25e-06
4.29e-06,3.61e-06,4.97e-06,4.29e-06,4.97e-06
4.238e-06,3.2e-06,5.53e-06,4.11e-06,5.53e-06
4.303e-06,3.2e-06,5.09e-06,4.46e-06,5.09e-06
4.202e-06,3.27e-06,5.31e-06,4.115e-06,5.31e-06
4.505e-06,3.82e-06,5.21e-06,4.495e-06,5.21e-06
4.545e-06,3.45e-06,5.62e-06,4.555e-06,5.62e-06
4.345e-06,3.37e-06,5.11e-06,4.451e-06,5.091e-06
4.348e-06,3.07e-06,5.8e-06,4.26e-06,5.8e-06
4.292e-06,3.24e-06,5.01e-06,4.46e-06,5.01e-06
4.243e-06,3.38e-06,5.51e-06,4.04e-06,5.51e-06
4.363e-06,3.88e-06,4.97e-06,4.3e-06,4.97e-06
4.347e-06,3.13e-06,5.41e-06,4.425e-06,5.41e-06
4.215e-06,3.2e-06,5.1e-06,4.28e-06,5.1e-06
4.375e-06,3.28e-06,5.72e-06,4.25e-06,5.72e-06
4.275e-06,3.29e-06,4.99e-06,4.411e-06,4.99e-06
4.377e-06,3.35e-06,5.66e-06,4.25e-06,5.66e-06
4.123e-06,3.13e-06,5.02e-06,4.17e-06,5.02e-06
4.23e-06,3.101e-06,5.331e-06,4.245e-06,5.331e-06
4.17e-06,3.25e-06,5.07e-06,4.18e-06,5.07e-06
4.29e-06,3.15e-06,5.78e-06,4.115e-06,5.78e-06
4.285e-06,3.24e-06,5.05e-06,4.425e-06,5.05e-06
4.363e-06,3.13e-06,5.95e-06,4.185e-06,5.95e-06
4.325e-06,3.82e-06,4.88e-06,4.3e-06,4.88e-06
4.392e-06,3.47e-06,5.44e-06,4.33e-06,5.44e-06
4.127e-06,3.14e-06,5.04e-06,4.165e-06,5.04e-06
4.377e-06,3.43e-06,5.81e-06,4.135e-06,5.81e-06
4.265e-06,3.06e-06,4.94e-06,4.53e-06,4.94e-06
4.237e-06,3.41e-06,5.4e-06,4.07e-06,5.4e-06
4.208e-06,3.24e-06,4.96e-06,4.315e-06,4.96e-06
4.518e-06,3.03e-06,6.16e-06,4.44e-06,6.16e-06
4.198e-06,3.28e-06,4.91e-06,4.3e-06,4.91e-06
4.243e-06,3.27e-06,5.31e-06,4.195e-06,5.31e-06
4.2e-06,3.29e-06,4.85e-06,4.33e-06,4.85e-06
4.41e-06,3.27e-06,5.83e-06,4.27e-06,5.83e-06
4.185e-06,3.24e-06,4.7e-06,4.4e-06,4.7e-06
4.37e-06,3.84e-06,5.35e-06,4.145e-06,5.35e-06
4.398e-06,3.26e-06,5.25e-06,4.54e-06,5.25e-06
4.305e-06,3.25e-06,5.66e-06,4.155e-06,5.66e-06
4.21e-06,3.45e-06,5.06e-06,4.165e-06,5.06e-06
4.32e-06,3.25e-06,5.15e-06,4.44e-06,5.15e-06
4.313e-06,3.4e-06,5.17e-06,4.34e-06,5.17e-06
4.223e-06,3.251e-06,5.36e-06,4.14e-06,5.36e-06
4.26e-06,3.34e-06,4.85e-06,4.425e-06,4.85e-06
4.5e-06,3.55e-06,5.38e-06,4.535e-06,5.38e-06
4.382e-06,3.16e-06,5.23e-06,4.57e-06,5.23e-06
4.162e-06,3.38e-06,5.09e-06,4.09e-06,5.09e-06
4.27e-06,3.34e-06,4.81e-06,4.465e-06,4.81e-06
4.47e-06,3.7e-06,5.94e-06,4.12e-06,5.94e-06
4.363e-06,3.28e-06,5.181e-06,4.495e-06,5.18e-06
4.382e-06,3.29e-06,5.64e-06,4.3e-06,5.64e-06
4.253e-06,3.39e-06,4.891e-06,4.365e-06,4.891e-06
4.292e-06,3.3e-06,5.46e-06,4.205e-06,5.46e-06
4.163e-06,3.31e-06,5.05e-06,4.145e-06,5.05e-06
4.5e-06,3.19e-06,5.95e-06,4.43e-06,5.95e-06
4.303e-06,3.03e-06,5.15e-06,4.515e-06,4.91e-06
4.318e-06,3.56e-06,5.75e-06,3.98e-06,5.75e-06
4.292e-06,3.6e-06,4.9e-06,4.335e-06,4.9e-06
4.192e-06,3.32e-06,5.38e-06,4.035e-06,5.38e-06
4.32e-06,3.26e-06,4.91e-06,4.555e-06,4.91e-06
4.227e-06,3.03e-06,5.44e-06,4.22e-06,5.44e-06
4.482e-06,3.32e-06,5.33e-06,4.64e-06,5.33e-06
4.371e-06,3.57e-06,5.791e-06,4.061e-06,5.791e-06
4.237e-06,3.33e-06,5.18e-06,4.22e-06,5.18e-06
4.283e-06,3.16e-06,5.6e-06,4.185e-06,5.6e-06
4.155e-06,3.19e-06,4.99e-06,4.22e-06,4.99e-06
4.33e-06,3.171e-06,5.45e-06,4.35e-06,5.45e-06
4.438e-06,3.24e-06,5.1e-06,4.705e-06,4.94e-06
4.322e-06,3.03e-06,5.92e-06,4.17e-06,5.92e-06
4.473e-06,3.59e-06,5.26e-06,4.52e-06,5.26e-06
4.405e-06,3.57e-06,5.46e-06,4.295e-06,5.46e-06
4.268e-06,3.71e-06,4.96e-06,4.2e-06,4.96e-06
4.348e-06,3.22e-06,5.45e-06,4.36e-06,5.45e-06
4.478e-06,3.09e-06,5e-06,4.91e-06,4.941e-06
4.298e-06,3.13e-06,6.11e-06,3.975e-06,6.11e-06
4.187e-06,3.56e-06,4.84e-06,4.175e-06,4.84e-06
4.27e-06,3.29e-06,5.91e-06,3.94e-06,5.91e-06
4.567e-06,3.32e-06,5.36e-06,4.795e-06,5.2e-06
4.322e-06,3.49e-06,5.71e-06,4.045e-06,5.71e-06
4.31e-06,3.35e-06,5.29e-06,4.3e-06,5.29e-06
4.263e-06,3.33e-06,5.41e-06,4.155e-06,5.41e-06
4.345e-06,3.28e-06,5.06e-06,4.52e-06,4.81e-06
4.305e-06,3.38e-06,5.23e-06,4.305e-06,5.23e-06
4.188e-06,3.42e-06,4.88e-06,4.225e-06,4.88e-06
4.288e-06,3.29e-06,5.561e-06,4.15e-06,5.561e-06
4.555e-06,3.44e-06,5.37e-06,4.705e-06,5.37e-06
4.558e-06,3.32e-06,5.68e-06,4.615e-06,5.68e-06
4.255e-06,3.11e-06,5.31e-06,4.3e-06,5.31e-06
4.175e-06,3.17e-06,5.51e-06,4.01e-06,5.51e-06
4.045e-06,3.02e-06,4.82e-06,4.17e-06,4.82e-06
4.415e-06,3.14e-06,5.65e-06,4.435e-06,5.65e-06
4.19e-06,3.27e-06,4.94e-06,4.275e-06,4.94e-06
4.29e-06,3.56e-06,5.3e-06,4.15e-06,5.3e-06
4.178e-06,3.2e-06,5.03e-06,4.24e-06,5.03e-06
4.2e-06,3.21e-06,5.41e-06,4.09e-06,5.41e-06
4.418e-06,3.24e-06,5.081e-06,4.675e-06,5.081e-06
4.285e-06,3.17e-06,5.64e-06,4.165e-06,5.64e-06
4.27e-06,3.59e-06,4.92e-06,4.285e-06,4.92e-06
4.255e-06,3.15e-06,5.47e-06,4.2e-06,5.47e-06
4.578e-06,3.18e-06,5.25e-06,4.94e-06,5.25e-06
4.268e-06,3.25e-06,5.45e-06,4.185e-06,5.45e-06
4.283e-06,3.46e-06,4.95e-06,4.36e-06,4.95e-06
4.245e-06,3.18e-06,5.45e-06,4.175e-06,5.45e-06
4.143e-06,3.06e-06,4.83e-06,4.34e-06,4.83e-06
4.255e-06,3.19e-06,5.29e-06,4.27e-06,5.29e-06
4.297e-06,3.57e-06,5.04e-06,4.29e-06,5.04e-06
4.288e-06,3.42e-06,5.831e-06,3.95e-06,5.831e-06
4.337e-06,3.36e-06,4.92e-06,4.535e-06,4.92e-06
4.38e-06,3.25e-06,5.37e-06,4.45e-06,5.37e-06
4.16e-06,3.11e-06,5.01e-06,4.26e-06,5.01e-06
4.33e-06,3.19e-06,5.97e-06,4.08e-06,5.97e-06
4.145e-06,3.21e-06,4.9e-06,4.235e-06,4.9e-06
4.367e-06,3.22e-06,5.91e-06,4.17e-06,5.91e-06
4.24e-06,3.2e-06,5.31e-06,4.225e-06,5.31e-06
4.463e-06,3.53e-06,6e-06,4.16e-06,6e-06
4.503e-06,3.19e-06,5.31e-06,4.755e-06,5.31e-06
4.41e-06,3.19e-06,5.77e-06,4.341e-06,5.77e-06
4.165e-06,3.18e-06,4.861e-06,4.31e-06,4.861e-06
4.437e-06,3.34e-06,5.65e-06,4.38e-06,5.65e-06
4.215e-06,3.27e-06,4.88e-06,4.355e-06,4.88e-06
4.205e-06,3.23e-06,5.45e-06,4.07e-06,5.45e-06
4.327e-06,3.23e-06,4.91e-06,4.585e-06,4.91e-06
4.35e-06,3.4e-06,5.22e-06,4.39e-06,5.22e-06
4.443e-06,3.59e-06,5.19e-06,4.496e-06,5.19e-06
4.277e-06,3.26e-06,5.64e-06,4.105e-06,5.64e-06
4.262e-06,3.5e-06,4.9e-06,4.325e-06,4.9e-06
4.425e-06,2.93e-06,6.14e-06,4.315e-06,6.14e-06
4.313e-06,2.89e-06,5.45e-06,4.455e-06,5.45e-06
4.518e-06,3.23e-06,5.841e-06,4.5e-06,5.841e-06
4.265e-06,3.24e-06,5.23e-06,4.295e-06,5.23e-06
4.375e-06,3.34e-06,5.53e-06,4.315e-06,5.53e-06
4.205e-06,3e-06,4.9e-06,4.46e-06,4.9e-06
4.307e-06,3.13e-06,5.36e-06,4.37e-06,5.36e-06
4.448e-06,3.2e-06,5.44e-06,4.575e-06,5.44e-06
4.353e-06,3.49e-06,5.7e-06,4.11e-06,5.7e-06
4.432e-06,3.32e-06,5.21e-06,4.6e-06,5.21e-06
4.418e-06,3.66e-06,5.76e-06,4.125e-06,5.76e-06
4.165e-06,3.2e-06,4.84e-06,4.31e-06,4.84e-06
4.198e-06,3.27e-06,5.41e-06,4.055e-06,5.41e-06
4.023e-06,3.07e-06,4.88e-06,4.07e-06,4.88e-06
4.538e-06,3.12e-06,6.27e-06,4.38e-06,6.27e-06
4.362e-06,3.25e-06,4.92e-06,4.64e-06,4.81e-06
4.355e-06,3.32e-06,5.53e-06,4.285e-06,5.53e-06
4.268e-06,3.23e-06,5.06e-06,4.39e-06,5.06e-06
4.443e-06,3.92e-06,5.91e-06,3.97e-06,5.91e-06
4.295e-06,2.75e-06,5.32e-06,4.555e-06,5.32e-06
4.22e-06,3.28e-06,5.26e-06,4.17e-06,5.26e-06
4.385e-06,3.45e-06,5.07e-06,4.51e-06,5.07e-06
4.22e-06,3.22e-06,5.42e-06,4.12e-06,5.42e-06
4.49e-06,3.57e-06,5.42e-06,4.485e-06,5.42e-06
4.268e-06,3.18e-06,5.881e-06,4.005e-06,5.881e-06
4.213e-06,3.27e-06,4.95e-06,4.315e-06,4.95e-06
4.41e-06,3.09e-06,6.08e-06,4.235e-06,6.08e-06
4.145e-06,3.07e-06,5.23e-06,4.14e-06,5.23e-06
4.198e-06,3.43e-06,5.32e-06,4.02e-06,5.32e-06
4.3e-06,3.18e-06,4.81e-06,4.605e-06,4.81e-06
4.34e-06,3.26e-06,5.78e-06,4.16e-06,5.78e-06
4.247e-06,3.26e-06,5.03e-06,4.35e-06,4.79e-06
4.235e-06,3.19e-06,5.36e-06,4.195e-06,5.36e-06
4.248e-06,3.24e-06,5.08e-06,4.335e-06,5.08e-06
4.318e-06,3.07e-06,5.83e-06,4.185e-06,5.83e-06
4.263e-06,3.24e-06,5.021e-06,4.395e-06,5.021e-06
4.508e-06,3.55e-06,5.78e-06,4.35e-06,5.78e-06
4.318e-06,3.29e-06,4.91e-06,4.535e-06,4.91e-06
4.378e-06,3.21e-06,6.08e-06,4.11e-06,6.08e-06
4.357e-06,3.31e-06,5.54e-06,4.29e-06,5.54e-06
4.325e-06,3.18e-06,5.63e-06,4.245e-06,5.63e-06
4.187e-06,3.04e-06,5.09e-06,4.31e-06,5.09e-06
4.233e-06,3.18e-06,5.19e-06,4.28e-06,5.19e-06
4.365e-06,3.19e-06,5.42e-06,4.425e-06,5.42e-06
4.405e-06,3.26e-06,5.91e-06,4.226e-06,5.91e-06
4.338e-06,3.22e-06,4.82e-06,4.655e-06,4.82e-06
4.563e-06,3.74e-06,6.161e-06,4.175e-06,6.161e-06
4.268e-06,2.88e-06,5.06e-06,4.565e-06,5.06e-06
4.205e-06,2.85e-06,5.35e-06,4.31e-06,5.35e-06
4.323e-06,3.31e-06,5.44e-06,4.27e-06,5.44e-06
4.37e-06,3.24e-06,6.02e-06,4.11e-06,6.02e-06
4.31e-06,3.23e-06,5.23e-06,4.39e-06,5.23e-06
4.31e-06,3.65e-06,5.6e-06,3.995e-06,5.6e-06
4.487e-06,3.55e-06,5.21e-06,4.595e-06,5.21e-06
4.465e-06,3.69e-06,5.79e-06,4.19e-06,5.79e-06
4.028e-06,2.69e-06,5.32e-06,4.05e-06,5.32e-06
4.477e-06,3.25e-06,5.8e-06,4.43e-06,5.8e-06
4.375e-06,3.21e-06,4.98e-06,4.656e-06,4.951e-06
4.13e-06,3.17e-06,5.32e-06,4.015e-06,5.32e-06
4.402e-06,3.26e-06,5.16e-06,4.595e-06,5.16e-06
4.435e-06,3.4e-06,5.6e-06,4.37e-06,5.6e-06
4.292e-06,3.47e-06,4.97e-06,4.365e-06,4.97e-06
4.305e-06,3.45e-06,5.44e-06,4.165e-06,5.44e-06
4.305e-06,3.47e-06,5.2e-06,4.275e-06,5.2e-06
4.25e-06,3.29e-06,5.5e-06,4.105e-06,5.5e-06
4.205e-06,3.14e-06,5.12e-06,4.28e-06,5.12e-06
4.418e-06,3.41e-06,5.78e-06,4.24e-06,5.78e-06
4.162e-06,3.18e-06,4.9e-06,4.285e-06,4.9e-06
4.425e-06,3.51e-06,5.291e-06,4.45e-06,5.291e-06
4.085e-06,3.04e-06,5.06e-06,4.12e-06,5.06e-06
4.145e-06,3.05e-06,5.5e-06,4.015e-06,5.5e-06
4.17e-06,3.24e-06,4.89e-06,4.275e-06,4.89e-06
4.29e-06,3.39e-06,5.48e-06,4.145e-06,5.48e-06
4.398e-06,3.67e-06,5.11e-06,4.405e-06,4.87e-06
4.498e-06,3.44e-06,5.64e-06,4.455e-06,5.64e-06
4.207e-06,3.33e-06,4.86e-06,4.32e-06,4.86e-06
4.57e-06,3.82e-06,5.9e-06,4.28e-06,5.9e-06
4.085e-06,3.34e-06,4.98e-06,4.01e-06,4.98e-06
4.18e-06,3.29e-06,5.43e-06,4e-06,5.43e-06
4.67e-06,3.6e-06,5.651e-06,4.715e-06,5.651e-06
4.215e-06,3.18e-06,5.44e-06,4.12e-06,5.44e-06
4.235e-06,3.44e-06,4.96e-06,4.27e-06,4.96e-06
4.348e-06,3.23e-06,5.73e-06,4.215e-06,5.73e-06
4.31e-06,3.241e-06,5.19e-06,4.405e-06,5.19e-06
4.12e-06,3.08e-06,5.17e-06,4.116e-06,5.17e-06
4.24e-06,3.18e-06,5.15e-06,4.315e-06,5.15e-06
4.157e-06,3.15e-06,5.44e-06,4.02e-06,5.44e-06
4.217e-06,3.29e-06,4.9e-06,4.34e-06,4.9e-06
4.402e-06,3.12e-06,5.67e-06,4.41e-06,5.67e-06
4.425e-06,3.27e-06,5.76e-06,4.335e-06,5.76e-06
4.145e-06,3.08e-06,5.501e-06,4e-06,5.501e-06
4.315e-06,3.14e-06,5.29e-06,4.415e-06,5.29e-06
4.325e-06,3.29e-06,5.63e-06,4.191e-06,5.63e-06
4.25e-06,3.27e-06,4.85e-06,4.44e-06,4.8e-06
4.375e-06,3.4e-06,5.83e-06,4.135e-06,5.83e-06
4.548e-06,3.91e-06,5.13e-06,4.575e-06,5.13e-06
4.232e-06,3.4e-06,5.38e-06,4.075e-06,5.38e-06
4.213e-06,3.26e-06,4.85e-06,4.37e-06,4.85e-06
4.085e-06,3.04e-06,5.17e-06,4.065e-06,5.17e-06
4.278e-06,3.2e-06,5.28e-06,4.315e-06,5.28e-06
4.405e-06,3.39e-06,5.69e-06,4.27e-06,5.69e-06
4.39e-06,3.6e-06,5.111e-06,4.425e-06,5.111e-06
4.138e-06,3.07e-06,5.37e-06,4.055e-06,5.37e-06
4.2e-06,3.39e-06,4.9e-06,4.255e-06,4.9e-06
4.355e-06,3.5e-06,5.46e-06,4.23e-06,5.46e-06
4.115e-06,3.2e-06,5.01e-06,4.125e-06,5.01e-06
4.11e-06,3.18e-06,5.06e-06,4.1e-06,5.06e-06
4.535e-06,3.15e-06,5.54e-06,4.725e-06,5.54e-06
4.35e-06,3.29e-06,5.8e-06,4.155e-06,5.8e-06
4.338e-06,3.17e-06,5.14e-06,4.52e-06,5.14e-06
4.343e-06,3.25e-06,5.59e-06,4.265e-06,5.59e-06
4.255e-06,3.45e-06,4.84e-06,4.366e-06,4.84e-06
4.023e-06,3.14e-06,5.141e-06,3.905e-06,5.141e-06
4.17e-06,3.2e-06,4.96e-06,4.26e-06,4.96e-06
4.347e-06,3.43e-06,5.44e-06,4.26e-06,5.44e-06
4.19e-06,3.23e-06,4.91e-06,4.31e-06,4.91e-06
4.542e-06,3.51e-06,5.67e-06,4.495e-06,5.67e-06
4.23e-06,3.31e-06,5.03e-06,4.29e-06,5.03e-06
4.35e-06,3.58e-06,5.6e-06,4.11e-06,5.6e-06
3.998e-06,2.89e-06,4.85e-06,4.125e-06,4.85e-06
4.245e-06,3.27e-06,5.68e-06,4.015e-06,5.68e-06
4.413e-06,3.36e-06,5.23e-06,4.53e-06,5.23e-06
4.413e-06,3.22e-06,5.55e-06,4.44e-06,5.55e-06
4.365e-06,3.48e-06,5.01e-06,4.485e-06,5.01e-06
4.315e-06,3.65e-06,5.59e-06,4.01e-06,5.59e-06
4.448e-06,3.1e-06,5.2e-06,4.745e-06,5.2e-06
4.265e-06,3.25e-06,5.7e-06,4.055e-06,5.7e-06
4.17e-06,3.17e-06,5.04e-06,4.235e-06,5.04e-06
4.255e-06,3.08e-06,5.41e-06,4.265e-06,5.41e-06
5.46e-06,4.29e-06,7.11e-06,5.22e-06,5.04e-06
4.34e-06,3.16e-06,5.46e-06,4.37e-06,5.46e-06
4.31e-06,3.621e-06,4.86e-06,4.38e-06,4.86e-06
4.21e-06,3.18e-06,5.65e-06,4.005e-06,5.65e-06
4.153e-06,3.14e-06,5.29e-06,4.09e-06,5.29e-06
4.258e-06,3.21e-06,5.281e-06,4.27e-06,5.281e-06
4.185e-06,3.33e-06,4.98e-06,4.215e-06,4.98e-06
4.355e-06,3.45e-06,5.44e-06,4.265e-06,5.44e-06
4.325e-06,3.52e-06,5.05e-06,4.365e-06,5.05e-06
4.26e-06,3.35e-06,5.56e-06,4.066e-06,5.56e-06
4.285e-06,3.06e-06,5.61e-06,4.235e-06,5.61e-06
4.145e-06,3.24e-06,5.45e-06,3.945e-06,5.45e-06
4.103e-06,3.36e-06,4.81e-06,4.12e-06,4.81e-06
4.3e-06,3.24e-06,5.45e-06,4.255e-06,5.45e-06
4.415e-06,3.17e-06,5.26e-06,4.615e-06,5.26e-06
4.345e-06,3.15e-06,5.56e-06,4.335e-06,5.56e-06
4.173e-06,3.3e-06,4.94e-06,4.225e-06,4.94e-06
1.1093e-05,2.23e-06,1.466e-05,1.374e-05,1.432e-05
4.428e-06,3.51e-06,5.1e-06,4.55e-06,4.99e-06
4.28e-06,3.03e-06,5.39e-06,4.35e-06,5.39e-06
4.222e-06,3.2e-06,5.34e-06,4.175e-06,5.34e-06
4.183e-06,3.23e-06,5.52e-06,3.99e-06,5.52e-06
4.338e-06,3.26e-06,5.24e-06,4.425e-06,5.24e-06
4.287e-06,3.22e-06,5.56e-06,4.185e-06,5.56e-06
4.34e-06,3.54e-06,5.05e-06,4.385e-06,4.87e-06
4.355e-06,3.291e-06,5.55e-06,4.29e-06,5.55e-06
4.233e-06,3.91e-06,4.801e-06,4.11e-06,4.801e-06
4.233e-06,3.07e-06,5.53e-06,4.165e-06,5.53e-06
4.257e-06,3.19e-06,4.73e-06,4.555e-06,4.73e-06
4.267e-06,3.39e-06,5.36e-06,4.16e-06,5.36e-06
4.363e-06,3.6e-06,4.67e-06,4.59e-06,4.67e-06
4.255e-06,3.37e-06,5.71e-06,3.97e-06,5.71e-06
4.253e-06,3.46e-06,5e-06,4.275e-06,5e-06
4.068e-06,3e-06,5.29e-06,3.99e-06,5.29e-06
4.19e-06,3.28e-06,4.91e-06,4.285e-06,4.91e-06
4.335e-06,3.28e-06,5.49e-06,4.285e-06,5.49e-06
4.297e-06,3.21e-06,5.3e-06,4.34e-06,5.3e-06
4.215e-06,3.17e-06,5.251e-06,4.22e-06,5.251e-06
4.58e-06,3.67e-06,5.69e-06,4.48e-06,5.69e-06
4.33e-06,3.41e-06,5.53e-06,4.19e-06,5.53e-06
4.25e-06,3.06e-06,5.29e-06,4.325e-06,5.29e-06
4.39e-06,3.25e-06,5.45e-06,4.43e-06,5.45e-06
4.313e-06,3.39e-06,5.34e-06,4.26e-06,5.34e-06
4.408e-06,3.28e-06,5.85e-06,4.25e-06,5.85e-06
4.338e-06,3.58e-06,5.04e-06,4.365e-06,5.04e-06
4.198e-06,2.99e-06,5.73e-06,4.035e-06,5.73e-06
4.717e-06,2.52e-06,6.33e-06,5.01e-06,5.75e-06
4.295e-06,3.02e-06,5.59e-06,4.285e-06,5.59e-06
4.428e-06,3.93e-06,5.221e-06,4.28e-06,5.221e-06
4.238e-06,3.211e-06,5.62e-06,4.06e-06,5.62e-06
4.198e-06,3.61e-06,4.81e-06,4.185e-06,4.81e-06
4.22e-06,3.04e-06,5.72e-06,4.06e-06,5.72e-06
4.293e-06,3.32e-06,5.31e-06,4.27e-06,5.31e-06
4.473e-06,3.54e-06,5.93e-06,4.21e-06,5.93e-06
4.142e-06,2.98e-06,5.42e-06,4.085e-06,5.42e-06
4.31e-06,3.36e-06,5.54e-06,4.17e-06,5.54e-06
4.285e-06,3.45e-06,5.27e-06,4.21e-06,5.27e-06
4.348e-06,3.541e-06,5.58e-06,4.135e-06,5.58e-06
4.205e-06,3.17e-06,5.04e-06,4.305e-06,5.04e-06
4.39e-06,3.13e-06,6.081e-06,4.175e-06,6.081e-06
4.432e-06,3.15e-06,4.93e-06,4.825e-06,4.93e-06
4.305e-06,3.14e-06,5.65e-06,4.215e-06,5.65e-06
4.235e-06,3.61e-06,4.99e-06,4.17e-06,4.99e-06
4.47e-06,3.42e-06,5.5e-06,4.48e-06,5.5e-06
4.38e-06,3.17e-06,5.39e-06,4.48e-06,5.39e-06
4.26e-06,3.54e-06,5.46e-06,4.02e-06,5.46e-06
4.147e-06,3.18e-06,4.95e-06,4.23e-06,4.95e-06
4.358e-06,2.84e-06,5.87e-06,4.36e-06,5.87e-06
4.22e-06,3.13e-06,5.11e-06,4.32e-06,5.11e-06
4.247e-06,3.3e-06,5.36e-06,4.165e-06,5.36e-06
4.333e-06,3.43e-06,5.1e-06,4.401e-06,5.081e-06
4.33e-06,3.15e-06,5.44e-06,4.365e-06,5.44e-06
4.41e-06,3.53e-06,5.56e-06,4.275e-06,5.56e-06
4.41e-06,3.261e-06,5.65e-06,4.365e-06,5.65e-06
4.382e-06,3.58e-06,5.16e-06,4.395e-06,5.16e-06
4.178e-06,3.31e-06,5.52e-06,3.94e-06,5.52e-06
4.255e-06,3.36e-06,4.96e-06,4.35e-06,4.96e-06
4.42e-06,3.13e-06,5.79e-06,4.38e-06,5.79e-06
4.565e-06,3.65e-06,5.3e-06,4.655e-06,5.3e-06
4.278e-06,3.38e-06,5.47e-06,4.13e-06,5.47e-06
4.195e-06,2.86e-06,5.35e-06,4.285e-06,5.35e-06
4.425e-06,3.33e-06,5.851e-06,4.26e-06,5.851e-06
4.227e-06,3.12e-06,5.4e-06,4.195e-06,5.4e-06
4.222e-06,3.33e-06,5.16e-06,4.2e-06,5.16e-06
5.298e-06,4.011e-06,6.5e-06,5.34e-06,5.4e-06
4.237e-06,3.25e-06,5.66e-06,4.02e-06,5.66e-06
4.265e-06,3.4e-06,4.86e-06,4.4e-06,4.86e-06
4.377e-06,3.16e-06,5.62e-06,4.365e-06,5.62e-06
4.34e-06,3.4e-06,4.84e-06,4.561e-06,4.84e-06
4.115e-06,3.18e-06,5.61e-06,3.835e-06,5.61e-06
4.028e-06,3.08e-06,4.96e-06,4.035e-06,4.96e-06
4.353e-06,3.38e-06,5.57e-06,4.23e-06,5.57e-06
4.168e-06,3.15e-06,4.741e-06,4.39e-06,4.741e-06
4.315e-06,3.09e-06,5.4e-06,4.385e-06,5.4e-06
4.165e-06,3.14e-06,4.99e-06,4.265e-06,4.99e-06
4.277e-06,3.29e-06,5.46e-06,4.18e-06,5.46e-06
4.15e-06,3.1e-06,4.95e-06,4.275e-06,4.95e-06
4.1e-06,3.021e-06,5.2e-06,4.09e-06,5.2e-06
4.182e-06,3.23e-06,4.9e-06,4.3e-06,4.9e-06
4.51e-06,4.11e-06,5.47e-06,4.23e-06,5.47e-06
4.42e-06,3.76e-06,4.96e-06,4.48e-06,4.96e-06
4.215e-06,3.14e-06,5.7e-06,4.01e-06,5.7e-06
4.378e-06,3.47e-06,5.32e-06,4.361e-06,5.32e-06
4.265e-06,3.15e-06,5.541e-06,4.185e-06,5.541e-06
4.127e-06,3.03e-06,5.11e-06,4.185e-06,5.11e-06
4.16e-06,2.88e-06,5.4e-06,4.18e-06,5.4e-06
4.308e-06,3.17e-06,5.54e-06,4.26e-06,5.54e-06
4.475e-06,3.22e-06,6.14e-06,4.27e-06,6.14e-06
4.305e-06,3.29e-06,4.99e-06,4.47e-06,4.99e-06
4.413e-06,3.22e-06,5.52e-06,4.455e-06,5.52e-06
4.207e-06,3.22e-06,4.93e-06,4.34e-06,4.93e-06
4.07e-06,3.05e-06,5.35e-06,3.941e-06,5.35e-06
4.307e-06,3.91e-06,4.9e-06,4.21e-06,4.9e-06
4.27e-06,3.52e-06,5.58e-06,3.99e-06,5.58e-06
4.2e-06,3.17e-06,5.041e-06,4.295e-06,5.041e-06
4.432e-06,3.23e-06,6.04e-06,4.23e-06,6.04e-06
4.19e-06,3.28e-06,4.8e-06,4.34e-06,4.8e-06
4.317e-06,3.7e-06,5.46e-06,4.055e-06,5.46e-06
4.22e-06,3.11e-06,4.89e-06,4.44e-06,4.89e-06
4.325e-06,3.16e-06,5.89e-06,4.125e-06,5.89e-06
4.385e-06,3.44e-06,5.31e-06,4.395e-06,5.31e-06
4.41e-06,2.931e-06,5.97e-06,4.37e-06,5.97e-06
4.335e-06,3.27e-06,5.68e-06,4.195e-06,5.68e-06
4.285e-06,3.4e-06,5.63e-06,4.055e-06,5.63e-06
4.2e-06,3.22e-06,5.03e-06,4.275e-06,5.03e-06
4.293e-06,3.04e-06,5.621e-06,4.256e-06,5.621e-06
4.313e-06,3.23e-06,5.42e-06,4.3e-06,5.42e-06
4.4e-06,3.18e-06,5.32e-06,4.55e-06,5.32e-06
4.15e-06,3.2e-06,4.95e-06,4.225e-06,4.95e-06
4.363e-06,3.21e-06,5.59e-06,4.325e-06,5.59e-06
4.3e-06,3.12e-06,5.14e-06,4.47e-06,5.14e-06
4.343e-06,3.15e-06,5.9e-06,4.16e-06,5.9e-06
4.207e-06,3.02e-06,5.28e-06,4.265e-06,5.28e-06
4.293e-06,3.56e-06,5.42e-06,4.095e-06,5.42e-06
4.2e-06,3.28e-06,4.89e-06,4.315e-06,4.89e-06
4.47e-06,3.23e-06,5.66e-06,4.495e-06,5.66e-06
4.163e-06,3.14e-06,4.93e-06,4.29e-06,4.93e-06
4.358e-06,3.34e-06,5.731e-06,4.18e-06,5.731e-06
4.33e-06,3.8e-06,4.76e-06,4.38e-06,4.76e-06
4.228e-06,3.69e-06,5.34e-06,3.94e-06,5.34e-06
4.238e-06,3.14e-06,5.26e-06,4.275e-06,5.26e-06
4.39e-06,3.48e-06,5.56e-06,4.26e-06,5.56e-06
4.572e-06,3.91e-06,5.25e-06,4.565e-06,5.25e-06
4.228e-06,3.23e-06,5.62e-06,4.031e-06,5.62e-06
4.268e-06,3.33e-06,5.18e-06,4.28e-06,5.18e-06
4.165e-06,3.12e-06,5.5e-06,4.02e-06,5.5e-06
4.137e-06,3.28e-06,4.85e-06,4.21e-06,4.85e-06
4.33e-06,3.15e-06,5.43e-06,4.37e-06,5.43e-06
4.18e-06,3.44e-06,4.871e-06,4.205e-06,4.871e-06
4.372e-06,3.66e-06,5.71e-06,4.06e-06,5.71e-06
4.41e-06,3.14e-06,5.25e-06,4.625e-06,5.25e-06
4.362e-06,3.11e-06,5.91e-06,4.215e-06,5.91e-06
4.21e-06,3.3e-06,4.93e-06,4.305e-06,4.93e-06
4.363e-06,3.06e-06,5.53e-06,4.43e-06,5.53e-06
4.17e-06,2.64e-06,5.17e-06,4.435e-06,5.17e-06
4.285e-06,3.09e-06,5.47e-06,4.29e-06,5.47e-06
4.202e-06,3.11e-06,5.08e-06,4.31e-06,5.08e-06
4.262e-06,3.01e-06,5.55e-06,4.245e-06,5.55e-06
4.24e-06,3.28e-06,4.94e-06,4.37e-06,4.94e-06
4.265e-06,3.27e-06,5.351e-06,4.22e-06,5.351e-06
4.185e-06,3.12e-06,4.89e-06,4.365e-06,4.89e-06
4.157e-06,3.09e-06,5.33e-06,4.105e-06,5.33e-06
4.465e-06,3.37e-06,5.23e-06,4.63e-06,5.23e-06
4.382e-06,3.29e-06,5.57e-06,4.335e-06,5.57e-06
4.18e-06,3.22e-06,4.88e-06,4.31e-06,4.88e-06
4.292e-06,3.21e-06,5.42e-06,4.27e-06,5.42e-06
4.385e-06,3.64e-06,4.93e-06,4.485e-06,4.93e-06
4.417e-06,3.55e-06,5.92e-06,4.1e-06,5.92e-06
4.385e-06,3.09e-06,5.19e-06,4.63e-06,5.19e-06
4.345e-06,3.16e-06,5.3e-06,4.46e-06,5.3e-06
4.153e-06,3.06e-06,4.961e-06,4.295e-06,4.961e-06
4.317e-06,3.45e-06,5.41e-06,4.205e-06,5.41e-06
4.387e-06,3.48e-06,5.07e-06,4.5e-06,4.94e-06
4.52e-06,3.52e-06,6.18e-06,4.19e-06,6.18e-06
4.215e-06,3.14e-06,5.27e-06,4.225e-06,5.27e-06
4.31e-06,3.36e-06,5.23e-06,4.325e-06,5.23e-06
4.315e-06,3.26e-06,5.68e-06,4.16e-06,5.68e-06
4.27e-06,3.18e-06,5.78e-06,4.06e-06,5.78e-06
4.318e-06,3.47e-06,5e-06,4.4e-06,5e-06
4.295e-06,3.44e-06,5.55e-06,4.095e-06,5.55e-06
4.273e-06,3.53e-06,5.06e-06,4.251e-06,5.06e-06
4.33e-06,3.19e-06,5.841e-06,4.145e-06,5.841e-06
4.055e-06,2.99e-06,5.15e-06,4.04e-06,5.15e-06
4.275e-06,3.05e-06,5.35e-06,4.35e-06,5.35e-06
4.282e-06,3.4e-06,4.79e-06,4.47e-06,4.79e-06
4.385e-06,3.4e-06,5.4e-06,4.37e-06,5.4e-06
4.127e-06,3.13e-06,4.92e-06,4.23e-06,4.92e-06
4.158e-06,3.21e-06,5.44e-06,3.99e-06,5.44e-06
4.177e-06,3.15e-06,4.85e-06,4.355e-06,4.85e-06
4.243e-06,3.31e-06,5.45e-06,4.105e-06,5.45e-06
4.23e-06,3.18e-06,4.93e-06,4.405e-06,4.93e-06
4.227e-06,3.27e-06,5.4e-06,4.12e-06,5.4e-06
4.21e-06,3.29e-06,4.931e-06,4.31e-06,4.931e-06
4.282e-06,3.19e-06,5.46e-06,4.24e-06,5.46e-06
4.278e-06,3.061e-06,4.88e-06,4.585e-06,4.88e-06
4.355e-06,3.26e-06,5.47e-06,4.345e-06,5.47e-06
4.32e-06,3.36e-06,5.25e-06,4.335e-06,5.25e-06
4.145e-06,3.24e-06,5.18e-06,4.081e-06,5.18e-06
4.295e-06,3.47e-06,5.4e-06,4.155e-06,5.4e-06
4.263e-06,3.16e-06,5.35e-06,4.27e-06,5.35e-06
4.16e-06,3.29e-06,4.87e-06,4.24e-06,4.87e-06
4.355e-06,3.24e-06,5.53e-06,4.325e-06,5.53e-06
4.328e-06,3.49e-06,5.03e-06,4.395e-06,5.03e-06
4.293e-06,3.69e-06,5.37e-06,4.055e-06,5.37e-06
4.11e-06,3.12e-06,5.26e-06,4.03e-06,5.26e-06
4.178e-06,3.17e-06,5.5e-06,4.02e-06,5.5e-06
4.718e-06,3.18e-06,6e-06,4.845e-06,6e-06
4.28e-06,3.23e-06,5.69e-06,4.1e-06,5.69e-06
4.218e-06,3.35e-06,4.95e-06,4.285e-06,4.95e-06
4.182e-06,3.17e-06,5.34e-06,4.11e-06,5.34e-06
4.272e-06,3.17e-06,4.95e-06,4.485e-06,4.95e-06
4.193e-06,3.35e-06,5.18e-06,4.12e-06,5.18e-06
4.268e-06,3.53e-06,5.05e-06,4.245e-06,5.05e-06
4.385e-06,3.25e-06,5.71e-06,4.29e-06,5.71e-06
4.462e-06,3.35e-06,5.3e-06,4.6e-06,5.3e-06
4.418e-06,3.29e-06,5.84e-06,4.27e-06,5.84e-06
4.232e-06,3.32e-06,5.03e-06,4.29e-06,5.03e-06
4.14e-06,3.09e-06,5.42e-06,4.025e-06,5.42e-06
4.165e-06,3.281e-06,4.88e-06,4.25e-06,4.88e-06
4.378e-06,3.19e-06,5.71e-06,4.305e-06,5.71e-06
4.382e-06,3.45e-06,5.08e-06,4.5e-06,5.08e-06
4.335e-06,3.28e-06,5.46e-06,4.301e-06,5.46e-06
4.315e-06,3.66e-06,5.1e-06,4.25e-06,5.1e-06
4.242e-06,3.32e-06,5.4e-06,4.125e-06,5.4e-06
4.418e-06,3.65e-06,5.07e-06,4.475e-06,5.07e-06
4.408e-06,3.37e-06,5.47e-06,4.395e-06,5.47e-06
4.243e-06,3.32e-06,4.941e-06,4.355e-06,4.941e-06
4.315e-06,3.6e-06,5.29e-06,4.185e-06,5.29e-06
4.165e-06,3.11e-06,4.91e-06,4.32e-06,4.91e-06
4.195e-06,3.21e-06,5.44e-06,4.065e-06,5.44e-06
4.29e-06,3.24e-06,4.75e-06,4.585e-06,4.7e-06
4.425e-06,3.18e-06,6.3e-06,4.11e-06,6.3e-06
4.198e-06,3.51e-06,4.8e-06,4.24e-06,4.8e-06
4.113e-06,3.16e-06,5.21e-06,4.04e-06,5.21e-06
4.175e-06,3.07e-06,5e-06,4.315e-06,5e-06
4.29e-06,3.18e-06,5.4e-06,4.29e-06,5.4e-06
4.13e-06,3.27e-06,4.9e-06,4.175e-06,4.9e-06
4.388e-06,3.77e-06,5.701e-06,4.04e-06,5.701e-06
4.183e-06,3.35e-06,4.86e-06,4.261e-06,4.86e-06
4.113e-06,3.34e-06,5.02e-06,4.045e-06,5.02e-06
4.6e-06,3.66e-06,5.26e-06,4.74e-06,5.26e-06
4.308e-06,3.38e-06,5.65e-06,4.1e-06,5.65e-06
4.13e-06,3.51e-06,4.77e-06,4.12e-06,4.77e-06
4.412e-06,3.01e-06,6e-06,4.32e-06,6e-06
4.41e-06,3.35e-06,5.05e-06,4.62e-06,5.05e-06
4.263e-06,3.3e-06,5.49e-06,4.13e-06,5.49e-06
4.025e-06,2.89e-06,5.19e-06,4.01e-06,5.19e-06
4.408e-06,3.16e-06,5.92e-06,4.275e-06,5.92e-06
4.195e-06,3.31e-06,4.891e-06,4.29e-06,4.891e-06
4.26e-06,3.18e-06,5.4e-06,4.23e-06,5.4e-06
4.28e-06,3.58e-06,4.95e-06,4.295e-06,4.95e-06
4.302e-06,3.16e-06,5.5e-06,4.275e-06,5.5e-06
4.228e-06,3.26e-06,5.14e-06,4.256e-06,5.14e-06
4.167e-06,3.19e-06,5.54e-06,3.97e-06,5.54e-06
4.085e-06,3.13e-06,4.8e-06,4.205e-06,4.8e-06
4.312e-06,3.39e-06,5.39e-06,4.235e-06,5.39e-06
4.472e-06,3.39e-06,5.46e-06,4.52e-06,5.46e-06
4.398e-06,3.22e-06,5.54e-06,4.415e-06,5.54e-06
4.217e-06,3.42e-06,4.9e-06,4.275e-06,4.9e-06
4.355e-06,3.19e-06,5.6e-06,4.315e-06,5.6e-06
4.1e-06,2.97e-06,4.9e-06,4.265e-06,4.9e-06
4.243e-06,3.4e-06,5.57e-06,4e-06,5.57e-06
4.2e-06,3.48e-06,4.86e-06,4.23e-06,4.86e-06
4.24e-06,3.39e-06,5.15e-06,4.21e-06,5.15e-06
4.177e-06,3.28e-06,4.97e-06,4.23e-06,4.97e-06
4.205e-06,3.26e-06,5.48e-06,4.04e-06,5.48e-06
4.403e-06,3.36e-06,4.96e-06,4.646e-06,4.96e-06
4.223e-06,3.291e-06,5.41e-06,4.095e-06,5.41e-06
4.198e-06,3.42e-06,5.03e-06,4.17e-06,5.03e-06
4.338e-06,3.02e-06,5.36e-06,4.485e-06,5.36e-06
4.11e-06,3.05e-06,4.86e-06,4.265e-06,4.86e-06
4.245e-06,3.21e-06,5.461e-06,4.155e-06,5.461e-06
4.185e-06,3.15e-06,4.92e-06,4.335e-06,4.92e-06
4.318e-06,3.29e-06,5.56e-06,4.21e-06,5.56e-06
4.215e-06,3.24e-06,4.87e-06,4.375e-06,4.87e-06
4.343e-06,3.32e-06,5.45e-06,4.3e-06,5.45e-06
4.168e-06,3.2e-06,5.11e-06,4.18e-06,5.11e-06
4.355e-06,3.39e-06,5.7e-06,4.166e-06,5.7e-06
4.225e-06,3.24e-06,4.87e-06,4.395e-06,4.87e-06
4.45e-06,3.5e-06,5.58e-06,4.36e-06,5.58e-06
4.18e-06,3.21e-06,4.88e-06,4.315e-06,4.88e-06
4.192e-06,3.21e-06,5.56e-06,4e-06,5.56e-06
4.115e-06,3.23e-06,4.951e-06,4.14e-06,4.951e-06
4.362e-06,3.15e-06,5.74e-06,4.28e-06,5.74e-06
4.212e-06,3.26e-06,5.03e-06,4.28e-06,5.03e-06
4.263e-06,3.6e-06,5.44e-06,4.005e-06,5.44e-06
4.397e-06,3e-06,5.12e-06,4.735e-06,5.12e-06
4.415e-06,3.27e-06,5.66e-06,4.365e-06,5.66e-06
4.255e-06,3.2e-06,4.96e-06,4.43e-06,4.96e-06
4.183e-06,3.08e-06,5.14e-06,4.255e-06,5.14e-06
4.162e-06,3.36e-06,4.72e-06,4.285e-06,4.72e-06
4.377e-06,3.4e-06,5.6e-06,4.255e-06,5.6e-06
4.328e-06,3.67e-06,4.89e-06,4.375e-06,4.89e-06
4.036e-06,3.09e-06,5.131e-06,3.961e-06,5.131e-06
4.39e-06,3.36e-06,5.36e-06,4.42e-06,5.36e-06
4.355e-06,3.25e-06,5.67e-06,4.25e-06,5.67e-06
4.475e-06,3.7e-06,5.33e-06,4.435e-06,5e-06
4.273e-06,3.26e-06,5.17e-06,4.33e-06,5.17e-06
4.225e-06,3.27e-06,5.17e-06,4.23e-06,5.17e-06
4.108e-06,3.06e-06,5.33e-06,4.02e-06,5.33e-06
4.313e-06,3.07e-06,5.36e-06,4.41e-06,5.36e-06
4.347e-06,3.57e-06,5.63e-06,4.095e-06,5.63e-06
4.222e-06,3.26e-06,4.88e-06,4.375e-06,4.88e-06
4.19e-06,3.24e-06,5.36e-06,4.08e-06,5.36e-06
4.37e-06,3.61e-06,5.041e-06,4.415e-06,5.041e-06
4.405e-06,3.47e-06,5.71e-06,4.22e-06,5.71e-06
4.242e-06,3.31e-06,5.47e-06,4.095e-06,5.47e-06
4.41e-06,3.36e-06,5.73e-06,4.275e-06,5.73e-06
4.263e-06,3.35e-06,4.83e-06,4.435e-06,4.83e-06
4.242e-06,3.27e-06,5.4e-06,4.15e-06,5.4e-06
4.037e-06,2.93e-06,4.95e-06,4.135e-06,4.95e-06
4.433e-06,3.1e-06,5.79e-06,4.42e-06,5.79e-06
4.318e-06,3.65e-06,5.03e-06,4.295e-06,5.03e-06
4.24e-06,3.05e-06,5.34e-06,4.285e-06,5.34e-06
4.335e-06,3.43e-06,4.9e-06,4.505e-06,4.9e-06
4.335e-06,3.25e-06,5.351e-06,4.37e-06,5.351e-06
4.24e-06,3.18e-06,4.85e-06,4.465e-06,4.85e-06
4.457e-06,3.17e-06,5.84e-06,4.41e-06,5.84e-06
4.54e-06,3.73e-06,5.31e-06,4.56e-06,5.31e-06
4.382e-06,3.34e-06,5.93e-06,4.13e-06,5.93e-06
4.153e-06,3.08e-06,4.81e-06,4.36e-06,4.81e-06
4.268e-06,3.63e-06,5.57e-06,3.935e-06,5.57e-06
4.453e-06,3.26e-06,5.2e-06,4.675e-06,5.2e-06
4.275e-06,3.22e-06,5.36e-06,4.26e-06,5.36e-06
4.01e-06,3.21e-06,4.65e-06,4.09e-06,4.65e-06
4.305e-06,3.6e-06,5.42e-06,4.1e-06,5.42e-06
4.367e-06,3.97e-06,4.88e-06,4.31e-06,4.88e-06
4.413e-06,3.17e-06,5.53e-06,4.475e-06,5.53e-06
4.247e-06,3.29e-06,5.03e-06,4.335e-06,5.03e-06
4.308e-06,3.08e-06,5.37e-06,4.39e-06,5.37e-06
4.245e-06,2.84e-06,5.49e-06,4.325e-06,5.49e-06
4.137e-06,3.3e-06,5.57e-06,3.84e-06,5.57e-06
4.46e-06,3.12e-06,5.37e-06,4.676e-06,5.37e-06
4.115e-06,3.06e-06,5.43e-06,3.985e-06,5.43e-06
4.53e-06,3.39e-06,5.4e-06,4.666e-06,5.4e-06
4.4e-06,3.22e-06,5.62e-06,4.38e-06,5.62e-06
4.17e-06,3.44e-06,4.84e-06,4.2e-06,4.84e-06
4.297e-06,3.72e-06,5.34e-06,4.065e-06,5.34e-06
4.225e-06,3.2e-06,4.921e-06,4.39e-06,4.921e-06
4.148e-06,3.1e-06,5.33e-06,4.08e-06,5.33e-06
4.335e-06,3.571e-06,5.21e-06,4.28e-06,5.21e-06
4.428e-06,3.37e-06,5.78e-06,4.28e-06,5.78e-06
4.278e-06,3.54e-06,4.99e-06,4.29e-06,4.99e-06
4.443e-06,3.18e-06,5.7e-06,4.445e-06,5.7e-06
4.262e-06,3.21e-06,4.91e-06,4.465e-06,4.91e-06
4.135e-06,3.33e-06,5.59e-06,3.81e-06,5.59e-06
4.117e-06,3.2e-06,4.9e-06,4.185e-06,4.9e-06
4.4e-06,3.8e-06,5.6e-06,4.1e-06,5.6e-06
4.39e-06,3.26e-06,4.931e-06,4.685e-06,4.79e-06
4.403e-06,3.31e-06,6.021e-06,4.14e-06,6.021e-06
4.05e-06,3.14e-06,4.77e-06,4.145e-06,4.77e-06
4.413e-06,3.25e-06,5.71e-06,4.345e-06,5.71e-06
4.21e-06,3.35e-06,4.89e-06,4.3e-06,4.89e-06
4.097e-06,2.61e-06,5.63e-06,4.075e-06,5.63e-06
4.143e-06,3.27e-06,4.97e-06,4.165e-06,4.97e-06
4.615e-06,3.64e-06,5.75e-06,4.535e-06,5.75e-06
4.355e-06,3.29e-06,5.18e-06,4.475e-06,5.18e-06
4.245e-06,3.28e-06,5.31e-06,4.195e-06,5.31e-06
4.26e-06,3.7e-06,4.77e-06,4.285e-06,4.77e-06
4.185e-06,3.13e-06,5.41e-06,4.1e-06,5.41e-06
4.138e-06,3.23e-06,4.791e-06,4.265e-06,4.791e-06
4.277e-06,3.15e-06,5.65e-06,4.155e-06,5.65e-06
4.407e-06,3.53e-06,5.13e-06,4.485e-06,5.13e-06
4.343e-06,3.62e-06,5.32e-06,4.215e-06,5.32e-06
4.303e-06,3.59e-06,4.9e-06,4.36e-06,4.88e-06
4.44e-06,3.32e-06,5.34e-06,4.55e-06,5.34e-06
4.248e-06,3.05e-06,5.16e-06,4.39e-06,5.16e-06
4.017e-06,3.15e-06,5.21e-06,3.855e-06,5.21e-06
4.45e-06,3.44e-06,4.96e-06,4.7e-06,4.78e-06
4.242e-06,3.44e-06,5.5e-06,4.015e-06,5.5e-06
4.445e-06,3.94e-06,5.06e-06,4.39e-06,5.06e-06
4.408e-06,3.09e-06,5.691e-06,4.425e-06,5.691e-06
4.06e-06,3.15e-06,4.75e-06,4.17e-06,4.75e-06
4.475e-06,3.5e-06,5.86e-06,4.27e-06,5.86e-06
3.987e-06,2.91e-06,4.95e-06,4.045e-06,4.95e-06
4.33e-06,3.56e-06,5.56e-06,4.101e-06,5.56e-06
4.095e-06,3.15e-06,4.89e-06,4.17e-06,4.89e-06
4.195e-06,3.1e-06,5.37e-06,4.155e-06,5.37e-06
4.43e-06,3.33e-06,5.71e-06,4.34e-06,5.71e-06
4.298e-06,3.31e-06,5.32e-06,4.28e-06,5.32e-06
4.205e-06,3.25e-06,4.8e-06,4.385e-06,4.8e-06
4.307e-06,3.68e-06,5.49e-06,4.03e-06,5.49e-06
4.117e-06,3.07e-06,4.84e-06,4.28e-06,4.84e-06
4.315e-06,3.31e-06,5.43e-06,4.26e-06,5.43e-06
4.24e-06,3.23e-06,4.99e-06,4.37e-06,4.99e-06
9.657e-06,4.2e-06,1.529e-05,9.57e-06,5.48e-06
4.318e-06,3.08e-06,5.18e-06,4.505e-06,5.18e-06
4.191e-06,2.891e-06,5.74e-06,4.066e-06,5.74e-06
4.118e-06,2.83e-06,4.98e-06,4.33e-06,4.98e-06
4.392e-06,3.28e-06,5.53e-06,4.38e-06,5.53e-06
4.32e-06,3.3e-06,4.88e-06,4.55e-06,4.88e-06
4.472e-06,3.56e-06,5.3e-06,4.515e-06,5.3e-06
4.28e-06,3.64e-06,5.011e-06,4.235e-06,5.011e-06
4.24e-06,3.21e-06,5.49e-06,4.13e-06,5.49e-06
4.362e-06,3.13e-06,5.12e-06,4.6e-06,5.12e-06
4.355e-06,3.26e-06,5.81e-06,4.175e-06,5.81e-06
4.34e-06,3.66e-06,5.51e-06,4.095e-06,5.51e-06
4.585e-06,3.39e-06,5.58e-06,4.685e-06,5.58e-06
4.182e-06,3.15e-06,4.77e-06,4.405e-06,4.77e-06
4.258e-06,3.3e-06,5.52e-06,4.105e-06,5.52e-06
4.37e-06,3.25e-06,4.96e-06,4.635e-06,4.92e-06
4.375e-06,3.4e-06,5.83e-06,4.136e-06,5.83e-06
4.362e-06,3.44e-06,5.05e-06,4.48e-06,5.05e-06
4.19e-06,3.07e-06,5.371e-06,4.16e-06,5.371e-06
4.293e-06,3.31e-06,5.49e-06,4.185e-06,5.49e-06
4.198e-06,3.21e-06,5.46e-06,4.06e-06,5.46e-06
4.347e-06,3.24e-06,5.35e-06,4.4e-06,5.35e-06
4.285e-06,3.04e-06,5.83e-06,4.135e-06,5.83e-06
4.455e-06,3.69e-06,5.24e-06,4.445e-06,5.24e-06
4.275e-06,3.18e-06,5.32e-06,4.3e-06,5.32e-06
4.092e-06,3.11e-06,4.82e-06,4.22e-06,4.82e-06
4.35e-06,3.24e-06,5.72e-06,4.22e-06,5.72e-06
4.405e-06,3.5e-06,5.24e-06,4.44e-06,5.24e-06
4.358e-06,3.47e-06,5.78e-06,4.091e-06,5.78e-06
4.285e-06,3.2e-06,4.88e-06,4.53e-06,4.88e-06
4.29e-06,3.36e-06,5.81e-06,3.995e-06,5.81e-06
4.425e-06,3.54e-06,5.22e-06,4.47e-06,5.22e-06
4.053e-06,3.08e-06,5.06e-06,4.035e-06,5.06e-06
4.18e-06,3.29e-06,4.94e-06,4.245e-06,4.94e-06
4.44e-06,3.23e-06,5.55e-06,4.49e-06,5.55e-06
4.322e-06,3.21e-06,4.93e-06,4.575e-06,4.93e-06
4.248e-06,3.5e-06,5.22e-06,4.135e-06,5.22e-06
4.542e-06,3.38e-06,5.64e-06,4.575e-06,5.64e-06
4.473e-06,3.33e-06,5.8e-06,4.38e-06,5.8e-06
4.16e-06,3.06e-06,4.97e-06,4.305e-06,4.97e-06
4.3e-06,3.23e-06,5.29e-06,4.34e-06,5.29e-06
4.378e-06,3.16e-06,5.221e-06,4.565e-06,5.221e-06
4.438e-06,3.39e-06,6.05e-06,4.156e-06,6.05e-06
4.245e-06,3.31e-06,4.82e-06,4.425e-06,4.82e-06
4.502e-06,3.52e-06,5.77e-06,4.36e-06,5.77e-06
4.24e-06,3.4e-06,5.05e-06,4.255e-06,5.05e-06
4.205e-06,2.95e-06,5.09e-06,4.39e-06,5.09e-06
4.155e-06,3.21e-06,4.89e-06,4.26e-06,4.89e-06
4.445e-06,3.49e-06,5.6e-06,4.345e-06,5.6e-06
4.427e-06,3.18e-06,5.28e-06,4.625e-06,5.28e-06
4.285e-06,3.46e-06,5.76e-06,3.96e-06,5.76e-06
4.11e-06,3.1e-06,4.87e-06,4.235e-06,4.87e-06
4.09e-06,3.22e-06,5.301e-06,3.92e-06,5.301e-06
4.045e-06,2.97e-06,5.08e-06,4.065e-06,5.08e-06
4.365e-06,3.12e-06,5.45e-06,4.445e-06,5.45e-06
4.297e-06,3.28e-06,5.24e-06,4.335e-06,5.24e-06
4.292e-06,3.28e-06,5.5e-06,4.195e-06,5.5e-06
4.258e-06,3.21e-06,5.19e-06,4.315e-06,5.19e-06
4.237e-06,3.15e-06,5.75e-06,4.025e-06,5.75e-06
4.092e-06,3.06e-06,4.9e-06,4.205e-06,4.9e-06
4.405e-06,3.26e-06,5.79e-06,4.285e-06,5.79e-06
4.212e-06,3.5e-06,4.93e-06,4.21e-06,4.93e-06
4.205e-06,3.17e-06,5.42e-06,4.115e-06,5.42e-06
4.11e-06,3.19e-06,4.781e-06,4.235e-06,4.781e-06
4.362e-06,3.66e-06,5.76e-06,4.015e-06,5.76e-06
4.468e-06,3.55e-06,4.91e-06,4.705e-06,4.9e-06
4.41e-06,3.43e-06,5.92e-06,4.145e-06,5.92e-06
3.982e-06,2.96e-06,4.87e-06,4.05e-06,4.87e-06
4.205e-06,3.19e-06,5.49e-06,4.07e-06,5.49e-06
4.145e-06,3.25e-06,4.84e-06,4.245e-06,4.84e-06
4.207e-06,3.53e-06,5.26e-06,4.02e-06,5.26e-06
4.373e-06,3.7e-06,5.2e-06,4.295e-06,4.82e-06
4.44e-06,3.04e-06,5.92e-06,4.4e-06,5.92e-06
4.215e-06,3.34e-06,5.03e-06,4.245e-06,5.03e-06
4.19e-06,3.21e-06,5.491e-06,4.03e-06,5.491e-06
4.178e-06,3.301e-06,5e-06,4.205e-06,5e-06
4.422e-06,3.16e-06,5.62e-06,4.455e-06,5.62e-06
4.528e-06,3.37e-06,5.14e-06,4.8e-06,5.14e-06
4.37e-06,3.64e-06,5.47e-06,4.185e-06,5.47e-06
4.16e-06,3.46e-06,4.83e-06,4.175e-06,4.83e-06
4.207e-06,3.22e-06,5.49e-06,4.06e-06,5.49e-06
4.133e-06,3.07e-06,4.86e-06,4.3e-06,4.86e-06
4.227e-06,3.13e-06,5.23e-06,4.275e-06,5.23e-06
4.33e-06,3.32e-06,5.09e-06,4.456e-06,5.09e-06
4.388e-06,3.53e-06,5.88e-06,4.07e-06,5.88e-06
4.275e-06,3.71e-06,4.801e-06,4.295e-06,4.801e-06
4.415e-06,2.67e-06,5.83e-06,4.58e-06,5.83e-06
4.235e-06,3.15e-06,4.94e-06,4.425e-06,4.94e-06
4.252e-06,3.34e-06,5.66e-06,4.005e-06,5.66e-06
4.263e-06,3.4e-06,4.86e-06,4.395e-06,4.86e-06
4.255e-06,3.51e-06,5.42e-06,4.045e-06,5.42e-06
4.343e-06,3.64e-06,4.94e-06,4.395e-06,4.94e-06
4.453e-06,3.24e-06,5.82e-06,4.375e-06,5.82e-06
4.175e-06,3.32e-06,4.86e-06,4.26e-06,4.86e-06
4.365e-06,3.13e-06,5.75e-06,4.29e-06,5.75e-06
4.335e-06,3.56e-06,4.99e-06,4.395e-06,4.99e-06
4.325e-06,3.32e-06,5.741e-06,4.12e-06,5.741e-06
4.185e-06,3.08e-06,5.23e-06,4.215e-06,5.23e-06
4.308e-06,3.16e-06,5.37e-06,4.35e-06,5.37e-06
4.283e-06,3.15e-06,4.83e-06,4.575e-06,4.77e-06
4.313e-06,3.2e-06,5.76e-06,4.145e-06,5.76e-06
4.07e-06,3.18e-06,4.73e-06,4.185e-06,4.73e-06
4.292e-06,3.35e-06,5.51e-06,4.155e-06,5.51e-06
4.037e-06,3.04e-06,4.73e-06,4.19e-06,4.73e-06
4.265e-06,3.2e-06,5.45e-06,4.205e-06,5.45e-06
4.41e-06,3.68e-06,4.87e-06,4.545e-06,4.87e-06
4.172e-06,3.03e-06,5.38e-06,4.14e-06,5.38e-06
4.158e-06,3.29e-06,4.88e-06,4.23e-06,4.88e-06
4.445e-06,3.02e-06,6.001e-06,4.38e-06,6.001e-06
4.408e-06,3.72e-06,5.22e-06,4.345e-06,5.22e-06
4.202e-06,3.07e-06,5.57e-06,4.085e-06,5.57e-06
4.19e-06,3.16e-06,5.06e-06,4.27e-06,5.06e-06
4.245e-06,3.23e-06,5.6e-06,4.075e-06,5.6e-06
4.172e-06,3.17e-06,4.98e-06,4.27e-06,4.98e-06
4.31e-06,3.24e-06,5.44e-06,4.28e-06,5.44e-06
4.23e-06,3.39e-06,4.94e-06,4.295e-06,4.94e-06
4.218e-06,3.48e-06,5.3e-06,4.045e-06,5.3e-06
4.035e-06,3.04e-06,4.94e-06,4.08e-06,4.94e-06
4.265e-06,3.2e-06,5.77e-06,4.045e-06,5.77e-06
4.193e-06,3.32e-06,4.811e-06,4.32e-06,4.811e-06
4.385e-06,3.22e-06,5.62e-06,4.35e-06,5.62e-06
4.312e-06,3.61e-06,4.96e-06,4.34e-06,4.96e-06
4.257e-06,3.27e-06,5.49e-06,4.135e-06,5.49e-06
4.363e-06,3.59e-06,5.13e-06,4.365e-06,5.13e-06
4.31e-06,3.441e-06,5.75e-06,4.025e-06,5.75e-06
4.225e-06,3.4e-06,4.97e-06,4.265e-06,4.97e-06
4.447e-06,3.18e-06,5.49e-06,4.56e-06,5.49e-06
4.283e-06,3.25e-06,5.24e-06,4.32e-06,5.24e-06
4.405e-06,3.51e-06,5.83e-06,4.14e-06,5.83e-06
4.347e-06,3.73e-06,5.15e-06,4.255e-06,5.15e-06
4.213e-06,3.37e-06,5.26e-06,4.11e-06,5.26e-06
4.19e-06,3.56e-06,4.77e-06,4.215e-06,4.77e-06
4.175e-06,2.66e-06,5.64e-06,4.2e-06,5.64e-06
4.265e-06,3.47e-06,4.9e-06,4.345e-06,4.9e-06
4.392e-06,3.29e-06,5.31e-06,4.485e-06,5.31e-06
4.38e-06,3.51e-06,4.93e-06,4.54e-06,4.85e-06
4.215e-06,3.17e-06,5.44e-06,4.125e-06,5.44e-06
4.242e-06,3.44e-06,4.83e-06,4.35e-06,4.83e-06
4.247e-06,3.25e-06,5.53e-06,4.105e-06,5.53e-06
4.185e-06,3.41e-06,4.93e-06,4.201e-06,4.93e-06
4.567e-06,3.51e-06,5.76e-06,4.5e-06,5.76e-06
4.413e-06,3.75e-06,5.08e-06,4.41e-06,5.08e-06
4.395e-06,3.78e-06,5.52e-06,4.14e-06,5.52e-06
4.298e-06,3.3e-06,4.74e-06,4.575e-06,4.74e-06
4.308e-06,3.39e-06,5.52e-06,4.16e-06,5.52e-06
4.29e-06,3.1e-06,5.36e-06,4.35e-06,5.36e-06
4.153e-06,3.07e-06,5.35e-06,4.095e-06,5.35e-06
4.288e-06,3.69e-06,5.08e-06,4.19e-06,5.08e-06
4.342e-06,3.01e-06,5.65e-06,4.355e-06,5.65e-06
4.2e-06,3.17e-06,4.92e-06,4.355e-06,4.92e-06
4.155e-06,3.1e-06,5.51e-06,4.005e-06,5.51e-06
4.21e-06,3.28e-06,4.8e-06,4.38e-06,4.8e-06
4.387e-06,3.47e-06,5.36e-06,4.36e-06,5.36e-06
4.103e-06,3.22e-06,4.941e-06,4.126e-06,4.941e-06
4.428e-06,3.24e-06,5.65e-06,4.41e-06,5.65e-06
4.24e-06,3.3e-06,4.84e-06,4.41e-06,4.84e-06
4.285e-06,3.23e-06,5.46e-06,4.225e-06,5.46e-06
4.19e-06,3.15e-06,4.95e-06,4.33e-06,4.95e-06
4.233e-06,3.45e-06,5.51e-06,3.985e-06,5.51e-06
4.405e-06,3.5e-06,4.93e-06,4.595e-06,4.93e-06
4.175e-06,2.95e-06,5.37e-06,4.19e-06,5.37e-06
4.175e-06,3.13e-06,4.82e-06,4.375e-06,4.82e-06
4.282e-06,3.11e-06,5.48e-06,4.27e-06,5.48e-06
4.158e-06,3.2e-06,4.83e-06,4.3e-06,4.83e-06
4.325e-06,3.27e-06,5.571e-06,4.23e-06,5.571e-06
4.395e-06,3.32e-06,5.09e-06,4.585e-06,5.09e-06
4.203e-06,3.09e-06,5.5e-06,4.11e-06,5.5e-06
4.22e-06,3.33e-06,4.83e-06,4.36e-06,4.83e-06
4.263e-06,3.18e-06,5.39e-06,4.24e-06,5.39e-06
4.222e-06,3.36e-06,4.95e-06,4.29e-06,4.95e-06
4.255e-06,3.62e-06,5.4e-06,4e-06,5.4e-06
4.448e-06,3.24e-06,5.32e-06,4.615e-06,5.32e-06
4.518e-06,3.45e-06,5.58e-06,4.52e-06,5.58e-06
4.413e-06,3.531e-06,4.97e-06,4.575e-06,4.97e-06
4.07e-06,2.92e-06,5.13e-06,4.115e-06,5.13e-06
4.138e-06,3.24e-06,4.901e-06,4.205e-06,4.901e-06
4.333e-06,3.28e-06,5.51e-06,4.27e-06,5.51e-06
4.318e-06,3.12e-06,4.94e-06,4.605e-06,4.91e-06
4.277e-06,3.14e-06,5.7e-06,4.135e-06,5.7e-06
4.267e-06,3.48e-06,4.89e-06,4.35e-06,4.88e-06
4.323e-06,3.06e-06,5.55e-06,4.341e-06,5.55e-06
4.127e-06,3.25e-06,4.99e-06,4.135e-06,4.99e-06
4.48e-06,3.2e-06,5.8e-06,4.46e-06,5.8e-06
4.293e-06,3.62e-06,4.83e-06,4.36e-06,4.83e-06
4.24e-06,3.22e-06,5.56e-06,4.09e-06,5.56e-06
4.17e-06,3.14e-06,4.94e-06,4.3e-06,4.94e-06
4.263e-06,3.14e-06,5.411e-06,4.25e-06,5.411e-06
4.132e-06,3.07e-06,4.78e-06,4.34e-06,4.78e-06
4.502e-06,3.53e-06,5.59e-06,4.445e-06,5.59e-06
4.34e-06,3.55e-06,5.12e-06,4.345e-06,5.12e-06
4.26e-06,3.15e-06,5.69e-06,4.1e-06,5.69e-06
4.162e-06,3.32e-06,4.83e-06,4.25e-06,4.83e-06
4.382e-06,3.47e-06,5.95e-06,4.055e-06,5.95e-06
4.298e-06,3.4e-06,4.87e-06,4.46e-06,4.87e-06
4.313e-06,3.19e-06,5.57e-06,4.246e-06,5.57e-06
4.04e-06,2.85e-06,4.82e-06,4.245e-06,4.82e-06
4.428e-06,3.54e-06,5.86e-06,4.155e-06,5.86e-06
4.421e-06,3.451e-06,5.361e-06,4.435e-06,5.361e-06
4.223e-06,3.19e-06,5.22e-06,4.24e-06,5.22e-06
4.225e-06,3.56e-06,4.91e-06,4.215e-06,4.91e-06
4.278e-06,3.07e-06,5.46e-06,4.29e-06,5.46e-06
4.207e-06,3.1e-06,4.95e-06,4.39e-06,4.95e-06
4.245e-06,3.4e-06,5.41e-06,4.085e-06,5.41e-06
4.293e-06,3.42e-06,4.87e-06,4.44e-06,4.87e-06
4.435e-06,3.48e-06,5.74e-06,4.26e-06,5.74e-06
4.465e-06,3.4e-06,5.64e-06,4.41e-06,5.64e-06
4.243e-06,2.91e-06,5.68e-06,4.19e-06,5.68e-06
4.145e-06,3.23e-06,4.94e-06,4.205e-06,4.94e-06
4.342e-06,3.18e-06,5.43e-06,4.38e-06,5.43e-06
4.167e-06,3.41e-06,4.8e-06,4.23e-06,4.8e-06
4.443e-06,3.58e-06,5.79e-06,4.2e-06,5.79e-06
4.053e-06,3.08e-06,4.89e-06,4.12e-06,4.89e-06
4.485e-06,3.45e-06,6.22e-06,4.135e-06,6.22e-06
4.317e-06,3.55e-06,5.03e-06,4.345e-06,5.03e-06
4.445e-06,3.31e-06,5.66e-06,4.405e-06,5.66e-06
4.352e-06,3.31e-06,5e-06,4.55e-06,5e-06
4.293e-06,3.07e-06,5.89e-06,4.105e-06,5.89e-06
4.177e-06,2.91e-06,5.37e-06,4.215e-06,5.37e-06
4.48e-06,3.33e-06,5.97e-06,4.31e-06,5.97e-06
4.182e-06,3.36e-06,4.82e-06,4.275e-06,4.82e-06
4.203e-06,3.15e-06,5.331e-06,4.165e-06,5.331e-06
4.233e-06,3.22e-06,4.89e-06,4.411e-06,4.89e-06
4.38e-06,3.91e-06,5.39e-06,4.11e-06,5.39e-06
4.395e-06,3.32e-06,5.03e-06,4.615e-06,5.03e-06
4.18e-06,2.87e-06,5.18e-06,4.335e-06,5.18e-06
4.23e-06,3.16e-06,4.93e-06,4.415e-06,4.93e-06
4.375e-06,3.21e-06,5.48e-06,4.405e-06,5.48e-06
4.11e-06,3.12e-06,4.88e-06,4.22e-06,4.88e-06
4.33e-06,3.1e-06,5.31e-06,4.455e-06,5.31e-06
4.227e-06,3.17e-06,4.74e-06,4.5e-06,4.74e-06
4.497e-06,3.48e-06,5.89e-06,4.31e-06,5.89e-06
4.218e-06,3.36e-06,5.181e-06,4.165e-06,5.181e-06
4.363e-06,3.69e-06,5.48e-06,4.14e-06,5.48e-06
4.265e-06,3.45e-06,4.94e-06,4.335e-06,4.94e-06
4.263e-06,3.28e-06,5.57e-06,4.1e-06,5.57e-06
4.183e-06,3.3e-06,4.95e-06,4.241e-06,4.95e-06
4.363e-06,3.12e-06,5.69e-06,4.32e-06,5.69e-06
4.14e-06,2.82e-06,5.26e-06,4.24e-06,5.26e-06
4.088e-06,2.91e-06,5.34e-06,4.05e-06,5.34e-06
4.203e-06,3.54e-06,5.43e-06,3.92e-06,5.43e-06
4.393e-06,3.17e-06,4.99e-06,4.705e-06,4.99e-06
4.31e-06,3.35e-06,5.96e-06,3.965e-06,5.96e-06
4.178e-06,3.29e-06,4.84e-06,4.29e-06,4.84e-06
4.128e-06,3.03e-06,5.18e-06,4.15e-06,5.18e-06
4.295e-06,3.27e-06,5.06e-06,4.425e-06,5.06e-06
4.193e-06,3.1e-06,5.33e-06,4.17e-06,5.33e-06
4.253e-06,3.59e-06,4.9e-06,4.26e-06,4.9e-06
4.178e-06,3.27e-06,5.57e-06,3.936e-06,5.57e-06
4.36e-06,3.22e-06,5.11e-06,4.555e-06,5.11e-06
4.373e-06,3.16e-06,5.35e-06,4.49e-06,5.35e-06
4.12e-06,3.3e-06,4.92e-06,4.13e-06,4.92e-06
4.215e-06,3.18e-06,5.15e-06,4.265e-06,5.15e-06
4.265e-06,2.94e-06,5.3e-06,4.41e-06,5.3e-06
4.252e-06,3.4e-06,5.49e-06,4.06e-06,5.49e-06
4.11e-06,3.17e-06,4.98e-06,4.145e-06,4.98e-06
4.29e-06,3.43e-06,5.15e-06,4.29e-06,5.15e-06
4.118e-06,3e-06,4.93e-06,4.271e-06,4.93e-06
4.143e-06,3.09e-06,5.041e-06,4.22e-06,5.041e-06
4.255e-06,3.55e-06,5.03e-06,4.22e-06,5.03e-06
4.18e-06,3.27e-06,5.43e-06,4.01e-06,5.43e-06
4.205e-06,3.28e-06,4.94e-06,4.3e-06,4.94e-06
4.263e-06,3.26e-06,5.35e-06,4.22e-06,5.35e-06
4.128e-06,3.21e-06,4.78e-06,4.26e-06,4.78e-06
4.372e-06,3.74e-06,5.4e-06,4.175e-06,5.4e-06
4.088e-06,3.1e-06,5.04e-06,4.105e-06,5.04e-06
4.233e-06,3.1e-06,5.57e-06,4.13e-06,5.57e-06
4.165e-06,3.15e-06,4.8e-06,4.355e-06,4.8e-06
4.022e-06,2.79e-06,5.54e-06,3.88e-06,5.54e-06
4.238e-06,3.091e-06,5.551e-06,4.155e-06,5.551e-06
4.407e-06,3.31e-06,5.31e-06,4.505e-06,5.31e-06
4.12e-06,3.07e-06,4.91e-06,4.251e-06,4.91e-06
4.155e-06,3.11e-06,5.31e-06,4.1e-06,5.31e-06
4.345e-06,3.48e-06,5.11e-06,4.395e-06,5.11e-06
4.203e-06,3.21e-06,5.77e-06,3.915e-06,5.77e-06
4.173e-06,3.23e-06,4.83e-06,4.315e-06,4.83e-06
4.26e-06,3.29e-06,5.26e-06,4.246e-06,5.26e-06
4.245e-06,3.31e-06,4.92e-06,4.375e-06,4.92e-06
4.385e-06,3.31e-06,5.7e-06,4.265e-06,5.7e-06
4.108e-06,3.36e-06,4.93e-06,4.07e-06,4.93e-06
4.045e-06,3.06e-06,5.261e-06,3.93e-06,5.261e-06
4.352e-06,3.24e-06,5.18e-06,4.495e-06,5.18e-06
4.387e-06,3.08e-06,5.63e-06,4.42e-06,5.63e-06
4.247e-06,3.15e-06,5e-06,4.42e-06,5e-06
4.26e-06,3.15e-06,5.56e-06,4.165e-06,5.56e-06
4.263e-06,3.23e-06,4.9e-06,4.46e-06,4.9e-06
4.125e-06,3.33e-06,5.32e-06,3.925e-06,5.32e-06
4.29e-06,3.84e-06,4.86e-06,4.23e-06,4.86e-06
4.215e-06,3.51e-06,5.45e-06,3.95e-06,5.45e-06
4.135e-06,3.25e-06,4.89e-06,4.2e-06,4.89e-06
4.28e-06,3.13e-06,5.56e-06,4.215e-06,5.56e-06
0.000461825,0.000460525,0.000462474,0.000462149,0.000462176
4.602e-06,3.85e-06,5.8e-06,4.38e-06,5.8e-06
4.328e-06,3.47e-06,5.151e-06,4.345e-06,5.151e-06
4.14e-06,3e-06,5.31e-06,4.125e-06,5.31e-06
4.233e-06,3.39e-06,4.91e-06,4.315e-06,4.91e-06
4.347e-06,3.14e-06,5.68e-06,4.285e-06,5.68e-06
4.525e-06,3.05e-06,5.98e-06,4.535e-06,5.98e-06
4.177e-06,3.3e-06,5.46e-06,3.975e-06,5.46e-06
4.353e-06,3.35e-06,5.23e-06,4.415e-06,5.23e-06
4.035e-06,3.15e-06,5.37e-06,3.81e-06,5.37e-06
4.303e-06,3.251e-06,4.97e-06,4.495e-06,4.97e-06
4.388e-06,3.43e-06,5.39e-06,4.365e-06,5.39e-06
4.372e-06,3.48e-06,5.1e-06,4.455e-06,5.1e-06
4.068e-06,3.2e-06,5.421e-06,3.825e-06,5.421e-06
4.19e-06,3.16e-06,5.28e-06,4.16e-06,5.28e-06
4.225e-06,3.25e-06,5.34e-06,4.155e-06,5.34e-06
4.073e-06,3.04e-06,4.96e-06,4.145e-06,4.96e-06
4.198e-06,3.1e-06,5.09e-06,4.3e-06,5.09e-06
4.193e-06,3.26e-06,5e-06,4.255e-06,5e-06
4.447e-06,3.53e-06,5.6e-06,4.33e-06,5.6e-06
4.298e-06,3.55e-06,4.98e-06,4.33e-06,4.98e-06
4.32e-06,3.4e-06,5.63e-06,4.125e-06,5.63e-06
4.318e-06,2.7e-06,5.82e-06,4.375e-06,5.82e-06
4.117e-06,3.17e-06,5.37e-06,3.965e-06,5.37e-06
4.11e-06,3.12e-06,4.93e-06,4.195e-06,4.93e-06
4.273e-06,3.11e-06,5.631e-06,4.175e-06,5.631e-06
4.303e-06,3.27e-06,5.52e-06,4.21e-06,5.52e-06
4.302e-06,3.26e-06,5.35e-06,4.3e-06,5.35e-06
4.427e-06,3.57e-06,5.29e-06,4.425e-06,5.29e-06
4.115e-06,3.12e-06,5.33e-06,4.005e-06,5.33e-06
4.06e-06,3.19e-06,4.78e-06,4.136e-06,4.78e-06
4.15e-06,2.95e-06,5.51e-06,4.07e-06,5.51e-06
4.133e-06,3.24e-06,4.82e-06,4.235e-06,4.82e-06
4.465e-06,3.56e-06,5.35e-06,4.475e-06,5.35e-06
4.188e-06,3.54e-06,4.77e-06,4.22e-06,4.77e-06
4.293e-06,3.591e-06,5.53e-06,4.025e-06,5.53e-06
4.228e-06,3.01e-06,5.331e-06,4.285e-06,5.331e-06
4.215e-06,3.22e-06,5.41e-06,4.115e-06,5.41e-06
4.275e-06,3.21e-06,5.31e-06,4.291e-06,5.31e-06
4.35e-06,3.53e-06,5.37e-06,4.25e-06,5.37e-06
4.205e-06,3.34e-06,4.98e-06,4.25e-06,4.98e-06
4.187e-06,3.24e-06,5.53e-06,3.99e-06,5.53e-06
4.195e-06,3.14e-06,4.88e-06,4.38e-06,4.88e-06
4.137e-06,3.32e-06,5.36e-06,3.935e-06,5.36e-06
4.258e-06,3.76e-06,4.82e-06,4.226e-06,4.82e-06
4.133e-06,2.89e-06,5.64e-06,4e-06,5.64e-06
4.375e-06,3.28e-06,5.51e-06,4.355e-06,5.51e-06
4.232e-06,3.12e-06,5.33e-06,4.24e-06,5.33e-06
4.323e-06,3.92e-06,5.02e-06,4.175e-06,5.02e-06
4.258e-06,3.3e-06,5.6e-06,4.065e-06,5.6e-06
4.21e-06,3.14e-06,5.08e-06,4.31e-06,5.08e-06
4.14e-06,3.38e-06,5.43e-06,3.875e-06,5.43e-06
4.088e-06,3.35e-06,4.94e-06,4.03e-06,4.94e-06
4.363e-06,2.9e-06,5.98e-06,4.285e-06,5.98e-06
4.48e-06,3.26e-06,5.2e-06,4.73e-06,4.94e-06
4.097e-06,3.2e-06,5.4e-06,3.895e-06,5.4e-06
4.215e-06,3.37e-06,4.79e-06,4.35e-06,4.79e-06
4.305e-06,3.24e-06,5.5e-06,4.24e-06,5.5e-06
4.248e-06,3.74e-06,4.96e-06,4.146e-06,4.96e-06
4.225e-06,3.3e-06,5.161e-06,4.22e-06,5.161e-06
4.28e-06,3.27e-06,4.97e-06,4.44e-06,4.97e-06
4.24e-06,3.24e-06,5.66e-06,4.03e-06,5.66e-06
4.28e-06,3.53e-06,4.98e-06,4.305e-06,4.98e-06
4.217e-06,3.02e-06,5.76e-06,4.045e-06,5.76e-06
4.232e-06,3.39e-06,4.96e-06,4.29e-06,4.96e-06
4.475e-06,3.57e-06,5.75e-06,4.29e-06,5.75e-06
4.118e-06,3.02e-06,4.86e-06,4.295e-06,4.86e-06
4.217e-06,3.1e-06,5.63e-06,4.07e-06,5.63e-06
4.31e-06,3.61e-06,5.18e-06,4.225e-06,5.18e-06
4.227e-06,3.26e-06,5.71e-06,3.97e-06,5.71e-06
4.798e-06,3.63e-06,5.801e-06,4.88e-06,5.801e-06
4.427e-06,3.44e-06,5.74e-06,4.265e-06,5.74e-06
4.208e-06,3.11e-06,5.34e-06,4.191e-06,5.34e-06
4.065e-06,3.37e-06,5.36e-06,3.765e-06,5.36e-06
4.198e-06,3.44e-06,4.86e-06,4.245e-06,4.86e-06
4.302e-06,3.39e-06,5.4e-06,4.21e-06,5.4e-06
4.25e-06,3.36e-06,4.95e-06,4.345e-06,4.95e-06
4.208e-06,3.48e-06,5.4e-06,3.975e-06,5.4e-06
4.267e-06,3.32e-06,4.94e-06,4.405e-06,4.94e-06
4.393e-06,3.52e-06,5.41e-06,4.32e-06,5.41e-06
4.078e-06,3.01e-06,4.83e-06,4.235e-06,4.83e-06
4.295e-06,3.49e-06,5.22e-06,4.235e-06,5.22e-06
4.245e-06,3.51e-06,5.04e-06,4.215e-06,5.04e-06
4.3e-06,3.08e-06,6.15e-06,3.985e-06,6.15e-06
4.315e-06,3.17e-06,4.89e-06,4.6e-06,4.89e-06
4.545e-06,3.46e-06,5.62e-06,4.55e-06,5.62e-06
4.478e-06,3.41e-06,5.23e-06,4.635e-06,5.23e-06
4.363e-06,3.25e-06,5.49e-06,4.355e-06,5.49e-06
4.128e-06,3.09e-06,4.88e-06,4.27e-06,4.88e-06
4.183e-06,3.1e-06,5.38e-06,4.125e-06,5.38e-06
4.227e-06,3.17e-06,4.88e-06,4.43e-06,4.88e-06
4.38e-06,3.35e-06,5.52e-06,4.325e-06,5.52e-06
4.387e-06,3.45e-06,5.21e-06,4.445e-06,5.21e-06
4.245e-06,3.51e-06,5.44e-06,4.015e-06,5.44e-06
4.108e-06,2.74e-06,4.94e-06,4.375e-06,4.94e-06
4.15e-06,3.31e-06,5.22e-06,4.035e-06,5.22e-06
4.203e-06,3.36e-06,4.78e-06,4.335e-06,4.78e-06
4.22e-06,3.21e-06,5.53e-06,4.07e-06,5.53e-06
4.09e-06,3.06e-06,4.88e-06,4.21e-06,4.88e-06
4.145e-06,3.1e-06,5.6e-06,3.94e-06,5.6e-06
4.235e-06,3.21e-06,5.16e-06,4.286e-06,5.16e-06
4.205e-06,3.25e-06,5.26e-06,4.155e-06,5.26e-06
4.38e-06,3.76e-06,5.02e-06,4.37e-06,5.02e-06
4.19e-06,3.2e-06,5.34e-06,4.11e-06,5.34e-06
4.333e-06,3.49e-06,4.881e-06,4.48e-06,4.881e-06
4.263e-06,3.34e-06,5.68e-06,4.015e-06,5.68e-06
4.258e-06,3.25e-06,5.02e-06,4.38e-06,5.02e-06
4.245e-06,3.24e-06,5.39e-06,4.175e-06,5.39e-06
4.338e-06,3.17e-06,4.98e-06,4.6e-06,4.98e-06
4.193e-06,3.16e-06,5.45e-06,4.08e-06,5.45e-06
4.318e-06,3.66e-06,5.47e-06,4.07e-06,5.47e-06
4.235e-06,3.13e-06,5.51e-06,4.15e-06,5.51e-06
4.355e-06,3.8e-06,5.31e-06,4.155e-06,5.31e-06
4.265e-06,3.24e-06,5.43e-06,4.195e-06,5.43e-06
4.41e-06,3.68e-06,5.05e-06,4.455e-06,5.05e-06
4.128e-06,3.46e-06,5.271e-06,3.89e-06,5.271e-06
4.12e-06,3.08e-06,5.12e-06,4.14e-06,5.12e-06
4.1e-06,3.29e-06,5.26e-06,3.925e-06,5.26e-06
4.298e-06,3.53e-06,5.06e-06,4.3e-06,5.06e-06
4.23e-06,3.25e-06,5.37e-06,4.15e-06,5.37e-06
4.16e-06,3.14e-06,4.86e-06,4.32e-06,4.86e-06
4.315e-06,3.34e-06,5.39e-06,4.265e-06,5.39e-06
4.377e-06,3.26e-06,5.29e-06,4.48e-06,5.29e-06
4.098e-06,3.21e-06,5.14e-06,4.02e-06,5.14e-06
4.35e-06,3.52e-06,5.31e-06,4.285e-06,5.31e-06
4.208e-06,3.1e-06,5.7e-06,4.015e-06,5.7e-06
4.155e-06,3.16e-06,5.01e-06,4.225e-06,5.01e-06
4.308e-06,3.25e-06,5.251e-06,4.365e-06,5.251e-06
4.178e-06,3.28e-06,4.73e-06,4.351e-06,4.71e-06
4.105e-06,3.16e-06,5.31e-06,3.975e-06,5.31e-06
3.998e-06,3.08e-06,4.74e-06,4.085e-06,4.74e-06
4.198e-06,3.23e-06,5.38e-06,4.09e-06,5.38e-06
4.207e-06,3.32e-06,4.78e-06,4.365e-06,4.78e-06
4.272e-06,3.2e-06,5.25e-06,4.32e-06,5.25e-06
4.257e-06,3.24e-06,4.83e-06,4.48e-06,4.83e-06
4.12e-06,3.26e-06,5.29e-06,3.966e-06,5.29e-06
4.27e-06,3.13e-06,5.35e-06,4.3e-06,5.35e-06
4.122e-06,3.32e-06,5.33e-06,3.92e-06,5.33e-06
4.363e-06,3.71e-06,5.131e-06,4.305e-06,5.131e-06
4.153e-06,2.95e-06,5.49e-06,4.085e-06,5.49e-06
4.22e-06,3.45e-06,4.87e-06,4.28e-06,4.87e-06
4.105e-06,3.03e-06,5.26e-06,4.065e-06,5.26e-06
4.273e-06,3.85e-06,4.9e-06,4.17e-06,4.9e-06
4.11e-06,2.77e-06,5.58e-06,4.045e-06,5.58e-06
4.157e-06,2.93e-06,5.14e-06,4.28e-06,5.14e-06
4.25e-06,3.11e-06,5.28e-06,4.305e-06,5.28e-06
4.243e-06,3.42e-06,4.8e-06,4.375e-06,4.8e-06
4.325e-06,3.56e-06,5.55e-06,4.095e-06,5.55e-06
4.143e-06,3.1e-06,4.87e-06,4.3e-06,4.87e-06
4.205e-06,3.29e-06,5.31e-06,4.111e-06,5.31e-06
4.365e-06,3.2e-06,4.96e-06,4.65e-06,4.96e-06
4.29e-06,3.26e-06,5.44e-06,4.23e-06,5.44e-06
0.000113796,0.000113301,0.000114241,0.000113821,0.000113511
4.44e-06,3.28e-06,5.18e-06,4.65e-06,5.18e-06
4.078e-06,3.26e-06,4.85e-06,4.101e-06,4.85e-06
4.383e-06,3.22e-06,5.28e-06,4.515e-06,5.28e-06
4.22e-06,3.28e-06,4.771e-06,4.415e-06,4.771e-06
4.135e-06,3.49e-06,5.16e-06,3.945e-06,5.16e-06
4.18e-06,2.94e-06,4.88e-06,4.45e-06,4.88e-06
4.015e-06,2.96e-06,5.12e-06,3.99e-06,5.12e-06
4.363e-06,3.22e-06,4.97e-06,4.63e-06,4.97e-06
4.38e-06,3.7e-06,5.19e-06,4.315e-06,5.19e-06
4.213e-06,3.49e-06,4.86e-06,4.25e-06,4.86e-06
4.092e-06,3e-06,5.35e-06,4.01e-06,5.35e-06
4.153e-06,3.25e-06,4.8e-06,4.28e-06,4.8e-06
4.17e-06,3.11e-06,5.32e-06,4.125e-06,5.32e-06
4.152e-06,3.69e-06,5.09e-06,3.915e-06,5.09e-06
4.238e-06,3.231e-06,5.74e-06,3.99e-06,5.74e-06
4.295e-06,3.45e-06,4.88e-06,4.426e-06,4.88e-06
4.3e-06,3.31e-06,5.54e-06,4.175e-06,5.54e-06
4.167e-06,3.57e-06,4.86e-06,4.12e-06,4.86e-06
4.33e-06,3.54e-06,5.63e-06,4.075e-06,5.63e-06
4.258e-06,3.1e-06,4.84e-06,4.545e-06,4.84e-06
4.338e-06,3.44e-06,5.32e-06,4.295e-06,5.32e-06
4.578e-06,3.87e-06,5.32e-06,4.56e-06,5.11e-06
4.283e-06,3.42e-06,5.37e-06,4.17e-06,5.37e-06
4.345e-06,3.72e-06,4.83e-06,4.415e-06,4.83e-06
4.202e-06,3.18e-06,5.7e-06,3.965e-06,5.7e-06
4.167e-06,3.17e-06,4.88e-06,4.31e-06,4.88e-06
4.15e-06,3.31e-06,5.321e-06,3.985e-06,5.321e-06
4.065e-06,3.57e-06,4.78e-06,3.955e-06,4.78e-06
4.38e-06,3.11e-06,5.32e-06,4.545e-06,5.32e-06
4.54e-06,3.3e-06,5.27e-06,4.795e-06,5.27e-06
4.195e-06,3.4e-06,5.09e-06,4.145e-06,5.09e-06
4.18e-06,3.11e-06,5.01e-06,4.3e-06,5.01e-06
4.138e-06,3.22e-06,5.51e-06,3.91e-06,5.51e-06
4.285e-06,3.72e-06,4.99e-06,4.215e-06,4.99e-06
4.16e-06,3.2e-06,5.25e-06,4.095e-06,5.25e-06
4.233e-06,3.28e-06,4.81e-06,4.42e-06,4.81e-06
4.137e-06,3.13e-06,5.47e-06,3.975e-06,5.47e-06
4.26e-06,3.42e-06,5.041e-06,4.29e-06,5.041e-06
4.213e-06,3e-06,5.39e-06,4.23e-06,5.39e-06
4.258e-06,3.61e-06,4.9e-06,4.26e-06,4.9e-06
4.385e-06,3.31e-06,5.96e-06,4.135e-06,5.96e-06
4.3e-06,3.19e-06,4.87e-06,4.57e-06,4.87e-06
4.26e-06,3.34e-06,5.63e-06,4.035e-06,5.63e-06
4.413e-06,3.19e-06,5.15e-06,4.656e-06,5.15e-06
4.105e-06,3.08e-06,5.37e-06,3.985e-06,5.37e-06
4.532e-06,3.05e-06,5.98e-06,4.55e-06,5.98e-06
4.275e-06,3.35e-06,5.49e-06,4.13e-06,5.49e-06
4.135e-06,3.21e-06,4.83e-06,4.25e-06,4.83e-06
4.135e-06,3.68e-06,5.31e-06,3.775e-06,5.31e-06
4.098e-06,3.24e-06,4.85e-06,4.15e-06,4.85e-06
4.245e-06,3.29e-06,5.69e-06,4e-06,5.69e-06
4.317e-06,3.37e-06,5.03e-06,4.435e-06,5.03e-06
4.258e-06,3.35e-06,5.76e-06,3.96e-06,5.76e-06
4.255e-06,3.23e-06,4.96e-06,4.415e-06,4.96e-06
4.3e-06,3.33e-06,5.47e-06,4.2e-06,5.47e-06
4.31e-06,3.39e-06,4.95e-06,4.45e-06,4.95e-06
4.137e-06,3.31e-06,5.25e-06,3.995e-06,5.25e-06
4.358e-06,3.74e-06,5.31e-06,4.191e-06,5.31e-06
4.178e-06,3.3e-06,5.18e-06,4.115e-06,5.18e-06
4.17e-06,3.23e-06,4.98e-06,4.235e-06,4.98e-06
4.345e-06,3.15e-06,5.301e-06,4.465e-06,5.301e-06
4.162e-06,3.34e-06,4.89e-06,4.21e-06,4.89e-06
4.297e-06,3.44e-06,5.47e-06,4.14e-06,5.47e-06
4.171e-06,3.271e-06,5.04e-06,4.186e-06,5.04e-06
4.198e-06,3.34e-06,5.63e-06,3.91e-06,5.63e-06
4.225e-06,3.11e-06,4.97e-06,4.41e-06,4.97e-06
4.48e-06,3.27e-06,5.5e-06,4.575e-06,5.5e-06
4.285e-06,2.93e-06,5.1e-06,4.555e-06,5.1e-06
4.14e-06,3.26e-06,5.29e-06,4.005e-06,5.29e-06
4.135e-06,3.03e-06,4.85e-06,4.33e-06,4.85e-06
4.065e-06,3.12e-06,5.15e-06,3.995e-06,5.15e-06
4.23e-06,3.26e-06,4.871e-06,4.395e-06,4.871e-06
4.238e-06,3.25e-06,5.49e-06,4.105e-06,5.49e-06
4.332e-06,3.33e-06,5.17e-06,4.415e-06,5.17e-06
4.382e-06,3.23e-06,5.59e-06,4.355e-06,5.59e-06
4.195e-06,3.47e-06,4.92e-06,4.195e-06,4.92e-06
4.33e-06,3.32e-06,5.27e-06,4.365e-06,5.27e-06
4.228e-06,3.44e-06,4.91e-06,4.28e-06,4.91e-06
4.245e-06,3.35e-06,5.39e-06,4.12e-06,5.39e-06
4.277e-06,3.4e-06,4.89e-06,4.41e-06,4.89e-06
4.218e-06,3.35e-06,5.44e-06,4.04e-06,5.44e-06
4.475e-06,3.59e-06,5.06e-06,4.625e-06,5.06e-06
4.273e-06,3.26e-06,5.251e-06,4.29e-06,5.251e-06
4.313e-06,3.37e-06,4.96e-06,4.46e-06,4.96e-06
4.273e-06,3.13e-06,5.84e-06,4.06e-06,5.84e-06
4.065e-06,2.96e-06,5.29e-06,4.005e-06,5.29e-06
4.202e-06,3.19e-06,5.59e-06,4.015e-06,5.59e-06
4.398e-06,3.21e-06,5.41e-06,4.485e-06,5.41e-06
4.302e-06,3.49e-06,5.58e-06,4.07e-06,5.58e-06
4.413e-06,3.42e-06,5.14e-06,4.545e-06,5.14e-06
4.15e-06,3.06e-06,5.56e-06,3.99e-06,5.56e-06
3.937e-06,3.02e-06,4.78e-06,3.975e-06,4.78e-06
4.208e-06,3.38e-06,5.28e-06,4.085e-06,5.28e-06
4.33e-06,3.28e-06,5.08e-06,4.48e-06,5.08e-06
4.51e-06,3.97e-06,5.79e-06,4.14e-06,5.79e-06
4.113e-06,3.07e-06,4.98e-06,4.2e-06,4.98e-06
4.342e-06,3.26e-06,5.44e-06,4.335e-06,5.44e-06
4.237e-06,3.2e-06,4.86e-06,4.445e-06,4.86e-06
4.09e-06,2.99e-06,5.66e-06,3.855e-06,5.66e-06
4.15e-06,3.32e-06,4.68e-06,4.3e-06,4.68e-06
4.37e-06,3.14e-06,5.71e-06,4.315e-06,5.71e-06
4.11e-06,3.24e-06,4.79e-06,4.205e-06,4.79e-06
4.382e-06,3.53e-06,5.17e-06,4.415e-06,5.17e-06
4.395e-06,3.58e-06,5.19e-06,4.405e-06,5.19e-06
4.278e-06,3.24e-06,5.5e-06,4.186e-06,5.5e-06
4.188e-06,3.07e-06,5.071e-06,4.305e-06,5.071e-06
4.068e-06,2.94e-06,5.13e-06,4.1e-06,5.13e-06
4.215e-06,3.61e-06,4.97e-06,4.14e-06,4.97e-06
4.225e-06,3.27e-06,5.27e-06,4.18e-06,5.27e-06
4.395e-06,3.44e-06,5.2e-06,4.47e-06,5.2e-06
4.305e-06,3.32e-06,5.42e-06,4.24e-06,5.42e-06
4.147e-06,3.12e-06,4.99e-06,4.24e-06,4.99e-06
4.08e-06,3.161e-06,5.59e-06,3.785e-06,5.59e-06
4.25e-06,3.41e-06,4.92e-06,4.335e-06,4.92e-06
4.325e-06,3.43e-06,5.47e-06,4.2e-06,5.47e-06
4.15e-06,3.23e-06,4.97e-06,4.2e-06,4.97e-06
4.368e-06,3.38e-06,5.411e-06,4.34e-06,5.411e-06
4.225e-06,3.44e-06,4.98e-06,4.24e-06,4.98e-06
4.23e-06,3.25e-06,5.33e-06,4.17e-06,5.33e-06
4.162e-06,3.03e-06,5.19e-06,4.215e-06,5.19e-06
4.27e-06,3.06e-06,5.43e-06,4.295e-06,5.43e-06
4.205e-06,3.24e-06,4.95e-06,4.315e-06,4.95e-06
4.288e-06,3.22e-06,5.5e-06,4.215e-06,5.5e-06
4.25e-06,3.42e-06,5.09e-06,4.245e-06,5.09e-06
4.345e-06,3.37e-06,5.61e-06,4.2e-06,5.61e-06
4.563e-06,3.87e-06,4.89e-06,4.745e-06,4.89e-06
4.313e-06,3.54e-06,5.33e-06,4.19e-06,5.33e-06
4.13e-06,3.55e-06,4.8e-06,4.085e-06,4.8e-06
4.768e-06,3.11e-06,6.61e-06,4.675e-06,5.871e-06
4.207e-06,3.26e-06,4.87e-06,4.35e-06,4.87e-06
4.24e-06,3.24e-06,5.34e-06,4.19e-06,5.34e-06
4.175e-06,3.21e-06,4.84e-06,4.325e-06,4.84e-06
4.205e-06,3.34e-06,5.31e-06,4.085e-06,5.31e-06
4.2e-06,2.84e-06,4.86e-06,4.55e-06,4.86e-06
4.162e-06,3.32e-06,5.12e-06,4.105e-06,5.12e-06
4.263e-06,3.13e-06,5.06e-06,4.43e-06,5.06e-06
4.282e-06,3.63e-06,5.14e-06,4.18e-06,5.14e-06
4.285e-06,3.25e-06,4.88e-06,4.505e-06,4.85e-06
4.15e-06,3.36e-06,5.22e-06,4.01e-06,5.22e-06
4.178e-06,3.04e-06,4.96e-06,4.355e-06,4.96e-06
4.268e-06,3.32e-06,5.76e-06,3.995e-06,5.76e-06
4.253e-06,3.33e-06,4.91e-06,4.385e-06,4.91e-06
4.338e-06,3.21e-06,5.34e-06,4.4e-06,5.34e-06
4.035e-06,3.07e-06,4.78e-06,4.145e-06,4.78e-06
4.313e-06,3.37e-06,5.78e-06,4.05e-06,5.78e-06
4.215e-06,3.29e-06,4.88e-06,4.345e-06,4.88e-06
4.448e-06,3.81e-06,5.46e-06,4.26e-06,5.46e-06
4.173e-06,3.2e-06,4.88e-06,4.305e-06,4.88e-06
4.273e-06,3.46e-06,5.65e-06,3.99e-06,5.65e-06
4.292e-06,3.54e-06,5e-06,4.315e-06,5e-06
4.275e-06,3.54e-06,5.371e-06,4.095e-06,5.371e-06
4.297e-06,3.4e-06,5.01e-06,4.39e-06,5.01e-06
4.25e-06,3.5e-06,5.65e-06,3.925e-06,5.65e-06
4.25e-06,3.16e-06,4.93e-06,4.455e-06,4.93e-06
4.1e-06,3.18e-06,5.19e-06,4.016e-06,5.19e-06
3.985e-06,3.22e-06,4.94e-06,3.89e-06,4.94e-06
4.302e-06,3.38e-06,5.3e-06,4.265e-06,5.3e-06
4.335e-06,3.16e-06,5.22e-06,4.48e-06,5.22e-06
4.17e-06,3.22e-06,5.49e-06,3.985e-06,5.49e-06
4.535e-06,3.75e-06,5.38e-06,4.505e-06,5.38e-06
4.152e-06,3.11e-06,5.66e-06,3.92e-06,5.66e-06
4.29e-06,3.18e-06,5.07e-06,4.455e-06,5.07e-06
4.295e-06,3.54e-06,5.58e-06,4.03e-06,5.58e-06
4.217e-06,3.26e-06,4.96e-06,4.325e-06,4.96e-06
4.242e-06,3.56e-06,5.34e-06,4.035e-06,5.34e-06
4.272e-06,3.33e-06,4.9e-06,4.43e-06,4.9e-06
4.343e-06,3.3e-06,5.39e-06,4.34e-06,5.39e-06
4.365e-06,3.27e-06,5.13e-06,4.53e-06,5.13e-06
4.538e-06,3.33e-06,5.8e-06,4.511e-06,5.8e-06
4.22e-06,3.32e-06,4.81e-06,4.375e-06,4.81e-06
4.195e-06,3.48e-06,5.4e-06,3.95e-06,5.4e-06
4.155e-06,3.44e-06,4.82e-06,4.18e-06,4.82e-06
4.423e-06,3.55e-06,5.68e-06,4.23e-06,5.68e-06
4.563e-06,3.63e-06,5.271e-06,4.675e-06,5.271e-06
4.275e-06,3.25e-06,5.37e-06,4.24e-06,5.37e-06
4.13e-06,2.85e-06,5.32e-06,4.175e-06,5.32e-06
4.048e-06,3.2e-06,5.35e-06,3.82e-06,5.35e-06
4.102e-06,3.16e-06,4.95e-06,4.15e-06,4.95e-06
4.155e-06,3.23e-06,5.44e-06,3.975e-06,5.44e-06
4.125e-06,3.21e-06,4.92e-06,4.185e-06,4.92e-06
4.033e-06,3.14e-06,5.28e-06,3.855e-06,5.28e-06
4.3e-06,3.53e-06,4.96e-06,4.355e-06,4.96e-06
4.802e-06,3.87e-06,6.36e-06,4.49e-06,6.36e-06
4.31e-06,3.6e-06,5.05e-06,4.295e-06,5.05e-06
4.253e-06,3.23e-06,5.79e-06,3.995e-06,5.79e-06
4.398e-06,3.17e-06,5.34e-06,4.54e-06,5.34e-06
4.245e-06,3.14e-06,5.47e-06,4.185e-06,5.47e-06
4.372e-06,3.38e-06,5.57e-06,4.27e-06,5.57e-06
4.355e-06,3.3e-06,5.58e-06,4.27e-06,5.58e-06
4.248e-06,3.46e-06,4.98e-06,4.275e-06,4.98e-06
4.288e-06,3.15e-06,5.661e-06,4.17e-06,5.661e-06
4.125e-06,3.07e-06,5.05e-06,4.191e-06,5.05e-06
4.285e-06,3.26e-06,5.32e-06,4.28e-06,5.32e-06
4.215e-06,3.31e-06,4.92e-06,4.315e-06,4.92e-06
4.312e-06,3.21e-06,5.73e-06,4.155e-06,5.73e-06
4.153e-06,3.1e-06,4.82e-06,4.345e-06,4.82e-06
4.193e-06,3.19e-06,5.66e-06,3.961e-06,5.66e-06
4.225e-06,2.94e-06,5.29e-06,4.335e-06,5.29e-06
4.07e-06,3.13e-06,5.29e-06,3.93e-06,5.29e-06
4.31e-06,3.31e-06,5.42e-06,4.255e-06,5.42e-06
4.207e-06,3.44e-06,5.3e-06,4.045e-06,5.3e-06
4.257e-06,3.25e-06,4.93e-06,4.425e-06,4.93e-06
4.153e-06,3.13e-06,5.501e-06,3.99e-06,5.501e-06
4.213e-06,3.54e-06,4.88e-06,4.215e-06,4.88e-06
4.335e-06,3.18e-06,5.44e-06,4.36e-06,5.44e-06
4.138e-06,3.28e-06,4.9e-06,4.186e-06,4.9e-06
4.325e-06,3.191e-06,5.35e-06,4.38e-06,5.35e-06
4.155e-06,3.14e-06,4.84e-06,4.32e-06,4.84e-06
4.21e-06,3.39e-06,5.57e-06,3.94e-06,5.57e-06
4.39e-06,3.26e-06,5.65e-06,4.325e-06,5.65e-06
4.195e-06,3.24e-06,5.31e-06,4.116e-06,5.31e-06
4.165e-06,3.45e-06,4.73e-06,4.24e-06,4.73e-06
4.173e-06,2.92e-06,5.47e-06,4.15e-06,5.47e-06
4.24e-06,3.69e-06,5.051e-06,4.11e-06,5.051e-06
4.218e-06,2.98e-06,5.76e-06,4.065e-06,5.76e-06
4.203e-06,3.27e-06,4.85e-06,4.345e-06,4.85e-06
4.337e-06,3.37e-06,5.47e-06,4.255e-06,5.47e-06
4.137e-06,3.24e-06,4.78e-06,4.265e-06,4.78e-06
4.195e-06,3.17e-06,5.4e-06,4.105e-06,5.4e-06
3.93e-06,3.06e-06,4.89e-06,3.885e-06,4.89e-06
4.21e-06,3.18e-06,5.43e-06,4.115e-06,5.43e-06
4.225e-06,3.41e-06,5.03e-06,4.23e-06,5.03e-06
4.535e-06,4.06e-06,5.6e-06,4.24e-06,5.6e-06
4.427e-06,3.37e-06,4.95e-06,4.695e-06,4.95e-06
4.3e-06,3.46e-06,5.44e-06,4.151e-06,5.44e-06
4.115e-06,3.3e-06,4.84e-06,4.16e-06,4.84e-06
4.28e-06,3.56e-06,5.29e-06,4.135e-06,5.29e-06
4.24e-06,3.12e-06,5.27e-06,4.285e-06,5.27e-06
4.193e-06,3.28e-06,5.3e-06,4.095e-06,5.3e-06
4.212e-06,3.45e-06,4.92e-06,4.24e-06,4.92e-06
4.41e-06,3.42e-06,5.34e-06,4.44e-06,5.34e-06
4.325e-06,3.29e-06,5.23e-06,4.39e-06,5.23e-06
4.215e-06,3.27e-06,5.43e-06,4.08e-06,5.43e-06
4.165e-06,3.05e-06,5.23e-06,4.191e-06,5.23e-06
4.125e-06,3.07e-06,5.19e-06,4.12e-06,5.19e-06
4.275e-06,3.4e-06,4.97e-06,4.365e-06,4.97e-06
4.265e-06,3.2e-06,5.631e-06,4.115e-06,5.631e-06
4.398e-06,3.22e-06,5.53e-06,4.42e-06,5.53e-06
4.19e-06,3.34e-06,5.4e-06,4.01e-06,5.4e-06
4.217e-06,3.29e-06,4.85e-06,4.365e-06,4.85e-06
4.14e-06,3.34e-06,5.31e-06,3.955e-06,5.31e-06
4.198e-06,3.42e-06,5.18e-06,4.095e-06,5.18e-06
4.35e-06,3.36e-06,5.52e-06,4.26e-06,5.52e-06
4.238e-06,3.13e-06,5.45e-06,4.185e-06,5.45e-06
4.085e-06,3.26e-06,5.31e-06,3.885e-06,5.31e-06
4.193e-06,3.53e-06,4.97e-06,4.135e-06,4.97e-06
4.312e-06,2.91e-06,5.89e-06,4.225e-06,5.89e-06
4.061e-06,3.04e-06,4.931e-06,4.135e-06,4.931e-06
4.14e-06,3.1e-06,5.18e-06,4.14e-06,5.18e-06
4.19e-06,3.41e-06,5.06e-06,4.145e-06,5.06e-06
4.278e-06,3.18e-06,5.62e-06,4.155e-06,5.62e-06
4.162e-06,3.5e-06,4.99e-06,4.08e-06,4.99e-06
4.365e-06,3.31e-06,5.82e-06,4.166e-06,5.82e-06
4.288e-06,2.99e-06,5.37e-06,4.395e-06,5.37e-06
4.243e-06,3.3e-06,5.43e-06,4.12e-06,5.43e-06
4.222e-06,3.13e-06,5.01e-06,4.375e-06,5.01e-06
4.19e-06,3.11e-06,5.35e-06,4.15e-06,5.35e-06
4.255e-06,3.34e-06,4.89e-06,4.395e-06,4.89e-06
4.342e-06,3.49e-06,5.46e-06,4.21e-06,5.46e-06
4.355e-06,3.91e-06,4.931e-06,4.29e-06,4.931e-06
4.147e-06,3.32e-06,5.49e-06,3.89e-06,5.49e-06
4.193e-06,3.31e-06,4.86e-06,4.3e-06,4.86e-06
4.042e-06,3.12e-06,5.14e-06,3.955e-06,5.14e-06
4.143e-06,3.33e-06,4.95e-06,4.145e-06,4.95e-06
4.525e-06,3.2e-06,5.83e-06,4.535e-06,5.83e-06
4.23e-06,3.72e-06,4.93e-06,4.135e-06,4.93e-06
4.19e-06,3.1e-06,5.5e-06,4.081e-06,5.5e-06
4.2e-06,3.22e-06,4.91e-06,4.335e-06,4.91e-06
4.25e-06,3.52e-06,5.63e-06,3.925e-06,5.63e-06
4.192e-06,3.29e-06,5e-06,4.24e-06,5e-06
4.308e-06,3.15e-06,5.231e-06,4.425e-06,5.231e-06
4.328e-06,3.12e-06,4.98e-06,4.605e-06,4.98e-06
4.305e-06,3.56e-06,5.43e-06,4.115e-06,5.43e-06
4.262e-06,3.63e-06,4.97e-06,4.225e-06,4.97e-06
4.328e-06,3.15e-06,5.59e-06,4.285e-06,5.59e-06
4.132e-06,3.54e-06,4.75e-06,4.12e-06,4.75e-06
4.377e-06,3.55e-06,5.32e-06,4.32e-06,5.32e-06
4.353e-06,3.69e-06,5.05e-06,4.335e-06,5.05e-06
4.253e-06,3.28e-06,5.35e-06,4.19e-06,5.35e-06
4.128e-06,3.06e-06,4.84e-06,4.305e-06,4.84e-06
4.185e-06,3.16e-06,5.42e-06,4.08e-06,5.42e-06
4.242e-06,3.09e-06,4.93e-06,4.475e-06,4.93e-06
4.345e-06,3.34e-06,5.4e-06,4.32e-06,5.4e-06
3.998e-06,3.04e-06,5.09e-06,3.93e-06,5.09e-06
4.195e-06,3.09e-06,5.21e-06,4.24e-06,5.21e-06
4.15e-06,3.18e-06,4.94e-06,4.24e-06,4.94e-06
4.142e-06,3.16e-06,5.33e-06,4.04e-06,5.33e-06
4.312e-06,3.57e-06,5.33e-06,4.175e-06,5.33e-06
4.268e-06,3.48e-06,5.5e-06,4.045e-06,5.5e-06
4.155e-06,3.21e-06,4.85e-06,4.28e-06,4.85e-06
4.308e-06,3.29e-06,5.17e-06,4.385e-06,5.17e-06
4.457e-06,3.22e-06,5.32e-06,4.645e-06,5.32e-06
4.322e-06,3.23e-06,5.64e-06,4.21e-06,5.64e-06
4.128e-06,3.05e-06,4.921e-06,4.27e-06,4.921e-06
4.29e-06,3.57e-06,5.56e-06,4.015e-06,5.56e-06
4.313e-06,3.45e-06,4.95e-06,4.425e-06,4.95e-06
4.323e-06,3.26e-06,5.6e-06,4.215e-06,5.6e-06
4.085e-06,3.16e-06,4.9e-06,4.14e-06,4.9e-06
4.2e-06,3.3e-06,5.46e-06,4.02e-06,5.46e-06
4.202e-06,3.2e-06,4.87e-06,4.37e-06,4.87e-06
4.125e-06,3.21e-06,5.36e-06,3.965e-06,5.36e-06
4.635e-06,3.51e-06,5.36e-06,4.835e-06,5.36e-06
4.215e-06,3.15e-06,5.66e-06,4.025e-06,5.66e-06
4.31e-06,3.45e-06,5.01e-06,4.39e-06,5.01e-06
4.263e-06,2.81e-06,5.841e-06,4.2e-06,5.841e-06
4.19e-06,3.231e-06,5e-06,4.265e-06,5e-06
4.263e-06,3.15e-06,5.54e-06,4.18e-06,5.54e-06
4.347e-06,3.56e-06,5.11e-06,4.36e-06,5.11e-06
4.128e-06,3.08e-06,5.3e-06,4.065e-06,5.3e-06
4.25e-06,3.29e-06,4.97e-06,4.37e-06,4.97e-06
4.248e-06,3.19e-06,5.55e-06,4.125e-06,5.55e-06
4.215e-06,3.05e-06,4.87e-06,4.47e-06,4.87e-06
4.192e-06,3.03e-06,5.3e-06,4.22e-06,5.3e-06
4.227e-06,3.51e-06,5.13e-06,4.135e-06,5.13e-06
4.227e-06,3.33e-06,5.64e-06,3.97e-06,5.64e-06
4.218e-06,3.24e-06,4.97e-06,4.33e-06,4.97e-06
4.302e-06,3.18e-06,5.24e-06,4.395e-06,5.24e-06
4.258e-06,3.33e-06,4.9e-06,4.401e-06,4.9e-06
4.198e-06,3.45e-06,5.46e-06,3.94e-06,5.46e-06
4.137e-06,3.02e-06,4.95e-06,4.29e-06,4.95e-06
4.222e-06,3.63e-06,5.16e-06,4.05e-06,5.16e-06
4.095e-06,3.36e-06,4.8e-06,4.11e-06,4.8e-06
4.305e-06,3.51e-06,5.28e-06,4.215e-06,5.28e-06
4.16e-06,3.18e-06,4.82e-06,4.32e-06,4.82e-06
4.165e-06,3.11e-06,5.18e-06,4.185e-06,5.18e-06
4.225e-06,3.17e-06,5.31e-06,4.21e-06,5.31e-06
4.09e-06,2.92e-06,5.38e-06,4.03e-06,5.38e-06
4.27e-06,3.31e-06,5.171e-06,4.3e-06,5.171e-06
4.13e-06,3.22e-06,5.19e-06,4.055e-06,5.19e-06
4.232e-06,3.3e-06,5.15e-06,4.24e-06,5.15e-06
4.23e-06,3.17e-06,5.46e-06,4.145e-06,5.46e-06
4.243e-06,3.36e-06,4.95e-06,4.331e-06,4.95e-06
4.38e-06,3.81e-06,5.51e-06,4.1e-06,5.51e-06
4.263e-06,3.44e-06,4.96e-06,4.325e-06,4.96e-06
4.21e-06,3.3e-06,5.42e-06,4.06e-06,5.42e-06
4.13e-06,3.32e-06,4.81e-06,4.196e-06,4.81e-06
4.252e-06,3.32e-06,5.48e-06,4.105e-06,5.48e-06
4.155e-06,3.06e-06,5.03e-06,4.265e-06,5.03e-06
4.255e-06,3.49e-06,5.281e-06,4.125e-06,5.281e-06
4.303e-06,3.23e-06,4.98e-06,4.5e-06,4.98e-06
4.115e-06,3.45e-06,5.28e-06,3.865e-06,5.28e-06
4.155e-06,3.4e-06,4.98e-06,4.12e-06,4.98e-06
4.138e-06,3.17e-06,5.49e-06,3.945e-06,5.49e-06
4.277e-06,3.55e-06,5.02e-06,4.27e-06,5.02e-06
4.513e-06,3.86e-06,5.67e-06,4.26e-06,5.67e-06
4.262e-06,3.85e-06,4.9e-06,4.15e-06,4.9e-06
4.185e-06,3.21e-06,5.59e-06,3.97e-06,5.59e-06
4.057e-06,3e-06,4.94e-06,4.145e-06,4.94e-06
4.125e-06,3.18e-06,5.4e-06,3.96e-06,5.4e-06
4.235e-06,3.35e-06,5.07e-06,4.26e-06,5.07e-06
4.323e-06,3.21e-06,5.611e-06,4.235e-06,5.611e-06
4.17e-06,3.1e-06,4.95e-06,4.315e-06,4.95e-06
4.395e-06,3.51e-06,5.54e-06,4.265e-06,5.54e-06
4.237e-06,3.15e-06,5.28e-06,4.26e-06,5.28e-06
4.155e-06,3.5e-06,5.3e-06,3.91e-06,5.3e-06
4.302e-06,3.18e-06,4.98e-06,4.525e-06,4.98e-06
4.345e-06,3.53e-06,5.41e-06,4.22e-06,5.41e-06
4.345e-06,3.43e-06,4.99e-06,4.48e-06,4.99e-06
4.247e-06,2.99e-06,5.51e-06,4.245e-06,5.51e-06
4.44e-06,3.75e-06,5.33e-06,4.34e-06,4.92e-06
4.32e-06,3.54e-06,5.71e-06,4.015e-06,5.71e-06
4.168e-06,3.38e-06,4.891e-06,4.2e-06,4.891e-06
4.215e-06,3.07e-06,5.56e-06,4.115e-06,5.56e-06
4.228e-06,3.47e-06,4.89e-06,4.275e-06,4.89e-06
4.268e-06,3.11e-06,5.38e-06,4.29e-06,5.38e-06
4.373e-06,3.22e-06,5.46e-06,4.405e-06,5.46e-06
4.22e-06,3.4e-06,5.31e-06,4.085e-06,5.31e-06
4.202e-06,3.16e-06,4.83e-06,4.41e-06,4.83e-06
4.168e-06,3.28e-06,5.34e-06,4.025e-06,5.34e-06
4.145e-06,3.48e-06,5e-06,4.05e-06,5e-06
4.427e-06,3.12e-06,5.84e-06,4.375e-06,5.84e-06
4.047e-06,3.17e-06,4.91e-06,4.055e-06,4.91e-06
4.223e-06,3.1e-06,5.371e-06,4.21e-06,5.371e-06
4.325e-06,3.27e-06,5.24e-06,4.395e-06,5.24e-06
4.26e-06,3.53e-06,5.38e-06,4.065e-06,5.38e-06
4.058e-06,3.04e-06,4.79e-06,4.2e-06,4.79e-06
4.238e-06,2.99e-06,5.46e-06,4.25e-06,5.46e-06
4.183e-06,3.3e-06,4.84e-06,4.295e-06,4.84e-06
4.312e-06,3.19e-06,5.75e-06,4.155e-06,5.75e-06
4.14e-06,3.411e-06,4.81e-06,4.17e-06,4.81e-06
4.315e-06,3.14e-06,5.34e-06,4.39e-06,5.34e-06
4.318e-06,3.26e-06,5.38e-06,4.315e-06,5.38e-06
4.365e-06,3.42e-06,5.89e-06,4.075e-06,5.89e-06
4.233e-06,3.14e-06,5.15e-06,4.32e-06,5.15e-06
4.14e-06,3e-06,5.68e-06,3.94e-06,5.68e-06
4.123e-06,3.14e-06,4.87e-06,4.24e-06,4.87e-06
4.37e-06,3.34e-06,5.7e-06,4.22e-06,5.7e-06
4.315e-06,3.26e-06,5.21e-06,4.395e-06,5.21e-06
4.1e-06,3.15e-06,5.17e-06,4.04e-06,5.17e-06
4.2e-06,2.94e-06,5.34e-06,4.26e-06,5.34e-06
3.927e-06,3.05e-06,5.1e-06,3.78e-06,5.1e-06
4.378e-06,3.56e-06,4.76e-06,4.595e-06,4.76e-06
4.285e-06,3.58e-06,5.29e-06,4.135e-06,5.29e-06
4.312e-06,3.56e-06,5.14e-06,4.275e-06,5.14e-06
4.102e-06,3.18e-06,5.38e-06,3.925e-06,5.38e-06
4.13e-06,3.18e-06,4.881e-06,4.23e-06,4.881e-06
4.258e-06,3.52e-06,5.21e-06,4.15e-06,5.21e-06
4.175e-06,3.43e-06,5.28e-06,3.995e-06,5.28e-06
4.362e-06,3.03e-06,5.73e-06,4.345e-06,5.73e-06
4.075e-06,2.94e-06,5.02e-06,4.17e-06,5.02e-06
4.183e-06,3.12e-06,5.51e-06,4.05e-06,5.51e-06
4.12e-06,3.15e-06,4.93e-06,4.2e-06,4.93e-06
4.228e-06,3.6e-06,5.29e-06,4.01e-06,5.29e-06
4.148e-06,3.11e-06,4.98e-06,4.25e-06,4.98e-06
4.143e-06,3.511e-06,5.34e-06,3.86e-06,5.34e-06
4.28e-06,3.41e-06,4.95e-06,4.381e-06,4.95e-06
4.437e-06,3.81e-06,5.74e-06,4.1e-06,5.74e-06
4.17e-06,3.31e-06,5e-06,4.185e-06,5e-06
4.452e-06,3.23e-06,6.11e-06,4.235e-06,6.11e-06
4.235e-06,3.23e-06,4.95e-06,4.38e-06,4.95e-06
4.197e-06,3.19e-06,5.7e-06,3.95e-06,5.7e-06
4.042e-06,2.98e-06,4.93e-06,4.13e-06,4.93e-06
4.225e-06,3.23e-06,5.19e-06,4.24e-06,5.19e-06
4.223e-06,3.13e-06,5.04e-06,4.36e-06,5.04e-06
4.198e-06,3.19e-06,5.6e-06,4e-06,5.6e-06
4.265e-06,3.4e-06,4.84e-06,4.41e-06,4.84e-06
4.288e-06,3.24e-06,5.6e-06,4.155e-06,5.6e-06
4.343e-06,3.25e-06,5.2e-06,4.46e-06,5.2e-06
4.558e-06,3.66e-06,5.741e-06,4.415e-06,5.741e-06
4.18e-06,3.22e-06,5.22e-06,4.14e-06,5.22e-06
4.193e-06,3.45e-06,5.38e-06,3.97e-06,5.38e-06
4.173e-06,3.23e-06,4.84e-06,4.31e-06,4.84e-06
4.353e-06,3.49e-06,5.33e-06,4.295e-06,5.33e-06
4.327e-06,3.56e-06,4.94e-06,4.405e-06,4.94e-06
4.36e-06,3.43e-06,5.36e-06,4.325e-06,5.36e-06
4.07e-06,3.07e-06,4.76e-06,4.225e-06,4.76e-06
4.205e-06,3.12e-06,5.6e-06,4.05e-06,5.6e-06
4.352e-06,3.28e-06,4.99e-06,4.57e-06,4.81e-06
4.297e-06,3.39e-06,5.43e-06,4.185e-06,5.43e-06
4.538e-06,3.291e-06,5.521e-06,4.67e-06,5.521e-06
4.238e-06,3.22e-06,5.56e-06,4.086e-06,5.56e-06
4.235e-06,3.24e-06,4.93e-06,4.385e-06,4.93e-06
4.155e-06,3.35e-06,5.47e-06,3.9e-06,5.47e-06
4.358e-06,3.58e-06,5.12e-06,4.366e-06,5.12e-06
4.318e-06,3.21e-06,5.95e-06,4.055e-06,5.95e-06
4.282e-06,3.51e-06,4.99e-06,4.315e-06,4.99e-06
4.345e-06,3.51e-06,5.75e-06,4.06e-06,5.75e-06
4.195e-06,3.35e-06,4.91e-06,4.26e-06,4.91e-06
4.5e-06,3.53e-06,5.76e-06,4.355e-06,5.76e-06
4.118e-06,3.25e-06,4.78e-06,4.22e-06,4.78e-06
4.025e-06,2.82e-06,5.38e-06,3.95e-06,5.38e-06
4.293e-06,3.32e-06,4.901e-06,4.475e-06,4.901e-06
4.237e-06,3.11e-06,5.74e-06,4.05e-06,5.74e-06
4.183e-06,3.3e-06,5.1e-06,4.165e-06,5.1e-06
4.19e-06,3.14e-06,5.27e-06,4.176e-06,5.27e-06
4.313e-06,3.34e-06,5.02e-06,4.445e-06,5.02e-06
4.29e-06,3.53e-06,5.67e-06,3.98e-06,5.67e-06
4.08e-06,3.14e-06,4.89e-06,4.145e-06,4.89e-06
4.14e-06,3.11e-06,5.34e-06,4.055e-06,5.34e-06
4.267e-06,3.43e-06,5.23e-06,4.205e-06,4.92e-06
4.247e-06,3.21e-06,5.42e-06,4.18e-06,5.42e-06
4.233e-06,3.11e-06,4.81e-06,4.505e-06,4.81e-06
4.225e-06,3.25e-06,5.541e-06,4.055e-06,5.541e-06
4.263e-06,3.4e-06,5.1e-06,4.275e-06,5.1e-06
3.993e-06,2.83e-06,5.28e-06,3.93e-06,5.28e-06
4.185e-06,3.63e-06,4.68e-06,4.215e-06,4.68e-06
4.4e-06,3.45e-06,5.26e-06,4.445e-06,5.26e-06
4.26e-06,3.28e-06,4.95e-06,4.405e-06,4.95e-06
4.27e-06,3.44e-06,5.53e-06,4.055e-06,5.53e-06
4.23e-06,3.29e-06,4.9e-06,4.365e-06,4.9e-06
4.308e-06,3.63e-06,5.14e-06,4.23e-06,5.14e-06
4.27e-06,3.64e-06,5.03e-06,4.205e-06,5.03e-06
4.15e-06,3.2e-06,5.28e-06,4.06e-06,5.28e-06
4.11e-06,3.1e-06,4.93e-06,4.205e-06,4.93e-06
6.417e-05,3.06e-06,0.000125711,6.3955e-05,0.000125711
4.46e-06,2.97e-06,5.68e-06,4.595e-06,5.68e-06
4.413e-06,3.28e-06,5.63e-06,4.37e-06,5.63e-06
4.395e-06,3.51e-06,4.96e-06,4.555e-06,4.96e-06
4.203e-06,3.28e-06,5.29e-06,4.12e-06,5.29e-06
4.195e-06,3.52e-06,5.001e-06,4.13e-06,5.001e-06
4.312e-06,3.04e-06,5.91e-06,4.15e-06,5.91e-06
4.265e-06,3.64e-06,5.1e-06,4.161e-06,5.1e-06
4.545e-06,3.4e-06,5.52e-06,4.63e-06,5.52e-06
4.228e-06,3.31e-06,5.11e-06,4.245e-06,5.11e-06
4.442e-06,3.43e-06,5.95e-06,4.195e-06,5.95e-06
4.087e-06,2.92e-06,5.46e-06,3.985e-06,5.46e-06
4.085e-06,3.06e-06,5.35e-06,3.965e-06,5.35e-06
4.545e-06,3.74e-06,5.29e-06,4.575e-06,5.06e-06
4.308e-06,3.33e-06,5.31e-06,4.295e-06,5.31e-06
4.32e-06,3.72e-06,5.22e-06,4.17e-06,5.22e-06
4.348e-06,3.25e-06,5.291e-06,4.425e-06,5.291e-06
4.192e-06,3.16e-06,5.14e-06,4.235e-06,5.14e-06
4.135e-06,3.2e-06,5.41e-06,3.965e-06,5.41e-06
4.19e-06,3.47e-06,4.82e-06,4.235e-06,4.82e-06
4.18e-06,3.08e-06,5.69e-06,3.975e-06,5.69e-06
4.128e-06,3.2e-06,5.05e-06,4.131e-06,5.05e-06
4.17e-06,3.12e-06,5.13e-06,4.215e-06,5.13e-06
4.308e-06,3.46e-06,4.96e-06,4.405e-06,4.96e-06
4.09e-06,3.27e-06,5.24e-06,3.925e-06,5.24e-06
4.163e-06,3e-06,5.07e-06,4.29e-06,5.07e-06
4.347e-06,3.28e-06,5.68e-06,4.215e-06,5.68e-06
4.303e-06,3.5e-06,4.95e-06,4.38e-06,4.95e-06
4.413e-06,3.22e-06,5.79e-06,4.32e-06,5.79e-06
4.55e-06,3.78e-06,5.21e-06,4.605e-06,5.21e-06
4.152e-06,3.12e-06,5.65e-06,3.92e-06,5.65e-06
4.138e-06,3.1e-06,5.1e-06,4.175e-06,5.1e-06
4.188e-06,3.24e-06,5.47e-06,4.02e-06,5.47e-06
4.2e-06,3.23e-06,5.27e-06,4.15e-06,5.27e-06
4.343e-06,3.37e-06,5.28e-06,4.36e-06,5.28e-06
4.105e-06,3.2e-06,4.78e-06,4.221e-06,4.78e-06
4.272e-06,3.38e-06,5.38e-06,4.165e-06,5.38e-06
4.313e-06,3.63e-06,5.04e-06,4.29e-06,5.04e-06
4.328e-06,3.38e-06,5.82e-06,4.055e-06,5.82e-06
4.133e-06,3.13e-06,5.111e-06,4.145e-06,5.111e-06
4.237e-06,3e-06,5.32e-06,4.315e-06,5.32e-06
4.21e-06,3.32e-06,5.11e-06,4.205e-06,5.11e-06
4.185e-06,3.42e-06,5.35e-06,3.985e-06,5.35e-06
4.402e-06,3.15e-06,5.69e-06,4.385e-06,5.69e-06
4.305e-06,3.39e-06,5.53e-06,4.15e-06,5.53e-06
4.445e-06,3.7e-06,5.17e-06,4.455e-06,5.17e-06
4.252e-06,3.42e-06,5.7e-06,3.945e-06,5.7e-06
4.258e-06,3.53e-06,5.15e-06,4.175e-06,5.15e-06
4.185e-06,3.23e-06,5.26e-06,4.125e-06,5.26e-06
4.19e-06,3.26e-06,5.08e-06,4.211e-06,5.08e-06
4.538e-06,3.04e-06,5.851e-06,4.63e-06,5.851e-06
4.208e-06,3.42e-06,4.75e-06,4.33e-06,4.75e-06
4.097e-06,3.13e-06,5.32e-06,3.97e-06,5.32e-06
4.075e-06,2.96e-06,5.04e-06,4.15e-06,5.04e-06
4.033e-06,2.89e-06,5.18e-06,4.03e-06,5.18e-06
4.295e-06,3.38e-06,4.88e-06,4.46e-06,4.88e-06
4.463e-06,3.79e-06,5.44e-06,4.31e-06,5.44e-06
4.19e-06,3.34e-06,5.06e-06,4.18e-06,5.06e-06
4.25e-06,3.28e-06,5.61e-06,4.055e-06,5.61e-06
4.272e-06,3.34e-06,5.2e-06,4.275e-06,5.2e-06
4.12e-06,3.13e-06,5.42e-06,3.965e-06,5.42e-06
4.193e-06,3.26e-06,5.1e-06,4.205e-06,5.1e-06
4.438e-06,3.28e-06,5.761e-06,4.355e-06,5.761e-06
4.183e-06,3.44e-06,4.97e-06,4.16e-06,4.97e-06
4.212e-06,3.18e-06,5.47e-06,4.1e-06,5.47e-06
4.25e-06,3.51e-06,4.98e-06,4.255e-06,4.98e-06
4.34e-06,3.52e-06,5.71e-06,4.065e-06,5.71e-06
4.113e-06,3.1e-06,4.93e-06,4.21e-06,4.93e-06
4.12e-06,3.51e-06,5.27e-06,3.85e-06,5.27e-06
4.275e-06,3.25e-06,5.15e-06,4.35e-06,5.15e-06
4.495e-06,3.69e-06,5.58e-06,4.355e-06,5.58e-06
4.345e-06,3.471e-06,4.88e-06,4.515e-06,4.88e-06
4.25e-06,3.23e-06,5.66e-06,4.055e-06,5.66e-06
4.24e-06,3.2e-06,5.151e-06,4.305e-06,5.151e-06
4.237e-06,3.29e-06,5.62e-06,4.02e-06,5.62e-06
4.07e-06,3.42e-06,4.89e-06,3.985e-06,4.89e-06
4.328e-06,3.33e-06,5.39e-06,4.295e-06,5.39e-06
4.298e-06,3.44e-06,4.98e-06,4.385e-06,4.98e-06
4.42e-06,3.6e-06,5.56e-06,4.26e-06,5.56e-06
4.202e-06,3.23e-06,5.19e-06,4.195e-06,5.19e-06
4.175e-06,3.38e-06,5.57e-06,3.875e-06,5.57e-06
4.27e-06,3.07e-06,5.65e-06,4.18e-06,5.65e-06
4.16e-06,3.21e-06,5.25e-06,4.09e-06,5.25e-06
4.233e-06,3.42e-06,4.78e-06,4.365e-06,4.78e-06
4.148e-06,3.43e-06,5.28e-06,3.94e-06,5.28e-06
4.28e-06,3.18e-06,4.99e-06,4.475e-06,4.99e-06
4.11e-06,3.38e-06,5.14e-06,3.96e-06,5.14e-06
4.387e-06,3.23e-06,5.03e-06,4.645e-06,5.03e-06
4.265e-06,3.4e-06,5.39e-06,4.135e-06,5.39e-06
4.28e-06,3.74e-06,5.17e-06,4.105e-06,5.17e-06
4.173e-06,3.13e-06,5.62e-06,3.97e-06,5.62e-06
4.317e-06,3.39e-06,4.96e-06,4.46e-06,4.96e-06
4.152e-06,3.19e-06,5.27e-06,4.075e-06,5.27e-06
4.652e-06,3.6e-06,5.48e-06,4.765e-06,5.48e-06
4.23e-06,3.44e-06,5.57e-06,3.955e-06,5.57e-06
4.363e-06,3.37e-06,4.93e-06,4.575e-06,4.93e-06
4.361e-06,3.541e-06,5.581e-06,4.16e-06,5.581e-06
4.257e-06,3.86e-06,5.12e-06,4.025e-06,5.12e-06
4.462e-06,3.39e-06,6.33e-06,4.065e-06,6.33e-06
4.172e-06,3.24e-06,4.86e-06,4.295e-06,4.86e-06
4.085e-06,2.7e-06,5.68e-06,3.98e-06,5.68e-06
4.225e-06,3.29e-06,5.09e-06,4.26e-06,5.09e-06
4.332e-06,3.11e-06,5.6e-06,4.31e-06,5.6e-06
4.215e-06,3.46e-06,4.94e-06,4.23e-06,4.94e-06
4.26e-06,3.14e-06,5.38e-06,4.26e-06,5.38e-06
4.283e-06,3.3e-06,5e-06,4.415e-06,5e-06
4.308e-06,3.28e-06,5.41e-06,4.27e-06,5.41e-06
4.198e-06,3.26e-06,4.901e-06,4.315e-06,4.901e-06
4.455e-06,3.69e-06,5.27e-06,4.43e-06,5.27e-06
4.42e-06,3.28e-06,5.23e-06,4.585e-06,5.23e-06
4.055e-06,3.03e-06,5.29e-06,3.95e-06,5.29e-06
4.213e-06,3.35e-06,4.92e-06,4.29e-06,4.92e-06
4.277e-06,3.48e-06,5.63e-06,4e-06,5.63e-06
4.18e-06,3.27e-06,5.24e-06,4.105e-06,5.24e-06
4.232e-06,3.14e-06,5.33e-06,4.23e-06,5.33e-06
4.085e-06,3.31e-06,4.61e-06,4.21e-06,4.61e-06
4.155e-06,3.13e-06,5.29e-06,4.1e-06,5.29e-06
4.1e-06,2.84e-06,4.93e-06,4.315e-06,4.93e-06
4.325e-06,3.68e-06,5.58e-06,4.02e-06,5.58e-06
4.245e-06,3.43e-06,4.93e-06,4.31e-06,4.93e-06
4.252e-06,3.32e-06,5.31e-06,4.19e-06,5.31e-06
4.315e-06,3.621e-06,5.21e-06,4.215e-06,5.21e-06
4.275e-06,3.19e-06,5.54e-06,4.185e-06,5.54e-06
4.242e-06,3.26e-06,5.11e-06,4.3e-06,5.11e-06
4.38e-06,3.57e-06,5.41e-06,4.27e-06,5.41e-06
4.052e-06,3.15e-06,4.99e-06,4.035e-06,4.99e-06
4.132e-06,3.17e-06,5.49e-06,3.935e-06,5.49e-06
4.32e-06,3.27e-06,4.91e-06,4.55e-06,4.91e-06
4.205e-06,3.16e-06,5.41e-06,4.125e-06,5.41e-06
4.2e-06,3.16e-06,4.98e-06,4.33e-06,4.98e-06
4.565e-06,3.19e-06,5.501e-06,4.785e-06,5.501e-06
4.2e-06,3.52e-06,4.79e-06,4.245e-06,4.79e-06
4.275e-06,3.27e-06,5.54e-06,4.145e-06,5.54e-06
4.235e-06,3.13e-06,5.62e-06,4.095e-06,5.62e-06
4.198e-06,3.1e-06,5.45e-06,4.12e-06,5.45e-06
4.222e-06,3.6e-06,4.91e-06,4.19e-06,4.91e-06
4.303e-06,3.42e-06,5.24e-06,4.275e-06,5.24e-06
4.17e-06,3.08e-06,4.98e-06,4.31e-06,4.98e-06
4.277e-06,3.11e-06,5.55e-06,4.225e-06,5.55e-06
4.017e-06,2.93e-06,4.96e-06,4.09e-06,4.96e-06
4.125e-06,3.07e-06,5.18e-06,4.125e-06,5.18e-06
4.385e-06,3.65e-06,5.14e-06,4.375e-06,5.14e-06
4.217e-06,3.12e-06,5.62e-06,4.065e-06,5.62e-06
4.12e-06,3.18e-06,4.96e-06,4.17e-06,4.96e-06
4.438e-06,3.46e-06,5.37e-06,4.46e-06,5.37e-06
4.338e-06,3.6e-06,4.83e-06,4.461e-06,4.81e-06
4.102e-06,3.5e-06,5.23e-06,3.84e-06,5.23e-06
4.245e-06,3.26e-06,4.77e-06,4.475e-06,4.77e-06
4.198e-06,3.19e-06,5.5e-06,4.05e-06,5.5e-06
4.27e-06,3.4e-06,5.04e-06,4.32e-06,5.04e-06
4.38e-06,3.48e-06,5.55e-06,4.245e-06,5.55e-06
4.205e-06,3.03e-06,5.15e-06,4.32e-06,5.15e-06
4.25e-06,3.31e-06,5.2e-06,4.245e-06,5.2e-06
4.283e-06,3.23e-06,5.021e-06,4.44e-06,5.021e-06
4.145e-06,3.24e-06,5.36e-06,3.99e-06,5.36e-06
4.22e-06,3.22e-06,4.98e-06,4.34e-06,4.98e-06
4.233e-06,3.03e-06,5.39e-06,4.255e-06,5.39e-06
4.528e-06,3.59e-06,5.12e-06,4.7e-06,5.07e-06
4.4e-06,3.26e-06,5.75e-06,4.295e-06,5.75e-06
4.23e-06,3.27e-06,4.94e-06,4.356e-06,4.94e-06
4.005e-06,3.19e-06,5.22e-06,3.805e-06,5.22e-06
4.322e-06,2.96e-06,5.28e-06,4.525e-06,5.28e-06
4.297e-06,3.39e-06,5.32e-06,4.24e-06,5.32e-06
4.137e-06,3.44e-06,4.8e-06,4.155e-06,4.8e-06
4.268e-06,3.07e-06,5.831e-06,4.085e-06,5.831e-06
4.2e-06,3.22e-06,4.85e-06,4.365e-06,4.85e-06
4.115e-06,3.04e-06,5.6e-06,3.91e-06,5.6e-06
4.075e-06,3.08e-06,4.89e-06,4.165e-06,4.89e-06
4.285e-06,3.08e-06,5.12e-06,4.47e-06,5.01e-06
4.337e-06,3.16e-06,5.17e-06,4.51e-06,5.17e-06
4.118e-06,3.07e-06,5.37e-06,4.015e-06,5.37e-06
4.162e-06,3.19e-06,4.68e-06,4.39e-06,4.68e-06
4.08e-06,3.15e-06,5.4e-06,3.885e-06,5.4e-06
4.35e-06,3.55e-06,4.95e-06,4.451e-06,4.81e-06
4.195e-06,3.4e-06,5.14e-06,4.12e-06,5.14e-06
4.235e-06,3.76e-06,5.101e-06,4.04e-06,5.101e-06
4.158e-06,3.17e-06,5.57e-06,3.945e-06,5.57e-06
4.253e-06,3.37e-06,5.17e-06,4.235e-06,5.17e-06
4.243e-06,3.33e-06,5.37e-06,4.135e-06,5.37e-06
4.23e-06,3.38e-06,4.79e-06,4.375e-06,4.79e-06
4.255e-06,3.45e-06,5.65e-06,3.96e-06,5.65e-06
4.045e-06,2.84e-06,4.96e-06,4.19e-06,4.96e-06
4.12e-06,3.16e-06,5.1e-06,4.11e-06,5.1e-06
4.223e-06,3.34e-06,4.94e-06,4.305e-06,4.94e-06
4.272e-06,3.52e-06,5.43e-06,4.07e-06,5.43e-06
4.173e-06,3.19e-06,5.02e-06,4.24e-06,5.02e-06
4.212e-06,3.21e-06,5.59e-06,4.025e-06,5.59e-06
4.403e-06,3.48e-06,5.481e-06,4.326e-06,5.481e-06
4.28e-06,3.31e-06,5.62e-06,4.095e-06,5.62e-06
4.225e-06,3.25e-06,5.23e-06,4.21e-06,5.23e-06
4.455e-06,3.53e-06,5.6e-06,4.345e-06,5.6e-06
4.317e-06,3.59e-06,5.06e-06,4.31e-06,5.06e-06
4.145e-06,3.38e-06,5.33e-06,3.935e-06,5.33e-06
4.135e-06,3.24e-06,4.91e-06,4.195e-06,4.91e-06
4.275e-06,3.12e-06,5.75e-06,4.115e-06,5.75e-06
4.03e-06,3.18e-06,4.69e-06,4.125e-06,4.69e-06
4.17e-06,3.28e-06,5.48e-06,3.96e-06,5.48e-06
4.255e-06,3.26e-06,5.32e-06,4.22e-06,5.32e-06
4.393e-06,3.34e-06,5.861e-06,4.185e-06,5.861e-06
4.235e-06,3.47e-06,4.84e-06,4.315e-06,4.84e-06
4.272e-06,3.42e-06,5.84e-06,3.915e-06,5.84e-06
4.298e-06,3.14e-06,5.11e-06,4.471e-06,5.11e-06
4.175e-06,3.19e-06,5.29e-06,4.111e-06,5.29e-06
4.173e-06,3.18e-06,5.05e-06,4.23e-06,5.05e-06
4.195e-06,2.98e-06,5.29e-06,4.255e-06,5.29e-06
4.575e-06,3.68e-06,5.4e-06,4.61e-06,5.31e-06
4.387e-06,3.59e-06,5.87e-06,4.045e-06,5.87e-06
4.175e-06,3.02e-06,4.95e-06,4.365e-06,4.95e-06
4.228e-06,3.38e-06,5.37e-06,4.08e-06,5.37e-06
4.245e-06,3.28e-06,4.92e-06,4.39e-06,4.92e-06
4.46e-06,3.69e-06,5.551e-06,4.3e-06,5.551e-06
4.03e-06,3.06e-06,4.82e-06,4.12e-06,4.82e-06
4.102e-06,3.02e-06,5.45e-06,3.97e-06,5.45e-06
4.18e-06,3.54e-06,4.89e-06,4.145e-06,4.89e-06
4.298e-06,3.65e-06,5.11e-06,4.215e-06,5.11e-06
4.265e-06,3.28e-06,5.17e-06,4.306e-06,5.17e-06
4.398e-06,3.29e-06,5.9e-06,4.201e-06,5.9e-06
4.103e-06,3.02e-06,5.09e-06,4.15e-06,5.09e-06
3.995e-06,2.97e-06,5.1e-06,3.955e-06,5.1e-06
4.285e-06,3.41e-06,4.87e-06,4.43e-06,4.87e-06
4.243e-06,3.54e-06,5.38e-06,4.026e-06,5.38e-06
4.548e-06,3.25e-06,5.361e-06,4.79e-06,5.361e-06
4.343e-06,3.59e-06,5.56e-06,4.11e-06,5.56e-06
4.293e-06,3.13e-06,4.91e-06,4.565e-06,4.91e-06
4.31e-06,3.32e-06,5.46e-06,4.23e-06,5.46e-06
4.153e-06,3.49e-06,5.09e-06,4.015e-06,5.09e-06
4.153e-06,3.17e-06,5.49e-06,3.975e-06,5.49e-06
4.06e-06,3.28e-06,4.74e-06,4.11e-06,4.74e-06
4.11e-06,3.3e-06,5.22e-06,3.96e-06,5.22e-06
4.12e-06,3.19e-06,4.84e-06,4.225e-06,4.84e-06
4.275e-06,3.11e-06,5.52e-06,4.235e-06,5.52e-06
4.09e-06,2.97e-06,4.85e-06,4.27e-06,4.85e-06
4.088e-06,3.24e-06,5.1e-06,4.005e-06,5.1e-06
4.192e-06,3.31e-06,5.12e-06,4.17e-06,5.12e-06
4.182e-06,3.19e-06,5.52e-06,4.01e-06,5.52e-06
4.347e-06,3.52e-06,5.05e-06,4.41e-06,5.05e-06
4.37e-06,3.09e-06,5.98e-06,4.205e-06,5.98e-06
4.54e-06,3.7e-06,5.19e-06,4.635e-06,5.19e-06
4.06e-06,3.24e-06,5.23e-06,3.885e-06,5.23e-06
4.26e-06,2.95e-06,5.41e-06,4.34e-06,5.41e-06
4.223e-06,3.33e-06,5.44e-06,4.06e-06,5.44e-06
4.275e-06,3.5e-06,5.07e-06,4.265e-06,5.07e-06
4.515e-06,3.47e-06,5.95e-06,4.32e-06,5.95e-06
4.178e-06,3.2e-06,4.76e-06,4.375e-06,4.76e-06
4.281e-06,3.26e-06,5.681e-06,4.091e-06,5.681e-06
4.213e-06,3.191e-06,4.98e-06,4.34e-06,4.98e-06
4.057e-06,2.92e-06,5.06e-06,4.125e-06,5.06e-06
4.38e-06,3.33e-06,5.21e-06,4.49e-06,5.21e-06
4.147e-06,3.23e-06,5.39e-06,3.985e-06,5.39e-06
4.357e-06,3.11e-06,5.33e-06,4.495e-06,5.33e-06
4.203e-06,3.24e-06,5.48e-06,4.045e-06,5.48e-06
4.333e-06,3.22e-06,4.82e-06,4.645e-06,4.82e-06
4.44e-06,3.4e-06,5.76e-06,4.3e-06,5.76e-06
4.162e-06,3.48e-06,5.19e-06,3.99e-06,5.19e-06
4.142e-06,3.16e-06,5.58e-06,3.915e-06,5.58e-06
4.203e-06,3.18e-06,4.94e-06,4.345e-06,4.94e-06
4.117e-06,3.19e-06,5.3e-06,3.99e-06,5.3e-06
4.173e-06,3.45e-06,4.83e-06,4.205e-06,4.83e-06
4.215e-06,2.67e-06,5.8e-06,4.195e-06,5.8e-06
4.178e-06,3.1e-06,4.74e-06,4.435e-06,4.74e-06
4.162e-06,3.28e-06,5.27e-06,4.05e-06,5.27e-06
4.263e-06,3.38e-06,5.12e-06,4.275e-06,5.12e-06
4.205e-06,3.28e-06,5.33e-06,4.105e-06,5.33e-06
4.235e-06,3.29e-06,5e-06,4.325e-06,5e-06
4.235e-06,3.27e-06,5.41e-06,4.13e-06,5.41e-06
4.212e-06,3.29e-06,5.11e-06,4.225e-06,4.87e-06
4.43e-06,3.72e-06,5.47e-06,4.265e-06,5.47e-06
4.055e-06,3.34e-06,5.031e-06,3.925e-06,5.031e-06
4.213e-06,2.96e-06,5.52e-06,4.185e-06,5.52e-06
4.465e-06,3.59e-06,5.12e-06,4.575e-06,4.99e-06
4.305e-06,3.15e-06,5.39e-06,4.34e-06,5.39e-06
4.358e-06,3.51e-06,5.16e-06,4.381e-06,5.16e-06
4.2e-06,3.3e-06,5.26e-06,4.12e-06,5.26e-06
4.185e-06,3.16e-06,5.06e-06,4.26e-06,5.06e-06
4.225e-06,3.51e-06,5.38e-06,4.005e-06,5.38e-06
4.335e-06,3.47e-06,4.73e-06,4.57e-06,4.69e-06
4.405e-06,3.6e-06,5.26e-06,4.38e-06,5.26e-06
4.302e-06,3.77e-06,5e-06,4.22e-06,5e-06
4.198e-06,3.19e-06,5.271e-06,4.165e-06,5.271e-06
4.198e-06,3.26e-06,4.93e-06,4.3e-06,4.93e-06
4.32e-06,3.21e-06,5.48e-06,4.295e-06,5.48e-06
4.268e-06,3.18e-06,5.51e-06,4.19e-06,5.51e-06
4.175e-06,3.27e-06,5.36e-06,4.035e-06,5.36e-06
4.205e-06,3.1e-06,4.87e-06,4.425e-06,4.87e-06
4.28e-06,3.53e-06,5.22e-06,4.185e-06,5.22e-06
4.478e-06,3.45e-06,5.17e-06,4.646e-06,5.17e-06
4.252e-06,3.41e-06,5.38e-06,4.11e-06,5.38e-06
4.355e-06,3.68e-06,5.42e-06,4.16e-06,5.42e-06
4.085e-06,3.18e-06,5.36e-06,3.9e-06,5.36e-06
4.268e-06,3.41e-06,4.98e-06,4.34e-06,4.76e-06
4.31e-06,3.11e-06,5.32e-06,4.405e-06,5.32e-06
4.31e-06,3.38e-06,5.13e-06,4.365e-06,5.13e-06
4.168e-06,3.43e-06,5.4e-06,3.92e-06,5.4e-06
4.278e-06,3.12e-06,5.18e-06,4.405e-06,5.18e-06
4.13e-06,3.11e-06,5.41e-06,4e-06,5.41e-06
4.33e-06,3.07e-06,5.16e-06,4.545e-06,5.16e-06
4.36e-06,3.07e-06,5.75e-06,4.31e-06,5.75e-06
4.372e-06,3.73e-06,5.17e-06,4.295e-06,5.17e-06
4.17e-06,3.07e-06,5.63e-06,3.99e-06,5.63e-06
4.16e-06,3.25e-06,4.81e-06,4.291e-06,4.81e-06
4.255e-06,3.53e-06,5.51e-06,3.99e-06,5.51e-06
4.24e-06,3.44e-06,4.941e-06,4.29e-06,4.941e-06
4.142e-06,3.15e-06,5.43e-06,3.995e-06,5.43e-06
4.145e-06,3.19e-06,5.25e-06,4.07e-06,5.25e-06
4.158e-06,3.4e-06,5.42e-06,3.905e-06,5.42e-06
4.378e-06,3.38e-06,5.19e-06,4.47e-06,5.19e-06
4.365e-06,3.46e-06,5.28e-06,4.36e-06,5.28e-06
4.085e-06,3.2e-06,4.87e-06,4.135e-06,4.87e-06
4.255e-06,3.58e-06,5.38e-06,4.03e-06,5.38e-06
4.29e-06,3.02e-06,4.9e-06,4.62e-06,4.9e-06
4.162e-06,3.26e-06,5.42e-06,3.985e-06,5.42e-06
4.182e-06,3.26e-06,4.96e-06,4.255e-06,4.96e-06
4.295e-06,3.22e-06,5.231e-06,4.365e-06,5.231e-06
4.11e-06,3.04e-06,4.89e-06,4.255e-06,4.89e-06
4.147e-06,3.27e-06,5.42e-06,3.95e-06,5.42e-06
4.29e-06,3.34e-06,5.36e-06,4.23e-06,5.36e-06
4.218e-06,3.49e-06,5.28e-06,4.05e-06,5.28e-06
4.183e-06,3.23e-06,4.87e-06,4.315e-06,4.87e-06
4.383e-06,3.19e-06,5.4e-06,4.47e-06,5.4e-06
4.178e-06,3.201e-06,4.97e-06,4.27e-06,4.97e-06
4.027e-06,3.03e-06,5.37e-06,3.855e-06,5.37e-06
4.14e-06,3.28e-06,4.84e-06,4.22e-06,4.84e-06
4.243e-06,3.11e-06,5.65e-06,4.105e-06,5.65e-06
4.317e-06,3.53e-06,4.78e-06,4.48e-06,4.78e-06
4.22e-06,3.23e-06,5.39e-06,4.13e-06,5.39e-06
4.072e-06,3.19e-06,4.83e-06,4.135e-06,4.83e-06
4.387e-06,3.41e-06,5.37e-06,4.385e-06,5.37e-06
4.405e-06,3.58e-06,5.15e-06,4.446e-06,5.15e-06
4.243e-06,3.18e-06,5.56e-06,4.115e-06,5.56e-06
4.198e-06,3.13e-06,5.05e-06,4.305e-06,5.05e-06
4.202e-06,3.25e-06,5.59e-06,3.985e-06,5.59e-06
4.04e-06,3.09e-06,4.93e-06,4.07e-06,4.93e-06
4.22e-06,3.32e-06,5.59e-06,3.985e-06,5.59e-06
4.305e-06,2.98e-06,5.11e-06,4.565e-06,5.11e-06
4.012e-06,2.91e-06,5.31e-06,3.915e-06,5.31e-06
4.253e-06,2.87e-06,5.47e-06,4.335e-06,5.47e-06
4.26e-06,3.26e-06,5.51e-06,4.135e-06,5.51e-06
7.8766e-05,4.06e-06,0.000153552,7.8726e-05,5.09e-06
4.415e-06,3.83e-06,5.61e-06,4.11e-06,5.61e-06
4.485e-06,3e-06,5.77e-06,4.585e-06,5.77e-06
4.145e-06,3.45e-06,5.21e-06,3.96e-06,5.21e-06
4.31e-06,3.16e-06,5.26e-06,4.41e-06,5.26e-06
4.242e-06,3.31e-06,5.25e-06,4.205e-06,5.25e-06
4.292e-06,3.05e-06,5.61e-06,4.255e-06,5.61e-06
4.145e-06,3.4e-06,5.221e-06,3.98e-06,5.221e-06
4.425e-06,2.97e-06,5.45e-06,4.64e-06,5.45e-06
4.21e-06,3.74e-06,5.23e-06,3.935e-06,5.23e-06
4.19e-06,3.12e-06,5.49e-06,4.075e-06,5.49e-06
4.067e-06,3.26e-06,5.3e-06,3.855e-06,5.3e-06
4.205e-06,3.29e-06,5.41e-06,4.06e-06,5.41e-06
4.045e-06,3.05e-06,5.08e-06,4.025e-06,5.08e-06
4.45e-06,3.19e-06,5.57e-06,4.52e-06,5.57e-06
4.352e-06,3.28e-06,5.18e-06,4.475e-06,5.18e-06
4.312e-06,3.26e-06,5.18e-06,4.405e-06,5.18e-06
4.255e-06,3.53e-06,5.28e-06,4.105e-06,5.28e-06
4.095e-06,2.89e-06,5.061e-06,4.215e-06,5.061e-06
4.395e-06,3.9e-06,5.17e-06,4.255e-06,5.17e-06
4.048e-06,2.92e-06,4.95e-06,4.16e-06,4.95e-06
4.108e-06,3.28e-06,5.38e-06,3.885e-06,5.38e-06
4.235e-06,2.98e-06,5.03e-06,4.465e-06,5.03e-06
4.373e-06,3.44e-06,5.37e-06,4.34e-06,5.37e-06
4.175e-06,3.1e-06,5e-06,4.3e-06,5e-06
4.277e-06,3.75e-06,5.46e-06,3.95e-06,5.46e-06
4.275e-06,2.9e-06,5.44e-06,4.38e-06,5.44e-06
4.21e-06,3.45e-06,5.11e-06,4.14e-06,5.11e-06
4.28e-06,3.01e-06,5.22e-06,4.445e-06,5.22e-06
4.275e-06,3.47e-06,5.44e-06,4.095e-06,5.44e-06
4.328e-06,3.45e-06,5.151e-06,4.355e-06,5.151e-06
4.323e-06,3.31e-06,5.38e-06,4.3e-06,5.38e-06
4.362e-06,3.16e-06,5.52e-06,4.385e-06,5.52e-06
4.403e-06,3.67e-06,5.13e-06,4.405e-06,5.13e-06
4.088e-06,2.9e-06,5.31e-06,4.07e-06,5.31e-06
4.058e-06,3.4e-06,5.1e-06,3.865e-06,5.1e-06
4.242e-06,3.01e-06,5.41e-06,4.275e-06,5.41e-06
4.178e-06,3.59e-06,5.38e-06,3.87e-06,5.38e-06
4.275e-06,3.14e-06,5.26e-06,4.35e-06,5.26e-06
4.322e-06,3.68e-06,5.09e-06,4.26e-06,5.09e-06
4.237e-06,3.33e-06,5.13e-06,4.245e-06,5.13e-06
4.02e-06,3.12e-06,4.911e-06,4.025e-06,4.911e-06
4.363e-06,3.02e-06,5.32e-06,4.555e-06,5.32e-06
4.26e-06,3.69e-06,5.13e-06,4.11e-06,5.13e-06
4.057e-06,2.74e-06,5.1e-06,4.195e-06,5.1e-06
4.275e-06,3.24e-06,5.62e-06,4.12e-06,5.62e-06
4.405e-06,3.33e-06,5.13e-06,4.58e-06,5.13e-06
4.37e-06,3.56e-06,5.36e-06,4.28e-06,5.36e-06
4.255e-06,3.04e-06,5.13e-06,4.425e-06,5.13e-06
4.185e-06,3.67e-06,5.23e-06,3.92e-06,5.23e-06
4.193e-06,2.79e-06,5.54e-06,4.22e-06,5.54e-06
4.295e-06,3.42e-06,5.37e-06,4.195e-06,5.37e-06
4.408e-06,3.401e-06,5.27e-06,4.48e-06,5.051e-06
4.2e-06,3.62e-06,5.17e-06,4.005e-06,5.17e-06
4.252e-06,3e-06,5.19e-06,4.41e-06,5.19e-06
4.023e-06,3.16e-06,4.94e-06,3.996e-06,4.94e-06
4.225e-06,2.6e-06,5.97e-06,4.165e-06,5.97e-06
4.27e-06,3.49e-06,5.36e-06,4.115e-06,5.36e-06
4.223e-06,2.96e-06,4.96e-06,4.485e-06,4.96e-06
4.102e-06,3.48e-06,5.09e-06,3.92e-06,5.09e-06
4.337e-06,3.18e-06,5.39e-06,4.39e-06,5.39e-06
4.177e-06,3.6e-06,5.48e-06,3.815e-06,5.48e-06
4.143e-06,3.01e-06,5.09e-06,4.235e-06,5.09e-06
4.153e-06,3.36e-06,5.26e-06,3.995e-06,5.26e-06
4.148e-06,3.28e-06,4.9e-06,4.205e-06,4.9e-06
4.402e-06,3.59e-06,5.49e-06,4.265e-06,5.49e-06
4.37e-06,3.24e-06,5.16e-06,4.54e-06,5.16e-06
4.205e-06,3.59e-06,5.42e-06,3.905e-06,5.42e-06
4.232e-06,2.86e-06,5.35e-06,4.36e-06,5.35e-06
4.255e-06,3.76e-06,5.22e-06,4.021e-06,5.22e-06
4.142e-06,3e-06,5.23e-06,4.17e-06,5.23e-06
4.24e-06,3.79e-06,5.2e-06,3.985e-06,5.2e-06
4.253e-06,3.18e-06,5.38e-06,4.225e-06,5.38e-06
4.207e-06,3.55e-06,5.32e-06,3.98e-06,5.32e-06
4.35e-06,2.77e-06,5.61e-06,4.51e-06,5.61e-06
4.22e-06,3.57e-06,5.201e-06,4.055e-06,5.201e-06
4.043e-06,3.05e-06,4.97e-06,4.075e-06,4.97e-06
4.02e-06,3.021e-06,4.98e-06,4.04e-06,4.98e-06
4.253e-06,2.94e-06,4.96e-06,4.555e-06,4.96e-06
4.213e-06,3.71e-06,5.21e-06,3.965e-06,5.21e-06
4.423e-06,3.3e-06,5.38e-06,4.505e-06,5.38e-06
4.265e-06,3.62e-06,5.07e-06,4.185e-06,5.07e-06
4.185e-06,2.91e-06,5.05e-06,4.39e-06,5.05e-06
4.305e-06,3.48e-06,5.23e-06,4.255e-06,5.23e-06
4.157e-06,3.41e-06,5.31e-06,3.955e-06,5.31e-06
4.42e-06,3.66e-06,5.33e-06,4.345e-06,5.33e-06
4.185e-06,3.1e-06,4.98e-06,4.33e-06,4.98e-06
4.193e-06,3.38e-06,5.11e-06,4.14e-06,5.11e-06
4.282e-06,3.12e-06,5.09e-06,4.46e-06,5.03e-06
4.167e-06,3.67e-06,5.17e-06,3.915e-06,5.17e-06
4.332e-06,3.31e-06,5.35e-06,4.335e-06,5.35e-06
4.02e-06,3.24e-06,5.23e-06,3.805e-06,5.23e-06
4.185e-06,2.98e-06,5.17e-06,4.295e-06,5.17e-06
4.285e-06,3.74e-06,5.34e-06,4.03e-06,5.34e-06
4.31e-06,3.34e-06,5.04e-06,4.43e-06,5.03e-06
4.34e-06,3.87e-06,5.3e-06,4.095e-06,5.3e-06
4.168e-06,2.88e-06,4.92e-06,4.435e-06,4.92e-06
4.165e-06,3.4e-06,5.18e-06,4.041e-06,5.18e-06
3.93e-06,2.83e-06,5.031e-06,3.93e-06,5.031e-06
4.155e-06,3.651e-06,5e-06,3.985e-06,5e-06
4.202e-06,3.07e-06,5.07e-06,4.335e-06,5.07e-06
4.203e-06,3.56e-06,5.41e-06,3.92e-06,5.41e-06
4.293e-06,3.221e-06,5.16e-06,4.395e-06,4.97e-06
4.307e-06,3.53e-06,5.16e-06,4.27e-06,5.16e-06
4.48e-06,3.06e-06,6e-06,4.43e-06,6e-06
4.163e-06,3.45e-06,5.05e-06,4.075e-06,5.05e-06
4.215e-06,3.42e-06,5.05e-06,4.195e-06,5.05e-06
4.088e-06,3.49e-06,5.1e-06,3.88e-06,5.1e-06
4.195e-06,3.02e-06,4.96e-06,4.4e-06,4.96e-06
4.183e-06,3.53e-06,5.491e-06,3.855e-06,5.491e-06
4.185e-06,3.02e-06,5.2e-06,4.26e-06,5.2e-06
4.333e-06,3.66e-06,5.17e-06,4.25e-06,5.17e-06
4.253e-06,2.9e-06,5.23e-06,4.44e-06,5.23e-06
4.327e-06,3.6e-06,5.42e-06,4.145e-06,5.42e-06
4.185e-06,2.97e-06,5.05e-06,4.36e-06,5.05e-06
4.45e-06,3.61e-06,5.55e-06,4.32e-06,5.55e-06
4.74e-06,3.3e-06,5.45e-06,5.105e-06,5.25e-06
4.19e-06,3.86e-06,5.13e-06,3.885e-06,5.13e-06
4.028e-06,2.92e-06,4.97e-06,4.11e-06,4.97e-06
3.967e-06,2.99e-06,4.77e-06,4.055e-06,4.77e-06
4.17e-06,3.1e-06,5.151e-06,4.215e-06,5.151e-06
4.363e-06,3.56e-06,5.28e-06,4.305e-06,5.28e-06
4.237e-06,3.17e-06,5e-06,4.39e-06,5e-06
4.23e-06,3.45e-06,4.99e-06,4.24e-06,4.99e-06
3.992e-06,2.82e-06,4.81e-06,4.17e-06,4.81e-06
4.247e-06,3.6e-06,5.12e-06,4.135e-06,5.12e-06
4.22e-06,2.98e-06,5.05e-06,4.425e-06,5e-06
4.238e-06,3.69e-06,5.18e-06,4.04e-06,5.18e-06
4.21e-06,2.92e-06,4.91e-06,4.505e-06,4.91e-06
4.085e-06,3.54e-06,5.15e-06,3.825e-06,5.15e-06
4.237e-06,3.31e-06,5.15e-06,4.245e-06,5.15e-06
4.175e-06,3.6e-06,4.99e-06,4.055e-06,4.99e-06
4.15e-06,2.95e-06,5.161e-06,4.245e-06,5.161e-06
4.21e-06,3.47e-06,5.17e-06,4.1e-06,5.17e-06
4.42e-06,3.22e-06,5.19e-06,4.635e-06,5.1e-06
4.303e-06,3.35e-06,5.1e-06,4.38e-06,5.1e-06
4.168e-06,3.3e-06,5.06e-06,4.155e-06,5.06e-06
4.18e-06,3.75e-06,5.16e-06,3.905e-06,5.16e-06
4.222e-06,2.93e-06,5.26e-06,4.35e-06,5.26e-06
4.24e-06,3.47e-06,5.32e-06,4.085e-06,5.32e-06
4.258e-06,3.19e-06,5.09e-06,4.375e-06,5.09e-06
4.015e-06,3.13e-06,5.01e-06,3.96e-06,5.01e-06
4.208e-06,2.95e-06,5.36e-06,4.26e-06,5.36e-06
4.24e-06,3.72e-06,5.231e-06,4.005e-06,5.231e-06
4.225e-06,3e-06,5.45e-06,4.225e-06,5.45e-06
4.138e-06,3.61e-06,5.06e-06,3.94e-06,5.06e-06
4.187e-06,2.53e-06,5.65e-06,4.285e-06,5.65e-06
4.183e-06,3.39e-06,5.21e-06,4.065e-06,5.21e-06
4.047e-06,2.95e-06,5.17e-06,4.035e-06,5.17e-06
4.42e-06,3.51e-06,5.65e-06,4.26e-06,5.65e-06
4.47e-06,3.23e-06,5.29e-06,4.68e-06,5.29e-06
4.423e-06,3.701e-06,5.33e-06,4.33e-06,5.33e-06
4.43e-06,3.62e-06,5.24e-06,4.43e-06,5.24e-06
4.385e-06,3.47e-06,5.14e-06,4.465e-06,5.14e-06
4.243e-06,3.09e-06,5.111e-06,4.385e-06,5.111e-06
4.148e-06,3.42e-06,5.07e-06,4.05e-06,5.07e-06
4.263e-06,2.98e-06,4.95e-06,4.56e-06,4.95e-06
4.37e-06,3.64e-06,5.15e-06,4.345e-06,5.15e-06
4.513e-06,3.69e-06,5.36e-06,4.5e-06,5.18e-06
4.308e-06,3.94e-06,5.28e-06,4.005e-06,5.28e-06
4.13e-06,2.93e-06,5.09e-06,4.25e-06,5.09e-06
4.112e-06,3.38e-06,5.16e-06,3.955e-06,5.16e-06
4.192e-06,3.13e-06,5.12e-06,4.26e-06,5.12e-06
4.21e-06,3.31e-06,5.21e-06,4.16e-06,5.21e-06
4.17e-06,2.99e-06,4.92e-06,4.385e-06,4.9e-06
4.308e-06,3.51e-06,5.411e-06,4.155e-06,5.411e-06
4.188e-06,2.91e-06,4.91e-06,4.466e-06,4.91e-06
4.28e-06,3.45e-06,5.39e-06,4.14e-06,5.39e-06
4.118e-06,2.94e-06,5.2e-06,4.165e-06,5.2e-06
4.06e-06,3.22e-06,5.49e-06,3.765e-06,5.49e-06
4.235e-06,3.11e-06,5.15e-06,4.34e-06,5.15e-06
4.203e-06,3.56e-06,5.1e-06,4.075e-06,5.1e-06
4.12e-06,2.89e-06,5.07e-06,4.26e-06,5.07e-06
4.28e-06,3.75e-06,5.17e-06,4.1e-06,5.17e-06
4.157e-06,2.79e-06,4.86e-06,4.49e-06,4.86e-06
4.245e-06,3.7e-06,5.43e-06,3.925e-06,5.43e-06
4.535e-06,3.44e-06,5.36e-06,4.67e-06,5.36e-06
4.403e-06,3.82e-06,5.231e-06,4.28e-06,5.231e-06
4.137e-06,3.05e-06,5.18e-06,4.16e-06,5.18e-06
4.32e-06,3.9e-06,5.31e-06,4.035e-06,5.31e-06
4.145e-06,2.99e-06,4.941e-06,4.325e-06,4.94e-06
4.178e-06,3.48e-06,5.35e-06,3.94e-06,5.35e-06
4.223e-06,3.29e-06,4.8e-06,4.401e-06,4.8e-06
4.098e-06,3.24e-06,4.83e-06,4.16e-06,4.83e-06
4.025e-06,2.93e-06,5.04e-06,4.065e-06,5.04e-06
4.24e-06,3.6e-06,5.56e-06,3.9e-06,5.56e-06
4.38e-06,3.45e-06,5.15e-06,4.46e-06,5e-06
4.137e-06,3.66e-06,5.08e-06,3.905e-06,5.08e-06
4.225e-06,3e-06,5.001e-06,4.45e-06,5.001e-06
4.105e-06,3.47e-06,5.13e-06,3.91e-06,5.13e-06
4.162e-06,3.25e-06,5.33e-06,4.035e-06,4.77e-06
4.238e-06,3.34e-06,5.34e-06,4.135e-06,5.34e-06
4.248e-06,3.45e-06,4.98e-06,4.28e-06,4.98e-06
4.385e-06,3.75e-06,5.5e-06,4.145e-06,5.5e-06
4.112e-06,2.85e-06,5.37e-06,4.115e-06,5.37e-06
4.13e-06,3.6e-06,5.18e-06,3.87e-06,5.18e-06
4.368e-06,3.1e-06,5.59e-06,4.39e-06,5.59e-06
4.207e-06,3.63e-06,5.16e-06,4.02e-06,5.16e-06
4.217e-06,3.19e-06,5.4e-06,4.14e-06,5.4e-06
4.215e-06,3.24e-06,5.491e-06,4.065e-06,5.491e-06
4.078e-06,2.84e-06,5.06e-06,4.205e-06,5.06e-06
4.352e-06,3.67e-06,5.57e-06,4.085e-06,5.57e-06
4.492e-06,3.5e-06,5.46e-06,4.505e-06,5.46e-06
4.132e-06,3.32e-06,5.14e-06,4.035e-06,5.14e-06
4.06e-06,2.77e-06,5.16e-06,4.155e-06,5.16e-06
4.015e-06,3.26e-06,4.93e-06,3.935e-06,4.93e-06
4.42e-06,3.23e-06,5.48e-06,4.485e-06,5.48e-06
4.17e-06,3.39e-06,5.29e-06,4e-06,5.29e-06
4.342e-06,3.34e-06,5.25e-06,4.39e-06,5.25e-06
4.202e-06,3.5e-06,5.31e-06,4e-06,5.31e-06
4.388e-06,3.27e-06,5.41e-06,4.435e-06,5.41e-06
4.24e-06,3.63e-06,5.141e-06,4.095e-06,5.141e-06
4.048e-06,2.94e-06,5.17e-06,4.04e-06,5.17e-06
4.223e-06,3.63e-06,5.5e-06,3.88e-06,5.5e-06
4.207e-06,2.89e-06,4.92e-06,4.51e-06,4.92e-06
4.377e-06,3.44e-06,5.32e-06,4.375e-06,5.32e-06
4.26e-06,2.82e-06,5.22e-06,4.5e-06,5.22e-06
4.298e-06,3.6e-06,5.6e-06,3.995e-06,5.6e-06
4.327e-06,3.05e-06,5.28e-06,4.49e-06,5.28e-06
4.138e-06,3.57e-06,4.78e-06,4.1e-06,4.78e-06
4.305e-06,3.04e-06,5.26e-06,4.46e-06,5.03e-06
4.348e-06,3.64e-06,5.2e-06,4.275e-06,5.2e-06
4.208e-06,2.96e-06,5.091e-06,4.39e-06,5.091e-06
4.192e-06,3.52e-06,5.63e-06,3.81e-06,5.63e-06
4.248e-06,3.02e-06,5.3e-06,4.336e-06,5.3e-06
4.163e-06,3.341e-06,5.24e-06,4.035e-06,5.24e-06
4.04e-06,3.11e-06,5.08e-06,3.985e-06,5.08e-06
4.357e-06,3.83e-06,5.22e-06,4.19e-06,5.22e-06
4.265e-06,3.12e-06,5.19e-06,4.375e-06,5.01e-06
4.257e-06,3.69e-06,5.59e-06,3.875e-06,5.59e-06
4.182e-06,3.06e-06,5.01e-06,4.33e-06,5.01e-06
4.237e-06,3.82e-06,5e-06,4.065e-06,5e-06
4.178e-06,3.28e-06,4.93e-06,4.25e-06,4.93e-06
4.198e-06,3.21e-06,5.3e-06,4.14e-06,5.3e-06
4.253e-06,3.05e-06,5.4e-06,4.28e-06,5.4e-06
4.103e-06,3.36e-06,5.1e-06,3.975e-06,5.1e-06
4.247e-06,3.3e-06,5e-06,4.345e-06,5e-06
4.245e-06,3.57e-06,5.17e-06,4.12e-06,5.17e-06
4.423e-06,3.22e-06,5.21e-06,4.63e-06,5.21e-06
4.218e-06,3.51e-06,5.27e-06,4.045e-06,5.27e-06
4.12e-06,3.31e-06,4.93e-06,4.12e-06,4.86e-06
4.363e-06,3.69e-06,5.24e-06,4.26e-06,5.24e-06
4.21e-06,2.87e-06,5.03e-06,4.47e-06,5.03e-06
4.223e-06,3.58e-06,5.4e-06,3.955e-06,5.4e-06
4.427e-06,2.79e-06,5.8e-06,4.56e-06,5.8e-06
4.155e-06,3.52e-06,5.091e-06,4.005e-06,5.091e-06
4.247e-06,3.38e-06,5.02e-06,4.295e-06,5.02e-06
4.058e-06,3.47e-06,4.73e-06,4.015e-06,4.73e-06
4.125e-06,2.86e-06,5.21e-06,4.215e-06,5.21e-06
4.218e-06,3.7e-06,5.35e-06,3.911e-06,5.35e-06
4.26e-06,3.15e-06,4.98e-06,4.455e-06,4.75e-06
4.353e-06,3.54e-06,5.35e-06,4.26e-06,5.35e-06
4.27e-06,2.86e-06,5.42e-06,4.401e-06,5.42e-06
4.235e-06,3.52e-06,5.34e-06,4.04e-06,5.34e-06
4.298e-06,3.05e-06,5.08e-06,4.53e-06,5.08e-06
4.202e-06,3.41e-06,5.37e-06,4.015e-06,5.37e-06
4.24e-06,3.14e-06,5.091e-06,4.365e-06,5.091e-06
4.16e-06,3.51e-06,5.18e-06,3.975e-06,5.18e-06
4.242e-06,3.18e-06,5.09e-06,4.35e-06,5.09e-06
4.065e-06,3.54e-06,5.04e-06,3.84e-06,5.04e-06
4.28e-06,3.09e-06,4.96e-06,4.535e-06,4.96e-06
4.208e-06,3.51e-06,5.22e-06,4.05e-06,5.22e-06
4.298e-06,2.8e-06,5.25e-06,4.57e-06,5.25e-06
4.38e-06,3.66e-06,5.42e-06,4.22e-06,5.42e-06
4.043e-06,2.88e-06,4.99e-06,4.15e-06,4.99e-06
4.45e-06,3.7e-06,5.57e-06,4.265e-06,5.57e-06
4.363e-06,3.46e-06,5.41e-06,4.291e-06,5.41e-06
4.138e-06,3.7e-06,5.221e-06,3.815e-06,5.221e-06
4.178e-06,3.04e-06,5.14e-06,4.265e-06,5.14e-06
4.237e-06,3.07e-06,6.17e-06,3.855e-06,6.17e-06
4.173e-06,2.86e-06,5.1e-06,4.365e-06,5.1e-06
4.307e-06,3.73e-06,5.21e-06,4.145e-06,5.21e-06
4.125e-06,2.45e-06,5.5e-06,4.275e-06,5.5e-06
4.193e-06,3.68e-06,5.18e-06,3.955e-06,5.18e-06
4.26e-06,3.05e-06,5.1e-06,4.445e-06,5.1e-06
4.253e-06,3.79e-06,5.1e-06,4.06e-06,5.1e-06
4.143e-06,3.23e-06,5.19e-06,4.075e-06,5.19e-06
4.298e-06,3.43e-06,5.49e-06,4.135e-06,5.49e-06
4.225e-06,3.07e-06,4.9e-06,4.465e-06,4.9e-06
4.313e-06,3.77e-06,5.031e-06,4.225e-06,5.031e-06
4.273e-06,3.2e-06,5.12e-06,4.386e-06,5.12e-06
4.315e-06,3.79e-06,5.51e-06,3.98e-06,5.51e-06
4.237e-06,2.94e-06,5.12e-06,4.445e-06,5.12e-06
4.17e-06,3.53e-06,4.95e-06,4.1e-06,4.95e-06
4.223e-06,3.1e-06,5.05e-06,4.37e-06,5.05e-06
4.077e-06,3.53e-06,4.94e-06,3.92e-06,4.94e-06
4.24e-06,3.16e-06,5.09e-06,4.355e-06,5.09e-06
4.33e-06,3.52e-06,5.47e-06,4.165e-06,5.47e-06
4.203e-06,3.06e-06,5.1e-06,4.325e-06,5.1e-06
4.293e-06,3.64e-06,5.56e-06,3.985e-06,5.56e-06
4.28e-06,3.15e-06,5.071e-06,4.45e-06,5.071e-06
4.14e-06,3.46e-06,5.21e-06,3.945e-06,5.21e-06
4.275e-06,3.35e-06,5.01e-06,4.37e-06,5.01e-06
4.178e-06,3.51e-06,5.27e-06,3.965e-06,5.27e-06
4.305e-06,3.17e-06,5.1e-06,4.475e-06,5.1e-06
4.288e-06,3.75e-06,5.27e-06,4.065e-06,5.27e-06
4.238e-06,2.97e-06,5.5e-06,4.24e-06,5.5e-06
4.212e-06,3.14e-06,5.36e-06,4.175e-06,5.36e-06
4.38e-06,3.27e-06,5.14e-06,4.555e-06,5.14e-06
4.26e-06,3.82e-06,5.16e-06,4.031e-06,5.16e-06
4.075e-06,2.83e-06,4.98e-06,4.245e-06,4.98e-06
4.255e-06,3.35e-06,5.34e-06,4.165e-06,5.34e-06
4.29e-06,2.87e-06,5.65e-06,4.32e-06,5.65e-06
4.278e-06,3.5e-06,5.52e-06,4.045e-06,5.52e-06
4.295e-06,3.17e-06,5.26e-06,4.375e-06,5.26e-06
4.475e-06,3.76e-06,5.24e-06,4.45e-06,5.24e-06
4.198e-06,2.92e-06,5.1e-06,4.385e-06,5.1e-06
4.247e-06,3.65e-06,5.04e-06,4.15e-06,5.04e-06
4.218e-06,2.85e-06,4.96e-06,4.531e-06,4.96e-06
4.318e-06,3.69e-06,5.24e-06,4.17e-06,5.24e-06
4.198e-06,2.64e-06,5.25e-06,4.45e-06,5.25e-06
4.06e-06,3.51e-06,4.89e-06,3.92e-06,4.89e-06
4.063e-06,3.03e-06,4.92e-06,4.15e-06,4.92e-06
4.413e-06,3.59e-06,5.601e-06,4.23e-06,5.601e-06
4.22e-06,3.05e-06,4.9e-06,4.465e-06,4.9e-06
4.455e-06,3.68e-06,5.23e-06,4.455e-06,5.23e-06
4.218e-06,3.05e-06,5.13e-06,4.345e-06,5.13e-06
4.13e-06,3.56e-06,4.92e-06,4.02e-06,4.92e-06
4.2e-06,3.12e-06,5.32e-06,4.18e-06,5.32e-06
4.51e-06,3.74e-06,5.49e-06,4.405e-06,5.49e-06
4.26e-06,3.24e-06,4.96e-06,4.42e-06,4.96e-06
4.53e-06,4.05e-06,5.72e-06,4.175e-06,5.72e-06
4.263e-06,2.84e-06,5.35e-06,4.43e-06,5.35e-06
4.102e-06,3.15e-06,5.51e-06,3.875e-06,5.51e-06
4.265e-06,3.03e-06,5.391e-06,4.32e-06,5.391e-06
4.515e-06,3.87e-06,5.23e-06,4.48e-06,5.23e-06
4.133e-06,2.9e-06,5.37e-06,4.13e-06,5.37e-06
4.438e-06,3.79e-06,5.52e-06,4.22e-06,5.52e-06
4.208e-06,3.06e-06,5.17e-06,4.3e-06,5.17e-06
4.347e-06,3.78e-06,5.68e-06,3.965e-06,5.68e-06
4.392e-06,3.26e-06,5.16e-06,4.575e-06,5.16e-06
4.363e-06,3.88e-06,5.03e-06,4.27e-06,5.03e-06
4.143e-06,2.76e-06,5.4e-06,4.206e-06,5.4e-06
3.977e-06,2.68e-06,5.22e-06,4.005e-06,5.22e-06
4.453e-06,3.23e-06,5.35e-06,4.615e-06,5.35e-06
4.44e-06,3.58e-06,5.141e-06,4.52e-06,5.141e-06
4.255e-06,3.22e-06,4.89e-06,4.455e-06,4.89e-06
4.272e-06,3.71e-06,5.26e-06,4.06e-06,5.26e-06
4.108e-06,2.71e-06,5.3e-06,4.21e-06,5.3e-06
4.205e-06,3.76e-06,5.06e-06,4e-06,5.06e-06
4.255e-06,3.12e-06,5.31e-06,4.295e-06,5.31e-06
4.415e-06,3.97e-06,5.58e-06,4.055e-06,5.58e-06
4.312e-06,3.09e-06,5.31e-06,4.425e-06,5.31e-06
4.203e-06,3.48e-06,5.03e-06,4.15e-06,5.03e-06
4.362e-06,3.28e-06,5.24e-06,4.465e-06,5.24e-06
4.25e-06,3.46e-06,5.74e-06,3.9e-06,5.74e-06
4.273e-06,3.13e-06,5.36e-06,4.3e-06,5.36e-06
4.365e-06,3.97e-06,5.19e-06,4.15e-06,5.19e-06
4.12e-06,2.891e-06,4.97e-06,4.31e-06,4.97e-06
4.175e-06,3.55e-06,5.1e-06,4.025e-06,5.1e-06
4.25e-06,2.9e-06,5.43e-06,4.335e-06,5.43e-06
4.105e-06,3.51e-06,5.25e-06,3.83e-06,5.25e-06
4.248e-06,3.04e-06,5.31e-06,4.32e-06,5.31e-06
4.22e-06,3.35e-06,5.29e-06,4.12e-06,5.29e-06
4.05e-06,2.77e-06,5.68e-06,3.875e-06,5.68e-06
4.22e-06,3.52e-06,5.13e-06,4.115e-06,5.13e-06
4.207e-06,3.05e-06,5.17e-06,4.305e-06,5.17e-06
4.142e-06,3.41e-06,5.14e-06,4.01e-06,5.14e-06
4.37e-06,3.07e-06,5.301e-06,4.555e-06,5.301e-06
4.182e-06,3.51e-06,5.38e-06,3.92e-06,5.38e-06
4.375e-06,3.07e-06,5.29e-06,4.57e-06,5.08e-06
4.125e-06,3.22e-06,5.27e-06,4.005e-06,5.27e-06
4.338e-06,3.5e-06,5.13e-06,4.36e-06,5.13e-06
4.288e-06,3.81e-06,5.26e-06,4.04e-06,5.26e-06
4.137e-06,2.96e-06,4.94e-06,4.325e-06,4.94e-06
4.445e-06,3.45e-06,5.4e-06,4.465e-06,5.4e-06
4.148e-06,2.81e-06,5.18e-06,4.3e-06,5.18e-06
4.198e-06,3.72e-06,5.34e-06,3.865e-06,5.34e-06
4.162e-06,2.99e-06,5.03e-06,4.315e-06,5.03e-06
4.33e-06,3.37e-06,5.551e-06,4.2e-06,5.551e-06
4.32e-06,3.04e-06,5.09e-06,4.575e-06,5.09e-06
4.275e-06,3.53e-06,5.23e-06,4.17e-06,5.23e-06
4.363e-06,3.18e-06,5.27e-06,4.5e-06,4.79e-06
4.21e-06,3.76e-06,5.12e-06,3.98e-06,5.12e-06
4.137e-06,2.5e-06,5.12e-06,4.465e-06,5.12e-06
4.108e-06,3.42e-06,4.78e-06,4.115e-06,4.78e-06
4.18e-06,2.96e-06,5.53e-06,4.115e-06,5.53e-06
4.202e-06,3.72e-06,5.13e-06,3.98e-06,5.13e-06
4.188e-06,2.85e-06,4.85e-06,4.525e-06,4.85e-06
4.197e-06,3.58e-06,5.22e-06,3.995e-06,5.22e-06
4.158e-06,3e-06,5.03e-06,4.3e-06,5.03e-06
4.197e-06,3.77e-06,5.09e-06,3.965e-06,5.09e-06
4.102e-06,2.8e-06,5.37e-06,4.12e-06,5.37e-06
5.387e-06,1.74e-06,6.99e-06,6.41e-06,6.53e-06
4.238e-06,2.92e-06,5.27e-06,4.38e-06,5.27e-06
4.147e-06,3.55e-06,5.14e-06,3.95e-06,5.14e-06
4.272e-06,2.89e-06,5.15e-06,4.525e-06,5.15e-06
4.25e-06,3.56e-06,5.29e-06,4.076e-06,5.29e-06
4.317e-06,2.84e-06,5.41e-06,4.51e-06,5.41e-06
4.385e-06,4.02e-06,5.28e-06,4.12e-06,5.28e-06
4.132e-06,2.55e-06,5.37e-06,4.305e-06,5.37e-06
4.378e-06,3.58e-06,5.881e-06,4.025e-06,5.881e-06
4.19e-06,2.94e-06,4.95e-06,4.435e-06,4.95e-06
4.235e-06,3.64e-06,5.24e-06,4.03e-06,5.24e-06
4.28e-06,3.03e-06,5.38e-06,4.355e-06,5.38e-06
4.203e-06,3.45e-06,5.22e-06,4.07e-06,5.22e-06
4.12e-06,2.87e-06,4.94e-06,4.335e-06,4.94e-06
4.19e-06,3.321e-06,5.68e-06,3.88e-06,5.68e-06
4.275e-06,2.75e-06,5.08e-06,4.635e-06,5.08e-06
4.285e-06,3.75e-06,5.48e-06,3.955e-06,5.48e-06
4.245e-06,2.88e-06,5.29e-06,4.405e-06,5.29e-06
4.115e-06,3.55e-06,5.1e-06,3.905e-06,5.1e-06
4.437e-06,3.35e-06,5.35e-06,4.525e-06,5.35e-06
4.348e-06,3.8e-06,4.961e-06,4.315e-06,4.961e-06
4.025e-06,2.84e-06,5.09e-06,4.085e-06,5.09e-06
4.328e-06,3.741e-06,5.3e-06,4.135e-06,5.3e-06
4.173e-06,2.89e-06,5.01e-06,4.395e-06,5.01e-06
4.305e-06,3.5e-06,5.58e-06,4.07e-06,5.58e-06
4.335e-06,3.23e-06,5.19e-06,4.46e-06,4.93e-06
4.33e-06,3.83e-06,5.36e-06,4.065e-06,5.36e-06
4.228e-06,2.93e-06,5.25e-06,4.365e-06,5.25e-06
4.145e-06,3.42e-06,5.21e-06,3.975e-06,5.21e-06
4.268e-06,3.01e-06,5.06e-06,4.5e-06,5.06e-06
4.193e-06,3.55e-06,5.06e-06,4.08e-06,5.06e-06
4.228e-06,2.98e-06,5.021e-06,4.455e-06,5.021e-06
4.31e-06,3.62e-06,5.1e-06,4.26e-06,5.1e-06
4.365e-06,3.25e-06,5.14e-06,4.535e-06,5.07e-06
4.215e-06,3.08e-06,5.73e-06,4.025e-06,5.73e-06
4.23e-06,3.42e-06,5.05e-06,4.225e-06,5.05e-06
4.04e-06,3.24e-06,5.27e-06,3.825e-06,5.27e-06
4.255e-06,2.87e-06,5.21e-06,4.47e-06,5.21e-06
4.153e-06,3.6e-06,5.07e-06,3.97e-06,5.07e-06
4.35e-06,3.221e-06,5.58e-06,4.3e-06,5.58e-06
4.385e-06,3.38e-06,5.82e-06,4.17e-06,5.82e-06
4.253e-06,3.21e-06,5.31e-06,4.245e-06,5.31e-06
3.97e-06,3.43e-06,5.01e-06,3.72e-06,5.01e-06
4.47e-06,3.1e-06,5.44e-06,4.67e-06,5.44e-06
4.13e-06,3.5e-06,5.21e-06,3.905e-06,5.21e-06
4.198e-06,2.99e-06,5.19e-06,4.305e-06,5.19e-06
4.205e-06,3.66e-06,5.17e-06,3.995e-06,5.17e-06
4.132e-06,2.81e-06,5.11e-06,4.305e-06,5.11e-06
4.14e-06,3.56e-06,5.12e-06,3.94e-06,5.12e-06
4.1e-06,2.82e-06,4.93e-06,4.325e-06,4.93e-06
4.188e-06,3.751e-06,5.15e-06,3.925e-06,5.15e-06
4.055e-06,2.45e-06,5.22e-06,4.275e-06,5.22e-06
4.165e-06,3.57e-06,5.06e-06,4.015e-06,5.06e-06
4.395e-06,3.52e-06,5.15e-06,4.455e-06,5.15e-06
4.375e-06,3.68e-06,6.021e-06,3.9e-06,6.021e-06
4.31e-06,2.85e-06,5.14e-06,4.625e-06,5.14e-06
4.077e-06,3.45e-06,5.02e-06,3.92e-06,5.02e-06
4.037e-06,2.57e-06,5.25e-06,4.165e-06,5.25e-06
4.192e-06,3.53e-06,5.16e-06,4.04e-06,5.16e-06
4.295e-06,3.3e-06,5.11e-06,4.386e-06,5.11e-06
4.265e-06,3.73e-06,5.54e-06,3.895e-06,5.54e-06
4.642e-06,2.89e-06,5.61e-06,5.035e-06,5.41e-06
4.287e-06,3.7e-06,5.46e-06,3.995e-06,5.46e-06
4.143e-06,2.97e-06,5.14e-06,4.23e-06,5.14e-06
4.375e-06,3.16e-06,5.39e-06,4.476e-06,5.39e-06
4.318e-06,2.99e-06,5.491e-06,4.395e-06,5.491e-06
4.453e-06,3.82e-06,5.56e-06,4.215e-06,5.56e-06
4.265e-06,3.2e-06,5.47e-06,4.195e-06,5.47e-06
4.25e-06,3.36e-06,5.46e-06,4.09e-06,5.46e-06
4.323e-06,2.5e-06,5.53e-06,4.63e-06,5.53e-06
4.3e-06,3.52e-06,5.58e-06,4.05e-06,5.58e-06
4.28e-06,3.14e-06,5.73e-06,4.125e-06,5.73e-06
4.273e-06,3.84e-06,5.34e-06,3.955e-06,5.34e-06
4.173e-06,2.71e-06,5.22e-06,4.38e-06,5.22e-06
4.315e-06,3.7e-06,5.32e-06,4.12e-06,5.32e-06
4.275e-06,3.02e-06,5.07e-06,4.505e-06,5.07e-06
4.338e-06,3.47e-06,5.221e-06,4.33e-06,5.221e-06
4.135e-06,3.06e-06,4.95e-06,4.265e-06,4.95e-06
4.055e-06,3.2e-06,5.12e-06,3.951e-06,5.12e-06
4.203e-06,3e-06,5.12e-06,4.345e-06,5.12e-06
4.31e-06,3.56e-06,5.8e-06,3.94e-06,5.8e-06
4.53e-06,3.39e-06,5.21e-06,4.76e-06,5.03e-06
4.273e-06,3.64e-06,5.28e-06,4.085e-06,5.28e-06
4.37e-06,3.13e-06,5.02e-06,4.665e-06,5.02e-06
4.208e-06,3.47e-06,5.13e-06,4.115e-06,5.13e-06
4.115e-06,3e-06,5.28e-06,4.09e-06,5.28e-06
4.275e-06,3.63e-06,5.37e-06,4.05e-06,5.37e-06
4.268e-06,2.89e-06,5.2e-06,4.49e-06,5.2e-06
4.2e-06,3.431e-06,5.44e-06,3.965e-06,5.44e-06
4.365e-06,3.13e-06,4.94e-06,4.695e-06,4.94e-06
4.427e-06,3.95e-06,5.43e-06,4.165e-06,5.43e-06
4.272e-06,3.29e-06,5.25e-06,4.275e-06,5.25e-06
4.283e-06,3.84e-06,5.33e-06,3.98e-06,5.33e-06
4.198e-06,3e-06,5.09e-06,4.35e-06,5.09e-06
4.362e-06,3.81e-06,5.38e-06,4.13e-06,5.38e-06
4.3e-06,3.26e-06,5.03e-06,4.455e-06,5.03e-06
4.17e-06,3.28e-06,5.2e-06,4.1e-06,5.2e-06
4.345e-06,3.22e-06,5.07e-06,4.545e-06,5.07e-06
4.64e-06,3.93e-06,5.67e-06,4.48e-06,5.67e-06
4.038e-06,3.16e-06,4.951e-06,4.02e-06,4.951e-06
4.108e-06,3.51e-06,5.01e-06,3.955e-06,5.01e-06
4.173e-06,2.86e-06,5.201e-06,4.315e-06,5e-06
4.305e-06,3.45e-06,5.52e-06,4.125e-06,5.52e-06
4.297e-06,3.09e-06,4.97e-06,4.565e-06,4.97e-06
4.35e-06,3.55e-06,5.3e-06,4.275e-06,5.3e-06
4.305e-06,3.19e-06,5.68e-06,4.175e-06,5.68e-06
4.088e-06,3.551e-06,5.05e-06,3.875e-06,5.05e-06
4.262e-06,2.6e-06,5.55e-06,4.45e-06,5.55e-06
4.175e-06,3.65e-06,5.1e-06,3.975e-06,5.1e-06
4.323e-06,2.93e-06,5.01e-06,4.675e-06,5.01e-06
4.26e-06,3.51e-06,5.391e-06,4.07e-06,5.391e-06
4.185e-06,3.15e-06,5.14e-06,4.225e-06,5.14e-06
4.118e-06,3.49e-06,5.05e-06,3.965e-06,5.05e-06
4.313e-06,3.311e-06,5.66e-06,4.14e-06,5.66e-06
4.42e-06,3.85e-06,4.99e-06,4.42e-06,4.99e-06
4.4e-06,3.31e-06,5.29e-06,4.5e-06,5.29e-06
4.403e-06,3.71e-06,5.19e-06,4.355e-06,5.19e-06
4.325e-06,3.13e-06,5.21e-06,4.48e-06,4.95e-06
4.235e-06,3.53e-06,5.38e-06,4.015e-06,5.38e-06
4.285e-06,3.21e-06,5.04e-06,4.445e-06,5.04e-06
4.22e-06,3.34e-06,5.13e-06,4.205e-06,5.13e-06
4.15e-06,2.61e-06,5.58e-06,4.205e-06,5.58e-06
4.467e-06,3.76e-06,5.76e-06,4.175e-06,5.76e-06
4.25e-06,2.91e-06,5.27e-06,4.41e-06,5.27e-06
4.32e-06,3.51e-06,5.19e-06,4.29e-06,5.19e-06
4.25e-06,2.93e-06,5.39e-06,4.34e-06,5.39e-06
4.107e-06,3.35e-06,5.28e-06,3.9e-06,5.28e-06
4.105e-06,2.96e-06,5.05e-06,4.205e-06,5.05e-06
4.115e-06,3.31e-06,5.17e-06,3.99e-06,5.17e-06
4.312e-06,3.22e-06,4.95e-06,4.54e-06,4.95e-06
4.333e-06,3.68e-06,5.57e-06,4.04e-06,5.57e-06
4.31e-06,3.06e-06,5.53e-06,4.325e-06,5.53e-06
4.073e-06,3.49e-06,5.13e-06,3.835e-06,5.13e-06
4.53e-06,3.2e-06,5.371e-06,4.775e-06,5.371e-06
4.28e-06,3.42e-06,5.48e-06,4.111e-06,5.48e-06
4.268e-06,3.21e-06,5.21e-06,4.325e-06,5.21e-06
4.26e-06,3.85e-06,5.19e-06,4e-06,5.19e-06
4.2e-06,3.15e-06,4.97e-06,4.34e-06,4.97e-06
4.193e-06,3.46e-06,5.25e-06,4.03e-06,5.25e-06
4.16e-06,3.03e-06,5.13e-06,4.24e-06,5.13e-06
4.198e-06,3.57e-06,5.14e-06,4.04e-06,5.14e-06
4.178e-06,2.95e-06,5.04e-06,4.36e-06,5.04e-06
4.15e-06,3.31e-06,5.27e-06,4.01e-06,5.27e-06
4.332e-06,2.94e-06,5.21e-06,4.59e-06,5.21e-06
4.223e-06,3.46e-06,5.241e-06,4.095e-06,5.241e-06
4.268e-06,3.27e-06,5.12e-06,4.34e-06,5.12e-06
4.22e-06,3.68e-06,5.31e-06,3.945e-06,5.31e-06
4.355e-06,3.15e-06,5.34e-06,4.465e-06,5.34e-06
4.205e-06,3.6e-06,5.34e-06,3.941e-06,5.34e-06
4.08e-06,3.03e-06,5.15e-06,4.07e-06,5.15e-06
4.18e-06,3.62e-06,5.09e-06,4.005e-06,5.09e-06
4.385e-06,2.86e-06,5.28e-06,4.7e-06,5.28e-06
4.247e-06,3.53e-06,5.25e-06,4.105e-06,5.25e-06
4.315e-06,2.9e-06,5.54e-06,4.41e-06,5.54e-06
4.215e-06,3.6e-06,5.13e-06,4.065e-06,5.13e-06
4.337e-06,3.13e-06,5.5e-06,4.36e-06,5.5e-06
4.148e-06,3.38e-06,5.061e-06,4.075e-06,5.061e-06
4.228e-06,3.09e-06,4.99e-06,4.415e-06,4.99e-06
4.16e-06,3.64e-06,5.07e-06,3.965e-06,5.07e-06
4.293e-06,3.04e-06,5.11e-06,4.51e-06,5.11e-06
4.212e-06,3.28e-06,5.33e-06,4.12e-06,5.33e-06
4.235e-06,2.99e-06,5.07e-06,4.44e-06,5.07e-06
4.103e-06,3.621e-06,5.02e-06,3.885e-06,5.02e-06
4.115e-06,3.32e-06,5.03e-06,4.055e-06,5.03e-06
4.165e-06,3.5e-06,5.05e-06,4.055e-06,5.05e-06
4.263e-06,2.99e-06,5.63e-06,4.215e-06,5.63e-06
4.147e-06,3.51e-06,5.22e-06,3.93e-06,5.22e-06
4.248e-06,3.21e-06,5.081e-06,4.35e-06,5.081e-06
4.272e-06,3.64e-06,5.41e-06,4.02e-06,5.41e-06
4.177e-06,2.82e-06,5.54e-06,4.175e-06,5.54e-06
4.125e-06,3.52e-06,5.17e-06,3.905e-06,5.17e-06
4.352e-06,3.1e-06,5.14e-06,4.585e-06,5.14e-06
4.295e-06,3.93e-06,5.03e-06,4.11e-06,5.03e-06
4.082e-06,2.94e-06,5.16e-06,4.115e-06,5.16e-06
4.28e-06,3.58e-06,5.07e-06,4.235e-06,5.07e-06
4.378e-06,3.14e-06,5.41e-06,4.48e-06,5.41e-06
4.183e-06,3.531e-06,5.09e-06,4.055e-06,5.09e-06
4.332e-06,3.43e-06,5.27e-06,4.315e-06,5.27e-06
4.367e-06,3.72e-06,5.28e-06,4.235e-06,5.28e-06
4.31e-06,3.11e-06,5.07e-06,4.53e-06,5.07e-06
4.192e-06,3.42e-06,5.31e-06,4.02e-06,5.31e-06
4.137e-06,2.84e-06,5.05e-06,4.33e-06,5.05e-06
4.26e-06,3.85e-06,5.05e-06,4.07e-06,5.05e-06
4.207e-06,2.88e-06,5.1e-06,4.425e-06,5.1e-06
4.088e-06,3.24e-06,5.17e-06,3.97e-06,5.17e-06
4.15e-06,3.03e-06,5.07e-06,4.25e-06,5.07e-06
4.252e-06,3.48e-06,5.46e-06,4.035e-06,5.46e-06
4.175e-06,2.881e-06,4.94e-06,4.44e-06,4.94e-06
4.225e-06,3.55e-06,5.17e-06,4.09e-06,5.17e-06
4.333e-06,3.13e-06,5.21e-06,4.495e-06,5.21e-06
4.34e-06,3.71e-06,5.56e-06,4.045e-06,5.56e-06
4.283e-06,3.13e-06,5.45e-06,4.275e-06,5.45e-06
4.28e-06,3.73e-06,5.18e-06,4.105e-06,5.18e-06
4.012e-06,2.76e-06,4.99e-06,4.15e-06,4.99e-06
4.397e-06,3.63e-06,5.67e-06,4.145e-06,5.67e-06
4.27e-06,3.03e-06,5.21e-06,4.42e-06,5.21e-06
4.38e-06,3.94e-06,5.32e-06,4.13e-06,5.32e-06
4.148e-06,2.94e-06,5.11e-06,4.27e-06,5.11e-06
4.218e-06,3.69e-06,4.94e-06,4.12e-06,4.94e-06
4.13e-06,3.04e-06,5.13e-06,4.175e-06,5.13e-06
4.218e-06,3.58e-06,5.351e-06,3.97e-06,5.351e-06
4.165e-06,2.96e-06,5.1e-06,4.3e-06,5.1e-06
4.36e-06,3.74e-06,5.62e-06,4.04e-06,5.62e-06
4.305e-06,3.01e-06,5.11e-06,4.551e-06,5.11e-06
4.153e-06,3.54e-06,5.35e-06,3.86e-06,5.35e-06
4.312e-06,3.45e-06,5.14e-06,4.33e-06,5.11e-06
4.282e-06,3.48e-06,5.4e-06,4.125e-06,5.4e-06
4.272e-06,3.13e-06,5.05e-06,4.455e-06,5.05e-06
4.118e-06,3.57e-06,5.13e-06,3.885e-06,5.13e-06
4.282e-06,3.01e-06,5.13e-06,4.495e-06,5.13e-06
4.443e-06,3.88e-06,5.89e-06,4e-06,5.89e-06
4.233e-06,2.751e-06,5.37e-06,4.406e-06,5.37e-06
4.247e-06,3.61e-06,5.5e-06,3.94e-06,5.5e-06
4.195e-06,2.89e-06,5.71e-06,4.09e-06,5.71e-06
4.083e-06,3.48e-06,5.1e-06,3.875e-06,5.1e-06
4.17e-06,2.94e-06,4.98e-06,4.38e-06,4.98e-06
4.225e-06,3.79e-06,4.96e-06,4.075e-06,4.96e-06
4.275e-06,3.73e-06,4.97e-06,4.2e-06,4.97e-06
4.367e-06,4.09e-06,5.13e-06,4.125e-06,5.13e-06
4.232e-06,2.73e-06,5.46e-06,4.37e-06,5.46e-06
4.095e-06,3.3e-06,5.05e-06,4.015e-06,5.05e-06
4.108e-06,3.03e-06,4.95e-06,4.225e-06,4.95e-06
4.272e-06,3.64e-06,5.09e-06,4.18e-06,5.09e-06
4.188e-06,2.99e-06,4.951e-06,4.405e-06,4.951e-06
4.288e-06,3.78e-06,5.36e-06,4.005e-06,5.36e-06
4.34e-06,3.1e-06,5.3e-06,4.481e-06,5.3e-06
4.347e-06,3.79e-06,5.12e-06,4.24e-06,5.12e-06
4.085e-06,3.16e-06,5.19e-06,3.995e-06,5.19e-06
4.287e-06,3.52e-06,5.39e-06,4.12e-06,5.39e-06
4.207e-06,2.88e-06,5.1e-06,4.425e-06,5.1e-06
4.237e-06,3.38e-06,5.13e-06,4.22e-06,5.13e-06
4.38e-06,3.12e-06,5.081e-06,4.66e-06,5.02e-06
4.142e-06,3.25e-06,5.22e-06,4.05e-06,5.22e-06
4.367e-06,3.25e-06,5.49e-06,4.365e-06,5.49e-06
4.17e-06,3.79e-06,4.98e-06,3.955e-06,4.98e-06
4.177e-06,3e-06,5.07e-06,4.32e-06,5.07e-06
4.2e-06,3.45e-06,5.11e-06,4.12e-06,5.11e-06
4.28e-06,3.01e-06,5.16e-06,4.475e-06,4.92e-06
4.358e-06,3.9e-06,5.27e-06,4.13e-06,5.27e-06
4.248e-06,3.04e-06,5.21e-06,4.371e-06,5.21e-06
4.3e-06,3.8e-06,5.19e-06,4.105e-06,5.19e-06
4.252e-06,3.17e-06,5.19e-06,4.325e-06,5.19e-06
4.517e-06,3.72e-06,5.35e-06,4.5e-06,5.35e-06
4.27e-06,2.9e-06,5.15e-06,4.515e-06,5.15e-06
4.187e-06,3.58e-06,5.15e-06,4.01e-06,5.15e-06
4.313e-06,2.99e-06,5.16e-06,4.551e-06,5.16e-06
4.055e-06,3.05e-06,5.361e-06,3.905e-06,5.361e-06
4.115e-06,2.89e-06,5.12e-06,4.225e-06,5.12e-06
4.017e-06,3.01e-06,4.97e-06,4.045e-06,4.97e-06
4.123e-06,2.93e-06,5.16e-06,4.2e-06,5.16e-06
4.222e-06,3.59e-06,5.49e-06,3.905e-06,5.49e-06
4.217e-06,3.12e-06,4.87e-06,4.44e-06,4.87e-06
4.117e-06,3.54e-06,5.18e-06,3.875e-06,5.18e-06
4.265e-06,2.91e-06,5.12e-06,4.516e-06,5.12e-06
4.335e-06,3.34e-06,5.78e-06,4.11e-06,5.78e-06
4.132e-06,2.89e-06,4.9e-06,4.37e-06,4.9e-06
4.363e-06,3.69e-06,5.5e-06,4.13e-06,5.5e-06
4.223e-06,2.62e-06,5.531e-06,4.37e-06,5.531e-06
4.182e-06,3.49e-06,5.33e-06,3.955e-06,5.33e-06
4.308e-06,3.12e-06,5.29e-06,4.411e-06,5.29e-06
4.035e-06,3.45e-06,5e-06,3.845e-06,5e-06
4.355e-06,3.24e-06,5.23e-06,4.475e-06,5.23e-06
4.455e-06,4.07e-06,5.51e-06,4.12e-06,5.51e-06
4.102e-06,3.07e-06,5.02e-06,4.16e-06,5.02e-06
4.135e-06,3.39e-06,5.51e-06,3.82e-06,5.51e-06
4.442e-06,3.07e-06,5.4e-06,4.65e-06,5.4e-06
4.18e-06,3.71e-06,5.13e-06,3.94e-06,5.13e-06
4.22e-06,2.92e-06,5.28e-06,4.34e-06,5.28e-06
4.18e-06,3.33e-06,5.28e-06,4.055e-06,5.28e-06
4.455e-06,3.28e-06,5.671e-06,4.435e-06,5.671e-06
4.115e-06,3.36e-06,5.17e-06,3.965e-06,5.17e-06
4.09e-06,2.91e-06,5.08e-06,4.185e-06,5.08e-06
4.11e-06,3.57e-06,5.08e-06,3.895e-06,5.08e-06
4.32e-06,2.85e-06,5.72e-06,4.355e-06,5.72e-06
4.13e-06,3.46e-06,5.19e-06,3.935e-06,5.19e-06
4.19e-06,3.01e-06,5.03e-06,4.36e-06,5.03e-06
4.1e-06,3.25e-06,5.46e-06,3.845e-06,5.46e-06
4.18e-06,3.46e-06,5.22e-06,4.02e-06,5.22e-06
4.19e-06,3.56e-06,5.07e-06,4.065e-06,5.07e-06
4.185e-06,2.81e-06,5.09e-06,4.42e-06,5.09e-06
4.26e-06,3.43e-06,5.421e-06,4.095e-06,5.421e-06
4.153e-06,2.94e-06,5.01e-06,4.331e-06,5.01e-06
4.295e-06,3.76e-06,5.61e-06,3.905e-06,5.61e-06
4.32e-06,2.78e-06,5.17e-06,4.665e-06,5.17e-06
4.22e-06,3.13e-06,5.88e-06,3.935e-06,5.88e-06
4.117e-06,2.93e-06,4.78e-06,4.38e-06,4.78e-06
4.258e-06,3.49e-06,5.52e-06,4.01e-06,5.52e-06
4.36e-06,3.51e-06,5.12e-06,4.405e-06,5.12e-06
4.457e-06,4.06e-06,5.61e-06,4.08e-06,5.61e-06
4.273e-06,2.97e-06,5.04e-06,4.54e-06,5.04e-06
4.228e-06,3.74e-06,5.05e-06,4.06e-06,5.05e-06
4.135e-06,3.02e-06,4.96e-06,4.28e-06,4.96e-06
4.393e-06,3.76e-06,5.291e-06,4.26e-06,5.291e-06
4.115e-06,2.9e-06,5.03e-06,4.265e-06,5.03e-06
4.155e-06,3.42e-06,5.43e-06,3.885e-06,5.43e-06
4.19e-06,2.92e-06,5.22e-06,4.311e-06,5.22e-06
4.347e-06,3.83e-06,4.98e-06,4.29e-06,4.98e-06
4.33e-06,3.12e-06,5.57e-06,4.315e-06,5.57e-06
3.975e-06,3.33e-06,4.97e-06,3.8e-06,4.97e-06
4.295e-06,3.01e-06,5.4e-06,4.385e-06,5.4e-06
4.283e-06,3.29e-06,5.63e-06,4.105e-06,5.63e-06
4.217e-06,2.95e-06,5.18e-06,4.37e-06,5.18e-06
4.137e-06,3.4e-06,5.11e-06,4.02e-06,5.11e-06
4.2e-06,2.8e-06,5.401e-06,4.3e-06,5.401e-06
4.09e-06,3.39e-06,5.07e-06,3.95e-06,5.07e-06
4.27e-06,3.27e-06,5e-06,4.405e-06,5e-06
4.237e-06,3.26e-06,5.16e-06,4.265e-06,5.16e-06
4.23e-06,2.91e-06,5.27e-06,4.37e-06,5.27e-06
4.05e-06,3.49e-06,4.89e-06,3.91e-06,4.89e-06
4.273e-06,3.41e-06,5.06e-06,4.31e-06,5.06e-06
4.065e-06,3.4e-06,5.31e-06,3.775e-06,5.31e-06
4.317e-06,2.95e-06,5.11e-06,4.605e-06,5.11e-06
4.08e-06,3.44e-06,4.89e-06,3.995e-06,4.89e-06
4.303e-06,3.2e-06,5.37e-06,4.32e-06,5.37e-06
4.207e-06,3.77e-06,5.18e-06,3.94e-06,5.18e-06
4.128e-06,2.98e-06,5.031e-06,4.25e-06,5.031e-06
4.095e-06,3.53e-06,5.19e-06,3.83e-06,5.19e-06
4.155e-06,3e-06,4.94e-06,4.34e-06,4.94e-06
4.217e-06,3.86e-06,5.11e-06,3.95e-06,5.11e-06
4.092e-06,2.79e-06,4.97e-06,4.305e-06,4.95e-06
4.205e-06,2.96e-06,5.53e-06,4.165e-06,5.53e-06
4.14e-06,2.87e-06,5.16e-06,4.265e-06,5.16e-06
4.367e-06,3.34e-06,5.53e-06,4.3e-06,5.53e-06
4.233e-06,3.33e-06,4.99e-06,4.306e-06,4.99e-06
4.092e-06,3.5e-06,5.17e-06,3.85e-06,5.17e-06
4.16e-06,3.03e-06,5.08e-06,4.265e-06,5.08e-06
4.175e-06,3.37e-06,5.501e-06,3.915e-06,5.501e-06
4.163e-06,3.03e-06,5.16e-06,4.23e-06,5.16e-06
4.513e-06,3.79e-06,5.42e-06,4.42e-06,5.42e-06
4.158e-06,2.74e-06,5.35e-06,4.27e-06,5.35e-06
4.168e-06,3.611e-06,5.2e-06,3.93e-06,5.2e-06
4.293e-06,3.04e-06,5.04e-06,4.545e-06,4.92e-06
4.367e-06,3.85e-06,5.1e-06,4.26e-06,5.1e-06
4.05e-06,3e-06,5.09e-06,4.055e-06,5.09e-06
4.02e-06,3.01e-06,5.28e-06,3.895e-06,5.28e-06
4.155e-06,2.98e-06,5.06e-06,4.29e-06,5.06e-06
4.145e-06,3.39e-06,5.46e-06,3.865e-06,5.46e-06
4.45e-06,3.43e-06,5.55e-06,4.411e-06,5.55e-06
4.155e-06,3.55e-06,5.2e-06,3.935e-06,5.2e-06
4.207e-06,2.84e-06,5.14e-06,4.425e-06,5.14e-06
4.293e-06,3.4e-06,5.18e-06,4.295e-06,5.18e-06
4.268e-06,3.12e-06,5.46e-06,4.245e-06,5.46e-06
4.325e-06,3.98e-06,5.24e-06,4.04e-06,5.24e-06
4.165e-06,2.68e-06,5.15e-06,4.415e-06,5.15e-06
4.185e-06,3.51e-06,4.94e-06,4.145e-06,4.94e-06
4.033e-06,2.83e-06,4.95e-06,4.175e-06,4.95e-06
4.21e-06,3.68e-06,5.12e-06,4.02e-06,5.12e-06
4.107e-06,2.82e-06,5.06e-06,4.275e-06,5.06e-06
4.173e-06,3.45e-06,4.87e-06,4.185e-06,4.87e-06
4.09e-06,3.09e-06,4.911e-06,4.18e-06,4.911e-06
4.305e-06,3.53e-06,5.67e-06,4.01e-06,5.67e-06
4.295e-06,3.55e-06,5.07e-06,4.28e-06,5.07e-06
4.29e-06,3.86e-06,5.26e-06,4.02e-06,5.26e-06
4.268e-06,2.91e-06,5.31e-06,4.425e-06,5.31e-06
4.25e-06,3.52e-06,5.49e-06,3.995e-06,5.49e-06
4.172e-06,3.54e-06,5.18e-06,3.985e-06,5.18e-06
4.115e-06,3.26e-06,5.25e-06,3.975e-06,5.25e-06
4.258e-06,3.05e-06,4.93e-06,4.525e-06,4.86e-06
4.185e-06,3.45e-06,5.22e-06,4.036e-06,5.22e-06
4.392e-06,3.36e-06,4.96e-06,4.625e-06,4.93e-06
4.285e-06,3.92e-06,5.281e-06,3.97e-06,5.281e-06
4.11e-06,2.74e-06,5.24e-06,4.23e-06,5.24e-06
4.325e-06,3.26e-06,5.58e-06,4.23e-06,5.58e-06
4.255e-06,3.04e-06,5.11e-06,4.435e-06,5.11e-06
4.262e-06,3.61e-06,4.93e-06,4.255e-06,4.93e-06
4.165e-06,2.88e-06,4.97e-06,4.406e-06,4.97e-06
4.145e-06,3.64e-06,5.16e-06,3.89e-06,5.16e-06
4.18e-06,3.05e-06,5.08e-06,4.295e-06,5.08e-06
4.198e-06,3.82e-06,4.96e-06,4.005e-06,4.96e-06
4.248e-06,3.03e-06,5.21e-06,4.375e-06,5.21e-06
4.123e-06,3.22e-06,5.28e-06,3.995e-06,5.28e-06
4.457e-06,3.06e-06,5.12e-06,4.825e-06,5.11e-06
4.208e-06,3.64e-06,5.051e-06,4.07e-06,5.051e-06
4.523e-06,3.5e-06,5.24e-06,4.675e-06,5.24e-06
4.308e-06,3.91e-06,5.03e-06,4.145e-06,5.03e-06
4.137e-06,2.85e-06,5.01e-06,4.345e-06,5.01e-06
4.08e-06,3.5e-06,4.98e-06,3.92e-06,4.98e-06
4.282e-06,3.14e-06,5.23e-06,4.38e-06,5.23e-06
4.382e-06,3.63e-06,5.45e-06,4.225e-06,5.45e-06
4.38e-06,3.33e-06,5.06e-06,4.565e-06,5.06e-06
4.272e-06,3.39e-06,5.25e-06,4.225e-06,5.25e-06
4.118e-06,2.88e-06,5.07e-06,4.26e-06,5.07e-06
4.222e-06,3.51e-06,5.12e-06,4.13e-06,5.12e-06
4.253e-06,3.21e-06,5.461e-06,4.17e-06,5.461e-06
4.158e-06,3.08e-06,5.24e-06,4.155e-06,5.24e-06
4.223e-06,2.821e-06,5.11e-06,4.48e-06,5.11e-06
4.088e-06,3.14e-06,5.19e-06,4.011e-06,5.19e-06
4.142e-06,2.93e-06,4.98e-06,4.33e-06,4.98e-06
4.185e-06,3.55e-06,5.41e-06,3.89e-06,5.41e-06
4.128e-06,2.97e-06,5.1e-06,4.22e-06,5.1e-06
1.0053e-05,3.48e-06,1.639e-05,1.017e-05,1.639e-05
4.285e-06,3.19e-06,5.36e-06,4.295e-06,5.36e-06
4.245e-06,3.64e-06,5.25e-06,4.045e-06,5.25e-06
4.273e-06,2.95e-06,5.121e-06,4.51e-06,5.121e-06
4.235e-06,3.73e-06,5.23e-06,3.99e-06,5.23e-06
4.253e-06,2.91e-06,5.02e-06,4.54e-06,5.02e-06
4.088e-06,3.29e-06,5.23e-06,3.915e-06,5.23e-06
4.258e-06,3.08e-06,5.26e-06,4.345e-06,5.26e-06
4.188e-06,3.51e-06,5.37e-06,3.935e-06,5.37e-06
4.163e-06,2.41e-06,5.42e-06,4.41e-06,5.42e-06
4.08e-06,3.53e-06,5.14e-06,3.825e-06,5.14e-06
4.272e-06,2.97e-06,5.06e-06,4.53e-06,5.06e-06
4.125e-06,3.42e-06,5.35e-06,3.865e-06,5.35e-06
4.263e-06,3.01e-06,5.35e-06,4.345e-06,5.35e-06
4.288e-06,3.95e-06,5.271e-06,3.965e-06,5.271e-06
4.02e-06,2.94e-06,5.1e-06,4.02e-06,5.1e-06
4.205e-06,3.56e-06,5.08e-06,4.09e-06,5.08e-06
4.448e-06,3.36e-06,5.37e-06,4.53e-06,5.37e-06
4.068e-06,3.481e-06,4.98e-06,3.905e-06,4.98e-06
4.09e-06,2.79e-06,5.25e-06,4.16e-06,5.25e-06
4.223e-06,3.76e-06,5.29e-06,3.92e-06,5.29e-06
4.182e-06,2.97e-06,5.09e-06,4.335e-06,5.09e-06
4.175e-06,3.77e-06,5.07e-06,3.93e-06,5.07e-06
4.237e-06,3.1e-06,4.93e-06,4.46e-06,4.93e-06
4.265e-06,3.53e-06,5.51e-06,4.01e-06,5.51e-06
4.325e-06,3.1e-06,5e-06,4.6e-06,4.96e-06
4.223e-06,3.6e-06,5.25e-06,4.02e-06,5.25e-06
4.172e-06,3.2e-06,4.98e-06,4.255e-06,4.98e-06
4.265e-06,3.1e-06,5.48e-06,4.24e-06,5.48e-06
4.235e-06,3.26e-06,4.98e-06,4.351e-06,4.98e-06
4.307e-06,3.47e-06,5.39e-06,4.185e-06,5.39e-06
4.132e-06,2.85e-06,5.2e-06,4.24e-06,5.2e-06
4.352e-06,3.84e-06,5.29e-06,4.14e-06,5.29e-06
4.187e-06,2.78e-06,5.72e-06,4.125e-06,5.72e-06
4.325e-06,3.81e-06,5.37e-06,4.06e-06,5.37e-06
4.15e-06,3.05e-06,4.98e-06,4.285e-06,4.98e-06
4.115e-06,3.26e-06,5.03e-06,4.085e-06,5.03e-06
4.42e-06,2.95e-06,5.771e-06,4.48e-06,5.771e-06
4.12e-06,3.59e-06,5.15e-06,3.87e-06,5.15e-06
4.225e-06,2.97e-06,5.34e-06,4.295e-06,5.34e-06
4.357e-06,3.63e-06,5.6e-06,4.1e-06,5.6e-06
4.347e-06,3e-06,5.29e-06,4.55e-06,5.29e-06
4.208e-06,3.47e-06,5.59e-06,3.885e-06,5.59e-06
4.195e-06,2.881e-06,5.07e-06,4.415e-06,5.07e-06
4.232e-06,3.48e-06,5.55e-06,3.95e-06,5.55e-06
4.23e-06,2.91e-06,5.45e-06,4.28e-06,5.45e-06
4.085e-06,3.53e-06,5.04e-06,3.885e-06,5.04e-06
4.13e-06,2.81e-06,5.25e-06,4.23e-06,5.25e-06
4.28e-06,3.73e-06,5.131e-06,4.13e-06,5.131e-06
4.69e-06,3.53e-06,5.58e-06,4.825e-06,5.58e-06
4.022e-06,2.97e-06,4.77e-06,4.175e-06,4.77e-06
4.09e-06,3.08e-06,5.09e-06,4.095e-06,5.09e-06
4.143e-06,3.56e-06,5.24e-06,3.885e-06,5.24e-06
4.303e-06,3.24e-06,5.12e-06,4.425e-06,5.03e-06
4.308e-06,3.77e-06,5.23e-06,4.115e-06,5.23e-06
4.242e-06,3.01e-06,5.32e-06,4.32e-06,5.32e-06
4.268e-06,3.8e-06,5.08e-06,4.095e-06,5.08e-06
4.097e-06,2.87e-06,5.43e-06,4.045e-06,5.43e-06
4.355e-06,3.31e-06,5.51e-06,4.3e-06,5.51e-06
4.212e-06,3.02e-06,5.03e-06,4.4e-06,5.03e-06
4.555e-06,3.35e-06,5.591e-06,4.64e-06,5.591e-06
4.12e-06,3.02e-06,4.99e-06,4.235e-06,4.99e-06
4.155e-06,3.45e-06,5.06e-06,4.055e-06,5.06e-06
4.113e-06,2.86e-06,5.13e-06,4.23e-06,5.13e-06
4.322e-06,3.58e-06,5.55e-06,4.08e-06,5.55e-06
4.315e-06,3.41e-06,5.52e-06,4.165e-06,5.52e-06
4.067e-06,3.33e-06,5.27e-06,3.835e-06,5.27e-06
4.142e-06,2.85e-06,5.39e-06,4.165e-06,5.39e-06
4.235e-06,3.441e-06,5.44e-06,4.03e-06,5.44e-06
4.485e-06,3.14e-06,5.67e-06,4.565e-06,5.67e-06
4.225e-06,3.55e-06,5.17e-06,4.09e-06,5.17e-06
4.23e-06,3.1e-06,5.431e-06,4.195e-06,5.431e-06
4.135e-06,3.29e-06,5.45e-06,3.9e-06,5.45e-06
4.25e-06,3.34e-06,5e-06,4.33e-06,5e-06
4.177e-06,3.61e-06,5.26e-06,3.92e-06,5.26e-06
4.335e-06,2.85e-06,5.36e-06,4.565e-06,5.36e-06
4.043e-06,3.28e-06,5.09e-06,3.9e-06,5.09e-06
4.133e-06,3.06e-06,5.07e-06,4.2e-06,5.07e-06
4.285e-06,3.35e-06,5.1e-06,4.345e-06,5.1e-06
4.388e-06,3.43e-06,5.9e-06,4.11e-06,5.9e-06
4.11e-06,3.49e-06,5.11e-06,3.92e-06,5.11e-06
4.445e-06,2.83e-06,5.68e-06,4.635e-06,5.68e-06
4.363e-06,3.72e-06,5.57e-06,4.08e-06,5.57e-06
4.312e-06,3.33e-06,5.52e-06,4.2e-06,5.52e-06
4.228e-06,3.76e-06,5.33e-06,3.91e-06,5.33e-06
4.163e-06,2.86e-06,5.35e-06,4.22e-06,5.35e-06
4.145e-06,3.54e-06,4.99e-06,4.025e-06,4.99e-06
4.257e-06,3.32e-06,4.9e-06,4.405e-06,4.9e-06
4.15e-06,3.48e-06,5.42e-06,3.85e-06,5.42e-06
4.193e-06,3.01e-06,5.06e-06,4.35e-06,5.06e-06
4.353e-06,3.66e-06,5.51e-06,4.12e-06,5.51e-06
4.218e-06,2.88e-06,5.06e-06,4.465e-06,5.06e-06
4.22e-06,3.3e-06,5.36e-06,4.11e-06,5.36e-06
4.123e-06,2.991e-06,5.55e-06,3.975e-06,5.55e-06
4.28e-06,3.38e-06,5.311e-06,4.215e-06,5.311e-06
4.202e-06,2.99e-06,5.25e-06,4.285e-06,4.87e-06
4.1e-06,3.53e-06,5.1e-06,3.885e-06,5.1e-06
4.225e-06,3.01e-06,4.97e-06,4.46e-06,4.97e-06
4.255e-06,3.86e-06,5.01e-06,4.075e-06,5.01e-06
4.095e-06,2.97e-06,4.98e-06,4.215e-06,4.98e-06
4.235e-06,3.57e-06,5.23e-06,4.07e-06,5.23e-06
4.565e-06,3.68e-06,5.76e-06,4.41e-06,5.76e-06
4.255e-06,3.49e-06,4.96e-06,4.285e-06,4.96e-06
4.21e-06,2.55e-06,5.49e-06,4.4e-06,5.49e-06
4.173e-06,3.52e-06,5.1e-06,4.035e-06,5.1e-06
4.16e-06,3.01e-06,5.04e-06,4.295e-06,5.04e-06
4.22e-06,3.71e-06,5.26e-06,3.955e-06,5.26e-06
4.153e-06,2.99e-06,4.99e-06,4.316e-06,4.99e-06
4.12e-06,3.41e-06,5.13e-06,3.97e-06,5.13e-06
4.235e-06,2.94e-06,5.05e-06,4.475e-06,5.05e-06
4.205e-06,3.32e-06,5.18e-06,4.16e-06,5.18e-06
4.357e-06,2.97e-06,4.95e-06,4.755e-06,4.95e-06
4.145e-06,3.47e-06,5.35e-06,3.88e-06,5.35e-06
4.063e-06,2.69e-06,5.01e-06,4.275e-06,5.01e-06
4.243e-06,3.57e-06,4.86e-06,4.27e-06,4.86e-06
4.088e-06,2.98e-06,5.02e-06,4.175e-06,5.02e-06
4.322e-06,3.57e-06,5.22e-06,4.25e-06,5.22e-06
4.305e-06,3.05e-06,4.941e-06,4.615e-06,4.941e-06
4.173e-06,3.46e-06,5.13e-06,4.05e-06,5.13e-06
4.2e-06,3.25e-06,5.38e-06,4.085e-06,5.38e-06
4.325e-06,3.8e-06,5.43e-06,4.035e-06,5.43e-06
3.98e-06,2.82e-06,4.96e-06,4.071e-06,4.96e-06
4.103e-06,3.13e-06,5.4e-06,3.94e-06,5.4e-06
4.482e-06,3.45e-06,5.17e-06,4.655e-06,5.17e-06
4.245e-06,3.75e-06,5.06e-06,4.085e-06,5.06e-06
4.098e-06,2.92e-06,4.94e-06,4.265e-06,4.94e-06
4.22e-06,3.55e-06,5.06e-06,4.135e-06,5.06e-06
4.24e-06,3.2e-06,5.23e-06,4.265e-06,5.23e-06
4.105e-06,3.65e-06,5.051e-06,3.86e-06,5.051e-06
4.312e-06,2.74e-06,5.23e-06,4.64e-06,5.23e-06
4.135e-06,3.48e-06,5.45e-06,3.805e-06,5.45e-06
4.317e-06,3e-06,5.6e-06,4.335e-06,5.6e-06
4.12e-06,3.49e-06,5.22e-06,3.885e-06,5.22e-06
4.212e-06,2.82e-06,5.39e-06,4.32e-06,5.39e-06
4.05e-06,3.26e-06,5.16e-06,3.89e-06,5.16e-06
4.322e-06,2.86e-06,5.56e-06,4.435e-06,5.56e-06
4.118e-06,3.08e-06,5.16e-06,4.115e-06,5.16e-06
4.267e-06,3.22e-06,5.29e-06,4.28e-06,5.29e-06
4.17e-06,3.4e-06,5.5e-06,3.89e-06,5.5e-06
4.215e-06,3.06e-06,5.3e-06,4.25e-06,5.3e-06
4.323e-06,3.43e-06,5.421e-06,4.22e-06,5.421e-06
4.11e-06,2.9e-06,5.09e-06,4.225e-06,5.09e-06
4.12e-06,3.49e-06,5.2e-06,3.895e-06,5.2e-06
4.25e-06,3.09e-06,5.84e-06,4.035e-06,5.84e-06
4.208e-06,3.6e-06,5.09e-06,4.07e-06,5.09e-06
4.108e-06,2.54e-06,5.35e-06,4.27e-06,5.35e-06
4.242e-06,3.77e-06,5.34e-06,3.93e-06,5.34e-06
4.16e-06,3.04e-06,4.97e-06,4.315e-06,4.97e-06
4.215e-06,3.44e-06,5.25e-06,4.085e-06,5.25e-06
4.202e-06,2.78e-06,5.17e-06,4.43e-06,5.17e-06
4.272e-06,3.72e-06,5.28e-06,4.045e-06,5.28e-06
4.17e-06,2.89e-06,5.091e-06,4.35e-06,5.091e-06
4.133e-06,3.44e-06,5.02e-06,4.035e-06,5.02e-06
4.373e-06,3.37e-06,5.47e-06,4.325e-06,5.47e-06
4.163e-06,3.64e-06,5.21e-06,3.9e-06,5.21e-06
4.282e-06,3.15e-06,5.12e-06,4.43e-06,5.12e-06
4.19e-06,3.79e-06,5.02e-06,3.975e-06,5.02e-06
4.228e-06,3.17e-06,5.4e-06,4.17e-06,5.4e-06
4.182e-06,3.71e-06,5.16e-06,3.93e-06,5.16e-06
4.323e-06,2.95e-06,5.54e-06,4.4e-06,5.54e-06
4.165e-06,3.44e-06,5.17e-06,4.025e-06,5.17e-06
4.185e-06,2.83e-06,5.46e-06,4.225e-06,5.46e-06
4.102e-06,3.47e-06,5.16e-06,3.89e-06,5.16e-06
4.075e-06,2.92e-06,5.031e-06,4.175e-06,5.031e-06
3.968e-06,3.3e-06,4.93e-06,3.82e-06,4.93e-06
4.263e-06,2.78e-06,5.41e-06,4.43e-06,5.41e-06
4.442e-06,3.69e-06,5.47e-06,4.305e-06,5.47e-06
4.22e-06,3.26e-06,5.02e-06,4.3e-06,5.02e-06
4.25e-06,3.72e-06,5e-06,4.14e-06,5e-06
4.143e-06,2.97e-06,5.02e-06,4.29e-06,5.02e-06
4.21e-06,3.53e-06,5.45e-06,3.93e-06,5.45e-06
4.245e-06,3.23e-06,5.2e-06,4.275e-06,5.2e-06
4.267e-06,3.57e-06,5.13e-06,4.185e-06,5.13e-06
4.075e-06,2.89e-06,5.1e-06,4.155e-06,5.1e-06
4.275e-06,3.49e-06,5.071e-06,4.27e-06,5.071e-06
4.295e-06,3.28e-06,5.22e-06,4.34e-06,5.01e-06
4.258e-06,3.38e-06,5.16e-06,4.245e-06,5.16e-06
4.305e-06,3.1e-06,5.3e-06,4.41e-06,5.3e-06
4.045e-06,3.09e-06,4.88e-06,4.105e-06,4.88e-06
4.3e-06,3.27e-06,5.05e-06,4.44e-06,5.05e-06
4.237e-06,3.75e-06,5.11e-06,4.045e-06,5.11e-06
4.272e-06,3.16e-06,5.03e-06,4.45e-06,5.03e-06
4.235e-06,3.61e-06,5.45e-06,3.94e-06,5.45e-06
4.308e-06,3.05e-06,5.03e-06,4.575e-06,5.03e-06
4.253e-06,3.35e-06,5.48e-06,4.09e-06,5.48e-06
4.285e-06,3.07e-06,5.23e-06,4.42e-06,5.23e-06
4.243e-06,3.44e-06,5.21e-06,4.16e-06,5.21e-06
4.395e-06,3.38e-06,5.53e-06,4.335e-06,5.53e-06
4.298e-06,3.63e-06,5.44e-06,4.06e-06,5.44e-06
4.135e-06,2.76e-06,5.13e-06,4.325e-06,5.13e-06
4.14e-06,3.66e-06,5.21e-06,3.845e-06,5.21e-06
4.317e-06,3.33e-06,5.04e-06,4.45e-06,5.04e-06
4.168e-06,3.64e-06,5.14e-06,3.945e-06,5.14e-06
4.295e-06,3.01e-06,5.48e-06,4.345e-06,5.48e-06
4.267e-06,3.65e-06,5.44e-06,3.99e-06,5.44e-06
4.378e-06,3.3e-06,5.77e-06,4.22e-06,5.77e-06
4.085e-06,3.45e-06,5.18e-06,3.855e-06,5.18e-06
4.41e-06,2.92e-06,5.461e-06,4.63e-06,5.461e-06
4.292e-06,3.59e-06,5.08e-06,4.25e-06,5.08e-06
4.08e-06,3.11e-06,5.14e-06,4.035e-06,5.14e-06
4.11e-06,3.24e-06,5.09e-06,4.055e-06,5.09e-06
4.57e-06,3.69e-06,5.19e-06,4.7e-06,5.16e-06
4.158e-06,3.56e-06,5.08e-06,3.995e-06,5.08e-06
4.263e-06,2.83e-06,5.2e-06,4.51e-06,5.2e-06
4.277e-06,3.71e-06,5.18e-06,4.11e-06,5.18e-06
4.185e-06,2.88e-06,5.25e-06,4.305e-06,5.25e-06
4.328e-06,3.93e-06,5.38e-06,4.001e-06,5.38e-06
4.058e-06,2.87e-06,5.07e-06,4.145e-06,5.07e-06
4.258e-06,3.84e-06,5.14e-06,4.025e-06,5.14e-06
4.223e-06,2.4e-06,5.331e-06,4.58e-06,5.331e-06
4.39e-06,3.49e-06,5.54e-06,4.265e-06,5.54e-06
4.375e-06,3.35e-06,5.51e-06,4.32e-06,5.51e-06
4.32e-06,3.42e-06,5.65e-06,4.105e-06,5.65e-06
4.285e-06,3.39e-06,5.13e-06,4.31e-06,5.13e-06
4.158e-06,3.25e-06,4.96e-06,4.21e-06,4.96e-06
4.255e-06,2.95e-06,5.33e-06,4.37e-06,4.95e-06
4.215e-06,3.54e-06,5.52e-06,3.9e-06,5.52e-06
4.36e-06,2.86e-06,5.68e-06,4.45e-06,5.68e-06
4.35e-06,3.68e-06,5.15e-06,4.285e-06,5.15e-06
4.327e-06,3.15e-06,5.28e-06,4.44e-06,5.28e-06
4.053e-06,3.48e-06,4.921e-06,3.906e-06,4.921e-06
4.025e-06,2.88e-06,5.48e-06,3.87e-06,5.48e-06
4.168e-06,3.16e-06,5.54e-06,3.985e-06,5.54e-06
4.442e-06,3.3e-06,5.3e-06,4.585e-06,5.3e-06
4.435e-06,3.59e-06,5.73e-06,4.21e-06,5.73e-06
4.185e-06,3.09e-06,5.34e-06,4.155e-06,5.34e-06
4.798e-06,2.82e-06,7.72e-06,4.325e-06,7.72e-06
4.275e-06,3.24e-06,4.84e-06,4.51e-06,4.84e-06
4.443e-06,3.37e-06,5.67e-06,4.366e-06,5.67e-06
4.327e-06,3.72e-06,4.97e-06,4.31e-06,4.97e-06
4.168e-06,3.24e-06,5.32e-06,4.055e-06,5.32e-06
4.238e-06,3.271e-06,4.9e-06,4.39e-06,4.9e-06
4.372e-06,3.3e-06,5.56e-06,4.315e-06,5.56e-06
4.248e-06,3.57e-06,4.91e-06,4.255e-06,4.91e-06
4.408e-06,3.59e-06,5.92e-06,4.06e-06,5.92e-06
4.327e-06,3.24e-06,5.22e-06,4.425e-06,5.22e-06
4.47e-06,3.4e-06,5.97e-06,4.255e-06,5.97e-06
4.278e-06,3.06e-06,5.2e-06,4.425e-06,5.2e-06
4.495e-06,3.28e-06,5.921e-06,4.39e-06,5.921e-06
4.18e-06,3.48e-06,5.17e-06,4.035e-06,5.17e-06
4.182e-06,3.19e-06,5.39e-06,4.075e-06,5.39e-06
4.7e-06,3.71e-06,5.56e-06,4.765e-06,5.56e-06
4.315e-06,3.28e-06,5.44e-06,4.27e-06,5.44e-06
4.19e-06,3.11e-06,5.17e-06,4.24e-06,5.17e-06
4.23e-06,3.22e-06,5.44e-06,4.13e-06,5.44e-06
4.56e-06,3.08e-06,6.2e-06,4.48e-06,6.2e-06
4.272e-06,3.29e-06,5.51e-06,4.145e-06,5.51e-06
4.217e-06,3.03e-06,5.42e-06,4.21e-06,5.42e-06
4.267e-06,3.3e-06,5.43e-06,4.17e-06,5.43e-06
4.203e-06,3.51e-06,4.931e-06,4.185e-06,4.931e-06
4.44e-06,3.57e-06,5.48e-06,4.355e-06,5.48e-06
4.553e-06,3.77e-06,5.31e-06,4.565e-06,5.31e-06
4.203e-06,3.31e-06,5.49e-06,4.005e-06,5.49e-06
4.542e-06,3.22e-06,5.25e-06,4.85e-06,5.25e-06
4.325e-06,3.18e-06,5.53e-06,4.295e-06,5.53e-06
4.325e-06,3.23e-06,5.05e-06,4.511e-06,5.05e-06
4.277e-06,2.91e-06,5.67e-06,4.265e-06,5.67e-06
4.437e-06,3.65e-06,4.94e-06,4.58e-06,4.94e-06
4.235e-06,3.19e-06,5.7e-06,4.025e-06,5.7e-06
4.397e-06,3.3e-06,5.07e-06,4.61e-06,5.07e-06
4.2e-06,3.14e-06,5.471e-06,4.095e-06,5.471e-06
4.392e-06,3.15e-06,4.98e-06,4.72e-06,4.98e-06
4.34e-06,3.3e-06,5.68e-06,4.19e-06,5.68e-06
4.418e-06,3.58e-06,5.19e-06,4.45e-06,5.19e-06
4.195e-06,3.2e-06,5.42e-06,4.08e-06,5.42e-06
4.337e-06,3.12e-06,5.04e-06,4.595e-06,5.04e-06
4.427e-06,3.3e-06,5.82e-06,4.295e-06,5.82e-06
4.293e-06,3.54e-06,4.9e-06,4.365e-06,4.89e-06
4.318e-06,3.71e-06,5.19e-06,4.185e-06,5.19e-06
4.313e-06,3.21e-06,5.31e-06,4.365e-06,5.31e-06
4.232e-06,3.14e-06,5.76e-06,4.015e-06,5.76e-06
4.303e-06,3.23e-06,4.941e-06,4.52e-06,4.941e-06
4.295e-06,3.28e-06,5.45e-06,4.225e-06,5.45e-06
4.483e-06,3.83e-06,4.89e-06,4.605e-06,4.89e-06
4.355e-06,3.8e-06,5.3e-06,4.16e-06,5.3e-06
4.275e-06,3.5e-06,5.09e-06,4.255e-06,5.09e-06
4.285e-06,3.74e-06,5.48e-06,3.96e-06,5.48e-06
4.213e-06,3.13e-06,4.86e-06,4.43e-06,4.86e-06
4.382e-06,3.77e-06,5.37e-06,4.195e-06,5.37e-06
4.4e-06,3.56e-06,4.94e-06,4.55e-06,4.94e-06
4.22e-06,3.291e-06,5.58e-06,4.005e-06,5.58e-06
4.333e-06,3.16e-06,5.06e-06,4.555e-06,5.06e-06
4.098e-06,2.95e-06,5.27e-06,4.085e-06,5.27e-06
4.288e-06,3.06e-06,5.05e-06,4.521e-06,4.9e-06
4.477e-06,3.33e-06,5.89e-06,4.345e-06,5.89e-06
4.338e-06,3.34e-06,5.14e-06,4.435e-06,5.14e-06
4.283e-06,3.24e-06,5.48e-06,4.205e-06,5.48e-06
4.3e-06,3.23e-06,4.92e-06,4.525e-06,4.92e-06
4.34e-06,3.22e-06,5.3e-06,4.42e-06,5.3e-06
4.188e-06,3.58e-06,4.85e-06,4.16e-06,4.85e-06
4.453e-06,3.74e-06,5.59e-06,4.24e-06,5.59e-06
4.38e-06,3.3e-06,5.42e-06,4.4e-06,5.42e-06
4.43e-06,3.34e-06,5.78e-06,4.3e-06,5.78e-06
4.277e-06,3.34e-06,4.94e-06,4.415e-06,4.94e-06
4.208e-06,3.41e-06,5.44e-06,3.99e-06,5.44e-06
4.308e-06,3.19e-06,5.07e-06,4.485e-06,5.07e-06
4.13e-06,3.23e-06,5.3e-06,3.996e-06,5.3e-06
4.125e-06,3.03e-06,4.94e-06,4.266e-06,4.94e-06
4.208e-06,3.16e-06,5.24e-06,4.215e-06,5.24e-06
4.375e-06,3.1e-06,5.67e-06,4.365e-06,5.67e-06
4.235e-06,3.4e-06,5.55e-06,3.995e-06,5.55e-06
4.455e-06,3.56e-06,5.33e-06,4.465e-06,5.33e-06
4.305e-06,3.21e-06,5.82e-06,4.095e-06,5.82e-06
4.082e-06,3.46e-06,4.85e-06,4.01e-06,4.85e-06
4.24e-06,3.14e-06,5.39e-06,4.215e-06,5.39e-06
4.26e-06,3.2e-06,4.931e-06,4.455e-06,4.931e-06
4.26e-06,3.14e-06,5.6e-06,4.15e-06,5.6e-06
4.342e-06,3.24e-06,4.94e-06,4.595e-06,4.94e-06
4.11e-06,3.11e-06,5.44e-06,3.945e-06,5.44e-06
4.455e-06,3.6e-06,5.39e-06,4.415e-06,5.39e-06
4.265e-06,3.18e-06,5.31e-06,4.285e-06,5.31e-06
4.095e-06,3.2e-06,4.87e-06,4.155e-06,4.87e-06
4.225e-06,3.16e-06,5.43e-06,4.155e-06,5.43e-06
4.282e-06,3.49e-06,4.91e-06,4.365e-06,4.91e-06
4.375e-06,3.37e-06,5.83e-06,4.15e-06,5.83e-06
4.39e-06,3.39e-06,5.23e-06,4.47e-06,5.23e-06
4.253e-06,3.1e-06,5.621e-06,4.145e-06,5.621e-06
4.253e-06,3.1e-06,4.95e-06,4.48e-06,4.95e-06
4.125e-06,3.18e-06,5.45e-06,3.935e-06,5.45e-06
4.308e-06,3.5e-06,4.98e-06,4.375e-06,4.73e-06
4.443e-06,3.3e-06,5.95e-06,4.26e-06,5.95e-06
4.413e-06,3.55e-06,5.11e-06,4.495e-06,5.11e-06
4.297e-06,3.26e-06,5.93e-06,4e-06,5.93e-06
4.217e-06,3.07e-06,4.93e-06,4.435e-06,4.93e-06
4.263e-06,3.23e-06,5.53e-06,4.145e-06,5.53e-06
4.18e-06,3.13e-06,5.25e-06,4.171e-06,5.25e-06
4.327e-06,3.32e-06,5.53e-06,4.23e-06,5.53e-06
4.502e-06,4.15e-06,4.88e-06,4.49e-06,4.88e-06
4.355e-06,3.26e-06,5.79e-06,4.185e-06,5.79e-06
4.418e-06,3.22e-06,5.24e-06,4.605e-06,5.24e-06
4.287e-06,3.56e-06,5.68e-06,3.955e-06,5.68e-06
4.343e-06,3.12e-06,5.58e-06,4.335e-06,5.58e-06
4.105e-06,3.07e-06,4.99e-06,4.18e-06,4.99e-06
4.44e-06,3.46e-06,4.97e-06,4.665e-06,4.97e-06
4.36e-06,3.64e-06,5.46e-06,4.17e-06,5.46e-06
4.582e-06,3.33e-06,5.39e-06,4.805e-06,5.39e-06
4.147e-06,3.21e-06,5.53e-06,3.925e-06,5.53e-06
4.295e-06,3.22e-06,5.2e-06,4.38e-06,5.2e-06
4.4e-06,3.26e-06,5.49e-06,4.425e-06,5.49e-06
4.26e-06,3.51e-06,4.811e-06,4.36e-06,4.811e-06
4.21e-06,3.33e-06,5.42e-06,4.045e-06,5.42e-06
4.135e-06,3.06e-06,4.93e-06,4.275e-06,4.93e-06
4.51e-06,3.2e-06,5.42e-06,4.71e-06,5.42e-06
4.45e-06,3.52e-06,4.98e-06,4.65e-06,4.98e-06
4.39e-06,3.2e-06,5.78e-06,4.29e-06,5.78e-06
4.145e-06,3.17e-06,4.96e-06,4.225e-06,4.96e-06
4.243e-06,3.1e-06,5.23e-06,4.32e-06,5.23e-06
4.345e-06,3.46e-06,4.9e-06,4.51e-06,4.9e-06
4.305e-06,3.52e-06,5.73e-06,3.985e-06,5.73e-06
4.333e-06,3.45e-06,5.08e-06,4.4e-06,5.08e-06
4.35e-06,3.17e-06,5.751e-06,4.24e-06,5.751e-06
4.32e-06,3.14e-06,5.02e-06,4.56e-06,5.02e-06
4.31e-06,3.14e-06,5.69e-06,4.205e-06,5.69e-06
4.318e-06,3.511e-06,5.2e-06,4.28e-06,5.2e-06
4.215e-06,3.34e-06,5.46e-06,4.03e-06,5.46e-06
4.445e-06,3.39e-06,4.99e-06,4.7e-06,4.79e-06
4.308e-06,3.02e-06,6.02e-06,4.095e-06,6.02e-06
4.335e-06,3.24e-06,4.91e-06,4.595e-06,4.91e-06
4.413e-06,3.25e-06,5.42e-06,4.49e-06,5.42e-06
4.32e-06,3.48e-06,4.94e-06,4.43e-06,4.94e-06
4.343e-06,3.21e-06,5.73e-06,4.215e-06,5.73e-06
4.34e-06,3.39e-06,5.071e-06,4.45e-06,5.071e-06
4.222e-06,3.36e-06,5.47e-06,4.03e-06,5.47e-06
4.3e-06,2.81e-06,5.23e-06,4.58e-06,5.23e-06
4.285e-06,3.16e-06,5.42e-06,4.28e-06,5.42e-06
4.315e-06,3.18e-06,4.92e-06,4.58e-06,4.92e-06
4.223e-06,3.581e-06,5.4e-06,3.955e-06,5.4e-06
4.108e-06,3.44e-06,4.9e-06,4.045e-06,4.9e-06
4.325e-06,3.12e-06,5.47e-06,4.355e-06,5.47e-06
4.805e-06,3.67e-06,5.6e-06,4.975e-06,5.6e-06
4.185e-06,3.16e-06,5.61e-06,3.985e-06,5.61e-06
4.545e-06,3.36e-06,5.71e-06,4.555e-06,5.71e-06
4.115e-06,3.39e-06,5.301e-06,3.885e-06,5.301e-06
4.42e-06,3.54e-06,4.98e-06,4.58e-06,4.98e-06
4.34e-06,3.33e-06,5.47e-06,4.28e-06,5.47e-06
4.253e-06,3.08e-06,5.26e-06,4.335e-06,5.26e-06
4.3e-06,3.4e-06,5.34e-06,4.23e-06,5.34e-06
4.19e-06,3.08e-06,4.9e-06,4.39e-06,4.9e-06
4.375e-06,3.32e-06,5.44e-06,4.371e-06,5.44e-06
4.315e-06,3.22e-06,5e-06,4.52e-06,5e-06
4.25e-06,3.4e-06,5.48e-06,4.061e-06,5.48e-06
4.427e-06,3.25e-06,5.62e-06,4.42e-06,5.62e-06
4.338e-06,3.26e-06,5.37e-06,4.36e-06,5.37e-06
4.41e-06,3.24e-06,5.29e-06,4.556e-06,5.021e-06
4.535e-06,3.33e-06,5.43e-06,4.69e-06,5.43e-06
4.298e-06,3.31e-06,4.91e-06,4.485e-06,4.91e-06
4.247e-06,3.52e-06,5.56e-06,3.955e-06,5.56e-06
4.292e-06,3.24e-06,4.88e-06,4.525e-06,4.88e-06
4.315e-06,3.48e-06,5.43e-06,4.175e-06,5.43e-06
4.143e-06,3.11e-06,4.92e-06,4.27e-06,4.92e-06
4.477e-06,3.41e-06,6.05e-06,4.225e-06,6.05e-06
4.262e-06,3.46e-06,4.87e-06,4.36e-06,4.87e-06
4.303e-06,3.35e-06,5.42e-06,4.221e-06,5.42e-06
4.382e-06,3.24e-06,5.34e-06,4.475e-06,5.34e-06
4.305e-06,3.35e-06,5.741e-06,4.065e-06,5.741e-06
4.442e-06,3.65e-06,5.07e-06,4.525e-06,5.07e-06
4.112e-06,2.93e-06,5.35e-06,4.085e-06,5.35e-06
4.208e-06,3.17e-06,4.89e-06,4.385e-06,4.89e-06
4.14e-06,3.08e-06,5.49e-06,3.995e-06,5.49e-06
4.405e-06,3.42e-06,5.17e-06,4.515e-06,4.94e-06
4.58e-06,3.69e-06,5.34e-06,4.645e-06,5.34e-06
4.202e-06,3.02e-06,4.88e-06,4.455e-06,4.88e-06
4.617e-06,3.83e-06,6.03e-06,4.305e-06,6.03e-06
4.47e-06,3.58e-06,5.31e-06,4.495e-06,5.31e-06
4.272e-06,3.18e-06,5.54e-06,4.185e-06,5.54e-06
4.295e-06,3.13e-06,4.97e-06,4.54e-06,4.97e-06
4.41e-06,3.14e-06,5.79e-06,4.355e-06,5.79e-06
4.34e-06,3.56e-06,5.15e-06,4.325e-06,5.15e-06
4.362e-06,3.55e-06,5.7e-06,4.1e-06,5.7e-06
4.227e-06,3.21e-06,4.92e-06,4.39e-06,4.92e-06
4.123e-06,2.98e-06,5.28e-06,4.115e-06,5.28e-06
4.328e-06,3e-06,4.99e-06,4.66e-06,4.99e-06
4.512e-06,3.33e-06,5.75e-06,4.485e-06,5.75e-06
4.277e-06,3.65e-06,4.94e-06,4.26e-06,4.94e-06
4.235e-06,3.22e-06,5.73e-06,3.995e-06,5.73e-06
4.182e-06,3.42e-06,4.86e-06,4.225e-06,4.86e-06
4.48e-06,3.5e-06,6.16e-06,4.13e-06,6.16e-06
4.093e-06,3.24e-06,4.8e-06,4.165e-06,4.8e-06
4.602e-06,3.94e-06,5.55e-06,4.46e-06,5.55e-06
4.243e-06,3.16e-06,5.15e-06,4.33e-06,5.15e-06
4.47e-06,3.51e-06,5.69e-06,4.34e-06,5.69e-06
4.375e-06,3.74e-06,4.9e-06,4.43e-06,4.9e-06
4.263e-06,3.29e-06,5.35e-06,4.205e-06,5.35e-06
4.63e-06,3.38e-06,5.28e-06,4.93e-06,5.28e-06
4.15e-06,3.32e-06,5.36e-06,3.96e-06,5.36e-06
4.068e-06,2.97e-06,4.99e-06,4.155e-06,4.99e-06
4.378e-06,3.461e-06,5.46e-06,4.295e-06,5.46e-06
4.24e-06,3.25e-06,5.03e-06,4.34e-06,5.03e-06
4.278e-06,3.24e-06,5.501e-06,4.185e-06,5.501e-06
4.385e-06,3.36e-06,5.14e-06,4.52e-06,5.14e-06
4.265e-06,3.52e-06,5.58e-06,3.98e-06,5.58e-06
4.195e-06,3.35e-06,4.95e-06,4.24e-06,4.95e-06
4.268e-06,3.54e-06,5.37e-06,4.08e-06,5.37e-06
4.323e-06,3.38e-06,4.8e-06,4.556e-06,4.8e-06
4.192e-06,3.25e-06,5.43e-06,4.045e-06,5.43e-06
4.115e-06,3.1e-06,4.85e-06,4.256e-06,4.85e-06
4.277e-06,3.22e-06,5.38e-06,4.255e-06,5.38e-06
4.517e-06,3.53e-06,5.27e-06,4.635e-06,5.27e-06
4.333e-06,3.3e-06,5.68e-06,4.175e-06,5.68e-06
4.14e-06,3.09e-06,4.801e-06,4.335e-06,4.801e-06
4.248e-06,3.19e-06,5.9e-06,3.95e-06,5.9e-06
4.215e-06,3.55e-06,4.89e-06,4.21e-06,4.89e-06
4.45e-06,3.76e-06,5.85e-06,4.095e-06,5.85e-06
4.365e-06,3.19e-06,4.92e-06,4.675e-06,4.92e-06
4.322e-06,3.21e-06,5.44e-06,4.32e-06,5.44e-06
4.48e-06,3.51e-06,5.25e-06,4.58e-06,5.07e-06
4.358e-06,3.48e-06,5.75e-06,4.1e-06,5.75e-06
4.272e-06,3.48e-06,4.96e-06,4.325e-06,4.96e-06
4.277e-06,3.56e-06,5.37e-06,4.09e-06,5.37e-06
4.242e-06,3.28e-06,4.89e-06,4.4e-06,4.89e-06
4.218e-06,3.231e-06,5.491e-06,4.075e-06,5.491e-06
4.198e-06,3.11e-06,4.97e-06,4.355e-06,4.97e-06
4.277e-06,3.24e-06,5.68e-06,4.095e-06,5.68e-06
4.123e-06,2.83e-06,5.19e-06,4.235e-06,5.19e-06
4.295e-06,3.21e-06,5.47e-06,4.25e-06,5.47e-06
4.308e-06,3.15e-06,4.86e-06,4.61e-06,4.86e-06
4.312e-06,3.28e-06,5.68e-06,4.145e-06,5.68e-06
4.453e-06,3.33e-06,5.12e-06,4.68e-06,5.12e-06
4.448e-06,3.64e-06,6.05e-06,4.05e-06,6.05e-06
4.457e-06,3.17e-06,5.96e-06,4.35e-06,5.96e-06
4.123e-06,3.13e-06,4.92e-06,4.221e-06,4.92e-06
4.36e-06,3.38e-06,4.891e-06,4.585e-06,4.891e-06
4.473e-06,3.55e-06,5.67e-06,4.335e-06,5.67e-06
4.427e-06,3.59e-06,5.03e-06,4.545e-06,5.03e-06
4.347e-06,3.17e-06,6.01e-06,4.105e-06,6.01e-06
4.59e-06,3.51e-06,5.7e-06,4.575e-06,5.7e-06
4.315e-06,3.21e-06,5.4e-06,4.325e-06,5.4e-06
4.268e-06,3.42e-06,4.85e-06,4.4e-06,4.85e-06
4.197e-06,3.28e-06,5.4e-06,4.055e-06,5.4e-06
4.35e-06,3.13e-06,5.39e-06,4.44e-06,5.39e-06
4.322e-06,3.44e-06,5.45e-06,4.2e-06,5.45e-06
4.44e-06,3.05e-06,5.3e-06,4.705e-06,5.3e-06
4.488e-06,3.34e-06,5.601e-06,4.505e-06,5.601e-06
4.233e-06,3.32e-06,5.25e-06,4.181e-06,5.25e-06
4.163e-06,3.091e-06,5.19e-06,4.185e-06,5.19e-06
4.173e-06,3.15e-06,4.85e-06,4.345e-06,4.85e-06
4.285e-06,3.15e-06,5.55e-06,4.221e-06,5.55e-06
4.45e-06,3.28e-06,5.1e-06,4.71e-06,5.1e-06
4.235e-06,3.18e-06,5.68e-06,4.04e-06,5.68e-06
4.31e-06,3.46e-06,5.06e-06,4.36e-06,5.06e-06
4.242e-06,3.2e-06,5.36e-06,4.205e-06,5.36e-06
4.228e-06,3.18e-06,4.98e-06,4.375e-06,4.98e-06
4.223e-06,3.28e-06,5.52e-06,4.045e-06,5.52e-06
4.49e-06,3.73e-06,5.141e-06,4.545e-06,5.141e-06
4.15e-06,3.15e-06,5.38e-06,4.035e-06,5.38e-06
4.24e-06,3.37e-06,4.94e-06,4.325e-06,4.94e-06
4.382e-06,3.83e-06,5.34e-06,4.18e-06,5.34e-06
4.313e-06,3.35e-06,4.85e-06,4.525e-06,4.85e-06
4.315e-06,3.2e-06,5.45e-06,4.305e-06,5.45e-06
4.242e-06,3.22e-06,4.95e-06,4.4e-06,4.95e-06
4.287e-06,3.66e-06,5.37e-06,4.06e-06,5.37e-06
4.4e-06,3.24e-06,4.9e-06,4.73e-06,4.84e-06
4.515e-06,3.66e-06,5.94e-06,4.23e-06,5.94e-06
4.19e-06,3.02e-06,4.83e-06,4.455e-06,4.83e-06
4.208e-06,3.25e-06,5.661e-06,3.96e-06,5.661e-06
4.127e-06,3.54e-06,4.78e-06,4.095e-06,4.78e-06
4.178e-06,3.31e-06,5.62e-06,3.89e-06,5.62e-06
4.403e-06,3.23e-06,5.25e-06,4.565e-06,5.25e-06
4.258e-06,3.36e-06,5.5e-06,4.085e-06,5.5e-06
4.295e-06,3.39e-06,5.07e-06,4.36e-06,5.07e-06
4.352e-06,3.69e-06,5.44e-06,4.14e-06,5.44e-06
4.133e-06,3.04e-06,4.96e-06,4.265e-06,4.96e-06
4.398e-06,3.63e-06,5.43e-06,4.265e-06,5.43e-06
4.092e-06,2.96e-06,4.88e-06,4.265e-06,4.88e-06
4.395e-06,3.89e-06,5.48e-06,4.105e-06,5.48e-06
4.17e-06,3.15e-06,4.93e-06,4.3e-06,4.93e-06
4.308e-06,3.18e-06,5.491e-06,4.28e-06,5.491e-06
4.352e-06,3.43e-06,4.92e-06,4.53e-06,4.92e-06
4.335e-06,3.39e-06,5.57e-06,4.19e-06,5.57e-06
4.165e-06,2.95e-06,4.85e-06,4.43e-06,4.85e-06
4.3e-06,3.29e-06,5.68e-06,4.115e-06,5.68e-06
4.36e-06,3.29e-06,5.07e-06,4.54e-06,5.07e-06
4.34e-06,3.27e-06,5.79e-06,4.15e-06,5.79e-06
4.402e-06,3.43e-06,4.94e-06,4.62e-06,4.94e-06
4.35e-06,3.27e-06,5.57e-06,4.28e-06,5.57e-06
4.305e-06,3.36e-06,5.05e-06,4.405e-06,4.85e-06
4.325e-06,3.38e-06,5.64e-06,4.14e-06,5.64e-06
4.16e-06,3.37e-06,4.901e-06,4.186e-06,4.901e-06
4.463e-06,3.32e-06,5.82e-06,4.355e-06,5.82e-06
4.275e-06,3.45e-06,4.99e-06,4.33e-06,4.99e-06
4.303e-06,3.3e-06,5.53e-06,4.19e-06,5.53e-06
4.29e-06,3.2e-06,4.91e-06,4.525e-06,4.86e-06
4.325e-06,3.28e-06,6.04e-06,3.99e-06,6.04e-06
4.22e-06,3.081e-06,5.13e-06,4.335e-06,4.85e-06
4.21e-06,3.56e-06,4.93e-06,4.175e-06,4.93e-06
4.435e-06,3.48e-06,4.94e-06,4.66e-06,4.94e-06
4.317e-06,3.43e-06,5.54e-06,4.15e-06,5.54e-06
4.24e-06,3.41e-06,5.02e-06,4.265e-06,5.02e-06
4.318e-06,3.56e-06,5.291e-06,4.21e-06,5.291e-06
4.335e-06,3.63e-06,5.02e-06,4.345e-06,5.02e-06
4.268e-06,3.32e-06,5.42e-06,4.165e-06,5.42e-06
4.25e-06,3.26e-06,4.77e-06,4.485e-06,4.77e-06
4.135e-06,3.21e-06,5.52e-06,3.905e-06,5.52e-06
4.365e-06,3.17e-06,5.59e-06,4.35e-06,5.59e-06
4.405e-06,3.18e-06,6.09e-06,4.175e-06,6.09e-06
4.225e-06,3.14e-06,5e-06,4.38e-06,5e-06
4.258e-06,3.33e-06,5.66e-06,4.02e-06,5.66e-06
4.077e-06,3.1e-06,5.03e-06,4.09e-06,5.03e-06
4.277e-06,3.39e-06,5.54e-06,4.09e-06,5.54e-06
4.36e-06,3.27e-06,5.291e-06,4.44e-06,5.291e-06
4.352e-06,3.41e-06,5.55e-06,4.225e-06,5.55e-06
4.257e-06,3.22e-06,4.97e-06,4.42e-06,4.97e-06
4.22e-06,3.03e-06,5.73e-06,4.06e-06,5.73e-06
4.19e-06,3.23e-06,4.93e-06,4.3e-06,4.93e-06
4.18e-06,3.07e-06,5.56e-06,4.045e-06,5.56e-06
4.113e-06,3.02e-06,4.94e-06,4.246e-06,4.94e-06
4.267e-06,3.16e-06,5.43e-06,4.24e-06,5.43e-06
4.235e-06,3.48e-06,4.78e-06,4.34e-06,4.78e-06
4.455e-06,3.37e-06,5.83e-06,4.31e-06,5.83e-06
4.255e-06,3.16e-06,4.96e-06,4.45e-06,4.96e-06
4.405e-06,3.31e-06,5.69e-06,4.31e-06,5.69e-06
4.445e-06,3.62e-06,5e-06,4.581e-06,4.921e-06
4.315e-06,3.24e-06,5.23e-06,4.395e-06,5.23e-06
4.422e-06,3.42e-06,4.89e-06,4.69e-06,4.89e-06
4.338e-06,3.41e-06,5.24e-06,4.35e-06,5.24e-06
4.235e-06,3.51e-06,4.81e-06,4.31e-06,4.81e-06
4.222e-06,3.43e-06,5.56e-06,3.95e-06,5.56e-06
4.252e-06,3.08e-06,5e-06,4.465e-06,5e-06
4.107e-06,3.26e-06,5.31e-06,3.93e-06,5.31e-06
4.218e-06,3.36e-06,4.87e-06,4.32e-06,4.87e-06
4.347e-06,3.61e-06,5.73e-06,4.025e-06,5.73e-06
4.36e-06,3.77e-06,4.74e-06,4.465e-06,4.74e-06
4.298e-06,3.34e-06,5.691e-06,4.08e-06,5.691e-06
4.243e-06,3.17e-06,5.2e-06,4.3e-06,5.2e-06
4.302e-06,3.25e-06,5.41e-06,4.275e-06,5.41e-06
4.237e-06,3.24e-06,4.95e-06,4.38e-06,4.95e-06
4.323e-06,3.18e-06,5.31e-06,4.4e-06,5.31e-06
4.25e-06,3.12e-06,4.93e-06,4.475e-06,4.93e-06
4.193e-06,3.24e-06,5.44e-06,4.045e-06,5.44e-06
4.308e-06,3.24e-06,4.96e-06,4.515e-06,4.96e-06
4.407e-06,3.32e-06,5.58e-06,4.365e-06,5.58e-06
4.347e-06,3.37e-06,5.33e-06,4.345e-06,5.33e-06
4.53e-06,3.91e-06,5.4e-06,4.405e-06,5.4e-06
4.188e-06,2.99e-06,5.101e-06,4.33e-06,5.101e-06
4.198e-06,3.13e-06,5.43e-06,4.115e-06,5.43e-06
4.327e-06,3.39e-06,4.94e-06,4.49e-06,4.75e-06
4.19e-06,3.27e-06,5.53e-06,3.98e-06,5.53e-06
4.4e-06,3.25e-06,5.16e-06,4.595e-06,5.16e-06
4.245e-06,3.35e-06,5.45e-06,4.09e-06,5.45e-06
4.463e-06,3.62e-06,5.35e-06,4.44e-06,5.35e-06
4.332e-06,3.28e-06,5.88e-06,4.085e-06,5.88e-06
4.148e-06,2.82e-06,4.79e-06,4.49e-06,4.79e-06
4.233e-06,2.91e-06,5.69e-06,4.165e-06,5.69e-06
4.338e-06,3.54e-06,4.8e-06,4.505e-06,4.8e-06
4.18e-06,3.15e-06,5.561e-06,4.005e-06,5.561e-06
4.453e-06,3.68e-06,5.22e-06,4.455e-06,5.22e-06
4.415e-06,3.56e-06,5.75e-06,4.176e-06,5.75e-06
4.473e-06,3.8e-06,4.99e-06,4.55e-06,4.99e-06
4.198e-06,3.06e-06,4.95e-06,4.39e-06,4.95e-06
4.305e-06,3.52e-06,4.89e-06,4.405e-06,4.89e-06
4.422e-06,3.32e-06,5.57e-06,4.4e-06,5.57e-06
4.238e-06,3.04e-06,4.98e-06,4.465e-06,4.92e-06
4.292e-06,3.32e-06,5.66e-06,4.095e-06,5.66e-06
4.363e-06,3.4e-06,5.26e-06,4.395e-06,5.26e-06
4.327e-06,3.05e-06,5.72e-06,4.27e-06,5.72e-06
4.203e-06,3.23e-06,5.021e-06,4.28e-06,5.021e-06
4.113e-06,3.09e-06,5.47e-06,3.945e-06,5.47e-06
4.455e-06,3.74e-06,5.49e-06,4.295e-06,5.49e-06
4.335e-06,3.65e-06,5.52e-06,4.085e-06,5.52e-06
4.217e-06,3.21e-06,4.89e-06,4.385e-06,4.89e-06
4.283e-06,3.25e-06,5.61e-06,4.135e-06,5.61e-06
4.295e-06,3.29e-06,5.1e-06,4.395e-06,5.1e-06
4.23e-06,3.23e-06,5.15e-06,4.27e-06,5.15e-06
4.385e-06,3.51e-06,4.96e-06,4.535e-06,4.96e-06
4.368e-06,3.41e-06,5.98e-06,4.04e-06,5.98e-06
4.258e-06,3.03e-06,5.01e-06,4.495e-06,5.01e-06
4.2e-06,3.29e-06,5.491e-06,4.01e-06,5.491e-06
5.19e-06,4.03e-06,6.91e-06,4.91e-06,4.84e-06
4.365e-06,3.41e-06,5.54e-06,4.255e-06,5.54e-06
4.225e-06,3.53e-06,4.79e-06,4.29e-06,4.79e-06
4.358e-06,3.74e-06,5.91e-06,3.891e-06,5.91e-06
4.34e-06,3.3e-06,5.24e-06,4.41e-06,5.24e-06
4.112e-06,2.87e-06,5.63e-06,3.975e-06,5.63e-06
4.325e-06,3.11e-06,5.25e-06,4.47e-06,5.25e-06
4.463e-06,3.15e-06,5.46e-06,4.62e-06,5.46e-06
4.528e-06,3.91e-06,4.98e-06,4.61e-06,4.98e-06
4.412e-06,3.35e-06,5.73e-06,4.285e-06,5.73e-06
4.503e-06,3.46e-06,5.591e-06,4.48e-06,5.591e-06
4.377e-06,3.87e-06,5.34e-06,4.15e-06,5.34e-06
4.225e-06,3.2e-06,4.91e-06,4.395e-06,4.91e-06
4.455e-06,3.291e-06,5.85e-06,4.34e-06,5.85e-06
4.357e-06,3.25e-06,5.53e-06,4.325e-06,5.53e-06
4.405e-06,3.52e-06,5.65e-06,4.225e-06,5.65e-06
4.06e-06,3.17e-06,4.89e-06,4.091e-06,4.89e-06
4.17e-06,3.23e-06,5.56e-06,3.945e-06,5.56e-06
4.665e-06,2.85e-06,6.24e-06,4.785e-06,6.24e-06
4.418e-06,3.39e-06,5.67e-06,4.305e-06,5.67e-06
4.355e-06,3.55e-06,4.901e-06,4.485e-06,4.84e-06
4.235e-06,3.19e-06,5.491e-06,4.13e-06,5.491e-06
4.267e-06,3.19e-06,5.22e-06,4.33e-06,5.22e-06
4.397e-06,3.38e-06,5.41e-06,4.4e-06,5.41e-06
4.042e-06,3.05e-06,4.85e-06,4.135e-06,4.85e-06
4.265e-06,3.21e-06,5.33e-06,4.26e-06,5.33e-06
4.343e-06,3.61e-06,5e-06,4.38e-06,5e-06
4.555e-06,3.6e-06,5.47e-06,4.575e-06,5.47e-06
4.355e-06,3.21e-06,5.6e-06,4.305e-06,5.6e-06
4.37e-06,3.5e-06,5.68e-06,4.15e-06,5.68e-06
4.25e-06,3.29e-06,4.96e-06,4.375e-06,4.96e-06
4.062e-06,2.99e-06,5.36e-06,3.95e-06,5.36e-06
4.303e-06,3.4e-06,5.011e-06,4.4e-06,5.011e-06
4.385e-06,3.25e-06,5.56e-06,4.365e-06,5.56e-06
4.522e-06,3.5e-06,5.26e-06,4.665e-06,5.26e-06
4.345e-06,3.39e-06,5.65e-06,4.17e-06,5.65e-06
4.337e-06,3.43e-06,4.85e-06,4.535e-06,4.85e-06
4.473e-06,3.401e-06,5.43e-06,4.53e-06,5.43e-06
4.145e-06,2.96e-06,4.95e-06,4.335e-06,4.95e-06
4.347e-06,3.21e-06,5.3e-06,4.44e-06,5.3e-06
4.202e-06,3.26e-06,4.84e-06,4.355e-06,4.84e-06
4.173e-06,3.4e-06,5.52e-06,3.885e-06,5.52e-06
4.295e-06,3.02e-06,4.94e-06,4.61e-06,4.94e-06
4.385e-06,3.52e-06,6.171e-06,3.925e-06,6.171e-06
4.313e-06,3.26e-06,5.12e-06,4.435e-06,5.12e-06
4.193e-06,3.23e-06,5.01e-06,4.265e-06,4.89e-06
4.45e-06,3.47e-06,5.13e-06,4.6e-06,5.13e-06
4.228e-06,3.31e-06,5.47e-06,4.066e-06,5.47e-06
4.23e-06,3.23e-06,4.91e-06,4.39e-06,4.91e-06
4.512e-06,3.48e-06,5.95e-06,4.31e-06,5.95e-06
4.29e-06,3.26e-06,4.95e-06,4.475e-06,4.95e-06
4.343e-06,3.26e-06,5.61e-06,4.25e-06,5.61e-06
4.33e-06,3.74e-06,4.88e-06,4.35e-06,4.88e-06
4.175e-06,3.36e-06,5.3e-06,4.02e-06,5.3e-06
4.183e-06,2.92e-06,5.271e-06,4.27e-06,5.271e-06
4.308e-06,3.28e-06,5.42e-06,4.265e-06,5.42e-06
4.323e-06,3.2e-06,5.23e-06,4.43e-06,5.23e-06
4.205e-06,3.16e-06,5.52e-06,4.071e-06,5.52e-06
4.108e-06,3.23e-06,4.79e-06,4.205e-06,4.79e-06
4.28e-06,3.35e-06,5.4e-06,4.185e-06,5.4e-06
4.398e-06,3.32e-06,5.06e-06,4.605e-06,5.06e-06
4.36e-06,3.471e-06,5.5e-06,4.235e-06,5.5e-06
4.342e-06,3.12e-06,5.04e-06,4.605e-06,5.04e-06
4.3e-06,3.47e-06,5.56e-06,4.085e-06,5.56e-06
5.367e-06,4.05e-06,7.04e-06,5.19e-06,4.9e-06
4.403e-06,3.55e-06,5.341e-06,4.36e-06,5.341e-06
4.21e-06,3.29e-06,5.09e-06,4.23e-06,5.09e-06
4.295e-06,3.1e-06,5.45e-06,4.315e-06,5.45e-06
4.29e-06,3.29e-06,5.26e-06,4.305e-06,5.26e-06
4.525e-06,3.85e-06,5.85e-06,4.2e-06,5.85e-06
4.378e-06,3.53e-06,5.16e-06,4.41e-06,5.16e-06
4.99e-06,3.34e-06,7.42e-06,4.6e-06,7.42e-06
4.42e-06,3.36e-06,4.92e-06,4.7e-06,4.92e-06
4.275e-06,3.33e-06,5.5e-06,4.135e-06,5.5e-06
4.38e-06,3.29e-06,5.13e-06,4.551e-06,5.13e-06
4.427e-06,3.39e-06,5.67e-06,4.325e-06,5.67e-06
4.353e-06,3.22e-06,4.9e-06,4.645e-06,4.881e-06
4.4e-06,3.56e-06,5.85e-06,4.095e-06,5.85e-06
4.315e-06,3.37e-06,5.19e-06,4.35e-06,5.19e-06
4.375e-06,3.27e-06,5.75e-06,4.24e-06,5.75e-06
4.002e-06,3.06e-06,4.95e-06,4e-06,4.95e-06
4.237e-06,3.13e-06,5.37e-06,4.225e-06,5.37e-06
4.342e-06,3.23e-06,4.93e-06,4.605e-06,4.93e-06
4.248e-06,3.25e-06,5.3e-06,4.22e-06,5.3e-06
4.178e-06,3.12e-06,4.9e-06,4.345e-06,4.9e-06
4.398e-06,3.531e-06,5.72e-06,4.17e-06,5.72e-06
4.36e-06,3.27e-06,4.99e-06,4.59e-06,4.99e-06
4.405e-06,3.19e-06,5.971e-06,4.23e-06,5.971e-06
4.463e-06,3.32e-06,5.55e-06,4.49e-06,5.55e-06
4.48e-06,3.3e-06,5.71e-06,4.455e-06,5.71e-06
4.503e-06,3.84e-06,5.28e-06,4.445e-06,5.28e-06
4.433e-06,3.46e-06,5.96e-06,4.155e-06,5.96e-06
4.275e-06,3.17e-06,4.79e-06,4.57e-06,4.79e-06
4.312e-06,3.21e-06,5.47e-06,4.285e-06,5.47e-06
4.355e-06,3.07e-06,5.03e-06,4.66e-06,5.03e-06
4.097e-06,3.07e-06,5.27e-06,4.025e-06,5.27e-06
4.495e-06,3.31e-06,5.23e-06,4.72e-06,4.95e-06
4.35e-06,3.27e-06,5.86e-06,4.136e-06,5.86e-06
4.305e-06,3.36e-06,5.101e-06,4.38e-06,5.101e-06
4.325e-06,3.61e-06,5.43e-06,4.13e-06,5.43e-06
4.427e-06,3.17e-06,5.26e-06,4.64e-06,5.26e-06
4.147e-06,3.08e-06,5.58e-06,3.965e-06,5.58e-06
4.04e-06,2.8e-06,5.03e-06,4.165e-06,5.03e-06
4.398e-06,3.74e-06,5.56e-06,4.145e-06,5.56e-06
4.335e-06,3.41e-06,5.12e-06,4.405e-06,5.12e-06
4.4e-06,3.27e-06,5.53e-06,4.4e-06,5.53e-06
4.387e-06,3.48e-06,5.14e-06,4.465e-06,5.14e-06
4.378e-06,3.5e-06,5.56e-06,4.225e-06,5.56e-06
4.36e-06,3.48e-06,4.99e-06,4.485e-06,4.99e-06
4.213e-06,2.951e-06,4.991e-06,4.455e-06,4.991e-06
4.357e-06,2.83e-06,5.23e-06,4.685e-06,5.23e-06
4.215e-06,3.1e-06,5.54e-06,4.11e-06,5.54e-06
4.343e-06,3.34e-06,4.78e-06,4.625e-06,4.78e-06
4.423e-06,3.41e-06,5.5e-06,4.39e-06,5.5e-06
4.513e-06,3.64e-06,5.16e-06,4.625e-06,5.02e-06
4.41e-06,3.61e-06,5.46e-06,4.285e-06,5.46e-06
4.128e-06,3.15e-06,4.98e-06,4.19e-06,4.98e-06
4.275e-06,3.26e-06,5.8e-06,4.02e-06,5.8e-06
4.285e-06,3.15e-06,5.26e-06,4.365e-06,5.26e-06
4.265e-06,3.36e-06,5.51e-06,4.095e-06,5.51e-06
4.355e-06,3.46e-06,4.91e-06,4.526e-06,4.871e-06
6.975e-06,3.37e-06,1.516e-05,4.685e-06,5.69e-06
4.52e-06,3.41e-06,5.05e-06,4.81e-06,5.05e-06
4.273e-06,2.93e-06,5.26e-06,4.45e-06,5.26e-06
4.278e-06,3.21e-06,4.87e-06,4.515e-06,4.87e-06
4.353e-06,3.54e-06,5.74e-06,4.065e-06,5.74e-06
4.247e-06,3.41e-06,5.11e-06,4.235e-06,5.11e-06
4.25e-06,3.5e-06,5.55e-06,3.976e-06,5.55e-06
4.402e-06,3.33e-06,5.02e-06,4.63e-06,5.02e-06
4.357e-06,3.3e-06,5.42e-06,4.355e-06,5.42e-06
4.27e-06,3.33e-06,4.901e-06,4.425e-06,4.901e-06
4.213e-06,3.37e-06,5.46e-06,4.01e-06,5.46e-06
4.378e-06,3.68e-06,5e-06,4.415e-06,5e-06
4.302e-06,3.59e-06,5.53e-06,4.045e-06,5.53e-06
4.44e-06,3.17e-06,5.36e-06,4.615e-06,5.36e-06
4.292e-06,3.35e-06,5.29e-06,4.265e-06,5.29e-06
4.195e-06,3.08e-06,5.15e-06,4.276e-06,5.15e-06
4.245e-06,3.23e-06,5.65e-06,4.05e-06,5.65e-06
4.28e-06,3.29e-06,5.06e-06,4.385e-06,5.06e-06
4.135e-06,3.26e-06,5.3e-06,3.99e-06,5.3e-06
4.17e-06,3.3e-06,4.79e-06,4.295e-06,4.79e-06
4.371e-06,3.18e-06,5.461e-06,4.421e-06,5.461e-06
4.295e-06,3.53e-06,4.89e-06,4.38e-06,4.89e-06
4.252e-06,3.26e-06,5.73e-06,4.01e-06,5.73e-06
4.26e-06,3.6e-06,5.21e-06,4.115e-06,5.21e-06
4.245e-06,3.43e-06,5.61e-06,3.97e-06,5.61e-06
4.45e-06,3.15e-06,5.49e-06,4.58e-06,5.49e-06
4.38e-06,3.87e-06,5.32e-06,4.165e-06,5.32e-06
4.2e-06,3.2e-06,4.95e-06,4.325e-06,4.95e-06
4.372e-06,3.51e-06,5.48e-06,4.25e-06,5.48e-06
4.185e-06,2.77e-06,5.18e-06,4.396e-06,5.18e-06
4.162e-06,3.1e-06,5.35e-06,4.1e-06,5.35e-06
4.295e-06,3.05e-06,5.391e-06,4.37e-06,5.391e-06
4.722e-06,3.77e-06,6.08e-06,4.52e-06,6.08e-06
4.335e-06,3.26e-06,5.31e-06,4.385e-06,5.31e-06
4.535e-06,3.61e-06,5.84e-06,4.345e-06,5.84e-06
4.36e-06,3.461e-06,4.88e-06,4.55e-06,4.88e-06
4.175e-06,3.32e-06,5.49e-06,3.945e-06,5.49e-06
4.432e-06,3.23e-06,5.25e-06,4.625e-06,5.25e-06
4.133e-06,3.07e-06,5.31e-06,4.075e-06,5.31e-06
4.573e-06,3.55e-06,5.32e-06,4.71e-06,5.32e-06
4.383e-06,3.45e-06,5.61e-06,4.235e-06,5.61e-06
4.28e-06,3.53e-06,5.05e-06,4.27e-06,5.05e-06
4.26e-06,3.26e-06,5.511e-06,4.135e-06,5.511e-06
4.497e-06,3.25e-06,5.42e-06,4.66e-06,5.42e-06
4.187e-06,3.33e-06,5.36e-06,4.03e-06,5.36e-06
4.245e-06,3.57e-06,4.87e-06,4.27e-06,4.87e-06
4.355e-06,3.67e-06,5.56e-06,4.095e-06,5.56e-06
4.122e-06,3.19e-06,4.84e-06,4.23e-06,4.84e-06
4.195e-06,3.21e-06,5.45e-06,4.06e-06,5.45e-06
4.325e-06,3.18e-06,5.31e-06,4.405e-06,5.31e-06
4.398e-06,3.78e-06,5.47e-06,4.17e-06,5.47e-06
4.115e-06,2.98e-06,4.95e-06,4.265e-06,4.95e-06
4.103e-06,3.13e-06,5.06e-06,4.11e-06,5.06e-06
4.22e-06,3.11e-06,4.93e-06,4.42e-06,4.93e-06
4.353e-06,3.3e-06,5.96e-06,4.075e-06,5.96e-06
4.397e-06,3.51e-06,5.15e-06,4.465e-06,5.15e-06
4.325e-06,3.26e-06,5.46e-06,4.291e-06,5.46e-06
4.287e-06,3.24e-06,5.05e-06,4.43e-06,5.05e-06
4.34e-06,3.23e-06,5.52e-06,4.305e-06,5.52e-06
4.323e-06,3.43e-06,5.26e-06,4.3e-06,5.26e-06
4.373e-06,3.5e-06,5.74e-06,4.125e-06,5.74e-06
4.195e-06,3.53e-06,4.79e-06,4.23e-06,4.79e-06
4.2e-06,3.21e-06,5.28e-06,4.155e-06,5.28e-06
4.295e-06,3.42e-06,5.09e-06,4.335e-06,5.09e-06
4.225e-06,3.39e-06,5.25e-06,4.13e-06,5.25e-06
4.185e-06,3.28e-06,4.951e-06,4.255e-06,4.951e-06
4.017e-06,2.99e-06,5.23e-06,3.925e-06,5.23e-06
4.34e-06,3.32e-06,4.83e-06,4.605e-06,4.83e-06
4.34e-06,3.34e-06,5.54e-06,4.24e-06,5.54e-06
4.395e-06,3.34e-06,5.23e-06,4.505e-06,5.23e-06
4.393e-06,3.13e-06,5.64e-06,4.401e-06,5.64e-06
4.327e-06,3.32e-06,5.38e-06,4.305e-06,5.38e-06
4.28e-06,3.38e-06,5.41e-06,4.165e-06,5.41e-06
4.338e-06,3.59e-06,5.13e-06,4.315e-06,5.13e-06
4.285e-06,3.35e-06,5.32e-06,4.235e-06,5.32e-06
4.313e-06,3.24e-06,4.98e-06,4.516e-06,4.98e-06
4.203e-06,3.12e-06,5.401e-06,4.145e-06,5.401e-06
4.285e-06,3.41e-06,4.95e-06,4.39e-06,4.95e-06
4.138e-06,3.13e-06,5.36e-06,4.03e-06,5.36e-06
4.25e-06,3.18e-06,4.95e-06,4.435e-06,4.95e-06
4.47e-06,3.21e-06,5.75e-06,4.46e-06,5.75e-06
4.332e-06,3.49e-06,4.97e-06,4.435e-06,4.97e-06
4.345e-06,3.47e-06,5.19e-06,4.36e-06,5.19e-06
4.21e-06,3.12e-06,5.07e-06,4.325e-06,5.07e-06
4.385e-06,3.65e-06,5.91e-06,3.99e-06,5.91e-06
4.18e-06,3.42e-06,5e-06,4.15e-06,5e-06
4.28e-06,3.23e-06,5.43e-06,4.23e-06,5.43e-06
4.23e-06,3.23e-06,5.321e-06,4.185e-06,5.321e-06
4.155e-06,3.1e-06,5.34e-06,4.09e-06,5.34e-06
4.415e-06,3.74e-06,4.881e-06,4.52e-06,4.74e-06
4.3e-06,3.18e-06,5.79e-06,4.115e-06,5.79e-06
4.225e-06,3.1e-06,4.92e-06,4.44e-06,4.92e-06
4.16e-06,3.24e-06,5.41e-06,3.995e-06,5.41e-06
4.353e-06,3.1e-06,5.49e-06,4.41e-06,5.49e-06
4.38e-06,3.74e-06,5.3e-06,4.24e-06,5.3e-06
4.07e-06,3.03e-06,4.87e-06,4.19e-06,4.87e-06
4.295e-06,3.27e-06,5.54e-06,4.185e-06,5.54e-06
4.248e-06,3.35e-06,4.85e-06,4.395e-06,4.85e-06
4.273e-06,3.37e-06,5.571e-06,4.075e-06,5.571e-06
4.223e-06,3.12e-06,5.02e-06,4.375e-06,5.02e-06
4.24e-06,3.26e-06,5.39e-06,4.155e-06,5.39e-06
4.263e-06,3.29e-06,5.05e-06,4.355e-06,5.05e-06
4.28e-06,3.11e-06,5.52e-06,4.245e-06,5.52e-06
4.435e-06,3.52e-06,5e-06,4.611e-06,5e-06
4.272e-06,3.33e-06,5.42e-06,4.17e-06,5.42e-06
4.435e-06,3.62e-06,5.17e-06,4.475e-06,5.17e-06
4.293e-06,3.47e-06,5.72e-06,3.99e-06,5.72e-06
4.305e-06,3.27e-06,5e-06,4.475e-06,5e-06
4.253e-06,3.221e-06,5.31e-06,4.24e-06,5.31e-06
4.305e-06,3.2e-06,5.04e-06,4.49e-06,5.04e-06
4.323e-06,3.34e-06,5.4e-06,4.275e-06,5.4e-06
4.253e-06,3.28e-06,4.941e-06,4.395e-06,4.85e-06
4.247e-06,3.55e-06,5.48e-06,3.98e-06,5.48e-06
4.525e-06,3.47e-06,5.25e-06,4.69e-06,5.25e-06
4.323e-06,3.22e-06,5.56e-06,4.255e-06,5.56e-06
4.455e-06,3.41e-06,5.46e-06,4.475e-06,5.46e-06
4.242e-06,3.37e-06,5.3e-06,4.15e-06,5.3e-06
4.267e-06,3.25e-06,5.02e-06,4.4e-06,5.02e-06
4.378e-06,3.32e-06,5.54e-06,4.325e-06,5.54e-06
4.21e-06,3.33e-06,4.94e-06,4.285e-06,4.94e-06
4.385e-06,3.62e-06,5.66e-06,4.13e-06,5.66e-06
4.425e-06,3.17e-06,5.591e-06,4.47e-06,5.591e-06
4.267e-06,3.39e-06,5.42e-06,4.13e-06,5.42e-06
4.268e-06,3.67e-06,4.9e-06,4.25e-06,4.9e-06
4.31e-06,3.31e-06,5.67e-06,4.13e-06,5.67e-06
4.243e-06,3.55e-06,5.05e-06,4.185e-06,5.05e-06
4.565e-06,3.61e-06,5.9e-06,4.375e-06,5.9e-06
4.335e-06,3.2e-06,4.94e-06,4.6e-06,4.94e-06
4.263e-06,3.28e-06,5.61e-06,4.08e-06,5.61e-06
4.25e-06,3.34e-06,4.95e-06,4.355e-06,4.95e-06
4.215e-06,3.04e-06,5.42e-06,4.2e-06,5.42e-06
4.355e-06,3.29e-06,5.18e-06,4.475e-06,5.18e-06
4.278e-06,3.43e-06,5.771e-06,3.955e-06,5.771e-06
4.198e-06,3.24e-06,4.92e-06,4.315e-06,4.92e-06
4.338e-06,3.31e-06,5.38e-06,4.33e-06,5.38e-06
4.165e-06,3.17e-06,4.87e-06,4.31e-06,4.87e-06
4.578e-06,3.91e-06,6.01e-06,4.195e-06,6.01e-06
4.123e-06,3.17e-06,4.81e-06,4.255e-06,4.81e-06
4.11e-06,3.2e-06,5.5e-06,3.87e-06,5.5e-06
4.407e-06,3.24e-06,5.11e-06,4.64e-06,4.8e-06
4.24e-06,3.25e-06,5.41e-06,4.15e-06,5.41e-06
4.275e-06,3.13e-06,4.91e-06,4.53e-06,4.91e-06
4.423e-06,3.31e-06,5.83e-06,4.275e-06,5.83e-06
4.368e-06,3.48e-06,5.291e-06,4.35e-06,5.291e-06
4.335e-06,3.2e-06,5.74e-06,4.2e-06,5.74e-06
4.382e-06,2.97e-06,5.21e-06,4.675e-06,5.21e-06
4.382e-06,3.3e-06,5.52e-06,4.355e-06,5.52e-06
4.283e-06,3.35e-06,5.1e-06,4.34e-06,5.1e-06
4.445e-06,3.39e-06,5.84e-06,4.275e-06,5.84e-06
4.315e-06,3.16e-06,5.24e-06,4.43e-06,5.24e-06
4.14e-06,3.13e-06,5.58e-06,3.925e-06,5.58e-06
4.21e-06,3.22e-06,5.12e-06,4.25e-06,5.12e-06
4.168e-06,3.21e-06,5.61e-06,3.926e-06,5.61e-06
4.472e-06,3.42e-06,5.13e-06,4.67e-06,5.13e-06
4.445e-06,3.33e-06,5.871e-06,4.29e-06,5.871e-06
4.395e-06,3.57e-06,4.87e-06,4.57e-06,4.87e-06
4.297e-06,3.25e-06,5.52e-06,4.21e-06,5.52e-06
4.423e-06,3.321e-06,5.27e-06,4.55e-06,5.27e-06
4.295e-06,3.62e-06,5.55e-06,4.005e-06,5.55e-06
4.323e-06,3.75e-06,5.01e-06,4.265e-06,5.01e-06
4.12e-06,3.03e-06,5.62e-06,3.915e-06,5.62e-06
4.228e-06,3.15e-06,4.86e-06,4.45e-06,4.86e-06
4.28e-06,3.15e-06,5.5e-06,4.235e-06,5.5e-06
4.318e-06,3.19e-06,5.2e-06,4.44e-06,5.2e-06
4.44e-06,3.45e-06,5.45e-06,4.43e-06,5.45e-06
4.332e-06,3.77e-06,5.06e-06,4.25e-06,5.06e-06
4.257e-06,3.23e-06,5.57e-06,4.115e-06,5.57e-06
4.313e-06,3.42e-06,4.96e-06,4.435e-06,4.96e-06
4.32e-06,3.27e-06,5.5e-06,4.255e-06,5.5e-06
4.39e-06,3.39e-06,4.98e-06,4.595e-06,4.84e-06
4.402e-06,3.54e-06,5.59e-06,4.24e-06,5.59e-06
4.345e-06,3.31e-06,4.93e-06,4.57e-06,4.93e-06
4.365e-06,3.47e-06,5.51e-06,4.24e-06,5.51e-06
4.31e-06,3.38e-06,5.29e-06,4.285e-06,5.29e-06
4.537e-06,3.47e-06,5.46e-06,4.61e-06,5.46e-06
4.615e-06,3.34e-06,5.57e-06,4.775e-06,5.57e-06
4.38e-06,3.6e-06,5.67e-06,4.125e-06,5.67e-06
4.302e-06,3.58e-06,4.97e-06,4.33e-06,4.97e-06
4.425e-06,3.15e-06,6.43e-06,4.06e-06,6.43e-06
4.173e-06,3.06e-06,5.01e-06,4.31e-06,5.01e-06
4.09e-06,3.44e-06,4.93e-06,3.995e-06,4.93e-06
4.403e-06,3.221e-06,5.06e-06,4.665e-06,5.06e-06
4.32e-06,3.1e-06,5.58e-06,4.3e-06,5.58e-06
4.407e-06,3.43e-06,5.1e-06,4.55e-06,5.03e-06
4.527e-06,3.6e-06,5.88e-06,4.315e-06,5.88e-06
4.35e-06,3.19e-06,5.08e-06,4.566e-06,5.08e-06
4.487e-06,3.93e-06,5.62e-06,4.2e-06,5.62e-06
4.145e-06,2.92e-06,5.1e-06,4.28e-06,5.1e-06
4.303e-06,3.14e-06,5.38e-06,4.345e-06,5.38e-06
4.37e-06,3.53e-06,5.22e-06,4.365e-06,5.22e-06
4.48e-06,3.24e-06,5.86e-06,4.41e-06,5.86e-06
4.455e-06,3.43e-06,5.19e-06,4.6e-06,5.19e-06
4.317e-06,3.68e-06,5.53e-06,4.03e-06,5.53e-06
4.18e-06,3.16e-06,5.14e-06,4.21e-06,5.14e-06
4.248e-06,3.37e-06,5.62e-06,4e-06,5.62e-06
4.395e-06,3.21e-06,5.28e-06,4.545e-06,5.28e-06
4.545e-06,3.47e-06,6.26e-06,4.225e-06,6.26e-06
1.1293e-05,3.15e-06,1.8781e-05,1.162e-05,1.8431e-05
4.497e-06,3.47e-06,6.29e-06,4.115e-06,6.29e-06
4.218e-06,3.1e-06,4.98e-06,4.395e-06,4.98e-06
4.285e-06,2.9e-06,5.97e-06,4.135e-06,5.97e-06
4.22e-06,3.28e-06,5.29e-06,4.155e-06,5.29e-06
4.283e-06,3.36e-06,5.36e-06,4.205e-06,5.36e-06
4.375e-06,3.521e-06,4.9e-06,4.54e-06,4.9e-06
4.308e-06,3.28e-06,5.68e-06,4.136e-06,5.68e-06
4.415e-06,3.25e-06,5.15e-06,4.63e-06,5.15e-06
4.41e-06,3.56e-06,5.97e-06,4.055e-06,5.97e-06
4.34e-06,3.49e-06,5.24e-06,4.315e-06,5.24e-06
4.165e-06,3.16e-06,5.391e-06,4.055e-06,5.391e-06
4.145e-06,2.97e-06,5.05e-06,4.28e-06,5.05e-06
4.32e-06,3.5e-06,5.12e-06,4.33e-06,5.12e-06
4.357e-06,3.33e-06,4.92e-06,4.59e-06,4.92e-06
4.52e-06,3.53e-06,6.02e-06,4.265e-06,6.02e-06
4.315e-06,3.37e-06,5.26e-06,4.315e-06,5.26e-06
4.258e-06,3.16e-06,5.77e-06,4.05e-06,5.77e-06
4.382e-06,3.51e-06,5.25e-06,4.385e-06,5.25e-06
4.39e-06,3.44e-06,5.26e-06,4.43e-06,5.26e-06
4.255e-06,3.1e-06,4.97e-06,4.475e-06,4.97e-06
4.288e-06,3.39e-06,5.64e-06,4.06e-06,5.64e-06
4.273e-06,3.34e-06,4.981e-06,4.385e-06,4.981e-06
4.255e-06,3.14e-06,5.75e-06,4.065e-06,5.75e-06
4.353e-06,3.29e-06,5.64e-06,4.24e-06,5.64e-06
4.555e-06,3.3e-06,5.66e-06,4.63e-06,5.66e-06
4.187e-06,3.41e-06,4.86e-06,4.24e-06,4.86e-06
4.168e-06,3.37e-06,5.38e-06,3.96e-06,5.38e-06
4.338e-06,3.37e-06,5e-06,4.49e-06,5e-06
4.33e-06,3.35e-06,5.51e-06,4.23e-06,5.51e-06
4.493e-06,3.31e-06,5.08e-06,4.79e-06,4.89e-06
4.38e-06,3.53e-06,5.44e-06,4.275e-06,5.44e-06
4.273e-06,3.18e-06,5.31e-06,4.3e-06,5.31e-06
4.238e-06,3.39e-06,5.291e-06,4.135e-06,5.291e-06
4.287e-06,3.26e-06,5.11e-06,4.39e-06,5.11e-06
4.272e-06,3.55e-06,5.39e-06,4.075e-06,5.39e-06
4.343e-06,3.35e-06,4.83e-06,4.595e-06,4.83e-06
4.335e-06,3.35e-06,5.89e-06,4.05e-06,5.89e-06
4.188e-06,3.53e-06,4.69e-06,4.265e-06,4.69e-06
4.28e-06,3.4e-06,5.69e-06,4.015e-06,5.69e-06
4.135e-06,2.87e-06,5e-06,4.335e-06,5e-06
4.355e-06,3.29e-06,5.37e-06,4.38e-06,5.37e-06
4.278e-06,3.23e-06,4.85e-06,4.515e-06,4.85e-06
4.13e-06,3.36e-06,5.32e-06,3.92e-06,5.32e-06
4.44e-06,3.83e-06,4.93e-06,4.5e-06,4.93e-06
4.372e-06,3.32e-06,6.05e-06,4.06e-06,6.05e-06
4.387e-06,3.3e-06,4.94e-06,4.655e-06,4.94e-06
4.208e-06,3.16e-06,4.95e-06,4.36e-06,4.95e-06
4.26e-06,3.22e-06,5.081e-06,4.37e-06,5.08e-06
4.375e-06,3.17e-06,5.52e-06,4.405e-06,5.52e-06
4.462e-06,3.19e-06,5.91e-06,4.375e-06,5.91e-06
4.335e-06,3.12e-06,5.75e-06,4.235e-06,5.75e-06
4.683e-06,3.45e-06,5.26e-06,5.01e-06,5.26e-06
4.305e-06,3.29e-06,5.22e-06,4.355e-06,5.22e-06
4.37e-06,3.13e-06,5.25e-06,4.55e-06,5.25e-06
4.135e-06,3.28e-06,5.511e-06,3.875e-06,5.511e-06
4.29e-06,3.28e-06,5.04e-06,4.42e-06,5.04e-06
4.418e-06,3.84e-06,5.59e-06,4.12e-06,5.59e-06
4.308e-06,3.39e-06,5.02e-06,4.41e-06,5.02e-06
4.253e-06,3.18e-06,5.42e-06,4.205e-06,5.42e-06
4.292e-06,3.19e-06,5.02e-06,4.48e-06,5.02e-06
4.29e-06,3.34e-06,5.18e-06,4.32e-06,5.18e-06
4.228e-06,2.91e-06,5.38e-06,4.31e-06,5.38e-06
4.258e-06,3.33e-06,5.63e-06,4.035e-06,5.63e-06
4.545e-06,3.71e-06,5.11e-06,4.68e-06,4.91e-06
4.225e-06,3.25e-06,5.3e-06,4.175e-06,5.3e-06
4.335e-06,3.23e-06,5.4e-06,4.355e-06,5.4e-06
4.543e-06,3.58e-06,5.9e-06,4.345e-06,5.9e-06
4.182e-06,3.37e-06,4.87e-06,4.245e-06,4.87e-06
4.277e-06,3.39e-06,5.84e-06,3.94e-06,5.84e-06
4.317e-06,3.24e-06,5.08e-06,4.475e-06,5.08e-06
4.2e-06,3.32e-06,5.32e-06,4.08e-06,5.32e-06
4.478e-06,3.71e-06,4.97e-06,4.615e-06,4.97e-06
4.363e-06,3.55e-06,5.22e-06,4.34e-06,5.22e-06
4.242e-06,3.19e-06,4.98e-06,4.4e-06,4.98e-06
4.36e-06,3.16e-06,5.35e-06,4.465e-06,5.35e-06
4.12e-06,3.18e-06,4.88e-06,4.21e-06,4.88e-06
4.272e-06,3.68e-06,5.35e-06,4.03e-06,5.35e-06
4.26e-06,3.45e-06,5.091e-06,4.25e-06,5.091e-06
4.378e-06,3.661e-06,5.4e-06,4.225e-06,5.4e-06
4.517e-06,3.39e-06,5.17e-06,4.755e-06,5.17e-06
4.245e-06,3.2e-06,5.69e-06,4.045e-06,5.69e-06
4.103e-06,3.23e-06,4.87e-06,4.155e-06,4.87e-06
4.095e-06,3.1e-06,5.46e-06,3.91e-06,5.46e-06
4.462e-06,3.14e-06,5.48e-06,4.615e-06,5.48e-06
4.305e-06,3.34e-06,5.39e-06,4.245e-06,5.39e-06
4.242e-06,3.16e-06,4.97e-06,4.42e-06,4.97e-06
4.13e-06,3.31e-06,5.4e-06,3.905e-06,5.4e-06
4.377e-06,3.59e-06,4.95e-06,4.485e-06,4.95e-06
4.235e-06,3.14e-06,5.771e-06,4.015e-06,5.771e-06
4.1e-06,3.06e-06,4.86e-06,4.24e-06,4.86e-06
4.357e-06,3.57e-06,5.74e-06,4.06e-06,5.74e-06
4.162e-06,3.05e-06,5.01e-06,4.295e-06,5.01e-06
4.337e-06,3.58e-06,5.43e-06,4.17e-06,5.43e-06
4.22e-06,3.08e-06,5.04e-06,4.38e-06,5.04e-06
4.21e-06,3.2e-06,5.63e-06,4.005e-06,5.63e-06
4.275e-06,3.08e-06,5.3e-06,4.36e-06,5.3e-06
4.34e-06,3.43e-06,5.43e-06,4.25e-06,5.43e-06
4.425e-06,3.23e-06,5.09e-06,4.69e-06,5.09e-06
4.46e-06,3.25e-06,5.51e-06,4.54e-06,5.51e-06
4.348e-06,3.17e-06,5.281e-06,4.47e-06,5.281e-06
4.177e-06,3.18e-06,5.45e-06,4.04e-06,5.45e-06
4.35e-06,3.46e-06,5.19e-06,4.375e-06,5.19e-06
4.305e-06,3.24e-06,5.79e-06,4.095e-06,5.79e-06
4.167e-06,2.96e-06,5.19e-06,4.26e-06,5.19e-06
4.352e-06,3.11e-06,5.63e-06,4.335e-06,5.63e-06
4.325e-06,3.46e-06,4.85e-06,4.495e-06,4.85e-06
4.225e-06,3.37e-06,5.31e-06,4.11e-06,5.31e-06
4.258e-06,3.31e-06,5.03e-06,4.345e-06,5.03e-06
4.315e-06,3.15e-06,5.69e-06,4.21e-06,5.69e-06
4.33e-06,3.47e-06,5.1e-06,4.375e-06,5.1e-06
4.105e-06,2.98e-06,5.24e-06,4.1e-06,5.24e-06
4.352e-06,3.23e-06,4.93e-06,4.625e-06,4.93e-06
4.235e-06,3.45e-06,5.68e-06,3.905e-06,5.68e-06
4.298e-06,3.37e-06,5.1e-06,4.36e-06,5.1e-06
4.383e-06,3.48e-06,5.42e-06,4.315e-06,5.42e-06
4.46e-06,3.57e-06,4.98e-06,4.645e-06,4.97e-06
4.305e-06,3.33e-06,5.35e-06,4.27e-06,5.35e-06
4.187e-06,3.25e-06,4.84e-06,4.33e-06,4.84e-06
4.24e-06,3.62e-06,5.38e-06,3.98e-06,5.38e-06
4.24e-06,2.64e-06,5.89e-06,4.215e-06,5.89e-06
4.345e-06,3.26e-06,5.38e-06,4.37e-06,5.38e-06
4.22e-06,2.72e-06,5.16e-06,4.5e-06,5.16e-06
4.49e-06,3.67e-06,5.741e-06,4.275e-06,5.741e-06
4.158e-06,3.67e-06,4.92e-06,4.021e-06,4.92e-06
4.245e-06,3.03e-06,5.83e-06,4.06e-06,5.83e-06
4.245e-06,3.04e-06,5.34e-06,4.3e-06,5.34e-06
4.455e-06,3.51e-06,5.48e-06,4.415e-06,5.48e-06
4.238e-06,3.221e-06,4.95e-06,4.39e-06,4.95e-06
4.26e-06,3.63e-06,5.33e-06,4.04e-06,5.33e-06
4.478e-06,3.13e-06,5.72e-06,4.53e-06,5.72e-06
4.133e-06,2.81e-06,5.69e-06,4.015e-06,5.69e-06
4.192e-06,3.15e-06,4.94e-06,4.34e-06,4.94e-06
4.187e-06,3.15e-06,5.52e-06,4.04e-06,5.52e-06
4.273e-06,3.51e-06,5.081e-06,4.25e-06,5.081e-06
4.565e-06,3.6e-06,6.21e-06,4.225e-06,6.21e-06
4.44e-06,3.42e-06,5.34e-06,4.5e-06,5.34e-06
4.258e-06,3.2e-06,5.76e-06,4.035e-06,5.76e-06
4.2e-06,3.22e-06,5.1e-06,4.24e-06,5.1e-06
4.305e-06,3.14e-06,5.51e-06,4.285e-06,5.51e-06
4.08e-06,2.97e-06,4.86e-06,4.245e-06,4.86e-06
4.372e-06,3.25e-06,5.51e-06,4.365e-06,5.51e-06
4.475e-06,3.38e-06,5.05e-06,4.735e-06,4.99e-06
4.355e-06,3.49e-06,5.55e-06,4.19e-06,5.55e-06
4.293e-06,3.12e-06,4.93e-06,4.56e-06,4.93e-06
4.325e-06,3.35e-06,5.691e-06,4.13e-06,5.691e-06
4.135e-06,3.64e-06,4.88e-06,4.01e-06,4.88e-06
4.212e-06,3.23e-06,5.48e-06,4.07e-06,5.48e-06
4.375e-06,3.41e-06,4.97e-06,4.56e-06,4.97e-06
4.362e-06,3.14e-06,5.68e-06,4.315e-06,5.68e-06
4.332e-06,3.55e-06,4.95e-06,4.415e-06,4.95e-06
4.345e-06,3.47e-06,5.44e-06,4.235e-06,5.44e-06
4.298e-06,3.27e-06,4.84e-06,4.541e-06,4.84e-06
4.463e-06,3.48e-06,5.55e-06,4.41e-06,5.55e-06
4.235e-06,3.31e-06,5.24e-06,4.195e-06,5.24e-06
4.41e-06,3.33e-06,5.57e-06,4.37e-06,5.57e-06
4.348e-06,3.61e-06,5.03e-06,4.375e-06,5.03e-06
4.39e-06,3.54e-06,5.75e-06,4.135e-06,5.75e-06
4.295e-06,3.46e-06,4.95e-06,4.385e-06,4.95e-06
4.43e-06,3.63e-06,5.68e-06,4.205e-06,5.68e-06
4.362e-06,3.37e-06,5.1e-06,4.49e-06,5.1e-06
4.242e-06,3.19e-06,5.31e-06,4.235e-06,5.31e-06
4.475e-06,3.53e-06,4.89e-06,4.74e-06,4.89e-06
4.185e-06,3.25e-06,5.47e-06,4.01e-06,5.47e-06
4.42e-06,3.6e-06,5.1e-06,4.49e-06,5.1e-06
4.33e-06,3.57e-06,5.37e-06,4.19e-06,5.37e-06
4.285e-06,3.31e-06,5.01e-06,4.41e-06,5.01e-06
4.265e-06,3.21e-06,5.53e-06,4.16e-06,5.53e-06
4.04e-06,3.08e-06,4.92e-06,4.08e-06,4.92e-06
4.25e-06,3.23e-06,5.53e-06,4.12e-06,5.53e-06
4.327e-06,3.37e-06,4.94e-06,4.5e-06,4.94e-06
4.35e-06,3.43e-06,5.69e-06,4.14e-06,5.69e-06
4.315e-06,3.25e-06,5.11e-06,4.45e-06,5.11e-06
4.17e-06,3.14e-06,5.73e-06,3.905e-06,5.73e-06
4.373e-06,2.86e-06,5.35e-06,4.64e-06,5.35e-06
4.215e-06,3.41e-06,5.09e-06,4.18e-06,5.09e-06
4.46e-06,3.62e-06,5.17e-06,4.525e-06,4.85e-06
4.26e-06,3.341e-06,5.38e-06,4.16e-06,5.38e-06
4.422e-06,3.2e-06,5.34e-06,4.575e-06,5.34e-06
4.373e-06,3.54e-06,5.791e-06,4.08e-06,5.791e-06
4.198e-06,3.34e-06,4.84e-06,4.305e-06,4.84e-06
4.355e-06,3.38e-06,5.64e-06,4.2e-06,5.64e-06
4.308e-06,3.58e-06,5.24e-06,4.205e-06,5.24e-06
4.115e-06,3.26e-06,5.42e-06,3.89e-06,5.42e-06
4.398e-06,3.23e-06,5.15e-06,4.605e-06,5.15e-06
4.443e-06,3.4e-06,5.65e-06,4.36e-06,5.65e-06
4.225e-06,3.46e-06,4.87e-06,4.285e-06,4.87e-06
4.267e-06,3.29e-06,5.52e-06,4.13e-06,5.52e-06
4.207e-06,3.42e-06,5.08e-06,4.165e-06,5.08e-06
4.3e-06,3.17e-06,5.42e-06,4.305e-06,5.42e-06
4.365e-06,3.19e-06,5.07e-06,4.601e-06,4.941e-06
4.285e-06,3.37e-06,5.69e-06,4.04e-06,5.69e-06
4.28e-06,3.44e-06,5.01e-06,4.335e-06,5.01e-06
4.288e-06,3.17e-06,5.83e-06,4.076e-06,5.83e-06
4.192e-06,3.32e-06,4.73e-06,4.36e-06,4.73e-06
4.482e-06,3.27e-06,5.85e-06,4.405e-06,5.85e-06
4.28e-06,3.35e-06,4.98e-06,4.395e-06,4.98e-06
4.277e-06,3.31e-06,5.59e-06,4.105e-06,5.59e-06
4.5e-06,3.25e-06,5.1e-06,4.825e-06,4.89e-06
4.23e-06,2.88e-06,5.9e-06,4.071e-06,5.9e-06
4.23e-06,3.02e-06,4.96e-06,4.47e-06,4.96e-06
4.348e-06,3.371e-06,5.281e-06,4.37e-06,5.281e-06
4.435e-06,3.36e-06,5.01e-06,4.685e-06,5.01e-06
4.368e-06,3.26e-06,5.68e-06,4.265e-06,5.68e-06
4.35e-06,3.53e-06,5.29e-06,4.29e-06,5.29e-06
4.102e-06,3.28e-06,5.18e-06,3.975e-06,5.18e-06
4.425e-06,3.1e-06,5.14e-06,4.73e-06,5.14e-06
4.22e-06,3.32e-06,5.36e-06,4.1e-06,5.36e-06
4.41e-06,3.26e-06,5.67e-06,4.355e-06,5.67e-06
4.415e-06,3.76e-06,5.62e-06,4.14e-06,5.62e-06
4.372e-06,3.94e-06,5.2e-06,4.175e-06,5.2e-06
4.113e-06,3.23e-06,5.39e-06,3.915e-06,5.39e-06
4.6e-06,3.37e-06,5.35e-06,4.84e-06,5.35e-06
4.347e-06,3.36e-06,5.63e-06,4.2e-06,5.63e-06
4.303e-06,3.2e-06,5.4e-06,4.305e-06,5.4e-06
4.265e-06,3.19e-06,5.76e-06,4.055e-06,5.76e-06
4.315e-06,3.1e-06,5.07e-06,4.545e-06,5.07e-06
4.29e-06,3.28e-06,5.72e-06,4.08e-06,5.72e-06
4.017e-06,2.92e-06,4.87e-06,4.14e-06,4.87e-06
4.185e-06,3.19e-06,5.44e-06,4.055e-06,5.44e-06
4.132e-06,3.11e-06,4.91e-06,4.255e-06,4.91e-06
4.398e-06,3.33e-06,5.56e-06,4.351e-06,5.56e-06
4.45e-06,3.25e-06,5.48e-06,4.535e-06,5.48e-06
4.433e-06,3.53e-06,5.82e-06,4.19e-06,5.82e-06
4.36e-06,3.18e-06,5.421e-06,4.42e-06,5.421e-06
4.298e-06,3.22e-06,5.74e-06,4.115e-06,5.74e-06
4.272e-06,3.34e-06,5.01e-06,4.37e-06,5.01e-06
4.215e-06,3.1e-06,5.41e-06,4.175e-06,5.41e-06
4.417e-06,3.83e-06,5.07e-06,4.385e-06,5.07e-06
4.455e-06,3.86e-06,5.7e-06,4.13e-06,5.7e-06
4.275e-06,3.4e-06,4.77e-06,4.465e-06,4.77e-06
4.2e-06,3.23e-06,5.59e-06,3.99e-06,5.59e-06
4.282e-06,3.21e-06,5.44e-06,4.24e-06,5.44e-06
4.393e-06,3.53e-06,5.43e-06,4.305e-06,5.43e-06
4.34e-06,3.2e-06,5.08e-06,4.54e-06,5.08e-06
4.51e-06,3.53e-06,5.721e-06,4.395e-06,5.721e-06
4.265e-06,3.3e-06,4.86e-06,4.45e-06,4.86e-06
4.27e-06,3.25e-06,5.7e-06,4.065e-06,5.7e-06
4.453e-06,3.41e-06,5.29e-06,4.555e-06,5.29e-06
4.257e-06,3.34e-06,5.52e-06,4.085e-06,5.52e-06
4.175e-06,2.98e-06,5e-06,4.36e-06,5e-06
4.15e-06,3.31e-06,5.38e-06,3.955e-06,5.38e-06
4.278e-06,3.15e-06,5.14e-06,4.41e-06,5.14e-06
4.38e-06,3.23e-06,5.91e-06,4.19e-06,5.91e-06
4.22e-06,3.14e-06,5.08e-06,4.33e-06,4.88e-06
4.337e-06,3.25e-06,5.51e-06,4.295e-06,5.51e-06
4.123e-06,3.29e-06,4.83e-06,4.186e-06,4.721e-06
4.27e-06,3.43e-06,5.29e-06,4.18e-06,5.29e-06
4.212e-06,3.26e-06,4.91e-06,4.34e-06,4.91e-06
4.35e-06,3.12e-06,5.79e-06,4.245e-06,5.79e-06
4.318e-06,3.1e-06,5.2e-06,4.485e-06,5.2e-06
4.31e-06,3.26e-06,5.7e-06,4.14e-06,5.7e-06
4.035e-06,3.05e-06,4.95e-06,4.07e-06,4.95e-06
4.25e-06,2.99e-06,5.92e-06,4.045e-06,5.92e-06
4.463e-06,3.44e-06,5.41e-06,4.501e-06,5.41e-06
4.313e-06,3.38e-06,5.55e-06,4.16e-06,5.55e-06
4.223e-06,2.97e-06,4.82e-06,4.55e-06,4.82e-06
4.278e-06,3.56e-06,5.601e-06,3.975e-06,5.601e-06
4.403e-06,3.08e-06,5.3e-06,4.615e-06,5.3e-06
4.215e-06,3.27e-06,5.66e-06,3.965e-06,5.66e-06
4.227e-06,3.53e-06,4.88e-06,4.25e-06,4.88e-06
4.535e-06,3.6e-06,5.78e-06,4.38e-06,5.78e-06
4.338e-06,3.83e-06,4.96e-06,4.28e-06,4.96e-06
4.393e-06,3.26e-06,5.37e-06,4.47e-06,5.37e-06
4.192e-06,3.13e-06,5.04e-06,4.3e-06,5.04e-06
4.305e-06,3.43e-06,5.65e-06,4.07e-06,5.65e-06
4.27e-06,3.25e-06,4.81e-06,4.51e-06,4.81e-06
4.33e-06,3.39e-06,5.87e-06,4.03e-06,5.87e-06
4.298e-06,3.17e-06,5.1e-06,4.46e-06,5.1e-06
4.3e-06,3.51e-06,5.191e-06,4.25e-06,5.191e-06
4.498e-06,3.46e-06,5.13e-06,4.7e-06,4.79e-06
4.535e-06,3.83e-06,5.97e-06,4.17e-06,5.97e-06
4.385e-06,3.52e-06,5.23e-06,4.395e-06,5.23e-06
4.295e-06,3.35e-06,5.83e-06,4e-06,5.83e-06
4.117e-06,3.23e-06,4.84e-06,4.2e-06,4.84e-06
4.343e-06,3.41e-06,5.42e-06,4.27e-06,5.42e-06
4.248e-06,3.39e-06,4.76e-06,4.421e-06,4.76e-06
4.297e-06,3.3e-06,5.73e-06,4.08e-06,5.73e-06
4.088e-06,2.75e-06,5.12e-06,4.24e-06,5.12e-06
4.097e-06,3.21e-06,5.55e-06,3.815e-06,5.55e-06
9.828e-06,2.56e-06,1.3481e-05,1.1635e-05,1.2121e-05
4.403e-06,3.3e-06,5.75e-06,4.28e-06,5.75e-06
4.163e-06,3.26e-06,4.92e-06,4.235e-06,4.92e-06
4.155e-06,3.23e-06,5.3e-06,4.045e-06,5.3e-06
4.167e-06,3.02e-06,4.86e-06,4.395e-06,4.86e-06
4.263e-06,3.49e-06,5.52e-06,4.02e-06,5.52e-06
4.315e-06,3.07e-06,5.26e-06,4.465e-06,5.26e-06
4.423e-06,3.44e-06,5.73e-06,4.26e-06,5.73e-06
4.56e-06,3.58e-06,5.25e-06,4.705e-06,5.25e-06
4.245e-06,3.27e-06,5.64e-06,4.036e-06,5.64e-06
4.2e-06,3.16e-06,4.971e-06,4.335e-06,4.971e-06
4.24e-06,3.24e-06,5.63e-06,4.045e-06,5.63e-06
4.45e-06,3.18e-06,5.33e-06,4.645e-06,5.33e-06
4.205e-06,2.94e-06,5.84e-06,4.02e-06,5.84e-06
4.318e-06,3.3e-06,5.34e-06,4.315e-06,5.34e-06
4.363e-06,3.37e-06,5.6e-06,4.24e-06,5.6e-06
4.28e-06,3.21e-06,5.3e-06,4.305e-06,5.3e-06
4.17e-06,2.79e-06,5.37e-06,4.26e-06,5.37e-06
4.533e-06,3.58e-06,5.65e-06,4.45e-06,5.65e-06
4.255e-06,3.25e-06,5.2e-06,4.285e-06,5.2e-06
4.523e-06,3.55e-06,6.15e-06,4.195e-06,6.15e-06
4.24e-06,2.83e-06,5.33e-06,4.4e-06,5.33e-06
4.272e-06,3.45e-06,5.44e-06,4.1e-06,5.44e-06
4.33e-06,3.26e-06,5.34e-06,4.36e-06,5.34e-06
4.433e-06,3.91e-06,5.31e-06,4.255e-06,5.31e-06
4.713e-06,3.6e-06,5.56e-06,4.845e-06,5.19e-06
4.475e-06,3.52e-06,5.57e-06,4.405e-06,5.57e-06
4.545e-06,3.45e-06,5.5e-06,4.616e-06,5.361e-06
4.36e-06,3.99e-06,5.09e-06,4.18e-06,5.09e-06
4.278e-06,3.56e-06,5.13e-06,4.211e-06,5.13e-06
4.292e-06,3.5e-06,5.25e-06,4.21e-06,5.25e-06
4.542e-06,3.37e-06,5.26e-06,4.77e-06,5.21e-06
4.285e-06,3.2e-06,5.55e-06,4.195e-06,5.55e-06
4.427e-06,3.02e-06,5.37e-06,4.66e-06,5.37e-06
4.08e-06,3.14e-06,5.18e-06,4e-06,5.18e-06
4.115e-06,3.01e-06,5.21e-06,4.12e-06,5.21e-06
4.425e-06,3.64e-06,5.77e-06,4.145e-06,5.77e-06
4.425e-06,3.16e-06,5.9e-06,4.32e-06,5.9e-06
4.123e-06,3.39e-06,5.251e-06,3.925e-06,5.251e-06
4.54e-06,3.64e-06,5.35e-06,4.585e-06,5.34e-06
4.2e-06,3.24e-06,5.59e-06,3.985e-06,5.59e-06
4.34e-06,3.22e-06,5.7e-06,4.22e-06,5.7e-06
4.073e-06,3.23e-06,5.07e-06,3.995e-06,5.07e-06
4.16e-06,3.13e-06,5.19e-06,4.16e-06,5.19e-06
4.39e-06,3.33e-06,5.24e-06,4.495e-06,5.24e-06
4.577e-06,3.08e-06,5.72e-06,4.755e-06,5.72e-06
4.278e-06,3.41e-06,5.26e-06,4.22e-06,5.26e-06
4.5e-06,3.55e-06,5.3e-06,4.575e-06,5.3e-06
4.217e-06,3.57e-06,5.35e-06,3.975e-06,5.35e-06
4.08e-06,2.98e-06,5.32e-06,4.01e-06,5.32e-06
4.243e-06,3.62e-06,5.15e-06,4.1e-06,5.15e-06
4.268e-06,3.16e-06,5.1e-06,4.405e-06,5.1e-06
4.272e-06,3.81e-06,5.19e-06,4.045e-06,5.19e-06
4.12e-06,2.85e-06,5.13e-06,4.25e-06,5.13e-06
4.335e-06,3.59e-06,5.23e-06,4.26e-06,5.23e-06
4.435e-06,3.15e-06,5.74e-06,4.425e-06,5.74e-06
4.05e-06,3.15e-06,5.08e-06,3.985e-06,5.08e-06
4.397e-06,3.21e-06,5.25e-06,4.565e-06,5.25e-06
4.4e-06,3.57e-06,5.56e-06,4.235e-06,5.56e-06
4.085e-06,2.96e-06,4.98e-06,4.2e-06,4.98e-06
4.253e-06,3.41e-06,5.24e-06,4.18e-06,5.24e-06
4.473e-06,3.27e-06,5.571e-06,4.525e-06,5.571e-06
4.333e-06,3.29e-06,5.4e-06,4.32e-06,5.4e-06
4.077e-06,3.49e-06,5.04e-06,3.89e-06,5.04e-06
4.272e-06,3.28e-06,5.42e-06,4.195e-06,5.42e-06
4.295e-06,3.07e-06,5.22e-06,4.445e-06,5.22e-06
4.247e-06,3.4e-06,5.11e-06,4.24e-06,5.11e-06
4.368e-06,3.28e-06,5.2e-06,4.495e-06,5.2e-06
4.227e-06,3.74e-06,5.17e-06,4e-06,5.17e-06
4.05e-06,3.03e-06,5.09e-06,4.04e-06,5.09e-06
4.503e-06,3.6e-06,5.38e-06,4.516e-06,5.38e-06
4.195e-06,2.9e-06,5.62e-06,4.13e-06,5.62e-06
4.13e-06,3.63e-06,5.271e-06,3.81e-06,5.271e-06
4.258e-06,3.08e-06,5.12e-06,4.415e-06,5.12e-06
4.34e-06,3.25e-06,5.61e-06,4.25e-06,5.61e-06
4.308e-06,2.94e-06,5.19e-06,4.55e-06,5.19e-06
4.253e-06,3.64e-06,5.55e-06,3.91e-06,5.55e-06
3.955e-06,2.98e-06,5.21e-06,3.815e-06,5.21e-06
4.295e-06,3.43e-06,5.05e-06,4.35e-06,5.05e-06
4.493e-06,2.84e-06,5.78e-06,4.675e-06,5.78e-06
4.152e-06,3.26e-06,5.1e-06,4.125e-06,5.1e-06
4.365e-06,3.11e-06,5.5e-06,4.425e-06,5.5e-06
4.217e-06,3.4e-06,5.09e-06,4.19e-06,5.09e-06
4.223e-06,2.92e-06,5.321e-06,4.325e-06,5.321e-06
4.258e-06,3.07e-06,5.38e-06,4.29e-06,5.38e-06
4.265e-06,2.85e-06,5.15e-06,4.53e-06,5.15e-06
4.22e-06,3.72e-06,5.16e-06,4e-06,5.16e-06
4.293e-06,3e-06,5.15e-06,4.51e-06,5.15e-06
4.227e-06,3.51e-06,5.33e-06,4.035e-06,5.33e-06
4.265e-06,3.22e-06,5.15e-06,4.345e-06,5.15e-06
4.23e-06,3.56e-06,5.32e-06,4.02e-06,5.32e-06
4.568e-06,3.53e-06,6.15e-06,4.295e-06,6.15e-06
4.083e-06,3.17e-06,5.09e-06,4.035e-06,5.09e-06
4.38e-06,2.86e-06,5.7e-06,4.48e-06,5.7e-06
4.215e-06,3.41e-06,5.261e-06,4.095e-06,5.261e-06
4.42e-06,3.2e-06,5.36e-06,4.56e-06,5.36e-06
4.315e-06,3.561e-06,5.25e-06,4.225e-06,5.25e-06
4.25e-06,3.05e-06,5.3e-06,4.326e-06,5.3e-06
4.053e-06,3.23e-06,5.2e-06,3.89e-06,5.2e-06
4.4e-06,3.02e-06,5.93e-06,4.325e-06,5.93e-06
4.215e-06,3.65e-06,5.13e-06,4.04e-06,5.13e-06
4.463e-06,3.25e-06,5.47e-06,4.565e-06,5.47e-06
4.252e-06,3.38e-06,5.46e-06,4.085e-06,5.46e-06
4.222e-06,2.98e-06,5.3e-06,4.305e-06,5.3e-06
4.435e-06,3.5e-06,5.45e-06,4.395e-06,5.45e-06
4.348e-06,3.16e-06,5.121e-06,4.555e-06,5.121e-06
4.207e-06,3.08e-06,5.54e-06,4.105e-06,5.54e-06
4.237e-06,3.1e-06,5.26e-06,4.295e-06,5.26e-06
4.212e-06,3.36e-06,5.15e-06,4.17e-06,5.15e-06
4.232e-06,3.2e-06,5.29e-06,4.22e-06,5.29e-06
4.423e-06,3.78e-06,5.84e-06,4.035e-06,5.84e-06
4.416e-06,2.86e-06,5.55e-06,4.626e-06,5.55e-06
4.335e-06,3.33e-06,5.46e-06,4.275e-06,5.46e-06
4.15e-06,3.13e-06,5.3e-06,4.085e-06,5.3e-06
4.47e-06,3.47e-06,5.55e-06,4.43e-06,5.55e-06
4.577e-06,3.45e-06,5.8e-06,4.53e-06,5.8e-06
4.385e-06,4.02e-06,5.251e-06,4.135e-06,5.251e-06
4.25e-06,3.4e-06,5.1e-06,4.25e-06,5.1e-06
4.23e-06,3.23e-06,5.41e-06,4.14e-06,5.41e-06
4.37e-06,3.1e-06,5.6e-06,4.39e-06,5.6e-06
4.088e-06,3.291e-06,5.14e-06,3.96e-06,5.14e-06
4.3e-06,2.72e-06,5.47e-06,4.505e-06,5.47e-06
4.31e-06,3.64e-06,5.21e-06,4.195e-06,5.21e-06
4.2e-06,2.96e-06,5.2e-06,4.32e-06,5.2e-06
4.185e-06,3.37e-06,5.49e-06,3.94e-06,5.49e-06
4.138e-06,2.79e-06,5.18e-06,4.29e-06,5.18e-06
4.425e-06,3.41e-06,5.46e-06,4.415e-06,5.46e-06
4.15e-06,2.78e-06,5.2e-06,4.31e-06,5.2e-06
4.2e-06,3.25e-06,5.7e-06,3.925e-06,5.7e-06
4.445e-06,3.03e-06,5.74e-06,4.505e-06,5.74e-06
4.327e-06,3.7e-06,5.61e-06,4e-06,5.61e-06
4.3e-06,3.1e-06,5.29e-06,4.405e-06,5.29e-06
4.21e-06,3.56e-06,5.33e-06,3.975e-06,5.33e-06
4.37e-06,2.47e-06,5.62e-06,4.695e-06,5.62e-06
4.118e-06,3.3e-06,5.15e-06,4.01e-06,5.15e-06
4.155e-06,2.91e-06,5.38e-06,4.165e-06,5.38e-06
4.242e-06,3.48e-06,5.48e-06,4.005e-06,5.48e-06
4.19e-06,3.05e-06,5.15e-06,4.28e-06,5.15e-06
4.625e-06,4.02e-06,5.74e-06,4.371e-06,5.74e-06
4.305e-06,3.31e-06,5.26e-06,4.325e-06,5.26e-06
4.46e-06,3.73e-06,5.89e-06,4.11e-06,5.89e-06
4.09e-06,2.95e-06,5.29e-06,4.06e-06,5.29e-06
4.238e-06,3.37e-06,5.03e-06,4.275e-06,5.03e-06
4.475e-06,3.27e-06,5.61e-06,4.51e-06,5.61e-06
8.548e-06,1.83e-06,1.164e-05,1.0361e-05,1.086e-05
4.27e-06,3.18e-06,5.29e-06,4.305e-06,5.29e-06
4.395e-06,3.61e-06,5.23e-06,4.37e-06,5.23e-06
4.448e-06,3.2e-06,5.55e-06,4.52e-06,5.55e-06
4.262e-06,3.53e-06,5.26e-06,4.13e-06,5.26e-06
4.37e-06,3.37e-06,5.331e-06,4.39e-06,5.331e-06
4.24e-06,3.58e-06,5.04e-06,4.17e-06,5.04e-06
4.228e-06,3.01e-06,5.16e-06,4.371e-06,5.16e-06
4.158e-06,3.68e-06,5.13e-06,3.91e-06,5.13e-06
4.23e-06,2.97e-06,5.21e-06,4.37e-06,5.21e-06
4.453e-06,3.56e-06,5.35e-06,4.45e-06,5.35e-06
4.345e-06,2.94e-06,5.21e-06,4.615e-06,5.21e-06
4.52e-06,4.12e-06,5.4e-06,4.28e-06,5.4e-06
4.283e-06,2.87e-06,5.09e-06,4.585e-06,5.09e-06
4.355e-06,3.55e-06,5.25e-06,4.31e-06,5.25e-06
4.21e-06,2.79e-06,5.2e-06,4.425e-06,5.2e-06
4.328e-06,3.37e-06,5.4e-06,4.27e-06,5.4e-06
4.328e-06,3.15e-06,5.26e-06,4.45e-06,5.26e-06
4.18e-06,3.52e-06,5.2e-06,4e-06,5.2e-06
4.155e-06,3.19e-06,5.46e-06,3.985e-06,5.46e-06
4.45e-06,3.49e-06,5.74e-06,4.285e-06,5.74e-06
4.36e-06,3e-06,5.41e-06,4.516e-06,5.41e-06
4.263e-06,3.43e-06,5.75e-06,3.935e-06,5.75e-06
4.335e-06,3.16e-06,5.24e-06,4.47e-06,5.24e-06
4.162e-06,3.46e-06,5.15e-06,4.02e-06,5.15e-06
4.31e-06,3.27e-06,5.28e-06,4.345e-06,5.28e-06
4.24e-06,3.58e-06,5.33e-06,4.025e-06,5.33e-06
4.143e-06,2.65e-06,5.391e-06,4.265e-06,5.391e-06
4.318e-06,3.27e-06,5.18e-06,4.41e-06,5.18e-06
4.485e-06,3.33e-06,5.14e-06,4.735e-06,5.14e-06
4.193e-06,3.3e-06,5.23e-06,4.12e-06,5.23e-06
4.28e-06,2.88e-06,5.23e-06,4.505e-06,5.23e-06
4.282e-06,3.32e-06,5.53e-06,4.14e-06,5.53e-06
4.065e-06,3.01e-06,5.16e-06,4.045e-06,5.16e-06
4.203e-06,3.5e-06,5.14e-06,4.085e-06,5.14e-06
4.247e-06,2.88e-06,5.27e-06,4.42e-06,5.27e-06
4.305e-06,3.51e-06,5.42e-06,4.145e-06,5.42e-06
4.275e-06,3.19e-06,5.53e-06,4.19e-06,5.53e-06
4.193e-06,3.5e-06,5.341e-06,3.965e-06,5.341e-06
4.267e-06,3.08e-06,5.15e-06,4.42e-06,5.15e-06
4.065e-06,3.42e-06,4.96e-06,3.94e-06,4.96e-06
4.505e-06,3.22e-06,5.46e-06,4.67e-06,5.46e-06
4.418e-06,3.88e-06,5.55e-06,4.12e-06,5.55e-06
4.218e-06,3.13e-06,5.22e-06,4.26e-06,5.22e-06
4.385e-06,3.37e-06,5.49e-06,4.34e-06,5.49e-06
4.305e-06,3.33e-06,5.16e-06,4.365e-06,5.16e-06
4.393e-06,3.65e-06,5.38e-06,4.27e-06,5.38e-06
4.053e-06,3.19e-06,5.05e-06,3.985e-06,5.05e-06
4.52e-06,3.801e-06,5.83e-06,4.225e-06,5.83e-06
4.078e-06,2.53e-06,5.451e-06,4.165e-06,5.451e-06
4.33e-06,3.48e-06,5.32e-06,4.26e-06,5.32e-06
4.312e-06,2.98e-06,5.22e-06,4.525e-06,5.22e-06
4.15e-06,3.56e-06,5.14e-06,3.95e-06,5.14e-06
4.25e-06,2.78e-06,5.85e-06,4.185e-06,5.85e-06
4.242e-06,3.47e-06,5.44e-06,4.03e-06,5.44e-06
4.432e-06,3.19e-06,5.44e-06,4.55e-06,5.44e-06
4.495e-06,3.41e-06,5.84e-06,4.365e-06,5.84e-06
4.372e-06,3.43e-06,5.16e-06,4.45e-06,5.16e-06
4.492e-06,3.5e-06,5.29e-06,4.59e-06,5.29e-06
4.345e-06,3.3e-06,5.26e-06,4.41e-06,5.26e-06
4.193e-06,3.58e-06,5.411e-06,3.89e-06,5.411e-06
4.053e-06,3.13e-06,5.22e-06,3.93e-06,5.22e-06
4.125e-06,3.27e-06,5.09e-06,4.07e-06,5.09e-06
4.61e-06,3.27e-06,5.39e-06,4.89e-06,5.2e-06
4.365e-06,3.65e-06,5.12e-06,4.345e-06,5.12e-06
4.405e-06,3.1e-06,5.34e-06,4.59e-06,5.34e-06
4.303e-06,3.63e-06,5.14e-06,4.22e-06,5.14e-06
4.158e-06,2.81e-06,5.53e-06,4.145e-06,5.53e-06
4.143e-06,3.27e-06,5.18e-06,4.06e-06,5.18e-06
4.288e-06,2.93e-06,5.24e-06,4.49e-06,5.24e-06
4.165e-06,3.67e-06,5.02e-06,3.985e-06,5.02e-06
4.265e-06,2.98e-06,5.261e-06,4.41e-06,5.261e-06
4.24e-06,3.81e-06,5.26e-06,3.946e-06,5.26e-06
4.13e-06,2.92e-06,5.16e-06,4.22e-06,5.16e-06
4.37e-06,3.6e-06,5.33e-06,4.275e-06,5.33e-06
4.338e-06,2.89e-06,5.29e-06,4.585e-06,5.29e-06
4.265e-06,2.98e-06,5.56e-06,4.261e-06,5.56e-06
4.295e-06,2.98e-06,5.36e-06,4.42e-06,5.36e-06
4.407e-06,3.8e-06,5.8e-06,4.015e-06,5.8e-06
4.345e-06,2.83e-06,5.61e-06,4.47e-06,5.61e-06
4.32e-06,3.58e-06,5.69e-06,4.005e-06,5.69e-06
4.19e-06,2.79e-06,5.4e-06,4.285e-06,5.4e-06
4.315e-06,3.47e-06,5.1e-06,4.345e-06,5.1e-06
4.275e-06,2.97e-06,5.27e-06,4.43e-06,5.27e-06
4.362e-06,3.86e-06,5.54e-06,4.025e-06,5.54e-06
4.383e-06,3.03e-06,5.5e-06,4.5e-06,5.5e-06
4.22e-06,3.41e-06,5.27e-06,4.1e-06,5.27e-06
4.168e-06,2.82e-06,5.3e-06,4.275e-06,5.3e-06
4.318e-06,3.77e-06,5.16e-06,4.17e-06,5.16e-06
4.385e-06,2.9e-06,5.69e-06,4.475e-06,5.69e-06
4.167e-06,3.25e-06,5.22e-06,4.1e-06,5.22e-06
4.34e-06,3.15e-06,5.75e-06,4.23e-06,5.75e-06
4.367e-06,3.53e-06,5.67e-06,4.135e-06,5.67e-06
4.307e-06,2.99e-06,5.31e-06,4.465e-06,5.31e-06
4.46e-06,4.03e-06,5.42e-06,4.195e-06,5.42e-06
4.415e-06,3.39e-06,5.38e-06,4.445e-06,5.38e-06
4.243e-06,3.7e-06,5.17e-06,4.05e-06,5.17e-06
4.048e-06,2.99e-06,5.24e-06,3.98e-06,5.24e-06
4.377e-06,3.89e-06,5.41e-06,4.105e-06,5.41e-06
4.18e-06,2.84e-06,5.37e-06,4.255e-06,5.37e-06
4.323e-06,3.77e-06,5.33e-06,4.095e-06,5.33e-06
4.375e-06,2.99e-06,5.91e-06,4.3e-06,5.91e-06
4.138e-06,3.5e-06,5.12e-06,3.966e-06,5.12e-06
4.445e-06,3.49e-06,5.26e-06,4.515e-06,5.26e-06
4.06e-06,3.47e-06,4.86e-06,3.955e-06,4.86e-06
4.345e-06,2.91e-06,5.311e-06,4.58e-06,5.311e-06
4.39e-06,3.41e-06,5.56e-06,4.295e-06,5.56e-06
4.343e-06,3.17e-06,5.19e-06,4.505e-06,5.19e-06
4.3e-06,3.33e-06,5.17e-06,4.35e-06,5.17e-06
4.275e-06,3.24e-06,5.23e-06,4.315e-06,5.23e-06
4.17e-06,3.5e-06,5.27e-06,3.955e-06,5.27e-06
4.277e-06,2.84e-06,5.18e-06,4.545e-06,5.18e-06
4.347e-06,3.68e-06,5.26e-06,4.225e-06,5.26e-06
4.32e-06,3e-06,5.16e-06,4.56e-06,5.16e-06
4.145e-06,3.21e-06,5.19e-06,4.09e-06,5.19e-06
4.145e-06,2.85e-06,5.29e-06,4.22e-06,5.29e-06
4.305e-06,3.34e-06,5.431e-06,4.226e-06,5.431e-06
4.308e-06,3.26e-06,5.12e-06,4.426e-06,5.12e-06
4.185e-06,3.25e-06,5.16e-06,4.165e-06,5.16e-06
4.26e-06,3.01e-06,5.48e-06,4.275e-06,5.48e-06
4.323e-06,3.34e-06,5.42e-06,4.265e-06,5.42e-06
4.128e-06,2.911e-06,5.2e-06,4.2e-06,5.2e-06
4.397e-06,3.84e-06,5.77e-06,3.99e-06,5.77e-06
4.235e-06,2.99e-06,5.2e-06,4.375e-06,5.2e-06
4.25e-06,3.44e-06,5.36e-06,4.1e-06,5.36e-06
4.078e-06,2.96e-06,5.26e-06,4.045e-06,5.26e-06
4.247e-06,3.54e-06,5.1e-06,4.175e-06,5.1e-06
4.45e-06,3.51e-06,5.191e-06,4.55e-06,5.191e-06
4.142e-06,3.44e-06,5.15e-06,3.99e-06,5.15e-06
4.325e-06,2.81e-06,5.48e-06,4.506e-06,5.48e-06
4.35e-06,3.46e-06,5.82e-06,4.06e-06,5.82e-06
4.305e-06,3.1e-06,5.29e-06,4.415e-06,5.29e-06
4.217e-06,3.47e-06,5.57e-06,3.915e-06,5.57e-06
4.293e-06,3.21e-06,5.15e-06,4.405e-06,5.15e-06
4.26e-06,3.37e-06,5.58e-06,4.045e-06,5.58e-06
4.26e-06,3.03e-06,5.32e-06,4.345e-06,5.32e-06
4.258e-06,3.69e-06,5.23e-06,4.055e-06,5.23e-06
4.285e-06,3e-06,5.27e-06,4.435e-06,5.27e-06
4.295e-06,3.83e-06,5.26e-06,4.045e-06,5.26e-06
4.325e-06,2.94e-06,5.72e-06,4.32e-06,5.72e-06
4.23e-06,3.26e-06,5.1e-06,4.28e-06,5.1e-06
4.172e-06,2.8e-06,5.11e-06,4.39e-06,5.11e-06
4.25e-06,3.11e-06,5.38e-06,4.255e-06,5.38e-06
4.703e-06,3.26e-06,5.63e-06,4.96e-06,5.63e-06
4.33e-06,3.73e-06,5.43e-06,4.08e-06,5.43e-06
4.28e-06,3.2e-06,5.46e-06,4.23e-06,5.46e-06
4.238e-06,3.46e-06,5.21e-06,4.14e-06,5.21e-06
4.29e-06,3.03e-06,5.13e-06,4.5e-06,5.13e-06
4.633e-06,3.49e-06,6.05e-06,4.495e-06,6.05e-06
4.135e-06,2.54e-06,5.49e-06,4.255e-06,5.49e-06
4.125e-06,3.42e-06,5.4e-06,3.84e-06,5.4e-06
4.175e-06,2.79e-06,5.58e-06,4.165e-06,5.58e-06
4.303e-06,3.32e-06,5.76e-06,4.065e-06,5.76e-06
4.255e-06,2.94e-06,5.17e-06,4.455e-06,5.17e-06
4.303e-06,3.6e-06,5.35e-06,4.13e-06,5.35e-06
4.178e-06,2.81e-06,5.52e-06,4.19e-06,5.52e-06
4.238e-06,3.48e-06,5.51e-06,3.98e-06,5.51e-06
4.353e-06,3.28e-06,5.14e-06,4.496e-06,5.14e-06
4.185e-06,3.67e-06,5.24e-06,3.915e-06,5.24e-06
4.225e-06,2.83e-06,5.2e-06,4.435e-06,5.2e-06
4.197e-06,3.28e-06,5.28e-06,4.115e-06,5.28e-06
4.068e-06,2.89e-06,5.431e-06,3.975e-06,5.431e-06
4.17e-06,3.5e-06,5.19e-06,3.995e-06,5.19e-06
4.49e-06,3.46e-06,5.51e-06,4.495e-06,5.51e-06
4.283e-06,3.62e-06,5.09e-06,4.21e-06,5.09e-06
4.247e-06,3.21e-06,5.49e-06,4.145e-06,5.49e-06
4.267e-06,3.42e-06,5.28e-06,4.185e-06,5.28e-06
4.217e-06,3.08e-06,5.15e-06,4.32e-06,5.15e-06
4.043e-06,2.95e-06,4.87e-06,4.175e-06,4.87e-06
4.255e-06,2.85e-06,5.14e-06,4.515e-06,5.14e-06
4.215e-06,3.36e-06,5.44e-06,4.03e-06,5.44e-06
4.177e-06,2.75e-06,5.56e-06,4.2e-06,5.56e-06
4.208e-06,3.28e-06,5.221e-06,4.165e-06,5.221e-06
4.39e-06,2.79e-06,5.53e-06,4.62e-06,5.53e-06
4.385e-06,3.55e-06,5.9e-06,4.045e-06,5.9e-06
3.932e-06,2.86e-06,5.06e-06,3.905e-06,5.06e-06
4.45e-06,3.38e-06,5.4e-06,4.51e-06,5.4e-06
4.325e-06,3.13e-06,5.51e-06,4.33e-06,5.51e-06
4.3e-06,3.84e-06,5.13e-06,4.115e-06,5.13e-06
4.405e-06,3.27e-06,5.13e-06,4.61e-06,5.13e-06
4.313e-06,3.42e-06,5.32e-06,4.255e-06,5.32e-06
4.36e-06,3.27e-06,5.2e-06,4.485e-06,5.2e-06
4.178e-06,3.3e-06,5.32e-06,4.045e-06,5.32e-06
4.263e-06,2.64e-06,5.861e-06,4.275e-06,5.861e-06
4.405e-06,3.77e-06,5.61e-06,4.12e-06,5.61e-06
4.36e-06,2.81e-06,5.94e-06,4.345e-06,5.94e-06
4.278e-06,3.65e-06,5.24e-06,4.11e-06,5.24e-06
4.24e-06,2.82e-06,5.61e-06,4.265e-06,5.61e-06
4.2e-06,3.24e-06,5.79e-06,3.885e-06,5.79e-06
3.988e-06,2.9e-06,5.47e-06,3.79e-06,5.47e-06
4.327e-06,3.56e-06,5.4e-06,4.175e-06,5.4e-06
4.268e-06,2.63e-06,5.38e-06,4.53e-06,5.38e-06
4.265e-06,3.52e-06,5.52e-06,4.01e-06,5.52e-06
4.292e-06,3.33e-06,5.17e-06,4.335e-06,5.17e-06
4.261e-06,3.691e-06,5.181e-06,4.085e-06,5.181e-06
4.12e-06,3.13e-06,5.12e-06,4.115e-06,5.12e-06
4.198e-06,3.28e-06,5.41e-06,4.05e-06,5.41e-06
4.315e-06,3.08e-06,5.14e-06,4.52e-06,5.14e-06
4.343e-06,3.51e-06,5.33e-06,4.265e-06,5.33e-06
4.237e-06,3.08e-06,5.1e-06,4.385e-06,5.1e-06
4.333e-06,3.42e-06,5.67e-06,4.12e-06,5.67e-06
4.183e-06,2.73e-06,5.63e-06,4.185e-06,5.63e-06
5.062e-06,4e-06,6.18e-06,5.035e-06,5.46e-06
4.255e-06,2.83e-06,5.18e-06,4.505e-06,5.18e-06
4.422e-06,3.79e-06,5.73e-06,4.085e-06,5.73e-06
4.288e-06,2.92e-06,5.051e-06,4.59e-06,5.051e-06
4.298e-06,3.8e-06,5.13e-06,4.13e-06,5.13e-06
4.275e-06,2.92e-06,5.2e-06,4.49e-06,5.2e-06
4.26e-06,3.59e-06,5.33e-06,4.06e-06,5.33e-06
5.19e-06,3.29e-06,7.32e-06,5.075e-06,7.32e-06
4.125e-06,3.63e-06,5.13e-06,3.87e-06,5.13e-06
4.237e-06,2.51e-06,5.87e-06,4.285e-06,5.87e-06
4.28e-06,3.64e-06,5.59e-06,3.945e-06,5.59e-06
4.163e-06,2.8e-06,5.38e-06,4.235e-06,5.38e-06
4.308e-06,3.71e-06,5.12e-06,4.2e-06,5.12e-06
4.298e-06,3.07e-06,5.5e-06,4.31e-06,5.5e-06
4.263e-06,3.54e-06,5.441e-06,4.035e-06,5.441e-06
4.237e-06,3.02e-06,5.17e-06,4.38e-06,5.17e-06
4.228e-06,3.281e-06,5.23e-06,4.2e-06,5.23e-06
4.308e-06,2.89e-06,5.49e-06,4.425e-06,5.49e-06
4.243e-06,3.4e-06,5.27e-06,4.15e-06,5.27e-06
4.35e-06,3.35e-06,5.31e-06,4.37e-06,5.31e-06
4.165e-06,3.57e-06,5.2e-06,3.945e-06,5.2e-06
4.425e-06,3.1e-06,5.31e-06,4.645e-06,5.31e-06
4.35e-06,3.51e-06,5.33e-06,4.28e-06,5.33e-06
4.17e-06,2.98e-06,5.75e-06,3.975e-06,5.75e-06
4.452e-06,3.85e-06,5.42e-06,4.27e-06,5.42e-06
4.313e-06,3.28e-06,5.331e-06,4.321e-06,5.331e-06
4.315e-06,3.57e-06,5.41e-06,4.14e-06,5.41e-06
4.125e-06,2.95e-06,5.31e-06,4.12e-06,5.31e-06
4.328e-06,3.51e-06,5.17e-06,4.315e-06,5.17e-06
4.323e-06,3.13e-06,5.28e-06,4.44e-06,5.28e-06
4.065e-06,3.17e-06,4.86e-06,4.115e-06,4.86e-06
4.308e-06,3.14e-06,5.22e-06,4.435e-06,5.22e-06
4.225e-06,3.14e-06,5.49e-06,4.135e-06,5.49e-06
4.112e-06,3.03e-06,5.11e-06,4.155e-06,5.11e-06
4.348e-06,3.4e-06,5.43e-06,4.28e-06,5.43e-06
4.203e-06,2.61e-06,5.38e-06,4.41e-06,5.38e-06
4.14e-06,3.59e-06,5.18e-06,3.896e-06,5.18e-06
4.305e-06,3.23e-06,5.24e-06,4.375e-06,5.24e-06
4.248e-06,3.3e-06,5.21e-06,4.24e-06,5.21e-06
4.277e-06,2.85e-06,5.35e-06,4.455e-06,5.35e-06
4.432e-06,3.69e-06,5.5e-06,4.27e-06,5.5e-06
4.297e-06,3.15e-06,5.27e-06,4.385e-06,5.27e-06
4.495e-06,4.08e-06,5.28e-06,4.31e-06,5.28e-06
4.488e-06,2.99e-06,5.84e-06,4.56e-06,5.84e-06
4.25e-06,3.34e-06,5.16e-06,4.25e-06,5.16e-06
4.11e-06,2.85e-06,5.12e-06,4.235e-06,5.12e-06
4.202e-06,3.27e-06,5.14e-06,4.2e-06,5.14e-06
4.56e-06,3.65e-06,5.641e-06,4.475e-06,5.641e-06
4.335e-06,3.91e-06,5.42e-06,4.005e-06,5.42e-06
4.3e-06,2.91e-06,5.83e-06,4.231e-06,5.83e-06
4.217e-06,3.52e-06,5.55e-06,3.9e-06,5.55e-06
4.04e-06,2.86e-06,5.29e-06,4.005e-06,5.29e-06
4.34e-06,3.991e-06,5.16e-06,4.105e-06,5.16e-06
4.467e-06,3.09e-06,5.71e-06,4.535e-06,5.71e-06
4.32e-06,3.38e-06,5.27e-06,4.315e-06,5.27e-06
4.502e-06,3.37e-06,5.91e-06,4.365e-06,5.91e-06
4.293e-06,3.78e-06,5.26e-06,4.065e-06,5.26e-06
4.428e-06,2.96e-06,5.41e-06,4.67e-06,5.41e-06
4.285e-06,3.45e-06,5.48e-06,4.105e-06,5.48e-06
4.22e-06,3.23e-06,5.14e-06,4.255e-06,5.14e-06
4.308e-06,3.79e-06,5.33e-06,4.055e-06,5.33e-06
4.255e-06,3.28e-06,5.38e-06,4.18e-06,5.38e-06
4.195e-06,3.49e-06,5.26e-06,4.015e-06,5.26e-06
4.42e-06,3.16e-06,5.77e-06,4.376e-06,5.77e-06
4.317e-06,3.71e-06,5.36e-06,4.1e-06,5.36e-06
4.393e-06,2.91e-06,5.59e-06,4.535e-06,5.59e-06
4.373e-06,3.58e-06,5.24e-06,4.335e-06,5.24e-06
4.17e-06,2.81e-06,5.21e-06,4.33e-06,5.21e-06
4.313e-06,3.69e-06,5.28e-06,4.14e-06,5.28e-06
4.32e-06,2.89e-06,5.29e-06,4.55e-06,5.29e-06
4.318e-06,3.25e-06,5.331e-06,4.345e-06,5.331e-06
4.492e-06,3.56e-06,5.58e-06,4.415e-06,5.58e-06
4.125e-06,3.2e-06,5.18e-06,4.06e-06,5.18e-06
4.06e-06,2.9e-06,5.27e-06,4.035e-06,5.27e-06
4.598e-06,3.55e-06,5.87e-06,4.485e-06,5.87e-06
4.095e-06,2.94e-06,5.27e-06,4.085e-06,5.27e-06
4.233e-06,3.77e-06,5.26e-06,3.95e-06,5.26e-06
4.138e-06,3.13e-06,5.13e-06,4.146e-06,5.13e-06
4.315e-06,3.79e-06,5.24e-06,4.115e-06,5.24e-06
4.228e-06,2.84e-06,5.59e-06,4.24e-06,5.59e-06
4.015e-06,3.02e-06,5.17e-06,3.936e-06,5.17e-06
4.183e-06,3.15e-06,5.311e-06,4.135e-06,5.311e-06
4.248e-06,3.68e-06,5.29e-06,4.01e-06,5.29e-06
4.285e-06,2.83e-06,5.42e-06,4.445e-06,5.42e-06
4.5e-06,3.43e-06,6.2e-06,4.185e-06,6.2e-06
4.255e-06,3.22e-06,5.13e-06,4.335e-06,5.13e-06
4.34e-06,3.42e-06,5.34e-06,4.3e-06,5.34e-06
4.175e-06,3.39e-06,5.23e-06,4.04e-06,5.23e-06
4.29e-06,3.54e-06,5.6e-06,4.01e-06,5.6e-06
4.345e-06,3.081e-06,5.22e-06,4.54e-06,5.22e-06
4.313e-06,3.47e-06,5.3e-06,4.24e-06,5.3e-06
4.445e-06,3.25e-06,5.47e-06,4.531e-06,5.47e-06
4.295e-06,3.56e-06,5.191e-06,4.215e-06,5.191e-06
4.325e-06,3.46e-06,5.35e-06,4.245e-06,5.35e-06
4.077e-06,3.16e-06,4.95e-06,4.1e-06,4.95e-06
4.395e-06,2.81e-06,5.59e-06,4.59e-06,5.59e-06
4.65e-06,3.61e-06,5.97e-06,4.51e-06,5.97e-06
4.193e-06,2.97e-06,5.06e-06,4.37e-06,5.06e-06
4.457e-06,3.59e-06,5.29e-06,4.475e-06,5.29e-06
4.205e-06,2.98e-06,5.24e-06,4.3e-06,5.24e-06
4.26e-06,3.69e-06,5.35e-06,4e-06,5.35e-06
4.23e-06,3.16e-06,5.4e-06,4.18e-06,5.4e-06
4.203e-06,3.35e-06,5.31e-06,4.075e-06,5.31e-06
4.197e-06,2.91e-06,5.19e-06,4.345e-06,5.19e-06
4.445e-06,3.35e-06,5.22e-06,4.606e-06,5.22e-06
4.228e-06,2.9e-06,5.18e-06,4.415e-06,5.18e-06
4.378e-06,3.74e-06,5.01e-06,4.38e-06,5.01e-06
4.217e-06,3.08e-06,5.14e-06,4.325e-06,5.14e-06
4.377e-06,3.41e-06,5.83e-06,4.135e-06,5.83e-06
4.28e-06,3.37e-06,5.16e-06,4.295e-06,5.16e-06
4.197e-06,3.4e-06,5.51e-06,3.94e-06,5.51e-06
4.288e-06,2.92e-06,5.3e-06,4.465e-06,5.3e-06
4.202e-06,3.61e-06,5.15e-06,4.025e-06,5.15e-06
4.193e-06,2.851e-06,5.12e-06,4.4e-06,5.12e-06
4.087e-06,3.26e-06,5.42e-06,3.835e-06,5.42e-06
4.115e-06,3.04e-06,5.681e-06,3.87e-06,5.681e-06
4.455e-06,3.28e-06,5.39e-06,4.575e-06,5.39e-06
4.348e-06,2.89e-06,5.63e-06,4.435e-06,5.63e-06
4.333e-06,3.78e-06,5.2e-06,4.175e-06,5.2e-06
4.403e-06,2.98e-06,5.56e-06,4.535e-06,5.56e-06
4.2e-06,3.65e-06,5.11e-06,4.02e-06,5.11e-06
4.242e-06,2.57e-06,5.56e-06,4.42e-06,5.56e-06
4.198e-06,3.47e-06,5.25e-06,4.035e-06,5.25e-06
4.272e-06,2.9e-06,5.14e-06,4.525e-06,5.14e-06
4.342e-06,3.56e-06,5.54e-06,4.135e-06,5.54e-06
4.428e-06,3.25e-06,5.59e-06,4.435e-06,5.59e-06
4.283e-06,3.51e-06,5.191e-06,4.215e-06,5.191e-06
4.287e-06,2.99e-06,5.81e-06,4.175e-06,5.81e-06
4.335e-06,3.5e-06,5.38e-06,4.23e-06,5.38e-06
4.28e-06,2.92e-06,5.13e-06,4.535e-06,5.13e-06
4.27e-06,3.21e-06,5.52e-06,4.175e-06,5.52e-06
4.453e-06,2.99e-06,5.5e-06,4.66e-06,5.5e-06
4.185e-06,3.55e-06,5.27e-06,3.96e-06,5.27e-06
4.325e-06,3.18e-06,5.19e-06,4.465e-06,5.19e-06
4.237e-06,3.36e-06,5.18e-06,4.205e-06,5.18e-06
4.253e-06,3.19e-06,5.11e-06,4.355e-06,5.11e-06
4.198e-06,3.68e-06,5.08e-06,4.015e-06,5.08e-06
4.275e-06,3.02e-06,5.461e-06,4.31e-06,5.461e-06
4.385e-06,3.551e-06,5.39e-06,4.3e-06,5.39e-06
4.068e-06,2.88e-06,5.22e-06,4.085e-06,5.22e-06
4.095e-06,3.45e-06,5.13e-06,3.9e-06,5.13e-06
4.383e-06,3.11e-06,5.43e-06,4.495e-06,5.43e-06
4.182e-06,3.4e-06,5.32e-06,4.005e-06,5.32e-06
4.288e-06,3.08e-06,5.19e-06,4.44e-06,5.19e-06
4.15e-06,3.29e-06,5.32e-06,3.995e-06,5.32e-06
4.16e-06,2.84e-06,5.57e-06,4.115e-06,5.57e-06
4.365e-06,3.84e-06,5.39e-06,4.116e-06,5.39e-06
4.335e-06,2.85e-06,5.92e-06,4.285e-06,5.92e-06
4.24e-06,3.31e-06,5.23e-06,4.21e-06,5.23e-06
4.39e-06,2.97e-06,5.26e-06,4.666e-06,5.26e-06
4.315e-06,3.62e-06,5.36e-06,4.14e-06,5.36e-06
4.242e-06,3.16e-06,5.29e-06,4.26e-06,5.29e-06
4.278e-06,3.8e-06,5.27e-06,4.02e-06,5.27e-06
4.22e-06,2.95e-06,5.7e-06,4.115e-06,5.7e-06
4.312e-06,3.62e-06,5.24e-06,4.195e-06,5.24e-06
4.328e-06,3.23e-06,5.52e-06,4.28e-06,5.52e-06
4.338e-06,3.93e-06,5.3e-06,4.06e-06,5.3e-06
4.238e-06,2.89e-06,5.68e-06,4.19e-06,5.68e-06
4.135e-06,3.22e-06,5.46e-06,3.93e-06,5.46e-06
4.245e-06,3.05e-06,5.28e-06,4.325e-06,5.28e-06
4.395e-06,3.89e-06,5.551e-06,4.07e-06,5.551e-06
4.282e-06,3.22e-06,5.66e-06,4.125e-06,5.66e-06
4.29e-06,3.35e-06,5.44e-06,4.185e-06,5.44e-06
4.185e-06,3.05e-06,5.23e-06,4.231e-06,5.23e-06
4.24e-06,3.46e-06,5.18e-06,4.16e-06,5.18e-06
4.32e-06,3.46e-06,5.05e-06,4.385e-06,5.05e-06
4.168e-06,3.42e-06,5.3e-06,3.975e-06,5.3e-06
4.347e-06,2.93e-06,5.67e-06,4.395e-06,5.67e-06
4.215e-06,3.47e-06,5.12e-06,4.135e-06,5.12e-06
4.182e-06,2.76e-06,5.31e-06,4.33e-06,5.31e-06
4.318e-06,3.77e-06,5.2e-06,4.15e-06,5.2e-06
9.003e-06,4.15e-06,1.377e-05,9.046e-06,5.161e-06
4.383e-06,3.58e-06,5.61e-06,4.17e-06,5.61e-06
4.34e-06,3.37e-06,5.56e-06,4.215e-06,5.56e-06
4.375e-06,3.65e-06,5.31e-06,4.27e-06,5.31e-06
4.418e-06,3.16e-06,5.75e-06,4.38e-06,5.75e-06
4.31e-06,3.42e-06,5.97e-06,3.925e-06,5.97e-06
4.3e-06,3.44e-06,5.3e-06,4.23e-06,5.3e-06
4.187e-06,3.44e-06,5.55e-06,3.88e-06,5.55e-06
4.135e-06,3.01e-06,5.3e-06,4.115e-06,5.3e-06
4.277e-06,3.31e-06,5.56e-06,4.12e-06,5.56e-06
4.26e-06,3.1e-06,5.411e-06,4.265e-06,5.411e-06
4.198e-06,3.6e-06,5.24e-06,3.975e-06,5.24e-06
4.21e-06,3.13e-06,5.14e-06,4.285e-06,5.14e-06
4.298e-06,3.86e-06,5.07e-06,4.13e-06,5.07e-06
4.485e-06,3.1e-06,5.59e-06,4.625e-06,5.59e-06
4.263e-06,3.36e-06,5.51e-06,4.091e-06,5.51e-06
4.238e-06,3.07e-06,5.03e-06,4.425e-06,5.03e-06
4.268e-06,3.32e-06,5.58e-06,4.085e-06,5.58e-06
4.242e-06,2.52e-06,5.72e-06,4.365e-06,5.72e-06
4.195e-06,3.53e-06,5.27e-06,3.99e-06,5.27e-06
4.26e-06,2.84e-06,4.92e-06,4.64e-06,4.92e-06
4.315e-06,3.48e-06,5.241e-06,4.27e-06,5.241e-06
4.217e-06,2.75e-06,5.46e-06,4.33e-06,5.46e-06
4.23e-06,3.27e-06,5.22e-06,4.215e-06,5.22e-06
4.268e-06,3.01e-06,5e-06,4.53e-06,5e-06
4.21e-06,3.64e-06,5.33e-06,3.935e-06,5.33e-06
4.377e-06,3.19e-06,5.19e-06,4.565e-06,5.19e-06
4.265e-06,3.73e-06,5.32e-06,4.005e-06,5.32e-06
4.335e-06,3.19e-06,5.16e-06,4.495e-06,5.12e-06
4.237e-06,3.51e-06,5.57e-06,3.935e-06,5.57e-06
4.125e-06,3.06e-06,5.25e-06,4.095e-06,5.25e-06
4.488e-06,3.45e-06,5.81e-06,4.345e-06,5.81e-06
4.113e-06,2.88e-06,5.12e-06,4.225e-06,5.12e-06
4.345e-06,3.52e-06,5.62e-06,4.12e-06,5.62e-06
4.335e-06,3.21e-06,5.55e-06,4.29e-06,5.55e-06
4.197e-06,3.46e-06,5.26e-06,4.035e-06,5.26e-06
4.415e-06,3.17e-06,5.2e-06,4.645e-06,5.08e-06
4.368e-06,3.46e-06,5.18e-06,4.415e-06,5.18e-06
4.373e-06,3.29e-06,5.19e-06,4.505e-06,5.19e-06
4.34e-06,3.411e-06,5.21e-06,4.37e-06,5.21e-06
4.435e-06,2.84e-06,5.42e-06,4.74e-06,5.42e-06
4.108e-06,3.34e-06,5.24e-06,3.925e-06,5.24e-06
4.208e-06,3.08e-06,5.17e-06,4.291e-06,5.17e-06
4.282e-06,3.31e-06,5.53e-06,4.145e-06,5.53e-06
4.088e-06,3.25e-06,5.12e-06,3.99e-06,5.12e-06
4.297e-06,3.27e-06,5.13e-06,4.395e-06,5.13e-06
4.49e-06,3.18e-06,5.63e-06,4.575e-06,5.63e-06
4.388e-06,3.9e-06,5.14e-06,4.255e-06,5.14e-06
4.162e-06,2.67e-06,5.51e-06,4.235e-06,5.51e-06
4.275e-06,3.49e-06,5.19e-06,4.21e-06,5.19e-06
4.205e-06,2.99e-06,5.3e-06,4.265e-06,5.3e-06
4.125e-06,3.07e-06,5.16e-06,4.135e-06,5.16e-06
4.353e-06,3.31e-06,5.33e-06,4.385e-06,5.33e-06
4.26e-06,3.31e-06,5.31e-06,4.21e-06,5.31e-06
4.182e-06,2.93e-06,5.3e-06,4.25e-06,5.3e-06
4.318e-06,3.24e-06,5.291e-06,4.37e-06,5.291e-06
4.398e-06,3.34e-06,5.47e-06,4.391e-06,5.47e-06
4.22e-06,3.61e-06,4.99e-06,4.14e-06,4.99e-06
4.135e-06,2.79e-06,4.93e-06,4.41e-06,4.93e-06
4.187e-06,2.95e-06,5.54e-06,4.13e-06,5.54e-06
4.085e-06,2.79e-06,5.21e-06,4.171e-06,5.21e-06
4.343e-06,3.53e-06,5.53e-06,4.155e-06,5.53e-06
4.413e-06,2.63e-06,5.79e-06,4.615e-06,5.79e-06
4.3e-06,3.6e-06,5.39e-06,4.105e-06,5.39e-06
4.202e-06,3.07e-06,5.18e-06,4.28e-06,5.18e-06
4.31e-06,3.54e-06,5.33e-06,4.185e-06,5.33e-06
4.338e-06,3.07e-06,5.461e-06,4.41e-06,5.461e-06
4.3e-06,3.67e-06,5.09e-06,4.22e-06,5.09e-06
4.172e-06,2.84e-06,5.14e-06,4.355e-06,5.14e-06
4.338e-06,3.34e-06,5.58e-06,4.215e-06,5.58e-06
4.34e-06,3.24e-06,5.1e-06,4.51e-06,5.1e-06
4.285e-06,3.56e-06,5.3e-06,4.14e-06,5.3e-06
4.143e-06,2.95e-06,5.45e-06,4.085e-06,5.45e-06
4.11e-06,3.17e-06,4.99e-06,4.14e-06,4.99e-06
4.375e-06,3.19e-06,5.2e-06,4.556e-06,5.2e-06
4.205e-06,3.47e-06,5.05e-06,4.15e-06,5.05e-06
4.167e-06,3.04e-06,5.26e-06,4.185e-06,5.26e-06
4.305e-06,3.75e-06,5.181e-06,4.145e-06,5.181e-06
4.21e-06,2.96e-06,5.29e-06,4.295e-06,5.29e-06
4.195e-06,3.49e-06,5.12e-06,4.085e-06,5.12e-06
4.453e-06,3.09e-06,5.6e-06,4.56e-06,5.6e-06
4.2e-06,3.41e-06,5.16e-06,4.115e-06,5.16e-06
4.3e-06,2.95e-06,5.16e-06,4.545e-06,5.16e-06
4.248e-06,3.46e-06,5.45e-06,4.041e-06,5.45e-06
4.162e-06,3.09e-06,5.24e-06,4.16e-06,5.24e-06
4.305e-06,3.35e-06,5.45e-06,4.21e-06,5.45e-06
4.207e-06,2.99e-06,5.27e-06,4.285e-06,5.27e-06
4.088e-06,3.13e-06,5.19e-06,4.015e-06,5.19e-06
4.355e-06,3.161e-06,5.36e-06,4.45e-06,5.36e-06
4.158e-06,3.36e-06,5.24e-06,4.015e-06,5.24e-06
4.37e-06,2.94e-06,5.52e-06,4.51e-06,5.52e-06
4.29e-06,3.72e-06,5.33e-06,4.055e-06,5.33e-06
4.265e-06,3.35e-06,5.12e-06,4.295e-06,5.12e-06
4.218e-06,3.37e-06,5.34e-06,4.08e-06,5.34e-06
4.185e-06,2.97e-06,5.25e-06,4.26e-06,5.25e-06
4.322e-06,3.91e-06,5.11e-06,4.135e-06,5.11e-06
4.368e-06,3.08e-06,5.96e-06,4.215e-06,5.96e-06
4.115e-06,3.52e-06,5.19e-06,3.876e-06,5.19e-06
4.345e-06,2.88e-06,5.54e-06,4.48e-06,5.54e-06
4.245e-06,3.79e-06,5.17e-06,4.01e-06,5.17e-06
4.373e-06,3.17e-06,5.181e-06,4.57e-06,5.181e-06
4.375e-06,3.32e-06,5.46e-06,4.36e-06,5.46e-06
4.285e-06,2.78e-06,5.77e-06,4.295e-06,5.77e-06
4.285e-06,3.57e-06,5.11e-06,4.23e-06,5.11e-06
4.225e-06,3.31e-06,5.27e-06,4.16e-06,5.27e-06
4.175e-06,3.56e-06,5.22e-06,3.96e-06,5.22e-06
4.552e-06,3.26e-06,5.54e-06,4.705e-06,5.54e-06
4.352e-06,3.41e-06,5.57e-06,4.215e-06,5.57e-06
4.155e-06,3.3e-06,5.21e-06,4.055e-06,5.21e-06
4.195e-06,3.37e-06,5.11e-06,4.15e-06,5.11e-06
4.193e-06,3.36e-06,5.11e-06,4.15e-06,5.11e-06
4.273e-06,3.23e-06,5.461e-06,4.2e-06,5.461e-06
4.403e-06,3.09e-06,5.93e-06,4.295e-06,5.93e-06
4.245e-06,3.23e-06,5.23e-06,4.26e-06,5.23e-06
4.37e-06,3.29e-06,5.17e-06,4.51e-06,5.17e-06
4.09e-06,2.78e-06,5.2e-06,4.19e-06,5.2e-06
4.25e-06,2.95e-06,5.08e-06,4.485e-06,5.08e-06
4.24e-06,3.38e-06,5.26e-06,4.16e-06,5.26e-06
4.143e-06,2.99e-06,5.01e-06,4.285e-06,5.01e-06
4.263e-06,3.63e-06,5.05e-06,4.185e-06,5.05e-06
4.48e-06,3.25e-06,5.43e-06,4.62e-06,5.43e-06
4.233e-06,3.4e-06,5.3e-06,4.115e-06,5.3e-06
4.173e-06,3.53e-06,4.961e-06,4.1e-06,4.961e-06
4.353e-06,3.39e-06,5.47e-06,4.275e-06,5.47e-06
4.278e-06,2.89e-06,5.21e-06,4.505e-06,5.21e-06
4.147e-06,3.52e-06,5.16e-06,3.955e-06,5.16e-06
4.21e-06,3.18e-06,5.29e-06,4.185e-06,5.29e-06
4.353e-06,3.93e-06,5.15e-06,4.165e-06,5.15e-06
4.565e-06,3.19e-06,5.82e-06,4.625e-06,5.82e-06
4.213e-06,3.46e-06,5.17e-06,4.111e-06,5.17e-06
4.44e-06,3.13e-06,5.31e-06,4.66e-06,5.31e-06
4.29e-06,3.57e-06,5.58e-06,4.005e-06,5.58e-06
4.088e-06,2.81e-06,5.23e-06,4.155e-06,5.23e-06
4.255e-06,3.49e-06,5.381e-06,4.075e-06,5.381e-06
4.263e-06,3.24e-06,5.21e-06,4.3e-06,5.21e-06
4.1e-06,3.45e-06,5.32e-06,3.815e-06,5.32e-06
4.135e-06,3.13e-06,5.24e-06,4.085e-06,5.24e-06
4.265e-06,3.791e-06,5.23e-06,4.02e-06,5.23e-06
4.11e-06,2.87e-06,5.24e-06,4.165e-06,5.24e-06
4.308e-06,3.48e-06,5.2e-06,4.275e-06,5.2e-06
4.32e-06,2.83e-06,5.27e-06,4.59e-06,5.27e-06
4.348e-06,3.73e-06,5.26e-06,4.2e-06,5.26e-06
4.312e-06,3.13e-06,5.31e-06,4.405e-06,5.31e-06
4.165e-06,3.23e-06,5.37e-06,4.03e-06,5.37e-06
4.355e-06,3.2e-06,5.19e-06,4.515e-06,5.19e-06
4.205e-06,3.24e-06,5.131e-06,4.225e-06,5.131e-06
4.373e-06,2.71e-06,5.91e-06,4.435e-06,5.91e-06
4.277e-06,3.4e-06,5.97e-06,3.87e-06,5.97e-06
4.267e-06,2.83e-06,5.44e-06,4.4e-06,5.44e-06
4.437e-06,3.5e-06,5.67e-06,4.29e-06,5.67e-06
4.208e-06,3.09e-06,5.19e-06,4.275e-06,5.19e-06
4.14e-06,3.12e-06,5.11e-06,4.165e-06,5.11e-06
4.098e-06,2.75e-06,5e-06,4.321e-06,5e-06
4.277e-06,3.58e-06,5.43e-06,4.05e-06,5.43e-06
4.355e-06,3.21e-06,5.15e-06,4.53e-06,5.15e-06
4.272e-06,3.47e-06,5.55e-06,4.035e-06,5.55e-06
4.263e-06,2.94e-06,5.211e-06,4.45e-06,5.211e-06
4.13e-06,3.09e-06,5.12e-06,4.156e-06,5.12e-06
4.287e-06,3.34e-06,5.69e-06,4.06e-06,5.69e-06
4.49e-06,3.87e-06,5.57e-06,4.26e-06,5.57e-06
4.363e-06,2.89e-06,5.7e-06,4.43e-06,5.7e-06
4.225e-06,3.49e-06,5.1e-06,4.155e-06,5.1e-06
4.272e-06,3.34e-06,5.36e-06,4.195e-06,5.36e-06
4.47e-06,3.51e-06,5.6e-06,4.385e-06,5.6e-06
4.185e-06,3.14e-06,5.2e-06,4.2e-06,5.2e-06
4.18e-06,2.81e-06,5.49e-06,4.21e-06,5.49e-06
4.22e-06,3.11e-06,5.24e-06,4.265e-06,5.24e-06
4.13e-06,3.5e-06,5.071e-06,3.975e-06,5.071e-06
4.277e-06,2.97e-06,5.26e-06,4.44e-06,5.26e-06
4.178e-06,3.46e-06,5.1e-06,4.075e-06,5.1e-06
4.34e-06,2.94e-06,5.61e-06,4.405e-06,5.61e-06
4.098e-06,3.42e-06,5.06e-06,3.956e-06,5.06e-06
4.088e-06,3.29e-06,5.21e-06,3.925e-06,5.21e-06
4.225e-06,3.36e-06,5.32e-06,4.11e-06,5.32e-06
4.255e-06,3.03e-06,5.24e-06,4.375e-06,5.24e-06
4.248e-06,3.48e-06,5.22e-06,4.145e-06,5.22e-06
4.192e-06,3.05e-06,5.01e-06,4.355e-06,5.01e-06
4.192e-06,3.58e-06,5.27e-06,3.96e-06,5.27e-06
4.273e-06,2.97e-06,5.2e-06,4.46e-06,5.2e-06
4.148e-06,3.11e-06,5.03e-06,4.225e-06,5.03e-06
4.4e-06,3.39e-06,5.18e-06,4.515e-06,5.18e-06
4.542e-06,3.65e-06,5.42e-06,4.55e-06,5.42e-06
4.123e-06,2.79e-06,5.33e-06,4.185e-06,5.33e-06
4.357e-06,3.86e-06,5.39e-06,4.09e-06,5.39e-06
4.362e-06,3.07e-06,5.76e-06,4.31e-06,5.76e-06
4.215e-06,3.38e-06,5.21e-06,4.136e-06,5.21e-06
4.085e-06,3.241e-06,5.06e-06,4.02e-06,5.06e-06
4.255e-06,3.51e-06,5.2e-06,4.155e-06,5.2e-06
4.303e-06,3.32e-06,5.24e-06,4.325e-06,5.24e-06
4.08e-06,3.28e-06,5.04e-06,4e-06,5.04e-06
4.213e-06,2.8e-06,5.291e-06,4.38e-06,5.291e-06
4.255e-06,3.61e-06,5.06e-06,4.175e-06,5.06e-06
4.295e-06,3.27e-06,5.55e-06,4.18e-06,5.55e-06
4.257e-06,3.13e-06,5.32e-06,4.29e-06,5.32e-06
4.303e-06,2.97e-06,5.8e-06,4.22e-06,5.8e-06
4.29e-06,3.43e-06,5.36e-06,4.185e-06,5.36e-06
4.432e-06,3.12e-06,5.2e-06,4.705e-06,5.2e-06
4.3e-06,3.78e-06,5.43e-06,3.995e-06,5.43e-06
4.245e-06,2.9e-06,5.29e-06,4.395e-06,5.29e-06
4.338e-06,3.55e-06,5.52e-06,4.14e-06,5.52e-06
4e-06,3.02e-06,5.23e-06,3.875e-06,5.23e-06
4.21e-06,3.4e-06,5.411e-06,4.015e-06,5.411e-06
4.41e-06,3.26e-06,5.19e-06,4.595e-06,5.19e-06
4.17e-06,3.41e-06,5.33e-06,3.97e-06,5.33e-06
4.3e-06,3.02e-06,5.25e-06,4.465e-06,5.25e-06
4.212e-06,3.5e-06,5.45e-06,3.95e-06,5.45e-06
4.373e-06,3.15e-06,5.5e-06,4.42e-06,5.5e-06
4.138e-06,3.2e-06,5.27e-06,4.041e-06,5.27e-06
4.315e-06,3.08e-06,5.23e-06,4.475e-06,5.23e-06
4.39e-06,3.6e-06,5.54e-06,4.21e-06,5.54e-06
4.315e-06,2.93e-06,5.36e-06,4.485e-06,5.36e-06
4.225e-06,3.25e-06,5.11e-06,4.27e-06,5.11e-06
4.188e-06,2.9e-06,5.101e-06,4.375e-06,5.101e-06
4.178e-06,3.5e-06,5.37e-06,3.92e-06,5.37e-06
4.195e-06,3.01e-06,5.32e-06,4.225e-06,5.32e-06
4.212e-06,3.15e-06,5.15e-06,4.275e-06,5.15e-06
4.26e-06,2.96e-06,5.26e-06,4.41e-06,5.26e-06
4.408e-06,3.82e-06,5.14e-06,4.335e-06,5.14e-06
4.477e-06,3.41e-06,5.65e-06,4.425e-06,5.65e-06
4.355e-06,3.75e-06,5.85e-06,3.91e-06,5.85e-06
4.285e-06,3.03e-06,5.34e-06,4.385e-06,5.34e-06
4.198e-06,3.16e-06,5.16e-06,4.235e-06,5.16e-06
4.313e-06,3.07e-06,5.33e-06,4.425e-06,5.33e-06
4.223e-06,3.85e-06,5.2e-06,3.92e-06,5.2e-06
4.218e-06,2.98e-06,5.261e-06,4.315e-06,5.261e-06
4.192e-06,3.36e-06,5.38e-06,4.015e-06,5.38e-06
4.22e-06,3.15e-06,5.28e-06,4.225e-06,5.28e-06
4.382e-06,3.31e-06,5.29e-06,4.465e-06,5.29e-06
4.663e-06,3.65e-06,5.47e-06,4.765e-06,5.16e-06
4.077e-06,3.34e-06,5.04e-06,3.965e-06,5.04e-06
4.37e-06,3.39e-06,5.62e-06,4.235e-06,5.62e-06
4.282e-06,3.27e-06,5.5e-06,4.18e-06,5.5e-06
4.292e-06,2.94e-06,5.36e-06,4.435e-06,5.36e-06
4.308e-06,3.43e-06,5.19e-06,4.305e-06,5.19e-06
4.407e-06,3.05e-06,5.2e-06,4.69e-06,5.2e-06
4.146e-06,3.671e-06,4.901e-06,4.005e-06,4.901e-06
4.102e-06,2.89e-06,5.23e-06,4.145e-06,5.23e-06
4.25e-06,3.44e-06,5.24e-06,4.16e-06,5.24e-06
4.203e-06,3.03e-06,5.34e-06,4.22e-06,5.34e-06
4.495e-06,3.44e-06,5.54e-06,4.5e-06,5.54e-06
4.233e-06,3.07e-06,5.41e-06,4.225e-06,5.41e-06
4.327e-06,3.62e-06,5.17e-06,4.26e-06,5.17e-06
4.135e-06,2.78e-06,5.18e-06,4.29e-06,5.18e-06
4.098e-06,2.95e-06,5e-06,4.22e-06,5e-06
4.285e-06,2.96e-06,5.26e-06,4.46e-06,5.26e-06
4.235e-06,3.6e-06,5.3e-06,4.02e-06,5.3e-06
4.4e-06,3.63e-06,5.221e-06,4.375e-06,5.221e-06
4.205e-06,3.3e-06,5.19e-06,4.165e-06,5.19e-06
4.258e-06,2.97e-06,5.46e-06,4.3e-06,5.46e-06
4.2e-06,3.67e-06,5.2e-06,3.965e-06,5.2e-06
4.16e-06,3.17e-06,5.24e-06,4.115e-06,5.24e-06
4.25e-06,3.2e-06,5.19e-06,4.305e-06,5.19e-06
4.305e-06,2.89e-06,5.81e-06,4.26e-06,5.81e-06
4.175e-06,3.52e-06,5.21e-06,3.985e-06,5.21e-06
4.285e-06,3.03e-06,5.24e-06,4.435e-06,5.24e-06
4.29e-06,3.69e-06,5.11e-06,4.18e-06,5.11e-06
4.258e-06,2.78e-06,5.3e-06,4.475e-06,5.3e-06
4.153e-06,3.3e-06,5.061e-06,4.125e-06,5.061e-06
4.518e-06,3.11e-06,5.48e-06,4.74e-06,5.48e-06
4.148e-06,3.6e-06,5.14e-06,3.925e-06,5.14e-06
4.223e-06,2.86e-06,5.58e-06,4.225e-06,5.58e-06
4.275e-06,3.49e-06,5.64e-06,3.985e-06,5.64e-06
4.238e-06,3.27e-06,5.22e-06,4.23e-06,5.22e-06
4.292e-06,3.31e-06,5.13e-06,4.365e-06,5.13e-06
4.167e-06,2.76e-06,5.26e-06,4.325e-06,5.26e-06
4.23e-06,3.61e-06,5.12e-06,4.095e-06,5.12e-06
4.515e-06,3.16e-06,5.67e-06,4.615e-06,5.67e-06
4.41e-06,3.63e-06,5.77e-06,4.12e-06,5.77e-06
4.383e-06,3.35e-06,5.18e-06,4.501e-06,5.18e-06
4.498e-06,3.61e-06,5.631e-06,4.375e-06,5.631e-06
4.335e-06,3.05e-06,5.19e-06,4.55e-06,5.19e-06
4.182e-06,3.61e-06,5.17e-06,3.975e-06,5.17e-06
4.303e-06,2.94e-06,5.69e-06,4.29e-06,5.69e-06
4.322e-06,3.46e-06,5.24e-06,4.295e-06,5.24e-06
4.203e-06,3.08e-06,5.24e-06,4.245e-06,5.24e-06
4.342e-06,3.5e-06,5.33e-06,4.27e-06,5.33e-06
4.423e-06,2.83e-06,5.69e-06,4.585e-06,5.69e-06
4.365e-06,3.97e-06,5.31e-06,4.09e-06,5.31e-06
4.335e-06,2.98e-06,5.61e-06,4.375e-06,5.61e-06
4.222e-06,3.32e-06,5.19e-06,4.19e-06,5.19e-06
4.208e-06,3.12e-06,5.021e-06,4.345e-06,5.021e-06
4.29e-06,3.3e-06,5.21e-06,4.325e-06,5.21e-06
4.333e-06,2.86e-06,5.43e-06,4.521e-06,5.43e-06
4.207e-06,3.29e-06,5.28e-06,4.13e-06,5.28e-06
4.133e-06,2.951e-06,5.2e-06,4.19e-06,5.2e-06
4.135e-06,3.13e-06,5.21e-06,4.1e-06,5.21e-06
4.18e-06,3.19e-06,5.37e-06,4.08e-06,5.37e-06
4.455e-06,4.03e-06,5.47e-06,4.16e-06,5.47e-06
4.368e-06,2.88e-06,5.24e-06,4.675e-06,5.24e-06
4.347e-06,3.56e-06,5.68e-06,4.075e-06,5.68e-06
4.323e-06,2.93e-06,5.3e-06,4.531e-06,5.3e-06
4.233e-06,3.33e-06,5.211e-06,4.195e-06,5.211e-06
4.268e-06,2.99e-06,5.14e-06,4.47e-06,5.14e-06
4.06e-06,3.18e-06,5.18e-06,3.94e-06,5.18e-06
4.38e-06,2.95e-06,5.67e-06,4.45e-06,5.67e-06
4.175e-06,3.61e-06,5.08e-06,4.005e-06,5.08e-06
4.318e-06,2.88e-06,5.17e-06,4.61e-06,5.17e-06
4.253e-06,3.51e-06,5.26e-06,4.12e-06,5.26e-06
4.405e-06,3.13e-06,5.59e-06,4.45e-06,5.59e-06
4.175e-06,3.61e-06,5.08e-06,4.005e-06,5.08e-06
4.198e-06,2.96e-06,5.57e-06,4.13e-06,5.57e-06
4.257e-06,3.62e-06,5.22e-06,4.095e-06,5.22e-06
4.51e-06,3.09e-06,5.641e-06,4.655e-06,5.641e-06
4.183e-06,3.47e-06,5.06e-06,4.1e-06,5.06e-06
4.207e-06,2.85e-06,5.35e-06,4.315e-06,5.35e-06
4.248e-06,3.44e-06,5.38e-06,4.085e-06,5.38e-06
4.125e-06,2.96e-06,5.22e-06,4.16e-06,5.22e-06
4.103e-06,3.04e-06,4.97e-06,4.2e-06,4.97e-06
4.49e-06,3.44e-06,5.21e-06,4.655e-06,5.21e-06
4.408e-06,3.83e-06,5.48e-06,4.16e-06,5.48e-06
4.2e-06,2.96e-06,5.34e-06,4.251e-06,5.34e-06
4.272e-06,3.51e-06,5.15e-06,4.215e-06,5.15e-06
4.435e-06,3.28e-06,5.4e-06,4.53e-06,5.1e-06
4.288e-06,3.47e-06,5.12e-06,4.28e-06,5.12e-06
3.98e-06,2.96e-06,4.99e-06,3.985e-06,4.99e-06
4.237e-06,3.5e-06,5.23e-06,4.11e-06,5.23e-06
4.178e-06,2.9e-06,5.33e-06,4.24e-06,5.33e-06
4.195e-06,3.53e-06,5.3e-06,3.975e-06,5.3e-06
4.218e-06,2.94e-06,5.2e-06,4.365e-06,5.2e-06
4.335e-06,3.52e-06,5.59e-06,4.115e-06,5.59e-06
4.465e-06,3.12e-06,5.63e-06,4.555e-06,5.63e-06
4.447e-06,3.4e-06,5.86e-06,4.265e-06,5.86e-06
4.243e-06,2.87e-06,5.27e-06,4.415e-06,5.27e-06
4.187e-06,3.49e-06,5.54e-06,3.86e-06,5.54e-06
4.408e-06,3.21e-06,5.29e-06,4.565e-06,5.29e-06
4.355e-06,3.6e-06,5.501e-06,4.16e-06,5.501e-06
4.362e-06,3.18e-06,5.42e-06,4.425e-06,5.42e-06
4.165e-06,3.65e-06,5.31e-06,3.85e-06,5.31e-06
4.013e-06,2.79e-06,5.33e-06,3.965e-06,5.33e-06
4.33e-06,3.73e-06,5.5e-06,4.045e-06,5.5e-06
4.368e-06,2.85e-06,5.56e-06,4.53e-06,5.56e-06
4.54e-06,3.35e-06,5.91e-06,4.451e-06,5.91e-06
4.317e-06,3.14e-06,5.32e-06,4.405e-06,5.32e-06
4.288e-06,3.58e-06,5.25e-06,4.16e-06,5.25e-06
4.207e-06,2.91e-06,5.66e-06,4.13e-06,5.66e-06
4.245e-06,3.24e-06,5.5e-06,4.12e-06,5.5e-06
4.23e-06,2.87e-06,5.191e-06,4.43e-06,5.191e-06
4.183e-06,3.58e-06,4.99e-06,4.08e-06,4.99e-06
4.425e-06,2.98e-06,5.27e-06,4.725e-06,5.27e-06
4.295e-06,3.56e-06,5.72e-06,3.95e-06,5.72e-06
4.18e-06,2.82e-06,5.42e-06,4.24e-06,5.42e-06
4.382e-06,3.58e-06,6e-06,3.975e-06,6e-06
4.247e-06,2.89e-06,5.29e-06,4.405e-06,5.29e-06
4.1e-06,3.16e-06,5.06e-06,4.09e-06,5.06e-06
4.29e-06,3.11e-06,5.18e-06,4.435e-06,5.18e-06
4.322e-06,3.52e-06,5.56e-06,4.105e-06,5.56e-06
4.265e-06,2.93e-06,5.5e-06,4.315e-06,5.5e-06
4.258e-06,3.57e-06,5.561e-06,3.95e-06,5.561e-06
4.415e-06,3.23e-06,5.21e-06,4.61e-06,5.21e-06
4.187e-06,3.17e-06,5.59e-06,3.995e-06,5.59e-06
4.253e-06,2.83e-06,5.41e-06,4.385e-06,5.41e-06
4.265e-06,3.4e-06,5.3e-06,4.18e-06,5.3e-06
4.198e-06,2.88e-06,5.62e-06,4.145e-06,5.62e-06
4.267e-06,3.37e-06,5.26e-06,4.22e-06,5.26e-06
4.203e-06,3.01e-06,5.68e-06,4.06e-06,5.68e-06
4.368e-06,3.42e-06,5.36e-06,4.345e-06,5.36e-06
4.245e-06,3.03e-06,5.22e-06,4.365e-06,5.22e-06
4.132e-06,3.18e-06,5.38e-06,3.985e-06,5.38e-06
4.275e-06,3.14e-06,5.44e-06,4.26e-06,5.44e-06
4.397e-06,3.63e-06,5.18e-06,4.39e-06,5.18e-06
4.355e-06,3.39e-06,5.32e-06,4.355e-06,5.32e-06
4.185e-06,3.61e-06,5.31e-06,3.91e-06,5.31e-06
4.355e-06,3.06e-06,5.33e-06,4.515e-06,5.33e-06
4.2e-06,3.47e-06,5e-06,4.165e-06,5e-06
4.127e-06,2.95e-06,5.35e-06,4.105e-06,5.35e-06
4.278e-06,3.55e-06,5.42e-06,4.07e-06,5.42e-06
4.367e-06,3.19e-06,5.94e-06,4.17e-06,5.94e-06
4.382e-06,3.51e-06,5.81e-06,4.105e-06,5.81e-06
4.302e-06,3.49e-06,5.32e-06,4.2e-06,5.32e-06
4.272e-06,3.32e-06,5.05e-06,4.36e-06,5.05e-06
4.228e-06,3.18e-06,5.211e-06,4.26e-06,5.211e-06
4.17e-06,3.16e-06,5.35e-06,4.085e-06,5.35e-06
4.208e-06,2.73e-06,5.25e-06,4.425e-06,5.25e-06
4.378e-06,3.91e-06,5.17e-06,4.215e-06,5.17e-06
4.242e-06,3.39e-06,5.22e-06,4.18e-06,5.22e-06
4.378e-06,3.94e-06,5.16e-06,4.205e-06,5.16e-06
4.45e-06,3.12e-06,5.44e-06,4.62e-06,5.44e-06
4.237e-06,3.22e-06,5.56e-06,4.085e-06,5.56e-06
3.948e-06,2.81e-06,4.97e-06,4.005e-06,4.97e-06
4.19e-06,3.36e-06,5.32e-06,4.04e-06,5.32e-06
4.192e-06,3e-06,5.13e-06,4.32e-06,5.13e-06
4.218e-06,3.13e-06,5.531e-06,4.105e-06,5.531e-06
4.375e-06,3.2e-06,5.18e-06,4.56e-06,5.18e-06
4.4e-06,3.6e-06,5.39e-06,4.305e-06,5.39e-06
4.228e-06,3.25e-06,5.17e-06,4.245e-06,5.17e-06
4.14e-06,3.15e-06,5.17e-06,4.12e-06,5.17e-06
4.165e-06,3.04e-06,5.49e-06,4.065e-06,5.49e-06
4.258e-06,3.4e-06,5.24e-06,4.195e-06,5.24e-06
4.213e-06,2.99e-06,5.21e-06,4.325e-06,5.21e-06
4.21e-06,3.54e-06,5.23e-06,4.035e-06,5.23e-06
4.105e-06,2.89e-06,5.29e-06,4.12e-06,5.29e-06
4.258e-06,3.46e-06,5.24e-06,4.165e-06,5.24e-06
4.325e-06,3.47e-06,5.45e-06,4.19e-06,5.45e-06
4.455e-06,3.43e-06,5.68e-06,4.355e-06,5.68e-06
4.218e-06,2.94e-06,5.23e-06,4.35e-06,5.23e-06
4.335e-06,3.8e-06,5.22e-06,4.16e-06,5.22e-06
4.03e-06,2.86e-06,5.02e-06,4.12e-06,5.02e-06
4.162e-06,3.57e-06,5.14e-06,3.97e-06,5.14e-06
4.443e-06,3.17e-06,5.34e-06,4.63e-06,5.34e-06
4.207e-06,3.3e-06,5.41e-06,4.06e-06,5.41e-06
4.283e-06,3.19e-06,5.5e-06,4.22e-06,5.5e-06
4.145e-06,3.64e-06,5.18e-06,3.88e-06,5.18e-06
4.258e-06,2.66e-06,5.62e-06,4.375e-06,5.62e-06
4.333e-06,3.85e-06,5.24e-06,4.12e-06,5.24e-06
4.253e-06,3.27e-06,5.071e-06,4.335e-06,5.071e-06
4.238e-06,3.44e-06,5.61e-06,3.95e-06,5.61e-06
4.115e-06,2.82e-06,5.39e-06,4.125e-06,5.39e-06
4.07e-06,3.491e-06,4.94e-06,3.925e-06,4.94e-06
4.277e-06,3.5e-06,5.15e-06,4.23e-06,5.15e-06
4.28e-06,3.43e-06,5.35e-06,4.17e-06,5.35e-06
4.49e-06,3.11e-06,5.21e-06,4.82e-06,5.21e-06
4.26e-06,3.39e-06,5.28e-06,4.185e-06,5.28e-06
4.237e-06,2.91e-06,5.4e-06,4.32e-06,5.4e-06
4.25e-06,3.21e-06,5.52e-06,4.135e-06,5.52e-06
4.103e-06,2.94e-06,5.37e-06,4.05e-06,5.37e-06
4.55e-06,3.49e-06,5.861e-06,4.425e-06,5.861e-06
4.275e-06,3.15e-06,5.3e-06,4.325e-06,5.3e-06
4.36e-06,3.62e-06,5.09e-06,4.365e-06,5.09e-06
4.4e-06,2.87e-06,5.73e-06,4.5e-06,5.73e-06
4.215e-06,3.71e-06,5.09e-06,4.03e-06,5.09e-06
4.322e-06,3.07e-06,5.9e-06,4.16e-06,5.9e-06
4.228e-06,3.38e-06,5.19e-06,4.17e-06,5.19e-06
4.28e-06,2.99e-06,5.37e-06,4.38e-06,5.37e-06
4.38e-06,3.4e-06,5.55e-06,4.285e-06,5.55e-06
4.413e-06,2.92e-06,5.32e-06,4.705e-06,5.32e-06
4.307e-06,3.58e-06,5.54e-06,4.055e-06,5.54e-06
4.16e-06,2.77e-06,5.32e-06,4.275e-06,5.32e-06
4.237e-06,3.64e-06,5.12e-06,4.095e-06,5.12e-06
4.305e-06,3.05e-06,5.82e-06,4.176e-06,5.82e-06
4.285e-06,3.72e-06,5.26e-06,4.08e-06,5.26e-06
4.303e-06,2.93e-06,5.23e-06,4.525e-06,5.23e-06
4.218e-06,3.58e-06,5.18e-06,4.055e-06,5.18e-06
4.135e-06,2.98e-06,5.2e-06,4.18e-06,5.2e-06
4.24e-06,3.68e-06,5.2e-06,4.04e-06,5.2e-06
4.182e-06,2.93e-06,5.52e-06,4.14e-06,5.52e-06
4.065e-06,3.03e-06,5.01e-06,4.111e-06,5.01e-06
4.39e-06,2.96e-06,5.42e-06,4.59e-06,5.42e-06
4.207e-06,3.33e-06,5.18e-06,4.16e-06,5.18e-06
4.26e-06,2.88e-06,5.481e-06,4.34e-06,5.481e-06
4.32e-06,3.54e-06,5.34e-06,4.2e-06,5.34e-06
4.318e-06,2.88e-06,5.85e-06,4.27e-06,5.85e-06
4.31e-06,3.48e-06,5.6e-06,4.08e-06,5.6e-06
4.118e-06,3.06e-06,5.19e-06,4.11e-06,5.19e-06
4.178e-06,3.31e-06,5.23e-06,4.085e-06,5.23e-06
4.143e-06,2.79e-06,5.25e-06,4.265e-06,5.25e-06
4.357e-06,3.32e-06,5.48e-06,4.315e-06,5.48e-06
4.215e-06,2.79e-06,5.25e-06,4.41e-06,5.25e-06
4.387e-06,3.52e-06,5.44e-06,4.295e-06,5.44e-06
4.198e-06,3.24e-06,5.24e-06,4.155e-06,5.24e-06
4.155e-06,3.37e-06,5.251e-06,4e-06,5.251e-06
4.135e-06,2.88e-06,5.21e-06,4.225e-06,5.21e-06
4.38e-06,3.8e-06,5.16e-06,4.28e-06,5.16e-06
4.317e-06,3.07e-06,5.08e-06,4.56e-06,5.08e-06
4.11e-06,3.16e-06,5.42e-06,3.93e-06,5.42e-06
4.197e-06,2.96e-06,5.47e-06,4.18e-06,5.47e-06
4.55e-06,3.52e-06,6.18e-06,4.25e-06,6.18e-06
4.048e-06,3.26e-06,5.25e-06,3.84e-06,5.25e-06
4.058e-06,3.26e-06,5.18e-06,3.895e-06,5.18e-06
4.303e-06,2.91e-06,5.37e-06,4.465e-06,5.37e-06
4.257e-06,3.29e-06,5.63e-06,4.055e-06,5.63e-06
4.113e-06,3.01e-06,5.04e-06,4.2e-06,5.04e-06
4.22e-06,3.52e-06,5.021e-06,4.17e-06,5.021e-06
4.31e-06,3.24e-06,5.26e-06,4.37e-06,5.26e-06
4.18e-06,3.51e-06,5.26e-06,3.975e-06,5.26e-06
4.39e-06,2.84e-06,5.76e-06,4.48e-06,5.76e-06
4.148e-06,3.37e-06,5.1e-06,4.06e-06,5.1e-06
4.522e-06,3.11e-06,5.48e-06,4.75e-06,5.48e-06
4.295e-06,2.99e-06,5.81e-06,4.19e-06,5.81e-06
4.102e-06,2.98e-06,5.03e-06,4.2e-06,5.03e-06
4.3e-06,3.11e-06,5.52e-06,4.285e-06,5.52e-06
4.185e-06,2.88e-06,5.2e-06,4.33e-06,5.2e-06
4.075e-06,3.07e-06,5.07e-06,4.08e-06,5.07e-06
4.398e-06,2.76e-06,5.721e-06,4.555e-06,5.721e-06
4.205e-06,3.56e-06,5.18e-06,4.04e-06,5.18e-06
4.26e-06,2.84e-06,5.54e-06,4.33e-06,5.54e-06
4.207e-06,3.37e-06,5.13e-06,4.165e-06,5.13e-06
4.395e-06,2.9e-06,5.38e-06,4.65e-06,5.38e-06
4.3e-06,3.27e-06,5.4e-06,4.265e-06,5.4e-06
4.218e-06,2.89e-06,5.28e-06,4.35e-06,5.28e-06
4.242e-06,3.71e-06,5.14e-06,4.06e-06,5.14e-06
4.248e-06,2.97e-06,5.07e-06,4.475e-06,5.07e-06
4.093e-06,3.341e-06,5.15e-06,3.94e-06,5.15e-06
4.097e-06,2.84e-06,5.14e-06,4.205e-06,5.14e-06
4.113e-06,3.36e-06,5.291e-06,3.9e-06,5.291e-06
4.2e-06,2.74e-06,5.39e-06,4.335e-06,5.39e-06
4.17e-06,3.17e-06,5.18e-06,4.165e-06,5.18e-06
4.26e-06,3.16e-06,5.1e-06,4.39e-06,5.1e-06
4.333e-06,3.54e-06,5.25e-06,4.27e-06,5.25e-06
4.313e-06,3.36e-06,4.99e-06,4.45e-06,4.99e-06
4.285e-06,3.7e-06,5.24e-06,4.1e-06,5.24e-06
4.308e-06,3.08e-06,5.22e-06,4.465e-06,5.22e-06
4.215e-06,3.14e-06,5.47e-06,4.126e-06,5.47e-06
4.095e-06,2.88e-06,5.21e-06,4.145e-06,5.21e-06
4.453e-06,3.8e-06,5.28e-06,4.365e-06,5.28e-06
4.183e-06,3.18e-06,5.221e-06,4.165e-06,5.221e-06
4.277e-06,3.78e-06,5.29e-06,4.02e-06,5.29e-06
4.315e-06,2.98e-06,5.53e-06,4.375e-06,5.53e-06
4.398e-06,3.44e-06,5.82e-06,4.165e-06,5.82e-06
4.245e-06,3.02e-06,5.31e-06,4.325e-06,5.31e-06
4.017e-06,2.96e-06,4.98e-06,4.065e-06,4.98e-06
4.405e-06,3.57e-06,5.46e-06,4.295e-06,5.46e-06
4.47e-06,3.97e-06,5.1e-06,4.405e-06,5.1e-06
4.323e-06,3.08e-06,5.72e-06,4.245e-06,5.72e-06
4.21e-06,3.24e-06,5.2e-06,4.2e-06,5.2e-06
4.425e-06,3.15e-06,5.72e-06,4.415e-06,5.72e-06
4.418e-06,3.13e-06,5.1e-06,4.72e-06,5.1e-06
4.505e-06,3.631e-06,5.7e-06,4.345e-06,5.7e-06
4.232e-06,3.4e-06,5.09e-06,4.22e-06,5.09e-06
4.328e-06,3.18e-06,5.351e-06,4.39e-06,5.351e-06
4.285e-06,3.18e-06,5.32e-06,4.32e-06,5.32e-06
4.39e-06,3.19e-06,5.96e-06,4.205e-06,5.96e-06
4.22e-06,3.11e-06,5.07e-06,4.35e-06,5.07e-06
4.308e-06,3.33e-06,5.46e-06,4.22e-06,5.46e-06
4.175e-06,3.19e-06,4.94e-06,4.285e-06,4.94e-06
4.477e-06,3.47e-06,5.76e-06,4.34e-06,5.76e-06
4.33e-06,3.5e-06,4.92e-06,4.45e-06,4.92e-06
4.305e-06,3.13e-06,5.35e-06,4.37e-06,5.35e-06
4.205e-06,3.55e-06,4.96e-06,4.155e-06,4.96e-06
4.278e-06,3.25e-06,5.66e-06,4.1e-06,5.66e-06
4.57e-06,3.34e-06,5.5e-06,4.72e-06,5.5e-06
4.34e-06,3.5e-06,5.61e-06,4.125e-06,5.61e-06
4.192e-06,3.28e-06,4.9e-06,4.295e-06,4.9e-06
4.295e-06,3.32e-06,5.68e-06,4.09e-06,5.68e-06
4.405e-06,3.72e-06,5.21e-06,4.345e-06,5.21e-06
4.32e-06,3.29e-06,5.44e-06,4.275e-06,5.44e-06
4.237e-06,3.67e-06,4.96e-06,4.16e-06,4.96e-06
4.178e-06,3.2e-06,5.43e-06,4.04e-06,5.43e-06
4.45e-06,3.24e-06,5.11e-06,4.725e-06,5.11e-06
4.325e-06,3.12e-06,5.52e-06,4.33e-06,5.52e-06
4.32e-06,3.48e-06,4.79e-06,4.505e-06,4.79e-06
4.43e-06,3.44e-06,5.71e-06,4.285e-06,5.71e-06
4.182e-06,3.13e-06,4.92e-06,4.34e-06,4.92e-06
4.14e-06,3.02e-06,5.51e-06,4.015e-06,5.51e-06
4.225e-06,3.14e-06,4.9e-06,4.43e-06,4.9e-06
4.503e-06,3.35e-06,5.81e-06,4.425e-06,5.81e-06
4.465e-06,3.731e-06,5.13e-06,4.5e-06,5.13e-06
4.327e-06,3.18e-06,5.83e-06,4.15e-06,5.83e-06
4.217e-06,3.26e-06,5.01e-06,4.3e-06,5.01e-06
4.167e-06,2.84e-06,5.76e-06,4.035e-06,5.76e-06
4.035e-06,2.94e-06,4.87e-06,4.165e-06,4.87e-06
4.4e-06,3.21e-06,5.46e-06,4.465e-06,5.46e-06
4.392e-06,3.54e-06,4.97e-06,4.53e-06,4.97e-06
4.36e-06,3.44e-06,5.511e-06,4.245e-06,5.511e-06
4.285e-06,3.29e-06,4.88e-06,4.485e-06,4.88e-06
4.205e-06,3.11e-06,5.62e-06,4.046e-06,5.62e-06
4.41e-06,3.22e-06,5.01e-06,4.705e-06,5.01e-06
4.127e-06,3.03e-06,5.34e-06,4.07e-06,5.34e-06
4.29e-06,3.46e-06,4.87e-06,4.415e-06,4.87e-06
4.225e-06,3.26e-06,5.45e-06,4.095e-06,5.45e-06
4.36e-06,3.36e-06,4.92e-06,4.58e-06,4.86e-06
4.53e-06,4.02e-06,5.55e-06,4.275e-06,5.55e-06
4.34e-06,3.38e-06,4.85e-06,4.565e-06,4.85e-06
4.3e-06,3.16e-06,5.67e-06,4.185e-06,5.67e-06
4.375e-06,3.38e-06,5.031e-06,4.545e-06,5.031e-06
4.497e-06,3.65e-06,5.66e-06,4.34e-06,5.66e-06
4.327e-06,3.74e-06,4.75e-06,4.41e-06,4.75e-06
4.57e-06,3.68e-06,5.7e-06,4.45e-06,5.7e-06
4.245e-06,3.26e-06,4.87e-06,4.425e-06,4.87e-06
4.24e-06,3.19e-06,5.55e-06,4.11e-06,5.55e-06
4.233e-06,3.291e-06,4.99e-06,4.325e-06,4.99e-06
4.145e-06,3.01e-06,5.17e-06,4.2e-06,5.17e-06
4.28e-06,3.05e-06,5.27e-06,4.401e-06,5.27e-06
4.345e-06,3.49e-06,5.58e-06,4.155e-06,5.58e-06
4.215e-06,3.09e-06,5.13e-06,4.32e-06,5.13e-06
4.265e-06,3.14e-06,5.44e-06,4.24e-06,5.44e-06
4.157e-06,3.14e-06,4.91e-06,4.29e-06,4.91e-06
4.203e-06,3.37e-06,5.42e-06,4.01e-06,5.42e-06
4.308e-06,3.35e-06,5.06e-06,4.41e-06,5.06e-06
4.555e-06,3.67e-06,5.6e-06,4.475e-06,5.6e-06
4.123e-06,3.16e-06,4.84e-06,4.245e-06,4.84e-06
4.29e-06,3.21e-06,5.35e-06,4.3e-06,5.35e-06
4.215e-06,3.5e-06,4.82e-06,4.27e-06,4.82e-06
4.283e-06,3.21e-06,5.34e-06,4.29e-06,5.34e-06
4.193e-06,3.32e-06,4.93e-06,4.26e-06,4.93e-06
4.268e-06,3.2e-06,5.53e-06,4.17e-06,5.53e-06
4.147e-06,3.29e-06,4.97e-06,4.165e-06,4.97e-06
4.367e-06,3.48e-06,5.24e-06,4.375e-06,5.24e-06
4.432e-06,3.74e-06,5.24e-06,4.375e-06,5.24e-06
4.505e-06,3.29e-06,5.69e-06,4.52e-06,5.69e-06
4.198e-06,3.17e-06,4.95e-06,4.335e-06,4.95e-06
4.423e-06,3.51e-06,5.71e-06,4.235e-06,5.71e-06
4.347e-06,3.79e-06,5.1e-06,4.25e-06,5.1e-06
4.315e-06,3.17e-06,5.36e-06,4.365e-06,5.36e-06
4.073e-06,3.101e-06,4.86e-06,4.165e-06,4.86e-06
4.32e-06,3.11e-06,5.71e-06,4.23e-06,5.71e-06
4.22e-06,3.28e-06,5.2e-06,4.2e-06,5.2e-06
4.295e-06,3.32e-06,5.601e-06,4.13e-06,5.601e-06
4.327e-06,3.51e-06,5.1e-06,4.35e-06,5.1e-06
4.285e-06,3.14e-06,5.47e-06,4.265e-06,5.47e-06
4.363e-06,3.77e-06,5.2e-06,4.24e-06,5.2e-06
4.433e-06,3.25e-06,6.04e-06,4.22e-06,6.04e-06
4.327e-06,3.22e-06,5.33e-06,4.38e-06,5.33e-06
4.5e-06,3.52e-06,5.65e-06,4.415e-06,5.65e-06
4.258e-06,3.39e-06,4.92e-06,4.36e-06,4.92e-06
4.492e-06,3.3e-06,5.84e-06,4.415e-06,5.84e-06
4.42e-06,3.54e-06,4.93e-06,4.605e-06,4.93e-06
4.153e-06,3.28e-06,5.38e-06,3.975e-06,5.38e-06
4.163e-06,3.19e-06,4.961e-06,4.25e-06,4.961e-06
4.398e-06,3.21e-06,5.9e-06,4.241e-06,5.9e-06
4.3e-06,3.76e-06,4.82e-06,4.31e-06,4.82e-06
4.308e-06,3.04e-06,5.89e-06,4.15e-06,5.89e-06
4.225e-06,3.12e-06,5.04e-06,4.37e-06,5.04e-06
4.235e-06,3.04e-06,5.63e-06,4.135e-06,5.63e-06
4.148e-06,3.09e-06,4.78e-06,4.36e-06,4.78e-06
4.507e-06,3.61e-06,5.3e-06,4.56e-06,5.3e-06
4.502e-06,3.76e-06,5.15e-06,4.55e-06,5.15e-06
4.375e-06,3.67e-06,5.23e-06,4.3e-06,5.23e-06
4.185e-06,3.061e-06,5.08e-06,4.3e-06,5.08e-06
4.243e-06,3.36e-06,5.431e-06,4.09e-06,5.431e-06
4.187e-06,3.11e-06,4.9e-06,4.37e-06,4.9e-06
4.24e-06,3.1e-06,5.36e-06,4.25e-06,5.36e-06
4.263e-06,3.31e-06,4.87e-06,4.435e-06,4.87e-06
4.243e-06,3.22e-06,5.62e-06,4.065e-06,5.62e-06
4.245e-06,3.33e-06,4.86e-06,4.395e-06,4.86e-06
4.222e-06,3.28e-06,5.4e-06,4.105e-06,5.4e-06
4.35e-06,3.36e-06,5e-06,4.52e-06,5e-06
4.393e-06,3.53e-06,5.65e-06,4.195e-06,5.65e-06
4.255e-06,3.52e-06,4.99e-06,4.255e-06,4.99e-06
4.403e-06,3.34e-06,5.54e-06,4.365e-06,5.54e-06
4.218e-06,3.27e-06,5.031e-06,4.285e-06,5.031e-06
4.16e-06,3.07e-06,5.36e-06,4.105e-06,5.36e-06
4.537e-06,3.61e-06,5.39e-06,4.575e-06,5.39e-06
4.305e-06,3.24e-06,5.83e-06,4.075e-06,5.83e-06
4.3e-06,3.29e-06,5.48e-06,4.215e-06,5.48e-06
4.348e-06,3.34e-06,5.79e-06,4.13e-06,5.79e-06
4.27e-06,3.23e-06,4.88e-06,4.485e-06,4.88e-06
4.372e-06,3.68e-06,5.71e-06,4.05e-06,5.71e-06
4.33e-06,3.13e-06,4.95e-06,4.62e-06,4.95e-06
4.19e-06,3.29e-06,5.45e-06,4.01e-06,5.45e-06
4.368e-06,3.26e-06,5.15e-06,4.53e-06,5.15e-06
4.343e-06,3.23e-06,5.741e-06,4.2e-06,5.741e-06
4.3e-06,3.11e-06,5e-06,4.545e-06,5e-06
4.302e-06,3.3e-06,5.65e-06,4.13e-06,5.65e-06
4.245e-06,3.31e-06,4.92e-06,4.375e-06,4.92e-06
4.415e-06,3.26e-06,5.84e-06,4.28e-06,5.84e-06
4.233e-06,3.17e-06,4.88e-06,4.44e-06,4.88e-06
4.47e-06,3.86e-06,5.51e-06,4.255e-06,5.51e-06
4.245e-06,3.26e-06,5.01e-06,4.355e-06,5.01e-06
4.217e-06,3.57e-06,5.48e-06,3.91e-06,5.48e-06
4.235e-06,3.06e-06,4.96e-06,4.461e-06,4.96e-06
4.368e-06,3.46e-06,5.66e-06,4.175e-06,5.66e-06
4.353e-06,3.28e-06,5.401e-06,4.365e-06,5.401e-06
4.505e-06,3.45e-06,5.81e-06,4.38e-06,5.81e-06
4.345e-06,3.78e-06,4.96e-06,4.32e-06,4.96e-06
4.375e-06,3.09e-06,5.86e-06,4.275e-06,5.86e-06
4.263e-06,3.43e-06,5.05e-06,4.285e-06,5.05e-06
4.223e-06,3.24e-06,5.7e-06,3.975e-06,5.7e-06
4.427e-06,3.44e-06,5.27e-06,4.5e-06,5.27e-06
4.23e-06,3.07e-06,5.68e-06,4.085e-06,5.68e-06
4.185e-06,3.12e-06,5.06e-06,4.28e-06,5.06e-06
4.237e-06,3.23e-06,5.56e-06,4.08e-06,5.56e-06
4.327e-06,3.49e-06,4.97e-06,4.425e-06,4.97e-06
4.305e-06,3.54e-06,5.45e-06,4.115e-06,5.45e-06
4.123e-06,2.91e-06,5.46e-06,4.06e-06,5.46e-06
4.355e-06,3.41e-06,5.54e-06,4.235e-06,5.54e-06
4.245e-06,3.42e-06,4.84e-06,4.36e-06,4.84e-06
4.5e-06,3.301e-06,5.69e-06,4.505e-06,5.69e-06
4.46e-06,3.72e-06,4.93e-06,4.595e-06,4.93e-06
4.425e-06,3.36e-06,6.19e-06,4.075e-06,6.19e-06
4.255e-06,3.34e-06,5.01e-06,4.335e-06,5.01e-06
4.41e-06,3.56e-06,5.82e-06,4.13e-06,5.82e-06
4.232e-06,3.2e-06,4.86e-06,4.435e-06,4.86e-06
4.433e-06,3.25e-06,5.59e-06,4.445e-06,5.59e-06
4.438e-06,3.86e-06,5.04e-06,4.425e-06,5.04e-06
4.332e-06,3.28e-06,5.72e-06,4.165e-06,5.72e-06
4.385e-06,3.25e-06,5.16e-06,4.565e-06,5.16e-06
4.295e-06,3.72e-06,5.42e-06,4.02e-06,5.42e-06
4.095e-06,3.06e-06,4.92e-06,4.2e-06,4.92e-06
4.565e-06,3.38e-06,5.76e-06,4.56e-06,5.76e-06
4.245e-06,3.2e-06,4.94e-06,4.42e-06,4.94e-06
4.398e-06,3.55e-06,5.6e-06,4.22e-06,5.6e-06
4.202e-06,3.4e-06,4.86e-06,4.275e-06,4.86e-06
4.438e-06,3.65e-06,5.73e-06,4.185e-06,5.73e-06
4.235e-06,3.31e-06,4.93e-06,4.35e-06,4.93e-06
4.195e-06,2.67e-06,5.84e-06,4.135e-06,5.84e-06
4.373e-06,3.26e-06,5.22e-06,4.505e-06,5.22e-06
4.465e-06,3.61e-06,5.9e-06,4.175e-06,5.9e-06
4.342e-06,3.44e-06,4.86e-06,4.535e-06,4.86e-06
4.662e-06,3.68e-06,5.97e-06,4.5e-06,5.97e-06
4.45e-06,3.72e-06,4.93e-06,4.575e-06,4.93e-06
4.335e-06,3.41e-06,5.75e-06,4.09e-06,5.75e-06
4.345e-06,3.41e-06,5.29e-06,4.34e-06,5.29e-06
4.378e-06,2.73e-06,5.94e-06,4.42e-06,5.94e-06
4.437e-06,3.21e-06,5.23e-06,4.655e-06,5.23e-06
4.535e-06,3.36e-06,5.85e-06,4.465e-06,5.85e-06
4.543e-06,3.54e-06,5.09e-06,4.77e-06,5.09e-06
4.39e-06,3.61e-06,5.69e-06,4.13e-06,5.69e-06
4.145e-06,3.17e-06,4.97e-06,4.22e-06,4.97e-06
4.112e-06,3.22e-06,5.27e-06,3.98e-06,5.27e-06
4.305e-06,3.36e-06,4.97e-06,4.445e-06,4.97e-06
4.342e-06,3.23e-06,5.57e-06,4.285e-06,5.57e-06
4.273e-06,3.56e-06,4.84e-06,4.345e-06,4.84e-06
4.393e-06,3.3e-06,5.94e-06,4.165e-06,5.94e-06
4.123e-06,3.13e-06,4.93e-06,4.216e-06,4.93e-06
4.315e-06,3.22e-06,5.87e-06,4.085e-06,5.87e-06
4.227e-06,3.23e-06,4.92e-06,4.38e-06,4.92e-06
4.367e-06,3.53e-06,5.32e-06,4.31e-06,5.32e-06
4.405e-06,3.58e-06,4.91e-06,4.565e-06,4.91e-06
4.43e-06,3.49e-06,5.28e-06,4.475e-06,5.28e-06
4.235e-06,2.64e-06,5.48e-06,4.41e-06,5.48e-06
4.162e-06,3.18e-06,5.47e-06,4e-06,5.47e-06
4.475e-06,3.26e-06,5.41e-06,4.615e-06,5.41e-06
4.42e-06,3.4e-06,5.42e-06,4.43e-06,5.42e-06
4.367e-06,3.2e-06,5.15e-06,4.56e-06,5.15e-06
4.478e-06,3.63e-06,5.48e-06,4.4e-06,5.48e-06
4.305e-06,3.39e-06,4.93e-06,4.45e-06,4.93e-06
4.335e-06,3.41e-06,5.58e-06,4.175e-06,5.58e-06
4.302e-06,3.31e-06,4.89e-06,4.505e-06,4.89e-06
4.237e-06,3.31e-06,5.45e-06,4.095e-06,5.45e-06
4.245e-06,3.24e-06,5.04e-06,4.35e-06,5.04e-06
4.415e-06,3.36e-06,5.65e-06,4.325e-06,5.65e-06
4.33e-06,3.43e-06,4.91e-06,4.49e-06,4.91e-06
4.12e-06,2.7e-06,5.65e-06,4.065e-06,5.65e-06
4.178e-06,2.93e-06,5.33e-06,4.225e-06,5.33e-06
4.235e-06,3.3e-06,5.49e-06,4.075e-06,5.49e-06
4.283e-06,3.2e-06,4.89e-06,4.52e-06,4.89e-06
4.343e-06,3.2e-06,5.54e-06,4.315e-06,5.54e-06
4.2e-06,3.15e-06,5.05e-06,4.3e-06,5.05e-06
4.305e-06,3.25e-06,5.53e-06,4.22e-06,5.53e-06
4.257e-06,3.6e-06,4.97e-06,4.23e-06,4.97e-06
4.348e-06,3.39e-06,5.45e-06,4.275e-06,5.45e-06
4.335e-06,3.21e-06,4.96e-06,4.585e-06,4.96e-06
4.395e-06,3.24e-06,5.77e-06,4.285e-06,5.77e-06
4.375e-06,3.21e-06,5.09e-06,4.6e-06,5.09e-06
4.243e-06,3.39e-06,5.48e-06,4.05e-06,5.48e-06
4.39e-06,3.56e-06,5.05e-06,4.475e-06,4.92e-06
4.33e-06,3.25e-06,5.71e-06,4.18e-06,5.71e-06
4.378e-06,3.3e-06,5.01e-06,4.601e-06,5.01e-06
4.255e-06,3.09e-06,5.58e-06,4.175e-06,5.58e-06
4.305e-06,3.25e-06,5.36e-06,4.305e-06,5.36e-06
4.342e-06,3.54e-06,5.68e-06,4.075e-06,5.68e-06
4.23e-06,3.33e-06,5.03e-06,4.28e-06,5.03e-06
4.47e-06,3.53e-06,5.71e-06,4.32e-06,5.71e-06
4.335e-06,3.69e-06,4.87e-06,4.39e-06,4.87e-06
4.315e-06,3.4e-06,5.53e-06,4.165e-06,5.53e-06
4.145e-06,3.31e-06,4.74e-06,4.265e-06,4.74e-06
4.23e-06,3.05e-06,5.84e-06,4.015e-06,5.84e-06
4.368e-06,3.45e-06,4.83e-06,4.595e-06,4.83e-06
4.13e-06,3.07e-06,5.11e-06,4.17e-06,5.11e-06
4.277e-06,3.29e-06,5e-06,4.41e-06,5e-06
4.482e-06,3.71e-06,5.72e-06,4.25e-06,5.72e-06
4.603e-06,3.78e-06,5.481e-06,4.575e-06,5.481e-06
4.297e-06,3.14e-06,5.84e-06,4.105e-06,5.84e-06
4.275e-06,3.32e-06,5.01e-06,4.385e-06,5.01e-06
4.445e-06,3.23e-06,5.79e-06,4.38e-06,5.79e-06
4.29e-06,3.35e-06,4.94e-06,4.435e-06,4.94e-06
4.483e-06,3.32e-06,5.77e-06,4.42e-06,5.77e-06
4.268e-06,3.3e-06,5.16e-06,4.306e-06,5.16e-06
4.462e-06,3.18e-06,5.94e-06,4.365e-06,5.94e-06
4.447e-06,3.31e-06,5.38e-06,4.55e-06,5.38e-06
4.353e-06,3.51e-06,5.79e-06,4.055e-06,5.79e-06
4.287e-06,3.6e-06,5.19e-06,4.18e-06,5.19e-06
4.336e-06,3.031e-06,5.551e-06,4.38e-06,5.551e-06
4.367e-06,3.47e-06,5.07e-06,4.465e-06,5.07e-06
4.59e-06,3.6e-06,5.83e-06,4.465e-06,5.83e-06
4.317e-06,3.38e-06,4.99e-06,4.45e-06,4.99e-06
4.248e-06,3.29e-06,5.51e-06,4.095e-06,5.51e-06
4.285e-06,3.29e-06,4.89e-06,4.48e-06,4.89e-06
4.337e-06,2.9e-06,5.61e-06,4.42e-06,5.61e-06
4.355e-06,3.32e-06,4.87e-06,4.615e-06,4.87e-06
4.347e-06,3.57e-06,5.46e-06,4.18e-06,5.46e-06
4.44e-06,3.32e-06,5.46e-06,4.49e-06,5.46e-06
4.29e-06,3.68e-06,5.48e-06,4e-06,5.48e-06
4.285e-06,3.28e-06,5.091e-06,4.385e-06,5.091e-06
4.37e-06,3.25e-06,5.46e-06,4.385e-06,5.46e-06
4.325e-06,3.21e-06,4.96e-06,4.565e-06,4.96e-06
4.165e-06,3.16e-06,5.33e-06,4.085e-06,5.33e-06
4.322e-06,3.46e-06,4.88e-06,4.475e-06,4.88e-06
4.418e-06,3.38e-06,5.75e-06,4.27e-06,5.75e-06
4.24e-06,3.63e-06,4.9e-06,4.215e-06,4.9e-06
4.492e-06,3.5e-06,5.51e-06,4.48e-06,5.51e-06
4.222e-06,3.39e-06,4.83e-06,4.335e-06,4.83e-06
4.37e-06,3.24e-06,5.79e-06,4.225e-06,5.79e-06
4.182e-06,3.15e-06,5.02e-06,4.28e-06,5.02e-06
4.073e-06,2.9e-06,5.501e-06,3.945e-06,5.501e-06
4.56e-06,3.59e-06,5.42e-06,4.615e-06,5.42e-06
4.15e-06,3.001e-06,5.63e-06,3.985e-06,5.63e-06
4.23e-06,3.31e-06,4.94e-06,4.335e-06,4.94e-06
4.357e-06,3.34e-06,5.4e-06,4.345e-06,5.4e-06
4.28e-06,3.42e-06,4.84e-06,4.43e-06,4.84e-06
4.275e-06,3.08e-06,5.91e-06,4.055e-06,5.91e-06
4.105e-06,3.34e-06,4.95e-06,4.065e-06,4.95e-06
4.395e-06,3.22e-06,5.75e-06,4.305e-06,5.75e-06
4.347e-06,3.28e-06,4.93e-06,4.59e-06,4.93e-06
4.497e-06,3.85e-06,5.63e-06,4.255e-06,5.63e-06
4.223e-06,3.24e-06,4.991e-06,4.33e-06,4.991e-06
4.478e-06,3.65e-06,5.69e-06,4.285e-06,5.69e-06
4.478e-06,3.42e-06,5.36e-06,4.565e-06,5.36e-06
4.253e-06,3.12e-06,5.51e-06,4.19e-06,5.51e-06
4.267e-06,3.4e-06,5.08e-06,4.295e-06,5.08e-06
4.307e-06,3.11e-06,5.5e-06,4.31e-06,5.5e-06
4.327e-06,3.24e-06,5.21e-06,4.43e-06,5.21e-06
4.337e-06,3.31e-06,5.51e-06,4.265e-06,5.51e-06
4.202e-06,3.22e-06,4.97e-06,4.31e-06,4.97e-06
4.332e-06,3.58e-06,5.63e-06,4.06e-06,5.63e-06
4.175e-06,3.45e-06,5.12e-06,4.065e-06,5.12e-06
4.363e-06,3.42e-06,5.591e-06,4.22e-06,5.591e-06
4.288e-06,3.45e-06,4.95e-06,4.375e-06,4.95e-06
4.25e-06,3.1e-06,5.64e-06,4.13e-06,5.64e-06
4.317e-06,3.57e-06,5.01e-06,4.345e-06,5.01e-06
4.263e-06,3.221e-06,5.62e-06,4.105e-06,5.62e-06
4.235e-06,3.12e-06,5.09e-06,4.366e-06,5.09e-06
4.01e-06,2.96e-06,5e-06,4.04e-06,5e-06
4.447e-06,3.74e-06,4.85e-06,4.6e-06,4.85e-06
4.37e-06,3.44e-06,5.69e-06,4.175e-06,5.69e-06
4.32e-06,3.16e-06,5.26e-06,4.43e-06,5.26e-06
4.423e-06,3.41e-06,5.75e-06,4.265e-06,5.75e-06
4.355e-06,3.43e-06,4.981e-06,4.505e-06,4.981e-06
4.277e-06,3.21e-06,5.58e-06,4.16e-06,5.58e-06
4.45e-06,3.52e-06,4.86e-06,4.71e-06,4.86e-06
4.4e-06,3.3e-06,5.7e-06,4.3e-06,5.7e-06
4.545e-06,3.78e-06,5.35e-06,4.525e-06,5.35e-06
4.422e-06,3.25e-06,5.76e-06,4.34e-06,5.76e-06
4.23e-06,3.41e-06,4.82e-06,4.345e-06,4.82e-06
4.255e-06,3.21e-06,5.31e-06,4.25e-06,5.31e-06
4.38e-06,3.3e-06,5.13e-06,4.545e-06,5.13e-06
4.265e-06,3.3e-06,5.5e-06,4.13e-06,5.5e-06
4.228e-06,3.47e-06,4.93e-06,4.255e-06,4.93e-06
4.52e-06,3.52e-06,5.861e-06,4.35e-06,5.861e-06
4.28e-06,3.69e-06,5.05e-06,4.19e-06,5.05e-06
4.177e-06,2.8e-06,5.62e-06,4.145e-06,5.62e-06
4.29e-06,3.23e-06,4.9e-06,4.515e-06,4.9e-06
4.225e-06,3.19e-06,5.6e-06,4.055e-06,5.6e-06
4.355e-06,3.12e-06,5.57e-06,4.365e-06,5.57e-06
4.57e-06,3.421e-06,5.7e-06,4.58e-06,5.7e-06
4.237e-06,3.11e-06,4.94e-06,4.45e-06,4.94e-06
1.2523e-05,1.77e-06,1.67e-05,1.581e-05,1.616e-05
4.48e-06,4.15e-06,5.16e-06,4.305e-06,5.16e-06
4.477e-06,3.32e-06,5.39e-06,4.6e-06,5.39e-06
4.473e-06,3.25e-06,5.29e-06,4.675e-06,5.29e-06
4.293e-06,3.2e-06,5.68e-06,4.145e-06,5.68e-06
4.155e-06,3.13e-06,4.97e-06,4.26e-06,4.97e-06
4.47e-06,3.67e-06,5.54e-06,4.335e-06,5.54e-06
4.318e-06,3.59e-06,4.75e-06,4.465e-06,4.75e-06
4.475e-06,3.33e-06,5.93e-06,4.32e-06,5.93e-06
4.332e-06,3.24e-06,4.88e-06,4.605e-06,4.88e-06
4.24e-06,3.35e-06,5.47e-06,4.07e-06,5.47e-06
4.165e-06,3.31e-06,4.82e-06,4.265e-06,4.82e-06
4.615e-06,3.13e-06,5.811e-06,4.76e-06,5.811e-06
4.425e-06,3.9e-06,4.93e-06,4.435e-06,4.93e-06
4.45e-06,3.51e-06,5.84e-06,4.225e-06,5.84e-06
4.383e-06,3.17e-06,5.34e-06,4.51e-06,5.34e-06
4.277e-06,3.62e-06,5.42e-06,4.035e-06,5.42e-06
4.25e-06,3.27e-06,4.93e-06,4.4e-06,4.93e-06
4.552e-06,3.39e-06,5.61e-06,4.605e-06,5.61e-06
4.272e-06,3.33e-06,5.21e-06,4.275e-06,5.21e-06
4.54e-06,3.57e-06,5.85e-06,4.37e-06,5.85e-06
4.47e-06,3.46e-06,5.33e-06,4.545e-06,5.33e-06
4.365e-06,3.18e-06,5.89e-06,4.195e-06,5.89e-06
4.275e-06,3.41e-06,4.891e-06,4.4e-06,4.891e-06
4.465e-06,3.64e-06,5.82e-06,4.2e-06,5.82e-06
4.47e-06,3.61e-06,5.18e-06,4.545e-06,5.18e-06
4.09e-06,2.92e-06,5.28e-06,4.08e-06,5.28e-06
4.298e-06,3.25e-06,5.18e-06,4.38e-06,5.18e-06
4.293e-06,3.17e-06,5.51e-06,4.245e-06,5.51e-06
4.24e-06,3.3e-06,4.99e-06,4.335e-06,4.99e-06
4.29e-06,3.16e-06,5.55e-06,4.225e-06,5.55e-06
4.177e-06,3.33e-06,4.97e-06,4.205e-06,4.97e-06
4.343e-06,3.26e-06,5.39e-06,4.36e-06,5.39e-06
4.115e-06,3.14e-06,4.88e-06,4.22e-06,4.88e-06
4.318e-06,3.18e-06,5.501e-06,4.295e-06,5.501e-06
4.388e-06,3.65e-06,4.83e-06,4.535e-06,4.83e-06
4.378e-06,3.69e-06,5.46e-06,4.18e-06,5.46e-06
4.328e-06,3.3e-06,4.96e-06,4.525e-06,4.96e-06
4.237e-06,3.48e-06,5.38e-06,4.045e-06,5.38e-06
4.34e-06,3.24e-06,5.28e-06,4.42e-06,5.28e-06
4.138e-06,3.25e-06,5.14e-06,4.08e-06,5.14e-06
4.285e-06,3.27e-06,4.9e-06,4.485e-06,4.9e-06
4.315e-06,2.71e-06,5.65e-06,4.45e-06,5.65e-06
4.248e-06,3.21e-06,5.05e-06,4.365e-06,5.05e-06
4.465e-06,3.25e-06,5.79e-06,4.41e-06,5.79e-06
4.27e-06,3.32e-06,5.01e-06,4.375e-06,5.01e-06
5.09e-06,3.31e-06,7.39e-06,4.83e-06,7.39e-06
4.855e-06,3.61e-06,6.58e-06,4.615e-06,4.98e-06
4.342e-06,3.35e-06,5.61e-06,4.205e-06,5.61e-06
4.29e-06,3.53e-06,5.06e-06,4.285e-06,5.06e-06
4.392e-06,3.22e-06,5.84e-06,4.255e-06,5.84e-06
4.555e-06,3.45e-06,5.29e-06,4.74e-06,5.29e-06
4.398e-06,3.51e-06,5.62e-06,4.23e-06,5.62e-06
4.3e-06,3.3e-06,5.09e-06,4.405e-06,5.09e-06
4.345e-06,3.47e-06,5.12e-06,4.395e-06,5.12e-06
4.35e-06,3.94e-06,4.93e-06,4.265e-06,4.93e-06
4.48e-06,3.31e-06,5.751e-06,4.43e-06,5.751e-06
4.255e-06,3.31e-06,4.94e-06,4.385e-06,4.94e-06
4.36e-06,3.4e-06,5.9e-06,4.07e-06,5.9e-06
4.217e-06,3.55e-06,4.78e-06,4.27e-06,4.78e-06
4.46e-06,3.65e-06,5.4e-06,4.395e-06,5.4e-06
4.197e-06,3.34e-06,4.94e-06,4.255e-06,4.94e-06
4.215e-06,3.07e-06,5.56e-06,4.115e-06,5.56e-06
4.388e-06,3.51e-06,4.98e-06,4.53e-06,4.98e-06
4.325e-06,3.29e-06,5.75e-06,4.13e-06,5.75e-06
4.285e-06,3.22e-06,5.16e-06,4.38e-06,5.16e-06
4.568e-06,3.5e-06,5.87e-06,4.45e-06,5.87e-06
4.173e-06,3.34e-06,4.871e-06,4.24e-06,4.871e-06
4.24e-06,3.261e-06,5.36e-06,4.17e-06,5.36e-06
4.393e-06,3.21e-06,5.02e-06,4.67e-06,4.98e-06
4.418e-06,3.34e-06,5.68e-06,4.325e-06,5.68e-06
4.292e-06,3.28e-06,4.89e-06,4.5e-06,4.89e-06
4.368e-06,3.57e-06,5.49e-06,4.205e-06,5.49e-06
4.217e-06,3e-06,5.48e-06,4.195e-06,5.48e-06
4.462e-06,3.29e-06,5.73e-06,4.415e-06,5.73e-06
4.112e-06,3.18e-06,5.05e-06,4.11e-06,5.05e-06
4.38e-06,3.7e-06,5.73e-06,4.045e-06,5.73e-06
4.405e-06,3.34e-06,5.31e-06,4.485e-06,5.31e-06
4.248e-06,3.27e-06,5.451e-06,4.135e-06,5.451e-06
4.37e-06,3.92e-06,4.95e-06,4.305e-06,4.95e-06
4.343e-06,3.27e-06,5.61e-06,4.245e-06,5.61e-06
4.34e-06,3.55e-06,4.79e-06,4.51e-06,4.79e-06
4.535e-06,3.68e-06,5.95e-06,4.255e-06,5.95e-06
4.17e-06,3.05e-06,5.04e-06,4.296e-06,5.04e-06
4.245e-06,3.24e-06,5.72e-06,4.01e-06,5.72e-06
4.245e-06,3.19e-06,4.96e-06,4.415e-06,4.96e-06
4.355e-06,3.3e-06,5.41e-06,4.355e-06,5.41e-06
4.343e-06,3.49e-06,4.98e-06,4.45e-06,4.98e-06
4.345e-06,3.37e-06,5.74e-06,4.135e-06,5.74e-06
4.273e-06,3.27e-06,4.961e-06,4.43e-06,4.961e-06
4.303e-06,3.83e-06,5.3e-06,4.04e-06,5.3e-06
4.32e-06,3.48e-06,4.81e-06,4.495e-06,4.81e-06
4.418e-06,3.501e-06,5.79e-06,4.19e-06,5.79e-06
4.3e-06,3.23e-06,4.87e-06,4.55e-06,4.87e-06
4.277e-06,3.16e-06,5.74e-06,4.105e-06,5.74e-06
4.318e-06,3.47e-06,5.01e-06,4.395e-06,5.01e-06
4.342e-06,3.21e-06,5.74e-06,4.21e-06,5.74e-06
4.08e-06,2.99e-06,5.05e-06,4.14e-06,5.05e-06
4.413e-06,3.55e-06,5.64e-06,4.23e-06,5.64e-06
4.402e-06,3.52e-06,4.9e-06,4.595e-06,4.9e-06
4.27e-06,3.43e-06,5.351e-06,4.15e-06,5.351e-06
4.205e-06,3.17e-06,4.85e-06,4.4e-06,4.85e-06
4.39e-06,3.65e-06,5.64e-06,4.135e-06,5.64e-06
4.315e-06,3.25e-06,5.08e-06,4.465e-06,5.08e-06
4.088e-06,3.15e-06,5.2e-06,4e-06,5.2e-06
4.567e-06,3.34e-06,5.7e-06,4.615e-06,5.7e-06
4.375e-06,3.72e-06,5.55e-06,4.115e-06,5.55e-06
4.35e-06,3.47e-06,5.05e-06,4.44e-06,5.05e-06
4.435e-06,3.45e-06,5.65e-06,4.321e-06,5.65e-06
4.292e-06,3.08e-06,5.1e-06,4.495e-06,5.1e-06
4.347e-06,3.37e-06,5.45e-06,4.285e-06,5.45e-06
4.325e-06,3.59e-06,4.78e-06,4.465e-06,4.78e-06
4.243e-06,3.33e-06,5.5e-06,4.07e-06,5.5e-06
4.302e-06,3.61e-06,4.87e-06,4.365e-06,4.87e-06
4.445e-06,3.42e-06,5.52e-06,4.42e-06,5.52e-06
4.253e-06,3.23e-06,5.03e-06,4.375e-06,5.03e-06
4.298e-06,3.28e-06,5.35e-06,4.28e-06,5.35e-06
4.167e-06,3.33e-06,4.9e-06,4.22e-06,4.9e-06
4.198e-06,3.07e-06,5.81e-06,3.955e-06,5.81e-06
4.26e-06,3.18e-06,4.83e-06,4.515e-06,4.83e-06
4.413e-06,3.53e-06,5.54e-06,4.291e-06,5.54e-06
4.245e-06,3.57e-06,4.86e-06,4.275e-06,4.86e-06
4.235e-06,3.16e-06,5.551e-06,4.115e-06,5.551e-06
4.277e-06,3.3e-06,4.97e-06,4.42e-06,4.97e-06
4.425e-06,3.64e-06,5.33e-06,4.365e-06,5.33e-06
4.175e-06,3.32e-06,4.95e-06,4.215e-06,4.95e-06
4.323e-06,3.15e-06,5.48e-06,4.33e-06,5.48e-06
4.213e-06,3.25e-06,5.15e-06,4.225e-06,5.15e-06
4.445e-06,3.31e-06,5.78e-06,4.345e-06,5.78e-06
4.285e-06,3.47e-06,4.97e-06,4.35e-06,4.97e-06
4.29e-06,3.23e-06,5.78e-06,4.075e-06,5.78e-06
4.645e-06,4.02e-06,5.33e-06,4.615e-06,5.33e-06
4.398e-06,3.27e-06,5.75e-06,4.285e-06,5.75e-06
4.343e-06,3.58e-06,5.01e-06,4.39e-06,5.01e-06
4.26e-06,3.2e-06,5.41e-06,4.215e-06,5.41e-06
4.358e-06,3.21e-06,5.01e-06,4.605e-06,5.01e-06
4.317e-06,3.31e-06,5.76e-06,4.1e-06,5.76e-06
4.233e-06,3.5e-06,4.9e-06,4.265e-06,4.9e-06
4.25e-06,3.23e-06,5.65e-06,4.06e-06,5.65e-06
4.235e-06,3.48e-06,4.95e-06,4.255e-06,4.95e-06
4.208e-06,3.04e-06,5.4e-06,4.195e-06,5.4e-06
4.28e-06,3.25e-06,5.01e-06,4.43e-06,5.01e-06
4.46e-06,3.07e-06,6.06e-06,4.355e-06,6.06e-06
4.312e-06,3.42e-06,4.98e-06,4.425e-06,4.97e-06
4.315e-06,3.48e-06,5.63e-06,4.075e-06,5.63e-06
4.33e-06,3.47e-06,5.1e-06,4.375e-06,5.1e-06
4.547e-06,3.51e-06,5.76e-06,4.46e-06,5.76e-06
4.157e-06,3.24e-06,5.04e-06,4.175e-06,5.04e-06
4.248e-06,3.36e-06,5.34e-06,4.145e-06,5.34e-06
4.283e-06,3.35e-06,5.18e-06,4.3e-06,5.18e-06
4.508e-06,3.45e-06,5.94e-06,4.32e-06,5.94e-06
4.358e-06,3.28e-06,5.25e-06,4.45e-06,5.25e-06
4.413e-06,3.35e-06,5.72e-06,4.29e-06,5.72e-06
4.292e-06,3.59e-06,5.07e-06,4.255e-06,5.07e-06
4.217e-06,3.15e-06,5.21e-06,4.255e-06,5.21e-06
4.24e-06,3.47e-06,4.74e-06,4.375e-06,4.74e-06
4.29e-06,3.24e-06,5.72e-06,4.1e-06,5.72e-06
4.375e-06,3.65e-06,4.94e-06,4.456e-06,4.94e-06
4.412e-06,3.59e-06,5.58e-06,4.24e-06,5.58e-06
4.125e-06,3.2e-06,4.89e-06,4.205e-06,4.89e-06
4.268e-06,3.29e-06,5.77e-06,4.005e-06,5.77e-06
4.197e-06,3.09e-06,4.94e-06,4.38e-06,4.94e-06
4.473e-06,3.18e-06,5.8e-06,4.456e-06,5.8e-06
4.562e-06,3.42e-06,5.26e-06,4.785e-06,5.26e-06
4.413e-06,3.6e-06,5.69e-06,4.18e-06,5.69e-06
4.13e-06,3.14e-06,4.92e-06,4.23e-06,4.92e-06
4.292e-06,2.85e-06,5.89e-06,4.215e-06,5.89e-06
4.325e-06,3.49e-06,4.85e-06,4.48e-06,4.85e-06
4.405e-06,3.25e-06,5.18e-06,4.595e-06,5.18e-06
4.537e-06,3.53e-06,5.39e-06,4.615e-06,4.97e-06
4.467e-06,3.54e-06,5.86e-06,4.235e-06,5.86e-06
4.275e-06,3.3e-06,4.93e-06,4.435e-06,4.93e-06
4.295e-06,3.12e-06,5.6e-06,4.23e-06,5.6e-06
4.177e-06,3.15e-06,4.93e-06,4.315e-06,4.93e-06
4.427e-06,3.18e-06,5.68e-06,4.425e-06,5.68e-06
4.128e-06,3.2e-06,4.95e-06,4.181e-06,4.95e-06
4.282e-06,3.24e-06,5.6e-06,4.145e-06,5.6e-06
4.408e-06,3.63e-06,5.18e-06,4.41e-06,4.96e-06
4.268e-06,3.25e-06,5.72e-06,4.05e-06,5.72e-06
4.31e-06,3.3e-06,5.07e-06,4.435e-06,5.07e-06
4.22e-06,3.17e-06,5.56e-06,4.075e-06,5.56e-06
4.198e-06,3.27e-06,4.85e-06,4.335e-06,4.85e-06
4.22e-06,3.03e-06,5.13e-06,4.36e-06,5.13e-06
4.283e-06,3.27e-06,5.2e-06,4.33e-06,5.2e-06
4.467e-06,3.61e-06,5.62e-06,4.32e-06,5.62e-06
4.233e-06,3.2e-06,5.01e-06,4.36e-06,5.01e-06
4.41e-06,3.72e-06,5.66e-06,4.13e-06,5.66e-06
4.337e-06,3.41e-06,4.76e-06,4.59e-06,4.76e-06
4.315e-06,3.23e-06,5.51e-06,4.26e-06,5.51e-06
4.343e-06,3.49e-06,4.92e-06,4.481e-06,4.92e-06
4.422e-06,3.47e-06,5.87e-06,4.175e-06,5.87e-06
4.44e-06,3.5e-06,5.29e-06,4.485e-06,5.29e-06
4.262e-06,3.14e-06,5.39e-06,4.26e-06,5.39e-06
4.297e-06,3.15e-06,5.04e-06,4.5e-06,5.04e-06
4.295e-06,3.17e-06,5.4e-06,4.305e-06,5.4e-06
6.72e-06,3.47e-06,1.416e-05,4.625e-06,1.416e-05
4.508e-06,3.81e-06,5.65e-06,4.285e-06,5.65e-06
4.287e-06,3.44e-06,4.97e-06,4.37e-06,4.97e-06
4.218e-06,3.43e-06,5.3e-06,4.07e-06,5.3e-06
4.283e-06,3.51e-06,5.07e-06,4.275e-06,5.07e-06
4.395e-06,3.36e-06,5.51e-06,4.355e-06,5.51e-06
4.295e-06,3.38e-06,5.06e-06,4.37e-06,5.06e-06
4.385e-06,3.33e-06,5.85e-06,4.18e-06,5.85e-06
4.213e-06,3.32e-06,5.05e-06,4.24e-06,5.05e-06
4.337e-06,3.32e-06,5.44e-06,4.295e-06,5.44e-06
4.583e-06,3.66e-06,5.3e-06,4.685e-06,5.3e-06
4.317e-06,3.3e-06,5.57e-06,4.2e-06,5.57e-06
4.26e-06,3.41e-06,4.98e-06,4.325e-06,4.98e-06
4.352e-06,3.23e-06,5.62e-06,4.28e-06,5.62e-06
4.323e-06,3.61e-06,4.92e-06,4.38e-06,4.92e-06
4.243e-06,3.21e-06,5.42e-06,4.17e-06,5.42e-06
4.215e-06,2.87e-06,5.03e-06,4.481e-06,5.03e-06
4.24e-06,3.48e-06,5.42e-06,4.03e-06,5.42e-06
4.26e-06,3.23e-06,5.01e-06,4.4e-06,5.01e-06
4.545e-06,3.25e-06,5.48e-06,4.725e-06,5.48e-06
4.175e-06,3.22e-06,5.03e-06,4.226e-06,5.03e-06
4.445e-06,3.59e-06,6.04e-06,4.075e-06,6.04e-06
4.515e-06,3.66e-06,5.35e-06,4.525e-06,5.35e-06
4.385e-06,3.26e-06,5.52e-06,4.38e-06,5.52e-06
4.317e-06,3.45e-06,4.85e-06,4.485e-06,4.85e-06
4.408e-06,3.27e-06,5.521e-06,4.42e-06,5.521e-06
4.337e-06,3.31e-06,5.14e-06,4.45e-06,5.14e-06
4.432e-06,3.53e-06,5.42e-06,4.39e-06,5.42e-06
4.343e-06,3.25e-06,5.25e-06,4.435e-06,5.25e-06
4.398e-06,3.25e-06,6.08e-06,4.13e-06,6.08e-06
4.158e-06,3.07e-06,5.14e-06,4.21e-06,5.14e-06
4.58e-06,3.71e-06,5.82e-06,4.395e-06,5.82e-06
4.465e-06,3.82e-06,4.91e-06,4.565e-06,4.91e-06
4.328e-06,3.12e-06,5.47e-06,4.36e-06,5.47e-06
4.333e-06,3.4e-06,5.24e-06,4.346e-06,5.24e-06
4.563e-06,3.3e-06,5.85e-06,4.55e-06,5.85e-06
4.497e-06,3.49e-06,5.04e-06,4.73e-06,4.91e-06
4.142e-06,3.33e-06,5.16e-06,4.04e-06,5.16e-06
4.31e-06,3.24e-06,4.94e-06,4.53e-06,4.94e-06
4.3e-06,3.22e-06,5.58e-06,4.2e-06,5.58e-06
4.293e-06,3.321e-06,4.93e-06,4.46e-06,4.93e-06
4.26e-06,3.34e-06,5.35e-06,4.175e-06,5.35e-06
4.345e-06,3.57e-06,4.87e-06,4.47e-06,4.87e-06
4.455e-06,3.25e-06,6.2e-06,4.185e-06,6.2e-06
4.407e-06,3.86e-06,5.17e-06,4.3e-06,5.17e-06
4.365e-06,3.4e-06,5.83e-06,4.115e-06,5.83e-06
4.282e-06,3.23e-06,4.91e-06,4.495e-06,4.91e-06
4.228e-06,3.2e-06,5.261e-06,4.225e-06,5.261e-06
4.357e-06,3.2e-06,5.04e-06,4.595e-06,5.04e-06
4.572e-06,3.54e-06,6.16e-06,4.295e-06,6.16e-06
4.175e-06,2.73e-06,5.2e-06,4.385e-06,5.2e-06
4.22e-06,3.45e-06,5.48e-06,3.975e-06,5.48e-06
4.202e-06,3.16e-06,4.82e-06,4.415e-06,4.82e-06
4.41e-06,3.39e-06,5.35e-06,4.45e-06,5.35e-06
4.265e-06,3.25e-06,5.01e-06,4.4e-06,5.01e-06
4.258e-06,3.36e-06,5.36e-06,4.155e-06,5.36e-06
4.347e-06,3.84e-06,4.96e-06,4.295e-06,4.96e-06
4.505e-06,3.56e-06,5.72e-06,4.37e-06,5.72e-06
4.15e-06,3.23e-06,4.98e-06,4.195e-06,4.98e-06
4.342e-06,3.25e-06,5.47e-06,4.325e-06,5.47e-06
4.25e-06,3.38e-06,4.92e-06,4.35e-06,4.92e-06
4.402e-06,3.69e-06,5.59e-06,4.165e-06,5.59e-06
4.373e-06,3.17e-06,5.39e-06,4.465e-06,5.39e-06
4.282e-06,3.49e-06,5.46e-06,4.09e-06,5.46e-06
4.22e-06,3.28e-06,4.94e-06,4.33e-06,4.94e-06
4.292e-06,3.32e-06,5.62e-06,4.115e-06,5.62e-06
4.37e-06,3.6e-06,4.9e-06,4.49e-06,4.9e-06
4.345e-06,3.49e-06,5.38e-06,4.255e-06,5.38e-06
4.275e-06,3.26e-06,5.03e-06,4.405e-06,5.03e-06
4.587e-06,3.76e-06,6.04e-06,4.275e-06,6.04e-06
4.207e-06,3.24e-06,4.97e-06,4.31e-06,4.97e-06
4.325e-06,3.26e-06,5.62e-06,4.21e-06,5.62e-06
4.143e-06,3.19e-06,4.95e-06,4.215e-06,4.95e-06
4.225e-06,3.17e-06,5.26e-06,4.235e-06,5.26e-06
4.478e-06,3.5e-06,4.95e-06,4.731e-06,4.95e-06
4.32e-06,3.22e-06,5.54e-06,4.26e-06,5.54e-06
4.277e-06,3.15e-06,4.92e-06,4.52e-06,4.92e-06
4.268e-06,3.32e-06,5.35e-06,4.2e-06,5.35e-06
4.22e-06,3.21e-06,4.95e-06,4.36e-06,4.95e-06
4.365e-06,3.28e-06,5.65e-06,4.265e-06,5.65e-06
4.03e-06,2.94e-06,5.13e-06,4.025e-06,5.13e-06
4.36e-06,3.26e-06,5.931e-06,4.125e-06,5.931e-06
4.228e-06,3.1e-06,5.23e-06,4.29e-06,5.23e-06
4.275e-06,3.1e-06,5.64e-06,4.18e-06,5.64e-06
4.3e-06,3.13e-06,5.17e-06,4.45e-06,5.17e-06
4.438e-06,3.28e-06,5.82e-06,4.325e-06,5.82e-06
4.203e-06,3.3e-06,4.8e-06,4.355e-06,4.8e-06
4.197e-06,3.2e-06,5.57e-06,4.01e-06,5.57e-06
4.367e-06,3.36e-06,5.27e-06,4.42e-06,5.27e-06
4.422e-06,3.33e-06,5.81e-06,4.275e-06,5.81e-06
4.397e-06,3.71e-06,4.85e-06,4.515e-06,4.85e-06
4.313e-06,3.31e-06,5.53e-06,4.205e-06,5.53e-06
4.343e-06,3.42e-06,4.901e-06,4.525e-06,4.901e-06
4.238e-06,3.27e-06,5.51e-06,4.085e-06,5.51e-06
4.15e-06,3.13e-06,4.77e-06,4.35e-06,4.77e-06
4.425e-06,3.26e-06,5.46e-06,4.49e-06,5.46e-06
4.457e-06,3.52e-06,4.97e-06,4.67e-06,4.97e-06
4.16e-06,3.27e-06,5.24e-06,4.065e-06,5.24e-06
4.282e-06,3.23e-06,5.35e-06,4.275e-06,5.35e-06
4.227e-06,3.24e-06,5.55e-06,4.06e-06,5.55e-06
4.338e-06,3.46e-06,4.87e-06,4.51e-06,4.87e-06
4.16e-06,3.15e-06,4.99e-06,4.251e-06,4.99e-06
4.223e-06,3.13e-06,5.03e-06,4.365e-06,5.03e-06
4.225e-06,3.07e-06,5.681e-06,4.075e-06,5.681e-06
4.22e-06,3.03e-06,4.93e-06,4.46e-06,4.93e-06
4.278e-06,3.2e-06,5.73e-06,4.09e-06,5.73e-06
4.362e-06,3.37e-06,4.93e-06,4.575e-06,4.93e-06
4.43e-06,3.48e-06,5.55e-06,4.345e-06,5.55e-06
4.233e-06,3.24e-06,4.97e-06,4.36e-06,4.97e-06
4.338e-06,3.56e-06,5.64e-06,4.075e-06,5.64e-06
4.315e-06,3.78e-06,4.98e-06,4.25e-06,4.98e-06
4.427e-06,3.52e-06,5.7e-06,4.245e-06,5.7e-06
4.308e-06,3.29e-06,5e-06,4.47e-06,5e-06
4.33e-06,3.541e-06,5.65e-06,4.065e-06,5.65e-06
4.278e-06,3.25e-06,5.01e-06,4.425e-06,5.001e-06
4.323e-06,3.25e-06,5.35e-06,4.345e-06,5.35e-06
4.158e-06,3.22e-06,4.79e-06,4.31e-06,4.79e-06
4.355e-06,3.65e-06,5.61e-06,4.08e-06,5.61e-06
4.355e-06,3.24e-06,4.98e-06,4.6e-06,4.98e-06
4.365e-06,3.41e-06,5.62e-06,4.215e-06,5.62e-06
4.223e-06,3.18e-06,4.84e-06,4.435e-06,4.84e-06
4.378e-06,3.32e-06,5.51e-06,4.34e-06,5.51e-06
4.168e-06,3.35e-06,4.97e-06,4.175e-06,4.97e-06
4.335e-06,3.28e-06,5.57e-06,4.245e-06,5.57e-06
4.425e-06,3.2e-06,5.11e-06,4.695e-06,4.89e-06
4.318e-06,3.26e-06,5.321e-06,4.345e-06,5.321e-06
4.36e-06,3.65e-06,4.89e-06,4.45e-06,4.89e-06
4.565e-06,3.4e-06,5.62e-06,4.62e-06,5.62e-06
4.315e-06,3.28e-06,4.95e-06,4.516e-06,4.95e-06
4.372e-06,3.65e-06,5.76e-06,4.04e-06,5.76e-06
4.207e-06,3.14e-06,4.97e-06,4.36e-06,4.97e-06
4.37e-06,3.5e-06,5.54e-06,4.22e-06,5.54e-06
4.257e-06,3.53e-06,4.8e-06,4.35e-06,4.8e-06
4.56e-06,3.51e-06,6.23e-06,4.25e-06,6.23e-06
4.158e-06,3.25e-06,4.81e-06,4.285e-06,4.81e-06
4.217e-06,3.2e-06,5.39e-06,4.14e-06,5.39e-06
4.138e-06,3.17e-06,5.001e-06,4.19e-06,5.001e-06
4.265e-06,3.101e-06,5.6e-06,4.18e-06,5.6e-06
4.43e-06,3.1e-06,5.51e-06,4.555e-06,5.51e-06
4.33e-06,3.43e-06,5.46e-06,4.215e-06,5.46e-06
4.18e-06,3.25e-06,4.88e-06,4.295e-06,4.88e-06
4.28e-06,3.25e-06,5.76e-06,4.055e-06,5.76e-06
4.41e-06,3.91e-06,4.92e-06,4.405e-06,4.92e-06
4.303e-06,3.5e-06,5.69e-06,4.01e-06,5.69e-06
4.293e-06,3.43e-06,5.32e-06,4.21e-06,5.32e-06
4.36e-06,3.4e-06,5.77e-06,4.135e-06,5.77e-06
4.29e-06,3.58e-06,5.15e-06,4.215e-06,5.15e-06
4.287e-06,3.17e-06,5.26e-06,4.36e-06,5.26e-06
4.275e-06,3.24e-06,5.13e-06,4.365e-06,5.13e-06
4.375e-06,3.53e-06,5.81e-06,4.08e-06,5.81e-06
4.338e-06,3.36e-06,4.93e-06,4.53e-06,4.93e-06
4.212e-06,3.25e-06,5.44e-06,4.08e-06,5.44e-06
4.25e-06,3.24e-06,4.89e-06,4.435e-06,4.85e-06
4.32e-06,3.2e-06,5.4e-06,4.34e-06,5.4e-06
4.3e-06,3.12e-06,4.95e-06,4.565e-06,4.95e-06
4.34e-06,3.48e-06,5.77e-06,4.055e-06,5.77e-06
4.137e-06,3.12e-06,4.81e-06,4.31e-06,4.81e-06
4.355e-06,3.78e-06,5.63e-06,4.005e-06,5.63e-06
4.082e-06,3.09e-06,5.02e-06,4.11e-06,5.02e-06
4.603e-06,3.21e-06,5.801e-06,4.7e-06,5.801e-06
4.5e-06,3.36e-06,5.38e-06,4.63e-06,5.38e-06
4.085e-06,3.11e-06,5.3e-06,3.965e-06,5.3e-06
4.42e-06,3.68e-06,4.92e-06,4.54e-06,4.92e-06
4.242e-06,3.39e-06,5.41e-06,4.085e-06,5.41e-06
4.202e-06,3.16e-06,4.82e-06,4.415e-06,4.82e-06
4.172e-06,3.25e-06,5.03e-06,4.205e-06,5.03e-06
4.347e-06,3.5e-06,5.2e-06,4.345e-06,5.2e-06
4.312e-06,3.27e-06,5.48e-06,4.25e-06,5.48e-06
4.188e-06,3.28e-06,4.97e-06,4.25e-06,4.97e-06
4.583e-06,3.29e-06,5.83e-06,4.605e-06,5.83e-06
4.255e-06,3.4e-06,5.061e-06,4.28e-06,5.061e-06
4.32e-06,3.2e-06,5.83e-06,4.125e-06,5.83e-06
4.442e-06,3.16e-06,5.59e-06,4.51e-06,5.59e-06
4.425e-06,3.85e-06,5.38e-06,4.235e-06,5.38e-06
4.253e-06,3.35e-06,4.85e-06,4.405e-06,4.85e-06
4.327e-06,3.25e-06,5.46e-06,4.3e-06,5.46e-06
4.345e-06,3.27e-06,4.95e-06,4.58e-06,4.79e-06
4.282e-06,3.35e-06,5.46e-06,4.16e-06,5.46e-06
4.387e-06,3.68e-06,5.17e-06,4.35e-06,4.96e-06
4.152e-06,2.98e-06,5.82e-06,3.905e-06,5.82e-06
4.215e-06,3.2e-06,5.03e-06,4.315e-06,5.03e-06
4.465e-06,3.71e-06,5.721e-06,4.215e-06,5.721e-06
4.368e-06,3.37e-06,4.76e-06,4.67e-06,4.76e-06
4.38e-06,3.33e-06,5.53e-06,4.33e-06,5.53e-06
4.195e-06,3.28e-06,4.78e-06,4.36e-06,4.78e-06
4.387e-06,3.68e-06,5.48e-06,4.195e-06,5.48e-06
4.312e-06,3.78e-06,5e-06,4.235e-06,5e-06
4.473e-06,3.48e-06,5.74e-06,4.335e-06,5.74e-06
4.362e-06,3.39e-06,5e-06,4.53e-06,5e-06
4.385e-06,3.34e-06,5.34e-06,4.43e-06,5.34e-06
4.285e-06,3.55e-06,4.89e-06,4.35e-06,4.89e-06
4.365e-06,3.43e-06,5.66e-06,4.185e-06,5.66e-06
4.29e-06,3.29e-06,4.881e-06,4.495e-06,4.881e-06
4.407e-06,3.87e-06,5.48e-06,4.14e-06,5.48e-06
4.295e-06,3.32e-06,4.91e-06,4.475e-06,4.91e-06
4.553e-06,3.35e-06,5.39e-06,4.735e-06,5.39e-06
4.413e-06,3.21e-06,4.99e-06,4.725e-06,4.99e-06
4.552e-06,3.54e-06,6.1e-06,4.285e-06,6.1e-06
4.333e-06,3.89e-06,4.83e-06,4.305e-06,4.83e-06
4.335e-06,3.52e-06,5.44e-06,4.19e-06,5.44e-06
4.172e-06,3.2e-06,4.93e-06,4.28e-06,4.93e-06
4.303e-06,3.21e-06,5.48e-06,4.26e-06,5.48e-06
4.545e-06,4.02e-06,5.3e-06,4.43e-06,5.3e-06
4.4e-06,3.45e-06,5.831e-06,4.16e-06,5.831e-06
4.322e-06,3.77e-06,5.15e-06,4.185e-06,5.15e-06
4.3e-06,3.25e-06,5.56e-06,4.195e-06,5.56e-06
4.295e-06,3.31e-06,5.23e-06,4.32e-06,5.23e-06
4.413e-06,3.21e-06,5.51e-06,4.465e-06,5.51e-06
4.23e-06,3.21e-06,5.27e-06,4.22e-06,5.27e-06
4.327e-06,3.28e-06,5.48e-06,4.275e-06,5.48e-06
4.241e-06,3.271e-06,5.09e-06,4.301e-06,5.09e-06
4.395e-06,3.32e-06,5.62e-06,4.32e-06,5.62e-06
4.488e-06,3.34e-06,5.19e-06,4.71e-06,4.87e-06
4.542e-06,3.37e-06,5.49e-06,4.655e-06,5.49e-06
4.378e-06,3.23e-06,5.491e-06,4.395e-06,5.491e-06
4.125e-06,3.27e-06,5.26e-06,3.985e-06,5.26e-06
4.365e-06,3.5e-06,5.01e-06,4.475e-06,5.01e-06
4.387e-06,3.71e-06,5.67e-06,4.085e-06,5.67e-06
4.29e-06,3.25e-06,4.88e-06,4.515e-06,4.88e-06
4.27e-06,3.22e-06,5.44e-06,4.211e-06,5.44e-06
4.228e-06,3.46e-06,4.9e-06,4.275e-06,4.9e-06
4.315e-06,3.31e-06,5.59e-06,4.18e-06,5.59e-06
4.205e-06,2.69e-06,5.41e-06,4.36e-06,5.41e-06
4.29e-06,3.15e-06,5.49e-06,4.261e-06,5.49e-06
4.19e-06,3.26e-06,4.94e-06,4.28e-06,4.81e-06
4.258e-06,3.33e-06,5.541e-06,4.08e-06,5.541e-06
4.355e-06,3.21e-06,5.13e-06,4.54e-06,5.13e-06
4.328e-06,3.41e-06,5.76e-06,4.07e-06,5.76e-06
4.42e-06,3.44e-06,5.07e-06,4.585e-06,4.97e-06
4.197e-06,3.37e-06,4.94e-06,4.24e-06,4.94e-06
4.258e-06,3.39e-06,4.93e-06,4.355e-06,4.93e-06
4.25e-06,3.31e-06,5.26e-06,4.215e-06,5.26e-06
4.33e-06,3.49e-06,4.9e-06,4.465e-06,4.9e-06
4.4e-06,3.77e-06,5.57e-06,4.13e-06,5.57e-06
4.295e-06,3.241e-06,4.8e-06,4.57e-06,4.8e-06
4.383e-06,3.4e-06,5.47e-06,4.33e-06,5.47e-06
4.313e-06,3.09e-06,5.151e-06,4.505e-06,5.151e-06
4.233e-06,3.29e-06,5.35e-06,4.146e-06,5.35e-06
4.395e-06,3.16e-06,4.99e-06,4.715e-06,4.99e-06
4.412e-06,3.6e-06,5.84e-06,4.105e-06,5.84e-06
4.395e-06,3.59e-06,5.25e-06,4.37e-06,5.25e-06
4.403e-06,3.55e-06,5.69e-06,4.185e-06,5.69e-06
4.328e-06,3.5e-06,5.42e-06,4.195e-06,5.42e-06
4.162e-06,3.08e-06,5.31e-06,4.13e-06,5.31e-06
4.347e-06,3.2e-06,5.14e-06,4.525e-06,5.14e-06
4.575e-06,3.51e-06,5.68e-06,4.555e-06,5.68e-06
4.26e-06,3.35e-06,5.02e-06,4.335e-06,5.02e-06
4.37e-06,3.41e-06,5.471e-06,4.3e-06,5.471e-06
4.188e-06,3.36e-06,4.94e-06,4.225e-06,4.94e-06
4.442e-06,3.31e-06,5.36e-06,4.55e-06,5.36e-06
4.312e-06,3.23e-06,5.15e-06,4.435e-06,5.15e-06
4.56e-06,3.42e-06,5.73e-06,4.545e-06,5.73e-06
4.238e-06,3.14e-06,5.06e-06,4.375e-06,5.06e-06
4.17e-06,3.11e-06,5.46e-06,4.055e-06,5.46e-06
4.308e-06,3.65e-06,5.08e-06,4.25e-06,5.08e-06
4.508e-06,3.26e-06,5.97e-06,4.4e-06,5.97e-06
4.378e-06,3.17e-06,5.13e-06,4.605e-06,4.97e-06
4.307e-06,3.3e-06,5.77e-06,4.08e-06,5.77e-06
4.213e-06,3.491e-06,4.99e-06,4.185e-06,4.99e-06
4.387e-06,3.71e-06,5.45e-06,4.195e-06,5.45e-06
4.198e-06,3.37e-06,4.84e-06,4.29e-06,4.84e-06
4.395e-06,3.33e-06,5.41e-06,4.42e-06,5.41e-06
4.298e-06,3.38e-06,4.93e-06,4.44e-06,4.93e-06
4.34e-06,3.76e-06,5.44e-06,4.08e-06,5.44e-06
4.225e-06,3.2e-06,4.92e-06,4.391e-06,4.92e-06
4.365e-06,3.71e-06,5.3e-06,4.225e-06,5.3e-06
4.405e-06,3.23e-06,5.38e-06,4.505e-06,5.38e-06
4.235e-06,3.17e-06,5.41e-06,4.18e-06,5.41e-06
4.318e-06,3.62e-06,5.06e-06,4.295e-06,5.06e-06
4.223e-06,3.29e-06,5.46e-06,4.07e-06,5.46e-06
4.475e-06,3.48e-06,5.431e-06,4.495e-06,5.431e-06
4.24e-06,3.01e-06,5.62e-06,4.165e-06,5.62e-06
4.092e-06,3.1e-06,5.02e-06,4.125e-06,5.02e-06
4.36e-06,3.41e-06,5.79e-06,4.12e-06,5.79e-06
4.505e-06,3.59e-06,5.11e-06,4.66e-06,5.11e-06
4.298e-06,3.1e-06,5.68e-06,4.205e-06,5.68e-06
4.34e-06,3.59e-06,4.96e-06,4.405e-06,4.96e-06
6.3281e-05,3.32e-06,0.000123552,6.3125e-05,0.000123552
4.405e-06,3.48e-06,5.32e-06,4.41e-06,5.32e-06
4.312e-06,3.55e-06,5.44e-06,4.13e-06,5.44e-06
4.27e-06,3.21e-06,5.23e-06,4.32e-06,5.23e-06
4.432e-06,3.3e-06,5.5e-06,4.465e-06,5.5e-06
4.295e-06,3.1e-06,5e-06,4.54e-06,5e-06
4.3e-06,3.04e-06,5.55e-06,4.305e-06,5.55e-06
4.26e-06,3.23e-06,4.97e-06,4.42e-06,4.97e-06
4.42e-06,3.85e-06,5.52e-06,4.155e-06,5.52e-06
4.148e-06,3.39e-06,4.851e-06,4.175e-06,4.851e-06
4.515e-06,3.48e-06,5.35e-06,4.615e-06,5.35e-06
4.31e-06,3.54e-06,4.97e-06,4.366e-06,4.97e-06
4.29e-06,3.31e-06,5.58e-06,4.135e-06,5.58e-06
4.15e-06,3.09e-06,5.1e-06,4.205e-06,5.1e-06
4.47e-06,3.47e-06,5.87e-06,4.27e-06,5.87e-06
4.34e-06,3.5e-06,4.89e-06,4.485e-06,4.89e-06
4.038e-06,3.14e-06,4.97e-06,4.02e-06,4.97e-06
4.235e-06,3.26e-06,5.01e-06,4.335e-06,5.01e-06
4.248e-06,3.18e-06,5.7e-06,4.056e-06,5.7e-06
4.38e-06,3.26e-06,5.17e-06,4.545e-06,5.17e-06
4.345e-06,3.48e-06,5.591e-06,4.155e-06,5.591e-06
4.41e-06,3.77e-06,5.35e-06,4.26e-06,5.35e-06
4.45e-06,3.69e-06,5.77e-06,4.17e-06,5.77e-06
4.213e-06,3.24e-06,5.02e-06,4.295e-06,5.02e-06
4.265e-06,3.5e-06,5.56e-06,4e-06,5.56e-06
4.507e-06,3.74e-06,5.07e-06,4.61e-06,5.07e-06
4.495e-06,3.62e-06,5.7e-06,4.33e-06,5.7e-06
4.37e-06,3.62e-06,4.86e-06,4.5e-06,4.86e-06
4.325e-06,3.56e-06,5.38e-06,4.18e-06,5.38e-06
4.352e-06,3.42e-06,4.99e-06,4.5e-06,4.99e-06
4.23e-06,3.25e-06,5.43e-06,4.12e-06,5.43e-06
4.483e-06,3.81e-06,5.24e-06,4.44e-06,5.24e-06
4.418e-06,3.26e-06,5.86e-06,4.275e-06,5.86e-06
4.237e-06,3.4e-06,4.96e-06,4.295e-06,4.96e-06
4.285e-06,3.09e-06,5.85e-06,4.1e-06,5.85e-06
4.183e-06,3.14e-06,5.06e-06,4.265e-06,5.06e-06
4.278e-06,3.23e-06,5.54e-06,4.17e-06,5.54e-06
4.328e-06,3.281e-06,5.7e-06,4.165e-06,5.7e-06
4.52e-06,3.66e-06,5.57e-06,4.425e-06,5.57e-06
4.195e-06,3.22e-06,4.78e-06,4.39e-06,4.78e-06
4.37e-06,3.23e-06,5.39e-06,4.43e-06,5.39e-06
4.3e-06,3.42e-06,4.97e-06,4.405e-06,4.97e-06
4.38e-06,3.56e-06,5.51e-06,4.225e-06,5.51e-06
4.325e-06,3.56e-06,4.911e-06,4.415e-06,4.911e-06
4.17e-06,3.18e-06,5.44e-06,4.03e-06,5.44e-06
4.318e-06,3.29e-06,5.08e-06,4.45e-06,5.08e-06
4.472e-06,3.39e-06,5.45e-06,4.525e-06,5.45e-06
4.39e-06,3.76e-06,4.79e-06,4.505e-06,4.79e-06
4.38e-06,3.23e-06,5.96e-06,4.165e-06,5.96e-06
4.208e-06,3.25e-06,4.76e-06,4.41e-06,4.76e-06
4.26e-06,3.27e-06,5.56e-06,4.105e-06,5.56e-06
4.217e-06,3.2e-06,5.07e-06,4.3e-06,5.07e-06
4.458e-06,3.17e-06,5.6e-06,4.53e-06,5.6e-06
4.48e-06,3.25e-06,5.3e-06,4.685e-06,5.3e-06
4.318e-06,3.19e-06,5.841e-06,4.12e-06,5.841e-06
4.285e-06,3.45e-06,5.02e-06,4.335e-06,5.02e-06
4.308e-06,3.22e-06,5.46e-06,4.275e-06,5.46e-06
4.292e-06,3.23e-06,4.95e-06,4.495e-06,4.95e-06
4.465e-06,3.46e-06,5.59e-06,4.405e-06,5.59e-06
4.14e-06,3.44e-06,4.74e-06,4.19e-06,4.74e-06
4.335e-06,3.61e-06,5.55e-06,4.09e-06,5.55e-06
4.26e-06,3.4e-06,4.77e-06,4.435e-06,4.77e-06
4.245e-06,3.2e-06,5.49e-06,4.145e-06,5.49e-06
4.322e-06,3.72e-06,4.89e-06,4.34e-06,4.89e-06
4.61e-06,3.53e-06,6.3e-06,4.305e-06,6.3e-06
4.198e-06,3.19e-06,4.951e-06,4.325e-06,4.951e-06
4.138e-06,3.08e-06,5.59e-06,3.941e-06,5.59e-06
4.305e-06,3.32e-06,5.03e-06,4.435e-06,5.03e-06
4.473e-06,3.59e-06,5.77e-06,4.265e-06,5.77e-06
4.37e-06,3.82e-06,4.88e-06,4.39e-06,4.88e-06
4.2e-06,3.15e-06,5.55e-06,4.05e-06,5.55e-06
4.21e-06,3.24e-06,5.02e-06,4.29e-06,5.02e-06
4.415e-06,3.38e-06,5.65e-06,4.315e-06,5.65e-06
4.275e-06,3.48e-06,5.1e-06,4.26e-06,5.1e-06
4.508e-06,3.65e-06,5.68e-06,4.35e-06,5.68e-06
4.35e-06,3.52e-06,4.87e-06,4.505e-06,4.87e-06
4.228e-06,3.54e-06,5.31e-06,4.03e-06,5.31e-06
4.325e-06,3.22e-06,4.96e-06,4.56e-06,4.96e-06
4.277e-06,3.2e-06,5.6e-06,4.155e-06,5.6e-06
4.32e-06,3.26e-06,5.28e-06,4.37e-06,5.28e-06
4.173e-06,3.38e-06,4.95e-06,4.18e-06,4.95e-06
4.24e-06,3.39e-06,4.92e-06,4.325e-06,4.92e-06
4.363e-06,3.21e-06,5.34e-06,4.45e-06,5.34e-06
4.283e-06,3.37e-06,5.18e-06,4.29e-06,5.18e-06
4.58e-06,3.48e-06,5.86e-06,4.49e-06,5.86e-06
4.268e-06,3.39e-06,4.92e-06,4.38e-06,4.92e-06
4.408e-06,3.361e-06,5.44e-06,4.415e-06,5.44e-06
4.12e-06,3.28e-06,4.81e-06,4.195e-06,4.81e-06
4.333e-06,3.25e-06,5.851e-06,4.115e-06,5.851e-06
4.242e-06,3.57e-06,4.93e-06,4.235e-06,4.93e-06
4.352e-06,3.42e-06,5.51e-06,4.24e-06,5.51e-06
4.375e-06,3.49e-06,4.94e-06,4.535e-06,4.94e-06
4.345e-06,3.23e-06,5.37e-06,4.39e-06,5.37e-06
4.225e-06,3.43e-06,5.03e-06,4.22e-06,5.03e-06
4.212e-06,3.07e-06,5.27e-06,4.255e-06,5.27e-06
4.23e-06,3.2e-06,4.89e-06,4.415e-06,4.89e-06
4.418e-06,3.42e-06,5.89e-06,4.18e-06,5.89e-06
4.432e-06,3.86e-06,5.09e-06,4.39e-06,5.09e-06
4.272e-06,2.99e-06,5.81e-06,4.145e-06,5.81e-06
4.365e-06,3.39e-06,5.331e-06,4.37e-06,5.331e-06
4.285e-06,3.25e-06,5.3e-06,4.295e-06,5.3e-06
4.13e-06,3.18e-06,4.86e-06,4.24e-06,4.86e-06
4.282e-06,3.02e-06,5.79e-06,4.16e-06,5.79e-06
4.22e-06,2.83e-06,5.15e-06,4.45e-06,5.15e-06
4.258e-06,2.81e-06,6.05e-06,4.085e-06,6.05e-06
4.373e-06,3.37e-06,4.93e-06,4.595e-06,4.93e-06
4.435e-06,3.34e-06,5.64e-06,4.38e-06,5.64e-06
4.39e-06,3.62e-06,5.08e-06,4.43e-06,5.08e-06
4.25e-06,3.27e-06,5.4e-06,4.165e-06,5.4e-06
4.272e-06,3.73e-06,4.85e-06,4.255e-06,4.85e-06
4.16e-06,3.29e-06,5.251e-06,4.05e-06,5.251e-06
4.305e-06,3.24e-06,5.27e-06,4.355e-06,5.27e-06
4.508e-06,3.48e-06,5.77e-06,4.39e-06,5.77e-06
4.262e-06,3.34e-06,5.09e-06,4.31e-06,5.09e-06
4.327e-06,3.36e-06,5.74e-06,4.105e-06,5.74e-06
4.347e-06,3.2e-06,5.5e-06,4.345e-06,5.5e-06
4.273e-06,3.35e-06,5.63e-06,4.055e-06,5.63e-06
4.397e-06,3.27e-06,5.34e-06,4.49e-06,5.34e-06
4.38e-06,3.52e-06,5.42e-06,4.29e-06,5.42e-06
4.25e-06,3.62e-06,4.87e-06,4.255e-06,4.87e-06
4.382e-06,3.28e-06,5.8e-06,4.225e-06,5.8e-06
4.425e-06,3.11e-06,5.211e-06,4.69e-06,5.211e-06
4.387e-06,3.51e-06,5.46e-06,4.29e-06,5.46e-06
4.16e-06,2.96e-06,4.95e-06,4.365e-06,4.95e-06
4.21e-06,3.46e-06,5.55e-06,3.915e-06,5.55e-06
4.46e-06,3.56e-06,5.35e-06,4.465e-06,5.35e-06
4.298e-06,3.22e-06,5.64e-06,4.165e-06,5.64e-06
4.415e-06,2.98e-06,5.72e-06,4.48e-06,5.72e-06
4.29e-06,3.21e-06,5.5e-06,4.225e-06,5.5e-06
4.38e-06,3.27e-06,4.94e-06,4.655e-06,4.92e-06
4.35e-06,3.24e-06,5.47e-06,4.345e-06,5.47e-06
4.525e-06,3.71e-06,5.54e-06,4.425e-06,5.54e-06
4.308e-06,3.23e-06,5.471e-06,4.265e-06,5.471e-06
4.39e-06,3.87e-06,5.03e-06,4.33e-06,5.03e-06
4.333e-06,3.21e-06,5.64e-06,4.241e-06,5.64e-06
4.362e-06,3.53e-06,5.26e-06,4.33e-06,5.26e-06
4.312e-06,3.17e-06,5.37e-06,4.355e-06,5.37e-06
3.907e-06,2.92e-06,4.76e-06,3.975e-06,4.76e-06
4.44e-06,3.63e-06,5.42e-06,4.355e-06,5.42e-06
4.247e-06,3.26e-06,4.91e-06,4.41e-06,4.91e-06
4.172e-06,3.21e-06,5.28e-06,4.1e-06,5.28e-06
4.412e-06,3.64e-06,4.92e-06,4.545e-06,4.92e-06
4.452e-06,3.33e-06,6.26e-06,4.11e-06,6.26e-06
4.327e-06,3.26e-06,5.22e-06,4.415e-06,5.22e-06
4.072e-06,3.4e-06,5.07e-06,3.91e-06,5.07e-06
4.502e-06,3.25e-06,4.99e-06,4.885e-06,4.89e-06
4.263e-06,3.26e-06,5.56e-06,4.115e-06,5.56e-06
4.328e-06,3.51e-06,4.99e-06,4.405e-06,4.99e-06
4.245e-06,3.18e-06,5.34e-06,4.23e-06,5.34e-06
4.335e-06,3.23e-06,5.09e-06,4.51e-06,5.09e-06
4.363e-06,3.28e-06,5.73e-06,4.22e-06,5.73e-06
4.268e-06,3.22e-06,5.02e-06,4.415e-06,5.02e-06
4.33e-06,3.37e-06,5.76e-06,4.095e-06,5.76e-06
4.277e-06,3.09e-06,5.27e-06,4.375e-06,5.27e-06
4.392e-06,3.13e-06,5.79e-06,4.325e-06,5.79e-06
4.363e-06,3.68e-06,4.98e-06,4.395e-06,4.98e-06
4.29e-06,3.25e-06,5.7e-06,4.105e-06,5.7e-06
4.44e-06,3.49e-06,5.16e-06,4.555e-06,5.16e-06
4.285e-06,3.29e-06,5.64e-06,4.105e-06,5.64e-06
4.335e-06,3.231e-06,5.09e-06,4.51e-06,5.09e-06
4.507e-06,3.68e-06,5.82e-06,4.265e-06,5.82e-06
4.365e-06,3.33e-06,4.92e-06,4.605e-06,4.92e-06
4.3e-06,3.33e-06,5.62e-06,4.125e-06,5.62e-06
4.255e-06,2.91e-06,5.15e-06,4.48e-06,5.15e-06
4.288e-06,3.24e-06,5.42e-06,4.245e-06,5.42e-06
4.385e-06,3.57e-06,5.11e-06,4.43e-06,4.94e-06
4.56e-06,3.43e-06,5.86e-06,4.475e-06,5.86e-06
4.368e-06,3.97e-06,4.97e-06,4.265e-06,4.97e-06
4.728e-06,3.61e-06,5.96e-06,4.67e-06,5.96e-06
4.19e-06,3.38e-06,4.89e-06,4.245e-06,4.89e-06
4.213e-06,3.31e-06,5.35e-06,4.095e-06,5.35e-06
4.528e-06,3.8e-06,5.19e-06,4.56e-06,5.19e-06
4.445e-06,3.58e-06,5.81e-06,4.195e-06,5.81e-06
4.392e-06,3.45e-06,4.95e-06,4.585e-06,4.95e-06
4.305e-06,3.24e-06,5.3e-06,4.34e-06,5.3e-06
4.293e-06,3.25e-06,4.93e-06,4.495e-06,4.93e-06
4.513e-06,3.34e-06,5.94e-06,4.385e-06,5.94e-06
4.32e-06,3.61e-06,4.941e-06,4.365e-06,4.941e-06
4.29e-06,3.46e-06,5.55e-06,4.075e-06,5.55e-06
4.173e-06,3.38e-06,4.91e-06,4.2e-06,4.91e-06
4.455e-06,3.09e-06,6.27e-06,4.23e-06,6.27e-06
4.258e-06,3.25e-06,4.94e-06,4.42e-06,4.94e-06
4.4e-06,3.14e-06,5.96e-06,4.25e-06,5.96e-06
4.303e-06,3.231e-06,5.12e-06,4.43e-06,5.05e-06
4.33e-06,3.25e-06,5.84e-06,4.115e-06,5.84e-06
4.52e-06,3.87e-06,5.39e-06,4.411e-06,5.39e-06
4.498e-06,3.22e-06,5.79e-06,4.49e-06,5.79e-06
4.072e-06,3.02e-06,5e-06,4.135e-06,5e-06
4.168e-06,3.18e-06,5.391e-06,4.05e-06,5.391e-06
4.395e-06,3.61e-06,4.92e-06,4.525e-06,4.92e-06
4.34e-06,3.62e-06,5.58e-06,4.08e-06,5.58e-06
4.293e-06,3.22e-06,5.02e-06,4.465e-06,5.02e-06
4.545e-06,3.81e-06,5.9e-06,4.235e-06,5.9e-06
4.29e-06,3.28e-06,4.89e-06,4.495e-06,4.89e-06
4.27e-06,3.37e-06,5.38e-06,4.165e-06,5.38e-06
4.305e-06,3.21e-06,4.93e-06,4.54e-06,4.93e-06
4.31e-06,3.32e-06,5.31e-06,4.305e-06,5.31e-06
4.41e-06,3.61e-06,4.95e-06,4.54e-06,4.95e-06
4.295e-06,3.43e-06,5.6e-06,4.075e-06,5.6e-06
4.228e-06,3.32e-06,4.901e-06,4.345e-06,4.901e-06
4.485e-06,3.62e-06,5.67e-06,4.325e-06,5.67e-06
4.18e-06,3.22e-06,4.99e-06,4.255e-06,4.99e-06
4.443e-06,3.75e-06,6.07e-06,3.975e-06,6.07e-06
4.188e-06,3.09e-06,5.061e-06,4.3e-06,5.061e-06
4.208e-06,3.1e-06,5.42e-06,4.155e-06,5.42e-06
4.235e-06,3.31e-06,5.15e-06,4.24e-06,5.15e-06
4.5e-06,3.44e-06,5.67e-06,4.445e-06,5.67e-06
4.255e-06,3.26e-06,5.31e-06,4.225e-06,5.31e-06
4.28e-06,3.08e-06,5.8e-06,4.12e-06,5.8e-06
4.295e-06,3.19e-06,4.93e-06,4.53e-06,4.86e-06
4.225e-06,3.23e-06,5.35e-06,4.16e-06,5.35e-06
4.302e-06,3.54e-06,5.07e-06,4.3e-06,5.07e-06
4.43e-06,3.41e-06,5.64e-06,4.335e-06,5.64e-06
4.267e-06,3.44e-06,5.27e-06,4.18e-06,5.27e-06
4.258e-06,3.44e-06,5.611e-06,3.99e-06,5.611e-06
4.282e-06,3.25e-06,5.05e-06,4.415e-06,5.05e-06
4.27e-06,3.34e-06,5.5e-06,4.12e-06,5.5e-06
4.15e-06,2.99e-06,5.1e-06,4.255e-06,5.1e-06
4.54e-06,3.46e-06,5.6e-06,4.55e-06,5.6e-06
4.3e-06,3.54e-06,5.2e-06,4.23e-06,5.2e-06
4.145e-06,3.16e-06,5.27e-06,4.075e-06,5.27e-06
4.41e-06,3.48e-06,5e-06,4.581e-06,4.9e-06
4.155e-06,2.97e-06,5.54e-06,4.055e-06,5.54e-06
4.165e-06,3.08e-06,5.15e-06,4.215e-06,5.15e-06
4.298e-06,3.53e-06,5.46e-06,4.1e-06,5.46e-06
4.32e-06,3.2e-06,4.93e-06,4.575e-06,4.92e-06
4.355e-06,3.43e-06,5.5e-06,4.245e-06,5.5e-06
4.203e-06,3.45e-06,5.3e-06,4.03e-06,5.3e-06
4.465e-06,3.41e-06,6.19e-06,4.13e-06,6.19e-06
4.245e-06,3.54e-06,4.85e-06,4.295e-06,4.85e-06
4.345e-06,3.58e-06,5.38e-06,4.21e-06,5.38e-06
4.258e-06,3.34e-06,4.98e-06,4.355e-06,4.98e-06
4.455e-06,3.34e-06,5.39e-06,4.545e-06,5.39e-06
4.372e-06,3.34e-06,5.1e-06,4.525e-06,5.1e-06
4.27e-06,3.15e-06,5.75e-06,4.09e-06,5.75e-06
4.24e-06,3.43e-06,5.1e-06,4.215e-06,5.1e-06
4.305e-06,3.32e-06,5.71e-06,4.095e-06,5.71e-06
4.308e-06,3.22e-06,4.84e-06,4.585e-06,4.84e-06
4.4e-06,3.4e-06,5.5e-06,4.351e-06,5.5e-06
4.23e-06,3.17e-06,4.79e-06,4.48e-06,4.79e-06
4.285e-06,3.41e-06,5.59e-06,4.071e-06,5.59e-06
3.993e-06,2.85e-06,4.89e-06,4.115e-06,4.89e-06
4.165e-06,3.18e-06,5.41e-06,4.035e-06,5.41e-06
4.355e-06,3.32e-06,5.04e-06,4.53e-06,5.04e-06
4.42e-06,3.22e-06,6.1e-06,4.18e-06,6.1e-06
4.315e-06,3.86e-06,4.83e-06,4.285e-06,4.83e-06
4.455e-06,3.27e-06,5.84e-06,4.355e-06,5.84e-06
4.335e-06,3.83e-06,5.05e-06,4.23e-06,5.05e-06
4.105e-06,2.99e-06,5.421e-06,4.005e-06,5.421e-06
4.207e-06,3.31e-06,4.84e-06,4.34e-06,4.84e-06
4.28e-06,3.53e-06,5.49e-06,4.05e-06,5.49e-06
4.308e-06,3.14e-06,5.01e-06,4.54e-06,5.01e-06
4.337e-06,3.44e-06,5.2e-06,4.355e-06,5.2e-06
4.565e-06,3.63e-06,5.25e-06,4.69e-06,5.25e-06
4.435e-06,3.32e-06,6.02e-06,4.2e-06,6.02e-06
4.285e-06,3.15e-06,5.11e-06,4.44e-06,5.11e-06
4.353e-06,3.11e-06,5.74e-06,4.28e-06,5.74e-06
4.285e-06,3.4e-06,4.85e-06,4.445e-06,4.85e-06
4.327e-06,3.13e-06,5.58e-06,4.3e-06,5.58e-06
4.358e-06,3.34e-06,4.961e-06,4.565e-06,4.961e-06
4.35e-06,3.46e-06,5.69e-06,4.125e-06,5.69e-06
4.32e-06,3.32e-06,5.05e-06,4.455e-06,5.05e-06
4.168e-06,2.88e-06,5.57e-06,4.11e-06,5.57e-06
4.315e-06,3.33e-06,4.95e-06,4.49e-06,4.95e-06
4.44e-06,3.64e-06,5.57e-06,4.275e-06,5.57e-06
4.273e-06,3.44e-06,5.17e-06,4.24e-06,5.17e-06
4.25e-06,3.46e-06,5.37e-06,4.085e-06,5.37e-06
4.235e-06,3.12e-06,5.18e-06,4.32e-06,5.18e-06
4.497e-06,3.26e-06,6.05e-06,4.34e-06,6.05e-06
4.265e-06,3.46e-06,4.96e-06,4.32e-06,4.96e-06
4.373e-06,3.5e-06,5.161e-06,4.415e-06,5.161e-06
4.395e-06,3.481e-06,5.53e-06,4.285e-06,5.53e-06
4.195e-06,3.14e-06,5.46e-06,4.09e-06,5.46e-06
4.23e-06,3.18e-06,5.27e-06,4.235e-06,5.27e-06
4.407e-06,3.62e-06,5.72e-06,4.145e-06,5.72e-06
4.2e-06,3.21e-06,4.97e-06,4.31e-06,4.97e-06
4.243e-06,3.22e-06,5.36e-06,4.195e-06,5.36e-06
4.11e-06,3.39e-06,4.75e-06,4.151e-06,4.75e-06
4.372e-06,3.43e-06,5.55e-06,4.255e-06,5.55e-06
4.335e-06,3.88e-06,5.02e-06,4.22e-06,5.02e-06
4.463e-06,3.01e-06,6.03e-06,4.405e-06,6.03e-06
4.485e-06,3.51e-06,5.401e-06,4.515e-06,5.401e-06
4.21e-06,3.2e-06,5.61e-06,4.015e-06,5.61e-06
4.228e-06,3.19e-06,4.95e-06,4.386e-06,4.95e-06
4.107e-06,3.14e-06,5.39e-06,3.95e-06,5.39e-06
4.308e-06,3.65e-06,4.82e-06,4.38e-06,4.82e-06
4.378e-06,3.52e-06,5.5e-06,4.245e-06,5.5e-06
4.367e-06,3.67e-06,4.9e-06,4.45e-06,4.9e-06
4.127e-06,3.08e-06,5.42e-06,4.005e-06,5.42e-06
4.268e-06,3.19e-06,4.96e-06,4.46e-06,4.96e-06
4.39e-06,3.57e-06,5.61e-06,4.19e-06,5.61e-06
4.1e-06,3.04e-06,5.07e-06,4.145e-06,5.07e-06
4.51e-06,3.81e-06,5.861e-06,4.185e-06,5.861e-06
4.175e-06,2.83e-06,5.16e-06,4.355e-06,5.16e-06
4.425e-06,3.3e-06,5.74e-06,4.33e-06,5.74e-06
4.215e-06,3.39e-06,4.92e-06,4.275e-06,4.92e-06
4.463e-06,3.71e-06,5.79e-06,4.175e-06,5.79e-06
4.39e-06,3.28e-06,5.19e-06,4.545e-06,5.19e-06
4.372e-06,3.63e-06,5.99e-06,3.935e-06,5.99e-06
4.125e-06,3.15e-06,4.96e-06,4.195e-06,4.96e-06
4.525e-06,3.29e-06,5.64e-06,4.585e-06,5.64e-06
4.263e-06,3.46e-06,4.93e-06,4.33e-06,4.93e-06
4.308e-06,3.3e-06,5.56e-06,4.185e-06,5.56e-06
4.185e-06,3.41e-06,4.89e-06,4.22e-06,4.89e-06
4.508e-06,3.26e-06,6.21e-06,4.28e-06,6.21e-06
3.988e-06,3.01e-06,4.87e-06,4.035e-06,4.87e-06
4.44e-06,3.37e-06,5.54e-06,4.425e-06,5.54e-06
4.45e-06,3.36e-06,5.15e-06,4.645e-06,5.15e-06
4.277e-06,2.92e-06,5.54e-06,4.325e-06,5.54e-06
4.508e-06,3.45e-06,5.49e-06,4.545e-06,5.49e-06
4.388e-06,3.45e-06,5.95e-06,4.075e-06,5.95e-06
4.133e-06,3.25e-06,4.9e-06,4.19e-06,4.9e-06
5.048e-06,3.02e-06,8.63e-06,4.27e-06,8.63e-06
4.368e-06,3.3e-06,4.97e-06,4.6e-06,4.97e-06
4.24e-06,3.15e-06,5.391e-06,4.21e-06,5.391e-06
4.17e-06,3.15e-06,4.94e-06,4.295e-06,4.94e-06
4.177e-06,3.14e-06,5.31e-06,4.13e-06,5.31e-06
4.343e-06,3.47e-06,5.2e-06,4.35e-06,5.2e-06
4.49e-06,3.34e-06,5.46e-06,4.58e-06,5.46e-06
4.415e-06,3.201e-06,5.18e-06,4.64e-06,5.18e-06
4.423e-06,4.06e-06,5.36e-06,4.135e-06,5.36e-06
4.285e-06,3.2e-06,5.42e-06,4.26e-06,5.42e-06
4.253e-06,2.99e-06,5.81e-06,4.105e-06,5.81e-06
4.618e-06,3.38e-06,5.88e-06,4.605e-06,5.35e-06
4.18e-06,3.19e-06,5.44e-06,4.045e-06,5.44e-06
4.305e-06,3.31e-06,4.991e-06,4.46e-06,4.991e-06
4.145e-06,3.27e-06,5.58e-06,3.865e-06,5.58e-06
4.25e-06,2.98e-06,5.14e-06,4.44e-06,4.9e-06
4.263e-06,3.22e-06,5.62e-06,4.105e-06,5.62e-06
4.252e-06,3.29e-06,5.28e-06,4.22e-06,5.28e-06
4.35e-06,3.23e-06,5.73e-06,4.22e-06,5.73e-06
4.223e-06,3.11e-06,5.07e-06,4.355e-06,5.07e-06
4.418e-06,3.17e-06,5.53e-06,4.485e-06,5.53e-06
4.277e-06,3.47e-06,4.81e-06,4.415e-06,4.81e-06
4.263e-06,2.81e-06,5.64e-06,4.3e-06,5.64e-06
4.37e-06,3.43e-06,5.12e-06,4.465e-06,5.12e-06
4.445e-06,3.31e-06,6.121e-06,4.175e-06,6.121e-06
4.232e-06,3.25e-06,4.99e-06,4.345e-06,4.99e-06
4.612e-06,3.34e-06,5.92e-06,4.595e-06,5.92e-06
4.323e-06,3.43e-06,4.99e-06,4.435e-06,4.99e-06
4.447e-06,3.61e-06,5.39e-06,4.395e-06,5.39e-06
4.205e-06,3.12e-06,5.4e-06,4.15e-06,5.4e-06
4.228e-06,3.17e-06,5.52e-06,4.11e-06,5.52e-06
4.433e-06,3.171e-06,5.44e-06,4.56e-06,5.44e-06
4.46e-06,3.42e-06,5.41e-06,4.505e-06,5.41e-06
4.388e-06,3.56e-06,5e-06,4.495e-06,5e-06
4.462e-06,3.38e-06,6.08e-06,4.195e-06,6.08e-06
4.16e-06,3.17e-06,4.871e-06,4.3e-06,4.871e-06
4.033e-06,3.04e-06,5.27e-06,3.91e-06,5.27e-06
4.39e-06,3.15e-06,5.2e-06,4.605e-06,5.2e-06
4.162e-06,3.21e-06,5.37e-06,4.035e-06,5.37e-06
4.377e-06,3.53e-06,4.98e-06,4.5e-06,4.98e-06
4.237e-06,3.13e-06,5.48e-06,4.17e-06,5.48e-06
4.333e-06,3.89e-06,4.96e-06,4.24e-06,4.96e-06
4.46e-06,3.23e-06,5.62e-06,4.495e-06,5.62e-06
4.192e-06,3.08e-06,4.91e-06,4.39e-06,4.91e-06
4.425e-06,3.58e-06,5.71e-06,4.205e-06,5.71e-06
4.265e-06,3.45e-06,4.93e-06,4.34e-06,4.93e-06
4.173e-06,3.22e-06,5.401e-06,4.035e-06,5.401e-06
4.163e-06,3.05e-06,4.83e-06,4.385e-06,4.83e-06
4.553e-06,3.51e-06,5.47e-06,4.615e-06,5.47e-06
4.288e-06,3.34e-06,5.15e-06,4.33e-06,5.15e-06
4.253e-06,3.64e-06,5.39e-06,3.99e-06,5.39e-06
4.205e-06,3.22e-06,5.16e-06,4.22e-06,5.16e-06
4.305e-06,3.18e-06,5.92e-06,4.06e-06,5.92e-06
4.34e-06,3.23e-06,5.05e-06,4.54e-06,5.05e-06
4.49e-06,3.53e-06,5.67e-06,4.38e-06,5.67e-06
4.4e-06,3.53e-06,4.98e-06,4.545e-06,4.98e-06
4.298e-06,3.22e-06,5.71e-06,4.13e-06,5.71e-06
4.085e-06,3.03e-06,5.06e-06,4.126e-06,5.06e-06
4.432e-06,3.79e-06,5.68e-06,4.13e-06,5.68e-06
4.262e-06,3.52e-06,4.93e-06,4.3e-06,4.93e-06
4.325e-06,3.35e-06,5.45e-06,4.25e-06,5.45e-06
4.172e-06,3.24e-06,5.04e-06,4.205e-06,5.04e-06
4.317e-06,3.16e-06,5.42e-06,4.345e-06,5.42e-06
4.243e-06,3.38e-06,4.82e-06,4.385e-06,4.82e-06
4.185e-06,3.07e-06,5.53e-06,4.07e-06,5.53e-06
4.32e-06,3.15e-06,4.91e-06,4.61e-06,4.91e-06
4.255e-06,3.23e-06,5.7e-06,4.045e-06,5.7e-06
4.265e-06,3.37e-06,4.95e-06,4.37e-06,4.95e-06
4.22e-06,3.07e-06,5.23e-06,4.29e-06,5.23e-06
4.253e-06,3.28e-06,5.331e-06,4.2e-06,5.331e-06
4.298e-06,3.12e-06,5.61e-06,4.23e-06,5.61e-06
4.235e-06,3.4e-06,4.98e-06,4.28e-06,4.98e-06
4.43e-06,3.74e-06,5.3e-06,4.34e-06,5.3e-06
4.277e-06,3.51e-06,4.89e-06,4.355e-06,4.89e-06
4.433e-06,3.19e-06,5.83e-06,4.355e-06,5.83e-06
4.298e-06,3.32e-06,4.87e-06,4.5e-06,4.87e-06
4.368e-06,3.3e-06,5.94e-06,4.116e-06,5.94e-06
4.195e-06,3.15e-06,5.04e-06,4.295e-06,4.91e-06
4.165e-06,3.07e-06,5.49e-06,4.05e-06,5.49e-06
4.158e-06,3.02e-06,5e-06,4.305e-06,5e-06
4.595e-06,3.46e-06,5.841e-06,4.54e-06,5.841e-06
4.208e-06,3.58e-06,4.91e-06,4.17e-06,4.91e-06
4.088e-06,3.18e-06,5.41e-06,3.88e-06,5.41e-06
4.265e-06,3.03e-06,5.25e-06,4.39e-06,5.25e-06
4.125e-06,3.27e-06,5.44e-06,3.895e-06,5.44e-06
4.207e-06,3.21e-06,4.93e-06,4.345e-06,4.93e-06
4.323e-06,3.16e-06,5.32e-06,4.405e-06,5.32e-06
4.293e-06,3.41e-06,5.21e-06,4.275e-06,5.21e-06
4.43e-06,3.59e-06,5.51e-06,4.31e-06,5.51e-06
4.278e-06,3.21e-06,5.4e-06,4.25e-06,5.4e-06
4.288e-06,3.14e-06,5.7e-06,4.155e-06,5.7e-06
4.268e-06,3.37e-06,4.861e-06,4.42e-06,4.861e-06
4.263e-06,3.06e-06,5.46e-06,4.265e-06,5.46e-06
4.06e-06,3.12e-06,4.91e-06,4.105e-06,4.91e-06
4.145e-06,3.16e-06,5.32e-06,4.05e-06,5.32e-06
4.14e-06,3.02e-06,5.07e-06,4.235e-06,5.07e-06
4.417e-06,3.4e-06,5.42e-06,4.425e-06,5.42e-06
4.325e-06,3.39e-06,4.89e-06,4.51e-06,4.89e-06
4.28e-06,3.49e-06,5.36e-06,4.135e-06,5.36e-06
4.402e-06,3.17e-06,5.03e-06,4.705e-06,5.03e-06
4.272e-06,3.16e-06,5.62e-06,4.155e-06,5.62e-06
4.253e-06,3.02e-06,5.33e-06,4.33e-06,5.33e-06
4.39e-06,3.42e-06,5.52e-06,4.31e-06,5.52e-06
4.207e-06,3.41e-06,4.89e-06,4.265e-06,4.89e-06
4.25e-06,3.23e-06,5.32e-06,4.225e-06,5.32e-06
4.205e-06,3.4e-06,4.93e-06,4.245e-06,4.93e-06
4.285e-06,3.03e-06,5.73e-06,4.19e-06,5.73e-06
4.288e-06,3.12e-06,5.36e-06,4.335e-06,5.36e-06
4.24e-06,3.14e-06,5.32e-06,4.25e-06,5.32e-06
4.12e-06,3.05e-06,4.88e-06,4.275e-06,4.88e-06
4.28e-06,3.23e-06,5.45e-06,4.22e-06,5.45e-06
4.155e-06,3.1e-06,5.28e-06,4.12e-06,5.28e-06
4.408e-06,3.54e-06,5.61e-06,4.24e-06,5.61e-06
4.135e-06,3.07e-06,4.92e-06,4.276e-06,4.92e-06
4.258e-06,3.25e-06,5.731e-06,4.025e-06,5.731e-06
4.23e-06,3.51e-06,4.99e-06,4.21e-06,4.99e-06
4.25e-06,2.76e-06,5.78e-06,4.23e-06,5.78e-06
4.285e-06,3.31e-06,4.9e-06,4.465e-06,4.9e-06
4.615e-06,3.29e-06,5.89e-06,4.64e-06,5.89e-06
4.242e-06,3.44e-06,4.98e-06,4.275e-06,4.98e-06
4.318e-06,3.2e-06,5.78e-06,4.145e-06,5.78e-06
4.058e-06,3e-06,4.94e-06,4.145e-06,4.94e-06
4.21e-06,2.67e-06,5.73e-06,4.22e-06,5.73e-06
4.338e-06,3.59e-06,4.95e-06,4.405e-06,4.95e-06
4.308e-06,3.27e-06,5.62e-06,4.17e-06,5.62e-06
4.183e-06,3.23e-06,4.861e-06,4.32e-06,4.861e-06
4.233e-06,3.3e-06,5.46e-06,4.085e-06,5.46e-06
4.255e-06,3.04e-06,5.42e-06,4.28e-06,5.42e-06
4.48e-06,3.14e-06,5.51e-06,4.635e-06,5.51e-06
4.495e-06,3.44e-06,5.03e-06,4.755e-06,5.03e-06
4.523e-06,3.25e-06,6.04e-06,4.4e-06,6.04e-06
4.437e-06,3.37e-06,5.09e-06,4.645e-06,5.09e-06
4.26e-06,3.14e-06,5.26e-06,4.32e-06,5.26e-06
4.375e-06,3.51e-06,5.41e-06,4.29e-06,5.41e-06
4.483e-06,3.03e-06,6.02e-06,4.44e-06,6.02e-06
4.272e-06,3.02e-06,5.17e-06,4.45e-06,5.17e-06
4.343e-06,3.44e-06,5.471e-06,4.23e-06,5.471e-06
4.22e-06,3.44e-06,4.74e-06,4.35e-06,4.74e-06
4.518e-06,3.76e-06,5.74e-06,4.285e-06,5.74e-06
4.4e-06,2.8e-06,5.46e-06,4.67e-06,5.46e-06
4.24e-06,3.36e-06,5.69e-06,3.955e-06,5.69e-06
4.268e-06,3.21e-06,4.98e-06,4.44e-06,4.98e-06
4.092e-06,2.9e-06,5.42e-06,4.025e-06,5.42e-06
4.22e-06,3.14e-06,5.23e-06,4.255e-06,5.23e-06
4.268e-06,3.38e-06,5.33e-06,4.18e-06,5.33e-06
4.262e-06,3.22e-06,5.15e-06,4.34e-06,5.15e-06
4.29e-06,3.75e-06,5.34e-06,4.035e-06,5.34e-06
4.27e-06,2.99e-06,5.171e-06,4.46e-06,5.171e-06
4.325e-06,3.23e-06,5.54e-06,4.265e-06,5.54e-06
4.335e-06,3.2e-06,5.17e-06,4.485e-06,5.17e-06
4.145e-06,3.29e-06,5.38e-06,3.955e-06,5.38e-06
4.29e-06,3.59e-06,5.09e-06,4.24e-06,5.09e-06
4.133e-06,3.22e-06,5.37e-06,3.97e-06,5.37e-06
4.315e-06,3.211e-06,5e-06,4.525e-06,5e-06
4.46e-06,3.24e-06,5.43e-06,4.585e-06,5.43e-06
4.343e-06,3.84e-06,4.94e-06,4.295e-06,4.94e-06
4.267e-06,3.26e-06,5.31e-06,4.25e-06,5.31e-06
4.28e-06,3.43e-06,5.01e-06,4.34e-06,5.01e-06
4.218e-06,3.07e-06,5.421e-06,4.19e-06,5.421e-06
4.365e-06,3.12e-06,4.91e-06,4.715e-06,4.88e-06
4.647e-06,3.29e-06,5.97e-06,4.665e-06,5.97e-06
4.135e-06,3.16e-06,4.78e-06,4.3e-06,4.78e-06
4.143e-06,3.21e-06,5.4e-06,3.98e-06,5.4e-06
4.285e-06,3.32e-06,4.8e-06,4.51e-06,4.8e-06
4.115e-06,3.07e-06,5.15e-06,4.12e-06,5.15e-06
4.422e-06,3.24e-06,5.25e-06,4.6e-06,5.25e-06
4.54e-06,3.19e-06,5.62e-06,4.675e-06,5.62e-06
4.337e-06,3.45e-06,5.04e-06,4.43e-06,5.04e-06
4.185e-06,3.15e-06,5.29e-06,4.15e-06,5.29e-06
4.331e-06,3.16e-06,5.351e-06,4.406e-06,5.351e-06
4.492e-06,3.04e-06,6.21e-06,4.36e-06,6.21e-06
4.128e-06,2.62e-06,5.43e-06,4.23e-06,5.43e-06
4.285e-06,3.26e-06,5.23e-06,4.325e-06,5.23e-06
4.127e-06,3.04e-06,5.01e-06,4.23e-06,5.01e-06
4.265e-06,3.32e-06,5.23e-06,4.255e-06,5.23e-06
4.298e-06,3.42e-06,5.31e-06,4.23e-06,5.31e-06
4.327e-06,3.35e-06,5.53e-06,4.215e-06,5.53e-06
4.5e-06,3.371e-06,5.2e-06,4.715e-06,4.89e-06
4.302e-06,3.33e-06,6e-06,3.94e-06,6e-06
4.143e-06,3.27e-06,4.95e-06,4.175e-06,4.95e-06
4.357e-06,3.12e-06,5.74e-06,4.285e-06,5.74e-06
4.23e-06,3.37e-06,4.9e-06,4.325e-06,4.9e-06
4.518e-06,3.55e-06,5.49e-06,4.515e-06,5.49e-06
4.29e-06,3.2e-06,5.31e-06,4.325e-06,5.31e-06
4.365e-06,3.43e-06,5.59e-06,4.22e-06,5.59e-06
4.245e-06,3.75e-06,4.94e-06,4.145e-06,4.94e-06
4.448e-06,3.15e-06,5.4e-06,4.62e-06,5.4e-06
4.425e-06,3.47e-06,5.61e-06,4.31e-06,5.61e-06
4.36e-06,3.37e-06,5.56e-06,4.255e-06,5.56e-06
4.258e-06,3.24e-06,5.07e-06,4.36e-06,5.07e-06
4.425e-06,3.57e-06,5.78e-06,4.175e-06,5.78e-06
4.263e-06,3.51e-06,5.01e-06,4.265e-06,5.01e-06
4.228e-06,2.96e-06,5.501e-06,4.225e-06,5.501e-06
4.295e-06,3.56e-06,4.93e-06,4.345e-06,4.93e-06
4.223e-06,3.41e-06,5.3e-06,4.09e-06,5.3e-06
4.268e-06,3.32e-06,5.19e-06,4.28e-06,5.19e-06
4.415e-06,3.29e-06,5.66e-06,4.355e-06,5.66e-06
4.345e-06,3.41e-06,4.99e-06,4.49e-06,4.99e-06
4.533e-06,3.41e-06,5.84e-06,4.44e-06,5.84e-06
4.377e-06,3.27e-06,5.21e-06,4.515e-06,5.21e-06
4.3e-06,3.56e-06,5.39e-06,4.125e-06,5.39e-06
4.418e-06,4.09e-06,4.93e-06,4.325e-06,4.93e-06
4.58e-06,3.24e-06,6.31e-06,4.385e-06,6.31e-06
4.38e-06,3.43e-06,5.351e-06,4.37e-06,5.351e-06
4.185e-06,3.05e-06,5.66e-06,4.015e-06,5.66e-06
4.355e-06,3.38e-06,5.02e-06,4.51e-06,5.02e-06
4.225e-06,3.09e-06,5.74e-06,4.036e-06,5.74e-06
4.19e-06,3.21e-06,4.8e-06,4.375e-06,4.8e-06
4.39e-06,3.55e-06,5.29e-06,4.36e-06,5.29e-06
4.437e-06,4.1e-06,5.23e-06,4.21e-06,5.23e-06
4.205e-06,3.49e-06,5.3e-06,4.015e-06,5.3e-06
4.275e-06,3.35e-06,4.88e-06,4.435e-06,4.88e-06
7.673e-06,1.67e-06,1.037e-05,9.325e-06,9.81e-06
4.165e-06,3.21e-06,4.841e-06,4.305e-06,4.841e-06
4.548e-06,3.51e-06,5.37e-06,4.655e-06,5.37e-06
4.402e-06,3.58e-06,4.84e-06,4.595e-06,4.84e-06
4.242e-06,3.36e-06,5.43e-06,4.09e-06,5.43e-06
4.292e-06,3.23e-06,5.04e-06,4.45e-06,5.04e-06
4.485e-06,3.41e-06,5.92e-06,4.305e-06,5.92e-06
4.35e-06,3.21e-06,5.04e-06,4.575e-06,5.04e-06
4.302e-06,3.31e-06,5.48e-06,4.21e-06,5.48e-06
4.377e-06,3.18e-06,5.38e-06,4.475e-06,5.38e-06
4.335e-06,3.43e-06,5.4e-06,4.255e-06,5.4e-06
4.277e-06,3.35e-06,5.03e-06,4.365e-06,5.03e-06
4.533e-06,3.62e-06,5.741e-06,4.385e-06,5.741e-06
4.31e-06,3.681e-06,4.81e-06,4.375e-06,4.81e-06
4.275e-06,3.25e-06,5.44e-06,4.205e-06,5.44e-06
4.233e-06,3.17e-06,4.91e-06,4.425e-06,4.91e-06
4.15e-06,3.15e-06,5.09e-06,4.18e-06,5.09e-06
4.355e-06,3.67e-06,5.03e-06,4.36e-06,5.03e-06
4.468e-06,3.24e-06,5.8e-06,4.415e-06,5.8e-06
4.335e-06,3.3e-06,4.98e-06,4.53e-06,4.98e-06
4.363e-06,3.18e-06,5.88e-06,4.195e-06,5.88e-06
4.365e-06,3.62e-06,4.92e-06,4.46e-06,4.92e-06
4.37e-06,3.34e-06,5.73e-06,4.205e-06,5.73e-06
4.262e-06,3.41e-06,4.96e-06,4.34e-06,4.96e-06
4.33e-06,3.15e-06,5.83e-06,4.17e-06,5.83e-06
4.327e-06,3.43e-06,4.96e-06,4.46e-06,4.96e-06
4.475e-06,3.29e-06,5.33e-06,4.64e-06,5.33e-06
4.183e-06,3.19e-06,5.12e-06,4.21e-06,5.12e-06
4.435e-06,3.24e-06,5.73e-06,4.385e-06,5.73e-06
4.335e-06,3.19e-06,5.24e-06,4.455e-06,5.24e-06
4.398e-06,3.32e-06,5.85e-06,4.21e-06,5.85e-06
4.178e-06,3.25e-06,5.15e-06,4.155e-06,5.15e-06
4.43e-06,3.38e-06,5.54e-06,4.4e-06,5.54e-06
4.132e-06,3.18e-06,4.92e-06,4.215e-06,4.92e-06
4.38e-06,3.31e-06,5.771e-06,4.22e-06,5.771e-06
4.245e-06,3.24e-06,5.22e-06,4.26e-06,5.22e-06
4.29e-06,3.04e-06,5.95e-06,4.085e-06,5.95e-06
4.063e-06,2.981e-06,5.42e-06,3.925e-06,5.42e-06
4.365e-06,3.48e-06,5.46e-06,4.26e-06,5.46e-06
4.485e-06,3.47e-06,5.07e-06,4.7e-06,5.07e-06
4.292e-06,3.4e-06,5.47e-06,4.15e-06,5.47e-06
4.45e-06,4.03e-06,5.26e-06,4.255e-06,5.26e-06
4.185e-06,2.76e-06,5.83e-06,4.075e-06,5.83e-06
4.34e-06,3.43e-06,5.14e-06,4.395e-06,5.14e-06
4.227e-06,3.32e-06,5.55e-06,4.02e-06,5.55e-06
4.405e-06,3.3e-06,5.21e-06,4.555e-06,5.21e-06
4.205e-06,3e-06,5.75e-06,4.035e-06,5.75e-06
4.275e-06,3.34e-06,4.97e-06,4.395e-06,4.97e-06
4.273e-06,3.2e-06,5.35e-06,4.27e-06,5.35e-06
4.493e-06,3.34e-06,5.02e-06,4.805e-06,5.02e-06
4.54e-06,3.53e-06,5.82e-06,4.405e-06,5.82e-06
4.512e-06,3.77e-06,4.93e-06,4.675e-06,4.93e-06
4.27e-06,3.57e-06,5.25e-06,4.13e-06,5.25e-06
4.34e-06,3.33e-06,5.1e-06,4.465e-06,5.1e-06
4.272e-06,3.05e-06,5.75e-06,4.145e-06,5.75e-06
4.488e-06,3.22e-06,5.5e-06,4.615e-06,5.5e-06
4.343e-06,3.38e-06,5.58e-06,4.205e-06,5.58e-06
4.392e-06,3.56e-06,5.07e-06,4.47e-06,5.07e-06
4.253e-06,3.65e-06,5.57e-06,3.895e-06,5.57e-06
4.275e-06,3.4e-06,5.15e-06,4.275e-06,5.15e-06
4.265e-06,3.3e-06,5.43e-06,4.165e-06,5.43e-06
4.282e-06,2.82e-06,5.53e-06,4.39e-06,5.53e-06
4.403e-06,3.19e-06,5.74e-06,4.34e-06,5.74e-06
4.378e-06,3.39e-06,4.86e-06,4.63e-06,4.86e-06
4.495e-06,3.22e-06,5.82e-06,4.47e-06,5.82e-06
4.327e-06,3.49e-06,4.97e-06,4.425e-06,4.97e-06
4.272e-06,3.68e-06,5.47e-06,3.97e-06,5.47e-06
4.185e-06,3.24e-06,4.93e-06,4.285e-06,4.93e-06
4.428e-06,3.51e-06,5.4e-06,4.4e-06,5.4e-06
4.373e-06,3.61e-06,5.01e-06,4.435e-06,5.01e-06
4.407e-06,3.58e-06,5.45e-06,4.3e-06,5.45e-06
4.458e-06,3.63e-06,5.23e-06,4.485e-06,5.23e-06
4.348e-06,3.09e-06,5.95e-06,4.175e-06,5.95e-06
4.212e-06,3.23e-06,4.99e-06,4.315e-06,4.99e-06
4.273e-06,3.24e-06,5.37e-06,4.24e-06,5.37e-06
4.132e-06,3.25e-06,4.86e-06,4.21e-06,4.86e-06
4.363e-06,3.48e-06,5.34e-06,4.315e-06,5.34e-06
4.438e-06,2.9e-06,5.86e-06,4.495e-06,5.86e-06
4.185e-06,3.51e-06,5.161e-06,4.035e-06,5.161e-06
4.163e-06,2.96e-06,4.94e-06,4.375e-06,4.94e-06
4.308e-06,3.29e-06,5.35e-06,4.295e-06,5.35e-06
4.32e-06,3.75e-06,4.82e-06,4.355e-06,4.82e-06
4.387e-06,3.71e-06,5.41e-06,4.215e-06,5.41e-06
4.207e-06,3.16e-06,5.05e-06,4.31e-06,5.05e-06
4.37e-06,3.19e-06,5.39e-06,4.45e-06,5.39e-06
4.398e-06,3.451e-06,4.9e-06,4.621e-06,4.9e-06
4.517e-06,3.36e-06,5.62e-06,4.545e-06,5.62e-06
4.025e-06,3.05e-06,4.95e-06,4.05e-06,4.95e-06
4.327e-06,3.41e-06,5.56e-06,4.17e-06,5.56e-06
4.325e-06,3.35e-06,5.02e-06,4.465e-06,5.02e-06
4.402e-06,3.03e-06,6.26e-06,4.16e-06,6.26e-06
4.315e-06,3.4e-06,4.97e-06,4.445e-06,4.97e-06
4.382e-06,3.27e-06,5.59e-06,4.335e-06,5.59e-06
4.155e-06,3.19e-06,4.95e-06,4.24e-06,4.95e-06
4.13e-06,2.86e-06,5.4e-06,4.13e-06,5.4e-06
4.233e-06,3.71e-06,4.94e-06,4.14e-06,4.94e-06
4.31e-06,3.08e-06,5.5e-06,4.33e-06,5.5e-06
4.34e-06,3.36e-06,4.91e-06,4.545e-06,4.91e-06
4.405e-06,3.08e-06,5.44e-06,4.55e-06,5.44e-06
4.317e-06,3.02e-06,5.02e-06,4.615e-06,4.86e-06
4.193e-06,3.19e-06,5.511e-06,4.035e-06,5.511e-06
3.955e-06,2.86e-06,4.88e-06,4.04e-06,4.88e-06
4.418e-06,3.53e-06,5.94e-06,4.1e-06,5.94e-06
4.182e-06,3.18e-06,4.95e-06,4.3e-06,4.95e-06
4.353e-06,3.09e-06,5.41e-06,4.456e-06,5.41e-06
4.38e-06,3.35e-06,5.22e-06,4.475e-06,5.22e-06
4.345e-06,3.55e-06,5.47e-06,4.18e-06,5.47e-06
4.255e-06,3.16e-06,5.25e-06,4.305e-06,5.25e-06
4.153e-06,2.91e-06,5.67e-06,4.015e-06,5.67e-06
4.308e-06,3.261e-06,4.86e-06,4.555e-06,4.86e-06
4.378e-06,3.21e-06,5.46e-06,4.42e-06,5.46e-06
4.367e-06,3.63e-06,5.36e-06,4.24e-06,5.36e-06
4.378e-06,3.04e-06,5.75e-06,4.36e-06,5.75e-06
4.35e-06,3.83e-06,5.02e-06,4.275e-06,5.02e-06
4.355e-06,3.3e-06,5.52e-06,4.3e-06,5.52e-06
4.25e-06,3.4e-06,5.03e-06,4.285e-06,5.03e-06
4.242e-06,3.6e-06,5.28e-06,4.045e-06,5.28e-06
4.257e-06,3.48e-06,4.92e-06,4.315e-06,4.92e-06
4.357e-06,3.4e-06,5.67e-06,4.18e-06,5.67e-06
4.33e-06,3.27e-06,4.91e-06,4.57e-06,4.91e-06
4.353e-06,3.18e-06,5.67e-06,4.28e-06,5.67e-06
4.317e-06,3.53e-06,4.85e-06,4.445e-06,4.85e-06
4.155e-06,3.05e-06,5.83e-06,3.87e-06,5.83e-06
4.17e-06,3.27e-06,4.831e-06,4.29e-06,4.831e-06
4.51e-06,3.73e-06,5.53e-06,4.39e-06,5.53e-06
4.2e-06,3.43e-06,5.01e-06,4.18e-06,4.88e-06
4.297e-06,3.25e-06,5.42e-06,4.26e-06,5.42e-06
4.203e-06,3.28e-06,5.01e-06,4.26e-06,5.01e-06
4.437e-06,3.22e-06,5.56e-06,4.485e-06,5.56e-06
4.262e-06,3.18e-06,5.15e-06,4.36e-06,5.15e-06
4.437e-06,3.41e-06,5.84e-06,4.25e-06,5.84e-06
4.335e-06,3.36e-06,5.32e-06,4.33e-06,5.32e-06
4.39e-06,3.62e-06,5.75e-06,4.095e-06,5.75e-06
4.34e-06,3.33e-06,5.09e-06,4.47e-06,5.09e-06
4.218e-06,3.19e-06,5.511e-06,4.085e-06,5.511e-06
4.31e-06,3.59e-06,4.86e-06,4.395e-06,4.86e-06
4.27e-06,3.27e-06,5.38e-06,4.215e-06,5.38e-06
4.207e-06,3.19e-06,4.85e-06,4.395e-06,4.77e-06
4.33e-06,3.79e-06,5.41e-06,4.06e-06,5.41e-06
4.258e-06,3.13e-06,5.31e-06,4.295e-06,5.31e-06
4.515e-06,3.25e-06,5.68e-06,4.565e-06,5.68e-06
4.275e-06,2.94e-06,5.3e-06,4.43e-06,5.3e-06
4.352e-06,3.11e-06,5.93e-06,4.185e-06,5.93e-06
4.328e-06,3.64e-06,5.11e-06,4.28e-06,5.11e-06
4.183e-06,3.33e-06,5.08e-06,4.16e-06,5.08e-06
4.275e-06,3.27e-06,4.94e-06,4.445e-06,4.94e-06
4.343e-06,3.17e-06,5.28e-06,4.46e-06,5.28e-06
4.275e-06,3.05e-06,4.92e-06,4.565e-06,4.92e-06
4.29e-06,3.6e-06,5.34e-06,4.11e-06,5.34e-06
4.237e-06,3.06e-06,4.91e-06,4.49e-06,4.91e-06
4.2e-06,3.13e-06,5.41e-06,4.13e-06,5.41e-06
4.072e-06,3.06e-06,4.95e-06,4.14e-06,4.95e-06
4.435e-06,3.29e-06,5.45e-06,4.5e-06,5.45e-06
4.182e-06,3.22e-06,4.9e-06,4.305e-06,4.9e-06
4.235e-06,3.3e-06,5.43e-06,4.105e-06,5.43e-06
4.405e-06,3.46e-06,5.35e-06,4.405e-06,5.35e-06
4.427e-06,3.16e-06,6.14e-06,4.205e-06,6.14e-06
4.213e-06,3.05e-06,5.11e-06,4.345e-06,5.11e-06
4.478e-06,3.561e-06,5.67e-06,4.34e-06,5.67e-06
4.352e-06,3.39e-06,5.04e-06,4.49e-06,4.99e-06
4.358e-06,3.15e-06,5.68e-06,4.3e-06,5.68e-06
4.267e-06,3.6e-06,4.89e-06,4.29e-06,4.89e-06
4.302e-06,3.01e-06,5.91e-06,4.145e-06,5.91e-06
4.257e-06,3.3e-06,4.86e-06,4.435e-06,4.86e-06
4.465e-06,3.53e-06,5.65e-06,4.34e-06,5.65e-06
4.073e-06,3.1e-06,5.14e-06,4.025e-06,5.14e-06
4.525e-06,3.54e-06,5.47e-06,4.545e-06,5.47e-06
4.387e-06,3.53e-06,5.16e-06,4.43e-06,5.16e-06
4.193e-06,3.18e-06,5.421e-06,4.085e-06,5.421e-06
4.532e-06,3.69e-06,5.19e-06,4.625e-06,5.19e-06
4.228e-06,3.22e-06,5.82e-06,3.935e-06,5.82e-06
4.375e-06,3.46e-06,4.99e-06,4.525e-06,4.99e-06
4.235e-06,3.27e-06,5.36e-06,4.155e-06,5.36e-06
4.325e-06,3.76e-06,5.03e-06,4.255e-06,5.03e-06
4.37e-06,2.82e-06,5.86e-06,4.4e-06,5.86e-06
4.193e-06,3.03e-06,5.09e-06,4.325e-06,5.09e-06
4.323e-06,3.75e-06,5.27e-06,4.135e-06,5.27e-06
4.242e-06,2.77e-06,5.25e-06,4.475e-06,5.25e-06
4.458e-06,3.32e-06,5.62e-06,4.445e-06,5.62e-06
4.375e-06,3.68e-06,5.301e-06,4.26e-06,5.301e-06
4.2e-06,3.31e-06,5.39e-06,4.05e-06,5.39e-06
4.243e-06,3.37e-06,4.91e-06,4.345e-06,4.91e-06
4.547e-06,3.51e-06,6.23e-06,4.225e-06,6.23e-06
4.445e-06,3.35e-06,5.3e-06,4.565e-06,5.3e-06
4.233e-06,3.08e-06,5.65e-06,4.1e-06,5.65e-06
4.305e-06,3.63e-06,4.95e-06,4.32e-06,4.95e-06
4.125e-06,3.03e-06,5.45e-06,4.01e-06,5.45e-06
4.258e-06,3.47e-06,4.89e-06,4.335e-06,4.89e-06
4.295e-06,3.14e-06,5.4e-06,4.32e-06,5.4e-06
4.162e-06,3.25e-06,4.87e-06,4.265e-06,4.87e-06
4.51e-06,3.47e-06,5.841e-06,4.365e-06,5.841e-06
4.268e-06,3.28e-06,5.04e-06,4.375e-06,5.04e-06
4.315e-06,3.13e-06,5.43e-06,4.35e-06,5.43e-06
4.408e-06,3.74e-06,4.94e-06,4.475e-06,4.94e-06
4.292e-06,3.19e-06,5.26e-06,4.36e-06,5.26e-06
4.418e-06,3.46e-06,5.68e-06,4.265e-06,5.68e-06
4.305e-06,3.4e-06,5.78e-06,4.02e-06,5.78e-06
4.308e-06,3.09e-06,5.15e-06,4.495e-06,5.15e-06
4.39e-06,3.33e-06,5.39e-06,4.42e-06,5.39e-06
8.145e-06,3.6e-06,1.261e-05,8.185e-06,1.203e-05
4.378e-06,3.78e-06,5.441e-06,4.145e-06,5.441e-06
4.205e-06,3.05e-06,5.15e-06,4.31e-06,5.15e-06
4.277e-06,3.31e-06,5.58e-06,4.11e-06,5.58e-06
4.287e-06,3.08e-06,5.05e-06,4.51e-06,5.05e-06
4.387e-06,3.03e-06,5.68e-06,4.42e-06,5.68e-06
4.115e-06,3.14e-06,4.78e-06,4.27e-06,4.78e-06
4.497e-06,3.7e-06,5.56e-06,4.365e-06,5.56e-06
4.397e-06,3.6e-06,5.22e-06,4.385e-06,5.22e-06
4.025e-06,2.94e-06,5.18e-06,3.99e-06,5.18e-06
4.537e-06,3.33e-06,5.03e-06,4.895e-06,4.98e-06
4.332e-06,3.23e-06,5.35e-06,4.375e-06,5.35e-06
4.395e-06,3.28e-06,5.011e-06,4.645e-06,5.011e-06
4.295e-06,3.2e-06,5.57e-06,4.205e-06,5.57e-06
4.363e-06,3.16e-06,5.52e-06,4.385e-06,5.52e-06
4.315e-06,3.22e-06,5.6e-06,4.22e-06,5.6e-06
4.22e-06,3.16e-06,4.94e-06,4.39e-06,4.94e-06
4.3e-06,3.34e-06,5.58e-06,4.14e-06,5.58e-06
4.247e-06,3.37e-06,4.95e-06,4.335e-06,4.95e-06
4.4e-06,3.51e-06,5.34e-06,4.375e-06,5.34e-06
4.212e-06,3.09e-06,5.21e-06,4.275e-06,5.21e-06
4.542e-06,3.81e-06,5.83e-06,4.265e-06,5.83e-06
4.223e-06,3.29e-06,4.89e-06,4.355e-06,4.89e-06
4.305e-06,3.37e-06,5.571e-06,4.14e-06,5.571e-06
4.2e-06,3.28e-06,4.89e-06,4.315e-06,4.89e-06
4.338e-06,3.56e-06,5.37e-06,4.21e-06,5.37e-06
4.247e-06,3.15e-06,5.25e-06,4.295e-06,5.25e-06
4.422e-06,3.57e-06,5.59e-06,4.265e-06,5.59e-06
4.22e-06,3.33e-06,5.05e-06,4.25e-06,5.05e-06
4.237e-06,3.06e-06,5.57e-06,4.16e-06,5.57e-06
3.99e-06,2.98e-06,4.92e-06,4.03e-06,4.92e-06
4.328e-06,3.501e-06,5.33e-06,4.24e-06,5.33e-06
4.35e-06,3.21e-06,4.94e-06,4.625e-06,4.94e-06
4.402e-06,3.14e-06,5.6e-06,4.435e-06,5.6e-06
4.315e-06,3.31e-06,4.98e-06,4.485e-06,4.98e-06
4.438e-06,3.11e-06,5.54e-06,4.55e-06,5.54e-06
4.305e-06,3.42e-06,5.28e-06,4.26e-06,5.28e-06
4.107e-06,3.02e-06,5.63e-06,3.89e-06,5.63e-06
4.26e-06,3.37e-06,5e-06,4.335e-06,5e-06
4.303e-06,3.22e-06,5.4e-06,4.295e-06,5.4e-06
4.457e-06,3.71e-06,5.4e-06,4.36e-06,5.4e-06
4.22e-06,3.35e-06,4.97e-06,4.28e-06,4.97e-06
4.23e-06,3.22e-06,4.96e-06,4.37e-06,4.96e-06
4.425e-06,3.28e-06,5.95e-06,4.235e-06,5.95e-06
4.233e-06,3.33e-06,4.97e-06,4.315e-06,4.97e-06
4.232e-06,3.16e-06,5.27e-06,4.25e-06,5.27e-06
4.33e-06,3.2e-06,5.18e-06,4.47e-06,5.18e-06
4.343e-06,3.05e-06,5.56e-06,4.38e-06,5.56e-06
4.438e-06,3.76e-06,5.07e-06,4.46e-06,5.07e-06
4.285e-06,3.02e-06,5.9e-06,4.11e-06,5.9e-06
4.23e-06,3.5e-06,4.83e-06,4.295e-06,4.83e-06
4.133e-06,2.9e-06,5.62e-06,4.006e-06,5.62e-06
4.155e-06,3.2e-06,4.91e-06,4.255e-06,4.91e-06
4.56e-06,3.23e-06,5.88e-06,4.565e-06,5.88e-06
4.233e-06,3.41e-06,4.97e-06,4.275e-06,4.97e-06
4.133e-06,3.091e-06,5.36e-06,4.04e-06,5.36e-06
4.215e-06,3.19e-06,5.37e-06,4.15e-06,5.37e-06
4.448e-06,3.36e-06,5.331e-06,4.55e-06,5.331e-06
4.343e-06,3.82e-06,4.83e-06,4.36e-06,4.83e-06
4.355e-06,3.12e-06,5.48e-06,4.41e-06,5.48e-06
4.32e-06,3.54e-06,5.18e-06,4.28e-06,5.18e-06
4.237e-06,3.27e-06,5.37e-06,4.155e-06,5.37e-06
4.413e-06,3.19e-06,5.21e-06,4.625e-06,5.21e-06
4.32e-06,3.66e-06,5.56e-06,4.03e-06,5.56e-06
4.19e-06,3.25e-06,4.94e-06,4.285e-06,4.94e-06
4.207e-06,3.12e-06,5.52e-06,4.095e-06,5.52e-06
4.167e-06,3.16e-06,4.84e-06,4.335e-06,4.84e-06
4.237e-06,3.17e-06,5.37e-06,4.205e-06,5.37e-06
4.32e-06,3.87e-06,4.931e-06,4.24e-06,4.931e-06
4.482e-06,3.55e-06,5.6e-06,4.39e-06,5.6e-06
4.2e-06,3.16e-06,4.89e-06,4.375e-06,4.89e-06
4.268e-06,3.28e-06,5.36e-06,4.215e-06,5.36e-06
4.272e-06,2.9e-06,5.38e-06,4.405e-06,5.38e-06
4.118e-06,3.11e-06,5.41e-06,3.975e-06,5.41e-06
4.373e-06,3.72e-06,4.96e-06,4.405e-06,4.96e-06
4.492e-06,3.21e-06,5.81e-06,4.475e-06,5.81e-06
4.118e-06,3.03e-06,5.04e-06,4.2e-06,5.04e-06
4.348e-06,3.23e-06,5.66e-06,4.25e-06,5.66e-06
4.268e-06,3.13e-06,5.17e-06,4.385e-06,5.17e-06
4.25e-06,3.35e-06,5.351e-06,4.15e-06,5.351e-06
4.185e-06,3.19e-06,5.28e-06,4.135e-06,5.28e-06
4.485e-06,3.64e-06,5.86e-06,4.22e-06,5.86e-06
4.133e-06,2.73e-06,5.04e-06,4.38e-06,5.04e-06
4.44e-06,3.52e-06,5.52e-06,4.36e-06,5.52e-06
4.292e-06,3.19e-06,5.08e-06,4.45e-06,5.08e-06
4.342e-06,3.43e-06,5.71e-06,4.115e-06,5.71e-06
4.412e-06,3.58e-06,4.9e-06,4.585e-06,4.9e-06
4.27e-06,3.31e-06,5.7e-06,4.035e-06,5.7e-06
4.193e-06,3.36e-06,5.11e-06,4.15e-06,5.11e-06
4.542e-06,3.18e-06,6.01e-06,4.49e-06,6.01e-06
4.26e-06,3.74e-06,4.89e-06,4.205e-06,4.89e-06
4.245e-06,3.17e-06,5.55e-06,4.13e-06,5.55e-06
4.225e-06,3.15e-06,5.1e-06,4.325e-06,5.1e-06
4.285e-06,3.19e-06,5.39e-06,4.28e-06,5.39e-06
4.33e-06,3.52e-06,5.23e-06,4.285e-06,5.23e-06
4.403e-06,3.63e-06,5.62e-06,4.18e-06,5.62e-06
4.405e-06,3.51e-06,5.01e-06,4.55e-06,5.01e-06
4.378e-06,3.64e-06,5.64e-06,4.115e-06,5.64e-06
4.462e-06,3.92e-06,4.91e-06,4.51e-06,4.86e-06
4.488e-06,3.21e-06,5.98e-06,4.38e-06,5.98e-06
4.367e-06,3.45e-06,5.01e-06,4.505e-06,5.01e-06
4.412e-06,3.09e-06,5.96e-06,4.3e-06,5.96e-06
4.33e-06,3.76e-06,4.92e-06,4.32e-06,4.92e-06
4.37e-06,3.17e-06,5.69e-06,4.31e-06,5.69e-06
4.368e-06,3.551e-06,4.96e-06,4.48e-06,4.94e-06
4.37e-06,3.78e-06,5.59e-06,4.055e-06,5.59e-06
4.23e-06,3.25e-06,5.02e-06,4.325e-06,5.02e-06
4.47e-06,3.05e-06,5.61e-06,4.61e-06,5.61e-06
4.22e-06,3.22e-06,4.94e-06,4.36e-06,4.94e-06
4.41e-06,3.51e-06,5.74e-06,4.195e-06,5.74e-06
4.195e-06,3.19e-06,4.93e-06,4.33e-06,4.93e-06
4.522e-06,2.82e-06,6.54e-06,4.365e-06,6.54e-06
4.435e-06,3.37e-06,5.33e-06,4.52e-06,5.33e-06
4.265e-06,3.09e-06,5.25e-06,4.36e-06,5.25e-06
4.338e-06,3.61e-06,4.87e-06,4.435e-06,4.87e-06
4.132e-06,2.94e-06,5.35e-06,4.12e-06,5.35e-06
4.287e-06,3.26e-06,5e-06,4.445e-06,5e-06
4.385e-06,3.02e-06,6.26e-06,4.13e-06,6.26e-06
4.063e-06,2.91e-06,5.05e-06,4.145e-06,5.05e-06
4.385e-06,3.43e-06,5.77e-06,4.17e-06,5.77e-06
4.23e-06,3.08e-06,5.25e-06,4.295e-06,5.25e-06
4.625e-06,3.91e-06,5.53e-06,4.53e-06,5.53e-06
4.305e-06,3.22e-06,5.03e-06,4.485e-06,5.03e-06
4.407e-06,3.43e-06,5.82e-06,4.19e-06,5.82e-06
4.38e-06,2.99e-06,5.25e-06,4.64e-06,4.981e-06
4.302e-06,3.31e-06,5.6e-06,4.15e-06,5.6e-06
4.25e-06,3.25e-06,5.21e-06,4.27e-06,5.21e-06
4.593e-06,3.43e-06,5.42e-06,4.761e-06,5.42e-06
4.458e-06,3.321e-06,5.34e-06,4.585e-06,5.34e-06
4.212e-06,3.24e-06,5.63e-06,3.99e-06,5.63e-06
4.205e-06,3.32e-06,5.15e-06,4.175e-06,5.15e-06
4.295e-06,3.63e-06,5.43e-06,4.06e-06,5.43e-06
4.195e-06,3.29e-06,5.01e-06,4.24e-06,5.01e-06
4.437e-06,3.57e-06,5.45e-06,4.365e-06,5.45e-06
4.482e-06,3.59e-06,5.09e-06,4.625e-06,5.09e-06
4.34e-06,3.46e-06,5.321e-06,4.29e-06,5.321e-06
4.31e-06,3.22e-06,5.26e-06,4.38e-06,5.26e-06
4.29e-06,3.74e-06,5.31e-06,4.055e-06,5.31e-06
4.325e-06,3.22e-06,4.85e-06,4.615e-06,4.82e-06
4.28e-06,3.2e-06,5.49e-06,4.215e-06,5.49e-06
4.483e-06,3.83e-06,5.12e-06,4.49e-06,5.12e-06
4.398e-06,3.7e-06,5.29e-06,4.301e-06,5.29e-06
4.255e-06,2.97e-06,5.26e-06,4.395e-06,5.26e-06
4.37e-06,3.22e-06,5.28e-06,4.49e-06,5.28e-06
4.045e-06,3.17e-06,4.78e-06,4.115e-06,4.78e-06
4.233e-06,3.2e-06,5.5e-06,4.115e-06,5.5e-06
4.395e-06,3.48e-06,5.201e-06,4.45e-06,5.201e-06
4.328e-06,3.36e-06,5.57e-06,4.19e-06,5.57e-06
4.142e-06,3.13e-06,5.02e-06,4.21e-06,5.02e-06
4.362e-06,3.23e-06,5.42e-06,4.4e-06,5.42e-06
4.137e-06,3.22e-06,4.84e-06,4.245e-06,4.84e-06
4.277e-06,3.16e-06,5.47e-06,4.24e-06,5.47e-06
4.313e-06,3.551e-06,5.15e-06,4.275e-06,5.15e-06
4.265e-06,2.99e-06,5.87e-06,4.1e-06,5.87e-06
4.29e-06,3.36e-06,4.82e-06,4.49e-06,4.82e-06
4.432e-06,2.76e-06,6.24e-06,4.365e-06,6.24e-06
4.397e-06,3.26e-06,5.33e-06,4.5e-06,5.33e-06
4.33e-06,3.1e-06,5.891e-06,4.165e-06,5.891e-06
4.125e-06,3.2e-06,5.03e-06,4.135e-06,5.03e-06
4.425e-06,3.22e-06,5.51e-06,4.485e-06,5.51e-06
4.373e-06,3.07e-06,5.17e-06,4.625e-06,5.17e-06
4.402e-06,3.14e-06,5.84e-06,4.315e-06,5.84e-06
4.322e-06,3.32e-06,5.11e-06,4.43e-06,5.11e-06
4.532e-06,3.28e-06,5.56e-06,4.645e-06,5.56e-06
4.627e-06,3.67e-06,5.59e-06,4.625e-06,5.59e-06
4.182e-06,3.09e-06,5.59e-06,4.025e-06,5.59e-06
4.365e-06,3.34e-06,5.37e-06,4.375e-06,5.37e-06
4.405e-06,3.56e-06,5.78e-06,4.14e-06,5.78e-06
4.263e-06,3.14e-06,4.991e-06,4.46e-06,4.991e-06
4.36e-06,3.16e-06,5.31e-06,4.485e-06,5.31e-06
4.333e-06,3.26e-06,5.66e-06,4.205e-06,5.66e-06
4.37e-06,3.14e-06,6.13e-06,4.105e-06,6.13e-06
4.427e-06,3.17e-06,5.37e-06,4.585e-06,5.37e-06
4.257e-06,3.17e-06,5.22e-06,4.32e-06,5.22e-06
4.392e-06,3.48e-06,5.29e-06,4.4e-06,5.29e-06
4.393e-06,3.14e-06,5.99e-06,4.22e-06,5.99e-06
4.305e-06,3.381e-06,5.15e-06,4.345e-06,5.15e-06
4.29e-06,3.34e-06,5.44e-06,4.19e-06,5.44e-06
4.23e-06,3.18e-06,5.07e-06,4.335e-06,5.07e-06
4.13e-06,3.3e-06,5.501e-06,3.86e-06,5.501e-06
4.1e-06,2.85e-06,5.15e-06,4.2e-06,5.15e-06
4.525e-06,3.22e-06,5.46e-06,4.71e-06,5.46e-06
4.355e-06,3.58e-06,5.21e-06,4.316e-06,5.21e-06
4.333e-06,3.36e-06,5.94e-06,4.015e-06,5.94e-06
4.277e-06,3.21e-06,5.41e-06,4.245e-06,5.41e-06
4.39e-06,3.45e-06,5.76e-06,4.175e-06,5.76e-06
4.262e-06,3.3e-06,5.14e-06,4.305e-06,5.14e-06
4.432e-06,3.28e-06,5.59e-06,4.43e-06,5.59e-06
4.36e-06,3.2e-06,4.99e-06,4.625e-06,4.99e-06
4.438e-06,3.8e-06,5.96e-06,3.995e-06,5.96e-06
4.3e-06,3.34e-06,5.101e-06,4.38e-06,5.101e-06
4.322e-06,3.06e-06,6.04e-06,4.095e-06,6.04e-06
4.272e-06,3.39e-06,4.94e-06,4.38e-06,4.94e-06
4.36e-06,3.29e-06,5.48e-06,4.335e-06,5.48e-06
4.205e-06,3.22e-06,5.07e-06,4.265e-06,5.07e-06
4.31e-06,3.12e-06,5.6e-06,4.26e-06,5.6e-06
4.282e-06,3.47e-06,5.08e-06,4.29e-06,5.08e-06
4.482e-06,3.27e-06,6.11e-06,4.275e-06,6.11e-06
4.38e-06,3.35e-06,5.21e-06,4.48e-06,5.21e-06
4.323e-06,3.17e-06,5.28e-06,4.42e-06,5.28e-06
4.155e-06,3.32e-06,4.91e-06,4.195e-06,4.91e-06
4.271e-06,3.45e-06,5.271e-06,4.181e-06,5.271e-06
4.373e-06,3.55e-06,5.17e-06,4.385e-06,5.17e-06
4.31e-06,3.17e-06,5.35e-06,4.36e-06,5.35e-06
4.328e-06,3.26e-06,5.14e-06,4.455e-06,5.14e-06
4.225e-06,3.21e-06,5.78e-06,3.955e-06,5.78e-06
4.415e-06,3.49e-06,5e-06,4.585e-06,5e-06
4.263e-06,3.62e-06,5.43e-06,4e-06,5.43e-06
4.185e-06,3.04e-06,5.33e-06,4.185e-06,5.33e-06
4.35e-06,3.12e-06,5.91e-06,4.185e-06,5.91e-06
4.25e-06,3.25e-06,4.86e-06,4.445e-06,4.86e-06
4.345e-06,3.24e-06,5.86e-06,4.14e-06,5.86e-06
4.173e-06,3.19e-06,4.94e-06,4.28e-06,4.94e-06
4.41e-06,3.61e-06,5.67e-06,4.18e-06,5.67e-06
4.148e-06,3.23e-06,4.87e-06,4.245e-06,4.87e-06
4.288e-06,3.04e-06,5.73e-06,4.19e-06,5.73e-06
4.12e-06,3.21e-06,4.99e-06,4.14e-06,4.99e-06
4.56e-06,3.49e-06,6.02e-06,4.365e-06,6.02e-06
4.355e-06,3.4e-06,5.3e-06,4.36e-06,5.3e-06
4.345e-06,3.43e-06,5.95e-06,4e-06,5.95e-06
4.32e-06,2.91e-06,5.26e-06,4.555e-06,5.26e-06
4.182e-06,3.09e-06,5.52e-06,4.06e-06,5.52e-06
4.033e-06,3.04e-06,4.94e-06,4.075e-06,4.94e-06
4.413e-06,3.19e-06,5.41e-06,4.525e-06,5.41e-06
4.36e-06,3.43e-06,5.281e-06,4.365e-06,5.281e-06
4.38e-06,3.221e-06,5.4e-06,4.45e-06,5.4e-06
4.362e-06,3.19e-06,4.99e-06,4.635e-06,4.99e-06
4.308e-06,3.34e-06,5.7e-06,4.095e-06,5.7e-06
4.462e-06,3.33e-06,5.09e-06,4.715e-06,5.09e-06
4.36e-06,2.87e-06,5.94e-06,4.315e-06,5.94e-06
4.137e-06,3.17e-06,4.84e-06,4.27e-06,4.84e-06
4.095e-06,3.05e-06,5.37e-06,3.98e-06,5.37e-06
4.365e-06,3.09e-06,5.25e-06,4.56e-06,5.25e-06
4.333e-06,3.09e-06,5.68e-06,4.28e-06,5.68e-06
4.452e-06,3.68e-06,4.87e-06,4.63e-06,4.83e-06
4.46e-06,3.36e-06,5.871e-06,4.305e-06,5.871e-06
4.365e-06,3.4e-06,5.48e-06,4.29e-06,5.48e-06
4.237e-06,3.1e-06,5.71e-06,4.07e-06,5.71e-06
4.373e-06,3.07e-06,5.33e-06,4.545e-06,5.33e-06
4.257e-06,3.05e-06,5.6e-06,4.19e-06,5.6e-06
4.502e-06,3.42e-06,5.41e-06,4.59e-06,5.41e-06
4.308e-06,3.29e-06,5.4e-06,4.27e-06,5.4e-06
4.162e-06,3.21e-06,5.12e-06,4.16e-06,5.12e-06
4.075e-06,2.98e-06,5.39e-06,3.965e-06,5.39e-06
4.21e-06,3.3e-06,4.93e-06,4.305e-06,4.93e-06
4.525e-06,3.65e-06,5.71e-06,4.37e-06,5.71e-06
4.468e-06,4.06e-06,4.87e-06,4.47e-06,4.821e-06
4.308e-06,2.8e-06,6.15e-06,4.14e-06,6.15e-06
4.215e-06,3.12e-06,4.81e-06,4.465e-06,4.81e-06
4.64e-06,3.271e-06,6.07e-06,4.61e-06,6.07e-06
4.25e-06,3.18e-06,5.02e-06,4.4e-06,5.02e-06
4.283e-06,3.46e-06,5.81e-06,3.93e-06,5.81e-06
4.295e-06,3.44e-06,5.06e-06,4.34e-06,5.06e-06
4.28e-06,3.59e-06,5.32e-06,4.105e-06,5.32e-06
4.22e-06,3.09e-06,5.04e-06,4.375e-06,5.04e-06
4.382e-06,3.39e-06,5.29e-06,4.425e-06,5.29e-06
4.235e-06,3.19e-06,5.12e-06,4.315e-06,5.12e-06
4.395e-06,3.19e-06,5.721e-06,4.335e-06,5.721e-06
4.238e-06,3.19e-06,5.08e-06,4.34e-06,5.08e-06
4.245e-06,3.21e-06,5.41e-06,4.18e-06,5.41e-06
4.298e-06,3.63e-06,4.91e-06,4.325e-06,4.91e-06
4.3e-06,3.29e-06,5.41e-06,4.25e-06,5.41e-06
4.325e-06,3.28e-06,4.89e-06,4.565e-06,4.89e-06
4.185e-06,3.26e-06,5.35e-06,4.065e-06,5.35e-06
4.167e-06,3.11e-06,4.9e-06,4.33e-06,4.9e-06
4.423e-06,3.48e-06,5.49e-06,4.36e-06,5.49e-06
4.145e-06,3.3e-06,4.92e-06,4.18e-06,4.92e-06
4.27e-06,3.27e-06,5.31e-06,4.25e-06,5.31e-06
4.263e-06,3.38e-06,5.051e-06,4.31e-06,5.051e-06
4.28e-06,3.12e-06,5.38e-06,4.31e-06,5.38e-06
4.227e-06,3.25e-06,4.93e-06,4.365e-06,4.93e-06
4.482e-06,3.08e-06,5.94e-06,4.455e-06,5.94e-06
4.363e-06,3.19e-06,5.26e-06,4.5e-06,5.26e-06
4.425e-06,3.15e-06,5.91e-06,4.32e-06,5.91e-06
4.31e-06,3.25e-06,5.11e-06,4.44e-06,5.11e-06
4.235e-06,3.33e-06,5.43e-06,4.09e-06,5.43e-06
4.143e-06,3.3e-06,4.99e-06,4.14e-06,4.99e-06
4.455e-06,3.32e-06,5.57e-06,4.465e-06,5.57e-06
3.006e-05,2.913e-05,3.1061e-05,3.0025e-05,3.1061e-05
4.328e-06,3.38e-06,5.37e-06,4.28e-06,5.37e-06
4.168e-06,3.14e-06,5.18e-06,4.175e-06,5.18e-06
4.325e-06,3.39e-06,5.94e-06,3.985e-06,5.94e-06
4.165e-06,3.11e-06,5.05e-06,4.25e-06,5.05e-06
4.505e-06,3.05e-06,5.8e-06,4.585e-06,5.8e-06
4.315e-06,3.55e-06,5.05e-06,4.33e-06,5.05e-06
4.382e-06,3.49e-06,5.53e-06,4.255e-06,5.53e-06
4.202e-06,3.27e-06,5.4e-06,4.07e-06,5.4e-06
4.255e-06,3.2e-06,5.471e-06,4.175e-06,5.471e-06
4.458e-06,3.2e-06,5.03e-06,4.8e-06,5.03e-06
4.623e-06,3.24e-06,5.9e-06,4.675e-06,5.9e-06
4.468e-06,3.77e-06,5.37e-06,4.365e-06,5.37e-06
4.418e-06,3.19e-06,5.8e-06,4.34e-06,5.8e-06
4.41e-06,3.35e-06,5.56e-06,4.365e-06,5.56e-06
4.35e-06,2.92e-06,5.89e-06,4.295e-06,5.89e-06
4.245e-06,3.311e-06,4.82e-06,4.425e-06,4.82e-06
4.288e-06,3.13e-06,5.43e-06,4.295e-06,5.43e-06
4.38e-06,3.61e-06,5.12e-06,4.395e-06,4.8e-06
4.34e-06,3.12e-06,5.6e-06,4.32e-06,5.6e-06
4.365e-06,3.56e-06,4.901e-06,4.5e-06,4.901e-06
4.338e-06,3.41e-06,5.87e-06,4.035e-06,5.87e-06
4.127e-06,3.17e-06,4.94e-06,4.2e-06,4.94e-06
4.345e-06,3.21e-06,5.48e-06,4.345e-06,5.48e-06
4.172e-06,3.12e-06,5.05e-06,4.26e-06,5.05e-06
4.403e-06,3.77e-06,5.63e-06,4.105e-06,5.63e-06
4.358e-06,3.39e-06,5.4e-06,4.32e-06,5.4e-06
4.203e-06,3.1e-06,5.51e-06,4.1e-06,5.51e-06
4.122e-06,3.26e-06,4.8e-06,4.215e-06,4.8e-06
4.258e-06,3.2e-06,5.77e-06,4.03e-06,5.77e-06
4.245e-06,3.23e-06,5.08e-06,4.335e-06,5.08e-06
4.475e-06,3.29e-06,6.281e-06,4.165e-06,6.281e-06
4.228e-06,3.34e-06,4.98e-06,4.295e-06,4.98e-06
4.373e-06,3.63e-06,5.61e-06,4.125e-06,5.61e-06
4.222e-06,3.23e-06,4.86e-06,4.4e-06,4.86e-06
4.388e-06,3.13e-06,5.67e-06,4.375e-06,5.67e-06
4.315e-06,3.54e-06,5.28e-06,4.22e-06,5.28e-06
4.328e-06,3.11e-06,5.41e-06,4.395e-06,5.41e-06
4.165e-06,3.2e-06,4.99e-06,4.235e-06,4.99e-06
4.332e-06,3.15e-06,5.41e-06,4.385e-06,5.41e-06
4.378e-06,3.241e-06,4.94e-06,4.665e-06,4.94e-06
4.275e-06,3.46e-06,5.33e-06,4.155e-06,5.33e-06
4.24e-06,3.39e-06,4.961e-06,4.305e-06,4.961e-06
4.2e-06,3.24e-06,5.66e-06,3.95e-06,5.66e-06
3.967e-06,2.98e-06,4.84e-06,4.025e-06,4.84e-06
4.275e-06,3.27e-06,5.54e-06,4.145e-06,5.54e-06
4.345e-06,3.27e-06,4.95e-06,4.58e-06,4.87e-06
4.37e-06,3.51e-06,5.48e-06,4.245e-06,5.48e-06
4.298e-06,3.4e-06,5.04e-06,4.375e-06,5.04e-06
4.52e-06,3.46e-06,5.97e-06,4.326e-06,5.97e-06
4.205e-06,3.32e-06,4.95e-06,4.275e-06,4.95e-06
4.4e-06,3.24e-06,5.5e-06,4.43e-06,5.5e-06
4.323e-06,3.31e-06,4.97e-06,4.505e-06,4.97e-06
4.368e-06,3.02e-06,5.391e-06,4.53e-06,5.391e-06
4.22e-06,3.17e-06,5.37e-06,4.17e-06,5.37e-06
4.21e-06,3.24e-06,5.32e-06,4.14e-06,5.32e-06
4.23e-06,3.13e-06,5.13e-06,4.33e-06,5.13e-06
4.328e-06,3.19e-06,5.48e-06,4.32e-06,5.48e-06
4.09e-06,3.07e-06,5.02e-06,4.135e-06,5.02e-06
4.42e-06,3.28e-06,5.7e-06,4.35e-06,5.7e-06
4.25e-06,3.3e-06,4.97e-06,4.365e-06,4.97e-06
4.308e-06,3.39e-06,5.48e-06,4.18e-06,5.48e-06
4.188e-06,3.24e-06,4.97e-06,4.27e-06,4.97e-06
4.48e-06,3.77e-06,6.03e-06,4.06e-06,6.03e-06
4.148e-06,3.17e-06,4.93e-06,4.245e-06,4.93e-06
4.105e-06,3.06e-06,5.391e-06,3.985e-06,5.391e-06
4.272e-06,3.3e-06,4.97e-06,4.41e-06,4.97e-06
4.398e-06,3.49e-06,5.4e-06,4.35e-06,5.4e-06
4.285e-06,3.1e-06,5.2e-06,4.421e-06,5.2e-06
4.338e-06,3.17e-06,5.75e-06,4.215e-06,5.75e-06
4.21e-06,3.06e-06,5.18e-06,4.3e-06,5.18e-06
4.432e-06,3.28e-06,5.56e-06,4.445e-06,5.56e-06
4.258e-06,3.6e-06,4.86e-06,4.285e-06,4.86e-06
4.26e-06,3.09e-06,5.39e-06,4.28e-06,5.39e-06
4.378e-06,3.24e-06,5.21e-06,4.53e-06,5.21e-06
4.425e-06,3.71e-06,5.8e-06,4.095e-06,5.8e-06
4.213e-06,3.19e-06,4.851e-06,4.405e-06,4.851e-06
4.15e-06,3.03e-06,5.56e-06,4.005e-06,5.56e-06
4.407e-06,3.29e-06,5.06e-06,4.64e-06,5.06e-06
4.158e-06,3.06e-06,5.5e-06,4.035e-06,5.5e-06
4.202e-06,3.42e-06,4.91e-06,4.24e-06,4.91e-06
4.295e-06,3.18e-06,5.35e-06,4.325e-06,5.35e-06
4.198e-06,3.22e-06,4.8e-06,4.385e-06,4.8e-06
4.225e-06,3.59e-06,5.27e-06,4.02e-06,5.27e-06
4.245e-06,3.22e-06,5.18e-06,4.29e-06,5.18e-06
4.413e-06,3.19e-06,5.63e-06,4.415e-06,5.63e-06
4.188e-06,3.2e-06,5e-06,4.275e-06,5e-06
4.373e-06,3.31e-06,5.701e-06,4.24e-06,5.701e-06
4.325e-06,3.45e-06,5.32e-06,4.265e-06,5.32e-06
4.46e-06,3.15e-06,6.06e-06,4.315e-06,6.06e-06
4.515e-06,3.45e-06,5.7e-06,4.455e-06,5.7e-06
4.305e-06,3.07e-06,5.93e-06,4.11e-06,5.93e-06
4.215e-06,3.08e-06,5.13e-06,4.325e-06,5.13e-06
4.265e-06,3.37e-06,5.33e-06,4.18e-06,5.33e-06
4.16e-06,3.47e-06,5.01e-06,4.08e-06,5.01e-06
4.273e-06,3.45e-06,5.48e-06,4.08e-06,5.48e-06
4.092e-06,3.2e-06,4.96e-06,4.105e-06,4.96e-06
4.21e-06,3.11e-06,5.64e-06,4.045e-06,5.64e-06
4.17e-06,3.44e-06,4.96e-06,4.14e-06,4.96e-06
4.5e-06,3.66e-06,5.58e-06,4.38e-06,5.58e-06
4.5e-06,3.61e-06,5.67e-06,4.36e-06,5.67e-06
4.447e-06,3.37e-06,6.08e-06,4.17e-06,6.08e-06
4.22e-06,3.2e-06,5.03e-06,4.325e-06,5.03e-06
4.237e-06,3.25e-06,5.45e-06,4.125e-06,5.45e-06
4.353e-06,3.4e-06,5.23e-06,4.39e-06,5.23e-06
4.378e-06,3.32e-06,5.46e-06,4.365e-06,5.46e-06
4.28e-06,3.25e-06,5.23e-06,4.32e-06,5.23e-06
4.185e-06,3.08e-06,5.63e-06,4.015e-06,5.63e-06
4.075e-06,3.04e-06,4.87e-06,4.195e-06,4.87e-06
4.305e-06,3.19e-06,5.68e-06,4.175e-06,5.68e-06
4.115e-06,3.1e-06,5.031e-06,4.165e-06,5.031e-06
4.443e-06,3.5e-06,5.41e-06,4.43e-06,5.41e-06
4.282e-06,3.16e-06,5.14e-06,4.415e-06,5.14e-06
4.272e-06,3.12e-06,5.7e-06,4.135e-06,5.7e-06
4.243e-06,3.1e-06,5.09e-06,4.39e-06,5.09e-06
4.165e-06,3.11e-06,5.37e-06,4.09e-06,5.37e-06
4.44e-06,3.81e-06,4.97e-06,4.49e-06,4.97e-06
4.237e-06,3.06e-06,5.18e-06,4.355e-06,5.18e-06
4.397e-06,3.27e-06,5.63e-06,4.345e-06,5.63e-06
4.292e-06,3.41e-06,5.35e-06,4.205e-06,5.35e-06
4.235e-06,3.27e-06,4.9e-06,4.385e-06,4.9e-06
4.363e-06,3.51e-06,5.441e-06,4.25e-06,5.441e-06
4.252e-06,3.26e-06,5.12e-06,4.315e-06,5.12e-06
4.345e-06,3.25e-06,5.83e-06,4.15e-06,5.83e-06
4.245e-06,3.1e-06,4.95e-06,4.466e-06,4.95e-06
4.385e-06,3.34e-06,5.67e-06,4.265e-06,5.67e-06
4.295e-06,3.44e-06,5.34e-06,4.2e-06,5.34e-06
4.39e-06,2.93e-06,6.07e-06,4.28e-06,6.07e-06
4.26e-06,3.38e-06,4.91e-06,4.375e-06,4.91e-06
4.21e-06,3.26e-06,5.46e-06,4.061e-06,5.46e-06
4.115e-06,3.11e-06,4.93e-06,4.21e-06,4.93e-06
4.27e-06,3.45e-06,5.43e-06,4.1e-06,5.43e-06
4.365e-06,3.61e-06,5.051e-06,4.4e-06,5.051e-06
4.437e-06,3.28e-06,5.86e-06,4.305e-06,5.86e-06
4.172e-06,3.42e-06,4.83e-06,4.22e-06,4.83e-06
4.418e-06,3.51e-06,5.9e-06,4.13e-06,5.9e-06
4.065e-06,3.3e-06,4.94e-06,4.01e-06,4.94e-06
4.245e-06,3.29e-06,5.54e-06,4.075e-06,5.54e-06
4.315e-06,3.25e-06,5.19e-06,4.41e-06,5.19e-06
4.32e-06,3.34e-06,5.58e-06,4.18e-06,5.58e-06
4.285e-06,3.41e-06,4.8e-06,4.465e-06,4.8e-06
4.38e-06,3.07e-06,5.68e-06,4.385e-06,5.68e-06
4.223e-06,3.11e-06,5.2e-06,4.29e-06,5.2e-06
4.058e-06,3.07e-06,5.34e-06,3.911e-06,5.34e-06
4.188e-06,3.29e-06,4.86e-06,4.3e-06,4.86e-06
4.18e-06,3.21e-06,5.44e-06,4.035e-06,5.44e-06
4.287e-06,3.73e-06,4.95e-06,4.235e-06,4.95e-06
4.335e-06,3.18e-06,5.2e-06,4.48e-06,5.2e-06
4.33e-06,3.66e-06,5e-06,4.33e-06,5e-06
4.298e-06,3.19e-06,5.54e-06,4.23e-06,5.54e-06
4.42e-06,3.46e-06,5.49e-06,4.365e-06,5.49e-06
4.2e-06,3.2e-06,5.37e-06,4.115e-06,5.37e-06
4.242e-06,3.2e-06,5.25e-06,4.26e-06,5.25e-06
4.405e-06,3.47e-06,5.61e-06,4.27e-06,5.61e-06
4.218e-06,3.26e-06,4.85e-06,4.38e-06,4.85e-06
4.24e-06,3.07e-06,5.731e-06,4.08e-06,5.731e-06
4.485e-06,3.59e-06,5.23e-06,4.56e-06,5.12e-06
4.048e-06,3.03e-06,5.45e-06,3.855e-06,5.45e-06
4.362e-06,3.23e-06,5.24e-06,4.49e-06,5.24e-06
4.52e-06,3.3e-06,6.05e-06,4.365e-06,6.05e-06
4.112e-06,3.26e-06,4.89e-06,4.15e-06,4.89e-06
4.532e-06,3.43e-06,5.55e-06,4.575e-06,5.55e-06
4.278e-06,3.11e-06,5.1e-06,4.45e-06,5.1e-06
4.282e-06,3.21e-06,5.52e-06,4.2e-06,5.52e-06
4.277e-06,3.32e-06,5.04e-06,4.375e-06,5.04e-06
4.3e-06,3.05e-06,5.33e-06,4.41e-06,5.33e-06
4.315e-06,3.34e-06,4.951e-06,4.485e-06,4.951e-06
4.247e-06,3.16e-06,5.44e-06,4.195e-06,5.44e-06
4.35e-06,3.15e-06,5.09e-06,4.58e-06,5.09e-06
4.323e-06,3.23e-06,5.66e-06,4.2e-06,5.66e-06
4.36e-06,3.4e-06,5.07e-06,4.485e-06,5.07e-06
4.193e-06,3.18e-06,5.36e-06,4.115e-06,5.36e-06
4.477e-06,3.24e-06,5.77e-06,4.45e-06,5.77e-06
4.345e-06,3.42e-06,5.68e-06,4.14e-06,5.68e-06
4.288e-06,3.12e-06,4.94e-06,4.546e-06,4.94e-06
4.36e-06,3.34e-06,5.8e-06,4.15e-06,5.8e-06
4.305e-06,3.49e-06,4.83e-06,4.45e-06,4.83e-06
4.275e-06,3.32e-06,5.481e-06,4.15e-06,5.481e-06
4.223e-06,3.45e-06,4.83e-06,4.305e-06,4.83e-06
4.178e-06,2.88e-06,5.32e-06,4.255e-06,5.32e-06
4.228e-06,3.2e-06,5.1e-06,4.305e-06,5.1e-06
4.255e-06,3.08e-06,5.22e-06,4.36e-06,5.22e-06
4.248e-06,3.21e-06,4.88e-06,4.45e-06,4.88e-06
4.285e-06,3.19e-06,5.65e-06,4.15e-06,5.65e-06
4.177e-06,3.17e-06,5.03e-06,4.255e-06,5.03e-06
4.325e-06,3.12e-06,5.61e-06,4.285e-06,5.61e-06
4.115e-06,3.16e-06,5.24e-06,4.03e-06,5.24e-06
4.338e-06,3.441e-06,5.44e-06,4.235e-06,5.44e-06
4.445e-06,3.67e-06,5.101e-06,4.505e-06,5.101e-06
4.215e-06,3.3e-06,5.54e-06,4.01e-06,5.54e-06
4.347e-06,3.16e-06,5.28e-06,4.475e-06,5.28e-06
4.343e-06,3.17e-06,5.53e-06,4.335e-06,5.53e-06
4.362e-06,3.6e-06,4.89e-06,4.48e-06,4.89e-06
4.185e-06,3.01e-06,5.43e-06,4.15e-06,5.43e-06
4.163e-06,3.28e-06,5.15e-06,4.11e-06,5.15e-06
4.303e-06,3.07e-06,5.45e-06,4.345e-06,5.45e-06
4.268e-06,3.15e-06,4.92e-06,4.5e-06,4.92e-06
4.328e-06,3.57e-06,5.6e-06,4.07e-06,5.6e-06
4.307e-06,3.19e-06,5.18e-06,4.43e-06,5.18e-06
4.248e-06,3.19e-06,5.801e-06,4e-06,5.801e-06
3.945e-06,2.99e-06,4.82e-06,3.985e-06,4.82e-06
4.368e-06,3.68e-06,5.25e-06,4.27e-06,5.25e-06
4.485e-06,3.15e-06,5.26e-06,4.765e-06,5.26e-06
4.208e-06,3.16e-06,5.48e-06,4.095e-06,5.48e-06
4.068e-06,3.08e-06,4.96e-06,4.115e-06,4.96e-06
4.357e-06,3.82e-06,5.28e-06,4.165e-06,5.28e-06
4.392e-06,3.19e-06,5.25e-06,4.565e-06,5.25e-06
4.477e-06,3.69e-06,5.71e-06,4.255e-06,5.71e-06
4.365e-06,2.99e-06,5.27e-06,4.6e-06,5.27e-06
4.255e-06,3.6e-06,5.51e-06,3.955e-06,5.51e-06
4.298e-06,3.16e-06,5.08e-06,4.475e-06,5.08e-06
4.315e-06,3.5e-06,5.47e-06,4.145e-06,5.47e-06
4.17e-06,2.94e-06,5.17e-06,4.285e-06,5.17e-06
4.25e-06,3.45e-06,5.52e-06,4.015e-06,5.52e-06
4.455e-06,3.41e-06,5.22e-06,4.595e-06,5.22e-06
4.31e-06,3.66e-06,5.23e-06,4.175e-06,5.23e-06
4.34e-06,3.1e-06,5.34e-06,4.46e-06,5.34e-06
4.335e-06,3.58e-06,5.271e-06,4.245e-06,5.271e-06
4.488e-06,3.611e-06,5.23e-06,4.555e-06,5.23e-06
4.59e-06,3.78e-06,5.26e-06,4.66e-06,5.26e-06
4.413e-06,3.36e-06,5.15e-06,4.57e-06,5.15e-06
4.398e-06,3.59e-06,5.34e-06,4.33e-06,5.34e-06
4.343e-06,3.14e-06,5.51e-06,4.36e-06,5.51e-06
4.382e-06,3.93e-06,5.19e-06,4.205e-06,5.19e-06
4.382e-06,3.08e-06,5.2e-06,4.625e-06,5.18e-06
4.237e-06,3.54e-06,5.3e-06,4.055e-06,5.3e-06
4.155e-06,3.18e-06,5.24e-06,4.1e-06,5.24e-06
4.208e-06,3.45e-06,5.36e-06,4.01e-06,5.36e-06
4.428e-06,2.92e-06,5.421e-06,4.685e-06,5.421e-06
4.272e-06,3.51e-06,5.3e-06,4.14e-06,5.3e-06
4.458e-06,3.46e-06,5.07e-06,4.65e-06,5.07e-06
4.41e-06,3.66e-06,5.32e-06,4.33e-06,5.32e-06
4.243e-06,3.14e-06,5.14e-06,4.345e-06,5.14e-06
4.175e-06,3.28e-06,5.15e-06,4.135e-06,5.15e-06
4.303e-06,3.23e-06,5.07e-06,4.455e-06,5.07e-06
4.433e-06,3.9e-06,5.17e-06,4.33e-06,5.17e-06
4.295e-06,3.35e-06,5.17e-06,4.33e-06,5.17e-06
4.213e-06,3.53e-06,5.38e-06,3.97e-06,5.38e-06
4.455e-06,3.53e-06,5.34e-06,4.475e-06,5.34e-06
4.4e-06,3.39e-06,5.291e-06,4.46e-06,5.291e-06
4.087e-06,3.01e-06,5.04e-06,4.15e-06,5.04e-06
4.338e-06,3.74e-06,5.23e-06,4.19e-06,5.23e-06
4.305e-06,3.041e-06,5.1e-06,4.54e-06,5.1e-06
4.263e-06,3.42e-06,5.29e-06,4.17e-06,5.29e-06
4.145e-06,2.98e-06,5.14e-06,4.23e-06,5.14e-06
4.52e-06,3.88e-06,5.15e-06,4.525e-06,5.15e-06
4.218e-06,2.84e-06,5.21e-06,4.41e-06,5.21e-06
4.235e-06,3.59e-06,5.41e-06,3.97e-06,5.41e-06
4.43e-06,2.82e-06,5.83e-06,4.535e-06,5.83e-06
4.255e-06,3.64e-06,5.18e-06,4.1e-06,5.18e-06
4.32e-06,3.03e-06,5.54e-06,4.355e-06,5.54e-06
4.472e-06,3.75e-06,5.27e-06,4.435e-06,5.27e-06
4.313e-06,3e-06,5.47e-06,4.39e-06,5.47e-06
4.26e-06,3.43e-06,5.51e-06,4.051e-06,5.51e-06
4.362e-06,3.06e-06,5.49e-06,4.45e-06,5.49e-06
4.188e-06,3.53e-06,5.21e-06,4.005e-06,5.21e-06
4.447e-06,3.13e-06,5.64e-06,4.51e-06,5.64e-06
4.387e-06,3.73e-06,5.5e-06,4.16e-06,5.5e-06
4.272e-06,2.84e-06,5.31e-06,4.47e-06,5.31e-06
4.465e-06,3.95e-06,5.61e-06,4.15e-06,5.61e-06
4.472e-06,3.02e-06,5.23e-06,4.82e-06,5.23e-06
4.153e-06,3.07e-06,5.27e-06,4.135e-06,5.27e-06
4.16e-06,2.88e-06,5.25e-06,4.255e-06,5.25e-06
4.348e-06,3.94e-06,5.28e-06,4.085e-06,5.28e-06
1.1373e-05,3.1e-06,1.973e-05,1.133e-05,1.973e-05
4.443e-06,3.21e-06,5.84e-06,4.36e-06,5.84e-06
4.377e-06,2.96e-06,5.12e-06,4.715e-06,5.12e-06
4.482e-06,3.78e-06,5.74e-06,4.205e-06,5.74e-06
4.415e-06,2.77e-06,6.21e-06,4.34e-06,6.21e-06
4.28e-06,3.71e-06,5.07e-06,4.17e-06,5.07e-06
4.215e-06,2.99e-06,5.26e-06,4.305e-06,5.26e-06
4.445e-06,3.52e-06,5.47e-06,4.395e-06,5.47e-06
4.31e-06,3.23e-06,5.19e-06,4.41e-06,5.19e-06
4.385e-06,3.69e-06,5.52e-06,4.165e-06,5.52e-06
4.292e-06,2.89e-06,5.37e-06,4.455e-06,5.37e-06
4.308e-06,3.54e-06,5.74e-06,3.975e-06,5.74e-06
4.133e-06,3.04e-06,5.32e-06,4.085e-06,5.32e-06
4.355e-06,3.56e-06,5.33e-06,4.265e-06,5.33e-06
4.348e-06,3.06e-06,5.54e-06,4.395e-06,5.54e-06
4.465e-06,4.06e-06,5.5e-06,4.15e-06,5.5e-06
4.55e-06,3.28e-06,5.16e-06,4.88e-06,5.16e-06
4.46e-06,3.72e-06,5.53e-06,4.295e-06,5.53e-06
4.17e-06,3.4e-06,5.11e-06,4.085e-06,5.11e-06
4.162e-06,3.4e-06,5.05e-06,4.1e-06,5.05e-06
4.365e-06,3.05e-06,5.32e-06,4.545e-06,5.32e-06
4.34e-06,3.44e-06,5.56e-06,4.18e-06,5.56e-06
4.425e-06,3.31e-06,5.1e-06,4.645e-06,5.1e-06
4.483e-06,3.73e-06,5.56e-06,4.32e-06,5.56e-06
4.263e-06,3.06e-06,5.25e-06,4.371e-06,5.25e-06
4.258e-06,3.45e-06,5.33e-06,4.125e-06,5.33e-06
4.25e-06,3.23e-06,5.23e-06,4.27e-06,5.23e-06
4.412e-06,3.49e-06,5.36e-06,4.4e-06,5.36e-06
4.303e-06,2.87e-06,5.16e-06,4.59e-06,5.16e-06
4.315e-06,3.45e-06,5.39e-06,4.21e-06,5.39e-06
4.278e-06,3.01e-06,5e-06,4.55e-06,4.99e-06
4.445e-06,3.59e-06,5.24e-06,4.475e-06,5.24e-06
4.265e-06,3.02e-06,5.27e-06,4.385e-06,5.27e-06
4.177e-06,3.55e-06,5.13e-06,4.015e-06,5.13e-06
4.312e-06,3e-06,5.14e-06,4.555e-06,5.12e-06
4.21e-06,3.6e-06,5.31e-06,3.965e-06,5.31e-06
4.46e-06,3.35e-06,5.28e-06,4.605e-06,5.28e-06
4.3e-06,3.62e-06,5.19e-06,4.195e-06,5.19e-06
4.36e-06,3.32e-06,5.25e-06,4.435e-06,5.25e-06
4.227e-06,3.35e-06,5.31e-06,4.125e-06,5.31e-06
4.153e-06,3.38e-06,5.431e-06,3.9e-06,5.431e-06
4.522e-06,3.84e-06,5.53e-06,4.36e-06,5.53e-06
4.275e-06,3.12e-06,5.14e-06,4.42e-06,5.14e-06
4.347e-06,3.57e-06,5.25e-06,4.285e-06,5.25e-06
4.388e-06,3.12e-06,5.28e-06,4.575e-06,5.28e-06
4.227e-06,3.64e-06,5.23e-06,4.02e-06,5.23e-06
4.275e-06,3.27e-06,5.37e-06,4.23e-06,5.37e-06
4.127e-06,3.36e-06,5.26e-06,3.945e-06,5.26e-06
4.27e-06,2.99e-06,5.53e-06,4.28e-06,5.53e-06
4.43e-06,3.68e-06,5.2e-06,4.42e-06,5.2e-06
4.403e-06,2.93e-06,5.42e-06,4.63e-06,5.42e-06
4.225e-06,3.43e-06,5.351e-06,4.06e-06,5.351e-06
4.478e-06,3.54e-06,5.4e-06,4.485e-06,5.14e-06
4.223e-06,3.48e-06,5.31e-06,4.05e-06,5.31e-06
4.353e-06,3.44e-06,5.43e-06,4.27e-06,5.43e-06
4.305e-06,3.68e-06,5.22e-06,4.16e-06,5.22e-06
4.325e-06,2.95e-06,5.31e-06,4.52e-06,5.31e-06
4.47e-06,3.83e-06,5.39e-06,4.33e-06,5.39e-06
4.642e-06,3.29e-06,5.77e-06,4.755e-06,5.77e-06
4.315e-06,3.49e-06,5.32e-06,4.225e-06,5.32e-06
4.322e-06,3.38e-06,5.17e-06,4.37e-06,5.17e-06
4.26e-06,3.06e-06,5.52e-06,4.23e-06,5.52e-06
4.403e-06,3.35e-06,5.581e-06,4.34e-06,5.581e-06
4.272e-06,3.8e-06,5.14e-06,4.075e-06,5.14e-06
4.275e-06,3.09e-06,5.02e-06,4.495e-06,5.02e-06
4.183e-06,3.48e-06,4.99e-06,4.13e-06,4.99e-06
4.318e-06,3.38e-06,5.16e-06,4.365e-06,5.16e-06
4.423e-06,3.81e-06,5.48e-06,4.2e-06,5.48e-06
4.36e-06,3.23e-06,5.78e-06,4.215e-06,5.78e-06
4.242e-06,3.92e-06,4.97e-06,4.04e-06,4.97e-06
4.348e-06,3.01e-06,5.23e-06,4.575e-06,5.23e-06
4.272e-06,3.44e-06,5.54e-06,4.055e-06,5.54e-06
4.322e-06,2.99e-06,5.57e-06,4.365e-06,5.57e-06
4.26e-06,3.64e-06,5.141e-06,4.13e-06,5.141e-06
4.225e-06,3.22e-06,5.07e-06,4.305e-06,5.07e-06
4.172e-06,3.36e-06,5.2e-06,4.065e-06,5.2e-06
4.307e-06,3.15e-06,5.21e-06,4.435e-06,5.21e-06
4.243e-06,3.55e-06,5.29e-06,4.065e-06,5.29e-06
4.212e-06,2.99e-06,5.21e-06,4.325e-06,5.21e-06
4.585e-06,3.79e-06,5.31e-06,4.62e-06,5.31e-06
4.622e-06,3.76e-06,5.51e-06,4.61e-06,5.45e-06
4.212e-06,3.55e-06,5.3e-06,4e-06,5.3e-06
4.272e-06,2.91e-06,5.3e-06,4.44e-06,5.3e-06
4.14e-06,3.37e-06,4.93e-06,4.13e-06,4.93e-06
4.3e-06,3.12e-06,5.091e-06,4.495e-06,5.091e-06
4.335e-06,3.54e-06,5.55e-06,4.125e-06,5.55e-06
4.332e-06,3.49e-06,5.23e-06,4.305e-06,5.23e-06
4.268e-06,3.63e-06,5.2e-06,4.12e-06,5.2e-06
4.192e-06,3.15e-06,5.11e-06,4.255e-06,5.11e-06
4.275e-06,3.8e-06,5.29e-06,4.005e-06,5.29e-06
4.342e-06,3.31e-06,5.46e-06,4.3e-06,5.46e-06
4.563e-06,3.78e-06,5.73e-06,4.37e-06,5.73e-06
4.335e-06,2.86e-06,5.37e-06,4.555e-06,5.37e-06
4.188e-06,3.56e-06,5.14e-06,4.025e-06,5.14e-06
4.312e-06,3.08e-06,5.36e-06,4.405e-06,5.36e-06
4.475e-06,3.57e-06,5.751e-06,4.29e-06,5.751e-06
4.473e-06,3.11e-06,5.6e-06,4.59e-06,5.6e-06
4.102e-06,3.43e-06,5.22e-06,3.88e-06,5.22e-06
4.305e-06,2.96e-06,4.92e-06,4.67e-06,4.92e-06
4.37e-06,3.64e-06,5.45e-06,4.195e-06,5.45e-06
4.263e-06,3.02e-06,5.33e-06,4.35e-06,5.33e-06
4.217e-06,3.59e-06,5.26e-06,4.01e-06,5.26e-06
4.425e-06,3.36e-06,5.17e-06,4.585e-06,5.17e-06
4.227e-06,3.84e-06,5.07e-06,4e-06,5.07e-06
4.262e-06,3.15e-06,5.53e-06,4.185e-06,5.53e-06
4.417e-06,3.96e-06,5.1e-06,4.305e-06,5.1e-06
4.26e-06,3.1e-06,5.151e-06,4.395e-06,5.151e-06
4.273e-06,3.74e-06,5.24e-06,4.055e-06,5.24e-06
4.29e-06,3.25e-06,5.2e-06,4.355e-06,5.2e-06
4.215e-06,3.64e-06,5.01e-06,4.105e-06,5.01e-06
4.165e-06,2.99e-06,5.19e-06,4.24e-06,5.19e-06
4.278e-06,2.89e-06,5.82e-06,4.2e-06,5.82e-06
4.42e-06,3.01e-06,5.2e-06,4.735e-06,5.2e-06
4.243e-06,3.75e-06,5.09e-06,4.065e-06,5.09e-06
4.263e-06,2.88e-06,5.44e-06,4.365e-06,5.44e-06
4.187e-06,3.62e-06,5.08e-06,4.025e-06,5.08e-06
4.33e-06,2.84e-06,5.45e-06,4.515e-06,5.45e-06
4.31e-06,3.48e-06,5.3e-06,4.23e-06,5.3e-06
4.332e-06,3.01e-06,5.23e-06,4.545e-06,5.23e-06
4.485e-06,3.63e-06,5.28e-06,4.515e-06,5.28e-06
4.257e-06,3.14e-06,5.37e-06,4.26e-06,5.37e-06
4.29e-06,3.56e-06,5.22e-06,4.191e-06,5.22e-06
4.165e-06,2.98e-06,5.21e-06,4.235e-06,5.21e-06
4.403e-06,3.64e-06,5.44e-06,4.265e-06,5.44e-06
4.527e-06,3.15e-06,5.3e-06,4.83e-06,5.3e-06
4.065e-06,3.16e-06,5.24e-06,3.93e-06,5.24e-06
4.105e-06,2.84e-06,5.23e-06,4.175e-06,5.23e-06
4.308e-06,3.54e-06,5.58e-06,4.055e-06,5.58e-06
4.375e-06,3.22e-06,5.3e-06,4.49e-06,5.3e-06
4.37e-06,3.43e-06,5.09e-06,4.48e-06,5.09e-06
4.32e-06,3.21e-06,5.15e-06,4.46e-06,5.15e-06
4.308e-06,3.59e-06,5.55e-06,4.045e-06,5.55e-06
4.157e-06,3.26e-06,5.1e-06,4.135e-06,5.1e-06
4.253e-06,3.55e-06,5.08e-06,4.19e-06,5.08e-06
4.303e-06,3.04e-06,5.34e-06,4.415e-06,5.34e-06
4.533e-06,3.36e-06,5.99e-06,4.391e-06,5.99e-06
4.297e-06,3.13e-06,5.21e-06,4.425e-06,5.21e-06
4.268e-06,3.49e-06,5.57e-06,4.005e-06,5.57e-06
4.363e-06,3.42e-06,5.12e-06,4.455e-06,5.12e-06
4.178e-06,3.65e-06,5.09e-06,3.985e-06,5.09e-06
4.163e-06,3.1e-06,5.201e-06,4.175e-06,5.201e-06
4.31e-06,3.8e-06,5.18e-06,4.13e-06,5.18e-06
4.442e-06,3.39e-06,5.38e-06,4.5e-06,5.38e-06
4.47e-06,3.74e-06,5.57e-06,4.285e-06,5.57e-06
4.382e-06,2.91e-06,5.58e-06,4.52e-06,5.58e-06
4.428e-06,3.401e-06,6.12e-06,4.095e-06,6.12e-06
4.138e-06,3.06e-06,5.09e-06,4.2e-06,5.09e-06
4.145e-06,3.22e-06,4.92e-06,4.22e-06,4.92e-06
4.548e-06,3.28e-06,5.34e-06,4.785e-06,5.34e-06
4.387e-06,3.69e-06,5.73e-06,4.065e-06,5.73e-06
4.45e-06,3.38e-06,5.34e-06,4.54e-06,5.34e-06
4.223e-06,3.44e-06,5.351e-06,4.05e-06,5.351e-06
4.295e-06,2.93e-06,5.65e-06,4.3e-06,5.65e-06
4.103e-06,3.4e-06,5.06e-06,3.975e-06,5.06e-06
4.393e-06,3.49e-06,5.28e-06,4.4e-06,5.28e-06
4.245e-06,3.34e-06,5.09e-06,4.275e-06,5.09e-06
4.383e-06,3.21e-06,5.53e-06,4.395e-06,5.53e-06
4.345e-06,3.83e-06,5.17e-06,4.19e-06,5.17e-06
4.412e-06,3.07e-06,5.07e-06,4.755e-06,5.07e-06
4.4e-06,3.78e-06,5.21e-06,4.305e-06,5.21e-06
4.45e-06,3.31e-06,5.45e-06,4.52e-06,5.45e-06
4.318e-06,3.6e-06,5.34e-06,4.165e-06,5.34e-06
4.263e-06,3.28e-06,4.931e-06,4.42e-06,4.931e-06
4.27e-06,3.83e-06,5.11e-06,4.07e-06,5.11e-06
4.323e-06,3.04e-06,5.4e-06,4.425e-06,5.4e-06
4.488e-06,3.58e-06,5.83e-06,4.27e-06,5.83e-06
4.447e-06,3.3e-06,5.21e-06,4.64e-06,5.21e-06
4.36e-06,3.77e-06,5.11e-06,4.28e-06,5.11e-06
4.012e-06,2.95e-06,5.27e-06,3.915e-06,5.27e-06
4.303e-06,3.65e-06,5.23e-06,4.165e-06,5.23e-06
4.15e-06,2.97e-06,5.12e-06,4.255e-06,5.12e-06
4.152e-06,3.56e-06,5.23e-06,3.91e-06,5.23e-06
4.458e-06,3.23e-06,5.45e-06,4.576e-06,5.45e-06
4.32e-06,3.95e-06,5.191e-06,4.07e-06,5.191e-06
4.405e-06,3.76e-06,5.19e-06,4.335e-06,5.19e-06
4.152e-06,3.22e-06,5.58e-06,3.905e-06,5.58e-06
4.398e-06,3.04e-06,5.5e-06,4.525e-06,5.5e-06
4.223e-06,3.53e-06,5.12e-06,4.12e-06,5.12e-06
4.317e-06,3.16e-06,5.17e-06,4.47e-06,5.17e-06
4.217e-06,3.56e-06,5.44e-06,3.935e-06,5.44e-06
4.237e-06,3.05e-06,4.99e-06,4.455e-06,4.94e-06
4.28e-06,3.54e-06,5.33e-06,4.125e-06,5.33e-06
4.425e-06,3.48e-06,5.45e-06,4.385e-06,5.45e-06
4.168e-06,3.42e-06,5.15e-06,4.05e-06,5.15e-06
4.27e-06,3e-06,5.01e-06,4.535e-06,5.01e-06
4.23e-06,3.67e-06,5.23e-06,4.01e-06,5.23e-06
4.305e-06,2.67e-06,5.35e-06,4.6e-06,5.35e-06
4.57e-06,3.96e-06,5.24e-06,4.54e-06,5.24e-06
4.312e-06,3e-06,5.22e-06,4.515e-06,5.22e-06
4.057e-06,3.05e-06,5.11e-06,4.035e-06,5.11e-06
4.293e-06,3.13e-06,5.5e-06,4.27e-06,5.5e-06
4.31e-06,3.7e-06,5.51e-06,4.015e-06,5.51e-06
4.198e-06,3.05e-06,4.84e-06,4.45e-06,4.84e-06
4.285e-06,3.63e-06,5.08e-06,4.215e-06,5.08e-06
4.245e-06,2.881e-06,5.44e-06,4.33e-06,5.44e-06
4.363e-06,3.65e-06,5.15e-06,4.325e-06,5.15e-06
4.28e-06,3.49e-06,5.14e-06,4.245e-06,5.14e-06
4.205e-06,3.5e-06,5e-06,4.16e-06,5e-06
4.468e-06,3.08e-06,5.25e-06,4.77e-06,5.25e-06
4.29e-06,3.52e-06,5.11e-06,4.265e-06,5.11e-06
4.323e-06,2.92e-06,5.59e-06,4.39e-06,5.59e-06
4.26e-06,3.86e-06,5.14e-06,4.02e-06,5.14e-06
4.24e-06,2.84e-06,5.14e-06,4.49e-06,5.14e-06
4.188e-06,3.66e-06,5.17e-06,3.96e-06,5.17e-06
4.402e-06,3.06e-06,5.19e-06,4.68e-06,5.19e-06
4.247e-06,3.47e-06,5.11e-06,4.205e-06,5.11e-06
4.258e-06,2.99e-06,5.26e-06,4.39e-06,5.26e-06
4.22e-06,3.64e-06,5.12e-06,4.06e-06,5.12e-06
4.16e-06,2.59e-06,5.62e-06,4.215e-06,5.62e-06
4.26e-06,3.81e-06,5.21e-06,4.01e-06,5.21e-06
4.46e-06,3.05e-06,5.8e-06,4.495e-06,5.8e-06
4.203e-06,3.36e-06,4.88e-06,4.285e-06,4.88e-06
4.3e-06,3.17e-06,5.18e-06,4.425e-06,5.18e-06
4.323e-06,3.44e-06,5.25e-06,4.3e-06,5.25e-06
4.303e-06,3.15e-06,5.14e-06,4.46e-06,5.14e-06
4.44e-06,3.86e-06,5.23e-06,4.335e-06,5.23e-06
4.3e-06,3.03e-06,5.19e-06,4.49e-06,5.19e-06
4.3e-06,3.58e-06,5.2e-06,4.21e-06,5.2e-06
4.351e-06,3.461e-06,5.401e-06,4.27e-06,5.401e-06
4.418e-06,3.77e-06,5.04e-06,4.43e-06,5.04e-06
4.372e-06,3.03e-06,5.5e-06,4.48e-06,5.5e-06
4.14e-06,3.68e-06,5.01e-06,3.935e-06,5.01e-06
4.202e-06,2.98e-06,5.27e-06,4.28e-06,5.27e-06
4.228e-06,3.56e-06,5.33e-06,4.01e-06,5.33e-06
4.085e-06,2.67e-06,5.24e-06,4.215e-06,5.24e-06
4.243e-06,3.19e-06,5.44e-06,4.17e-06,5.44e-06
4.32e-06,3e-06,4.95e-06,4.665e-06,4.95e-06
4.205e-06,3.45e-06,5.28e-06,4.045e-06,5.28e-06
4.345e-06,3.18e-06,5.18e-06,4.51e-06,5.18e-06
4.245e-06,3.61e-06,5.281e-06,4.045e-06,5.281e-06
4.282e-06,3.04e-06,5.43e-06,4.33e-06,5.43e-06
4.193e-06,3.58e-06,5.16e-06,4.015e-06,5.16e-06
4.14e-06,2.99e-06,5.04e-06,4.265e-06,5.04e-06
4.332e-06,3.69e-06,5.02e-06,4.31e-06,5.02e-06
4.32e-06,3.27e-06,5.24e-06,4.385e-06,5.24e-06
4.297e-06,3.52e-06,5.18e-06,4.245e-06,5.18e-06
4.167e-06,2.91e-06,5.15e-06,4.305e-06,5.15e-06
4.477e-06,3.95e-06,5.21e-06,4.375e-06,5.21e-06
4.26e-06,2.97e-06,5.55e-06,4.26e-06,5.55e-06
4.207e-06,3.49e-06,5.42e-06,3.96e-06,5.42e-06
4.368e-06,3.2e-06,5.461e-06,4.405e-06,5.461e-06
4.085e-06,3.54e-06,5.02e-06,3.89e-06,5.02e-06
4.2e-06,3e-06,5.17e-06,4.315e-06,5.17e-06
4.237e-06,3.63e-06,5.38e-06,3.97e-06,5.38e-06
4.335e-06,3.17e-06,5.21e-06,4.48e-06,5.21e-06
4.295e-06,3.63e-06,5.64e-06,3.955e-06,5.64e-06
4.24e-06,3.13e-06,5.23e-06,4.3e-06,5.23e-06
4.313e-06,3.82e-06,5.22e-06,4.106e-06,5.22e-06
4.32e-06,2.94e-06,5.55e-06,4.395e-06,5.55e-06
4.212e-06,3.57e-06,5.13e-06,4.075e-06,5.13e-06
4.32e-06,3.06e-06,5.16e-06,4.53e-06,5.16e-06
4.42e-06,3.82e-06,5.261e-06,4.3e-06,5.261e-06
4.368e-06,2.96e-06,5.38e-06,4.565e-06,5.38e-06
4.207e-06,3.18e-06,5.33e-06,4.16e-06,5.33e-06
4.142e-06,2.87e-06,5.18e-06,4.26e-06,5.18e-06
4.545e-06,3.76e-06,5.73e-06,4.345e-06,5.73e-06
4.31e-06,2.93e-06,5.27e-06,4.52e-06,5.27e-06
5.42e-06,4.06e-06,6.9e-06,5.36e-06,5.36e-06
4.36e-06,3.07e-06,5.23e-06,4.57e-06,5.23e-06
4.242e-06,3.82e-06,5.2e-06,3.975e-06,5.2e-06
4.16e-06,3.04e-06,5.09e-06,4.255e-06,5.09e-06
4.497e-06,3.66e-06,5.19e-06,4.57e-06,5.19e-06
4.395e-06,3.26e-06,5.391e-06,4.465e-06,5.391e-06
4.522e-06,3.73e-06,5.63e-06,4.365e-06,5.63e-06
4.295e-06,3.11e-06,5.4e-06,4.335e-06,5.4e-06
4.23e-06,3.78e-06,5.05e-06,4.045e-06,5.05e-06
4.355e-06,3.111e-06,5.49e-06,4.41e-06,5.49e-06
4.173e-06,3.46e-06,5.11e-06,4.06e-06,5.11e-06
4.368e-06,3.21e-06,5.17e-06,4.545e-06,5.17e-06
4.217e-06,3.61e-06,5.4e-06,3.93e-06,5.4e-06
4.25e-06,3.13e-06,5.42e-06,4.225e-06,5.42e-06
4.315e-06,3.89e-06,5.11e-06,4.13e-06,5.11e-06
4.552e-06,3.1e-06,5.62e-06,4.745e-06,5.62e-06
4.365e-06,3.53e-06,5.721e-06,4.105e-06,5.721e-06
4.13e-06,3.12e-06,5.25e-06,4.075e-06,5.25e-06
4.177e-06,3.34e-06,5.14e-06,4.115e-06,5.14e-06
4.302e-06,3.25e-06,5.24e-06,4.36e-06,5.24e-06
4.17e-06,3.37e-06,5.32e-06,3.995e-06,5.32e-06
4.42e-06,3.05e-06,5.41e-06,4.61e-06,5.41e-06
4.305e-06,3.64e-06,5.22e-06,4.18e-06,5.22e-06
4.305e-06,3.33e-06,5.15e-06,4.37e-06,5.15e-06
4.43e-06,3.72e-06,5.64e-06,4.18e-06,5.64e-06
4.307e-06,3.75e-06,5.08e-06,4.2e-06,5.08e-06
4.335e-06,3.38e-06,5.19e-06,4.385e-06,5.19e-06
4.24e-06,2.88e-06,5.281e-06,4.4e-06,5.281e-06
4.315e-06,3.82e-06,5.55e-06,3.945e-06,5.55e-06
4.335e-06,2.89e-06,5.63e-06,4.41e-06,5.63e-06
4.397e-06,3.98e-06,5.22e-06,4.195e-06,5.22e-06
4.263e-06,2.98e-06,5.21e-06,4.43e-06,5.21e-06
4.257e-06,3.2e-06,5.27e-06,4.28e-06,5.27e-06
4.282e-06,3.28e-06,5.11e-06,4.37e-06,5.11e-06
4.457e-06,3.76e-06,5.57e-06,4.25e-06,5.57e-06
4.355e-06,3.03e-06,5.53e-06,4.43e-06,5.53e-06
4.335e-06,3.47e-06,5.79e-06,4.04e-06,5.79e-06
4.38e-06,2.94e-06,5.33e-06,4.625e-06,5.33e-06
4.168e-06,3.43e-06,5.291e-06,3.975e-06,5.291e-06
4.115e-06,3.24e-06,5.31e-06,3.955e-06,5.31e-06
4.295e-06,3.94e-06,5.17e-06,4.035e-06,5.17e-06
4.262e-06,3.37e-06,5.01e-06,4.335e-06,5.01e-06
4.233e-06,3.56e-06,5.46e-06,3.955e-06,5.46e-06
4.555e-06,3.23e-06,5.18e-06,4.905e-06,5.14e-06
4.193e-06,3.5e-06,5.29e-06,3.99e-06,5.29e-06
4.227e-06,3.14e-06,5.11e-06,4.33e-06,5.11e-06
4.127e-06,3.03e-06,5.78e-06,3.85e-06,5.78e-06
4.275e-06,2.9e-06,5.53e-06,4.335e-06,5.53e-06
4.24e-06,3.53e-06,5.18e-06,4.125e-06,5.18e-06
4.355e-06,3.08e-06,5.46e-06,4.44e-06,5.46e-06
4.365e-06,3.46e-06,5.161e-06,4.42e-06,5.161e-06
4.317e-06,3.06e-06,5.44e-06,4.385e-06,5.44e-06
4.285e-06,3.55e-06,5.34e-06,4.125e-06,5.34e-06
4.135e-06,3.06e-06,5.11e-06,4.185e-06,5.11e-06
4.33e-06,3.83e-06,5.18e-06,4.155e-06,5.18e-06
4.497e-06,3e-06,5.17e-06,4.91e-06,5.17e-06
4.537e-06,4.14e-06,5.37e-06,4.32e-06,5.37e-06
4.468e-06,2.93e-06,5.22e-06,4.86e-06,5.22e-06
4.408e-06,3.441e-06,5.61e-06,4.29e-06,5.61e-06
4.287e-06,3.16e-06,5.29e-06,4.35e-06,5.29e-06
4.202e-06,3.27e-06,5.54e-06,4e-06,5.54e-06
4.127e-06,3.04e-06,5.16e-06,4.155e-06,5.16e-06
4.25e-06,3.78e-06,5.26e-06,3.98e-06,5.26e-06
4.365e-06,3.26e-06,4.92e-06,4.641e-06,4.87e-06
4.305e-06,3.67e-06,5.35e-06,4.1e-06,5.35e-06
5.155e-06,3.9e-06,6.46e-06,5.13e-06,5.31e-06
4.21e-06,3.55e-06,5.36e-06,3.965e-06,5.36e-06
4.212e-06,3.12e-06,5.29e-06,4.22e-06,5.29e-06
4.193e-06,3.42e-06,4.85e-06,4.25e-06,4.85e-06
4.457e-06,3.1e-06,5.06e-06,4.835e-06,5.06e-06
4.322e-06,3.61e-06,5.6e-06,4.04e-06,5.6e-06
4.223e-06,3.01e-06,5.14e-06,4.37e-06,5.14e-06
4.413e-06,3.5e-06,5.611e-06,4.27e-06,5.611e-06
4.198e-06,2.86e-06,5.22e-06,4.355e-06,5.22e-06
4.26e-06,3.53e-06,5.11e-06,4.2e-06,5.11e-06
4.39e-06,3.12e-06,5.73e-06,4.355e-06,5.73e-06
4.245e-06,3.62e-06,5.18e-06,4.09e-06,5.18e-06
4.373e-06,3.11e-06,5.42e-06,4.48e-06,5.42e-06
4.385e-06,3.87e-06,5.62e-06,4.025e-06,5.62e-06
4.248e-06,3.23e-06,5.2e-06,4.28e-06,5.2e-06
4.575e-06,3.73e-06,5.79e-06,4.39e-06,5.79e-06
4.36e-06,3.15e-06,5.65e-06,4.32e-06,5.65e-06
4.068e-06,3.231e-06,4.9e-06,4.07e-06,4.9e-06
4.378e-06,3.12e-06,5.211e-06,4.59e-06,5.211e-06
4.395e-06,3.44e-06,5.4e-06,4.37e-06,5.4e-06
4.265e-06,2.58e-06,5.76e-06,4.36e-06,5.76e-06
4.442e-06,3.82e-06,5.33e-06,4.31e-06,5.33e-06
4.435e-06,3.38e-06,5.45e-06,4.455e-06,5.45e-06
4.2e-06,3.37e-06,5.56e-06,3.935e-06,5.56e-06
4.068e-06,3.11e-06,5.09e-06,4.035e-06,5.09e-06
4.36e-06,3.58e-06,5.54e-06,4.16e-06,5.54e-06
4.42e-06,3.21e-06,5.41e-06,4.53e-06,5.41e-06
4.547e-06,3.58e-06,5.7e-06,4.455e-06,5.7e-06
4.267e-06,3.05e-06,5.22e-06,4.4e-06,5.22e-06
4.268e-06,3.85e-06,5.141e-06,4.04e-06,5.141e-06
4.165e-06,2.94e-06,5.28e-06,4.22e-06,5.28e-06
4.487e-06,3.57e-06,5.89e-06,4.245e-06,5.89e-06
4.34e-06,2.89e-06,5.28e-06,4.595e-06,5.28e-06
4.285e-06,3.77e-06,5.19e-06,4.09e-06,5.19e-06
4.403e-06,3.26e-06,5.45e-06,4.45e-06,5.45e-06
4.313e-06,3.65e-06,5.66e-06,3.97e-06,5.66e-06
4.305e-06,2.94e-06,5.46e-06,4.41e-06,5.46e-06
4.46e-06,3.14e-06,5.69e-06,4.505e-06,5.69e-06
4.283e-06,3.15e-06,5.41e-06,4.285e-06,5.41e-06
4.308e-06,3.63e-06,5.24e-06,4.18e-06,5.24e-06
4.328e-06,3.01e-06,5.741e-06,4.28e-06,5.741e-06
4.27e-06,3.76e-06,5.26e-06,4.03e-06,5.26e-06
4.21e-06,2.97e-06,5.08e-06,4.395e-06,5.08e-06
4.285e-06,3.7e-06,5.14e-06,4.15e-06,5.14e-06
4.165e-06,2.97e-06,4.99e-06,4.35e-06,4.99e-06
4.225e-06,3.4e-06,5.6e-06,3.95e-06,5.6e-06
4.497e-06,3.01e-06,5.3e-06,4.84e-06,5.3e-06
4.31e-06,3.7e-06,5.44e-06,4.05e-06,5.44e-06
4.505e-06,3.33e-06,5.38e-06,4.655e-06,5.38e-06
3.2292e-05,3.91e-06,0.00011535,4.955e-06,5.81e-06
4.497e-06,3.05e-06,6e-06,4.47e-06,6e-06
4.37e-06,3.37e-06,5.31e-06,4.4e-06,5.31e-06
4.315e-06,3.2e-06,5.31e-06,4.375e-06,5.31e-06
4.105e-06,3.37e-06,4.89e-06,4.08e-06,4.89e-06
4.375e-06,3.18e-06,5.72e-06,4.3e-06,5.72e-06
4.28e-06,3.91e-06,5.12e-06,4.045e-06,5.12e-06
4.473e-06,3.17e-06,5.15e-06,4.786e-06,5.15e-06
4.22e-06,3.45e-06,5.2e-06,4.115e-06,5.2e-06
4.34e-06,3.14e-06,5.21e-06,4.505e-06,5.21e-06
4.182e-06,3.16e-06,5.24e-06,4.165e-06,5.24e-06
4.402e-06,3.57e-06,5.15e-06,4.445e-06,5.15e-06
4.275e-06,3.79e-06,5.18e-06,4.065e-06,5.18e-06
4.12e-06,2.85e-06,5.1e-06,4.265e-06,5.1e-06
4.34e-06,3.55e-06,5.7e-06,4.055e-06,5.7e-06
4.368e-06,3.02e-06,5.17e-06,4.64e-06,5.17e-06
4.437e-06,3.7e-06,5.71e-06,4.17e-06,5.71e-06
4.105e-06,2.97e-06,5.25e-06,4.1e-06,5.25e-06
4.232e-06,3.38e-06,5.19e-06,4.18e-06,5.19e-06
4.263e-06,2.87e-06,5.63e-06,4.275e-06,5.63e-06
4.585e-06,4.06e-06,5.521e-06,4.38e-06,5.521e-06
4.347e-06,3.33e-06,5.36e-06,4.35e-06,5.36e-06
4.235e-06,3.7e-06,5.23e-06,4.005e-06,5.23e-06
4.343e-06,2.98e-06,5.12e-06,4.635e-06,5.12e-06
4.328e-06,3.83e-06,5.38e-06,4.05e-06,5.38e-06
4.303e-06,3.241e-06,5.19e-06,4.39e-06,5.19e-06
4.14e-06,3.56e-06,5.28e-06,3.86e-06,5.28e-06
4.36e-06,3.12e-06,5.23e-06,4.545e-06,5.23e-06
4.245e-06,3.71e-06,5.24e-06,4.015e-06,5.24e-06
4.338e-06,2.96e-06,5.05e-06,4.67e-06,5.05e-06
4.565e-06,3.96e-06,5.32e-06,4.49e-06,5.32e-06
4.165e-06,2.97e-06,5.051e-06,4.32e-06,5.051e-06
4.225e-06,3.4e-06,5.01e-06,4.245e-06,5.01e-06
4.355e-06,3.38e-06,5.45e-06,4.295e-06,5.45e-06
4.22e-06,3.67e-06,5.32e-06,3.945e-06,5.32e-06
4.287e-06,3.2e-06,5.27e-06,4.34e-06,5.27e-06
4.188e-06,3.14e-06,5.56e-06,4.025e-06,5.56e-06
4.29e-06,3.07e-06,5.15e-06,4.47e-06,5.15e-06
4.255e-06,3.71e-06,5.31e-06,4e-06,5.31e-06
4.225e-06,2.76e-06,5.76e-06,4.191e-06,5.76e-06
4.147e-06,3.58e-06,5.19e-06,3.91e-06,5.19e-06
4.44e-06,3.18e-06,5.16e-06,4.71e-06,5.16e-06
4.373e-06,3.44e-06,5.591e-06,4.23e-06,5.591e-06
4.343e-06,3.28e-06,5.22e-06,4.435e-06,5.22e-06
4.455e-06,3.78e-06,5.22e-06,4.41e-06,5.22e-06
4.312e-06,3.25e-06,5.19e-06,4.405e-06,5.19e-06
4.223e-06,3.38e-06,5.25e-06,4.13e-06,5.25e-06
4.217e-06,3.07e-06,4.99e-06,4.405e-06,4.99e-06
4.213e-06,3.73e-06,5.26e-06,3.93e-06,5.26e-06
4.205e-06,2.991e-06,5.08e-06,4.375e-06,5.08e-06
4.517e-06,3.74e-06,5.43e-06,4.45e-06,5.43e-06
4.58e-06,3.2e-06,5.93e-06,4.595e-06,5.93e-06
4.47e-06,4e-06,5.46e-06,4.21e-06,5.46e-06
4.083e-06,2.99e-06,5.231e-06,4.055e-06,5.231e-06
4.217e-06,3.84e-06,5.04e-06,3.995e-06,5.04e-06
4.375e-06,3.1e-06,5.34e-06,4.53e-06,5.11e-06
4.48e-06,3.83e-06,5.76e-06,4.165e-06,5.76e-06
4.375e-06,3.11e-06,5.38e-06,4.505e-06,5.38e-06
4.2e-06,3.61e-06,5.15e-06,4.02e-06,5.15e-06
4.413e-06,2.96e-06,5.49e-06,4.6e-06,5.49e-06
4.27e-06,3.24e-06,5.67e-06,4.085e-06,5.67e-06
4.42e-06,3.2e-06,5.33e-06,4.575e-06,5.33e-06
4.438e-06,3.63e-06,5.42e-06,4.35e-06,5.42e-06
4.233e-06,2.93e-06,5.06e-06,4.47e-06,5.06e-06
4.315e-06,3.74e-06,5.541e-06,3.99e-06,5.541e-06
4.267e-06,3.17e-06,5.28e-06,4.31e-06,5.28e-06
4.223e-06,3.43e-06,5.56e-06,3.95e-06,5.56e-06
4.23e-06,3.07e-06,5.13e-06,4.36e-06,5.13e-06
4.335e-06,3.76e-06,5.22e-06,4.18e-06,5.22e-06
4.512e-06,3.28e-06,5.3e-06,4.735e-06,5.25e-06
4.23e-06,3.62e-06,5.09e-06,4.105e-06,5.09e-06
4.4e-06,3.11e-06,5.16e-06,4.665e-06,5.16e-06
4.432e-06,3.37e-06,5.52e-06,4.42e-06,5.52e-06
4.28e-06,2.96e-06,5.38e-06,4.39e-06,5.38e-06
4.132e-06,2.98e-06,5.32e-06,4.115e-06,5.32e-06
4.43e-06,3.24e-06,5.591e-06,4.445e-06,5.591e-06
4.485e-06,3.72e-06,5.5e-06,4.36e-06,5.5e-06
4.15e-06,2.87e-06,5.03e-06,4.35e-06,5.03e-06
4.182e-06,3.78e-06,5.08e-06,3.935e-06,5.08e-06
4.21e-06,2.96e-06,5.13e-06,4.375e-06,5.13e-06
4.425e-06,3.57e-06,5.37e-06,4.38e-06,5.37e-06
4.363e-06,3.18e-06,5.29e-06,4.49e-06,5.29e-06
4.312e-06,3.44e-06,5.17e-06,4.32e-06,5.17e-06
4.317e-06,3.04e-06,5.29e-06,4.47e-06,5.29e-06
4.318e-06,3.69e-06,5.52e-06,4.031e-06,5.52e-06
4.465e-06,3.04e-06,5.26e-06,4.78e-06,5.26e-06
4.245e-06,3.47e-06,5.501e-06,4.005e-06,5.501e-06
4.415e-06,3.52e-06,5.29e-06,4.425e-06,5.29e-06
4.352e-06,3.62e-06,5.29e-06,4.25e-06,5.29e-06
4.403e-06,3.22e-06,5.23e-06,4.58e-06,5.22e-06
4.425e-06,3.51e-06,5.91e-06,4.14e-06,5.91e-06
4.17e-06,2.86e-06,5.35e-06,4.235e-06,5.35e-06
4.303e-06,3.66e-06,5.32e-06,4.115e-06,5.32e-06
4.34e-06,3.4e-06,5.33e-06,4.315e-06,5.33e-06
4.253e-06,3.58e-06,5.34e-06,4.045e-06,5.34e-06
4.235e-06,3.09e-06,5.18e-06,4.335e-06,5.18e-06
4.11e-06,3.44e-06,4.95e-06,4.025e-06,4.95e-06
4.18e-06,2.76e-06,5.28e-06,4.34e-06,5.28e-06
4.553e-06,3.95e-06,5.65e-06,4.305e-06,5.65e-06
4.282e-06,3.18e-06,5.14e-06,4.405e-06,5.14e-06
4.235e-06,3.44e-06,5.44e-06,4.031e-06,5.44e-06
4.308e-06,3.13e-06,5.45e-06,4.325e-06,5.45e-06
4.37e-06,3.61e-06,5.22e-06,4.325e-06,5.22e-06
4.385e-06,3.54e-06,5.44e-06,4.28e-06,5.44e-06
4.455e-06,3.7e-06,5.31e-06,4.405e-06,5.31e-06
4.347e-06,2.89e-06,5.52e-06,4.49e-06,5.52e-06
4.205e-06,3.68e-06,5.06e-06,4.04e-06,5.06e-06
4.095e-06,2.96e-06,4.97e-06,4.225e-06,4.97e-06
4.232e-06,3.51e-06,5.34e-06,4.04e-06,5.34e-06
4.245e-06,2.91e-06,5.461e-06,4.305e-06,5.461e-06
4.172e-06,3.35e-06,5.13e-06,4.105e-06,5.13e-06
4.41e-06,3e-06,5.14e-06,4.75e-06,5.14e-06
4.4e-06,3.78e-06,5.52e-06,4.15e-06,5.52e-06
4.282e-06,3.09e-06,5.17e-06,4.435e-06,5.17e-06
4.24e-06,3.52e-06,5.37e-06,4.035e-06,5.37e-06
4.26e-06,2.97e-06,5.37e-06,4.35e-06,5.37e-06
4.212e-06,3.82e-06,5.06e-06,3.985e-06,5.06e-06
4.233e-06,3.02e-06,5.4e-06,4.255e-06,5.4e-06
4.24e-06,3.65e-06,5.07e-06,4.12e-06,5.07e-06
4.21e-06,3.04e-06,5.42e-06,4.19e-06,5.42e-06
4.228e-06,3.45e-06,5.251e-06,4.105e-06,5.251e-06
4.255e-06,2.85e-06,5.21e-06,4.48e-06,5.21e-06
4.29e-06,3.501e-06,5.24e-06,4.21e-06,5.24e-06
4.27e-06,2.92e-06,5.31e-06,4.425e-06,5.31e-06
4.218e-06,3.48e-06,5.38e-06,4.005e-06,5.38e-06
4.535e-06,3.04e-06,5.4e-06,4.85e-06,5.4e-06
4.39e-06,3.95e-06,5.48e-06,4.065e-06,5.48e-06
4.28e-06,3.01e-06,5.4e-06,4.355e-06,5.4e-06
4.365e-06,3.11e-06,6.07e-06,4.14e-06,6.07e-06
4.355e-06,3.04e-06,5.26e-06,4.56e-06,5.26e-06
4.262e-06,3.68e-06,5.48e-06,3.945e-06,5.48e-06
4.408e-06,3.55e-06,5.101e-06,4.49e-06,5.101e-06
4.162e-06,3.67e-06,5.03e-06,3.975e-06,5.03e-06
4.338e-06,2.63e-06,5.8e-06,4.46e-06,5.8e-06
4.418e-06,3.69e-06,5.27e-06,4.355e-06,5.27e-06
4.258e-06,2.96e-06,5.32e-06,4.375e-06,5.32e-06
4.295e-06,3.8e-06,5.1e-06,4.14e-06,5.1e-06
4.44e-06,3.15e-06,5.37e-06,4.62e-06,5.37e-06
4.235e-06,3.2e-06,5.55e-06,4.095e-06,5.55e-06
4.32e-06,3.48e-06,5.27e-06,4.265e-06,5.27e-06
4.403e-06,3.53e-06,5.82e-06,4.13e-06,5.82e-06
4.327e-06,3.26e-06,5.04e-06,4.505e-06,4.88e-06
4.128e-06,3.48e-06,5.161e-06,3.935e-06,5.161e-06
4.45e-06,3.03e-06,5.3e-06,4.735e-06,5.3e-06
4.2e-06,3.49e-06,5.21e-06,4.05e-06,5.21e-06
4.385e-06,3.22e-06,5.57e-06,4.375e-06,5.57e-06
4.283e-06,3.731e-06,5.16e-06,4.12e-06,5.16e-06
4.36e-06,3.05e-06,5.54e-06,4.425e-06,5.54e-06
4.392e-06,3.26e-06,5.99e-06,4.16e-06,5.99e-06
4.293e-06,3.67e-06,5.05e-06,4.225e-06,5.05e-06
4.19e-06,3.55e-06,5.29e-06,3.96e-06,5.29e-06
4.233e-06,3.13e-06,5.04e-06,4.38e-06,5.04e-06
4.318e-06,3.61e-06,5.09e-06,4.285e-06,5.09e-06
4.15e-06,3.04e-06,5.24e-06,4.16e-06,5.24e-06
4.21e-06,3.67e-06,5.31e-06,3.93e-06,5.31e-06
4.265e-06,3.18e-06,5.17e-06,4.355e-06,5.17e-06
4.358e-06,3.891e-06,5.24e-06,4.15e-06,5.24e-06
4.355e-06,2.93e-06,5.35e-06,4.57e-06,5.35e-06
4.303e-06,3.5e-06,5.65e-06,4.03e-06,5.65e-06
4.21e-06,2.98e-06,5.19e-06,4.335e-06,5.19e-06
4.15e-06,3.56e-06,4.83e-06,4.105e-06,4.83e-06
4.385e-06,3e-06,5.77e-06,4.385e-06,5.77e-06
4.228e-06,3.65e-06,5.13e-06,4.065e-06,5.13e-06
4.408e-06,3.22e-06,5.17e-06,4.62e-06,5.17e-06
4.293e-06,3.84e-06,5.13e-06,4.1e-06,5.13e-06
4.325e-06,3.03e-06,5.431e-06,4.42e-06,5.431e-06
4.398e-06,3.95e-06,5.27e-06,4.185e-06,5.27e-06
4.138e-06,3.08e-06,5.29e-06,4.09e-06,5.29e-06
4.253e-06,3.35e-06,5.13e-06,4.265e-06,5.13e-06
4.422e-06,3.22e-06,5.41e-06,4.53e-06,5.41e-06
4.242e-06,3.8e-06,4.95e-06,4.11e-06,4.95e-06
4.298e-06,3.3e-06,5.06e-06,4.415e-06,5.06e-06
4.275e-06,3.9e-06,5.16e-06,4.02e-06,5.16e-06
4.545e-06,3.21e-06,5.29e-06,4.84e-06,5.29e-06
4.31e-06,3.36e-06,5.47e-06,4.205e-06,5.47e-06
4.427e-06,3.3e-06,5.17e-06,4.62e-06,5.11e-06
4.18e-06,3.46e-06,5.351e-06,3.955e-06,5.351e-06
4.357e-06,3.14e-06,5.09e-06,4.6e-06,5.09e-06
4.185e-06,3.48e-06,5.4e-06,3.93e-06,5.4e-06
4.41e-06,3e-06,5.41e-06,4.615e-06,5.41e-06
4.265e-06,3.45e-06,5.17e-06,4.22e-06,5.17e-06
4.063e-06,2.83e-06,5.14e-06,4.14e-06,5.14e-06
4.242e-06,3.72e-06,5.18e-06,4.035e-06,5.18e-06
4.277e-06,3.02e-06,5.18e-06,4.455e-06,5.18e-06
4.195e-06,3.54e-06,5.21e-06,4.015e-06,5.21e-06
4.482e-06,3.19e-06,5.22e-06,4.76e-06,5.09e-06
4.165e-06,3.44e-06,5.15e-06,4.035e-06,5.15e-06
4.348e-06,3.42e-06,5.261e-06,4.355e-06,5.261e-06
4.143e-06,3.41e-06,5.23e-06,3.965e-06,5.23e-06
4.338e-06,2.89e-06,5.8e-06,4.33e-06,5.8e-06
4.207e-06,3.54e-06,5.36e-06,3.965e-06,5.36e-06
4.29e-06,3.15e-06,5.28e-06,4.365e-06,5.28e-06
4.175e-06,3.56e-06,5.11e-06,4.015e-06,5.11e-06
4.19e-06,3.08e-06,5.35e-06,4.166e-06,5.35e-06
4.337e-06,3.48e-06,5.42e-06,4.225e-06,5.42e-06
4.31e-06,3.071e-06,5.65e-06,4.26e-06,5.65e-06
4.325e-06,3.75e-06,5.07e-06,4.24e-06,5.07e-06
4.328e-06,3.16e-06,5.16e-06,4.495e-06,5.16e-06
4.277e-06,3.64e-06,5.47e-06,4e-06,5.47e-06
4.378e-06,3.05e-06,5.19e-06,4.635e-06,5.19e-06
4.17e-06,3.52e-06,5.16e-06,4e-06,5.16e-06
4.29e-06,3.26e-06,5.07e-06,4.415e-06,5.07e-06
4.2e-06,3.05e-06,5.66e-06,4.045e-06,5.66e-06
4.215e-06,3.08e-06,5.29e-06,4.245e-06,5.29e-06
4.345e-06,3.79e-06,5.16e-06,4.215e-06,5.16e-06
4.495e-06,3.4e-06,5.25e-06,4.665e-06,5.25e-06
4.378e-06,3.89e-06,5.58e-06,4.02e-06,5.58e-06
4.263e-06,3.3e-06,5.13e-06,4.31e-06,5.13e-06
4.405e-06,3.87e-06,5.21e-06,4.27e-06,5.21e-06
4.148e-06,2.99e-06,5.13e-06,4.235e-06,5.13e-06
4.33e-06,3.71e-06,4.921e-06,4.345e-06,4.921e-06
4.447e-06,3.54e-06,5.43e-06,4.41e-06,5.43e-06
4.125e-06,3.44e-06,5.12e-06,3.971e-06,5.12e-06
4.16e-06,3.01e-06,5.23e-06,4.2e-06,5.23e-06
4.298e-06,3.41e-06,5.36e-06,4.21e-06,5.36e-06
4.19e-06,3.05e-06,5.21e-06,4.25e-06,5.21e-06
4.433e-06,3.67e-06,5.49e-06,4.285e-06,5.49e-06
4.29e-06,3.46e-06,4.89e-06,4.405e-06,4.89e-06
4.165e-06,3.67e-06,5.18e-06,3.905e-06,5.18e-06
4.418e-06,3.29e-06,5.35e-06,4.515e-06,5.35e-06
4.54e-06,3.9e-06,5.44e-06,4.411e-06,5.44e-06
4.263e-06,3.22e-06,5.171e-06,4.33e-06,5.171e-06
4.375e-06,3.89e-06,5.43e-06,4.09e-06,5.43e-06
4.28e-06,3.3e-06,5.12e-06,4.35e-06,5.12e-06
4.162e-06,3.6e-06,5.02e-06,4.015e-06,5.02e-06
4.312e-06,3.32e-06,5.14e-06,4.395e-06,5.14e-06
4.16e-06,3.42e-06,5.25e-06,3.985e-06,5.25e-06
4.325e-06,3.09e-06,5.18e-06,4.515e-06,5.18e-06
4.165e-06,3.28e-06,5.3e-06,4.04e-06,5.3e-06
4.217e-06,3.08e-06,5.23e-06,4.28e-06,5.23e-06
4.438e-06,3.24e-06,5.97e-06,4.27e-06,5.97e-06
4.323e-06,3.09e-06,5.58e-06,4.311e-06,5.58e-06
4.388e-06,3.83e-06,5.281e-06,4.22e-06,5.281e-06
4.56e-06,3.11e-06,5.6e-06,4.765e-06,5.6e-06
4.382e-06,3.64e-06,5.78e-06,4.055e-06,5.78e-06
4.175e-06,3.06e-06,5.2e-06,4.22e-06,5.2e-06
4.32e-06,3.75e-06,5.12e-06,4.205e-06,5.12e-06
4.363e-06,3.12e-06,5.23e-06,4.55e-06,5.23e-06
4.357e-06,3.68e-06,5.33e-06,4.21e-06,5.33e-06
4.44e-06,3.15e-06,4.95e-06,4.83e-06,4.91e-06
4.255e-06,3.37e-06,5.41e-06,4.12e-06,5.41e-06
4.263e-06,3.08e-06,5.35e-06,4.31e-06,5.35e-06
4.427e-06,3.5e-06,5.44e-06,4.385e-06,5.44e-06
4.328e-06,3.02e-06,5.271e-06,4.51e-06,5.271e-06
4.213e-06,3.601e-06,5.1e-06,4.075e-06,5.1e-06
4.19e-06,3.17e-06,5.06e-06,4.265e-06,5.06e-06
4.267e-06,3.8e-06,5.13e-06,4.07e-06,5.13e-06
4.19e-06,2.98e-06,5.39e-06,4.195e-06,5.39e-06
4.362e-06,3.75e-06,5.49e-06,4.105e-06,5.49e-06
4.275e-06,3.12e-06,5.04e-06,4.47e-06,5.04e-06
4.22e-06,3.57e-06,5.1e-06,4.105e-06,5.1e-06
4.27e-06,2.92e-06,5.29e-06,4.435e-06,5.29e-06
4.205e-06,2.82e-06,5.85e-06,4.075e-06,5.85e-06
4.488e-06,3.21e-06,5.43e-06,4.655e-06,5.43e-06
4.31e-06,3.72e-06,5.26e-06,4.13e-06,5.26e-06
4.338e-06,3.11e-06,5.41e-06,4.415e-06,5.41e-06
4.32e-06,3.57e-06,5.26e-06,4.225e-06,5.26e-06
4.21e-06,3.01e-06,5.23e-06,4.3e-06,5.23e-06
4.35e-06,3.41e-06,5.55e-06,4.22e-06,5.55e-06
4.332e-06,3.02e-06,5.21e-06,4.55e-06,5.21e-06
4.205e-06,3.48e-06,5.03e-06,4.155e-06,5.03e-06
4.248e-06,2.89e-06,5.44e-06,4.33e-06,5.44e-06
4.205e-06,3.53e-06,5.23e-06,4.03e-06,5.23e-06
4.317e-06,3.01e-06,5.59e-06,4.335e-06,5.59e-06
4.142e-06,3.52e-06,5.15e-06,3.95e-06,5.15e-06
4.31e-06,2.9e-06,5.06e-06,4.64e-06,5.06e-06
4.14e-06,2.91e-06,5.141e-06,4.255e-06,5.141e-06
4.31e-06,3.34e-06,5.23e-06,4.335e-06,5.23e-06
4.35e-06,3.78e-06,5.29e-06,4.165e-06,5.29e-06
4.29e-06,3.06e-06,5.17e-06,4.465e-06,5.05e-06
4.312e-06,3.69e-06,5.25e-06,4.155e-06,5.25e-06
4.513e-06,3.3e-06,5.16e-06,4.795e-06,5.16e-06
4.258e-06,3.68e-06,5.17e-06,4.09e-06,5.17e-06
4.277e-06,3.37e-06,5.31e-06,4.215e-06,5.31e-06
4.16e-06,3.48e-06,5.11e-06,4.025e-06,5.11e-06
4.298e-06,2.95e-06,5.14e-06,4.55e-06,5.14e-06
4.465e-06,3.6e-06,5.62e-06,4.32e-06,5.62e-06
4.455e-06,3.43e-06,5.601e-06,4.395e-06,5.601e-06
4.448e-06,4.07e-06,5.03e-06,4.345e-06,5.03e-06
4.243e-06,3.2e-06,5.09e-06,4.34e-06,5.09e-06
4.338e-06,3.77e-06,5.05e-06,4.265e-06,5.05e-06
4.168e-06,2.86e-06,5.17e-06,4.32e-06,5.17e-06
4.218e-06,3.7e-06,5.25e-06,3.96e-06,5.25e-06
4.28e-06,3.34e-06,5.22e-06,4.28e-06,5.22e-06
4.423e-06,3.98e-06,5.43e-06,4.14e-06,5.43e-06
4.352e-06,2.9e-06,5.44e-06,4.535e-06,5.44e-06
4.398e-06,3.64e-06,5.52e-06,4.215e-06,5.52e-06
4.178e-06,3.14e-06,5.1e-06,4.235e-06,5.1e-06
4.198e-06,3.29e-06,4.921e-06,4.29e-06,4.921e-06
4.252e-06,3.14e-06,5.1e-06,4.385e-06,5.1e-06
4.267e-06,3.62e-06,5.3e-06,4.075e-06,5.3e-06
4.315e-06,3.15e-06,5.31e-06,4.4e-06,5.31e-06
4.258e-06,3.54e-06,5.34e-06,4.075e-06,5.34e-06
4.36e-06,3.191e-06,5.2e-06,4.525e-06,5.2e-06
4.315e-06,3.64e-06,5.59e-06,4.015e-06,5.59e-06
4.23e-06,3.2e-06,5.3e-06,4.21e-06,5.3e-06
4.195e-06,3.16e-06,5.52e-06,4.05e-06,5.52e-06
4.595e-06,3.23e-06,5.81e-06,4.67e-06,5.81e-06
4.27e-06,3.47e-06,5.21e-06,4.2e-06,5.21e-06
4.247e-06,2.99e-06,5.16e-06,4.42e-06,5.16e-06
4.405e-06,3.96e-06,5.49e-06,4.085e-06,5.49e-06
4.25e-06,3.03e-06,5.37e-06,4.3e-06,5.37e-06
4.482e-06,3.55e-06,5.72e-06,4.33e-06,5.72e-06
4.383e-06,3.06e-06,5.34e-06,4.565e-06,5.34e-06
4.132e-06,3.54e-06,5.16e-06,3.915e-06,5.16e-06
4.165e-06,2.94e-06,5.2e-06,4.26e-06,5.2e-06
4.245e-06,3.73e-06,5.34e-06,3.955e-06,5.34e-06
4.338e-06,2.89e-06,5.54e-06,4.46e-06,5.54e-06
4.203e-06,3.52e-06,5.33e-06,3.98e-06,5.33e-06
4.252e-06,3.34e-06,5.36e-06,4.155e-06,5.36e-06
4.172e-06,3.48e-06,5.28e-06,3.965e-06,5.28e-06
4.41e-06,3.39e-06,5.12e-06,4.565e-06,5.12e-06
4.44e-06,3.83e-06,5.44e-06,4.245e-06,5.44e-06
4.357e-06,3.22e-06,5.18e-06,4.515e-06,5.18e-06
4.287e-06,3.46e-06,5.55e-06,4.07e-06,5.55e-06
4.355e-06,3.38e-06,5.29e-06,4.375e-06,5.29e-06
4.195e-06,3.57e-06,5.21e-06,4e-06,5.21e-06
4.24e-06,3.04e-06,5.44e-06,4.24e-06,5.44e-06
4.25e-06,3.68e-06,5.16e-06,4.08e-06,5.16e-06
4.405e-06,3.52e-06,5.22e-06,4.44e-06,5.22e-06
4.257e-06,3.8e-06,5.14e-06,4.045e-06,5.14e-06
4.41e-06,3.23e-06,5.28e-06,4.565e-06,5.28e-06
4.325e-06,3.46e-06,5.491e-06,4.175e-06,5.491e-06
4.282e-06,3.35e-06,5.39e-06,4.195e-06,5.39e-06
4.253e-06,3.77e-06,5.09e-06,4.075e-06,5.09e-06
4.475e-06,3e-06,5.24e-06,4.83e-06,5.24e-06
4.283e-06,3.45e-06,5.29e-06,4.195e-06,5.29e-06
4.46e-06,2.93e-06,5.26e-06,4.825e-06,5.26e-06
4.22e-06,3.55e-06,5.24e-06,4.045e-06,5.24e-06
4.31e-06,2.89e-06,5.31e-06,4.52e-06,5.31e-06
4.1e-06,3.29e-06,5.14e-06,3.985e-06,5.14e-06
4.257e-06,2.9e-06,5.43e-06,4.35e-06,5.43e-06
4.308e-06,3.86e-06,5.17e-06,4.1e-06,5.17e-06
4.465e-06,3.01e-06,5.301e-06,4.775e-06,5.301e-06
4.258e-06,3.65e-06,5.18e-06,4.1e-06,5.18e-06
4.432e-06,2.96e-06,5.5e-06,4.635e-06,5.5e-06
4.223e-06,3.37e-06,5.22e-06,4.15e-06,5.22e-06
4.305e-06,3.43e-06,5.2e-06,4.295e-06,5.2e-06
4.22e-06,3.57e-06,5.01e-06,4.15e-06,5.01e-06
4.49e-06,3.03e-06,5.22e-06,4.855e-06,5.22e-06
4.323e-06,3.8e-06,5.39e-06,4.05e-06,5.39e-06
4.408e-06,2.95e-06,5.29e-06,4.695e-06,5.29e-06
4.212e-06,3.56e-06,5.26e-06,4.015e-06,5.26e-06
4.257e-06,3.16e-06,5.28e-06,4.295e-06,5.28e-06
4.3e-06,3.49e-06,5.611e-06,4.05e-06,5.611e-06
4.318e-06,2.97e-06,5.38e-06,4.46e-06,5.38e-06
4.243e-06,3.56e-06,5.24e-06,4.085e-06,5.24e-06
4.345e-06,3.26e-06,5.12e-06,4.5e-06,4.95e-06
4.29e-06,3.62e-06,5.28e-06,4.13e-06,5.28e-06
4.25e-06,3.12e-06,5.26e-06,4.31e-06,5.26e-06
4.312e-06,3.89e-06,5.1e-06,4.13e-06,5.1e-06
4.228e-06,2.75e-06,5.43e-06,4.365e-06,5.43e-06
4.127e-06,3.26e-06,4.86e-06,4.195e-06,4.86e-06
4.325e-06,3.21e-06,5.4e-06,4.345e-06,5.4e-06
4.382e-06,3.51e-06,5.67e-06,4.175e-06,5.67e-06
4.303e-06,2.9e-06,5.541e-06,4.385e-06,5.541e-06
4.207e-06,3.79e-06,5.16e-06,3.94e-06,5.16e-06
4.277e-06,2.93e-06,5.27e-06,4.455e-06,5.27e-06
4.233e-06,3.5e-06,5.43e-06,4e-06,5.43e-06
4.195e-06,2.94e-06,5.23e-06,4.305e-06,5.23e-06
4.25e-06,3.53e-06,5.18e-06,4.145e-06,5.18e-06
4.355e-06,2.89e-06,5.42e-06,4.556e-06,5.42e-06
4.34e-06,3.36e-06,5.32e-06,4.34e-06,5.32e-06
4.228e-06,3.01e-06,5.19e-06,4.355e-06,5.19e-06
4.342e-06,3.81e-06,5.24e-06,4.16e-06,5.24e-06
4.27e-06,3.08e-06,5.36e-06,4.32e-06,5.36e-06
4.105e-06,3.171e-06,4.98e-06,4.135e-06,4.98e-06
4.392e-06,3.12e-06,5.07e-06,4.69e-06,5.07e-06
4.225e-06,3.83e-06,5.16e-06,3.955e-06,5.16e-06
4.365e-06,2.99e-06,5.32e-06,4.575e-06,5.32e-06
4.44e-06,3.63e-06,5.2e-06,4.465e-06,5.2e-06
4.433e-06,3.34e-06,5.31e-06,4.54e-06,5.31e-06
4.34e-06,3.89e-06,5.12e-06,4.175e-06,5.12e-06
4.21e-06,3.4e-06,5.13e-06,4.155e-06,5.13e-06
4.133e-06,3.54e-06,4.94e-06,4.025e-06,4.94e-06
4.322e-06,2.91e-06,5.58e-06,4.4e-06,5.58e-06
4.16e-06,3.44e-06,5.34e-06,3.93e-06,5.34e-06
4.195e-06,3.02e-06,5.37e-06,4.195e-06,5.37e-06
4.365e-06,3.87e-06,5.241e-06,4.175e-06,5.241e-06
4.242e-06,3.14e-06,5.19e-06,4.32e-06,5.19e-06
4.06e-06,3.26e-06,5.2e-06,3.891e-06,5.2e-06
4.592e-06,3.47e-06,5.47e-06,4.715e-06,5.47e-06
4.29e-06,3.67e-06,5.43e-06,4.03e-06,5.43e-06
4.213e-06,3.1e-06,5.36e-06,4.195e-06,5.36e-06
4.26e-06,3.62e-06,5.11e-06,4.155e-06,5.11e-06
4.245e-06,3.12e-06,5.15e-06,4.355e-06,5.15e-06
4.317e-06,3.83e-06,5.31e-06,4.065e-06,5.31e-06
4.398e-06,2.76e-06,5.86e-06,4.485e-06,5.86e-06
4.218e-06,3.43e-06,5.33e-06,4.055e-06,5.33e-06
4.235e-06,3.1e-06,5.221e-06,4.31e-06,5.221e-06
4.27e-06,3.71e-06,5.26e-06,4.055e-06,5.26e-06
4.25e-06,2.8e-06,5.43e-06,4.385e-06,5.43e-06
4.218e-06,3.79e-06,5.18e-06,3.95e-06,5.18e-06
4.465e-06,3e-06,5.45e-06,4.705e-06,5.45e-06
4.355e-06,3.04e-06,5.85e-06,4.265e-06,5.85e-06
4.345e-06,3.21e-06,5.25e-06,4.46e-06,5.25e-06
4.253e-06,3.79e-06,5.19e-06,4.015e-06,5.19e-06
4.155e-06,3.01e-06,5.02e-06,4.295e-06,5.02e-06
4.23e-06,3.59e-06,5.16e-06,4.085e-06,5.16e-06
4.465e-06,3.13e-06,5.24e-06,4.745e-06,5.24e-06
4.415e-06,3.51e-06,5.551e-06,4.301e-06,5.551e-06
4.315e-06,3.31e-06,5.39e-06,4.28e-06,5.39e-06
4.305e-06,3.83e-06,4.99e-06,4.2e-06,4.99e-06
4.19e-06,3e-06,5.21e-06,4.275e-06,5.21e-06
4.465e-06,3.57e-06,5.68e-06,4.305e-06,5.68e-06
4.308e-06,3.11e-06,5.23e-06,4.445e-06,5.23e-06
4.095e-06,3.53e-06,4.97e-06,3.94e-06,4.97e-06
4.158e-06,2.93e-06,5.21e-06,4.245e-06,5.21e-06
4.122e-06,3.51e-06,5.07e-06,3.955e-06,5.07e-06
4.41e-06,3.07e-06,5.68e-06,4.445e-06,5.68e-06
4.23e-06,3.57e-06,5.23e-06,4.06e-06,5.23e-06
4.35e-06,3.34e-06,5.48e-06,4.29e-06,5.48e-06
4.275e-06,3.6e-06,5.58e-06,3.96e-06,5.58e-06
4.285e-06,2.92e-06,5.13e-06,4.545e-06,5.13e-06
4.35e-06,3.91e-06,5.48e-06,4.005e-06,5.48e-06
4.275e-06,3.22e-06,5.21e-06,4.335e-06,5.21e-06
4.275e-06,3.55e-06,5.28e-06,4.135e-06,5.28e-06
4.32e-06,3.25e-06,5.51e-06,4.26e-06,5.51e-06
4.245e-06,3.74e-06,5.19e-06,4.025e-06,5.19e-06
4.515e-06,2.94e-06,5.72e-06,4.7e-06,5.72e-06
4.298e-06,3.41e-06,5.15e-06,4.315e-06,5.15e-06
4.285e-06,3.22e-06,5.11e-06,4.405e-06,4.95e-06
4.203e-06,3.77e-06,5.15e-06,3.945e-06,5.15e-06
4.308e-06,3.07e-06,5.411e-06,4.375e-06,5.411e-06
4.175e-06,3.47e-06,5.32e-06,3.955e-06,5.32e-06
4.475e-06,2.78e-06,5.82e-06,4.65e-06,5.82e-06
4.287e-06,3.43e-06,5.13e-06,4.295e-06,5.13e-06
4.422e-06,3.3e-06,5.55e-06,4.42e-06,5.55e-06
4.465e-06,3.59e-06,5.42e-06,4.425e-06,5.42e-06
4.288e-06,2.99e-06,5.73e-06,4.215e-06,5.73e-06
4.437e-06,3.72e-06,5.25e-06,4.39e-06,5.25e-06
4.295e-06,3.04e-06,5.06e-06,4.54e-06,5.05e-06
4.288e-06,3.75e-06,5.13e-06,4.135e-06,5.13e-06
4.28e-06,3.06e-06,5.36e-06,4.35e-06,5.36e-06
4.21e-06,3.5e-06,5.351e-06,3.995e-06,5.351e-06
4.402e-06,3.12e-06,5.32e-06,4.585e-06,5.32e-06
4.255e-06,3.59e-06,5.43e-06,4e-06,5.43e-06
4.333e-06,3.67e-06,5.29e-06,4.185e-06,5.29e-06
4.238e-06,3.45e-06,5.06e-06,4.22e-06,5.06e-06
4.34e-06,3.34e-06,5.54e-06,4.24e-06,5.54e-06
4.217e-06,3.75e-06,5.13e-06,3.995e-06,5.13e-06
4.365e-06,3.12e-06,5.13e-06,4.605e-06,5.13e-06
4.18e-06,3.47e-06,5.21e-06,4.02e-06,5.21e-06
4.147e-06,3.16e-06,5.1e-06,4.165e-06,5.1e-06
4.027e-06,3.23e-06,5.17e-06,3.855e-06,5.17e-06
4.363e-06,2.89e-06,5.991e-06,4.285e-06,5.991e-06
4.228e-06,3.55e-06,5.08e-06,4.14e-06,5.08e-06
4.303e-06,2.99e-06,5.35e-06,4.435e-06,5.35e-06
4.085e-06,3.4e-06,5.07e-06,3.935e-06,5.07e-06
4.233e-06,3.16e-06,5.15e-06,4.31e-06,5.15e-06
4.422e-06,3.49e-06,5.26e-06,4.47e-06,5.26e-06
4.152e-06,3e-06,5.23e-06,4.19e-06,5.23e-06
4.328e-06,3.45e-06,5.37e-06,4.245e-06,5.37e-06
4.587e-06,3.76e-06,5.56e-06,4.515e-06,5.56e-06
4.198e-06,3.79e-06,5.12e-06,3.94e-06,5.12e-06
4.238e-06,2.86e-06,5.2e-06,4.445e-06,5.2e-06
4.252e-06,3.49e-06,5.34e-06,4.09e-06,5.34e-06
4.408e-06,3.59e-06,5.301e-06,4.37e-06,5.301e-06
4.173e-06,3.03e-06,5.05e-06,4.305e-06,5.05e-06
4.137e-06,3.25e-06,5.09e-06,4.105e-06,5.09e-06
4.365e-06,3.59e-06,5.33e-06,4.27e-06,5.33e-06
4.428e-06,2.65e-06,5.93e-06,4.565e-06,5.93e-06
4.27e-06,3.49e-06,5.15e-06,4.22e-06,5.15e-06
4.237e-06,3.1e-06,5.28e-06,4.285e-06,5.28e-06
4.295e-06,3.881e-06,5.11e-06,4.095e-06,5.11e-06
4.235e-06,3.07e-06,5.63e-06,4.12e-06,5.63e-06
4.215e-06,3.5e-06,4.99e-06,4.185e-06,4.99e-06
4.432e-06,3.1e-06,5.22e-06,4.705e-06,5.21e-06
4.493e-06,3.66e-06,5.801e-06,4.255e-06,5.801e-06
4.3e-06,3.11e-06,5.38e-06,4.355e-06,5.38e-06
4.34e-06,3.8e-06,5.45e-06,4.055e-06,5.45e-06
4.39e-06,3.06e-06,5.52e-06,4.49e-06,5.52e-06
4.188e-06,3.7e-06,5.09e-06,3.98e-06,5.09e-06
4.315e-06,3.07e-06,5.32e-06,4.435e-06,5.32e-06
4.227e-06,3.35e-06,5.58e-06,3.99e-06,5.58e-06
4.332e-06,3.4e-06,5.5e-06,4.215e-06,5.5e-06
4.238e-06,3.59e-06,5.1e-06,4.13e-06,5.1e-06
4.255e-06,2.92e-06,5.18e-06,4.46e-06,5.18e-06
4.162e-06,3.56e-06,5.36e-06,3.865e-06,5.36e-06
4.413e-06,3.28e-06,5.261e-06,4.555e-06,5.261e-06
4.295e-06,3.55e-06,5.46e-06,4.085e-06,5.46e-06
4.455e-06,3.19e-06,5.71e-06,4.46e-06,5.71e-06
4.435e-06,4.03e-06,5.47e-06,4.12e-06,5.47e-06
4.323e-06,2.94e-06,5.38e-06,4.485e-06,5.38e-06
4.255e-06,3.51e-06,5.33e-06,4.09e-06,5.33e-06
4.413e-06,3.27e-06,5.52e-06,4.43e-06,5.52e-06
4.187e-06,3.45e-06,5.24e-06,4.03e-06,5.24e-06
4.095e-06,2.85e-06,5.35e-06,4.09e-06,5.35e-06
4.242e-06,3.4e-06,5.25e-06,4.16e-06,5.25e-06
4.265e-06,3.06e-06,5.06e-06,4.47e-06,5.06e-06
4.39e-06,3.68e-06,5.681e-06,4.1e-06,5.681e-06
4.273e-06,2.91e-06,5.251e-06,4.465e-06,5.15e-06
4.372e-06,3.68e-06,5.31e-06,4.25e-06,5.31e-06
4.177e-06,2.92e-06,5.37e-06,4.21e-06,5.37e-06
4.295e-06,3.17e-06,5.91e-06,4.05e-06,5.91e-06
4.398e-06,2.92e-06,5.16e-06,4.755e-06,5.16e-06
4.27e-06,3.69e-06,5.24e-06,4.075e-06,5.24e-06
4.363e-06,3.25e-06,5.58e-06,4.31e-06,5.58e-06
4.32e-06,3.41e-06,5.33e-06,4.27e-06,5.33e-06
4.195e-06,2.94e-06,5.17e-06,4.335e-06,5.17e-06
4.228e-06,3.43e-06,5.2e-06,4.14e-06,5.2e-06
4.343e-06,2.94e-06,5.8e-06,4.315e-06,5.8e-06
4.253e-06,3.41e-06,5.56e-06,4.02e-06,5.56e-06
4.155e-06,3.02e-06,5.02e-06,4.29e-06,5.02e-06
4.412e-06,3.49e-06,6.04e-06,4.06e-06,6.04e-06
4.302e-06,3.21e-06,4.96e-06,4.52e-06,4.96e-06
4.157e-06,3.6e-06,5.05e-06,3.99e-06,5.05e-06
4.247e-06,2.99e-06,5.37e-06,4.315e-06,5.37e-06
4.015e-06,3.12e-06,5.22e-06,3.86e-06,5.22e-06
4.445e-06,2.78e-06,5.56e-06,4.72e-06,5.56e-06
4.29e-06,3.54e-06,5.48e-06,4.07e-06,5.48e-06
4.385e-06,3.2e-06,5.21e-06,4.565e-06,5.21e-06
4.43e-06,3.66e-06,5.92e-06,4.07e-06,5.92e-06
4.483e-06,3.351e-06,5.241e-06,4.67e-06,5.241e-06
4.2e-06,3.57e-06,5.2e-06,4.015e-06,5.2e-06
4.505e-06,3.44e-06,5.16e-06,4.71e-06,5.16e-06
4.188e-06,3.43e-06,5.21e-06,4.055e-06,5.21e-06
4.272e-06,2.77e-06,5.37e-06,4.475e-06,5.37e-06
4.295e-06,3.83e-06,5.33e-06,4.01e-06,5.33e-06
4.192e-06,3.11e-06,5.21e-06,4.225e-06,5.21e-06
4.255e-06,3.74e-06,5.21e-06,4.035e-06,5.21e-06
4.465e-06,2.91e-06,5.26e-06,4.845e-06,5.26e-06
4.37e-06,2.89e-06,5.84e-06,4.375e-06,5.84e-06
4.143e-06,2.77e-06,5.35e-06,4.225e-06,5.35e-06
4.24e-06,3.47e-06,5.251e-06,4.12e-06,5.251e-06
4.097e-06,3.03e-06,4.87e-06,4.245e-06,4.87e-06
4.24e-06,3.44e-06,5.5e-06,4.01e-06,5.5e-06
4.312e-06,2.98e-06,5.24e-06,4.515e-06,5.24e-06
4.365e-06,3.68e-06,5.51e-06,4.135e-06,5.51e-06
4.217e-06,3.11e-06,5.49e-06,4.135e-06,5.49e-06
4.28e-06,3.64e-06,4.98e-06,4.251e-06,4.98e-06
4.222e-06,2.75e-06,5.61e-06,4.265e-06,5.61e-06
4.575e-06,3.53e-06,5.89e-06,4.44e-06,5.89e-06
4.245e-06,3.13e-06,5.27e-06,4.29e-06,5.27e-06
4.437e-06,3.75e-06,5.66e-06,4.17e-06,5.66e-06
4.278e-06,3.18e-06,5.111e-06,4.41e-06,5.111e-06
4.503e-06,3.78e-06,5.43e-06,4.401e-06,5.43e-06
4.33e-06,3.09e-06,5.38e-06,4.425e-06,5.38e-06
4.177e-06,3.22e-06,5.64e-06,3.925e-06,5.64e-06
4.263e-06,3.07e-06,5.54e-06,4.22e-06,5.54e-06
4.315e-06,3.59e-06,5.2e-06,4.235e-06,5.2e-06
4.285e-06,3.11e-06,5.13e-06,4.45e-06,5.13e-06
4.227e-06,3.56e-06,5.42e-06,3.965e-06,5.42e-06
4.312e-06,3.35e-06,5.35e-06,4.275e-06,5.35e-06
4.153e-06,3.21e-06,5.18e-06,4.11e-06,5.18e-06
4.193e-06,3.07e-06,5.22e-06,4.24e-06,5.22e-06
4.132e-06,3.45e-06,5.15e-06,3.965e-06,5.15e-06
4.4e-06,3.05e-06,5.59e-06,4.48e-06,5.59e-06
4.225e-06,3.71e-06,5.06e-06,4.065e-06,5.06e-06
4.34e-06,3.07e-06,5.54e-06,4.375e-06,5.54e-06
4.207e-06,3.61e-06,5.13e-06,4.045e-06,5.13e-06
4.16e-06,3.09e-06,5.4e-06,4.075e-06,5.4e-06
4.357e-06,3.17e-06,5.9e-06,4.18e-06,5.9e-06
4.528e-06,3.14e-06,5.3e-06,4.835e-06,5.3e-06
4.263e-06,3.78e-06,5.13e-06,4.07e-06,5.13e-06
4.237e-06,3.31e-06,4.98e-06,4.33e-06,4.98e-06
4.32e-06,3.55e-06,5.13e-06,4.3e-06,5.13e-06
4.31e-06,3.03e-06,5.51e-06,4.35e-06,5.51e-06
4.18e-06,3.4e-06,5.091e-06,4.115e-06,5.091e-06
4.225e-06,3.14e-06,5.14e-06,4.31e-06,5.14e-06
4.33e-06,3.72e-06,5.24e-06,4.18e-06,5.24e-06
4.222e-06,3.04e-06,5.26e-06,4.295e-06,5.26e-06
4.295e-06,3.801e-06,5.28e-06,4.05e-06,5.28e-06
4.32e-06,2.74e-06,5.67e-06,4.435e-06,5.67e-06
4.382e-06,3.53e-06,5.18e-06,4.41e-06,5.18e-06
4.232e-06,3.41e-06,5.71e-06,3.905e-06,5.71e-06
