0_Avg-Duration_s,0_Min-Duration_s,0_Max-Duration_s,0_Median-Duration_s,0_MainRank-Duration_s
1.9355e-05,1.6251e-05,2.08e-05,2.0185e-05,2.08e-05
2.0282e-05,1.683e-05,2.187e-05,2.1215e-05,2.187e-05
2.0238e-05,1.677e-05,2.1971e-05,2.1106e-05,2.1971e-05
1.9615e-05,1.666e-05,2.14e-05,2.02e-05,2.14e-05
1.9718e-05,1.599e-05,2.136e-05,2.076e-05,2.114e-05
2.0563e-05,1.8371e-05,2.2111e-05,2.0885e-05,2.139e-05
2.0138e-05,1.662e-05,2.141e-05,2.1261e-05,2.141e-05
2.051e-05,1.73e-05,2.1951e-05,2.1395e-05,2.174e-05
1.9683e-05,1.607e-05,2.115e-05,2.0755e-05,2.115e-05
2.0098e-05,1.686e-05,2.19e-05,2.0815e-05,2.1401e-05
2.0128e-05,1.672e-05,2.154e-05,2.1126e-05,2.154e-05
1.9797e-05,1.665e-05,2.115e-05,2.0695e-05,2.115e-05
1.9643e-05,1.632e-05,2.1061e-05,2.0596e-05,2.1061e-05
2.019e-05,1.788e-05,2.147e-05,2.0705e-05,2.052e-05
2.0731e-05,1.6801e-05,2.271e-05,2.1705e-05,2.271e-05
2.035e-05,1.677e-05,2.2171e-05,2.123e-05,2.2171e-05
2.0085e-05,1.68e-05,2.166e-05,2.0941e-05,2.166e-05
2.0402e-05,1.707e-05,2.169e-05,2.1425e-05,2.142e-05
2.0811e-05,1.581e-05,2.5241e-05,2.1096e-05,2.5241e-05
2.027e-05,1.646e-05,2.224e-05,2.119e-05,2.224e-05
1.9583e-05,1.611e-05,2.131e-05,2.0456e-05,2.131e-05
2.0028e-05,1.706e-05,2.184e-05,2.0605e-05,2.0581e-05
1.9773e-05,1.598e-05,2.179e-05,2.066e-05,2.179e-05
2.0046e-05,1.6431e-05,2.1411e-05,2.117e-05,2.127e-05
1.9553e-05,1.641e-05,2.0981e-05,2.0411e-05,2.0981e-05
2.014e-05,1.703e-05,2.1471e-05,2.103e-05,2.092e-05
2.047e-05,1.74e-05,2.2091e-05,2.1195e-05,2.187e-05
1.9568e-05,1.595e-05,2.088e-05,2.0721e-05,2.0751e-05
1.9228e-05,1.6161e-05,2.0721e-05,2.0016e-05,2.026e-05
1.992e-05,1.692e-05,2.124e-05,2.076e-05,2.069e-05
2.002e-05,1.666e-05,2.126e-05,2.1081e-05,2.126e-05
1.9573e-05,1.602e-05,2.147e-05,2.0401e-05,2.147e-05
1.953e-05,1.621e-05,2.109e-05,2.041e-05,2.106e-05
1.997e-05,1.67e-05,2.1641e-05,2.077e-05,2.023e-05
2.0113e-05,1.711e-05,2.1471e-05,2.0935e-05,2.1471e-05
1.969e-05,1.672e-05,2.107e-05,2.0485e-05,2.039e-05
1.9405e-05,1.558e-05,2.103e-05,2.0506e-05,2.103e-05
1.986e-05,1.6901e-05,2.158e-05,2.048e-05,2.0771e-05
1.9875e-05,1.578e-05,2.143e-05,2.1145e-05,2.143e-05
2.0073e-05,1.607e-05,2.168e-05,2.127e-05,2.131e-05
1.9243e-05,1.582e-05,2.0601e-05,2.0276e-05,2.0601e-05
2.0088e-05,1.716e-05,2.1841e-05,2.0675e-05,2.031e-05
1.9925e-05,1.6551e-05,2.212e-05,2.0515e-05,2.212e-05
1.9413e-05,1.62e-05,2.1051e-05,2.02e-05,2.1051e-05
1.9238e-05,1.577e-05,2.0641e-05,2.027e-05,2.046e-05
1.9898e-05,1.7e-05,2.099e-05,2.08e-05,2.082e-05
2.013e-05,1.631e-05,2.1851e-05,2.118e-05,2.1401e-05
1.9845e-05,1.669e-05,2.106e-05,2.0815e-05,2.106e-05
1.9257e-05,1.576e-05,2.086e-05,2.0205e-05,2.086e-05
1.9903e-05,1.708e-05,2.16e-05,2.0466e-05,2.029e-05
2.0352e-05,1.701e-05,2.253e-05,2.0935e-05,2.253e-05
2.0053e-05,1.6041e-05,2.213e-05,2.102e-05,2.213e-05
2.003e-05,1.704e-05,2.164e-05,2.0721e-05,2.164e-05
1.9913e-05,1.677e-05,2.151e-05,2.0686e-05,2.0501e-05
2.0243e-05,1.73e-05,2.1591e-05,2.104e-05,2.147e-05
2.0323e-05,1.651e-05,2.226e-05,2.126e-05,2.142e-05
1.9738e-05,1.6651e-05,2.1771e-05,2.0265e-05,2.1771e-05
2.017e-05,1.762e-05,2.1101e-05,2.098e-05,2.108e-05
2.019e-05,1.701e-05,2.2171e-05,2.079e-05,2.105e-05
1.972e-05,1.634e-05,2.1521e-05,2.051e-05,2.1521e-05
1.9005e-05,1.582e-05,2.03e-05,1.995e-05,2.03e-05
1.9573e-05,1.645e-05,2.094e-05,2.045e-05,2.025e-05
1.9876e-05,1.598e-05,2.1351e-05,2.1086e-05,2.1351e-05
1.959e-05,1.559e-05,2.126e-05,2.0755e-05,2.097e-05
1.946e-05,1.522e-05,2.202e-05,2.03e-05,2.202e-05
1.9671e-05,1.7571e-05,2.0711e-05,2.02e-05,2.0451e-05
1.9653e-05,1.583e-05,2.118e-05,2.08e-05,2.118e-05
1.9578e-05,1.652e-05,2.101e-05,2.039e-05,2.101e-05
1.9258e-05,1.583e-05,2.056e-05,2.032e-05,2.056e-05
1.982e-05,1.654e-05,2.125e-05,2.0745e-05,2.073e-05
2.0011e-05,1.6011e-05,2.194e-05,2.1046e-05,2.194e-05
1.996e-05,1.732e-05,2.18e-05,2.0361e-05,2.073e-05
1.9195e-05,1.611e-05,2.049e-05,2.009e-05,2.0191e-05
2.0083e-05,1.752e-05,2.128e-05,2.0766e-05,2.128e-05
1.9985e-05,1.705e-05,2.145e-05,2.072e-05,2.145e-05
1.9706e-05,1.635e-05,2.1261e-05,2.0606e-05,2.1261e-05
1.9555e-05,1.667e-05,2.091e-05,2.032e-05,2.036e-05
2.0588e-05,1.671e-05,2.374e-05,2.0951e-05,2.374e-05
1.9978e-05,1.656e-05,2.122e-05,2.1066e-05,2.0981e-05
1.9838e-05,1.6941e-05,2.147e-05,2.047e-05,2.147e-05
1.943e-05,1.648e-05,2.144e-05,1.99e-05,2.144e-05
2.0213e-05,1.791e-05,2.1311e-05,2.0816e-05,2.0951e-05
1.9887e-05,1.659e-05,2.164e-05,2.066e-05,2.164e-05
1.9418e-05,1.571e-05,2.09e-05,2.0531e-05,2.09e-05
1.9608e-05,1.6101e-05,2.1571e-05,2.038e-05,2.1571e-05
1.9948e-05,1.667e-05,2.1101e-05,2.101e-05,2.102e-05
2.0023e-05,1.602e-05,2.1791e-05,2.114e-05,2.151e-05
1.9913e-05,1.712e-05,2.0991e-05,2.077e-05,2.085e-05
1.914e-05,1.567e-05,2.0861e-05,2.0015e-05,2.0861e-05
2.0068e-05,1.762e-05,2.1421e-05,2.0616e-05,2.061e-05
1.98e-05,1.638e-05,2.119e-05,2.0815e-05,2.119e-05
1.9911e-05,1.723e-05,2.1741e-05,2.0336e-05,2.0781e-05
1.9633e-05,1.634e-05,2.082e-05,2.0685e-05,2.074e-05
1.9611e-05,1.6631e-05,2.121e-05,2.0301e-05,2.047e-05
1.9503e-05,1.576e-05,2.1051e-05,2.06e-05,2.1051e-05
1.9435e-05,1.598e-05,2.063e-05,2.0566e-05,2.063e-05
1.9195e-05,1.621e-05,2.041e-05,2.008e-05,2.031e-05
2.0225e-05,1.776e-05,2.1291e-05,2.0926e-05,2.0811e-05
1.978e-05,1.6271e-05,2.149e-05,2.068e-05,2.149e-05
1.9726e-05,1.647e-05,2.126e-05,2.0586e-05,2.126e-05
1.9508e-05,1.654e-05,2.074e-05,2.0375e-05,2.0621e-05
2.0223e-05,1.767e-05,2.179e-05,2.0716e-05,2.072e-05
2.0203e-05,1.686e-05,2.1941e-05,2.1005e-05,2.113e-05
1.979e-05,1.678e-05,2.13e-05,2.0541e-05,2.073e-05
1.9138e-05,1.67e-05,2.034e-05,1.9755e-05,2.034e-05
1.9685e-05,1.691e-05,2.1271e-05,2.028e-05,2.04e-05
1.9675e-05,1.638e-05,2.109e-05,2.0615e-05,2.109e-05
1.9648e-05,1.6781e-05,2.0981e-05,2.0416e-05,2.0981e-05
1.95e-05,1.597e-05,2.136e-05,2.0335e-05,2.136e-05
1.9845e-05,1.666e-05,2.11e-05,2.081e-05,2.11e-05
1.9478e-05,1.563e-05,2.1031e-05,2.0625e-05,2.1031e-05
1.9605e-05,1.642e-05,2.08e-05,2.06e-05,2.08e-05
1.92e-05,1.5441e-05,2.0551e-05,2.0405e-05,2.053e-05
1.9603e-05,1.683e-05,2.0691e-05,2.0446e-05,2.0211e-05
1.9887e-05,1.618e-05,2.18e-05,2.0785e-05,2.18e-05
1.9681e-05,1.559e-05,2.1601e-05,2.0766e-05,2.12e-05
1.9408e-05,1.684e-05,2.061e-05,2.009e-05,2.0101e-05
1.9918e-05,1.651e-05,2.1281e-05,2.094e-05,2.077e-05
1.9918e-05,1.631e-05,2.14e-05,2.0981e-05,2.127e-05
1.961e-05,1.608e-05,2.1431e-05,2.0465e-05,2.1431e-05
1.9455e-05,1.625e-05,2.124e-05,2.0165e-05,2.124e-05
1.9918e-05,1.6941e-05,2.185e-05,2.044e-05,2.061e-05
2.054e-05,1.699e-05,2.188e-05,2.1645e-05,2.161e-05
1.9775e-05,1.688e-05,2.1051e-05,2.0585e-05,2.078e-05
1.9297e-05,1.645e-05,2.082e-05,1.996e-05,2.082e-05
1.9938e-05,1.749e-05,2.113e-05,2.0566e-05,2.065e-05
1.9721e-05,1.6111e-05,2.1171e-05,2.0801e-05,2.1171e-05
1.9343e-05,1.565e-05,2.08e-05,2.0461e-05,2.08e-05
1.9695e-05,1.658e-05,2.087e-05,2.0665e-05,2.087e-05
1.9758e-05,1.697e-05,2.086e-05,2.0601e-05,2.0751e-05
1.985e-05,1.642e-05,2.143e-05,2.0775e-05,2.143e-05
1.9638e-05,1.675e-05,2.088e-05,2.0461e-05,2.088e-05
1.8995e-05,1.567e-05,2.017e-05,2.0071e-05,2.0131e-05
2.0077e-05,1.733e-05,2.135e-05,2.0815e-05,2.105e-05
2.0275e-05,1.643e-05,2.2001e-05,2.1335e-05,2.161e-05
1.9955e-05,1.6211e-05,2.1581e-05,2.1015e-05,2.1581e-05
1.9503e-05,1.65e-05,2.0651e-05,2.043e-05,2.054e-05
1.9595e-05,1.646e-05,2.087e-05,2.0525e-05,2.037e-05
2.0215e-05,1.765e-05,2.16e-05,2.0805e-05,2.105e-05
1.9548e-05,1.651e-05,2.0741e-05,2.047e-05,2.065e-05
1.9173e-05,1.6081e-05,2.074e-05,1.9935e-05,2.074e-05
2.001e-05,1.738e-05,2.146e-05,2.06e-05,2.076e-05
2.0403e-05,1.702e-05,2.1901e-05,2.1346e-05,2.1901e-05
1.9588e-05,1.623e-05,2.104e-05,2.054e-05,2.087e-05
1.9311e-05,1.649e-05,2.0451e-05,2.0151e-05,2.026e-05
1.9663e-05,1.6621e-05,2.093e-05,2.055e-05,2.0601e-05
2.027e-05,1.67e-05,2.174e-05,2.1321e-05,2.174e-05
1.948e-05,1.599e-05,2.12e-05,2.0366e-05,2.12e-05
3.1153e-05,2.0331e-05,4.2611e-05,3.0835e-05,2.0331e-05
2.074e-05,1.829e-05,2.257e-05,2.1051e-05,2.102e-05
2.0345e-05,1.662e-05,2.192e-05,2.1421e-05,2.1761e-05
2.0088e-05,1.724e-05,2.1521e-05,2.0795e-05,2.054e-05
1.9207e-05,1.591e-05,2.064e-05,2.014e-05,2.026e-05
1.9703e-05,1.6711e-05,2.0861e-05,2.0621e-05,2.0861e-05
1.9983e-05,1.649e-05,2.131e-05,2.1065e-05,2.131e-05
1.9683e-05,1.565e-05,2.167e-05,2.0705e-05,2.167e-05
1.9838e-05,1.68e-05,2.1041e-05,2.0755e-05,2.103e-05
1.9593e-05,1.664e-05,2.096e-05,2.0386e-05,2.026e-05
1.9863e-05,1.6591e-05,2.115e-05,2.0855e-05,2.097e-05
1.9455e-05,1.573e-05,2.1061e-05,2.0515e-05,2.066e-05
1.908e-05,1.596e-05,2.0381e-05,1.999e-05,2.0381e-05
1.9733e-05,1.679e-05,2.092e-05,2.0611e-05,2.092e-05
1.9858e-05,1.654e-05,2.111e-05,2.0891e-05,2.111e-05
1.9513e-05,1.621e-05,2.1051e-05,2.0396e-05,2.1051e-05
1.9095e-05,1.531e-05,2.064e-05,2.0216e-05,2.064e-05
1.996e-05,1.725e-05,2.149e-05,2.055e-05,2.054e-05
2.0345e-05,1.759e-05,2.1661e-05,2.1065e-05,2.1661e-05
2.0311e-05,1.6951e-05,2.2221e-05,2.1036e-05,2.117e-05
1.9113e-05,1.599e-05,2.106e-05,1.97e-05,2.106e-05
1.981e-05,1.628e-05,2.1891e-05,2.0536e-05,2.0361e-05
2.0063e-05,1.643e-05,2.168e-05,2.107e-05,2.168e-05
1.9323e-05,1.564e-05,2.068e-05,2.0485e-05,2.068e-05
1.9546e-05,1.6671e-05,2.066e-05,2.0425e-05,2.066e-05
1.969e-05,1.708e-05,2.077e-05,2.0455e-05,2.015e-05
2.0235e-05,1.646e-05,2.189e-05,2.1295e-05,2.189e-05
1.9661e-05,1.614e-05,2.0951e-05,2.0776e-05,2.068e-05
1.9028e-05,1.572e-05,2.0781e-05,1.9805e-05,2.0781e-05
2.0073e-05,1.817e-05,2.1291e-05,2.0415e-05,2.02e-05
2.007e-05,1.658e-05,2.135e-05,2.1175e-05,2.135e-05
1.9788e-05,1.681e-05,2.1251e-05,2.0546e-05,2.1251e-05
1.9695e-05,1.622e-05,2.1071e-05,2.0745e-05,2.081e-05
1.9798e-05,1.7041e-05,2.1291e-05,2.043e-05,1.983e-05
2.0233e-05,1.619e-05,2.166e-05,2.1541e-05,2.1521e-05
1.9948e-05,1.678e-05,2.153e-05,2.0741e-05,2.153e-05
1.894e-05,1.525e-05,2.051e-05,2e-05,2.051e-05
1.9876e-05,1.648e-05,2.116e-05,2.0931e-05,2.0831e-05
2.0198e-05,1.6431e-05,2.242e-05,2.097e-05,2.242e-05
1.961e-05,1.675e-05,2.075e-05,2.0471e-05,2.069e-05
1.9298e-05,1.577e-05,2.0691e-05,2.0365e-05,2.0691e-05
1.9793e-05,1.725e-05,2.09e-05,2.0511e-05,2.026e-05
2.0218e-05,1.648e-05,2.197e-05,2.121e-05,2.197e-05
1.9836e-05,1.649e-05,2.1221e-05,2.0816e-05,2.057e-05
1.9018e-05,1.555e-05,2.108e-05,1.972e-05,2.108e-05
1.9658e-05,1.684e-05,2.114e-05,2.0325e-05,2.042e-05
1.976e-05,1.646e-05,2.121e-05,2.0685e-05,2.088e-05
1.9678e-05,1.5971e-05,2.1071e-05,2.0836e-05,2.1071e-05
1.9468e-05,1.607e-05,2.072e-05,2.0541e-05,2.072e-05
1.9787e-05,1.662e-05,2.099e-05,2.077e-05,2.099e-05
2.0155e-05,1.59e-05,2.173e-05,2.1496e-05,2.1531e-05
1.976e-05,1.638e-05,2.103e-05,2.0816e-05,2.093e-05
1.9055e-05,1.6061e-05,2.025e-05,1.9955e-05,2.025e-05
1.9941e-05,1.802e-05,2.0891e-05,2.0426e-05,2.0401e-05
1.9965e-05,1.672e-05,2.15e-05,2.082e-05,2.15e-05
1.9395e-05,1.607e-05,2.129e-05,2.011e-05,2.129e-05
1.9558e-05,1.574e-05,2.1081e-05,2.0705e-05,2.1081e-05
1.9695e-05,1.639e-05,2.097e-05,2.071e-05,2.071e-05
2.0173e-05,1.644e-05,2.191e-05,2.1171e-05,2.185e-05
1.994e-05,1.721e-05,2.1151e-05,2.07e-05,2.084e-05
1.916e-05,1.595e-05,2.0831e-05,1.993e-05,1.998e-05
1.9523e-05,1.6861e-05,2.061e-05,2.0311e-05,2.061e-05
1.9813e-05,1.56e-05,2.17e-05,2.0976e-05,2.17e-05
1.9305e-05,1.585e-05,2.1081e-05,2.0145e-05,2.1081e-05
1.9348e-05,1.636e-05,2.108e-05,1.9976e-05,2.108e-05
1.9668e-05,1.641e-05,2.082e-05,2.072e-05,2.07e-05
2.0008e-05,1.6261e-05,2.1831e-05,2.0971e-05,2.1831e-05
1.949e-05,1.637e-05,2.0621e-05,2.0485e-05,2.057e-05
1.9013e-05,1.549e-05,2.061e-05,1.9976e-05,2.061e-05
1.9593e-05,1.674e-05,2.122e-05,2.0206e-05,2.0411e-05
1.9948e-05,1.675e-05,2.133e-05,2.0855e-05,2.133e-05
1.9608e-05,1.6561e-05,2.134e-05,2.0265e-05,2.065e-05
1.9581e-05,1.592e-05,2.1251e-05,2.0576e-05,2.0601e-05
2.0002e-05,1.705e-05,2.148e-05,2.074e-05,2.047e-05
1.9878e-05,1.642e-05,2.152e-05,2.0786e-05,2.152e-05
1.976e-05,1.641e-05,2.127e-05,2.068e-05,2.127e-05
1.8998e-05,1.609e-05,2.01e-05,1.99e-05,1.988e-05
0.000122331,0.000118322,0.000124752,0.000123126,0.000124131
2.2236e-05,1.57e-05,2.9241e-05,2.2001e-05,2.9241e-05
1.978e-05,1.643e-05,2.128e-05,2.0705e-05,2.128e-05
1.9118e-05,1.564e-05,2.065e-05,2.0091e-05,2.065e-05
1.9823e-05,1.682e-05,2.1191e-05,2.0641e-05,2.0831e-05
2.0195e-05,1.644e-05,2.177e-05,2.1286e-05,2.177e-05
1.976e-05,1.652e-05,2.119e-05,2.0665e-05,2.119e-05
1.9116e-05,1.664e-05,2.0411e-05,1.9705e-05,2.0411e-05
1.9528e-05,1.6341e-05,2.073e-05,2.052e-05,2.043e-05
1.993e-05,1.579e-05,2.214e-05,2.0896e-05,2.214e-05
1.9358e-05,1.583e-05,2.0891e-05,2.0355e-05,2.0891e-05
1.9238e-05,1.614e-05,2.0601e-05,2.0105e-05,2.008e-05
2.0098e-05,1.719e-05,2.1521e-05,2.084e-05,2.057e-05
2.0308e-05,1.6901e-05,2.2481e-05,2.0925e-05,2.2481e-05
2.0075e-05,1.672e-05,2.144e-05,2.107e-05,2.119e-05
1.956e-05,1.657e-05,2.101e-05,2.033e-05,2.101e-05
2.012e-05,1.7e-05,2.1481e-05,2.1e-05,2.1481e-05
2.0115e-05,1.697e-05,2.1921e-05,2.0785e-05,2.127e-05
1.944e-05,1.605e-05,2.08e-05,2.0455e-05,2.08e-05
1.943e-05,1.642e-05,2.112e-05,2.009e-05,2.062e-05
2.008e-05,1.716e-05,2.1551e-05,2.0805e-05,2.047e-05
1.9828e-05,1.621e-05,2.163e-05,2.0736e-05,2.09e-05
2.0143e-05,1.6231e-05,2.168e-05,2.133e-05,2.168e-05
1.8965e-05,1.579e-05,2.0621e-05,1.9725e-05,2.0621e-05
1.9955e-05,1.638e-05,2.127e-05,2.1085e-05,2.124e-05
1.9983e-05,1.676e-05,2.1691e-05,2.074e-05,2.094e-05
2.0043e-05,1.685e-05,2.1311e-05,2.1005e-05,2.1311e-05
1.9556e-05,1.6671e-05,2.0661e-05,2.0445e-05,2.052e-05
2.0283e-05,1.751e-05,2.189e-05,2.0865e-05,2.093e-05
2.026e-05,1.622e-05,2.1811e-05,2.1505e-05,2.1811e-05
2.2333e-05,1.661e-05,2.987e-05,2.1426e-05,2.987e-05
1.9613e-05,1.6641e-05,2.114e-05,2.0335e-05,2.114e-05
1.9953e-05,1.649e-05,2.18e-05,2.076e-05,2.1071e-05
1.9943e-05,1.685e-05,2.132e-05,2.0801e-05,2.132e-05
1.921e-05,1.6e-05,2.089e-05,1.9975e-05,2.089e-05
1.9293e-05,1.561e-05,2.1271e-05,2.0146e-05,2.1271e-05
2.0188e-05,1.7651e-05,2.17e-05,2.07e-05,2.039e-05
2.0028e-05,1.628e-05,2.192e-05,2.0956e-05,2.192e-05
1.9965e-05,1.615e-05,2.2111e-05,2.08e-05,2.0831e-05
1.911e-05,1.553e-05,2.036e-05,2.0275e-05,2.036e-05
2.0043e-05,1.731e-05,2.097e-05,2.0946e-05,2.094e-05
1.991e-05,1.68e-05,2.1471e-05,2.0686e-05,2.1001e-05
1.959e-05,1.606e-05,2.161e-05,2.0345e-05,2.161e-05
1.93e-05,1.639e-05,2.0281e-05,2.0265e-05,2.028e-05
1.9918e-05,1.686e-05,2.177e-05,2.052e-05,2.033e-05
2.0098e-05,1.7311e-05,2.123e-05,2.0925e-05,2.123e-05
1.9928e-05,1.667e-05,2.127e-05,2.0885e-05,2.079e-05
1.904e-05,1.59e-05,2.03e-05,1.998e-05,2.03e-05
1.9903e-05,1.697e-05,2.104e-05,2.0801e-05,2.1031e-05
2.003e-05,1.665e-05,2.146e-05,2.1005e-05,2.146e-05
1.9398e-05,1.6101e-05,2.106e-05,2.0215e-05,2.106e-05
1.9343e-05,1.59e-05,2.0821e-05,2.0326e-05,2.0821e-05
1.9945e-05,1.718e-05,2.152e-05,2.054e-05,2.014e-05
1.9995e-05,1.616e-05,2.178e-05,2.102e-05,2.178e-05
1.9521e-05,1.617e-05,2.0991e-05,2.0461e-05,2.0991e-05
1.9503e-05,1.653e-05,2.0541e-05,2.047e-05,2.053e-05
1.9608e-05,1.609e-05,2.1201e-05,2.057e-05,2.045e-05
1.9763e-05,1.574e-05,2.1871e-05,2.0721e-05,2.1871e-05
1.9817e-05,1.621e-05,2.157e-05,2.0745e-05,2.157e-05
1.9028e-05,1.4951e-05,2.137e-05,1.9896e-05,2.137e-05
1.9725e-05,1.654e-05,2.103e-05,2.0665e-05,2.063e-05
2.029e-05,1.72e-05,2.182e-05,2.107e-05,2.182e-05
2.0038e-05,1.654e-05,2.1801e-05,2.0905e-05,2.127e-05
1.9283e-05,1.578e-05,2.067e-05,2.0341e-05,2.02e-05
1.9711e-05,1.6691e-05,2.0871e-05,2.064e-05,2.0441e-05
1.973e-05,1.61e-05,2.124e-05,2.0791e-05,2.124e-05
1.9418e-05,1.608e-05,2.134e-05,2.0125e-05,2.134e-05
1.9458e-05,1.606e-05,2.1111e-05,2.0331e-05,2.0361e-05
1.997e-05,1.684e-05,2.156e-05,2.074e-05,2.09e-05
1.9605e-05,1.559e-05,2.142e-05,2.0705e-05,2.142e-05
1.9635e-05,1.678e-05,2.107e-05,2.0346e-05,2.0361e-05
1.9183e-05,1.596e-05,2.05e-05,2.0135e-05,2.05e-05
1.987e-05,1.699e-05,2.1681e-05,2.0405e-05,2.062e-05
1.9653e-05,1.6541e-05,2.1311e-05,2.0381e-05,2.1311e-05
1.937e-05,1.621e-05,2.076e-05,2.0255e-05,2.044e-05
1.9423e-05,1.578e-05,2.118e-05,2.0366e-05,2.118e-05
1.9867e-05,1.685e-05,2.137e-05,2.0625e-05,2.064e-05
1.9825e-05,1.622e-05,2.128e-05,2.0901e-05,2.128e-05
1.9805e-05,1.6201e-05,2.17e-05,2.066e-05,2.17e-05
2.4395e-05,1.594e-05,3.2081e-05,2.4781e-05,3.2081e-05
2.0073e-05,1.717e-05,2.148e-05,2.0821e-05,2.097e-05
1.9753e-05,1.626e-05,2.134e-05,2.0705e-05,2.134e-05
1.9551e-05,1.6191e-05,2.0981e-05,2.0515e-05,2.0981e-05
1.9503e-05,1.69e-05,2.0701e-05,2.0205e-05,2.059e-05
1.9708e-05,1.645e-05,2.107e-05,2.0655e-05,2.107e-05
1.9986e-05,1.722e-05,2.1361e-05,2.0681e-05,2.08e-05
1.9635e-05,1.66e-05,2.088e-05,2.0531e-05,2.0841e-05
1.9166e-05,1.5881e-05,2.094e-05,1.9921e-05,2.094e-05
1.9665e-05,1.658e-05,2.111e-05,2.0486e-05,2.111e-05
2.0343e-05,1.677e-05,2.2401e-05,2.1101e-05,2.2401e-05
1.9495e-05,1.577e-05,2.111e-05,2.055e-05,2.111e-05
1.9615e-05,1.691e-05,2.072e-05,2.0415e-05,2.072e-05
2.0011e-05,1.7351e-05,2.107e-05,2.0811e-05,2.0721e-05
2.0208e-05,1.718e-05,2.1891e-05,2.0881e-05,2.119e-05
1.9833e-05,1.689e-05,2.094e-05,2.075e-05,2.08e-05
1.9043e-05,1.55e-05,2.0761e-05,1.9956e-05,2.0761e-05
2.005e-05,1.7171e-05,2.1561e-05,2.0735e-05,2.02e-05
1.9738e-05,1.615e-05,2.123e-05,2.0785e-05,2.123e-05
1.9603e-05,1.577e-05,2.1671e-05,2.0485e-05,2.1671e-05
1.9348e-05,1.552e-05,2.09e-05,2.0485e-05,2.09e-05
1.9618e-05,1.684e-05,2.111e-05,2.026e-05,2.029e-05
2.0026e-05,1.6591e-05,2.1401e-05,2.1055e-05,2.132e-05
1.9785e-05,1.649e-05,2.159e-05,2.053e-05,2.159e-05
1.9325e-05,1.598e-05,2.098e-05,2.017e-05,2.098e-05
1.9795e-05,1.735e-05,2.093e-05,2.045e-05,2.026e-05
1.9871e-05,1.59e-05,2.1591e-05,2.0995e-05,2.1531e-05
1.931e-05,1.5821e-05,2.092e-05,2.025e-05,2.092e-05
1.946e-05,1.65e-05,2.057e-05,2.0386e-05,2.057e-05
1.9698e-05,1.66e-05,2.09e-05,2.0646e-05,2.0611e-05
2.0105e-05,1.641e-05,2.2011e-05,2.1e-05,2.145e-05
1.985e-05,1.655e-05,2.157e-05,2.064e-05,2.157e-05
1.8993e-05,1.576e-05,2.1261e-05,1.9475e-05,2.1261e-05
1.9845e-05,1.683e-05,2.1411e-05,2.057e-05,2.049e-05
1.9975e-05,1.65e-05,2.164e-05,2.088e-05,2.133e-05
1.9673e-05,1.587e-05,2.1761e-05,2.0531e-05,2.1761e-05
1.9475e-05,1.6521e-05,2.089e-05,2.0245e-05,2.089e-05
1.959e-05,1.645e-05,2.096e-05,2.0475e-05,2.029e-05
2.0365e-05,1.581e-05,2.206e-05,2.1796e-05,2.206e-05
1.9568e-05,1.632e-05,2.082e-05,2.0565e-05,2.066e-05
1.901e-05,1.557e-05,2.109e-05,1.969e-05,2.109e-05
1.9823e-05,1.7061e-05,2.094e-05,2.0645e-05,2.094e-05
1.953e-05,1.584e-05,2.1071e-05,2.0605e-05,2.1071e-05
1.9523e-05,1.616e-05,2.093e-05,2.0501e-05,2.093e-05
1.916e-05,1.564e-05,2.108e-05,1.996e-05,2.108e-05
1.9873e-05,1.723e-05,2.123e-05,2.0516e-05,2.0831e-05
1.9923e-05,1.627e-05,2.178e-05,2.082e-05,2.178e-05
2.0025e-05,1.725e-05,2.1141e-05,2.0855e-05,2.086e-05
1.8865e-05,1.539e-05,2.0281e-05,1.9895e-05,2.0281e-05
1.9358e-05,1.651e-05,2.0511e-05,2.0205e-05,1.991e-05
1.9833e-05,1.6761e-05,2.152e-05,2.0525e-05,2.152e-05
1.9516e-05,1.601e-05,2.0751e-05,2.0651e-05,2.0751e-05
1.949e-05,1.623e-05,2.138e-05,2.0175e-05,2.138e-05
1.9748e-05,1.629e-05,2.158e-05,2.056e-05,2.045e-05
1.9925e-05,1.678e-05,2.106e-05,2.0931e-05,2.106e-05
1.9653e-05,1.6021e-05,2.1131e-05,2.073e-05,2.075e-05
1.9087e-05,1.623e-05,2.041e-05,1.9855e-05,2.041e-05
1.9815e-05,1.671e-05,2.152e-05,2.0516e-05,2.032e-05
1.994e-05,1.69e-05,2.1781e-05,2.054e-05,2.1781e-05
1.969e-05,1.632e-05,2.12e-05,2.0621e-05,2.12e-05
1.9185e-05,1.615e-05,2.073e-05,1.993e-05,2.028e-05
1.9698e-05,1.671e-05,2.0981e-05,2.055e-05,2.0251e-05
1.9885e-05,1.619e-05,2.1391e-05,2.098e-05,2.13e-05
1.965e-05,1.613e-05,2.0981e-05,2.0745e-05,2.088e-05
1.931e-05,1.577e-05,2.097e-05,2.025e-05,2.0721e-05
1.9913e-05,1.655e-05,2.14e-05,2.0851e-05,2.14e-05
1.9708e-05,1.57e-05,2.155e-05,2.079e-05,2.155e-05
1.9463e-05,1.646e-05,2.0981e-05,2.0206e-05,2.0981e-05
1.9438e-05,1.599e-05,2.08e-05,2.048e-05,2.08e-05
1.9646e-05,1.6421e-05,2.1011e-05,2.0575e-05,2.048e-05
2.0195e-05,1.716e-05,2.1441e-05,2.109e-05,2.127e-05
1.9523e-05,1.634e-05,2.086e-05,2.0445e-05,2.086e-05
1.9212e-05,1.525e-05,2.139e-05,2.0105e-05,2.139e-05
1.9648e-05,1.689e-05,2.1281e-05,2.021e-05,2.059e-05
2.0135e-05,1.6231e-05,2.1641e-05,2.1335e-05,2.1641e-05
1.9703e-05,1.706e-05,2.076e-05,2.0496e-05,2.076e-05
1.964e-05,1.634e-05,2.101e-05,2.0605e-05,2.101e-05
1.9586e-05,1.61e-05,2.149e-05,2.0376e-05,2.0151e-05
2.0268e-05,1.653e-05,2.233e-05,2.1106e-05,2.233e-05
2.0048e-05,1.678e-05,2.167e-05,2.087e-05,2.109e-05
1.9238e-05,1.609e-05,2.067e-05,2.0096e-05,2.0281e-05
1.9425e-05,1.672e-05,2.068e-05,2.0151e-05,2.068e-05
1.9903e-05,1.63e-05,2.211e-05,2.06e-05,2.211e-05
1.9743e-05,1.6801e-05,2.0931e-05,2.0621e-05,2.0901e-05
1.934e-05,1.589e-05,2.095e-05,2.026e-05,2.095e-05
1.9658e-05,1.701e-05,2.0821e-05,2.04e-05,2.019e-05
2.021e-05,1.631e-05,2.2051e-05,2.124e-05,2.2051e-05
1.9815e-05,1.618e-05,2.141e-05,2.0835e-05,2.124e-05
1.9193e-05,1.6001e-05,2.05e-05,2.0136e-05,2.05e-05
1.964e-05,1.66e-05,2.1171e-05,2.0395e-05,2.055e-05
1.9642e-05,1.639e-05,2.107e-05,2.0555e-05,2.107e-05
1.9473e-05,1.619e-05,2.1221e-05,2.024e-05,2.068e-05
1.9582e-05,1.584e-05,2.118e-05,2.0655e-05,2.118e-05
2.0173e-05,1.701e-05,2.1601e-05,2.104e-05,2.0701e-05
1.984e-05,1.599e-05,2.151e-05,2.093e-05,2.151e-05
1.975e-05,1.614e-05,2.114e-05,2.0861e-05,2.1e-05
1.9101e-05,1.564e-05,2.1101e-05,1.9831e-05,2.1101e-05
1.9435e-05,1.6381e-05,2.065e-05,2.0355e-05,2.048e-05
1.9718e-05,1.664e-05,2.124e-05,2.0495e-05,2.124e-05
1.953e-05,1.679e-05,2.06e-05,2.0366e-05,2.0431e-05
1.9428e-05,1.639e-05,2.083e-05,2.0245e-05,2.071e-05
2.0122e-05,1.74e-05,2.176e-05,2.0665e-05,2.056e-05
1.971e-05,1.5371e-05,2.1691e-05,2.089e-05,2.1691e-05
1.99e-05,1.701e-05,2.095e-05,2.082e-05,2.086e-05
1.9238e-05,1.618e-05,2.061e-05,2.0081e-05,2.032e-05
1.9635e-05,1.639e-05,2.091e-05,2.062e-05,2.059e-05
2.0118e-05,1.657e-05,2.148e-05,2.1211e-05,2.148e-05
1.922e-05,1.627e-05,2.04e-05,2.0106e-05,2.04e-05
1.9103e-05,1.542e-05,2.067e-05,2.0161e-05,2.067e-05
1.9433e-05,1.654e-05,2.116e-05,2.0015e-05,2.0081e-05
1.9855e-05,1.617e-05,2.169e-05,2.0781e-05,2.169e-05
1.9818e-05,1.5721e-05,2.15e-05,2.1025e-05,2.13e-05
1.9341e-05,1.613e-05,2.1251e-05,1.9991e-05,2.0541e-05
1.9742e-05,1.666e-05,2.132e-05,2.0495e-05,2.051e-05
1.9573e-05,1.67e-05,2.137e-05,2.011e-05,2.137e-05
1.9701e-05,1.637e-05,2.0931e-05,2.0751e-05,2.0931e-05
1.9261e-05,1.6031e-05,2.09e-05,2.0056e-05,2.09e-05
2.0023e-05,1.752e-05,2.099e-05,2.079e-05,2.099e-05
1.9878e-05,1.613e-05,2.1521e-05,2.0931e-05,2.1521e-05
2.0065e-05,1.689e-05,2.139e-05,2.099e-05,2.139e-05
1.9193e-05,1.545e-05,2.081e-05,2.0256e-05,2.081e-05
1.954e-05,1.662e-05,2.0821e-05,2.036e-05,2.0821e-05
2.0038e-05,1.655e-05,2.163e-05,2.0986e-05,2.163e-05
2.0008e-05,1.604e-05,2.192e-05,2.1035e-05,2.192e-05
1.9455e-05,1.632e-05,2.103e-05,2.0235e-05,2.072e-05
1.9778e-05,1.6611e-05,2.1301e-05,2.06e-05,2.013e-05
1.9508e-05,1.594e-05,2.102e-05,2.0536e-05,2.102e-05
1.9518e-05,1.598e-05,2.099e-05,2.055e-05,2.099e-05
1.9371e-05,1.668e-05,2.0521e-05,2.0141e-05,2.0071e-05
1.9743e-05,1.668e-05,2.125e-05,2.052e-05,2.125e-05
2.0083e-05,1.6841e-05,2.131e-05,2.1091e-05,2.131e-05
1.9733e-05,1.69e-05,2.119e-05,2.0421e-05,2.0761e-05
1.9305e-05,1.569e-05,2.088e-05,2.0325e-05,2.053e-05
1.982e-05,1.689e-05,2.1401e-05,2.0495e-05,2.04e-05
2.0191e-05,1.687e-05,2.201e-05,2.0941e-05,2.1081e-05
2.0143e-05,1.687e-05,2.143e-05,2.1135e-05,2.14e-05
1.939e-05,1.617e-05,2.091e-05,2.0241e-05,2.091e-05
1.9985e-05,1.731e-05,2.123e-05,2.07e-05,2.0841e-05
1.9893e-05,1.639e-05,2.201e-05,2.0585e-05,2.201e-05
1.9653e-05,1.5911e-05,2.133e-05,2.0685e-05,2.127e-05
1.9168e-05,1.613e-05,2.027e-05,2.0136e-05,2.0141e-05
1.9853e-05,1.656e-05,2.136e-05,2.0746e-05,2.041e-05
2.012e-05,1.658e-05,2.158e-05,2.116e-05,2.109e-05
1.9782e-05,1.61e-05,2.147e-05,2.078e-05,2.147e-05
1.9731e-05,1.6191e-05,2.137e-05,2.0681e-05,2.137e-05
1.9707e-05,1.699e-05,2.089e-05,2.0475e-05,2.054e-05
1.9718e-05,1.554e-05,2.194e-05,2.0695e-05,2.194e-05
1.9598e-05,1.605e-05,2.1e-05,2.067e-05,2.0681e-05
1.9518e-05,1.649e-05,2.099e-05,2.0295e-05,2.092e-05
1.9695e-05,1.693e-05,2.1361e-05,2.0245e-05,2.002e-05
1.9978e-05,1.636e-05,2.157e-05,2.0991e-05,2.0891e-05
1.9675e-05,1.579e-05,2.169e-05,2.061e-05,2.169e-05
1.9223e-05,1.628e-05,2.0341e-05,2.0135e-05,2.015e-05
1.969e-05,1.6681e-05,2.099e-05,2.0546e-05,2.0451e-05
1.9493e-05,1.593e-05,2.137e-05,2.0336e-05,2.137e-05
1.9775e-05,1.627e-05,2.199e-05,2.042e-05,2.199e-05
1.9278e-05,1.599e-05,2.0691e-05,2.0216e-05,2.0291e-05
1.9765e-05,1.685e-05,2.104e-05,2.0585e-05,2.104e-05
1.9961e-05,1.6191e-05,2.1271e-05,2.119e-05,2.125e-05
1.9973e-05,1.7e-05,2.133e-05,2.078e-05,2.08e-05
1.9211e-05,1.516e-05,2.133e-05,2.0176e-05,2.133e-05
1.9848e-05,1.689e-05,2.112e-05,2.069e-05,2.053e-05
1.9506e-05,1.602e-05,2.093e-05,2.0536e-05,2.093e-05
1.983e-05,1.654e-05,2.1211e-05,2.0785e-05,2.1211e-05
1.9438e-05,1.62e-05,2.0811e-05,2.037e-05,2.079e-05
1.991e-05,1.756e-05,2.102e-05,2.053e-05,2.102e-05
2.004e-05,1.632e-05,2.1941e-05,2.095e-05,2.1941e-05
1.97e-05,1.572e-05,2.136e-05,2.086e-05,2.136e-05
1.9555e-05,1.736e-05,2.123e-05,1.9816e-05,2.123e-05
1.9818e-05,1.712e-05,2.111e-05,2.0521e-05,2.0581e-05
2.0435e-05,1.704e-05,2.165e-05,2.1526e-05,2.165e-05
1.9585e-05,1.592e-05,2.106e-05,2.068e-05,2.08e-05
1.9333e-05,1.5991e-05,2.1491e-05,1.9925e-05,2.1491e-05
1.9515e-05,1.643e-05,2.084e-05,2.0396e-05,2.073e-05
1.9628e-05,1.62e-05,2.097e-05,2.067e-05,2.097e-05
1.958e-05,1.611e-05,2.0951e-05,2.063e-05,2.088e-05
1.9005e-05,1.547e-05,2.114e-05,1.9705e-05,2.114e-05
1.9871e-05,1.6991e-05,2.125e-05,2.0621e-05,2.125e-05
1.9658e-05,1.663e-05,2.085e-05,2.0576e-05,2.085e-05
1.9208e-05,1.578e-05,2.1071e-05,1.9991e-05,2.1071e-05
1.961e-05,1.625e-05,2.112e-05,2.0535e-05,2.112e-05
1.9308e-05,1.624e-05,2.1091e-05,1.995e-05,2.01e-05
1.9863e-05,1.6e-05,2.139e-05,2.103e-05,2.1201e-05
1.959e-05,1.614e-05,2.09e-05,2.066e-05,2.09e-05
1.9385e-05,1.648e-05,2.09e-05,2.0081e-05,2.026e-05
2.0138e-05,1.726e-05,2.1261e-05,2.1015e-05,2.1261e-05
1.9988e-05,1.6581e-05,2.208e-05,2.0646e-05,2.208e-05
1.9705e-05,1.629e-05,2.157e-05,2.0481e-05,2.157e-05
1.9103e-05,1.575e-05,2.0881e-05,1.989e-05,2.0881e-05
2.0495e-05,1.665e-05,2.3391e-05,2.097e-05,2.032e-05
1.9765e-05,1.648e-05,2.143e-05,2.0575e-05,2.073e-05
1.9626e-05,1.6121e-05,2.1191e-05,2.0595e-05,2.1121e-05
1.9315e-05,1.638e-05,2.068e-05,2.01e-05,2.064e-05
1.9668e-05,1.663e-05,2.1141e-05,2.045e-05,2.04e-05
1.9895e-05,1.639e-05,2.1501e-05,2.0845e-05,2.099e-05
1.9695e-05,1.638e-05,2.142e-05,2.0491e-05,2.142e-05
1.9193e-05,1.543e-05,2.068e-05,2.033e-05,2.068e-05
1.9808e-05,1.663e-05,2.1281e-05,2.0661e-05,2.067e-05
1.9795e-05,1.65e-05,2.1071e-05,2.0805e-05,2.1071e-05
1.9631e-05,1.56e-05,2.193e-05,2.0496e-05,2.193e-05
1.9303e-05,1.5971e-05,2.079e-05,2.0225e-05,2.079e-05
1.9951e-05,1.687e-05,2.1271e-05,2.0831e-05,2.1041e-05
1.9578e-05,1.577e-05,2.179e-05,2.0376e-05,2.179e-05
1.9718e-05,1.626e-05,2.13e-05,2.0655e-05,2.13e-05
1.9373e-05,1.641e-05,2.0631e-05,2.0225e-05,2.0631e-05
1.9593e-05,1.5991e-05,2.0981e-05,2.0701e-05,2.085e-05
2.0073e-05,1.704e-05,2.147e-05,2.089e-05,2.116e-05
1.9706e-05,1.621e-05,2.1161e-05,2.0726e-05,2.0861e-05
1.947e-05,1.637e-05,2.078e-05,2.0365e-05,2.078e-05
2.0033e-05,1.683e-05,2.174e-05,2.0781e-05,2.086e-05
1.9713e-05,1.626e-05,2.1161e-05,2.0715e-05,2.1161e-05
1.9628e-05,1.654e-05,2.103e-05,2.0471e-05,2.04e-05
1.9095e-05,1.55e-05,2.101e-05,1.9935e-05,2.101e-05
1.9738e-05,1.68e-05,2.1131e-05,2.051e-05,2.064e-05
1.9891e-05,1.6591e-05,2.1291e-05,2.084e-05,2.1291e-05
1.9248e-05,1.551e-05,2.1021e-05,2.0231e-05,2.052e-05
1.9463e-05,1.659e-05,2.062e-05,2.032e-05,2.062e-05
1.9588e-05,1.687e-05,2.0871e-05,2.0305e-05,2.0321e-05
2.0005e-05,1.662e-05,2.1501e-05,2.095e-05,2.095e-05
1.9361e-05,1.5901e-05,2.0791e-05,2.0375e-05,2.059e-05
1.9385e-05,1.681e-05,2.0951e-05,1.989e-05,2.0951e-05
1.9956e-05,1.695e-05,2.1341e-05,2.0766e-05,2.041e-05
2.0053e-05,1.65e-05,2.168e-05,2.1015e-05,2.168e-05
1.9736e-05,1.626e-05,2.1181e-05,2.0751e-05,2.1181e-05
1.8967e-05,1.58e-05,2.022e-05,1.9925e-05,2.022e-05
1.9685e-05,1.68e-05,2.0811e-05,2.0565e-05,2.07e-05
1.9576e-05,1.619e-05,2.1191e-05,2.0461e-05,2.1191e-05
1.9818e-05,1.65e-05,2.1251e-05,2.076e-05,2.121e-05
1.9153e-05,1.6161e-05,2.079e-05,1.983e-05,2.079e-05
1.962e-05,1.665e-05,2.073e-05,2.055e-05,2.073e-05
2.0315e-05,1.75e-05,2.171e-05,2.1025e-05,2.1541e-05
1.9993e-05,1.66e-05,2.16e-05,2.0885e-05,2.16e-05
1.9032e-05,1.532e-05,2.088e-05,1.9965e-05,2.088e-05
1.9891e-05,1.7661e-05,2.094e-05,2.0481e-05,2.0071e-05
2.0073e-05,1.627e-05,2.206e-05,2.0981e-05,2.126e-05
1.981e-05,1.636e-05,2.116e-05,2.086e-05,2.116e-05
1.9305e-05,1.567e-05,2.1011e-05,2.027e-05,2.1011e-05
1.9863e-05,1.659e-05,2.109e-05,2.0885e-05,2.096e-05
2.0153e-05,1.6241e-05,2.184e-05,2.1265e-05,2.121e-05
1.9385e-05,1.6e-05,2.0971e-05,2.0285e-05,2.0971e-05
5.0478e-05,1.593e-05,0.000143552,2.1215e-05,2.109e-05
2.081e-05,1.815e-05,2.303e-05,2.1031e-05,2.076e-05
2.0301e-05,1.7701e-05,2.182e-05,2.0841e-05,2.182e-05
1.9618e-05,1.695e-05,2.059e-05,2.0465e-05,2.037e-05
1.9155e-05,1.558e-05,2.0931e-05,2.0055e-05,2.0931e-05
1.9948e-05,1.705e-05,2.1441e-05,2.065e-05,2.047e-05
1.9798e-05,1.601e-05,2.182e-05,2.068e-05,2.182e-05
1.9946e-05,1.693e-05,2.1201e-05,2.0826e-05,2.1041e-05
1.907e-05,1.584e-05,2.018e-05,2.013e-05,2.009e-05
1.9885e-05,1.689e-05,2.1031e-05,2.081e-05,2.079e-05
1.9785e-05,1.624e-05,2.1181e-05,2.086e-05,2.1081e-05
1.9575e-05,1.598e-05,2.17e-05,2.031e-05,2.17e-05
1.9227e-05,1.619e-05,2.055e-05,2.0085e-05,2.021e-05
1.9871e-05,1.722e-05,2.1391e-05,2.0436e-05,2.0871e-05
1.9762e-05,1.627e-05,2.142e-05,2.068e-05,2.11e-05
1.9608e-05,1.632e-05,2.105e-05,2.0531e-05,2.105e-05
1.9308e-05,1.6141e-05,2.0601e-05,2.0245e-05,2.0601e-05
1.9743e-05,1.618e-05,2.095e-05,2.092e-05,2.095e-05
1.9785e-05,1.623e-05,2.1341e-05,2.0785e-05,2.08e-05
1.988e-05,1.623e-05,2.159e-05,2.085e-05,2.159e-05
1.9372e-05,1.622e-05,2.05e-05,2.0385e-05,2.05e-05
1.9663e-05,1.6611e-05,2.0981e-05,2.053e-05,2.025e-05
2.0173e-05,1.702e-05,2.175e-05,2.096e-05,2.175e-05
1.9713e-05,1.66e-05,2.0781e-05,2.0736e-05,2.0781e-05
1.9262e-05,1.615e-05,2.057e-05,2.0165e-05,2.036e-05
1.9558e-05,1.672e-05,2.076e-05,2.0376e-05,2.076e-05
1.9763e-05,1.658e-05,2.0981e-05,2.0745e-05,2.0971e-05
1.9753e-05,1.649e-05,2.1101e-05,2.071e-05,2.085e-05
1.9502e-05,1.534e-05,2.15e-05,2.0585e-05,2.15e-05
1.9868e-05,1.662e-05,2.153e-05,2.0661e-05,2.0101e-05
1.9898e-05,1.5781e-05,2.192e-05,2.0945e-05,2.192e-05
2.0038e-05,1.665e-05,2.167e-05,2.0916e-05,2.167e-05
1.9095e-05,1.604e-05,2.0881e-05,1.973e-05,2.0881e-05
1.9995e-05,1.733e-05,2.133e-05,2.0661e-05,2.066e-05
2.0053e-05,1.644e-05,2.206e-05,2.0856e-05,2.206e-05
2.0183e-05,1.6981e-05,2.1981e-05,2.0885e-05,2.1981e-05
1.9245e-05,1.565e-05,2.0661e-05,2.0335e-05,2.042e-05
1.9548e-05,1.638e-05,2.08e-05,2.0506e-05,2.025e-05
1.9805e-05,1.621e-05,2.158e-05,2.0715e-05,2.158e-05
2.0016e-05,1.63e-05,2.2421e-05,2.0671e-05,2.2421e-05
1.9033e-05,1.511e-05,2.052e-05,2.025e-05,2.052e-05
1.9663e-05,1.641e-05,2.124e-05,2.0501e-05,2.077e-05
1.9858e-05,1.63e-05,2.1241e-05,2.0945e-05,2.1241e-05
1.9283e-05,1.599e-05,2.078e-05,2.0181e-05,2.078e-05
1.9568e-05,1.6621e-05,2.065e-05,2.0501e-05,2.038e-05
2.0193e-05,1.716e-05,2.144e-05,2.1086e-05,2.1081e-05
2.0112e-05,1.662e-05,2.194e-05,2.0945e-05,2.119e-05
1.985e-05,1.663e-05,2.1011e-05,2.088e-05,2.091e-05
1.9188e-05,1.586e-05,2.1191e-05,1.985e-05,2.1191e-05
1.9951e-05,1.7111e-05,2.1461e-05,2.0615e-05,2.015e-05
2.0155e-05,1.644e-05,2.205e-05,2.1066e-05,2.205e-05
1.9423e-05,1.615e-05,2.1131e-05,2.0206e-05,2.1131e-05
1.9353e-05,1.625e-05,2.0781e-05,2.019e-05,2.04e-05
1.9778e-05,1.727e-05,2.104e-05,2.0401e-05,2.057e-05
2.0055e-05,1.653e-05,2.134e-05,2.1175e-05,2.134e-05
1.9726e-05,1.61e-05,2.159e-05,2.0606e-05,2.159e-05
1.9382e-05,1.575e-05,2.145e-05,2.0165e-05,2.145e-05
2.002e-05,1.756e-05,2.11e-05,2.071e-05,2.068e-05
1.9785e-05,1.6591e-05,2.093e-05,2.081e-05,2.0801e-05
2.0075e-05,1.656e-05,2.168e-05,2.1031e-05,2.132e-05
1.9595e-05,1.625e-05,2.082e-05,2.0656e-05,2.082e-05
1.9881e-05,1.668e-05,2.1201e-05,2.0821e-05,2.1201e-05
1.9878e-05,1.654e-05,2.147e-05,2.075e-05,2.147e-05
1.9686e-05,1.6121e-05,2.108e-05,2.0771e-05,2.108e-05
1.9485e-05,1.622e-05,2.0971e-05,2.0375e-05,2.0971e-05
1.9698e-05,1.689e-05,2.134e-05,2.028e-05,2.015e-05
1.9765e-05,1.627e-05,2.141e-05,2.069e-05,2.141e-05
1.993e-05,1.749e-05,2.1161e-05,2.0535e-05,2.1161e-05
1.9433e-05,1.582e-05,2.123e-05,2.0341e-05,2.123e-05
2.0142e-05,1.754e-05,2.153e-05,2.075e-05,2.054e-05
1.9818e-05,1.61e-05,2.111e-05,2.103e-05,2.0971e-05
1.9615e-05,1.606e-05,2.11e-05,2.0651e-05,2.11e-05
1.9155e-05,1.5861e-05,2.06e-05,2.008e-05,2.06e-05
2.2823e-05,2.009e-05,2.7251e-05,2.1976e-05,2.009e-05
2.0147e-05,1.659e-05,2.24e-05,2.08e-05,2.24e-05
1.9493e-05,1.611e-05,2.11e-05,2.0381e-05,2.11e-05
1.9593e-05,1.649e-05,2.1001e-05,2.044e-05,2.072e-05
2.0123e-05,1.717e-05,2.221e-05,2.0555e-05,2.038e-05
1.9895e-05,1.685e-05,2.116e-05,2.0786e-05,2.116e-05
1.9538e-05,1.61e-05,2.1061e-05,2.0495e-05,2.072e-05
1.935e-05,1.648e-05,2.1101e-05,1.991e-05,2.1101e-05
1.9351e-05,1.5901e-05,2.0981e-05,2.0261e-05,2.069e-05
2.0022e-05,1.634e-05,2.166e-05,2.1045e-05,2.162e-05
1.9603e-05,1.609e-05,2.1201e-05,2.0561e-05,2.1171e-05
1.9313e-05,1.601e-05,2.073e-05,2.0256e-05,2.001e-05
1.9797e-05,1.689e-05,2.122e-05,2.054e-05,2.049e-05
2.0436e-05,1.6561e-05,2.1901e-05,2.164e-05,2.1901e-05
1.9473e-05,1.588e-05,2.141e-05,2.03e-05,2.085e-05
1.9538e-05,1.64e-05,2.087e-05,2.044e-05,2.087e-05
1.9303e-05,1.63e-05,2.057e-05,2.0171e-05,2.0071e-05
2.0027e-05,1.617e-05,2.154e-05,2.12e-05,2.154e-05
1.9475e-05,1.611e-05,2.098e-05,2.0405e-05,2.066e-05
1.9456e-05,1.573e-05,2.1191e-05,2.045e-05,2.1191e-05
1.9792e-05,1.679e-05,2.102e-05,2.068e-05,2.062e-05
2.0123e-05,1.627e-05,2.178e-05,2.1221e-05,2.178e-05
1.9725e-05,1.5801e-05,2.151e-05,2.0795e-05,2.151e-05
1.9383e-05,1.628e-05,2.067e-05,2.029e-05,2.046e-05
1.9975e-05,1.664e-05,2.1281e-05,2.099e-05,2.113e-05
1.9837e-05,1.637e-05,2.136e-05,2.081e-05,2.136e-05
2.0093e-05,1.707e-05,2.1681e-05,2.081e-05,2.1681e-05
1.9168e-05,1.5241e-05,2.069e-05,2.037e-05,2.066e-05
2.0013e-05,1.724e-05,2.135e-05,2.073e-05,2.033e-05
2.0356e-05,1.658e-05,2.2021e-05,2.1411e-05,2.2021e-05
1.977e-05,1.657e-05,2.124e-05,2.0635e-05,2.071e-05
1.898e-05,1.549e-05,2.089e-05,1.977e-05,2.089e-05
2.0053e-05,1.709e-05,2.1781e-05,2.0671e-05,2.1781e-05
2.0088e-05,1.662e-05,2.176e-05,2.0986e-05,2.176e-05
1.937e-05,1.633e-05,2.074e-05,2.0205e-05,2.074e-05
0.000301212,0.000296266,0.000304294,0.000302143,0.000304294
2.1195e-05,2.0041e-05,2.338e-05,2.068e-05,2.076e-05
2.015e-05,1.672e-05,2.158e-05,2.1151e-05,2.158e-05
2.0013e-05,1.684e-05,2.131e-05,2.095e-05,2.118e-05
1.9593e-05,1.6731e-05,2.115e-05,2.0246e-05,2.115e-05
1.9445e-05,1.646e-05,2.088e-05,2.022e-05,2.0351e-05
1.9723e-05,1.673e-05,2.123e-05,2.0465e-05,2.123e-05
1.9763e-05,1.595e-05,2.133e-05,2.0885e-05,2.133e-05
1.9498e-05,1.624e-05,2.11e-05,2.0325e-05,2.0391e-05
1.9713e-05,1.602e-05,2.1631e-05,2.06e-05,2.099e-05
1.999e-05,1.67e-05,2.128e-05,2.099e-05,2.106e-05
1.95e-05,1.576e-05,2.108e-05,2.0581e-05,2.0541e-05
1.8973e-05,1.572e-05,2.031e-05,1.993e-05,2.031e-05
1.973e-05,1.6831e-05,2.105e-05,2.052e-05,2.08e-05
1.9843e-05,1.659e-05,2.1611e-05,2.0585e-05,2.1611e-05
1.9755e-05,1.641e-05,2.115e-05,2.073e-05,2.103e-05
1.9387e-05,1.59e-05,2.086e-05,2.0395e-05,2.076e-05
2.0146e-05,1.789e-05,2.1211e-05,2.0741e-05,2.0761e-05
1.9765e-05,1.6071e-05,2.155e-05,2.072e-05,2.155e-05
1.9483e-05,1.563e-05,2.094e-05,2.068e-05,2.094e-05
1.9025e-05,1.579e-05,2.052e-05,1.9896e-05,2.052e-05
1.9998e-05,1.689e-05,2.133e-05,2.0885e-05,2.062e-05
1.9788e-05,1.618e-05,2.152e-05,2.0725e-05,2.152e-05
1.9445e-05,1.601e-05,2.099e-05,2.039e-05,2.099e-05
1.9465e-05,1.659e-05,2.0991e-05,2.014e-05,2.0991e-05
1.9413e-05,1.64e-05,2.0811e-05,2.0221e-05,2.008e-05
1.9785e-05,1.642e-05,2.098e-05,2.087e-05,2.098e-05
1.9728e-05,1.6081e-05,2.1531e-05,2.065e-05,2.1531e-05
1.891e-05,1.553e-05,2.048e-05,1.9816e-05,2.048e-05
2.0158e-05,1.715e-05,2.13e-05,2.1091e-05,2.094e-05
1.9661e-05,1.597e-05,2.1031e-05,2.0821e-05,2.1031e-05
2.0018e-05,1.66e-05,2.146e-05,2.1005e-05,2.146e-05
1.9358e-05,1.5821e-05,2.095e-05,2.033e-05,2.039e-05
1.9663e-05,1.706e-05,2.1121e-05,2.0236e-05,2.0161e-05
1.9617e-05,1.598e-05,2.103e-05,2.073e-05,2.093e-05
1.9668e-05,1.694e-05,2.095e-05,2.0391e-05,2.095e-05
1.9313e-05,1.615e-05,2.163e-05,1.9735e-05,2.163e-05
2.058e-05,1.6551e-05,2.441e-05,2.068e-05,2.097e-05
2.0178e-05,1.655e-05,2.2e-05,2.1081e-05,2.2e-05
1.9343e-05,1.624e-05,2.117e-05,1.998e-05,2.117e-05
2.002e-05,1.701e-05,2.181e-05,2.063e-05,2.181e-05
1.9476e-05,1.6221e-05,2.0921e-05,2.0381e-05,2.025e-05
1.9945e-05,1.572e-05,2.163e-05,2.1215e-05,2.124e-05
1.9881e-05,1.616e-05,2.1221e-05,2.1071e-05,2.1161e-05
1.9397e-05,1.605e-05,2.105e-05,2.0245e-05,2.105e-05
2.017e-05,1.801e-05,2.1381e-05,2.0645e-05,2.055e-05
1.9541e-05,1.5981e-05,2.1561e-05,2.031e-05,2.1561e-05
1.9705e-05,1.668e-05,2.106e-05,2.0541e-05,2.106e-05
1.922e-05,1.575e-05,2.064e-05,2.0245e-05,2.064e-05
1.9511e-05,1.64e-05,2.1111e-05,2.0266e-05,2.0241e-05
1.9805e-05,1.617e-05,2.165e-05,2.07e-05,2.165e-05
1.9715e-05,1.603e-05,2.1371e-05,2.073e-05,2.1e-05
1.9283e-05,1.554e-05,2.1151e-05,2.022e-05,2.1151e-05
2.0013e-05,1.689e-05,2.1921e-05,2.062e-05,2.059e-05
1.992e-05,1.602e-05,2.188e-05,2.0891e-05,2.188e-05
1.9583e-05,1.606e-05,2.119e-05,2.054e-05,2.107e-05
1.9572e-05,1.673e-05,2.102e-05,2.027e-05,2.051e-05
1.9641e-05,1.68e-05,2.1451e-05,2.0156e-05,1.997e-05
1.9938e-05,1.626e-05,2.123e-05,2.113e-05,2.123e-05
1.9461e-05,1.604e-05,2.1331e-05,2.0236e-05,2.0331e-05
1.92e-05,1.5841e-05,2.041e-05,2.0275e-05,2.041e-05
1.9818e-05,1.702e-05,2.114e-05,2.0555e-05,2.055e-05
2.0038e-05,1.609e-05,2.1701e-05,2.118e-05,2.1701e-05
1.979e-05,1.677e-05,2.104e-05,2.0675e-05,2.098e-05
1.901e-05,1.55e-05,2.115e-05,1.9695e-05,2.115e-05
1.9793e-05,1.661e-05,2.1451e-05,2.0556e-05,2.0491e-05
1.9978e-05,1.671e-05,2.165e-05,2.0775e-05,2.165e-05
1.9656e-05,1.606e-05,2.1151e-05,2.0706e-05,2.092e-05
1.9615e-05,1.62e-05,2.101e-05,2.0625e-05,2.0971e-05
1.9588e-05,1.6041e-05,2.123e-05,2.054e-05,2.123e-05
2.0173e-05,1.673e-05,2.21e-05,2.0931e-05,2.21e-05
2.0031e-05,1.836e-05,2.0971e-05,2.0396e-05,2.0831e-05
1.943e-05,1.566e-05,2.185e-05,2.0105e-05,2.185e-05
2.0033e-05,1.706e-05,2.116e-05,2.0955e-05,2.085e-05
1.9848e-05,1.5961e-05,2.164e-05,2.0895e-05,2.164e-05
1.9555e-05,1.642e-05,2.073e-05,2.0536e-05,2.073e-05
1.9407e-05,1.645e-05,2.069e-05,2.0245e-05,2.069e-05
2.0018e-05,1.661e-05,2.185e-05,2.0806e-05,2.185e-05
1.9788e-05,1.69e-05,2.1501e-05,2.0376e-05,2.1501e-05
1.9321e-05,1.5991e-05,2.056e-05,2.0366e-05,2.056e-05
1.9442e-05,1.636e-05,2.077e-05,2.032e-05,2.077e-05
1.969e-05,1.704e-05,2.0981e-05,2.037e-05,2.0981e-05
2.0105e-05,1.702e-05,2.142e-05,2.099e-05,2.142e-05
1.996e-05,1.633e-05,2.204e-05,2.0735e-05,2.204e-05
1.9265e-05,1.597e-05,2.1021e-05,2.0035e-05,2.1021e-05
1.988e-05,1.7e-05,2.105e-05,2.0735e-05,2.049e-05
2.0045e-05,1.676e-05,2.168e-05,2.0871e-05,2.168e-05
1.9555e-05,1.674e-05,2.0951e-05,2.0265e-05,2.0951e-05
1.9243e-05,1.5671e-05,2.059e-05,2.0355e-05,2.059e-05
1.9705e-05,1.723e-05,2.114e-05,2.0225e-05,2.002e-05
1.9813e-05,1.643e-05,2.135e-05,2.0735e-05,2.113e-05
1.9435e-05,1.638e-05,2.0691e-05,2.0335e-05,2.035e-05
1.9468e-05,1.594e-05,2.143e-05,2.0251e-05,2.143e-05
1.9538e-05,1.6241e-05,2.073e-05,2.059e-05,2.073e-05
2.0233e-05,1.667e-05,2.1991e-05,2.1136e-05,2.1481e-05
1.9468e-05,1.591e-05,2.097e-05,2.0495e-05,2.081e-05
1.9388e-05,1.579e-05,2.079e-05,2.0486e-05,2.066e-05
1.9655e-05,1.656e-05,2.118e-05,2.0441e-05,2.0011e-05
1.9825e-05,1.571e-05,2.147e-05,2.106e-05,2.14e-05
1.974e-05,1.631e-05,2.1391e-05,2.063e-05,2.044e-05
1.8793e-05,1.533e-05,2.0641e-05,1.96e-05,2.0641e-05
1.959e-05,1.671e-05,2.113e-05,2.026e-05,2.113e-05
1.9701e-05,1.6651e-05,2.0851e-05,2.0651e-05,2.071e-05
1.9458e-05,1.638e-05,2.08e-05,2.0326e-05,2.0261e-05
1.9055e-05,1.572e-05,2.06e-05,1.995e-05,2.06e-05
1.9897e-05,1.712e-05,2.123e-05,2.062e-05,2.062e-05
1.9898e-05,1.693e-05,2.137e-05,2.0645e-05,2.137e-05
2.0038e-05,1.6821e-05,2.1601e-05,2.0865e-05,2.121e-05
1.9108e-05,1.542e-05,2.051e-05,2.0251e-05,2.051e-05
1.9765e-05,1.675e-05,2.099e-05,2.066e-05,2.05e-05
1.9841e-05,1.571e-05,2.1821e-05,2.0916e-05,2.0951e-05
1.9818e-05,1.603e-05,2.134e-05,2.095e-05,2.134e-05
1.906e-05,1.593e-05,2.051e-05,1.99e-05,2.051e-05
2.0183e-05,1.731e-05,2.176e-05,2.0831e-05,2.0811e-05
2.035e-05,1.695e-05,2.1711e-05,2.137e-05,2.153e-05
1.97e-05,1.631e-05,2.0951e-05,2.077e-05,2.086e-05
1.9311e-05,1.6231e-05,2.0801e-05,2.0106e-05,2.0801e-05
1.9473e-05,1.593e-05,2.093e-05,2.0515e-05,2.093e-05
2.0031e-05,1.679e-05,2.1471e-05,2.0931e-05,2.104e-05
1.9713e-05,1.635e-05,2.1211e-05,2.0645e-05,2.1211e-05
1.9496e-05,1.642e-05,2.0971e-05,2.0295e-05,2.096e-05
2.001e-05,1.7461e-05,2.118e-05,2.07e-05,2.079e-05
1.9613e-05,1.559e-05,2.1761e-05,2.055e-05,2.1761e-05
1.977e-05,1.679e-05,2.1071e-05,2.061e-05,2.087e-05
1.9198e-05,1.544e-05,2.135e-05,2e-05,2.135e-05
2.0008e-05,1.755e-05,2.105e-05,2.0715e-05,2.105e-05
1.9516e-05,1.5651e-05,2.0971e-05,2.0721e-05,2.095e-05
1.9735e-05,1.63e-05,2.129e-05,2.0675e-05,2.129e-05
1.909e-05,1.527e-05,2.042e-05,2.0336e-05,2.042e-05
1.9865e-05,1.739e-05,2.106e-05,2.0505e-05,2.0491e-05
1.9928e-05,1.601e-05,2.171e-05,2.0995e-05,2.171e-05
1.9258e-05,1.557e-05,2.098e-05,2.024e-05,2.098e-05
1.9076e-05,1.549e-05,2.0451e-05,2.018e-05,2.0451e-05
1.9582e-05,1.674e-05,2.087e-05,2.036e-05,2.011e-05
1.9743e-05,1.618e-05,2.181e-05,2.0491e-05,2.181e-05
1.9888e-05,1.6591e-05,2.115e-05,2.0905e-05,2.1001e-05
1.9703e-05,1.627e-05,2.107e-05,2.0736e-05,2.107e-05
2.0175e-05,1.766e-05,2.153e-05,2.0755e-05,2.057e-05
1.9883e-05,1.633e-05,2.1341e-05,2.0931e-05,2.1341e-05
1.9335e-05,1.599e-05,2.092e-05,2.0216e-05,2.092e-05
1.9318e-05,1.5691e-05,2.094e-05,2.032e-05,2.094e-05
1.98e-05,1.701e-05,2.118e-05,2.0505e-05,2.03e-05
1.9508e-05,1.611e-05,2.116e-05,2.0381e-05,2.116e-05
1.9835e-05,1.62e-05,2.112e-05,2.101e-05,2.104e-05
1.9465e-05,1.641e-05,2.0921e-05,2.0265e-05,2.042e-05
1.9628e-05,1.634e-05,2.091e-05,2.0631e-05,2.0811e-05
2.0088e-05,1.715e-05,2.119e-05,2.1005e-05,2.119e-05
1.9523e-05,1.644e-05,2.0651e-05,2.05e-05,2.063e-05
1.9305e-05,1.577e-05,2.1081e-05,2.0185e-05,2.1081e-05
1.9856e-05,1.6401e-05,2.11e-05,2.0961e-05,2.097e-05
2.0098e-05,1.653e-05,2.195e-05,2.0956e-05,2.195e-05
1.9463e-05,1.584e-05,2.0761e-05,2.0625e-05,2.0761e-05
1.9085e-05,1.58e-05,2.0821e-05,1.986e-05,2.027e-05
1.9343e-05,1.619e-05,2.0651e-05,2.0265e-05,1.988e-05
2.0611e-05,1.7881e-05,2.175e-05,2.1406e-05,2.1571e-05
1.9658e-05,1.622e-05,2.153e-05,2.0441e-05,2.153e-05
1.915e-05,1.551e-05,2.086e-05,2.0115e-05,2.086e-05
2.011e-05,1.746e-05,2.139e-05,2.0796e-05,2.119e-05
1.9852e-05,1.648e-05,2.124e-05,2.0845e-05,2.124e-05
1.9933e-05,1.698e-05,2.166e-05,2.0545e-05,2.166e-05
1.9485e-05,1.652e-05,2.0651e-05,2.0385e-05,2.063e-05
1.9725e-05,1.653e-05,2.126e-05,2.0556e-05,2.0261e-05
2e-05,1.682e-05,2.151e-05,2.0835e-05,2.151e-05
1.9941e-05,1.6821e-05,2.1111e-05,2.0915e-05,2.085e-05
1.926e-05,1.683e-05,2.0831e-05,1.969e-05,2.0831e-05
1.9735e-05,1.652e-05,2.121e-05,2.0606e-05,2.072e-05
1.9458e-05,1.653e-05,2.073e-05,2.0285e-05,2.073e-05
1.987e-05,1.592e-05,2.1881e-05,2.084e-05,2.1881e-05
1.9213e-05,1.5981e-05,2.051e-05,2.018e-05,2.051e-05
1.9763e-05,1.708e-05,2.133e-05,2.032e-05,2.023e-05
2.0075e-05,1.629e-05,2.243e-05,2.079e-05,2.1111e-05
1.9833e-05,1.603e-05,2.1731e-05,2.0786e-05,2.071e-05
1.9407e-05,1.627e-05,2.082e-05,2.027e-05,2.082e-05
1.9748e-05,1.6901e-05,2.1101e-05,2.0496e-05,2.0501e-05
1.9845e-05,1.619e-05,2.151e-05,2.084e-05,2.151e-05
1.9725e-05,1.651e-05,2.102e-05,2.0686e-05,2.057e-05
1.929e-05,1.601e-05,2.061e-05,2.0271e-05,2.061e-05
1.9975e-05,1.675e-05,2.187e-05,2.064e-05,2.045e-05
1.983e-05,1.632e-05,2.117e-05,2.0915e-05,2.117e-05
1.9563e-05,1.57e-05,2.143e-05,2.0561e-05,2.143e-05
1.9445e-05,1.635e-05,2.1221e-05,2.0105e-05,2.1221e-05
2e-05,1.726e-05,2.1351e-05,2.0696e-05,2.065e-05
1.9698e-05,1.6081e-05,2.121e-05,2.075e-05,2.121e-05
2.0138e-05,1.646e-05,2.157e-05,2.1261e-05,2.1251e-05
1.9303e-05,1.586e-05,2.054e-05,2.0405e-05,2.054e-05
2.0048e-05,1.73e-05,2.132e-05,2.0785e-05,2.124e-05
1.997e-05,1.665e-05,2.133e-05,2.0951e-05,2.1161e-05
1.9343e-05,1.5791e-05,2.073e-05,2.0426e-05,2.073e-05
1.944e-05,1.673e-05,2.096e-05,2.0035e-05,2.035e-05
1.9938e-05,1.635e-05,2.1711e-05,2.0846e-05,2.1711e-05
1.9937e-05,1.672e-05,2.138e-05,2.0825e-05,2.138e-05
1.9383e-05,1.661e-05,2.052e-05,2.0201e-05,2.052e-05
1.9028e-05,1.575e-05,2.031e-05,2.0025e-05,2.031e-05
1.966e-05,1.634e-05,2.0911e-05,2.0695e-05,2.072e-05
1.9843e-05,1.587e-05,2.149e-05,2.1005e-05,2.149e-05
1.9821e-05,1.668e-05,2.153e-05,2.0536e-05,2.153e-05
1.92e-05,1.5631e-05,2.1401e-05,1.9885e-05,2.1401e-05
1.9788e-05,1.684e-05,2.1181e-05,2.0565e-05,2.027e-05
2.0037e-05,1.652e-05,2.152e-05,2.1055e-05,2.119e-05
1.9535e-05,1.641e-05,2.0701e-05,2.0516e-05,2.0601e-05
1.9208e-05,1.611e-05,2.06e-05,2.0061e-05,2.06e-05
1.9646e-05,1.7031e-05,2.068e-05,2.0436e-05,2.02e-05
1.9885e-05,1.665e-05,2.106e-05,2.0915e-05,2.0961e-05
1.9768e-05,1.67e-05,2.086e-05,2.0755e-05,2.086e-05
1.926e-05,1.553e-05,2.124e-05,2.0135e-05,2.124e-05
1.9693e-05,1.629e-05,2.0941e-05,2.077e-05,2.0941e-05
1.9687e-05,1.64e-05,2.125e-05,2.055e-05,2.096e-05
1.9933e-05,1.636e-05,2.211e-05,2.063e-05,2.211e-05
1.9093e-05,1.672e-05,2.0461e-05,1.9596e-05,2.0461e-05
2.0138e-05,1.706e-05,2.188e-05,2.0806e-05,2.088e-05
1.9848e-05,1.5901e-05,2.1661e-05,2.0915e-05,2.117e-05
1.9705e-05,1.661e-05,2.119e-05,2.051e-05,2.119e-05
1.8795e-05,1.534e-05,2.055e-05,1.9645e-05,2.055e-05
1.9398e-05,1.61e-05,2.088e-05,2.0305e-05,2.044e-05
1.9922e-05,1.656e-05,2.141e-05,2.086e-05,2.141e-05
1.9626e-05,1.6151e-05,2.1491e-05,2.043e-05,2.1491e-05
1.9373e-05,1.565e-05,2.113e-05,2.0355e-05,2.113e-05
2.0067e-05,1.652e-05,2.181e-05,2.097e-05,2.045e-05
1.973e-05,1.604e-05,2.1271e-05,2.0805e-05,2.1271e-05
2.0065e-05,1.716e-05,2.126e-05,2.092e-05,2.126e-05
1.9275e-05,1.59e-05,2.081e-05,2.0195e-05,2.081e-05
1.939e-05,1.615e-05,2.0541e-05,2.0435e-05,2.0541e-05
2.004e-05,1.687e-05,2.143e-05,2.093e-05,2.143e-05
1.9722e-05,1.637e-05,2.109e-05,2.0715e-05,2.104e-05
1.8784e-05,1.5331e-05,2.0631e-05,1.9586e-05,2.0631e-05
1.972e-05,1.659e-05,2.084e-05,2.0725e-05,2.081e-05
1.9605e-05,1.623e-05,2.095e-05,2.0621e-05,2.095e-05
2.0542e-05,1.962e-05,2.152e-05,2.0515e-05,2.152e-05
1.9178e-05,1.548e-05,2.103e-05,2.01e-05,2.055e-05
1.9808e-05,1.7011e-05,2.0911e-05,2.0655e-05,2.059e-05
1.987e-05,1.647e-05,2.234e-05,2.0335e-05,2.234e-05
1.9688e-05,1.714e-05,2.1081e-05,2.0265e-05,2.1081e-05
1.9393e-05,1.6e-05,2.1011e-05,2.028e-05,2.055e-05
1.9647e-05,1.609e-05,2.115e-05,2.0675e-05,2.094e-05
1.9926e-05,1.706e-05,2.1101e-05,2.0771e-05,2.1101e-05
1.9777e-05,1.612e-05,2.163e-05,2.068e-05,2.088e-05
1.9068e-05,1.576e-05,2.093e-05,1.9791e-05,2.093e-05
1.9648e-05,1.687e-05,2.0881e-05,2.0421e-05,2.0471e-05
1.9835e-05,1.608e-05,2.173e-05,2.0765e-05,2.173e-05
1.9662e-05,1.579e-05,2.197e-05,2.0445e-05,2.197e-05
1.9301e-05,1.607e-05,2.0951e-05,2.0091e-05,2.0381e-05
1.9592e-05,1.62e-05,2.086e-05,2.0655e-05,2.053e-05
2.0043e-05,1.628e-05,2.1701e-05,2.1095e-05,2.113e-05
1.9893e-05,1.5711e-05,2.1991e-05,2.0935e-05,2.1991e-05
1.9363e-05,1.677e-05,2.035e-05,2.0166e-05,2.034e-05
1.984e-05,1.664e-05,2.136e-05,2.0681e-05,2.056e-05
1.9813e-05,1.646e-05,2.162e-05,2.0585e-05,2.162e-05
1.9658e-05,1.613e-05,2.1031e-05,2.0735e-05,2.1031e-05
1.9306e-05,1.5961e-05,2.0731e-05,2.0265e-05,2.031e-05
1.9915e-05,1.673e-05,2.158e-05,2.0675e-05,2.084e-05
2.0143e-05,1.639e-05,2.1401e-05,2.1391e-05,2.1381e-05
1.9878e-05,1.646e-05,2.173e-05,2.066e-05,2.067e-05
1.9311e-05,1.5971e-05,2.103e-05,2.0121e-05,2.103e-05
1.946e-05,1.678e-05,2.0521e-05,2.027e-05,2.0261e-05
1.9668e-05,1.632e-05,2.126e-05,2.0546e-05,2.126e-05
1.9633e-05,1.655e-05,2.082e-05,2.058e-05,2.057e-05
1.9158e-05,1.587e-05,2.074e-05,2.0011e-05,2.0091e-05
1.976e-05,1.6721e-05,2.1e-05,2.066e-05,2.1e-05
1.99e-05,1.677e-05,2.1371e-05,2.073e-05,2.081e-05
1.9465e-05,1.567e-05,2.1311e-05,2.044e-05,2.1311e-05
1.9335e-05,1.568e-05,2.092e-05,2.0371e-05,2.068e-05
1.981e-05,1.661e-05,2.112e-05,2.0755e-05,2.04e-05
1.97e-05,1.5801e-05,2.138e-05,2.081e-05,2.138e-05
1.9583e-05,1.631e-05,2.103e-05,2.0495e-05,2.103e-05
1.9173e-05,1.566e-05,2.059e-05,2.022e-05,2.059e-05
2.004e-05,1.692e-05,2.191e-05,2.0665e-05,2.058e-05
2.0301e-05,1.609e-05,2.2081e-05,2.1516e-05,2.1901e-05
1.9755e-05,1.703e-05,2.099e-05,2.05e-05,2.034e-05
1.9073e-05,1.582e-05,2.0731e-05,1.987e-05,2.036e-05
1.932e-05,1.634e-05,2.0481e-05,2.023e-05,2.0441e-05
1.9908e-05,1.669e-05,2.145e-05,2.0745e-05,2.145e-05
1.9523e-05,1.6291e-05,2.118e-05,2.031e-05,2.118e-05
1.9273e-05,1.573e-05,2.0911e-05,2.0226e-05,2.0911e-05
1.9652e-05,1.627e-05,2.145e-05,2.0445e-05,2.053e-05
1.9823e-05,1.635e-05,2.1211e-05,2.0865e-05,2.084e-05
1.949e-05,1.564e-05,2.098e-05,2.0671e-05,2.0741e-05
1.8993e-05,1.6231e-05,2.048e-05,1.963e-05,2.048e-05
1.9985e-05,1.693e-05,2.12e-05,2.0905e-05,2.087e-05
2.2435e-05,2.088e-05,2.5e-05,2.193e-05,2.12e-05
2.011e-05,1.759e-05,2.1521e-05,2.0665e-05,2.091e-05
1.9385e-05,1.581e-05,2.127e-05,2.023e-05,2.127e-05
2.0392e-05,1.793e-05,2.127e-05,2.1185e-05,2.123e-05
1.99e-05,1.614e-05,2.1701e-05,2.088e-05,2.142e-05
1.9545e-05,1.64e-05,2.106e-05,2.036e-05,2.106e-05
1.9238e-05,1.619e-05,2.1311e-05,1.9725e-05,2.023e-05
1.9863e-05,1.7021e-05,2.1131e-05,2.065e-05,2.1131e-05
1.9795e-05,1.631e-05,2.1161e-05,2.0855e-05,2.106e-05
1.997e-05,1.622e-05,2.156e-05,2.105e-05,2.156e-05
1.944e-05,1.624e-05,2.1561e-05,1.998e-05,2.1561e-05
1.972e-05,1.694e-05,2.154e-05,2.02e-05,1.978e-05
1.9816e-05,1.6e-05,2.1431e-05,2.0915e-05,2.111e-05
1.9865e-05,1.651e-05,2.113e-05,2.0911e-05,2.0811e-05
1.8753e-05,1.563e-05,2.016e-05,1.961e-05,2.016e-05
1.9862e-05,1.705e-05,2.122e-05,2.059e-05,2.036e-05
1.9595e-05,1.579e-05,2.1141e-05,2.0725e-05,2.1141e-05
1.96e-05,1.6e-05,2.128e-05,2.0561e-05,2.128e-05
1.9345e-05,1.598e-05,2.099e-05,2.0205e-05,2.099e-05
1.9568e-05,1.696e-05,2.081e-05,2.0251e-05,2.0071e-05
1.9838e-05,1.617e-05,2.149e-05,2.0846e-05,2.149e-05
1.977e-05,1.6201e-05,2.165e-05,2.0615e-05,2.165e-05
1.94e-05,1.601e-05,2.129e-05,2.0151e-05,2.129e-05
1.973e-05,1.684e-05,2.1121e-05,2.048e-05,2.066e-05
1.955e-05,1.617e-05,2.117e-05,2.043e-05,2.117e-05
1.9571e-05,1.613e-05,2.119e-05,2.0481e-05,2.119e-05
1.913e-05,1.5441e-05,2.062e-05,2.023e-05,2.0351e-05
1.996e-05,1.675e-05,2.169e-05,2.07e-05,2.075e-05
2.0245e-05,1.598e-05,2.2181e-05,2.141e-05,2.2e-05
1.9728e-05,1.6e-05,2.1161e-05,2.0875e-05,2.1161e-05
1.8893e-05,1.547e-05,2.065e-05,1.9726e-05,2.065e-05
1.9855e-05,1.674e-05,2.1171e-05,2.0755e-05,2.116e-05
1.975e-05,1.615e-05,2.133e-05,2.0761e-05,2.1081e-05
1.9438e-05,1.593e-05,2.157e-05,2.0126e-05,2.157e-05
1.914e-05,1.579e-05,2.04e-05,2.0185e-05,2.037e-05
1.9806e-05,1.6651e-05,2.1191e-05,2.0691e-05,2.0471e-05
1.9668e-05,1.609e-05,2.094e-05,2.082e-05,2.094e-05
1.994e-05,1.727e-05,2.103e-05,2.073e-05,2.09e-05
1.9483e-05,1.664e-05,2.0871e-05,2.021e-05,2.0871e-05
1.961e-05,1.609e-05,2.122e-05,2.0565e-05,2.096e-05
1.962e-05,1.5651e-05,2.131e-05,2.076e-05,2.131e-05
1.957e-05,1.71e-05,2.099e-05,2.0096e-05,2.099e-05
1.9328e-05,1.628e-05,2.1051e-05,1.999e-05,2.1051e-05
1.974e-05,1.706e-05,2.0901e-05,2.05e-05,2.017e-05
1.9855e-05,1.617e-05,2.166e-05,2.0795e-05,2.166e-05
1.9383e-05,1.558e-05,2.071e-05,2.0621e-05,2.0601e-05
1.9425e-05,1.64e-05,2.09e-05,2.02e-05,2.09e-05
1.961e-05,1.624e-05,2.117e-05,2.0516e-05,2.117e-05
1.981e-05,1.607e-05,2.1731e-05,2.072e-05,2.1731e-05
1.9528e-05,1.6401e-05,2.093e-05,2.0391e-05,2.093e-05
1.938e-05,1.572e-05,2.13e-05,2.025e-05,2.13e-05
1.9995e-05,1.774e-05,2.114e-05,2.0551e-05,2.0411e-05
1.9987e-05,1.665e-05,2.142e-05,2.094e-05,2.142e-05
1.958e-05,1.574e-05,2.163e-05,2.0475e-05,2.163e-05
1.9473e-05,1.7011e-05,2.0591e-05,2.0146e-05,2.0591e-05
1.9783e-05,1.709e-05,2.0891e-05,2.0575e-05,2.028e-05
1.956e-05,1.598e-05,2.1e-05,2.063e-05,2.1e-05
1.9666e-05,1.621e-05,2.095e-05,2.0751e-05,2.095e-05
1.919e-05,1.562e-05,2.077e-05,2.0185e-05,2.0341e-05
1.9615e-05,1.726e-05,2.071e-05,2.0246e-05,2.052e-05
2.0335e-05,1.695e-05,2.164e-05,2.1375e-05,2.146e-05
1.97e-05,1.609e-05,2.1591e-05,2.0561e-05,2.1591e-05
1.8978e-05,1.511e-05,2.059e-05,2.0106e-05,2.059e-05
1.9653e-05,1.6731e-05,2.084e-05,2.0521e-05,2.058e-05
1.966e-05,1.602e-05,2.1171e-05,2.0725e-05,2.1171e-05
1.9758e-05,1.685e-05,2.0871e-05,2.0656e-05,2.083e-05
1.9345e-05,1.68e-05,2.053e-05,2.0025e-05,2.043e-05
1.9778e-05,1.671e-05,2.159e-05,2.0406e-05,2.0221e-05
2.0015e-05,1.6721e-05,2.129e-05,2.1025e-05,2.113e-05
1.9723e-05,1.622e-05,2.113e-05,2.0771e-05,2.113e-05
2.0685e-05,1.62e-05,2.375e-05,2.1395e-05,2.375e-05
2.1571e-05,1.73e-05,2.482e-05,2.2081e-05,2.482e-05
2.1235e-05,1.671e-05,2.4361e-05,2.1935e-05,2.4361e-05
2.1788e-05,1.771e-05,2.512e-05,2.216e-05,2.512e-05
2.2835e-05,1.643e-05,2.987e-05,2.252e-05,2.494e-05
2.184e-05,1.685e-05,2.5711e-05,2.24e-05,2.5711e-05
2.161e-05,1.605e-05,2.499e-05,2.2701e-05,2.499e-05
2.1835e-05,1.661e-05,2.486e-05,2.2935e-05,2.438e-05
2.1036e-05,1.698e-05,2.3721e-05,2.1721e-05,2.3721e-05
2.1963e-05,1.7541e-05,2.606e-05,2.2125e-05,2.606e-05
2.1815e-05,1.739e-05,2.435e-05,2.276e-05,2.435e-05
2.1465e-05,1.734e-05,2.471e-05,2.1905e-05,2.471e-05
2.101e-05,1.619e-05,2.48e-05,2.1526e-05,2.48e-05
2.1883e-05,1.8051e-05,2.4441e-05,2.2521e-05,2.4441e-05
2.1453e-05,1.669e-05,2.476e-05,2.2181e-05,2.476e-05
2.161e-05,1.691e-05,2.487e-05,2.233e-05,2.487e-05
2.0665e-05,1.652e-05,2.3641e-05,2.125e-05,2.3641e-05
2.1455e-05,1.742e-05,2.551e-05,2.1445e-05,2.551e-05
2.1653e-05,1.665e-05,2.543e-05,2.2266e-05,2.543e-05
2.174e-05,1.68e-05,2.5151e-05,2.2505e-05,2.5151e-05
2.167e-05,1.677e-05,2.553e-05,2.219e-05,2.553e-05
2.1545e-05,1.776e-05,2.507e-05,2.1676e-05,2.507e-05
2.1445e-05,1.636e-05,2.4251e-05,2.2585e-05,2.4251e-05
2.149e-05,1.688e-05,2.451e-05,2.2286e-05,2.451e-05
2.0622e-05,1.621e-05,2.377e-05,2.1255e-05,2.377e-05
2.1378e-05,1.68e-05,2.5301e-05,2.1706e-05,2.5301e-05
2.1388e-05,1.6471e-05,2.465e-05,2.2215e-05,2.465e-05
2.1053e-05,1.613e-05,2.45e-05,2.1791e-05,2.45e-05
2.1105e-05,1.606e-05,2.4591e-05,2.1885e-05,2.4591e-05
2.1175e-05,1.678e-05,2.425e-05,2.1835e-05,2.425e-05
2.1388e-05,1.5971e-05,2.386e-05,2.286e-05,2.386e-05
2.1048e-05,1.649e-05,2.4141e-05,2.178e-05,2.4141e-05
2.0788e-05,1.627e-05,2.349e-05,2.1696e-05,2.349e-05
2.123e-05,1.713e-05,2.452e-05,2.1635e-05,2.452e-05
2.129e-05,1.671e-05,2.4101e-05,2.2175e-05,2.4101e-05
2.1235e-05,1.675e-05,2.432e-05,2.1935e-05,2.432e-05
2.1315e-05,1.677e-05,2.429e-05,2.2101e-05,2.427e-05
2.1413e-05,1.689e-05,2.4881e-05,2.1941e-05,2.4881e-05
2.151e-05,1.684e-05,2.407e-05,2.2565e-05,2.407e-05
2.1425e-05,1.6511e-05,2.42e-05,2.2495e-05,2.42e-05
2.0418e-05,1.553e-05,2.3911e-05,2.1116e-05,2.3911e-05
2.148e-05,1.701e-05,2.499e-05,2.196e-05,2.499e-05
2.1521e-05,1.73e-05,2.48e-05,2.1991e-05,2.48e-05
2.1125e-05,1.5951e-05,2.5051e-05,2.175e-05,2.5051e-05
2.0617e-05,1.592e-05,2.444e-05,2.1055e-05,2.444e-05
2.1682e-05,1.753e-05,2.482e-05,2.219e-05,2.482e-05
2.122e-05,1.655e-05,2.4001e-05,2.2165e-05,2.4001e-05
2.089e-05,1.647e-05,2.387e-05,2.1611e-05,2.387e-05
2.0832e-05,1.621e-05,2.377e-05,2.1675e-05,2.377e-05
2.1388e-05,1.698e-05,2.569e-05,2.1441e-05,2.569e-05
2.1695e-05,1.664e-05,2.566e-05,2.224e-05,2.566e-05
2.1565e-05,1.701e-05,2.5371e-05,2.194e-05,2.5371e-05
2.1153e-05,1.7241e-05,2.455e-05,2.141e-05,2.455e-05
2.157e-05,1.767e-05,2.413e-05,2.224e-05,2.413e-05
2.1963e-05,1.747e-05,2.4851e-05,2.2765e-05,2.4851e-05
2.1318e-05,1.703e-05,2.438e-05,2.1931e-05,2.438e-05
2.0965e-05,1.6891e-05,2.395e-05,2.151e-05,2.395e-05
2.1636e-05,1.736e-05,2.6001e-05,2.1591e-05,2.6001e-05
2.1715e-05,1.752e-05,2.504e-05,2.215e-05,2.504e-05
2.1235e-05,1.622e-05,2.494e-05,2.1891e-05,2.494e-05
2.1238e-05,1.692e-05,2.4571e-05,2.173e-05,2.4571e-05
2.1118e-05,1.69e-05,2.46e-05,2.1485e-05,2.46e-05
2.1563e-05,1.73e-05,2.41e-05,2.2425e-05,2.41e-05
2.1445e-05,1.618e-05,2.4511e-05,2.2545e-05,2.4511e-05
2.0388e-05,1.635e-05,2.325e-05,2.0976e-05,2.325e-05
2.1373e-05,1.708e-05,2.522e-05,2.1595e-05,2.522e-05
2.1053e-05,1.577e-05,2.4841e-05,2.1801e-05,2.4841e-05
2.1167e-05,1.604e-05,2.531e-05,2.166e-05,2.531e-05
2.0523e-05,1.584e-05,2.375e-05,2.125e-05,2.375e-05
2.1206e-05,1.6871e-05,2.3721e-05,2.2116e-05,2.3661e-05
2.1378e-05,1.682e-05,2.396e-05,2.2366e-05,2.396e-05
2.1133e-05,1.731e-05,2.395e-05,2.1636e-05,2.395e-05
2.0803e-05,1.631e-05,2.3971e-05,2.1465e-05,2.3971e-05
2.1498e-05,1.7501e-05,2.574e-05,2.1375e-05,2.574e-05
2.1398e-05,1.777e-05,2.431e-05,2.1755e-05,2.431e-05
2.1386e-05,1.661e-05,2.5051e-05,2.194e-05,2.5051e-05
2.0958e-05,1.597e-05,2.447e-05,2.1696e-05,2.447e-05
2.1235e-05,1.751e-05,2.433e-05,2.155e-05,2.433e-05
2.1363e-05,1.625e-05,2.4491e-05,2.2355e-05,2.4491e-05
2.1273e-05,1.671e-05,2.414e-05,2.212e-05,2.404e-05
2.0332e-05,1.615e-05,2.346e-05,2.086e-05,2.346e-05
2.1136e-05,1.726e-05,2.4581e-05,2.1351e-05,2.4581e-05
2.1263e-05,1.6091e-05,2.486e-05,2.205e-05,2.486e-05
2.0983e-05,1.607e-05,2.466e-05,2.1601e-05,2.466e-05
2.0923e-05,1.571e-05,2.4251e-05,2.1865e-05,2.4251e-05
2.177e-05,1.699e-05,2.619e-05,2.195e-05,2.619e-05
2.1433e-05,1.6471e-05,2.5651e-05,2.1806e-05,2.5651e-05
2.1635e-05,1.739e-05,2.499e-05,2.208e-05,2.499e-05
2.2183e-05,1.626e-05,2.8131e-05,2.217e-05,2.437e-05
2.1295e-05,1.694e-05,2.5181e-05,2.153e-05,2.5181e-05
2.1578e-05,1.689e-05,2.484e-05,2.229e-05,2.484e-05
2.1697e-05,1.798e-05,2.564e-05,2.1585e-05,2.564e-05
2.1031e-05,1.613e-05,2.4121e-05,2.1936e-05,2.4121e-05
2.1375e-05,1.688e-05,2.471e-05,2.1955e-05,2.471e-05
2.119e-05,1.72e-05,2.355e-05,2.2006e-05,2.35e-05
2.0985e-05,1.654e-05,2.3651e-05,2.1875e-05,2.3651e-05
2.0657e-05,1.656e-05,2.38e-05,2.1135e-05,2.38e-05
2.1013e-05,1.761e-05,2.449e-05,2.0975e-05,2.449e-05
2.1311e-05,1.666e-05,2.4741e-05,2.1921e-05,2.4741e-05
2.131e-05,1.7111e-05,2.479e-05,2.1671e-05,2.479e-05
2.0948e-05,1.628e-05,2.437e-05,2.1571e-05,2.437e-05
2.1135e-05,1.672e-05,2.4581e-05,2.162e-05,2.4581e-05
2.1353e-05,1.719e-05,2.417e-05,2.2025e-05,2.417e-05
2.1206e-05,1.6291e-05,2.424e-05,2.2146e-05,2.424e-05
2.018e-05,1.565e-05,2.3391e-05,2.084e-05,2.3391e-05
2.1008e-05,1.696e-05,2.477e-05,2.1151e-05,2.477e-05
2.1612e-05,1.734e-05,2.478e-05,2.2165e-05,2.478e-05
2.0983e-05,1.601e-05,2.4561e-05,2.1681e-05,2.4561e-05
2.0775e-05,1.636e-05,2.44e-05,2.117e-05,2.44e-05
2.0903e-05,1.63e-05,2.394e-05,2.1685e-05,2.394e-05
2.1198e-05,1.684e-05,2.3591e-05,2.2181e-05,2.3591e-05
2.1013e-05,1.636e-05,2.376e-05,2.1965e-05,2.376e-05
2.0488e-05,1.5951e-05,2.34e-05,2.13e-05,2.34e-05
2.1115e-05,1.716e-05,2.4951e-05,2.1175e-05,2.4951e-05
2.1023e-05,1.651e-05,2.455e-05,2.1515e-05,2.455e-05
2.117e-05,1.611e-05,2.463e-05,2.1971e-05,2.463e-05
2.0833e-05,1.609e-05,2.4541e-05,2.1351e-05,2.4541e-05
2.143e-05,1.696e-05,2.468e-05,2.204e-05,2.468e-05
2.18e-05,1.698e-05,2.528e-05,2.2471e-05,2.347e-05
2.1048e-05,1.676e-05,2.4161e-05,2.1635e-05,2.4161e-05
2.056e-05,1.583e-05,2.345e-05,2.1481e-05,2.345e-05
2.1685e-05,1.709e-05,2.626e-05,2.1695e-05,2.626e-05
2.1883e-05,1.664e-05,2.5171e-05,2.2861e-05,2.5171e-05
2.1793e-05,1.706e-05,2.441e-05,2.285e-05,2.441e-05
2.1013e-05,1.643e-05,2.419e-05,2.1716e-05,2.419e-05
2.1135e-05,1.6661e-05,2.455e-05,2.1665e-05,2.455e-05
2.1468e-05,1.675e-05,2.382e-05,2.265e-05,2.382e-05
2.1423e-05,1.651e-05,2.4641e-05,2.2271e-05,2.4641e-05
2.068e-05,1.664e-05,2.41e-05,2.099e-05,2.41e-05
2.1761e-05,1.7641e-05,2.564e-05,2.1881e-05,2.564e-05
2.1205e-05,1.717e-05,2.4411e-05,2.162e-05,2.4411e-05
2.1093e-05,1.627e-05,2.53e-05,2.1401e-05,2.53e-05
2.059e-05,1.585e-05,2.379e-05,2.1361e-05,2.379e-05
2.1183e-05,1.69e-05,2.4401e-05,2.1716e-05,2.4401e-05
2.1058e-05,1.695e-05,2.354e-05,2.187e-05,2.354e-05
2.1303e-05,1.63e-05,2.45e-05,2.2205e-05,2.45e-05
2.0775e-05,1.581e-05,2.4341e-05,2.1475e-05,2.4341e-05
2.0928e-05,1.696e-05,2.461e-05,2.1071e-05,2.461e-05
2.1585e-05,1.6821e-05,2.47e-05,2.241e-05,2.47e-05
2.1148e-05,1.618e-05,2.4891e-05,2.1761e-05,2.4891e-05
2.086e-05,1.645e-05,2.407e-05,2.146e-05,2.407e-05
2.117e-05,1.65e-05,2.455e-05,2.1816e-05,2.455e-05
2.1486e-05,1.667e-05,2.4441e-05,2.2416e-05,2.3471e-05
2.1002e-05,1.641e-05,2.352e-05,2.204e-05,2.352e-05
2.0893e-05,1.664e-05,2.408e-05,2.1426e-05,2.408e-05
2.1378e-05,1.68e-05,2.5261e-05,2.1725e-05,2.5261e-05
2.1475e-05,1.717e-05,2.478e-05,2.1976e-05,2.478e-05
2.107e-05,1.709e-05,2.418e-05,2.1505e-05,2.418e-05
2.0701e-05,1.563e-05,2.4371e-05,2.1401e-05,2.4371e-05
2.1145e-05,1.703e-05,2.45e-05,2.1525e-05,2.45e-05
2.1248e-05,1.669e-05,2.398e-05,2.216e-05,2.398e-05
2.138e-05,1.6681e-05,2.4041e-05,2.24e-05,2.4041e-05
2.0278e-05,1.618e-05,2.33e-05,2.0816e-05,2.33e-05
2.1175e-05,1.691e-05,2.502e-05,2.1385e-05,2.502e-05
2.1313e-05,1.651e-05,2.4361e-05,2.2191e-05,2.4361e-05
2.1028e-05,1.6371e-05,2.473e-05,2.1505e-05,2.473e-05
2.0968e-05,1.691e-05,2.407e-05,2.1445e-05,2.407e-05
2.1038e-05,1.676e-05,2.4341e-05,2.1525e-05,2.4341e-05
2.159e-05,1.678e-05,2.45e-05,2.254e-05,2.45e-05
2.0718e-05,1.568e-05,2.428e-05,2.1456e-05,2.428e-05
2.0685e-05,1.601e-05,2.3901e-05,2.1415e-05,2.3901e-05
2.1553e-05,1.717e-05,2.46e-05,2.2221e-05,2.46e-05
2.1368e-05,1.665e-05,2.473e-05,2.2045e-05,2.473e-05
2.1233e-05,1.665e-05,2.4691e-05,2.1795e-05,2.4691e-05
2.1791e-05,1.5941e-05,2.6761e-05,2.223e-05,2.432e-05
2.1075e-05,1.73e-05,2.397e-05,2.1515e-05,2.397e-05
2.1056e-05,1.609e-05,2.3821e-05,2.2156e-05,2.3821e-05
2.123e-05,1.671e-05,2.415e-05,2.203e-05,2.415e-05
2.0535e-05,1.5121e-05,2.4371e-05,2.1325e-05,2.4371e-05
2.161e-05,1.794e-05,2.464e-05,2.1931e-05,2.464e-05
2.1087e-05,1.603e-05,2.461e-05,2.1855e-05,2.461e-05
2.0808e-05,1.6e-05,2.4321e-05,2.1455e-05,2.4321e-05
2.086e-05,1.623e-05,2.488e-05,2.1165e-05,2.488e-05
2.1282e-05,1.691e-05,2.517e-05,2.1525e-05,2.517e-05
2.1575e-05,1.679e-05,2.4341e-05,2.2586e-05,2.4341e-05
2.1113e-05,1.712e-05,2.375e-05,2.179e-05,2.375e-05
2.0783e-05,1.631e-05,2.347e-05,2.1676e-05,2.347e-05
2.1316e-05,1.7341e-05,2.5121e-05,2.14e-05,2.5121e-05
2.1153e-05,1.641e-05,2.501e-05,2.1596e-05,2.501e-05
2.1358e-05,1.667e-05,2.455e-05,2.2105e-05,2.455e-05
2.1023e-05,1.594e-05,2.5331e-05,2.1411e-05,2.5331e-05
2.148e-05,1.7631e-05,2.459e-05,2.1851e-05,2.459e-05
2.1688e-05,1.596e-05,2.542e-05,2.2685e-05,2.416e-05
2.1211e-05,1.651e-05,2.4081e-05,2.2126e-05,2.4081e-05
2.0478e-05,1.648e-05,2.333e-05,2.105e-05,2.333e-05
2.1413e-05,1.729e-05,2.505e-05,2.1655e-05,2.505e-05
2.1173e-05,1.648e-05,2.5071e-05,2.1571e-05,2.5071e-05
2.104e-05,1.666e-05,2.488e-05,2.1311e-05,2.488e-05
2.153e-05,1.749e-05,2.438e-05,2.2125e-05,2.438e-05
2.1346e-05,1.772e-05,2.4281e-05,2.1691e-05,2.4281e-05
2.112e-05,1.5521e-05,2.382e-05,2.257e-05,2.382e-05
2.1255e-05,1.68e-05,2.448e-05,2.1871e-05,2.448e-05
2.0645e-05,1.634e-05,2.4461e-05,2.089e-05,2.4461e-05
2.1018e-05,1.629e-05,2.533e-05,2.1226e-05,2.533e-05
2.1115e-05,1.6151e-05,2.437e-05,2.197e-05,2.437e-05
2.1043e-05,1.609e-05,2.5201e-05,2.144e-05,2.5201e-05
2.068e-05,1.595e-05,2.458e-05,2.1095e-05,2.458e-05
2.131e-05,1.654e-05,2.452e-05,2.209e-05,2.452e-05
2.1325e-05,1.66e-05,2.4181e-05,2.2261e-05,2.4181e-05
2.1265e-05,1.605e-05,2.538e-05,2.1815e-05,2.538e-05
2.0158e-05,1.593e-05,2.306e-05,2.0821e-05,2.306e-05
2.1005e-05,1.651e-05,2.4851e-05,2.133e-05,2.4851e-05
2.1375e-05,1.633e-05,2.495e-05,2.211e-05,2.495e-05
2.1326e-05,1.7101e-05,2.513e-05,2.1536e-05,2.513e-05
2.078e-05,1.633e-05,2.4321e-05,2.1235e-05,2.4321e-05
2.108e-05,1.653e-05,2.422e-05,2.1786e-05,2.422e-05
2.147e-05,1.627e-05,2.464e-05,2.2486e-05,2.415e-05
2.1358e-05,1.7441e-05,2.399e-05,2.2e-05,2.3951e-05
2.0803e-05,1.602e-05,2.475e-05,2.1221e-05,2.475e-05
2.162e-05,1.735e-05,2.54e-05,2.1865e-05,2.54e-05
2.1811e-05,1.742e-05,2.4931e-05,2.2446e-05,2.4931e-05
2.1013e-05,1.755e-05,2.415e-05,2.1175e-05,2.415e-05
2.1033e-05,1.586e-05,2.384e-05,2.2216e-05,2.384e-05
2.095e-05,1.651e-05,2.45e-05,2.1396e-05,2.45e-05
2.1307e-05,1.664e-05,2.404e-05,2.2275e-05,2.368e-05
2.1086e-05,1.653e-05,2.4041e-05,2.1885e-05,2.4041e-05
2.0055e-05,1.561e-05,2.318e-05,2.0715e-05,2.318e-05
2.1503e-05,1.706e-05,2.528e-05,2.1835e-05,2.528e-05
2.162e-05,1.714e-05,2.4941e-05,2.22e-05,2.4941e-05
2.1e-05,1.626e-05,2.485e-05,2.1446e-05,2.485e-05
2.1035e-05,1.6551e-05,2.455e-05,2.152e-05,2.455e-05
2.1218e-05,1.75e-05,2.3621e-05,2.1875e-05,2.3621e-05
2.131e-05,1.691e-05,2.419e-05,2.207e-05,2.419e-05
2.056e-05,1.595e-05,2.347e-05,2.1411e-05,2.347e-05
2.0723e-05,1.666e-05,2.3861e-05,2.1185e-05,2.3861e-05
2.1183e-05,1.681e-05,2.466e-05,2.1631e-05,2.466e-05
3.0158e-05,1.724e-05,3.949e-05,3.195e-05,3.233e-05
2.137e-05,1.706e-05,2.4191e-05,2.2115e-05,2.4191e-05
2.1188e-05,1.7061e-05,2.427e-05,2.1711e-05,2.427e-05
2.1243e-05,1.735e-05,2.475e-05,2.1435e-05,2.475e-05
2.1216e-05,1.61e-05,2.4311e-05,2.2226e-05,2.4311e-05
2.1075e-05,1.653e-05,2.392e-05,2.1925e-05,2.37e-05
2.0615e-05,1.628e-05,2.369e-05,2.1246e-05,2.369e-05
2.1005e-05,1.627e-05,2.4961e-05,2.1395e-05,2.4961e-05
2.1833e-05,1.644e-05,2.541e-05,2.2741e-05,2.541e-05
2.145e-05,1.681e-05,2.495e-05,2.202e-05,2.495e-05
2.0552e-05,1.626e-05,2.4e-05,2.0975e-05,2.4e-05
2.1463e-05,1.7011e-05,2.482e-05,2.201e-05,2.482e-05
2.1395e-05,1.672e-05,2.4451e-05,2.2205e-05,2.4451e-05
2.1273e-05,1.662e-05,2.451e-05,2.1981e-05,2.451e-05
2.0483e-05,1.594e-05,2.325e-05,2.137e-05,2.325e-05
2.0863e-05,1.6461e-05,2.5051e-05,2.0971e-05,2.5051e-05
2.1343e-05,1.626e-05,2.486e-05,2.2125e-05,2.486e-05
2.0973e-05,1.599e-05,2.443e-05,2.1735e-05,2.443e-05
2.0691e-05,1.585e-05,2.4141e-05,2.1385e-05,2.4141e-05
2.158e-05,1.765e-05,2.541e-05,2.1631e-05,2.541e-05
2.1743e-05,1.621e-05,2.5001e-05,2.288e-05,2.43e-05
2.0901e-05,1.59e-05,2.4541e-05,2.1581e-05,2.4541e-05
2.0675e-05,1.609e-05,2.393e-05,2.134e-05,2.393e-05
2.1553e-05,1.725e-05,2.544e-05,2.1761e-05,2.544e-05
2.1408e-05,1.6541e-05,2.4551e-05,2.227e-05,2.4551e-05
2.1243e-05,1.699e-05,2.468e-05,2.165e-05,2.468e-05
2.112e-05,1.663e-05,2.465e-05,2.16e-05,2.465e-05
2.1358e-05,1.795e-05,2.4341e-05,2.157e-05,2.4341e-05
2.0868e-05,1.6331e-05,2.382e-05,2.1661e-05,2.382e-05
2.1262e-05,1.592e-05,2.442e-05,2.2355e-05,2.442e-05
2.0346e-05,1.624e-05,2.3451e-05,2.0846e-05,2.3451e-05
2.096e-05,1.694e-05,2.471e-05,2.1095e-05,2.471e-05
2.126e-05,1.669e-05,2.418e-05,2.2085e-05,2.418e-05
2.1045e-05,1.622e-05,2.4691e-05,2.1635e-05,2.4691e-05
2.08e-05,1.669e-05,2.397e-05,2.1271e-05,2.397e-05
2.1503e-05,1.719e-05,2.444e-05,2.219e-05,2.444e-05
2.0743e-05,1.581e-05,2.3371e-05,2.1895e-05,2.3371e-05
2.0903e-05,1.6731e-05,2.441e-05,2.1236e-05,2.441e-05
2.0328e-05,1.554e-05,2.318e-05,2.1295e-05,2.318e-05
2.129e-05,1.697e-05,2.5381e-05,2.1405e-05,2.5381e-05
2.143e-05,1.715e-05,2.494e-05,2.1815e-05,2.494e-05
2.1545e-05,1.7031e-05,2.515e-05,2.2e-05,2.515e-05
2.0611e-05,1.628e-05,2.3531e-05,2.1316e-05,2.3531e-05
2.1575e-05,1.748e-05,2.491e-05,2.1956e-05,2.491e-05
2.1087e-05,1.612e-05,2.409e-05,2.207e-05,2.321e-05
2.0931e-05,1.61e-05,2.4251e-05,2.1686e-05,2.4251e-05
2.016e-05,1.558e-05,2.341e-05,2.0825e-05,2.341e-05
2.143e-05,1.669e-05,2.476e-05,2.2136e-05,2.476e-05
2.12e-05,1.652e-05,2.4031e-05,2.2125e-05,2.4031e-05
2.12e-05,1.69e-05,2.479e-05,2.1556e-05,2.479e-05
2.0603e-05,1.5521e-05,2.366e-05,2.1615e-05,2.366e-05
2.1926e-05,1.827e-05,2.5001e-05,2.2215e-05,2.5001e-05
2.1253e-05,1.723e-05,2.384e-05,2.1971e-05,2.384e-05
2.111e-05,1.734e-05,2.389e-05,2.1606e-05,2.389e-05
2.0503e-05,1.5981e-05,2.3621e-05,2.1205e-05,2.3621e-05
2.1225e-05,1.688e-05,2.521e-05,2.1406e-05,2.521e-05
2.1265e-05,1.608e-05,2.435e-05,2.2315e-05,2.435e-05
2.0908e-05,1.631e-05,2.4151e-05,2.1586e-05,2.4151e-05
2.0578e-05,1.59e-05,2.375e-05,2.1331e-05,2.375e-05
2.1782e-05,1.775e-05,2.486e-05,2.226e-05,2.486e-05
2.155e-05,1.726e-05,2.433e-05,2.2305e-05,2.433e-05
2.0735e-05,1.617e-05,2.376e-05,2.1505e-05,2.376e-05
2.0373e-05,1.579e-05,2.37e-05,2.1001e-05,2.37e-05
2.1108e-05,1.6261e-05,2.555e-05,2.131e-05,2.555e-05
2.1136e-05,1.613e-05,2.456e-05,2.1926e-05,2.456e-05
2.116e-05,1.656e-05,2.4481e-05,2.18e-05,2.4481e-05
2.09e-05,1.611e-05,2.438e-05,2.1556e-05,2.438e-05
2.1348e-05,1.7201e-05,2.458e-05,2.1805e-05,2.458e-05
2.1323e-05,1.639e-05,2.4171e-05,2.2365e-05,2.4171e-05
2.1208e-05,1.662e-05,2.435e-05,2.193e-05,2.435e-05
2.0498e-05,1.61e-05,2.365e-05,2.112e-05,2.365e-05
2.6753e-05,2.253e-05,3.1751e-05,2.6366e-05,2.4791e-05
2.1997e-05,1.653e-05,2.676e-05,2.235e-05,2.676e-05
2.1168e-05,1.65e-05,2.458e-05,2.1795e-05,2.458e-05
2.0863e-05,1.649e-05,2.4521e-05,2.1221e-05,2.4521e-05
2.1508e-05,1.738e-05,2.457e-05,2.2041e-05,2.457e-05
2.1313e-05,1.615e-05,2.51e-05,2.2001e-05,2.51e-05
2.0868e-05,1.703e-05,2.3831e-05,2.1305e-05,2.3831e-05
2.048e-05,1.575e-05,2.336e-05,2.1405e-05,2.336e-05
2.0945e-05,1.685e-05,2.484e-05,2.1046e-05,2.484e-05
2.1605e-05,1.6601e-05,2.4891e-05,2.2465e-05,2.4891e-05
2.2153e-05,1.71e-05,2.5951e-05,2.278e-05,2.47e-05
2.067e-05,1.541e-05,2.425e-05,2.151e-05,2.425e-05
2.108e-05,1.662e-05,2.4821e-05,2.144e-05,2.4821e-05
2.1548e-05,1.7151e-05,2.419e-05,2.2426e-05,2.415e-05
2.107e-05,1.587e-05,2.459e-05,2.191e-05,2.459e-05
2.0476e-05,1.624e-05,2.3611e-05,2.1026e-05,2.3611e-05
2.1062e-05,1.652e-05,2.434e-05,2.1695e-05,2.434e-05
2.1365e-05,1.698e-05,2.472e-05,2.188e-05,2.472e-05
2.142e-05,1.583e-05,2.4831e-05,2.251e-05,2.4831e-05
2.0823e-05,1.613e-05,2.433e-05,2.1416e-05,2.433e-05
2.1583e-05,1.743e-05,2.4751e-05,2.2076e-05,2.4751e-05
2.1238e-05,1.686e-05,2.387e-05,2.2111e-05,2.387e-05
2.1236e-05,1.6601e-05,2.477e-05,2.1786e-05,2.477e-05
2.0373e-05,1.666e-05,2.3491e-05,2.067e-05,2.3491e-05
2.135e-05,1.681e-05,2.58e-05,2.1395e-05,2.58e-05
2.133e-05,1.553e-05,2.54e-05,2.2195e-05,2.54e-05
2.0998e-05,1.6361e-05,2.4651e-05,2.1491e-05,2.4651e-05
2.1e-05,1.668e-05,2.383e-05,2.1746e-05,2.383e-05
2.088e-05,1.689e-05,2.421e-05,2.1211e-05,2.421e-05
2.135e-05,1.589e-05,2.4331e-05,2.259e-05,2.4331e-05
2.0945e-05,1.636e-05,2.446e-05,2.1481e-05,2.446e-05
2.0593e-05,1.585e-05,2.356e-05,2.148e-05,2.356e-05
2.3538e-05,1.726e-05,2.9971e-05,2.3461e-05,2.6131e-05
2.1345e-05,1.75e-05,2.433e-05,2.1775e-05,2.433e-05
2.1143e-05,1.653e-05,2.435e-05,2.1846e-05,2.435e-05
2.063e-05,1.571e-05,2.4561e-05,2.1126e-05,2.4561e-05
2.1012e-05,1.735e-05,2.414e-05,2.128e-05,2.414e-05
2.1438e-05,1.634e-05,2.428e-05,2.2566e-05,2.428e-05
2.1373e-05,1.675e-05,2.4741e-05,2.2e-05,2.4741e-05
2.0548e-05,1.5721e-05,2.423e-05,2.1121e-05,2.423e-05
2.1583e-05,1.721e-05,2.486e-05,2.213e-05,2.486e-05
2.1481e-05,1.683e-05,2.5551e-05,2.177e-05,2.5551e-05
2.1038e-05,1.691e-05,2.401e-05,2.1615e-05,2.401e-05
2.1316e-05,1.7461e-05,2.408e-05,2.1861e-05,2.408e-05
2.1225e-05,1.728e-05,2.4821e-05,2.1401e-05,2.4821e-05
2.1198e-05,1.678e-05,2.404e-05,2.1986e-05,2.404e-05
2.1325e-05,1.649e-05,2.489e-05,2.1961e-05,2.489e-05
2.0645e-05,1.608e-05,2.4171e-05,2.1165e-05,2.4171e-05
2.0822e-05,1.654e-05,2.512e-05,2.0815e-05,2.512e-05
2.151e-05,1.635e-05,2.489e-05,2.24e-05,2.489e-05
2.1325e-05,1.706e-05,2.496e-05,2.1641e-05,2.496e-05
2.0808e-05,1.616e-05,2.472e-05,2.1175e-05,2.472e-05
2.1658e-05,1.7541e-05,2.495e-05,2.207e-05,2.495e-05
2.093e-05,1.63e-05,2.362e-05,2.19e-05,2.362e-05
2.1443e-05,1.671e-05,2.521e-05,2.1926e-05,2.521e-05
2.0493e-05,1.629e-05,2.335e-05,2.1165e-05,2.335e-05
2.0958e-05,1.7251e-05,2.442e-05,2.1081e-05,2.442e-05
2.1542e-05,1.668e-05,2.472e-05,2.2385e-05,2.472e-05
2.1338e-05,1.655e-05,2.5391e-05,2.1706e-05,2.5391e-05
2.092e-05,1.631e-05,2.409e-05,2.1641e-05,2.409e-05
2.1273e-05,1.694e-05,2.515e-05,2.1501e-05,2.515e-05
2.1213e-05,1.618e-05,2.4151e-05,2.2261e-05,2.4151e-05
2.1547e-05,1.662e-05,2.484e-05,2.2365e-05,2.395e-05
2.016e-05,1.576e-05,2.343e-05,2.0725e-05,2.343e-05
2.1435e-05,1.712e-05,2.5131e-05,2.1745e-05,2.5131e-05
2.138e-05,1.685e-05,2.458e-05,2.2046e-05,2.458e-05
2.1163e-05,1.661e-05,2.54e-05,2.1321e-05,2.54e-05
2.0681e-05,1.565e-05,2.4161e-05,2.1456e-05,2.4161e-05
2.0947e-05,1.633e-05,2.46e-05,2.143e-05,2.46e-05
2.1323e-05,1.6511e-05,2.44e-05,2.2191e-05,2.44e-05
2.1185e-05,1.627e-05,2.4551e-05,2.196e-05,2.4551e-05
2.0953e-05,1.65e-05,2.405e-05,2.1631e-05,2.405e-05
2.1177e-05,1.652e-05,2.522e-05,2.1485e-05,2.522e-05
2.0888e-05,1.595e-05,2.4311e-05,2.1646e-05,2.4311e-05
2.1275e-05,1.645e-05,2.471e-05,2.197e-05,2.471e-05
2.1175e-05,1.71e-05,2.44e-05,2.1601e-05,2.44e-05
2.1231e-05,1.754e-05,2.4401e-05,2.1491e-05,2.4401e-05
2.6853e-05,2.279e-05,3.018e-05,2.722e-05,2.994e-05
2.122e-05,1.684e-05,2.453e-05,2.1756e-05,2.453e-05
2.0533e-05,1.651e-05,2.3671e-05,2.0975e-05,2.3671e-05
2.1223e-05,1.667e-05,2.554e-05,2.134e-05,2.554e-05
2.1e-05,1.593e-05,2.447e-05,2.18e-05,2.447e-05
2.1133e-05,1.6351e-05,2.4461e-05,2.186e-05,2.4461e-05
2.1288e-05,1.624e-05,2.4221e-05,2.2345e-05,2.382e-05
2.125e-05,1.708e-05,2.453e-05,2.1695e-05,2.453e-05
2.1216e-05,1.633e-05,2.4211e-05,2.216e-05,2.4211e-05
2.1298e-05,1.7241e-05,2.398e-05,2.1986e-05,2.352e-05
2.0565e-05,1.633e-05,2.377e-05,2.108e-05,2.377e-05
2.0948e-05,1.625e-05,2.457e-05,2.1485e-05,2.457e-05
2.113e-05,1.635e-05,2.421e-05,2.198e-05,2.421e-05
2.1488e-05,1.713e-05,2.465e-05,2.2085e-05,2.465e-05
2.0785e-05,1.612e-05,2.406e-05,2.1481e-05,2.406e-05
2.1278e-05,1.735e-05,2.434e-05,2.171e-05,2.434e-05
2.118e-05,1.663e-05,2.407e-05,2.2011e-05,2.407e-05
2.1088e-05,1.63e-05,2.387e-05,2.209e-05,2.387e-05
2.0571e-05,1.6331e-05,2.366e-05,2.1146e-05,2.366e-05
2.0745e-05,1.634e-05,2.4381e-05,2.113e-05,2.4381e-05
2.138e-05,1.666e-05,2.485e-05,2.2005e-05,2.485e-05
2.136e-05,1.771e-05,2.467e-05,2.1531e-05,2.467e-05
2.0616e-05,1.6111e-05,2.3871e-05,2.1241e-05,2.3871e-05
2.1225e-05,1.683e-05,2.494e-05,2.1566e-05,2.494e-05
2.139e-05,1.643e-05,2.467e-05,2.223e-05,2.467e-05
2.0875e-05,1.647e-05,2.3731e-05,2.165e-05,2.3731e-05
2.026e-05,1.552e-05,2.325e-05,2.1135e-05,2.325e-05
2.0965e-05,1.694e-05,2.449e-05,2.1215e-05,2.449e-05
2.1293e-05,1.725e-05,2.4521e-05,2.1701e-05,2.4521e-05
2.1232e-05,1.726e-05,2.461e-05,2.153e-05,2.461e-05
2.0842e-05,1.605e-05,2.375e-05,2.1785e-05,2.371e-05
2.1198e-05,1.7811e-05,2.4171e-05,2.1406e-05,2.4171e-05
2.1143e-05,1.666e-05,2.367e-05,2.212e-05,2.367e-05
2.114e-05,1.592e-05,2.512e-05,2.1761e-05,2.512e-05
2.059e-05,1.624e-05,2.3731e-05,2.1195e-05,2.3731e-05
2.1618e-05,1.7131e-05,2.565e-05,2.1846e-05,2.565e-05
2.1453e-05,1.683e-05,2.449e-05,2.2245e-05,2.449e-05
2.1073e-05,1.594e-05,2.5191e-05,2.158e-05,2.5191e-05
2.0738e-05,1.605e-05,2.368e-05,2.161e-05,2.368e-05
2.106e-05,1.646e-05,2.461e-05,2.1586e-05,2.461e-05
2.1228e-05,1.602e-05,2.4871e-05,2.201e-05,2.4871e-05
2.0913e-05,1.712e-05,2.352e-05,2.1505e-05,2.352e-05
2.0815e-05,1.697e-05,2.381e-05,2.124e-05,2.381e-05
2.1008e-05,1.645e-05,2.4581e-05,2.1501e-05,2.4581e-05
2.1143e-05,1.6101e-05,2.457e-05,2.195e-05,2.457e-05
2.0938e-05,1.609e-05,2.427e-05,2.1696e-05,2.427e-05
2.0905e-05,1.62e-05,2.4421e-05,2.15e-05,2.4421e-05
2.0905e-05,1.67e-05,2.421e-05,2.1355e-05,2.421e-05
2.0943e-05,1.6051e-05,2.392e-05,2.1901e-05,2.392e-05
2.1408e-05,1.664e-05,2.4321e-05,2.2335e-05,2.4321e-05
2.0448e-05,1.605e-05,2.361e-05,2.1066e-05,2.361e-05
2.1352e-05,1.703e-05,2.481e-05,2.1785e-05,2.481e-05
2.1583e-05,1.646e-05,2.4821e-05,2.2525e-05,2.4821e-05
2.0843e-05,1.591e-05,2.468e-05,2.139e-05,2.468e-05
2.0845e-05,1.555e-05,2.443e-05,2.17e-05,2.443e-05
2.1195e-05,1.678e-05,2.4351e-05,2.1826e-05,2.4351e-05
2.108e-05,1.618e-05,2.417e-05,2.1985e-05,2.417e-05
2.1435e-05,1.7051e-05,2.4131e-05,2.228e-05,2.368e-05
2.0645e-05,1.63e-05,2.336e-05,2.146e-05,2.2691e-05
2.1353e-05,1.693e-05,2.492e-05,2.178e-05,2.492e-05
2.1468e-05,1.671e-05,2.491e-05,2.2126e-05,2.491e-05
2.1351e-05,1.6411e-05,2.4951e-05,2.202e-05,2.4951e-05
2.0508e-05,1.546e-05,2.454e-05,2.1016e-05,2.454e-05
2.0803e-05,1.636e-05,2.451e-05,2.117e-05,2.451e-05
2.1743e-05,1.663e-05,2.475e-05,2.2796e-05,2.4491e-05
2.1023e-05,1.583e-05,2.431e-05,2.1976e-05,2.431e-05
2.0658e-05,1.62e-05,2.401e-05,2.121e-05,2.401e-05
2.1373e-05,1.695e-05,2.509e-05,2.1726e-05,2.509e-05
2.1328e-05,1.714e-05,2.444e-05,2.1865e-05,2.444e-05
2.0983e-05,1.643e-05,2.473e-05,2.1385e-05,2.473e-05
2.1001e-05,1.5801e-05,2.418e-05,2.201e-05,2.418e-05
2.1395e-05,1.674e-05,2.475e-05,2.2045e-05,2.475e-05
2.1555e-05,1.678e-05,2.4391e-05,2.2525e-05,2.4391e-05
2.1282e-05,1.65e-05,2.419e-05,2.222e-05,2.405e-05
2.0828e-05,1.7181e-05,2.41e-05,2.1015e-05,2.41e-05
2.143e-05,1.683e-05,2.5011e-05,2.194e-05,2.5011e-05
2.1573e-05,1.659e-05,2.5e-05,2.235e-05,2.5e-05
2.0938e-05,1.668e-05,2.435e-05,2.1361e-05,2.435e-05
2.064e-05,1.608e-05,2.4561e-05,2.0961e-05,2.4561e-05
2.1483e-05,1.717e-05,2.484e-05,2.196e-05,2.484e-05
2.1103e-05,1.688e-05,2.344e-05,2.2045e-05,2.344e-05
2.0938e-05,1.641e-05,2.4191e-05,2.1575e-05,2.4191e-05
2.0571e-05,1.609e-05,2.332e-05,2.1436e-05,2.332e-05
2.0988e-05,1.7371e-05,2.456e-05,2.101e-05,2.456e-05
2.1476e-05,1.653e-05,2.5011e-05,2.2181e-05,2.5011e-05
2.1218e-05,1.727e-05,2.457e-05,2.1515e-05,2.457e-05
2.088e-05,1.592e-05,2.371e-05,2.1945e-05,2.371e-05
2.0923e-05,1.6471e-05,2.4041e-05,2.159e-05,2.4041e-05
2.169e-05,1.665e-05,2.449e-05,2.281e-05,2.43e-05
2.0928e-05,1.604e-05,2.438e-05,2.1646e-05,2.438e-05
2.0613e-05,1.663e-05,2.3711e-05,2.1055e-05,2.3711e-05
2.1375e-05,1.709e-05,2.494e-05,2.1735e-05,2.494e-05
2.108e-05,1.625e-05,2.438e-05,2.1846e-05,2.438e-05
2.1226e-05,1.634e-05,2.5071e-05,2.1745e-05,2.5071e-05
2.0738e-05,1.691e-05,2.358e-05,2.123e-05,2.358e-05
2.086e-05,1.65e-05,2.429e-05,2.1326e-05,2.429e-05
2.1553e-05,1.6891e-05,2.4091e-05,2.2615e-05,2.4091e-05
2.0913e-05,1.594e-05,2.421e-05,2.1751e-05,2.421e-05
2.051e-05,1.595e-05,2.328e-05,2.1405e-05,2.328e-05
2.1406e-05,1.673e-05,2.6031e-05,2.1431e-05,2.6031e-05
2.1803e-05,1.6481e-05,2.489e-05,2.292e-05,2.489e-05
2.1018e-05,1.597e-05,2.478e-05,2.1661e-05,2.478e-05
2.0708e-05,1.613e-05,2.4071e-05,2.1315e-05,2.4071e-05
2.1245e-05,1.732e-05,2.381e-05,2.1925e-05,2.381e-05
2.1378e-05,1.708e-05,2.407e-05,2.2181e-05,2.407e-05
2.131e-05,1.676e-05,2.4431e-05,2.2025e-05,2.4431e-05
2.0583e-05,1.663e-05,2.356e-05,2.1071e-05,2.356e-05
2.19e-05,1.756e-05,2.509e-05,2.2475e-05,2.509e-05
2.1215e-05,1.625e-05,2.4881e-05,2.1865e-05,2.4881e-05
2.0868e-05,1.5831e-05,2.414e-05,2.175e-05,2.414e-05
2.0568e-05,1.597e-05,2.343e-05,2.1436e-05,2.343e-05
2.1178e-05,1.662e-05,2.4181e-05,2.1956e-05,2.4181e-05
2.1695e-05,1.688e-05,2.457e-05,2.2666e-05,2.457e-05
2.0968e-05,1.5891e-05,2.451e-05,2.1735e-05,2.451e-05
2.0433e-05,1.61e-05,2.291e-05,2.136e-05,2.291e-05
2.1373e-05,1.71e-05,2.559e-05,2.14e-05,2.559e-05
2.1688e-05,1.584e-05,2.5811e-05,2.2551e-05,2.5811e-05
2.131e-05,1.608e-05,2.486e-05,2.2151e-05,2.486e-05
2.1453e-05,1.62e-05,2.4681e-05,2.2465e-05,2.437e-05
2.1018e-05,1.667e-05,2.3991e-05,2.1706e-05,2.3991e-05
2.1358e-05,1.654e-05,2.432e-05,2.2285e-05,2.358e-05
2.08e-05,1.625e-05,2.373e-05,2.1611e-05,2.373e-05
2.0928e-05,1.636e-05,2.3991e-05,2.168e-05,2.3991e-05
2.1403e-05,1.708e-05,2.558e-05,2.1476e-05,2.558e-05
2.1355e-05,1.683e-05,2.47e-05,2.1945e-05,2.47e-05
2.1311e-05,1.592e-05,2.5611e-05,2.1856e-05,2.5611e-05
2.1191e-05,1.7371e-05,2.456e-05,2.1416e-05,2.456e-05
2.1128e-05,1.703e-05,2.508e-05,2.1201e-05,2.508e-05
2.1275e-05,1.624e-05,2.4171e-05,2.2345e-05,2.4171e-05
2.095e-05,1.673e-05,2.395e-05,2.156e-05,2.395e-05
2.0193e-05,1.5571e-05,2.333e-05,2.0935e-05,2.333e-05
2.1556e-05,1.713e-05,2.5261e-05,2.1915e-05,2.5261e-05
2.1628e-05,1.669e-05,2.547e-05,2.2175e-05,2.547e-05
2.1485e-05,1.738e-05,2.482e-05,2.187e-05,2.482e-05
2.0981e-05,1.714e-05,2.3511e-05,2.1636e-05,2.3511e-05
2.1198e-05,1.744e-05,2.447e-05,2.144e-05,2.447e-05
2.0745e-05,1.594e-05,2.359e-05,2.1726e-05,2.359e-05
2.1365e-05,1.627e-05,2.4581e-05,2.2305e-05,2.4581e-05
2.0488e-05,1.637e-05,2.322e-05,2.1181e-05,2.322e-05
2.114e-05,1.7521e-05,2.479e-05,2.1125e-05,2.479e-05
2.1381e-05,1.674e-05,2.4551e-05,2.2116e-05,2.4551e-05
2.0817e-05,1.668e-05,2.453e-05,2.103e-05,2.453e-05
2.0538e-05,1.631e-05,2.438e-05,2.073e-05,2.438e-05
2.1065e-05,1.697e-05,2.3731e-05,2.178e-05,2.3731e-05
2.0898e-05,1.648e-05,2.338e-05,2.1865e-05,2.338e-05
2.1013e-05,1.626e-05,2.402e-05,2.1885e-05,2.402e-05
2.032e-05,1.542e-05,2.3321e-05,2.127e-05,2.3321e-05
2.1018e-05,1.696e-05,2.531e-05,2.09e-05,2.531e-05
2.1093e-05,1.63e-05,2.418e-05,2.1946e-05,2.418e-05
2.1078e-05,1.68e-05,2.4561e-05,2.1475e-05,2.4561e-05
2.0518e-05,1.583e-05,2.385e-05,2.1195e-05,2.385e-05
2.099e-05,1.641e-05,2.446e-05,2.1545e-05,2.446e-05
2.1308e-05,1.6661e-05,2.413e-05,2.222e-05,2.3441e-05
2.0953e-05,1.663e-05,2.396e-05,2.1611e-05,2.396e-05
2.0565e-05,1.637e-05,2.394e-05,2.0975e-05,2.394e-05
2.1666e-05,1.759e-05,2.5161e-05,2.1956e-05,2.5161e-05
2.1208e-05,1.64e-05,2.453e-05,2.195e-05,2.453e-05
2.1053e-05,1.659e-05,2.468e-05,2.147e-05,2.468e-05
2.1315e-05,1.581e-05,2.5481e-05,2.1985e-05,2.3891e-05
2.1485e-05,1.789e-05,2.45e-05,2.1776e-05,2.45e-05
2.143e-05,1.683e-05,2.3901e-05,2.2495e-05,2.368e-05
2.12e-05,1.567e-05,2.4411e-05,2.236e-05,2.4411e-05
2.0465e-05,1.639e-05,2.339e-05,2.1041e-05,2.339e-05
2.106e-05,1.762e-05,2.476e-05,2.093e-05,2.476e-05
2.1473e-05,1.662e-05,2.476e-05,2.2255e-05,2.476e-05
2.1051e-05,1.6771e-05,2.433e-05,2.1551e-05,2.433e-05
2.0683e-05,1.632e-05,2.393e-05,2.1241e-05,2.393e-05
2.1375e-05,1.756e-05,2.432e-05,2.181e-05,2.432e-05
2.1273e-05,1.6e-05,2.416e-05,2.2465e-05,2.416e-05
2.1058e-05,1.681e-05,2.3681e-05,2.187e-05,2.3681e-05
2.0541e-05,1.602e-05,2.322e-05,2.1461e-05,2.322e-05
2.0915e-05,1.63e-05,2.498e-05,2.119e-05,2.498e-05
2.1746e-05,1.775e-05,2.4141e-05,2.2546e-05,2.4141e-05
2.139e-05,1.652e-05,2.459e-05,2.2225e-05,2.459e-05
2.0915e-05,1.616e-05,2.447e-05,2.1515e-05,2.447e-05
2.1103e-05,1.682e-05,2.4241e-05,2.1676e-05,2.4241e-05
2.089e-05,1.645e-05,2.366e-05,2.1725e-05,2.366e-05
2.1005e-05,1.704e-05,2.371e-05,2.1636e-05,2.371e-05
2.0311e-05,1.6311e-05,2.3081e-05,2.0925e-05,2.3081e-05
2.1163e-05,1.663e-05,2.506e-05,2.148e-05,2.506e-05
2.1435e-05,1.621e-05,2.432e-05,2.2605e-05,2.432e-05
2.0983e-05,1.589e-05,2.4511e-05,2.1765e-05,2.4511e-05
2.0518e-05,1.659e-05,2.377e-05,2.0855e-05,2.377e-05
2.1298e-05,1.697e-05,2.448e-05,2.187e-05,2.448e-05
2.0905e-05,1.601e-05,2.374e-05,2.1936e-05,2.3501e-05
2.0853e-05,1.64e-05,2.386e-05,2.1576e-05,2.386e-05
2.0408e-05,1.596e-05,2.37e-05,2.0985e-05,2.37e-05
2.0839e-05,1.6361e-05,2.4751e-05,2.1121e-05,2.4751e-05
2.1453e-05,1.678e-05,2.497e-05,2.203e-05,2.497e-05
2.1188e-05,1.583e-05,2.494e-05,2.199e-05,2.494e-05
2.083e-05,1.653e-05,2.4701e-05,2.1045e-05,2.4701e-05
2.1003e-05,1.7191e-05,2.379e-05,2.1515e-05,2.379e-05
2.139e-05,1.639e-05,2.44e-05,2.2385e-05,2.44e-05
2.0788e-05,1.572e-05,2.4021e-05,2.1705e-05,2.4021e-05
2.03e-05,1.597e-05,2.421e-05,2.0511e-05,2.421e-05
2.1355e-05,1.709e-05,2.506e-05,2.1635e-05,2.506e-05
2.1098e-05,1.706e-05,2.4021e-05,2.1656e-05,2.4021e-05
2.119e-05,1.63e-05,2.535e-05,2.1555e-05,2.535e-05
2.0715e-05,1.591e-05,2.407e-05,2.144e-05,2.407e-05
2.1343e-05,1.724e-05,2.4741e-05,2.1696e-05,2.4741e-05
2.1225e-05,1.5981e-05,2.475e-05,2.2085e-05,2.475e-05
2.1182e-05,1.707e-05,2.372e-05,2.197e-05,2.372e-05
2.0283e-05,1.596e-05,2.3621e-05,2.0776e-05,2.3621e-05
2.146e-05,1.689e-05,2.501e-05,2.197e-05,2.501e-05
2.1678e-05,1.7271e-05,2.417e-05,2.2636e-05,2.417e-05
2.0933e-05,1.645e-05,2.4391e-05,2.1445e-05,2.4391e-05
2.0815e-05,1.579e-05,2.392e-05,2.1775e-05,2.392e-05
2.1088e-05,1.586e-05,2.469e-05,2.19e-05,2.469e-05
2.1073e-05,1.673e-05,2.3451e-05,2.2055e-05,2.3451e-05
2.0738e-05,1.591e-05,2.39e-05,2.1571e-05,2.39e-05
2.0235e-05,1.565e-05,2.294e-05,2.1175e-05,2.294e-05
2.112e-05,1.657e-05,2.4901e-05,2.1505e-05,2.4901e-05
2.124e-05,1.663e-05,2.485e-05,2.174e-05,2.485e-05
2.1118e-05,1.6681e-05,2.416e-05,2.1815e-05,2.416e-05
2.0821e-05,1.55e-05,2.4841e-05,2.147e-05,2.4841e-05
2.1235e-05,1.715e-05,2.46e-05,2.1596e-05,2.46e-05
2.1538e-05,1.658e-05,2.445e-05,2.256e-05,2.379e-05
2.0841e-05,1.6131e-05,2.3841e-05,2.1696e-05,2.3841e-05
2.0513e-05,1.625e-05,2.378e-05,2.101e-05,2.378e-05
2.1121e-05,1.696e-05,2.45e-05,2.1511e-05,2.45e-05
2.102e-05,1.666e-05,2.4151e-05,2.1635e-05,2.4151e-05
2.118e-05,1.617e-05,2.543e-05,2.1561e-05,2.543e-05
2.332e-05,1.627e-05,3.023e-05,2.339e-05,2.399e-05
2.2255e-05,1.708e-05,2.593e-05,2.3005e-05,2.479e-05
2.1413e-05,1.72e-05,2.404e-05,2.2205e-05,2.404e-05
2.1218e-05,1.717e-05,2.411e-05,2.1796e-05,2.3731e-05
2.0315e-05,1.59e-05,2.357e-05,2.0896e-05,2.357e-05
2.1625e-05,1.75e-05,2.479e-05,2.2105e-05,2.479e-05
2.1096e-05,1.709e-05,2.4361e-05,2.1466e-05,2.4361e-05
2.078e-05,1.626e-05,2.457e-05,2.1145e-05,2.457e-05
2.0691e-05,1.6361e-05,2.421e-05,2.1096e-05,2.421e-05
2.1198e-05,1.714e-05,2.3961e-05,2.1845e-05,2.3961e-05
2.1193e-05,1.591e-05,2.402e-05,2.242e-05,2.383e-05
2.095e-05,1.646e-05,2.39e-05,2.1721e-05,2.39e-05
2.0356e-05,1.5591e-05,2.3681e-05,2.1076e-05,2.3681e-05
2.1033e-05,1.704e-05,2.496e-05,2.1065e-05,2.496e-05
2.1155e-05,1.639e-05,2.486e-05,2.1686e-05,2.486e-05
2.1423e-05,1.698e-05,2.5541e-05,2.1585e-05,2.5541e-05
2.0698e-05,1.601e-05,2.418e-05,2.13e-05,2.418e-05
2.1173e-05,1.724e-05,2.417e-05,2.164e-05,2.417e-05
2.097e-05,1.596e-05,2.4611e-05,2.1655e-05,2.4611e-05
2.1025e-05,1.608e-05,2.404e-05,2.1991e-05,2.404e-05
2.0163e-05,1.563e-05,2.331e-05,2.0855e-05,2.331e-05
2.1151e-05,1.7211e-05,2.4931e-05,2.1231e-05,2.4931e-05
2.1295e-05,1.658e-05,2.456e-05,2.202e-05,2.456e-05
2.0858e-05,1.633e-05,2.428e-05,2.1411e-05,2.428e-05
2.0658e-05,1.592e-05,2.4371e-05,2.117e-05,2.4371e-05
2.0868e-05,1.601e-05,2.446e-05,2.15e-05,2.446e-05
2.2078e-05,1.596e-05,2.8401e-05,2.1975e-05,2.35e-05
2.0835e-05,1.617e-05,2.4021e-05,2.1575e-05,2.4021e-05
2.045e-05,1.571e-05,2.349e-05,2.13e-05,2.349e-05
2.0928e-05,1.66e-05,2.407e-05,2.152e-05,2.407e-05
2.1245e-05,1.648e-05,2.4271e-05,2.2115e-05,2.4271e-05
2.11e-05,1.621e-05,2.453e-05,2.1831e-05,2.453e-05
2.0325e-05,1.559e-05,2.377e-05,2.0971e-05,2.377e-05
2.1168e-05,1.667e-05,2.4921e-05,2.154e-05,2.4921e-05
2.134e-05,1.6701e-05,2.387e-05,2.2395e-05,2.377e-05
2.0713e-05,1.607e-05,2.393e-05,2.1425e-05,2.393e-05
2.0606e-05,1.635e-05,2.3731e-05,2.1171e-05,2.3731e-05
2.1187e-05,1.731e-05,2.468e-05,2.138e-05,2.468e-05
2.1421e-05,1.664e-05,2.472e-05,2.2161e-05,2.472e-05
2.09e-05,1.598e-05,2.4541e-05,2.154e-05,2.4541e-05
2.1083e-05,1.587e-05,2.423e-05,2.2116e-05,2.423e-05
2.1223e-05,1.653e-05,2.561e-05,2.1376e-05,2.561e-05
2.1116e-05,1.597e-05,2.4281e-05,2.2105e-05,2.4281e-05
2.113e-05,1.602e-05,2.3961e-05,2.227e-05,2.387e-05
2.0527e-05,1.561e-05,2.381e-05,2.1345e-05,2.381e-05
2.098e-05,1.66e-05,2.481e-05,2.1255e-05,2.481e-05
2.1598e-05,1.713e-05,2.492e-05,2.217e-05,2.492e-05
2.1158e-05,1.7541e-05,2.432e-05,2.1386e-05,2.432e-05
2.0175e-05,1.561e-05,2.343e-05,2.0831e-05,2.343e-05
2.1198e-05,1.639e-05,2.488e-05,2.1761e-05,2.488e-05
2.0995e-05,1.647e-05,2.351e-05,2.2e-05,2.351e-05
2.0968e-05,1.641e-05,2.412e-05,2.1671e-05,2.412e-05
2.0755e-05,1.626e-05,2.423e-05,2.1265e-05,2.423e-05
2.1228e-05,1.693e-05,2.4221e-05,2.1881e-05,2.4221e-05
2.0998e-05,1.602e-05,2.396e-05,2.2005e-05,2.396e-05
2.142e-05,1.682e-05,2.473e-05,2.2065e-05,2.473e-05
2.0783e-05,1.67e-05,2.3851e-05,2.129e-05,2.3851e-05
2.092e-05,1.627e-05,2.414e-05,2.1635e-05,2.414e-05
2.0998e-05,1.585e-05,2.389e-05,2.2125e-05,2.389e-05
2.0708e-05,1.577e-05,2.3941e-05,2.156e-05,2.3941e-05
2.0405e-05,1.5991e-05,2.396e-05,2.0835e-05,2.396e-05
2.1608e-05,1.768e-05,2.476e-05,2.1995e-05,2.476e-05
2.1085e-05,1.641e-05,2.4441e-05,2.1745e-05,2.4441e-05
2.0958e-05,1.603e-05,2.498e-05,2.141e-05,2.498e-05
2.0583e-05,1.575e-05,2.381e-05,2.1386e-05,2.381e-05
2.102e-05,1.686e-05,2.4321e-05,2.145e-05,2.4321e-05
2.1383e-05,1.676e-05,2.419e-05,2.2291e-05,2.419e-05
2.166e-05,1.615e-05,2.548e-05,2.2505e-05,2.359e-05
2.0571e-05,1.615e-05,2.3781e-05,2.1176e-05,2.3781e-05
2.1272e-05,1.694e-05,2.53e-05,2.1425e-05,2.53e-05
2.0978e-05,1.584e-05,2.389e-05,2.2091e-05,2.389e-05
2.1043e-05,1.621e-05,2.4521e-05,2.172e-05,2.4521e-05
2.2828e-05,2.036e-05,2.4601e-05,2.3175e-05,2.376e-05
2.1435e-05,1.7291e-05,2.516e-05,2.1645e-05,2.516e-05
2.1178e-05,1.598e-05,2.3961e-05,2.2385e-05,2.3961e-05
2.117e-05,1.61e-05,2.415e-05,2.2215e-05,2.415e-05
2.0235e-05,1.529e-05,2.376e-05,2.0945e-05,2.376e-05
2.1308e-05,1.6511e-05,2.5611e-05,2.1556e-05,2.5611e-05
2.1237e-05,1.635e-05,2.419e-05,2.2205e-05,2.419e-05
2.1383e-05,1.632e-05,2.478e-05,2.2215e-05,2.478e-05
2.0976e-05,1.682e-05,2.4031e-05,2.1525e-05,2.4031e-05
2.0928e-05,1.673e-05,2.435e-05,2.1315e-05,2.435e-05
2.1433e-05,1.652e-05,2.4531e-05,2.234e-05,2.415e-05
2.1126e-05,1.654e-05,2.39e-05,2.2031e-05,2.3381e-05
2.0277e-05,1.574e-05,2.373e-05,2.082e-05,2.373e-05
2.1233e-05,1.687e-05,2.443e-05,2.1816e-05,2.443e-05
2.1268e-05,1.6231e-05,2.4651e-05,2.2095e-05,2.4651e-05
2.1048e-05,1.616e-05,2.503e-05,2.1501e-05,2.503e-05
2.0895e-05,1.594e-05,2.359e-05,2.2025e-05,2.359e-05
2.1247e-05,1.725e-05,2.421e-05,2.1765e-05,2.421e-05
2.0898e-05,1.6391e-05,2.312e-05,2.2041e-05,2.312e-05
2.112e-05,1.735e-05,2.39e-05,2.1615e-05,2.39e-05
2.0491e-05,1.601e-05,2.339e-05,2.1281e-05,2.339e-05
2.1442e-05,1.761e-05,2.502e-05,2.157e-05,2.502e-05
2.1325e-05,1.685e-05,2.4221e-05,2.2116e-05,2.4221e-05
2.105e-05,1.62e-05,2.45e-05,2.175e-05,2.45e-05
2.0743e-05,1.674e-05,2.371e-05,2.126e-05,2.371e-05
2.0893e-05,1.673e-05,2.4401e-05,2.122e-05,2.4401e-05
2.1368e-05,1.687e-05,2.403e-05,2.2286e-05,2.36e-05
2.1508e-05,1.8961e-05,2.36e-05,2.1735e-05,2.36e-05
2.0308e-05,1.619e-05,2.3661e-05,2.0691e-05,2.3661e-05
2.1252e-05,1.684e-05,2.501e-05,2.158e-05,2.501e-05
2.1078e-05,1.581e-05,2.507e-05,2.1716e-05,2.507e-05
2.0988e-05,1.5821e-05,2.4591e-05,2.177e-05,2.4591e-05
0.000156725,1.56e-05,0.000296763,0.000157267,0.000296763
2.3983e-05,2.0681e-05,2.799e-05,2.363e-05,2.4151e-05
2.1776e-05,1.6911e-05,2.4801e-05,2.2695e-05,2.399e-05
2.1547e-05,1.679e-05,2.473e-05,2.2335e-05,2.42e-05
2.072e-05,1.704e-05,2.391e-05,2.0965e-05,2.391e-05
2.1038e-05,1.708e-05,2.51e-05,2.0985e-05,2.51e-05
2.1355e-05,1.6331e-05,2.437e-05,2.236e-05,2.437e-05
2.1103e-05,1.632e-05,2.469e-05,2.1701e-05,2.469e-05
2.1038e-05,1.677e-05,2.475e-05,2.1316e-05,2.475e-05
2.1243e-05,1.684e-05,2.3751e-05,2.219e-05,2.3751e-05
2.1345e-05,1.67e-05,2.405e-05,2.2315e-05,2.405e-05
2.0945e-05,1.616e-05,2.398e-05,2.182e-05,2.398e-05
2.0683e-05,1.632e-05,2.3841e-05,2.1286e-05,2.3841e-05
2.1287e-05,1.648e-05,2.586e-05,2.1405e-05,2.586e-05
2.1363e-05,1.681e-05,2.449e-05,2.2076e-05,2.449e-05
2.1313e-05,1.633e-05,2.5011e-05,2.1956e-05,2.5011e-05
2.069e-05,1.651e-05,2.382e-05,2.1215e-05,2.382e-05
2.109e-05,1.671e-05,2.479e-05,2.1431e-05,2.479e-05
2.126e-05,1.634e-05,2.441e-05,2.2145e-05,2.3661e-05
2.1193e-05,1.7041e-05,2.418e-05,2.1776e-05,2.418e-05
2.0565e-05,1.717e-05,2.366e-05,2.0715e-05,2.366e-05
2.1033e-05,1.696e-05,2.4401e-05,2.1386e-05,2.4401e-05
2.1358e-05,1.704e-05,2.458e-05,2.1906e-05,2.458e-05
2.147e-05,1.758e-05,2.413e-05,2.2086e-05,2.413e-05
2.0628e-05,1.558e-05,2.4221e-05,2.1355e-05,2.4221e-05
2.1388e-05,1.678e-05,2.476e-05,2.2006e-05,2.476e-05
2.1133e-05,1.607e-05,2.387e-05,2.2295e-05,2.387e-05
2.104e-05,1.669e-05,2.4251e-05,2.161e-05,2.4251e-05
2.0267e-05,1.603e-05,2.338e-05,2.083e-05,2.338e-05
2.0918e-05,1.641e-05,2.51e-05,2.108e-05,2.51e-05
2.1565e-05,1.753e-05,2.4441e-05,2.2145e-05,2.4441e-05
2.1042e-05,1.711e-05,2.469e-05,2.1185e-05,2.469e-05
2.0483e-05,1.5821e-05,2.386e-05,2.1126e-05,2.386e-05
2.1078e-05,1.659e-05,2.4341e-05,2.169e-05,2.4341e-05
2.1353e-05,1.61e-05,2.451e-05,2.2401e-05,2.451e-05
0.000125824,1.554e-05,0.000236053,0.000125851,0.000236053
2.3311e-05,1.985e-05,2.6081e-05,2.3656e-05,2.533e-05
2.1276e-05,1.6711e-05,2.5551e-05,2.142e-05,2.5551e-05
2.1158e-05,1.594e-05,2.538e-05,2.1656e-05,2.538e-05
2.0658e-05,1.57e-05,2.394e-05,2.1495e-05,2.394e-05
2.0968e-05,1.603e-05,2.4281e-05,2.178e-05,2.4281e-05
2.1455e-05,1.791e-05,2.438e-05,2.1766e-05,2.438e-05
2.1222e-05,1.654e-05,2.384e-05,2.2255e-05,2.384e-05
2.1301e-05,1.714e-05,2.4071e-05,2.1996e-05,2.4071e-05
2.0542e-05,1.669e-05,2.375e-05,2.0865e-05,2.375e-05
2.086e-05,1.593e-05,2.441e-05,2.155e-05,2.441e-05
2.1606e-05,1.6841e-05,2.4711e-05,2.2435e-05,2.4711e-05
2.1025e-05,1.647e-05,2.451e-05,2.1561e-05,2.451e-05
2.086e-05,1.653e-05,2.373e-05,2.159e-05,2.373e-05
2.1253e-05,1.725e-05,2.4991e-05,2.1386e-05,2.4991e-05
2.1095e-05,1.6551e-05,2.347e-05,2.218e-05,2.345e-05
2.1263e-05,1.636e-05,2.454e-05,2.2075e-05,2.454e-05
2.0723e-05,1.559e-05,2.3961e-05,2.167e-05,2.3961e-05
2.1413e-05,1.69e-05,2.554e-05,2.1606e-05,2.554e-05
2.0845e-05,1.615e-05,2.405e-05,2.159e-05,2.405e-05
2.0893e-05,1.634e-05,2.43e-05,2.1465e-05,2.43e-05
2.067e-05,1.617e-05,2.41e-05,2.1205e-05,2.41e-05
2.0857e-05,1.652e-05,2.439e-05,2.126e-05,2.439e-05
2.121e-05,1.678e-05,2.3781e-05,2.2141e-05,2.349e-05
2.1023e-05,1.5781e-05,2.402e-05,2.2145e-05,2.37e-05
2.1038e-05,1.632e-05,2.3931e-05,2.1951e-05,2.3931e-05
2.1415e-05,1.712e-05,2.467e-05,2.1935e-05,2.467e-05
2.1148e-05,1.627e-05,2.445e-05,2.1936e-05,2.445e-05
2.1058e-05,1.6101e-05,2.4391e-05,2.187e-05,2.4391e-05
2.0993e-05,1.578e-05,2.416e-05,2.2015e-05,2.416e-05
2.1273e-05,1.681e-05,2.437e-05,2.1956e-05,2.437e-05
2.1091e-05,1.654e-05,2.3961e-05,2.1931e-05,2.3961e-05
2.1282e-05,1.674e-05,2.419e-05,2.21e-05,2.419e-05
2.0453e-05,1.563e-05,2.361e-05,2.1285e-05,2.361e-05
2.0975e-05,1.655e-05,2.4861e-05,2.1245e-05,2.4861e-05
2.1135e-05,1.568e-05,2.457e-05,2.2145e-05,2.457e-05
2.1365e-05,1.673e-05,2.454e-05,2.2095e-05,2.454e-05
2.11e-05,1.6991e-05,2.4911e-05,2.125e-05,2.4911e-05
2.157e-05,1.761e-05,2.456e-05,2.2055e-05,2.456e-05
2.1325e-05,1.658e-05,2.424e-05,2.224e-05,2.424e-05
2.1116e-05,1.713e-05,2.3921e-05,2.1706e-05,2.3921e-05
2.0465e-05,1.5071e-05,2.424e-05,2.1275e-05,2.424e-05
2.0805e-05,1.648e-05,2.479e-05,2.0975e-05,2.479e-05
2.0975e-05,1.669e-05,2.4061e-05,2.1575e-05,2.4061e-05
2.1038e-05,1.642e-05,2.466e-05,2.1536e-05,2.466e-05
2.0795e-05,1.642e-05,2.414e-05,2.131e-05,2.414e-05
2.1053e-05,1.712e-05,2.4381e-05,2.1355e-05,2.4381e-05
2.1173e-05,1.568e-05,2.422e-05,2.2395e-05,2.422e-05
2.0825e-05,1.611e-05,2.459e-05,2.13e-05,2.459e-05
2.0445e-05,1.643e-05,2.3011e-05,2.117e-05,2.3011e-05
2.0831e-05,1.6561e-05,2.431e-05,2.1226e-05,2.431e-05
2.1075e-05,1.713e-05,2.362e-05,2.1775e-05,2.362e-05
2.0941e-05,1.656e-05,2.4511e-05,2.1346e-05,2.4511e-05
2.0845e-05,1.596e-05,2.406e-05,2.1681e-05,2.406e-05
2.122e-05,1.7291e-05,2.426e-05,2.1665e-05,2.426e-05
2.0653e-05,1.586e-05,2.3391e-05,2.1681e-05,2.3391e-05
2.1092e-05,1.657e-05,2.396e-05,2.192e-05,2.396e-05
1.9988e-05,1.577e-05,2.299e-05,2.0596e-05,2.299e-05
2.0928e-05,1.678e-05,2.4521e-05,2.1205e-05,2.4521e-05
2.1165e-05,1.626e-05,2.41e-05,2.2151e-05,2.41e-05
2.1238e-05,1.627e-05,2.516e-05,2.176e-05,2.516e-05
2.0943e-05,1.605e-05,2.4281e-05,2.172e-05,2.4281e-05
2.0925e-05,1.625e-05,2.434e-05,2.1556e-05,2.434e-05
2.1146e-05,1.6191e-05,2.402e-05,2.2186e-05,2.402e-05
2.0883e-05,1.65e-05,2.4011e-05,2.151e-05,2.4011e-05
2.0933e-05,1.682e-05,2.405e-05,2.1431e-05,2.405e-05
2.1047e-05,1.711e-05,2.525e-05,2.0915e-05,2.525e-05
2.1383e-05,1.741e-05,2.4391e-05,2.1865e-05,2.4391e-05
2.1043e-05,1.545e-05,2.509e-05,2.1815e-05,2.509e-05
2.1017e-05,1.576e-05,2.386e-05,2.2225e-05,2.386e-05
2.1003e-05,1.682e-05,2.4341e-05,2.1425e-05,2.4341e-05
2.14e-05,1.721e-05,2.421e-05,2.209e-05,2.421e-05
2.1228e-05,1.633e-05,2.4e-05,2.2291e-05,2.4e-05
2.0333e-05,1.529e-05,2.3561e-05,2.124e-05,2.3561e-05
2.1578e-05,1.705e-05,2.643e-05,2.1416e-05,2.643e-05
2.134e-05,1.656e-05,2.453e-05,2.2135e-05,2.453e-05
2.1101e-05,1.6601e-05,2.4971e-05,2.1416e-05,2.4971e-05
2.0763e-05,1.647e-05,2.388e-05,2.135e-05,2.388e-05
2.1125e-05,1.696e-05,2.409e-05,2.1725e-05,2.409e-05
2.1378e-05,1.693e-05,2.3641e-05,2.247e-05,2.347e-05
2.1678e-05,1.8801e-05,2.396e-05,2.1975e-05,2.396e-05
2.077e-05,1.682e-05,2.3751e-05,2.1255e-05,2.3751e-05
2.1108e-05,1.734e-05,2.472e-05,2.1186e-05,2.472e-05
2.1048e-05,1.61e-05,2.423e-05,2.193e-05,2.423e-05
2.1041e-05,1.588e-05,2.4971e-05,2.1656e-05,2.4971e-05
2.053e-05,1.596e-05,2.399e-05,2.1086e-05,2.399e-05
2.1112e-05,1.647e-05,2.472e-05,2.163e-05,2.472e-05
2.1336e-05,1.656e-05,2.4281e-05,2.2251e-05,2.3661e-05
2.0948e-05,1.635e-05,2.424e-05,2.16e-05,2.424e-05
2.0533e-05,1.6201e-05,2.43e-05,2.0816e-05,2.43e-05
2.1053e-05,1.606e-05,2.5151e-05,2.15e-05,2.5151e-05
2.1053e-05,1.637e-05,2.467e-05,2.1585e-05,2.467e-05
2.1198e-05,1.679e-05,2.455e-05,2.1725e-05,2.455e-05
2.1063e-05,1.606e-05,2.3901e-05,2.2146e-05,2.3901e-05
2.1175e-05,1.724e-05,2.406e-05,2.1701e-05,2.406e-05
2.1368e-05,1.718e-05,2.399e-05,2.2151e-05,2.399e-05
2.1433e-05,1.728e-05,2.3951e-05,2.225e-05,2.3951e-05
2.0478e-05,1.592e-05,2.391e-05,2.104e-05,2.391e-05
2.1078e-05,1.6931e-05,2.441e-05,2.1485e-05,2.441e-05
2.1233e-05,1.691e-05,2.4241e-05,2.189e-05,2.4241e-05
2.1e-05,1.63e-05,2.491e-05,2.1396e-05,2.491e-05
2.0795e-05,1.607e-05,2.377e-05,2.167e-05,2.377e-05
2.0901e-05,1.6191e-05,2.4071e-05,2.1671e-05,2.4071e-05
2.1552e-05,1.735e-05,2.356e-05,2.265e-05,2.356e-05
2.1226e-05,1.679e-05,2.43e-05,2.1906e-05,2.43e-05
2.0188e-05,1.542e-05,2.3341e-05,2.0995e-05,2.3341e-05
2.0946e-05,1.688e-05,2.476e-05,2.1071e-05,2.476e-05
2.1025e-05,1.678e-05,2.433e-05,2.1495e-05,2.433e-05
2.123e-05,1.641e-05,2.4581e-05,2.1966e-05,2.4581e-05
2.0783e-05,1.71e-05,2.371e-05,2.1161e-05,2.371e-05
2.1433e-05,1.729e-05,2.415e-05,2.2146e-05,2.415e-05
2.1436e-05,1.6081e-05,2.4191e-05,2.2735e-05,2.4191e-05
2.1045e-05,1.632e-05,2.392e-05,2.197e-05,2.392e-05
2.06e-05,1.667e-05,2.314e-05,2.1295e-05,2.314e-05
2.129e-05,1.655e-05,2.5301e-05,2.1656e-05,2.5301e-05
2.152e-05,1.7011e-05,2.483e-05,2.212e-05,2.483e-05
2.0865e-05,1.611e-05,2.454e-05,2.1406e-05,2.454e-05
2.1018e-05,1.6e-05,2.4041e-05,2.2015e-05,2.4041e-05
2.1065e-05,1.661e-05,2.462e-05,2.1515e-05,2.462e-05
2.1375e-05,1.677e-05,2.405e-05,2.2341e-05,2.405e-05
2.153e-05,1.681e-05,2.4531e-05,2.239e-05,2.4531e-05
2.027e-05,1.594e-05,2.378e-05,2.0681e-05,2.378e-05
2.1187e-05,1.719e-05,2.457e-05,2.1495e-05,2.457e-05
2.1121e-05,1.592e-05,2.4701e-05,2.1931e-05,2.4701e-05
2.1178e-05,1.6491e-05,2.491e-05,2.1655e-05,2.491e-05
2.0803e-05,1.601e-05,2.413e-05,2.1535e-05,2.413e-05
2.1236e-05,1.65e-05,2.4011e-05,2.2216e-05,2.4011e-05
2.12e-05,1.6e-05,2.412e-05,2.234e-05,2.412e-05
2.0808e-05,1.6021e-05,2.421e-05,2.1501e-05,2.421e-05
2.0715e-05,1.618e-05,2.331e-05,2.1685e-05,2.3221e-05
2.1363e-05,1.654e-05,2.619e-05,2.136e-05,2.619e-05
2.1118e-05,1.604e-05,2.435e-05,2.204e-05,2.435e-05
2.1445e-05,1.636e-05,2.486e-05,2.2281e-05,2.486e-05
2.147e-05,1.627e-05,2.5931e-05,2.184e-05,2.389e-05
2.1063e-05,1.654e-05,2.4541e-05,2.1586e-05,2.4541e-05
2.1098e-05,1.658e-05,2.371e-05,2.205e-05,2.367e-05
2.17e-05,1.776e-05,2.424e-05,2.2401e-05,2.395e-05
2.0418e-05,1.644e-05,2.3541e-05,2.0845e-05,2.3541e-05
2.1015e-05,1.698e-05,2.495e-05,2.1066e-05,2.495e-05
2.0948e-05,1.613e-05,2.411e-05,2.1775e-05,2.411e-05
2.1246e-05,1.649e-05,2.4641e-05,2.1926e-05,2.4641e-05
2.0895e-05,1.6481e-05,2.411e-05,2.1495e-05,2.411e-05
2.132e-05,1.667e-05,2.481e-05,2.19e-05,2.481e-05
2.1288e-05,1.652e-05,2.3801e-05,2.2416e-05,2.3801e-05
2.12e-05,1.644e-05,2.421e-05,2.2075e-05,2.373e-05
2.0716e-05,1.6211e-05,2.368e-05,2.1486e-05,2.368e-05
2.108e-05,1.643e-05,2.4541e-05,2.1675e-05,2.4541e-05
2.144e-05,1.632e-05,2.492e-05,2.2261e-05,2.492e-05
2.0995e-05,1.58e-05,2.446e-05,2.1861e-05,2.446e-05
2.0598e-05,1.603e-05,2.3921e-05,2.122e-05,2.3921e-05
2.0745e-05,1.662e-05,2.447e-05,2.0946e-05,2.447e-05
2.117e-05,1.649e-05,2.43e-05,2.1946e-05,2.353e-05
2.0855e-05,1.593e-05,2.4501e-05,2.1495e-05,2.4501e-05
2.0618e-05,1.616e-05,2.319e-05,2.1561e-05,2.319e-05
2.132e-05,1.7201e-05,2.491e-05,2.1585e-05,2.491e-05
2.1528e-05,1.691e-05,2.4981e-05,2.2111e-05,2.4981e-05
2.125e-05,1.669e-05,2.459e-05,2.186e-05,2.459e-05
2.099e-05,1.642e-05,2.386e-05,2.184e-05,2.386e-05
2.1043e-05,1.6471e-05,2.4871e-05,2.1416e-05,2.4871e-05
2.1207e-05,1.583e-05,2.469e-05,2.2155e-05,2.469e-05
2.1228e-05,1.641e-05,2.437e-05,2.2066e-05,2.437e-05
2.063e-05,1.562e-05,2.3991e-05,2.1455e-05,2.3991e-05
2.1411e-05,1.696e-05,2.545e-05,2.1616e-05,2.545e-05
2.1257e-05,1.669e-05,2.433e-05,2.2005e-05,2.433e-05
2.0853e-05,1.614e-05,2.4301e-05,2.1485e-05,2.4301e-05
2.1013e-05,1.649e-05,2.477e-05,2.1395e-05,2.477e-05
2.136e-05,1.684e-05,2.491e-05,2.1846e-05,2.491e-05
2.1018e-05,1.6631e-05,2.4151e-05,2.1646e-05,2.4151e-05
2.0813e-05,1.636e-05,2.445e-05,2.1221e-05,2.445e-05
2.0648e-05,1.606e-05,2.341e-05,2.156e-05,2.341e-05
2.1e-05,1.662e-05,2.4941e-05,2.122e-05,2.4941e-05
2.0995e-05,1.6551e-05,2.435e-05,2.154e-05,2.435e-05
2.0938e-05,1.625e-05,2.427e-05,2.1615e-05,2.427e-05
2.0678e-05,1.622e-05,2.4021e-05,2.1235e-05,2.4021e-05
2.112e-05,1.656e-05,2.434e-05,2.179e-05,2.434e-05
2.1475e-05,1.622e-05,2.4631e-05,2.2525e-05,2.419e-05
2.1022e-05,1.683e-05,2.377e-05,2.1745e-05,2.377e-05
2.0488e-05,1.684e-05,2.335e-05,2.0881e-05,2.335e-05
2.1012e-05,1.706e-05,2.477e-05,2.111e-05,2.477e-05
2.1193e-05,1.699e-05,2.421e-05,2.1785e-05,2.421e-05
2.0608e-05,1.5871e-05,2.407e-05,2.1245e-05,2.407e-05
2.0743e-05,1.567e-05,2.422e-05,2.1541e-05,2.422e-05
2.1303e-05,1.74e-05,2.462e-05,2.1596e-05,2.462e-05
2.1378e-05,1.644e-05,2.415e-05,2.246e-05,2.415e-05
2.1375e-05,1.676e-05,2.4461e-05,2.214e-05,2.4461e-05
2.0618e-05,1.624e-05,2.384e-05,2.1195e-05,2.384e-05
2.1112e-05,1.675e-05,2.504e-05,2.133e-05,2.504e-05
2.1188e-05,1.599e-05,2.4451e-05,2.2156e-05,2.4451e-05
2.1002e-05,1.615e-05,2.441e-05,2.1725e-05,2.441e-05
2.0887e-05,1.604e-05,2.468e-05,2.1415e-05,2.468e-05
2.1066e-05,1.622e-05,2.4771e-05,2.1636e-05,2.4771e-05
2.12e-05,1.621e-05,2.43e-05,2.2145e-05,2.43e-05
2.113e-05,1.61e-05,2.427e-05,2.2076e-05,2.427e-05
2.1061e-05,1.5921e-05,2.3791e-05,2.2265e-05,2.3791e-05
2.1073e-05,1.673e-05,2.545e-05,2.1056e-05,2.545e-05
2.1267e-05,1.718e-05,2.407e-05,2.191e-05,2.407e-05
2.0953e-05,1.659e-05,2.4061e-05,2.158e-05,2.4061e-05
2.084e-05,1.575e-05,2.438e-05,2.1616e-05,2.438e-05
2.1113e-05,1.692e-05,2.392e-05,2.1805e-05,2.392e-05
2.1126e-05,1.656e-05,2.3801e-05,2.2071e-05,2.3801e-05
2.136e-05,1.62e-05,2.44e-05,2.242e-05,2.42e-05
2.0625e-05,1.67e-05,2.379e-05,2.1005e-05,2.379e-05
2.0898e-05,1.647e-05,2.4651e-05,2.1235e-05,2.4651e-05
2.1427e-05,1.677e-05,2.422e-05,2.236e-05,2.422e-05
2.1173e-05,1.698e-05,2.438e-05,2.1665e-05,2.438e-05
2.0818e-05,1.672e-05,2.4091e-05,2.1231e-05,2.4091e-05
2.1065e-05,1.7111e-05,2.41e-05,2.1525e-05,2.41e-05
2.086e-05,1.577e-05,2.377e-05,2.195e-05,2.377e-05
2.1063e-05,1.691e-05,2.3891e-05,2.1725e-05,2.3891e-05
2.0355e-05,1.533e-05,2.348e-05,2.1306e-05,2.348e-05
2.1253e-05,1.7161e-05,2.535e-05,2.125e-05,2.535e-05
2.0901e-05,1.626e-05,2.4001e-05,2.1671e-05,2.4001e-05
2.098e-05,1.66e-05,2.464e-05,2.134e-05,2.464e-05
2.0593e-05,1.634e-05,2.435e-05,2.084e-05,2.435e-05
2.1145e-05,1.704e-05,2.4781e-05,2.138e-05,2.4781e-05
8.9946e-05,2.385e-05,0.000156532,8.9701e-05,2.429e-05
2.292e-05,1.783e-05,2.9291e-05,2.228e-05,2.46e-05
2.0533e-05,1.618e-05,2.371e-05,2.1121e-05,2.371e-05
2.1348e-05,1.7341e-05,2.5291e-05,2.138e-05,2.5291e-05
2.1088e-05,1.661e-05,2.423e-05,2.1756e-05,2.423e-05
2.086e-05,1.591e-05,2.458e-05,2.1475e-05,2.458e-05
2.0713e-05,1.623e-05,2.4361e-05,2.1131e-05,2.4361e-05
2.0898e-05,1.704e-05,2.416e-05,2.1195e-05,2.416e-05
2.087e-05,1.564e-05,2.447e-05,2.1686e-05,2.447e-05
2.1003e-05,1.607e-05,2.4181e-05,2.188e-05,2.4181e-05
2.0345e-05,1.598e-05,2.361e-05,2.0895e-05,2.361e-05
2.0813e-05,1.688e-05,2.453e-05,2.0921e-05,2.453e-05
2.1483e-05,1.6561e-05,2.4961e-05,2.2205e-05,2.4961e-05
2.1225e-05,1.707e-05,2.444e-05,2.1695e-05,2.444e-05
2.0657e-05,1.63e-05,2.4e-05,2.1165e-05,2.4e-05
2.1365e-05,1.672e-05,2.462e-05,2.2061e-05,2.462e-05
2.1068e-05,1.591e-05,2.432e-05,2.2021e-05,2.432e-05
2.0853e-05,1.657e-05,2.4061e-05,2.1391e-05,2.4061e-05
2.0965e-05,1.703e-05,2.392e-05,2.1455e-05,2.392e-05
2.117e-05,1.692e-05,2.448e-05,2.164e-05,2.448e-05
2.1288e-05,1.663e-05,2.4491e-05,2.2015e-05,2.4491e-05
2.1231e-05,1.6861e-05,2.478e-05,2.1641e-05,2.478e-05
2.0927e-05,1.688e-05,2.408e-05,2.1375e-05,2.408e-05
2.0703e-05,1.637e-05,2.4331e-05,2.1056e-05,2.4331e-05
2.1388e-05,1.685e-05,2.394e-05,2.238e-05,2.375e-05
2.0831e-05,1.6051e-05,2.441e-05,2.1431e-05,2.441e-05
2.0173e-05,1.589e-05,2.3071e-05,2.0865e-05,2.3071e-05
2.159e-05,1.663e-05,2.54e-05,2.2165e-05,2.54e-05
2.1043e-05,1.629e-05,2.472e-05,2.158e-05,2.472e-05
2.1138e-05,1.645e-05,2.4921e-05,2.159e-05,2.4921e-05
2.1332e-05,1.689e-05,2.457e-05,2.1935e-05,2.457e-05
2.0945e-05,1.76e-05,2.396e-05,2.111e-05,2.396e-05
2.1008e-05,1.66e-05,2.3771e-05,2.183e-05,2.3771e-05
2.1313e-05,1.649e-05,2.446e-05,2.215e-05,2.446e-05
2.0665e-05,1.6571e-05,2.358e-05,2.1255e-05,2.358e-05
2.1145e-05,1.692e-05,2.4181e-05,2.174e-05,2.4181e-05
2.1308e-05,1.68e-05,2.471e-05,2.1861e-05,2.471e-05
2.0607e-05,1.577e-05,2.442e-05,2.112e-05,2.442e-05
2.0806e-05,1.5881e-05,2.3911e-05,2.1716e-05,2.3911e-05
2.1093e-05,1.715e-05,2.422e-05,2.15e-05,2.422e-05
2.1143e-05,1.662e-05,2.421e-05,2.187e-05,2.421e-05
2.0825e-05,1.57e-05,2.4031e-05,2.1785e-05,2.4031e-05
2.0615e-05,1.612e-05,2.387e-05,2.1235e-05,2.387e-05
2.0978e-05,1.704e-05,2.437e-05,2.1251e-05,2.437e-05
2.1148e-05,1.556e-05,2.4761e-05,2.2136e-05,2.4761e-05
2.104e-05,1.566e-05,2.475e-05,2.1875e-05,2.475e-05
2.0812e-05,1.586e-05,2.432e-05,2.1535e-05,2.432e-05
2.0873e-05,1.6901e-05,2.4211e-05,2.119e-05,2.4211e-05
2.1438e-05,1.625e-05,2.437e-05,2.2566e-05,2.437e-05
2.1248e-05,1.635e-05,2.409e-05,2.2276e-05,2.409e-05
