0_Avg-Duration_s,0_Min-Duration_s,0_Max-Duration_s,0_Median-Duration_s,0_MainRank-Duration_s
0.000100301,7.717e-05,0.00013313,9.586e-05,9.006e-05
0.00011312,9.747e-05,0.00015095,0.00010707,0.00010697
0.000104937,7.668e-05,0.00014033,0.00010158,8.824e-05
0.000105725,8.507e-05,0.00014578,0.000100925,0.00010755
0.000104837,7.788e-05,0.00013997,0.000101835,0.0001023
0.000101368,8.628e-05,0.00011766,0.000104175,0.00010557
0.000112065,8.08e-05,0.00014236,0.00011291,0.00012651
0.000131785,0.00010486,0.00015383,0.000135225,0.00013789
0.000110777,8.624e-05,0.0001408,0.000110585,0.00012669
9.6934e-05,7.35e-05,0.00012481,9.6e-05,0.00010402
0.000117055,9.94e-05,0.0001497,0.000112765,0.00010546
0.000105025,7.345e-05,0.00013146,0.00010738,0.00010743
0.000111537,9.723e-05,0.00013374,0.00011042,0.00011065
0.000102288,7.102e-05,0.0001346,0.00010335,0.00011291
0.000112144,9.288e-05,0.00014573,0.000109185,9.288e-05
0.000103565,8.821e-05,0.00012787,9.9585e-05,0.00010164
0.000103655,7.857e-05,0.00013481,0.00010519,0.0001074
0.000108164,9.094e-05,0.00012565,0.00010758,9.094e-05
0.000101969,7.069e-05,0.00012668,0.000103345,9.965e-05
0.000107407,9.741e-05,0.00012075,0.000105755,0.00010154
0.000102235,7.943e-05,0.00013482,9.938e-05,9.035e-05
0.000111735,8.827e-05,0.00014163,0.000110545,0.00011098
9.982e-05,7.776e-05,0.00012542,9.711e-05,8.868e-05
0.000116788,9.866e-05,0.00014689,0.00011206,0.00011124
0.00010204,7.615e-05,0.00013407,9.921e-05,8.657e-05
0.000116431,9.624e-05,0.00014875,0.00011161,0.00011148
0.00010023,7.876e-05,0.00012625,9.8375e-05,9.715e-05
0.00010515,8.22e-05,0.0001247,0.00010627,0.00010184
0.000118664,9.94e-05,0.00014739,0.00011173,0.00014739
0.000112019,8.611e-05,0.00014472,0.000106415,0.00010508
0.000102404,9.585e-05,0.00011181,0.00010028,0.00011181
0.000103067,8.198e-05,0.00013738,0.000100535,9.483e-05
0.000107189,9.341e-05,0.00012522,0.00010605,9.715e-05
0.000108669,7.551e-05,0.00013791,0.000109735,0.00011002
0.000124123,0.00010013,0.00014613,0.00012912,0.00010468
0.000101589,7.657e-05,0.0001334,9.9035e-05,0.00010485
0.000107012,9.797e-05,0.00012388,0.000105215,9.996e-05
0.0001119,9.126e-05,0.00013666,0.000106515,0.000104
0.000102156,8.758e-05,0.00011819,0.000101525,8.758e-05
0.000112269,9.683e-05,0.00012883,0.00011377,0.00010725
0.0001045,8.88e-05,0.00012108,0.000103075,0.00012108
0.000113776,0.00010118,0.00012627,0.000115595,0.00012627
0.000104175,8.346e-05,0.00013929,0.000100925,9.659e-05
0.0001081,9.32e-05,0.00012559,0.000109415,0.00010469
0.000102946,8.482e-05,0.00012525,0.00010536,0.00010065
0.000109676,8.646e-05,0.00012408,0.000111525,0.00011146
0.000101776,8.731e-05,0.00012728,9.596e-05,9.389e-05
0.000110067,8.908e-05,0.00013949,0.00010722,0.00010862
0.000105217,8.153e-05,0.00012631,0.000108055,0.00012631
0.000114334,8.322e-05,0.00014758,0.00011098,0.00010555
0.000111023,9.249e-05,0.00013041,0.000108025,0.00013041
0.000105437,8.371e-05,0.00013054,0.000101315,0.00010339
0.000108531,9.101e-05,0.000131,0.00011085,0.000131
0.000132945,8.9e-05,0.00016982,0.00014018,0.00016982
0.00012211,0.00010459,0.00015603,0.0001147,0.00011589
9.8385e-05,8.285e-05,0.00011359,9.654e-05,9.655e-05
0.000117219,9.402e-05,0.00015838,0.000110775,0.00011359
0.000101149,8.071e-05,0.00012595,9.9455e-05,9.651e-05
0.000108944,7.483e-05,0.00015409,0.000107455,0.00011473
0.000105414,8.371e-05,0.00014235,0.000101175,8.371e-05
0.000111896,9.624e-05,0.00013152,0.00011268,0.00010792
0.000110326,9.328e-05,0.00013017,0.00010866,0.00013017
0.000112378,8.457e-05,0.00014652,0.000106345,0.00010315
0.000113426,9.862e-05,0.00012869,0.000114915,0.0001025
0.000100079,7.731e-05,0.00012988,9.75e-05,9.445e-05
0.000111739,8.757e-05,0.00014364,0.000110895,0.00011411
0.000102137,7.649e-05,0.00013532,9.797e-05,9.076e-05
0.000109112,9.114e-05,0.00014384,0.00010384,0.00010643
0.000104689,7.834e-05,0.00013735,0.000101035,0.00010441
0.000100644,8.074e-05,0.0001348,9.9705e-05,0.00010395
0.000112296,8.674e-05,0.00014176,0.000113415,0.00012835
0.000101346,7.872e-05,0.00013179,0.000100175,0.00010899
0.000111261,8.66e-05,0.00014801,0.000109015,0.00011601
9.8063e-05,7.291e-05,0.00012598,9.791e-05,0.0001075
0.000116699,9.851e-05,0.00014901,0.000113325,0.00010373
0.000107865,7.327e-05,0.00013498,0.00011051,0.00010836
0.000114378,9.761e-05,0.00014863,0.00011166,9.761e-05
0.000106745,7.129e-05,0.00018351,9.928e-05,0.00010963
0.000107801,8.762e-05,0.00013305,0.000107305,8.762e-05
0.000105354,8.855e-05,0.00012591,0.00010192,0.00010218
0.000107893,7.976e-05,0.00015215,0.00010315,0.00011761
0.000107092,9.543e-05,0.00012915,0.000104015,0.00010512
9.8645e-05,6.928e-05,0.00012557,0.00010146,0.0001052
0.00013825,9.233e-05,0.00020865,0.00012427,9.233e-05
0.000112032,8.82e-05,0.00015116,0.000104895,9.917e-05
0.000110649,9.169e-05,0.00012594,0.00011297,0.00012594
0.000103438,8.028e-05,0.00012997,0.000104355,9.808e-05
0.000109157,9.035e-05,0.00012368,0.000111845,0.00011817
9.9986e-05,7.629e-05,0.00012831,9.766e-05,9.156e-05
0.00010953,9.266e-05,0.00014607,0.000103205,0.00011088
0.000105195,7.682e-05,0.00013929,0.00010118,0.00010514
0.000112595,9.741e-05,0.00013411,0.000110745,0.00010639
0.000106679,8.103e-05,0.00013656,0.000102305,0.00013656
0.000130855,8.359e-05,0.00020265,0.000114305,0.00010369
0.000110018,9.559e-05,0.00012661,0.000111135,0.00012661
0.000105956,8.782e-05,0.00013017,0.000105995,0.00010325
0.000105671,8.705e-05,0.00012413,0.00010499,9.925e-05
0.000110734,8.873e-05,0.00013481,0.000109115,0.00010382
0.000107235,8.62e-05,0.00012352,0.000107085,0.00012352
9.7236e-05,8.577e-05,0.00011265,9.7675e-05,9.909e-05
0.000107182,9.893e-05,0.00012523,0.00010571,9.911e-05
0.000110736,8.862e-05,0.00013909,0.00010529,0.00010456
0.00010094,8.509e-05,0.0001307,9.8945e-05,8.818e-05
0.00011145,9.048e-05,0.00013527,0.00011024,0.00010728
0.000104082,8.324e-05,0.00012029,0.000106085,0.00010884
0.000114409,9.524e-05,0.00014826,0.000108905,0.00010311
0.000101866,8.584e-05,0.00013427,9.9095e-05,8.584e-05
0.000107134,8.217e-05,0.00014021,0.000107945,0.00010783
0.000100365,7.616e-05,0.00012748,9.961e-05,8.601e-05
0.000105866,7.99e-05,0.00014495,0.000100755,0.00011219
0.000103317,7.718e-05,0.00013311,0.00010198,0.00010434
0.000114097,0.00010021,0.00014037,0.000109355,0.0001084
0.00010513,8.173e-05,0.00013084,0.00010547,0.00013084
0.000111708,8.226e-05,0.00014933,0.00010838,0.0001069
0.000118502,0.00010062,0.00014733,0.000110975,0.00014733
0.000105446,8.314e-05,0.0001291,0.000103365,0.00010264
0.000110447,9.454e-05,0.00012527,0.000113735,0.00012527
0.000106298,8.709e-05,0.0001271,0.00010549,0.0001023
0.000114651,9.288e-05,0.00014109,0.000118375,0.00014109
0.000106151,9.026e-05,0.00012889,0.00010818,0.00010633
0.000118221,8.587e-05,0.00016226,0.000109565,0.00016226
9.5638e-05,8.788e-05,0.0001063,9.251e-05,9.543e-05
0.000103679,9.604e-05,0.00011145,0.00010351,9.952e-05
0.000111054,8.761e-05,0.00014428,0.00010562,0.00010741
0.000118249,9.805e-05,0.00016153,0.000106305,0.00011365
0.000107529,9.249e-05,0.00013396,0.00010561,9.249e-05
0.000115334,7.928e-05,0.0001407,0.000120945,0.00011635
0.000118648,9.646e-05,0.00015489,0.000116545,9.646e-05
0.000108255,7.863e-05,0.00013696,0.000109735,0.00011044
0.000111749,9.448e-05,0.00013212,0.000113015,9.448e-05
0.000109344,7.549e-05,0.00013276,0.000113285,0.00011182
0.000104907,8.821e-05,0.00012156,0.00010634,8.821e-05
0.000106076,8.538e-05,0.00013466,0.000102085,0.00010763
0.000101009,7.664e-05,0.00013411,0.000100005,8.906e-05
0.000112525,8.624e-05,0.00015188,0.000105265,0.00010604
9.6649e-05,6.938e-05,0.00011668,9.9505e-05,0.00010996
0.000111182,9.432e-05,0.00013285,0.00011181,0.00011128
9.8044e-05,7.447e-05,0.00012885,9.964e-05,8.514e-05
0.000113246,9.528e-05,0.00015112,0.0001077,0.00011132
9.6592e-05,7.812e-05,0.00012247,9.505e-05,8.834e-05
0.000110026,9.807e-05,0.00013496,0.000109025,0.00011284
0.000104648,7.518e-05,0.00014437,0.000100305,8.52e-05
0.00010811,8.076e-05,0.00013146,0.00010834,0.00010526
0.000105021,8.396e-05,0.00012633,0.000105105,0.00010495
0.000110142,9.801e-05,0.00012404,0.000109535,0.00011006
0.000106179,9.188e-05,0.0001269,0.00010372,0.0001269
0.00011438,8.474e-05,0.00015061,0.000110545,0.00010483
0.000107785,9.324e-05,0.00012914,0.000107415,0.00012914
0.00010646,8.026e-05,0.00014222,0.00010158,9.667e-05
0.00010997,9.193e-05,0.00012293,0.00011191,0.00011356
9.7784e-05,7.958e-05,0.00011922,9.833e-05,9.086e-05
0.000111082,8.857e-05,0.00012993,0.000112915,0.00011625
0.000101846,7.935e-05,0.0001318,9.8435e-05,8.893e-05
0.000108135,9.09e-05,0.00013358,0.00010742,0.00010481
0.000105465,7.753e-05,0.00014052,0.00010133,0.00010243
0.000110115,8.187e-05,0.0001343,0.000113425,0.00010457
0.000116175,9.434e-05,0.00014326,0.000113675,0.00014326
0.000114131,8.76e-05,0.0001451,0.00010939,0.00010628
0.000108041,9.925e-05,0.00012362,0.0001049,0.00012362
0.000106617,7.909e-05,0.00013369,0.00010958,0.00010384
0.000106409,9.281e-05,0.00012134,0.000108545,0.00010584
0.000109899,8.894e-05,0.00012706,0.00010908,0.00010327
0.000108798,8.919e-05,0.00012917,0.00010963,0.0001127
0.000103574,7.645e-05,0.00013488,0.000101565,0.00011091
0.000107309,9.626e-05,0.00013074,0.00010408,9.969e-05
0.000107251,8.393e-05,0.00014257,0.00010338,0.00010271
9.6346e-05,6.711e-05,0.00012201,9.954e-05,0.00010206
0.000107566,8.79e-05,0.00014068,0.000101715,8.79e-05
0.000105184,7.767e-05,0.0001226,0.000110795,0.00010665
0.000110279,9.461e-05,0.00012379,0.00011238,0.00011828
0.000108057,7.217e-05,0.00013266,0.00011237,0.0001098
0.000108059,9.226e-05,0.0001309,0.00010772,9.226e-05
0.000102329,7.11e-05,0.00012411,0.00010472,0.00010063
0.000110401,9.537e-05,0.00012927,0.00010818,9.911e-05
0.0001015,8.533e-05,0.00012231,9.973e-05,0.00011021
0.000100333,7.582e-05,0.00012588,0.00010318,8.811e-05
0.000101901,8.177e-05,0.00012829,9.6235e-05,0.00010053
0.000108309,9.132e-05,0.00013315,0.00010426,9.132e-05
0.000110286,9.229e-05,0.00013949,0.00010508,0.00010157
0.000106037,9.364e-05,0.00013203,0.000102945,9.364e-05
0.000111102,0.00010071,0.00012772,0.00011265,0.00011413
0.000106151,8.296e-05,0.00013348,0.000105765,0.00010535
0.000113031,0.00010253,0.00013655,0.000113205,0.00011338
9.947e-05,7.731e-05,0.00012593,9.654e-05,9.136e-05
0.00011782,9.786e-05,0.00015817,0.000110125,0.00011298
0.000101649,8.204e-05,0.00013445,9.7915e-05,9.409e-05
0.000106135,7.474e-05,0.00012893,0.00010836,0.00010564
0.000107445,9.515e-05,0.00012996,0.00010346,0.00012996
0.000116926,8.704e-05,0.00015305,0.000111475,0.00010732
0.000109734,9.617e-05,0.00012998,0.00010983,0.00012998
0.000109573,8.305e-05,0.00014428,0.000105115,0.00010107
0.000106465,9.314e-05,0.00011697,0.000108375,9.532e-05
0.000103367,7.772e-05,0.00013807,0.000100835,0.00010052
0.000110843,8.825e-05,0.00014819,0.000106305,0.00010551
0.000116944,9.744e-05,0.00013804,0.000117855,0.00012702
9.7055e-05,7.743e-05,0.00012253,9.2835e-05,8.716e-05
0.000102231,8.424e-05,0.00013285,9.5605e-05,0.0001075
0.000105646,9.104e-05,0.00011924,0.000106465,9.104e-05
0.000114996,8.804e-05,0.00015195,0.00010822,0.00010793
0.000100101,8.738e-05,0.00011377,9.984e-05,8.738e-05
0.000115579,8.647e-05,0.00016382,0.000107765,0.00010633
0.000101839,9.106e-05,0.00012336,9.855e-05,9.106e-05
0.000115095,9.582e-05,0.00015421,0.00011117,0.00011245
9.5233e-05,7.239e-05,0.00012024,9.491e-05,8.378e-05
0.000116164,9.793e-05,0.00015059,0.00011221,0.00011162
0.000100181,7.394e-05,0.00013394,9.6585e-05,8.494e-05
0.000109906,8.876e-05,0.0001349,0.000110435,0.00010427
0.000106944,8.212e-05,0.00013749,0.000103975,0.00011413
0.000105294,7.57e-05,0.0001259,0.000109065,0.00010963
0.000104315,9.503e-05,0.00012026,0.000102885,0.00012026
0.000113821,8.445e-05,0.00014583,0.00011136,0.00010654
0.000108379,9.255e-05,0.00012349,0.00010944,9.769e-05
9.7083e-05,8.133e-05,0.00012228,9.4775e-05,8.133e-05
0.000117812,0.00010038,0.00015371,0.00011207,0.00011237
0.00010391,7.685e-05,0.00013652,0.000101025,8.857e-05
0.000111506,9.787e-05,0.0001414,0.00010777,0.00010876
9.9624e-05,7.571e-05,0.00012885,9.714e-05,9.007e-05
0.000110067,9.518e-05,0.00014422,0.00010305,0.00010932
9.8085e-05,7.457e-05,0.00012366,9.432e-05,9.919e-05
0.000103283,7.748e-05,0.00014192,0.00010156,0.00011104
0.000112071,8.413e-05,0.00014402,0.000113475,0.00012201
0.00011247,9.126e-05,0.00013806,0.000110495,0.00011207
0.00011215,9.486e-05,0.00014501,0.000105895,0.00011083
0.000108186,7.556e-05,0.00013624,0.000111165,0.00010824
0.000114957,9.476e-05,0.00014402,0.000111445,0.00011892
0.000112104,7.961e-05,0.00013527,0.000115115,0.00011401
0.000110566,9.874e-05,0.00013106,0.000107775,0.00010634
9.9941e-05,7.025e-05,0.000132,9.852e-05,0.00010594
0.000107824,8.764e-05,0.00014517,0.00010132,8.764e-05
0.00010902,8.666e-05,0.00013812,0.00010249,0.00010229
0.000102008,8.824e-05,0.0001243,0.00010106,9.85e-05
0.000115016,8.884e-05,0.00015335,0.00010907,0.00010829
0.00010355,8.568e-05,0.0001315,0.000103815,8.568e-05
0.000115605,9.928e-05,0.00014759,0.000110535,0.00011085
0.000102249,7.619e-05,0.00013555,0.00010248,9.012e-05
0.000115691,9.96e-05,0.00015703,0.00010912,0.00011154
0.000101755,7.558e-05,0.00013737,9.732e-05,8.607e-05
0.000113938,9.352e-05,0.00014991,0.000109635,0.00011245
0.000101954,7.603e-05,0.00012912,0.000102255,0.00010254
0.000113071,9.09e-05,0.00015167,0.00010615,0.00010901
0.000111669,7.898e-05,0.00014417,0.00011302,0.00014417
0.000113899,8.444e-05,0.00015065,0.0001078,0.00010656
0.000112162,9.574e-05,0.00013348,0.0001073,0.00013348
0.000105774,8.157e-05,0.00013418,0.000102065,0.00010076
0.00011085,9.332e-05,0.00012695,0.000112575,0.00012695
0.0001054,9.03e-05,0.00013859,0.000101705,0.00010379
0.000111796,0.00010019,0.00012532,0.0001114,0.00012428
9.7244e-05,7.47e-05,0.00012781,9.2715e-05,8.742e-05
0.00010974,9.523e-05,0.00013647,0.00010812,0.00010781
9.9639e-05,8.056e-05,0.00012732,9.533e-05,9.009e-05
0.000121546,9.671e-05,0.0001561,0.00011897,0.00011661
0.000107614,8.741e-05,0.00014645,9.4625e-05,8.867e-05
0.000111995,8.453e-05,0.00014099,0.00010928,0.00014099
0.000103519,9.339e-05,0.0001134,0.000101315,0.0001002
0.000104516,9.073e-05,0.00013481,9.8395e-05,9.37e-05
0.000109384,9.106e-05,0.00013185,0.00010765,0.00010504
0.000106787,8.763e-05,0.00013487,0.000102035,8.763e-05
0.000107223,8.679e-05,0.0001217,0.000110645,0.00010036
0.000108783,7.828e-05,0.00013062,0.00011324,0.0001128
0.000114626,9.261e-05,0.00015206,0.00011118,9.261e-05
0.00010676,8.851e-05,0.00013543,0.000102535,0.00010739
0.000111509,9.052e-05,0.00013956,0.000108625,9.052e-05
0.00010902,8.711e-05,0.000138,0.000104195,0.0001008
0.000106914,9.889e-05,0.00012307,0.000105485,9.889e-05
0.000113981,8.408e-05,0.00014809,0.00011121,0.00011439
0.000110513,9.095e-05,0.0001422,0.00010618,9.095e-05
0.000117028,0.00010138,0.00014832,0.000111595,0.00011856
0.000101502,7.444e-05,0.00013611,0.00010073,8.839e-05
0.000117249,9.981e-05,0.00013675,0.000114975,0.00011354
0.000105245,7.374e-05,0.00013202,0.000108585,0.00011981
0.000108568,9.643e-05,0.00012908,0.00010791,0.00011332
0.000108325,7.195e-05,0.00014295,0.00010924,0.00011888
0.000104204,7.276e-05,0.00012572,0.000110445,0.00010823
0.000108811,9.99e-05,0.00012934,0.000103015,0.00012934
0.000112946,8.568e-05,0.00014408,0.000111195,0.00010562
0.00010619,9.391e-05,0.00011506,0.00010864,0.00011117
0.000103595,7.784e-05,0.0001306,0.000106025,0.00010559
0.000112034,9.076e-05,0.00013566,0.000110515,0.00013566
0.000106214,8.533e-05,0.0001311,0.00010523,0.00010321
0.000115696,9.207e-05,0.00013308,0.00011331,0.00013308
9.8354e-05,8.164e-05,0.00012386,9.698e-05,8.967e-05
0.000105935,8.53e-05,0.0001224,0.00010481,0.00011948
0.000103086,7.929e-05,0.0001291,0.000102675,9.999e-05
0.000112423,8.658e-05,0.0001375,0.00011565,0.0001084
0.000112478,9.121e-05,0.00014389,0.000107915,0.00014389
0.000112436,8.701e-05,0.0001385,0.000112365,0.00011464
0.000105855,9.131e-05,0.00011891,0.00010582,0.00011891
0.000105971,7.785e-05,0.00014436,0.00010199,0.00010638
0.000118231,8.943e-05,0.00014076,0.000117285,0.00014076
0.00010638,7.575e-05,0.00013449,0.00010934,0.00010677
0.000108691,7.766e-05,0.00014957,0.00010576,0.00011761
0.000102379,7.84e-05,0.00013462,9.952e-05,0.00010771
0.000109825,8.702e-05,0.00014859,0.00010312,8.702e-05
0.000105125,8.638e-05,0.00012802,0.00010053,0.00010374
0.000101154,8.782e-05,0.0001185,0.000102045,8.782e-05
0.000109199,8.962e-05,0.00013389,0.000106335,0.00010474
0.00010162,7.731e-05,0.00012221,0.000103905,0.00011679
0.000111946,9.279e-05,0.00012264,0.000112395,0.00011037
0.00010525,8.565e-05,0.00012047,0.000103735,0.00011882
0.000113565,9.058e-05,0.00014751,0.00011007,0.00011043
9.4626e-05,7.164e-05,0.00011926,9.2775e-05,8.425e-05
0.000115086,9.899e-05,0.00014694,0.000110555,0.0001133
0.000100189,7.751e-05,0.0001169,0.00010092,0.00011687
0.000111075,8.77e-05,0.00012233,0.000114415,0.00011009
0.000100015,8.443e-05,0.00012231,9.613e-05,0.0001017
0.000106681,8.788e-05,0.00013534,0.000103925,8.788e-05
0.000113307,9.154e-05,0.00014167,0.000107885,0.00010653
0.000104947,9.029e-05,0.0001416,9.692e-05,9.067e-05
0.000116464,0.00010165,0.00014566,0.000112475,0.00011234
9.7166e-05,8.039e-05,0.00011963,9.433e-05,8.749e-05
0.000118065,9.65e-05,0.00015423,0.000112025,0.00011578
9.6559e-05,6.778e-05,0.00013072,9.4525e-05,8.71e-05
0.000114077,9.904e-05,0.00013842,0.00011216,0.00010857
0.000104323,7.639e-05,0.00013843,9.855e-05,9.656e-05
0.000108848,7.482e-05,0.00013445,0.00011309,0.00011
0.000105225,8.593e-05,0.00013252,0.000102875,0.00010811
0.000104365,6.907e-05,0.00013248,0.000107055,0.00010091
0.000110103,9.122e-05,0.00014589,0.00010404,0.00010392
0.000101859,7.183e-05,0.00012425,0.000105515,9.773e-05
0.000106203,8.894e-05,0.00012162,0.000105685,0.00012162
0.000110294,7.927e-05,0.00013406,0.000114225,0.00011358
0.000110389,9.649e-05,0.00013632,0.00010898,9.874e-05
0.000100981,7.43e-05,0.00013517,9.6615e-05,0.00010345
0.000108029,9.237e-05,0.0001226,0.000110305,9.237e-05
0.000106626,8.673e-05,0.00013354,0.00010426,0.0001065
9.9886e-05,7.295e-05,0.00012734,0.000101015,8.861e-05
0.000110361,8.44e-05,0.00015083,0.00010302,0.00010371
0.000102199,7.504e-05,0.00012094,0.00010613,0.00011292
0.000112348,8.846e-05,0.00015034,0.00010636,0.00010766
9.804e-05,8.52e-05,0.00012003,9.2815e-05,8.52e-05
0.000113835,8.831e-05,0.00015493,0.00010728,0.00011282
0.000101834,8.623e-05,0.00012724,9.5575e-05,8.623e-05
0.000120669,9.964e-05,0.00015958,0.00011313,0.00011714
0.000101304,6.961e-05,0.00013832,9.921e-05,9.704e-05
0.000107568,8.05e-05,0.00012399,0.000112495,0.00012399
0.000108751,9.441e-05,0.00012766,0.00010802,0.00012766
0.000113017,8.886e-05,0.00014367,0.00011064,0.00010158
0.00011038,9.978e-05,0.00012324,0.00010939,0.00012324
0.000114806,8.941e-05,0.00014645,0.000109085,0.00010503
0.000109891,9.393e-05,0.00012861,0.00010998,0.000102
0.00011083,7.354e-05,0.00014499,0.00011685,0.00012575
0.000116108,9.822e-05,0.00014628,0.000112665,0.00010421
0.000100955,8.23e-05,0.00013469,9.539e-05,8.804e-05
0.000105947,9.448e-05,0.00012809,0.00010484,0.00010288
0.000103615,8.371e-05,0.00013853,9.6705e-05,8.958e-05
0.00011314,9.989e-05,0.00014893,0.000106475,0.00010839
0.000102714,7.654e-05,0.00012976,0.000101735,0.0001024
0.000109941,8.297e-05,0.00013659,0.000113825,0.00010807
0.000111618,7.952e-05,0.00015327,0.000106135,0.00015327
0.000115324,8.527e-05,0.00014864,0.000110815,0.00010908
0.000108019,9.389e-05,0.00012819,0.0001076,0.00012819
0.00010632,8.12e-05,0.00013416,0.00010186,0.00010055
0.000109551,9.498e-05,0.00012093,0.000111945,0.00012093
9.5114e-05,7.719e-05,0.00011143,9.524e-05,8.658e-05
0.000107725,9.362e-05,0.00012884,0.00010196,0.00012884
9.6339e-05,8.667e-05,0.00011743,9.0915e-05,9.105e-05
0.000107883,7.694e-05,0.00014512,0.000108695,0.00010853
0.000101684,8.787e-05,0.00013497,9.488e-05,8.889e-05
0.000104068,7.605e-05,0.00012468,0.000105635,0.00010312
0.000104899,9.442e-05,0.00011907,0.000103525,0.00011907
0.000106404,8.544e-05,0.00014156,0.000104485,9.997e-05
0.000109525,9.222e-05,0.00013614,0.00010826,0.00010272
0.000104069,7.699e-05,0.00013308,0.000105025,0.00010682
0.000120578,0.00010395,0.00015932,0.00011366,0.00011064
0.000102149,8.344e-05,0.00012081,9.877e-05,8.344e-05
0.000108501,8.51e-05,0.00012889,0.000111765,0.00012889
9.9529e-05,8.132e-05,0.00011464,9.775e-05,9.235e-05
0.000109314,7.876e-05,0.00014223,0.00010918,0.00011726
0.000112505,8.729e-05,0.00013734,0.000114735,0.00012742
0.000102906,7.898e-05,0.00012205,0.000106055,0.00010544
0.000110021,9.321e-05,0.00013694,0.000103955,0.00013694
0.000112742,8.567e-05,0.00014255,0.000109065,0.0001086
0.000107539,9.576e-05,0.00011656,0.000108905,0.00011075
9.8572e-05,7.192e-05,0.0001289,0.00010073,9.905e-05
0.000113769,0.00010088,0.00012655,0.00011505,0.00011625
0.000107353,7.57e-05,0.00013372,0.0001082,0.00012438
0.000111865,9.899e-05,0.00013431,0.00011126,0.00011379
9.9728e-05,8.036e-05,0.00012463,9.74e-05,9.298e-05
0.000102436,7.561e-05,0.0001252,0.000105605,0.00010065
0.00010845,8.956e-05,0.00013436,0.000108065,0.00011791
0.000115236,9.417e-05,0.00013739,0.00011756,0.00011127
0.000106256,9.327e-05,0.00012461,0.00010339,0.00011843
0.000107663,7.067e-05,0.00013081,0.00011618,0.00011268
0.000103374,9.117e-05,0.000113,0.000103605,9.859e-05
0.000115551,9.207e-05,0.00013468,0.00011622,0.00010981
0.000108648,8.939e-05,0.00012921,0.000109355,0.00010123
0.000103324,7.915e-05,0.00014221,9.7615e-05,0.0001057
0.000103439,9.017e-05,0.00011139,0.000106065,9.017e-05
0.000105602,8.462e-05,0.00013418,0.000102745,0.00010533
0.000108806,9.058e-05,0.00012439,0.000111785,9.058e-05
0.000108309,8.498e-05,0.00013304,0.000104055,0.00010376
0.000112399,7.709e-05,0.00015011,0.00011246,0.00012347
0.000108506,9.17e-05,0.00013415,0.000106765,0.00010085
0.000108934,8.928e-05,0.00014105,0.00010384,8.928e-05
0.00011438,9.987e-05,0.00014592,0.000109805,0.00011253
0.000105383,7.744e-05,0.0001317,0.00010805,0.00011087
0.00011649,0.00010064,0.00015684,0.000108885,0.00011279
0.000100806,7.103e-05,0.00013768,9.5775e-05,8.527e-05
0.000115159,9.904e-05,0.00014063,0.00011307,0.00011119
0.000104351,8.578e-05,0.00011992,0.000105655,0.00011405
0.000109185,7.736e-05,0.00014436,0.000109885,0.0001051
0.000106446,8.932e-05,0.00012902,0.000105595,0.00012902
0.000112852,8.226e-05,0.00015077,0.00010706,9.926e-05
0.000108944,9.292e-05,0.00012323,0.000110605,0.00011052
9.8955e-05,7.763e-05,0.0001268,9.6855e-05,0.00010667
0.00011068,9.329e-05,0.00013186,0.00011054,0.000109
0.000103484,7.251e-05,0.00012546,0.000107645,0.00011748
0.00011387,8.752e-05,0.00015153,0.00011201,0.00011151
0.000108863,9.392e-05,0.00013839,0.000104315,0.00011095
0.000117084,8.547e-05,0.0001538,0.0001103,0.0001538
0.000105361,8.488e-05,0.00012674,0.000105345,0.00010217
0.000109614,8.79e-05,0.00012134,0.00011181,0.00010787
0.000104656,8.981e-05,0.00012068,0.00010502,0.00010391
0.000102644,7.004e-05,0.00013158,0.000106335,0.00010819
0.000112139,8.684e-05,0.00014071,0.00011001,0.00010662
9.9411e-05,8.098e-05,0.00012579,9.9415e-05,8.751e-05
0.00011584,9.825e-05,0.00014501,0.00011201,0.00011241
0.000107637,7.865e-05,0.00014809,0.00010187,9.858e-05
0.000108864,9.851e-05,0.0001361,0.000106685,0.00010973
0.000103963,8.299e-05,0.00014064,9.888e-05,0.00010152
0.00011391,8.184e-05,0.00015461,0.00011202,0.00011492
0.00010483,8.993e-05,0.00013029,0.00010109,8.993e-05
0.00010551,6.737e-05,0.00013662,0.00010948,0.00010887
0.000108912,8.89e-05,0.00013241,0.000108955,8.89e-05
0.0001033,9.397e-05,0.0001142,0.00010123,9.793e-05
0.000107726,9.236e-05,0.00012391,0.000110435,9.988e-05
0.000100757,8.116e-05,0.0001265,9.9185e-05,0.00010848
0.00011015,9.261e-05,0.00013782,0.00010705,9.261e-05
0.00010311,7.311e-05,0.00012749,0.00010563,0.00010478
0.000116651,9.665e-05,0.00014015,0.00011591,9.665e-05
0.00010849,8.425e-05,0.0001286,0.000109675,0.00010696
0.000111837,9.742e-05,0.00011981,0.000113585,9.742e-05
0.000111081,9.505e-05,0.00013895,0.0001032,0.00013895
0.000112703,8.337e-05,0.00015048,0.00010824,0.00010052
0.000123057,0.0001063,0.00014852,0.00012289,0.00011348
0.00010147,8.707e-05,0.00011041,0.00010009,9.789e-05
0.000109611,9.427e-05,0.00013133,0.00010801,0.00010556
0.000108924,8.283e-05,0.00013295,0.000110555,0.00011728
0.000120264,9.783e-05,0.00015681,0.000113465,0.00012091
0.000100964,7.313e-05,0.0001354,9.936e-05,8.764e-05
0.000115735,8.751e-05,0.0001654,0.00010991,0.00011236
0.000102176,8.268e-05,0.00012764,9.7875e-05,9.637e-05
0.000117236,9.668e-05,0.0001458,0.00011337,0.0001093
0.000102559,7.986e-05,0.00013601,9.89e-05,8.285e-05
0.000102064,7.138e-05,0.00012459,0.000104805,0.00010179
0.000102339,9.173e-05,0.00011768,0.000101795,0.00011768
0.000109586,8.424e-05,0.00014894,0.000107205,0.00011239
0.000115148,9.999e-05,0.00013546,0.00011419,0.00013546
0.000109544,7.978e-05,0.00013771,0.00010802,0.00010505
0.00010519,8.636e-05,0.00012045,0.00010686,0.00011394
0.000109436,8.284e-05,0.00014583,0.000106165,9.981e-05
0.000125555,9.682e-05,0.00016236,0.000124335,0.00016236
9.8734e-05,9.032e-05,0.00010649,9.968e-05,0.00010621
0.000107235,8.152e-05,0.00014046,0.000102315,0.00014046
0.000106086,9.477e-05,0.00013003,0.00010226,0.0001
9.7829e-05,7.813e-05,0.00012796,9.375e-05,8.746e-05
0.000114558,8.8e-05,0.00014442,0.000111685,0.00010687
0.000108503,8.423e-05,0.00013889,0.000104305,9.84e-05
0.000114435,9.942e-05,0.00015261,0.000104915,0.00011637
9.9988e-05,8.017e-05,0.00012863,9.933e-05,8.017e-05
0.000111898,9.92e-05,0.00012728,0.00011071,0.00011172
0.000106665,7.829e-05,0.00013334,0.00010909,0.00011816
0.000112585,8.866e-05,0.00015685,0.000103575,0.00011561
0.000107236,8.019e-05,0.00013643,0.000106935,0.00011373
0.000110374,7.239e-05,0.00014061,0.00011446,0.00010937
0.000105723,8.941e-05,0.00012358,0.000105015,0.00012358
0.000111474,9.242e-05,0.00014542,0.00010968,0.00011086
0.000120376,9.896e-05,0.00016073,0.000113995,0.00016073
0.000105817,8.064e-05,0.00013564,0.0001009,9.718e-05
0.000118982,9.968e-05,0.0001417,0.000117605,0.00011124
9.7469e-05,6.707e-05,0.00013599,9.627e-05,0.00010936
0.000112569,9.569e-05,0.00012712,0.000114415,9.569e-05
0.000111406,7.443e-05,0.00013745,0.0001158,0.00010707
0.000112669,9.147e-05,0.00012544,0.000112945,0.00012299
9.8812e-05,7.526e-05,0.00012757,9.6995e-05,9.762e-05
0.000107952,9.104e-05,0.00013366,0.00010361,9.104e-05
0.000105519,8.038e-05,0.00013873,0.000101895,0.0001036
0.000110146,7.495e-05,0.00013923,0.000113635,0.00012542
0.000112154,8.569e-05,0.00014387,0.000110585,0.00011395
0.000111565,9.154e-05,0.00014143,0.000107715,9.154e-05
0.000109421,9.458e-05,0.00012661,0.000106385,0.00010221
0.000113254,8.629e-05,0.00014684,0.0001131,0.00012783
0.00011015,8.704e-05,0.00015804,0.000100815,0.00010871
0.00010922,8.476e-05,0.00014331,0.00010572,0.0001002
0.000104506,7.548e-05,0.00012723,0.000108005,0.00010298
0.000108891,8.34e-05,0.00013215,0.00011176,0.00012479
0.000105362,7.194e-05,0.00013257,0.000104675,0.00010187
0.000107337,9.212e-05,0.00013572,0.000103515,0.00013572
0.000106829,8.607e-05,0.00014107,0.000101615,9.758e-05
0.000106121,9.098e-05,0.00011955,0.000107525,9.735e-05
9.7522e-05,7.839e-05,0.00013093,9.142e-05,9.189e-05
0.000119632,0.00010286,0.00013464,0.000122325,0.00013464
0.000101941,8.527e-05,0.0001313,0.000100305,9.774e-05
0.000110698,8.871e-05,0.0001499,0.000102145,0.0001499
9.8116e-05,8.111e-05,0.00010567,9.9785e-05,9.408e-05
0.000105644,9.124e-05,0.00011971,0.000105525,9.124e-05
0.000103749,8.878e-05,0.00012763,9.9575e-05,0.00010006
0.000108699,9.523e-05,0.00012368,0.00010982,0.00012368
0.000105359,9.09e-05,0.000122,0.00010782,9.75e-05
0.000108711,9.192e-05,0.00014032,0.000103615,9.192e-05
0.000109587,9.693e-05,0.00013092,0.000108715,0.00011108
0.00010096,7.926e-05,0.00012935,0.000100005,8.776e-05
0.000110687,8.525e-05,0.00014155,0.00010525,0.00010545
0.000103081,7.645e-05,0.00013093,9.94e-05,9.402e-05
0.00011135,9.738e-05,0.00014802,0.000104875,0.00010673
0.000101394,7.877e-05,0.00013032,9.5965e-05,8.975e-05
0.000105501,7.433e-05,0.00014893,0.000102955,0.00011277
0.000105646,8.872e-05,0.00013353,9.943e-05,0.00010815
0.000105321,7.7e-05,0.00012959,0.00010423,0.0001
0.000104286,9.511e-05,0.00012056,0.000102635,0.00012056
0.000109429,8.514e-05,0.00014653,0.00010317,0.00010132
0.000105616,9.205e-05,0.00012125,0.000103065,9.391e-05
0.000109348,7.718e-05,0.00013355,0.000113045,0.00010596
0.000112299,9.394e-05,0.00014095,0.00011095,9.394e-05
0.000103281,7.257e-05,0.00014462,0.000100315,0.00011079
0.000108453,8.687e-05,0.00013595,0.000106565,8.687e-05
0.000104871,8.111e-05,0.00013311,0.000103555,0.0001073
0.000101026,7.19e-05,0.00013326,0.000102145,0.00010664
0.000113514,8.292e-05,0.00015226,0.000107645,0.00011043
0.000101882,8.751e-05,0.00011668,0.00010036,8.751e-05
0.000111359,9.157e-05,0.00014689,0.00010654,0.00010676
0.00011035,7.042e-05,0.00014511,0.000111975,0.00012646
0.000114472,0.00010253,0.00014902,0.000108885,0.000111
0.00011006,9.521e-05,0.00013518,0.00010572,0.0001119
0.000103499,7.97e-05,0.0001285,0.000104065,0.0001004
0.00011016,8.652e-05,0.00015046,0.00010209,8.652e-05
0.000110902,9.866e-05,0.00013585,0.00010654,0.00010371
0.000108248,8.145e-05,0.00013611,0.00010857,0.00011685
0.000105291,7.875e-05,0.00013723,0.0001049,0.00010401
0.000108744,8.722e-05,0.00013672,0.000102025,8.722e-05
0.000104493,7.508e-05,0.00012171,0.00010926,0.00010838
0.000111353,9.329e-05,0.00013061,0.00011249,9.329e-05
0.000109642,7.992e-05,0.00012922,0.0001143,0.00011115
0.000114246,9.652e-05,0.00012463,0.000117915,0.00012314
0.000101376,8.665e-05,0.0001312,9.432e-05,9.12e-05
0.000111818,8.643e-05,0.00012637,0.00011354,0.00011681
0.000117439,8.963e-05,0.00015104,0.00011777,0.00012076
0.000111885,9.082e-05,0.00012974,0.000108845,0.00012226
0.000103766,7.862e-05,0.00011925,0.000108535,0.00011716
0.000120819,0.00010015,0.00013816,0.00012113,0.00011613
0.000110674,9.098e-05,0.00013945,0.00010685,0.00013945
0.000119204,9.81e-05,0.00015059,0.00011543,0.00011705
0.000105496,8.99e-05,0.00012705,0.000104815,0.00012705
0.000110747,9.156e-05,0.00013569,0.000110875,0.0001122
0.000107065,9.597e-05,0.00012158,0.00010708,0.00010668
0.000115829,8.421e-05,0.00014894,0.000114935,0.00010783
0.000113558,8.765e-05,0.00015393,0.000106445,8.765e-05
0.000103059,8.049e-05,0.0001344,9.7955e-05,0.00010706
0.000105984,8.81e-05,0.00012371,0.000105985,8.81e-05
0.000108919,8.286e-05,0.00015079,0.0001051,0.00010885
9.9351e-05,7.599e-05,0.00012511,9.824e-05,9.376e-05
0.000114109,8.752e-05,0.00015511,0.00010493,0.00010844
0.000111186,8.82e-05,0.00014051,0.000106205,8.82e-05
0.000107931,8.278e-05,0.00012396,0.000111005,0.0001012
9.8781e-05,8.1e-05,0.00012899,9.1915e-05,9.259e-05
0.000110904,8.068e-05,0.00013616,0.00011259,0.00013616
0.00010058,7.891e-05,0.00012469,9.792e-05,9.488e-05
0.000113832,8.667e-05,0.00014093,0.000113945,0.00014093
0.000106296,7.913e-05,0.00013604,0.000103885,9.604e-05
0.000110874,8.77e-05,0.00013519,0.000111795,0.00013519
0.000106202,8.983e-05,0.00011851,0.00010619,0.0001093
0.000110481,8.671e-05,0.00013767,0.00010744,8.671e-05
0.000110381,9.266e-05,0.00013692,0.00010645,0.00010302
0.000109718,9.672e-05,0.00013704,0.000105205,0.00010374
0.000118278,9.545e-05,0.00015367,0.00011245,0.00011019
9.9043e-05,8.412e-05,0.00012283,9.9e-05,8.745e-05
0.000105609,8.03e-05,0.00013381,0.00010573,9.471e-05
0.000103313,6.419e-05,0.00013916,0.00010336,9.6e-05
0.000105816,8.456e-05,0.00013182,0.00010559,0.00010243
0.000104878,7.782e-05,0.00013615,0.00010289,9.637e-05
0.000116762,9.996e-05,0.00014514,0.00011509,0.00011457
9.9604e-05,8.034e-05,0.00013281,9.6375e-05,8.26e-05
0.000104532,7.797e-05,0.00012822,0.000103645,0.00010098
0.000108165,9.414e-05,0.00012719,0.00010735,0.00012719
0.000115688,8.659e-05,0.00014618,0.000113165,0.00011192
0.000108676,9.851e-05,0.00012613,0.000106145,0.00010692
0.000103406,8.311e-05,0.00013776,9.8805e-05,0.00013776
0.00010534,8.376e-05,0.00012079,0.00010299,0.00010168
0.000110701,8.074e-05,0.00013666,0.000115195,0.00013666
0.000106526,8.726e-05,0.00011868,0.00010745,0.00010534
0.000110512,9.599e-05,0.00013602,0.000106615,0.00013602
0.000100885,8.577e-05,0.00011927,0.000100805,0.00010217
0.00011353,9.279e-05,0.00014601,0.00011018,0.00010645
0.000103873,8.615e-05,0.00013341,0.000101525,9.4e-05
0.000110011,8.698e-05,0.00014039,0.00010743,0.00011117
0.000108694,7.844e-05,0.0001451,0.00010907,0.00011254
0.000110844,9.029e-05,0.00014232,0.000110175,0.00010375
0.000102125,7.747e-05,0.00013838,0.000100595,8.182e-05
0.000109552,8.951e-05,0.00014624,0.000103555,0.00010287
0.000106406,7.486e-05,0.00013186,0.000109985,0.00011503
0.000107319,7.555e-05,0.00013745,0.00011093,0.0001112
0.000106419,8.399e-05,0.0001321,0.000106495,0.00010973
0.00010809,7.405e-05,0.00013531,0.0001073,0.00010378
0.000113796,9.658e-05,0.00014076,0.000108285,0.00014076
0.000117809,9.018e-05,0.00014387,0.000120345,0.00012075
0.000107892,9.514e-05,0.00012087,0.00010778,9.985e-05
0.000109914,7.269e-05,0.00014148,0.000112565,0.00011637
0.000114471,9.906e-05,0.0001379,0.000114935,9.906e-05
0.000106406,8.542e-05,0.00012882,0.00010613,0.00010752
0.000118192,9.369e-05,0.00015133,0.000112265,0.00011349
9.5283e-05,7.802e-05,0.00010849,9.4125e-05,0.00010016
0.000107429,7.984e-05,0.00015129,0.00010027,9.527e-05
0.000102372,8.428e-05,0.00013102,9.6735e-05,0.00010243
0.000112394,0.00010215,0.00012813,0.000109875,0.00012621
0.000107861,9.481e-05,0.00013932,0.000100665,9.988e-05
0.000109155,8.471e-05,0.00013549,0.00010866,0.00013549
0.000104531,9.281e-05,0.00011755,0.00010547,9.281e-05
0.000107385,8.586e-05,0.00013169,0.000108295,0.00012211
0.000113696,9.78e-05,0.00014756,0.00010962,0.00010999
0.00010193,8.872e-05,0.00012289,9.642e-05,8.872e-05
0.000109431,9.416e-05,0.00013619,0.000105475,0.00010659
0.000108947,6.817e-05,0.00014459,0.00011082,0.00011795
0.000108307,7.326e-05,0.00015231,0.000104905,0.00011085
0.000107698,8.605e-05,0.00014135,0.00010306,0.00010788
0.000114126,9.308e-05,0.00015226,0.00010844,0.0001129
0.000114221,8.613e-05,0.0001494,0.0001086,8.613e-05
0.00010764,7.409e-05,0.00014603,0.000104565,9.821e-05
0.000132974,0.00010918,0.00016218,0.000127635,0.00016218
0.000104481,8.397e-05,0.00012781,0.00010085,9.922e-05
0.000112625,8.725e-05,0.00013589,0.00011301,0.00013589
0.000103089,8.737e-05,0.00013263,9.993e-05,8.737e-05
0.000115535,8.678e-05,0.00014948,0.00011232,0.00014948
0.000102761,8.069e-05,0.00013377,0.000100755,0.00010224
0.000111325,8.516e-05,0.00012591,0.00011573,0.00011574
0.000111943,9.957e-05,0.00012827,0.00011322,0.00012185
0.000106002,7.984e-05,0.00012524,0.00010773,0.00010134
0.000110608,9.379e-05,0.00014015,0.000106715,0.00014015
0.000111369,8.51e-05,0.00013753,0.0001105,0.00010892
0.00010576,9.273e-05,0.00012872,0.000100615,0.00012872
0.000100373,8.42e-05,0.00012163,9.976e-05,0.0001031
0.00012101,0.00010375,0.00014937,0.00011649,0.00011616
0.00010701,7.904e-05,0.0001519,0.000103425,8.191e-05
0.000118211,9.649e-05,0.00013855,0.0001178,0.00011274
0.00010339,8.236e-05,0.00012498,0.000101895,0.00012498
0.000121659,8.815e-05,0.00015366,0.00011629,0.00011279
0.000109486,9.93e-05,0.0001265,0.00010703,0.0001265
0.000107665,7.884e-05,0.00014128,0.0001039,9.879e-05
0.000121492,9.927e-05,0.00016192,0.00011393,0.00016192
0.000110536,8.489e-05,0.00014282,0.00010818,0.00010378
0.000119906,0.0001037,0.00015269,0.000114245,0.00015269
0.000113357,8.717e-05,0.00013921,0.000110985,0.00011054
0.000106974,8.83e-05,0.00012524,0.000108585,0.00010655
0.000105439,8.485e-05,0.00013463,0.00010272,9.29e-05
0.000102681,8.513e-05,0.00012314,9.955e-05,0.00011679
0.000112321,8.39e-05,0.00013433,0.00011558,0.00012358
9.9953e-05,7.801e-05,0.00011554,0.000102595,9.558e-05
0.000112615,9.628e-05,0.00013644,0.00011245,0.0001228
9.9715e-05,6.635e-05,0.00012685,0.0001037,0.00010861
0.000106083,8.777e-05,0.0001426,9.8985e-05,8.777e-05
0.00010212,7.042e-05,0.00013013,0.00010642,0.00010964
0.000111611,9.576e-05,0.00014163,0.00011099,9.576e-05
0.00010085,8.442e-05,0.00012035,9.9725e-05,0.00012035
0.000108945,9.113e-05,0.00012477,0.00010837,0.0001147
9.878e-05,7.374e-05,0.00012472,9.8565e-05,9.338e-05
0.000120259,9.819e-05,0.0001571,0.000116115,0.00011353
0.000108291,7.471e-05,0.0001343,0.000109225,0.00011833
0.000114418,9.997e-05,0.00014482,0.00010885,0.00010943
0.000114011,9.857e-05,0.00013753,0.00011068,9.857e-05
0.000102195,8.056e-05,0.0001282,0.000100725,0.00010255
0.000115872,0.00010123,0.00014299,0.000108535,0.00011989
0.000108467,7.827e-05,0.00013203,0.000113925,0.00011813
0.000107275,7.533e-05,0.00014525,0.00010354,9.671e-05
0.000108101,7.027e-05,0.00013571,0.000111735,0.00010595
0.00010861,7.633e-05,0.00013149,0.000111315,0.00013149
0.000105534,9.026e-05,0.00012671,0.00010603,9.914e-05
0.000119138,0.00010017,0.00015584,0.000110905,0.00015584
0.000103256,9.401e-05,0.00012051,0.00010014,9.401e-05
0.000113259,9.741e-05,0.00012786,0.00011208,0.0001066
0.000122326,9.98e-05,0.00015888,0.00012165,0.00015888
0.000110942,9.532e-05,0.00014404,0.000103825,0.00010192
0.000106774,8.684e-05,0.00013025,0.00010383,0.00013025
0.000109404,9.026e-05,0.00014249,0.000107155,0.00010946
9.809e-05,8.628e-05,0.00011276,9.296e-05,9.346e-05
0.000105945,7.585e-05,0.00014,0.00010519,0.00011136
0.00010975,9.512e-05,0.00013322,0.000107175,9.512e-05
0.000107165,8.717e-05,0.00013255,0.00010245,0.00010669
0.000101048,8.64e-05,0.00012424,9.933e-05,8.64e-05
0.00011374,9.331e-05,0.00014749,0.00010987,0.00010557
0.000100444,8.751e-05,0.00012859,9.729e-05,8.751e-05
0.000108029,8.194e-05,0.000141,0.00010371,0.00011619
0.000107969,8.472e-05,0.00013912,0.000104805,8.472e-05
0.000123431,9.659e-05,0.00014654,0.000125265,0.00011119
0.000110874,8.667e-05,0.00013615,0.000109955,0.00012065
0.000102965,7.975e-05,0.0001448,9.6545e-05,0.0001047
0.00010392,7.868e-05,0.00012377,0.000106085,0.00011702
0.000108361,8.706e-05,0.00013176,0.000110115,0.00010661
0.000106786,9.774e-05,0.00013399,0.000100265,0.00013399
0.00010746,8.282e-05,0.00014303,0.00010326,0.00010209
0.000111221,8.517e-05,0.000131,0.00011264,0.00012861
0.000101782,7.887e-05,0.00012382,0.00010466,9.882e-05
0.000115989,9.618e-05,0.00014421,0.0001123,0.00011741
0.000109422,7.585e-05,0.00013644,0.00011348,0.0001109
0.000117337,9.438e-05,0.00015628,0.000110155,9.438e-05
0.000100391,8.033e-05,0.00012633,0.00010229,0.00010511
0.000113152,8.479e-05,0.00014634,0.00011027,0.00012495
9.9167e-05,7.149e-05,0.00013229,9.5885e-05,0.000106
0.000114014,7.594e-05,0.00014096,0.00012038,0.00013535
0.000105507,7.728e-05,0.00013624,0.000104945,0.00010548
0.000106088,9.056e-05,0.00012905,0.00010692,9.056e-05
9.5891e-05,8.391e-05,0.00011628,9.3e-05,9.296e-05
0.000113611,9.254e-05,0.0001437,0.0001085,0.000123
0.000111817,8.654e-05,0.00014547,0.0001055,0.00010628
0.000113547,8.183e-05,0.00014437,0.00011362,0.00014437
0.000103697,9.422e-05,0.00011419,0.000104915,9.422e-05
0.000111919,8.067e-05,0.00014334,0.00011143,0.00013123
0.000109315,8.518e-05,0.00014084,0.00010421,0.00011387
0.00010117,7.87e-05,0.00013621,9.558e-05,8.756e-05
0.000109198,9.482e-05,0.00013132,0.000106335,0.00010427
0.000113978,7.907e-05,0.00013982,0.000114615,0.00013548
0.000111424,9.912e-05,0.00013359,0.00010969,0.00010742
0.000115739,9.491e-05,0.00013583,0.00011435,0.00013583
0.000100829,7.918e-05,0.00012387,0.00010045,9.67e-05
0.000113204,9.848e-05,0.00013797,0.000107525,0.00013797
0.000104709,8.279e-05,0.00012681,0.000100745,0.00010013
0.000112095,8.509e-05,0.00013424,0.000112745,0.00013424
0.000105468,8.241e-05,0.00013099,0.00010497,0.00010183
0.000106275,8.602e-05,0.00013306,0.00010443,0.00013306
0.000105911,9.029e-05,0.00012536,0.000106375,9.349e-05
0.00011766,8.588e-05,0.00016502,0.000109845,0.00016502
0.000108211,8.055e-05,0.00012966,0.00010946,0.0001046
0.000111886,9.5e-05,0.00014722,0.000104625,0.00014722
0.00010715,9.373e-05,0.00012189,0.00010616,0.00010086
0.000109477,8.187e-05,0.00013076,0.000112045,0.00010804
0.000103272,9.147e-05,0.0001189,0.000101875,9.495e-05
0.00010299,8.701e-05,0.00012261,0.000103455,9.859e-05
0.000130205,0.00011055,0.00016091,0.00012893,0.00016091
0.000101147,8.325e-05,0.00012091,0.000102775,0.00011045
0.000114295,8.645e-05,0.00015799,0.000104765,0.00015799
0.000106229,8.661e-05,0.00013804,0.000105135,0.0001014
0.000110041,8.429e-05,0.00014909,0.00010458,0.00014909
0.000100844,8.743e-05,0.00011692,0.00010049,9.977e-05
0.000121188,0.00010324,0.00016144,0.0001112,0.00012639
0.00010783,8.191e-05,0.00014217,0.000101185,0.00010127
0.000118881,9.337e-05,0.00015631,0.000118205,0.00012812
0.000111836,8.848e-05,0.00014037,0.000107875,0.00011011
0.000109993,7.934e-05,0.0001391,0.00011443,0.0001391
0.00012765,0.00010687,0.00016734,0.00012136,0.00012656
0.000108647,8.945e-05,0.00013583,0.00010345,0.00013583
0.000103993,9.577e-05,0.00011514,0.000104245,9.678e-05
9.8245e-05,8.289e-05,0.00013005,9.2965e-05,0.00013005
0.000113123,8.664e-05,0.0001381,0.000114655,0.00011775
0.000105,8.541e-05,0.00013902,9.8695e-05,8.541e-05
0.000103834,7.005e-05,0.00013576,0.00010477,0.00010843
0.000112577,9.669e-05,0.00014414,0.00010623,0.00011121
0.00010053,8.526e-05,0.00012963,9.528e-05,0.00010009
0.000113699,9.084e-05,0.00014691,0.000109175,9.084e-05
0.000108653,7.23e-05,0.00014409,0.000109655,0.00011019
0.000120042,9.778e-05,0.00016259,0.00011184,9.778e-05
0.000109561,7.249e-05,0.000132,0.000115975,0.00011621
0.000116825,9.635e-05,0.0001411,0.00011546,9.635e-05
9.9489e-05,7.939e-05,0.00012845,9.3585e-05,0.00010142
0.00010672,9.835e-05,0.00012268,0.00010522,0.00010061
0.000107698,8.346e-05,0.00013717,0.000101245,0.00010401
0.000114749,0.00010145,0.00013887,0.000112685,0.00011634
0.000112146,9.971e-05,0.00013786,0.00010559,0.00010643
0.000103687,8.541e-05,0.00013492,9.8525e-05,8.541e-05
0.00011432,9.061e-05,0.00015083,0.00010754,0.00010804
0.000108959,8.607e-05,0.00013423,0.000108885,0.00011147
0.000110296,9.18e-05,0.00014741,0.00010373,0.00010807
0.000101425,8.339e-05,0.00013156,9.615e-05,8.804e-05
0.000106695,7.495e-05,0.00015203,0.000102205,0.00011533
0.000107001,8.14e-05,0.00013607,0.00010778,0.00010884
0.000110141,7.525e-05,0.00013632,0.000115575,0.00013632
0.000101906,9.137e-05,0.00011389,0.00010199,9.137e-05
0.0001079,7.224e-05,0.00014706,0.000104175,9.358e-05
0.000105055,9.083e-05,0.00011908,0.000104275,0.00011753
0.000108901,7.951e-05,0.00013087,0.000115445,0.00011032
0.000125343,0.00010175,0.00016321,0.00011961,0.00016321
0.000106949,8.348e-05,0.00012707,0.000110155,0.00010671
0.000111455,8.291e-05,0.00015691,0.000111055,8.796e-05
0.00010515,7.833e-05,0.00013163,0.00010689,0.00010899
0.000104631,8.359e-05,0.00013519,9.9885e-05,8.359e-05
0.000108818,8.596e-05,0.0001409,0.00010498,0.00010666
0.000101183,7.81e-05,0.00012028,0.00010311,0.00012028
0.000103102,9.047e-05,0.00011507,0.00010315,9.787e-05
9.6141e-05,6.794e-05,0.00012653,9.521e-05,9.096e-05
0.000117054,9.984e-05,0.00013991,0.00011624,0.00012717
0.000105141,7.283e-05,0.00013481,0.00010649,0.00010644
0.000130021,0.00011101,0.00016313,0.00012938,0.00016313
0.000105247,8.275e-05,0.0001288,0.00010406,9.972e-05
9.9378e-05,8.229e-05,0.0001139,0.00010005,9.185e-05
9.6276e-05,8.702e-05,0.00010919,9.6005e-05,9.799e-05
0.000108095,7.323e-05,0.00014192,0.000109945,0.00011212
0.000113594,9.772e-05,0.00013392,0.000110085,0.00012387
0.000104307,8.72e-05,0.00013675,9.836e-05,0.00010878
0.00010055,8.651e-05,0.00011738,9.861e-05,8.651e-05
0.000104584,8.613e-05,0.00012945,0.00010337,0.00012945
0.000111516,8.859e-05,0.00012519,0.00011431,0.0001079
0.00011461,9.398e-05,0.00015025,0.000105655,0.00015025
0.000105225,9.052e-05,0.00012592,0.00010413,0.00010046
0.00010658,7.766e-05,0.00012832,0.00011086,0.00012832
0.00010927,0.00010007,0.00012461,0.000106675,0.00010053
0.000108989,8.371e-05,0.0001401,0.00011012,0.00012529
0.000115071,0.00010018,0.00014933,0.00010751,0.00010884
0.000104045,7.911e-05,0.00013724,0.000103265,0.00011483
0.000120466,9.203e-05,0.00014527,0.000121825,0.00011435
0.000106313,8.47e-05,0.00013548,0.000104135,0.00012426
0.000115643,9.098e-05,0.00013685,0.000117965,0.00011221
0.000108959,9.651e-05,0.00013297,0.000103395,0.00013297
0.000110055,8.925e-05,0.00014663,0.000106575,0.00010839
0.0001174,9.627e-05,0.00014881,0.00011608,0.00014881
0.000102586,8.318e-05,0.0001195,0.0001018,9.958e-05
0.000108515,8.508e-05,0.00013063,0.000108085,0.00013063
0.000110781,8.733e-05,0.00013497,0.00010865,0.00010581
0.00011241,9.063e-05,0.00014635,0.000107995,9.063e-05
9.9271e-05,7.87e-05,0.00012213,9.885e-05,0.00010461
0.000102199,8.515e-05,0.00011718,0.00010455,0.00010946
0.000109855,9.679e-05,0.00012926,0.000110675,0.00010898
0.000102642,8.453e-05,0.00013166,9.9385e-05,8.453e-05
0.000116708,8.767e-05,0.00015885,0.000114785,0.00011256
0.000110927,7.609e-05,0.00014535,0.0001116,0.00012418
0.000121689,9.43e-05,0.00016259,0.000117515,0.00011681
0.000102314,7.217e-05,0.00013665,0.00010088,8.69e-05
0.000111276,9.459e-05,0.00012343,0.00011171,0.00010638
0.000114864,9.826e-05,0.00013976,0.00011397,0.00013976
0.000112134,8.465e-05,0.00013792,0.00011144,0.00011294
0.00010641,9.318e-05,0.00013209,0.000100925,0.00013209
0.000124584,0.00010523,0.00015451,0.00012046,0.00011637
0.000117924,9.753e-05,0.00014722,0.00011195,0.00014722
0.000114926,9.015e-05,0.00014659,0.000114065,0.00011647
0.000110285,9.103e-05,0.0001298,0.00011028,0.0001298
0.000103441,9.005e-05,0.0001332,9.7145e-05,9.806e-05
0.000113968,9.141e-05,0.00014235,0.00011332,0.00014235
0.00010319,8.597e-05,0.00012758,0.00010233,0.00010065
0.000111285,8.9e-05,0.00013663,0.000111295,0.00013663
0.000112229,9.373e-05,0.0001392,0.00010852,0.00013083
0.000113403,9.564e-05,0.00014994,0.000105825,0.00014994
9.9486e-05,9.047e-05,0.00010617,9.989e-05,9.786e-05
0.000112225,9.598e-05,0.00012875,0.00011145,0.00010627
0.000103862,8.978e-05,0.00011905,0.000102345,8.978e-05
0.000104417,9.044e-05,0.0001293,0.000102635,0.0001293
0.000105967,8.606e-05,0.000133,0.000103805,9.891e-05
0.000107423,8.689e-05,0.00012939,0.0001076,0.00012939
0.000110792,8.556e-05,0.00015151,0.00010985,0.00011088
0.000100791,8.07e-05,0.00012641,9.9905e-05,8.07e-05
0.000101439,7.182e-05,0.00012164,0.000104165,0.00012036
0.000102826,8.33e-05,0.00012025,0.000102655,9.724e-05
0.000109368,7.683e-05,0.00013688,0.00010901,0.00013607
0.000106048,8.84e-05,0.00011932,0.000104385,9.9e-05
0.000112699,8.007e-05,0.00015422,0.000107025,0.00015422
0.000110517,9.615e-05,0.00012548,0.00011213,0.00012548
9.632e-05,8.441e-05,0.00011303,9.585e-05,0.00011303
0.000108882,8.948e-05,0.00012887,0.000104495,0.00010224
0.000105277,8.685e-05,0.00011615,0.000108485,0.00011615
0.000113632,8.163e-05,0.00015005,0.000110165,0.00010677
0.000109307,8.766e-05,0.00013101,0.00010832,0.00013101
0.000113384,8.956e-05,0.00012495,0.00011573,0.00011784
0.000105493,9.093e-05,0.00012155,0.00010584,0.00010134
0.000112763,0.00010165,0.00013226,0.000108385,0.00013226
0.000109602,9.269e-05,0.00014081,0.000105425,0.00014081
0.000110342,9.144e-05,0.00013208,0.000109795,0.00010991
0.00011271,9.072e-05,0.0001375,0.00011614,0.0001375
0.000104131,8.512e-05,0.00013306,0.000103755,0.00010602
0.000126101,0.00010657,0.00017009,0.00011569,0.00017009
0.000112816,9.213e-05,0.00013996,0.000109155,0.00010816
0.000102771,9.444e-05,0.00011294,0.00010322,0.00010959
9.9216e-05,8.574e-05,0.00011978,9.544e-05,9.735e-05
0.000120048,0.00010116,0.00016051,0.0001128,0.00010754
0.000102974,8.681e-05,0.00013405,9.693e-05,0.0001008
0.000107542,7.821e-05,0.00012981,0.00010965,0.00010578
0.000113135,9.234e-05,0.00015118,0.00010712,0.00015118
0.000113071,0.00010158,0.00014459,0.00010527,0.00010369
0.000100898,8.297e-05,0.00012577,9.62e-05,0.00012577
0.000115491,8.432e-05,0.00014423,0.000111325,0.00010092
0.000106965,9.789e-05,0.00012039,0.00010357,0.0001166
0.000102679,8.256e-05,0.00013622,9.509e-05,8.764e-05
0.000108593,9.693e-05,0.00012422,0.000108305,0.00010315
0.000109351,7.316e-05,0.00014259,0.000109675,0.0001208
0.00011411,6.95e-05,0.00015419,0.00011797,0.00011976
0.000113196,8.795e-05,0.00014688,0.000110765,0.00012186
0.000100461,7.427e-05,0.00012098,0.000102165,9.578e-05
0.000115264,9.354e-05,0.00014981,0.000112205,0.00014981
0.000104672,8.875e-05,0.00012662,0.000102605,0.00010197
0.000125081,0.00010248,0.00016934,0.000115275,0.00016934
0.000107808,8.966e-05,0.00012494,0.000109225,0.0001118
0.000110212,9.28e-05,0.00012736,0.00010833,0.00012736
9.6846e-05,8.29e-05,0.0001277,8.877e-05,8.691e-05
0.00010874,9.331e-05,0.00012023,0.00010905,0.00012023
0.000102105,8.835e-05,0.00011838,0.00010241,0.00010894
0.000115601,8.951e-05,0.00014324,0.000117715,0.00014324
0.000104746,9.335e-05,0.00012223,0.000102435,9.683e-05
0.000113799,8.644e-05,0.00014167,0.000110795,0.00012924
0.00010698,8.339e-05,0.00014447,0.0001024,0.00010512
0.000116399,9.499e-05,0.00014303,0.0001146,0.00011989
0.000106746,9.199e-05,0.00012128,0.000104005,9.996e-05
0.000124681,0.00010905,0.00015015,0.000121425,0.00015015
0.000120199,9.712e-05,0.00015411,0.00011558,0.00011986
9.4753e-05,8.175e-05,0.00010725,9.907e-05,0.00010236
0.000113151,0.00010156,0.00012641,0.000110935,0.000124
0.000105282,8.892e-05,0.00012788,0.00010369,0.00010239
0.000110282,9.665e-05,0.00012589,0.00011003,0.000116
0.000103681,8.345e-05,0.00013117,9.6945e-05,0.00010254
0.000103177,7.616e-05,0.00013648,0.000106285,8.212e-05
0.000108328,7.976e-05,0.00014039,0.00010574,0.00010672
9.9895e-05,7.594e-05,0.00012957,9.8965e-05,0.00010527
9.7856e-05,8.229e-05,0.00011984,9.5555e-05,9.841e-05
0.000108722,7.538e-05,0.00014428,0.00010796,0.00012144
0.000113636,9.826e-05,0.00014515,0.00010864,0.0001069
9.9416e-05,7.908e-05,0.00012965,9.4935e-05,9.063e-05
0.00011876,9.765e-05,0.00014853,0.00011598,0.00011278
0.000109959,8.295e-05,0.00013794,0.00011051,0.00012722
0.000101099,8.445e-05,0.00012163,0.000100285,0.00010392
0.000108041,8.239e-05,0.00014408,0.0001029,0.00010517
0.000102109,7.393e-05,0.0001225,0.00010475,0.0001032
0.000107069,8.668e-05,0.00013138,0.000102435,0.00013138
0.000102372,8.434e-05,0.00012424,0.000105765,0.00010124
0.000105675,8.458e-05,0.00012595,0.000103745,9.872e-05
0.000110149,9.793e-05,0.00012334,0.00010877,0.00010818
0.000116386,9.53e-05,0.00014474,0.000111715,0.00014474
0.00010667,8.933e-05,0.00013454,0.000104215,0.0001015
0.000124705,0.0001038,0.00015745,0.000122365,0.00015745
9.6065e-05,8.436e-05,0.00010617,9.476e-05,0.00010617
0.00010086,7.539e-05,0.00012139,0.00010319,9.869e-05
0.000108988,9.346e-05,0.00012392,0.000109935,0.00011098
0.000113237,9.532e-05,0.000139,0.000109505,0.00010953
0.000102202,9.472e-05,0.00011282,0.00010209,0.00010381
0.000110366,9.377e-05,0.00013667,0.00010852,0.00010826
0.00011348,9.529e-05,0.00013382,0.0001113,0.00010707
0.000108338,7.879e-05,0.00013496,0.000110545,0.00013496
0.000109381,8.854e-05,0.00012394,0.000110505,0.0001066
0.000111351,8.439e-05,0.00013915,0.00011183,0.00013284
0.000111039,9.815e-05,0.00012824,0.000110565,0.00010544
0.00010893,7.647e-05,0.00013933,0.000111565,0.00012468
0.000112735,8.278e-05,0.00014897,0.00011231,0.00010923
0.000105372,7.399e-05,0.00012947,0.00011156,0.00012947
0.000124619,0.00010277,0.00015732,0.000125885,0.00013359
0.000104536,8.591e-05,0.00012151,0.00010559,0.00012151
0.0001082,9.036e-05,0.0001306,0.00010457,0.0001273
0.000106844,8.895e-05,0.00013346,0.00010656,0.00013346
0.000111191,9.535e-05,0.00012749,0.000108955,0.00011068
0.000105205,9.432e-05,0.00013366,0.00010149,9.609e-05
0.000110644,7.763e-05,0.00013335,0.00011502,0.00013335
0.000109662,8.259e-05,0.00013673,0.00010488,0.00010633
0.000116949,9.64e-05,0.00015622,0.000110095,0.00015622
0.00011241,8.968e-05,0.00015455,0.000101085,9.306e-05
0.000104536,8.631e-05,0.00012151,0.000106285,9.048e-05
0.000111751,9.179e-05,0.00014071,0.00010786,0.00011007
0.000113406,8.702e-05,0.00015036,0.000107215,8.702e-05
0.00011231,8.034e-05,0.0001387,0.000115555,0.00011077
0.000115185,8.985e-05,0.00015183,0.00011153,8.985e-05
0.000100243,6.866e-05,0.00012013,0.00010563,0.00010624
0.000109655,9.701e-05,0.00012825,0.000108645,0.00011276
0.0001038,9.005e-05,0.00012122,0.00010346,0.00012122
0.000110615,8.978e-05,0.00012464,0.00011414,0.00011365
0.000113097,9.093e-05,0.00015106,0.00010883,0.00015106
0.000109724,9.294e-05,0.0001461,0.000101985,9.683e-05
0.000132865,0.00011715,0.00016285,0.00012654,0.00016285
0.000104928,8.254e-05,0.00013624,0.000104315,0.00010357
0.000110103,8.258e-05,0.00013548,0.000112265,0.00013548
0.000107615,9.778e-05,0.0001263,0.00010576,9.778e-05
0.000124285,0.00010802,0.00015421,0.000120405,0.00015421
0.00010724,8.535e-05,0.00014126,0.00010475,0.00010148
0.000112453,8.441e-05,0.0001297,0.00011556,0.0001297
0.00010351,8.759e-05,0.00012481,0.000101485,0.00010451
0.000108355,8.306e-05,0.00014897,0.000107105,0.00011103
0.000108856,8.753e-05,0.00013741,0.000106975,0.0001184
9.887e-05,7.021e-05,0.0001369,9.5565e-05,0.00010749
0.000116045,9.552e-05,0.00014329,0.000114135,0.00013009
0.000113064,0.00010157,0.00013628,0.00011062,0.00011182
0.000105865,9.257e-05,0.00011367,0.000107235,0.00011367
0.000112228,9.626e-05,0.00014171,0.000104175,0.00013008
0.000119229,0.00010095,0.00015527,0.000112715,0.00015527
0.000106781,8.599e-05,0.00012719,0.000108355,0.0001118
0.000103769,9.378e-05,0.00012934,0.000101205,0.00011103
0.000112254,7.807e-05,0.00013415,0.000115135,0.00013273
0.000109944,9.066e-05,0.00012667,0.000111255,0.00010332
0.000107947,8.54e-05,0.00014185,0.000101675,8.54e-05
0.000100632,8.288e-05,0.00011668,0.000101405,0.00010246
0.000110261,9.206e-05,0.00013428,0.00010656,0.00013428
0.000105824,8.468e-05,0.00012715,0.00010228,0.00010234
0.000105751,9.2e-05,0.00012472,0.000105955,9.2e-05
0.000100798,8.788e-05,0.00012161,9.863e-05,8.788e-05
0.00011577,9.659e-05,0.00014689,0.00011608,0.00011464
0.000111495,8.65e-05,0.00013955,0.000110845,0.00012014
0.00010202,7.641e-05,0.00014654,0.00010055,0.0001015
0.00011023,9.968e-05,0.00013121,0.000106235,0.00010108
0.000106218,9.084e-05,0.00012907,0.0001008,9.084e-05
0.000106647,9.013e-05,0.00012118,0.00010673,0.00012118
0.000107475,8.483e-05,0.00013482,0.000106755,9.534e-05
0.000110294,8.777e-05,0.00012219,0.000111235,0.00012219
0.000111621,8.771e-05,0.00013955,0.00011116,0.00010603
0.000105045,8.597e-05,0.00012337,0.00010821,0.00012337
0.000113741,8.941e-05,0.00013423,0.000116725,0.00011539
0.000116614,8.623e-05,0.00015867,0.000107775,0.00015867
0.000102141,8.317e-05,0.00012201,0.000104665,0.00010928
0.000111534,7.765e-05,0.00015096,0.000113465,0.00011243
0.00010395,8.731e-05,0.00013272,9.619e-05,0.00010807
9.9159e-05,6.813e-05,0.00012353,0.00010398,0.00012353
0.000110655,8.663e-05,0.00014427,0.00010727,0.0001112
0.000109169,8.879e-05,0.00014406,0.00010504,8.879e-05
0.000109088,8.812e-05,0.00014035,0.00010464,0.00010277
0.000121002,0.00010253,0.0001526,0.000117605,0.00010454
0.000115977,9.859e-05,0.00014926,0.000111,0.00010581
0.000113781,8.406e-05,0.00014129,0.00011568,0.00012799
0.000101769,7.732e-05,0.00012628,0.00010185,9.683e-05
0.000114697,8.88e-05,0.00016866,0.000103645,9.07e-05
0.000108241,9.352e-05,0.00012173,0.0001079,0.00010239
0.000111468,9e-05,0.00013272,0.000108855,0.00013238
0.000114531,9.555e-05,0.00014772,0.000110145,0.00011124
0.000116555,9.906e-05,0.00015192,0.000109185,0.00010793
9.6605e-05,8.059e-05,0.00011949,9.546e-05,9.035e-05
0.000118347,0.0001005,0.00013916,0.00012023,0.00013916
0.000142854,8.317e-05,0.00017242,0.000158035,9.758e-05
0.000106165,9.617e-05,0.00012246,0.000106345,0.00011111
0.000102292,7.817e-05,0.00013178,0.000101875,9.863e-05
0.000105145,9.272e-05,0.0001219,0.000103695,0.00010526
0.0001077,9.645e-05,0.00012712,0.0001043,0.00012712
0.0001108,8.657e-05,0.00013945,0.000109395,0.00011154
0.000112473,0.00010061,0.00013216,0.000106665,0.00013216
0.000101604,8.349e-05,0.00012724,9.9565e-05,0.00010023
0.000114354,0.00010136,0.0001386,0.0001117,0.0001386
9.8737e-05,8.413e-05,0.00012086,9.809e-05,9.498e-05
0.000120708,9.329e-05,0.00015874,0.000115755,0.00015874
9.8359e-05,8.842e-05,0.00010877,9.932e-05,0.00010245
0.000102804,7.791e-05,0.00013829,0.000101595,0.00010867
0.000104619,9.187e-05,0.00012758,0.0001,9.187e-05
0.000114034,9.382e-05,0.00013325,0.00011554,0.00011199
0.000112661,8.792e-05,0.00014126,0.00011026,0.00011897
0.0001028,8.499e-05,0.00012303,0.000102075,0.00010368
0.000112246,9.217e-05,0.00013189,0.0001117,0.0001215
0.000107511,7.679e-05,0.00013297,0.00010926,0.00011054
0.00011373,9.861e-05,0.00013183,0.00011312,0.00012767
0.000106524,7.611e-05,0.00012608,0.000112005,0.00010714
0.000124538,9.85e-05,0.00016669,0.000112235,0.00016669
9.9038e-05,8.502e-05,0.00011292,9.9405e-05,0.0001013
0.000110817,9.364e-05,0.00012575,0.000112435,9.364e-05
9.8111e-05,8.895e-05,0.00011459,9.7005e-05,0.00010321
0.000108089,8.982e-05,0.00012656,0.00010996,0.00012656
0.000101894,9.253e-05,0.00011902,0.000101265,0.00010366
0.000116407,0.00010079,0.00014254,0.00011184,0.00012063
0.000115647,8.821e-05,0.00015578,0.00010947,0.00010813
0.000110965,7.819e-05,0.00014019,0.000111585,0.00012472
0.000110524,8.512e-05,0.00015284,0.000106805,0.00011044
0.000101479,7.908e-05,0.0001289,9.7195e-05,9.276e-05
0.000116615,0.0001015,0.000154,0.000109545,0.00011036
0.000106037,8.114e-05,0.00013876,0.000102445,9.496e-05
0.000108091,9.894e-05,0.00012388,0.00010827,0.00011016
0.000109459,8.339e-05,0.00015462,0.000102445,8.339e-05
0.000101421,7.691e-05,0.00011959,0.000105355,0.00010398
0.000109119,9.31e-05,0.00012435,0.000109175,9.946e-05
0.000102238,7.402e-05,0.00012209,0.00010603,0.00010795
0.000119968,0.00010618,0.00013121,0.00012059,0.00012448
9.8979e-05,8.417e-05,0.00012801,9.45e-05,0.00012801
0.000124001,0.00010332,0.00016082,0.000119005,0.00013342
0.000102248,8.788e-05,0.00011466,0.000103405,0.00011301
0.000107029,7.629e-05,0.00013508,0.00010703,0.00010446
9.5232e-05,8.188e-05,0.00010547,9.756e-05,0.00010547
0.000112539,8.169e-05,0.00015833,0.000104895,9.86e-05
0.000100213,9.33e-05,0.00010718,0.000101045,0.00010498
9.9774e-05,7.623e-05,0.00012325,0.00010035,8.745e-05
0.000110581,9.389e-05,0.00012853,0.00011025,0.00012853
0.000105754,8.257e-05,0.00013218,0.00010289,0.00010212
0.000111176,9.485e-05,0.00014399,0.00010189,0.00014399
0.000108329,8.524e-05,0.00013942,0.00010487,0.00010612
0.000116926,9.531e-05,0.0001525,0.00011281,0.0001525
0.000105256,8.817e-05,0.00012619,0.00010906,0.00010594
0.000117387,8.901e-05,0.00015386,0.00011123,0.00015386
9.9643e-05,9.173e-05,0.00011833,9.5555e-05,9.628e-05
0.000108987,8.103e-05,0.00013271,0.00011098,9.913e-05
9.9279e-05,8.108e-05,0.00012594,9.604e-05,9.528e-05
0.000106085,7.36e-05,0.00012684,0.000111015,0.00012509
0.000107392,8.681e-05,0.00013234,0.00010711,0.0001003
0.000110351,7.44e-05,0.00014376,0.000112665,0.0001249
0.000115004,9.621e-05,0.00014466,0.000110715,0.00010701
0.000108771,7.697e-05,0.00013673,0.000108605,0.000121
0.000111554,0.00010206,0.00012776,0.000109805,0.00010977
0.00010407,7.667e-05,0.00013758,0.000102675,9.856e-05
0.00010872,9.586e-05,0.0001408,0.00010387,0.00010703
0.000108145,7.41e-05,0.00014833,0.00010387,9.597e-05
0.000108053,9.678e-05,0.00012356,0.00010568,0.00010585
0.000106598,8.978e-05,0.0001243,0.00010583,0.00012348
0.000103192,8.276e-05,0.00012269,0.000104955,0.00010534
0.00011266,9.681e-05,0.0001321,0.00010968,0.00012786
0.000107615,7.346e-05,0.00013585,0.000107705,0.00010714
0.00011171,9.673e-05,0.00013289,0.000111085,0.00012314
0.00010441,7.149e-05,0.00012989,0.0001082,0.00010857
0.000108194,8.825e-05,0.00013098,0.00010389,0.00013001
9.722e-05,8.589e-05,0.00011013,9.664e-05,9.612e-05
0.00010608,8.168e-05,0.00014589,0.000102865,0.00010955
0.000105748,8.592e-05,0.00013605,0.00010111,9.19e-05
0.000100064,7.628e-05,0.00012517,0.00010427,0.00010469
0.000109215,9.47e-05,0.00013977,0.000102955,0.00010048
0.000102711,7.62e-05,0.00012287,0.000105185,0.00011669
0.000111522,9.012e-05,0.00013286,0.000108995,0.0001037
0.000110388,7.773e-05,0.00013773,0.000114575,0.00012889
0.000118032,9.38e-05,0.00015322,0.00011228,0.00010784
0.000106192,8.004e-05,0.0001335,0.000105805,0.00010391
0.000113446,0.00010325,0.0001291,0.00011098,0.00011109
9.8893e-05,7.238e-05,0.00012982,9.644e-05,9.259e-05
0.00013788,0.00010047,0.00017834,0.00013741,0.00017834
9.9684e-05,8.678e-05,0.00011374,9.855e-05,9.73e-05
0.000107657,8.881e-05,0.00013044,0.00010824,0.00011988
0.00010902,8.858e-05,0.00014479,0.000101895,0.00010448
0.000112097,8.226e-05,0.00014029,0.00011201,0.00012556
0.00011531,9.357e-05,0.00014561,0.000110635,0.00010518
0.000109904,7.746e-05,0.00013666,0.000113,0.00012074
0.000116806,9.706e-05,0.00015625,0.000111585,0.00011301
0.000106035,7.773e-05,0.00013851,0.000102895,9.414e-05
0.000107359,9.241e-05,0.00013383,0.000106785,0.00010648
0.000105774,8.219e-05,0.00013755,0.0001023,9.074e-05
0.000102206,9.104e-05,0.00011465,0.000102835,0.00010746
0.000101598,7.288e-05,0.00014017,9.349e-05,8.938e-05
9.8047e-05,6.87e-05,0.00012337,0.000101,0.00010462
0.000110801,8.448e-05,0.00015425,0.00010237,8.448e-05
9.9766e-05,7.65e-05,0.0001305,9.9175e-05,0.00010749
0.000117925,9.41e-05,0.00015086,0.00011299,0.00012497
0.000103572,7.246e-05,0.00012718,0.00010719,0.00010915
0.00011474,9.947e-05,0.00013188,0.00011332,0.00013188
0.000106403,9.332e-05,0.00012018,0.000110175,0.00011002
0.000121811,8.926e-05,0.00016837,0.000112025,0.00016837
9.9971e-05,8.734e-05,0.00011317,9.8855e-05,0.00010265
0.000112779,9.408e-05,0.00014164,0.00010839,0.00011143
0.000111768,8.539e-05,0.00014821,0.00010661,0.00011391
0.000108586,9.223e-05,0.00013536,0.000106005,0.00010779
0.000109294,9.011e-05,0.00014297,0.00010454,0.00011526
0.000106285,7.842e-05,0.00013236,0.000105975,0.0001073
0.000114195,9.664e-05,0.00013332,0.000112725,0.00012827
0.000104491,7.436e-05,0.00012304,0.00011041,0.00010821
0.000125623,9.734e-05,0.00015989,0.00012337,0.00015989
0.000103967,8.931e-05,0.00012036,0.000104275,9.936e-05
0.000118918,8.861e-05,0.00015967,0.000112,0.00015967
9.9034e-05,8.834e-05,0.00011975,9.481e-05,9.711e-05
0.000112109,0.00010028,0.00013169,0.0001093,0.00010805
0.000102791,8.603e-05,0.00013757,9.7435e-05,8.669e-05
0.000110669,9.646e-05,0.00012427,0.000110305,0.00010734
0.000108176,8.489e-05,0.00013041,0.000108045,0.00010742
0.000111089,7.962e-05,0.00013958,0.00011163,0.00011
0.000117854,9.713e-05,0.00015551,0.000112715,0.00011264
0.000105405,7.478e-05,0.00013539,0.000106575,0.0001098
0.000117434,9.807e-05,0.00014549,0.00011462,0.00011655
0.000101944,7.469e-05,0.00013382,9.9205e-05,0.00011216
0.00010569,8.651e-05,0.00012047,0.000105595,8.651e-05
0.000100494,7.614e-05,0.0001419,9.3125e-05,0.00010431
0.000104412,8.208e-05,0.0001292,0.00010444,0.00012255
0.000110615,9.246e-05,0.00013789,0.000107055,0.00011802
0.000106791,7.899e-05,0.00013541,0.000108225,0.00011326
0.000115144,9.548e-05,0.00015065,0.00010996,9.548e-05
0.000107197,7.423e-05,0.0001343,0.000109375,0.00010605
0.000113025,9.951e-05,0.00013222,0.000108875,0.00013079
9.7918e-05,7.759e-05,0.00012344,9.802e-05,8.968e-05
0.000118209,9.407e-05,0.00016001,0.000109425,0.00016001
9.9823e-05,8.676e-05,0.00011725,9.5645e-05,0.00010926
9.6067e-05,7.842e-05,0.00011905,9.844e-05,8.811e-05
0.000104345,7.772e-05,0.00013545,0.00010138,0.00010727
0.000105078,8.762e-05,0.00011911,0.000106145,0.00011911
0.000109519,8.715e-05,0.00012827,0.000108815,0.0001022
0.000107533,7.384e-05,0.00013344,0.00011141,0.00012702
0.000113188,0.00010309,0.00012621,0.00011284,0.00011988
0.000102634,8.513e-05,0.00012656,0.000103005,0.00012656
0.000124656,0.00010214,0.00016293,0.00012039,0.0001284
0.000103459,8.584e-05,0.00012121,0.000105095,0.00012121
0.000118194,9.343e-05,0.00015748,0.0001125,9.641e-05
9.4291e-05,8.54e-05,0.00010788,9.327e-05,9.845e-05
0.000113241,9.927e-05,0.00012995,0.000112405,0.00011216
9.9779e-05,8.002e-05,0.00012585,9.8245e-05,0.00010487
0.000112868,8.485e-05,0.00015033,0.000111535,0.00011656
0.00010537,7.955e-05,0.0001413,0.000101445,0.00011315
0.000112529,8.538e-05,0.00013788,0.00011358,0.00010926
0.000149824,9.583e-05,0.00018876,0.000161785,0.00014876
0.000100688,7.366e-05,0.00013398,9.723e-05,8.827e-05
0.000116019,9.85e-05,0.0001562,0.00010888,0.00011377
0.000105732,7.732e-05,0.00014762,9.9815e-05,9.309e-05
0.00011074,9.705e-05,0.00013507,0.000110625,0.00011158
9.9871e-05,8.158e-05,0.0001296,9.566e-05,9.283e-05
0.000105977,9.8e-05,0.00012,0.00010623,0.00010643
0.00010066,8.15e-05,0.00013444,9.502e-05,8.15e-05
0.000102095,8.216e-05,0.00011806,0.000106335,0.00010472
0.000107031,8.918e-05,0.00013308,0.000108065,8.918e-05
0.000104509,8.072e-05,0.00013497,0.000101085,0.00011085
0.000114915,9.405e-05,0.0001363,0.00011366,0.00012728
0.000105266,7.304e-05,0.00013273,0.0001074,0.00010653
0.000108941,9.313e-05,0.00013624,0.000105615,9.313e-05
9.6638e-05,7.486e-05,0.00012315,9.582e-05,0.00010327
0.000107211,8.57e-05,0.00013899,0.000103945,8.57e-05
9.7684e-05,8.05e-05,0.00012464,9.365e-05,9.877e-05
0.000102425,7.84e-05,0.0001308,0.000102335,8.914e-05
0.000107702,8.781e-05,0.00013112,0.000103155,0.00010209
0.000102427,8.801e-05,0.00011684,0.000103295,0.00010897
0.000115048,9.011e-05,0.0001456,0.000111835,0.00010262
0.000109666,7.748e-05,0.00013967,0.00011049,0.00012304
0.000117756,0.00010265,0.00014641,0.00011209,0.00011084
0.00010597,7.536e-05,0.00013192,0.00010718,0.00011382
0.000110965,9.365e-05,0.00012943,0.000109695,0.00010707
0.000107411,7.64e-05,0.00014022,0.00010731,0.00011353
0.000111441,9.671e-05,0.0001255,0.000110765,0.00010913
0.00010482,8.226e-05,0.00013334,0.000103485,0.00011042
0.000117607,9.922e-05,0.00014375,0.00011408,0.00011624
0.000100621,8.16e-05,0.00013132,9.7185e-05,8.16e-05
0.000105477,7.302e-05,0.00012679,0.000113195,0.00011841
0.000127044,9.473e-05,0.0001991,0.000104085,0.00010356
0.000104208,9.295e-05,0.00012145,0.00010249,0.00010306
0.000110383,9.214e-05,0.00014103,0.0001063,0.00010677
0.000101093,7.348e-05,0.00013411,9.75e-05,9.147e-05
0.000118581,9.734e-05,0.00014593,0.00011415,0.00011216
0.000101346,7.627e-05,0.00013295,9.8745e-05,8.001e-05
0.000109494,9.309e-05,0.00012816,0.00010796,0.00010937
0.00010177,8.875e-05,0.00012031,0.000100545,0.00012031
0.000113676,9.025e-05,0.00014418,0.000108235,0.00011097
0.000107214,8.758e-05,0.00012662,0.00010621,0.00012662
0.000121353,9.021e-05,0.00016642,0.000109975,0.00010714
0.000110526,9.2e-05,0.00013289,0.000108945,0.00013289
0.000104706,9.165e-05,0.00012474,0.000103955,0.00010439
0.000119561,9.805e-05,0.0001549,0.00011811,0.0001549
0.000106431,8.815e-05,0.000126,0.00011172,0.00011091
0.000117459,9.219e-05,0.00015734,0.000112795,0.00015734
0.000100587,8.964e-05,0.00011659,9.729e-05,0.00010727
0.00010835,9.881e-05,0.00011627,0.00010995,0.00011057
0.00010234,8.352e-05,0.00011598,0.000102295,0.00010204
0.000108561,9.829e-05,0.00012277,0.000106925,0.00010611
0.000111007,8.676e-05,0.00013469,0.000109055,0.00012814
0.000133787,0.00010348,0.00016885,0.00013471,0.00015861
0.000108495,9.611e-05,0.00012582,0.00010755,0.0001198
0.000102406,8.621e-05,0.00012728,9.731e-05,0.00012728
0.000109074,9.126e-05,0.0001329,0.00010655,9.474e-05
0.000103999,9.133e-05,0.00012199,0.000103545,0.00012199
0.00012624,9.606e-05,0.00016227,0.000123535,0.00012476
9.4715e-05,8.145e-05,0.000103,9.62e-05,9.628e-05
0.000104275,9.248e-05,0.000124,0.000102645,9.56e-05
0.000102692,8.565e-05,0.00013525,9.7425e-05,0.00010443
0.000106796,8.605e-05,0.00012429,0.00010737,0.00012419
0.000104846,8.798e-05,0.00012975,0.000102185,0.0001012
0.000114444,8.084e-05,0.00014388,0.00011851,0.00013027
0.000114674,9.787e-05,0.00014394,0.00010885,0.00010793
0.000110937,7.7e-05,0.00013906,0.000112595,0.0001289
0.000114665,9.638e-05,0.00015616,0.00010714,0.00011016
0.000108736,7.279e-05,0.00014362,0.00010851,0.00011392
0.000111916,9.77e-05,0.00013388,0.000111045,0.00011417
0.000102713,8.17e-05,0.00013471,9.861e-05,9.443e-05
0.000140765,0.00010535,0.00018798,0.000138955,0.00015525
0.000109409,8.282e-05,0.00015411,0.00010386,8.282e-05
0.000101112,8.582e-05,0.00011797,0.000102135,0.00010364
0.000112501,8.896e-05,0.00014265,0.00011131,0.00011213
0.000101607,7.241e-05,0.00012711,0.00010468,0.00010763
0.000116989,9.415e-05,0.0001515,0.00011112,0.00012359
9.8974e-05,7.443e-05,0.00012484,9.8865e-05,0.00010834
0.000114686,9.59e-05,0.00013613,0.00011422,0.00013042
0.000104219,7.094e-05,0.00013253,0.000108335,0.00010814
0.000110699,9.642e-05,0.00012897,0.000110835,0.00012897
9.9274e-05,8.583e-05,0.00011212,9.8465e-05,9.839e-05
0.000108734,9.622e-05,0.00012778,0.00010717,0.00010782
0.000102031,9.283e-05,0.00011474,0.00010115,0.00011474
0.000108289,8.212e-05,0.00014402,0.00010314,9.689e-05
0.000102734,9.199e-05,0.00011689,0.000102635,0.00011689
0.000108604,8.08e-05,0.00013712,0.00010857,9.819e-05
0.000119469,9.671e-05,0.00015843,0.00011645,0.00015843
0.000105113,8.807e-05,0.00012439,0.00011061,0.00011097
0.000125141,0.00010171,0.00016162,0.000122775,0.00016162
0.000103062,9.261e-05,0.00011837,9.954e-05,0.00011196
0.00010208,8.348e-05,0.0001224,0.000104225,0.00011771
0.000102654,7.678e-05,0.00013378,9.973e-05,0.00010924
9.9438e-05,8.001e-05,0.00012386,9.6715e-05,8.967e-05
0.000103886,8.483e-05,0.00013593,9.903e-05,0.00010631
0.00010881,7.519e-05,0.00013381,0.00011275,0.00012648
0.000107661,8.752e-05,0.00014984,0.00010186,0.00010313
0.000111671,9.837e-05,0.00013778,0.0001073,0.00010568
0.000108859,8.954e-05,0.00013895,0.000105155,0.00010418
0.000107496,7.483e-05,0.00013541,0.00010966,0.00011866
0.000115109,9.733e-05,0.00015351,0.00010805,0.00010888
0.000105126,7.912e-05,0.00013972,0.00010138,8.905e-05
0.000109853,8.983e-05,0.00013676,0.000109665,0.00011265
9.5749e-05,6.986e-05,0.00012684,9.445e-05,9.143e-05
0.000110545,9.408e-05,0.00013918,0.00010575,0.00010697
0.000106984,8.287e-05,0.0001495,0.0001002,8.287e-05
0.000105011,9.19e-05,0.00012804,0.00010156,0.00010299
0.00011471,8.881e-05,0.00016054,0.00010837,0.00012654
0.000105317,7.165e-05,0.00013322,0.00010717,0.00010789
0.000113954,9.696e-05,0.00014334,0.000111445,9.696e-05
0.000103685,7.476e-05,0.00013385,0.00010501,0.0001074
0.000105415,8.191e-05,0.00012966,0.000103525,0.00012966
0.000102775,8.478e-05,0.00012084,0.000103495,0.0001073
0.000103309,9.117e-05,0.00011946,0.00010288,9.954e-05
9.9761e-05,8.104e-05,0.0001272,9.856e-05,0.00010254
0.000104711,7.825e-05,0.00012983,0.00010693,0.00012983
0.000104273,9.269e-05,0.00012266,0.000103655,0.00010293
0.000111776,7.907e-05,0.00014317,0.00011319,0.0001273
0.00011754,9.677e-05,0.00015031,0.000112435,0.00010519
0.00010261,7.835e-05,0.0001339,0.00010065,9.623e-05
0.000114685,0.00010253,0.00013865,0.000110345,0.00010871
9.9935e-05,7.401e-05,0.00014553,9.334e-05,8.452e-05
0.000118845,0.00010163,0.00014281,0.000112695,0.0001134
9.4028e-05,7.777e-05,0.00010789,9.3795e-05,0.00010149
0.000113141,9.009e-05,0.00014159,0.00011163,9.009e-05
0.000102054,8.472e-05,0.00013299,9.5595e-05,0.00010286
0.000107735,8.457e-05,0.00013254,0.000109155,0.00012561
0.000100911,7.97e-05,0.00013179,9.9195e-05,9.724e-05
0.000106224,8.317e-05,0.00012257,0.000109845,0.0001219
0.000112996,9.761e-05,0.0001284,0.00011121,0.0001284
0.000110621,9.052e-05,0.00013885,0.000110375,0.00011235
0.0001156,9.775e-05,0.00015225,0.000110605,0.00015225
0.000108184,8.469e-05,0.00013219,0.000110445,0.00010402
0.000118346,9.604e-05,0.00016204,0.00010644,0.00016204
0.000101675,8.802e-05,0.00012085,0.000101705,0.00010463
0.00010533,7.998e-05,0.00013105,0.000104275,0.00012612
0.000104705,8.968e-05,0.00013616,9.938e-05,0.00010965
0.000106959,8.789e-05,0.00012982,0.000103735,0.00011036
0.000111539,8.662e-05,0.00015265,0.000105955,8.662e-05
0.00010141,7.604e-05,0.00013004,0.00010196,0.00010378
0.000114369,9.292e-05,0.00015162,0.000106725,0.00012498
0.00010755,8.369e-05,0.00012938,0.000110435,0.00011364
0.000118488,0.00010257,0.00015522,0.000112705,0.00010891
0.000101389,7.692e-05,0.00013299,9.7305e-05,0.00010659
0.000110174,9.632e-05,0.00011852,0.00011079,0.00011852
0.000112184,9.572e-05,0.000139,0.000111875,0.000139
0.000120085,8.972e-05,0.00015757,0.00011718,0.00010888
0.00010527,9.741e-05,0.00011814,0.000101615,0.00011814
0.000110106,9.168e-05,0.00013752,0.000106995,0.00010813
0.000115379,9.707e-05,0.00013218,0.00011329,0.00013218
0.00011089,8.455e-05,0.00014626,0.000106115,0.00010325
0.00011916,9.28e-05,0.00015489,0.00011452,0.00015489
0.000105004,8.221e-05,0.00013208,0.00010204,9.968e-05
0.000119955,9.513e-05,0.0001582,0.00011582,0.0001582
0.000105825,8.968e-05,0.00013113,0.00010121,0.00011268
0.000112185,8.229e-05,0.00014469,0.000111705,0.00013633
9.4314e-05,7.535e-05,0.00011892,9.073e-05,9.049e-05
0.000106264,8.338e-05,0.00014577,0.000101795,0.0001117
0.000104256,7.685e-05,0.00015085,9.2375e-05,7.685e-05
0.000117141,8.83e-05,0.00014602,0.000118965,0.00011268
0.0001084,8.361e-05,0.00014742,0.000101755,8.361e-05
0.000117621,9.861e-05,0.00013905,0.00011622,0.00011849
0.000112952,8.64e-05,0.00015048,0.00010998,0.00012327
0.000104831,7.826e-05,0.00014465,0.000101275,0.00011244
0.000104534,8.997e-05,0.00012456,0.000104415,0.00010934
0.000102627,7.567e-05,0.00013541,9.909e-05,0.00010957
0.000101835,8.03e-05,0.0001257,0.00010308,9.94e-05
0.000103585,7.962e-05,0.00013953,9.8755e-05,9.595e-05
0.000109341,9.927e-05,0.0001226,0.00010868,0.00010979
0.000108864,8.559e-05,0.00013669,0.000109685,0.00010727
0.00010372,8.502e-05,0.00013126,9.7995e-05,0.00010649
0.000105066,8.626e-05,0.00013977,9.8155e-05,9.582e-05
0.000106109,7.822e-05,0.00012891,0.000107805,0.00010501
0.000108781,8.582e-05,0.00013274,0.000107425,0.00012917
0.00010535,7.769e-05,0.00012902,0.000107485,0.00010766
0.000111221,9.938e-05,0.0001243,0.00011219,0.0001209
0.000103516,7.728e-05,0.00013077,0.00010344,0.00010299
0.000109764,9.341e-05,0.00013246,0.000106215,0.00012946
0.000105084,9.057e-05,0.00012614,0.000101175,0.00012239
0.00011236,9.446e-05,0.00013722,0.00010913,0.00010719
0.000104467,8.967e-05,0.00013559,9.725e-05,8.967e-05
0.000104739,7.88e-05,0.00012727,0.000107565,0.00010726
0.000116753,9.252e-05,0.00014595,0.00011408,0.00012869
0.000104749,6.811e-05,0.00013398,0.000108195,0.00011003
0.000118575,8.643e-05,0.00014004,0.00011792,0.00014004
0.000108682,8.805e-05,0.00013316,0.000110735,0.00011023
0.000123065,9.657e-05,0.00015828,0.00012134,0.00015828
9.7133e-05,8.373e-05,0.00011581,9.59e-05,0.00010708
0.000114538,9.653e-05,0.0001387,0.00011267,0.00011248
0.000103315,7.411e-05,0.00013214,0.00010536,0.00010499
0.000108513,8.407e-05,0.00013147,0.00010994,0.00010745
0.000106435,9.02e-05,0.00012469,0.00010723,0.00010768
0.000105255,8.672e-05,0.00012525,0.000100925,0.00010984
0.000112565,8.709e-05,0.00014932,0.00010949,0.00012209
0.000102569,7.409e-05,0.00013315,0.000101965,0.00011304
0.000117189,9.379e-05,0.00015397,0.000110305,0.00012382
0.00010136,7.409e-05,0.00013692,9.9805e-05,0.00011098
0.000103979,9.498e-05,0.0001143,0.000102965,0.00010685
0.000102761,7.674e-05,0.00013738,9.8915e-05,0.00011
0.000102436,9.046e-05,0.00011808,0.00010193,0.00011808
0.000100994,9.103e-05,0.0001209,9.907e-05,9.209e-05
0.0001124,9.843e-05,0.00013835,0.000105395,0.0001044
0.000113039,8.578e-05,0.00014688,0.0001086,8.578e-05
0.000100789,7.421e-05,0.00013403,9.9715e-05,0.00011347
0.000119005,9.809e-05,0.00015274,0.00011258,0.00012437
0.00010259,7.638e-05,0.00012692,0.00010458,0.00010599
0.000121233,0.00010079,0.00015691,0.00011683,0.00012965
0.000101689,7.728e-05,0.00013327,9.9995e-05,0.00010977
0.000109557,9.523e-05,0.00012603,0.000110095,0.00012401
0.000100282,8.655e-05,0.00011732,9.806e-05,9.667e-05
0.000111055,8.88e-05,0.00015056,0.0001021,8.88e-05
0.000108395,9.815e-05,0.00013033,0.000102845,0.00010223
0.00010703,8.628e-05,0.00013242,0.00010961,0.00011057
0.000106794,9.315e-05,0.0001179,0.000108185,9.497e-05
0.000103449,8.271e-05,0.00012914,0.00010187,0.00012914
0.000113456,9.106e-05,0.00013299,0.00011406,0.00010341
0.000102201,7.923e-05,0.00012717,0.00010097,0.00012717
0.000118636,9.229e-05,0.00015626,0.000116845,0.00010003
0.000101056,8.086e-05,0.00012572,9.8125e-05,0.00010513
0.000111204,9.783e-05,0.00012671,0.00011123,0.00010939
0.000107086,9.041e-05,0.00013027,0.000104475,0.00011782
0.00011281,9.708e-05,0.00012898,0.000112205,0.00010578
0.000101584,8.246e-05,0.00012366,0.00010317,8.753e-05
0.000115047,9.359e-05,0.00014041,0.00011391,0.0001125
0.000112086,8.392e-05,0.00015574,0.00010407,8.392e-05
9.7631e-05,7.754e-05,0.00012464,9.759e-05,0.00010669
0.000115449,9.004e-05,0.00014532,0.000112545,0.00011028
0.000104515,8.096e-05,0.00013629,0.000102815,0.00010688
0.00011029,9.768e-05,0.00012422,0.000108515,0.00012121
0.000108963,7.695e-05,0.00013166,0.00011559,0.00011329
0.000107712,9.917e-05,0.0001248,0.00010647,0.00010864
9.885e-05,8.238e-05,0.00012352,9.551e-05,9.849e-05
0.00010566,8.361e-05,0.0001281,0.000104515,0.0001281
0.000111503,9.739e-05,0.0001484,0.00010627,0.00010806
0.000111009,8.137e-05,0.00014115,0.00011414,0.00012705
0.000110443,9.262e-05,0.00013974,0.000104925,0.00010241
0.000105461,7.741e-05,0.00013127,0.00010545,0.00011692
0.000117612,9.843e-05,0.00015127,0.000111235,0.00011301
0.000102369,7.7e-05,0.00013132,0.00010071,0.00010034
0.000114528,9.967e-05,0.00013552,0.000112985,0.00011196
0.00010179,7.345e-05,0.00014045,9.8265e-05,8.518e-05
0.00011009,9.63e-05,0.00013615,0.000105375,0.00010456
0.000103247,8.195e-05,0.00012471,0.000103435,0.00010451
0.000106162,9.75e-05,0.00012177,0.000105735,0.00010559
0.00010534,8.771e-05,0.0001325,0.000100905,8.771e-05
0.000112415,8.827e-05,0.0001368,0.000111175,0.00010609
0.00011642,9.438e-05,0.00014502,0.000112525,0.00012203
0.000109942,7.707e-05,0.00013733,0.000113025,0.00011776
0.00011407,9.528e-05,0.00013554,0.000112805,0.00012755
9.7369e-05,7.013e-05,0.00012083,9.9105e-05,0.00010557
0.000115788,0.00010113,0.00013838,0.000112305,0.00013838
9.6334e-05,8.736e-05,0.00011269,9.253e-05,0.00010349
0.000110171,0.00010413,0.00011778,0.000110105,0.00011079
0.000109005,8.961e-05,0.00014492,0.00010416,9.692e-05
0.000112809,8.928e-05,0.00013713,0.000112955,0.00011053
0.000105274,8.141e-05,0.0001421,0.000105165,0.00011325
0.000116948,9.281e-05,0.00015452,0.00011327,0.00010873
0.0001057,8.436e-05,0.00014657,9.855e-05,8.436e-05
0.000106805,7.179e-05,0.00013203,0.000111635,0.00011347
0.00011099,9.403e-05,0.00014249,0.0001066,0.0001059
0.000101734,7.525e-05,0.00013696,9.718e-05,0.00010653
0.000106142,9.505e-05,0.00012745,0.000104385,0.00010031
0.000106945,8.422e-05,0.00013588,0.00010244,0.00011046
0.000106031,9.399e-05,0.0001202,0.00010663,0.00010117
0.000105946,8.414e-05,0.00014782,9.788e-05,0.00010592
0.000102873,7.493e-05,0.00012766,0.00010696,0.00011192
0.000112704,8.441e-05,0.00015653,0.000104035,0.00010436
0.000101261,7.2e-05,0.00012971,0.000102615,0.00010143
0.000116235,9.272e-05,0.00014852,0.000109475,0.00010782
0.000108602,7.346e-05,0.0001385,0.00011084,0.00012712
0.000114107,9.787e-05,0.00013881,0.00010982,0.00010652
0.000107486,7.283e-05,0.00013632,0.00010992,0.00011886
0.000109737,9.808e-05,0.00013472,0.00010667,0.00011016
0.000103226,7.82e-05,0.00013531,0.000103585,0.00010221
0.000111566,9.534e-05,0.00013788,0.00010442,9.923e-05
0.000109386,9.431e-05,0.00012798,0.00010699,0.00012798
0.00011014,9.164e-05,0.00013203,0.000108495,0.00010716
0.000115759,9.795e-05,0.00014454,0.00011261,0.00014454
0.000105704,8.792e-05,0.00013158,0.000101005,0.0001012
0.000107539,9.605e-05,0.00013066,0.0001017,0.00013066
0.000108392,9.136e-05,0.00013454,0.00011113,0.00011126
0.00011671,8.99e-05,0.00015624,0.000112945,0.00015624
0.000102814,9.234e-05,0.00012144,9.723e-05,0.00011008
0.000107056,9.148e-05,0.00012337,0.00010648,9.148e-05
0.000102175,7.49e-05,0.00013771,9.748e-05,0.00010967
0.000111976,7.654e-05,0.00013927,0.00011223,0.00013927
0.000100616,8.274e-05,0.00012346,9.9315e-05,0.00010706
0.000107545,8.297e-05,0.000132,0.00010766,0.00010255
0.000104815,8.298e-05,0.00014388,9.573e-05,8.298e-05
0.000107321,7.555e-05,0.00013737,0.000108435,0.00011024
0.00011191,9.279e-05,0.00014052,0.000108195,0.00011515
0.000109937,7.997e-05,0.00013433,0.00011324,0.00011392
0.000110292,0.00010025,0.00012899,0.000108845,0.0001059
9.9161e-05,7.806e-05,0.00012481,9.7335e-05,0.00010537
0.000116625,9.594e-05,0.00014917,0.00011331,0.00012327
0.000104991,8.449e-05,0.00014466,9.5825e-05,0.00010894
0.00010581,9.287e-05,0.00011696,0.00010515,0.0001052
0.000111219,9.682e-05,0.00014244,0.00010553,0.00011886
0.00010929,8.653e-05,0.00014795,0.00010158,0.00012098
0.000110089,8.63e-05,0.00014626,0.000104435,0.00011017
0.000108283,7.739e-05,0.00014095,0.000109,0.00011034
0.000112885,9.368e-05,0.00014462,0.000108055,0.00011975
0.000106679,7.625e-05,0.00013824,0.00010798,0.00011129
0.000108672,0.00010391,0.00011501,0.00010902,0.00011097
9.4988e-05,7.486e-05,0.00012105,9.233e-05,9.964e-05
0.00010892,8.974e-05,0.00013278,0.000105045,0.00012889
9.9512e-05,8.632e-05,0.00012173,9.628e-05,0.00010735
0.000110044,9.856e-05,0.00012667,0.0001071,0.00010139
0.000109046,9.58e-05,0.00013523,0.00010449,0.00010002
0.000105584,7.49e-05,0.00012354,0.00011028,0.00012229
0.000125564,0.00010353,0.00016023,0.000118695,0.00012082
0.000106759,7.941e-05,0.00013973,0.00010319,0.00013973
0.000113114,9.439e-05,0.00013486,0.000111505,0.00011274
0.000100146,8.048e-05,0.00011267,0.00010203,0.00011267
0.000122963,0.0001013,0.00015955,0.00011799,0.0001265
9.8495e-05,7.555e-05,0.00011983,9.536e-05,0.00011983
0.000124398,9.698e-05,0.00016065,0.000119155,0.00012113
9.7299e-05,8.324e-05,0.00012413,9.431e-05,0.00012413
0.000110495,8.807e-05,0.00012959,0.00010969,0.00011767
0.000103631,9.081e-05,0.00012666,9.89e-05,0.00011355
0.000109224,8.581e-05,0.00013428,0.00010849,0.00010869
0.000111613,8.423e-05,0.00014618,0.00011022,0.00011433
0.00011186,7.512e-05,0.00013655,0.000116825,0.00011076
0.000114805,9.398e-05,0.00014553,0.00011065,0.00012293
0.000103061,7.201e-05,0.0001375,0.00010189,0.00011242
0.000105121,8.47e-05,0.00014279,0.000104085,8.554e-05
0.000100418,7.35e-05,0.00013212,9.708e-05,0.00010747
0.00010713,9.667e-05,0.00012638,0.000105715,0.00012638
9.803e-05,8.122e-05,0.00011441,9.6505e-05,0.00011051
0.000104644,7.314e-05,0.00012643,0.00010892,0.00012519
0.000105908,8.891e-05,0.00012319,0.000106245,9.609e-05
0.000105315,9.108e-05,0.00011959,0.000103095,0.00011945
0.00010701,9.247e-05,0.0001309,0.00010701,9.432e-05
0.000111575,9.269e-05,0.00014323,0.000107205,0.00011317
0.00011111,9.334e-05,0.00012977,0.000111715,0.00010219
0.000103247,8.412e-05,0.00014228,9.666e-05,0.00014228
0.000121722,9.205e-05,0.00016091,0.00011845,0.00012035
9.8061e-05,8.46e-05,0.00011537,9.5595e-05,9.693e-05
0.000110355,8.934e-05,0.00014617,0.00010186,8.934e-05
0.000102224,8.358e-05,0.00012807,9.9235e-05,9.661e-05
0.000102596,7.328e-05,0.00012194,0.000106135,0.00011876
0.000111601,9.353e-05,0.00012627,0.000112245,0.00010275
0.000108294,8.081e-05,0.00013669,0.00011125,0.00012494
0.000111606,9.599e-05,0.00014521,0.0001036,0.00010093
0.000109948,9.223e-05,0.00012779,0.00010993,0.00012779
0.000130179,0.00010379,0.0001658,0.00012567,0.00012198
0.000106499,8.161e-05,0.00012149,0.000107485,0.00010612
0.000113159,9.418e-05,0.00012503,0.00011469,0.00010187
9.5636e-05,8.552e-05,0.00011234,9.2355e-05,9.652e-05
0.000104131,7.706e-05,0.0001361,0.00010447,0.00010953
0.00010186,7.697e-05,0.00013732,9.847e-05,0.00010533
0.000114127,0.00010221,0.00013085,0.00011235,0.00012361
0.00010621,9.109e-05,0.00013849,9.7145e-05,0.00010931
0.000111141,8.811e-05,0.00013699,0.000109385,0.00011791
0.000108184,8.935e-05,0.00012531,0.00010665,0.00010106
0.000107491,9.742e-05,0.00013169,0.00010133,0.00010105
0.000116652,9.5e-05,0.00014256,0.000115765,0.00011564
0.000105616,8.606e-05,0.00014179,9.693e-05,8.606e-05
0.00011387,9.75e-05,0.00013877,0.000112365,0.00011378
0.00010612,7.721e-05,0.00014555,0.000101615,9.337e-05
0.000107855,9.674e-05,0.00012782,0.000105805,0.00011584
0.000111474,0.00010073,0.00013368,0.00010808,0.00010731
0.000109581,9.039e-05,0.00013998,0.000105885,0.00010845
0.000113462,9.196e-05,0.00014184,0.00011119,9.579e-05
9.8081e-05,7.569e-05,0.00012564,9.763e-05,8.464e-05
0.000112646,8.942e-05,0.00015891,0.000106705,0.00011149
0.000108635,8.584e-05,0.00014936,0.0001023,8.584e-05
0.000111534,9.543e-05,0.00012922,0.00011026,0.00010196
0.000103826,8.909e-05,0.00012143,0.000103735,0.00010712
0.000114183,0.00010051,0.00012834,0.00011382,0.00012741
0.000103229,8.524e-05,0.00012536,0.00010362,9.168e-05
0.000110336,8.101e-05,0.00015416,0.00010651,0.00010943
0.000117255,0.00010028,0.0001324,0.00011826,0.00010541
0.000104295,8.079e-05,0.00012557,0.00010488,0.00010028
0.000109325,9.32e-05,0.0001382,0.00010792,0.0001382
0.000102494,8.538e-05,0.00013147,9.8855e-05,9.615e-05
0.000109975,8.308e-05,0.00013648,0.00011079,0.00013648
0.000102244,8.534e-05,0.00013609,9.737e-05,9.558e-05
0.000124669,0.00010601,0.00015595,0.00012268,0.00015595
0.000103255,8.374e-05,0.00012906,9.9275e-05,0.00011301
0.000109125,7.558e-05,0.00013579,0.000108075,0.00013579
9.6764e-05,8.053e-05,0.00010824,9.75e-05,9.494e-05
0.000105094,8.501e-05,0.00012503,0.000107185,0.00011989
0.000103146,8.561e-05,0.0001345,9.9635e-05,8.561e-05
0.000112948,9.849e-05,0.00014245,0.00010592,0.00011194
0.0001088,8.796e-05,0.00014637,0.00010018,9.873e-05
0.00011973,9.91e-05,0.00014249,0.000120185,0.00010725
0.000107244,9.486e-05,0.00013205,0.00010213,0.00013205
0.000109928,8.761e-05,0.00014121,0.000110525,0.00010652
0.000106915,8.261e-05,0.00012337,0.00010652,0.00012337
0.000108046,8.878e-05,0.0001282,0.00010597,0.00010128
0.000108575,8.72e-05,0.00014765,0.0001002,0.00014765
9.9554e-05,8.083e-05,0.00012343,9.7315e-05,9.381e-05
0.000104899,7.486e-05,0.00013576,0.000105195,0.00011071
0.000113242,9.129e-05,0.0001466,0.000108515,0.0001113
0.000102409,8.399e-05,0.00012258,0.00010164,9.986e-05
0.000111604,9.319e-05,0.00013594,0.00011369,0.00013594
0.00010091,8.986e-05,0.00012062,9.737e-05,9.279e-05
0.000124299,0.00010444,0.00016088,0.00012,0.00016088
0.000107234,8.855e-05,0.00013198,0.000107725,0.0001078
0.000112559,0.00010118,0.00013566,0.00010925,0.00013566
0.00010925,9.782e-05,0.0001334,0.000104635,0.0001334
0.000128686,0.00010866,0.000157,0.00012314,0.00014669
0.000123621,0.00010271,0.00016011,0.00012181,0.00016011
0.000106009,8.487e-05,0.00012631,0.000107695,0.00010829
0.000111961,8.52e-05,0.00013374,0.00011233,0.0001177
0.000108597,7.351e-05,0.00013995,0.000111765,0.00010916
0.000111809,9.814e-05,0.00013166,0.00010893,0.0001008
0.000112946,7.337e-05,0.0001416,0.00011784,0.0001106
0.000109921,9.194e-05,0.00013888,0.000106465,0.00013888
0.000105133,8.999e-05,0.00012941,0.000102215,0.0001006
0.00011606,9.531e-05,0.00015739,0.000107475,0.00015739
9.9826e-05,8.409e-05,0.00012671,9.654e-05,9.468e-05
0.000112861,8.086e-05,0.00013503,0.00011638,0.000111
0.00010771,8.322e-05,0.000142,0.00010307,9.942e-05
0.000109548,9.354e-05,0.00012085,0.00011373,0.00011344
0.000104299,8.934e-05,0.00011891,0.000104365,0.00011891
0.000114856,8.969e-05,0.00013306,0.000115085,0.00011167
0.000114774,9.877e-05,0.00013394,0.000112255,0.00013394
0.000106731,9.381e-05,0.0001276,0.00010568,0.00010272
0.000116421,8.871e-05,0.00015388,0.00011269,0.00015388
0.000103129,8.93e-05,0.00011869,0.0001041,0.00010298
0.000106998,9.322e-05,0.00012253,0.00010577,0.00012253
0.000101949,7.684e-05,0.00012533,0.000102205,9.34e-05
0.00011124,8.804e-05,0.00014506,0.00010715,9.575e-05
0.000106415,8.97e-05,0.00012454,0.000106865,9.549e-05
0.000104849,7.502e-05,0.00013702,0.00010137,9.648e-05
0.000114491,9.843e-05,0.00013387,0.00011575,0.00013387
0.000105859,8.868e-05,0.00012413,0.0001076,0.00010803
0.00011488,9.233e-05,0.00014657,0.000108295,0.00014657
0.000105051,8.664e-05,0.00012698,0.000108425,0.00011604
0.000117249,9.637e-05,0.00015758,0.000107995,0.00015758
0.000111326,9.812e-05,0.00013189,0.000108315,0.00012487
0.00011663,9.85e-05,0.00013722,0.000115315,0.00010806
0.000104914,8.484e-05,0.00013121,0.000101705,0.00010152
0.000114226,9.827e-05,0.00013804,0.000109825,0.00010729
0.000102139,8.237e-05,0.00014041,9.4785e-05,8.237e-05
0.000105255,8.111e-05,0.00014093,0.000102725,0.00011055
0.000114311,9.412e-05,0.00013778,0.0001097,0.0001212
0.000109975,7.599e-05,0.00013724,0.000112465,0.00011164
0.000113973,9.976e-05,0.00013785,0.000111825,0.00012471
0.000107279,7.519e-05,0.0001317,0.000109685,0.00010968
0.000109801,9.381e-05,0.00012665,0.000111175,0.00011239
0.000110654,7.83e-05,0.0001393,0.000110965,0.00011069
0.000117425,9.017e-05,0.00014443,0.000120825,0.00014443
0.000104001,8.413e-05,0.00011661,0.000107595,9.566e-05
0.000107764,8.652e-05,0.00012542,0.00011166,0.0001251
0.000109865,9.695e-05,0.00013543,0.00010597,0.00010711
0.000101185,8.313e-05,0.00012579,0.000101795,8.427e-05
0.00011961,9.794e-05,0.00015165,0.00011448,0.00011157
0.00010054,8.55e-05,0.00012252,9.6515e-05,8.953e-05
0.000116968,9.922e-05,0.00015333,0.00010913,0.00010479
0.000109509,8.578e-05,0.00014537,0.000103875,8.578e-05
0.000108761,9.569e-05,0.00012617,0.000105225,0.00012469
0.000104309,8.974e-05,0.0001224,0.000105125,0.00010495
0.000105919,8.649e-05,0.00012788,0.000103535,0.0001242
0.000102105,8.942e-05,0.00013026,9.539e-05,9.571e-05
0.000109555,7.817e-05,0.00013905,0.000113595,0.00011084
0.00011874,9.789e-05,0.00015437,0.000112675,9.789e-05
0.000101561,7.966e-05,0.00013219,0.000100525,0.00010449
0.000109843,8.949e-05,0.00012812,0.00010909,0.00012812
0.000107026,9.154e-05,0.00012275,0.000107855,0.0001098
0.000126309,0.00010523,0.00016278,0.00012303,0.00016278
0.000108032,9.529e-05,0.00013241,0.000104215,0.00010154
0.000114464,9.166e-05,0.00015072,0.000109355,0.00015072
9.9331e-05,8.878e-05,0.00012298,9.5975e-05,9.853e-05
0.000116439,9.974e-05,0.0001516,0.000108415,0.00011121
0.0001015,8.368e-05,0.00012421,9.761e-05,0.00010772
0.000105268,7.75e-05,0.00012734,0.000109315,0.00012734
0.000106285,9.062e-05,0.00012672,0.00010555,0.00012672
0.000108786,8.96e-05,0.00014595,0.00010052,9.247e-05
0.000108646,8.806e-05,0.00012614,0.00010877,0.00011135
0.000108394,7.17e-05,0.00014327,0.000111755,0.00011335
0.00011345,0.00010149,0.00013337,0.00011218,0.00013337
0.000103939,9.15e-05,0.00013223,9.6275e-05,0.00011261
0.00011276,9.058e-05,0.00013885,0.00010919,0.00013885
0.000101945,9.203e-05,0.00012063,9.9075e-05,0.00010148
0.000107846,9.191e-05,0.00014321,0.00010095,9.191e-05
0.000100444,7.991e-05,0.00013522,9.4485e-05,0.00010512
0.000109815,7.89e-05,0.00013321,0.000112215,0.00012967
0.000106155,9.025e-05,0.00013055,0.000102995,9.754e-05
0.000105901,8.411e-05,0.00012996,0.00010124,0.00012996
0.000107524,9.331e-05,0.00013153,0.000107775,0.0001152
0.000105519,8.783e-05,0.00012212,0.000102755,8.783e-05
0.000113294,8.929e-05,0.00014799,0.00010986,0.0001154
0.000103945,8.376e-05,0.0001359,0.00010114,8.798e-05
0.000106011,8.809e-05,0.00012937,0.000103395,9.908e-05
9.9404e-05,7.168e-05,0.00012966,0.000100885,9.913e-05
0.000114354,9.172e-05,0.00013952,0.00011318,0.00010676
0.000106103,9.641e-05,0.00012709,0.00010205,0.00012709
0.000108731,8.813e-05,0.00012267,0.00010941,0.00011561
0.000111295,9.522e-05,0.00013249,0.00011174,0.00012929
0.000106614,8.065e-05,0.00013191,0.000106325,9.755e-05
0.000115476,9.869e-05,0.0001481,0.000109485,0.0001481
0.000104637,8.685e-05,0.00012919,0.000105675,0.00010504
0.000107181,8.738e-05,0.00012777,0.00010626,0.00012777
9.9148e-05,8.62e-05,0.00012434,9.3295e-05,8.62e-05
0.000116514,0.00010735,0.00013895,0.00011406,0.00012008
0.000112599,0.00010065,0.00012878,0.00010983,0.00011749
0.00011031,9.182e-05,0.00014091,0.00010411,0.00010331
0.000104199,8.487e-05,0.00013727,9.9795e-05,8.761e-05
0.000106624,8.407e-05,0.00012558,0.00010785,0.00012015
0.00011476,9.399e-05,0.00014488,0.00010955,0.00011557
0.000108065,9.303e-05,0.00012858,0.00010775,0.00012858
0.00011565,8.628e-05,0.00015097,0.00011606,0.00012263
0.000106003,8.254e-05,0.00011712,0.000106425,0.0001149
0.00011941,9.28e-05,0.0001475,0.000121655,0.00011543
0.000107824,9.557e-05,0.00012336,0.000108005,9.557e-05
0.00010988,8.716e-05,0.00013055,0.000107935,0.00013055
0.000101099,9.525e-05,0.00011858,9.8965e-05,9.629e-05
0.000107351,8.463e-05,0.00012013,0.00010872,0.00011521
0.000103465,9.031e-05,0.00011312,0.000106085,0.00010225
0.000112463,8.841e-05,0.00014924,0.000106645,0.00014924
0.000100144,8.479e-05,0.00011402,0.000100165,9.555e-05
0.000114455,9.001e-05,0.00013836,0.00010931,0.00013347
0.000106723,8.705e-05,0.00013385,0.00010596,0.00010823
0.000104424,8.016e-05,0.00013689,0.000101005,9.598e-05
0.000107797,8.431e-05,0.00013156,0.0001076,0.00010399
0.000115149,8.824e-05,0.00015086,0.000117145,0.00013645
0.000105265,9.269e-05,0.00012019,0.000105175,0.00010661
0.000111183,8.548e-05,0.00015704,0.00010129,0.00011816
0.000105638,8.037e-05,0.00012664,0.000108395,0.00012206
0.000110833,9.004e-05,0.00013968,0.000109955,0.00010977
9.5299e-05,7.398e-05,0.00011543,9.8445e-05,8.372e-05
0.000111705,9.328e-05,0.00014886,0.00010691,0.00010369
0.000103275,7.044e-05,0.00014442,0.000101305,9.862e-05
0.000106842,7.108e-05,0.00013198,0.000111485,0.00010907
0.000105795,8.76e-05,0.00013044,0.000103245,0.00013044
0.000107951,9.569e-05,0.00013053,0.00010488,9.569e-05
0.000100723,9.709e-05,0.0001049,9.9735e-05,0.00010453
0.000108919,7.731e-05,0.00014899,0.00010588,0.00010397
0.000112701,9.674e-05,0.00014015,0.000106205,0.00014015
0.000110976,8.915e-05,0.00012417,0.000111045,0.00011257
0.00012952,0.00010378,0.00015979,0.000130545,0.00015979
0.000109501,8.919e-05,0.00013109,0.000111305,0.00011405
0.000115405,9.3e-05,0.00014158,0.000112635,9.3e-05
0.000110989,8.823e-05,0.00013705,0.000110865,0.00013705
0.000117006,9.373e-05,0.00015919,0.00011012,9.373e-05
0.000102459,8.111e-05,0.00011631,0.00010478,9.504e-05
0.000107003,8.925e-05,0.00012817,0.00010632,0.00010448
0.000107352,9.298e-05,0.00013889,0.000101475,9.298e-05
0.000118817,9.777e-05,0.00014906,0.00011241,0.00010665
0.00010115,7.565e-05,0.00014045,9.8335e-05,9.574e-05
0.000112269,8.286e-05,0.00014504,0.00011227,0.00010949
0.000111566,8.514e-05,0.00014863,0.000105705,8.514e-05
0.000121242,9.726e-05,0.00013505,0.00012276,0.00011185
0.000101136,8.45e-05,0.00011044,0.000102385,9.369e-05
9.435e-05,7.463e-05,0.00012413,9.1985e-05,9.022e-05
0.000110668,9.927e-05,0.00013749,0.000106485,0.00011423
0.000103884,7.827e-05,0.00013396,0.000102595,9.728e-05
0.000109706,8.799e-05,0.00013245,0.00011062,0.00011673
0.000104071,8.479e-05,0.00013428,0.000100105,9.499e-05
0.000112759,9.738e-05,0.00014521,0.00010759,0.00011155
0.000105863,8.258e-05,0.00013516,0.00010264,0.00010536
0.00010204,8.208e-05,0.00012815,9.9455e-05,0.0001065
0.000104254,8.029e-05,0.00014666,9.778e-05,8.029e-05
0.000102621,7.654e-05,0.00012092,0.00010489,9.72e-05
0.000106599,9.398e-05,0.00012256,0.000106345,9.398e-05
9.6574e-05,7.018e-05,0.00012702,9.5945e-05,0.00011049
0.000105632,9.763e-05,0.00012062,0.00010247,9.763e-05
0.000101189,6.97e-05,0.00013642,0.000100135,0.00011135
0.000112344,9.336e-05,0.00013275,0.000115545,0.00012718
0.00010476,7.947e-05,0.00014345,9.6955e-05,0.00010988
0.00010465,7.678e-05,0.00012702,0.000111355,0.00011975
0.000108539,9.083e-05,0.00012137,0.00010937,0.00010612
0.000115349,8.482e-05,0.00014924,0.000120315,0.00013235
0.000106646,7.909e-05,0.00014052,0.00010632,0.00010176
0.000105633,7.737e-05,0.0001406,0.00010605,0.00010796
0.000109485,8.561e-05,0.00014097,0.00010625,0.00011385
0.000107235,7.689e-05,0.00013172,0.00010892,0.00011689
0.000112504,9.97e-05,0.00013279,0.000112275,0.00011524
0.000100315,7.552e-05,0.00011684,0.00010068,9.506e-05
0.000109891,8.994e-05,0.00013114,0.00010793,8.994e-05
9.2356e-05,7.867e-05,0.00010459,9.1155e-05,9.613e-05
0.00010689,8.323e-05,0.00011776,0.00010859,0.00011776
0.00010554,9.24e-05,0.00012738,0.00010003,9.999e-05
0.000104815,8.127e-05,0.00014049,0.00010054,0.00014049
0.000105614,8.715e-05,0.00012775,0.000105345,0.00010967
0.00011161,8.417e-05,0.00013409,0.00011473,0.00012798
0.000121834,9.982e-05,0.00014872,0.00012216,0.00013104
0.000107201,8.059e-05,0.00013314,0.00011145,0.00013314
0.000116017,9.815e-05,0.00015094,0.000110085,0.0001044
0.000113601,9.084e-05,0.00013415,0.000113925,0.00013415
0.00011374,8.708e-05,0.0001506,0.00011234,9.192e-05
0.000101684,8.387e-05,0.00011112,0.00010428,9.572e-05
9.9805e-05,7.21e-05,0.00012817,9.794e-05,9.393e-05
0.000108677,8.409e-05,0.000142,0.000105725,0.00010127
9.8495e-05,7.278e-05,0.00013099,9.713e-05,8.443e-05
0.000108334,7.594e-05,0.00016359,0.000102105,0.00010862
0.00010216,7.119e-05,0.00014334,9.9225e-05,9.33e-05
0.000116104,9.668e-05,0.0001433,0.000113395,0.0001122
0.000100551,7.772e-05,0.00013152,9.777e-05,9.133e-05
0.00011714,9.416e-05,0.00015051,0.000115715,0.0001128
0.000105178,8.793e-05,0.00012895,0.000100475,8.793e-05
0.000111568,8.844e-05,0.00014808,0.00010886,0.00011337
0.000105069,8.622e-05,0.00013582,9.822e-05,8.622e-05
0.000108399,8.07e-05,0.00014575,0.00010785,0.00010902
0.00011179,8.754e-05,0.00012797,0.000112995,0.00010882
0.000103704,7.871e-05,0.00013038,0.00010132,9.108e-05
0.000115105,9.048e-05,0.00014934,0.000111905,0.00014934
0.00010574,8.727e-05,0.0001226,0.00011016,0.00010904
0.00010441,9.131e-05,0.00012762,9.9095e-05,0.00012376
0.000114799,8.003e-05,0.00014679,0.000115905,0.00011177
9.7612e-05,7.845e-05,0.0001229,9.5865e-05,8.747e-05
9.3613e-05,7.201e-05,0.00011794,9.595e-05,9.795e-05
0.000107043,9.21e-05,0.00013671,0.000101065,0.00011119
0.00011116,8.036e-05,0.0001587,0.0001031,8.036e-05
0.000107988,7.995e-05,0.00013183,0.000112525,0.00011368
0.000105944,9.028e-05,0.00012355,0.00010733,0.0001084
0.000105194,7.917e-05,0.00012435,0.00010981,0.00012435
0.000111759,8.706e-05,0.00014963,0.000107185,0.00012147
0.00010147,7.385e-05,0.00013838,9.6355e-05,8.416e-05
0.00010926,8.664e-05,0.00014174,0.000107075,0.0001135
0.000113297,8.285e-05,0.0001378,0.00011541,0.00012252
0.000111938,9.333e-05,0.00014853,0.00010725,0.0001126
0.000114234,7.762e-05,0.00015045,0.00011294,0.00012365
9.7598e-05,7.563e-05,0.00012536,9.8195e-05,0.00010299
0.000111681,9.131e-05,0.00015144,0.000106365,0.00010506
0.000101656,8.683e-05,0.00011496,0.000101865,0.00010118
0.00011367,8.484e-05,0.00014723,0.000115795,0.00013693
0.000104854,8.128e-05,0.00013458,0.000101325,0.00011029
0.000116579,9.495e-05,0.00013947,0.00011518,0.00012476
0.000102489,8.277e-05,0.00012698,9.877e-05,0.00010252
0.000111786,9.667e-05,0.00013074,0.000111125,0.00012478
0.000105336,8.289e-05,0.00012384,0.00010651,0.00010376
0.000107708,7.703e-05,0.00015956,9.7705e-05,0.00015956
0.000101003,7.996e-05,0.00012168,0.00010101,9.565e-05
0.000104264,8.6e-05,0.00012858,0.00010284,0.00010807
0.000105526,9.297e-05,0.0001199,0.00010582,9.395e-05
0.000110328,9.927e-05,0.00013741,0.000102265,0.0001112
0.00011262,8.5e-05,0.00015012,0.000108065,0.00015012
0.000107412,9.309e-05,0.00013497,0.000104225,0.00011204
0.000112518,9.163e-05,0.00013504,0.000115545,0.00013504
0.000106214,8.397e-05,0.00013427,0.000108825,0.00010696
0.00010685,8.851e-05,0.00012872,0.00010584,0.00012872
9.6475e-05,7.191e-05,0.00012613,9.681e-05,0.00010077
0.000112668,0.00010264,0.00012786,0.00011058,0.00010784
0.000105801,8.34e-05,0.00014251,9.8635e-05,0.00010364
0.000120161,9.282e-05,0.00016293,0.000115875,0.00011641
0.000118996,9.35e-05,0.00014948,0.00011401,0.00010573
0.000105736,7.853e-05,0.00013245,0.000107725,0.00012884
0.000111144,8.743e-05,0.00013555,0.000111345,0.00010598
0.000107916,8.995e-05,0.00013696,0.00010578,8.995e-05
0.000108909,9.159e-05,0.00013877,0.00010776,9.964e-05
0.000110492,9.48e-05,0.00012961,0.00010912,0.00011018
0.000106645,9.25e-05,0.00012481,0.00010487,0.00010394
0.00010469,6.571e-05,0.00014114,0.000106915,0.00010361
0.000108889,9.762e-05,0.00013913,0.000104545,9.916e-05
0.000110118,8.924e-05,0.00014059,0.000104385,0.0001075
0.000104719,8.1e-05,0.00012149,0.00010379,0.00010656
0.000122304,8.849e-05,0.00015915,0.00011818,0.00013114
9.7519e-05,6.874e-05,0.00012985,9.5175e-05,0.00010851
0.000115954,9.418e-05,0.00015563,0.00011162,9.418e-05
0.000111573,0.00010262,0.00011929,0.000113335,0.0001072
0.000108315,8.909e-05,0.00012149,0.000113985,0.00011566
9.9161e-05,7.591e-05,0.00012219,9.8755e-05,0.00010647
0.000107009,7.722e-05,0.00013586,0.000107345,0.0001178
9.5645e-05,8.09e-05,0.00012402,9.173e-05,9.362e-05
0.000109657,9.585e-05,0.00012034,0.000110355,0.00010936
0.000106519,9.058e-05,0.00013452,0.00010405,0.00010386
9.6846e-05,7.424e-05,0.00011859,0.000100085,0.00010018
0.000109756,9.279e-05,0.00013401,0.000110275,9.279e-05
0.000107521,8.717e-05,0.00012994,0.000104625,8.717e-05
0.000107886,9.792e-05,0.00012378,0.00010556,0.00010243
0.000112786,9.436e-05,0.00014067,0.000109275,0.00011918
0.000116996,9.935e-05,0.00012716,0.000118335,0.00012716
9.9659e-05,8.258e-05,0.00012617,0.00010222,0.00010618
0.00011452,0.00010139,0.00015118,0.00010758,0.00010179
0.000104647,7.976e-05,0.00013529,0.000101835,0.00011224
0.000106901,8.202e-05,0.00012677,0.000110225,0.00012553
0.000102791,9.192e-05,0.0001123,0.00010466,9.779e-05
0.000113098,7.492e-05,0.00015487,0.00011411,0.00012264
0.000100234,8.388e-05,0.00013013,9.634e-05,0.00010542
0.000109679,7.386e-05,0.0001402,0.000112165,0.00012265
0.000113639,8.333e-05,0.0001558,0.000106045,0.00010661
0.000107701,7.619e-05,0.000151,0.000104835,0.00010048
0.000103094,8.642e-05,0.00012244,0.00010466,0.00010782
0.00010686,8.228e-05,0.0001392,0.000101445,0.00011014
0.000103024,8.081e-05,0.00012901,0.00010093,0.00012083
0.00010824,8.843e-05,0.00013528,0.00010486,9.376e-05
0.000103906,8.022e-05,0.00012673,0.00010303,0.00010359
0.000102372,8.549e-05,0.00011572,9.968e-05,0.0001151
0.000101514,8.455e-05,0.00012037,0.000102105,0.00011751
0.000107126,8.988e-05,0.00012917,0.000105365,8.988e-05
0.000106103,8.715e-05,0.00013487,0.000102695,8.715e-05
0.00011566,9.411e-05,0.00014894,0.000113325,0.00011135
0.000106559,8.455e-05,0.0001333,0.000104755,8.455e-05
0.000109881,8.801e-05,0.00014197,0.000106075,0.00010027
0.000101429,7.876e-05,0.00013263,9.741e-05,8.659e-05
9.8932e-05,6.602e-05,0.00011865,0.00010353,0.00010331
0.000108705,8.523e-05,0.00013861,0.0001075,0.00011624
0.000105375,7.827e-05,0.00011993,0.000110225,0.00011717
0.000106165,9.231e-05,0.00012654,0.000104195,0.00011594
0.0001057,7.865e-05,0.00013573,0.000104945,0.00013573
0.000116573,9.817e-05,0.00015013,0.00011061,0.00012329
0.000112096,9.324e-05,0.00013018,0.000112625,0.00011758
0.000106715,7.946e-05,0.00013185,0.00010294,9.757e-05
0.000114672,9.549e-05,0.00014802,0.000108225,0.00014802
0.000120195,9.927e-05,0.00015727,0.00011591,0.00012637
0.000101186,8.035e-05,0.00011769,9.9485e-05,0.00010775
0.000120192,9.552e-05,0.0001579,0.00011478,0.0001579
0.000104839,9.103e-05,0.00012446,9.8895e-05,9.103e-05
0.000111146,9.354e-05,0.00015044,0.000102015,0.00015044
0.000105165,9.138e-05,0.00012048,0.00010305,0.00011759
0.000114611,8.396e-05,0.00014354,0.000113565,0.00011653
0.000110174,9.621e-05,0.00014257,0.000102225,0.00010238
0.000110252,8.331e-05,0.0001409,0.000107385,0.00011096
0.000113951,9.66e-05,0.00013697,0.00011046,0.00012509
0.000102811,7.01e-05,0.00013932,0.000102495,0.00010426
0.000109744,9.147e-05,0.00014644,0.000103795,0.00011183
0.00011293,7.392e-05,0.0001514,0.0001137,0.00011513
0.000112885,8.935e-05,0.00014771,0.000108185,0.00011296
0.000103644,7.959e-05,0.00014825,9.547e-05,7.993e-05
0.000107501,7.183e-05,0.0001333,0.000112865,0.00011379
0.000115806,9.676e-05,0.00013897,0.000115775,9.676e-05
9.9918e-05,7.497e-05,0.0001143,0.00010555,0.00010539
0.000104598,8.941e-05,0.00012595,0.000105665,0.00012595
0.000106759,9.274e-05,0.000125,0.00010573,0.00011757
0.000108392,8.756e-05,0.00015046,0.000102885,9.542e-05
0.000120459,0.00010288,0.0001518,0.0001219,0.0001518
0.000113176,9.476e-05,0.0001337,0.0001139,0.00012032
0.000106349,8.12e-05,0.00013762,0.0001074,0.0001244
0.000108244,7.66e-05,0.00013269,0.000109085,9.918e-05
0.000105565,9.14e-05,0.00012337,0.000102325,0.00012337
0.000114167,8.533e-05,0.00014427,0.00011271,0.00011353
0.000103314,8.415e-05,0.00012386,0.00010424,9.966e-05
0.000100364,8.166e-05,0.00013019,9.6875e-05,8.166e-05
0.000106794,8.436e-05,0.00014074,0.000102925,0.00010845
0.000105791,8.526e-05,0.0001349,9.847e-05,8.526e-05
0.000113341,9.005e-05,0.00014358,0.00011011,0.0001178
0.000101344,7.816e-05,0.00013789,9.6915e-05,8.483e-05
0.000103988,9.073e-05,0.00012434,0.000101995,9.383e-05
0.000109465,9.416e-05,0.00013865,0.000102515,0.00010185
0.000114474,9.849e-05,0.00014373,0.000107705,0.00011779
0.000107298,8.211e-05,0.00015209,9.9225e-05,8.211e-05
0.000104915,9.119e-05,0.00012386,0.000103075,0.00010082
0.000107917,8.369e-05,0.00014528,9.908e-05,8.369e-05
0.000100484,8.534e-05,0.00012276,9.666e-05,0.00010565
0.000115365,9.435e-05,0.00015323,0.00010925,0.00011389
0.000111167,8.53e-05,0.00014312,0.00010385,0.00011599
0.000112626,7.639e-05,0.00014801,0.000112205,0.00012909
0.000101228,7.515e-05,0.00013478,0.000100165,0.00010597
0.000103665,8.517e-05,0.00013054,0.000102455,9.954e-05
0.000103368,8.006e-05,0.00013061,0.000100185,9.416e-05
0.000106562,9.295e-05,0.00012418,0.00010395,0.00012418
0.000114683,9.06e-05,0.00013691,0.0001156,9.63e-05
0.000108821,8.198e-05,0.00013898,0.00011235,0.00013898
0.00013102,9.823e-05,0.00017047,0.000127725,0.00014549
0.000113472,9.688e-05,0.00015033,0.00010864,0.00015033
0.000124426,0.00010293,0.00015818,0.000119205,0.00012647
0.000105201,8.339e-05,0.0001229,0.000105845,0.0001229
0.000112312,8.262e-05,0.00013847,0.00011012,0.00010487
0.000102828,7.515e-05,0.00013614,9.886e-05,9.574e-05
0.000110584,9.174e-05,0.00013901,0.000106885,0.00011208
0.000110031,8.059e-05,0.00013296,0.00011018,0.00012736
0.000121745,9.845e-05,0.00014575,0.00011869,0.00011442
0.000110367,8.776e-05,0.00012975,0.000113205,0.00012975
0.000116896,0.00010209,0.00014037,0.000115095,0.0001225
0.000120833,0.00010367,0.00015388,0.000117615,0.00015388
0.00010865,8.007e-05,0.00013138,0.00010993,9.744e-05
0.000106831,9.511e-05,0.00012986,0.000101745,0.00012986
0.000103353,8.355e-05,0.00013397,0.00010286,0.00011121
0.000125026,0.0001007,0.00016662,0.000119615,0.00016662
0.000104131,8.164e-05,0.00012777,0.000102785,0.00010328
0.000125849,0.00010461,0.00016206,0.000119235,0.00016206
0.000112065,9.296e-05,0.00014045,0.000110455,0.00014045
0.000104584,9.126e-05,0.00012746,0.000103295,0.00010037
0.000100783,9.038e-05,0.00012776,9.761e-05,0.00010035
0.00012165,9.811e-05,0.00015036,0.000117725,0.00011032
0.000104092,8.883e-05,0.00012154,0.000104025,9.297e-05
0.000115855,0.00010109,0.00013177,0.00011594,0.00010758
0.000106929,8.403e-05,0.00013043,0.000109175,0.00013043
0.000100961,8.833e-05,0.00011727,9.629e-05,0.00010913
0.000112357,9.697e-05,0.00014045,0.000107885,0.00011845
0.000105113,7.904e-05,0.00013435,0.00010565,0.00011219
0.000110729,8.593e-05,0.0001294,0.00011096,8.593e-05
0.00010191,8.13e-05,0.00012148,0.00010269,9.544e-05
0.000103112,9.557e-05,0.00011873,0.000100525,9.621e-05
0.00011067,8.377e-05,0.00013625,0.000113185,0.00010659
0.000109219,9.554e-05,0.00014441,0.000102485,0.00010308
0.000113944,8.135e-05,0.00015448,0.000114515,0.00011703
9.5654e-05,7.313e-05,0.00012657,9.249e-05,8.348e-05
0.000111308,8.428e-05,0.00013357,0.000117065,9.353e-05
0.000107469,8.637e-05,0.00011874,0.000108675,0.00010302
0.000113887,9.069e-05,0.00013615,0.000111215,0.00010671
0.000103568,8.635e-05,0.00014067,9.6095e-05,0.00014067
0.000107599,8.427e-05,0.00012789,0.000109625,0.00010901
0.000106882,9.998e-05,0.00011714,0.000106455,0.00011714
0.000107849,8.666e-05,0.00013546,0.00010274,0.00010393
0.000124077,0.00010317,0.00015911,0.000124795,0.00015911
0.000107645,8.236e-05,0.00013197,0.000107505,0.00010258
0.000122541,0.00010431,0.0001558,0.000118255,0.0001558
0.000111934,9.058e-05,0.00012131,0.000113805,0.00010845
0.00011255,9.543e-05,0.00013562,0.00010816,0.0001313
0.0001055,7.648e-05,0.0001476,9.8785e-05,0.00011183
0.000107313,9.306e-05,0.00012237,0.000105145,9.306e-05
0.000104014,7.945e-05,0.00012725,0.000101685,9.748e-05
0.000112969,7.652e-05,0.00015306,0.000114785,0.00012412
0.000110146,9.18e-05,0.00014568,9.816e-05,0.00011279
0.000118969,9.566e-05,0.00015333,0.00011494,9.566e-05
0.000113739,9.941e-05,0.00014288,0.00010663,0.00010868
0.000112856,9.341e-05,0.0001318,0.000113415,0.00012032
0.000113374,8.004e-05,0.00015075,0.00011545,0.00011497
0.000107939,7.415e-05,0.00013075,0.000111445,0.00012507
0.000108242,9.187e-05,0.00013527,0.00010719,0.00011017
0.00011084,7.786e-05,0.00015637,0.000104845,9.882e-05
0.000108296,8.973e-05,0.00014447,0.00010034,0.00011144
9.4705e-05,7.207e-05,0.00012009,9.6015e-05,8.769e-05
0.000100671,8.054e-05,0.00011795,0.000102135,0.00010164
0.00011388,8.286e-05,0.00014946,0.000117495,0.0001218
0.000102966,9.877e-05,0.00011215,0.00010249,9.954e-05
0.000117695,0.00010049,0.00014519,0.000114555,0.00012004
0.000107866,8.014e-05,0.00013303,0.00010874,9.663e-05
0.000122444,0.00010144,0.00016278,0.000118035,0.00016278
9.9447e-05,8.945e-05,0.00011799,9.6985e-05,9.638e-05
0.000116228,9.929e-05,0.00014872,0.00011359,0.00012026
9.8895e-05,6.996e-05,0.00012703,0.00010114,0.00011206
0.000108652,8.775e-05,0.00012193,0.00010976,8.775e-05
9.4093e-05,7.476e-05,0.00012706,9.004e-05,9.559e-05
0.000112394,9.587e-05,0.00012561,0.00011253,9.587e-05
0.000114804,9.342e-05,0.00013752,0.000117485,0.00012389
9.7071e-05,6.747e-05,0.00012453,9.995e-05,0.00011417
0.000120025,0.00010052,0.00014586,0.000117565,0.00012548
0.000105198,7.577e-05,0.00012553,0.000109135,0.0001079
0.000110849,8.94e-05,0.00013721,0.00010961,0.00013721
0.00010115,7.822e-05,0.00012484,0.000100095,9.795e-05
0.000113275,9.764e-05,0.00013532,0.00011099,0.00013532
0.000109634,9.788e-05,0.00012717,0.000107285,0.00010366
0.000115239,0.00010008,0.00014159,0.000110875,0.00010276
0.000101729,8.233e-05,0.00013645,9.657e-05,9.982e-05
0.000105604,7.398e-05,0.00012989,0.00010631,0.00012584
0.000113387,8.413e-05,0.0001399,0.000114345,0.00010404
0.000103173,8.132e-05,0.00013155,0.000102115,9.442e-05
0.000118582,9.507e-05,0.00015477,0.000113265,0.00010474
0.000102084,7.453e-05,0.00013744,9.9825e-05,8.371e-05
0.000108409,9.713e-05,0.0001318,0.000106195,0.00011246
0.000101059,7.954e-05,0.00012867,9.5575e-05,7.954e-05
0.00010968,9.26e-05,0.00013302,0.00010607,9.933e-05
9.971e-05,9.321e-05,0.00011238,9.6995e-05,0.0001002
0.00010873,7.66e-05,0.00013725,0.000110435,0.00013725
0.00010933,8.931e-05,0.00014677,0.000102595,0.0001124
0.000111115,9.422e-05,0.00013304,0.000110755,0.00012504
0.000111163,8.349e-05,0.00015003,0.00010746,0.00010716
0.000104545,7.763e-05,0.00013231,0.00010456,0.00010695
0.000110177,9.591e-05,0.00013205,0.000110065,9.863e-05
0.000102573,7.887e-05,0.00013294,9.8615e-05,0.00010678
0.000111904,9.836e-05,0.00014534,0.00010801,9.911e-05
0.000108189,8.252e-05,0.00013145,0.000107215,0.00010457
0.000107771,0.00010053,0.00013154,0.00010444,0.00010181
0.000113033,8.756e-05,0.00014136,0.000108895,0.00010631
9.8874e-05,7.272e-05,0.00011471,0.000102575,0.00011467
0.000109586,8.872e-05,0.00012533,0.000113905,8.872e-05
9.922e-05,7.396e-05,0.00012386,0.00010021,0.00010025
0.000113747,9.195e-05,0.0001449,0.000112965,9.195e-05
0.000100089,7.329e-05,0.00012646,0.00010042,0.00010666
0.000112194,0.00010085,0.00013573,0.000110135,0.00010749
0.000103292,7.375e-05,0.00014005,9.9935e-05,0.00011002
0.000109038,9.995e-05,0.00011988,0.00010879,0.00011683
0.000104715,9.253e-05,0.00012242,9.906e-05,0.00012242
0.000106976,7.971e-05,0.0001446,0.000105525,0.0001446
0.000110058,9.142e-05,0.00013051,0.000105835,0.00013006
0.000104944,8.858e-05,0.00013071,0.000101885,0.00013071
0.000104754,9.641e-05,0.00011461,0.000104395,0.00010255
0.000101871,7.446e-05,0.00012681,0.00010513,0.00010895
0.000118075,0.00010052,0.00015256,0.00011363,0.00010385
0.00010016,7.525e-05,0.00013078,9.715e-05,0.00010635
0.000115126,0.00010323,0.00014228,0.00011186,0.00010328
0.000101591,7.654e-05,0.00012885,0.0001001,0.00010643
0.000125602,8.166e-05,0.00016705,0.00012425,0.00016705
0.000103865,9.254e-05,0.00012448,0.000100125,0.00010314
0.00011559,8.613e-05,0.00015477,0.00010963,0.00015477
0.000107477,9.507e-05,0.00012414,0.00010447,9.507e-05
0.000110235,9.072e-05,0.00013574,0.000105685,0.00013574
0.000105997,9.401e-05,0.0001174,0.000105765,9.536e-05
9.7463e-05,7.302e-05,0.00012095,9.976e-05,9.003e-05
0.000107073,9.071e-05,0.00012371,0.00010564,0.00010142
0.000101778,7.779e-05,0.00012973,9.943e-05,0.00010678
0.000104197,8.858e-05,0.00012697,0.000102825,8.858e-05
0.000103921,8.003e-05,0.00013529,0.0001015,0.00010909
0.000108791,0.00010009,0.00012876,0.000108005,0.00010336
0.000105101,8.75e-05,0.00013524,0.00010148,0.00010328
9.442e-05,8.021e-05,0.00011571,9.1695e-05,8.678e-05
0.000108387,8.745e-05,0.00014186,0.000104705,0.00011074
0.00010565,7.713e-05,0.00013887,0.00010594,0.00010908
0.000118362,9.244e-05,0.00015896,0.00011276,0.00011082
0.000104455,7.301e-05,0.00012958,0.000109115,0.00010944
0.000115872,9.193e-05,0.000154,0.00011137,0.00010971
0.000100644,7.246e-05,0.00013676,9.809e-05,8.924e-05
0.000115035,9.952e-05,0.00014923,0.000111815,0.00011115
0.000109479,8.458e-05,0.00013241,0.00010899,0.0001181
0.000111367,9.108e-05,0.00014814,0.000105475,0.00011054
0.00011053,9.234e-05,0.00013277,0.000107665,0.00012341
0.000110417,9.08e-05,0.00013963,0.000106875,0.00010727
0.000117573,9.33e-05,0.00014776,0.000112085,0.00012385
0.000100089,7.984e-05,0.0001319,9.6535e-05,0.00010425
0.000113101,9.929e-05,0.00013732,0.000111765,9.929e-05
0.000103925,7.565e-05,0.00014179,0.000100345,0.00011375
0.000113403,9.793e-05,0.00013234,0.00011208,0.000123
0.000104824,7.886e-05,0.00014045,0.00010077,0.00011313
0.000117782,9.777e-05,0.00013478,0.00011567,9.777e-05
0.000104329,8.419e-05,0.00012599,0.00010547,0.00010411
0.000113802,9.841e-05,0.00013057,0.00011274,0.00013057
9.861e-05,9.105e-05,0.00010338,9.962e-05,0.00010119
0.000104937,7.803e-05,0.00012911,0.00010582,0.00012821
0.000104142,8.987e-05,0.0001269,0.00010384,0.0001269
0.000116697,9.601e-05,0.00014917,0.000110975,0.00011034
0.000112766,9.708e-05,0.00012665,0.000113045,0.00010237
0.0001055,7.811e-05,0.00014573,0.000102215,9.539e-05
0.000115975,9.103e-05,0.00015429,0.00011157,0.00011483
0.000105021,8.02e-05,0.00013534,0.000104315,0.0001025
0.00011431,7.341e-05,0.00015645,0.000117555,9.747e-05
0.000109666,8.754e-05,0.00013606,0.000106325,0.00010568
0.000108477,9.911e-05,0.00012887,0.00010702,0.0001045
0.000109979,9.273e-05,0.00013346,0.000108125,0.00010452
9.9942e-05,8.126e-05,0.00011344,0.00010167,0.00011282
0.00011066,9.591e-05,0.00012712,0.000111165,0.00012201
0.00010194,8.107e-05,0.00012501,9.859e-05,0.00012501
0.000112951,9.088e-05,0.0001295,0.00011186,0.00010942
9.7364e-05,7.412e-05,0.00012403,9.6245e-05,8.66e-05
0.000113096,9.837e-05,0.00015418,0.00010677,0.00010771
0.000125613,7.381e-05,0.00017334,0.00012789,8.771e-05
0.000102068,7.061e-05,0.00014446,9.737e-05,0.00010936
0.000111456,9.585e-05,0.00013096,0.00010837,0.00012136
0.000111869,9.704e-05,0.0001369,0.00010806,0.00010562
0.000110214,8.961e-05,0.00013509,0.000107345,8.961e-05
0.000106732,8.582e-05,0.00013023,0.00010828,0.00010498
0.000110974,9.138e-05,0.00013483,0.000109155,9.264e-05
0.000106431,7.44e-05,0.00013221,0.00010882,0.00010131
0.000113411,9.354e-05,0.00013162,0.00011278,0.00012083
0.000103259,7.793e-05,0.00013004,0.00010388,0.00010586
0.000112306,9.931e-05,0.00013702,0.00011205,0.00010289
0.000101141,7.468e-05,0.00013187,0.000100755,0.00010872
0.000105984,7.819e-05,0.00013438,0.0001079,0.00011916
0.000107342,8.466e-05,0.00013105,0.000106155,0.0001008
0.000105325,8.906e-05,0.00012117,0.0001062,0.00011842
0.000106171,9.356e-05,0.00012075,0.00010294,9.934e-05
0.000113685,8.492e-05,0.00015028,0.00010838,0.00015028
0.000109805,9.947e-05,0.00013106,0.000104935,0.00013106
0.00010842,8.524e-05,0.00013717,0.000103095,0.0001021
0.000121944,9.175e-05,0.00016008,0.00011829,0.00016008
0.000108883,8.601e-05,0.00014153,0.000107985,0.00010603
0.000143836,0.00010406,0.00016867,0.000146115,0.00013989
0.000103243,7.646e-05,0.00013505,9.9955e-05,0.00011073
9.9018e-05,8.33e-05,0.0001212,0.00010285,8.548e-05
0.000109445,8.404e-05,0.00014207,0.000105805,0.00010186
9.373e-05,7.8e-05,0.0001151,9.3325e-05,8.516e-05
0.000108465,8.957e-05,0.00013627,0.00010534,0.00010825
0.000101471,7.608e-05,0.0001317,0.000100135,9.3e-05
0.000115036,9.159e-05,0.00014592,0.00011258,0.00011006
0.000100898,7.271e-05,0.00012714,0.000103695,0.00010518
0.00011604,9.119e-05,0.00015445,0.00011222,0.00011109
0.000102535,7.352e-05,0.00013763,0.0001004,9.007e-05
0.000111649,9.096e-05,0.00013511,0.000113215,0.00011444
0.000108095,8.731e-05,0.00013054,0.00010638,0.00011566
0.000110001,8.978e-05,0.00014631,0.000105025,0.00010924
0.000109722,9.205e-05,0.00012964,0.00010733,0.00012404
0.000108649,7.965e-05,0.00013521,0.000111255,0.00010486
0.000116604,0.00010036,0.00014859,0.00011158,0.00014859
0.000108604,8.442e-05,0.00014138,0.00010316,0.00010233
0.000102014,9.16e-05,0.00012032,0.000100185,0.00010028
0.000100738,7.423e-05,0.00012952,0.000100195,0.00011228
0.000108434,8.654e-05,0.0001294,0.000111385,8.654e-05
0.000106311,7.474e-05,0.00014762,0.000103255,0.00011319
0.000113612,0.00010031,0.0001349,0.00011133,0.00011905
0.000102131,7.408e-05,0.00012118,0.000105395,0.00010277
0.000108076,7.775e-05,0.00013461,0.00010614,0.0001344
0.000102869,9.243e-05,0.00012091,0.000101305,0.00012091
0.000118639,9.271e-05,0.00015288,0.00011457,0.00011094
0.000103301,9.055e-05,0.00011362,0.000106355,9.183e-05
0.0001025,7.481e-05,0.00013816,0.00010256,9.892e-05
0.000127249,0.0001051,0.00016362,0.00012562,0.00011466
0.000105465,7.469e-05,0.0001324,0.00010681,0.00011392
0.000113862,8.993e-05,0.00015012,0.0001107,0.00010968
0.000108309,7.64e-05,0.00014821,0.000106585,0.00010735
0.000110951,9.181e-05,0.00014467,0.00010834,0.00010683
0.000109975,8.971e-05,0.0001401,0.000106875,0.00011175
0.000106093,9.145e-05,0.00011938,0.000107675,0.0001048
0.000109336,8.53e-05,0.00013766,0.00010271,0.00013766
0.000108821,8.339e-05,0.00013763,0.000104935,0.00010408
0.000110569,9.408e-05,0.00012827,0.000110445,0.00012827
0.000107436,8.811e-05,0.00013251,0.00010694,0.00010742
0.000108255,9.057e-05,0.00012341,0.00010758,0.00010504
0.000103503,7.975e-05,0.00012485,0.000104445,0.00010674
0.000106774,9.002e-05,0.0001318,0.000106905,0.00011116
0.000102858,7.124e-05,0.000137,0.000102755,0.00011152
0.000103896,7.947e-05,0.00012651,0.00010607,0.00011966
0.000106584,7.897e-05,0.00012736,0.000109705,9.92e-05
0.000116381,8.432e-05,0.00015842,0.000109525,0.00015842
0.000107567,9.787e-05,0.00012961,0.000102555,0.00010041
0.000105588,8.331e-05,0.00013171,0.00010323,0.00013171
0.000108422,9.455e-05,0.00012524,0.00010931,0.00012524
0.000100846,8.686e-05,0.0001244,9.772e-05,0.000108
0.000108978,9.362e-05,0.00012532,0.00010955,0.00011536
9.9814e-05,8.823e-05,0.00011251,9.962e-05,0.00011195
0.000111422,9.123e-05,0.00015047,0.000103755,0.00015047
0.000100965,8.083e-05,0.00012821,0.000100505,0.00010069
0.000113636,8.823e-05,0.00013172,0.000110475,0.00013172
0.000102914,9.184e-05,0.0001253,9.8865e-05,0.00010771
0.000116686,9.349e-05,0.00016104,0.000107525,0.00016104
0.000105065,9.471e-05,0.00012576,0.00010072,0.00010033
0.000113786,8.658e-05,0.00014709,0.000108405,0.00014709
0.000110069,9.886e-05,0.00012941,0.000107715,0.00012941
0.000109255,8.444e-05,0.00014498,0.000101495,9.84e-05
0.000106536,9.202e-05,0.0001236,0.000105295,9.546e-05
0.000108263,7.676e-05,0.00013298,0.000112295,0.00012017
0.000109391,9.27e-05,0.00013069,0.000110155,9.27e-05
9.9238e-05,7.564e-05,0.00013134,9.487e-05,0.00010341
9.9948e-05,8.401e-05,0.00012286,0.000101735,9.054e-05
0.000108511,8.297e-05,0.00014241,0.00010768,0.0001009
9.436e-05,7.827e-05,0.0001152,9.368e-05,8.508e-05
0.000113174,9.241e-05,0.00014363,0.0001088,0.00011101
9.873e-05,7.516e-05,0.00012661,9.8585e-05,9.631e-05
0.000117836,9.198e-05,0.00015729,0.00011358,0.00011851
0.000105146,8.232e-05,0.00012829,0.000105905,0.00010515
0.000116546,9.183e-05,0.00015657,0.000112015,0.00011193
0.000103044,7.224e-05,0.00014536,9.82e-05,8.934e-05
0.000114829,9.347e-05,0.00015175,0.00011086,0.00010972
0.000108707,8.583e-05,0.00012373,0.000110515,0.00012084
0.000109583,9.163e-05,0.00012965,0.000108765,0.0001075
0.000109681,9.615e-05,0.00013206,0.00010337,0.00011529
0.000107104,9.007e-05,0.00014428,9.7455e-05,0.0001095
0.000114174,9.909e-05,0.00013287,0.00011172,0.00012335
0.000107572,7.804e-05,0.00014313,0.00010616,0.00010895
0.000115909,0.00010118,0.00014325,0.00011188,0.00010695
0.000106882,7.597e-05,0.0001354,0.000108265,0.00010865
0.000113339,9.483e-05,0.00013368,0.00011412,9.483e-05
0.000102563,7.391e-05,0.00013841,9.9965e-05,0.00010936
0.000112574,9.724e-05,0.00013805,0.00011305,9.724e-05
9.6929e-05,7.506e-05,0.00012441,9.4225e-05,0.00010288
0.000109079,8.1e-05,0.00013555,0.00010732,0.00012927
0.000101349,8.322e-05,0.00013002,9.656e-05,8.322e-05
0.000104988,9.498e-05,0.00012143,0.000102655,9.929e-05
0.000111856,8.899e-05,0.00014546,0.0001077,8.899e-05
0.000110465,8.916e-05,0.00013636,0.000111375,0.00011064
0.000113069,8.55e-05,0.00015103,0.00010968,8.55e-05
0.0001067,7.715e-05,0.00013318,0.000109595,0.00010904
0.000116589,9.224e-05,0.00015205,0.00011336,9.224e-05
0.000106294,8.081e-05,0.00013089,0.00010845,0.00010917
0.000107738,8.777e-05,0.00012783,0.00010791,8.777e-05
0.000105286,8.171e-05,0.00012998,0.00010325,0.00010474
0.000101697,8.567e-05,0.00012893,0.00010171,9.321e-05
0.000110206,9.33e-05,0.00013645,0.00010544,0.00010509
9.7679e-05,6.919e-05,0.00012463,9.9525e-05,0.00011052
0.000113427,9.06e-05,0.00014691,0.00011031,0.00010731
9.8323e-05,7.251e-05,0.00012408,9.912e-05,0.00010441
0.000112089,9.152e-05,0.00013933,0.0001116,0.00011004
9.8729e-05,7.25e-05,0.00012996,9.651e-05,8.926e-05
0.00011653,0.0001005,0.00015668,0.000109925,0.00011388
9.989e-05,7.241e-05,0.00012806,9.8885e-05,8.918e-05
0.000113183,9.888e-05,0.0001488,0.0001074,0.0001095
0.000107961,8.729e-05,0.00012659,0.000107705,0.00011838
0.000108433,9.176e-05,0.00013293,0.000107225,0.00010121
0.000110328,9.349e-05,0.00012526,0.000109515,0.00010724
0.000104591,9.077e-05,0.0001312,0.000100645,0.00010577
0.000111917,9.708e-05,0.00013831,0.00010731,0.00010015
0.000105786,7.864e-05,0.00013309,0.00010619,0.00010006
0.000117756,0.00010327,0.00015149,0.00011237,0.00010327
0.000100271,7.396e-05,0.00012769,9.982e-05,9.865e-05
0.000117439,9.96e-05,0.00014466,0.000114975,0.00010552
0.000100878,7.411e-05,0.00013606,9.853e-05,0.00010274
0.000108171,7.784e-05,0.0001388,0.0001106,0.00012191
0.000104201,8.376e-05,0.00012653,0.00010298,0.00010407
0.000114626,0.00010334,0.00012736,0.00011412,0.00012736
0.000109278,9.835e-05,0.00012528,0.000106735,0.00010489
0.000111624,9.047e-05,0.00013308,0.000109735,0.00013308
0.000108961,9.338e-05,0.00012181,0.000109845,9.338e-05
0.000102671,7.683e-05,0.00013484,0.00010155,0.00010087
0.000124443,9.961e-05,0.00015245,0.000122115,0.00010961
0.000103686,7.516e-05,0.00014552,9.7685e-05,8.701e-05
0.000109729,8.954e-05,0.00013964,0.00010697,0.00010671
0.00010546,8.135e-05,0.00014092,0.000100015,8.927e-05
0.000118916,9.463e-05,0.00015016,0.00011943,0.00011107
0.000111514,8.731e-05,0.00013593,0.00011037,0.00012608
0.000101336,7.76e-05,0.00012821,0.00010234,9.883e-05
0.000113976,9.406e-05,0.00014949,0.00010704,9.406e-05
9.6629e-05,7.246e-05,0.00011416,9.9235e-05,9.663e-05
0.000110522,9.298e-05,0.0001249,0.000110505,0.00010489
9.8194e-05,8.296e-05,0.00012202,9.454e-05,0.00010027
0.000116039,9.433e-05,0.00014312,0.00011421,9.803e-05
0.000100345,7.333e-05,0.00012435,0.000102215,0.00011241
0.000138796,0.00010262,0.00016941,0.00014499,0.00015311
0.000105905,8.28e-05,0.00013315,0.000105585,9.951e-05
0.000108626,9.985e-05,0.00013034,0.00010671,0.00010485
0.00011282,9.74e-05,0.00013063,0.00011121,0.00010236
0.000102104,7.973e-05,0.00012413,0.000105675,0.00012413
0.000101366,9.437e-05,0.00010835,0.00010245,9.441e-05
0.000110153,8.965e-05,0.00013884,0.000108975,0.00013884
0.000110761,9.306e-05,0.00012746,0.00011127,9.937e-05
0.000107683,7.499e-05,0.00013298,0.00011101,0.00012273
0.000114716,9.81e-05,0.000139,0.00011276,0.00011085
0.000101689,7.617e-05,0.00013239,9.8405e-05,8.939e-05
0.000118069,0.00010145,0.00015863,0.000111655,0.00011213
0.000101776,8.125e-05,0.00013719,9.3485e-05,8.929e-05
0.000113913,0.00010066,0.00013856,0.00011094,0.00011033
0.000104524,8.494e-05,0.00012887,0.000100265,0.00011211
0.00011117,8.847e-05,0.00013174,0.00011323,0.00010683
0.000102585,9.1e-05,0.00011373,0.000104455,0.00010589
0.000102696,7.354e-05,0.00013985,0.000100735,0.00010777
0.00011361,9.323e-05,0.00013829,0.00011179,0.00011884
0.000106803,7.965e-05,0.00012807,0.000108765,0.00010819
0.00010834,9.397e-05,0.00013292,0.00010594,0.00010071
0.000103356,7.791e-05,0.00014175,9.8695e-05,0.00010576
0.000118109,0.00010005,0.0001448,0.000116305,0.00010283
0.000103511,8.511e-05,0.00012958,0.00010075,0.00010203
0.00010294,8.388e-05,0.00012774,0.000104025,0.00010828
0.000111592,8.319e-05,0.00015423,0.00010333,0.00010723
0.000100175,7.927e-05,0.00012674,0.000101625,0.00010602
0.0001149,9.184e-05,0.00014594,0.00011251,0.00010654
0.000100022,7.765e-05,0.00012867,9.8755e-05,9.71e-05
0.000116589,9.167e-05,0.00015556,0.000113015,0.00011235
0.000106354,8.442e-05,0.00013535,0.00010521,0.00010648
0.000113469,9.89e-05,0.00014795,0.000108505,0.00010917
0.000120825,9.146e-05,0.00017183,0.000112155,9.146e-05
0.000106456,8.51e-05,0.00012161,0.00010667,0.0001052
0.000110825,8.571e-05,0.00013754,0.00011035,0.00010288
0.00011553,8.517e-05,0.00015177,0.00011358,0.00015177
0.00011047,9.595e-05,0.00012941,0.0001082,0.00010246
0.000109813,8.763e-05,0.00014614,0.00010192,0.00014614
0.000110151,9.268e-05,0.00012548,0.000110865,0.00012548
0.000101389,8.155e-05,0.0001211,0.00010246,9.954e-05
0.000114894,9.341e-05,0.00014248,0.000113385,0.00014248
0.000103079,7.79e-05,0.00013399,9.81e-05,9.563e-05
0.000112868,8.973e-05,0.0001317,0.00011139,0.0001317
9.4906e-05,8.76e-05,0.00010974,9.4545e-05,8.812e-05
0.000112431,8.845e-05,0.00012797,0.000112855,0.00012063
0.000108009,8.596e-05,0.00013313,0.0001039,0.00011852
0.000114192,9.426e-05,0.00013717,0.00011429,0.0001098
0.00011084,9.33e-05,0.00014567,0.00010333,0.00014567
0.000115971,8.552e-05,0.00014118,0.000114335,0.00011
0.000112155,9.895e-05,0.00013841,0.00011073,0.00010095
9.7664e-05,7.435e-05,0.0001315,9.406e-05,8.163e-05
0.000107378,8.838e-05,0.00014525,0.000100105,0.00010845
0.000105595,7.416e-05,0.00013898,0.000108015,0.00010762
0.000100471,8.049e-05,0.00013645,9.9595e-05,9.98e-05
0.000100847,8.414e-05,0.00012784,9.53e-05,8.731e-05
0.00011173,9.765e-05,0.00014639,0.000105155,0.00010879
0.000102964,8.273e-05,0.00013395,9.96e-05,9.808e-05
0.000108655,9.669e-05,0.00012987,0.000105375,0.00010396
0.000115809,8.773e-05,0.0001542,0.000109765,8.773e-05
0.000103682,8.007e-05,0.00013013,0.000103395,0.00010351
0.000111659,9.595e-05,0.00012412,0.00011346,9.887e-05
9.8883e-05,7.516e-05,0.00012609,0.00010026,0.00010009
0.000118874,9.963e-05,0.00015211,0.000115325,0.00010271
9.7547e-05,7.759e-05,0.00012259,9.4555e-05,0.00010088
0.000117713,0.00010138,0.00014778,0.000114715,0.00011476
0.000102917,7.629e-05,0.00012959,0.000103775,0.00010521
0.00010261,8.069e-05,0.00012647,0.000104545,0.00010953
0.0001039,8.714e-05,0.00011884,0.000102585,9.823e-05
9.8946e-05,8.665e-05,0.00011155,0.000100465,8.818e-05
0.000112411,9.295e-05,0.00014,0.00010759,0.00010577
0.000104285,7.988e-05,0.00012692,0.000106175,0.00011606
0.000109811,9.163e-05,0.00012898,0.00011236,0.00011443
0.000103899,7.994e-05,0.00013251,0.00010256,9.605e-05
0.000118628,9.752e-05,0.00015501,0.00011304,0.00011009
0.000107228,7.881e-05,0.00015114,0.000105215,8.543e-05
0.000113968,9.386e-05,0.00015275,0.000105435,0.00011327
0.000101499,7.723e-05,0.00012798,9.994e-05,9.919e-05
0.000108964,9.086e-05,0.00014243,0.00010394,0.00010808
0.000103835,8.686e-05,0.0001393,9.7015e-05,8.686e-05
0.000112393,9.366e-05,0.0001336,0.000113515,0.00010795
0.000102529,9.07e-05,0.00011835,0.000102125,0.000103
0.00010852,7.879e-05,0.00013906,0.000108845,0.00010492
0.000108014,9.352e-05,0.00012208,0.000106685,0.00010701
0.000100589,7.78e-05,0.00013392,9.5185e-05,0.0001024
0.00011657,9.963e-05,0.0001591,0.00010987,0.00010073
0.000102471,8.255e-05,0.00013437,9.6895e-05,0.00010474
0.000113376,9.879e-05,0.00014999,0.000106645,9.931e-05
0.000104535,8.372e-05,0.00012307,0.000105695,0.00010183
0.000105816,9.566e-05,0.00013142,0.000102835,0.00010052
0.00011063,9.177e-05,0.00012979,0.000111825,0.00010696
0.000115825,8.444e-05,0.00015194,0.000113375,0.00015194
0.000107726,9.386e-05,0.00012413,0.000105675,9.409e-05
0.000105334,8.915e-05,0.00012785,0.00010364,0.00010946
0.000113765,0.00010158,0.00013386,0.000113055,0.00011839
9.9322e-05,7.273e-05,0.00013252,9.7255e-05,0.00010621
0.000107166,8.901e-05,0.00012674,0.000107335,8.901e-05
0.00010138,7.491e-05,0.00013207,9.9495e-05,0.00011055
0.000102471,8.985e-05,0.000126,0.000104125,8.985e-05
0.000103952,8.015e-05,0.00012656,0.000102435,0.00010012
0.000108679,7.681e-05,0.00013695,0.00010695,0.00013695
0.000105071,9.229e-05,0.00013051,0.000101785,0.00011208
0.000105356,8.713e-05,0.00013432,0.000102285,0.00013432
0.000102383,9.162e-05,0.00011507,0.00010012,9.556e-05
0.0001055,7.304e-05,0.00013623,0.000107665,0.00011971
0.000118876,9.399e-05,0.00015852,0.00011391,0.00011272
0.000102919,7.54e-05,0.00012973,0.000103435,9.684e-05
0.000116746,0.00010349,0.00015208,0.000110495,0.0001122
9.9689e-05,8.112e-05,0.00012298,9.713e-05,9.718e-05
0.000105283,7.276e-05,0.00014717,0.000103145,0.00011233
0.000108239,8.939e-05,0.00014458,0.00010082,0.00011095
0.000113712,9.718e-05,0.00013588,0.00010709,0.0001026
0.000103823,9.604e-05,0.00011928,0.00010103,9.879e-05
0.000113578,9.52e-05,0.00013383,0.00011378,0.00013374
0.000104665,9.255e-05,0.00011743,0.0001047,9.298e-05
0.000105861,7.549e-05,0.00013342,0.0001083,0.00011743
0.000118304,9.587e-05,0.00014639,0.0001182,0.00011951
0.000103432,7.991e-05,0.00013643,9.804e-05,8.85e-05
0.000101642,8.056e-05,0.00013917,0.00010226,0.00010263
0.000103768,7.923e-05,0.00014111,9.863e-05,9.16e-05
0.000111138,8.995e-05,0.0001461,0.000105025,0.00011021
0.000103468,8.455e-05,0.00012149,0.000102705,0.00011516
0.000107593,9.405e-05,0.00013453,0.000103785,0.00010233
0.000115025,8.999e-05,0.00014697,0.000111725,8.999e-05
0.000110426,7.265e-05,0.00014799,0.00011349,0.00010487
0.000118175,8.949e-05,0.00014023,0.00011935,8.949e-05
9.478e-05,6.819e-05,0.00012469,9.331e-05,9.944e-05
0.000116466,0.00010062,0.00014646,0.0001118,0.00012126
0.000101881,7.629e-05,0.00012911,0.000102165,0.00011179
0.000115109,9.721e-05,0.0001456,0.00010958,0.000108
0.000101326,8.501e-05,0.00012935,9.647e-05,9.575e-05
0.000110763,9.069e-05,0.00013804,0.000106305,0.00011615
0.000110389,9.161e-05,0.00012944,0.00010939,0.00012423
0.000113511,9.286e-05,0.00014018,0.00011346,0.00010707
0.000114079,9.679e-05,0.00013134,0.00011273,0.00013134
0.000110531,8.502e-05,0.0001394,0.00010857,0.00010439
0.000110124,9.461e-05,0.00012888,0.00010907,9.716e-05
0.000101942,8.099e-05,0.00011227,0.00010477,9.312e-05
0.000109864,9.761e-05,0.00012392,0.000111055,0.00010103
0.000106042,9.27e-05,0.00014071,9.872e-05,0.00014071
0.000110487,8.545e-05,0.00014055,0.000109745,9.557e-05
0.000104154,8.807e-05,0.00014143,9.7745e-05,0.00014143
0.000120659,8.647e-05,0.00015926,0.00011396,0.00010629
0.000107879,9.101e-05,0.00012897,0.00010496,0.00012897
0.00011682,8.983e-05,0.00015163,0.000113735,0.00011536
0.000103567,9.286e-05,0.00011521,0.000103225,0.00011521
0.000109071,8.388e-05,0.00014064,0.00010988,0.00010439
0.000110342,9.769e-05,0.00012579,0.00011381,9.769e-05
0.000108196,9.081e-05,0.00012419,0.000104595,0.00010276
0.000108819,9.479e-05,0.00013763,0.000106475,0.00010085
0.000102105,7.749e-05,0.00013328,9.865e-05,0.00010642
0.000113842,9.658e-05,0.00014472,0.00010965,0.00011974
0.000111766,8.297e-05,0.00013722,0.0001109,0.00010398
0.000100996,7.814e-05,0.00012008,0.000105455,0.00012008
0.00010552,8.982e-05,0.00012694,0.000102245,0.00011478
0.000106364,8.727e-05,0.00013039,0.000105075,0.00013039
0.00010748,9.264e-05,0.00012699,0.000104325,0.00012699
0.000108782,8.4e-05,0.00013625,0.000107965,0.00010813
0.00010989,9.496e-05,0.00013052,0.000109065,9.592e-05
9.054e-05,7.403e-05,0.00010374,9.1785e-05,8.672e-05
0.000112236,9.406e-05,0.00012586,0.00011234,0.00012586
0.000103832,8.178e-05,0.00012879,0.000104725,0.00010092
9.8738e-05,8.231e-05,0.00012179,9.78e-05,9.167e-05
0.000107072,8.169e-05,0.00012772,0.000109565,0.0001164
0.000111043,7.75e-05,0.00014824,0.00011085,0.00010943
0.000109014,9.47e-05,0.00013103,0.000103985,0.00012003
0.000105304,7.595e-05,0.00013384,0.000109895,0.00010565
0.000111449,9.443e-05,0.0001326,0.00010819,0.0001326
0.00010125,8.119e-05,0.00011922,0.00010257,0.00010364
0.000117852,9.836e-05,0.00014293,0.000115865,0.00011703
0.000106417,9.649e-05,0.00011469,0.00010593,0.00010435
0.000112261,0.00010126,0.00012746,0.00011251,0.00010126
9.7185e-05,6.837e-05,0.00012487,9.695e-05,0.00010628
0.000116646,9.94e-05,0.00013742,0.00011363,0.00012871
0.000106871,8.216e-05,0.00012587,0.00010971,0.00010331
0.000118436,8.503e-05,0.00015956,0.00011191,0.00015956
0.000105591,9.118e-05,0.00012215,0.000105795,0.0001189
0.000109101,8.533e-05,0.00013498,0.00010846,0.00013498
0.0001089,9.472e-05,0.00012139,0.000109385,9.472e-05
0.000110271,8.254e-05,0.00013665,0.000112885,0.00011593
0.00011031,9.173e-05,0.00013686,0.000109175,0.0001044
0.000115314,9.656e-05,0.00014519,0.000109955,0.00012358
0.000104565,7.851e-05,0.00015147,9.753e-05,0.0001055
0.000101651,7.398e-05,0.00014052,9.716e-05,8.716e-05
0.000106,8.717e-05,0.00012415,0.00010615,0.00010769
0.000105995,8.161e-05,0.00012799,0.000104615,0.00012799
0.000127229,8.32e-05,0.0001972,0.00011145,0.00010321
0.000105411,8.824e-05,0.00012505,0.00010415,9.849e-05
0.00011053,8.897e-05,0.00013767,0.000108115,0.00010418
0.000108799,9.459e-05,0.00013052,0.00010757,9.459e-05
9.934e-05,7.865e-05,0.00012937,9.57e-05,0.000103
0.000118222,0.00010028,0.00015393,0.00011379,0.00011399
0.000101021,6.949e-05,0.00012614,0.00010396,0.00010795
0.000113385,0.00010232,0.00013511,0.00011325,0.00010494
0.000109488,8.258e-05,0.00013096,0.000111485,0.00010523
0.00010182,7.755e-05,0.00014115,9.841e-05,9.235e-05
0.000104172,8.6e-05,0.00012018,0.00010197,0.00010186
0.000116119,9.765e-05,0.00014177,0.000108835,0.00014177
0.000115381,9.524e-05,0.00014215,0.0001152,0.00014215
0.000107011,8.391e-05,0.00013044,0.000107265,0.00010839
0.000112986,9.319e-05,0.00013087,0.00011193,0.00010833
0.000106486,8.417e-05,0.00013145,0.000106815,0.00013145
0.000111758,9.234e-05,0.00013331,0.000114625,0.00011449
0.00011347,7.718e-05,0.00014026,0.00011703,0.00012806
0.000103789,7.631e-05,0.00013221,0.000102935,0.00010011
0.000108516,7.786e-05,0.00013196,0.00010965,0.00012711
0.000116182,9.818e-05,0.00014055,0.000114665,0.0001109
0.000109464,8.619e-05,0.00013416,0.00010983,0.00012147
0.000112545,8.758e-05,0.00014392,0.000113705,0.00010889
0.000105569,9.387e-05,0.00013109,0.000102285,0.00013109
0.000114264,8.697e-05,0.00014425,0.000111415,0.00010834
0.000111539,9.614e-05,0.00013099,0.000112575,0.00010099
9.995e-05,9.021e-05,0.00011929,9.5905e-05,0.00010968
0.000115858,9.915e-05,0.00014445,0.00011569,0.00010671
0.000101079,7.919e-05,0.00013353,9.487e-05,8.37e-05
0.000112184,8.985e-05,0.00014107,0.000109555,0.00010795
0.000112255,9.29e-05,0.00014538,0.000106335,0.00012086
0.000111275,8.809e-05,0.00013226,0.00011236,0.00010636
0.000103765,9.313e-05,0.00011209,0.00010362,9.931e-05
9.5996e-05,7.233e-05,0.00012573,9.485e-05,0.00010269
0.000111155,9.424e-05,0.00013628,0.000105595,0.00010055
0.000101095,8.245e-05,0.00012882,9.9805e-05,0.00010939
0.000112742,9.788e-05,0.00013909,0.000110455,9.848e-05
9.8655e-05,7.797e-05,0.00012259,9.696e-05,0.00010584
0.000110755,9.469e-05,0.00013132,0.000111005,9.469e-05
9.4577e-05,7.966e-05,0.00011771,9.0195e-05,9.774e-05
0.000115108,9.931e-05,0.00015583,0.000105245,0.00010866
0.000103535,8.898e-05,0.00013016,9.9245e-05,9.428e-05
0.000109309,7.153e-05,0.00014286,0.000110735,0.00011312
0.000107729,9.249e-05,0.00012577,0.00010523,9.529e-05
0.00010154,8.919e-05,0.0001242,0.000100365,0.00010139
0.000104549,8.997e-05,0.00011618,0.000105455,9.733e-05
0.000100996,7.764e-05,0.00013222,0.00010105,0.00013222
0.000121464,9.47e-05,0.00015819,0.00012145,0.00012333
0.000103032,8.215e-05,0.00012883,0.00010102,0.00012883
0.00011045,8.667e-05,0.00012159,0.000111155,0.00011136
0.000106622,7.879e-05,0.0001358,0.000106885,0.00011498
0.000114512,0.00010122,0.00014228,0.00011115,0.00011049
0.000105371,8.234e-05,0.00014135,0.00010012,9.793e-05
0.000107315,9.207e-05,0.00013921,9.878e-05,0.00011136
0.000106841,8.552e-05,0.00013069,0.00010478,0.00012094
0.000106867,8.835e-05,0.00013578,0.00010383,0.00010836
0.000110109,9.46e-05,0.00013089,0.00010772,9.962e-05
0.000106966,7.771e-05,0.00013373,0.000108185,0.00010757
0.000110086,9.192e-05,0.00014843,0.000103135,9.192e-05
0.000108969,8.174e-05,0.00013178,0.000109805,0.00011006
0.000106213,8.756e-05,0.00012366,0.00010555,8.756e-05
0.000102535,7.87e-05,0.00013912,9.622e-05,0.00010574
0.000102525,8.021e-05,0.00013727,0.000103045,9.624e-05
0.000109155,8.721e-05,0.00013207,0.000106385,0.00012249
0.000106307,9.136e-05,0.00013698,0.00010053,0.00010519
0.000113598,8.638e-05,0.00015377,0.00010488,8.638e-05
0.000107095,8.737e-05,0.00013446,0.00010556,0.00010447
0.00011654,8.996e-05,0.00015665,0.00011101,8.996e-05
9.9755e-05,8.208e-05,0.00012844,9.5235e-05,0.00010074
0.000123251,9.48e-05,0.00016596,0.00011759,9.48e-05
0.000103986,7.59e-05,0.0001418,0.000102035,0.0001104
0.000112271,9.742e-05,0.00015077,0.000104795,9.866e-05
0.000103615,7.287e-05,0.0001254,0.000104685,9.717e-05
0.000111155,9.21e-05,0.00012792,0.000109125,0.00012779
0.000103753,9.449e-05,0.00012688,0.00010036,9.521e-05
0.000107818,9.026e-05,0.0001355,0.00010521,0.0001355
0.000100936,9.218e-05,0.00011192,9.956e-05,9.559e-05
0.000105996,7.618e-05,0.00013159,0.000110775,0.00010651
0.000107158,9.151e-05,0.00012464,0.00010787,0.00012464
0.000112944,8.785e-05,0.00014349,0.000109825,0.00010564
0.000112663,9.36e-05,0.00013409,0.00011341,0.00013409
0.000110111,8.613e-05,0.00012728,0.0001112,0.0001086
0.000117636,9.135e-05,0.00016085,0.00010999,0.00016085
9.8071e-05,8.086e-05,0.00011562,9.5895e-05,9.871e-05
0.00010925,8.874e-05,0.00012789,0.00010952,0.00012789
0.000105988,8.719e-05,0.00013472,9.843e-05,8.719e-05
0.000111234,8.443e-05,0.00014821,0.00010904,0.00014821
0.000104149,9.503e-05,0.00011432,0.000103465,9.503e-05
9.9168e-05,7.884e-05,0.00012888,9.7375e-05,0.00012888
0.000104148,9.062e-05,0.00012214,0.00010501,9.328e-05
0.000106165,8.115e-05,0.00013179,0.0001051,0.00010648
0.000111534,9.718e-05,0.00013242,0.0001103,9.718e-05
0.000105961,7.699e-05,0.00013634,0.00010521,0.00010439
0.000113529,9.75e-05,0.00013984,0.00010904,9.75e-05
0.000106829,7.966e-05,0.00013353,0.00010454,0.00010325
0.0001028,9.042e-05,0.00011406,0.000104295,0.00010687
0.000109953,9.125e-05,0.00013226,0.00010783,9.776e-05
0.000104765,9.642e-05,0.00011366,0.00010328,9.642e-05
0.000117849,0.00010026,0.00015052,0.000112645,0.00015052
0.000105459,8.325e-05,0.00012977,0.000103685,0.00010999
0.000105712,9.446e-05,0.00011458,0.00010825,0.00011092
0.000104274,9.474e-05,0.00011397,0.000104435,0.00011078
0.000108016,8.932e-05,0.00011689,0.000109765,0.00011045
0.000102505,9.025e-05,0.00012677,9.6835e-05,9.528e-05
0.000116464,0.00010076,0.00015268,0.000108525,0.00010898
0.00011632,9.913e-05,0.00013326,0.000118075,0.00013326
0.000111045,8.72e-05,0.00012941,0.00011127,0.00011319
0.000116335,9.507e-05,0.00015223,0.000109945,0.00015223
0.000106532,9.303e-05,0.00012136,0.00010431,0.00012136
0.000105711,9.445e-05,0.00013017,0.00010164,9.602e-05
0.000103421,8.411e-05,0.00013994,9.447e-05,9.922e-05
0.000117491,9.851e-05,0.00014319,0.000114215,9.851e-05
0.000104781,7.832e-05,0.00012809,0.000105045,0.00010649
0.000118306,0.00010239,0.0001469,0.00011427,0.00010811
9.9853e-05,7.402e-05,0.0001314,9.784e-05,0.00010682
0.000109624,8.631e-05,0.00013187,0.00011104,0.00012728
0.000109069,8.939e-05,0.00013056,0.000106135,0.00010098
0.00010907,8.823e-05,0.00013067,0.0001082,0.00013067
0.000119025,9.914e-05,0.00015646,0.00011123,0.00012694
0.000111915,8.288e-05,0.00015122,0.0001041,0.00015122
0.000105961,8.241e-05,0.00012282,0.000106525,0.00010265
0.000110571,9.469e-05,0.00013825,0.000106375,0.0001203
0.000110611,8.412e-05,0.00014874,0.00010564,0.0001047
0.000101233,7.662e-05,0.00013199,9.869e-05,8.9e-05
0.000111133,8.953e-05,0.00015102,0.00010583,0.00010943
0.000114405,0.00010148,0.00013259,0.000112245,0.00012169
0.000101625,7.159e-05,0.00014419,9.7345e-05,0.00010513
9.6546e-05,8.111e-05,0.00012368,9.338e-05,8.36e-05
0.000115849,9.887e-05,0.00013652,0.0001171,0.00013652
0.000108271,9.211e-05,0.00013551,0.000105735,0.00010961
0.00010466,8.241e-05,0.00013043,0.000101495,0.00013043
0.000107274,9.237e-05,0.00012759,0.00010486,9.237e-05
0.000107501,9.447e-05,0.00011969,0.000108455,9.968e-05
0.000112134,9.061e-05,0.00013651,0.000111295,0.00011172
9.8499e-05,7.669e-05,0.0001331,9.2985e-05,0.00010171
0.000116921,9.971e-05,0.00015315,0.000108915,9.971e-05
0.000108649,8.658e-05,0.00013135,0.000108035,9.842e-05
0.00011126,8.377e-05,0.00014844,0.000107745,0.00012157
0.000107236,8.438e-05,0.00014146,0.00010187,0.00010591
0.000101281,7.65e-05,0.00012322,0.00010131,0.00012322
0.000109156,0.0001,0.00012639,0.00010775,0.00012639
0.00010623,8.55e-05,0.00012383,0.00010844,0.00011216
0.000110961,9.335e-05,0.00012834,0.000112075,9.335e-05
0.000103126,7.038e-05,0.00013087,0.000105385,0.00010658
0.00010231,8.928e-05,0.00011873,9.981e-05,8.928e-05
0.000105979,7.492e-05,0.00012557,0.000111975,0.00012375
0.000112051,8.54e-05,0.00012622,0.000115765,0.00011019
0.000106864,8.829e-05,0.00013858,0.000102065,0.0001239
0.000111967,8.991e-05,0.00014341,0.00010796,0.00011028
0.000104906,8.042e-05,0.0001461,9.493e-05,8.042e-05
0.000108002,9.582e-05,0.00013435,0.000102555,0.00010713
0.000110732,9.768e-05,0.00012306,0.00010976,0.00012048
0.00011639,8.987e-05,0.00014998,0.000110685,0.00010562
0.000112374,9.102e-05,0.00012588,0.00011461,0.00012588
0.000106993,8.454e-05,0.00014223,0.00010682,0.00010758
0.000119322,0.00010223,0.00015447,0.00011248,0.00015447
0.000100014,8.223e-05,0.00012607,0.000102515,0.00010357
0.000122194,9.669e-05,0.00016462,0.00011966,0.00016462
0.000112825,9.576e-05,0.00013941,0.00010521,0.00013158
0.000110557,8.486e-05,0.00014457,0.000105435,0.00014457
0.000112662,9.608e-05,0.00013352,0.000109035,0.00012962
0.000106926,8.188e-05,0.00013566,0.000102705,0.00013566
0.000107803,8.886e-05,0.00012412,0.00011222,0.0001127
0.000108401,9.613e-05,0.00013186,0.000104265,0.00010129
0.000110675,9.57e-05,0.00013212,0.000108355,0.00010031
0.000102207,8.919e-05,0.00013048,9.7185e-05,9.131e-05
0.000106251,8.504e-05,0.00012272,0.000108155,0.00011879
0.000103754,9e-05,0.00013709,9.7845e-05,9.685e-05
0.00011537,8.708e-05,0.00014683,0.00011135,0.00014683
0.000105772,9.655e-05,0.00013049,0.000100715,9.655e-05
0.000112373,8.845e-05,0.00015175,0.00010811,0.00015175
0.000111108,9.836e-05,0.00013432,0.000106095,0.00012268
0.000107841,8.472e-05,0.00013233,0.000103985,0.00013233
0.000109686,9.109e-05,0.00012962,0.00010671,0.00012245
0.000106116,8.775e-05,0.00013365,0.000102875,0.0001114
0.0001236,9.652e-05,0.00016203,0.00011325,0.00016203
0.0001065,8.293e-05,0.0001321,0.00010931,0.00010347
0.000108149,8.907e-05,0.00013845,0.000103105,0.00013845
0.000105615,8.375e-05,0.00013258,0.000107095,0.00010914
0.00010863,8.999e-05,0.00013508,0.000104475,0.00013508
0.000104745,8.901e-05,0.00012575,0.000102705,9.4e-05
0.000115839,9.185e-05,0.00015192,0.000110575,0.00015192
0.00011465,9.726e-05,0.00014462,0.0001089,0.0001263
0.000110602,9.467e-05,0.00012951,0.00010958,0.00012951
0.000109356,9.842e-05,0.00012117,0.000109545,0.00011921
0.000109729,7.897e-05,0.0001416,0.000109305,0.00010376
0.000106862,8.75e-05,0.00013314,0.00010597,8.75e-05
0.00010352,7.468e-05,0.0001369,0.000102925,0.00010899
9.8823e-05,8.114e-05,0.00012577,9.718e-05,8.578e-05
0.000109021,7.499e-05,0.00013297,0.00011254,0.00010634
0.000103951,8.244e-05,0.00012732,0.00010589,0.00012294
0.00010383,7.9e-05,0.00013013,9.9915e-05,9.474e-05
0.000109647,8.283e-05,0.0001434,0.000108135,0.0001434
0.000122846,0.00010165,0.00016266,0.000116645,0.00013129
0.000105441,8.491e-05,0.00013647,9.8775e-05,0.00013647
0.000109111,9.56e-05,0.00012884,0.00010716,9.56e-05
0.00010709,7.741e-05,0.0001327,0.000109295,0.00010262
0.000119499,9.952e-05,0.00016153,0.000112185,9.952e-05
0.000102883,7.961e-05,0.0001398,9.6175e-05,0.00010824
0.000109738,8.035e-05,0.00015098,0.0001064,0.00010356
0.000108266,9.283e-05,0.00012719,0.00010631,0.00010378
0.000113524,0.00010025,0.00014557,0.00010655,0.00010349
0.000104896,8.347e-05,0.00013423,0.000103415,9.941e-05
0.000105986,9.28e-05,0.00012531,0.00010561,9.28e-05
0.000105969,7.463e-05,0.00013976,0.000105775,0.00010944
0.000104812,8.03e-05,0.00013658,0.000103195,0.00010718
0.000114608,9.88e-05,0.00014356,0.000110445,0.00011193
0.000111011,7.459e-05,0.0001356,0.000116,0.00013162
0.000112976,9.214e-05,0.00014004,0.000108735,0.00010926
0.000104919,7.739e-05,0.000142,0.000102635,0.00010335
0.000109285,7.576e-05,0.00013099,0.00011355,0.00011929
0.000109112,7.981e-05,0.00013669,0.000112045,0.00012937
0.000108447,7.574e-05,0.0001418,0.00011083,0.00011002
0.00010857,8.236e-05,0.00013552,0.00010649,0.00012497
0.00011592,7.871e-05,0.00014786,0.00012283,0.00011918
0.000107575,8.972e-05,0.00012342,0.000107025,0.00012342
0.000107044,8.621e-05,0.00013618,0.00010358,0.00010294
0.000110056,9.461e-05,0.00012842,0.000108755,9.914e-05
9.9054e-05,7.436e-05,0.00012896,9.7195e-05,9.917e-05
0.000118146,8.464e-05,0.00014989,0.00011964,0.00014989
0.000101205,7.976e-05,0.00012915,9.8545e-05,9.748e-05
0.000107582,8.341e-05,0.00012116,0.000109865,0.00011037
0.000111453,9.71e-05,0.00014007,0.00010759,0.00011314
0.000103595,8.385e-05,0.00011772,0.000105035,0.00011075
0.00010538,8.018e-05,0.00012527,0.000106015,8.018e-05
0.000101377,8.691e-05,0.00013308,9.58e-05,0.00010632
0.000115445,9.631e-05,0.00013731,0.00011247,0.00012708
0.000101608,7.541e-05,0.00013571,0.000101495,0.00010991
0.0001147,9.786e-05,0.00013001,0.00011729,0.00010569
0.000108498,8.946e-05,0.00012998,0.000104655,0.00010147
0.000120473,9.603e-05,0.00016083,0.00011361,0.00012467
0.000109536,9.563e-05,0.00012851,0.00010602,0.00010621
0.000105902,7.778e-05,0.00012634,0.000110425,0.00012634
0.000108816,9.433e-05,0.00014691,9.9535e-05,9.876e-05
0.000103532,8.405e-05,0.00011618,0.000104255,0.00011618
0.000106545,9.315e-05,0.00012064,0.00010372,0.00011868
0.000111382,8.385e-05,0.0001528,0.00010536,9.769e-05
0.000120212,9.483e-05,0.00015684,0.00011622,0.00015684
0.000117809,8.942e-05,0.00014703,0.000122555,0.00012438
0.000116644,9.58e-05,0.00014938,0.000112955,0.00014938
0.00010869,8.712e-05,0.00013175,0.000110645,0.00010516
0.000105354,7.395e-05,0.00013121,0.00010541,0.00013121
0.000108406,8.649e-05,0.00013519,0.00010372,0.00010209
0.000105264,7.616e-05,0.00013195,0.00010862,0.000123
0.000106034,8.52e-05,0.00012685,0.000105435,0.0001026
0.00010846,7.277e-05,0.00014032,0.00010732,0.00012825
0.000104489,9.651e-05,0.00011465,0.00010365,0.00010162
0.000108929,7.974e-05,0.00013624,0.000111015,0.00013624
0.000111291,8.316e-05,0.000128,0.0001143,9.562e-05
0.00010498,7.736e-05,0.00012807,0.000106725,0.0001255
0.000117531,9.825e-05,0.00013172,0.000120605,0.00013172
0.000107395,8.509e-05,0.00013908,0.00010295,9.949e-05
0.000103238,8.876e-05,0.00012583,9.993e-05,0.00011887
0.000102266,7.769e-05,0.0001335,0.000100855,9.823e-05
0.0001117,9.578e-05,0.00013921,0.00010706,0.00011086
0.000108835,7.523e-05,0.00013462,0.00010919,0.0001249
0.000107131,8.641e-05,0.00014438,0.00010356,0.00010535
0.000115736,9.004e-05,0.00014297,0.000116695,0.00012621
0.000114202,9.046e-05,0.00013627,0.00011571,0.00010983
0.000109471,8.555e-05,0.00013723,0.000105545,0.00013723
0.000105361,9.151e-05,0.00014205,9.8695e-05,0.00014205
0.000109669,8.722e-05,0.0001287,0.000111685,9.628e-05
0.000105048,7.027e-05,0.00013053,0.00010923,0.00012805
0.000110035,8.718e-05,0.00014625,0.000105815,0.0001139
0.000115939,0.0001021,0.00013569,0.000113595,0.00012566
0.000111434,9.235e-05,0.00014373,0.00010855,0.00011119
0.000109359,7.928e-05,0.00014354,0.000108625,0.0001193
0.000100193,8.264e-05,0.00012487,0.000100475,0.00010401
0.000105364,8.665e-05,0.00012801,0.000106985,0.00011271
0.000103606,8.629e-05,0.00011769,0.00010382,0.00011769
0.000106991,8.974e-05,0.00012243,0.00010717,0.00010686
0.000105948,7.481e-05,0.00013888,0.000105735,0.00011448
0.000113341,8.757e-05,0.00014999,0.000110675,0.00011087
0.000108791,8.69e-05,0.00013915,0.000103205,8.69e-05
0.000111026,9.936e-05,0.00014013,0.00010638,0.00010395
0.000101119,7.881e-05,0.00013045,9.854e-05,9.702e-05
0.000100049,7.465e-05,0.00011778,0.000104825,0.00010532
0.000107111,8.59e-05,0.00013342,0.00010549,8.791e-05
0.000107572,9.456e-05,0.00013021,0.000103775,0.0001041
0.000118696,9.766e-05,0.00015032,0.000113755,0.00015032
0.000116841,9.757e-05,0.00015003,0.000111695,0.00011859
0.000118434,9.447e-05,0.00015874,0.000110565,0.00015874
0.000109754,9.176e-05,0.00013688,0.000109085,0.00010214
0.000109729,8.988e-05,0.00012045,0.00011375,0.00011475
0.000109045,9.577e-05,0.00013317,0.000103105,0.00013317
0.000109261,9.476e-05,0.00012384,0.00010939,0.00012384
0.000105812,8.48e-05,0.00013567,0.000102435,0.00010058
0.00011431,9.205e-05,0.00015763,0.000106055,0.00015763
0.000105992,9.263e-05,0.00013279,0.000100195,9.263e-05
0.000108585,9.652e-05,0.00013267,0.000104425,0.00013267
0.000101936,8.71e-05,0.00011404,0.00010235,9.376e-05
0.000108969,8.442e-05,0.00013936,0.000108375,0.00013936
0.000108301,9.442e-05,0.00012301,0.00010885,0.00010054
0.000105088,8.396e-05,0.00013812,0.00010071,9.207e-05
0.000102253,8.431e-05,0.00011735,0.000101725,9.966e-05
0.000101854,8.711e-05,0.00011637,0.00010156,8.711e-05
0.000106718,6.955e-05,0.00015197,0.00010109,0.00015197
0.000113543,9.484e-05,0.0001392,0.00010953,0.0001392
0.000102567,9.077e-05,0.00011396,0.000104045,0.00010644
0.000106497,8.497e-05,0.00013155,0.00010213,0.00010571
0.000108625,7.636e-05,0.00013306,0.00011268,0.00013086
0.000106009,8.991e-05,0.0001296,0.00010532,0.00010757
0.000107386,8.301e-05,0.00012567,0.000107455,0.00012567
0.000106582,8.902e-05,0.00013313,0.00010024,9.898e-05
0.000105387,8.484e-05,0.00012062,0.000105385,0.00012062
0.00010782,8.458e-05,0.00012557,0.000106915,0.00010022
0.000108181,8.614e-05,0.00012982,0.000109125,0.00012982
0.000107911,9.309e-05,0.00013212,0.000109535,0.00010787
0.000111211,9.527e-05,0.00014557,0.000104975,0.00014557
0.000110006,8.311e-05,0.00013097,0.000111005,0.00010719
0.000119848,0.0001011,0.00015792,0.000113145,0.00015792
0.000115965,8.852e-05,0.00015187,0.00011141,0.00011217
0.000103629,9.172e-05,0.00011334,0.00010275,0.00011334
0.000115979,8.617e-05,0.00014608,0.000120495,0.00012147
0.000111819,9.323e-05,0.00012903,0.000111745,9.836e-05
0.000107179,9.249e-05,0.00012895,0.00010549,9.249e-05
0.000111864,9.018e-05,0.00012913,0.000113595,0.00011803
0.00010891,8.652e-05,0.00014156,0.000105605,0.00010008
0.000108936,8.489e-05,0.0001209,0.00011085,0.00010636
0.000102519,8.479e-05,0.00012308,9.9865e-05,9.788e-05
0.000108714,9.695e-05,0.00012315,0.00010703,0.00012098
0.00011496,9.081e-05,0.00015902,0.000104665,9.081e-05
0.000104718,8.072e-05,0.00013813,0.00010139,0.00013813
0.000108297,9.942e-05,0.00013468,0.0001026,9.942e-05
0.000106242,8.038e-05,0.0001386,0.00010243,0.0001386
0.000111477,8.547e-05,0.00013843,0.000112525,0.00010558
0.000109691,7.764e-05,0.00013953,0.000108745,0.00012954
0.00011505,9.392e-05,0.00014883,0.0001125,0.00011003
0.000104643,8.977e-05,0.00012747,9.9465e-05,0.00010489
0.000107493,9.741e-05,0.00012658,0.000104535,0.00010979
0.000111035,8.944e-05,0.00013313,0.000111405,0.00012852
0.000115153,9.341e-05,0.00014521,0.000116005,0.00010942
0.000110963,9.568e-05,0.00013583,0.00010574,0.00012485
9.6939e-05,7.473e-05,0.00012003,9.8385e-05,0.00010694
0.000112651,8.744e-05,0.00015016,0.000108525,8.744e-05
0.000105759,7.366e-05,0.00013297,0.00010873,0.0001083
0.000102309,8.421e-05,0.00012415,0.000103145,0.00010774
0.000102523,7.098e-05,0.00013773,0.00010097,0.00011255
0.000108105,9.026e-05,0.00012486,0.000108385,9.026e-05
0.000100255,7.427e-05,0.00013053,9.631e-05,9.601e-05
0.000106619,7.911e-05,0.00013897,0.00010601,0.0001088
0.000101602,7.983e-05,0.00013353,9.592e-05,0.00010342
0.000114231,8.373e-05,0.0001382,0.00012031,0.00012127
0.000103401,8.6e-05,0.00012667,9.7585e-05,0.00012667
0.000105847,8.321e-05,0.00012265,0.00010873,0.00010676
0.0001157,9.85e-05,0.00014971,0.00010839,0.00014971
0.000114507,8.99e-05,0.00015163,0.000115115,0.00011634
0.000122786,0.00010901,0.00015704,0.00011408,0.00015704
0.000109975,9.336e-05,0.00012706,0.000110595,0.00010887
0.000109352,9.45e-05,0.0001289,0.00010924,9.704e-05
0.000112101,8.255e-05,0.00014175,0.00011334,0.00010141
0.000104723,9.227e-05,0.0001396,9.7995e-05,9.255e-05
0.000101724,7.903e-05,0.00012847,9.794e-05,9.507e-05
0.00010117,8.717e-05,0.0001266,9.6425e-05,8.717e-05
0.000118719,0.00010638,0.00014046,0.0001176,0.00010826
0.000102415,7.778e-05,0.00012172,0.000107195,0.00012172
0.000112999,9.397e-05,0.00013029,0.000111605,0.00010401
0.000107784,7.896e-05,0.00013717,0.000107585,0.00013717
0.000103661,8.419e-05,0.00011758,0.00010531,0.00010401
0.000105899,8.977e-05,0.00012649,0.00010299,9.907e-05
0.000114836,8.416e-05,0.00015366,0.000107155,0.00015366
0.00010724,8.041e-05,0.00013376,0.00010365,9.981e-05
0.000107057,8.464e-05,0.00013198,0.00010426,0.00013198
0.000115764,9.648e-05,0.00015073,0.00010952,0.00011376
0.000111179,8.299e-05,0.00014633,0.00010551,0.00014633
0.000118106,9.737e-05,0.00016113,0.000109015,0.00012609
0.00011603,9.427e-05,0.00015064,0.00011398,0.00015064
0.000121273,0.00010146,0.00015314,0.00011822,0.00013036
9.9585e-05,8.061e-05,0.00012653,9.6635e-05,0.00012653
0.000113515,8.54e-05,0.00014741,0.00011159,0.00011736
0.000103505,7.993e-05,0.00012952,0.00010017,0.00012952
0.000115385,8.453e-05,0.00014852,0.000113635,0.00010116
0.000116186,9.877e-05,0.00015324,0.000109255,0.00015324
0.000118663,9.516e-05,0.00013572,0.00012213,0.00012182
0.000110878,8.782e-05,0.00013219,0.00010952,0.00013219
0.000115549,8.732e-05,0.00014932,0.00011169,0.00011492
0.000106744,8.186e-05,0.0001247,0.000107105,9.735e-05
0.000112462,7.877e-05,0.00014649,0.00011315,0.00010646
0.00011442,9.221e-05,0.00014616,0.000111065,9.221e-05
0.000108808,7.776e-05,0.00012926,0.0001143,0.00011155
0.00011018,9.287e-05,0.0001302,0.00010962,0.00010755
0.000112653,7.619e-05,0.00014115,0.00011591,0.00011303
0.000113209,9.887e-05,0.00014279,0.000107915,0.0001112
0.000112649,8.18e-05,0.00014682,0.000112195,0.00010602
0.000101775,8.379e-05,0.00011865,0.000104165,0.00011865
0.000105871,8.978e-05,0.00012041,0.000107185,0.00011079
0.000109364,9.76e-05,0.0001325,0.00010661,9.76e-05
0.000109794,0.00010013,0.00012355,0.000107875,0.00010811
0.00010182,7.387e-05,0.00012744,0.00010336,0.00011935
0.00011542,8.857e-05,0.00013834,0.00011382,0.00010882
0.000105585,8.586e-05,0.00012737,0.00010554,0.00012737
0.00011172,9.018e-05,0.00013591,0.000107405,0.00010534
0.000106491,8.27e-05,0.00013752,0.000107045,0.00013752
0.00011675,8.831e-05,0.00015449,0.000110615,0.00010393
0.00010908,9.651e-05,0.00013845,0.000103905,0.00013845
0.000111061,8.428e-05,0.00014571,0.00010509,9.929e-05
0.000114741,9.537e-05,0.00013804,0.00011596,0.00013804
0.000105571,8.293e-05,0.00013254,0.000103125,0.00010338
0.000122436,9.856e-05,0.00014432,0.00012206,0.00013493
0.000105145,8.762e-05,0.00013962,9.8685e-05,0.00013962
0.000101896,8.827e-05,0.00012295,9.858e-05,9.728e-05
0.00011095,8.757e-05,0.00013191,0.00010828,0.00012493
0.000109191,7.791e-05,0.00013091,0.00011425,0.00011412
9.5206e-05,7.485e-05,0.00012665,9.101e-05,8.561e-05
0.000112136,8.636e-05,0.00014503,0.000110005,0.00011183
0.000115535,9.761e-05,0.00013694,0.000115755,0.00012248
0.000115059,9.586e-05,0.00014738,0.000106715,0.00010205
0.000105517,9.743e-05,0.00012422,0.00010271,0.00010865
0.000117791,9.698e-05,0.00014879,0.00011667,0.00011874
0.000107327,9.065e-05,0.00012789,0.000109005,9.065e-05
0.000103973,8.641e-05,0.00013157,0.00010221,0.00010449
0.000117064,0.00010023,0.00015337,0.00011051,0.00010023
0.000113221,8.301e-05,0.00014338,0.000113175,0.00010834
0.000103487,7.292e-05,0.00014446,9.8625e-05,9.577e-05
0.000109569,9.46e-05,0.00012432,0.00010938,0.00012006
0.000111301,7.402e-05,0.00015448,0.000106645,0.00010686
0.000108937,9.087e-05,0.00014291,0.000100645,0.00014291
0.000100061,8.83e-05,0.00012071,9.6395e-05,9.537e-05
0.000121647,0.00010208,0.00015778,0.00011795,0.00015778
0.000107405,8.594e-05,0.00012332,0.000107685,0.00010762
0.000104627,8.381e-05,0.00013005,0.000101675,0.00012778
0.000102756,9.101e-05,0.00012546,9.9915e-05,9.965e-05
9.8876e-05,8.174e-05,0.00011457,9.815e-05,9.129e-05
0.000104207,8.606e-05,0.0001409,9.663e-05,0.00010241
0.000104396,9.501e-05,0.00012844,0.00010047,9.501e-05
0.000101192,7.931e-05,0.00012564,9.991e-05,0.00010517
0.000106123,8.569e-05,0.00012551,0.0001076,8.569e-05
0.000108395,8.888e-05,0.00013155,0.000108285,9.887e-05
0.000112204,8.672e-05,0.00014981,0.00010314,0.00014981
0.000109479,9.125e-05,0.0001255,0.000108835,0.00010235
0.000112695,8.362e-05,0.00014328,0.000114035,0.00013185
0.000111414,8.583e-05,0.00014775,0.00010664,0.00011679
0.000100691,7.811e-05,0.00012767,0.00010207,0.00010296
0.000122676,9.639e-05,0.00014565,0.00012659,0.00011511
0.000101263,7.464e-05,0.00013361,9.7355e-05,8.667e-05
0.00011569,0.00010089,0.00014998,0.000107665,0.0001134
0.000105448,7.797e-05,0.00013795,0.000103445,9.762e-05
0.000108856,7.787e-05,0.00014672,0.000110165,0.00010867
0.000110461,8.31e-05,0.00014521,0.00010878,0.00012521
0.000110745,7.908e-05,0.00014116,0.00011395,0.00010973
0.000112014,9.268e-05,0.00014477,0.000106985,0.00011205
0.000109954,7.714e-05,0.00013446,0.000113775,0.00010728
0.000109489,8.69e-05,0.00014866,0.000104355,8.69e-05
0.000111514,7.641e-05,0.00014389,0.000111295,0.00010761
0.000105423,8.553e-05,0.00013002,0.00010543,8.553e-05
0.000100237,7.538e-05,0.00013412,9.636e-05,0.00010813
0.000120364,0.00010256,0.00014697,0.000119335,0.00010339
0.000109969,8.3e-05,0.00014175,0.000110685,0.00011067
0.000103744,8.603e-05,0.0001297,0.00010097,8.603e-05
0.00010632,8.876e-05,0.00012348,0.00010762,0.00010506
0.000107961,8.951e-05,0.00013712,0.000101405,0.00013712
0.000119585,9.451e-05,0.00015462,0.000118085,0.00010015
0.000100824,8.563e-05,0.00011934,0.000102145,0.00010836
0.00011075,9.643e-05,0.00012165,0.00011233,0.00011528
0.000102126,8.622e-05,0.00012999,0.00010015,0.00012999
0.000119807,9.266e-05,0.00015867,0.00012029,0.00012426
0.000109642,9.627e-05,0.00014269,0.00010299,0.00014269
0.000106187,9.135e-05,0.00012887,0.00010641,0.00011483
0.000114794,0.00010141,0.00013833,0.00011049,0.00011829
0.000113116,9.322e-05,0.00015121,0.000106165,0.0001179
0.000114742,9.917e-05,0.00013938,0.000109395,0.0001209
0.000106437,7.264e-05,0.00013487,0.00011132,0.00010493
0.000114804,9.257e-05,0.00014079,0.00011577,0.00014079
0.000107443,8.611e-05,0.00013161,0.00010649,0.00010534
0.000111624,8.298e-05,0.00013381,0.00011173,0.00013381
0.000107551,8.841e-05,0.00013084,0.00011017,0.00010508
0.000107879,8.294e-05,0.00013243,0.000106785,0.00010828
0.00011229,9.51e-05,0.00012536,0.000113275,0.00012536
0.0001058,8.46e-05,0.00012699,0.000107405,0.00010745
0.00010294,8.821e-05,0.00011942,0.000101025,0.00011942
0.000118213,9.631e-05,0.00015295,0.00011012,0.00010905
0.00010234,9.305e-05,0.00011127,0.000101035,9.675e-05
0.000107137,7.451e-05,0.00013113,0.000111415,0.00011175
0.000108414,8.031e-05,0.00015621,0.000100475,8.031e-05
0.000109747,7.487e-05,0.00013077,0.000117205,0.00010892
0.000106842,8.921e-05,0.00012515,0.0001046,0.00011358
0.000111404,8.002e-05,0.0001349,0.000114545,0.00012517
0.000115839,9.48e-05,0.00013666,0.000114175,0.00010595
0.00011066,8.745e-05,0.00014266,0.00010923,0.00014266
0.000103435,8.788e-05,0.00011742,0.000105495,0.00010835
0.00010405,8.187e-05,0.00012437,0.00010326,9.91e-05
0.000111141,9.248e-05,0.0001455,0.000106615,0.00010602
0.000105708,9.336e-05,0.00012631,0.000104475,0.00010488
0.000103675,8.704e-05,0.00012804,0.000102335,9.956e-05
0.000112141,9.664e-05,0.00014148,0.00010607,0.00010154
0.000105113,7.165e-05,0.00013224,0.000108185,0.00010453
0.000121239,9.919e-05,0.00015429,0.000115135,0.00012272
0.000107269,7.381e-05,0.000136,0.000107375,0.00010161
0.000114375,9.078e-05,0.0001511,0.00010889,9.078e-05
0.000112989,8.836e-05,0.00013716,0.000112065,0.00010122
0.000102125,8.448e-05,0.00011942,0.00010108,0.00010189
0.000114566,9.11e-05,0.0001485,0.000110315,0.00011224
0.000104513,7.775e-05,0.0001322,0.000101865,0.0001322
0.000110198,8.476e-05,0.0001268,0.000109365,0.00011116
0.000108992,7.056e-05,0.00013585,0.00011362,0.00013585
0.000115187,9.66e-05,0.0001363,0.00011724,9.757e-05
0.000111311,7.31e-05,0.00014841,0.00011054,0.00010541
0.000123722,0.0001004,0.00016007,0.00012046,0.0001004
9.7789e-05,8.449e-05,0.00011679,9.3845e-05,0.00010219
0.000109381,8.777e-05,0.00014831,0.000105845,8.777e-05
0.000108334,8.26e-05,0.00013589,0.0001042,0.00011021
0.000125454,0.00010099,0.00015749,0.00012409,0.00014266
0.000107235,9.391e-05,0.00012641,0.000105695,0.00010782
0.000114794,9.463e-05,0.00014441,0.00011148,0.00014441
0.000114193,9.117e-05,0.000149,0.00011241,9.482e-05
0.000114979,9.595e-05,0.00014475,0.000110405,0.00012858
0.000111966,8.891e-05,0.00012809,0.00011596,0.00012489
0.000121254,9.364e-05,0.00016423,0.00011664,0.0001141
0.000101263,8.85e-05,0.0001168,0.00010192,0.00010525
9.6553e-05,8.464e-05,0.00011793,9.297e-05,9.439e-05
0.00011035,8.067e-05,0.0001454,0.00011029,0.00010905
0.000109119,8.132e-05,0.0001424,0.000107155,0.00011944
0.000110321,9.383e-05,0.00013969,0.000105285,0.00010551
0.000107569,7.751e-05,0.00012912,0.000112165,0.00012058
0.000110267,8.64e-05,0.0001468,0.00010626,0.00011405
0.000103866,8.3e-05,0.00012767,0.00010615,0.00012223
0.000108557,7.669e-05,0.00013794,0.00011088,0.00011417
0.000111409,8.62e-05,0.00013634,0.000110825,8.62e-05
0.000100417,7.315e-05,0.00012776,0.000103245,9.399e-05
0.000114872,9.013e-05,0.00013159,0.000114795,0.00013159
9.775e-05,8.162e-05,0.00011947,9.5905e-05,8.894e-05
0.000105915,7.666e-05,0.00014762,0.000101685,0.00011326
0.00010185,8.774e-05,0.0001284,9.4295e-05,9.22e-05
0.000108354,8.454e-05,0.00013036,0.000109995,0.0001043
0.000109365,8.784e-05,0.00012897,0.00011007,0.00012897
0.000112298,9.092e-05,0.00014577,0.00011209,0.00011736
0.00011276,8.867e-05,0.00013482,0.00011532,0.00013482
0.000111936,9.897e-05,0.00012772,0.000108735,0.00010635
0.000113446,9.227e-05,0.00012927,0.00011433,0.00011117
0.000107047,9.202e-05,0.00012591,0.00010282,0.0001014
0.000110993,9.797e-05,0.00014898,0.00010673,9.797e-05
0.000104376,8.161e-05,0.00012965,0.000100855,8.161e-05
0.000110917,0.00010138,0.00012405,0.00010988,0.00010386
0.000109105,8.995e-05,0.00013993,0.000102305,0.00013993
0.00011947,9.11e-05,0.00015181,0.000117015,0.00011979
0.000106396,9.38e-05,0.00012703,0.00010515,0.00010415
0.00011107,8.94e-05,0.00013714,0.000111875,0.00011477
0.000116239,9.808e-05,0.00014945,0.000111385,0.00012213
9.4084e-05,6.936e-05,0.00012798,9.0505e-05,9.686e-05
0.000116239,9.478e-05,0.00014821,0.00011122,0.0001045
0.00010715,7.93e-05,0.00014372,0.000105225,0.00011852
0.0001027,8.858e-05,0.00012163,0.000102495,9.113e-05
0.000107012,8.213e-05,0.00012612,0.000108715,0.00010451
0.000106465,7.696e-05,0.00012605,0.000111825,0.00012605
0.000110447,9.546e-05,0.00012856,0.00010981,0.00010207
0.000107236,9.178e-05,0.00012717,0.00010731,9.918e-05
0.000107626,8.489e-05,0.00013225,0.00010552,0.00011562
0.000109061,7.844e-05,0.00014057,0.000109575,0.00011044
0.000114231,9.986e-05,0.00014439,0.00010822,0.00011621
9.9001e-05,7.372e-05,0.00012949,9.751e-05,9.332e-05
0.000114756,9.317e-05,0.00013636,0.00011365,9.317e-05
0.00010946,9.353e-05,0.00012994,0.00010821,0.00012994
0.00011788,9.701e-05,0.00014656,0.00011724,0.00010113
0.000107036,9.238e-05,0.0001295,0.00010615,0.00011074
9.8843e-05,7.355e-05,0.00013517,9.455e-05,0.00010815
0.000112401,9.796e-05,0.00013737,0.00010775,0.0001068
0.000111038,7.917e-05,0.00013687,0.000112825,0.000114
0.00011503,9.338e-05,0.00014808,0.00010862,9.338e-05
0.000103651,7.637e-05,0.00013311,0.000101955,9.973e-05
0.000113863,9.311e-05,0.00013119,0.000113875,0.00013119
0.000109278,8.553e-05,0.00012455,0.000112775,0.00011421
0.000120714,9.974e-05,0.00015855,0.00011291,0.0001119
0.000109904,7.904e-05,0.00013039,0.00011481,0.00013039
0.0001139,9.132e-05,0.00013917,0.000111905,0.00011447
0.000104585,8.227e-05,0.00014375,9.6445e-05,8.332e-05
0.00011163,9.461e-05,0.00014696,0.00010458,0.0001111
0.000108513,9.329e-05,0.00013838,0.000102355,9.329e-05
0.000103395,8.685e-05,0.00012392,0.00010083,0.00010961
0.000118913,9.716e-05,0.00014932,0.00011594,0.00011523
0.000102409,7.901e-05,0.00012627,0.000101235,9.209e-05
9.8162e-05,7.885e-05,0.00012583,9.4305e-05,0.00010841
0.000108846,8.237e-05,0.00014923,0.000106605,0.00011117
0.000109725,9.065e-05,0.00014685,0.000106255,0.00010691
0.000103662,8.223e-05,0.00013738,9.8045e-05,8.744e-05
0.000105555,8.809e-05,0.00012699,0.000106765,0.0001055
0.000112689,0.00010375,0.00013659,0.000105765,0.00010829
0.000108974,7.293e-05,0.00014728,0.000110735,0.0001143
0.00011253,8.309e-05,0.00014315,0.00010964,0.00011973
0.000111627,7.82e-05,0.00013966,0.000114665,0.00011027
0.0001175,9.587e-05,0.00014895,0.00011166,0.00012866
0.000105637,7.925e-05,0.00013821,0.00010295,0.00011163
0.000102105,8.516e-05,0.00012129,0.000101485,8.516e-05
0.000103236,8.302e-05,0.00013451,9.525e-05,0.00010625
0.000110246,9.519e-05,0.00013598,0.000105085,0.00012053
0.000110186,8.618e-05,0.00015419,0.00010127,0.00010626
0.000106387,9.468e-05,0.0001233,0.000103115,0.00011554
0.000115091,9.391e-05,0.00014009,0.000114215,0.00010444
0.000104526,8.413e-05,0.000133,0.000103345,0.00010331
0.000116222,9.458e-05,0.0001508,0.000110525,0.00010944
0.00010126,7.847e-05,0.00013308,9.865e-05,8.106e-05
0.000119982,9.741e-05,0.00015669,0.000113595,0.00011211
0.000104084,7.493e-05,0.000132,0.000107555,8.614e-05
0.00010969,9.7e-05,0.00012844,0.00010694,0.00010644
0.000105985,8.498e-05,0.00013094,0.00010797,0.00013094
0.000116386,8.763e-05,0.0001561,0.00011269,9.995e-05
0.000110388,9.777e-05,0.00013374,0.000106845,0.00013374
0.000105373,8.299e-05,0.00013007,0.00010276,9.627e-05
0.000113943,9.442e-05,0.00013277,0.00011391,0.00013277
0.00010742,8.259e-05,0.00013511,0.0001054,9.774e-05
0.000118963,9.845e-05,0.00015986,0.000109435,0.00015986
0.000104615,7.995e-05,0.0001313,0.0001016,9.479e-05
0.0001267,0.0001058,0.00016854,0.000119905,0.00016854
9.8146e-05,8.718e-05,0.00011375,9.6535e-05,9.796e-05
0.00010569,8.947e-05,0.00012295,0.00010382,8.947e-05
0.000100994,8.264e-05,0.00012736,9.618e-05,0.00010398
0.000109839,9.869e-05,0.00012484,0.000109355,0.00011941
0.000107178,8.565e-05,0.00013706,0.00010361,0.00010204
0.000116804,9.43e-05,0.0001469,0.000112795,0.00012776
0.000110029,8.72e-05,0.00014844,0.000105485,0.00010569
0.000109861,8.219e-05,0.00013732,0.00010923,0.00012034
0.0001116,8.14e-05,0.00015276,0.0001085,0.00011078
0.000110762,7.981e-05,0.00013692,0.000114655,0.00010811
0.000109884,9.572e-05,0.00012655,0.000109785,0.00010847
0.00010716,9.167e-05,0.00012416,0.00010855,0.00012416
0.000112464,8.712e-05,0.00013766,0.000110565,0.00010917
0.00010503,8.687e-05,0.00012723,0.00010674,0.00012723
0.000113768,9.081e-05,0.00015069,0.00010615,0.00010423
0.000109587,9.218e-05,0.00013454,0.0001082,0.00013454
0.000101362,8.167e-05,0.00011811,0.000101905,9.826e-05
0.00010951,9.722e-05,0.00013491,0.000106575,0.00013491
0.000101286,8.461e-05,0.00012467,0.000100475,0.0001023
0.000115449,9.903e-05,0.00014379,0.00011138,0.00014379
9.7107e-05,8.717e-05,0.00010695,9.73e-05,0.00010461
0.000118556,9.659e-05,0.00014995,0.000112625,0.00013221
0.000102651,9.208e-05,0.00012736,9.6605e-05,0.00010094
0.000110204,7.594e-05,0.00015296,0.00010872,0.00011084
0.000106675,8.367e-05,0.00013423,0.00010332,0.00010826
0.000103887,8.615e-05,0.0001241,0.000103605,0.00010358
0.000108025,8.523e-05,0.0001251,0.00010705,0.00011947
0.000105392,7.447e-05,0.00012551,0.00011183,0.00010733
0.00012445,8.971e-05,0.00015025,0.0001284,0.00013045
0.000109355,8.708e-05,0.00013358,0.00011086,9.637e-05
0.000139378,9.439e-05,0.00018197,0.000143225,0.00018197
0.00010304,8.28e-05,0.00013142,9.992e-05,9.451e-05
0.000127497,9.903e-05,0.00016396,0.00012519,0.00016396
9.9158e-05,8.834e-05,0.00011621,9.805e-05,9.821e-05
0.000108048,9.19e-05,0.00012168,0.00011016,9.19e-05
0.000100712,8.52e-05,0.00012469,9.687e-05,9.871e-05
0.000110154,9.951e-05,0.00013274,0.00010602,0.00010581
0.000107366,8.199e-05,0.00015457,9.9315e-05,0.00010458
0.000114816,9.646e-05,0.00014201,0.00011093,0.00012073
0.000112019,9.668e-05,0.00014255,0.00011006,0.00011048
0.00011017,7.606e-05,0.00013797,0.00011242,0.00012225
0.000107382,8.901e-05,0.00012991,0.000109635,0.00011009
0.000103191,7.499e-05,0.00013832,9.9105e-05,8.755e-05
0.000104731,8.203e-05,0.0001415,0.00010073,0.00010867
0.000101985,7.162e-05,0.00013534,0.00010095,9.468e-05
0.000103425,7.93e-05,0.00012717,0.000103645,9.891e-05
0.000104506,8.574e-05,0.00012355,0.00010503,0.0001072
0.000102186,7.068e-05,0.00012922,0.000103775,0.00010566
0.000115797,8.543e-05,0.00013761,0.00011501,0.0001277
0.000100605,7.232e-05,0.00011537,0.000107715,0.00010741
0.000114626,9.483e-05,0.00013225,0.00011363,0.00013225
0.000103934,8.834e-05,0.0001275,0.00010322,0.00010125
0.000119689,9.681e-05,0.00015708,0.000119015,0.00015708
0.000102544,8.565e-05,0.00012136,0.000102615,0.00010256
0.000136985,9.547e-05,0.0001817,0.000139905,0.00016974
9.3789e-05,7.86e-05,0.00010501,9.507e-05,0.00010501
0.000113926,8.546e-05,0.00015818,0.00011008,0.00010595
0.00011098,9.398e-05,0.00013983,0.000104915,0.00013983
0.000102471,8.133e-05,0.00012863,9.726e-05,9.562e-05
0.000109448,9.215e-05,0.0001311,0.00011123,0.0001311
0.000106091,8.492e-05,0.00012971,0.000103125,0.00010393
0.000119474,9.238e-05,0.00015803,0.000114515,0.00015803
9.9859e-05,8.01e-05,0.00012199,9.676e-05,9.418e-05
0.000122346,9.644e-05,0.0001625,0.000121125,0.0001625
9.7374e-05,8.394e-05,0.00011296,9.6085e-05,9.929e-05
0.000113221,9.318e-05,0.00014496,0.000110905,9.318e-05
0.000103551,8.735e-05,0.00013435,9.6495e-05,0.00010397
0.000111119,9.819e-05,0.00012877,0.000110215,0.00012877
0.000102763,8.994e-05,0.00012446,0.00010329,9.699e-05
0.000107589,8.183e-05,0.00012773,0.000110335,0.00012154
0.000122266,0.00010858,0.00013643,0.0001229,0.00011881
0.000109812,8.788e-05,0.00013322,0.00010965,0.00010038
0.00011286,9.19e-05,0.00012724,0.00011285,0.00012665
9.7497e-05,7.496e-05,0.00012255,9.58e-05,8.54e-05
0.000108665,9.523e-05,0.0001379,0.000105545,0.00010632
0.000104485,8.453e-05,0.00013584,0.000100845,9.035e-05
0.000105314,9.48e-05,0.00012748,0.000102105,0.00010269
0.000102249,7.102e-05,0.00013709,9.9985e-05,9.507e-05
0.000104047,9.255e-05,0.00012548,0.000100005,0.00010127
0.000114692,9.82e-05,0.00014602,0.00010771,0.00012361
0.000103051,7.917e-05,0.00012857,0.000104215,0.00010321
0.000115337,9.71e-05,0.00013608,0.000114125,0.00012971
0.000105182,7.496e-05,0.00013208,0.000107375,0.0001064
0.000120185,9.671e-05,0.00015346,0.000115995,0.00012509
0.000102401,7.566e-05,0.00013693,9.996e-05,0.00010817
0.0001179,9.316e-05,0.00013855,0.000116215,0.00013125
0.000100446,8.315e-05,0.00012115,0.000102765,0.00012115
0.000116615,8.763e-05,0.0001543,0.00011368,0.00010123
0.000100605,8.818e-05,0.00011499,9.9915e-05,0.00010433
0.000111138,9.003e-05,0.00013339,0.00011223,0.00010823
0.000109206,8.862e-05,0.00013861,0.000104865,0.00011471
0.000109244,7.632e-05,0.00013309,0.000112575,0.00010467
0.000122385,0.00010333,0.00014493,0.00012125,0.00014493
0.000104069,8.15e-05,0.00012924,0.000101245,9.955e-05
0.000127294,0.00010304,0.00016136,0.0001265,0.00016136
0.000104669,8.749e-05,0.00013123,0.000106905,0.00010482
0.000119791,9.208e-05,0.00015609,0.00011653,0.00015609
9.9762e-05,9.043e-05,0.00012059,9.5515e-05,9.778e-05
0.000108087,9.693e-05,0.00012127,0.000107645,0.00010885
0.000118409,8.191e-05,0.00015756,0.000121215,0.0001411
0.000102963,8.168e-05,0.00013017,0.000106075,9.007e-05
0.000108695,8.51e-05,0.0001453,0.0001035,0.00010774
0.000108124,8.671e-05,0.00013751,0.000106145,8.671e-05
0.00011136,8.241e-05,0.00015583,0.0001061,0.00010478
0.00010999,7.908e-05,0.00013775,0.000111575,0.00011409
0.000109677,9.731e-05,0.00013279,0.000108535,0.00010918
0.000107435,7.887e-05,0.00015342,0.00010273,8.103e-05
0.000114291,9.5e-05,0.00014914,0.00010936,0.00011006
0.00010145,7.338e-05,0.00013469,9.879e-05,9.107e-05
0.000103524,7.35e-05,0.0001378,0.00010342,0.00010893
0.000106734,8.487e-05,0.00014358,0.00010277,8.745e-05
0.000102036,8.072e-05,0.00012099,0.000101735,0.00010248
0.000105758,8.837e-05,0.0001209,0.000107005,9.987e-05
0.000108311,9.32e-05,0.00013879,0.000103695,0.0001051
0.000109055,8.971e-05,0.00013538,0.000110615,0.00011131
0.000103721,7.773e-05,0.00013065,0.000104445,0.00010881
0.00011289,9.386e-05,0.00013143,0.000112,0.00010795
0.000105446,8.123e-05,0.00012783,0.000109235,0.00012783
0.000120041,9.116e-05,0.00016073,0.000115215,0.00010253
0.000104411,8.794e-05,0.0001284,0.000106635,0.0001284
0.000113345,8.702e-05,0.00014195,0.000113105,0.00010198
0.0001092,9.878e-05,0.0001314,0.000105085,0.0001314
0.000110349,9.036e-05,0.00014849,0.00010126,0.00010142
0.000110099,9.235e-05,0.00012632,0.000113045,0.00012632
0.000101748,8.128e-05,0.0001124,0.00010342,9.648e-05
0.000117174,9.353e-05,0.00013792,0.000119345,0.00013792
0.000100815,7.93e-05,0.00012597,9.766e-05,9.466e-05
0.000131384,0.00011125,0.00016821,0.00012688,0.00016821
9.774e-05,7.935e-05,0.0001203,9.565e-05,9.459e-05
0.000112261,9.741e-05,0.00013192,0.000109065,0.00010276
0.000138715,0.00010372,0.00016702,0.00014162,0.00013769
0.000108256,7.75e-05,0.00013429,0.00011012,0.00013429
0.000104226,8.934e-05,0.00012522,0.00010533,0.00010649
0.000111805,9.389e-05,0.00013981,0.00010697,0.00011911
0.000110781,9.117e-05,0.00014303,0.000106435,0.00010786
0.000108224,8.874e-05,0.00013758,0.00010545,0.00010264
0.000114355,9.286e-05,0.00014821,0.00010783,0.00010885
0.00010818,7.576e-05,0.00014068,0.000108725,0.0001118
0.000110679,9.011e-05,0.00013436,0.00010898,0.0001049
0.000103899,7.872e-05,0.00013915,0.00010175,8.69e-05
0.00010737,8.061e-05,0.00014485,0.00010346,0.00010939
0.000103248,7.294e-05,0.00013508,0.00010101,9.017e-05
0.000102794,9.58e-05,0.00010849,0.00010346,0.00010164
0.000107416,9.345e-05,0.00013764,0.000102505,0.00013764
0.000109294,8.145e-05,0.00014465,0.00010515,9.638e-05
0.000117537,9.37e-05,0.000134,0.000116905,0.000134
0.000105471,7.622e-05,0.00012942,0.00010954,0.00010786
0.000115239,9.402e-05,0.000139,0.000112825,0.00013252
9.8565e-05,7.467e-05,0.00012544,9.616e-05,0.00010482
0.00011053,8.726e-05,0.00014666,0.00010801,8.726e-05
0.000105771,7.956e-05,0.00013427,0.000106425,0.0001026
0.000106035,8.093e-05,0.00014775,9.847e-05,0.00011092
0.000106347,8.331e-05,0.00013262,0.000105715,0.00010675
0.000108289,8.862e-05,0.00012581,0.00010918,0.00010727
0.000108165,8.601e-05,0.00012549,0.000105855,0.00012205
0.000105718,7.473e-05,0.0001281,0.00011129,0.00010638
0.000112654,8.781e-05,0.00012982,0.00011206,0.00012875
0.000105655,7.75e-05,0.000124,0.000110955,0.00010909
0.000116116,8.919e-05,0.00013886,0.000117375,0.00013886
0.00010558,9.256e-05,0.00012544,0.00010423,9.663e-05
0.000123951,9.371e-05,0.00016295,0.00011892,0.00016295
9.9583e-05,9.11e-05,0.00011522,9.5275e-05,9.602e-05
0.000110079,9.973e-05,0.0001241,0.00010969,0.00011124
0.000105466,9.105e-05,0.00013515,9.671e-05,0.000102
0.000109639,8.965e-05,0.00014036,0.000104585,8.965e-05
0.000107609,8.33e-05,0.00015217,0.00010347,0.00010718
0.000109174,9.747e-05,0.00013557,0.00010383,0.00010316
0.000106998,8.121e-05,0.00014884,0.00010253,0.00010755
0.000106206,7.856e-05,0.00014761,0.00010066,8.847e-05
0.00011782,9.818e-05,0.00015262,0.00011167,0.00011377
0.000102487,7.145e-05,0.00013682,0.00010048,8.903e-05
0.000107338,9.013e-05,0.00012883,0.00010802,0.0001114
9.9072e-05,8.026e-05,0.00012987,9.5e-05,8.543e-05
0.000110742,8.903e-05,0.00013545,0.000108735,0.00010565
0.000109356,8.539e-05,0.00014185,0.00010884,0.00010845
0.000103934,8.572e-05,0.00012248,0.00010589,0.00010415
0.00010605,9.023e-05,0.00012703,0.00010811,9.609e-05
0.000107569,7.195e-05,0.00013595,0.00011094,0.00010984
0.000111564,9.674e-05,0.00014169,0.000109465,9.818e-05
0.000104449,7.125e-05,0.0001264,0.00010711,0.00010197
0.00011086,9.294e-05,0.00013252,0.00010817,0.00013252
0.000104631,9.235e-05,0.00011735,0.00010787,0.00010821
0.000123895,9.086e-05,0.00016216,0.00011791,0.00016216
9.5956e-05,8.004e-05,0.00011439,9.33e-05,9.496e-05
0.000111841,8.618e-05,0.00013862,0.000111645,0.0001132
0.000109701,8.361e-05,0.00014249,0.000108295,0.00012546
0.00010025,7.979e-05,0.0001208,0.000100915,9.704e-05
0.000111519,9.59e-05,0.0001373,0.00010746,0.0001373
0.000107802,8.057e-05,0.00014352,0.00010159,9.551e-05
0.000126461,0.00010587,0.00015927,0.000126355,0.00015927
0.000105428,9.01e-05,0.00012655,0.000108775,0.00010805
0.000120059,9.77e-05,0.0001627,0.000111485,0.0001627
9.7025e-05,8.369e-05,0.00011417,9.574e-05,0.00010041
0.000104246,8.782e-05,0.00011875,0.00010154,8.782e-05
0.000100802,8.739e-05,0.00012398,9.442e-05,0.00010224
0.000106086,7.748e-05,0.00014921,0.00010182,9.789e-05
0.000108779,8.322e-05,0.00015122,0.00010035,0.00010511
0.000112306,9.792e-05,0.00013258,0.000109395,0.00012539
0.000104231,8.99e-05,0.00012978,0.00010595,0.00010553
0.000109371,8.498e-05,0.00013397,0.00010814,0.00011873
0.000114095,9.372e-05,0.00015053,0.000109675,0.00010922
0.000104177,7.704e-05,0.00013962,0.0001014,8.31e-05
0.000109527,9.336e-05,0.00014377,0.00010443,0.00011133
0.000102396,8.082e-05,0.00013427,9.767e-05,8.888e-05
0.000102272,9.321e-05,0.00010934,0.000103215,0.00010042
0.000109084,7.502e-05,0.00014132,0.00011111,0.00012307
0.000103691,9.631e-05,0.00011106,0.00010306,0.00010422
0.000113192,9.588e-05,0.00014273,0.000107975,0.00012597
9.4369e-05,6.913e-05,0.00011772,9.4835e-05,0.0001053
0.000117489,0.00010193,0.00015088,0.000110855,0.00012005
0.000103708,7.168e-05,0.00012742,0.000108125,0.00010914
0.000161147,6.848e-05,0.00021186,0.00016911,0.00014546
9.8644e-05,7.299e-05,0.0001299,9.691e-05,0.00010288
0.00011252,9.262e-05,0.00014351,0.000108945,0.00011099
0.000101084,8.476e-05,0.00012405,9.7005e-05,0.00010804
0.000115444,9.685e-05,0.00014059,0.00011074,0.00012894
0.000102266,8.894e-05,0.00011401,0.00010333,9.544e-05
0.000107388,9.514e-05,0.00012711,0.00010575,0.00012711
0.000105586,9.028e-05,0.00011725,0.00010565,0.00010534
0.000106449,7.987e-05,0.00012442,0.000110285,0.00012442
0.000107582,9.682e-05,0.00012711,0.000101365,9.743e-05
9.8784e-05,8.539e-05,0.00012784,9.2435e-05,0.00012784
0.000120679,9.377e-05,0.00016184,0.000113045,0.00011271
0.000108404,8.705e-05,0.00013736,0.000106825,0.00013736
0.000116544,8.822e-05,0.00015431,0.00011359,0.00010043
9.524e-05,8.377e-05,0.00010832,9.3785e-05,0.00010584
0.00011433,9.578e-05,0.0001415,0.000110035,0.00011009
0.000103029,6.831e-05,0.00014264,9.9315e-05,9.027e-05
0.000110675,8.809e-05,0.00014221,0.000108375,0.00011031
0.000107704,8.101e-05,0.00014195,0.000107765,0.0001173
0.000106626,7.803e-05,0.00013565,0.000105705,0.00010454
0.00011565,9.953e-05,0.00014802,0.000110155,0.00011472
0.00010703,7.618e-05,0.00013697,0.00010717,0.00010749
0.000112836,9.639e-05,0.00013173,0.00010802,0.00013173
0.000106155,8.169e-05,0.00013243,0.000107585,0.00010796
0.000111077,9.553e-05,0.00013719,0.000108085,0.00012417
0.0001025,8.279e-05,0.00013576,9.5235e-05,0.00010281
0.000104028,9.449e-05,0.00011978,0.000102865,0.00010096
0.000106325,8.484e-05,0.00013912,0.00010349,9.643e-05
0.000120649,0.00010547,0.00013948,0.000121875,0.00010547
0.000112796,8.881e-05,0.00014174,0.00011058,0.00012373
0.000106956,8.871e-05,0.00012306,0.000107475,0.00010294
0.000119833,9.571e-05,0.00014619,0.0001175,0.00013032
0.000104634,7.775e-05,0.00012506,0.000106965,0.00010648
0.000108601,9.791e-05,0.00012344,0.00010525,9.791e-05
0.000103971,7.328e-05,0.00014411,0.000101575,0.00010889
0.000124386,9.892e-05,0.00016413,0.000110645,0.00016413
9.7599e-05,8.193e-05,0.00010691,9.774e-05,9.392e-05
0.000104412,8.844e-05,0.00012365,0.00010135,8.844e-05
0.000106661,9.274e-05,0.00012362,0.000105795,0.00012362
0.000102549,9.087e-05,0.00011667,0.00010328,0.00010389
0.000114093,9.938e-05,0.00013756,0.00010995,0.00012303
0.000115356,0.00010497,0.0001233,0.00011822,0.00012027
0.000111629,9.369e-05,0.00013491,0.000110895,0.00013491
9.8473e-05,8.778e-05,0.00010889,9.9315e-05,9.936e-05
0.000125363,9.464e-05,0.00016741,0.00011543,0.00016741
9.7411e-05,8.464e-05,0.00011223,9.63e-05,0.00010329
0.000105549,9.04e-05,0.00012526,0.00010418,9.04e-05
0.000105726,8.544e-05,0.00013855,9.871e-05,0.00010728
0.000107065,9.767e-05,0.00012349,0.000107985,9.767e-05
0.000108131,8.454e-05,0.00013878,0.000103705,0.00010344
0.000103098,8.512e-05,0.0001254,0.000103695,8.512e-05
0.00010878,8.456e-05,0.00014599,0.000105685,0.00010943
0.000110434,7.874e-05,0.00013428,0.00011341,0.0001301
0.000107934,9.529e-05,0.00012539,0.00010513,9.933e-05
0.000111977,7.629e-05,0.0001491,0.000111185,0.0001239
0.000114719,9.894e-05,0.00014321,0.000111815,0.00011483
0.000103949,7.543e-05,0.0001385,0.00010395,8.946e-05
0.000108267,9.603e-05,0.00012145,0.000109195,0.00010799
9.84e-05,8.512e-05,0.00011983,9.445e-05,0.00011983
0.000113804,8.429e-05,0.00015128,0.000111055,9.743e-05
0.000109519,9.487e-05,0.00013586,0.000103485,0.00013586
0.000101897,8.135e-05,0.00011584,0.000102475,0.00010098
0.000111839,9.745e-05,0.00013471,0.000107255,0.00013471
0.000101924,8.662e-05,0.00012259,0.000102995,0.00010067
0.000112998,9.953e-05,0.00014091,0.00010761,0.00014091
9.9639e-05,8.51e-05,0.00012682,9.799e-05,9.442e-05
0.00011841,8.947e-05,0.00015838,0.00011256,0.00015838
9.817e-05,8.392e-05,0.00011197,9.5755e-05,9.611e-05
0.000105459,9.232e-05,0.00012131,0.00010619,9.232e-05
0.000100205,7.877e-05,0.00013433,9.5025e-05,9.752e-05
0.000108849,9.891e-05,0.00011942,0.00010876,0.00011317
0.000104011,9.43e-05,0.00012213,0.000102175,0.00010262
0.000108134,8.016e-05,0.00013178,0.000110495,0.00013178
0.000112359,9.751e-05,0.00013079,0.000109675,0.00013079
0.000102422,8.28e-05,0.00012212,0.000103805,9.875e-05
0.000113482,9.681e-05,0.00013389,0.000110975,0.00013061
9.6124e-05,7.711e-05,0.00011633,9.4835e-05,8.574e-05
0.000121774,9.149e-05,0.00015747,0.000119105,0.00015747
9.5897e-05,8.575e-05,0.00011312,9.107e-05,9.683e-05
0.000109055,9.237e-05,0.00013265,0.000108025,9.237e-05
0.00010531,8.666e-05,0.00013745,9.6235e-05,0.00010715
0.000103764,8.553e-05,0.00011761,0.000103665,8.553e-05
0.000100203,8.475e-05,0.0001194,9.7455e-05,0.00010942
0.000110781,9.976e-05,0.00013477,0.00010666,0.00010793
0.000108704,8.271e-05,0.0001471,0.00010501,0.00010818
0.000104652,7.949e-05,0.00012797,0.000106755,0.00010854
0.000107943,9.138e-05,0.00013182,0.000107885,0.0001064
0.000105624,7.04e-05,0.00014897,9.833e-05,9.19e-05
0.000117655,8.765e-05,0.00015916,0.000112535,0.00015916
0.000103794,8.15e-05,0.00012677,0.00010317,0.00010491
0.000107914,7.56e-05,0.00013892,0.000109705,0.00010683
0.000108638,9.352e-05,0.00014065,0.000101765,9.636e-05
0.000105353,7.605e-05,0.00012393,0.00011033,0.00010681
0.000111395,9.149e-05,0.00013812,0.000110645,9.86e-05
0.000105261,8.428e-05,0.00013404,0.000103455,0.00010274
0.000117213,9.826e-05,0.00015502,0.000113395,0.00011481
0.00010398,7.612e-05,0.00013174,0.00010579,0.0001093
0.000111543,9.697e-05,0.00012931,0.00011172,0.000112
9.972e-05,7.418e-05,0.00012898,9.6735e-05,9.114e-05
0.000110817,9.709e-05,0.00013387,0.000107045,0.00010592
0.0001043,8.743e-05,0.0001298,0.000104205,0.00010757
0.000103173,7.549e-05,0.00013205,0.00010431,0.00010321
0.00010381,8.09e-05,0.00012958,0.00010256,0.00010386
0.000106986,9.292e-05,0.00013408,0.0001022,9.292e-05
0.00010991,8.2e-05,0.00014699,0.000107385,0.00010572
0.000112773,8.236e-05,0.00014068,0.000111875,0.00013212
0.000112405,9.194e-05,0.0001372,0.00011037,0.0001063
0.000107677,7.75e-05,0.0001321,0.000112325,0.00010773
0.000115269,0.00010088,0.00013264,0.00011646,0.00011585
9.9113e-05,8.61e-05,0.00011889,9.816e-05,0.00010868
0.000111714,9.663e-05,0.00013125,0.00011036,0.00011163
9.6105e-05,8.282e-05,0.00010738,9.6555e-05,9.925e-05
0.000109943,7.528e-05,0.00014168,0.000112755,0.0001099
0.000105861,8.297e-05,0.00014754,0.000101015,8.402e-05
0.000107007,7.816e-05,0.00012957,0.000113965,0.00011307
0.000106615,8.443e-05,0.00012164,0.000107835,9.864e-05
0.000109115,7.37e-05,0.00013184,0.00011348,0.00010816
0.000110901,9.229e-05,0.00012993,0.00011139,0.00012993
0.000110704,8.392e-05,0.00013894,0.00011009,0.00010128
0.000111264,9.218e-05,0.00013221,0.000110295,0.00013221
0.000101781,8.458e-05,0.00013054,9.925e-05,0.00010036
0.000104288,9.388e-05,0.0001209,0.000102375,9.388e-05
0.000103794,8.876e-05,0.00014217,9.2705e-05,0.00010216
0.000105269,9.725e-05,0.00011359,0.000106035,0.00010953
0.000107647,8.966e-05,0.00014458,0.00010445,0.00011135
0.000100878,8.058e-05,0.00013073,9.847e-05,9.516e-05
0.000117446,9.819e-05,0.00015505,0.0001124,0.00011656
9.9341e-05,8.068e-05,0.00012312,9.991e-05,8.068e-05
0.000120889,9.821e-05,0.00015913,0.000117175,0.00011584
0.000104698,8.134e-05,0.00014112,0.00010239,8.183e-05
0.000110539,9.645e-05,0.00012979,0.00010902,0.00011091
0.000101944,7.797e-05,0.00013466,9.8755e-05,9.405e-05
0.000113834,9.701e-05,0.00013589,0.00011072,0.00011261
9.9095e-05,8.651e-05,0.00011337,9.914e-05,9.287e-05
0.000106009,9.959e-05,0.00012371,0.000104705,0.00010092
0.000103584,9.059e-05,0.00013044,9.7735e-05,0.0001085
0.000107929,7.857e-05,0.00014345,0.00010629,0.00011537
0.00010852,8.736e-05,0.00013487,0.00010739,0.00010438
0.000104271,8.586e-05,0.00013791,9.714e-05,8.586e-05
0.000114874,9.35e-05,0.00014117,0.000112505,0.00010765
0.000103432,7.771e-05,0.00012793,0.000102455,9.998e-05
0.000111824,9.647e-05,0.00014607,0.00010753,0.00011205
0.000104961,7.808e-05,0.00014504,0.000101345,8.263e-05
0.000102342,8.206e-05,0.00011975,0.000103145,0.00010077
0.000101827,7.272e-05,0.00013716,9.9015e-05,9.242e-05
0.000106156,8.478e-05,0.00014089,0.000101905,0.00010966
0.000106581,8.309e-05,0.00014179,0.00010292,0.00011876
0.000106106,8.269e-05,0.00013003,0.00010486,0.00010309
0.000115798,9.682e-05,0.00014694,0.0001121,0.00011479
0.000108571,7.671e-05,0.00013729,0.0001087,0.00010752
0.000110718,9.566e-05,0.0001292,0.000108395,0.00012732
0.000102676,8.069e-05,0.00012318,0.000103815,0.00010488
0.000109059,8.921e-05,0.00012751,0.00010805,0.00012751
0.00010035,8.302e-05,0.00011217,9.915e-05,0.00010253
0.000103196,8.167e-05,0.0001301,0.000105665,9.863e-05
0.00011093,8.649e-05,0.00015086,0.00010544,0.00010466
0.000107288,8.749e-05,0.00015024,0.00010092,9.819e-05
0.000113526,8.741e-05,0.00015547,0.000107255,0.00010508
9.794e-05,8.218e-05,0.00011722,9.619e-05,8.218e-05
0.000111854,9.347e-05,0.00013602,0.000109555,0.00010081
0.000112629,9.26e-05,0.00013882,0.00011184,0.00011934
0.000111466,9.425e-05,0.00013165,0.000109885,0.00010821
9.569e-05,8.736e-05,0.00011096,9.2545e-05,0.00010377
0.00010604,8.992e-05,0.00012622,0.000105885,0.00010717
0.000110274,8.544e-05,0.0001381,0.00011145,0.0001368
0.000112636,9.439e-05,0.00013825,0.00011142,0.00010533
0.000107346,9.581e-05,0.0001238,0.00010691,0.00011718
0.000108213,7.276e-05,0.00013849,0.00011204,0.00011263
0.000112078,0.00010161,0.00013707,0.000106655,0.00010731
0.000110819,8.308e-05,0.00013664,0.00011186,0.00010786
0.000103196,8.503e-05,0.00011555,0.00010584,8.503e-05
0.000107514,8.077e-05,0.00012906,0.00010749,0.0001021
0.000122351,9.655e-05,0.00016523,0.000112035,0.00016523
0.000109779,9.205e-05,0.00013372,0.000105345,0.00013098
0.000123559,9.783e-05,0.00015834,0.00012139,0.00015834
0.00010027,8.069e-05,0.00011796,0.000100645,0.00010474
0.000113727,7.627e-05,0.00015397,0.00011536,0.00011551
0.000106476,8.484e-05,0.0001407,0.00010248,8.484e-05
0.000112691,0.00010017,0.00012807,0.000112435,0.00011208
0.00010868,8.388e-05,0.00012705,0.00010759,0.00011171
0.000110138,7.608e-05,0.00013621,0.00011384,0.00011379
0.000112135,9.385e-05,0.00014078,0.00011125,9.385e-05
0.00010921,7.687e-05,0.00013681,0.0001121,0.00011027
0.000106761,9.294e-05,0.00012581,0.000104495,0.0001021
0.000105636,7.703e-05,0.00014607,0.000102315,0.0001153
0.000109663,9.708e-05,0.00013061,0.000108345,0.00010324
9.8426e-05,7.303e-05,0.00012935,9.628e-05,9.618e-05
0.000103186,8.17e-05,0.00013712,9.8475e-05,0.00010791
0.000111425,8.289e-05,0.00014356,0.000112465,0.00012562
0.000104176,7.661e-05,0.00012799,0.000105205,0.00010653
0.000105278,9.021e-05,0.00013038,0.00010332,0.00010501
9.907e-05,8.666e-05,0.00011758,9.721e-05,9.551e-05
0.000117867,9.928e-05,0.00014967,0.000114525,0.00010954
9.6229e-05,7.33e-05,0.00012473,9.461e-05,0.0001004
0.00011575,9.782e-05,0.00013827,0.000114905,0.00013356
0.000100019,7.313e-05,0.00013124,9.6e-05,0.00010826
0.000105557,8.634e-05,0.00012886,0.00010444,8.634e-05
0.00010293,8.393e-05,0.00012525,9.968e-05,9.988e-05
0.000100668,8.896e-05,0.00012073,0.00010009,8.896e-05
0.000111729,9.109e-05,0.00013702,0.00010937,9.971e-05
0.000108807,8.632e-05,0.00012843,0.00010837,0.00012402
0.000113097,9.093e-05,0.00013137,0.000117475,0.00012625
0.000102064,8.009e-05,0.00012808,9.873e-05,0.00012808
0.000118436,9.787e-05,0.00016101,0.000106845,0.00010966
0.000116781,9.348e-05,0.00013808,0.00011743,0.00013563
0.000112565,9.311e-05,0.00013813,0.00011501,0.00011843
9.7451e-05,8.542e-05,0.00011466,9.5175e-05,0.00010058
0.000116775,0.00010157,0.00013149,0.00011459,0.00013149
0.00010316,8.403e-05,0.0001226,0.000106815,0.00010824
0.000110731,0.00010095,0.00012456,0.00011049,0.00011731
0.000103779,8.343e-05,0.00014091,9.7735e-05,0.00010464
0.000116281,9.593e-05,0.00014631,0.00011033,0.00012623
0.000105634,7.346e-05,0.00014624,0.000100465,0.0001107
9.6226e-05,7.662e-05,0.00012507,9.2185e-05,8.866e-05
0.00011756,9.976e-05,0.0001545,0.00011288,0.00011617
0.000103741,7.675e-05,0.00014283,9.854e-05,9.101e-05
0.000114955,8.892e-05,0.00015701,0.000111845,0.00011367
0.000101324,7.27e-05,0.00012958,0.00010329,9.901e-05
0.00011134,7.593e-05,0.00015454,0.000111295,0.00011145
0.000110479,8.323e-05,0.00015662,0.000103505,9.532e-05
0.000104023,7.303e-05,0.00014027,0.00010387,0.00011082
0.000115175,9.736e-05,0.00015178,0.000106345,0.00011761
0.000102077,7.622e-05,0.00012591,0.000104885,0.00010013
0.000119866,9.507e-05,0.00014384,0.0001205,0.00014384
0.000103377,7.901e-05,0.0001351,9.8915e-05,9.673e-05
0.000125627,9.914e-05,0.00015606,0.00012945,0.00015606
0.000104826,8.424e-05,0.00011945,0.00010372,0.00010109
0.000114191,9.883e-05,0.00013328,0.00011323,0.00013328
0.000104041,9.172e-05,0.0001236,9.987e-05,0.00011518
0.000106209,9.472e-05,0.00011977,0.00010504,0.00010382
0.000110024,9.102e-05,0.00014076,0.000103645,0.00014076
0.000108275,8.555e-05,0.0001331,0.000109905,9.625e-05
0.000108497,9.955e-05,0.00012513,0.00010579,0.00012513
0.000103141,8.003e-05,0.00012919,0.000100015,9.476e-05
0.000117288,9.023e-05,0.00014614,0.00011818,0.00014614
0.000102206,8.065e-05,0.00012351,0.00010016,9.899e-05
0.000123628,0.00010277,0.0001663,0.000114475,0.0001663
9.7306e-05,8.622e-05,0.00011578,9.644e-05,9.719e-05
0.000111501,0.0001005,0.00013377,0.000110015,0.00010773
0.000101786,7.627e-05,0.00012865,0.00010144,0.00010032
0.000117276,9.926e-05,0.00013987,0.000111925,0.00013987
0.000103169,8.753e-05,0.00012499,0.000100565,0.00010018
0.000104569,7.696e-05,0.00012449,0.000108715,0.00010528
0.00011768,9.164e-05,0.00013343,0.00011827,0.00013343
0.000119056,8.786e-05,0.00014031,0.00011976,0.0001114
0.00010788,9.261e-05,0.0001268,0.000105845,0.00012656
0.000107845,8.02e-05,0.00013035,0.00011386,0.00010785
0.000115391,9.207e-05,0.00014395,0.00011801,0.00014395
9.862e-05,8.28e-05,0.00011666,9.994e-05,9.764e-05
0.000114973,8.959e-05,0.00016026,0.000105475,0.00016026
0.000104773,8.015e-05,0.00012754,0.00010317,0.0001069
9.6479e-05,7.254e-05,0.00011766,0.000100485,0.00010166
0.000110815,8.956e-05,0.00015322,0.000101205,0.00010955
0.00010548,7.018e-05,0.00013508,0.00010817,0.00011574
0.000105111,8.541e-05,0.00012847,0.0001021,0.00010063
0.000102089,8.612e-05,0.00012899,0.000100105,8.795e-05
0.000117951,0.00010023,0.00014289,0.000117465,0.00011843
0.000105022,7.975e-05,0.00013957,0.0001039,8.426e-05
0.000108848,9.334e-05,0.00012588,0.00010748,0.00010407
0.000104414,9.047e-05,0.00012549,0.000102795,0.00012549
0.00011466,8.657e-05,0.00013774,0.000114175,0.00010076
9.9176e-05,7.969e-05,0.00011985,9.82e-05,0.00010253
0.00010483,7.572e-05,0.00012465,0.000109915,0.00012103
0.000103502,9.365e-05,0.00011608,0.000103525,9.517e-05
0.000109618,7.632e-05,0.00013242,0.000115445,0.00012893
0.000118666,8.972e-05,0.00015865,0.000113,0.00011965
0.000106856,8.148e-05,0.00013266,0.00010213,0.00013266
0.0001251,0.00010054,0.000169,0.000119285,0.00012125
0.000104349,9.376e-05,0.00012209,0.000100855,9.556e-05
0.000111237,9.24e-05,0.00013577,0.00011232,9.352e-05
9.8775e-05,7.859e-05,0.00011965,9.711e-05,9.683e-05
0.000109064,9.832e-05,0.00012721,0.000109455,9.832e-05
0.000106124,8.172e-05,0.00014144,0.000100935,0.00010802
0.000108336,9.761e-05,0.00012429,0.000107185,0.00011646
0.000103696,8.506e-05,0.00013927,9.833e-05,0.00010158
0.000110924,8.611e-05,0.00015072,0.000104125,8.611e-05
0.000112166,9.593e-05,0.00014577,0.000106515,0.00010654
0.0001051,8.819e-05,0.0001308,0.000105195,9.282e-05
0.000111759,8.36e-05,0.00015463,0.00010478,0.00011449
0.000104327,7.914e-05,0.00014165,0.000102445,8.002e-05
0.000110684,9.364e-05,0.00013505,0.000107345,0.00010938
0.00010164,8.692e-05,0.00012525,9.6815e-05,0.00012525
0.000113458,8.736e-05,0.00014836,0.00011003,9.929e-05
0.000105454,8.507e-05,0.00012807,0.0001044,9.202e-05
9.8094e-05,7.489e-05,0.0001166,0.000102755,0.0001028
0.000113971,9.574e-05,0.00013942,0.00011162,9.574e-05
0.000101726,8.057e-05,0.00011684,0.00010482,0.00010052
0.000113065,9.529e-05,0.00012571,0.00011364,0.00010945
9.4161e-05,7.53e-05,0.00011832,9.2055e-05,8.729e-05
0.000111916,9.206e-05,0.00013255,0.0001123,0.00010279
0.000103931,8.294e-05,0.00013353,0.000100225,0.00013353
0.000117089,9.054e-05,0.0001569,0.00011517,9.371e-05
0.000120065,9.222e-05,0.00014598,0.0001249,0.00014598
0.000117733,8.788e-05,0.00016209,0.00011121,9.46e-05
0.000112011,9.228e-05,0.00013125,0.00011012,0.00012762
0.000104877,9.289e-05,0.00011524,0.00010647,0.0001073
0.000115917,9.491e-05,0.00014856,0.000112005,0.00011527
0.000103387,8.716e-05,0.00012596,0.000102245,0.00010753
0.000112747,9.507e-05,0.0001441,0.000108555,9.507e-05
0.000101031,8.269e-05,0.00013025,9.733e-05,0.00010168
0.000109805,9.643e-05,0.00012457,0.00010865,0.00012333
0.000102368,8.464e-05,0.00013359,9.8005e-05,9.474e-05
0.000120915,8.437e-05,0.00015918,0.000117585,0.00015918
0.000103594,8.879e-05,0.00012519,0.000102865,0.00012519
0.000130719,0.00010077,0.00017286,0.000125205,0.00012012
0.000106952,7.892e-05,0.00014318,0.00010223,0.00014318
0.00010653,8.084e-05,0.00013609,0.000103455,9.674e-05
0.000107744,8.76e-05,0.00012753,0.000109085,9.434e-05
0.000106286,6.681e-05,0.00013347,0.00011077,0.00010767
0.000113429,9.852e-05,0.00014644,0.00010928,9.852e-05
0.000106663,7.147e-05,0.00013127,0.00010901,0.00010933
0.000102974,9.239e-05,0.00011378,0.000100435,9.239e-05
0.000101466,7.691e-05,0.00013351,9.769e-05,0.00011016
0.000109146,8.936e-05,0.00013058,0.00010989,8.936e-05
0.000104752,8.139e-05,0.00012866,0.000106985,0.00011277
0.000100372,7.462e-05,0.00012326,0.00010447,0.00012326
0.000111812,9.258e-05,0.00013374,0.00010899,0.00013374
9.9814e-05,8.305e-05,0.00011574,0.000100015,9.485e-05
0.000109447,9.068e-05,0.0001373,0.00010765,0.0001373
0.00010718,8.652e-05,0.00012665,0.00011085,0.0001125
0.000116605,9.74e-05,0.00015,0.00011159,0.00015
0.000110269,9.165e-05,0.00012947,0.000113595,0.00011322
0.000114716,8.657e-05,0.00015175,0.00010908,0.00015175
0.00010967,8.673e-05,0.00013194,0.00011376,0.00011011
0.000120864,9.133e-05,0.00015691,0.000114125,0.00015691
0.000103099,8.808e-05,0.00012354,0.000102225,0.00010195
0.000103561,7.017e-05,0.00012949,0.00010712,0.00012949
0.000111576,9.785e-05,0.00013286,0.00011133,0.00011964
0.000110026,9.823e-05,0.00012354,0.000107125,0.0001222
0.000116589,9.816e-05,0.00014581,0.000115055,0.00012246
0.000109126,9.478e-05,0.0001343,0.000106035,0.0001343
0.000109728,9.116e-05,0.00013671,0.000106735,0.00010011
0.000103905,9.382e-05,0.0001284,0.00010066,0.0001284
0.000120971,8.774e-05,0.00016443,0.00011432,0.00010339
0.000101005,8.233e-05,0.0001191,9.9525e-05,9.667e-05
0.000111893,9.945e-05,0.00013344,0.000105695,0.000101
0.000102194,9.017e-05,0.00012231,0.000100235,0.00010901
0.000108865,8.208e-05,0.00013067,0.000111885,0.0001103
0.000108082,7.989e-05,0.00014386,0.00010886,0.0001222
0.000111431,9.28e-05,0.00014597,0.000104575,0.00010394
0.000111217,9.375e-05,0.00014263,0.000106935,9.951e-05
0.000111238,7.604e-05,0.00014067,0.00011279,0.00011256
0.000107409,8.618e-05,0.0001377,0.000104455,8.618e-05
0.000103462,7.883e-05,0.00013757,9.9105e-05,0.00010759
0.000111485,9.615e-05,0.00013339,0.000108825,0.00013339
0.000102312,8.216e-05,0.00012044,0.000100615,9.979e-05
0.000105488,8.474e-05,0.0001232,0.000108585,0.00010842
0.000101756,8.404e-05,0.00013153,9.922e-05,0.0001014
0.000102938,7.326e-05,0.00012717,0.00010608,0.00010556
0.000108059,9.285e-05,0.00012114,0.00011025,9.877e-05
0.000104031,7.336e-05,0.00012784,0.00010873,0.00010712
0.00011691,9.651e-05,0.0001573,0.00010762,0.0001573
9.986e-05,8.55e-05,0.00012423,9.4955e-05,0.00010677
0.000108432,8.663e-05,0.0001305,0.00010997,0.0001305
0.000102561,8.388e-05,0.00012196,0.000101035,9.958e-05
0.00012376,0.00010245,0.0001625,0.00011752,0.0001625
0.000103923,8.411e-05,0.00012196,0.00010256,0.0001094
0.000110006,9.325e-05,0.00014103,0.000106905,9.989e-05
0.000109377,8.911e-05,0.00014088,0.000103185,0.00010622
0.00010892,8.995e-05,0.00013679,0.000105515,8.995e-05
0.000105353,9.28e-05,0.0001299,0.00010188,0.00010075
0.00011047,9.852e-05,0.00013648,0.0001058,9.852e-05
0.000118074,0.00010133,0.0001495,0.000112665,0.00011427
0.000104358,7.93e-05,0.00013511,0.00010303,9.778e-05
0.00011337,0.00010213,0.00013391,0.00011107,0.00011096
9.835e-05,8.109e-05,0.00011099,9.881e-05,9.831e-05
0.000117213,9.744e-05,0.00014928,0.000112915,0.0001206
0.000101495,8.777e-05,0.00013502,9.1945e-05,0.00010022
0.000112466,9.948e-05,0.00013437,0.00011152,0.00013437
0.00010162,8.82e-05,0.00011172,0.000104215,0.0001052
0.000113419,0.00010239,0.00012696,0.000112505,0.00012326
0.000106567,8.78e-05,0.00013899,0.000102145,0.00010172
0.000105465,7.719e-05,0.0001385,0.000104315,0.00010025
0.000111695,9.897e-05,0.0001231,0.00011329,0.00011289
0.000105193,7.798e-05,0.0001368,0.00010461,0.00010849
0.000105385,8.369e-05,0.00013816,0.00010118,0.00010632
0.000106349,7.175e-05,0.00015529,0.00010276,9.703e-05
0.000103646,8.879e-05,0.00011535,0.00010532,0.00010734
0.000107716,7.554e-05,0.00013986,0.000107615,0.00011721
0.000108694,9.133e-05,0.00012893,0.000108675,0.00010925
0.000108637,8.393e-05,0.00013853,0.00010694,0.00012617
0.000103056,8.541e-05,0.00012995,9.849e-05,0.0001073
0.000113686,9.108e-05,0.00015052,0.000107765,0.0001249
0.000102616,8.307e-05,0.00012522,9.916e-05,0.00010845
0.000108795,9.016e-05,0.00012756,0.00011018,9.016e-05
9.8877e-05,7.95e-05,0.00012517,9.3985e-05,9.372e-05
9.7529e-05,7.353e-05,0.00011683,0.00010029,0.00010189
0.000103198,9.066e-05,0.00012781,9.9685e-05,9.972e-05
0.000111048,8.209e-05,0.00014013,0.000114325,0.0001294
0.000108819,9.054e-05,0.00013226,0.00010526,0.0001011
0.000104771,8.849e-05,0.00011614,0.00010935,0.00011614
0.000105499,9.703e-05,0.00012299,0.000102125,9.83e-05
0.000112755,8.953e-05,0.00013654,0.000111065,0.00013654
0.000111416,9.738e-05,0.00012903,0.00011013,0.00012903
0.000101595,8.225e-05,0.00013355,9.5795e-05,9.191e-05
0.000126175,0.00010861,0.00015807,0.000123045,0.00015807
0.000106669,8.287e-05,0.00014711,9.955e-05,9.365e-05
0.000104641,8.856e-05,0.00012394,0.000103585,9.941e-05
0.000102021,8.778e-05,0.00012671,9.8695e-05,0.00012671
0.000109783,9.255e-05,0.00013171,0.000111305,0.00011523
0.000103414,9.117e-05,0.00012942,9.7155e-05,0.00012942
0.000111595,8.221e-05,0.00014559,0.00010939,0.00010181
0.000106973,8.97e-05,0.00013494,0.000105075,0.00013494
0.00011314,9.585e-05,0.00014779,0.00010619,0.00011871
0.000108059,9.113e-05,0.00013707,0.00010691,0.00013707
0.000109243,8.166e-05,0.00013364,0.00010958,9.976e-05
0.000115136,9.786e-05,0.00013004,0.00011504,0.00012881
0.000111634,9.612e-05,0.00013252,0.00010612,0.0001203
0.00011151,9.757e-05,0.00012965,0.000109805,0.00010374
0.000108287,8.894e-05,0.00014192,0.000101795,9.57e-05
0.000105507,9.463e-05,0.00012319,0.000106835,0.00010648
0.000109134,8.624e-05,0.00014644,0.00010463,8.624e-05
0.000106237,9.36e-05,0.00013142,0.000101525,0.00010066
0.000116788,9.453e-05,0.00014789,0.000109145,0.00012316
0.000104319,7.193e-05,0.00013062,0.00010924,0.00011116
0.000111994,9.625e-05,0.00013295,0.0001118,9.914e-05
0.000105156,7.868e-05,0.00013353,0.000105195,0.00010414
0.000116189,9.949e-05,0.00013472,0.00011495,9.949e-05
0.000106074,9.177e-05,0.00012241,0.0001073,0.0001078
0.000117041,9.613e-05,0.00014396,0.000111445,0.00014396
0.000104919,9.211e-05,0.00012731,0.00010273,0.00012731
0.000119736,8.945e-05,0.00015603,0.0001174,0.00011574
0.000109641,9.429e-05,0.00013255,0.00010592,0.00013255
0.000113503,8.26e-05,0.0001337,0.00011448,0.00010809
0.000114864,9.804e-05,0.00014118,0.000114735,0.00014118
0.000106529,8.702e-05,0.00014239,0.00010322,0.00010239
0.000122682,0.00010136,0.00015385,0.000122875,0.00015385
0.000110151,9.785e-05,0.00013697,0.00010691,0.00010547
0.00011804,9.8e-05,0.00015758,0.00011189,0.00015758
0.000116193,9.116e-05,0.00012939,0.00011607,0.00011082
0.00012215,9.683e-05,0.00015524,0.000115955,0.00015524
0.000118119,0.0001008,0.0001402,0.00011779,0.00013252
0.00011399,7.283e-05,0.00014697,0.00012006,0.00011355
9.898e-05,7.918e-05,0.00012699,9.567e-05,9.138e-05
0.000112546,7.785e-05,0.00014463,0.00011497,0.00011605
0.000110974,9.241e-05,0.00013923,0.00010847,9.911e-05
0.000117005,8e-05,0.00015008,0.00011963,0.00011731
0.000116388,8.821e-05,0.0001593,0.000109935,8.821e-05
0.000111918,7.601e-05,0.00013935,0.00011453,0.00011128
0.000108165,9.519e-05,0.00011784,0.00010897,0.00011784
9.9939e-05,8.539e-05,0.00011653,0.000100875,9.847e-05
0.0001094,9.03e-05,0.0001338,0.00010895,9.03e-05
0.000100919,8.582e-05,0.00012334,9.955e-05,0.0001003
0.000101465,8.734e-05,0.00011173,0.00010297,8.734e-05
0.000103593,8.085e-05,0.00014298,9.6965e-05,0.00011299
0.000102992,8.267e-05,0.00012964,0.00010003,9.11e-05
0.000108119,9.138e-05,0.00012237,0.000111035,0.00010182
0.00010337,9.258e-05,0.00011461,0.000103585,0.00011461
0.000112475,9.557e-05,0.00013346,0.00011399,0.00011649
0.000104299,7.204e-05,0.00013095,0.00010675,0.00011444
0.000110789,9.669e-05,0.00013074,0.0001105,0.00011415
0.000107734,7.195e-05,0.00013707,0.00011036,0.0001255
0.000109829,9.338e-05,0.00013039,0.00010422,0.00010173
0.000106885,9.173e-05,0.00013644,9.912e-05,0.00013644
0.000117004,8.926e-05,0.00015219,0.00011491,0.00010901
0.000107569,8.928e-05,0.00012699,0.00010816,0.00010305
0.000114004,9.736e-05,0.00014277,0.00010925,9.736e-05
0.000115475,9.068e-05,0.00014302,0.000113935,0.00010236
0.00010914,7.532e-05,0.00013968,0.000111035,0.00012154
0.000111867,8.687e-05,0.00014449,0.00010632,0.00011811
0.000105849,8.582e-05,0.00013553,0.00010046,8.582e-05
0.00011153,9.723e-05,0.00013623,0.000108735,0.00011027
0.000105723,7.649e-05,0.00014176,0.000103745,0.00010572
0.000111285,9.7e-05,0.0001323,0.00010992,0.00011206
0.000111189,9.313e-05,0.00013848,0.00010822,0.00013848
0.000103064,8.981e-05,0.00012834,9.933e-05,0.00010206
0.000108556,8.932e-05,0.00012717,0.00010999,0.00012717
0.000108065,8.865e-05,0.00014423,0.000101875,9.739e-05
0.000112991,9.312e-05,0.0001284,0.000114815,0.00010617
0.00011559,7.617e-05,0.00014709,0.000117365,0.0001134
0.000113707,9.025e-05,0.00014907,0.000110215,9.025e-05
0.00010378,7.333e-05,0.00014079,9.992e-05,0.00010902
0.000109645,9.203e-05,0.00012973,0.000110705,0.00011046
0.000102317,8.643e-05,0.00012689,9.855e-05,9.995e-05
0.000117511,9.612e-05,0.00015458,0.000106685,0.00015458
0.000104161,9.06e-05,0.0001193,0.000103825,0.0001147
0.000104476,9.465e-05,0.00011855,0.000102265,0.00011855
0.000102914,9.417e-05,0.00011892,0.0001021,9.845e-05
9.8521e-05,9.071e-05,0.00011622,9.4135e-05,0.00011622
0.00010775,9.206e-05,0.00012363,0.00010753,0.00012363
0.000102079,8.762e-05,0.00013176,9.792e-05,0.00013176
0.000115519,9.588e-05,0.00016071,0.00010321,0.0001044
0.000101469,7.805e-05,0.00012357,0.000100365,0.00012102
0.000114212,9.853e-05,0.00014652,0.00010706,0.0001021
0.00010334,6.945e-05,0.00013957,0.000102195,9.221e-05
9.9998e-05,6.865e-05,0.00012547,9.8425e-05,9.796e-05
0.000104423,9.332e-05,0.0001284,0.00010048,0.0001284
0.000103507,9.045e-05,0.00011448,0.000101455,9.992e-05
0.000111555,8.596e-05,0.00013926,0.000108365,8.596e-05
0.0001088,8.159e-05,0.00014193,0.000103715,0.0001251
0.000113094,8.525e-05,0.00014755,0.000107765,0.00014755
9.7751e-05,8.284e-05,0.00012244,9.554e-05,9.417e-05
0.000123996,9.951e-05,0.00016104,0.000117495,0.00016104
0.000102676,8.738e-05,0.00011463,0.0001036,0.00010477
0.000113974,9.756e-05,0.00013735,0.00011343,0.00013735
0.000113617,9.55e-05,0.0001404,0.00010888,0.00012879
0.000108269,8.251e-05,0.00012488,0.000108805,0.00012488
0.000102441,8.514e-05,0.00012543,0.000101175,0.00010252
0.000106696,7.603e-05,0.0001335,0.00011078,0.00010635
0.000109603,9.172e-05,0.00013646,0.000106985,0.00012092
0.000107669,8.923e-05,0.00013774,9.995e-05,0.00011126
0.000109364,9.244e-05,0.00013864,0.00010868,0.00011328
0.000100547,7.462e-05,0.00013313,9.658e-05,0.00011104
0.00010744,9.794e-05,0.00011824,0.00010734,0.00011395
0.000105205,8.825e-05,0.00013009,0.00010461,0.00010942
0.000112029,9.279e-05,0.00014776,0.000107745,0.00010875
0.000109341,7.51e-05,0.00013814,0.000109015,0.00012501
0.000105409,9.744e-05,0.00011617,0.000103945,0.00010544
0.000111757,8.162e-05,0.00015247,0.00011119,0.00011814
0.000110959,9.255e-05,0.00013819,0.000106895,0.00010766
0.000114968,9.772e-05,0.00014448,0.000111295,0.00011197
0.000100546,7.59e-05,0.00012974,0.00010105,0.00010839
0.000107786,9.003e-05,0.00012732,0.00010705,0.00012732
0.000105675,8.596e-05,0.00012601,0.00010441,0.00010248
0.000124773,0.00010003,0.00016012,0.000123595,0.00016012
9.7236e-05,8.055e-05,0.00011918,9.484e-05,9.712e-05
0.00011293,9.485e-05,0.00013591,0.0001112,0.000113
0.000105776,8.726e-05,0.00012988,0.000102315,8.726e-05
0.000105945,7.867e-05,0.00013076,0.000109595,0.00010706
0.000106665,8.285e-05,0.00014927,0.0001019,8.285e-05
0.000112475,8.045e-05,0.00014094,0.000113425,0.0001094
0.000113749,8.957e-05,0.00015394,0.00010862,8.957e-05
0.000103612,7.36e-05,0.0001281,0.000107225,0.00010562
0.00011147,0.00010163,0.00012249,0.00011024,0.00012249
0.000105889,8.44e-05,0.00014316,0.00010247,9.478e-05
0.000115499,8.39e-05,0.00015534,0.000108385,0.00015534
0.000100014,8.431e-05,0.00011528,9.795e-05,0.00010234
0.000113293,9.357e-05,0.00014779,0.000109995,9.357e-05
0.000106817,8.875e-05,0.0001446,9.883e-05,0.0001012
0.000111977,0.00010008,0.00013937,0.00010536,0.00010707
0.000102689,8.232e-05,0.00013988,9.67e-05,0.00010129
0.000111831,9.712e-05,0.00013454,0.00010906,0.00011237
0.000102077,8.474e-05,0.00012648,0.00010137,9.726e-05
0.000113336,7.84e-05,0.00014361,0.000117885,0.00012474
0.000104478,8.231e-05,0.0001363,0.000102285,9.878e-05
0.000113817,8.008e-05,0.00014434,0.00011408,0.00013159
0.000109513,9.363e-05,0.00013019,0.00010953,0.00011068
0.000104535,7.502e-05,0.00014647,9.878e-05,9.12e-05
0.000110073,6.977e-05,0.00014331,0.00011545,0.0001056
0.00010269,8.327e-05,0.00013546,9.5555e-05,9.17e-05
0.000108379,9.304e-05,0.00013011,0.000104615,0.00010365
0.000110514,9.124e-05,0.00013992,0.000109105,9.124e-05
0.000102519,7.594e-05,0.00013261,0.00010168,0.00010205
0.000113649,9.425e-05,0.00015235,0.00010725,9.425e-05
0.000107566,9.028e-05,0.00013605,0.000101315,0.00010525
0.000112213,9.63e-05,0.00013293,0.00010955,0.00010561
0.000104709,7.172e-05,0.00012819,0.000110445,0.00011113
0.000102845,8.83e-05,0.000121,0.00010462,0.00010542
0.000105216,8.602e-05,0.00012471,0.000104015,0.00010704
0.000109975,0.00010208,0.00012898,0.000106535,0.00010291
0.000108181,7.83e-05,0.0001397,0.000109055,0.00010592
0.00010525,7.985e-05,0.00013833,0.000104285,0.00010745
0.000107059,8.869e-05,0.00012602,0.00010737,9.831e-05
0.000112369,8.821e-05,0.00013334,0.00011279,0.00013334
0.000125611,0.00010139,0.0001574,0.000121935,0.00014155
0.000105545,8.413e-05,0.00012445,0.00010977,0.00012445
0.00012529,9.374e-05,0.00016494,0.00012072,0.00012487
0.000102076,8.069e-05,0.00013179,0.000101715,0.00013179
0.000105167,8.364e-05,0.0001213,0.00010592,0.00010558
0.00010297,9.277e-05,0.00011845,0.00010088,0.00010287
0.000114504,9.329e-05,0.0001516,0.000108885,0.00011006
9.9851e-05,8.724e-05,0.00012196,9.7875e-05,9.596e-05
0.000110379,7.218e-05,0.00015508,0.00010846,0.00012418
0.000113904,9.576e-05,0.00013794,0.00011218,0.0001272
0.000106388,7.236e-05,0.00014653,0.00010817,0.00011396
0.000102451,8.29e-05,0.00011918,0.000105745,8.29e-05
0.000117896,9.909e-05,0.00013854,0.000116185,0.00011718
0.000108852,9.034e-05,0.00013403,0.000104485,0.00013403
0.000108074,8.788e-05,0.00013737,0.000106635,0.00011402
0.000122894,9.882e-05,0.00016609,0.00011785,0.00016609
0.000106704,9.377e-05,0.00012878,0.000102735,0.00011564
9.4376e-05,7.529e-05,0.00011493,9.7645e-05,0.00010179
0.00011369,0.00010058,0.00013641,0.000109245,0.0001222
0.00010465,7.407e-05,0.00013264,0.000105585,9.891e-05
0.000108213,9.419e-05,0.00012909,0.00010521,0.00012391
0.000100684,8.134e-05,0.00012538,9.993e-05,0.00010752
0.000115464,9.185e-05,0.00014062,0.00011471,0.00013545
0.00010712,8.976e-05,0.00013297,0.000104535,9.675e-05
0.000119546,8.794e-05,0.0001531,0.000118315,0.0001531
0.00010675,8.468e-05,0.00012287,0.000107045,0.00010785
0.000110168,9.538e-05,0.00013192,0.00010487,0.00010078
0.000117241,9.112e-05,0.00015165,0.000117005,0.00015165
0.000106621,8.298e-05,0.00014277,0.000100585,9.905e-05
0.000112821,9.557e-05,0.00012423,0.000111015,0.00012366
0.000120705,0.00010275,0.00015224,0.000114795,0.00010275
0.000108415,8.614e-05,0.00012271,0.000112045,9.376e-05
0.000109144,8.638e-05,0.00012389,0.000109555,8.638e-05
0.00010531,8.259e-05,0.00014193,0.0001002,0.00014193
0.000107272,8.146e-05,0.000129,0.00010481,0.00010118
0.000123628,9.823e-05,0.00015243,0.00012412,0.00012792
9.8811e-05,7.341e-05,0.0001368,9.43e-05,9.917e-05
0.000108228,9.271e-05,0.00012071,0.000108325,9.271e-05
0.000112419,8.915e-05,0.00014754,0.00010929,0.00010264
0.000105061,8.486e-05,0.00013386,0.000104365,9.098e-05
0.000119794,9.507e-05,0.00013983,0.0001246,0.00010485
0.00010461,8.96e-05,0.00012411,0.00010139,8.96e-05
0.000114251,9.132e-05,0.00015215,0.000109855,0.00011348
0.000105942,8.336e-05,0.00013068,0.000102565,9.407e-05
0.000118094,9.512e-05,0.00015856,0.00011313,0.00011904
0.000112227,7.758e-05,0.00014449,0.00011286,0.00012186
0.000113959,9.343e-05,0.0001535,0.00010584,0.00011296
0.000108266,8.05e-05,0.00014557,0.000104435,0.00011407
0.000105282,7.471e-05,0.00013779,0.00010693,0.00010561
0.000112851,8.489e-05,0.00014354,0.000110775,0.00012936
0.000110245,9.757e-05,0.0001286,0.000106485,0.00010418
0.000116576,8.689e-05,0.00014929,0.000110935,0.00012778
0.000106717,8.893e-05,0.00013468,0.00010503,0.00010624
0.000114545,9.569e-05,0.00014538,0.00011104,9.569e-05
0.000108369,8.556e-05,0.00013352,0.000109565,0.00011047
0.000115019,9.946e-05,0.00013016,0.000118125,9.946e-05
9.6977e-05,8.04e-05,0.00012338,9.4855e-05,9.354e-05
0.000108017,7.725e-05,0.00014106,0.000105595,0.00010542
0.000102536,7.044e-05,0.00014334,0.000100265,8.422e-05
0.000101589,7.581e-05,0.00012902,0.00010255,0.00010349
0.000103619,8.273e-05,0.00014528,9.7585e-05,9.666e-05
9.5064e-05,7.679e-05,0.00011861,9.349e-05,8.227e-05
0.000106038,8.081e-05,0.0001345,0.00010668,9.489e-05
0.000108086,9.524e-05,0.00011965,0.000108615,9.524e-05
0.000115208,9.298e-05,0.00013745,0.000115365,0.00010491
0.000110871,9.053e-05,0.00014233,0.000105235,9.053e-05
0.000108451,9.417e-05,0.00012746,0.00010822,0.00010803
0.000107571,8.88e-05,0.00013802,0.00010234,8.88e-05
0.000106785,8.577e-05,0.00013052,0.000104755,0.00010501
0.000106565,8.612e-05,0.00013263,0.00010409,0.00012912
0.000111309,9.469e-05,0.00014313,0.0001089,9.469e-05
0.000109943,8.807e-05,0.00013055,0.000108825,0.00013055
0.000111532,8.6e-05,0.00013698,0.000110715,0.00010348
0.000117506,9.721e-05,0.00015542,0.00011348,0.00015542
0.000111049,8.415e-05,0.0001381,0.000110225,0.00010218
0.000117383,9.402e-05,0.00015349,0.000114795,0.00015349
0.000110403,9.037e-05,0.00012723,0.00010896,0.00010784
0.00010986,9.18e-05,0.00012955,0.000108555,0.00011931
0.000107615,8.994e-05,0.00013675,9.9375e-05,0.00012719
0.000107856,8.938e-05,0.00012283,0.000109175,0.00010297
0.000108531,9.539e-05,0.00013476,0.0001023,0.00013476
0.000110616,9.329e-05,0.00014706,0.00010253,9.506e-05
0.000119077,0.00010095,0.00015331,0.00011261,0.00015331
0.000107296,8.24e-05,0.00012459,0.0001083,0.00010202
0.000119111,9.742e-05,0.00015732,0.000114775,0.00015732
0.000104584,8.981e-05,0.00012394,0.00010506,0.00011242
0.000123662,9.998e-05,0.00016255,0.000115255,0.00016255
0.000117749,9.588e-05,0.00015224,0.00011833,0.00012059
0.000116825,9.991e-05,0.00015241,0.000107265,0.00015241
0.000120066,9.302e-05,0.00013725,0.00012218,0.00011748
0.000110736,9.179e-05,0.00012821,0.00011139,0.00011953
0.000113239,8.389e-05,0.00014813,0.000108305,8.389e-05
0.000108505,9.514e-05,0.00013617,0.00010454,0.00010589
0.00011182,9.775e-05,0.00014493,0.00010354,9.901e-05
0.000108505,7.228e-05,0.00013047,0.00011575,0.00012472
0.000105408,8.755e-05,0.00013048,0.000100535,0.00010112
0.0001085,8.531e-05,0.0001397,0.00010913,0.0001397
0.000119936,9.302e-05,0.00017048,0.00011027,0.00011755
0.000100524,7.704e-05,0.00011344,0.00010193,9.706e-05
0.000107,8.02e-05,0.00014267,0.000100735,9.196e-05
0.000104848,9.387e-05,0.00012497,0.000100565,0.00012497
0.000105629,8.613e-05,0.00012053,0.00010673,0.00010745
0.000105418,8.05e-05,0.00013253,0.000106835,0.0001203
0.000104874,8.956e-05,0.00011809,0.000108245,0.00010786
0.000109324,7.858e-05,0.00014248,0.000108975,0.00011581
0.000105061,8.129e-05,0.00013949,0.00010263,0.00011093
0.000109979,8.293e-05,0.00015086,0.00010458,0.00010995
0.000108807,9.768e-05,0.00012735,0.000103735,0.00010402
0.00011612,9.076e-05,0.00015509,0.000112595,0.00013224
0.000101721,7.408e-05,0.00013396,0.000102175,0.00010568
0.000105501,9.317e-05,0.00012334,0.000105855,0.00010834
9.9559e-05,8.776e-05,0.0001215,9.588e-05,0.00010009
9.6172e-05,8.92e-05,0.00010738,9.69e-05,9.78e-05
0.000101689,8.022e-05,0.00014363,9.4265e-05,9.612e-05
9.9861e-05,7.773e-05,0.00012464,0.000101995,9.759e-05
0.000111695,8.629e-05,0.00013728,0.00011228,0.00011532
0.000114496,0.00010045,0.00014344,0.0001098,0.00014344
0.000113939,9.214e-05,0.00013961,0.000113265,0.00011893
0.000108251,7.634e-05,0.00014022,0.00010972,0.00011603
0.00011129,7.462e-05,0.00013289,0.000119305,0.00011504
0.000107869,9.208e-05,0.00012846,0.00010758,0.00012846
0.000114061,8.673e-05,0.00014532,0.000109845,0.0001045
0.00010267,8.766e-05,0.00012916,9.763e-05,0.00010224
0.00011385,9.923e-05,0.00013402,0.00011352,0.00010435
0.000107155,8.707e-05,0.00013122,0.000109005,0.00012292
0.000110331,9.971e-05,0.00013378,0.000108035,0.00011054
0.000116945,9.701e-05,0.00015518,0.000105555,9.732e-05
0.000106815,8.36e-05,0.00013133,0.00010354,0.00013133
0.000108773,9.549e-05,0.00012008,0.00011013,0.0001153
9.9321e-05,7.686e-05,0.00012397,9.9155e-05,0.00010135
0.000118069,9.872e-05,0.00014708,0.000115565,0.00012169
0.000107423,8.624e-05,0.00013809,0.00010061,0.00010851
0.000109396,8.559e-05,0.00013369,0.000108775,0.00013369
0.00010043,8.131e-05,0.00012336,0.000100045,0.00010209
0.000113612,0.00010312,0.00013466,0.00011089,0.00010892
0.000112745,9.805e-05,0.00014234,0.00010828,0.00010445
0.000104904,8.116e-05,0.00012884,0.000104005,0.0001138
0.000107119,8.356e-05,0.00014939,9.9665e-05,0.00011248
0.00011826,9.214e-05,0.00014696,0.000114985,0.00013498
0.000108652,8.613e-05,0.00013456,0.000109285,0.00010677
0.000110251,8.063e-05,0.00014137,0.000109445,0.00014137
0.00011142,9.647e-05,0.00013814,0.00010526,9.647e-05
0.000106444,9.205e-05,0.00013226,0.00010216,9.788e-05
0.000101848,9.085e-05,0.00011768,0.000100955,9.465e-05
0.000110004,9.082e-05,0.00014588,0.00010416,0.00011495
0.000110001,9.641e-05,0.00012204,0.000110125,0.00012204
0.000108117,9.852e-05,0.0001259,0.00010505,0.00010427
9.6683e-05,8.404e-05,0.00011336,9.5885e-05,8.404e-05
0.000112819,8.366e-05,0.00016324,0.00010596,0.00011518
0.000104504,7.749e-05,0.00013071,0.000104685,0.0001125
0.000112266,9.467e-05,0.00014641,0.00010841,0.00010822
0.000108006,7.926e-05,0.00015682,9.81e-05,8.521e-05
0.000111957,9.309e-05,0.00013824,0.000110605,9.952e-05
0.000104295,7.728e-05,0.00012868,0.00010782,0.00012868
0.000109589,8.639e-05,0.00014688,0.00010313,9.609e-05
0.000102435,8.732e-05,0.00011901,0.00010368,0.00011901
0.000117941,8.885e-05,0.00015935,0.00011441,0.00010832
0.000107478,8.704e-05,0.00013954,0.00010451,0.00013954
0.000111685,8.037e-05,0.00014211,0.00011405,9.503e-05
0.000124532,0.0001001,0.00015883,0.000123705,0.00015883
0.000113108,9.82e-05,0.00014179,0.000111025,0.00010729
0.00010759,8.443e-05,0.00012202,0.000107345,0.0001116
0.000107015,7.559e-05,0.0001361,0.0001098,0.00011096
0.000115096,9.834e-05,0.00013934,0.00011337,0.00011588
0.000103936,6.771e-05,0.00013861,0.000103795,0.00010107
0.000107131,8.939e-05,0.00012977,0.000104195,0.00012049
0.000107076,8.86e-05,0.00014045,0.000100175,0.00010136
0.00011277,9.248e-05,0.00014409,0.00010669,9.248e-05
0.00010411,8.143e-05,0.00012665,0.00010198,0.00010631
0.000110374,7.982e-05,0.0001424,0.000111835,0.00012664
0.000107335,8.173e-05,0.00013426,0.000103935,9.708e-05
0.000108192,8.915e-05,0.00012737,0.000110655,0.00011948
0.000107751,8.319e-05,0.00013395,0.00010862,0.00010886
0.000103741,8.258e-05,0.00013146,0.000101175,0.00013146
0.000105563,9.141e-05,0.00011778,0.00010878,9.141e-05
0.000105273,8.662e-05,0.00014299,9.726e-05,0.00010496
0.000102864,8.536e-05,0.00011825,0.00010362,8.536e-05
0.000106948,8.541e-05,0.00013894,0.000105165,0.00010654
0.000104432,8.086e-05,0.00012621,0.00010439,0.00012621
0.000104876,9.362e-05,0.00011582,0.000103505,9.362e-05
0.000123564,0.00010992,0.00013712,0.00012449,0.00011747
0.000116354,9.847e-05,0.00014397,0.00011559,0.0001159
0.000102176,9.536e-05,0.00011411,0.000102555,0.00010413
0.000116246,8.981e-05,0.000145,0.000119365,0.000145
9.5337e-05,8.821e-05,0.00010335,9.632e-05,0.00010335
0.000102028,8.676e-05,0.00013051,9.659e-05,8.808e-05
9.9994e-05,8.018e-05,0.00013398,9.7275e-05,0.00013398
0.000116772,9.023e-05,0.00015547,0.000110465,0.00011187
0.000107844,8.534e-05,0.00012807,0.000106105,0.00012807
0.000102676,8.232e-05,0.00012589,0.000102295,9.689e-05
0.000125025,0.00010215,0.00016253,0.00011529,0.00016253
0.000115304,9.97e-05,0.00015023,0.000110855,0.00011544
0.000121933,9.977e-05,0.00014896,0.000121735,0.00014896
0.000122388,0.0001031,0.00015547,0.000116445,0.00010672
0.00012122,0.00010053,0.00015032,0.00011796,0.00015032
0.000102936,8.316e-05,0.00012594,0.00010138,0.00010124
0.000125945,0.00010552,0.00016073,0.00012243,0.00016073
0.000102449,9.459e-05,0.00010802,0.00010269,9.784e-05
9.735e-05,7.463e-05,0.00012419,9.7775e-05,0.00010789
0.000110045,9.377e-05,0.0001367,0.00010895,0.00010309
0.000112861,0.00010135,0.00013359,0.00010799,0.00011866
0.00010492,8.73e-05,0.00012123,0.000105045,9.955e-05
0.000107526,7.959e-05,0.00013004,0.00010897,0.00013004
0.000107564,8.435e-05,0.00012428,0.00010789,0.00011197
0.000113672,8.265e-05,0.00014625,0.00011571,0.00012958
0.000102414,7.904e-05,0.0001373,0.000102505,0.00010422
0.000109115,8.065e-05,0.00013046,0.000114875,0.00013046
0.000107556,8.558e-05,0.00012656,0.00010795,0.00010393
0.000110961,8.381e-05,0.00014115,0.000114785,0.00012186
0.000106964,7.878e-05,0.00013582,0.00010705,0.00011144
0.000114345,7.772e-05,0.00013987,0.000123555,0.00013987
0.000111959,7.664e-05,0.0001388,0.000115305,0.00011419
0.000113108,9.395e-05,0.00015127,0.00010511,0.00011522
0.000105384,7.181e-05,0.00013966,0.000103745,0.00011351
0.000112911,9.325e-05,0.00015155,0.000106975,0.00011043
9.9505e-05,6.711e-05,0.00013085,0.000100395,0.00010619
0.000110146,8.281e-05,0.00014846,0.000107315,0.00010723
0.000115634,8.602e-05,0.00015367,0.00011076,0.0001109
9.927e-05,8.107e-05,0.00011333,0.00010078,0.00011333
0.000110669,8.667e-05,0.00012514,0.00011431,0.00011441
0.000102454,8.908e-05,0.00011228,0.000104515,0.00011228
0.000114105,9.838e-05,0.00013467,0.000111985,0.00012285
0.000100349,8.612e-05,0.00012492,9.7825e-05,0.00012492
0.000121149,9.313e-05,0.00015934,0.00011981,0.0001157
0.000103279,8.671e-05,0.00011541,0.00010457,0.00011541
0.000105031,7.91e-05,0.00012864,0.00010482,0.00010212
0.000103094,8.554e-05,0.00011656,0.00010397,0.00011656
0.000118659,9.148e-05,0.00015386,0.000114795,0.00010626
0.000101703,9.051e-05,0.00011818,0.00010451,9.051e-05
0.000109314,7.79e-05,0.00014276,0.00010961,0.00010794
0.000109817,9.469e-05,0.0001323,0.00010758,9.469e-05
0.000107742,7.467e-05,0.00013729,0.000109755,0.00011007
0.000116499,9.958e-05,0.00015061,0.000110395,0.00012193
0.000108809,8.166e-05,0.00013478,0.000110365,0.0001111
0.000120803,0.00010384,0.00014914,0.000115485,0.00012873
0.00010256,7.646e-05,0.00013512,0.00010054,0.00011047
0.000119988,0.00010208,0.00015621,0.000113435,0.0001187
0.00010145,6.8e-05,0.00013285,0.000101545,0.00011025
0.000109206,0.0001019,0.00011528,0.000108905,0.00011481
0.00010578,8.332e-05,0.00013434,0.000102625,0.00010163
0.00011162,9.508e-05,0.00012622,0.000113025,0.00012434
0.000109503,8.73e-05,0.0001427,0.000106695,0.00010795
0.000101846,7.962e-05,0.00013297,9.7835e-05,8.947e-05
0.0001145,9.516e-05,0.00014115,0.000109435,0.00010778
0.000106139,7.877e-05,0.00013713,0.000105875,0.0001048
0.000108923,9.838e-05,0.0001198,0.00010992,0.00011029
0.00010308,8.2e-05,0.00013154,9.886e-05,9.373e-05
0.00010367,9.445e-05,0.00010906,0.00010502,0.00010605
0.000108281,8.823e-05,0.00013098,0.00010555,0.00012133
9.7712e-05,7.456e-05,0.00011889,0.000101285,0.00010559
0.000114098,8.789e-05,0.00015296,0.00010743,8.789e-05
0.000102507,7.353e-05,0.00013223,0.00010347,0.00010367
0.000114365,9.176e-05,0.00015519,0.000107565,9.176e-05
9.9744e-05,7.387e-05,0.00012687,9.953e-05,0.00010442
0.000119248,9.926e-05,0.00015137,0.000113445,0.000122
0.000100717,7.772e-05,0.00012894,9.863e-05,0.00010605
0.000111209,9.424e-05,0.00012397,0.00011168,0.0001234
0.000105665,8.279e-05,0.00012508,0.000108005,0.00010546
0.000110341,9.078e-05,0.00012455,0.000110475,0.00012455
0.000106885,8.354e-05,0.00012914,0.00010681,9.11e-05
0.000111116,9.978e-05,0.00012399,0.00011109,0.00010941
0.000107764,8.983e-05,0.00013133,0.000103475,0.0001155
0.000113127,9.449e-05,0.00013889,0.00010992,0.00010669
0.000111762,8.865e-05,0.00015058,0.00010537,8.865e-05
0.00010467,6.982e-05,0.00012938,0.00010906,0.00010958
0.000114441,0.00010037,0.00013611,0.00011411,0.00011866
0.000106406,7.875e-05,0.00013241,0.000107935,0.00010645
0.000109349,9.69e-05,0.00012623,0.000107655,0.00010123
0.000102864,6.436e-05,0.0001399,0.000103565,0.00011271
0.00010998,9.194e-05,0.00013392,0.000108655,9.194e-05
0.000106155,8.272e-05,0.00013693,0.00010406,0.00010847
0.0001031,7.573e-05,0.00012349,0.00010574,0.0001147
0.000110251,8.527e-05,0.00014712,0.00010316,0.00014712
0.000129889,9.872e-05,0.00015486,0.000134755,0.00015486
0.000102086,8.482e-05,0.0001291,9.987e-05,0.00010116
9.8862e-05,7.059e-05,0.00013054,9.719e-05,0.00010648
0.000111574,9.319e-05,0.00014662,0.00010592,0.00010212
0.000104274,7.717e-05,0.00013837,0.00010067,0.00010664
0.000113746,9.8e-05,0.00014963,0.00010764,0.00010391
0.000103099,7.04e-05,0.00014065,0.00010163,0.00011175
9.4753e-05,7.925e-05,0.00010472,9.6495e-05,9.771e-05
0.00010388,7.89e-05,0.00013781,0.000100055,9.967e-05
9.7721e-05,7.866e-05,0.00012546,9.6635e-05,0.00010256
0.000110599,8.81e-05,0.00015478,0.000102025,8.81e-05
0.000104782,7.231e-05,0.0001386,0.000106135,0.00010816
0.000116576,9.045e-05,0.00015933,0.000110065,9.045e-05
0.000104127,7.685e-05,0.00012676,0.00010677,0.00010711
0.000116081,9.826e-05,0.00015006,0.00011303,0.00010749
9.8606e-05,7.133e-05,0.00012776,9.7565e-05,0.00010458
0.00010947,8.871e-05,0.00013719,0.00010938,8.871e-05
0.000102951,8.114e-05,0.00012754,0.000100745,0.00010825
0.00010754,0.0001003,0.00012092,0.00010579,0.00010315
0.000106982,9.612e-05,0.00013016,0.00010181,0.0001037
0.000105635,7.868e-05,0.00013361,0.00010657,0.0001081
0.0001135,9.281e-05,0.00014293,0.00010692,0.0001033
0.0001071,8.901e-05,0.0001367,0.000106165,9.091e-05
0.00011268,9.22e-05,0.00013651,0.000111325,0.00010332
0.00010979,8.033e-05,0.00013172,0.00011276,0.0001192
0.000108764,9.478e-05,0.00013774,0.00010651,0.00011007
9.9262e-05,7.996e-05,0.0001262,9.5105e-05,0.00010025
0.000113222,0.0001018,0.00013573,0.000110605,0.00011995
0.000100131,6.879e-05,0.00013195,9.984e-05,0.00010688
0.000108025,9.673e-05,0.00011602,0.000110055,0.00011602
0.000106429,8.967e-05,0.0001307,0.000106305,0.00010731
0.000106725,7.271e-05,0.00013592,0.000109265,0.00011545
0.000148833,0.00010577,0.00019178,0.0001501,0.00019178
0.000108699,9.674e-05,0.00013007,0.000106055,0.00013007
0.000110916,9.334e-05,0.00012384,0.000114225,0.00011259
0.00010927,8.02e-05,0.00013317,0.00011031,0.00011074
0.000110234,9.532e-05,0.00013391,0.000108475,9.968e-05
0.000101319,7.219e-05,0.00013301,0.000100145,0.00010757
0.000106764,9.461e-05,0.00012408,0.00010736,0.00010041
0.000104854,8.099e-05,0.00013286,0.000104295,0.00010463
0.00010485,9.814e-05,0.00011879,0.000104295,9.934e-05
0.000110079,8.554e-05,0.00015391,0.000102235,0.0001123
0.000136476,7.438e-05,0.00016348,0.000142695,0.00012683
0.000113912,0.00010013,0.00014708,0.000108115,0.0001106
0.00010082,7.446e-05,0.00012717,0.0001009,9.45e-05
0.000112825,9.575e-05,0.000132,0.000110965,0.00011118
0.00010463,7.434e-05,0.00013415,0.00010663,0.0001103
0.000108801,9.665e-05,0.00012476,0.000107765,0.00010859
0.000100344,7.5e-05,0.0001312,9.835e-05,8.316e-05
9.7026e-05,8.391e-05,0.0001103,9.7425e-05,9.669e-05
0.000102589,7.907e-05,0.00013319,0.00010061,8.475e-05
0.000101151,7.474e-05,0.0001403,9.9995e-05,0.00010938
0.000107182,8.526e-05,0.00014301,0.00010513,8.853e-05
0.000102865,7.722e-05,0.00012204,0.00010674,0.00010582
0.000110613,8.901e-05,0.00012964,0.00010873,0.00012692
0.000109038,8.529e-05,0.00012918,0.000111645,0.00010434
0.000120004,9.278e-05,0.00015798,0.00011457,0.00012955
0.000108429,7.371e-05,0.00013206,0.000112015,0.00011112
0.000112987,9.657e-05,0.00012882,0.000111425,0.00012882
0.000108657,8.367e-05,0.00013056,0.000111255,0.00010896
0.000111527,0.00010002,0.00012563,0.000110655,0.00011697
0.0001012,8.052e-05,0.0001273,0.00010097,0.00010344
0.00011155,0.00010224,0.00012482,0.000110785,0.00011706
0.000108749,8.668e-05,0.00015088,0.00010377,0.00010632
0.00011044,8.115e-05,0.00013581,0.000111905,0.00012512
0.000117583,9.817e-05,0.00015364,0.000110425,0.00011376
0.000105519,8.056e-05,0.00014187,0.00010261,8.849e-05
0.00011114,0.00010145,0.00012863,0.00010952,0.00011111
0.000101621,7.782e-05,0.00013819,9.5745e-05,8.421e-05
0.000105107,8.242e-05,0.00013491,0.00010439,0.00010577
0.000100904,7.683e-05,0.00013336,9.874e-05,0.00010224
0.000108634,0.00010185,0.00011543,0.000107755,0.00010745
0.000116289,9.156e-05,0.00019656,0.00010643,9.576e-05
9.5529e-05,7.168e-05,0.00012494,9.5705e-05,0.00010059
0.000108054,8.681e-05,0.0001512,0.000101625,9.268e-05
0.000109326,7.815e-05,0.0001377,0.00011152,0.00010846
0.000116005,8.738e-05,0.00016038,0.00011007,8.738e-05
9.8729e-05,6.772e-05,0.00012469,0.00010129,0.00010114
0.00010578,8.732e-05,0.00012504,0.00010577,8.732e-05
0.000104065,7.529e-05,0.00012799,0.000107515,0.00011081
0.000118606,0.00010253,0.00014964,0.000113245,0.00012164
0.000101196,7.833e-05,0.00012925,9.773e-05,0.00010533
0.000109724,0.00010266,0.00011951,0.00010864,0.00010266
0.000108355,9.169e-05,0.00012109,0.00010879,0.0001193
0.000103899,7.972e-05,0.00012447,0.000107345,0.00010498
0.000122643,0.00010068,0.00014365,0.00011985,0.00014365
0.00010889,8.515e-05,0.00014381,0.000104845,0.00010629
0.0001111,9.961e-05,0.00012938,0.00010804,0.00012938
9.7563e-05,8.675e-05,0.00011004,9.5085e-05,8.675e-05
0.000108474,8.506e-05,0.00013992,0.000105535,0.00011134
0.000103271,7.446e-05,0.00014839,9.7305e-05,8.357e-05
0.000107419,9.657e-05,0.0001247,0.000106755,0.00010898
9.6566e-05,7.674e-05,0.00011998,9.491e-05,9.881e-05
0.000101465,7.842e-05,0.00013928,9.75e-05,0.00010864
0.000101903,8.274e-05,0.00013632,9.727e-05,8.44e-05
0.000114373,7.961e-05,0.00014427,0.000116715,0.00010967
0.000110111,8.561e-05,0.00015997,0.00010028,8.582e-05
0.000109282,8.312e-05,0.00013521,0.000108935,0.00010993
0.000112944,8.495e-05,0.00015384,0.00010823,8.495e-05
0.000107151,7.26e-05,0.00013692,0.0001083,0.0001064
0.000109796,9.524e-05,0.00013338,0.00011031,9.623e-05
0.000104345,7.4e-05,0.00013895,0.000101065,0.00011241
0.000102435,8.22e-05,0.00013583,0.000102005,8.593e-05
0.000104678,8.201e-05,0.00013633,0.00010284,0.00010455
9.6838e-05,7.372e-05,0.00011423,0.000101115,0.00010477
0.000107214,8.784e-05,0.00014547,0.000101995,0.00010529
0.000106345,9.561e-05,0.00013094,0.000101325,9.561e-05
0.000113974,9.329e-05,0.00015421,0.00011043,0.00011045
0.000100717,7.683e-05,0.00013019,9.968e-05,9.474e-05
0.000111934,9.614e-05,0.00013057,0.0001111,0.00011173
9.8409e-05,7.487e-05,0.00012389,9.582e-05,8.755e-05
0.000106169,9.474e-05,0.0001268,0.00010523,0.00010948
9.9905e-05,7.457e-05,0.00012682,9.779e-05,9.436e-05
0.000105685,7.515e-05,0.00014004,0.00010549,0.00010909
0.000102177,8.028e-05,0.00013336,0.000100265,8.722e-05
0.000105036,8.826e-05,0.0001321,0.00010304,8.826e-05
0.000110111,8.434e-05,0.00014763,0.000103655,0.00010394
0.000108281,9.551e-05,0.00012429,0.00010701,0.00012429
0.000108264,9.058e-05,0.00013339,0.00010903,0.00010988
0.000104457,8.33e-05,0.00012916,0.00010194,0.00012916
0.00013278,0.0001033,0.00017331,0.00012853,0.00013086
0.000103727,8.292e-05,0.00011933,0.0001046,0.00011933
0.000121111,9.301e-05,0.00015773,0.00011355,0.00010962
9.828e-05,8.742e-05,0.00011463,9.6615e-05,0.00010481
0.000114899,9.818e-05,0.00013915,0.00011175,0.00011178
0.00010183,8.47e-05,0.00013161,9.653e-05,8.635e-05
0.000111496,7.979e-05,0.00014451,0.000112985,0.00010954
0.000109815,8.985e-05,0.00013868,0.000104875,8.985e-05
0.000118454,0.00010028,0.00014374,0.00011445,0.00011006
0.00011124,8.989e-05,0.00015108,0.000105805,8.989e-05
0.000110282,7.718e-05,0.00013715,0.000113445,0.00011507
0.000112442,9.731e-05,0.00015415,0.000104185,0.00010001
0.0001068,7.627e-05,0.00015051,0.00010145,0.00011604
0.000109675,9.627e-05,0.00013469,0.000106985,0.00010093
0.000104564,7.702e-05,0.00014069,9.9925e-05,0.00011
0.000107454,9.934e-05,0.00012435,0.00010672,0.00010843
0.000105521,8.433e-05,0.00014229,0.000100745,0.0001034
9.7214e-05,7.756e-05,0.00012064,9.8785e-05,0.00010115
0.000117641,8.733e-05,0.00016404,0.00010961,0.00010981
0.000101513,7.904e-05,0.00011406,0.000105565,0.00011338
0.000121763,0.00010457,0.00014588,0.00011912,0.00013572
9.8929e-05,7.916e-05,0.00012818,9.262e-05,0.00012818
0.000119295,9.52e-05,0.00014697,0.000121925,0.00012538
9.6202e-05,8.666e-05,0.00010733,9.75e-05,8.747e-05
0.000112577,9.689e-05,0.00013145,0.00011111,0.00012132
0.000100378,8.081e-05,0.00012772,9.749e-05,0.00010368
0.000107344,9.953e-05,0.00012234,0.000107105,0.000102
0.000104741,8.565e-05,0.00013018,0.000103345,0.00010612
0.000105699,8.651e-05,0.00013253,0.00010403,9.471e-05
0.000115851,9.535e-05,0.00014625,0.000109335,0.00010801
0.000106226,8.223e-05,0.00013551,0.00010705,0.00010792
0.000111999,9.04e-05,0.00013131,0.000111595,0.00010304
0.000108946,8.137e-05,0.00013465,0.000111875,0.00012928
0.000111411,9.251e-05,0.00012821,0.00011069,0.00011043
0.000101861,8.653e-05,0.00012613,0.0001007,0.00012613
0.00012099,8.951e-05,0.00015585,0.00011824,0.00011452
9.4414e-05,8.598e-05,0.00011574,9e-05,9.27e-05
0.000109974,9.821e-05,0.00012814,0.000108285,0.00012064
0.000103391,7.834e-05,0.00012793,0.000104465,9.221e-05
0.000112898,9.822e-05,0.00013391,0.00010944,0.00010882
0.000107705,8.271e-05,0.00015467,9.9705e-05,8.751e-05
0.000110222,7.408e-05,0.00014028,0.000113525,0.00011006
0.000115604,9.322e-05,0.00014705,0.000110915,0.00012378
0.000102969,7.798e-05,0.00013444,0.00010184,0.00010951
0.000114935,9.478e-05,0.00014726,0.000112275,0.00011248
9.961e-05,6.776e-05,0.00013561,9.59e-05,0.00010429
0.000113061,9.914e-05,0.00014479,0.000108455,0.0001033
0.000106721,9.434e-05,0.00013367,0.00010329,9.468e-05
0.000100462,7.557e-05,0.00011824,0.00010534,0.00010634
0.000103677,9.266e-05,0.0001234,0.000102385,9.266e-05
0.000103211,7.66e-05,0.00013124,0.00010457,0.00010373
0.000113811,9.629e-05,0.00015388,0.000105535,0.00010046
0.000105939,7.628e-05,0.00013138,0.0001082,0.00010869
0.000114149,9.975e-05,0.0001281,0.0001142,0.00012542
0.000105259,7.489e-05,0.00013986,0.00010519,0.00010412
0.000110374,9.419e-05,0.00012971,0.00010843,0.00012971
0.000100219,9.008e-05,0.00011368,0.00010016,0.00010171
0.000107573,0.00010107,0.00011568,0.000106715,0.00010743
0.00010463,8.539e-05,0.00011729,0.000105845,9.974e-05
0.000108566,8.68e-05,0.00012871,0.0001071,0.00012871
0.000101984,8.513e-05,0.00012085,0.000103925,0.00010274
0.000105542,8.496e-05,0.00012133,0.00010798,0.00012133
0.000113381,9.185e-05,0.00013268,0.000113255,0.00011303
0.000104461,8.671e-05,0.00012408,0.00010369,0.00012408
0.000122352,9.091e-05,0.00016182,0.000118975,0.00011566
0.000105827,8.541e-05,0.00012646,0.000108985,0.00012646
0.000121351,9.622e-05,0.00016102,0.00011548,0.0001182
9.4365e-05,8.423e-05,0.00010577,9.496e-05,0.00010217
0.000107641,7.929e-05,0.00012921,0.00011355,0.00011016
0.000103232,8.358e-05,0.00011716,0.00010311,0.00011248
0.000103954,8.1e-05,0.00014358,9.9345e-05,0.00011072
0.000110042,8.335e-05,0.00015243,0.00010142,8.335e-05
0.000110325,8.024e-05,0.00012914,0.00011571,0.00011077
0.00011119,9.146e-05,0.00012765,0.00010977,0.00012274
0.000112003,7.947e-05,0.00014203,0.00011608,0.0001107
0.000115505,9.87e-05,0.00015244,0.000107705,0.00011714
0.00010655,7.582e-05,0.00014817,0.000101575,0.00011067
0.00011339,9.463e-05,0.00014295,0.000107645,0.00012521
0.00010181,7.137e-05,0.00014823,9.7455e-05,0.00010773
0.000111875,9.322e-05,0.0001316,0.00010981,9.322e-05
0.000107581,7.161e-05,0.00015385,0.000104975,0.00011739
0.000101351,7.347e-05,0.00012619,0.000103855,0.00010044
0.00010759,8.393e-05,0.0001532,0.00010291,8.393e-05
0.000105719,7.88e-05,0.00013539,0.000105595,0.00010488
0.000111451,9.043e-05,0.00014438,0.0001104,9.043e-05
0.000103082,7.816e-05,0.00014319,0.000100875,0.00010741
0.000118293,0.00010155,0.00014618,0.00011547,0.0001239
0.000100399,6.913e-05,0.00012424,0.00010288,0.00010326
0.000109769,9.079e-05,0.00013346,0.000108095,9.079e-05
0.000103776,8.211e-05,0.00013152,0.000101845,0.00010702
0.000103594,9.476e-05,0.00011095,0.000103365,0.00010144
0.000101805,9.24e-05,0.00012004,9.8005e-05,0.00010102
0.000112815,9.385e-05,0.00014608,0.000108975,0.00010282
0.000111113,9.931e-05,0.00012465,0.00011136,0.00010743
0.000110075,8.313e-05,0.00014017,0.00011025,0.00011514
0.000111811,8.665e-05,0.00014884,0.000106195,0.00011078
0.000105524,7.47e-05,0.00013484,0.00010558,0.00011126
0.000112084,9.693e-05,0.00012371,0.00011106,0.0001093
0.00011091,9.417e-05,0.00013244,0.000112065,0.00011878
0.000117131,9.753e-05,0.0001498,0.00011066,0.00011151
0.000103036,7.668e-05,0.00013651,0.000101975,0.00010472
0.000106953,8.838e-05,0.00012695,0.00010934,0.00012695
0.000104031,8.719e-05,0.00011664,0.00010578,0.00010459
0.000105375,8.475e-05,0.00012366,0.00010668,0.00012366
0.000104764,8.739e-05,0.0001296,0.00010445,0.00010291
0.00010733,7.091e-05,0.00013542,0.000110595,0.00012798
0.000115855,9.213e-05,0.00014985,0.00011179,0.00011021
9.9543e-05,7.717e-05,0.00012993,9.487e-05,8.936e-05
0.000117878,9.538e-05,0.00015151,0.000112535,0.00011331
0.000101753,6.837e-05,0.00014486,9.9535e-05,8.245e-05
0.000108229,9.545e-05,0.00012394,0.00010762,0.00011178
0.000100714,9.691e-05,0.000113,9.911e-05,0.00010107
0.0001002,7.729e-05,0.00011825,0.00010436,0.00010502
0.000110293,8.811e-05,0.00014011,0.000106065,0.00011558
9.965e-05,7.397e-05,0.00012985,9.912e-05,0.00010374
0.000112175,9.743e-05,0.00014668,0.000106335,9.743e-05
9.9152e-05,7.424e-05,0.00012702,9.821e-05,0.00010842
0.000119398,9.965e-05,0.00015907,0.00011269,0.00012169
9.9883e-05,7.448e-05,0.00012958,9.741e-05,0.00010626
0.000112896,9.985e-05,0.00012841,0.0001134,0.0001188
0.000104094,8.462e-05,0.00012777,0.00010084,0.00010028
0.000112068,0.0001003,0.00012744,0.000110245,0.00012744
0.00010251,8.664e-05,0.00012358,0.000100825,0.00010059
0.000102051,7.675e-05,0.0001217,0.00010401,0.0001217
0.000104294,8.382e-05,0.00012018,0.00010646,0.00010525
0.000114229,8.837e-05,0.00013199,0.00011575,0.00013199
0.000111817,9.074e-05,0.0001424,0.00010708,0.00010763
0.000103119,8.117e-05,0.00013013,9.997e-05,0.00013013
0.000114496,9.562e-05,0.0001334,0.000114735,0.00012401
0.000104741,7.084e-05,0.00013503,0.000107275,0.00010845
0.000111363,0.00010012,0.00013296,0.000109625,0.00010115
9.8548e-05,7.322e-05,0.0001311,9.5725e-05,0.00010375
0.000115306,0.00010223,0.00014681,0.00010879,0.00010799
0.000104492,7.963e-05,0.00012881,0.00010509,0.0001066
0.000105315,8.217e-05,0.00013164,0.000107925,9.908e-05
0.000103296,8.038e-05,0.00013679,0.00010451,0.00010608
0.000103968,8.532e-05,0.00013233,0.000101245,8.532e-05
0.000117054,9.469e-05,0.00015567,0.000113255,0.00011633
0.000103933,7.457e-05,0.00013719,0.000105095,0.0001099
0.00010909,9.154e-05,0.00012827,0.00010675,0.00010689
0.00011316,8.034e-05,0.00015467,0.00011158,0.00012221
0.000105265,9.337e-05,0.00013255,0.000101555,0.0001036
9.7734e-05,7.334e-05,0.00012588,9.58e-05,9.722e-05
9.29e-05,6.845e-05,0.00011813,9.8305e-05,0.00010106
0.000105904,8.34e-05,0.00014178,0.000102,8.476e-05
0.000100016,6.906e-05,0.00011777,0.000106055,0.00010365
0.000109697,9.791e-05,0.00012854,0.000107585,0.00011523
0.000109671,8.55e-05,0.00012852,0.00011084,0.0001167
0.000118959,9.307e-05,0.00015102,0.00011415,0.00011139
0.000105694,7.485e-05,0.0001312,0.00010905,0.0001107
0.00012033,9.904e-05,0.00015472,0.000114245,0.00011571
0.000100573,7.333e-05,0.00012808,9.897e-05,9.16e-05
0.000112352,9.092e-05,0.00014463,0.000110545,0.000116
0.00010641,8.935e-05,0.00013914,0.00010235,8.935e-05
0.000111261,9.61e-05,0.0001272,0.000111695,0.00010738
0.000100281,9.158e-05,0.000109,0.000100145,0.00010885
0.000105779,8.057e-05,0.0001338,0.00010826,0.00010123
0.000117921,0.00010034,0.00013912,0.00011817,0.0001293
0.000107471,8.623e-05,0.0001311,0.00010449,0.0001311
0.000121204,0.00010021,0.00015919,0.000116965,0.00012585
0.000103362,8.677e-05,0.00012875,0.0001029,0.00012875
0.000125219,9.738e-05,0.00016009,0.00012575,0.00012805
0.00010216,8.91e-05,0.00011831,9.931e-05,0.0001003
0.000107589,8.609e-05,0.0001428,0.00010235,0.00010875
0.000120914,9.816e-05,0.00014975,0.00011684,9.816e-05
0.000103034,7.517e-05,0.00012777,0.00010363,9.32e-05
0.000105376,9.519e-05,0.00012075,0.00010452,9.618e-05
0.000107836,9.553e-05,0.0001409,9.801e-05,0.0001409
0.000109496,8.701e-05,0.00012542,0.00010876,0.00010875
0.000110317,8.413e-05,0.00013663,0.000110785,0.0001184
0.000116409,9.547e-05,0.00014491,0.00011163,0.00010926
0.000102321,8.053e-05,0.00013719,9.6495e-05,8.856e-05
0.000112275,9.684e-05,0.00013411,0.000110215,0.00011182
0.000102695,6.905e-05,0.00014179,9.943e-05,8.994e-05
0.000101622,8.132e-05,0.0001173,0.000104855,0.00010598
0.000105054,9.481e-05,0.00011918,0.00010445,0.00010914
0.000119215,9.713e-05,0.00014637,0.000115065,0.00014637
0.000100639,8.99e-05,0.00011754,9.9355e-05,9.854e-05
0.000100772,7.429e-05,0.00011686,0.000106,0.00010441
0.000109401,9.265e-05,0.00013387,0.000108465,0.00011933
0.000102992,7.052e-05,0.00013245,0.000105595,0.00010722
0.000116431,9.633e-05,0.0001455,0.00011188,0.0001261
0.000105704,7.607e-05,0.00013255,0.000105935,0.00010592
0.000115812,9.341e-05,0.00013991,0.000115395,0.00012909
9.8462e-05,6.918e-05,0.00012814,9.9025e-05,0.00010411
0.000115364,0.00010146,0.00013595,0.000112665,0.00013031
0.000106088,9.255e-05,0.00013449,0.000102725,9.647e-05
0.000109547,9.822e-05,0.00013092,0.000108255,0.000117
0.000105874,8.654e-05,0.00014126,0.00010006,8.654e-05
0.000106753,7.86e-05,0.0001241,0.00011114,0.00010691
0.000124346,0.00010848,0.00016156,0.000116765,0.00016156
0.00010614,8.372e-05,0.00012687,0.00010617,0.00011205
0.000109533,8.682e-05,0.00013148,0.00010924,0.00013148
0.000107826,9.179e-05,0.0001238,0.00011223,0.0001089
0.000119771,9.374e-05,0.00014092,0.00011955,0.00014005
0.00010494,6.8e-05,0.00013117,0.000109885,0.00010584
0.000110096,0.00010069,0.00012291,0.00010997,0.00011254
9.7961e-05,8.743e-05,0.00012448,9.37e-05,9.361e-05
0.000110383,8.952e-05,0.00013092,0.00011173,0.00010728
0.000106591,9.411e-05,0.00013245,0.00010647,0.00010874
0.00011262,8.559e-05,0.00014437,0.00011258,0.0001082
0.000111094,9.19e-05,0.00013864,0.00010652,0.00010746
0.000111546,7.804e-05,0.00014414,0.000112975,0.00011391
0.000112305,9.526e-05,0.00014078,0.00010911,0.0001211
0.000103671,8.139e-05,0.00013706,9.938e-05,0.00010423
0.000108006,9.618e-05,0.00012868,0.000107095,0.00010992
0.000103665,6.89e-05,0.00013894,0.00010515,0.00010848
0.000111255,9.17e-05,0.00014819,0.000105845,0.00010907
0.000112845,9.122e-05,0.00015073,0.00010653,0.00011055
0.000103271,9.118e-05,0.00011879,0.00010232,0.00011147
0.000115224,8.61e-05,0.0001606,0.00010845,0.00011122
9.9286e-05,7.506e-05,0.00011891,0.00010283,0.00011891
0.000111164,9.367e-05,0.00013668,0.000107965,0.00010482
0.000101461,7.593e-05,0.00012788,9.722e-05,0.00012788
0.00010647,9.426e-05,0.00011899,0.000107005,0.00010643
0.000103815,9.132e-05,0.00011752,0.000102515,9.132e-05
0.000110018,9.199e-05,0.00012748,0.00010965,0.00012748
0.000103608,8.351e-05,0.00012302,0.000104745,0.00010632
0.00010941,9.627e-05,0.00012885,0.00010748,0.00011179
0.000110644,9.421e-05,0.00015284,9.928e-05,9.421e-05
0.00010276,7.296e-05,0.00012225,0.00010795,0.00010375
0.000111002,8.84e-05,0.00012415,0.00011181,0.00012415
0.000105188,8.793e-05,0.00013097,0.00010524,0.00010029
0.000111787,9.611e-05,0.00013697,0.000109135,0.00013697
0.00010435,9.016e-05,0.00013714,9.826e-05,9.253e-05
0.000116994,9.015e-05,0.00015402,0.000117725,0.00015402
0.000107947,8.836e-05,0.00012418,0.000110615,0.0001105
0.000119681,9.68e-05,0.00014265,0.000119285,0.00013707
9.6554e-05,7.688e-05,0.00012176,9.5625e-05,9.343e-05
0.000101919,7.883e-05,0.00013804,9.734e-05,0.00010716
0.000102171,8.122e-05,0.00013649,9.522e-05,8.122e-05
0.000109484,8.767e-05,0.00012957,0.00010995,0.00010528
0.000108379,8.806e-05,0.00014104,0.000108275,0.00011959
0.00010494,7.886e-05,0.00013937,0.00010145,0.00011032
0.000105161,8.022e-05,0.0001364,0.000106015,0.00011048
0.000111137,8.054e-05,0.00014159,0.000111665,0.0001048
0.000112092,9.449e-05,0.00013672,0.00010962,0.00011828
0.000108038,7.646e-05,0.00013392,0.00010929,0.00010428
0.000112511,9.714e-05,0.0001306,0.000110145,0.0001306
0.000100863,9.281e-05,0.00011304,9.911e-05,0.00011304
0.000111781,9.086e-05,0.00014372,0.00011022,0.00010541
0.000109086,8.57e-05,0.00014614,0.00010273,8.57e-05
0.000107216,8.226e-05,0.00013582,0.00010668,0.00010607
0.000114936,9.674e-05,0.00015581,0.000108075,0.00010863
0.000104957,7.51e-05,0.00012982,0.000107865,0.00010604
0.000113273,9.328e-05,0.0001331,0.00011234,0.00012925
0.000101795,7.618e-05,0.00012251,0.000105955,0.00010272
0.000112233,9.395e-05,0.00013003,0.000110295,0.00012796
0.000102946,8.421e-05,0.00012448,0.000102805,0.00010177
0.000114451,9.989e-05,0.00013731,0.000110255,0.00010956
0.000107804,8.932e-05,0.00012984,0.00010469,0.00011038
0.000108606,9.493e-05,0.00013043,0.000107455,9.493e-05
0.000111062,9.545e-05,0.00013735,0.000108735,0.00010291
0.000102319,8.569e-05,0.00012527,0.00010314,9.017e-05
0.000115864,9.073e-05,0.00014958,0.00010976,0.00010543
0.000111085,8.56e-05,0.00013421,0.00011161,0.00012502
0.000105636,9.018e-05,0.00012463,0.000104775,0.00010213
0.000111078,8.648e-05,0.00014163,0.00011343,0.00012892
0.000124021,9.538e-05,0.00015725,0.00012,0.00011203
0.000100415,7.375e-05,0.0001281,9.9105e-05,9.68e-05
0.000114273,0.00010265,0.00013877,0.000111425,0.00011
0.000102991,7.405e-05,0.00013305,0.000103505,0.00011096
0.000107248,8.577e-05,0.00014292,0.00010524,9.1e-05
0.000103453,8.282e-05,0.00013774,0.000102165,0.00010271
0.000107069,8.252e-05,0.00013606,0.000105975,0.00011942
0.000115764,9.994e-05,0.00014721,0.00010986,0.00011084
0.000100444,8.164e-05,0.00012143,0.000101205,8.912e-05
0.000115151,9.627e-05,0.00014574,0.000114475,0.00011476
0.00010236,9.366e-05,0.00011928,9.948e-05,9.59e-05
0.000104639,9.016e-05,0.00012198,0.00010433,9.016e-05
9.869e-05,6.944e-05,0.00013029,9.8155e-05,0.00010667
0.000110182,9.28e-05,0.00012824,0.00010953,9.28e-05
0.00010975,9.185e-05,0.00014818,0.000103375,0.00010446
0.000101925,8.708e-05,0.00012168,0.000100865,9.515e-05
0.000113731,8.516e-05,0.00015582,0.00010618,0.00010793
0.00010187,7.491e-05,0.00012101,0.00010492,0.00011469
0.000113422,9.032e-05,0.00013826,0.000113015,0.00011064
9.6289e-05,8.177e-05,0.00010835,9.901e-05,8.177e-05
0.000110786,7.969e-05,0.00015741,0.0001028,0.00011924
9.7471e-05,8.687e-05,0.00011248,9.4565e-05,9.107e-05
0.000113132,9.305e-05,0.00014621,0.00011102,0.00011018
0.000102945,7.716e-05,0.00012444,0.000102895,0.00011336
0.000108229,8.879e-05,0.00013043,0.00010761,0.00010809
0.000104059,8.389e-05,0.00012827,0.000100095,8.389e-05
0.000111878,7.968e-05,0.00014143,0.00011523,0.00010872
0.000107971,9.908e-05,0.00012614,0.00010548,0.00012614
0.000106261,8.293e-05,0.00013219,0.000103605,0.00010514
0.000108279,9.515e-05,0.00012217,0.000110815,0.00012217
0.000110696,9.843e-05,0.0001374,0.00010574,0.00011609
0.000114035,9.079e-05,0.00014104,0.00011384,0.00014104
0.000104844,8.735e-05,0.00012995,0.00010742,0.00010602
0.000118478,8.431e-05,0.00016208,0.00011453,0.00016208
9.7736e-05,8.546e-05,0.00011834,9.458e-05,9.953e-05
0.000110028,9.813e-05,0.00012603,0.00010708,0.0001242
0.000103536,8.462e-05,0.00012251,0.000105085,0.00010888
0.000111076,7.889e-05,0.0001362,0.000114705,0.00011088
0.000108719,9.567e-05,0.00013301,0.00010545,9.567e-05
0.000110552,7.582e-05,0.00014214,0.00010981,0.00010945
0.000105352,8.384e-05,0.00012389,0.00010572,8.384e-05
0.000101142,7.144e-05,0.00013329,9.9445e-05,0.00011385
0.000110128,9.378e-05,0.00013575,0.000107475,0.00010114
0.000100072,7.667e-05,0.00012901,9.623e-05,0.00010425
0.00010715,0.00010175,0.00011389,0.00010448,0.00010357
0.000103559,8.899e-05,0.00012894,9.9665e-05,0.00010278
0.000104419,7.252e-05,0.00012704,0.000107235,0.00012674
0.000110705,9.167e-05,0.00013931,0.000108195,0.00011607
0.000101929,8.18e-05,0.00012286,0.00010106,0.00012286
0.000112837,9.594e-05,0.00013352,0.00011059,0.00013352
0.000110129,9.184e-05,0.00013439,0.00010788,0.000101
0.000107354,9.294e-05,0.00013466,0.00010474,0.00011215
0.000108994,7.909e-05,0.00013607,0.000108515,0.00010741
0.000108426,8.961e-05,0.00013432,0.000105765,8.961e-05
9.5305e-05,6.925e-05,0.00012128,9.631e-05,0.00010024
0.000111389,9.842e-05,0.00012551,0.00011014,0.00012384
0.000106704,8.622e-05,0.00013392,0.00010214,9.873e-05
0.00010443,7.905e-05,0.00013038,0.000107175,0.00013038
0.000111111,9.474e-05,0.00013281,0.00011116,0.00013281
0.000106336,9.296e-05,0.00013441,9.791e-05,9.462e-05
0.000115152,9.11e-05,0.00015157,0.00011611,0.00015157
0.00011075,8.192e-05,0.00013538,0.000108455,0.0001049
0.000114308,9.823e-05,0.00012781,0.000116965,0.00011777
0.000103096,8.835e-05,0.0001218,0.00010272,0.0001218
0.000110941,9.519e-05,0.00013583,0.000110215,0.00011147
9.9185e-05,7.885e-05,0.00012268,9.752e-05,0.00012268
0.000118454,9.071e-05,0.00015034,0.000116225,0.00010748
0.000103714,9.471e-05,0.00011518,0.0001031,0.00011518
0.000109636,8.203e-05,0.00014177,0.000112255,0.00010934
0.000101675,9.38e-05,0.00011266,0.00010004,0.0001117
0.000109257,8.195e-05,0.00013062,0.000114825,0.00011125
0.000106237,9.059e-05,0.00012313,0.0001071,0.00012313
0.000109508,8.785e-05,0.00013542,0.000109415,0.00010708
0.0001198,9.979e-05,0.00014023,0.000120315,0.00013231
0.000100451,9.017e-05,0.000119,9.6215e-05,0.00010162
0.000108485,9.322e-05,0.00012527,0.00010821,0.00010227
9.9946e-05,7.904e-05,0.0001153,0.000100655,0.00011131
0.000111475,9.33e-05,0.00013105,0.00010814,0.00010862
0.000110677,8.788e-05,0.00015213,0.000101055,8.788e-05
0.000104804,8.756e-05,0.00013076,0.00010278,0.00010188
0.00011046,8.364e-05,0.00016725,0.00010116,8.364e-05
0.000106779,7.457e-05,0.00013649,0.00010758,0.00010524
0.000106876,8.446e-05,0.00014397,9.966e-05,8.446e-05
9.9455e-05,8.046e-05,0.00012878,9.532e-05,0.00010671
0.000113343,9.667e-05,0.00013875,0.000109965,0.00013875
0.000110211,8.89e-05,0.00013289,0.000111105,0.00011558
0.000107768,9.954e-05,0.0001206,0.00010715,0.00010828
0.000101778,8.804e-05,0.00012105,9.842e-05,9.334e-05
0.000111894,9.614e-05,0.00012424,0.000112015,0.00010559
0.000121571,9.06e-05,0.00013945,0.000126125,0.00012106
0.000103589,8.71e-05,0.00012893,0.000103585,0.00010612
0.000121251,0.00010274,0.00015123,0.000116425,0.00015123
0.000115416,8.545e-05,0.00014637,0.00011382,0.00011473
0.000112939,8.983e-05,0.0001332,0.00011251,0.0001332
0.000107888,8.815e-05,0.00012571,0.00010679,0.00010801
0.000122134,9.78e-05,0.00016273,0.00011683,0.00016273
0.000103065,8.853e-05,0.00012158,0.00010558,0.00010433
0.000116879,9.646e-05,0.00015691,0.000107985,0.00015691
0.000103854,8.867e-05,0.00012556,9.905e-05,0.00010043
0.000109017,9.678e-05,0.0001212,0.0001089,0.00011586
0.000108742,8.17e-05,0.00015148,0.00010167,0.00010655
9.9404e-05,7.78e-05,0.00013867,9.4755e-05,8.787e-05
0.000110337,9.865e-05,0.0001363,0.000105085,0.00010536
0.000106445,8.034e-05,0.00012818,0.00010965,0.00012818
0.000111376,9.241e-05,0.00013331,0.00011078,9.55e-05
0.000110046,7.668e-05,0.00014029,0.00011147,0.00012253
0.000109024,9.82e-05,0.00012461,0.000108505,0.00011342
9.9715e-05,7.713e-05,0.00013521,9.4425e-05,9.097e-05
9.51e-05,7.316e-05,0.00012815,9.595e-05,9.431e-05
0.00010099,8.333e-05,0.00012785,9.8105e-05,9.807e-05
0.000107849,9.534e-05,0.00012758,0.000106605,0.00012758
0.000103838,8.457e-05,0.00012464,0.000102435,0.00010963
0.000104487,8.886e-05,0.00012659,0.000101085,0.00012659
0.000112277,8.989e-05,0.00012464,0.00011416,0.00011542
0.000106376,7.593e-05,0.00012594,0.00011204,0.00012594
0.000110235,8.539e-05,0.00012641,0.000110465,0.00010508
0.000109425,8.477e-05,0.00012723,0.00010973,0.00012723
0.000116954,9.615e-05,0.00012988,0.000117455,0.00012178
9.6059e-05,8.239e-05,0.00011713,9.3185e-05,8.994e-05
0.000114876,9.514e-05,0.00014022,0.00011582,0.00013244
0.000100656,7.912e-05,0.00012263,0.000101115,0.00010398
0.000110255,9.492e-05,0.00013032,0.000111,9.492e-05
0.000113603,8.315e-05,0.00014723,0.000116135,0.00011568
0.000106089,8.675e-05,0.00011726,0.000110005,0.00011562
0.000126774,0.00010316,0.0001645,0.000122515,0.00013141
0.0001075,8.36e-05,0.00012326,0.000108945,0.00012326
0.00011134,9.236e-05,0.00013252,0.00011252,0.00011279
0.000102795,8.385e-05,0.00013579,0.000100605,0.00013579
0.000122395,9.354e-05,0.00015797,0.000121525,0.00012407
0.000100988,8.684e-05,0.00011727,0.00010002,0.00010757
0.000112316,9.619e-05,0.00013639,0.00011057,0.00012192
9.9987e-05,7.254e-05,0.00014021,9.367e-05,8.395e-05
0.000110973,7.882e-05,0.00014177,0.00011304,0.00011254
0.000109975,8.523e-05,0.00014781,0.000103935,8.523e-05
0.000108006,8.524e-05,0.00013963,0.00010402,0.00011398
0.000113806,9.433e-05,0.0001504,0.000109285,0.00011311
0.000113772,7.617e-05,0.00014568,0.00011636,0.00010971
0.000103054,9.177e-05,0.00012757,0.000100405,9.392e-05
0.000100638,7.39e-05,0.00014049,9.623e-05,0.00010408
0.00011687,9.609e-05,0.00015173,0.000111715,0.00012869
0.000104379,7.323e-05,0.00014459,0.000101075,0.00011249
0.00010549,9.267e-05,0.00011544,0.000107235,9.267e-05
0.000114001,9.795e-05,0.00013884,0.0001089,0.00010847
0.00010412,9.573e-05,0.00011751,0.00010344,9.575e-05
0.000112736,9.713e-05,0.0001415,0.000106525,0.00010286
0.0001106,9.632e-05,0.00013205,0.00010671,0.00011241
0.000121371,9.66e-05,0.00016025,0.00011455,0.0001034
0.000106535,8.528e-05,0.00012499,0.000103745,8.528e-05
0.000110004,9.393e-05,0.00013612,0.000105875,0.00010648
0.00010365,7.843e-05,0.00014111,0.000100025,7.843e-05
9.9631e-05,8.247e-05,0.00011905,9.961e-05,0.00011905
9.9244e-05,7.887e-05,0.0001207,9.778e-05,9.418e-05
0.000115154,8.589e-05,0.00014422,0.000112265,0.00014422
0.000110426,9.299e-05,0.00013223,0.000105055,0.00012436
0.000107771,9.366e-05,0.00012987,0.000105455,0.00012987
0.000102981,9.15e-05,0.00011778,0.00010091,0.00011778
0.000102655,9.231e-05,0.00012977,0.000101315,0.00012977
0.000132004,0.00010225,0.00017007,0.000131345,0.00014608
0.000108853,8.813e-05,0.00013289,0.000109755,0.00013289
0.000108834,9.119e-05,0.00012802,0.000109985,0.00012802
0.000109131,9.504e-05,0.0001451,0.000101265,0.00010503
0.000109855,8.644e-05,0.00012761,0.000108995,0.00012761
0.000104654,8.666e-05,0.00013344,9.9495e-05,9.051e-05
0.00011559,8.545e-05,0.00014252,0.00011559,0.00014252
0.000114591,9.534e-05,0.00013773,0.000111725,0.00013773
0.000107918,8.782e-05,0.00012873,0.00010671,0.00010203
0.000101446,9.029e-05,0.00012006,9.9835e-05,9.428e-05
0.00010649,8.728e-05,0.00012256,0.000106225,0.00012256
0.000114101,9.408e-05,0.00014362,0.00011347,0.00012329
0.000106786,8.567e-05,0.00013702,0.0001039,0.00013702
0.000106976,8.51e-05,0.00012032,0.000107835,0.0001018
0.000103099,8.406e-05,0.0001303,0.000101445,0.00010795
0.000106016,8.559e-05,0.00013978,0.000101795,0.00010158
0.000106266,8.04e-05,0.00014117,9.985e-05,0.00011196
0.000111595,9.885e-05,0.00013939,0.00010764,9.938e-05
0.000111297,8.46e-05,0.00014559,0.00010534,0.0001095
0.000104124,8.334e-05,0.00012791,0.000102045,9.658e-05
0.000116262,9.965e-05,0.0001524,0.000107915,0.00010891
0.000112404,9.269e-05,0.00012701,0.000115395,0.0001052
0.000128685,9.485e-05,0.00017298,0.000122,0.00012561
0.000105885,7.997e-05,0.00012896,0.000106445,0.00012896
0.00012115,9.893e-05,0.00015484,0.000117,0.00012813
9.892e-05,8.106e-05,0.00010721,0.000100235,9.831e-05
0.00011414,9.898e-05,0.00014002,0.000111965,0.00010448
0.000105974,8.597e-05,0.00012277,0.000104915,0.000107
0.000112468,9.538e-05,0.00014009,0.00010608,0.00011847
0.000113515,8.494e-05,0.00015151,0.000106765,0.00011165
0.000107041,8.284e-05,0.00012471,0.000108055,0.00012408
0.00011761,9.466e-05,0.0001634,0.00011079,0.00011795
0.000105115,8.074e-05,0.0001359,0.00010247,0.0001359
0.000117451,9.679e-05,0.00015203,0.000116785,9.679e-05
0.000106589,8.277e-05,0.00013783,0.00010222,0.00013783
0.00010533,8.478e-05,0.00012075,0.00010517,0.00010062
0.000104368,9.231e-05,0.00012729,0.00010097,0.00012729
0.000115295,9.272e-05,0.0001475,0.000112375,0.00011647
0.000104125,9.154e-05,0.00012118,0.00010121,0.00012118
0.000112831,9.585e-05,0.00013435,0.000111745,0.00011689
0.000108755,9.29e-05,0.00012433,0.000107195,0.00012345
0.000114245,8.469e-05,0.00013897,0.00011986,0.00011221
0.00010466,9.305e-05,0.00012232,0.00010306,0.00011376
0.000105398,7.708e-05,0.00013963,0.000103675,0.00011152
0.000108219,8.851e-05,0.00013742,0.00010336,8.851e-05
0.000102711,8.193e-05,0.00013551,9.612e-05,0.00010412
0.00010864,8.681e-05,0.000137,0.00010914,8.681e-05
9.9671e-05,6.823e-05,0.0001316,0.00010008,0.0001044
9.9547e-05,7.612e-05,0.00013481,9.6855e-05,8.427e-05
0.000109216,8.563e-05,0.00014161,0.000104855,0.00011543
0.000108659,0.00010073,0.00011981,0.000107325,0.00010522
0.00010573,7.685e-05,0.00013888,0.00010298,0.00010385
0.000106294,7.624e-05,0.00013146,0.00010829,0.00013146
0.000113175,8.702e-05,0.00014264,0.00011287,0.0001195
0.000103785,7.72e-05,0.0001299,0.000104505,0.00010519
0.000114756,9.733e-05,0.00014908,0.000110715,0.00011186
0.000104139,8.242e-05,0.00013557,0.00010189,0.00010198
0.000103982,7.946e-05,0.00012973,0.000106725,9.502e-05
0.000109565,9.832e-05,0.00013062,0.000106875,0.00013062
0.000117194,8.542e-05,0.00014938,0.000115585,0.00010746
0.00010922,9.686e-05,0.00014247,0.00010123,0.00014247
0.000100654,8.636e-05,0.00012706,0.00010087,0.00010061
0.000106904,8.584e-05,0.00011769,0.00010912,0.00011743
0.000105556,7.197e-05,0.00013816,0.000107355,9.995e-05
0.000111773,8.583e-05,0.00013131,0.00011066,0.00013029
9.1248e-05,7.279e-05,0.0001084,9.288e-05,8.528e-05
0.000114963,9.705e-05,0.00013909,0.000112325,0.00010759
0.000111936,8.204e-05,0.00014238,0.000111475,0.00010774
0.000120486,0.00010125,0.00014944,0.000114575,0.00013087
0.000107493,8.144e-05,0.00014448,0.000104315,0.00011245
0.000110507,9.949e-05,0.00011944,0.00011125,0.00010089
0.000108433,8.528e-05,0.00012732,0.0001036,0.00010368
0.000105831,7.912e-05,0.00013023,0.00010862,0.00013023
0.000105778,8.776e-05,0.00012555,0.00010512,0.00010674
0.000115856,9.176e-05,0.00014263,0.00011254,0.00013148
0.000114277,8.544e-05,0.00016224,0.00010603,0.00010872
0.000104557,7.584e-05,0.00013932,0.00010234,9.252e-05
0.000118491,9.302e-05,0.00013746,0.000117695,0.00010905
0.000107415,7.95e-05,0.00014773,0.000105065,0.00012012
0.000101766,7.419e-05,0.00012644,0.000105315,0.0001001
0.000110454,9.572e-05,0.00013104,0.00010546,0.00012402
0.000101228,7.493e-05,0.00011956,0.000106205,0.000105
0.000105546,9.324e-05,0.0001304,9.9375e-05,0.0001304
0.00010754,9.329e-05,0.00014193,9.693e-05,9.517e-05
0.000121822,9.773e-05,0.00015258,0.00012121,0.00015258
0.000105545,8.044e-05,0.00013278,0.00010315,9.928e-05
0.000108464,8.45e-05,0.00013038,0.00010855,0.00013038
0.000119906,9.151e-05,0.00015521,0.000121465,0.00012422
0.000125261,9.528e-05,0.00016894,0.00012115,0.00016894
9.7434e-05,9.2e-05,0.00010451,9.7635e-05,9.967e-05
0.000110554,7.279e-05,0.00015024,0.00011452,0.0001191
0.000102889,8.662e-05,0.0001162,0.000101235,0.00011
0.000100565,7.956e-05,0.00012918,0.000102675,8.765e-05
0.000120245,0.00010632,0.00015193,0.00011434,0.00015193
0.000110872,8.901e-05,0.00013195,0.000114255,0.00011719
0.000110991,9.284e-05,0.00012494,0.0001102,0.00012494
0.000105468,8.407e-05,0.00012491,0.0001065,0.00010035
0.000110949,9.114e-05,0.00012703,0.000111355,0.00012703
9.4796e-05,8.287e-05,0.00011368,9.27e-05,8.427e-05
0.000133401,0.00011104,0.00017191,0.0001276,0.00017191
0.000109611,9.017e-05,0.0001418,0.000105375,0.00011423
0.000109214,8.734e-05,0.00013865,0.000106895,8.734e-05
0.000105386,9.455e-05,0.00011981,0.00010364,0.00010349
0.000106258,7.683e-05,0.00014131,0.000103465,0.00014131
0.000107435,8.657e-05,0.00013141,0.00010449,0.00012254
0.00010993,8.831e-05,0.00012978,0.00010946,0.00012978
0.000106566,8.93e-05,0.00012281,0.000107975,0.0001162
0.000105621,8.441e-05,0.00012396,0.00010677,8.441e-05
0.000104375,8.671e-05,0.00012502,0.000106375,0.00011114
0.000105217,7.576e-05,0.00014111,0.00010173,9.541e-05
0.000113645,8.119e-05,0.00014625,0.0001153,0.00010828
0.000101567,8.55e-05,0.00012438,0.000102905,0.00011224
0.000112247,9.223e-05,0.00014052,0.00010882,0.00011423
9.8324e-05,7.732e-05,0.00013774,9.19e-05,8.777e-05
0.000114765,9.56e-05,0.00013354,0.000115705,0.00013354
0.000109292,8.995e-05,0.00012143,0.000113715,0.00011757
0.000103042,8.981e-05,0.00012526,0.00010149,0.00012526
0.000116034,8.654e-05,0.00014125,0.00011545,0.00011138
0.000105589,7.859e-05,0.00013451,0.00010813,0.00010836
0.000111615,9.569e-05,0.00013608,0.00010921,0.00010755
0.000106568,8.059e-05,0.00013629,0.000107085,0.00010684
0.000101654,9.142e-05,0.00011545,0.000102805,0.0001037
0.000112712,8.682e-05,0.00014177,0.00011567,0.00014177
0.000112969,8.383e-05,0.00015106,0.000107135,0.00010278
0.00010577,9.193e-05,0.00011596,0.00010781,9.628e-05
0.000110108,9.59e-05,0.0001333,0.000106385,0.0001333
0.000109967,9.48e-05,0.00012535,0.000110665,0.00012444
0.000106735,8.585e-05,0.0001341,0.00010397,0.0001341
0.000109564,9.022e-05,0.00012589,0.00010804,0.00010476
0.000113831,8.428e-05,0.00014276,0.00011706,0.00013688
0.000106977,9.911e-05,0.00011659,0.000107515,9.911e-05
0.000113161,9.051e-05,0.0001346,0.00011256,0.00013248
0.000106829,8.889e-05,0.00012592,0.00010409,0.00011768
9.7814e-05,6.793e-05,0.00012492,9.8225e-05,9.57e-05
0.000112994,9.267e-05,0.00014679,0.00010981,0.00011526
0.000102432,7.55e-05,0.00013905,9.6445e-05,9.282e-05
0.000105849,7.974e-05,0.00012486,0.00010841,0.00010573
0.000105737,8.195e-05,0.00013482,0.000101655,0.00013482
0.000112389,8.686e-05,0.00013109,0.000114965,0.0001103
0.000111044,9.616e-05,0.00013558,0.000107285,0.00013558
0.000105451,9.165e-05,0.00013696,0.000100125,9.165e-05
0.00011375,8.656e-05,0.00013815,0.0001167,0.00013815
0.000107821,8.954e-05,0.00012797,0.00011145,0.00011662
0.000115345,9.131e-05,0.00015197,0.000112195,0.00015197
0.000102609,7.767e-05,0.00012794,0.000100205,9.578e-05
0.000106997,8.82e-05,0.0001462,9.983e-05,0.0001462
0.000109973,9.843e-05,0.00013326,0.000105465,0.00010816
0.000113802,9.292e-05,0.0001354,0.00011317,0.00010504
0.000116443,0.00010025,0.00014211,0.000111745,0.00014211
0.000100995,7.866e-05,0.00012948,9.7075e-05,9.502e-05
0.000117009,9.939e-05,0.00015461,0.000107565,0.00015461
0.00010537,9.072e-05,0.00012489,0.00010662,0.00010697
0.000114326,8.962e-05,0.00013738,0.00011289,0.00013738
9.9072e-05,8.197e-05,0.00012247,9.98e-05,9.388e-05
0.000120441,9.294e-05,0.00014254,0.00012141,0.00013239
0.000108357,8.427e-05,0.00013372,0.000106115,0.00010895
0.000111675,8.613e-05,0.00013754,0.000109465,0.00012438
0.000120401,0.0001045,0.00014614,0.000114295,0.00011548
9.9143e-05,8.344e-05,0.00011528,0.00010053,8.962e-05
0.000108824,9.016e-05,0.00013522,0.000107855,0.00010773
0.00010695,7.845e-05,0.00012737,0.000109475,0.00012727
0.000122801,0.00010092,0.00016192,0.00011748,0.00012844
9.737e-05,8.117e-05,0.00013333,9.1295e-05,0.00013333
0.000119653,8.729e-05,0.00016251,0.000114025,0.00010848
9.9109e-05,8.7e-05,0.00011889,9.6275e-05,0.00010169
9.959e-05,7.066e-05,0.00012294,9.9785e-05,9.5e-05
9.5747e-05,8.436e-05,0.00011173,9.409e-05,9.668e-05
0.000102,8.129e-05,0.00013253,9.9465e-05,9.596e-05
0.000115371,8.361e-05,0.00014962,0.000118835,0.00013673
0.00011382,8.03e-05,0.00014317,0.00011892,0.00010844
0.000113746,0.00010044,0.00013757,0.000111895,0.00013757
0.000102533,8.802e-05,0.00013969,9.4715e-05,9.258e-05
0.000111737,8.826e-05,0.00012725,0.000114535,0.00010044
0.000116907,8.271e-05,0.0001448,0.000120855,0.00011155
0.000107299,8.232e-05,0.00012061,0.00010824,0.00012061
0.000106183,7.626e-05,0.00014752,9.8915e-05,9.402e-05
0.000102212,7.67e-05,0.00012208,0.000104175,9.658e-05
0.000103015,9.799e-05,0.00012496,9.9165e-05,0.00010076
0.000103829,8.414e-05,0.00012956,0.000104415,9.251e-05
0.000104365,7.717e-05,0.00014042,0.00010078,0.00010192
0.00010944,8.905e-05,0.00013499,0.00010674,0.00011994
0.00011897,0.00010055,0.00015269,0.000111475,0.00011825
0.000109435,8.448e-05,0.00014328,0.00010881,0.00014328
0.000115498,9.062e-05,0.00015584,0.000105005,0.00010337
0.000102836,8.889e-05,0.00013065,9.781e-05,0.00013065
0.000117061,9.265e-05,0.00015188,0.00011395,0.00012581
0.00010351,8.423e-05,0.0001166,0.000103975,9.677e-05
0.000102143,7.818e-05,0.00013365,9.47e-05,9.5e-05
0.00011262,9.888e-05,0.00012932,0.000115035,9.888e-05
0.00011416,8.754e-05,0.00014239,0.000112255,0.00012246
0.000111436,7.798e-05,0.00014148,0.000116275,0.0001207
0.000112935,7.836e-05,0.00014815,0.00011414,0.00012689
0.000105915,8.844e-05,0.00012437,0.00010946,0.0001111
0.000102551,8.388e-05,0.00012206,0.00010646,0.00012206
0.000122725,9.456e-05,0.0001589,0.000116625,0.00011463
0.000107239,8.691e-05,0.00013282,0.00011194,0.00013282
0.000113859,8.724e-05,0.00013509,0.000114845,0.00011779
0.00010817,8.565e-05,0.00012572,0.00011043,0.00012572
0.000108793,8.576e-05,0.00014468,0.00010202,0.00010318
0.000111974,8.388e-05,0.00013533,0.00011034,0.00012319
0.000107374,7.387e-05,0.00013239,0.00011138,0.00010581
0.000108493,8.365e-05,0.00014052,0.00010878,0.00012181
0.000105371,7.558e-05,0.00013651,0.000106805,0.00011307
0.000120971,8.573e-05,0.00016244,0.00011663,0.00016244
0.000110734,8.992e-05,0.00013269,0.00010939,0.00010908
0.000121896,9.286e-05,0.0001621,0.000116295,0.0001621
0.000108357,9.098e-05,0.00013181,0.000107005,0.0001083
0.000106555,8.157e-05,0.0001294,0.00010511,0.0001294
0.00011082,8.59e-05,0.00013418,0.000113745,0.00011353
0.000122647,0.00010093,0.00014852,0.000118755,0.00010093
0.000105177,9.066e-05,0.00013386,0.0001034,9.066e-05
9.9637e-05,7.401e-05,0.00012527,9.924e-05,9.692e-05
0.000111376,0.00010112,0.00012528,0.00011094,0.00012332
9.2865e-05,7.037e-05,0.00011051,9.6915e-05,8.294e-05
0.000105631,8.603e-05,0.00011633,0.00010589,0.00010857
0.000103884,7.89e-05,0.00014023,0.00010064,9.199e-05
0.000101516,8.105e-05,0.0001196,0.000103255,8.755e-05
0.000105549,7.674e-05,0.00012385,0.000109255,0.00010809
0.000114449,9.269e-05,0.00013716,0.000113155,0.00012962
0.000106198,8.6e-05,0.00013605,9.9445e-05,0.00013605
0.0001144,8.488e-05,0.00015465,0.000108205,0.00010327
0.000113449,8.402e-05,0.00013975,0.000111715,0.00012578
0.000104435,8.815e-05,0.00013058,0.000102565,0.00010665
0.000103699,8.133e-05,0.00012884,0.000102005,8.133e-05
0.000111521,8.828e-05,0.00013596,0.00010766,0.00012591
0.000107752,8.99e-05,0.0001402,0.000102785,9.891e-05
0.000110737,7.726e-05,0.00013464,0.00011382,0.00013003
0.00010599,9.192e-05,0.00011647,0.00010608,0.00011313
0.000100558,8.078e-05,0.00012867,9.743e-05,9.393e-05
0.000106489,9.945e-05,0.00011225,0.000106745,0.00011215
0.000102654,9.137e-05,0.0001162,0.00010177,0.0001162
0.0001205,9.197e-05,0.00015509,0.00011607,0.0001177
0.000102734,8.976e-05,0.00011801,0.00010311,9.837e-05
0.000113669,7.96e-05,0.00014344,0.000116525,0.00011788
0.000108553,9.896e-05,0.00012741,0.00010731,0.00010943
0.000108958,8.475e-05,0.00013669,0.00010897,0.00010839
0.000109465,9.004e-05,0.00014889,0.00010389,9.004e-05
0.000104658,8.032e-05,0.00013604,9.757e-05,0.00010478
0.000110999,9.945e-05,0.00014279,0.00010519,0.00010008
0.000108846,8.696e-05,0.00014386,0.00010365,0.00011106
9.9003e-05,7.541e-05,0.00011489,0.000102455,0.00011489
0.000107195,8.303e-05,0.0001239,0.000109125,0.00010745
0.000106651,8.788e-05,0.00012122,0.000107075,0.0001186
0.000108482,8.531e-05,0.00015538,0.00010326,0.00010581
9.5369e-05,7.395e-05,0.00012431,9.5635e-05,8.533e-05
0.000106645,8.031e-05,0.00014965,0.00010268,9.096e-05
0.000109756,7.783e-05,0.00014528,0.000106955,0.00012298
0.000112355,9.492e-05,0.00012984,0.000115505,9.492e-05
0.00010608,8.923e-05,0.00013577,9.99e-05,0.00010751
0.000103139,7.391e-05,0.00012556,0.000104845,0.00012556
9.9929e-05,8.323e-05,0.00011234,0.00010155,9.815e-05
0.000116252,9.793e-05,0.00013431,0.000117515,0.00013431
0.000109984,9.574e-05,0.0001297,0.000105235,0.0001297
0.00010266,7.337e-05,0.00012504,0.000103675,9.992e-05
0.000125164,9.97e-05,0.00015998,0.000122445,0.00015998
0.000110698,9.153e-05,0.00013438,0.000107415,0.00010414
0.000117014,9.397e-05,0.00013799,0.00011838,0.00012712
0.000102852,8.564e-05,0.00011633,0.000102305,0.00011466
0.000103501,9.344e-05,0.00012738,0.000100065,0.00010716
0.000106884,8.455e-05,0.00014255,0.00010271,0.00011168
0.000104149,8.779e-05,0.00012158,0.00010585,0.00012158
0.00010062,9.247e-05,0.00011652,9.884e-05,0.00010225
0.000110706,9.998e-05,0.0001212,0.000110345,9.998e-05
0.000112786,0.0001001,0.00012707,0.000110825,0.00012002
0.000105076,7.735e-05,0.00013782,0.000102955,9.738e-05
0.000111736,8.882e-05,0.00014439,0.00010831,0.00010036
0.000109471,9.177e-05,0.00013321,0.000107695,0.00013321
0.000116584,9.127e-05,0.00013189,0.000119665,0.00012757
0.000112057,8.928e-05,0.00013141,0.000110565,0.00012575
0.000111071,9.629e-05,0.00013496,0.000109155,0.00011787
0.000107499,7.173e-05,0.00012829,0.00011201,0.00012631
0.000104265,8.792e-05,0.00011531,0.000105125,0.00010188
0.000104181,8.505e-05,0.00011976,0.000105835,9.567e-05
0.000102453,7.561e-05,0.00014299,9.639e-05,0.0001075
0.000110323,8.292e-05,0.00014868,0.000106525,8.292e-05
0.000109314,9.45e-05,0.00013172,0.000105575,0.00010924
0.000113435,9.875e-05,0.00013307,0.000112915,0.00011598
9.9153e-05,7.861e-05,0.0001272,9.4875e-05,0.00010874
0.000114025,9.898e-05,0.0001448,0.00010887,9.898e-05
0.000109741,7.978e-05,0.00014062,0.0001116,0.0001008
0.000105891,9.443e-05,0.00012104,0.000103145,9.443e-05
0.000102425,7.33e-05,0.00013649,0.000100865,0.0001075
0.000106219,9.616e-05,0.00012999,0.00010206,0.00010686
0.000107054,9.12e-05,0.00013107,0.000102955,0.00010662
0.000110477,8.078e-05,0.00014956,0.00010878,0.00011451
0.000114035,9.217e-05,0.0001402,0.000111035,0.00010698
0.000107641,7.082e-05,0.00013726,0.000111615,0.00013726
0.000114871,9.474e-05,0.00013074,0.000114465,0.00010879
0.000100631,8.01e-05,0.00013546,9.623e-05,0.00013546
0.00012274,0.00010467,0.00015189,0.00011711,0.00013614
0.000105476,8.902e-05,0.00013762,0.00010188,0.00013762
0.000116744,9.892e-05,0.00015362,0.00011071,0.00011286
9.721e-05,8.235e-05,0.00011819,9.5935e-05,9.513e-05
0.000115786,8.695e-05,0.00014233,0.00011477,0.00013775
0.00010051,7.921e-05,0.00013008,9.603e-05,0.00010684
0.000111221,9.284e-05,0.00014229,0.0001053,0.00010161
0.000110328,9.134e-05,0.00014071,0.00010558,0.00010604
0.000115569,9.82e-05,0.00014068,0.000111095,0.00011984
0.000109175,9.502e-05,0.0001275,0.000106675,0.00010674
0.000119618,0.00010165,0.00015197,0.00011479,0.00015197
0.00010015,8.217e-05,0.00013066,9.4575e-05,9.058e-05
0.00011222,9.592e-05,0.0001425,0.000109275,0.0001425
0.000117994,9.466e-05,0.00015616,0.000109515,0.00010967
9.462e-05,8.119e-05,0.00010625,9.2465e-05,0.00010437
9.8863e-05,8.817e-05,0.00011835,9.8765e-05,8.817e-05
0.000105449,7.897e-05,0.00014065,0.000105145,0.00010595
0.000105785,9.115e-05,0.00011866,0.000106265,0.00010881
0.000116103,9.365e-05,0.00014898,0.000118195,0.00011786
9.8839e-05,7.543e-05,0.00012339,0.000100035,0.00010469
0.000108497,8.786e-05,0.00014778,0.000102345,9.47e-05
0.000108621,8.048e-05,0.00013488,0.000109405,0.00010838
0.000106196,9.231e-05,0.00011703,0.00010706,0.00010943
0.000103955,8.624e-05,0.00013917,9.7255e-05,0.00010565
0.000112731,9.67e-05,0.00013615,0.000110695,9.67e-05
0.000107711,7.501e-05,0.00013562,0.000106975,0.00010129
0.000109616,8.973e-05,0.00014607,0.000103055,8.973e-05
0.000106201,9.031e-05,0.00013055,0.0001017,0.00010353
0.000109201,9.679e-05,0.00013447,0.000105025,0.00010135
0.000110777,9.205e-05,0.00013455,0.000106675,0.00010421
0.000110545,7.574e-05,0.00013567,0.000113195,0.00013009
0.00012389,9.31e-05,0.00015774,0.000123855,0.00013742
0.000102635,8.688e-05,0.00012147,0.000105025,0.00012147
0.0001095,9.2e-05,0.00012224,0.000109415,0.00010116
0.00010279,7.873e-05,0.00013414,9.988e-05,9.654e-05
0.000106209,8.719e-05,0.00012042,0.00010715,0.00011025
0.000107667,9.012e-05,0.00013324,0.00010396,9.012e-05
0.000113979,9.21e-05,0.00014058,0.00010936,0.00010562
0.000107823,8.637e-05,0.000135,0.0001046,0.00010679
0.00011616,8.236e-05,0.00015364,0.00011783,0.00011684
0.000114561,0.00010007,0.00013422,0.000114605,0.00010007
0.000106212,8.322e-05,0.00013712,0.00010363,0.00010706
0.000105604,8.377e-05,0.00013797,0.00010098,0.00010579
0.000104477,7.585e-05,0.00014466,9.9885e-05,9.347e-05
0.000112795,9.768e-05,0.00012583,0.00011452,0.00012212
9.9497e-05,9.268e-05,0.00011374,9.8475e-05,0.00011374
0.000112371,9.333e-05,0.00014918,0.00010314,0.00010527
0.000103331,8.586e-05,0.00012667,0.000102195,9.025e-05
0.000102965,7.879e-05,0.00013693,0.00010157,0.00010479
0.000104842,7.831e-05,0.00014708,9.804e-05,9.503e-05
0.000110594,8.476e-05,0.00014264,0.000109275,0.00010852
0.000107888,8.954e-05,0.00011922,0.000109395,8.954e-05
0.000115928,7.967e-05,0.00015575,0.00011806,0.00011199
0.000105571,8.225e-05,0.00012338,0.000107055,9.685e-05
9.9181e-05,7.387e-05,0.00012808,9.715e-05,0.00010629
0.000121648,0.00010212,0.00016468,0.000112195,0.00011056
0.00010869,8.4e-05,0.00013616,0.00010875,9.642e-05
0.000106795,8.325e-05,0.00012109,0.000108835,0.00012109
0.00010613,9.321e-05,0.00013065,0.00010485,0.00010759
9.9857e-05,7.92e-05,0.00011803,0.000100955,0.00010029
0.00010189,8.661e-05,0.00012137,9.9685e-05,9.612e-05
0.000104904,7.651e-05,0.00013443,0.00010539,0.00010711
0.000115475,8.939e-05,0.00013999,0.00011529,0.00013818
0.00011066,7.629e-05,0.00016014,0.000104385,9.758e-05
0.000109688,9.233e-05,0.00012864,0.000111605,0.00012864
0.00010821,8.525e-05,0.00014092,0.00010942,0.00010804
0.000102802,7.983e-05,0.00013685,9.786e-05,9.524e-05
0.000111035,7.054e-05,0.00013979,0.000114325,0.0001129
0.000110964,9.875e-05,0.00014078,0.00010352,9.875e-05
0.000104084,8.201e-05,0.000133,0.00010152,0.00010528
0.000107477,9.259e-05,0.00012089,0.000109355,0.00012089
0.000108304,8.192e-05,0.00013402,0.0001083,9.959e-05
0.000107511,8.53e-05,0.0001298,0.0001049,0.00012042
0.000109075,9.648e-05,0.00013093,0.000107405,0.00010408
0.000107765,8.007e-05,0.00013874,0.000105465,0.00010432
0.000109705,9.537e-05,0.00013475,0.000107005,0.00011297
0.000102603,6.979e-05,0.00013338,0.000102655,0.00011017
0.000109265,9.327e-05,0.0001297,0.000110375,9.531e-05
0.000105392,8.444e-05,0.00013041,0.000103585,0.00010447
0.000110913,8.773e-05,0.00014193,0.000106325,9.456e-05
0.000105218,8.015e-05,0.0001326,0.00010659,0.00010836
9.7077e-05,8.096e-05,0.00012081,9.596e-05,0.00010007
0.000115101,9.328e-05,0.00014032,0.000115225,0.00013399
0.00011205,9.479e-05,0.00013246,0.000111015,9.716e-05
0.000123209,9.882e-05,0.00015725,0.000116835,0.00015725
0.0001047,9.148e-05,0.00012387,0.00010281,9.81e-05
0.000105729,7.889e-05,0.0001364,0.00010568,0.0001364
0.00010426,8.257e-05,0.00011856,0.000105115,0.0001022
0.000106719,9.955e-05,0.00012206,0.000104385,0.00010102
0.000113021,7.732e-05,0.0001418,0.000116815,0.00011677
0.000107355,9.254e-05,0.0001275,0.00010135,0.0001273
0.000110188,8.851e-05,0.00014003,0.000104825,0.0001229
0.000108391,9.208e-05,0.00013104,0.00010821,0.00013104
0.000119716,9.538e-05,0.00015511,0.00011485,0.00012944
0.000105789,8.8e-05,0.00013314,9.8195e-05,0.00013314
0.000115705,8.76e-05,0.00014999,0.000113645,0.00011556
0.000108044,7.003e-05,0.00013845,0.00011089,0.00011768
0.000119672,9.182e-05,0.00016309,0.000115525,0.00011092
0.000104914,7.571e-05,0.00013905,0.000102465,0.00010121
0.000107312,7.788e-05,0.00014878,0.000104455,0.00011458
9.9247e-05,7.156e-05,0.0001269,0.000101125,0.00010294
0.000105922,8.083e-05,0.0001304,0.000107975,0.00010154
0.000101974,8.103e-05,0.00013853,9.5905e-05,9.249e-05
0.000108606,7.129e-05,0.00013009,0.00011324,0.00010794
0.000113829,8.975e-05,0.00014953,0.000111985,9.229e-05
0.000111276,8.222e-05,0.00014515,0.000108985,9.378e-05
0.000122431,0.0001037,0.00015935,0.00011595,0.00015935
0.000110127,9.609e-05,0.00014011,0.000106415,0.00011094
0.000106279,9.311e-05,0.000125,0.00010423,0.000121
0.000109516,7.977e-05,0.00013372,0.000111905,0.000124
9.998e-05,7.712e-05,0.00012424,0.00010053,9.815e-05
0.000106193,8.42e-05,0.00013092,0.00010902,0.00011752
9.9724e-05,7.011e-05,0.00012204,0.000104215,9.893e-05
0.000103169,8.926e-05,0.00012635,0.00010099,0.00010769
0.000111098,7.726e-05,0.00013801,0.000112485,0.00012483
0.000112578,9.424e-05,0.00013075,0.00011054,0.00010962
0.000111053,8.661e-05,0.00014542,0.00010639,0.00010838
0.000102825,9.326e-05,0.00010847,0.000103565,0.00010215
0.000116495,8.972e-05,0.00014455,0.00011683,0.00013354
0.000107726,9.409e-05,0.00012491,0.000104265,0.00010363
0.00010254,8.957e-05,0.00011972,9.985e-05,0.00011431
0.000109888,8.823e-05,0.00012925,0.000109015,0.00012925
0.000115679,8.799e-05,0.00013919,0.00011526,0.00011581
0.000102979,7.273e-05,0.00012875,0.000106405,0.00010949
0.000119406,9.902e-05,0.00015927,0.000111695,0.00011207
0.000105219,7.647e-05,0.00013402,0.00010472,0.00011021
0.000113011,9.924e-05,0.00012719,0.000113735,0.00011543
9.6499e-05,8.236e-05,0.00010923,9.6485e-05,0.00010118
0.000110548,9.182e-05,0.00014031,0.000109305,0.00011092
0.000106589,8.396e-05,0.00012975,0.00010561,0.00010301
0.000112282,9.828e-05,0.00013384,0.0001118,0.00010989
0.000110338,0.00010104,0.00012877,0.00010514,0.00010151
0.000105024,8.038e-05,0.00012114,0.000108985,0.0001063
0.00011254,0.00010338,0.00012787,0.000110855,0.00012787
0.000107208,9.18e-05,0.00013274,0.000104855,9.18e-05
0.000120613,9.347e-05,0.00015969,0.00011538,0.00015969
0.000105614,8.916e-05,0.00013388,0.000105695,0.00010489
0.000122467,9.441e-05,0.00016049,0.000120045,0.00016049
0.000102981,8.866e-05,0.00012018,0.000101705,9.61e-05
0.000119471,9.193e-05,0.00015413,0.000112335,0.00015413
9.8439e-05,8.288e-05,0.00011068,9.746e-05,9.734e-05
0.000111069,9.114e-05,0.00014543,0.000105225,9.114e-05
0.000108546,8.249e-05,0.00015268,9.8585e-05,0.00010536
0.000116553,9.609e-05,0.00014577,0.00011172,0.00012404
0.000115378,8.816e-05,0.00015756,0.00010881,0.00010894
0.000111374,8.084e-05,0.00013794,0.00011302,0.00012342
0.00011699,9.56e-05,0.00015587,0.00011006,0.0001094
0.000105689,8.113e-05,0.00014116,0.000100085,9.285e-05
0.000110971,9.941e-05,0.00012551,0.0001114,0.00011335
0.00010485,7.482e-05,0.00013879,0.000101135,9.016e-05
0.00010821,9.587e-05,0.00012591,0.00010659,0.00010514
9.9129e-05,8.015e-05,0.00013397,9.4715e-05,9.999e-05
0.000102655,9.115e-05,0.0001131,0.000104105,9.115e-05
0.00010594,8.366e-05,0.00014421,9.879e-05,0.00010918
0.000106786,8.208e-05,0.00013857,0.000104145,0.0001076
0.00012018,9.593e-05,0.0001579,0.000113355,0.00011005
0.000106367,7.936e-05,0.0001499,0.000100675,8.394e-05
0.000115699,9.908e-05,0.0001304,0.000115815,0.00011376
0.000107435,9.182e-05,0.00012675,0.000107055,0.00011731
0.000111978,9.456e-05,0.00013311,0.00010672,0.00010424
9.7415e-05,9.015e-05,0.00010664,9.887e-05,0.00010102
0.000109744,9.647e-05,0.00012964,0.000106325,0.00010623
0.000108193,8.971e-05,0.00013638,0.00010238,0.00013638
0.000128618,0.0001171,0.00015278,0.00012615,0.00013057
0.000107686,8.718e-05,0.00014517,0.0001011,0.00010265
0.000104694,7.923e-05,0.00012063,0.000107565,0.00010385
0.000117516,9.435e-05,0.00015629,0.0001101,0.00015629
0.000101826,8.951e-05,0.00012581,9.915e-05,9.489e-05
0.000123685,0.00010527,0.00016536,0.000112975,0.00016536
9.7576e-05,8.518e-05,0.00010664,9.6835e-05,9.504e-05
0.000122119,9.122e-05,0.00016447,0.00011279,0.00016447
9.7109e-05,8.979e-05,0.00011294,9.2865e-05,9.29e-05
0.000109504,9.738e-05,0.00012621,0.00011041,0.00011321
0.000133995,8.736e-05,0.00017255,0.000137205,0.00011997
0.000106533,7.565e-05,0.00012766,0.00011101,0.00010864
0.000105666,9.578e-05,0.00012144,0.00010366,9.757e-05
0.000112094,8.059e-05,0.00014079,0.000112,0.00012508
0.000110875,8.475e-05,0.00014989,0.000107405,0.00010544
0.000111889,8.453e-05,0.0001431,0.00011077,0.00011637
0.00011717,9.566e-05,0.00014889,0.000111555,0.00010928
0.0001035,7.917e-05,0.00013581,9.9305e-05,8.913e-05
0.000109731,9.235e-05,0.00013022,0.000106155,0.00010669
9.6364e-05,8.621e-05,0.00011167,9.6405e-05,0.00010454
0.00012927,0.00010833,0.00015146,0.000131475,0.0001181
0.000109026,8.474e-05,0.00015479,9.7865e-05,0.00010549
0.000106267,7.869e-05,0.00013853,0.000103255,0.0001165
0.00011327,8.952e-05,0.00014218,0.000113865,0.00011309
0.0001025,7.584e-05,0.00013286,0.000101405,9.553e-05
0.000112198,9.422e-05,0.00014696,0.000107955,0.00010411
0.000103396,7.277e-05,0.00013192,0.0001061,0.0001065
0.000108199,9.503e-05,0.00012396,0.000106335,0.00010641
9.8323e-05,7.204e-05,0.00012824,9.553e-05,0.00010572
0.000107981,8.59e-05,0.00014503,0.000104065,8.59e-05
0.000104091,7.919e-05,0.00013798,0.000100245,0.00010852
0.000111102,9.819e-05,0.00012514,0.000110725,0.00012514
0.000105597,8.729e-05,0.00012075,0.00010672,0.00010591
0.00010832,9.129e-05,0.00012971,0.000105605,0.00012971
0.000115197,9.929e-05,0.00013441,0.000114145,0.00012876
0.000107201,8.836e-05,0.00012862,0.000104775,0.00012862
0.00012216,0.00010021,0.00016169,0.00011874,0.0001278
0.000104331,8.039e-05,0.00012835,0.00010282,0.00012835
0.000119011,9.864e-05,0.00015881,0.00010823,9.864e-05
0.00012081,7.791e-05,0.00014658,0.000121725,0.00014451
0.000138307,9.99e-05,0.00016047,0.00014478,0.00015472
9.6364e-05,8.364e-05,0.00011478,9.5175e-05,9.769e-05
0.000112323,0.00010047,0.000126,0.000110905,0.00012577
0.000105776,8.423e-05,0.00013115,0.000106315,0.00010076
0.000113851,9.211e-05,0.00014248,0.000110235,0.00012023
0.000115326,8.864e-05,0.0001562,0.00010777,0.00010707
0.000111106,9.252e-05,0.00013911,0.000106375,0.00011528
0.0001163,9.56e-05,0.00015389,0.000110235,0.0001101
0.000109422,8.524e-05,0.00013879,0.00010812,0.00010427
0.000104439,8.9e-05,0.00011605,0.000109285,0.00010975
0.00010065,8.611e-05,0.00012159,0.000100105,0.00010406
0.000102755,7.636e-05,0.00012727,0.000102035,9.608e-05
0.000104645,9.204e-05,0.00013165,9.9435e-05,9.929e-05
0.000107451,9.729e-05,0.00012238,0.00010575,0.00011763
0.000111841,8.948e-05,0.00014171,0.00010814,0.00010307
0.00010801,9.187e-05,0.00013766,0.000102215,9.798e-05
0.000119676,9.473e-05,0.00015617,0.000114135,0.0001085
0.000105136,7.678e-05,0.00013176,0.000106145,0.00010771
0.000118442,9.498e-05,0.00014958,0.00011459,0.00011063
0.000103101,7.513e-05,0.00013893,0.00010021,8.255e-05
0.000108611,9.608e-05,0.00012321,0.000108165,0.00010897
9.8414e-05,7.74e-05,0.00012286,9.478e-05,9.258e-05
0.00011234,9.543e-05,0.00013309,0.00010683,0.00010571
0.000107986,8.955e-05,0.00013534,0.00010267,0.00013534
0.000112955,8.674e-05,0.00014867,0.00010822,0.00010068
0.000118498,9.724e-05,0.00015517,0.000115995,0.00015517
0.000104735,8.187e-05,0.0001353,9.869e-05,9.818e-05
0.000119153,0.00010079,0.00015222,0.000114415,0.00015222
0.000101249,8.108e-05,0.00013124,9.542e-05,9.255e-05
0.000125203,0.00010047,0.00016622,0.00011572,0.00016622
9.9964e-05,8.66e-05,0.0001091,0.000101955,0.00010341
0.000114447,8.979e-05,0.00013836,0.00011558,0.00013836
9.8612e-05,8.67e-05,0.00011736,9.6935e-05,0.00010024
0.000115799,9.95e-05,0.00013826,0.000115605,0.00011269
0.000105865,8.409e-05,0.0001374,0.00010222,0.00010174
0.000116156,9.58e-05,0.00014208,0.000111925,0.0001082
0.000110513,8.416e-05,0.00015268,0.000102925,8.416e-05
0.000111122,7.605e-05,0.00014255,0.00011218,0.00010814
0.000120185,0.00010139,0.00015296,0.0001135,0.00012842
0.000110685,7.902e-05,0.00014018,0.000113475,0.00011343
0.000111239,9.887e-05,0.00012958,0.00010855,0.00012856
0.00010817,8.725e-05,0.00013419,0.00010796,0.00010633
0.000107134,9.284e-05,0.00012183,0.000106595,0.00012183
0.000105035,8.752e-05,0.00012676,0.00010298,0.00010983
9.4252e-05,7.631e-05,0.00010291,9.8575e-05,0.00010291
0.000107982,8.655e-05,0.00014111,0.000105345,0.00010609
0.000103771,8.961e-05,0.00012678,9.926e-05,8.961e-05
0.000116794,8.829e-05,0.00016146,0.000111385,0.00011126
0.000103035,7.784e-05,0.00012129,0.000106445,0.00011311
0.000114836,9.57e-05,0.00014177,0.00011417,0.00010766
0.000106035,7.803e-05,0.00012889,0.000108045,0.00011042
0.000110246,9.198e-05,0.00012907,0.00011242,0.00011082
0.000106865,7.961e-05,0.00013072,0.000108135,0.00012449
0.000109941,9.396e-05,0.00012526,0.00010895,0.00010719
0.000105719,9.255e-05,0.00013155,9.8285e-05,9.796e-05
0.000113131,9.926e-05,0.00012558,0.000114375,0.00011033
0.000107649,9.221e-05,0.00013675,0.000101295,9.308e-05
0.000103604,8.066e-05,0.00011878,0.00010704,0.00010416
0.000112551,9.977e-05,0.00012616,0.000110765,0.00012313
0.000105301,9.119e-05,0.00012508,0.000106215,0.00012508
0.000122759,0.00010418,0.00015737,0.00011627,0.00011796
0.000113136,9.709e-05,0.00013312,0.00011221,0.000125
0.000115019,9.552e-05,0.00013665,0.000110705,0.00011016
9.6304e-05,8.426e-05,0.00011192,9.2915e-05,0.00010058
0.00011367,9.242e-05,0.00014931,0.000111225,9.242e-05
0.000102335,8.052e-05,0.00013687,9.467e-05,0.00010383
0.000110969,9.685e-05,0.00012511,0.000109495,0.00012511
0.000106678,8.428e-05,0.0001318,0.00010507,0.00010279
0.000113734,0.00010299,0.00013515,0.000108265,0.00011857
0.000114986,8.713e-05,0.00015602,0.00010848,0.00010969
0.000109078,8.55e-05,0.00014035,0.00010855,0.00010944
0.000110953,8.935e-05,0.00014684,0.00010841,0.00010734
0.000108025,7.245e-05,0.00013291,0.00011241,0.00011734
0.00011055,9.45e-05,0.00013575,0.00011138,0.0001134
0.00010035,7.322e-05,0.00013171,9.7615e-05,9.024e-05
0.000114251,9.621e-05,0.00013488,0.0001126,0.00010963
0.000109275,9.325e-05,0.00013803,0.000102875,0.00010615
0.000107073,9.55e-05,0.00012092,0.000106965,0.00010619
0.000107033,9.746e-05,0.0001306,0.000102445,9.746e-05
0.000106561,9.197e-05,0.00013575,0.000102545,9.706e-05
0.000114304,9.426e-05,0.00013695,0.00011353,0.00010723
0.00010363,8.326e-05,0.00013604,0.000100115,9.038e-05
0.000117555,9.474e-05,0.00014748,0.00011291,0.00011182
9.9567e-05,7.708e-05,0.00013006,9.6845e-05,8.216e-05
0.000112055,9.311e-05,0.00013127,0.000110045,0.00010849
9.3473e-05,7.881e-05,0.00010255,9.4455e-05,0.00010255
0.000110669,8.535e-05,0.00014934,0.000104165,8.535e-05
0.000108035,8.89e-05,0.00013647,0.00010281,0.00013647
0.000111541,8.589e-05,0.00014855,0.00010527,0.00010598
0.000112149,9.664e-05,0.00013192,0.000108305,0.00013192
0.000100491,8.899e-05,0.00012321,9.5705e-05,9.318e-05
0.000118029,9.594e-05,0.00015302,0.0001165,0.00015302
9.713e-05,8.657e-05,0.00012491,9.117e-05,9.116e-05
0.000124642,0.00010252,0.00016547,0.000117935,0.00016547
0.0001045,8.782e-05,0.00012275,0.0001035,0.00010256
0.000115874,9.665e-05,0.00013975,0.000113335,0.00013975
9.9289e-05,8.815e-05,0.00011663,9.7585e-05,9.744e-05
0.000112241,0.00010081,0.00013242,0.000110465,0.00010869
0.000102281,8.453e-05,0.00012825,9.843e-05,9.788e-05
0.000111336,8.538e-05,0.00014953,0.000107845,0.00011072
0.00012781,0.0001002,0.00017379,0.00011861,0.00010242
0.000110691,8.952e-05,0.00013425,0.00011086,0.00013425
0.000108155,9e-05,0.0001259,0.000107965,0.00011481
0.000108839,7.772e-05,0.00013792,0.000109625,0.00011021
0.000110197,9.417e-05,0.00012599,0.000109235,0.00012301
0.000105891,8.155e-05,0.00012986,0.000106625,9.939e-05
0.00010903,9.14e-05,0.00012928,0.000105145,0.00012928
0.000102924,8.385e-05,0.00011797,0.00010406,9.398e-05
9.9529e-05,8.152e-05,0.00012971,9.848e-05,0.00010157
0.000108781,8.111e-05,0.00014667,0.00010657,0.00010406
0.000102714,7.85e-05,0.00012146,0.000106965,0.0001005
0.000109885,9.471e-05,0.0001284,0.00010762,0.00012839
0.000103531,6.894e-05,0.00012881,0.000108225,0.00010462
0.000122089,0.0001017,0.00015868,0.000112835,0.00015868
0.000100549,8.148e-05,0.00012703,9.9885e-05,9.969e-05
0.000123026,9.475e-05,0.00016507,0.00011976,0.00016507
9.7916e-05,8.771e-05,0.00011578,9.754e-05,9.995e-05
0.000120346,9.582e-05,0.00015777,0.00010926,0.00015777
0.000102818,7.765e-05,0.00012293,0.000101705,9.714e-05
0.000114316,8.23e-05,0.00015479,0.00010996,0.00015479
0.000102533,8.253e-05,0.00011484,0.000103615,0.00010279
0.000118244,0.00010644,0.00012774,0.00012156,0.00012131
0.000109844,8.867e-05,0.00014726,0.000104015,0.00010101
0.000105203,7.813e-05,0.00013662,0.00010427,0.00010307
0.000115184,9.158e-05,0.00013944,0.00011397,0.0001056
0.000110765,7.744e-05,0.00013586,0.000112955,0.00013006
0.000129252,9.084e-05,0.00015528,0.000134735,9.084e-05
0.000105365,7.605e-05,0.00013567,0.00010422,0.00011219
0.000111702,9.416e-05,0.00013875,0.000112935,9.416e-05
0.000105254,8.56e-05,0.00014062,9.9965e-05,0.00010539
0.000116478,0.00010011,0.00014432,0.00011376,0.00011667
0.000102706,8.708e-05,0.00011873,0.00010215,9.71e-05
0.000113704,9.847e-05,0.00013198,0.00011086,0.00012436
0.000116114,9.069e-05,0.00015064,0.000110525,0.00010954
0.00011352,9.906e-05,0.0001379,0.000108595,0.00011454
0.00011628,9.783e-05,0.00015597,0.000109175,0.00010922
0.000104206,7.544e-05,0.00014423,9.817e-05,9.299e-05
0.000112832,9.601e-05,0.0001376,0.000109575,0.0001086
0.000103051,7.139e-05,0.00014079,9.9705e-05,8.975e-05
0.000118784,9.279e-05,0.00014561,0.0001182,0.00014078
0.000109014,8.486e-05,0.00012984,0.00010654,0.00010492
0.00010866,9.732e-05,0.0001215,0.00010915,0.0001215
0.000108401,8.847e-05,0.00012284,0.000108285,0.00011079
0.000109294,8.901e-05,0.00013908,0.000105315,0.00011733
0.000118909,0.00010178,0.00015636,0.00010972,0.00010817
0.000102356,7.993e-05,0.00013751,9.9075e-05,8.466e-05
0.000114514,9.779e-05,0.00013469,0.000113235,0.0001124
0.0001083,8.214e-05,0.00013908,0.000106445,0.00012133
0.000113896,9.574e-05,0.00013656,0.00011178,0.0001026
9.764e-05,8.215e-05,0.00011448,9.7055e-05,0.0001019
0.00011223,9.584e-05,0.00013442,0.00010921,0.00012649
0.000106316,8.596e-05,0.0001289,0.000105095,9.567e-05
0.000103581,7.803e-05,0.00012274,0.00010679,0.00010441
0.000105796,9.202e-05,0.00012259,0.00010274,0.00012259
0.000107006,8.365e-05,0.00013263,0.000104935,9.723e-05
0.000120099,0.00010186,0.00015233,0.000118595,0.00015233
0.000101745,7.926e-05,0.00013209,9.625e-05,9.439e-05
0.000122919,9.768e-05,0.00016152,0.000118695,0.00016152
0.000102545,8.896e-05,0.00011485,0.00010439,0.00010744
0.000116395,9.231e-05,0.00014297,0.00011118,0.00014297
9.69e-05,8.655e-05,0.00011243,9.59e-05,9.432e-05
0.000107929,9.069e-05,0.00013816,0.000105505,0.00010687
0.000105003,8.703e-05,0.00013145,0.00010181,0.00010161
0.000105691,8.34e-05,0.00014726,9.843e-05,0.00010915
0.000121276,9.129e-05,0.00018905,0.00010372,0.00010277
0.000112394,8.919e-05,0.00013814,0.000110235,0.0001195
0.000116134,9.439e-05,0.00015519,0.000108845,0.00010415
0.000107545,7.99e-05,0.00014348,0.00010519,0.00010253
0.000112271,9.279e-05,0.00013462,0.0001103,0.00010835
0.000107066,8.113e-05,0.00013191,0.00010601,0.00011223
0.000111489,9.343e-05,0.00013696,0.00011061,9.387e-05
0.000101204,8.091e-05,0.00012612,9.9595e-05,0.00010366
0.000108108,9.586e-05,0.0001265,0.000106455,0.00011606
0.000108034,8.926e-05,0.00013779,0.00010596,9.413e-05
0.000100679,7.581e-05,0.00011915,0.00010448,0.00010088
0.000110701,9.843e-05,0.00013411,0.00010445,0.00013411
0.000102396,8.193e-05,0.00013296,9.8275e-05,0.00010002
0.000110585,9.831e-05,0.00013388,0.000105265,0.00013388
0.000105348,8.941e-05,0.00012257,0.000108605,0.0001065
0.0001204,9.306e-05,0.00016709,0.00010943,0.00016709
9.5356e-05,8.361e-05,0.00010457,9.711e-05,9.814e-05
9.8386e-05,8.297e-05,0.00012535,9.6135e-05,9.176e-05
0.000103584,8.427e-05,0.0001225,0.00010313,9.944e-05
0.000107775,9.419e-05,0.00012507,0.00010881,0.00011054
0.000107485,9.674e-05,0.00012396,0.000102705,9.674e-05
0.000115467,9.368e-05,0.00015091,0.00011001,0.00012168
0.000117136,9.76e-05,0.00014802,0.00011231,0.00010343
0.000102754,7.966e-05,0.00013441,9.9605e-05,9.381e-05
0.000118639,9.391e-05,0.00015521,0.00011441,0.00010612
0.000103983,8.074e-05,0.00013891,0.00010013,8.656e-05
0.000115378,0.00010153,0.0001389,0.00011179,0.00010153
9.6984e-05,7.741e-05,0.00011935,9.636e-05,9.742e-05
0.000112859,9.778e-05,0.00012393,0.000113375,9.778e-05
9.7729e-05,7.642e-05,0.0001335,9.397e-05,9.697e-05
0.000109668,9.705e-05,0.00012532,0.00010902,0.00011249
0.000106929,8.504e-05,0.00014922,9.726e-05,0.00010472
0.000116554,9.855e-05,0.00014569,0.00011296,0.0001201
0.000114589,8.488e-05,0.0001567,0.000109375,0.00010835
0.000102213,7.146e-05,0.00013539,0.000101255,8.899e-05
0.000117127,9.771e-05,0.00015837,0.000110995,0.00011494
9.9639e-05,7.435e-05,0.00013117,9.6735e-05,9.636e-05
0.000119795,0.00010223,0.00015508,0.000112265,0.00012257
9.7537e-05,7.722e-05,0.00012915,9.2705e-05,8.509e-05
0.000107934,9.586e-05,0.00011897,0.000108335,0.00011028
0.000102985,8.695e-05,0.00012292,0.00010301,0.00011009
0.000105928,9.565e-05,0.00012242,0.000104485,0.00011108
0.000108864,8.861e-05,0.00014919,0.000101055,0.00010799
0.000106581,9.246e-05,0.00013221,0.000102465,9.748e-05
0.000118823,9.462e-05,0.00015361,0.000112485,0.00010976
0.000103926,8.43e-05,0.00013331,0.000101555,9.393e-05
0.000128593,0.00010973,0.00015757,0.000125315,0.00012661
9.7717e-05,7.97e-05,0.00012241,9.557e-05,8.255e-05
0.000108311,8.935e-05,0.00013825,0.000107865,0.00011142
0.00010046,7.771e-05,0.00013188,9.5225e-05,8.978e-05
0.000111289,9.992e-05,0.00012103,0.000111645,0.00011502
0.000104987,9.013e-05,0.00013057,0.00010162,0.00013057
0.000107695,8.431e-05,0.00014302,0.000105885,0.00010464
0.00011504,9.964e-05,0.00014502,0.00010781,0.00014502
0.000108975,8.126e-05,0.00014198,0.000106885,9.577e-05
0.000117869,9.759e-05,0.00014746,0.00011625,0.00014746
0.000104736,7.95e-05,0.00012921,0.000101895,9.547e-05
0.000118591,9.451e-05,0.00016381,0.000106135,0.00016381
0.000101845,8.982e-05,0.00011395,0.000101755,0.00010251
0.000117981,8.988e-05,0.00014901,0.000111545,0.00014901
9.4145e-05,8.725e-05,0.00010764,9.323e-05,9.093e-05
0.000114215,9.737e-05,0.00013894,0.00011365,9.737e-05
0.000101959,7.808e-05,0.00014452,9.425e-05,0.00010723
0.000114861,0.0001026,0.00013311,0.000111895,0.00013311
0.0001087,8.713e-05,0.00013129,0.000108265,0.0001141
0.000110746,8.079e-05,0.00014899,0.000108605,0.00011442
0.000113468,9.274e-05,0.00014804,0.00010725,0.00010719
0.00010762,7.901e-05,0.00015229,0.000103685,9.936e-05
0.000118141,9.859e-05,0.00015772,0.00011024,0.0001102
0.000102278,7.635e-05,0.00013533,0.000100215,8.567e-05
0.000108476,9.195e-05,0.0001292,0.0001069,0.00010602
9.923e-05,8.945e-05,0.00011663,9.5395e-05,9.376e-05
0.000104054,9.313e-05,0.00012222,0.00010362,0.00010227
0.000110102,9.095e-05,0.00012872,0.000108825,0.0001264
0.00010445,8.643e-05,0.00014058,0.000100835,8.996e-05
0.000107218,9.281e-05,0.00012218,0.00010702,0.00012218
0.000101491,8.444e-05,0.00012722,9.501e-05,8.444e-05
0.000126759,0.00010068,0.0001697,0.000120485,0.0001697
0.000108204,9.059e-05,0.00013223,0.0001093,0.00010681
0.000124444,9.819e-05,0.00017014,0.000118555,0.00017014
9.6053e-05,8.289e-05,0.00011906,9.4735e-05,9.348e-05
0.000117934,9.626e-05,0.00014275,0.0001123,0.00014275
0.000108442,8.653e-05,0.00012341,0.00010965,0.00010316
0.000113819,8.58e-05,0.00013991,0.00011026,0.00013991
0.000107179,8.663e-05,0.00012377,0.000105655,0.00010475
0.00011225,9.414e-05,0.00013773,0.000107835,0.00012306
0.000108655,9.073e-05,0.00012704,0.00010721,9.541e-05
0.000138747,8.219e-05,0.00017729,0.000143865,0.00013152
0.000122096,9.927e-05,0.00015817,0.000119555,0.00012696
0.000105434,8.375e-05,0.00013366,0.00010536,0.00013366
0.000127234,0.00010394,0.0001631,0.000124545,0.00013379
9.8623e-05,8.478e-05,0.00011464,9.6285e-05,9.513e-05
0.000112775,9.786e-05,0.00013076,0.00011125,0.00013076
9.755e-05,8.049e-05,0.00011201,9.773e-05,9.905e-05
0.00012104,0.00010046,0.00016208,0.000112815,0.00011933
0.000103339,8.519e-05,0.00012696,9.8955e-05,9.913e-05
0.000116251,9.252e-05,0.00015024,0.00011196,0.00012303
0.00010758,8.92e-05,0.00014585,0.000100685,0.00011025
0.000113526,9.555e-05,0.00014068,0.0001098,0.00011413
0.000110253,9.691e-05,0.00013703,0.000106595,0.00010602
0.00010002,8.008e-05,0.00012097,0.00010055,0.00010352
0.000114131,9.287e-05,0.00014468,0.000107945,0.00010807
0.000101614,7.3e-05,0.00012833,0.00010387,9.812e-05
0.000101595,8.73e-05,0.00011721,0.000102435,8.73e-05
0.000105685,7.792e-05,0.00015424,0.000100105,0.0001082
0.000108941,9.657e-05,0.00012434,0.000109535,0.00012434
0.000106049,8.827e-05,0.00012774,0.000106845,0.00011321
0.000101291,8.051e-05,0.00012869,0.00010182,8.405e-05
0.000114947,8.766e-05,0.00014529,0.00011148,0.0001114
0.000103203,8.222e-05,0.00013879,0.000100435,8.338e-05
0.000118886,9.472e-05,0.00014636,0.000115835,0.00011049
0.00010197,7.86e-05,0.00013633,9.881e-05,8.623e-05
0.000112874,9.897e-05,0.0001337,0.00010756,0.00010461
0.00010116,8.391e-05,0.00011408,0.0001017,0.00011408
0.000118591,8.723e-05,0.00016066,0.00011081,0.00010718
0.000107295,8.922e-05,0.00013811,0.00010439,0.00013811
0.000110687,8.582e-05,0.00014638,0.000106925,0.00011151
0.000104921,9.387e-05,0.000123,0.000103505,0.00010575
0.000105263,8.174e-05,0.00012505,0.000105835,0.00012505
0.000119854,0.00010031,0.00013695,0.000118985,0.00013264
0.000113216,9.102e-05,0.00012859,0.000116455,0.00012783
0.000119965,9.245e-05,0.00015157,0.000119805,0.0001115
0.000104436,8.238e-05,0.00013717,9.88e-05,9.013e-05
0.000110896,9.627e-05,0.00012355,0.00011108,0.00010721
0.00010709,7.765e-05,0.00013296,0.000108565,0.00011747
0.000111086,0.00010058,0.00012903,0.000110155,0.00011412
0.000101835,8.044e-05,0.00012773,9.9995e-05,9.932e-05
0.000111096,7.349e-05,0.0001361,0.000118865,0.00012337
0.000109156,8.704e-05,0.00015108,0.000100425,8.704e-05
0.00011065,7.578e-05,0.00014165,0.000112015,0.00011119
0.000120476,0.00010005,0.00015808,0.00011329,0.00012048
0.000109505,7.812e-05,0.00013799,0.000111165,0.00011236
0.000110585,9.364e-05,0.00012782,0.000109355,0.00012782
0.000100044,8.327e-05,0.00012366,9.8e-05,9.964e-05
0.000108538,9.131e-05,0.00013834,0.000106625,0.0001184
0.000106727,8.189e-05,0.00014425,0.000100085,0.00010542
0.00010967,9.778e-05,0.00012512,0.00010651,0.00012512
0.000108207,8.576e-05,0.00013453,0.000107345,0.00010833
0.000114464,8.534e-05,0.0001426,0.00011722,0.00013561
0.000116873,9.374e-05,0.00015762,0.000110035,0.00011372
0.000109421,8.47e-05,0.00013961,0.000107065,0.00011452
0.000116191,9.34e-05,0.00014567,0.00011361,0.00010526
0.000105401,8.338e-05,0.00013384,0.000103095,0.00010859
0.000112666,9.952e-05,0.00012676,0.0001125,0.00011462
0.000106992,8.874e-05,0.00012065,0.000108995,0.00012065
0.000115921,9.289e-05,0.0001492,0.00011253,0.00011605
0.000105504,8.481e-05,0.00011973,0.00010736,0.00010419
0.000112086,9.912e-05,0.00014026,0.00010602,0.00011537
0.000111331,9.513e-05,0.00014992,0.00010132,9.513e-05
0.000103289,7.894e-05,0.00012033,0.000107435,0.00010188
0.000110535,0.00010171,0.00012737,0.000108995,0.00012737
0.000107247,8.703e-05,0.00012654,0.00010725,0.00010611
0.000125066,0.00010862,0.0001551,0.00012332,0.0001551
0.000111297,9.03e-05,0.00013193,0.00011018,0.00010847
0.00012322,9.227e-05,0.00016401,0.000117165,0.00016401
0.00010294,8.259e-05,0.00012121,0.0001035,9.784e-05
0.000116555,0.00010051,0.00013536,0.000114635,0.00013536
0.000101185,8.116e-05,0.00012328,0.00010087,9.72e-05
0.000111515,8.701e-05,0.00013923,0.000111615,0.00011893
0.00010771,8.405e-05,0.00015078,9.764e-05,0.00010351
0.000111609,9.415e-05,0.00014339,0.000105935,0.00010025
0.000101698,8.431e-05,0.00013175,9.811e-05,0.00010515
0.000107691,7.918e-05,0.00013589,0.000109355,0.00011085
0.000114892,0.0001012,0.00015253,0.000107815,0.00011246
0.000106953,7.132e-05,0.00014826,0.00010404,9.576e-05
0.000117789,9.935e-05,0.00015591,0.000112755,0.0001155
0.000101979,7.482e-05,0.00013499,9.8975e-05,9.105e-05
0.000107916,9.468e-05,0.00012357,0.00010774,0.00010917
0.000109081,9.403e-05,0.00013049,0.000107555,0.00011456
0.000107584,9.408e-05,0.00012724,0.000106695,0.00012724
0.000105574,8.56e-05,0.00011973,0.000106845,0.00011023
0.000108141,9.047e-05,0.00013328,0.000105405,0.00010854
0.000120389,0.00010112,0.00014596,0.000117115,0.00011603
0.000110788,9.273e-05,0.00013825,0.000107425,0.00011749
0.000116612,9.653e-05,0.00014019,0.00011493,0.00011188
0.000108769,7.878e-05,0.00013779,0.000107275,0.00011896
0.000109951,9.733e-05,0.00012812,0.000107665,0.0001081
0.000103684,8.651e-05,0.00012977,0.000104335,0.00012977
0.000122371,9.418e-05,0.00016723,0.000118375,0.00010065
0.000104736,8.967e-05,0.00012899,0.00010162,0.00012899
0.00011223,8.533e-05,0.00014966,0.000108525,9.489e-05
0.000122376,0.00010348,0.0001522,0.00012176,0.0001522
0.000103778,8.512e-05,0.00013103,9.942e-05,9.419e-05
0.000122994,9.902e-05,0.00015772,0.000119545,0.00015772
0.000101602,8.835e-05,0.00012595,9.6575e-05,9.252e-05
0.000118038,9.976e-05,0.00015207,0.00011421,0.00015207
0.000100735,8.398e-05,0.00010709,0.00010374,9.554e-05
0.000109998,9.067e-05,0.00013168,0.0001081,0.00010581
0.000106231,7.957e-05,0.00013444,0.000106655,0.00012483
0.000109858,9.725e-05,0.00012628,0.00010833,0.00010195
0.000104625,8.685e-05,0.00013553,0.000100305,0.00010554
0.000113475,9.929e-05,0.00013287,0.00011202,0.00013287
0.000106421,9.2e-05,0.00012248,0.000107145,0.00011644
0.000107229,8.31e-05,0.00013539,0.000103095,0.00013539
0.000121351,9.776e-05,0.00015304,0.000118685,0.00013649
0.000108774,8.77e-05,0.00014259,0.000106965,0.00014259
0.00011465,8.512e-05,0.00013733,0.00011404,0.00011501
9.7614e-05,7.498e-05,0.00012396,9.6975e-05,8.709e-05
0.000105544,8.687e-05,0.0001268,0.00010609,0.00011155
0.000103838,6.792e-05,0.0001399,0.0001086,0.00010793
0.000107948,9.188e-05,0.00013089,0.000103445,0.00010204
0.000104515,8.535e-05,0.00014587,9.701e-05,0.00010524
0.000103613,7.385e-05,0.00012072,0.000108885,0.00011857
0.000105341,8.45e-05,0.00012693,0.00010588,0.00010502
9.9864e-05,7.614e-05,0.00013275,9.5755e-05,8.911e-05
0.000120725,9.875e-05,0.000157,0.0001156,0.0001143
0.000104479,8.027e-05,0.00013734,0.000102045,8.027e-05
0.000105803,9.4e-05,0.0001219,0.000106125,0.00010196
0.000105395,8.391e-05,0.00013341,0.000100625,8.391e-05
0.000114314,9.913e-05,0.00014375,0.00011178,0.00011275
0.00010469,8.703e-05,0.00013228,9.999e-05,9.073e-05
0.000114964,9.135e-05,0.00014847,0.00010909,0.00014847
0.000104451,8.723e-05,0.00011861,0.000105185,0.00010721
0.000108924,0.00010032,0.00012488,0.000105715,0.00010523
0.000116249,9.472e-05,0.00014598,0.000112105,0.00010284
0.000111739,8.287e-05,0.00013824,0.00011634,0.00013824
0.000125549,0.0001035,0.0001567,0.00012439,0.00012983
0.000102765,8.508e-05,0.00011658,0.000101325,0.00011658
0.000112405,8.925e-05,0.00013795,0.000109835,0.00010258
9.9082e-05,8.264e-05,0.00012205,9.722e-05,9.16e-05
0.000106582,7.342e-05,0.00013334,0.00010431,0.00010084
9.6376e-05,8.435e-05,0.00011457,9.5675e-05,9.653e-05
0.00011963,9.876e-05,0.00015937,0.00011385,0.00012421
0.000113161,9.666e-05,0.00013961,0.00010776,0.00010428
0.000115075,9.506e-05,0.00014425,0.000110295,0.00012087
0.000113849,8.834e-05,0.00015058,0.00011127,0.00011072
0.000111741,8.223e-05,0.00014433,0.000110955,0.00011641
0.000116583,9.939e-05,0.00015437,0.000108795,0.00010312
0.000111108,7.505e-05,0.00014196,0.00011155,0.00012119
0.000114198,0.00010244,0.00013498,0.00011117,0.00012363
0.000103419,7.367e-05,0.00013869,0.00010143,9.328e-05
0.000104415,9.516e-05,0.00011757,0.000103695,0.00010402
0.000107855,9.061e-05,0.00012853,0.000104935,0.00010703
0.000107991,9.721e-05,0.00013041,0.00010534,9.721e-05
0.000110268,0.00010115,0.0001324,0.00010429,0.00010709
0.000106189,8.503e-05,0.00013695,0.000103575,0.00010569
0.000118024,0.00010335,0.00016017,0.00010934,0.00011106
0.00010548,7.984e-05,0.00014085,0.000103775,0.00010803
0.000117797,9.357e-05,0.00015376,0.00011128,0.00010988
0.000100412,8.055e-05,0.00012538,0.000100835,8.593e-05
0.000105915,9.34e-05,0.00012176,0.00010594,0.00011127
9.693e-05,8.133e-05,0.00011171,9.592e-05,9.508e-05
0.000111988,9.219e-05,0.00013768,0.000105465,0.00010496
0.000112379,8.897e-05,0.00013929,0.00010821,0.0001336
0.000103542,9.108e-05,0.00012572,9.9985e-05,0.00012572
0.000106679,8.598e-05,0.00012102,0.00010708,0.00010392
0.000107409,8.296e-05,0.00012531,0.000108325,0.00012531
0.000113073,9.749e-05,0.00013336,0.000112805,0.00011496
0.000108246,9.116e-05,0.00012109,0.00010918,0.00012109
0.000126171,0.00010843,0.00016005,0.000122045,0.00012657
0.00010098,8.17e-05,0.00012128,0.00010267,0.00012128
0.000114764,9.401e-05,0.00013008,0.00011364,0.00011283
9.8665e-05,7.92e-05,0.00012524,9.835e-05,0.00012524
0.000119944,9.056e-05,0.00014962,0.00011967,0.00012106
9.9739e-05,8.003e-05,0.00012352,9.621e-05,9.229e-05
0.000104911,8.985e-05,0.00013152,0.000101645,8.985e-05
0.000107301,8.531e-05,0.00014788,0.000100205,0.00010339
9.9766e-05,7.627e-05,0.00013266,9.6465e-05,8.792e-05
0.000109613,8.493e-05,0.00013031,0.00010529,0.00013031
0.000110891,8.888e-05,0.00013817,0.000109535,0.00010836
0.000117095,9.402e-05,0.00015978,0.000110845,0.00015978
0.000108858,8.809e-05,0.00012798,0.000111835,0.00010966
0.000112308,8.515e-05,0.00014344,0.00011588,0.00012565
0.000103341,8.156e-05,0.00013949,9.596e-05,0.00010623
0.000116386,9.07e-05,0.00015348,0.000113785,0.00012441
0.000109602,9.441e-05,0.00013859,0.000104625,0.00010569
0.00010807,9.814e-05,0.00011691,0.000108225,0.00011691
0.00011001,8.765e-05,0.00012826,0.000109465,0.00011297
0.000104558,9.239e-05,0.00012555,9.973e-05,9.646e-05
0.000114535,9.538e-05,0.00014785,0.000111785,0.0001121
0.000107739,7.758e-05,0.00015092,0.000105005,8.478e-05
0.000116013,0.00010063,0.00015473,0.000110605,0.00011268
0.000104449,7.109e-05,0.00013092,0.00011074,0.00013092
0.000123264,9.77e-05,0.00015849,0.000119805,0.0001276
0.000101014,8.317e-05,0.00012721,9.843e-05,0.00012721
0.000112636,8.884e-05,0.00014469,0.00010986,9.991e-05
0.000102213,8.48e-05,0.00011342,0.00010336,0.00010018
0.000105075,7.654e-05,0.00013396,0.00010611,0.00010081
0.000118156,9.846e-05,0.0001563,0.000115005,0.0001563
0.000103644,8.516e-05,0.00013114,0.000102895,0.00010673
0.000125883,0.00010476,0.00015887,0.00012237,0.00015887
0.000107248,8.944e-05,0.00013149,0.00010714,0.00010411
0.000111116,8.741e-05,0.00013302,0.00011368,0.00013302
0.000106374,8.863e-05,0.00012651,0.000107995,0.00011085
0.000109515,0.00010015,0.00011875,0.00011025,0.00011472
9.9904e-05,8.589e-05,0.00012835,9.6205e-05,9.809e-05
0.000113001,9.947e-05,0.00012182,0.00011546,9.947e-05
0.000109541,9.797e-05,0.0001303,0.000107405,0.00010767
0.000113464,9.844e-05,0.00013715,0.000107715,0.00011863
0.000113624,9.161e-05,0.00014702,0.000106655,0.00010777
0.000117929,9.673e-05,0.00014783,0.000115405,0.00014783
0.000119269,0.00010628,0.00014547,0.000115735,0.00014547
0.000101887,8.234e-05,0.00012206,9.9605e-05,9.625e-05
0.000107559,8.64e-05,0.00013957,0.000106725,8.64e-05
0.000104001,8.713e-05,0.00012321,0.000103925,0.00010507
0.000108391,9.371e-05,0.00012638,0.000106445,0.00012638
0.000107339,8.357e-05,0.00013417,0.000105675,0.00010766
0.000101755,6.682e-05,0.00012588,0.000107765,0.00012588
0.000103959,8.931e-05,0.00011745,0.000104665,0.00010135
0.000107423,8.549e-05,0.00014132,0.000104955,0.00010632
0.000118797,9.418e-05,0.00015459,0.00011345,0.00011003
0.000103734,8.464e-05,0.000128,9.9975e-05,8.464e-05
0.000114349,9.259e-05,0.00013899,0.000111145,0.00010598
0.000106025,7.786e-05,0.00012657,0.00010923,0.00012657
0.000114979,9.862e-05,0.00014578,0.000107095,0.00010574
0.000107555,8.98e-05,0.00013528,0.00010426,0.00013528
0.00011594,9.265e-05,0.00016279,0.000107445,9.71e-05
0.000109808,8.68e-05,0.00014384,0.0001079,0.00014384
0.000109276,9.138e-05,0.00014639,0.00010045,9.496e-05
0.000120244,0.00010212,0.00014902,0.000122255,0.00014902
0.000116089,9.085e-05,0.00014459,0.000114645,0.00011148
0.000108506,8.076e-05,0.00013311,0.00010618,0.00013311
0.000102936,8.381e-05,0.00013206,0.000102815,9.983e-05
0.000122119,0.00010258,0.00017207,0.00010676,0.00017207
9.7831e-05,8.812e-05,0.000107,9.7865e-05,9.163e-05
0.000111091,8.912e-05,0.00013969,0.00010759,0.00013969
9.8755e-05,8.431e-05,0.00011741,9.5585e-05,0.00010113
0.000116661,9.931e-05,0.00013743,0.000112755,0.00010823
0.00010211,8.28e-05,0.00014016,9.676e-05,9.863e-05
0.000107689,7.054e-05,0.00012834,0.000114105,0.00012113
0.000110781,9.179e-05,0.00013894,0.00011039,0.00013894
0.000110124,8.747e-05,0.00013692,0.000109395,9.82e-05
0.00011835,9.988e-05,0.00014179,0.000116785,0.00014179
0.000104391,8.62e-05,0.00013195,0.00010198,9.523e-05
0.000113236,8.89e-05,0.00014559,0.00011315,0.00014559
0.000104105,8.52e-05,0.00012835,0.000105535,0.00010561
0.000112275,8.354e-05,0.00014497,0.00011234,0.00014497
0.000106681,9.208e-05,0.00012956,0.000102605,0.00011229
0.00010668,9.073e-05,0.00012717,0.00010561,0.00010808
9.8308e-05,9.035e-05,0.00010683,9.6595e-05,0.00010594
9.9396e-05,7.163e-05,0.00012881,9.5735e-05,8.556e-05
0.000115676,9.84e-05,0.00013952,0.000110835,0.00013106
0.000100251,7.449e-05,0.00011997,0.000104855,9.908e-05
0.000118227,9.51e-05,0.00015919,0.000112235,0.00015919
9.9085e-05,8.484e-05,0.00012216,9.8615e-05,9.878e-05
0.000109584,8.932e-05,0.0001347,0.000108555,0.0001347
9.6054e-05,8.146e-05,0.00011697,9.497e-05,9.353e-05
0.000120141,0.00010432,0.00014836,0.000112815,0.00014836
0.000101694,8.568e-05,0.00011308,0.000102765,0.00010052
0.000114231,9.739e-05,0.00014022,0.00010967,0.00012466
0.000112044,9.4e-05,0.00013584,0.00010792,0.00010606
0.00011032,9.159e-05,0.00013921,0.00010701,9.159e-05
0.000108744,9.304e-05,0.00012617,0.00010682,9.499e-05
0.000119043,9.397e-05,0.00016377,0.00011129,0.00016377
0.000125033,0.00010469,0.00015816,0.00012343,0.00013236
0.00010874,8.828e-05,0.00013268,0.000108045,0.00013268
0.000123445,9.421e-05,0.00016265,0.000120195,0.00012324
0.000102909,7.972e-05,0.00012427,0.00010251,0.00012427
0.00011241,9.206e-05,0.00014462,0.00011102,9.537e-05
0.000102099,8.589e-05,0.00013339,9.754e-05,0.00013339
0.000110581,8.926e-05,0.00012682,0.000111155,0.00010623
0.000103624,8.404e-05,0.00012513,0.00010567,0.00012475
0.000105775,8.364e-05,0.00014182,9.983e-05,9.417e-05
0.000111625,9.688e-05,0.00012753,0.00011001,0.0001267
0.000109315,8.397e-05,0.00014583,0.000106645,9.955e-05
0.000120986,9.684e-05,0.00016748,0.000108785,0.00016748
0.000108901,8.934e-05,0.00014147,0.00010647,0.00010328
0.000119234,9.368e-05,0.0001622,0.000114605,0.0001622
0.000101672,8.858e-05,0.00012556,9.789e-05,9.933e-05
0.000103647,9.493e-05,0.00012,0.000102765,0.0001025
0.0001087,8.179e-05,0.00016203,0.00010048,0.00010974
0.000105729,9.435e-05,0.00011324,0.000108525,0.00010685
0.000108281,9.397e-05,0.00013325,0.000105555,9.53e-05
0.000106966,9.529e-05,0.00012916,0.000102285,9.877e-05
0.000106103,8.68e-05,0.00012507,0.000107305,0.00011109
0.00010313,8.359e-05,0.00012917,9.828e-05,8.359e-05
0.000117667,9.566e-05,0.00014537,0.000113675,0.00011138
9.7691e-05,7.341e-05,0.00012245,9.8425e-05,8.561e-05
0.000117142,9.423e-05,0.00015245,0.00010959,0.0001097
9.9363e-05,7.823e-05,0.00012862,9.7065e-05,9.477e-05
0.000119594,9.586e-05,0.00015281,0.00011417,0.00010738
0.000105377,9.189e-05,0.00012883,0.0001006,0.00012883
0.000104895,8.808e-05,0.00012626,0.000102525,0.00010754
0.000105094,9.369e-05,0.00011563,0.000104175,9.369e-05
0.00010664,7.731e-05,0.00013254,0.00010921,0.00011841
0.000111758,9.415e-05,0.00014198,0.000110205,0.00010351
0.0001018,8.179e-05,0.00013304,9.695e-05,8.442e-05
0.000115858,9.445e-05,0.00014008,0.00011027,0.00010191
0.000112424,8.752e-05,0.00013658,0.00011533,0.00012636
0.000110518,9.594e-05,0.00012405,0.00011243,9.807e-05
0.00011,8.68e-05,0.0001324,0.00011045,0.0001324
0.00011866,9.054e-05,0.00015416,0.000112665,0.00010594
9.9653e-05,8.64e-05,0.00011732,9.8315e-05,0.00011732
0.000114279,8.972e-05,0.00014476,0.000113045,0.00011228
0.000118431,9.683e-05,0.00014901,0.00011405,0.00014901
0.000106821,8.578e-05,0.0001305,0.000103465,0.00010207
0.000122709,0.00010046,0.00015807,0.00011967,0.00015807
0.000105952,8.421e-05,0.0001383,0.00010638,0.0001033
0.000121401,9.492e-05,0.00016515,0.000114055,0.00016515
0.000109955,8.8e-05,0.00013195,0.000112975,0.00011153
0.000114732,8.948e-05,0.00014734,0.000116485,0.00013317
0.000109216,8.762e-05,0.00014835,0.00010241,0.00010658
0.00011104,9.419e-05,0.00013126,0.000109635,0.00013126
0.000104266,8.32e-05,0.00012218,0.000106515,9.679e-05
0.00011412,7.42e-05,0.00014069,0.000119065,0.00011787
0.000106015,8.714e-05,0.00012918,0.00010797,0.00011268
0.000110024,7.915e-05,0.00014313,0.000108705,0.00010459
0.000119928,0.00010171,0.0001552,0.00011371,0.0001552
0.00010012,8.271e-05,0.0001282,9.5875e-05,9.971e-05
0.000114729,9.135e-05,0.00013575,0.000116295,0.00013575
9.4127e-05,8.591e-05,0.00010352,9.525e-05,9.319e-05
0.000103686,8.68e-05,0.00012292,0.000103245,8.68e-05
0.000107213,8.868e-05,0.00013371,0.00010329,0.00010298
0.000108707,8.703e-05,0.00014769,0.000102345,8.703e-05
0.000114801,0.00010058,0.00014173,0.00010915,0.00010671
0.000107609,8.236e-05,0.00012516,0.000109755,0.00012176
0.000111725,8.661e-05,0.00012884,0.00011269,0.00010809
0.000110614,9.015e-05,0.00013243,0.000111975,0.00013243
0.00012876,0.00010228,0.0001731,0.00012395,0.00013018
0.00010694,9.299e-05,0.00012694,0.000108555,0.00012694
0.000112916,9.849e-05,0.0001396,0.000108365,0.00010518
9.7493e-05,8.303e-05,0.00011367,9.919e-05,0.00011367
0.000116771,9.293e-05,0.00014131,0.00011506,0.00010745
9.9531e-05,8.327e-05,0.00011978,9.975e-05,0.0001034
0.000110575,0.0001005,0.00013122,0.000105725,0.00011802
0.000104487,7.828e-05,0.00014996,9.639e-05,0.00010578
0.000114135,0.00010028,0.00013791,0.000108215,0.00011864
0.00011473,9.755e-05,0.00014476,0.000110135,0.00010736
0.00010283,7.756e-05,0.00012345,0.00010809,0.00010926
0.00010406,9.29e-05,0.00011544,0.000102375,9.551e-05
0.000107785,8.633e-05,0.00013518,0.00010686,0.00010987
0.000117827,0.00010149,0.00015192,0.000106825,0.00015192
0.000112288,9.233e-05,0.00015046,0.00010749,0.00012088
0.00011353,9.512e-05,0.00015397,0.000107315,9.512e-05
0.000108707,8.208e-05,0.000151,0.000102985,0.00011155
0.00010937,9.424e-05,0.0001439,0.000104925,9.815e-05
0.000114681,8.465e-05,0.00015169,0.00011077,0.00010779
0.000114105,0.00010257,0.00013639,0.000110005,0.00010957
0.000113269,9.29e-05,0.00014253,0.000112515,0.00010916
0.000108266,7.682e-05,0.00013397,0.000114745,0.00011492
0.000105268,8.54e-05,0.00011508,0.000107545,0.00011285
0.00010526,8.315e-05,0.00012857,0.000103835,0.00012857
0.00011325,9.561e-05,0.00013977,0.00011118,0.00010123
0.000104198,8.74e-05,0.00013293,9.9385e-05,0.00013293
0.000117102,9.921e-05,0.00014286,0.000115705,0.00010488
0.000108267,9.217e-05,0.00013419,0.000106415,0.00013419
0.000109461,9.387e-05,0.00013581,0.000107595,0.00013581
0.000111512,9.012e-05,0.00012746,0.000108805,0.00010587
0.000113771,8.87e-05,0.00013399,0.000115595,0.00013399
0.000129969,9.959e-05,0.00016753,0.000128845,0.00013997
0.00011169,8.876e-05,0.00013147,0.000109705,0.0001277
0.000122244,0.00010663,0.00014979,0.0001172,0.00012096
0.000109396,8.637e-05,0.00013753,0.000107495,0.00013753
0.000125809,0.00010455,0.00015574,0.000122625,0.000123
9.8795e-05,8.422e-05,0.00012537,9.3095e-05,0.00010338
0.000115305,9.563e-05,0.00013536,0.000118995,0.00013536
0.000104519,8.308e-05,0.00012812,0.00010221,0.00010382
0.000109614,9.525e-05,0.00012292,0.000109805,0.00011701
0.000108689,8.623e-05,0.00014549,0.000107465,0.00010693
0.000105879,8.426e-05,0.00012971,0.00010173,8.426e-05
0.000105453,7.722e-05,0.00014795,9.941e-05,0.00010876
0.00011247,7.603e-05,0.00013931,0.00011569,0.00013026
0.000108986,7.267e-05,0.00014247,0.0001088,0.00010276
0.000111633,8.881e-05,0.00014203,0.00010759,0.00010661
0.000103916,9.11e-05,0.00011768,0.000103695,0.00011171
0.00010148,8.414e-05,0.00013221,9.8585e-05,9.83e-05
0.000108502,9.343e-05,0.00012907,0.00010625,0.0001058
0.000103862,9.504e-05,0.0001205,0.00010381,0.00011122
0.000109979,9.671e-05,0.00012279,0.00010909,0.00012279
0.00011321,9.745e-05,0.00013174,0.00011371,0.0001192
0.000105489,8.241e-05,0.00013022,0.00010548,0.00013022
0.00012107,9.96e-05,0.00014106,0.000118355,0.00014106
0.000105512,9.156e-05,0.00013281,0.000101335,9.528e-05
0.00011985,9.621e-05,0.00015346,0.00011928,0.00015346
0.000117246,9.358e-05,0.00015132,0.00011868,0.00012416
0.000113462,8.509e-05,0.00014244,0.00011358,0.00014244
0.00010386,9.858e-05,0.00011653,0.000102625,9.87e-05
0.000111381,8.618e-05,0.00013937,0.000109645,8.618e-05
9.973e-05,8.687e-05,0.00012484,9.812e-05,0.00010382
0.00010052,9.148e-05,0.00011367,0.00010182,0.00011367
0.000124954,0.00010424,0.00015947,0.000123215,0.00012975
0.00010018,8.691e-05,0.00012056,9.766e-05,0.00012056
0.000122084,9.278e-05,0.00015854,0.00012333,0.00013353
0.000105963,8.295e-05,0.00012808,0.000103485,0.00012808
0.000115366,8.091e-05,0.00015433,0.000112875,9.329e-05
0.000106585,8.999e-05,0.00014563,9.8765e-05,0.00014563
0.000118729,9.234e-05,0.00014906,0.000116455,0.00011341
0.000108509,8.533e-05,0.00013394,0.000108395,0.00013394
0.000117677,9.116e-05,0.00015386,0.00011292,0.00011785
0.000108844,9.551e-05,0.00012807,0.00010836,9.551e-05
0.000106572,8.817e-05,0.00012618,0.00010911,0.00012618
0.000110569,8.514e-05,0.00012945,0.000110875,0.00010382
0.000109279,8.706e-05,0.00013182,0.00011102,0.00013182
0.000123929,0.00010276,0.00015811,0.000120885,0.00013193
0.000116716,9.178e-05,0.00013968,0.000118415,0.00013968
0.000105968,8.62e-05,0.00011951,0.000106795,9.434e-05
0.000102442,7.791e-05,0.00013239,9.7405e-05,0.00010331
0.000110177,8.969e-05,0.00012997,0.00011081,8.969e-05
9.9881e-05,8.483e-05,0.00012895,9.5445e-05,9.441e-05
0.000110506,9.623e-05,0.00013275,0.000107235,0.00011725
0.000110061,9.139e-05,0.00013308,0.00011061,0.00010385
0.000108779,8.763e-05,0.00013094,0.00010815,0.00011867
0.00011117,8.529e-05,0.000153,0.00010412,0.0001071
0.000103801,7.602e-05,0.00013209,0.00010468,0.00010711
0.00011651,9.852e-05,0.00014021,0.00011691,0.00011669
0.000104089,6.958e-05,0.00013425,0.000106475,0.00011434
0.000104309,8.812e-05,0.00012132,0.000103485,0.00011347
9.8313e-05,7.89e-05,0.00012078,9.6945e-05,9.613e-05
0.000110563,8.238e-05,0.00014417,0.00011227,0.00012161
0.000102279,7.063e-05,0.00013158,0.000105775,0.0001085
0.000113084,9.975e-05,0.00012922,0.00011038,0.00012922
0.00010843,8.971e-05,0.00012653,0.00010888,0.00010713
0.000107019,8.331e-05,0.00012866,0.000106635,0.00012866
0.000124317,0.00010328,0.00015965,0.0001214,0.00012661
0.000108236,8.689e-05,0.00012489,0.00010832,0.00012489
0.000108306,8.726e-05,0.00012589,0.00010926,0.0001046
0.000105378,8.39e-05,0.00013172,0.000104705,0.00013172
0.000111202,9.43e-05,0.00013702,0.00010513,9.813e-05
0.000107915,9.058e-05,0.00013091,0.0001036,0.00013091
0.000118881,9.137e-05,0.00016655,0.000111355,0.00011394
9.848e-05,8.848e-05,0.00010883,9.706e-05,0.00010737
0.000106034,8.207e-05,0.00014224,0.000103235,8.622e-05
0.000110815,9.4e-05,0.00013678,0.00010795,0.00013678
0.000102775,9.002e-05,0.00013297,9.7625e-05,9.174e-05
0.00010657,9.024e-05,0.00012634,0.00010547,0.00012634
0.000106158,8.337e-05,0.00013735,0.000103725,0.00010264
0.000108471,8.836e-05,0.00012962,0.000107635,9.619e-05
0.000105878,8.248e-05,0.00012855,0.00010749,0.00011109
0.000110622,8.867e-05,0.0001368,0.000107395,8.867e-05
0.000107537,9.095e-05,0.00014208,9.7685e-05,0.00010636
0.000113064,7.344e-05,0.0001578,0.000108165,0.0001578
0.000106332,8.609e-05,0.00013419,0.00010493,0.0001091
0.000110289,9.772e-05,0.0001371,0.000106425,9.772e-05
0.000104581,8.953e-05,0.00014133,9.7555e-05,9.889e-05
0.00011488,9.864e-05,0.00013775,0.000110895,9.864e-05
0.000114856,9.532e-05,0.00013805,0.0001162,9.955e-05
0.00012933,0.00011174,0.00014932,0.00013184,0.00011174
0.000114263,7.976e-05,0.00015686,0.000111185,0.00015686
0.000106716,8.392e-05,0.00014031,0.000102975,0.00010041
0.000116449,9.267e-05,0.00015585,0.00011122,0.00015585
0.000107942,8.89e-05,0.00012959,0.000107245,0.00010685
0.00010498,8.044e-05,0.00012708,0.00010687,0.00012708
0.000106112,8.596e-05,0.00011719,0.00010759,0.0001087
0.000107696,7.817e-05,0.00013201,0.00010919,0.00012291
0.000109495,9.215e-05,0.00013923,0.000104355,0.00010365
0.000118049,0.00010292,0.00015334,0.000110645,0.00012198
0.000117589,9.565e-05,0.00013959,0.000117165,0.00011872
0.000108858,9.933e-05,0.00012319,0.00010604,0.0001176
0.000111039,0.00010202,0.00012289,0.000110405,0.00012289
0.000108875,8.245e-05,0.00013834,0.000107685,0.00010057
0.000104407,9.047e-05,0.0001231,0.0001044,0.00010028
0.000100358,8.641e-05,0.00011202,9.932e-05,9.655e-05
9.8464e-05,7.933e-05,0.00012402,9.41e-05,0.00012402
0.000109665,8.401e-05,0.00013775,0.000108945,0.00010839
0.000115641,9.722e-05,0.00014341,0.000113865,0.00014341
0.000113511,8.963e-05,0.00013626,0.0001152,0.00011732
0.000103242,8.056e-05,0.0001316,0.00010279,8.689e-05
0.000110463,7.587e-05,0.00013713,0.00011397,0.00010849
0.000104205,7.706e-05,0.00013232,0.000103525,0.00012323
0.00011154,9.404e-05,0.00013609,0.000108685,9.876e-05
0.0001029,8.214e-05,0.00013098,9.9695e-05,0.00013098
0.000116738,0.00010205,0.00015345,0.00011018,0.00010507
0.000102526,8.098e-05,0.00012116,0.000104175,0.00012116
0.000111626,8.496e-05,0.00014849,0.000106875,9.783e-05
0.00011093,8.33e-05,0.0001404,0.00011225,0.0001404
0.000114505,8.361e-05,0.00016161,0.000106835,0.00010037
0.000117155,9.133e-05,0.00014037,0.00011952,0.00014037
0.000100001,8.504e-05,0.00012271,0.0001013,0.00010159
0.00011373,9.838e-05,0.00014531,0.00010653,0.00014531
0.00010386,8.887e-05,0.00013038,0.000100595,8.887e-05
0.000120074,0.00010132,0.00015709,0.00011354,0.00015709
9.9615e-05,8.4e-05,0.00011989,9.661e-05,0.00010124
0.000116901,0.0001003,0.00014327,0.00011073,0.00012533
0.000105646,8.436e-05,0.00013155,0.000102775,0.00010352
0.00011061,8.443e-05,0.00014065,0.000112085,0.00011312
0.000106544,9.336e-05,0.00013169,0.0001057,9.946e-05
0.000113764,0.0001021,0.00014114,0.00010669,0.00010525
0.000114829,9.956e-05,0.00014525,0.00010827,0.00010235
0.000103344,8.506e-05,0.00012016,0.00010027,8.506e-05
0.000117109,0.00010011,0.00014369,0.0001125,0.00010713
0.000112168,8.044e-05,0.00013621,0.00011391,0.00013369
0.000112306,9.525e-05,0.00012522,0.00011194,0.00011877
0.00011073,8.509e-05,0.00012971,0.000112595,0.00012776
0.000121606,9.456e-05,0.00015811,0.000115345,0.00011379
9.8716e-05,8.628e-05,0.00011362,9.744e-05,9.665e-05
0.000111392,8.853e-05,0.00014006,0.000110155,0.00014006
0.000110957,8.395e-05,0.00013763,0.000113085,0.00011352
0.000114378,9.339e-05,0.00014935,0.000108385,0.00014935
0.00011225,9.254e-05,0.00013579,0.00010908,0.00011162
0.000117562,9.952e-05,0.00013865,0.000114655,0.00013289
0.000112112,9.643e-05,0.00014951,0.00010577,0.00010637
0.000105565,7.823e-05,0.00014503,9.9625e-05,9.286e-05
0.000104959,8.074e-05,0.00013202,0.00010356,0.00011014
0.000107605,7.725e-05,0.00015006,0.00010363,0.00010519
9.9968e-05,8.188e-05,0.00011339,9.844e-05,9.671e-05
0.000107893,8.398e-05,0.00015179,9.955e-05,9.707e-05
9.9354e-05,7.694e-05,0.00011598,0.000102755,9.578e-05
0.000111071,9.518e-05,0.00015613,0.00010037,9.999e-05
0.000107746,7.234e-05,0.00013748,0.00010945,0.00010882
0.000109822,8.411e-05,0.00015053,0.00010279,0.00011527
0.000101715,7.607e-05,0.0001202,0.000102745,0.0001006
0.000114158,9.774e-05,0.00012623,0.000114585,0.00012623
0.000105599,8.307e-05,0.0001278,0.00010503,0.00010143
0.000119656,8.691e-05,0.00016131,0.000115455,0.00016131
0.000110366,0.00010064,0.00013017,0.000108385,0.00013017
0.000126325,9.405e-05,0.00017323,0.000117245,0.0001185
0.00010655,8.036e-05,0.00013756,0.00010157,0.00013756
0.00010707,9.24e-05,0.00013087,0.000103665,9.676e-05
0.00011888,9.827e-05,0.0001517,0.00011425,0.0001517
0.000106239,8.319e-05,0.0001317,0.000104485,0.00010289
0.000116449,9.549e-05,0.0001477,0.000114755,0.0001477
9.7961e-05,8.299e-05,0.0001092,9.8095e-05,0.00010089
0.000127996,0.00010343,0.00016681,0.000125395,0.00016681
0.000109233,9.163e-05,0.00013714,0.00010579,0.00011026
0.000109845,9.203e-05,0.00013186,0.00010698,0.00013086
0.000116957,8.811e-05,0.00014164,0.000116615,0.00011247
0.000120498,9.606e-05,0.00015356,0.000117,0.00015356
0.000112483,9.105e-05,0.00014554,0.00011126,0.00011153
0.00011784,0.00010481,0.00014311,0.000113175,0.00011086
0.000114176,9.547e-05,0.00014682,0.00010829,0.0001082
0.000110429,8.393e-05,0.0001314,0.000111845,0.00012516
0.000109201,9.27e-05,0.00013051,0.00011029,0.00010822
0.000110803,8.987e-05,0.00012974,0.00011224,0.00011726
0.000107427,6.79e-05,0.00014226,0.0001094,0.00010632
0.00010219,8.693e-05,0.00013076,9.355e-05,8.693e-05
0.000108345,9.5e-05,0.00013569,0.000105915,0.00010948
0.000103974,8.217e-05,0.00014103,9.7335e-05,9.018e-05
0.000102057,7.888e-05,0.00013467,9.7645e-05,0.0001072
0.000115401,8.566e-05,0.00016105,0.00010746,8.566e-05
0.000120459,0.00010027,0.00014315,0.00012124,0.00011353
0.000123134,0.0001,0.00016449,0.000114105,0.00016449
0.000101199,8.074e-05,0.00012547,9.9015e-05,9.476e-05
0.000108179,9.058e-05,0.00012266,0.00011368,0.0001128
0.000106976,9.342e-05,0.00013813,9.8915e-05,0.00013813
0.000116574,9.442e-05,0.00015787,0.00010932,0.00012202
0.00010628,9.479e-05,0.00013417,0.000101595,0.00013417
0.000123702,0.00010543,0.00015423,0.00012133,0.00010787
0.000113197,9.127e-05,0.00015202,0.000108475,0.00015202
9.8206e-05,8.946e-05,0.00011558,9.4855e-05,9.722e-05
0.000112249,9.552e-05,0.00013391,0.000113205,0.00013391
0.000106173,8.614e-05,0.00012732,0.00010611,0.00010833
0.000106204,9.677e-05,0.00012441,0.000104285,0.00010367
0.000109828,8.157e-05,0.00013932,0.00010976,0.00011738
0.000114724,8.104e-05,0.00014602,0.00011801,0.00010806
0.000109568,9.012e-05,0.00013882,0.000105085,0.00013882
0.000121834,9.566e-05,0.00015822,0.00011962,0.00012095
0.000102583,8.839e-05,0.00012285,9.7115e-05,9.685e-05
0.000109546,9.404e-05,0.00014019,0.000104885,0.00010713
0.000108769,7.151e-05,0.00016203,0.000101475,0.00011987
0.000113009,8.231e-05,0.00014091,0.000114635,0.0001264
0.000112556,9.241e-05,0.00014349,0.000110055,0.00010406
0.00010922,8.172e-05,0.00014773,0.000104985,9.69e-05
0.000104658,7.04e-05,0.00013419,0.000107995,9.544e-05
0.000106732,7.98e-05,0.00012712,0.000109085,0.00012712
0.000115181,9.286e-05,0.00013855,0.000117425,0.00012032
0.000101897,8.831e-05,0.00011726,0.000101305,9.544e-05
0.000108108,9.554e-05,0.00012097,0.000107945,0.00011243
0.000103235,8.619e-05,0.00013076,9.889e-05,0.00010535
0.000105163,8.792e-05,0.00012863,0.00010395,8.792e-05
0.000109652,9.191e-05,0.0001362,0.000108375,0.00010167
0.000110148,9.711e-05,0.00013579,0.00010467,0.00010947
0.000116762,9.679e-05,0.00015411,0.000110225,0.00011065
9.9854e-05,8.225e-05,0.00012101,9.6855e-05,8.225e-05
0.000100175,7.316e-05,0.00012192,0.000101335,9.747e-05
0.000106423,8.69e-05,0.00013403,0.000100785,8.69e-05
0.000112635,9.644e-05,0.00014823,0.000106955,0.00010935
0.000108309,9.34e-05,0.00012518,0.00010643,9.34e-05
0.000110596,9.254e-05,0.00012627,0.000108675,0.00010581
0.000112416,9.477e-05,0.00014145,0.00010567,0.00014145
9.7725e-05,8.194e-05,0.00012445,9.8715e-05,9.881e-05
0.000125006,0.00010244,0.00015286,0.000121825,0.00015286
0.000109941,9.573e-05,0.00012734,0.00010837,0.00010529
0.000108944,8.456e-05,0.00012945,0.000110985,0.00011603
0.000102159,7.966e-05,0.00013876,9.696e-05,0.00010746
0.000105871,9.246e-05,0.00012497,0.000106905,0.00011751
0.000106339,7.404e-05,0.00013148,0.000110955,0.00011211
0.000120241,0.00010331,0.00014761,0.000115945,0.00014761
0.000112192,8.646e-05,0.00013607,0.00011208,0.00011011
0.000109606,8.761e-05,0.00015068,0.0001032,8.783e-05
0.000111292,9.679e-05,0.00012446,0.000108595,0.00012446
0.000118882,9.3e-05,0.00014814,0.00011848,0.00011981
0.000114792,9.977e-05,0.00013651,0.000115835,0.00010106
0.000111552,9.212e-05,0.0001262,0.0001136,0.00010266
0.000107065,8.423e-05,0.00015019,0.00010178,0.00010838
0.00010025,7.741e-05,0.00013061,9.8955e-05,8.373e-05
0.000108255,7.65e-05,0.00014724,0.00010702,0.00010549
0.000105977,7.389e-05,0.00014784,0.000100225,9.297e-05
0.000111901,9.728e-05,0.00012385,0.000112395,0.00011331
0.000101308,7.381e-05,0.00013967,9.782e-05,9.052e-05
9.7896e-05,7.227e-05,0.00012837,9.7185e-05,9.642e-05
0.000107176,7.812e-05,0.0001559,9.698e-05,9.678e-05
9.9917e-05,9.05e-05,0.00012131,9.4975e-05,9.513e-05
0.000114151,9.035e-05,0.00014363,0.000110325,0.00013866
0.00011545,8.924e-05,0.0001466,0.000114545,0.00011197
0.000129379,0.00010977,0.00016767,0.00012135,0.00016767
0.0001109,9.073e-05,0.00014895,0.000103865,0.00010456
0.000122369,9.321e-05,0.00016658,0.00011491,0.00016658
0.000117966,0.00010129,0.00014767,0.00011059,0.00012862
0.000126092,9.003e-05,0.00017647,0.000117415,0.00017647
0.000102549,8.787e-05,0.00012751,9.537e-05,0.00011196
0.000120137,0.000105,0.00015314,0.00011282,0.00012185
0.000116088,9.809e-05,0.00014642,0.00011095,0.00010573
0.00010587,9.611e-05,0.00011562,0.00010436,0.00011423
0.000103744,9.568e-05,0.00012422,0.000100875,0.00012422
0.000118679,9.031e-05,0.00016205,0.000113195,0.00011769
0.000120251,9.61e-05,0.0001625,0.0001146,0.0001625
0.000107355,8.687e-05,0.00013744,0.00010739,0.00010507
0.000115674,8.877e-05,0.00014895,0.000109395,0.00014895
0.000104075,8.29e-05,0.00012222,0.000110185,0.00011279
0.000114083,9.269e-05,0.00013948,0.000112515,0.00013948
0.000111545,9.013e-05,0.00014083,0.00010933,0.00012909
0.000113115,0.00010011,0.00014175,0.00010906,0.00014175
0.000100001,8.721e-05,0.00011972,9.9865e-05,9.834e-05
0.000117184,9.752e-05,0.00014769,0.00011147,9.752e-05
0.000115984,9.744e-05,0.00014328,0.00011207,0.00010636
0.000108243,8.301e-05,0.00013564,0.00011029,8.619e-05
0.000101921,8.221e-05,0.00013793,9.4225e-05,9.232e-05
0.000115744,9.04e-05,0.00013424,0.000119455,0.0001341
0.000108853,9.505e-05,0.00012518,0.00010821,0.00012518
9.771e-05,8.307e-05,0.00012298,9.3255e-05,8.938e-05
0.000116825,9.209e-05,0.00015707,0.00011283,0.00015707
0.000101771,9.364e-05,0.00011486,0.00010163,0.00011486
0.000108099,8.603e-05,0.0001257,0.000110275,9.887e-05
0.000106833,9.546e-05,0.00012559,9.949e-05,0.00012559
0.000100893,8.837e-05,0.00011063,0.000101195,0.00010672
0.000106744,7.862e-05,0.0001407,0.000101385,0.00011665
0.000104764,8.26e-05,0.000133,0.00010089,9.914e-05
0.000117677,9.583e-05,0.00015703,0.000112035,9.583e-05
0.000101956,6.99e-05,0.0001281,0.000104165,0.00010279
0.000115365,0.00010098,0.00014605,0.000110495,0.00010865
0.00010723,7.703e-05,0.00013254,0.00010973,0.00011159
0.000107166,7.478e-05,0.00013583,0.00010766,0.00013268
9.9431e-05,8.839e-05,0.00012234,9.6695e-05,9.639e-05
0.00010809,9.044e-05,0.00013562,0.0001057,0.00013562
0.00011295,9.581e-05,0.00014298,0.00010838,0.00012067
0.000105846,8.586e-05,0.00012912,0.000106325,0.00012912
0.000115539,8.415e-05,0.0001373,0.000115635,0.00011152
0.000108017,8.669e-05,0.00012009,0.0001093,0.00012009
0.000109154,9.319e-05,0.00014174,0.00010496,0.00010235
0.000107415,8.865e-05,0.00013618,0.00010521,0.00010994
0.000110558,9.154e-05,0.00012907,0.00011045,0.00010477
9.7806e-05,7.21e-05,0.00012699,9.476e-05,8.343e-05
9.9527e-05,7.526e-05,0.00013138,9.618e-05,0.00010545
0.000109026,7.382e-05,0.00014314,0.0001102,0.00012225
0.00011432,9.403e-05,0.00014894,0.00010786,0.0001161
0.000102859,8.262e-05,0.00012545,9.958e-05,0.00010987
0.000106386,8.785e-05,0.00012047,0.000106955,9.744e-05
0.000122975,9.324e-05,0.00015618,0.000122155,0.0001451
0.000103746,7.77e-05,0.00013921,0.000100495,0.00010606
0.000114736,9.686e-05,0.00015714,0.000108445,0.00011253
0.00011684,9.178e-05,0.00014279,0.00011373,0.00010883
0.000104889,8.727e-05,0.00012071,0.00010762,8.727e-05
9.8997e-05,7.931e-05,0.00012918,9.3335e-05,9.613e-05
0.000104311,8.462e-05,0.0001291,0.000107095,0.00010899
0.000100834,8.534e-05,0.0001272,9.566e-05,9.918e-05
0.000102951,8.019e-05,0.00013219,0.00010474,8.844e-05
0.000110721,8.55e-05,0.00014537,0.00010859,0.00010996
0.000110791,7.615e-05,0.00013573,0.000113805,0.00012293
0.000109321,9.494e-05,0.00013684,0.00010865,0.00010891
0.00010509,7.572e-05,0.00013974,0.000100965,9.541e-05
0.000108061,9.528e-05,0.00012219,0.000107605,0.00011039
0.000104646,7.264e-05,0.00013681,0.000103745,0.00011043
0.000108236,9.291e-05,0.00013326,0.00010309,0.00010494
0.000108162,8.989e-05,0.00014061,0.00010133,0.0001108
0.000100009,7.4e-05,0.00012971,9.8445e-05,0.0001073
0.000112505,8.893e-05,0.00014827,0.00010598,0.00011898
0.00010835,7.546e-05,0.00014091,0.00011235,0.00011776
0.00012821,0.00010498,0.00016714,0.000124085,0.00016714
0.000101644,8.822e-05,0.00011854,0.00010441,0.00010263
0.000123077,9.812e-05,0.00016125,0.00011764,0.00016125
9.7827e-05,8.666e-05,0.00011235,9.557e-05,0.00010417
0.000104252,8.05e-05,0.00013424,0.000104095,0.00010723
0.000100294,8.501e-05,0.0001223,9.7295e-05,9.159e-05
0.000109259,9.839e-05,0.00012803,0.00010444,0.00010471
0.00011213,9.56e-05,0.00012779,0.00010985,0.00012779
0.000106046,8.391e-05,0.00013046,0.00010512,9.988e-05
0.000109371,9.214e-05,0.00012805,0.000111125,0.00012805
0.0001023,8.046e-05,0.00012828,9.861e-05,9.66e-05
0.000125365,0.00010033,0.00016171,0.00012451,0.00016171
0.000114374,9.182e-05,0.0001405,0.000113485,0.00012736
0.000119619,9.806e-05,0.00015165,0.000114825,0.00013062
0.000104485,7.445e-05,0.00013945,0.00010142,0.00011129
0.000106726,8.921e-05,0.00013376,0.000104155,8.921e-05
0.000103085,8.393e-05,0.00013523,9.8205e-05,0.00010327
0.000111844,9.41e-05,0.00014343,0.000106515,0.00011631
0.000108959,9.02e-05,0.00014317,0.00010307,0.00010578
0.000110364,8.091e-05,0.00013802,0.000110125,0.00012142
0.00010862,8.261e-05,0.00014248,0.000106585,0.000107
0.000104141,7.758e-05,0.00014086,0.000100895,8.842e-05
0.00011148,9.214e-05,0.00013454,0.00010791,0.00010643
0.000108331,7.679e-05,0.00013763,0.000108095,0.00011434
0.000110674,9.774e-05,0.00012586,0.00010956,0.00010877
0.000103638,7.989e-05,0.00013407,9.959e-05,9.572e-05
0.000106021,9.537e-05,0.00012372,0.00010317,0.00010588
0.00010541,8.502e-05,0.00013602,9.9045e-05,9.585e-05
9.7808e-05,7.822e-05,0.00011143,0.000101815,0.00010498
0.000105954,8.673e-05,0.0001437,9.915e-05,0.00010686
0.000102101,7.471e-05,0.00012286,0.0001046,0.00011395
0.000117845,9.844e-05,0.00015136,0.000110725,0.00011019
0.00010645,7.244e-05,0.00013409,0.000109445,0.00011535
0.000111291,9.56e-05,0.00013025,0.0001107,0.00011155
0.000100339,7.486e-05,0.00012917,9.7925e-05,8.82e-05
0.000107636,9.54e-05,0.00013493,0.00010371,0.00010865
0.000102048,7.488e-05,0.00013097,0.00010017,9.286e-05
0.00011525,9.839e-05,0.00014512,0.00011101,0.00011137
0.00010615,8.205e-05,0.00013763,0.00010263,0.00011124
0.000102352,8.724e-05,0.00011777,0.00010323,0.00010175
0.000109454,9.394e-05,0.00014188,0.0001034,0.00011371
0.000104078,7.385e-05,0.00013011,0.00010655,0.00010839
0.000114707,9.984e-05,0.00014728,0.00010692,0.00012037
0.000102499,7.383e-05,0.00013853,0.000100415,0.00010865
0.000187954,9.25e-05,0.00027525,0.00019271,0.00025297
0.000106684,9.223e-05,0.00012612,0.000109095,0.00012612
0.000121626,9.444e-05,0.00016371,0.00011391,0.0001098
9.6173e-05,8.193e-05,0.00011137,9.5145e-05,9.882e-05
0.000108086,9.421e-05,0.00013579,0.00010257,0.0001096
0.000105753,9.042e-05,0.00013579,0.00010007,9.715e-05
0.000107689,8.195e-05,0.00013038,0.000110725,0.0001092
0.000109665,8.948e-05,0.00013998,0.000104325,0.00011767
0.00011019,8.396e-05,0.00013122,0.00011037,0.00010848
0.000136276,9.869e-05,0.00016989,0.000135685,0.00012992
0.000110467,8.316e-05,0.0001464,0.000107385,0.0001464
0.000106085,9.264e-05,0.00012749,0.0001033,0.00010134
0.000106003,8.702e-05,0.00012801,0.000110235,0.00012801
0.000111458,9.124e-05,0.00014493,0.00010516,9.548e-05
0.000102502,9.244e-05,0.00012325,9.817e-05,0.00010906
0.00010921,9.53e-05,0.00012918,0.000105465,0.00010621
0.000112213,8.526e-05,0.00014539,0.000106805,0.00012297
9.87e-05,6.921e-05,0.00012823,9.907e-05,0.00010574
0.000113453,8.539e-05,0.000152,0.000110515,0.00011217
0.000106907,9.374e-05,0.00012923,0.00010322,0.00010709
0.000119989,9.736e-05,0.00015826,0.00011413,0.00012984
0.000100876,7.247e-05,0.00013346,0.000100405,0.00011027
0.000108354,8.367e-05,0.00013109,0.00010824,0.0001309
9.633e-05,8.587e-05,0.00010851,9.577e-05,0.00010143
0.000112404,9.657e-05,0.0001418,0.00010802,0.00010505
0.000105181,9.058e-05,0.00012744,0.00010256,9.262e-05
0.000105506,9.596e-05,0.00012299,0.000103105,0.00010244
0.000101334,8.36e-05,0.00013447,9.583e-05,0.00010052
0.000102577,7.237e-05,0.00012612,0.000103935,0.00011446
0.00010285,8.212e-05,0.00014046,9.955e-05,0.00010288
0.000109433,7.682e-05,0.00013741,0.00011195,0.00012136
0.000114356,9.482e-05,0.00014812,0.000108,0.0001051
0.000101918,7.6e-05,0.00013391,9.789e-05,8.891e-05
0.000113179,9.611e-05,0.00013138,0.00011248,0.00011175
0.000107706,7.841e-05,0.00013346,0.00011101,0.00012108
0.000106316,8.635e-05,0.00013149,0.00010523,0.00011
0.00010007,7.364e-05,0.00013166,9.898e-05,9.207e-05
0.000106225,8.33e-05,0.00012095,0.00011118,0.00011409
0.000106295,8.801e-05,0.0001406,9.8855e-05,9.786e-05
0.000109609,7.407e-05,0.00013273,0.000115055,0.00011369
0.000113666,9.401e-05,0.00015012,0.00010886,9.493e-05
0.00010682,7.322e-05,0.00013628,0.000110195,0.00011164
0.000111449,9.403e-05,0.0001403,0.00010722,0.00011794
0.000105966,7.517e-05,0.00014672,0.00010081,0.00011424
0.00010807,9.398e-05,0.00012597,0.000106605,0.00012555
0.000100774,8.828e-05,0.00012438,9.7315e-05,0.00010051
0.000104445,9.544e-05,0.00011999,0.000103805,0.00010549
0.00010752,8.945e-05,0.0001393,0.00010253,8.945e-05
0.00010612,9.822e-05,0.00012203,0.00010298,0.00010394
0.000108516,9.58e-05,0.00012144,0.000109065,0.00012144
0.000105205,9.39e-05,0.00013303,9.9695e-05,9.39e-05
0.000116365,9.918e-05,0.00013663,0.00011323,0.00013663
9.777e-05,8.808e-05,0.00011453,9.5355e-05,9.094e-05
0.000110681,9.794e-05,0.00012979,0.0001069,0.00012979
9.3903e-05,7.898e-05,0.00010974,9.257e-05,8.505e-05
0.000102729,7.495e-05,0.00014562,9.903e-05,0.00010908
0.00010042,7.497e-05,0.00012882,9.848e-05,9.403e-05
0.000113689,9.602e-05,0.00014328,0.000108315,0.00010959
0.000107359,8.198e-05,0.00013184,0.00010882,0.00010828
0.000106878,9.742e-05,0.00012795,0.00010298,0.00010555
0.000111571,9.496e-05,0.00014624,0.00010545,0.00011774
0.000103804,7.315e-05,0.00012982,0.00010622,0.00010898
0.000112564,9.734e-05,0.00014283,0.00010723,0.00011115
0.000103691,7.461e-05,0.00013078,0.00010562,0.00011297
0.000116465,0.00010618,0.00012854,0.000115155,0.000118
9.7695e-05,8.689e-05,0.00010772,9.882e-05,0.00010133
0.000104084,8.917e-05,0.00013245,0.000101455,0.00010747
9.904e-05,7.469e-05,0.00012774,9.6375e-05,8.781e-05
0.000114322,9.893e-05,0.00013127,0.000114555,0.00011025
0.000101789,8.936e-05,0.00013206,9.4805e-05,9.345e-05
0.000109789,8.816e-05,0.00012983,0.000110095,0.00010928
0.000107316,8.586e-05,0.00014086,0.00010454,0.0001184
9.7974e-05,7.725e-05,0.00012379,9.7445e-05,0.00010571
0.000117195,9.472e-05,0.0001567,0.000109475,0.00012255
0.000108408,7.793e-05,0.00013903,0.000107965,0.00010853
0.00011061,0.00010224,0.00012661,0.000109415,0.00010596
9.8785e-05,7.414e-05,0.00012549,9.781e-05,0.00010578
0.000104754,9.584e-05,0.00011754,0.00010324,0.00010212
0.00010162,8.216e-05,0.00013303,9.53e-05,0.00010273
0.000102959,9.292e-05,0.00011156,0.000103245,0.00010804
0.000105798,9.214e-05,0.00012056,0.000104445,0.00012056
0.000103497,8.543e-05,0.0001294,0.000103135,0.00010262
0.000112565,9.102e-05,0.00013684,0.00011196,9.928e-05
0.000106019,7.336e-05,0.0001341,0.00011016,0.00011135
0.000116016,9.891e-05,0.00015384,0.000109115,9.891e-05
0.000101953,7.293e-05,0.00014401,9.7495e-05,0.00010516
0.000105461,8.748e-05,0.00012847,0.000105775,0.0001071
9.9032e-05,7.369e-05,0.00012792,9.64e-05,0.00010564
0.000104955,7.87e-05,0.00013688,0.000102785,0.00011421
0.000102902,8.907e-05,0.00012176,0.000100905,9.675e-05
0.000110078,9.996e-05,0.00012745,0.000109395,0.00010636
0.000122061,9.385e-05,0.00017987,0.0001137,0.00012858
9.7721e-05,7.895e-05,0.00011621,9.933e-05,0.00010356
0.000104741,8.43e-05,0.00013786,0.00010136,0.00010232
0.000110196,8.198e-05,0.00013719,0.00011071,0.00011754
0.000108294,9.533e-05,0.00012874,0.000107475,0.00010637
0.00010389,7.781e-05,0.00013252,9.9405e-05,8.878e-05
0.000113865,9.795e-05,0.00013459,0.000115345,0.00011563
9.5586e-05,8.395e-05,0.0001111,9.289e-05,0.00010259
0.000100778,8.283e-05,0.00012252,9.946e-05,9.457e-05
0.000105128,7.877e-05,0.00014852,9.847e-05,8.481e-05
0.000109794,8.716e-05,0.00013744,0.000107275,0.00011072
9.9917e-05,8.375e-05,0.00012998,9.602e-05,9.127e-05
0.000108017,7.849e-05,0.00012635,0.000111915,0.00010925
0.000112741,8.426e-05,0.0001451,0.00010858,0.00012149
0.000105366,7.546e-05,0.00013376,0.00010877,0.00011209
0.000112815,9.838e-05,0.00014774,0.000108815,9.912e-05
0.000104233,7.64e-05,0.00014219,9.947e-05,0.00010911
0.000103199,8.026e-05,0.00012423,0.00010421,0.00012423
9.7088e-05,8.512e-05,0.00011593,9.6345e-05,9.891e-05
0.000102399,7.835e-05,0.00012641,0.000101975,0.00012641
0.000102559,8.588e-05,0.00012148,0.00010224,0.00010577
0.000142744,8.135e-05,0.00020014,0.000145005,0.00020014
0.000103464,8.99e-05,0.00011768,0.000101675,9.822e-05
0.00010356,8.412e-05,0.0001344,9.794e-05,8.412e-05
0.000108356,8.222e-05,0.00014713,0.000104195,0.00010994
0.000107064,7.28e-05,0.00013341,0.00011103,0.00011996
0.000113097,9.428e-05,0.00013914,0.00010961,0.00010913
9.9524e-05,7.387e-05,0.00013015,9.7835e-05,8.147e-05
0.000112494,9.72e-05,0.00014007,0.000110495,0.00011625
0.000100893,7.624e-05,0.00013295,9.767e-05,9.751e-05
0.000107866,9.2e-05,0.00012571,0.00010902,0.00010843
0.000112006,9.166e-05,0.00013852,0.00010985,0.00012105
0.00010636,9.307e-05,0.00012185,0.00010488,0.00010609
0.000115209,9.334e-05,0.0001447,0.000111805,0.00011424
0.000103184,7.443e-05,0.00013905,0.000102255,0.00010576
0.00011804,9.979e-05,0.00015661,0.000109515,0.00012183
0.000103563,7.592e-05,0.00013432,0.000103585,0.00011172
0.000111849,9.57e-05,0.00013204,0.00011228,0.00012173
9.6772e-05,7.23e-05,0.00012176,9.627e-05,0.00010639
9.9375e-05,8.424e-05,0.00012257,9.8515e-05,8.922e-05
9.9281e-05,7.847e-05,0.00013067,9.5185e-05,0.00010495
0.000115585,9.415e-05,0.0001525,0.000111315,0.00011722
0.000104675,8.358e-05,0.00014186,9.7825e-05,0.00010289
0.000107356,7.481e-05,0.00013443,0.000111375,0.00011493
0.000112116,8.675e-05,0.00016683,0.00010192,0.00010624
0.000109119,9.342e-05,0.000141,0.00010264,9.985e-05
0.000105129,8.369e-05,0.00014667,0.000101425,0.00010736
0.000109625,8.504e-05,0.00014697,0.00010551,9.274e-05
0.000111847,9.92e-05,0.00013016,0.000111435,0.00011102
0.000102156,7.725e-05,0.00013892,9.877e-05,9.34e-05
0.000107431,9.057e-05,0.00012716,0.00010949,0.00010782
0.000103272,7.387e-05,0.00013702,0.000103065,9.827e-05
0.000106308,9.44e-05,0.00012268,0.00010493,0.00010416
0.000108358,8.644e-05,0.00014408,0.000105945,0.00012175
0.000101063,7.577e-05,0.00013008,0.000102085,0.00010482
0.000110964,8.269e-05,0.00015006,0.000107565,0.00011226
9.9199e-05,6.708e-05,0.00012853,0.000100445,0.00010897
0.000109927,9.666e-05,0.00013911,0.00010744,9.666e-05
9.8883e-05,7.254e-05,0.00012623,9.8795e-05,0.00010858
0.000112999,0.00010098,0.00013908,0.000111375,0.00011193
9.4594e-05,7.195e-05,0.00011907,9.335e-05,0.00010254
0.000106015,8.766e-05,0.00013047,0.00010282,8.766e-05
9.7415e-05,8.062e-05,0.00011225,9.8015e-05,9.305e-05
0.000112874,9.716e-05,0.000137,0.00011094,0.00011173
0.000109625,9.423e-05,0.00013186,0.000104625,0.00011111
0.000107015,9.11e-05,0.00013091,0.000106175,0.00010514
0.000114092,9.431e-05,0.00014362,0.00010921,0.00012101
0.000105667,7.214e-05,0.00013305,0.000108605,0.00011104
0.000113846,9.242e-05,0.00013409,0.0001113,0.00012674
0.000109543,7.595e-05,0.00013646,0.00011321,0.00011778
0.000113505,9.869e-05,0.00013621,0.000111055,0.00013621
0.000100238,8.885e-05,0.00011332,0.00010135,0.00010996
0.00011688,9.795e-05,0.0001438,0.000113255,0.0001294
0.00010319,8.556e-05,0.0001353,9.622e-05,0.00010377
0.000113055,9.02e-05,0.0001478,0.000108705,0.000125
0.000109964,8.345e-05,0.00015143,0.000104245,0.00010553
0.000107459,7.767e-05,0.00013104,0.00011253,0.00013104
0.000107984,9.78e-05,0.00012932,0.000103095,0.0001205
0.000104224,8.07e-05,0.00013523,0.000101395,0.00013523
0.000108854,9.761e-05,0.0001293,0.00010666,9.761e-05
0.000106045,9.049e-05,0.00013238,0.000102555,0.00013238
0.000110216,9.752e-05,0.00013574,0.000107075,9.771e-05
9.8511e-05,8.151e-05,0.0001167,9.7775e-05,0.00010611
0.000106357,9.434e-05,0.00012234,0.0001055,0.00010458
0.000109118,9.131e-05,0.00013557,0.000105035,0.00010249
0.000103327,8.526e-05,0.00013443,9.924e-05,0.00010452
0.000112061,9.052e-05,0.00014542,0.000105695,9.052e-05
9.7317e-05,7.287e-05,0.00012211,9.9245e-05,0.00010643
0.000112756,9.393e-05,0.00014927,0.000106925,9.856e-05
9.862e-05,7.549e-05,0.00012333,0.00010045,0.0001064
0.000122365,0.0001011,0.00015759,0.00011907,0.00013193
0.00010768,7.425e-05,0.00013146,0.000111185,0.00010823
0.000116483,9.283e-05,0.00014914,0.000110155,9.283e-05
9.9119e-05,7.685e-05,0.00012818,9.5375e-05,0.00012818
0.000115912,8.547e-05,0.00015379,0.00010956,0.00010872
0.000108134,8.44e-05,0.00012469,0.00010814,0.00012282
0.000109807,9.579e-05,0.00012572,0.000110005,0.00010737
0.000110554,8.586e-05,0.00014,0.000107575,0.0001024
0.000101575,7.112e-05,0.0001352,0.00010098,0.00010967
0.000111609,9.447e-05,0.0001438,0.000107685,0.00011074
0.000105096,7.203e-05,0.00013087,0.000106475,0.0001054
0.000110314,9.793e-05,0.00012722,0.00011089,0.00011323
0.000100865,7.377e-05,0.00013119,9.868e-05,0.00010985
0.000110781,8.84e-05,0.00014695,0.000104825,8.84e-05
9.8838e-05,7.691e-05,0.00012887,9.7375e-05,0.00010341
0.000101415,7.749e-05,0.00012277,0.000103825,0.00011583
0.000104032,8.53e-05,0.00013688,9.9285e-05,0.00010543
0.000111931,9.827e-05,0.00014175,0.000107055,0.00010984
0.000106015,8.067e-05,0.00014169,9.934e-05,0.00010507
0.000108329,7.784e-05,0.00013562,0.00011231,0.00011574
0.000107413,8.189e-05,0.00014643,0.000103865,0.00010603
0.000104822,7.892e-05,0.00013735,0.00010184,9.758e-05
0.000104379,8.551e-05,0.00012705,0.00010412,0.00010931
0.000105208,7.639e-05,0.00013354,0.0001051,0.00010104
0.000109628,8.784e-05,0.0001365,0.000109645,0.00011293
0.000104366,7.607e-05,0.00014803,9.801e-05,9.062e-05
0.000111097,9.525e-05,0.00013525,0.000108365,0.00010774
0.000100997,8.389e-05,0.00013261,9.677e-05,8.752e-05
9.6461e-05,6.898e-05,0.00012499,9.834e-05,0.00010568
0.000113141,9.198e-05,0.00014448,0.000109565,9.198e-05
0.000103026,7.523e-05,0.00012397,0.00010581,0.0001069
0.000119826,9.874e-05,0.00015841,0.00011499,0.00012787
0.00010229,7.057e-05,0.00014064,0.00010139,0.00011052
0.000105208,8.49e-05,0.00012717,0.00010842,0.00011564
9.9342e-05,7.59e-05,0.00013204,9.587e-05,0.00010307
0.000112814,9.859e-05,0.0001294,0.00011174,0.00012882
0.000106388,8.851e-05,0.00013204,0.00010411,0.00010281
0.000111304,9.55e-05,0.00012841,0.000111755,0.0001079
0.000109278,8.74e-05,0.00014216,0.00010298,0.00011031
0.0001085,7.746e-05,0.00014423,0.0001101,0.00011931
0.000108929,8.464e-05,0.00014541,0.00010567,0.00010477
0.000106654,7.52e-05,0.00013688,0.00010704,0.00011454
0.000113936,9.435e-05,0.0001481,0.00010711,0.00010415
0.000102679,8.083e-05,0.00013499,9.7975e-05,8.599e-05
0.000123966,9.913e-05,0.0001542,0.00012404,0.0001139
0.000106621,7.897e-05,0.00012755,0.00010924,0.00011301
0.000110756,9.65e-05,0.00012903,0.00011197,0.00011013
9.6974e-05,8.354e-05,0.00012044,9.4265e-05,0.00010101
0.000110756,9.634e-05,0.00013481,0.00010617,0.00010918
0.000105294,7.974e-05,0.00014046,0.000104,0.00010188
0.000110914,9.21e-05,0.0001351,0.00010642,0.00010633
0.000115549,9.015e-05,0.00016213,0.000107585,9.015e-05
0.00011726,0.0001004,0.00015666,0.000108165,0.00011033
0.000110769,9.254e-05,0.00012927,0.000108505,0.00012927
0.000105114,8.085e-05,0.0001278,0.00010589,0.00010052
0.000113799,8.904e-05,0.00014767,0.000109605,0.00014767
9.8049e-05,8.095e-05,0.00011659,9.6075e-05,9.677e-05
0.000108383,8.211e-05,0.00012866,0.000112495,0.0001119
0.000106984,8.581e-05,0.00013825,0.00010199,0.00011131
9.9286e-05,7.498e-05,0.00011024,0.000104065,0.00010218
0.000106116,9.73e-05,0.00012658,0.00010434,0.00012658
9.9932e-05,7.956e-05,0.00012102,9.7875e-05,9.494e-05
0.000114682,9.43e-05,0.00013419,0.00011529,0.00013419
0.000107196,9.029e-05,0.00013202,0.00010724,0.00010826
0.000115201,0.0001009,0.00014393,0.0001101,0.00014393
9.48e-05,8.627e-05,0.00010307,9.557e-05,9.301e-05
0.000105755,9.134e-05,0.00013553,0.000103585,9.134e-05
9.416e-05,7.968e-05,0.00011868,9.0375e-05,9.173e-05
0.000104001,7.89e-05,0.00014297,0.000100105,0.00011258
0.000106561,7.987e-05,0.00013675,0.000105305,0.0001132
0.000101561,7.225e-05,0.00011872,0.000106505,0.00010843
0.000107798,8.859e-05,0.00014167,0.000104845,0.00011798
0.000106541,7.428e-05,0.00013001,0.000109645,0.00010777
0.000108249,8.878e-05,0.00013724,0.000106755,8.878e-05
0.000105737,7.607e-05,0.00014215,0.00010462,0.00011155
0.000113912,0.0001004,0.00013638,0.000113945,0.00012127
0.000101027,7.639e-05,0.00013969,9.57e-05,0.00010643
0.000105529,9.329e-05,0.00012666,0.000101065,9.798e-05
0.000104471,7.371e-05,0.00014019,0.00010102,0.00011529
0.000106245,8.492e-05,0.00012189,0.00011208,0.00012189
9.8088e-05,8.321e-05,0.00011268,9.781e-05,0.00010289
0.000108215,7.716e-05,0.00012846,0.000113345,0.0001252
0.000106838,8.625e-05,0.00013626,0.00010468,0.00010653
0.000114068,7.916e-05,0.00015236,0.00011418,0.00011683
0.000107099,7.926e-05,0.00015576,0.00010306,0.00010444
0.000105165,8.892e-05,0.00012931,0.000102295,0.00010272
0.00011004,8.879e-05,0.00014652,0.000108825,0.00011109
0.000104561,7.419e-05,0.00013292,0.00010522,0.00011121
0.000111489,9.506e-05,0.00014577,0.00010555,0.00010648
0.000103479,7.318e-05,0.00013879,0.00010219,9.722e-05
0.000102597,9.206e-05,0.00011871,0.000101935,0.00010663
0.000108098,8.661e-05,0.00014175,0.000104825,0.00010936
0.000102211,8.065e-05,0.00013088,0.000101575,0.00010576
0.000116962,8.759e-05,0.00015966,0.000109255,8.759e-05
9.9053e-05,6.97e-05,0.00012769,9.8355e-05,0.000108
0.000113505,9.803e-05,0.00014876,0.00010788,0.00010861
0.000101091,7.154e-05,0.00014248,9.5885e-05,0.00010497
0.000109934,8.916e-05,0.00013624,0.000110425,8.916e-05
9.779e-05,7.005e-05,0.0001256,9.7e-05,0.00010941
0.000105978,9.911e-05,0.00011027,0.000106585,0.00010841
9.7785e-05,8.181e-05,0.00010874,9.6765e-05,9.245e-05
0.000107949,9.222e-05,0.0001274,0.00010637,0.00011226
0.000107723,8.719e-05,0.00013587,0.00010222,0.00010322
0.000109533,8.161e-05,0.00013154,0.00011229,0.00011829
0.000102397,8.689e-05,0.00012941,9.8935e-05,9.635e-05
0.000109141,7.51e-05,0.00013455,0.00011362,0.00012967
0.000122619,9.236e-05,0.00015712,0.000120085,0.00012823
0.000106513,8.999e-05,0.00012359,0.000110095,0.00012359
0.000112415,9.045e-05,0.00012994,0.00011166,0.0001125
9.2876e-05,8.361e-05,0.00010358,9.303e-05,0.0001026
0.000106439,7.796e-05,0.00014895,0.000102745,8.581e-05
9.879e-05,8.938e-05,0.00011937,9.4715e-05,0.00011937
0.000115633,8.421e-05,0.00014836,0.000111665,0.00010887
0.000115379,8.302e-05,0.00015219,0.000109335,9.645e-05
0.000100966,9.51e-05,0.0001179,9.895e-05,9.51e-05
0.000110608,8.401e-05,0.00015341,0.000105975,0.00011209
0.000109793,8.006e-05,0.00013582,0.000110615,0.00012229
0.000114911,9.339e-05,0.00015868,0.00010711,0.00010852
0.000103871,7.808e-05,0.00013656,0.000101125,9.479e-05
0.000105819,9.379e-05,0.00012289,0.00010551,0.00010642
0.0001021,7.668e-05,0.00013991,9.7955e-05,7.933e-05
0.000106867,9.317e-05,0.00012327,0.0001073,0.00010855
0.000111325,9.19e-05,0.00015453,9.954e-05,9.395e-05
9.9975e-05,8.979e-05,0.00011788,9.8125e-05,9.914e-05
0.00011822,9.298e-05,0.00015686,0.000110405,9.298e-05
9.731e-05,7.869e-05,0.00012345,9.78e-05,0.00010419
0.00012248,9.653e-05,0.00016239,0.00011691,0.00013029
0.000101741,7.53e-05,0.00013856,9.858e-05,0.00010547
0.000120756,9.879e-05,0.00015858,0.000115745,0.00012957
9.6375e-05,7.707e-05,0.00011727,9.622e-05,9.992e-05
0.000100961,9.201e-05,0.00011418,9.827e-05,9.202e-05
9.8315e-05,8.113e-05,0.00012696,9.5615e-05,9.982e-05
0.000106959,8.78e-05,0.00014471,0.000100265,9.67e-05
0.000107956,8.866e-05,0.00012315,0.00010797,0.00010875
0.00011083,8.556e-05,0.00014215,0.000110275,0.00011549
0.000108411,8.314e-05,0.00014372,0.00010769,0.00010366
0.00010743,7.834e-05,0.000133,0.000108215,0.00011874
0.000114006,9.571e-05,0.00014707,0.00010849,0.00010587
0.000109505,7.267e-05,0.00013824,0.00011244,0.00012768
0.000111362,9.645e-05,0.00012655,0.000112265,0.00010674
0.000102352,8.847e-05,0.00012432,9.9115e-05,0.00012432
0.000116994,9.557e-05,0.00016029,0.00010706,9.751e-05
9.8959e-05,8.722e-05,0.00012173,9.532e-05,0.00010079
0.000107946,9.631e-05,0.00012005,0.000107245,0.00011688
9.8008e-05,8.44e-05,0.00011549,9.933e-05,0.00010339
0.000115109,9.467e-05,0.00014218,0.00011588,0.00012352
0.000104545,8.627e-05,0.00014,9.707e-05,0.00010349
0.000112391,7.829e-05,0.0001418,0.00011577,0.00012767
0.000105661,8.187e-05,0.00015023,9.871e-05,0.00010577
0.000108469,7.153e-05,0.00013857,0.00011067,0.00012227
0.000111018,9.301e-05,0.00014881,0.00010529,0.0001116
0.000104488,8.057e-05,0.00013781,0.000100245,8.787e-05
0.000113694,9.64e-05,0.00014976,0.000107195,0.00010979
0.000106875,7.624e-05,0.00014749,0.000101325,8.948e-05
0.000103925,9.514e-05,0.00011016,0.000104535,0.00010718
0.000111628,8.545e-05,0.00014357,0.00010756,0.00013029
0.000106696,7.816e-05,0.00014365,0.00010309,0.00011045
0.00011425,9.08e-05,0.00015282,0.000109485,9.08e-05
0.000101139,8.095e-05,0.00012442,0.00010023,0.00011338
0.000112008,0.0001009,0.00013984,0.000106325,0.00011493
9.3939e-05,7.348e-05,0.00011664,9.4575e-05,0.00010041
0.000108652,8.043e-05,0.00013032,0.00010977,0.00013032
0.000110436,0.00010159,0.0001306,0.000103365,0.00012599
0.000123676,0.0001012,0.00015633,0.000116755,0.00015633
0.000100484,9.239e-05,0.00011201,9.986e-05,0.00010207
0.000106295,7.55e-05,0.00013314,0.00011052,0.00013314
0.000109212,9.281e-05,0.00011789,0.00011102,0.00011127
0.000109729,9.479e-05,0.00014106,0.000103815,0.00014106
0.000115556,9.902e-05,0.00013473,0.00011295,0.00013473
0.0001031,8.352e-05,0.00012593,0.000101925,0.00012593
0.000117755,9.287e-05,0.00015371,0.00011488,0.00011751
0.000103789,8.302e-05,0.00013233,0.00010386,0.00013233
0.000130083,0.00010517,0.00016286,0.00012945,0.00014401
9.7491e-05,8.438e-05,0.00011042,9.827e-05,0.00011042
0.000121419,9.129e-05,0.00015756,0.00011516,0.00011404
9.6611e-05,8.482e-05,0.00010822,9.732e-05,9.819e-05
0.000107962,7.353e-05,0.00014435,0.00010866,0.00011899
0.000108551,8.307e-05,0.00014337,0.00010213,0.00010358
0.000111046,8.725e-05,0.00013357,0.000111685,0.00012645
0.00010781,9.173e-05,0.00013285,0.000107375,0.00010626
9.768e-05,7.713e-05,0.00012525,9.487e-05,8.495e-05
0.000112948,9.287e-05,0.00015164,0.00010847,0.00010881
0.000104703,8.085e-05,0.00014047,0.00010021,9.555e-05
0.000112789,9.668e-05,0.00013489,0.000108675,0.00010172
0.000108754,9.273e-05,0.00014178,0.00010444,0.00010718
0.000109679,9.559e-05,0.00014332,0.000101125,0.00011147
0.00010535,8.973e-05,0.00013668,9.899e-05,0.00010826
0.00010713,9.659e-05,0.00011633,0.00011049,0.00011096
0.000109949,9.011e-05,0.00012431,0.00010958,0.00012191
0.000103955,8.045e-05,0.0001287,0.00010604,0.00010529
0.000117422,9.959e-05,0.00014031,0.00011517,0.00014031
0.000101961,7.97e-05,0.00012728,0.00010167,0.00010409
0.000124394,9.632e-05,0.00016719,0.00011613,0.00016719
9.9089e-05,8.883e-05,0.0001167,9.812e-05,9.358e-05
0.000124224,9.74e-05,0.00016858,0.000120635,0.00016858
0.000103537,8.484e-05,0.00012176,0.00010039,0.00010079
0.000111499,9.622e-05,0.00013274,0.000107715,0.00010862
9.6659e-05,8.94e-05,0.00010754,9.5995e-05,0.00010754
0.000113702,9.498e-05,0.00014528,0.0001085,9.498e-05
0.000109189,9.886e-05,0.00012466,0.000107355,0.00010089
0.000106641,7.908e-05,0.00014006,0.000103215,0.00014006
0.000125047,0.0001006,0.00016054,0.0001206,0.00013285
0.000103925,8.421e-05,0.00013791,9.73e-05,0.00013791
0.000118835,8.587e-05,0.00015934,0.00011005,0.00010528
0.000102871,8.57e-05,0.00012021,0.000103405,0.00012021
0.000117839,9.779e-05,0.00016092,0.00010712,9.779e-05
9.8925e-05,8.755e-05,0.00012425,9.4975e-05,9.528e-05
0.000114597,9.988e-05,0.00013866,0.00011292,0.0001098
0.00010272,7.988e-05,0.0001385,9.616e-05,0.00011187
0.000105779,8.791e-05,0.00013394,0.000106575,8.791e-05
0.000107673,8.321e-05,0.00014989,9.9205e-05,0.00010142
0.000111292,9.399e-05,0.00013975,0.00010752,0.00010923
0.000112021,8.621e-05,0.00014884,0.000105555,0.00010542
9.5129e-05,7.855e-05,0.00011511,9.5075e-05,9.442e-05
0.000107816,9.229e-05,0.00013462,0.00010626,0.00010525
0.000107952,8.202e-05,0.00013716,0.000101325,8.202e-05
0.00010774,7.488e-05,0.00014349,0.000104765,0.00010011
0.00010644,8.526e-05,0.00013017,0.00010606,0.00012109
0.000110799,9.537e-05,0.00014214,0.00010443,0.000108
0.000105585,8.82e-05,0.00014262,0.000101385,8.82e-05
0.000112956,9.722e-05,0.00014245,0.00010641,0.00010703
0.000112125,9.033e-05,0.00014733,0.00010693,0.00011876
0.000101069,7.369e-05,0.00013341,0.0001012,0.00010879
0.000119032,9.821e-05,0.00015585,0.00011399,0.00013059
0.000103861,7.503e-05,0.0001239,0.000107085,0.00010768
0.000126091,9.981e-05,0.00015651,0.000127165,0.00015651
0.000100971,9.272e-05,0.0001121,9.84e-05,0.00010952
0.000105064,9.689e-05,0.00011266,0.000104705,0.00011266
0.000105479,9.709e-05,0.00011813,0.00010261,9.885e-05
0.000102856,7.817e-05,0.00012315,0.00010633,0.00012315
0.000100955,9.109e-05,0.00011058,9.984e-05,0.00011058
0.000101511,7.841e-05,0.00012839,0.000101175,0.00010192
0.000109481,9.186e-05,0.00012368,0.00011087,0.00012368
0.000104339,7.97e-05,0.0001334,9.88e-05,9.539e-05
0.000122791,9.596e-05,0.00016108,0.000121045,0.00016108
0.000109419,8.433e-05,0.00013696,0.00011392,0.00011133
0.000109818,9.683e-05,0.00012635,0.000106545,0.00012635
9.6874e-05,8.439e-05,0.00011699,9.625e-05,9.864e-05
0.00011045,9.259e-05,0.00012401,0.00011026,0.00010857
0.000102255,9.058e-05,0.00011317,0.00010263,0.00010448
0.000107322,9.601e-05,0.00011776,0.000108785,9.689e-05
0.000102101,8.945e-05,0.00011281,0.00010274,0.00010905
0.000115519,9.36e-05,0.00014668,0.000112485,0.00012664
0.000109841,8.176e-05,0.00014195,0.00011026,0.00011588
0.000102542,7.949e-05,0.00013898,0.000100075,8.416e-05
0.000104099,8.424e-05,0.00012345,0.000104675,0.00010001
0.000116746,9.678e-05,0.0001375,0.00011605,0.00013415
0.000108984,7.997e-05,0.00015243,0.000104,0.00010496
0.000102646,7.52e-05,0.0001418,9.7305e-05,8.81e-05
0.000108107,9.612e-05,0.00011767,0.000108715,0.00010723
0.000107374,8.501e-05,0.00013629,0.00010833,0.00012969
0.000102817,8.876e-05,0.00012427,0.00010066,0.00010473
0.000111737,9.293e-05,0.00015166,0.00010372,9.293e-05
0.00010231,7.39e-05,0.00012193,0.000105465,0.00010394
0.00010931,9.373e-05,0.00012957,0.00010656,0.00012957
0.000101998,9.336e-05,0.00010977,0.00010216,0.00010882
0.000116959,9.923e-05,0.00015191,0.00011284,0.00010565
0.000104594,7.762e-05,0.00014424,0.00010154,0.00011001
0.000119649,9.988e-05,0.00015282,0.000113875,0.00013091
9.7477e-05,7.937e-05,0.00012995,9.2295e-05,9.327e-05
0.000108498,9.696e-05,0.00012097,0.000108865,0.00012097
0.000104969,9.173e-05,0.00012725,0.000103155,0.00012725
0.000112462,8.531e-05,0.00014553,0.00010754,0.00010477
0.000114224,8.397e-05,0.00013976,0.00011453,0.00012583
0.000106,7.576e-05,0.00014089,0.000106785,0.00010792
0.00011427,0.00010047,0.00013719,0.00010935,0.00011408
0.000103255,6.84e-05,0.00013036,0.000106555,0.000108
0.00010359,8.529e-05,0.00012356,0.000104065,8.529e-05
0.000101885,7.211e-05,0.00014059,9.8565e-05,0.00010996
0.000118255,0.00010076,0.00014367,0.00011145,0.0001382
9.7176e-05,8.131e-05,0.00012449,8.9165e-05,8.743e-05
0.000113316,9.873e-05,0.00013093,0.0001106,0.00010943
9.6666e-05,8.03e-05,0.00011296,9.7835e-05,8.86e-05
0.000112715,9.19e-05,0.00013487,0.00011355,0.00010667
0.000110949,8.728e-05,0.00013792,0.00010905,0.00011336
0.000102404,7.621e-05,0.00014237,9.5975e-05,0.00011307
0.00011221,9.531e-05,0.0001258,0.000111195,0.00010991
0.000109007,7.633e-05,0.00013965,0.0001097,0.00011086
0.000117039,9.36e-05,0.00015214,0.00011144,0.00012618
0.000101399,7.693e-05,0.00013223,9.892e-05,0.00010489
0.000108974,9.168e-05,0.00014593,9.9465e-05,0.00014593
0.000102309,7.937e-05,0.00012345,9.925e-05,9.311e-05
0.000115796,9.8e-05,0.00014114,0.00011086,0.0001103
0.000102762,8.359e-05,0.00013701,9.655e-05,9.541e-05
0.000111764,9.474e-05,0.00014148,0.000107315,0.00011404
0.000111263,9.436e-05,0.00014672,0.000105475,0.00011084
0.00010344,8.094e-05,0.00014178,9.914e-05,0.00010659
0.000117175,9.552e-05,0.00014423,0.00011121,0.00014423
0.00010234,8.736e-05,0.00011863,0.00010251,0.0001068
0.000119274,9.13e-05,0.00015377,0.000116645,0.00015377
9.8939e-05,8.803e-05,0.00011311,9.77e-05,9.4e-05
0.000102522,8.551e-05,0.00013387,9.759e-05,8.643e-05
0.000101216,7.852e-05,0.00013183,9.9205e-05,0.00010667
0.00011321,9.296e-05,0.00013202,0.000115615,0.00013202
0.00010998,8.342e-05,0.00013761,0.000106075,0.00010487
0.000118886,9.946e-05,0.00015579,0.00011186,0.00011843
0.00010387,8.684e-05,0.00013579,0.000101155,0.00010521
0.000109406,7.578e-05,0.00013755,0.000112595,0.0001228
0.000115968,9.489e-05,0.00014988,0.000110245,0.00010479
0.000108485,8.227e-05,0.00013865,0.000107355,0.00010959
0.000108956,9.715e-05,0.00012589,0.00010904,0.00011613
0.000102704,7.362e-05,0.00013677,9.8765e-05,8.912e-05
0.000106944,9.711e-05,0.00012993,0.000101005,0.00011161
9.7797e-05,8.29e-05,0.00012547,9.3375e-05,8.837e-05
0.00012513,9.689e-05,0.00015573,0.000124765,0.00011051
0.000102153,8.298e-05,0.00012775,0.000102405,0.00011403
0.000110751,7.286e-05,0.00014612,0.000113625,0.00011423
0.000108776,8.992e-05,0.0001425,0.000103325,0.00010364
0.000106284,8.071e-05,0.00013451,0.000107085,0.00011329
0.00011159,9.614e-05,0.00013654,0.000110715,0.00011886
0.0001027,8.145e-05,0.00013742,9.564e-05,0.00010883
0.000109514,8.505e-05,0.00014956,0.0001063,8.505e-05
0.00010648,7.401e-05,0.00015131,0.00010025,0.0001148
0.000109651,8.907e-05,0.00013621,0.00010682,8.907e-05
0.000101911,7.816e-05,0.00012894,9.985e-05,0.0001082
0.000101061,7.75e-05,0.00011815,0.0001049,0.0001116
0.000108547,8.891e-05,0.00013826,0.00010563,9.98e-05
0.000110951,9.966e-05,0.00012518,0.000107895,0.0001076
0.000106434,8.241e-05,0.00015173,9.905e-05,0.00010947
0.000104331,7.86e-05,0.00012166,0.00010869,0.00012166
0.000123798,9.971e-05,0.00016039,0.00012155,0.0001274
0.000107764,8.609e-05,0.00012442,0.00010906,0.00012316
0.000117045,9.266e-05,0.00014917,0.000110015,0.00011141
0.00010574,9.433e-05,0.00012349,0.00010073,9.433e-05
0.000105986,8.851e-05,0.00011739,0.00010594,0.00011318
0.000104432,9.131e-05,0.00012887,0.00010119,0.00010195
0.000112579,9.657e-05,0.00014597,0.000103975,0.00010534
0.000111334,9.602e-05,0.00013288,0.000110365,0.000112
0.000113009,9.397e-05,0.00014094,0.000109795,0.00011444
0.000114391,9.639e-05,0.00015011,0.000107525,0.00010486
0.000112328,7.385e-05,0.00014553,0.000116015,0.00012029
0.000109056,9.267e-05,0.0001254,0.00010951,0.00010005
0.000112505,7.874e-05,0.00015659,0.000113075,0.00013011
0.000109118,9.096e-05,0.0001353,0.00010782,0.00011032
9.9382e-05,7.319e-05,0.0001281,9.8675e-05,8.956e-05
0.000114481,9.9e-05,0.00014077,0.000110725,0.00010774
0.000107965,9.153e-05,0.00014462,9.9745e-05,9.466e-05
0.000111445,9.468e-05,0.0001334,0.00011045,0.00010561
0.00010263,7.954e-05,0.0001202,0.000101805,9.291e-05
9.6838e-05,8.011e-05,0.00013155,9.2995e-05,8.824e-05
0.000107904,9.012e-05,0.00013667,0.00010631,0.0001087
0.000108096,9.17e-05,0.00012819,0.00010635,9.17e-05
0.000120966,9.51e-05,0.00015329,0.00012218,0.00015329
0.00011034,8.783e-05,0.00013936,0.000112895,0.00010909
0.000110438,9.342e-05,0.00013054,0.000109135,0.00013054
9.9965e-05,8.443e-05,0.00011405,0.000100815,0.00011405
0.0001172,8.819e-05,0.00015663,0.000109965,0.00010787
0.000113271,8.536e-05,0.00013828,0.000111665,0.00011981
0.000112183,9.099e-05,0.00013819,0.000109655,0.00010793
0.00011328,9.25e-05,0.00014758,0.00010749,0.00011209
9.9833e-05,7.046e-05,0.00013369,9.744e-05,0.00010496
0.000115406,0.00010208,0.00014488,0.000110335,0.00012613
0.000110549,8.313e-05,0.00015161,0.000102055,0.00010982
0.000106261,9.421e-05,0.00012359,0.000105795,0.00010501
0.000101844,7.64e-05,0.00013387,9.918e-05,0.00010911
0.000121095,9.088e-05,0.00017267,0.00010682,0.00017267
0.00010963,9.841e-05,0.00012826,0.00010858,0.00010378
0.000107071,8.715e-05,0.00012432,0.00010764,0.0001074
0.00010814,9.655e-05,0.00011997,0.00010735,0.00010985
0.000112151,9.828e-05,0.00013093,0.000110525,0.00010259
0.000115966,9.621e-05,0.0001317,0.00011563,0.0001317
0.000109504,8.447e-05,0.00014271,0.00010312,0.00010271
0.000127814,0.00010678,0.00016333,0.00012292,0.00016333
0.000104487,8.327e-05,0.00013248,0.000105955,0.00010186
0.000109194,0.00010011,0.00011712,0.000109355,0.0001065
0.000101886,6.899e-05,0.0001439,9.893e-05,0.00010903
0.000110401,9.277e-05,0.00013025,0.000110435,0.00012521
0.000111491,9.187e-05,0.00013586,0.000107515,0.00013063
0.000110259,9.608e-05,0.00013984,0.000106335,0.00010813
0.000101437,7.435e-05,0.00013005,0.00010108,0.0001103
0.000104611,7.612e-05,0.00012819,0.00010698,0.0001075
0.000112383,8.939e-05,0.00014607,0.00011002,8.939e-05
0.000104321,7.459e-05,0.00012279,0.000108725,0.00010704
0.000119966,9.649e-05,0.00016121,0.00011276,0.00016121
0.000100618,8.605e-05,0.00011953,0.000100805,9.8e-05
0.000121286,9.89e-05,0.00016474,0.00011242,0.00016474
0.000110191,9.573e-05,0.0001346,0.00010533,0.00010444
0.000112004,8.774e-05,0.00015287,0.000106315,0.00015287
0.000106051,8.532e-05,0.00012996,0.00010747,0.00010982
0.000107977,8.164e-05,0.000149,9.9285e-05,0.00010931
0.000113371,8.328e-05,0.00015717,0.000105705,8.328e-05
0.000105831,6.844e-05,0.00013363,0.00010738,0.00010835
0.000106099,8.971e-05,0.00011862,0.000107755,8.971e-05
9.8781e-05,8.893e-05,0.00011309,9.5765e-05,0.00010444
0.000114781,9.452e-05,0.00014861,0.00010807,0.00011973
0.000105724,7.841e-05,0.00012953,0.000105625,0.0001005
0.00010458,8.864e-05,0.00012335,0.000103375,0.00012335
9.981e-05,8.028e-05,0.00011266,0.00010091,9.647e-05
0.000108929,7.825e-05,0.00014492,0.0001055,0.00012049
0.000103273,9.082e-05,0.00011647,0.0001011,9.493e-05
0.000113249,9.133e-05,0.00014748,0.00010739,0.00014748
0.000113204,9.961e-05,0.00013869,0.00010906,0.00012417
0.000109105,8.655e-05,0.00012215,0.00011197,0.00012215
0.000122148,0.0001054,0.00015555,0.00011646,0.00012199
0.000109784,8.288e-05,0.00012379,0.0001126,0.00012379
0.000124482,9.891e-05,0.00015739,0.00012518,0.00013914
0.000111976,9.511e-05,0.00014023,0.00010899,0.00011875
0.000120409,9.906e-05,0.00014271,0.000121955,0.00011673
0.000103059,7.921e-05,0.0001321,0.000102525,0.00010493
0.000110075,9.967e-05,0.00012007,0.000108515,0.00010625
0.000104605,8.748e-05,0.00013752,0.00010019,0.00011556
0.000117654,9.692e-05,0.0001532,0.00011212,0.00011271
0.000110161,8.73e-05,0.00014697,0.00010426,8.73e-05
0.000107243,7.822e-05,0.00013535,0.000108695,0.00011277
0.000116443,9.122e-05,0.00015109,0.000111655,9.122e-05
0.000114004,7.527e-05,0.00014077,0.000119075,0.0001077
0.000116678,9.913e-05,0.0001484,0.0001091,0.0001484
9.8197e-05,8.172e-05,0.00011802,9.7745e-05,0.00010126
0.000108349,9.292e-05,0.00012892,0.000106655,9.608e-05
0.00010222,8.776e-05,0.00013177,9.789e-05,0.00010432
0.000112065,9.634e-05,0.00013783,0.0001081,0.00012644
0.000103251,8.404e-05,0.00014165,9.7435e-05,8.684e-05
0.000106505,7.057e-05,0.00013651,0.00010866,0.00012171
0.000109408,8.603e-05,0.00014366,0.00010726,0.00011425
0.000105652,8.606e-05,0.00013975,9.6625e-05,0.00010652
0.000119655,0.00010062,0.00014793,0.00011476,0.00014793
0.000103275,7.815e-05,0.00012137,0.000105005,9.506e-05
0.000111526,9.141e-05,0.00013934,0.000107275,0.00010491
0.000103262,8.996e-05,0.00011832,0.00010298,0.00011405
0.000119349,9.747e-05,0.00015371,0.00011646,0.00012134
0.00010131,8.58e-05,0.00012187,0.00010182,8.686e-05
0.000103136,9.131e-05,0.00012288,0.00010251,9.847e-05
0.000110964,9.142e-05,0.00014119,0.000106445,9.142e-05
0.000104741,7.282e-05,0.00012446,0.00011113,0.00011285
0.00011196,9.831e-05,0.00013914,0.000107225,0.00010035
0.000105431,7.549e-05,0.00014563,9.983e-05,0.00011838
0.000111791,9.114e-05,0.00014456,0.00010571,0.00011705
0.000104901,7.614e-05,0.00015038,0.00010055,0.00010917
0.000108255,0.00010039,0.00012058,0.000105825,0.00010596
0.000101496,7.703e-05,0.00014125,9.8165e-05,0.00010308
0.00010898,7.551e-05,0.00013593,0.000108985,0.00013509
9.9511e-05,8.782e-05,0.00011181,9.7635e-05,9.816e-05
0.000117706,9.187e-05,0.00014157,0.000114995,0.00014157
0.000103661,9.058e-05,0.00012033,0.000100685,0.00012033
0.000105046,8.985e-05,0.00012926,0.000101315,0.00010064
0.000106104,8.435e-05,0.00012737,0.0001089,0.00012737
0.000119776,7.38e-05,0.00016362,0.00012404,0.00011874
0.00011137,9.66e-05,0.00012878,0.00011093,0.0001008
0.000106222,7.264e-05,0.00014813,0.000105465,0.00011007
0.000111535,9.581e-05,0.0001405,0.000107755,0.00010871
0.00010074,7.492e-05,0.0001302,9.8365e-05,9.244e-05
0.000114341,9.203e-05,0.00015545,0.0001067,0.00010822
0.000104979,8.545e-05,0.00012979,0.000101225,0.00010144
0.000106775,8.605e-05,0.00012814,0.000107975,0.00010526
0.000107196,9.53e-05,0.00013083,0.000103675,0.00010382
0.00010083,8.493e-05,0.00011992,0.000103335,0.00010309
0.000115756,9.707e-05,0.00014371,0.00011184,0.0001226
0.000107559,7.551e-05,0.00012707,0.000112365,0.00011209
0.000122386,9.477e-05,0.0001591,0.000116645,0.0001591
0.00011007,8.616e-05,0.00014098,0.00011292,0.0001155
0.00011332,8.439e-05,0.00014762,0.000110415,0.00014762
0.000103032,8.447e-05,0.00011831,0.00010555,0.00010579
0.000119524,8.852e-05,0.00016561,0.000115485,0.00016561
0.000104751,9.273e-05,0.00012782,9.8805e-05,9.485e-05
0.000106871,8.404e-05,0.00012597,0.000110295,0.00011461
0.00011651,9.209e-05,0.00014166,0.000117255,0.00012371
0.000102546,7.974e-05,0.00013009,0.000105745,0.00011108
0.000105204,8.376e-05,0.0001304,0.000105155,8.376e-05
0.000107653,7.568e-05,0.00013894,0.000107485,0.00010605
0.000120836,8.562e-05,0.00016094,0.00011533,0.00016094
0.000105697,8.869e-05,0.00011756,0.000105485,0.00010778
0.00011667,9.065e-05,0.0001435,0.00011714,0.00013051
0.000104052,7.921e-05,0.00013546,0.000104485,0.00010675
0.000109291,9.858e-05,0.00012609,0.00010869,9.972e-05
0.000102349,8.138e-05,0.00013904,9.7525e-05,9.952e-05
0.000103314,8.556e-05,0.00011897,0.00010487,0.00011716
0.000101615,8.84e-05,0.00012834,0.00010038,0.00010338
0.000112312,9.615e-05,0.00014167,0.0001054,9.615e-05
0.000101703,8.196e-05,0.00013115,9.5515e-05,0.00010765
0.000111124,8.287e-05,0.000141,0.000112695,0.00011548
0.000101223,8.176e-05,0.00013274,0.00010143,9.862e-05
0.00010217,8.119e-05,0.00013759,9.4465e-05,8.746e-05
0.00011355,9.845e-05,0.00014505,0.00011089,0.00011365
0.000111415,0.00010255,0.00012389,0.000111205,0.00011737
0.000116387,8.33e-05,0.00015558,0.000115985,0.00015558
0.000109201,8.699e-05,0.00013427,0.00011055,0.00011518
0.000102776,7.47e-05,0.00012172,0.000108115,0.00012172
0.00010795,9.34e-05,0.00013189,0.000104355,9.34e-05
9.9165e-05,7.44e-05,0.00011562,0.00010099,0.00011429
0.000115854,8.636e-05,0.00015301,0.00011137,0.00010506
0.00010841,7.752e-05,0.00013519,0.00010835,0.0001269
0.000123808,9.273e-05,0.0001518,0.000120085,0.00011066
0.000112098,0.00010075,0.00013839,0.000105895,0.00013839
0.000111776,8.75e-05,0.00014553,0.00011066,9.497e-05
0.000106999,9.638e-05,0.00012312,0.00010616,9.967e-05
0.000105249,7.763e-05,0.00012717,0.000106405,0.00012717
0.000107446,9.279e-05,0.00012241,0.00010547,0.00011991
0.000101767,7.51e-05,0.00011963,0.000107665,0.00011963
0.000110486,9.529e-05,0.00012505,0.00011343,0.00012288
9.8766e-05,8.558e-05,0.00010935,9.915e-05,9.906e-05
0.000118664,0.00010215,0.00015468,0.000112865,0.00015468
0.000106352,8.545e-05,0.00013948,0.000103855,0.00010389
0.000121829,0.00010211,0.00015128,0.000119785,0.00015128
0.000109924,8.547e-05,0.00014229,0.000106355,0.00012263
0.000117841,9.295e-05,0.00015004,0.00011877,0.00015004
0.000104479,9.016e-05,0.00012313,0.000102775,0.00012313
0.000112866,9.393e-05,0.00012864,0.000110835,0.00011145
0.000102511,7.939e-05,0.00014329,9.8705e-05,8.451e-05
0.000108425,9.208e-05,0.00012499,0.000107625,0.00012499
0.000108278,9.726e-05,0.0001281,0.000104975,9.726e-05
0.000110725,8.505e-05,0.00013821,0.00010731,0.00013821
0.00010846,8.083e-05,0.00012467,0.000107755,0.00010441
0.000115358,8.965e-05,0.00013726,0.00011258,0.00012351
0.000118126,9.067e-05,0.00015407,0.000113285,0.00011286
9.8826e-05,7.188e-05,0.00012337,0.00010005,9.73e-05
0.000113264,9.66e-05,0.00014111,0.000108585,0.00010722
0.00010345,8.92e-05,0.00013328,9.7625e-05,9.07e-05
0.000114101,9.683e-05,0.00014807,0.000105715,0.00011918
0.000104334,8.103e-05,0.00014583,9.943e-05,8.103e-05
0.000104247,8.62e-05,0.00012241,0.00010462,0.0001023
0.000120049,9.592e-05,0.00016254,0.000114915,0.00012942
0.000107174,8.143e-05,0.00013988,0.000103455,0.00010853
0.000111034,8.834e-05,0.00014141,0.000108855,0.00012642
9.9809e-05,7.607e-05,0.00013085,9.7935e-05,0.00010248
0.00011303,9.18e-05,0.00014064,0.00011124,9.18e-05
0.00010694,8.413e-05,0.00012219,0.0001101,0.00012219
0.000117509,8.443e-05,0.00016134,0.000109955,0.00010342
0.000102522,8.826e-05,0.00011883,0.00010166,0.00011318
0.00010817,8.955e-05,0.0001512,0.00010068,0.0001512
0.000116914,9.973e-05,0.00012809,0.00011865,0.00012809
0.000109741,9.513e-05,0.000147,0.00010174,0.000147
0.00011997,0.00010211,0.00016003,0.000112905,0.00012062
0.000110185,9.324e-05,0.00013203,0.00010841,0.00012464
0.000128464,0.00010879,0.00016298,0.00012191,0.00016298
0.000114056,9.467e-05,0.00014702,0.000107465,0.00012485
0.000118594,9.764e-05,0.00016113,0.000106615,0.00016113
9.9264e-05,8.53e-05,0.00011811,9.846e-05,0.00010563
0.00011356,8.898e-05,0.00014851,0.000109105,8.898e-05
0.000106185,8.493e-05,0.00014445,0.000101085,0.00010975
0.000118091,0.00010103,0.00015016,0.00010967,0.0001232
0.00010247,8.139e-05,0.00013455,9.766e-05,0.00010128
0.000105639,7.841e-05,0.00014738,0.00010119,8.605e-05
0.000105164,8.059e-05,0.00013762,0.00010312,0.00010604
0.00011001,7.414e-05,0.0001456,0.000110205,0.00012445
0.000102819,9.025e-05,0.00013407,9.8995e-05,9.925e-05
9.911e-05,7.986e-05,0.00012125,9.6785e-05,0.00010389
0.000109128,9.152e-05,0.00013264,0.000104195,9.152e-05
0.000107716,8.009e-05,0.00012712,0.000107295,0.00011934
0.000110561,7.053e-05,0.00013424,0.000119345,0.00011643
0.000108679,8.96e-05,0.00013141,0.000105155,0.00012409
0.000103771,7.781e-05,0.00013502,0.00010037,0.00010247
0.00011485,9.09e-05,0.00014425,0.000114075,0.00012699
0.000110825,9.547e-05,0.00013555,0.00010703,0.00010891
0.000111741,9.539e-05,0.00013376,0.000108885,0.00011845
0.000102775,7.485e-05,0.00014531,9.4855e-05,0.00011319
0.00011722,9.433e-05,0.00014125,0.00011559,0.00014125
0.000102963,9.036e-05,0.00011879,0.00010458,0.00010607
0.000111409,7.974e-05,0.00015611,0.000105465,0.00015611
0.000102649,8.815e-05,0.00012622,9.527e-05,0.00010636
0.000121846,0.0001031,0.00013656,0.000122035,0.0001031
0.00010354,7.861e-05,0.00012006,0.00010539,0.00012006
0.000106998,8.463e-05,0.00013173,0.000107365,9.325e-05
0.000109606,9.415e-05,0.00012861,0.00011196,9.488e-05
0.0001079,9.611e-05,0.00013631,0.00010008,0.0001087
0.000119264,9.81e-05,0.0001452,0.000115335,0.00014132
0.000104489,8.923e-05,0.00012666,0.000102495,0.00010945
0.000105464,8.824e-05,0.00012046,0.00010496,9.738e-05
0.000104012,7.031e-05,0.00013914,0.000100685,0.00011712
0.00010133,8.174e-05,0.0001249,0.000100545,9.991e-05
0.00010113,7.892e-05,0.00014117,9.411e-05,0.00010395
0.000116536,0.00010017,0.00013077,0.000114145,0.00012936
0.000106481,8.555e-05,0.00013662,0.000103175,9.973e-05
0.000111661,9.469e-05,0.00013559,0.00010762,0.00013559
0.000109852,8.052e-05,0.00013712,0.00011023,0.00010576
0.000109241,7.777e-05,0.00013455,0.000112305,0.0001269
0.000110674,8.147e-05,0.00015542,0.000104605,0.00010183
0.000112896,8.565e-05,0.00013628,0.00011595,0.00012658
0.000107221,7.573e-05,0.00014125,0.000107835,0.00010466
0.000105541,7.344e-05,0.00014158,0.000103105,0.00011227
0.000106811,8.458e-05,0.00013988,9.904e-05,0.00013988
0.000104696,8.31e-05,0.00013241,9.9915e-05,9.833e-05
0.000104466,8.763e-05,0.00011537,0.00010544,9.775e-05
0.000108807,8.552e-05,0.00013653,0.000107385,8.552e-05
9.6841e-05,7.723e-05,0.00012688,9.5e-05,0.00012688
0.00011181,9.824e-05,0.00012698,0.000110865,0.00012316
0.000105936,8.514e-05,0.00012504,0.000106955,0.00012504
0.00010555,9.398e-05,0.00011566,0.000105475,0.00010025
9.892e-05,7.671e-05,0.00012752,9.806e-05,0.00010276
0.00010839,9.102e-05,0.00013152,0.00010945,0.00013152
0.000100425,8.797e-05,0.00012722,9.376e-05,0.00010995
0.000118,8.989e-05,0.00015129,0.000116525,0.00015129
0.000102184,8.569e-05,0.00012916,9.862e-05,0.00010887
0.000104393,8.211e-05,0.00011665,0.00010464,0.00011665
0.000125956,9.767e-05,0.00015749,0.000128945,0.00012678
0.000106355,8.963e-05,0.00013231,0.00010494,0.00013231
0.000106371,8.966e-05,0.00012709,0.00010462,0.0001163
0.000107601,8.537e-05,0.00012876,0.00010779,0.0001166
0.000109184,7.14e-05,0.00014319,0.00011249,0.00011646
0.0001061,9.182e-05,0.00013057,0.00010111,9.793e-05
0.000112052,9.297e-05,0.00013996,0.000107425,0.00010655
0.000103221,6.827e-05,0.0001531,9.7565e-05,8.498e-05
0.000118037,9.954e-05,0.00014646,0.000115395,0.00011779
0.000104903,8.277e-05,0.00013711,0.000100525,8.277e-05
0.00011048,7.851e-05,0.00014245,0.000112825,0.00011164
0.000114428,9.047e-05,0.00015556,0.00010678,9.047e-05
0.0001007,8.447e-05,0.00011517,0.000100455,0.00011288
0.000103466,8.412e-05,0.00012694,0.000103545,0.00010451
0.000111718,9.656e-05,0.00013066,0.00010912,9.656e-05
0.000110461,8.743e-05,0.00013898,0.000106815,0.0001077
0.000109115,8.166e-05,0.0001481,0.00010676,0.00011516
0.000108701,8.7e-05,0.00014319,0.00010592,0.00011803
0.00010269,7.133e-05,0.00014074,0.00010309,0.00010542
0.000111552,9.095e-05,0.00013442,0.00010903,0.00013442
0.000110801,8.895e-05,0.00012854,0.000111865,0.00011361
0.000119099,9.269e-05,0.00016619,0.000112875,0.00016619
0.000124111,9.942e-05,0.00015567,0.000122035,0.00013581
0.000101114,8.938e-05,0.00011909,9.7725e-05,0.00011909
0.000110589,9.784e-05,0.00012756,0.000108205,9.926e-05
0.000104536,8.821e-05,0.00011954,0.00010445,0.00011085
9.4961e-05,7.693e-05,0.00011932,9.5865e-05,9.567e-05
0.000111962,9.082e-05,0.00015076,0.00010478,9.082e-05
0.000108762,9.704e-05,0.0001235,0.00010822,0.00010652
0.000111905,8.536e-05,0.0001475,0.00010468,8.536e-05
0.000107889,9.755e-05,0.0001191,0.000107445,0.00010625
0.000110251,9.731e-05,0.00013278,0.00010579,0.0001071
0.000104934,7.986e-05,0.00012655,0.00010709,0.00010774
0.000111485,9.177e-05,0.00012519,0.00011121,9.177e-05
0.000101058,8.713e-05,0.00012307,0.00010065,0.00012307
0.000117039,9.629e-05,0.00015389,0.000114085,9.941e-05
0.000104238,8.273e-05,0.00012259,0.00010881,0.0001204
0.000124837,9.078e-05,0.00016265,0.000124335,0.00013023
9.7699e-05,8.525e-05,0.00011437,9.8185e-05,0.00010127
0.00011235,8.375e-05,0.00014871,0.00010961,0.00012074
0.000109592,7.683e-05,0.00014383,0.00010953,0.00012428
0.000115496,0.00010128,0.00012758,0.000116495,0.00012758
0.000109359,9.002e-05,0.00014095,0.000103525,0.00014095
0.000112525,8.818e-05,0.00013799,0.00011258,0.00010368
0.000118668,9.6e-05,0.00016038,0.00011272,0.00016038
0.000111641,9.689e-05,0.00013058,0.000108505,0.00011204
0.000107461,7.217e-05,0.00014832,0.000108265,0.00012276
0.000107151,7.313e-05,0.00013633,0.00010826,0.0001085
0.000108438,0.00010194,0.00011917,0.000108075,0.00010419
0.000101997,7.081e-05,0.00013707,9.982e-05,0.00010763
9.4711e-05,7.461e-05,0.00011959,9.224e-05,7.793e-05
0.000101701,7.582e-05,0.00012849,0.000101035,0.000106
0.000102736,7.26e-05,0.00012549,0.00010517,0.00012208
0.000108462,8.742e-05,0.0001413,0.00010303,0.00011058
0.000101714,7.412e-05,0.00012013,0.000104835,0.00011566
0.000108381,9.154e-05,0.0001311,0.00010904,0.00010783
9.9761e-05,7.625e-05,0.00012098,0.00010255,0.00012098
0.000120431,9.297e-05,0.00014615,0.000115745,0.00011341
9.3459e-05,7.579e-05,0.00011194,8.9985e-05,0.00010663
0.000112691,7.967e-05,0.00015556,0.00011106,9.548e-05
9.4763e-05,7.018e-05,0.00012394,9.2355e-05,0.00010029
0.00011151,9.44e-05,0.0001309,0.000107045,0.0001309
0.000109429,9.744e-05,0.00013539,0.000101255,0.00010006
0.000109603,8.526e-05,0.00012313,0.00011026,0.00012313
0.000113811,9.454e-05,0.00014441,0.000109835,0.00011672
0.000102986,8.865e-05,0.00012936,9.623e-05,0.00012936
0.000114554,9.64e-05,0.0001457,0.000111545,0.00011899
0.000112132,8.703e-05,0.0001331,0.000113305,0.0001331
0.00012214,9.415e-05,0.00016346,0.000114585,0.00011652
0.000109864,9.147e-05,0.00013056,0.00010916,0.00012024
0.000118416,9.985e-05,0.00014769,0.000111485,0.00011048
0.000109809,8.452e-05,0.00013709,0.000117075,0.00012978
0.000109712,9.38e-05,0.00013922,0.0001046,0.00010537
0.000101477,8.908e-05,0.0001123,0.0001014,8.908e-05
0.000106397,8.894e-05,0.00013786,0.000101615,0.00013786
0.000109909,8.725e-05,0.00014301,0.000109615,0.00011367
0.000103829,8.239e-05,0.00012782,0.00010366,0.00011127
0.000112225,9.592e-05,0.00014537,0.00010638,0.0001017
0.000114216,9.843e-05,0.00013445,0.00011202,0.00012467
0.000111872,8.786e-05,0.00012857,0.00011481,0.00010025
0.000112126,8.987e-05,0.00013358,0.000111085,0.00013358
0.000110469,9.273e-05,0.00014172,0.00010087,9.852e-05
0.000109015,8.807e-05,0.00014405,0.000102055,9.914e-05
0.000111661,9.457e-05,0.00013959,0.000103525,9.917e-05
0.000106097,8.836e-05,0.00011818,0.00010736,0.00011818
0.000110879,9.303e-05,0.00013433,0.000107195,0.00010489
0.000108824,8.544e-05,0.00013145,0.000110225,0.00010829
0.000101681,8.744e-05,0.00011495,0.00010238,0.00011481
0.000107499,8.961e-05,0.00012709,0.00010641,8.961e-05
9.9444e-05,7.445e-05,0.00012755,9.776e-05,0.00010606
0.000111267,9.278e-05,0.00012923,0.000109775,0.00012923
0.000112898,8.64e-05,0.00013076,0.000113695,9.775e-05
0.000120645,9.725e-05,0.00016062,0.000116525,0.00016062
0.000108541,9.647e-05,0.00012891,0.000104535,9.942e-05
0.000110808,9.572e-05,0.00013515,0.000107525,0.00011179
0.000105421,8.5e-05,0.00013548,0.00010181,0.00010221
0.000106921,9.279e-05,0.00012059,0.000106625,9.279e-05
0.000113815,9.86e-05,0.00014495,0.00010644,0.00010436
0.000110364,8.898e-05,0.00014103,0.000107005,8.898e-05
0.000123719,0.0001002,0.0001589,0.00011914,0.0001589
0.000112639,9.24e-05,0.00014125,0.00010643,0.00011039
0.000126002,0.00010168,0.00015414,0.000125385,0.00015414
0.000107605,8.304e-05,0.00012441,0.000106295,0.00010362
0.000110596,9.104e-05,0.0001302,0.00010889,0.0001302
9.799e-05,8.906e-05,0.00011372,9.549e-05,9.702e-05
0.000114838,0.00010253,0.00014318,0.0001078,0.00010253
0.000110024,8.821e-05,0.00015256,9.891e-05,0.0001108
0.000113694,9.54e-05,0.00013846,0.0001078,0.00012561
0.000105549,7.272e-05,0.00014597,0.00010529,0.00010741
0.000108635,7.547e-05,0.0001329,0.00011484,0.0001329
0.000115434,9.96e-05,0.00013467,0.00011822,0.00012112
0.000107751,9.058e-05,0.00014928,0.000101185,0.00014928
0.000117421,9.675e-05,0.00015088,0.000112705,0.00012532
0.000108453,9.208e-05,0.00013143,0.000107055,0.00013143
0.000107934,9.753e-05,0.00012814,0.00010291,9.976e-05
0.000105193,8.493e-05,0.00013133,0.000104095,0.00011611
0.000106494,9.212e-05,0.00012973,0.000104945,0.00010615
0.000108727,9e-05,0.00014577,0.00010172,0.00010943
0.000113874,8.969e-05,0.00014989,0.00010949,0.00010505
0.000110871,9.4e-05,0.00012513,0.00011053,9.647e-05
0.000109608,8.806e-05,0.00013121,0.000111405,0.00011703
0.000108766,9.482e-05,0.0001316,0.00010618,0.00012171
9.5449e-05,7.175e-05,0.00012064,9.837e-05,7.862e-05
0.000128857,9.257e-05,0.00018786,0.00012389,0.00018786
9.9829e-05,8.217e-05,0.0001155,0.000101595,0.00010572
0.000100624,9.302e-05,0.00010941,9.807e-05,9.625e-05
0.000110487,9.887e-05,0.00012439,0.000107285,0.00012145
0.000110665,9.501e-05,0.00013524,0.000106945,0.0001054
0.000110059,8.875e-05,0.00013409,0.0001085,0.00013409
0.000107584,7.868e-05,0.00013172,0.000108075,0.00010174
0.000119332,9.79e-05,0.00015449,0.00011637,0.00015449
0.000103956,9.374e-05,0.00013201,9.8275e-05,9.814e-05
0.000125531,0.00010674,0.00015627,0.00012336,0.00015627
0.000103101,9.276e-05,0.00011657,0.000102785,0.0001006
0.000116295,9.237e-05,0.00013826,0.0001158,0.00013477
0.000108461,8.322e-05,0.00013836,0.000107725,0.00010473
0.000109361,9.313e-05,0.00012965,0.00010967,0.00012965
9.9981e-05,8.551e-05,0.00012076,9.7805e-05,0.00010343
0.000113682,8.896e-05,0.00014111,0.000111395,0.00011309
0.000106426,8.297e-05,0.00013648,0.000101995,8.297e-05
0.000115592,0.00010143,0.00013168,0.00011551,0.00011467
0.000117837,9.48e-05,0.00015986,0.00010906,0.00015986
0.000118021,8.999e-05,0.00014336,0.000118595,0.00011493
0.000111495,8.963e-05,0.00014649,0.00010718,0.00012298
0.000100856,8.03e-05,0.00013078,9.692e-05,0.00010427
0.000106977,8.786e-05,0.00013768,0.000100865,0.0001005
0.000108907,7.894e-05,0.00014559,0.00010817,0.0001272
9.8702e-05,7.437e-05,0.00013543,9.5765e-05,0.00010654
0.000108489,8.508e-05,0.00015282,9.977e-05,9.384e-05
0.00010348,7.78e-05,0.00013189,0.000103065,0.00010318
0.000106381,8.325e-05,0.00014225,0.000101955,8.325e-05
0.00010916,7.653e-05,0.00014429,0.000111815,0.00011215
0.000117967,7.938e-05,0.00015787,0.000117195,0.00015787
0.000120879,9.605e-05,0.00014561,0.000125425,0.00012288
0.000130529,9.796e-05,0.00017259,0.000123435,0.00017259
0.00010739,9.073e-05,0.00012148,0.00011187,0.00011504
0.000105174,9.159e-05,0.000131,0.00010295,0.000131
0.000106882,9.384e-05,0.00012992,0.00010266,9.586e-05
0.000105701,8.868e-05,0.0001268,0.00010622,0.0001268
0.000109685,8.655e-05,0.00012932,0.00011024,0.00010957
0.000109039,7.693e-05,0.00013022,0.000114,0.00013022
0.000114106,8.75e-05,0.00012784,0.000117255,0.00011037
0.000104091,8.638e-05,0.00013089,0.00010112,0.00013089
0.000128195,9.862e-05,0.00016782,0.00012456,0.00011283
0.000103789,8.554e-05,0.0001191,0.00010619,9.389e-05
0.000106378,8.36e-05,0.00013085,0.00010342,9.183e-05
0.000114056,9.214e-05,0.00013525,0.00011612,0.00013525
0.000114207,7.83e-05,0.000158,0.00011133,0.00010545
0.000110965,8.665e-05,0.0001316,0.000110555,0.00011104
0.000110027,7.885e-05,0.00013118,0.000115495,0.00011595
0.000106813,8.403e-05,0.00013242,0.00011012,0.00013242
0.000114129,8.64e-05,0.00013909,0.00011064,0.00010912
0.000108676,9.192e-05,0.00013725,0.00010747,0.00013725
0.000120959,0.00010742,0.000149,0.00011243,0.00013471
0.000123829,9.78e-05,0.0001615,0.00012149,0.0001615
0.000111386,8.77e-05,0.00014587,0.000109265,0.00010977
0.000100201,9.077e-05,0.00010669,0.00010112,0.00010417
0.000101973,7.509e-05,0.00013032,0.00010026,0.00010569
0.000107299,9.354e-05,0.00013018,0.000106555,0.00011489
0.000108804,7.883e-05,0.0001442,0.00010667,0.00010248
0.000109445,9.701e-05,0.00012519,0.00010905,0.00011411
0.000110017,8.58e-05,0.00014427,0.00010855,0.00010637
0.000105945,8.116e-05,0.00013934,0.000104135,9.338e-05
0.000109737,9.375e-05,0.00013246,0.00010974,0.00010828
0.000106885,8.008e-05,0.00013988,0.000102765,9.366e-05
0.0001054,9.369e-05,0.00012609,0.000104995,0.00010504
0.000103544,7.696e-05,0.00013597,0.00010101,9.688e-05
0.00010349,9.483e-05,0.00011738,0.000103925,0.00010309
0.0001125,8.846e-05,0.00014734,0.00010986,0.00014734
0.000108093,8.223e-05,0.00013914,0.000105015,9.798e-05
0.000120506,9.995e-05,0.00015869,0.00011621,0.00015869
9.9271e-05,8.301e-05,0.00012038,9.77e-05,9.939e-05
0.000107396,9.812e-05,0.00011662,0.000106525,0.00010888
0.000100288,7.59e-05,0.00012353,0.00010199,0.00010739
0.000116804,9.452e-05,0.00015106,0.000112205,0.0001204
0.000102276,7.284e-05,0.00013466,0.000102,0.00011051
0.000109267,9.908e-05,0.00013043,0.00010847,0.0001035
9.9175e-05,8.117e-05,0.00012184,9.837e-05,9.998e-05
0.000107238,9.04e-05,0.00013192,0.000104805,9.04e-05
0.000108219,9.184e-05,0.00014109,0.00010113,0.00010297
0.00010312,7.667e-05,0.00012522,0.000106145,0.00011149
0.000108336,8.753e-05,0.00014284,0.00010224,0.00010604
0.000102986,8.007e-05,0.00013835,9.907e-05,9.009e-05
0.000112473,9.8e-05,0.00013891,0.00011094,0.00011171
0.000105046,8.012e-05,0.00013913,0.00010138,8.767e-05
0.000111097,9.643e-05,0.00013218,0.00011308,0.00011344
0.000104135,7.817e-05,0.00014035,9.9965e-05,8.894e-05
0.000106217,9.182e-05,0.00011922,0.00010498,9.182e-05
9.8569e-05,8.059e-05,0.00012548,9.237e-05,0.00010241
0.000105792,8.835e-05,0.0001213,0.00010635,8.835e-05
0.000101047,8.094e-05,0.00013954,9.2755e-05,0.00010383
0.000116637,9.815e-05,0.00014546,0.00011267,0.00012492
0.000107803,8.134e-05,0.00014966,0.0001012,0.00010807
0.000103393,8.188e-05,0.0001354,9.773e-05,9.609e-05
0.000111401,9.419e-05,0.00014523,0.000108455,0.00010821
0.000104369,8.286e-05,0.00013734,9.8335e-05,8.92e-05
0.000109027,9.554e-05,0.00013035,0.000108735,0.00010834
0.000101969,7.841e-05,0.0001363,9.8105e-05,9.273e-05
0.000103093,7.934e-05,0.00014212,0.00010043,0.00010595
0.000106399,8.414e-05,0.00013564,0.000104425,0.00010169
0.000101216,6.959e-05,0.00012126,0.000106115,0.00010473
0.000114965,9.239e-05,0.00015105,0.00010835,0.00010056
0.000115786,0.00010381,0.00012492,0.00011801,0.00010742
0.000110476,9.227e-05,0.00012621,0.000114245,9.833e-05
9.9415e-05,8.332e-05,0.00012666,9.2775e-05,9.352e-05
0.000119278,0.00010198,0.00013653,0.000119805,0.00013653
0.000103919,8.2e-05,0.00013059,0.00010223,9.842e-05
0.000108701,8.916e-05,0.00012194,0.000110125,0.00011056
0.00010022,7.772e-05,0.00013072,9.7505e-05,9.31e-05
0.000104898,9.203e-05,0.00011587,0.00010687,0.00010407
0.000105311,8.859e-05,0.0001309,0.00010385,0.0001309
0.000114099,8.801e-05,0.00014825,0.000110065,0.000102
0.000120281,0.00010142,0.00015697,0.00011616,0.00015697
0.000107349,8.283e-05,0.00012978,0.00010498,0.00010025
0.000122244,9.762e-05,0.00014837,0.00012126,0.00014837
0.00010372,8.206e-05,0.00013702,9.878e-05,9.805e-05
0.000114846,9.218e-05,0.00013405,0.000115635,0.00013405
0.000104555,8.994e-05,0.00013174,0.00010039,9.455e-05
0.000116467,9.876e-05,0.00014489,0.000116155,0.00014489
9.6559e-05,8.757e-05,0.00011522,9.413e-05,9.19e-05
0.000111273,9.387e-05,0.00013016,0.00011155,0.00010897
0.000100911,8.59e-05,0.00012579,9.6775e-05,9.303e-05
0.000103881,7.289e-05,0.00012778,0.000104815,9.852e-05
0.000104119,9.315e-05,0.0001185,0.00010252,9.539e-05
0.000109629,8.158e-05,0.00013108,0.000113965,0.00012721
0.000107536,9.434e-05,0.00012668,0.000103495,0.00010285
0.000112416,8.392e-05,0.00013657,0.0001143,0.0001276
0.000103976,9.006e-05,0.00012655,0.00010375,0.00010075
0.000109366,8.177e-05,0.00015121,0.0001045,9.383e-05
0.000110295,9.964e-05,0.00013209,0.000108575,0.00010974
0.000105565,8.104e-05,0.00013785,0.000102315,9.59e-05
0.000102415,8.853e-05,0.00012689,0.000101255,0.00010442
0.000117831,7.714e-05,0.00016684,0.000112325,0.00015432
9.7615e-05,8e-05,0.00011783,9.621e-05,9.608e-05
0.000111089,9.868e-05,0.00012743,0.000110665,9.868e-05
0.000102683,8.26e-05,0.00012829,0.00010132,9.868e-05
0.00011398,9.741e-05,0.00014441,0.00011069,0.00011304
0.000105766,7.863e-05,0.00013016,0.000108715,0.00010972
0.000118314,9.846e-05,0.0001574,0.00011195,0.00011346
9.9576e-05,7.761e-05,0.00012772,9.6785e-05,8.368e-05
0.000109596,9.087e-05,0.0001514,0.00010143,0.00011057
0.000106643,8.853e-05,0.0001299,0.000105875,0.00010359
0.000107163,8.657e-05,0.00012622,0.00010839,0.00010457
0.000102404,8.75e-05,0.00012089,0.00010319,0.00012089
0.000112899,8.242e-05,0.00014912,0.00011037,0.00010016
0.00010617,9.339e-05,0.0001144,0.000107715,9.844e-05
0.000100277,8.279e-05,0.00012022,0.000103375,8.902e-05
0.000118488,0.00010065,0.00015253,0.00011451,0.00011698
0.000108494,7.975e-05,0.00013275,0.00011071,0.00011315
0.000108085,9.336e-05,0.00013845,0.000102,0.00010536
0.000102615,7.413e-05,0.00013522,9.999e-05,9.034e-05
0.000106472,9.441e-05,0.00012067,0.00010602,9.979e-05
9.9804e-05,7.579e-05,0.0001278,9.8275e-05,9.576e-05
0.000107555,8.628e-05,0.00013348,0.000106515,9.995e-05
0.000105186,8.584e-05,0.00013687,0.00010183,9.963e-05
0.000106332,9.153e-05,0.00013107,0.00010246,9.153e-05
0.000111881,8.323e-05,0.00014815,0.000107755,0.00010922
0.000105993,8.494e-05,0.00013931,0.00010183,9.032e-05
0.000112084,9.636e-05,0.00014086,0.000110055,0.00011203
9.9361e-05,8.045e-05,0.00012845,9.4695e-05,9.095e-05
0.000112761,9.467e-05,0.00015391,0.00010551,0.00010703
0.000105318,7.352e-05,0.00014253,0.00010214,8.968e-05
0.000110596,8.782e-05,0.00014755,0.0001064,0.00010934
0.000108084,9.488e-05,0.00012747,0.00010321,0.00011029
0.000145593,8.683e-05,0.00019462,0.000150665,0.00016878
0.000103404,8.913e-05,0.00011467,0.00010428,0.00010199
0.00010567,8.957e-05,0.00013929,9.998e-05,9.702e-05
0.00011517,9.543e-05,0.000142,0.00011166,0.00011086
0.000106809,8.824e-05,0.00013459,0.0001051,0.00010521
0.000112905,9.907e-05,0.00013542,0.00011197,0.00011183
0.000100461,7.704e-05,0.00012735,9.8115e-05,8.606e-05
0.000106134,9.443e-05,0.00012543,0.00010378,0.00010665
0.000101089,7.612e-05,0.00012985,9.719e-05,8.937e-05
0.000108366,9.764e-05,0.00012373,0.00010687,0.00010579
0.000109298,7.912e-05,0.00013393,0.000112045,0.00013393
0.000112955,8.395e-05,0.00014945,0.00010807,0.0001005
0.000108141,8.91e-05,0.00013323,0.000104355,0.00013323
0.000103985,8.268e-05,0.00012997,9.955e-05,0.00010016
0.000116617,9.727e-05,0.00014185,0.00011605,0.00014185
0.000102474,8.164e-05,0.00012792,9.8995e-05,9.687e-05
0.000114574,8.981e-05,0.00013919,0.000115495,0.00013919
0.000105116,8.597e-05,0.00013034,0.000105595,0.00010208
0.00011865,8.772e-05,0.00015706,0.00011631,0.00015706
9.7261e-05,8.743e-05,0.00011472,9.4975e-05,9.498e-05
0.000119194,9.947e-05,0.00015259,0.00011499,0.00011195
0.000104494,8.507e-05,0.00012904,0.0001017,0.00010155
0.000107189,8.388e-05,0.00012752,0.000107315,0.00010301
0.00010057,9.315e-05,0.00012014,9.954e-05,9.358e-05
0.000106737,8.956e-05,0.00014085,0.000102555,9.061e-05
0.000112871,0.00010002,0.00013497,0.000111025,0.00011022
0.000108796,8.135e-05,0.00013423,0.000109315,0.00011624
0.000111241,9.49e-05,0.00013961,0.0001074,0.00010877
0.000104411,7.834e-05,0.00013986,0.00010049,9.251e-05
0.000108858,9.291e-05,0.00013657,0.00010496,0.00010832
0.00010385,8.022e-05,0.00013572,0.00010164,9.816e-05
0.000102614,8.808e-05,0.00011788,0.00010354,8.808e-05
0.000103759,7.892e-05,0.00014465,9.7515e-05,0.0001041
0.000103435,8.63e-05,0.00013114,9.871e-05,8.63e-05
0.000108045,8.236e-05,0.00015153,9.996e-05,0.00011014
0.000100875,8.001e-05,0.00013451,9.917e-05,8.311e-05
0.000114461,9.562e-05,0.00015332,0.000109975,0.00011497
0.000106394,7.763e-05,0.00012934,0.000109545,0.000115
0.000112779,9.265e-05,0.00014743,0.000104995,0.0001265
0.000112346,9.951e-05,0.00014164,0.00010664,0.00011151
0.000105966,7.574e-05,0.00018663,9.819e-05,8.516e-05
9.7713e-05,8.148e-05,0.00012072,9.783e-05,9.676e-05
0.000104014,7.615e-05,0.00014228,0.00010255,0.00011259
0.000111764,9.223e-05,0.00013723,0.00010644,9.223e-05
0.000106264,7.354e-05,0.00013194,0.00011221,0.00010625
0.000107025,8.752e-05,0.00011945,0.000109265,9.556e-05
0.00010413,9.017e-05,0.00012646,0.00010211,0.00010364
0.000114276,9.41e-05,0.00013903,0.00011475,9.787e-05
0.000109429,7.576e-05,0.00013237,0.00011291,0.00010663
0.000113272,9.515e-05,0.00013307,0.000112415,0.00012459
0.000104638,7.47e-05,0.00012961,0.000106465,0.00011181
0.000108246,9.575e-05,0.00011891,0.00010832,9.575e-05
9.8833e-05,8.419e-05,0.00012614,8.9885e-05,0.0001018
0.000109579,8.974e-05,0.00014408,0.000104595,8.974e-05
0.000103769,8.398e-05,0.00013624,9.9775e-05,0.00010321
0.00010701,9.287e-05,0.00013321,0.00010143,9.287e-05
0.000109853,8.477e-05,0.00015604,0.000100165,0.00010964
0.00010966,8.919e-05,0.00015165,0.000102065,9.066e-05
0.000111414,9.442e-05,0.00014459,0.00010792,0.00010907
0.000101794,7.908e-05,0.00013352,9.7515e-05,8.959e-05
0.00011211,9.58e-05,0.00014604,0.00010555,0.00010677
0.000104682,7.426e-05,0.00013911,0.00010412,0.00010171
0.000113119,9.74e-05,0.00014692,0.00010585,0.00010762
0.00010601,8.942e-05,0.00013625,0.000101785,9.083e-05
0.00011326,0.00010097,0.00013121,0.000110905,0.00013121
0.000104546,9.226e-05,0.00012773,0.00010265,9.226e-05
9.8047e-05,6.93e-05,0.00011561,0.000102985,0.00010047
0.000109101,9.587e-05,0.0001256,0.000106985,0.00010142
0.000108313,8.881e-05,0.0001262,0.00010839,0.00010254
0.000108509,9.417e-05,0.0001256,0.00010581,0.00010402
0.000100996,7.619e-05,0.00013468,9.7365e-05,0.00010425
0.00010965,9.414e-05,0.00014,0.000106375,9.422e-05
9.7525e-05,7.177e-05,0.00011888,9.8965e-05,0.00010343
0.000107765,9.055e-05,0.00013275,0.0001069,9.055e-05
0.000100504,8.544e-05,0.00012669,9.4295e-05,0.00010081
0.00010842,9.547e-05,0.00013429,0.00010446,0.00011139
0.000105913,8.402e-05,0.00013863,9.9165e-05,9.973e-05
0.000106043,8.805e-05,0.00013527,0.00010144,8.805e-05
0.000114522,9.621e-05,0.00014941,0.00010789,0.00010273
0.000103945,7.807e-05,0.00013277,0.00010322,9.466e-05
0.000121605,0.00010334,0.00015482,0.000116275,0.00011613
0.00010436,8.404e-05,0.0001354,9.855e-05,8.772e-05
0.000112439,9.768e-05,0.00013267,0.000111835,0.00011126
0.000107733,9.304e-05,0.00013321,0.000102125,9.507e-05
0.000111801,9.409e-05,0.00014999,0.00010281,0.00011306
0.000102322,8.409e-05,0.00013023,9.924e-05,0.00010328
0.000113879,0.00010064,0.00013224,0.000111845,0.00012673
0.000106601,9.343e-05,0.00012947,0.000106725,0.00010531
0.000113932,9.485e-05,0.00014012,0.00010955,0.00012126
0.000110504,9.415e-05,0.00014517,0.00010642,0.00010946
0.000104774,8.834e-05,0.00013668,9.9405e-05,8.846e-05
0.000105412,8.452e-05,0.00013332,0.000105445,0.00010404
0.000107357,8.344e-05,0.00013818,0.000103105,9.829e-05
0.00010793,9.37e-05,0.00013871,0.000102235,0.00010725
0.000104066,7.346e-05,0.0001455,0.00010018,9.188e-05
0.000103914,9.092e-05,0.00011651,0.00010573,0.00010633
0.000126223,9.115e-05,0.00016042,0.000125205,9.958e-05
9.3966e-05,7.672e-05,0.0001142,9.52e-05,9.727e-05
0.000108544,8.402e-05,0.0001534,0.000102025,9.004e-05
9.3804e-05,7.254e-05,0.00011392,9.6345e-05,0.00010381
0.000118714,9.587e-05,0.0001507,0.000112965,0.00012941
0.00010039,7.532e-05,0.00013042,0.00010048,0.0001056
0.000115595,9.395e-05,0.00014841,0.0001115,0.00010944
9.7996e-05,7.386e-05,0.00012462,9.734e-05,0.00010483
0.000109421,9.914e-05,0.00012113,0.000109075,0.00010678
0.000102849,8.896e-05,0.00012093,9.9835e-05,0.00010088
0.00010606,8.872e-05,0.00014252,9.975e-05,9.162e-05
0.000105241,8.497e-05,0.0001408,9.93e-05,0.00010392
0.000110536,9.361e-05,0.00012735,0.000111805,0.00012735
0.000115025,9.956e-05,0.00012888,0.00011613,0.00012796
0.000112876,8.716e-05,0.00013494,0.00011248,0.00013494
0.000109386,9.505e-05,0.00012975,0.00010836,9.505e-05
0.000110511,9.289e-05,0.00012468,0.00011013,0.00012468
0.00011341,9.254e-05,0.0001349,0.000113845,9.919e-05
0.000104464,8.005e-05,0.00013109,0.000102575,0.00013109
0.000112498,8.796e-05,0.00014541,0.00010959,9.705e-05
9.6598e-05,8.529e-05,0.00011752,9.145e-05,0.00010214
0.000110305,9.789e-05,0.00012465,0.00010929,0.00011636
0.00010077,7.926e-05,0.00013321,9.596e-05,0.00010198
0.000106625,9.279e-05,0.00013545,0.00010081,9.495e-05
0.000107699,9.477e-05,0.00014029,0.000100185,0.00010586
0.000113319,8.465e-05,0.00014126,0.00011409,0.00012072
0.000111816,8.969e-05,0.00015085,0.00010521,0.00011187
0.000105579,7.923e-05,0.00014473,9.836e-05,8.84e-05
0.000115904,9.632e-05,0.00015456,0.000108355,0.00011432
9.9858e-05,7.634e-05,0.00012911,9.762e-05,9.278e-05
0.000108748,9.771e-05,0.00013086,0.00010661,0.00010867
0.00010391,8.609e-05,0.00013084,0.00010159,0.00010169
0.000106627,7.618e-05,0.00014009,0.00010554,0.00010617
0.000116327,8.673e-05,0.00016171,0.000107895,8.673e-05
9.8454e-05,7.211e-05,0.00011583,0.00010385,9.969e-05
0.000109864,9.497e-05,0.00013188,0.00010907,9.814e-05
0.00010252,7.772e-05,0.00013304,0.00010191,0.00010105
0.000112028,9.853e-05,0.0001365,0.000110135,0.00011048
0.000101603,7.628e-05,0.00014459,9.372e-05,8.712e-05
0.000104371,8.698e-05,0.00013141,0.000103055,0.0001109
0.000100592,7.637e-05,0.0001325,9.876e-05,9.281e-05
0.000107243,9.646e-05,0.00011861,0.0001066,0.00010629
0.00011871,0.0001018,0.00014671,0.00011919,0.00014671
0.000112218,8.35e-05,0.00014379,0.000109805,0.00010084
0.000112957,9.231e-05,0.00013983,0.000105975,0.00013983
0.000104502,8.292e-05,0.00013072,9.9575e-05,0.00010079
0.000109141,9.529e-05,0.00013407,0.00010533,0.00013407
9.9591e-05,8.308e-05,0.00012455,9.7475e-05,9.783e-05
0.000120153,9.163e-05,0.00015682,0.000119365,0.00015682
0.000102365,8.413e-05,0.00012322,0.00010579,0.00010198
0.000114481,8.655e-05,0.0001381,0.00011414,0.0001381
9.4072e-05,8.475e-05,0.00011201,9.1965e-05,9.164e-05
0.00010796,7.978e-05,0.00013353,0.00010982,0.00010544
0.000102624,8.526e-05,0.00012794,9.917e-05,8.526e-05
0.000105569,7.735e-05,0.00013063,0.000106165,9.879e-05
0.000101755,9.041e-05,0.00011495,0.00010205,9.564e-05
0.000158242,8.493e-05,0.00021763,0.000167105,0.00014794
0.00010777,9.309e-05,0.00012426,0.00010812,9.839e-05
0.000108288,8.935e-05,0.0001332,0.000109855,0.0001332
0.000105446,9.568e-05,0.00012119,0.000104275,9.568e-05
0.000101599,7.955e-05,0.00013267,9.7545e-05,9.202e-05
0.000110373,9.545e-05,0.00013022,0.00010875,0.00010553
0.000102061,7.741e-05,0.00013545,9.81e-05,9.318e-05
0.000106201,9.654e-05,0.00011876,0.00010564,0.00010353
0.000112148,8.826e-05,0.0001472,0.00011093,0.0001472
0.000105277,8.601e-05,0.00011945,0.00010478,0.00010307
0.000128795,9.756e-05,0.00015591,0.000133385,0.00014022
8.9854e-05,6.975e-05,0.00011351,8.964e-05,9.604e-05
0.000114769,9.786e-05,0.0001514,0.00011123,9.839e-05
9.6493e-05,7.718e-05,0.00012143,9.387e-05,0.00010691
0.000112195,9.874e-05,0.00012423,0.000112525,9.894e-05
0.000107571,9.595e-05,0.00013093,0.000102995,0.00010295
0.000109129,9.531e-05,0.00012068,0.000109185,0.00012068
0.000106562,9.59e-05,0.00012437,0.00010263,9.766e-05
0.000115796,9.672e-05,0.0001294,0.000116645,0.0001294
0.000103779,9.083e-05,0.00011975,0.00010232,9.265e-05
0.00011442,9.045e-05,0.00014394,0.00011138,0.00014394
0.000106616,9.475e-05,0.00012148,0.00010719,0.00011115
0.000108778,7.91e-05,0.00014847,0.00010252,0.00014847
0.000113128,9.97e-05,0.00013766,0.000111955,9.97e-05
0.000106034,7.449e-05,0.00013177,0.000108945,0.00010965
0.000112507,9.652e-05,0.00013022,0.00011275,9.652e-05
0.000107923,7.703e-05,0.00015328,0.00010126,0.0001116
0.000110355,9.119e-05,0.00012628,0.000109485,9.119e-05
9.7253e-05,8.692e-05,0.00011487,9.2775e-05,0.00010579
0.000108486,9.729e-05,0.00012996,0.0001051,0.00010356
0.000104001,8.425e-05,0.00013538,9.904e-05,0.00010563
0.00010861,9.15e-05,0.00013229,0.000105345,9.15e-05
0.000113551,9.277e-05,0.0001475,0.00010694,0.0001475
0.000108808,8.519e-05,0.00014401,0.000103535,9.938e-05
0.000119556,9.515e-05,0.00013992,0.000118775,0.00013015
0.000105407,8.781e-05,0.00012785,0.000104765,0.00012785
0.000109744,9.226e-05,0.00012595,0.000107805,0.00010821
9.9705e-05,8.53e-05,0.00012421,9.7515e-05,0.00012421
0.000107244,8.849e-05,0.00012827,0.00010498,0.00010265
0.000105696,9.041e-05,0.00013116,9.9575e-05,0.00013116
0.000104649,8.233e-05,0.00012627,0.000103565,0.00010196
0.000108439,9.136e-05,0.00014232,0.0001072,9.136e-05
0.00010271,8.523e-05,0.00013321,9.757e-05,8.523e-05
0.000110397,9.554e-05,0.0001331,0.0001082,0.00011124
0.000103009,8.611e-05,0.00013305,9.9825e-05,8.611e-05
0.000109304,8.758e-05,0.00012822,0.000111,0.00011719
0.000100349,7.703e-05,0.00013556,9.6065e-05,8.085e-05
0.000108259,9.973e-05,0.00011479,0.000108965,0.00010412
0.000103656,8.676e-05,0.00013843,9.701e-05,8.676e-05
0.000109421,9.746e-05,0.00012384,0.000108755,0.00010557
0.000112339,8.673e-05,0.00014863,0.000108825,0.00014863
0.000115,8.406e-05,0.00015394,0.000108825,0.00010107
0.000123624,0.00010117,0.00016196,0.0001193,0.00016196
0.000103707,8.616e-05,0.00012438,0.00010199,9.872e-05
0.000103733,9.365e-05,0.00011512,0.00010311,0.00010746
0.000105035,7.486e-05,0.00013336,0.000107255,0.00012252
0.000113302,9.207e-05,0.0001302,0.00011165,0.00011182
0.000106575,8.441e-05,0.00012865,0.000108355,0.00012112
0.00011933,9.808e-05,0.00015906,0.00011189,0.00011218
0.000104246,8.453e-05,0.00013077,0.00010165,9.787e-05
0.000107036,9.785e-05,0.00012283,0.00010583,0.00010461
0.000109902,9.292e-05,0.00013302,0.000108425,9.292e-05
0.000103056,7.398e-05,0.00012499,0.000107535,9.512e-05
0.000108478,9.037e-05,0.00014654,9.9815e-05,9.318e-05
0.00011806,9.685e-05,0.00015202,0.00011326,0.00010738
0.000114442,8.94e-05,0.00014415,0.000110845,8.94e-05
0.000116205,9.002e-05,0.00014024,0.00011625,0.00010984
0.000108731,9.808e-05,0.00011895,0.00010884,0.00011345
0.000109808,9.016e-05,0.00013703,0.00010748,0.00010852
0.000112736,9.259e-05,0.00014189,0.00011101,9.259e-05
0.000100461,7.349e-05,0.0001307,9.7845e-05,0.00010669
0.000101664,8.473e-05,0.00012438,0.0001006,8.473e-05
0.000105928,8.229e-05,0.00014784,9.8505e-05,0.00010904
0.000103795,8.747e-05,0.00012324,0.000101065,8.747e-05
0.000106552,8.525e-05,0.00014525,9.9705e-05,0.00010531
0.000100834,8.59e-05,0.0001133,0.00010006,8.59e-05
0.000110795,9.47e-05,0.00013372,0.000108115,0.0001102
9.8477e-05,8.057e-05,0.0001299,9.3605e-05,8.288e-05
0.000116009,9.824e-05,0.00016419,0.00010626,0.00011273
9.7305e-05,7.802e-05,0.00012267,9.453e-05,8.436e-05
0.000112557,9.796e-05,0.00013092,0.00011005,0.00011077
0.000102496,7.897e-05,0.00013213,9.7145e-05,9.077e-05
0.000105471,8.408e-05,0.0001431,0.000102785,0.000104
0.000105705,8.135e-05,0.00013356,0.00010319,0.00010957
0.000110407,9.434e-05,0.00013218,0.0001067,0.00012108
0.000112401,9.66e-05,0.00014476,0.000106075,0.00010297
0.000109313,9.088e-05,0.00014213,0.000105745,0.00010892
0.000113489,9.961e-05,0.00014064,0.00010814,0.00011351
0.000104667,7.92e-05,0.00013454,0.00010541,0.00010301
0.000113342,0.00010235,0.00013498,0.000111075,0.00011928
0.000103976,7.542e-05,0.00013922,0.000100055,9.224e-05
0.000111176,9.111e-05,0.0001373,0.0001085,0.00010563
9.9212e-05,7.206e-05,0.00013095,9.8295e-05,9.173e-05
0.000107956,9.362e-05,0.00012639,0.000104555,9.824e-05
0.000108144,8.819e-05,0.00013424,0.00010362,0.00013424
0.000109706,8.421e-05,0.00014149,0.000106105,0.00010464
0.000113285,9.236e-05,0.00014779,0.00010904,0.00014779
0.000110565,8.325e-05,0.00014249,0.000107295,0.00010064
0.00010979,9.717e-05,0.00012423,0.000111165,0.00011952
9.5035e-05,8.44e-05,0.00011057,9.386e-05,0.00010162
0.00011249,8.35e-05,0.00015603,0.00010562,0.00011535
0.000106424,8.001e-05,0.00014436,9.929e-05,9.058e-05
0.000110109,9.752e-05,0.00014697,0.00010203,0.00010515
0.000108452,8.988e-05,0.00014295,0.00010252,9.38e-05
0.000100504,7.426e-05,0.00011727,0.000106005,0.00010515
0.00010368,8.844e-05,0.00013054,0.00010152,0.00013054
0.000111344,8.158e-05,0.00014499,0.000108585,9.962e-05
0.000122251,9.875e-05,0.00016412,0.000117695,0.00016412
0.000104873,8.335e-05,0.00013258,0.00010222,0.00010324
0.000111278,9.468e-05,0.00012526,0.000111095,0.00012526
0.00010479,8.274e-05,0.00013343,0.00010376,9.89e-05
0.00011804,9.288e-05,0.00014747,0.00011854,0.00014747
0.000101031,8.493e-05,0.00012587,0.00010041,9.481e-05
0.000111575,8.384e-05,0.00013364,0.000111525,0.00013364
0.000106823,8.668e-05,0.00012964,0.000105175,0.00010317
0.000104541,8.975e-05,0.00011983,0.000103815,8.975e-05
0.000107827,8.477e-05,0.00014064,0.0001034,0.0001028
0.000105896,9.263e-05,0.00013424,0.000100495,9.86e-05
0.000107099,9.465e-05,0.00012304,0.00010468,0.00010318
0.000111527,8.366e-05,0.00013982,0.00011655,0.00012607
0.000122499,0.00010092,0.00015622,0.000120565,0.00012052
0.00010347,8.271e-05,0.0001347,9.797e-05,8.766e-05
0.000120138,0.00010085,0.00015535,0.00011219,0.00011127
0.000109774,9.477e-05,0.00013598,0.00010488,9.477e-05
0.000111039,9.71e-05,0.00012651,0.000110195,0.0001081
9.3784e-05,8.581e-05,0.00010619,9.24e-05,0.00010619
0.000114036,9.357e-05,0.00015006,0.000107295,0.00010068
0.000101491,9e-05,0.00011123,0.00010307,0.00010866
9.6991e-05,7.822e-05,0.00011256,9.8485e-05,9.274e-05
0.000106359,9.211e-05,0.00011713,0.00011029,0.00011713
0.000105046,8.319e-05,0.00013968,0.00010364,0.00010587
0.000110471,9.129e-05,0.00012197,0.000111425,0.00011921
9.7631e-05,7.99e-05,0.00012017,9.6655e-05,8.11e-05
0.000104321,8.597e-05,0.00013325,0.00010387,0.00010212
0.000100575,7.653e-05,0.0001313,9.8465e-05,9.588e-05
0.000105083,9.644e-05,0.00011187,0.00010595,0.00010113
9.9809e-05,8.387e-05,0.00011544,0.000101095,9.973e-05
0.000108047,9.678e-05,0.0001229,0.00010611,0.00010426
0.000114141,8.87e-05,0.00014388,0.000109565,0.00014388
0.000102179,8.387e-05,0.00012165,0.000100035,9.758e-05
0.00011206,9.516e-05,0.00013014,0.000115655,0.00013014
0.000101388,8.487e-05,0.00012411,0.000101635,0.00010025
0.000112309,8.477e-05,0.00013703,0.00011269,0.00013703
0.000104352,9.133e-05,0.00012632,9.644e-05,0.0001193
0.000116408,9.652e-05,0.00015541,0.00010803,0.00011
0.000104127,8.969e-05,0.0001307,9.8125e-05,9.063e-05
0.000106408,7.845e-05,0.00012942,0.000108855,0.00010196
0.000106476,8.452e-05,0.00012047,0.0001055,0.00012047
0.000114228,8.89e-05,0.00013953,0.000108625,0.00010775
0.00011241,9.815e-05,0.00012693,0.00011244,9.815e-05
0.000114024,8.756e-05,0.00014954,0.000111195,0.00012417
0.000107284,9.461e-05,0.00012708,0.000104755,0.00010452
0.000104742,7.573e-05,0.00014817,0.00010268,8.012e-05
0.000115817,9.799e-05,0.00015333,0.000110505,0.00011301
0.000104889,7.481e-05,0.00014569,0.000103375,8.171e-05
0.000111059,9.908e-05,0.00012078,0.00011176,0.00011303
9.7155e-05,8.255e-05,0.00011105,9.6655e-05,0.00010254
0.000107993,8.71e-05,0.00013652,0.000104715,8.71e-05
0.000101594,7.871e-05,0.00013772,9.733e-05,0.00010551
0.000106775,9.133e-05,0.00012675,0.00010339,9.133e-05
0.000102337,8.497e-05,0.00013385,0.00010181,0.0001051
0.000115205,9.208e-05,0.00014536,0.000111605,0.00012287
0.000114746,9.793e-05,0.00014439,0.000111185,0.00011458
0.000105955,8.469e-05,0.00014239,0.000100085,9.108e-05
0.000113084,9.81e-05,0.00014835,0.000107085,0.00010996
0.000102956,7.594e-05,0.00014231,9.901e-05,8.75e-05
0.000117609,9.575e-05,0.00015197,0.000112285,0.00011053
0.00010256,8.247e-05,0.00012498,0.000102425,0.00010041
0.000102266,7.638e-05,0.00012216,0.000104925,9.987e-05
9.9928e-05,9.112e-05,0.00010534,0.000100435,0.00010177
0.000112504,9.707e-05,0.00012644,0.000113175,0.00012644
0.000106551,9.668e-05,0.00011875,0.000106935,0.00010263
0.000113436,9.33e-05,0.00014751,0.000113495,0.00014751
0.000113847,9.85e-05,0.00013736,0.000115015,9.992e-05
9.9881e-05,8.29e-05,0.00011655,9.831e-05,0.00010626
0.0001047,9.33e-05,0.00012552,0.00010412,0.00010226
9.9641e-05,7.907e-05,0.00012277,9.9165e-05,8.572e-05
0.000110503,9.489e-05,0.00013507,0.000107535,0.00010496
0.000103887,7.985e-05,0.0001418,9.6745e-05,9.594e-05
0.00010222,8.3e-05,0.00011923,0.000103635,9.919e-05
0.00011643,9.817e-05,0.00015219,0.000110715,0.00015219
0.000102427,8.603e-05,0.00012501,0.00010035,9.92e-05
0.000108286,8.926e-05,0.00012229,0.00011299,9.336e-05
9.9933e-05,8.443e-05,0.00012866,9.417e-05,9.14e-05
0.00011691,0.00010068,0.00014676,0.00011193,0.0001099
0.000102104,7.963e-05,0.00013689,9.771e-05,8.704e-05
0.000112016,0.00010215,0.00012637,0.00011064,0.00011283
0.000107295,7.408e-05,0.0001414,0.000107505,0.00011476
0.000110038,7.429e-05,0.00013553,0.0001166,0.00010943
9.9937e-05,8.816e-05,0.00012192,9.678e-05,9.917e-05
0.000105224,7.496e-05,0.00013214,0.000110745,9.925e-05
0.000104686,9.218e-05,0.0001278,0.000101815,9.218e-05
0.000109036,8.235e-05,0.00013577,0.000107675,0.00013577
0.000118251,0.00010002,0.00014983,0.000112995,0.0001158
0.000110263,9.078e-05,0.00013556,0.00010868,0.00013556
0.000110976,8.821e-05,0.00013313,0.00011247,0.00011215
0.000105685,8.101e-05,0.00012903,0.000104435,0.00012903
0.000106891,8.838e-05,0.00012239,0.00010619,0.00010698
0.000106724,9.422e-05,0.00012703,0.00010366,0.00011266
0.000106248,9.088e-05,0.00013671,0.000100145,0.00010605
0.00010677,7.685e-05,0.00014642,0.000103265,0.00010572
0.000102372,7.746e-05,0.00012508,0.00010138,0.00010135
0.000106549,8.496e-05,0.0001467,9.8455e-05,9.251e-05
0.000103133,7.478e-05,0.00012949,0.00010404,0.00010299
0.000117729,9.333e-05,0.00014524,0.000115875,0.00012717
0.00010528,7.475e-05,0.00013551,0.00010521,0.00010625
0.000114699,8.11e-05,0.00016405,0.000107495,0.00011273
0.000101187,8.721e-05,0.00012436,9.5295e-05,0.00010412
0.000107036,9.391e-05,0.00011359,0.00011032,0.00011359
0.000102235,8.419e-05,0.00011876,0.000101465,0.0001002
0.000110791,7.731e-05,0.00014508,0.000111495,0.00013718
0.000106736,8.977e-05,0.00013695,0.00010344,0.00010377
0.000112181,9.247e-05,0.00013273,0.000111825,0.00012838
0.000110832,8.837e-05,0.00013529,0.000110155,9.716e-05
0.000109292,7.703e-05,0.00014011,0.00011048,0.00011774
0.000116071,0.00010007,0.00014309,0.000112925,0.0001163
0.000107515,8.055e-05,0.00012996,0.000110525,0.00011346
0.000112544,9.113e-05,0.00014415,0.00011175,0.00011432
0.000104484,7.474e-05,0.00014621,0.000100215,9.171e-05
0.000112337,9.532e-05,0.00014454,0.00010881,0.00011004
9.8394e-05,7.841e-05,0.0001305,9.616e-05,9.75e-05
0.000113171,9.955e-05,0.00012768,0.000113755,0.00012768
0.000104001,9.139e-05,0.00012136,0.000100205,9.427e-05
0.00010719,9.249e-05,0.00013976,0.000101305,9.249e-05
0.000110125,8.715e-05,0.00015596,9.9945e-05,0.00010873
0.000106941,8.78e-05,0.00013784,0.00010387,0.00010428
0.000111952,0.00010013,0.00014711,0.00010474,0.00010499
0.00010348,8.415e-05,0.00013569,9.7005e-05,8.663e-05
0.00011102,8.595e-05,0.00015087,0.000107715,0.00010659
0.000104272,8.135e-05,0.00014581,9.7745e-05,8.521e-05
0.00010993,9.674e-05,0.00013728,0.00010465,0.00010759
0.000103829,9.013e-05,0.00012688,9.952e-05,9.163e-05
0.000103616,7.172e-05,0.00013971,0.00010877,0.00011006
0.000110619,8.586e-05,0.00014818,0.000101885,8.586e-05
0.000102421,7.088e-05,0.00013112,0.000105815,0.0001063
0.000116521,8.926e-05,0.00015682,0.00010941,8.926e-05
0.000104805,9.041e-05,0.00012287,0.000102905,0.00010261
0.000107096,9.262e-05,0.00012526,0.00010663,0.00010242
0.000102424,7.411e-05,0.00013041,0.000104565,0.00010635
9.7706e-05,7.769e-05,0.00012734,9.9675e-05,8.626e-05
9.3994e-05,6.831e-05,0.00012152,9.506e-05,0.00010066
0.000108601,9.638e-05,0.00013402,0.000105655,0.00010157
9.7311e-05,8.254e-05,0.00011622,9.3715e-05,9.459e-05
0.00010673,9.543e-05,0.0001201,0.0001049,0.0001201
0.000112071,9.575e-05,0.00013052,0.00010831,0.00012798
0.000106394,8.18e-05,0.000138,0.00010276,0.000138
0.000106301,9.699e-05,0.00011644,0.00010692,0.00010006
0.000112379,9.433e-05,0.00013946,0.000109555,0.00013946
0.000107116,8.93e-05,0.00012188,0.000107085,0.00010522
0.000101186,7.942e-05,0.00012799,9.789e-05,0.00012799
0.00010642,8.244e-05,0.00012524,0.0001075,9.651e-05
0.000102562,8.554e-05,0.00013232,9.708e-05,0.00010283
0.000112164,7.856e-05,0.00014525,0.000114685,0.00011278
9.4926e-05,7.863e-05,0.0001006,9.704e-05,9.303e-05
9.5055e-05,7.553e-05,0.00012129,9.6235e-05,9.613e-05
0.000103355,8.056e-05,0.00014147,9.624e-05,0.00010627
0.000112976,9.129e-05,0.00013885,0.000112985,0.00012339
0.000112939,9.464e-05,0.0001413,0.000109235,0.00010999
0.000113968,8.57e-05,0.00014404,0.000113565,0.00012745
0.000114536,9.767e-05,0.00015159,0.000108,0.00011197
0.000105223,7.861e-05,0.00013805,0.000101495,9.088e-05
0.000104355,8.498e-05,0.00013612,0.00010095,0.0001045
9.8409e-05,7.575e-05,0.00013183,9.3875e-05,9.012e-05
9.8261e-05,7.615e-05,0.00012091,9.887e-05,0.00010474
0.000103365,7.838e-05,0.00014528,9.8025e-05,9.115e-05
0.000102076,8.534e-05,0.00012698,0.000103045,0.00010417
0.00011049,8.768e-05,0.0001497,0.00010421,0.00010413
0.000100166,8.669e-05,0.00011363,9.8285e-05,0.00010022
0.000111905,9.53e-05,0.00013671,0.00011143,0.00011814
0.00010819,8.185e-05,0.00012939,0.00010861,0.00010573
0.000118474,9.942e-05,0.00014433,0.00011694,0.00013701
0.000103043,7.751e-05,0.00013354,0.000101715,0.00010885
0.000112847,9.704e-05,0.00013565,0.000113445,9.922e-05
0.000103783,8.657e-05,0.00013479,9.717e-05,0.00010212
0.000109406,8.726e-05,0.00014639,0.00010436,0.00011007
0.000107663,7.829e-05,0.00014049,0.000107865,0.00010273
0.000116464,8.056e-05,0.00014777,0.00011677,0.00010407
0.000121243,0.00010259,0.00013655,0.00011937,0.00013597
0.00010903,8.714e-05,0.00014999,0.00010537,0.00010094
0.000124376,0.00010104,0.00016507,0.000118365,0.00016507
0.000100115,8.947e-05,0.00011547,0.00010054,0.00010023
0.000110595,9.655e-05,0.00012838,0.00010817,0.00010254
0.000103506,8.008e-05,0.00014414,9.95e-05,8.659e-05
0.000105537,9.105e-05,0.00012019,0.00010712,9.982e-05
9.4535e-05,8.12e-05,0.00012233,9.0705e-05,9.591e-05
0.000106966,8.305e-05,0.00014455,0.0001028,0.00010755
0.000111073,8.467e-05,0.0001484,0.00010681,0.00010599
0.000109792,8.635e-05,0.00013685,0.00010933,0.00013685
0.000107333,8.733e-05,0.00012227,0.0001106,0.00011312
0.000112554,9.293e-05,0.00013609,0.000113225,0.00012418
0.000114872,9.844e-05,0.00014527,0.000111415,0.00011627
0.000107657,6.994e-05,0.00013418,0.000111595,0.00012796
0.000108244,8.736e-05,0.00014079,0.000105195,0.00011353
0.000104112,7.334e-05,0.00014006,0.00010155,9.369e-05
0.000110501,8.718e-05,0.00014264,0.000108955,0.00011407
0.000103865,8.432e-05,0.00013334,0.00010257,0.0001013
0.000111594,9.856e-05,0.00012196,0.00011156,0.00010226
0.000103081,9.293e-05,0.00012217,0.00010328,9.364e-05
0.000102484,7.946e-05,0.00012108,0.00010575,0.00011492
0.000107938,9.404e-05,0.00012464,0.000109275,0.00011054
0.000107566,8.093e-05,0.00014011,0.000109445,0.00011306
9.8845e-05,8.29e-05,0.00012442,9.435e-05,9.73e-05
0.000103533,7.269e-05,0.0001236,0.000106245,0.00012114
0.000109609,9.038e-05,0.00012087,0.00011005,0.00010913
0.000105341,7.962e-05,0.0001303,0.000107085,0.00011238
0.000113015,9.877e-05,0.00013187,0.00010826,0.00010737
0.000114465,9.986e-05,0.00013938,0.00011305,0.00013938
0.000108671,8.172e-05,0.00013962,0.000104705,0.00010211
0.000111764,9.402e-05,0.0001419,0.00010241,0.0001419
0.000101471,8.22e-05,0.00012553,9.8005e-05,0.00010099
0.000108197,9.051e-05,0.00012648,0.000107835,0.00012648
0.000104184,7.969e-05,0.00013111,9.8675e-05,9.643e-05
0.000117544,9.409e-05,0.00015507,0.000113925,0.00015507
0.000105204,9.188e-05,0.00012309,0.00010522,0.00012309
0.000108602,8.645e-05,0.00013142,0.00010689,0.00010042
9.955e-05,7.966e-05,0.00011501,9.9445e-05,9.721e-05
0.000113106,7.926e-05,0.00015021,0.000114155,0.00012785
0.000101749,8.19e-05,0.00013927,9.381e-05,0.00010481
0.000106741,9.706e-05,0.00013085,0.00010162,9.784e-05
0.000107015,8.59e-05,0.00014224,0.00010094,0.00010282
0.000112382,9.259e-05,0.00013982,0.000109085,0.00010998
0.000111194,9.408e-05,0.00013699,0.00010978,0.00011147
0.000101894,8.184e-05,0.0001352,9.6975e-05,9.043e-05
0.000115444,9.682e-05,0.0001492,0.00011042,0.00010865
0.000112386,7.919e-05,0.00014198,0.0001138,0.00013075
0.000111996,9.454e-05,0.00014923,0.00010496,0.00011027
0.000103637,7.882e-05,0.0001436,9.714e-05,7.882e-05
0.000109013,9.677e-05,0.00012324,0.00010852,0.00010829
0.000109915,8.294e-05,0.0001482,0.0001074,9.928e-05
9.6587e-05,8.139e-05,0.0001204,9.676e-05,9.999e-05
0.000114706,9.624e-05,0.00015173,0.000106955,9.624e-05
9.6305e-05,8.101e-05,0.00011084,9.862e-05,9.833e-05
0.000112701,7.953e-05,0.00015419,0.000114085,0.00012643
0.000101124,8.043e-05,0.00012912,0.000102125,0.00010623
0.000108855,9.912e-05,0.00013294,0.00010508,0.00010254
0.000102059,7.794e-05,0.00013898,9.967e-05,0.00010665
0.00011345,9.39e-05,0.00013144,0.000112825,0.00012741
0.000109106,9.009e-05,0.00013091,0.000108675,0.00010343
0.000116552,9.824e-05,0.00014819,0.000112455,0.00011815
0.000106378,8.575e-05,0.0001318,0.00010169,0.00010709
0.000107447,9.069e-05,0.00012474,0.00010844,0.00012135
0.000112553,9.482e-05,0.00012993,0.00011713,9.666e-05
0.000114839,8.567e-05,0.00014712,0.00011141,0.00014712
0.000108213,8.643e-05,0.00012412,0.000107165,0.00010306
0.000105452,7.872e-05,0.0001291,0.00010733,0.00010487
0.000110987,9.715e-05,0.0001279,0.000110795,9.715e-05
0.000100864,6.57e-05,0.00014511,9.757e-05,0.00011572
0.000103715,8.681e-05,0.00013434,9.845e-05,8.681e-05
0.000104231,8.75e-05,0.00013145,9.639e-05,0.00010632
0.000100156,7.669e-05,0.00012566,0.000103585,9.18e-05
0.00010911,8.878e-05,0.00013333,0.000107105,0.00010449
0.000112119,9.799e-05,0.00013515,0.000107505,0.0001222
0.000106685,7.961e-05,0.00014821,9.969e-05,0.00010218
0.000113745,9.273e-05,0.0001495,0.000105865,9.273e-05
0.000110926,9.038e-05,0.00014778,0.000104095,0.00011787
0.000108964,8.019e-05,0.00014605,0.000104425,9.499e-05
0.000112078,9.629e-05,0.00014739,0.000104405,0.00010489
0.000109013,6.885e-05,0.00013419,0.00011616,0.00012433
0.000115431,0.00010228,0.0001488,0.000108335,0.00011288
9.9865e-05,6.598e-05,0.00013057,0.00010245,0.00010377
0.000101025,7.356e-05,0.00013946,9.91e-05,9.854e-05
0.000112789,8.421e-05,0.00015511,0.000105575,0.00010802
0.00010511,8.774e-05,0.00012958,0.000100225,8.774e-05
0.000115096,9.413e-05,0.00014102,0.000109965,0.00011069
0.00010756,7.62e-05,0.00012629,0.000112055,0.0001241
0.000109791,9.309e-05,0.00013127,0.00010634,0.00011528
0.000101901,9.084e-05,0.00012828,9.5595e-05,0.00012828
0.00011366,8.9e-05,0.00014564,0.0001167,9.321e-05
0.000103671,8.917e-05,0.00013731,9.9125e-05,0.00013731
0.000117706,9.166e-05,0.00015484,0.00011537,0.00011751
0.000120733,9.507e-05,0.00015624,0.000123915,0.00015624
0.00011207,8.238e-05,0.00014957,0.00010828,0.00010016
0.000104496,9.6e-05,0.00012055,0.000100525,0.00012055
0.000105291,9.188e-05,0.00013401,9.656e-05,9.498e-05
0.000110294,9.771e-05,0.00012178,0.000110805,0.00012178
0.00010448,8.519e-05,0.00012982,0.0001029,0.00010556
0.000111465,8.903e-05,0.00013897,0.000112535,0.00013897
0.000102704,8.205e-05,0.0001255,0.000105395,0.0001039
0.000115914,8.33e-05,0.00014159,0.00011636,0.00014159
0.000117849,0.00010422,0.00012808,0.000120675,0.00012482
0.000110381,7.803e-05,0.00013895,0.00011609,0.00011051
9.7686e-05,8.33e-05,0.00011402,9.5675e-05,0.00010552
0.000104371,6.98e-05,0.00012774,0.000108875,0.00010407
0.000106587,9.271e-05,0.00013314,9.9445e-05,9.527e-05
0.000119028,9.808e-05,0.00014397,0.000118925,0.00010983
0.000111931,9.158e-05,0.00013343,0.000112375,9.679e-05
0.000107954,8.17e-05,0.00012792,0.00010941,0.00010689
0.000114655,9.507e-05,0.00014613,0.000111305,0.00012167
0.000103426,8.503e-05,0.00012915,9.6895e-05,0.00010622
0.000107777,9.16e-05,0.00012485,0.00010927,9.16e-05
0.000106789,9.135e-05,0.00013726,9.904e-05,0.00010355
0.00010462,8.908e-05,0.0001172,0.00010237,8.908e-05
0.000101664,8.798e-05,0.00011856,0.000102325,9.689e-05
0.00010413,8.927e-05,0.00012528,0.00010099,8.927e-05
0.000110342,8.192e-05,0.00015965,0.000100715,0.00010828
0.000100066,8.607e-05,0.00012361,9.848e-05,9.148e-05
0.000110725,8.798e-05,0.00014297,0.000106735,0.00010002
9.7525e-05,7.712e-05,0.00012275,9.418e-05,8.772e-05
0.00011903,0.00010129,0.00016163,0.00011059,0.00011353
0.000109979,7.57e-05,0.00013485,0.000114605,0.00012063
0.000117259,9.682e-05,0.0001497,0.00011197,0.00011399
0.000105876,8.491e-05,0.00014202,9.972e-05,9.418e-05
0.000111831,8.953e-05,0.00014562,0.000108435,0.00010658
0.000110529,8.471e-05,0.00014322,0.00010617,0.00012397
9.3054e-05,7.239e-05,0.00011676,9.482e-05,0.00010027
0.000114389,9.143e-05,0.00014963,0.00010902,9.143e-05
0.00010623,7.149e-05,0.00013967,0.00010943,0.0001098
0.000113257,0.00010001,0.000132,0.000114145,0.0001027
0.000108081,8e-05,0.000138,0.000109905,0.00012855
0.000117315,9.605e-05,0.00014035,0.000118935,0.00010746
0.000109476,7.445e-05,0.00013622,0.00011261,0.00012744
0.000114504,9.662e-05,0.00014636,0.000108175,0.00011689
0.000100435,8.019e-05,0.00012346,0.000100625,9.814e-05
0.000109436,9.067e-05,0.00013398,0.000107085,9.448e-05
0.00011257,9.164e-05,0.00014551,0.00010834,0.00014551
0.000105811,8.534e-05,0.00012583,0.000107725,9.748e-05
0.000110983,8.624e-05,0.00015151,0.00010404,0.00010381
0.000107739,8.626e-05,0.00012925,0.000109035,0.00012126
0.000112994,9.451e-05,0.00014867,0.0001085,0.00010103
0.000103466,8.342e-05,0.00013313,9.7215e-05,8.342e-05
0.00010539,8.12e-05,0.00013531,0.00010473,0.00010233
0.000112086,8.065e-05,0.00014188,0.00011304,0.00012481
0.000112839,8.477e-05,0.00015806,0.000106325,0.00011754
9.9684e-05,7.796e-05,0.00012616,0.000101455,8.345e-05
0.000102483,7.317e-05,0.00012735,0.000105545,0.00010726
0.000102078,8.127e-05,0.00012461,0.00010315,0.00010312
0.000111298,9.133e-05,0.00013776,0.00011078,0.00011235
0.00010704,8.32e-05,0.00015016,0.000103105,8.32e-05
0.000105248,7.126e-05,0.00013474,0.000105485,0.00010634
0.00011432,9.343e-05,0.0001452,0.00011304,9.343e-05
0.000107844,9.279e-05,0.00014308,9.818e-05,0.00010403
0.00011924,9.973e-05,0.00015537,0.000115105,0.00010647
9.6885e-05,7.551e-05,0.00012792,9.388e-05,0.00010065
0.00010834,9.451e-05,0.00011889,0.00010837,0.00010223
0.000113308,9.438e-05,0.00013116,0.00011447,0.00013116
0.000108314,8.61e-05,0.00014169,0.00010324,9.421e-05
0.000116466,0.00010041,0.00014427,0.00011145,0.00014427
0.000116611,9.12e-05,0.00015304,0.00011403,0.000113
0.000118617,9.992e-05,0.00013332,0.000120035,0.00012665
0.000104595,7.785e-05,0.00012804,0.00010636,0.00012804
0.000112417,9.224e-05,0.00013171,0.000112245,0.00011479
0.000103787,8.595e-05,0.00013045,9.993e-05,0.00013045
0.00012767,9.871e-05,0.00016353,0.000125175,0.00012843
0.000108179,9.621e-05,0.00013089,0.00010521,0.00013089
0.000111563,8.531e-05,0.0001309,0.000114895,0.00010295
0.00010822,8.182e-05,0.00013187,0.000108055,0.00013187
0.000116879,9.012e-05,0.00014669,0.000115585,0.00011093
0.000108699,8.975e-05,0.00012636,0.000108375,0.00012636
0.000115423,9.083e-05,0.00014295,0.00011728,0.00011647
0.000110009,8.835e-05,0.0001267,0.000112075,9.545e-05
0.000109135,9.424e-05,0.00013385,0.000106625,0.00010636
0.000106203,9.424e-05,0.00012513,0.000105505,9.424e-05
0.000100727,7.749e-05,0.00012572,0.00010035,0.00010825
0.000100217,7.491e-05,0.00011882,0.00010227,0.00011603
0.000100374,8.288e-05,0.00013177,9.324e-05,0.00010269
0.000104768,9.596e-05,0.00011408,0.00010611,0.00010821
0.000111775,9.152e-05,0.00014021,0.000109915,0.00011308
0.000101717,7.452e-05,0.00012524,0.000102285,0.00010835
0.000106421,8.581e-05,0.00014231,0.00010193,0.00010588
9.9553e-05,7.396e-05,0.00012506,9.779e-05,8.363e-05
0.000118689,9.707e-05,0.00015265,0.00011775,0.00015265
0.000102519,8.261e-05,0.0001359,9.7045e-05,9.953e-05
0.000109924,8.994e-05,0.00012686,0.000110765,9.941e-05
0.000103821,8.422e-05,0.00012104,0.000102855,0.00010225
0.000107934,8.514e-05,0.00014104,0.000104515,8.514e-05
0.000101244,8.566e-05,0.00012883,9.7835e-05,9.831e-05
0.00010122,7.702e-05,0.00012006,0.00010438,0.00012006
0.00010518,9.168e-05,0.00012194,0.00010383,0.00010389
0.00011108,9.203e-05,0.00013937,0.000105935,0.00012146
0.000110792,9.709e-05,0.00013097,0.00010813,0.0001018
0.000107657,7.97e-05,0.00013909,0.0001082,0.00012091
0.000108414,9.479e-05,0.0001198,0.000107805,0.0001171
0.00010433,8.515e-05,0.00013646,0.00010032,0.00010249
0.000119339,9.347e-05,0.00015576,0.00012034,0.00015576
0.000106759,8.375e-05,0.0001431,9.872e-05,0.00011941
0.000115746,9.063e-05,0.0001504,0.000110115,0.0001504
9.7046e-05,8.585e-05,0.00010759,9.655e-05,9.354e-05
0.000110564,9.763e-05,0.0001367,0.000105345,0.00010336
9.9031e-05,7.216e-05,0.00013703,9.3675e-05,0.00010451
0.000115676,9.697e-05,0.00014216,0.00010979,0.00012184
0.000108369,8.417e-05,0.00014129,0.000108205,0.00010822
0.00010616,7.928e-05,0.00013993,0.0001088,0.00011113
0.000108505,8.117e-05,0.00013633,0.0001099,9.618e-05
0.000109446,7.538e-05,0.00013569,0.00011355,0.00013569
0.00010598,9.077e-05,0.00011927,0.000106095,0.00011737
0.000107745,8.425e-05,0.0001302,0.000111445,0.00012457
0.000106836,7.707e-05,0.00013594,0.00010378,9.482e-05
0.00011574,9.459e-05,0.0001462,0.00011177,0.0001462
0.000114938,9.795e-05,0.00015333,0.000105865,0.00010413
0.000111772,8.607e-05,0.00014212,0.000111025,0.00011442
0.000108929,9.713e-05,0.00012284,0.000109985,0.00010955
0.00010726,9.116e-05,0.00012372,0.000107585,0.0001146
9.6156e-05,6.649e-05,0.0001256,9.679e-05,9.996e-05
0.000110236,8.915e-05,0.0001382,0.00010691,0.00010058
0.000103971,7.55e-05,0.00012898,0.00010761,0.00010056
0.000108232,8.755e-05,0.00011843,0.00011134,0.00011843
9.4826e-05,7.865e-05,0.0001203,9.06e-05,9.076e-05
0.000106826,9.246e-05,0.00012645,0.00010521,0.00011102
0.00010217,8.037e-05,0.00011764,0.000104105,0.00011642
0.000105255,8.069e-05,0.00012414,0.000104875,0.00010075
0.000117483,0.00010007,0.0001431,0.000114005,0.0001431
9.7908e-05,8.597e-05,0.0001087,9.8525e-05,0.0001087
0.000106195,7.971e-05,0.00015351,9.8545e-05,0.00011335
0.000101688,7.307e-05,0.00012836,0.000102125,9.737e-05
0.000117219,9.6e-05,0.00015716,0.00011304,0.0001163
0.000110679,9.446e-05,0.00011881,0.00011533,0.00010675
0.000111543,8.862e-05,0.00012361,0.00011147,0.00010584
0.000101046,7.472e-05,0.00012996,9.8795e-05,9.426e-05
0.000114305,9.777e-05,0.00014026,0.000110845,0.00010894
0.000105696,8.005e-05,0.00014046,0.000104615,8.005e-05
0.000104922,7.66e-05,0.00013406,0.000103575,9.566e-05
0.000114356,8.78e-05,0.00013664,0.00011324,0.00012396
0.000103144,7.737e-05,0.00014494,9.4365e-05,0.0001098
0.000102301,7.645e-05,0.00013294,9.904e-05,0.00012047
0.000107574,9.33e-05,0.00013281,0.00010212,0.00010841
0.000101221,7.464e-05,0.00013313,0.00010047,0.00010931
0.000118813,0.00010194,0.00013596,0.00011858,0.00010689
0.00011127,9.364e-05,0.00014828,0.00010715,0.000108
9.9278e-05,8.772e-05,0.00012494,9.1265e-05,0.00010127
0.000112068,9.017e-05,0.0001473,0.00010658,9.017e-05
0.000110105,8.659e-05,0.00014736,0.00010627,0.00010967
0.0001061,9.225e-05,0.00012693,0.00010484,9.225e-05
0.000114337,8.849e-05,0.00015479,0.000107315,0.00010891
0.000102136,8.322e-05,0.0001295,9.6005e-05,9.091e-05
0.000109305,9.614e-05,0.00013455,0.00010829,0.00011327
9.2499e-05,7.492e-05,0.00010611,9.333e-05,9.43e-05
0.000117687,0.00010005,0.00015773,0.000112605,0.00011506
0.000101166,7.979e-05,0.00012813,0.000101965,0.00012813
0.000110933,9.275e-05,0.00014184,0.000103245,0.00010425
0.000106241,8.959e-05,0.00012646,0.000106175,9.21e-05
0.000105643,9.46e-05,0.00011919,0.00010413,0.0001034
0.0001101,9.14e-05,0.00012902,0.00010591,0.00012062
0.000105208,7.093e-05,0.00013324,0.000108265,0.00010146
0.000111561,8.896e-05,0.00013737,0.00011331,9.402e-05
0.000109275,7.135e-05,0.00014636,0.000107645,9.754e-05
0.0001133,8.343e-05,0.00013437,0.000113195,0.00013437
0.000105149,8.791e-05,0.00012049,0.00010577,0.0001066
0.000110699,9.315e-05,0.00013106,0.000110995,0.00011379
0.000100191,7.542e-05,0.0001378,9.5765e-05,0.00010284
0.000110791,9.304e-05,0.00013112,0.000109765,0.00010313
9.3778e-05,7.098e-05,0.00010901,9.818e-05,0.00010901
0.000116103,8.72e-05,0.00014953,0.000112645,0.00010485
0.000112314,9.206e-05,0.00014675,0.000105325,0.00014675
0.000102506,9.219e-05,0.00011313,0.00010305,0.00010266
0.000106746,8.043e-05,0.00014122,0.000100375,8.043e-05
0.000112255,7.732e-05,0.0001388,0.00011555,0.00011349
0.000119168,9.255e-05,0.0001401,0.000123565,0.00010968
0.000101194,8.452e-05,0.00012584,9.7725e-05,9.824e-05
0.000109215,9.237e-05,0.00014122,0.00010537,9.88e-05
0.00010905,7.769e-05,0.00014397,0.000109965,0.00011916
0.000109462,8.87e-05,0.0001547,9.8225e-05,0.00010953
0.000108584,8.835e-05,0.00013752,0.000102425,8.835e-05
0.000102003,7.369e-05,0.00012262,0.000105645,0.00010047
0.000106558,8.535e-05,0.0001245,0.000106995,0.0001245
0.0001133,8.852e-05,0.00014406,0.00010911,0.00010221
0.000115495,8.497e-05,0.00014815,0.00011402,0.00014815
0.000100359,8.761e-05,0.0001181,9.8165e-05,9.346e-05
0.000107997,9.203e-05,0.00012408,0.000106125,0.00010448
0.000106232,8.707e-05,0.00014464,9.813e-05,0.00014464
0.000103956,9.006e-05,0.00012698,0.000105345,9.436e-05
0.000109854,9.119e-05,0.00013108,0.000108495,0.00013108
0.000104456,8.589e-05,0.00013075,9.856e-05,9.856e-05
0.000102336,8.706e-05,0.00012504,9.7645e-05,0.00012504
0.000114625,8.963e-05,0.00014504,0.000117595,9.529e-05
0.000106101,8.891e-05,0.00013289,0.00010337,0.00013289
0.000109202,8.873e-05,0.000146,0.000103285,0.00010559
0.000106285,8.689e-05,0.00012395,0.00010827,9.182e-05
0.000111644,8.984e-05,0.00013202,0.000113065,0.00010213
0.000103134,8.131e-05,0.00011955,0.000103385,9.486e-05
0.000112234,9.512e-05,0.00013646,0.00011073,0.00012635
0.000111785,9.625e-05,0.0001262,0.00011317,0.00011258
0.000102715,8.122e-05,0.00012571,0.00010372,0.00010746
0.000111422,8.894e-05,0.00014476,0.00010622,0.00014476
0.000105161,8.937e-05,0.00012372,0.00010464,9.855e-05
0.000112665,9.277e-05,0.00014927,0.00010855,0.00014927
0.000109316,8.761e-05,0.00012422,0.000112235,0.00011492
0.000112939,9.308e-05,0.00014169,0.0001089,0.00014169
0.000109343,9.783e-05,0.00013017,0.00010482,9.955e-05
0.000105845,8.057e-05,0.00013643,0.000106855,0.00011746
0.000115414,8.364e-05,0.00015098,0.000112325,0.00011809
0.000110815,7.896e-05,0.00014177,0.000112765,0.00014177
0.000116544,0.000102,0.00015162,0.00011285,0.00015162
0.000105128,8.371e-05,0.00013375,0.00010634,0.00010797
0.000105448,8.783e-05,0.00012614,0.00010813,0.00011242
0.000108829,8.557e-05,0.00013744,0.00010523,0.00010946
0.000106246,7.654e-05,0.00013994,0.00010673,0.00013994
0.000112584,8.953e-05,0.00013803,0.000106515,0.0001004
9.9079e-05,8.504e-05,0.00011879,9.8885e-05,8.884e-05
0.000108948,9.464e-05,0.00012457,0.0001088,9.757e-05
0.00010043,7.944e-05,0.00013626,9.1545e-05,8.663e-05
0.000110533,7.884e-05,0.00014147,0.000109895,9.925e-05
0.000105473,8.008e-05,0.00015149,9.5905e-05,8.068e-05
0.000111824,7.205e-05,0.00015209,0.00011532,0.00011082
0.000106652,9.407e-05,0.00012967,0.0001013,9.407e-05
0.000109416,9.631e-05,0.00012762,0.000106715,0.00012343
0.000114062,9.182e-05,0.00014934,0.00011112,0.00011796
0.000108382,8.511e-05,0.00012512,0.00010749,0.00012422
0.00011791,0.00010185,0.00015179,0.00011321,0.00011852
0.000105484,8.777e-05,0.00013177,0.00010115,8.777e-05
0.00011676,0.00010326,0.00014737,0.00011156,0.00011229
0.000102,7.139e-05,0.00014074,9.931e-05,9.09e-05
0.000113851,8.933e-05,0.00014585,0.00011191,0.00011206
0.000104541,8.789e-05,0.00012841,9.98e-05,8.789e-05
0.000110121,9.321e-05,0.00013181,0.000109985,0.00010501
9.9854e-05,7.031e-05,0.00013145,9.907e-05,9.535e-05
0.000108301,8.804e-05,0.00013146,0.00010808,0.00010781
0.00011775,9.533e-05,0.00016017,0.000110445,0.00016017
0.000110291,9.329e-05,0.00013268,0.000111315,0.00011145
0.000109568,9.088e-05,0.0001292,0.00011089,0.00010876
0.000106292,8.2e-05,0.00013175,0.0001045,0.00013175
0.000106884,9.291e-05,0.0001212,0.00010683,9.796e-05
0.000104914,8.076e-05,0.00013273,0.000106905,0.00013273
0.000100889,9.03e-05,0.0001224,9.867e-05,9.63e-05
0.00010887,8.14e-05,0.00016097,0.00010101,9.125e-05
0.000113095,9.853e-05,0.00014495,0.000108365,0.00010964
0.000112141,7.678e-05,0.00014386,0.00011732,0.00013032
0.000111427,9.242e-05,0.0001461,0.00010439,0.00011507
0.000111127,7.375e-05,0.00014242,0.000115705,0.00013164
0.000109555,9.687e-05,0.00012692,0.000107325,0.00010718
0.00011578,9.877e-05,0.00015373,0.00010942,9.877e-05
0.000108596,7.511e-05,0.00013068,0.00011373,0.00011031
0.000110379,9.407e-05,0.00012069,0.000113165,9.865e-05
0.000107643,9.262e-05,0.0001258,0.000106635,0.0001258
0.000109295,8.778e-05,0.00012686,0.00010745,0.00010729
0.000102223,7.899e-05,0.00012703,0.0001,0.00010332
0.000100445,7.391e-05,0.00012049,0.000101715,0.00012049
0.000115314,9.936e-05,0.00014526,0.00010843,0.00012593
0.000117859,9.162e-05,0.00015364,0.000114465,0.00015364
0.000106463,9.659e-05,0.0001228,0.00010376,0.00010386
0.000100024,8.724e-05,0.00011774,9.856e-05,0.00011774
0.000110315,8.754e-05,0.00012999,0.00011321,9.415e-05
0.00011646,0.00010285,0.00013693,0.000115105,0.00010642
0.000114805,9.167e-05,0.00013932,0.00011602,0.00013932
0.000105726,8.605e-05,0.00014801,0.00010057,0.00010327
0.000106735,8.432e-05,0.0001219,0.000108945,0.00011782
0.000102325,8.7e-05,0.00011883,0.000106585,0.00010671
0.00012115,9.865e-05,0.00016151,0.00011508,0.00011709
0.000103136,7.473e-05,0.00013957,0.00010141,9.935e-05
0.000105966,9.092e-05,0.00012296,0.00010685,0.0001057
0.000105961,7.624e-05,0.00015097,9.9735e-05,9.732e-05
0.000108196,8.527e-05,0.00013058,0.00011223,9.602e-05
0.00011464,8.757e-05,0.00013634,0.000116205,0.00010076
0.000114066,8.33e-05,0.00014483,0.000114935,0.00012807
0.00010794,8.9e-05,0.00014072,0.00010151,9.62e-05
0.000102378,8.83e-05,0.00012454,9.8045e-05,0.00011647
9.3212e-05,7.408e-05,0.00011989,9.405e-05,0.00010134
0.000110419,8.405e-05,0.00013506,0.00011156,0.00011862
0.000102156,8.493e-05,0.00011856,0.00010193,0.00011504
0.000109158,8.753e-05,0.000131,0.000109735,0.00010008
0.000108226,9.361e-05,0.0001279,0.000108015,0.00012087
0.000107081,9.411e-05,0.00011844,0.000108935,0.00011543
0.00010456,6.851e-05,0.00013433,0.00010902,0.0001058
0.000117258,9.409e-05,0.00014827,0.00011259,0.00014827
0.000101331,8.451e-05,0.0001242,9.9975e-05,9.919e-05
0.000113822,9.809e-05,0.00012901,0.00011211,0.00012808
9.3295e-05,6.83e-05,0.00011749,9.375e-05,9.793e-05
0.000113366,9.43e-05,0.00013889,0.000111905,0.00011325
0.000106699,8.112e-05,0.00013466,0.000103895,0.0001094
0.000105541,8.979e-05,0.00013484,9.909e-05,8.979e-05
0.000112802,9.558e-05,0.00013516,0.000111855,0.00010342
0.000113641,9.947e-05,0.00013849,0.000110495,0.00012388
0.000107473,9.538e-05,0.00012322,0.00010461,0.00010553
0.000105718,8.743e-05,0.00012794,0.000103485,0.00012794
0.000112491,9.766e-05,0.00013125,0.00011228,9.766e-05
0.000110516,9.198e-05,0.00013501,0.00010774,0.00012319
0.000112886,8.272e-05,0.00013924,0.00011505,0.00011153
0.000105854,7.518e-05,0.00013286,0.00010539,0.00012428
0.000110167,9.303e-05,0.00013629,0.000109895,9.95e-05
9.9208e-05,8.012e-05,0.00013134,9.4855e-05,0.00010129
0.000109489,9.561e-05,0.00013151,0.000108315,0.00011874
0.000108816,8.844e-05,0.0001433,0.000103785,0.00011455
0.000110832,8.623e-05,0.00013537,0.00010993,0.0001352
0.000106386,9.079e-05,0.00011623,0.000110595,0.00011495
0.000111591,9.617e-05,0.00013088,0.00011213,0.00010278
0.000107303,9.019e-05,0.00012983,0.000103145,9.913e-05
0.00010077,7.866e-05,0.00012386,9.968e-05,0.00010472
0.000112984,9.258e-05,0.00014974,0.000106155,0.00011287
0.000103375,8.3e-05,0.00013023,0.000102815,0.00010422
0.000107046,9.533e-05,0.00012263,0.00010505,0.00010599
0.000121384,8.606e-05,0.00015238,0.00012474,0.00015238
0.00010849,7.98e-05,0.00014364,0.000103945,0.00010407
0.000114541,9.333e-05,0.00013646,0.000113555,0.00013646
0.000108685,8.33e-05,0.00012515,0.00011048,0.0001107
0.000111609,9.359e-05,0.00013051,0.00010809,0.00012705
0.000106044,7.253e-05,0.00013335,0.000109645,0.00010675
0.000109385,8.839e-05,0.00014623,0.00010245,9.294e-05
9.7008e-05,7.278e-05,0.00012537,9.6165e-05,0.00010273
0.00010592,7.964e-05,0.00015829,9.898e-05,8.247e-05
0.000104184,8.186e-05,0.00013426,0.000100175,0.00010816
0.000101225,7.815e-05,0.00013358,9.98e-05,8.791e-05
0.000105131,8.026e-05,0.00013626,0.00010494,0.00010856
0.000104105,9.595e-05,0.0001236,0.00010061,0.00010242
0.00010691,8.455e-05,0.00014522,9.806e-05,0.00011147
0.000109161,9.149e-05,0.00013852,0.00010624,0.00011029
0.000114002,8.366e-05,0.00014337,0.000118605,0.00010923
0.000113739,8.848e-05,0.00014974,0.00010741,8.848e-05
0.000112006,9.434e-05,0.00014711,0.000104135,0.00010226
0.000109952,7.746e-05,0.00013888,0.000111495,0.00012169
0.000111396,8.238e-05,0.00013844,0.000114205,0.00010986
0.0001044,8.13e-05,0.00014096,9.8955e-05,8.471e-05
0.000108441,7.99e-05,0.00014777,0.00010721,0.00010816
0.000103925,7.602e-05,0.00013594,0.0001019,9.063e-05
0.000101591,8.383e-05,0.00012794,9.9475e-05,0.00010381
0.000109271,8.311e-05,0.00014105,0.000110235,0.00011515
0.000106679,7.753e-05,0.0001361,0.000109715,0.00010793
0.000112203,9.391e-05,0.00014231,0.00010986,0.00012321
0.000105315,7.923e-05,0.0001332,0.000107695,0.0001115
0.000114333,9.684e-05,0.00014735,0.00011043,0.00011427
0.000103731,6.895e-05,0.00013869,0.00010327,0.00011287
0.000106131,8.434e-05,0.00013462,0.00010435,8.434e-05
0.00010806,8.212e-05,0.00015374,0.000100395,0.00011095
0.000104786,9.463e-05,0.00011378,0.00010569,9.506e-05
0.000116221,9.68e-05,0.00014504,0.000117295,0.00014504
0.000107504,8.606e-05,0.0001441,0.000103615,0.00010736
0.000114286,9.026e-05,0.00015245,0.00010834,0.00015245
0.00010387,9.294e-05,0.00011459,0.00010381,0.00011459
0.000108176,8.189e-05,0.00014237,0.000108665,0.00011601
0.00010593,7.93e-05,0.00013222,0.000106795,0.00011678
0.000106641,8.969e-05,0.00012712,0.00010705,0.00010676
0.000110623,9.149e-05,0.00013592,0.00011044,0.00013592
0.00010844,8.279e-05,0.00012423,0.00011423,0.00010345
0.000111895,9.009e-05,0.00013075,0.00010868,0.00012458
0.000108409,8.776e-05,0.00014554,0.000103595,0.00010775
0.000110159,9.348e-05,0.00013453,0.00010515,9.348e-05
0.000117261,9.574e-05,0.00014711,0.00011608,0.00011213
0.000110502,9.08e-05,0.00012582,0.000114055,0.00010096
0.000103093,8.459e-05,0.0001289,9.9395e-05,0.0001069
0.000107506,9.206e-05,0.00011574,0.000110865,0.00011276
0.000111449,8.162e-05,0.00013729,0.00011694,0.00011417
0.00011502,9.647e-05,0.00012714,0.000118615,0.00012714
0.000107439,7.459e-05,0.00012962,0.000111055,0.00010811
0.00010577,8.127e-05,0.00014545,9.8575e-05,9.735e-05
9.7376e-05,6.445e-05,0.00013138,9.5335e-05,0.00010372
0.000113235,9.8e-05,0.00012952,0.00011104,0.00012952
0.000117055,9.756e-05,0.0001452,0.000111395,0.00013571
0.000124466,0.00010357,0.0001647,0.00011737,0.0001647
0.000108601,8.717e-05,0.00013827,0.000103915,0.00010368
0.00010693,9.1e-05,0.00012569,0.000104,9.1e-05
0.00010971,9.187e-05,0.00012597,0.000108035,0.00010612
0.000112071,9.859e-05,0.00012959,0.00011088,0.00012959
0.000112138,8.844e-05,0.00013021,0.00011259,0.00010992
0.00010481,9.302e-05,0.00012197,0.000102375,0.00010951
0.000107181,8.047e-05,0.00013861,0.00010307,0.00013861
0.000107338,9.508e-05,0.00013142,0.00010307,0.00011248
0.00010791,8.723e-05,0.0001239,0.000109105,9.95e-05
0.000114258,9.465e-05,0.0001408,0.000110165,0.00010578
0.000104171,7.783e-05,0.00012921,0.000104445,0.00011415
0.000116115,9.323e-05,0.00015336,0.000111485,9.323e-05
0.000102489,7.65e-05,0.0001336,9.9135e-05,0.00010723
0.000113346,9.603e-05,0.00015031,0.000107765,9.603e-05
0.000106285,8.257e-05,0.00013326,0.000106305,0.00010919
0.000132467,9.968e-05,0.0001585,0.000138125,0.00010118
0.000110126,8.244e-05,0.00014379,0.00010312,0.00010361
0.000104287,8.845e-05,0.0001271,0.000100935,8.845e-05
0.000115341,8.86e-05,0.00014916,0.000112135,0.00010739
0.000106808,7.66e-05,0.00013568,0.000105645,0.00010528
0.000105941,9.391e-05,0.00011656,0.00010559,0.00011656
0.000104319,7.859e-05,0.00012611,0.000108065,0.00010309
0.000111311,8.863e-05,0.0001239,0.000111695,0.00011418
0.00010207,7.456e-05,0.00013047,0.00010043,0.00010976
0.000111373,8.981e-05,0.00014701,0.000107105,8.981e-05
0.000110615,8.715e-05,0.00013521,0.000107765,0.0001035
0.000111326,9.709e-05,0.00014061,0.00010447,0.00011391
0.000110181,8.908e-05,0.00013538,0.000106805,0.00010216
0.000108926,9.912e-05,0.0001235,0.00010849,0.0001235
0.000108515,9.109e-05,0.00012803,0.00010932,0.00012803
0.000108199,8.416e-05,0.00013615,0.000104315,0.00010264
0.000118319,9.279e-05,0.00015055,0.00011631,0.00015055
0.00010562,8.599e-05,0.0001242,0.000106015,0.00010135
0.000137663,0.0001015,0.00019025,0.000125405,0.00019025
0.00011327,8.976e-05,0.00016396,0.00010744,0.00010031
0.000101201,7.551e-05,0.00013577,9.902e-05,0.00011127
0.000101199,7.784e-05,0.00012994,9.907e-05,0.00010104
0.000101994,7.692e-05,0.00012916,0.000103535,0.00011874
0.00011102,9.326e-05,0.00014673,0.00010287,9.326e-05
0.00010862,8.793e-05,0.00013854,0.00010666,0.00010503
0.000113103,8.608e-05,0.000153,0.00010611,8.608e-05
0.000100926,7.843e-05,0.00013421,9.6105e-05,0.00010027
0.000112665,9.301e-05,0.00014343,0.000110865,9.301e-05
0.000103051,7.965e-05,0.00013087,0.000101415,0.00010891
0.00011581,9.876e-05,0.00015074,0.000111075,9.876e-05
0.000104036,7.601e-05,0.00013612,0.000101435,0.00010872
0.000109434,9.534e-05,0.00014154,0.00010458,9.534e-05
0.000106149,7.833e-05,0.00013394,0.00010319,0.00010298
0.000108175,9.633e-05,0.00013304,0.000103115,0.00010467
0.000117501,9.006e-05,0.00015465,0.00011129,0.00010976
0.00010922,9.811e-05,0.00012331,0.00010682,0.00011925
0.000115993,0.00010142,0.00013392,0.0001174,0.00012395
0.000105939,8.478e-05,0.00012917,0.000102965,0.00012917
0.000109627,9.74e-05,0.0001272,0.00010971,9.74e-05
9.8244e-05,7.298e-05,0.00012438,9.736e-05,0.00010562
0.000110075,8.452e-05,0.00014791,0.000104725,8.452e-05
0.000103869,8.194e-05,0.00013333,0.00010048,0.00010939
0.000104569,8.575e-05,0.00013609,0.00010374,8.961e-05
0.000112084,9.372e-05,0.00013778,0.000106495,0.00010378
9.8897e-05,7.983e-05,0.00012185,9.991e-05,9.14e-05
0.000111181,8.758e-05,0.00013775,0.000106645,0.00010436
0.000108264,7.509e-05,0.00013481,0.000112345,0.00012113
0.000115671,9.295e-05,0.00014508,0.00011476,0.00010803
0.000104818,7.941e-05,0.00014357,9.987e-05,9.047e-05
0.000115252,0.00010239,0.00013395,0.00011459,0.00010283
0.000103436,8.289e-05,0.00013227,0.000100945,8.985e-05
0.000118716,9.897e-05,0.00015091,0.00011656,0.00011351
0.000100991,7.117e-05,0.00012945,0.00010054,9.849e-05
0.000108039,9.303e-05,0.00012803,0.000108405,0.0001077
0.000105642,8.481e-05,0.00013807,0.00010183,0.00010662
0.000105999,8.355e-05,0.00013757,0.00010498,0.00010891
0.000107399,8.83e-05,0.00014413,0.000102415,0.0001057
0.000108436,8.13e-05,0.00012913,0.00011072,0.00012913
0.000112792,9.344e-05,0.00013141,0.000113515,0.00011016
0.00011269,7.848e-05,0.00014402,0.000114995,0.00010736
0.000115972,9.137e-05,0.00015567,0.00011061,9.137e-05
0.000104605,7.79e-05,0.00014307,9.971e-05,0.00010707
0.000110513,9.25e-05,0.00014359,0.00010628,9.25e-05
0.000106155,8.543e-05,0.00013552,0.000101545,0.00010697
0.000102576,7.849e-05,0.00013826,0.000101215,9.412e-05
0.000111606,9.314e-05,0.00014151,0.000105285,0.00010523
0.000100504,7.466e-05,0.0001203,0.000104405,0.00011374
0.000114305,9.421e-05,0.00013696,0.000113465,0.00011046
9.8833e-05,7.609e-05,0.00011495,0.000102045,0.00010686
0.000113618,9.526e-05,0.00013672,0.000112835,0.00011278
0.000109471,7.705e-05,0.00013427,0.00011188,0.00012214
0.000107726,8.762e-05,0.00013053,0.00010876,0.00011189
9.8424e-05,7.292e-05,0.00012667,9.573e-05,8.659e-05
0.000114043,9.346e-05,0.00015315,0.0001109,0.00011262
0.000102775,7.384e-05,0.00012852,0.00010238,9.79e-05
9.6096e-05,8.041e-05,0.00011894,9.505e-05,0.0001016
0.000105596,8.731e-05,0.00013743,0.00010141,8.731e-05
9.967e-05,7.404e-05,0.00012925,9.994e-05,0.00010882
0.000111772,8.517e-05,0.00014691,0.000105125,8.517e-05
0.000101678,7.508e-05,0.00012832,0.00010419,0.00010799
0.000113756,8.674e-05,0.00015152,0.00010755,8.674e-05
0.00010035,7.271e-05,0.00013847,9.5225e-05,0.00010517
0.000113744,9.992e-05,0.0001459,0.00010916,0.00010287
0.000104263,7.228e-05,0.00014388,0.000103265,0.00011158
0.000106021,8.52e-05,0.00014248,0.000102375,9.541e-05
0.000105631,9.415e-05,0.00013125,9.797e-05,0.00010245
0.000103129,7.525e-05,0.00012477,0.00010579,0.00011854
0.000109963,9.162e-05,0.00013662,0.00010491,0.00010239
0.000103329,7.507e-05,0.00012424,0.0001079,0.00010981
0.000114919,9.374e-05,0.00014106,0.00011199,0.00010687
0.000107347,8.049e-05,0.00013308,0.00010723,0.00011477
0.00011201,8.512e-05,0.00014769,0.00010919,0.00011138
0.000106769,7.138e-05,0.0001327,0.00011059,0.00011815
0.000104964,8.578e-05,0.00013099,0.000104085,0.00010569
0.000101004,7.084e-05,0.00013222,9.966e-05,9.225e-05
0.000110874,9.474e-05,0.00013602,0.000109305,0.00010663
0.000103204,8.534e-05,0.00012767,0.000100065,0.00010381
9.9097e-05,7.449e-05,0.00013468,9.8735e-05,0.00010753
0.00010974,8.831e-05,0.00015454,0.00010237,8.905e-05
9.9017e-05,7.576e-05,0.00012971,9.7795e-05,0.00010316
0.000117137,8.993e-05,0.0001565,0.00011296,8.993e-05
9.8027e-05,7.365e-05,0.00012451,9.7375e-05,0.00010678
0.00011758,9.206e-05,0.0001586,0.00011308,9.206e-05
0.000103229,7.655e-05,0.00013824,0.00010027,0.00011193
0.000113021,9.479e-05,0.00014062,0.00011137,9.479e-05
0.000106109,7.933e-05,0.00013897,0.000101065,0.00010903
0.00010432,8.079e-05,0.00014272,0.00010075,9.531e-05
0.000110971,0.00010113,0.00013334,0.000104695,0.00010451
0.000102528,8.68e-05,0.00012131,0.000104275,0.00011128
0.000111989,0.000101,0.00013577,0.00010526,0.00010299
0.000101286,7.567e-05,0.00012838,0.000101795,0.00010768
0.000115058,8.92e-05,0.00015082,0.000110095,0.00010811
0.000105531,7.916e-05,0.00012778,0.00010824,0.00010922
0.000113271,8.816e-05,0.00015201,0.00010886,0.00011289
0.000110165,8.549e-05,0.00013517,0.00011264,0.00011367
0.000109179,8.878e-05,0.00014883,9.9685e-05,0.00011335
9.9181e-05,7.316e-05,0.00012895,9.647e-05,9.162e-05
0.00010337,7.852e-05,0.00014669,9.884e-05,0.00010878
0.000102776,8.294e-05,0.00012933,9.884e-05,0.00010221
0.000108503,9.533e-05,0.00013801,0.000102405,0.00010764
0.000107915,8.642e-05,0.00015077,0.000100965,8.642e-05
0.00010606,8.631e-05,0.00013733,0.000103645,0.00010696
0.00011606,9.183e-05,0.0001535,0.0001113,9.183e-05
9.9474e-05,7.006e-05,0.00013007,9.948e-05,0.00010745
0.000115778,9.21e-05,0.00015535,0.00011176,9.21e-05
0.000103105,7.631e-05,0.00013603,9.9535e-05,0.00011124
0.000111747,9.753e-05,0.00013046,0.00011104,0.00010078
0.00010184,8.384e-05,0.00012855,9.9035e-05,0.00010121
0.00010955,9.64e-05,0.00012907,0.000108655,0.00011065
0.00010662,8.12e-05,0.00013219,0.0001029,9.994e-05
0.00010361,8.272e-05,0.00013875,9.9375e-05,9.458e-05
0.000112374,9.04e-05,0.00014171,0.000107985,0.00010913
9.9401e-05,8.491e-05,0.00012483,9.629e-05,9.324e-05
0.000116923,9.342e-05,0.0001511,0.000115895,0.00011598
0.000104837,7.379e-05,0.00013176,0.000107455,0.00011635
0.000117683,9.485e-05,0.00015193,0.00011525,0.00011116
9.824e-05,7.366e-05,0.00012286,9.6355e-05,8.807e-05
0.000105645,8.706e-05,0.00014751,9.7685e-05,0.00010815
0.000102288,8.032e-05,0.00012723,9.8905e-05,9.411e-05
9.9616e-05,8.368e-05,0.00012345,0.000102735,0.00010415
0.000115586,9.503e-05,0.0001396,0.00011258,0.00010288
0.000101815,7.659e-05,0.00013862,9.894e-05,0.00010469
0.000112355,9.301e-05,0.00013936,0.000112095,9.403e-05
0.000107503,7.757e-05,0.00012525,0.000113415,0.00011282
0.000115191,9.531e-05,0.00013018,0.000114275,0.0001126
0.000122165,8.669e-05,0.0001554,0.000124145,9.62e-05
0.000113034,0.00010258,0.00013453,0.000112895,0.00011369
0.000100139,7.415e-05,0.00012843,9.791e-05,9.137e-05
0.000112585,0.00010153,0.00013422,0.00011129,0.00011085
0.000102188,7.537e-05,0.00013509,9.9385e-05,0.00010165
0.00011442,0.00010185,0.00014092,0.00010799,0.00010855
0.00011027,8.826e-05,0.00013708,0.000105925,8.826e-05
0.000110108,7.952e-05,0.00014293,0.000110935,0.00011018
0.000118406,9.185e-05,0.00015933,0.000110405,9.185e-05
0.000103301,8.708e-05,0.00013478,9.9075e-05,0.00010139
0.000110785,9.349e-05,0.00014072,0.00010817,9.349e-05
0.000101946,7.551e-05,0.00014037,9.7155e-05,0.00010115
0.000112735,9.689e-05,0.00015081,0.00010596,9.809e-05
9.8634e-05,6.946e-05,0.00013153,0.000100005,0.00010647
0.000107962,8.777e-05,0.00012848,0.000106955,8.777e-05
0.000128911,8.232e-05,0.00016885,0.000134385,0.00013696
0.000104543,8.067e-05,0.00011884,0.000106365,0.00010903
0.000110531,8.775e-05,0.00014062,0.00010907,0.00012165
9.5326e-05,7.306e-05,0.00012277,9.463e-05,9.71e-05
0.000113994,8.792e-05,0.00014851,0.000109685,8.792e-05
0.000101396,7.716e-05,0.00013481,9.8465e-05,0.00010823
0.000113456,8.56e-05,0.00015836,0.00010403,8.56e-05
9.7372e-05,7.049e-05,0.00013018,9.6095e-05,0.00010166
0.000110195,8.553e-05,0.00013909,0.00010903,8.553e-05
0.00010076,8.538e-05,0.00012674,9.54e-05,0.00010232
0.000103796,8.099e-05,0.00014102,0.000101525,8.955e-05
0.00011208,9.547e-05,0.00013258,0.00010841,0.00010366
0.000101469,8.134e-05,0.00012341,0.00010346,0.0001096
0.000114185,0.00010012,0.00013886,0.000108835,0.0001035
0.000106611,9.508e-05,0.00012943,0.000102545,0.00010442
0.000111215,8.79e-05,0.00014204,0.000107265,0.00010664
0.000107932,7.863e-05,0.00013102,0.00011061,0.00011827
0.000112687,8.474e-05,0.00015034,0.00010637,0.00011521
9.4605e-05,7.504e-05,0.0001182,9.4305e-05,7.976e-05
0.000118795,9.853e-05,0.00015542,0.0001145,0.00011384
9.9794e-05,7.217e-05,0.00013153,9.8825e-05,9.421e-05
0.000104965,7.741e-05,0.00015021,9.955e-05,0.00011137
0.000102766,8.456e-05,0.00012964,0.00010179,8.828e-05
0.000101776,7.63e-05,0.00014154,9.707e-05,0.00010723
0.000112774,8.537e-05,0.00015741,0.000107615,9.769e-05
0.000103701,8.509e-05,0.00013356,0.000101,0.00010613
0.000114517,8.307e-05,0.0001573,0.00010784,8.307e-05
0.000101295,7.696e-05,0.00013456,9.7235e-05,9.79e-05
0.000112581,8.386e-05,0.00014945,0.000110025,8.386e-05
0.000114695,8.767e-05,0.00014696,0.000118165,0.00011998
0.000105262,8.178e-05,0.00014574,0.000103565,8.417e-05
0.000104795,7.951e-05,0.00013703,0.00010053,0.0001076
0.000101569,7.179e-05,0.00014209,0.000102185,8.757e-05
0.000108924,8.534e-05,0.00013946,0.000102895,0.00010468
9.9687e-05,8.07e-05,0.00011573,0.00010256,0.00011064
0.000109154,9.316e-05,0.00012812,0.000106515,9.931e-05
0.000107833,8.499e-05,0.00013309,0.0001096,0.00012159
0.000113123,9.528e-05,0.00013836,0.00011379,0.00011409
0.000106316,7.638e-05,0.00012802,0.000109785,0.000118
0.000123641,9.684e-05,0.00014825,0.000123755,0.00010927
0.000102679,7.586e-05,0.00013906,9.892e-05,8.921e-05
0.000105416,8.361e-05,0.00014951,9.79e-05,0.00011104
9.7846e-05,7.887e-05,0.0001244,9.499e-05,8.829e-05
0.00011189,7.489e-05,0.0001511,0.000106605,0.00010158
0.000106584,9.699e-05,0.00013119,9.9115e-05,0.00013119
0.000114267,8.464e-05,0.00014706,0.000108765,0.00010493
0.000108812,9.591e-05,0.00012331,0.00011227,9.803e-05
0.000104687,8.661e-05,0.00012844,0.00010264,0.00010081
0.000113479,8.999e-05,0.00014563,0.000110555,8.999e-05
0.000102439,8.026e-05,0.00012767,0.000102655,0.00010679
0.000113149,9.559e-05,0.00014007,0.00011125,0.00012694
0.000102632,7.679e-05,0.0001354,9.9795e-05,0.00011056
0.000113534,9.585e-05,0.00014942,0.000107395,9.585e-05
0.00010215,8.639e-05,0.00012777,9.87e-05,0.00010293
0.00010691,9.668e-05,0.00012838,0.000103705,0.00010281
0.00010713,8.17e-05,0.0001364,0.00010233,0.00010568
0.000105632,7.773e-05,0.00014133,0.000105105,0.00011229
0.000112102,8.649e-05,0.00014125,0.00011029,0.00010767
0.000103359,7.907e-05,0.00013289,0.000103315,0.00010724
0.000104779,8.305e-05,0.00013006,0.00010505,0.00011049
0.000105941,7.97e-05,0.00013705,0.000106015,0.0001031
0.000108823,8.668e-05,0.00013614,0.00010876,0.00010961
9.9241e-05,7.28e-05,0.0001282,9.7595e-05,9.172e-05
0.000108634,8.785e-05,0.00014567,0.000103835,0.00010615
0.000102784,8.505e-05,0.00013154,9.8905e-05,9.403e-05
9.8958e-05,7.298e-05,0.00013932,9.6755e-05,0.00010678
0.000110665,9.03e-05,0.000144,0.000104435,0.00011606
0.000100145,7.398e-05,0.00013036,9.438e-05,0.00012365
0.00011138,8.736e-05,0.00014663,0.000109995,0.00011736
0.000110411,7.794e-05,0.00015307,0.00010654,0.00010687
0.000116578,9.153e-05,0.00015379,0.00011304,9.153e-05
0.000101161,7.594e-05,0.00013185,9.867e-05,0.0001104
0.000107925,8.595e-05,0.00013779,0.000105725,8.595e-05
0.000102651,8.355e-05,0.00012932,9.937e-05,0.00010698
0.000102363,8.158e-05,0.00013864,9.9495e-05,0.00010097
0.000105374,9.134e-05,0.00012885,0.00010059,0.00010016
0.000107325,9.68e-05,0.0001264,0.000104335,0.00010036
0.000110076,9.565e-05,0.0001324,0.000106455,0.00010123
9.8999e-05,7.596e-05,0.00013557,9.4755e-05,8.939e-05
0.000116675,9.589e-05,0.00014439,0.000113875,0.00010759
0.000106151,7.857e-05,0.00012725,0.000109995,0.00011326
0.000110126,8.46e-05,0.00014619,0.000105485,0.00011242
0.000100905,7.702e-05,0.00013332,9.659e-05,8.241e-05
0.000107281,8.87e-05,0.00013105,0.00010747,0.00010584
9.7202e-05,7.451e-05,0.00012832,9.503e-05,9.163e-05
0.000113355,0.0001041,0.00013062,0.00011201,0.00011053
0.000103875,7.912e-05,0.00013435,0.000101285,0.00010178
0.000112245,9.638e-05,0.00013165,0.00010891,0.00012557
0.000106087,9.281e-05,0.00012233,0.00010589,0.0001062
0.000106862,8.02e-05,0.00013618,0.000105625,0.000121
0.000116247,9.259e-05,0.00015262,0.000111395,0.00011012
0.00010992,8.429e-05,0.00013723,0.000109005,0.00012258
0.000110888,9.57e-05,0.00014317,0.00010638,0.00010532
0.00010552,8.078e-05,0.00014478,9.8995e-05,8.948e-05
0.000113891,9.315e-05,0.00015265,0.00010623,0.00011592
0.000103466,7.962e-05,0.00013683,0.00010043,0.00010258
0.000106911,9.104e-05,0.00012685,0.000104525,0.00010317
0.000106889,8.709e-05,0.00013225,0.00010175,8.709e-05
9.9506e-05,8.415e-05,0.00012492,9.618e-05,0.00010053
0.000120402,9.711e-05,0.00015446,0.000119055,9.787e-05
9.7737e-05,7.747e-05,0.00012958,9.746e-05,0.00010161
0.00011381,9.495e-05,0.00014871,0.000109405,0.00010091
0.000101776,7.584e-05,0.00014,9.9205e-05,0.00010487
0.000119542,9.97e-05,0.00015364,0.000114025,0.00012512
0.000101626,7.664e-05,0.00013994,9.944e-05,0.00010804
0.000116899,9.904e-05,0.00015133,0.000111545,0.00011332
0.000105547,8.167e-05,0.00013837,0.000102145,0.00010163
0.000108485,9.456e-05,0.0001301,0.00010731,9.456e-05
0.000109395,9.488e-05,0.00012962,0.000108165,0.00010116
0.00010204,8.003e-05,0.00011884,0.000104995,0.00011471
0.000113554,0.00010101,0.00012773,0.000113355,0.00011854
0.00010783,8.461e-05,0.00013601,0.00010542,0.00013601
0.000106682,9.534e-05,0.00012251,0.00010468,9.534e-05
0.000100993,7.364e-05,0.00013102,9.8185e-05,9.035e-05
0.000114189,9.916e-05,0.00012943,0.000115245,0.00010973
9.893e-05,7.705e-05,0.00012641,9.591e-05,8.905e-05
0.000112101,9.99e-05,0.00014586,0.00010542,0.00010824
0.000107856,7.519e-05,0.00014531,0.00010686,0.00010715
0.000108586,9.837e-05,0.00012169,0.000108315,0.00010235
0.000107652,9.389e-05,0.00012697,0.000107625,0.00012019
0.00011057,8.826e-05,0.00013261,0.00011342,0.00010438
0.000109819,8.824e-05,0.00013166,0.0001115,8.824e-05
0.0001047,9.066e-05,0.00013479,9.757e-05,0.0001079
0.000107966,9.337e-05,0.00014086,0.000102655,9.337e-05
0.000102071,7.731e-05,0.00013922,9.7475e-05,0.00010633
0.000116551,9.555e-05,0.00015802,0.00010856,9.555e-05
0.000101886,7.602e-05,0.00012922,0.000101945,0.00011003
0.00011227,9.686e-05,0.00013832,0.000109555,9.686e-05
0.000109206,8.154e-05,0.00014196,0.00010356,9.891e-05
0.000107754,8.81e-05,0.00014353,0.00010275,8.81e-05
0.00011292,8.6e-05,0.00014699,0.000108685,0.00010686
0.000106878,9.614e-05,0.00011884,0.000105285,0.00011884
0.000116425,9.931e-05,0.00013962,0.000116095,0.00013131
0.000104337,7.72e-05,0.00012749,0.000105065,0.00012749
0.000106981,9.734e-05,0.00012525,0.00010663,0.0001039
9.6783e-05,7.244e-05,0.00012992,9.4335e-05,0.00010165
0.000111893,9.573e-05,0.00014262,0.000109525,9.573e-05
0.000104841,8.084e-05,0.00013729,0.00010158,0.00011358
0.000104676,9.636e-05,0.00011874,0.00010392,9.891e-05
0.000134441,0.00010349,0.00015571,0.0001401,0.00014333
0.000100141,7.68e-05,0.00013694,9.7545e-05,9.59e-05
0.000108325,8.712e-05,0.00013291,0.000103055,0.00010421
9.9209e-05,7.016e-05,0.0001369,9.7045e-05,9.486e-05
0.000110419,8.903e-05,0.00013901,0.000105915,0.00010375
0.000108105,8.123e-05,0.0001329,0.00010887,0.00011754
0.000113757,8.632e-05,0.00015377,0.000104165,0.00012153
0.000103342,7.225e-05,0.00014009,0.00010172,9.577e-05
0.000118675,0.00010106,0.00014406,0.00011796,0.00011568
9.608e-05,7.255e-05,0.00012341,9.389e-05,8.691e-05
0.000105771,7.708e-05,0.00015336,9.9765e-05,0.00011145
9.7129e-05,8.47e-05,0.00012071,9.2115e-05,8.74e-05
0.000106629,8.067e-05,0.00014615,0.000102575,0.00010835
0.000106631,8.517e-05,0.00014339,0.00010376,8.522e-05
0.000110681,9.118e-05,0.00013397,0.000108975,0.00013397
0.000115835,0.00010126,0.00013848,0.00011438,0.00012853
0.000103671,7.55e-05,0.00013996,0.00010347,0.00011381
0.000118159,8.844e-05,0.00016375,0.0001093,8.844e-05
0.000108182,7.489e-05,0.00015348,0.000102265,0.00011666
0.000116466,9.953e-05,0.00015061,0.000109345,0.00011875
0.000101774,8.971e-05,0.00012471,9.639e-05,0.00010266
0.000107921,9.23e-05,0.00013565,0.00010394,9.23e-05
0.000102486,8.403e-05,0.00013091,0.00010002,0.00010144
9.194e-05,7.502e-05,0.0001001,9.621e-05,9.845e-05
0.000106735,9.204e-05,0.00012989,0.000105065,9.204e-05
0.000107601,7.261e-05,0.00013483,0.000110595,0.00012196
0.000121056,9.225e-05,0.00016562,0.00011451,0.00011253
9.937e-05,8.455e-05,0.00011439,9.8285e-05,8.455e-05
0.000107604,9.305e-05,0.00011857,0.00011006,0.00011175
0.000101001,6.658e-05,0.00013943,0.00010114,9.23e-05
0.000112931,9.49e-05,0.00014138,0.000112045,0.00011058
0.000101944,8.025e-05,0.00012416,0.00010009,0.00010576
0.000102082,7.604e-05,0.0001399,9.8535e-05,0.00010683
0.000108753,9.072e-05,0.00013251,0.000104075,9.072e-05
9.9221e-05,7.661e-05,0.00013568,9.5045e-05,0.00010439
0.000112986,8.685e-05,0.00014526,0.00010738,8.685e-05
0.000106049,7.491e-05,0.00013606,0.00010806,0.00010918
0.000120594,0.00010313,0.00015164,0.000116015,0.00011903
0.000102842,7.127e-05,0.00014436,0.00010308,0.00011528
0.000114151,8.578e-05,0.00015037,0.00011089,8.578e-05
9.6874e-05,7.774e-05,0.0001248,9.2205e-05,9.718e-05
0.000114593,9.65e-05,0.00015347,0.000106565,9.65e-05
0.000102225,8.052e-05,0.00012806,9.9525e-05,0.00010429
0.000111213,9.85e-05,0.0001455,0.000104465,9.941e-05
0.000103004,8.186e-05,0.00013596,9.8155e-05,0.00010591
0.000105579,7.77e-05,0.00013716,0.000104645,0.00011115
0.000108226,8.321e-05,0.00013631,0.000105955,0.00010607
0.000101543,7.616e-05,0.00013797,9.812e-05,9.251e-05
0.000110036,8.434e-05,0.00014138,0.000107935,0.00011341
0.000109518,9.095e-05,0.00012691,0.00010781,9.095e-05
0.000107967,8.5e-05,0.00011688,0.000110425,0.00011688
0.000107384,7.991e-05,0.00014305,0.000107095,0.00010344
0.000109444,0.00010047,0.00012567,0.00010754,0.00010648
0.000103076,8.368e-05,0.0001346,9.9665e-05,0.00010105
0.000106969,9.171e-05,0.00014267,0.00010273,0.00010419
0.000115871,8.774e-05,0.00015415,0.00010915,0.00010747
9.8279e-05,7.838e-05,0.00011459,0.000100665,0.00010617
0.000116491,9.679e-05,0.00014,0.000114765,0.00011453
9.9925e-05,7.622e-05,0.00012915,0.000100065,0.00010101
0.000111047,9.347e-05,0.00013478,0.000108175,0.00010768
0.00010331,7.549e-05,0.00013724,0.00010341,8.771e-05
0.000115866,9.674e-05,0.00014696,0.00011017,0.00010827
0.000104177,7.501e-05,0.00013101,0.000105065,0.00011766
0.00010981,9.8e-05,0.0001251,0.00010826,0.0001067
0.000108686,9.602e-05,0.0001348,0.00010158,0.0001348
0.000117339,8.414e-05,0.00015847,0.00011047,0.00010245
0.000101817,9.341e-05,0.00011017,0.00010138,9.403e-05
9.5761e-05,7.055e-05,0.00011941,9.8045e-05,0.00011941
0.000108756,9.187e-05,0.00012401,0.000110105,0.00010697
0.000113861,8.659e-05,0.00015916,0.000108015,0.00015916
0.000106033,9.751e-05,0.00011655,0.00010302,0.00010157
0.000104435,8.664e-05,0.00012855,0.00010509,0.00011163
0.000108327,9.193e-05,0.00012915,0.00010685,0.0001065
9.9687e-05,7.282e-05,0.00013019,9.7925e-05,9.437e-05
0.000111003,9.087e-05,0.00014848,0.000105365,0.0001114
9.9029e-05,8.335e-05,0.00012598,9.4795e-05,8.656e-05
9.8809e-05,7.258e-05,0.00012653,9.9475e-05,0.00010521
9.8489e-05,8.586e-05,0.00011966,9.5045e-05,8.586e-05
0.000101101,7.811e-05,0.00013456,9.843e-05,0.00010214
0.000113205,8.766e-05,0.00015092,0.000108535,8.766e-05
0.000102595,8.004e-05,0.00013542,9.7045e-05,0.0001079
0.000112987,9.239e-05,0.00014897,0.00010628,9.239e-05
0.00010141,7.684e-05,0.00013131,9.7675e-05,0.00010627
0.00011164,9.653e-05,0.00013577,0.000109635,9.653e-05
0.000104998,8.44e-05,0.00013423,0.000101715,0.0001055
0.000110777,9.838e-05,0.00014165,0.00010537,0.00010443
0.000105256,8.212e-05,0.00013042,0.000102735,0.00010237
0.00010773,7.51e-05,0.00013838,0.00011168,0.00012082
0.000110619,8.585e-05,0.00014255,0.00010576,0.00010907
0.000110164,8.297e-05,0.00012762,0.000113205,0.00012616
0.000114376,9.386e-05,0.00013239,0.00011465,0.00011866
0.000101555,7.458e-05,0.00012237,0.000103835,0.00011337
0.000110277,9.75e-05,0.00013617,0.000105775,0.0001041
0.000103327,7.889e-05,0.00013514,0.00010077,9.951e-05
0.000113954,9.402e-05,0.00014856,0.00010981,0.00010722
0.000107169,8.072e-05,0.00013743,0.000106255,0.00010765
0.000116932,9.906e-05,0.00014981,0.00011203,0.0001099
0.000107101,8.943e-05,0.00014015,0.0001017,0.00010531
0.000100779,7.684e-05,0.00013207,9.8995e-05,0.00011006
0.000108026,8.867e-05,0.00013535,0.000106325,8.867e-05
0.00010235,8.474e-05,0.00012444,0.00010253,0.00012444
0.00011097,9.949e-05,0.00012826,0.00010888,9.949e-05
9.5495e-05,8.33e-05,0.00011371,9.496e-05,9.929e-05
0.000109351,9.016e-05,0.00014564,0.00010364,0.00010354
9.7661e-05,7.109e-05,0.00012676,9.731e-05,7.954e-05
0.000109415,8.643e-05,0.00013874,0.000111555,0.00011107
0.000104126,7.307e-05,0.00012637,0.000107695,0.000121
0.000109857,7.371e-05,0.00014861,0.000106085,9.849e-05
0.000106694,9.138e-05,0.00013183,0.000103395,0.00013183
0.000115514,8.607e-05,0.00015285,0.00011192,0.00010377
0.000116103,9.763e-05,0.00015461,0.00011093,0.00010954
0.000108541,8.482e-05,0.0001352,0.000106275,0.0001352
0.000142955,0.00010957,0.00015949,0.000149455,0.00014592
0.000101149,7.338e-05,0.00013417,9.8175e-05,0.00010676
0.000112307,9.698e-05,0.00013827,0.00010977,9.698e-05
0.000102744,8.227e-05,0.00013992,9.39e-05,0.0001062
0.000111809,9.214e-05,0.00014846,0.000106005,9.214e-05
0.00010767,8.142e-05,0.00012785,0.00010982,0.00010639
9.8568e-05,7.067e-05,0.00013407,9.822e-05,0.0001032
0.000111216,8.634e-05,0.00014192,0.000107205,0.00010406
0.000107454,8.03e-05,0.00014313,0.000106115,0.00011276
0.000111403,9.008e-05,0.00014178,0.00011012,0.00011373
0.000111859,9.938e-05,0.00013594,0.00010927,0.00010995
0.000112304,9.589e-05,0.00014117,0.000108555,0.00011325
0.000101911,8.422e-05,0.00011893,0.00010047,8.422e-05
0.00010908,8.894e-05,0.00012632,0.00010851,0.00011303
0.000101503,8.619e-05,0.00012339,0.000101285,9.906e-05
0.000122459,8.76e-05,0.00015741,0.000125315,8.76e-05
0.000113934,0.00010005,0.00014367,0.000104915,0.00010336
0.000100465,7.867e-05,0.00012888,0.00010041,9.554e-05
0.000110114,9.064e-05,0.00013543,0.00010681,0.00010365
0.000100413,8.828e-05,0.00011334,0.000100275,8.828e-05
0.000114949,9.125e-05,0.00014677,0.00011081,0.00011124
0.000110831,8.205e-05,0.000137,0.000111545,0.00012344
0.000122241,9.59e-05,0.00016048,0.000118345,0.00012189
0.000103034,8.09e-05,0.00013358,9.913e-05,9.132e-05
0.000106537,7.668e-05,0.00014219,0.000103965,0.00010724
0.000101306,7.427e-05,0.00013284,0.00010082,0.00010098
0.000114832,0.00010236,0.00013148,0.000112705,0.00012846
0.000108754,8.695e-05,0.00013083,0.000109955,0.00010585
0.000110065,8.184e-05,0.00013637,0.000108815,0.00013069
0.00010405,8.767e-05,0.00012228,0.00010581,9.431e-05
0.000109585,8.743e-05,0.00012801,0.00011019,0.00012801
0.000103219,8.664e-05,0.00011831,0.000105275,0.00010147
0.000108783,6.764e-05,0.00014365,0.00011253,0.00011283
0.000109806,8.612e-05,0.00014038,0.00010832,8.612e-05
9.4409e-05,7.428e-05,0.00011767,9.1725e-05,9.95e-05
0.000112865,9.709e-05,0.00015135,0.00010477,9.709e-05
0.000101516,8.043e-05,0.00012696,9.786e-05,9.975e-05
0.000120213,0.00010037,0.00016216,0.000109565,0.00011012
0.000114184,9.045e-05,0.00014487,0.00010944,0.00011351
0.000102538,7.933e-05,0.00014092,9.823e-05,8.549e-05
0.000113183,9.532e-05,0.00014043,0.000108835,0.00011365
0.000103104,7.064e-05,0.00013548,0.000103755,0.00011306
0.000115062,9.047e-05,0.00015409,0.000107685,0.00012247
9.9713e-05,7.672e-05,0.00012449,9.9495e-05,0.00010329
0.000113645,8.96e-05,0.00014801,0.000110125,0.00011591
0.000101666,7.912e-05,0.00013462,9.7995e-05,7.912e-05
0.000118777,9.745e-05,0.00016417,0.000109155,0.00010707
0.000106136,8.202e-05,0.00013439,0.000103175,0.00010885
9.9924e-05,6.952e-05,0.00012629,0.00010677,0.00010878
0.000105803,8.794e-05,0.00013579,0.000101865,8.912e-05
0.000107815,9.047e-05,0.00012556,0.000105595,0.00012556
0.000105661,9.735e-05,0.00011854,0.000104045,9.956e-05
0.000109573,7.42e-05,0.00014199,0.00011466,0.00011551
0.00011536,0.00010234,0.00014687,0.00011041,0.00010234
0.000100759,7.711e-05,0.00013891,9.246e-05,0.00010189
0.00011191,8.751e-05,0.00014359,0.000109965,8.751e-05
0.000104781,8.122e-05,0.00013726,9.885e-05,0.0001044
0.000111882,8.845e-05,0.00014626,0.00010759,8.845e-05
0.000102364,8.004e-05,0.0001342,9.828e-05,0.0001065
0.00011255,9.152e-05,0.00013975,0.000110745,9.152e-05
0.000103283,8.021e-05,0.00013617,0.00010018,0.00010107
0.000105469,7.753e-05,0.00012668,0.000108155,0.00012668
0.000108289,9.319e-05,0.00012525,0.00010732,0.00010243
0.000106831,7.57e-05,0.00013501,0.000110465,0.00011865
0.000110235,8.168e-05,0.00014687,0.00010503,0.00011612
0.000108431,8.985e-05,0.00012659,0.000105615,8.985e-05
0.000110999,9.229e-05,0.00012548,0.000110315,0.00012107
0.000108794,7.29e-05,0.00013224,0.00011427,0.00010512
0.000103069,7.678e-05,0.00012284,0.000106025,0.00012284
0.000114766,9.37e-05,0.00014526,0.00011031,0.00012734
0.0001107,8.276e-05,0.00012642,0.00011451,0.00011407
0.000110528,8.827e-05,0.0001427,0.000109155,9.541e-05
0.00010138,7.38e-05,0.00013542,9.974e-05,0.00011182
0.000109309,8.432e-05,0.00014616,0.000102505,8.432e-05
0.000102946,8.834e-05,0.00012903,0.00010018,0.00010477
0.000112603,9.665e-05,0.00014857,0.00010794,0.00010765
0.000100334,8.652e-05,0.00011377,0.000101205,0.00011377
0.000107013,9.126e-05,0.00012304,0.00010911,9.59e-05
0.000107695,9.459e-05,0.00013622,0.00010265,0.00013622
0.000108168,8.605e-05,0.00012085,0.00011174,0.00010118
0.000107848,9.249e-05,0.00013113,0.00010314,0.00013113
0.000115069,8.656e-05,0.00015133,0.00010802,0.00010485
0.00010535,9.455e-05,0.00012257,0.00010631,9.491e-05
0.000108566,8.172e-05,0.00014179,0.00010789,0.00010463
0.000113173,9.54e-05,0.00013969,0.00011016,0.00010121
0.000111489,7.936e-05,0.00013982,0.00011564,0.00010851
0.000116477,0.00010208,0.00014877,0.00011041,0.00010607
0.000106066,7.667e-05,0.00013278,0.000107255,0.00010536
0.000117219,0.00010226,0.00015217,0.000108945,0.00010627
0.000103341,7.734e-05,0.00013113,0.000103275,0.0001009
0.000116895,9.913e-05,0.00014893,0.0001097,0.00011839
0.000106347,8.317e-05,0.00013482,0.00010395,0.00010068
0.00010644,8.902e-05,0.00014525,9.898e-05,8.902e-05
0.000111091,8.575e-05,0.00014808,0.00010835,0.00010713
0.000102466,8.251e-05,0.00013471,9.87e-05,0.00010592
0.000109017,9.357e-05,0.00012256,0.00011191,9.879e-05
0.0001117,9.584e-05,0.000135,0.00010989,0.000135
0.000104168,9.049e-05,0.00011458,0.00010522,0.00010371
9.7889e-05,8.163e-05,0.0001247,9.587e-05,0.00010082
0.000107621,8.16e-05,0.00013682,0.000105755,9.895e-05
0.000101906,8.177e-05,0.00013114,9.4745e-05,0.00010695
0.00010989,9.337e-05,0.00014,0.000106205,9.337e-05
0.000109193,8.877e-05,0.00014022,0.00010189,0.00010207
9.7264e-05,7.528e-05,0.00012683,9.544e-05,9.286e-05
0.000114857,9.644e-05,0.00013454,0.000111795,0.00010675
0.000108104,9.278e-05,0.00013467,0.000105415,0.00011183
0.000114191,9.236e-05,0.0001499,0.000109945,0.00011399
0.000101311,7.832e-05,0.00013442,9.5e-05,9.212e-05
0.000112085,9.355e-05,0.00014014,0.00010849,0.00010513
0.000104416,7.742e-05,0.00014307,0.00010022,7.742e-05
0.000114264,9.418e-05,0.00013814,0.000111935,0.00012328
0.000100043,7.971e-05,0.00011744,0.000102355,0.0001028
9.9696e-05,7.432e-05,0.00013821,9.7635e-05,0.00010786
0.00010823,9.174e-05,0.0001249,0.000108285,9.174e-05
0.000104932,8.907e-05,0.00012859,0.0001002,0.00012859
0.000108024,9.404e-05,0.00012375,0.000106875,0.00012375
0.000101761,8.639e-05,0.00012313,9.7285e-05,0.00012313
0.000113277,8.952e-05,0.00014333,0.00011198,0.00011262
0.000109232,7.215e-05,0.00013514,0.00011244,0.00013031
0.000118037,9.768e-05,0.00014624,0.000114855,0.00011694
0.000108304,7.189e-05,0.0001382,0.000110305,0.00012577
0.000112941,8.805e-05,0.00014843,0.00010875,0.00010937
9.8234e-05,7.401e-05,0.00012763,9.438e-05,9.019e-05
0.000119754,9.772e-05,0.00016034,0.00011309,0.00011218
0.000106525,8.479e-05,0.00015254,9.5595e-05,9.484e-05
0.000108664,9.554e-05,0.00013119,0.000106275,0.00010548
0.000114445,8.522e-05,0.00014907,0.00010862,8.522e-05
0.000101601,7.504e-05,0.00014062,9.669e-05,0.00010379
0.000111869,8.804e-05,0.00014592,0.000108295,8.804e-05
0.000101544,7.545e-05,0.00014602,9.889e-05,0.00010422
0.000116942,9.822e-05,0.00016132,0.000106145,9.822e-05
0.00011226,7.316e-05,0.00013795,0.00011599,0.00011143
0.000100044,7.967e-05,0.0001319,0.00010011,8.334e-05
0.000105979,8.341e-05,0.00014037,0.00010209,0.00010552
9.6315e-05,6.831e-05,0.00012416,9.877e-05,0.00010914
0.00010913,8.352e-05,0.00015126,0.00010209,0.00010587
0.000110114,9.254e-05,0.00013299,0.000106805,9.254e-05
0.000105248,8.306e-05,0.00012074,0.00010657,9.517e-05
0.000108879,8.492e-05,0.00013153,0.000110075,0.00010025
0.000106561,9.367e-05,0.00012167,0.000107795,0.00012167
0.000104665,8.287e-05,0.00012682,0.000103335,9.533e-05
0.00011068,8.603e-05,0.00012346,0.000111385,0.00012007
0.000110675,8.502e-05,0.00013527,0.000110895,0.00010497
0.000114908,9.274e-05,0.00014627,0.000114465,0.00012811
0.000114316,0.00010001,0.00013546,0.000110605,0.00010404
0.000104642,8.247e-05,0.00012464,0.0001063,0.00011716
0.000109495,9.357e-05,0.00013462,0.00010378,0.00010227
0.000109835,7.677e-05,0.00014022,0.00011297,0.00012378
0.000113969,9.789e-05,0.00014198,0.000109095,0.00011007
0.000103949,6.993e-05,0.00012443,0.00010955,0.00012137
0.000111822,9.473e-05,0.00012246,0.000114625,0.00011811
0.000100031,8.884e-05,0.00011538,9.717e-05,9.39e-05
0.000105535,7.403e-05,0.00014438,0.000103065,0.00011656
0.000102916,8.353e-05,0.00013154,0.000101895,9.431e-05
0.000116308,0.00010049,0.0001318,0.00011842,0.00010049
0.000105269,8.276e-05,0.00013566,0.00010174,0.00010101
0.000111086,7.778e-05,0.00013344,0.00011567,0.00012943
0.000110322,9.509e-05,0.00013478,0.000107515,0.00011243
0.000110309,8.689e-05,0.0001404,0.00010732,0.0001404
0.0001154,0.00010104,0.00013194,0.000116415,0.00013194
0.000109504,8.309e-05,0.00013899,0.000111175,0.00010554
0.000106066,9.633e-05,0.00011414,0.00010743,0.00011222
9.8799e-05,7.475e-05,0.00013578,9.376e-05,8.173e-05
0.00010788,9.344e-05,0.00012998,0.000107105,0.00010989
0.000103278,8.044e-05,0.00013969,9.97e-05,8.044e-05
0.000105091,7.365e-05,0.00013364,0.00010477,0.00010713
0.000118956,9.616e-05,0.00014279,0.00011771,0.00013079
9.2789e-05,7.072e-05,0.0001122,9.6085e-05,9.81e-05
0.000117073,9.46e-05,0.00014838,0.00011187,0.00012164
0.000103543,7.314e-05,0.00012234,0.000109645,0.00011109
0.000120845,9.988e-05,0.00013477,0.000123185,0.00013208
0.000104937,7.838e-05,0.00015062,0.0001003,9.257e-05
0.000110422,8.713e-05,0.00012702,0.000113565,0.00011983
0.000108127,8.683e-05,0.00012652,0.00010872,0.00010096
0.00011021,8.823e-05,0.0001354,0.000108865,0.0001354
0.00010208,9.669e-05,0.00011217,0.000100085,9.945e-05
0.000108103,8.251e-05,0.00015224,0.00010291,9.415e-05
0.000116047,9.919e-05,0.0001407,0.000113025,9.97e-05
0.000111679,9.782e-05,0.00013926,0.000108835,0.00010981
0.000112163,9.608e-05,0.0001345,0.00011007,0.00010931
9.2196e-05,7.683e-05,0.00011414,9.022e-05,8.545e-05
0.000115315,9.147e-05,0.00014512,0.00011053,0.00011707
0.000106211,8.231e-05,0.00012773,0.00010691,0.00012773
0.000110495,8.714e-05,0.00012754,0.000114045,9.828e-05
0.00010101,8.352e-05,0.00012721,9.76e-05,0.00012721
0.000120419,9.08e-05,0.00015819,0.00011364,0.00010494
0.00012309,0.00010388,0.0001582,0.00011681,0.0001582
0.000116357,8.455e-05,0.00015799,0.00011185,9.963e-05
0.000108757,9.335e-05,0.00013662,0.00010166,0.00013662
0.000116533,8.78e-05,0.00016212,0.000109415,0.00011011
0.000102872,8.888e-05,0.00011429,0.000105295,9.176e-05
0.000105199,7.592e-05,0.00012805,0.000110745,0.00012419
0.000104016,9.339e-05,0.00011828,0.00010462,9.474e-05
0.000113409,7.881e-05,0.00014493,0.000113905,0.00012875
0.000109756,9.001e-05,0.00014585,0.000104735,0.00010648
0.000102535,7.21e-05,0.00013357,0.00010122,9.312e-05
0.00010707,9.731e-05,0.00012021,0.00010727,0.00010691
0.000101016,9.274e-05,0.00011006,0.000100805,0.00010928
9.7001e-05,7.542e-05,0.00012751,9.578e-05,0.0001042
0.000112174,8.664e-05,0.00013931,0.000112855,0.00012693
0.000111234,9.612e-05,0.00013314,0.000109025,0.00013314
0.000109526,9.83e-05,0.00012311,0.000109325,0.00012008
0.000102421,7.572e-05,0.00013898,0.00010104,0.00010951
0.000118099,9.225e-05,0.00016164,0.00011292,9.225e-05
0.000102749,8.637e-05,0.00012235,9.947e-05,0.0001098
0.000109996,9.965e-05,0.00013306,0.00010592,0.00010912
0.000100239,8.45e-05,0.00012095,9.6225e-05,0.00010027
0.00010752,9.546e-05,0.00012302,0.00010713,9.546e-05
0.000106825,8.723e-05,0.00013691,0.000100445,0.00010046
0.000115064,8.963e-05,0.00014067,0.000117175,0.00012993
0.000112517,8.812e-05,0.00013091,0.00011499,9.912e-05
0.000107563,9.538e-05,0.00012589,0.000104555,9.538e-05
0.000107867,8.366e-05,0.00012393,0.000109295,9.731e-05
0.000109569,7.488e-05,0.00014184,0.000112655,0.00011181
0.000117056,9.998e-05,0.0001514,0.00011184,9.998e-05
0.000111961,7.456e-05,0.00014872,0.000111935,0.00010769
0.000109654,9.659e-05,0.00014312,0.000104075,9.744e-05
0.000107761,7.604e-05,0.00012909,0.000112285,0.00010194
0.000113783,8.626e-05,0.00013965,0.00011369,0.00012159
0.000108165,8.064e-05,0.00013342,0.000109545,0.00010299
0.00011197,9.099e-05,0.00013661,0.00011144,0.00012276
0.000113184,9.582e-05,0.0001365,0.00010896,0.00010304
0.000113731,8.717e-05,0.00013776,0.00011633,0.00012243
0.000113194,9.022e-05,0.00014741,0.00011036,0.00011074
0.000112267,7.489e-05,0.00014382,0.000115485,0.00013431
0.000112365,8.985e-05,0.00014721,0.000110525,0.00011016
0.000110365,7.676e-05,0.00013869,0.000113025,0.00012149
0.000108187,9.238e-05,0.00013395,0.00010611,0.00010398
0.000110246,7.489e-05,0.00013979,0.000112045,0.00013024
0.00010861,9.314e-05,0.00014222,0.000102235,0.00010324
0.000112126,9.457e-05,0.00014218,0.00010618,0.0001184
0.000100066,8.35e-05,0.00010991,0.000103105,0.0001095
0.000118354,9.471e-05,0.00015925,0.000112465,0.00011228
0.000103355,7.866e-05,0.00012413,0.000104295,0.00012413
0.000117811,9.474e-05,0.00013607,0.00012317,0.00012717
0.000104148,8.092e-05,0.00013265,0.00010128,0.00013265
0.000109306,8.473e-05,0.00012444,0.00011107,0.00010635
0.000105066,8.242e-05,0.00015065,9.5165e-05,8.475e-05
0.000112053,7.157e-05,0.00015843,0.00011077,0.00011314
0.000105427,8.331e-05,0.00013971,9.9595e-05,9.955e-05
0.000106776,9.503e-05,0.00012309,0.0001071,0.00010553
0.000119349,0.00010108,0.0001477,0.00011658,0.0001157
0.000112099,8.049e-05,0.00015454,0.000112645,0.00015454
0.000109929,9.675e-05,0.00012764,0.00011036,0.00010132
0.00010764,9.114e-05,0.00012181,0.000110825,0.00011267
0.000112119,9.919e-05,0.00012419,0.000113475,0.00011784
0.000102344,7.579e-05,0.00012438,0.000104345,0.0001221
0.000111567,9.166e-05,0.00013165,0.00010997,9.873e-05
0.000109311,7.972e-05,0.0001481,0.00010824,0.0001481
0.000114056,9.176e-05,0.0001445,0.000113355,0.00011044
0.000108418,9.053e-05,0.00013772,0.000100685,0.00013772
0.000116526,8.646e-05,0.00014479,0.00011399,0.00010377
0.000110486,9.47e-05,0.00013575,0.00010551,0.00013575
0.00012103,9.679e-05,0.00015365,0.000119905,0.00012259
0.000107191,9.546e-05,0.00011708,0.000110605,9.737e-05
0.000116052,0.00010728,0.00012534,0.0001188,0.00010819
0.000105134,8.556e-05,0.00013327,0.00010396,9.269e-05
0.000110288,7.228e-05,0.0001431,0.000111605,0.00010743
0.000115582,9.748e-05,0.00015134,0.000109755,9.748e-05
0.00010968,7.49e-05,0.00014164,0.000111395,0.00010899
0.0001088,9.337e-05,0.00014677,0.00010122,9.337e-05
0.000102611,7.911e-05,0.00013392,0.00010167,0.00010732
0.000109245,7.818e-05,0.00014814,0.00010581,0.00010777
0.000108588,8.899e-05,0.00013275,0.000103765,0.00010259
0.000104076,7.695e-05,0.00013484,0.00010409,0.00010517
0.000117194,0.00010301,0.00015383,0.000109255,0.00011843
0.000110981,7.56e-05,0.00013798,0.000115175,0.00013127
0.000112509,9.109e-05,0.00013592,0.000114765,0.00010745
0.00010129,8.528e-05,0.00012297,0.000100305,8.528e-05
0.00010194,8.969e-05,0.00011932,9.8155e-05,8.969e-05
9.8782e-05,8.187e-05,0.00012181,9.5165e-05,9.542e-05
0.000102638,7.807e-05,0.00011999,0.00010648,0.00011811
0.000111116,8.759e-05,0.00015041,0.000103255,0.00010505
0.000100045,8.571e-05,0.00011548,9.791e-05,0.00011548
0.000111594,8.823e-05,0.00013338,0.000109625,0.00010543
0.000115886,9.474e-05,0.00015915,0.00010665,0.00015915
0.000105406,9.026e-05,0.00011811,0.000104265,9.971e-05
0.000111832,8.501e-05,0.00013844,0.00011433,0.00013844
0.000112005,9.01e-05,0.00013043,0.000111795,0.00011235
0.000110059,7.174e-05,0.0001338,0.000118615,0.0001331
0.000128911,0.00010519,0.00015669,0.00012985,0.00012626
0.000102251,8.046e-05,0.00012626,9.87e-05,9.306e-05
0.000102925,7.745e-05,0.00012985,0.00010474,0.00010329
0.000109495,7.838e-05,0.00014483,0.00010883,0.00011953
0.000116926,8.221e-05,0.00015647,0.00011515,0.00010989
0.000106541,8.655e-05,0.0001429,9.9905e-05,8.869e-05
0.000105766,8.625e-05,0.00013909,9.9095e-05,0.00011011
0.000115632,9.521e-05,0.00014488,0.000113935,9.521e-05
0.000102294,7.908e-05,0.00013706,9.772e-05,0.00010481
0.000112661,9.028e-05,0.00014846,0.000108455,0.00012221
0.00010486,8.364e-05,0.00014015,9.56e-05,0.0001123
0.000109846,8.967e-05,0.00014587,0.000104785,0.00010457
0.000104292,7.775e-05,0.00014402,9.968e-05,0.00010745
0.000112843,0.00010008,0.00012561,0.000115095,0.00010008
0.000107231,9.07e-05,0.00012839,0.000107245,0.00012839
0.000109282,8.517e-05,0.00014471,0.0001053,0.0001025
0.000112339,9.029e-05,0.00014228,0.000110465,9.029e-05
0.000105115,7.49e-05,0.00013268,0.00010652,0.00010702
0.000112805,9.268e-05,0.00014086,0.00011173,9.268e-05
0.00010358,6.95e-05,0.00012584,0.00010849,0.0001099
0.000110586,9.423e-05,0.00014095,0.000107655,9.423e-05
0.000102636,7.358e-05,0.00012496,0.000105885,0.00010829
0.000118496,0.00010275,0.00013651,0.000117225,0.00012674
0.000113775,8.107e-05,0.00014446,0.00011491,0.00010415
0.000106879,8.271e-05,0.00012608,0.00010797,0.00010458
0.000121405,0.00010243,0.00016043,0.0001133,0.00012807
0.000108929,8.67e-05,0.00012729,0.00010952,0.00012729
0.000104247,9.159e-05,0.00011672,0.00010394,0.00011092
0.000106744,8.589e-05,0.00013124,0.000100945,0.00013124
0.000110824,8.849e-05,0.00012783,0.00011286,0.00010728
0.000108303,9.222e-05,0.00013125,0.00010535,0.00013125
0.000125094,0.00010106,0.00015772,0.000121405,0.00013627
0.000104495,9.057e-05,0.00012909,0.000100655,0.00012909
0.000107376,9.098e-05,0.00013114,0.00010559,0.00010126
0.000115281,9.178e-05,0.00014689,0.000114675,0.00014689
0.000113825,9.351e-05,0.00014403,0.000109495,0.00010548
0.000106995,9.153e-05,0.00012192,0.000105155,0.00012192
0.000113616,8.862e-05,0.00013945,0.000108245,0.00010404
0.000111469,9.094e-05,0.00012902,0.00011358,9.726e-05
0.00010399,8.774e-05,0.00013834,9.868e-05,9.99e-05
0.000107056,7.948e-05,0.00014243,0.0001017,0.00011563
0.000107391,8.145e-05,0.00013217,0.000109065,0.0001278
0.000102004,8.094e-05,0.00012975,0.000100585,9.545e-05
0.000107559,9.483e-05,0.00013442,0.00010233,0.00013442
0.000106907,8.657e-05,0.0001224,0.000107855,0.00011111
0.000105956,9.205e-05,0.00012792,0.00010291,9.207e-05
0.000108886,7.587e-05,0.00015268,0.000106835,0.00010722
0.000105221,8.419e-05,0.00014175,0.000101315,8.955e-05
9.189e-05,7.478e-05,0.00011242,9.1595e-05,9.917e-05
0.00011024,8.922e-05,0.00014073,0.000105015,8.922e-05
0.000104534,9.056e-05,0.00013196,9.965e-05,0.00013196
0.000126567,9.356e-05,0.00016875,0.000122295,0.00012078
0.000102376,8.435e-05,0.0001423,9.6135e-05,0.0001423
0.000110144,9.274e-05,0.0001382,0.000109095,0.0001382
0.000105461,9.105e-05,0.00012346,0.00010604,0.00011134
0.000115051,8.839e-05,0.00015262,0.000110995,8.839e-05
0.000109995,9.438e-05,0.00014212,0.000100385,9.882e-05
0.000113148,9.913e-05,0.00014404,0.000107425,0.00011144
0.000113472,0.00010119,0.00013845,0.000108965,0.00010264
0.000109054,9.71e-05,0.00012217,0.000109485,9.71e-05
0.000115921,9.521e-05,0.00014078,0.000120765,0.00014078
0.000103645,8.653e-05,0.00013052,0.000101805,9.903e-05
0.000116561,9.703e-05,0.00014164,0.00011614,0.00010306
9.9136e-05,8.957e-05,0.00011055,9.785e-05,0.0001065
9.7527e-05,8.337e-05,0.00011567,9.8725e-05,0.0001014
9.6945e-05,8.298e-05,0.00011505,9.9765e-05,0.00011505
0.000121778,8.688e-05,0.00016232,0.00011686,0.00011094
0.000103393,9.354e-05,0.00012857,9.8905e-05,0.00012857
0.000114679,8.651e-05,0.0001495,0.000110035,0.00010412
0.000112298,9.226e-05,0.00013362,0.00010981,0.00012833
0.000116409,9.59e-05,0.00014922,0.000119925,0.00014922
0.00012297,0.00010174,0.00016225,0.00011585,0.00013183
0.000102887,8.617e-05,0.00013393,0.00010009,0.00013393
0.000108463,8.607e-05,0.00012429,0.000109255,9.991e-05
0.000108447,9.47e-05,0.0001214,0.000108705,0.0001214
9.8037e-05,8.838e-05,0.00011953,9.468e-05,0.00011953
0.000104429,8.448e-05,0.00013476,0.00010132,0.00010305
9.9475e-05,8.183e-05,0.00012503,9.9475e-05,8.183e-05
0.000106985,9.436e-05,0.00011707,0.000106015,0.00010403
0.000109406,9.722e-05,0.00013183,0.0001067,9.722e-05
0.00010868,9.198e-05,0.00014342,0.00010231,0.00014342
0.000103245,8.696e-05,0.00012648,0.000100555,0.00010046
0.000111393,8.691e-05,0.00014379,0.0001104,8.691e-05
0.000106284,7.552e-05,0.00013283,0.00010815,0.00011008
0.000108269,7.951e-05,0.00014939,0.00010143,0.00010041
0.000108291,8.104e-05,0.00013532,0.00010924,0.00010514
0.00011518,0.00010118,0.00015241,0.000109095,0.00010175
0.000101716,8.117e-05,0.00013247,9.775e-05,0.00010356
0.000106742,9.981e-05,0.00013035,0.00010312,0.00010034
0.000110549,8.813e-05,0.00013512,0.000109595,0.00010703
0.000117104,9.221e-05,0.0001483,0.000113835,0.00013197
0.000111716,9.829e-05,0.0001404,0.00010544,0.00011008
0.000114606,8.898e-05,0.00014733,0.000115035,0.00014733
0.000111624,0.00010144,0.00013514,0.00010973,0.00011675
0.000103759,8.775e-05,0.00013057,0.00010141,0.00013057
0.000107956,9.329e-05,0.00013273,0.00010391,9.652e-05
0.000105625,8.447e-05,0.0001264,0.00010855,9.404e-05
0.000106359,9.17e-05,0.00011644,0.00010665,0.00011644
0.000102499,7.775e-05,0.00012555,0.000102535,9.51e-05
0.000113199,8.464e-05,0.00013887,0.00011447,0.00013887
0.00010361,9.066e-05,0.0001272,9.7205e-05,9.467e-05
0.00011112,8.626e-05,0.00012232,0.000112755,0.00011687
0.000111631,9.594e-05,0.00013393,0.00010929,0.00010874
9.5608e-05,7.155e-05,0.00012579,9.4545e-05,9.25e-05
0.00011252,9.714e-05,0.0001358,0.000112405,9.947e-05
0.000107068,8.082e-05,0.00013558,0.00010848,0.00010606
0.000112289,9.69e-05,0.00014788,0.000106715,0.00011041
9.9688e-05,6.864e-05,0.00013748,9.27e-05,9.256e-05
0.000101212,7.946e-05,0.00012304,0.000104125,0.0001039
0.000101823,7.869e-05,0.00013349,9.9085e-05,0.00010033
0.000105423,7.307e-05,0.00013414,0.000105155,9.98e-05
0.000120696,9.765e-05,0.00014958,0.00011772,0.00014958
0.000101214,8.297e-05,0.00011637,0.00010221,0.00010475
0.000112312,8.285e-05,0.00014106,0.000111655,9.698e-05
9.8532e-05,8.187e-05,0.00012759,9.532e-05,8.258e-05
0.000111431,9.787e-05,0.0001442,0.00010513,0.00010595
0.000104369,7.14e-05,0.00012752,0.000107585,0.00012503
0.000114436,9.275e-05,0.0001416,0.00011458,0.00011562
0.000106411,8.816e-05,0.00012744,0.000104515,0.00012744
0.000116369,8.807e-05,0.00016067,0.000110305,0.00010886
0.0001093,9.322e-05,0.00012658,0.00010469,0.00012658
0.000109539,8.371e-05,0.0001502,0.000104405,0.00010348
0.000109307,9.019e-05,0.00012495,0.000109605,0.00011489
0.000105002,9.189e-05,0.00011813,0.000104755,0.00010786
0.000118644,9.834e-05,0.00015361,0.000114565,0.00012775
9.5812e-05,8.219e-05,0.00011596,9.752e-05,0.00011596
0.000113023,9.474e-05,0.00013329,0.000110195,0.00013329
0.000103768,8.905e-05,0.00013427,0.0001009,0.00013427
0.000109159,8.637e-05,0.00012613,0.000110595,0.00011167
0.000102765,7.719e-05,0.00012396,0.000105415,0.00010291
0.000113976,9.658e-05,0.0001306,0.000112915,0.0001306
0.000106109,9.313e-05,0.0001424,9.664e-05,9.461e-05
0.000115258,9.42e-05,0.00014506,0.00011367,0.00014506
0.000125334,0.00010105,0.00016354,0.000120705,0.0001299
0.000110266,8.547e-05,0.00013703,0.00010537,0.00013703
0.000102519,9.073e-05,0.00011513,0.000103425,9.073e-05
0.000116361,0.000101,0.00014664,0.00011127,0.00012954
0.000102445,8.955e-05,0.00011459,0.00010346,9.841e-05
0.000109566,9.192e-05,0.00014198,0.00010352,0.00014198
0.000108046,8.917e-05,0.00012285,0.000108885,0.00011345
0.000112929,9.304e-05,0.00015941,0.000102225,0.00015941
0.00011076,8.948e-05,0.00014154,0.00010864,0.00011356
0.00012922,0.00010513,0.00016465,0.000127275,0.00016465
0.000119486,9.875e-05,0.00016014,0.00011141,9.891e-05
0.000110668,9.108e-05,0.00012966,0.000113185,0.00012597
0.00010314,8.581e-05,0.00012066,0.000106215,0.00010173
0.000110141,9.872e-05,0.00013098,0.00010762,0.00010681
0.000103794,7.648e-05,0.00012784,0.00010607,9.668e-05
0.000106046,8.407e-05,0.00012401,0.000104995,0.00010413
0.000101396,7.521e-05,0.00013007,0.00010192,0.00010636
0.000109395,9.532e-05,0.00012617,0.000109355,0.00012617
0.000101512,7.869e-05,0.00011565,0.000102145,9.919e-05
9.8964e-05,8.132e-05,0.00012507,9.8415e-05,0.00010388
0.000109155,8.339e-05,0.00014129,0.000106025,0.00011597
0.000114145,7.933e-05,0.00013946,0.000120945,0.00011421
0.000115569,8.487e-05,0.0001554,0.000105705,0.0001554
0.000106345,8.65e-05,0.00012183,0.000107185,0.00010758
0.000113444,8.663e-05,0.00013801,0.00011628,0.00013801
0.000107735,8.655e-05,0.00012348,0.0001096,0.00010729
0.000113881,8.833e-05,0.00013656,0.000113975,0.00013656
0.000104979,8.9e-05,0.00012975,0.00010358,0.00010955
0.000115343,9.739e-05,0.00014698,0.000111875,0.00011981
0.00010546,8.793e-05,0.00013491,0.00010077,0.0001045
0.000114562,8.643e-05,0.00015443,0.0001127,0.00012021
9.5174e-05,7.881e-05,0.00011642,9.0525e-05,9.043e-05
0.000109295,7.403e-05,0.0001355,0.000111715,0.00013197
0.000121634,8.434e-05,0.00016162,0.00011909,0.00013087
0.000110814,9.026e-05,0.00012895,0.000111015,0.00012895
0.000108475,8.514e-05,0.00012342,0.00010948,0.00011093
0.000113082,7.406e-05,0.00014783,0.00011266,0.00013245
0.000111418,9.63e-05,0.00013692,0.00010823,0.00010668
0.000103583,8.54e-05,0.00012606,9.7875e-05,8.54e-05
0.000101488,9.319e-05,0.0001166,0.000100485,9.927e-05
0.000110565,9.885e-05,0.00013656,0.000104045,0.00010358
0.00010673,9.664e-05,0.00011868,0.00010608,0.0001051
0.000109518,8.995e-05,0.00013974,0.00010771,8.995e-05
0.00011182,8.681e-05,0.00014777,0.000106495,0.00014777
0.000105124,9.472e-05,0.00011611,0.000104635,9.472e-05
0.000101389,7.94e-05,0.00012656,0.000101715,0.00012656
0.00010336,8.156e-05,0.00012046,0.000104505,0.00010387
0.000109355,8.765e-05,0.0001328,0.000108435,0.0001328
0.000101105,8.955e-05,0.00012263,0.000100635,0.00010268
0.000112073,8.677e-05,0.0001443,0.00010495,0.00011715
0.000105944,7.747e-05,0.00013507,0.000106755,0.00011921
0.000106589,8.132e-05,0.00013218,0.00010637,0.00010101
0.000104971,7.415e-05,0.00012574,0.00010609,0.00012574
0.00011826,0.00010134,0.00015404,0.00011087,0.00012565
0.000102236,8.561e-05,0.00012417,0.00010416,0.00012417
0.000122389,9.791e-05,0.00015734,0.00012202,0.00012654
0.000103298,9.111e-05,0.00011976,0.0001018,9.111e-05
0.000107527,9.115e-05,0.00012978,0.00010714,0.00012978
0.000113545,9.329e-05,0.00014106,0.00011134,0.00012376
0.000115155,8.534e-05,0.00013911,0.000114775,0.00013911
9.8956e-05,8.6e-05,0.0001188,9.6795e-05,9.879e-05
0.000111449,8.638e-05,0.000148,0.000103955,8.638e-05
0.000111717,9.063e-05,0.00013627,0.000110545,0.00010112
0.000109081,9.268e-05,0.00012814,0.000112185,0.00012814
0.000110364,8.981e-05,0.00013005,0.000110845,0.00011103
0.000117996,8.843e-05,0.00014378,0.00011711,0.0001308
0.000108946,9.11e-05,0.00012582,0.000111455,0.00011384
0.000112505,9.599e-05,0.00013808,0.000108595,0.00012176
0.000115188,9.673e-05,0.00014703,0.00011122,0.00011052
0.000104189,7.423e-05,0.00012686,0.000107775,0.00012686
0.000115328,9.472e-05,0.00014788,0.000114025,0.00011832
9.97e-05,7.866e-05,0.00013254,9.7235e-05,7.949e-05
0.000105021,7.778e-05,0.00014172,0.00010558,0.0001164
0.000106577,8.543e-05,0.00013053,0.000106235,0.00013053
0.000106412,8.957e-05,0.00011656,0.00010691,0.00010411
0.000111104,9.362e-05,0.00013733,0.000111365,9.362e-05
0.00010573,9.069e-05,0.00012026,0.00010508,9.069e-05
0.000110404,8.724e-05,0.00013101,0.0001135,0.00010832
0.00010101,8.584e-05,0.00011986,0.00010032,0.00011986
0.00011413,9.907e-05,0.00012379,0.00011664,0.00012041
0.000102696,7.953e-05,0.00012716,0.00010398,0.00010789
0.000105495,7.64e-05,0.00012833,0.000104825,0.00010104
0.00010266,8.292e-05,0.00012198,0.000101885,0.00012198
0.000105275,8.613e-05,0.00012122,0.000107895,0.00011078
0.000115346,9.894e-05,0.00014024,0.00011151,0.00012367
0.00010298,8.082e-05,0.00013422,0.00010088,0.00011037
0.000107604,8.892e-05,0.00012309,0.00010867,8.892e-05
0.000109935,9.253e-05,0.00013251,0.00010878,0.00010189
0.00011322,9.596e-05,0.00014521,0.00010725,0.00014521
0.000114719,8.434e-05,0.00014814,0.000113985,0.00011257
0.000123476,0.00010082,0.00015873,0.000122395,0.00015873
0.000110615,8.718e-05,0.00013303,0.0001128,0.00010242
0.000111661,8.22e-05,0.00013811,0.000113205,0.00013811
0.00010352,8.964e-05,0.0001159,0.000103635,9.454e-05
0.00010388,8.209e-05,0.00012883,9.903e-05,0.00012883
0.000107125,8.879e-05,0.00013391,0.000102395,0.00011714
0.000116005,9.075e-05,0.00015687,0.000111765,0.00015687
0.000115545,9.006e-05,0.00015892,0.00010751,9.729e-05
0.000113157,8.705e-05,0.00014113,0.00011779,0.00014113
0.000103467,8.612e-05,0.00011567,0.00010547,0.00010006
0.000114563,9.122e-05,0.00013168,0.00011665,0.00013168
0.00012013,0.00010004,0.00015967,0.000109235,0.00010852
0.0001095,8.505e-05,0.00013482,0.000113755,0.00012773
0.000101989,9.027e-05,0.00011742,0.00010139,9.569e-05
0.000112518,8.918e-05,0.00014062,0.00011121,0.00014062
0.000112445,9.068e-05,0.00014263,0.000108875,9.865e-05
0.000107881,9.622e-05,0.00013859,0.00010162,0.00013859
0.000102837,9.075e-05,0.00012854,9.6245e-05,9.384e-05
0.000105221,9.186e-05,0.00013037,0.000101835,0.00013037
0.000107519,8.358e-05,0.00013581,0.00010518,0.00010289
0.000130133,0.00010633,0.00017442,0.000124365,0.00017442
9.4192e-05,8.104e-05,0.00011324,9.172e-05,0.00010297
0.00012025,0.00010081,0.00015656,0.00011751,0.00011699
0.000107413,9.698e-05,0.00012549,0.00010177,0.00012549
0.000116756,9.744e-05,0.00014083,0.00011626,0.00014083
0.000101174,8.883e-05,0.00012114,9.8475e-05,0.00010102
0.000114745,8.223e-05,0.00015289,0.000109395,0.00015289
0.000131806,0.0001038,0.00016487,0.00013543,0.00013584
0.000106329,8.284e-05,0.00012033,0.000108605,0.00011949
0.000109761,9.983e-05,0.00013252,0.000105125,0.00010279
0.000105979,8.039e-05,0.00013082,0.00010573,0.00011615
0.000112849,8.894e-05,0.00014892,0.000105125,0.00011909
0.000111306,8.217e-05,0.00013244,0.00011436,0.00012351
0.000118017,9.719e-05,0.00015672,0.000111225,0.0001124
0.00010195,7.164e-05,0.00012544,0.00010693,0.00012544
0.000113505,9.246e-05,0.00012586,0.00011567,0.00011716
0.00010023,8.382e-05,0.0001273,9.6195e-05,0.0001273
0.00011389,8.984e-05,0.0001352,0.000114375,0.00010152
0.000104301,8.803e-05,0.00011478,0.000106665,9.17e-05
0.00010074,7.844e-05,0.00012561,0.000103665,0.00010309
0.000111556,9.703e-05,0.00013464,0.000107015,0.00010491
0.000118636,8.331e-05,0.00015474,0.000123855,0.00015474
0.000109034,9.369e-05,0.00012886,0.000109385,0.00010118
0.000104143,9.283e-05,0.00012438,9.9925e-05,0.00012072
0.000112822,9.685e-05,0.00013446,0.00011208,0.00010279
9.7764e-05,7.552e-05,0.00012965,9.6475e-05,9.762e-05
0.000106145,6.951e-05,0.00014458,0.00010616,0.00010909
0.000121605,8.071e-05,0.00015877,0.000127315,0.00015877
0.000106101,9.492e-05,0.00011621,0.00010772,0.00011621
0.000111413,8.971e-05,0.00013832,0.000109195,9.116e-05
0.00010547,9.272e-05,0.00013115,0.00010089,0.00013115
0.000119546,9.086e-05,0.00016186,0.000110705,0.00010109
0.000106994,8.616e-05,0.00012477,0.00010956,0.00012477
0.000111409,9.443e-05,0.00012917,0.000109605,0.00011454
0.000106481,8.455e-05,0.00012801,0.00010824,0.00011467
0.000106725,9.178e-05,0.00012262,0.000106735,9.792e-05
0.000111473,9.127e-05,0.00013075,0.000112295,0.00013075
0.000109272,8.175e-05,0.00014703,0.00010361,9.665e-05
0.000103384,8.284e-05,0.00013338,0.00010037,0.00013338
0.000102271,8.245e-05,0.00011438,0.00010184,0.00010046
0.000105463,9.248e-05,0.00012794,0.0001038,0.00012794
0.000109873,8.427e-05,0.00013058,0.0001092,0.00010373
0.0001144,9.999e-05,0.00013591,0.00011368,0.00013591
0.000109599,9.071e-05,0.00012659,0.000110555,0.000111
0.000122209,0.00010625,0.00015889,0.000115475,0.00011423
0.000114474,0.000101,0.00012815,0.000114905,0.00010708
0.00011163,9.498e-05,0.00012887,0.000109515,0.00010747
0.000108616,9.383e-05,0.00012293,0.000107275,0.00010837
0.000110992,9.355e-05,0.00012912,0.0001096,0.00012912
0.000104631,9.056e-05,0.00012853,9.914e-05,9.597e-05
0.000110321,9.006e-05,0.00012357,0.00011147,0.00011439
0.000111297,0.00010019,0.0001373,0.00010718,0.0001055
0.000112124,9.293e-05,0.00013758,0.000107075,9.293e-05
0.00010478,9.222e-05,0.00012163,0.00010121,9.326e-05
0.00011265,8.276e-05,0.00014495,0.000111265,0.00010603
0.000113102,9.632e-05,0.00013396,0.000111445,0.00013178
0.00010583,8.002e-05,0.00013313,0.000109005,0.00010713
0.000104423,8.612e-05,0.00014071,0.0001014,8.854e-05
0.000101096,7.648e-05,0.00014207,9.503e-05,0.00010492
0.00010226,8.673e-05,0.00011797,0.00010384,0.00011797
0.000128187,0.00010011,0.00016826,0.00012144,0.00014138
0.000113342,7.821e-05,0.00013985,0.000115385,0.00011253
0.000112918,9.763e-05,0.00013262,0.00011345,0.000111
0.000106093,7.838e-05,0.00013887,0.000103975,0.00011578
0.000104406,8.456e-05,0.00011923,0.000104695,8.456e-05
0.000100011,8.784e-05,0.00011618,9.7735e-05,0.00010963
0.000111625,8.53e-05,0.00015254,0.00010582,0.00015254
0.000103869,9.069e-05,0.00012241,0.000102395,0.00012241
0.000104971,8.678e-05,0.0001179,0.00010378,0.00010282
0.000120645,8.745e-05,0.00015991,0.000119725,0.00015991
0.000102112,8.079e-05,0.00012656,9.865e-05,9.721e-05
0.000116634,9.677e-05,0.00014056,0.000117895,0.00014056
0.00010241,8.573e-05,0.00012572,0.00010267,0.00010562
0.000121039,9.959e-05,0.00016428,0.00011137,0.00016428
0.000102505,8.538e-05,0.00012546,0.000100195,0.00011106
0.000105225,9.843e-05,0.00012154,0.00010219,0.00010104
9.9931e-05,8.369e-05,0.00012653,9.5935e-05,9.904e-05
0.000108494,9.824e-05,0.00011496,0.00010966,0.00011496
0.000102193,8.731e-05,0.0001216,0.00010183,9.744e-05
0.000105696,7.643e-05,0.00012716,0.00010873,0.00012094
0.000111702,9.217e-05,0.00012802,0.00011008,0.00010581
0.000108671,8.841e-05,0.00013901,0.00010797,0.00011067
0.000116953,0.00010322,0.0001517,0.00011066,0.00011066
0.000105299,8.098e-05,0.00014531,9.9505e-05,8.758e-05
0.000118223,9.731e-05,0.00014866,0.000113915,0.00011283
0.000106689,7.522e-05,0.000139,0.00010711,0.00010532
0.000118031,9.691e-05,0.00015701,0.000112175,0.00011381
0.000102254,7.689e-05,0.00013315,0.000100835,9.511e-05
0.000110213,8.664e-05,0.00013959,0.00010733,0.00010837
0.000108939,8.59e-05,0.00014161,0.00010441,0.00011738
0.000114515,8.827e-05,0.00013936,0.00011728,0.00011024
0.000119084,9.684e-05,0.00015489,0.00011505,0.00015489
0.000107353,8.248e-05,0.0001403,0.000103575,0.00010246
0.000108404,9.5e-05,0.00011866,0.00010994,0.00011453
0.00010393,7.935e-05,0.00013763,0.00010137,8.59e-05
0.000109658,9.658e-05,0.00013643,0.0001079,0.00010866
0.000105208,8.172e-05,0.00013876,0.000101455,8.979e-05
0.000105505,9.616e-05,0.00012288,0.000104065,0.00011312
0.000104039,7.514e-05,0.00013569,0.00010335,9.772e-05
0.000106323,9.172e-05,0.00013624,9.979e-05,0.00010459
0.000116453,0.00010076,0.00014999,0.00010859,0.00011633
0.000123249,8.903e-05,0.00016238,0.000123985,0.00010628
0.0001064,8.284e-05,0.00014663,0.000102135,0.00010851
0.000102895,7.681e-05,0.00013095,0.0001037,0.00010199
0.000118555,0.00010162,0.00015677,0.000111675,0.00011123
0.000100326,7.689e-05,0.00013006,9.8355e-05,8.605e-05
0.000140135,8.478e-05,0.00017614,0.00014215,0.00013746
0.000104395,9.163e-05,0.00012651,0.000100405,0.00010224
0.000107522,8.311e-05,0.00012957,0.000108635,0.00010756
0.000107046,8.411e-05,0.00013188,0.000109055,0.00013188
0.000110831,8.701e-05,0.00013593,0.000109615,0.00010978
0.000121259,0.00010068,0.00015508,0.00011638,0.00015508
0.000110315,8.414e-05,0.00013824,0.000107055,0.0001072
0.000117209,9.188e-05,0.0001455,0.000117385,0.0001455
0.000108156,8.698e-05,0.00013248,0.00010568,0.00010545
0.000121606,9.437e-05,0.00016035,0.00011632,0.00016035
0.000103255,8.096e-05,0.00012863,0.0001019,9.705e-05
0.000121939,9.594e-05,0.00016186,0.00011451,0.00016186
9.8808e-05,8.96e-05,0.00011693,9.4965e-05,9.774e-05
0.000133631,9.792e-05,0.00017261,0.000137235,0.00015164
0.00010129,7.002e-05,0.00013463,0.00010133,9.106e-05
0.000116463,9.955e-05,0.00013257,0.000116295,0.00010943
0.00010577,8.574e-05,0.00012432,0.000105065,9.76e-05
0.000115086,7.89e-05,0.00014321,0.000117715,0.00011119
0.000110726,9.293e-05,0.00013718,0.000110465,9.312e-05
0.000111161,7.912e-05,0.00013654,0.0001127,0.00011186
0.000107335,8.791e-05,0.00012842,0.000109095,8.791e-05
0.000102852,7.618e-05,0.00013316,9.957e-05,0.00010897
0.000106652,9.562e-05,0.00011792,0.00010613,0.00010645
0.000102631,8.326e-05,0.00013766,9.4655e-05,0.00010538
0.000100717,8.303e-05,0.00011829,0.00010376,0.00010321
0.000110736,9.437e-05,0.00014476,0.00010369,0.00010568
0.000105012,9.707e-05,0.00011696,0.00010408,9.707e-05
0.000105322,8.088e-05,0.00013848,0.000102085,0.00011799
0.000105289,8.136e-05,0.00013484,0.000104165,0.00010424
0.000115495,9.771e-05,0.00014022,0.00011233,0.00011139
0.000101585,7.265e-05,0.00013914,9.975e-05,8.475e-05
0.000114987,9.744e-05,0.0001454,0.00011271,0.00011563
9.9537e-05,7.482e-05,0.00012773,9.649e-05,8.713e-05
0.000111475,9.864e-05,0.00013567,0.000108005,0.0001088
0.000103899,7.695e-05,0.00014363,9.8245e-05,8.838e-05
0.000108102,9.866e-05,0.00011789,0.00010921,0.00011029
0.000106969,8.202e-05,0.0001342,0.000107055,0.00012122
0.00010068,7.541e-05,0.00011857,0.00010542,0.00010306
0.000112422,8.893e-05,0.00012726,0.000113335,0.00012726
0.000109984,8.946e-05,0.00012629,0.000111585,0.00010398
0.000114676,8.976e-05,0.00013629,0.000117685,0.00013629
0.000106646,8.218e-05,0.00013627,0.00010284,9.987e-05
0.000124523,9.544e-05,0.00016336,0.00012418,0.00016336
0.000101645,8.727e-05,0.00011795,0.0001039,0.00010295
0.000108364,9.842e-05,0.0001153,0.00010895,0.0001114
0.000152225,8.121e-05,0.00021618,0.000157065,0.00019246
0.00011095,9.824e-05,0.00013291,0.00010954,0.00011707
0.00010728,9.65e-05,0.00013149,0.00010225,0.00010337
0.000108818,8.31e-05,0.00013235,0.00011022,0.00012124
0.000115024,8.699e-05,0.00015937,0.000107795,0.0001092
0.00011172,9.684e-05,0.00013916,0.000108065,0.00010201
0.000112627,9.493e-05,0.00013951,0.000109375,0.00010975
0.000106525,7.686e-05,0.00014569,0.000102725,8.863e-05
0.000112684,9.479e-05,0.00015089,0.000105835,0.00011117
0.000109791,7.147e-05,0.00015261,0.000110365,8.667e-05
0.000111536,9.701e-05,0.00014686,0.00010414,0.00010599
0.000106095,7.05e-05,0.00013749,0.000107075,0.0001118
0.000108264,8.992e-05,0.0001408,0.00010168,0.00010405
0.000109449,8.812e-05,0.00014427,0.000104565,0.00010112
9.9734e-05,7.902e-05,0.00011579,0.00010211,9.914e-05
0.000113219,9.064e-05,0.00013621,0.000113585,0.00013621
0.000100254,7.927e-05,0.0001231,9.766e-05,9.526e-05
0.000115116,9.216e-05,0.00013935,0.000117065,0.00013935
0.000102114,8.162e-05,0.00012838,0.00010016,9.713e-05
0.000121819,0.00010045,0.00016026,0.000118435,0.00016026
0.000105695,9.481e-05,0.00012756,0.000101365,0.00012756
0.000118696,8.586e-05,0.00015622,0.00011427,0.00010838
0.0001081,9.424e-05,0.00013298,0.000104065,0.00013298
0.000114506,8.35e-05,0.00015383,0.00010852,0.000103
0.000114219,0.00010226,0.00013599,0.00010981,0.00013599
0.000105084,8.271e-05,0.00013439,0.00010145,0.00010339
0.000114231,9.449e-05,0.00014642,0.00010962,0.00014642
0.000105434,8.512e-05,0.00013142,0.00010403,0.00010592
0.000121151,0.00010215,0.00016218,0.00011302,0.00016218
0.000107792,8.602e-05,0.00013877,0.000105285,0.00010146
0.000120807,9.057e-05,0.00015853,0.000115555,0.00015853
9.8889e-05,8.677e-05,0.00011734,9.617e-05,9.953e-05
0.00011735,0.00010297,0.00015044,0.00011202,0.00011141
0.00010483,7.904e-05,0.0001429,9.8965e-05,9.163e-05
0.000111982,9.837e-05,0.00012735,0.00011199,0.0001069
0.00010762,8.854e-05,0.00012679,0.000104395,0.00012483
0.000106725,7.957e-05,0.00013255,0.000110765,0.00010599
0.000137926,0.00010082,0.00016734,0.00014009,0.00014699
0.000107935,7.739e-05,0.00013891,0.000109315,0.00011251
0.000173898,0.00010183,0.00020577,0.000190895,0.00020169
0.000112347,8.836e-05,0.00014402,0.00011095,0.00012618
0.000112641,9.505e-05,0.00014708,0.00010724,0.00010662
0.000103949,7.825e-05,0.00014263,9.835e-05,9.063e-05
0.000105421,9.37e-05,0.0001218,0.000105155,0.00010634
0.000111774,8.618e-05,0.00014514,0.000107865,0.000122
0.000105197,7.662e-05,0.00013033,0.000106905,0.00010299
0.000122239,9.655e-05,0.00016005,0.00011869,0.00016005
0.000104246,8.021e-05,0.00013507,9.976e-05,9.874e-05
0.000112825,9.586e-05,0.00014323,0.000110455,0.00014323
0.000103384,8.86e-05,0.00012692,0.00010383,0.00010477
0.000117984,9.373e-05,0.00015717,0.00011112,0.00015717
0.000106431,8.734e-05,0.00012454,0.000111785,0.00011099
0.000117288,8.969e-05,0.00015802,0.000115165,0.00015802
9.6961e-05,8.247e-05,0.0001082,9.6945e-05,9.791e-05
9.7603e-05,7.516e-05,0.00012303,9.8755e-05,9.476e-05
0.000107744,8.319e-05,0.00013541,0.000102285,0.00010671
0.000108821,0.00010019,0.00012468,0.00010777,0.00010935
0.00011012,8.617e-05,0.00014355,0.000104315,0.000102
0.000107611,8.065e-05,0.0001347,0.00010809,0.00011733
0.000116686,0.00010063,0.00015008,0.00011097,0.00010952
0.000107291,7.681e-05,0.00014944,0.00010246,9.246e-05
0.000122173,0.00010217,0.00016209,0.0001151,0.00011549
9.952e-05,7.78e-05,0.00012974,9.512e-05,9.162e-05
0.000118145,9.833e-05,0.00015112,0.000114125,0.00011588
0.000103789,7.681e-05,0.00014229,9.8895e-05,9.353e-05
0.000112264,9.858e-05,0.00014306,0.000106445,0.00010849
0.000106931,8.624e-05,0.00013539,0.00010393,0.00010808
0.000107175,8.302e-05,0.00012435,0.00010988,0.0001064
0.000118398,9.734e-05,0.00015927,0.000112535,0.00015927
0.000108349,8.324e-05,0.00014236,0.000104335,0.00010342
0.000114955,9.516e-05,0.00013988,0.000116435,0.00013988
0.000109504,8.525e-05,0.00013925,0.000110215,0.00010786
0.000103781,8.676e-05,0.00012137,0.00010364,0.00012137
0.000102156,9.03e-05,0.0001245,9.575e-05,0.00010943
9.742e-05,7.903e-05,0.00012396,9.955e-05,8.243e-05
0.000105679,8.957e-05,0.00013904,9.5605e-05,0.00010588
0.000102754,8.791e-05,0.00011648,0.000104555,8.791e-05
0.00010493,8.129e-05,0.00014574,9.6515e-05,0.00010611
0.000105913,9.379e-05,0.00013713,9.9755e-05,9.379e-05
0.00011547,9.276e-05,0.00015288,0.000111855,0.00011259
9.813e-05,7.288e-05,0.00012481,9.7445e-05,9.071e-05
0.000116875,9.834e-05,0.00014478,0.000111745,0.00011255
9.9607e-05,7.352e-05,0.00013629,9.548e-05,7.885e-05
0.000117012,9.95e-05,0.00015101,0.00011267,0.00011381
0.000100745,7.577e-05,0.00012978,9.907e-05,9.955e-05
0.000117715,9.576e-05,0.00014952,0.000116265,0.00011745
0.000111762,8.438e-05,0.00013612,0.00011344,0.00012034
0.000110562,9.356e-05,0.00014055,0.00010617,0.00010858
0.00010895,9.848e-05,0.00012471,0.00010629,0.00012471
0.000106539,8.626e-05,0.00012905,0.00010629,0.00010132
0.000113679,9.677e-05,0.00014506,0.000106705,0.00014506
0.000105391,8.493e-05,0.0001373,0.00010313,0.00010387
0.000122413,0.00010188,0.00015896,0.00011573,0.00015896
9.815e-05,7.912e-05,0.0001189,9.8475e-05,9.642e-05
0.000122333,8.869e-05,0.00016451,0.00011661,0.00016451
0.00010123,8.777e-05,0.0001232,9.7735e-05,0.00010828
0.000110386,9.296e-05,0.00013906,0.000105825,0.00013906
9.6026e-05,7.933e-05,0.00011162,9.6435e-05,0.00010127
0.000102132,7.437e-05,0.00012029,0.000105115,0.00011632
0.000101977,8.182e-05,0.00014377,9.447e-05,0.00010287
0.00010985,9.667e-05,0.00013645,0.000106055,9.953e-05
0.000114144,8.919e-05,0.00016013,0.00010616,0.00010835
0.000113118,8.892e-05,0.00015087,0.000107835,8.892e-05
0.000113341,9.851e-05,0.00015037,0.000106415,0.00011283
9.757e-05,7.767e-05,0.00013084,9.356e-05,8.88e-05
0.000111855,9.472e-05,0.00014481,0.000107635,0.00010705
0.000105361,7.812e-05,0.00013391,0.00010637,0.0001067
0.000109332,9.58e-05,0.00012835,0.00010699,0.00010524
0.000114096,8.565e-05,0.00014048,0.000117545,0.00014048
0.000108264,8.363e-05,0.00014299,0.00010152,9.827e-05
0.000122771,9.793e-05,0.00015983,0.000117065,0.00015983
0.000105927,8.068e-05,0.00013527,0.000101275,9.868e-05
0.0001106,9.743e-05,0.00012915,0.0001091,0.00011976
0.000105291,7.405e-05,0.00012714,0.00010821,0.00010865
0.000104944,8.595e-05,0.00012568,0.000103645,8.595e-05
9.834e-05,7.289e-05,0.00012507,9.69e-05,0.00010526
0.00010655,8.679e-05,0.00014655,0.000101795,8.679e-05
0.000100581,8.692e-05,0.00012735,9.4255e-05,0.00010042
0.00010778,8.849e-05,0.0001315,0.00010701,0.0001315
0.00010372,9.034e-05,0.00012003,0.000101125,9.798e-05
0.000101919,7.837e-05,0.00011925,0.0001054,0.00010352
0.000108708,9.065e-05,0.0001304,0.00011051,0.0001304
0.000111545,8.335e-05,0.00014288,0.00010836,0.00010273
0.000114714,9.11e-05,0.00012908,0.0001162,0.00012908
0.000104127,8.383e-05,0.00012708,0.00010451,9.924e-05
0.000124299,9.712e-05,0.00016286,0.000122275,0.00016286
0.000100172,8.607e-05,0.00011607,9.9635e-05,9.437e-05
0.00011905,9.147e-05,0.00015797,0.000109875,0.00015797
0.000101246,8.951e-05,0.00012369,9.8905e-05,0.00010242
0.000117305,0.00010022,0.00014151,0.000112925,0.00011068
0.000108521,8.505e-05,0.00014018,0.00010415,0.00011704
0.000111829,8.007e-05,0.00013466,0.000115695,0.00010941
0.000110889,9.559e-05,0.00012465,0.00011028,0.00012465
0.000107501,8.435e-05,0.00013104,0.00010632,9.995e-05
0.000108668,9.195e-05,0.00013414,0.000107085,0.00013414
0.000107038,8.55e-05,0.00013428,0.000105765,0.00011142
0.000114172,9.092e-05,0.00013606,0.00011582,0.00013606
0.000100416,8.756e-05,0.00011968,9.9145e-05,0.00010623
9.6188e-05,8.277e-05,0.00012014,9.747e-05,8.493e-05
0.000106176,7.195e-05,0.00012926,0.00010922,0.0001199
0.000110967,9.82e-05,0.0001381,0.000104745,0.00010548
0.00011302,8.767e-05,0.00015392,0.00010808,0.00011074
0.000100907,7.523e-05,0.00012328,0.000105255,0.00010182
0.000111751,9.174e-05,0.00013176,0.00011132,0.00012434
0.000100419,7.545e-05,0.00011693,0.000104755,0.00010283
0.000116768,9.486e-05,0.00014043,0.00011495,0.00014043
0.00010359,8.69e-05,0.00012862,0.00010313,0.00010312
0.00012203,9.215e-05,0.00016145,0.00012064,0.00016145
0.00011861,9.019e-05,0.00017489,0.00010676,0.00010106
0.000110867,9.151e-05,0.00012598,0.00011115,0.00011214
0.000107391,9.605e-05,0.00013816,0.00010039,0.00013816
0.000107905,8.62e-05,0.00012514,0.000108545,0.00010946
0.000108434,9.306e-05,0.00012883,0.000105965,0.00012883
0.000106171,8.391e-05,0.00013048,0.000105785,0.00010039
0.000115718,9.642e-05,0.00014743,0.00010993,0.00014743
0.000105354,8.413e-05,0.0001341,0.000100305,9.804e-05
0.000119314,9.606e-05,0.00015998,0.00011775,0.00015998
0.000103292,8.62e-05,0.00012877,0.00010623,0.00010444
0.000121959,9.761e-05,0.00016284,0.00011407,0.00016284
9.9448e-05,8.985e-05,0.00011442,9.9115e-05,0.0001003
0.000111622,0.00010132,0.00012638,0.00011155,0.00011657
0.000100674,7.322e-05,0.00013485,9.672e-05,9.243e-05
0.000116121,9.885e-05,0.00014706,0.000110735,0.00010983
0.000109182,8.525e-05,0.00013983,0.000105105,8.525e-05
0.000107677,8.117e-05,0.00013676,0.000107445,0.00010571
0.000112902,9.551e-05,0.00014518,0.00010726,0.00011117
0.000106789,7.091e-05,0.00013202,0.00011252,0.00010308
0.000114856,9.251e-05,0.0001329,0.0001126,0.0001329
0.000100339,8.103e-05,0.00012251,9.902e-05,9.263e-05
0.000107649,9.832e-05,0.00012227,0.000105965,0.00010422
0.000102264,8.054e-05,0.00013466,9.518e-05,0.00010361
0.000114652,9.639e-05,0.0001459,0.000111145,0.00011856
0.000114981,9.117e-05,0.00016529,0.00010348,0.00011162
0.000101203,8.08e-05,0.00011688,0.000103415,0.00011688
0.000107694,9.289e-05,0.00012923,0.000104705,9.289e-05
9.958e-05,8.017e-05,0.00011362,9.9965e-05,0.00011362
0.000112632,9.538e-05,0.00013707,0.000108615,0.00010961
0.000107629,8.461e-05,0.00012987,0.000110925,0.00012987
0.000104942,9.087e-05,0.00012477,0.00010566,9.087e-05
0.000100233,8.64e-05,0.0001242,9.842e-05,0.0001242
0.000107201,8.97e-05,0.00012,0.000108225,9.67e-05
9.2296e-05,7.158e-05,0.00011831,9.064e-05,9.139e-05
0.00011285,9.805e-05,0.00015173,0.000104795,0.00010673
0.00010825,9.43e-05,0.00012541,0.00010672,0.00012541
0.000114561,8.752e-05,0.00014332,0.00011153,0.0001083
0.000110541,8.978e-05,0.0001285,0.000110295,0.0001285
0.00011025,8.297e-05,0.00014035,0.000106355,0.0001064
0.000116073,9.12e-05,0.00014021,0.000117845,0.00014021
0.000105186,8.318e-05,0.00013175,0.00010409,0.00010186
0.000124465,9.56e-05,0.00016247,0.000123035,0.00016247
9.6021e-05,8.172e-05,0.00011167,9.519e-05,9.181e-05
0.000111446,9.902e-05,0.00013551,0.00011126,0.00013551
0.000109407,8.004e-05,0.00014246,0.00010485,9.993e-05
0.000113513,9.348e-05,0.00013744,0.00011327,0.00011168
0.000109922,8.854e-05,0.00014194,0.00010432,0.00011785
0.000110329,7.617e-05,0.00013719,0.00011468,0.00011404
0.000108141,9.115e-05,0.00013975,0.00010284,0.00010959
0.000107619,7.347e-05,0.00013836,0.00011008,0.00011212
0.000117262,9.332e-05,0.00015645,0.000112075,9.332e-05
0.000110498,7.422e-05,0.00013796,0.00011306,0.00010775
0.000110371,8.649e-05,0.00014066,0.00011035,8.649e-05
0.000104702,7.309e-05,0.00014222,0.000103665,0.00011185
0.000107201,9.407e-05,0.00012821,0.00010248,0.00012369
0.000110492,9.093e-05,0.00013544,0.00010461,0.00012894
0.000113658,9.878e-05,0.00014654,0.000105815,0.00011012
0.000115486,9.804e-05,0.00014472,0.000109455,0.00012446
9.3308e-05,7.833e-05,0.00011476,9.3975e-05,9.501e-05
0.000117597,9.484e-05,0.00014607,0.000112335,0.00012934
0.000102865,7.564e-05,0.00012595,0.00010541,0.00010613
0.000120289,9.996e-05,0.00015129,0.0001165,0.00012996
0.000100474,7.224e-05,0.00012252,0.000104155,0.00010666
0.000119544,9.887e-05,0.0001538,0.000114325,0.00012899
0.000102118,8.213e-05,0.00013537,9.4665e-05,9.901e-05
0.000107998,9.813e-05,0.00011697,0.000108895,0.00011697
0.000105515,9.286e-05,0.00012005,0.000102285,0.00011675
0.000113129,9.643e-05,0.00014211,0.0001086,0.00011133
0.000108719,9.445e-05,0.00012389,0.00010919,0.00012389
0.000110629,8.471e-05,0.0001323,0.000111505,0.00011472
0.000115264,9.534e-05,0.00013525,0.000114625,0.00013368
9.9248e-05,8.199e-05,0.00012683,9.532e-05,9.278e-05
0.000121368,9.548e-05,0.00015553,0.00012016,0.00015553
0.000106294,8.72e-05,0.0001398,0.000106535,0.00010719
0.00011372,8.739e-05,0.00013148,0.000112915,0.00012788
0.000107424,8.235e-05,0.00013794,0.00010542,0.00010025
0.000112914,0.0001021,0.00013328,0.00011164,0.00010921
0.000101028,8.357e-05,0.00012894,9.6395e-05,8.357e-05
0.0001023,7.446e-05,0.00013734,0.00010004,0.00010829
0.000109164,9.107e-05,0.00013074,0.000105475,9.107e-05
0.000115435,8.622e-05,0.00014126,0.00012002,0.00011694
0.000112269,9.654e-05,0.00013681,0.000109655,0.00011032
0.000102611,8.335e-05,0.00012856,9.9715e-05,0.00011396
0.000111482,9.689e-05,0.00012675,0.00011085,0.00011956
0.000104849,7.496e-05,0.00013255,0.00010681,0.00010041
0.000112204,9.664e-05,0.00013155,0.000110215,0.00012987
0.000101254,8.445e-05,0.00013618,9.241e-05,0.00010305
9.6555e-05,8.016e-05,0.00012006,9.578e-05,8.292e-05
0.000112189,9.882e-05,0.00014421,0.00010373,0.00010815
0.000107742,9.851e-05,0.00012447,0.000106655,0.00010106
0.000107896,8.73e-05,0.00013476,0.00010373,0.00010504
0.000101605,8.242e-05,0.00012197,9.992e-05,8.242e-05
0.000113395,9.918e-05,0.00015494,0.000104515,0.00010817
0.000111338,8.656e-05,0.00013682,0.000110805,0.00011841
0.000114783,9.836e-05,0.00015344,0.00010803,0.00011564
9.911e-05,7.564e-05,0.00012601,9.8785e-05,8.364e-05
0.00011583,9.618e-05,0.00014662,0.00010875,0.00010802
0.000102582,7.441e-05,0.00012481,0.000106375,0.00011012
0.000113554,9.717e-05,0.00014495,0.000107535,0.00010699
0.000109009,9.86e-05,0.00012669,0.00010461,0.00011317
9.5279e-05,7.363e-05,0.00011876,9.5395e-05,9.963e-05
0.000109099,8.31e-05,0.00013618,0.00010956,0.00012135
0.000101149,8.142e-05,0.00013126,9.437e-05,0.00013126
0.000128391,0.00010618,0.00016345,0.000124395,0.00013677
0.00010115,8.098e-05,0.00012959,9.6255e-05,0.00012959
0.000121075,0.00010033,0.0001496,0.000120685,0.00013031
9.631e-05,8.12e-05,0.00011626,9.407e-05,0.00011626
0.000117742,8.421e-05,0.00016157,0.00011146,9.651e-05
9.576e-05,7.766e-05,0.00011023,9.5185e-05,0.00011023
0.000111071,8.613e-05,0.00012516,0.00011044,0.00010744
0.000108334,8.042e-05,0.00014159,0.00010673,0.00011859
0.000110726,8.223e-05,0.0001396,0.00011039,0.00011004
0.000116814,9.37e-05,0.0001472,0.00011137,0.00012325
0.000109882,6.845e-05,0.00013989,0.000114075,0.00011203
0.000111715,9.877e-05,0.00013774,0.000108915,0.00010381
0.000105176,7.592e-05,0.00013336,0.00010711,0.00010953
0.000103538,9.014e-05,0.00011592,0.000103975,9.014e-05
9.9924e-05,8.145e-05,0.00012527,9.6735e-05,0.00010371
0.000105996,9.33e-05,0.00011822,0.00010743,9.33e-05
0.00010267,8.202e-05,0.00012495,0.00010286,8.876e-05
0.000112088,9.584e-05,0.00014111,0.000106335,0.00010501
0.000109109,7.741e-05,0.00013799,0.000108445,0.00011965
0.000100148,7.002e-05,0.0001222,0.00010384,0.00010531
0.000115136,9.115e-05,0.00015,0.00011251,0.00012493
0.000106248,7.774e-05,0.00013537,0.000106285,0.00010761
0.000125173,0.00010132,0.00016647,0.00011921,0.00012981
9.9229e-05,7.391e-05,0.00013344,9.673e-05,0.0001038
0.000114824,9.497e-05,0.00014599,0.000110325,0.00011497
0.000100375,8.616e-05,0.0001249,9.3715e-05,9.947e-05
0.000113495,9.582e-05,0.00014259,0.00010974,0.00010493
0.000108189,9.862e-05,0.00012719,0.00010262,0.00010284
0.000108472,9.928e-05,0.00012318,0.00010965,9.928e-05
0.000103424,8.882e-05,0.00012865,9.9985e-05,9.448e-05
0.0001067,8.397e-05,0.00013641,0.00010686,0.00010831
0.00011008,9.387e-05,0.00012774,0.00010884,0.00010512
0.000102925,7.962e-05,0.00012628,0.00010425,0.00010442
0.000116205,9.364e-05,0.00014064,0.000116945,0.00010784
0.000106829,8.549e-05,0.00014655,0.000100665,8.549e-05
0.000118587,9.722e-05,0.00015549,0.000113285,0.00011627
0.00010312,7.342e-05,0.00013595,0.00010218,9.538e-05
0.000114861,9.863e-05,0.00014403,0.000108405,0.00010841
0.000100665,8.119e-05,0.00013129,9.5275e-05,9.267e-05
0.000111648,0.00010189,0.00012083,0.000110995,0.00011029
0.000111476,8.894e-05,0.00014162,0.0001059,0.00011897
0.000112551,8.168e-05,0.00013655,0.000116615,0.00011236
0.000120785,9.634e-05,0.00015349,0.00011481,0.00012952
0.000109492,7.571e-05,0.00013815,0.000109945,0.00010572
0.000115164,9.757e-05,0.0001387,0.00011422,0.00011637
0.000106484,7.916e-05,0.00013738,0.00010577,0.00010635
0.000113253,9.778e-05,0.00014422,0.00011052,0.00011665
0.000105115,8.064e-05,0.00014965,9.8475e-05,0.00010902
0.000106234,9.154e-05,0.00013163,0.00010641,0.00011704
0.000106073,8.32e-05,0.00014076,0.000100825,8.32e-05
0.00010174,7.186e-05,0.00012757,0.00010468,0.0001082
0.00011451,9.725e-05,0.00013547,0.000112265,0.00011355
0.000107282,7.313e-05,0.00013484,0.000113915,0.00010915
0.00010932,9.604e-05,0.00012023,0.00011169,0.00012023
0.000101876,8.571e-05,0.00012591,0.000101525,9.771e-05
0.000112186,9.189e-05,0.00014522,0.000109585,0.00014522
0.000104721,8.273e-05,0.0001251,0.000105105,9.939e-05
0.000122159,8.92e-05,0.00015797,0.00011892,0.00015797
0.000100482,8.358e-05,0.00011129,0.00010096,0.00010298
9.4923e-05,7.991e-05,0.00012066,9.538e-05,8.611e-05
0.000109591,8.679e-05,0.000144,0.000102415,0.00011076
0.000113335,0.00010039,0.00014473,0.000107895,0.00010652
0.000105644,8.615e-05,0.00013464,0.0001006,9.832e-05
9.6129e-05,7.409e-05,0.00012682,9.3975e-05,9.218e-05
0.000117664,0.00010046,0.00015363,0.000110955,0.0001093
0.000100994,7.867e-05,0.00013169,9.88e-05,9.392e-05
0.00012613,0.00010762,0.00015763,0.000119335,0.00012407
9.8425e-05,8.556e-05,0.00013284,9.1435e-05,0.00013284
0.000119803,8.944e-05,0.00015847,0.000117675,0.00011895
9.5726e-05,8.03e-05,0.00010544,9.6385e-05,0.00010544
0.000113042,8.712e-05,0.00015103,0.000106955,9.744e-05
0.000104265,9.364e-05,0.0001243,9.8115e-05,0.0001243
0.000111815,8.42e-05,0.00013864,0.000110595,0.00010777
0.000121669,9.567e-05,0.00015457,0.000118855,0.00015457
0.000103918,8.506e-05,0.00013448,9.7195e-05,9.804e-05
0.000106396,9.316e-05,0.00011572,0.000110675,0.00011572
0.000102148,7.868e-05,0.00012839,0.00010121,9.267e-05
0.000110264,8.166e-05,0.00013471,0.00011177,0.00013471
9.7136e-05,8.547e-05,0.00011286,9.439e-05,0.00010057
0.000106581,9.435e-05,0.00012964,0.00010627,9.967e-05
0.000107899,6.965e-05,0.0001582,0.000101875,9.027e-05
9.8395e-05,7.168e-05,0.00011859,0.000104005,0.00010667
0.000110229,9.766e-05,0.00013959,0.00010432,0.00010113
0.000108216,9.23e-05,0.0001268,0.000106125,0.0001066
0.000117335,9.274e-05,0.0001592,0.000108735,0.00011993
9.6941e-05,7.326e-05,0.00013172,9.2665e-05,9.906e-05
0.00011415,8.922e-05,0.0001329,0.000114425,0.0001329
0.000104225,8.383e-05,0.00013108,9.81e-05,9.809e-05
0.000111139,9.311e-05,0.00012838,0.00011313,0.00012838
0.000106556,8.801e-05,0.00012244,0.000106355,0.00010953
0.000116092,9.68e-05,0.00014119,0.0001115,0.0001075
0.000103551,8.507e-05,0.00013046,0.00010127,0.00010938
0.000116771,9.643e-05,0.00013752,0.00011853,0.00010956
0.000109819,9.583e-05,0.00012333,0.000109655,0.00012333
0.000108929,8.275e-05,0.00013335,0.000109675,0.00010964
0.000107931,9.583e-05,0.00012174,0.000106275,0.00012174
0.000109353,9.062e-05,0.00013471,0.00010693,0.00010427
0.00012192,9.565e-05,0.00016107,0.0001175,0.00016107
9.7457e-05,8.658e-05,0.00010521,9.6975e-05,0.00010276
0.000115816,7.67e-05,0.00016356,0.0001134,0.00011279
0.000108232,7.778e-05,0.000144,0.000107785,0.00010549
0.00011933,0.00010176,0.00015405,0.000112015,0.00011855
9.8912e-05,6.883e-05,0.00013487,9.671e-05,8.7e-05
0.000107718,8.592e-05,0.00012915,0.00011058,9.767e-05
0.000114066,9.695e-05,0.00014382,0.000105545,0.00010495
0.000111744,8.01e-05,0.00014257,0.000112335,0.00010649
0.000110419,9.484e-05,0.00013552,0.000106995,9.484e-05
0.000104973,8.319e-05,0.00012193,0.000108025,0.00010004
0.000111118,8.974e-05,0.0001355,0.000111215,0.0001355
0.000106855,8.193e-05,0.00013075,0.000103375,0.00010026
0.000123386,0.00010449,0.00016068,0.000119205,0.00016068
0.000108168,9.221e-05,0.00012455,0.000107115,0.00011561
0.000107131,9.454e-05,0.00012313,0.000107695,0.0001079
0.000106849,8.479e-05,0.0001437,0.000102485,0.00010425
0.00010587,7.188e-05,0.00014619,0.000106765,0.00011393
0.000116485,9.161e-05,0.0001618,0.00010741,0.0001128
0.000104225,7.724e-05,0.00011991,0.00010859,0.00011944
0.000123519,9.893e-05,0.00014731,0.00012254,0.00013477
0.000102251,8.169e-05,0.00012379,0.000100525,0.00012379
0.000108181,8.223e-05,0.00012284,0.00011026,0.00010754
0.000113376,9.814e-05,0.00013051,0.000113745,0.00011931
0.000113781,9.118e-05,0.00015455,0.00010514,0.00011466
0.000110222,8.456e-05,0.000133,0.00011274,0.00011554
0.000103671,9.241e-05,0.0001123,0.00010364,0.00011011
0.000108598,8.9e-05,0.00013221,0.00010856,0.0001275
0.000107087,7.769e-05,0.00013701,0.00010793,0.00010819
0.000110988,8.787e-05,0.00013197,0.00011166,0.00013197
0.000105401,8.145e-05,0.00013314,0.00010204,0.00010064
0.000113921,9.135e-05,0.00013503,0.000115755,0.00013503
0.000108436,8.372e-05,0.00014386,0.00010387,0.00010065
0.000123934,9.817e-05,0.00015771,0.00012528,0.00015771
0.000105451,8.621e-05,0.00012832,0.00010938,0.00010936
0.000124805,9.879e-05,0.00016248,0.000121205,0.00016248
0.000101214,8.599e-05,0.00011428,0.00010174,0.00010413
0.00011052,9.27e-05,0.00013841,0.000108785,0.00011144
0.000109416,8.591e-05,0.00013971,0.000105925,0.00011711
0.000108303,7.763e-05,0.00013306,0.000110905,0.00010516
0.000118367,9.57e-05,0.00015649,0.00011381,0.00015649
0.000111056,8.578e-05,0.00013736,0.00010925,0.00010122
0.000108029,9.416e-05,0.00013519,0.00010481,0.00013519
0.00010452,8.454e-05,0.00013626,0.000100865,9.947e-05
0.000117379,9.18e-05,0.00015608,0.000117445,0.00015608
0.00010114,9.212e-05,0.00011821,9.818e-05,9.709e-05
0.000105884,8.31e-05,0.00012095,0.000109715,0.00011295
0.000105189,8.973e-05,0.00012691,0.00010746,0.00010596
0.000101453,8.608e-05,0.00012161,9.9205e-05,8.608e-05
0.000109058,8.361e-05,0.00015587,9.8325e-05,0.00010741
9.9156e-05,7.154e-05,0.00013497,0.00010018,8.568e-05
0.000108217,8.409e-05,0.00014345,0.000104695,0.00010159
0.00010461,8.62e-05,0.00012311,0.00010301,8.62e-05
0.000116425,9.857e-05,0.00014679,0.00011317,0.00011783
0.000101718,7.263e-05,0.00014584,9.6105e-05,9.07e-05
0.000114146,9.883e-05,0.00014289,0.00010897,0.00010462
0.000101682,7.895e-05,0.00013493,9.843e-05,9.908e-05
0.000113231,9.607e-05,0.00014193,0.00010976,0.0001067
0.000105127,9.731e-05,0.00012871,0.000100815,0.00012871
0.000116231,8.531e-05,0.00015476,0.00010935,0.00010912
0.000117731,9.774e-05,0.00015108,0.000115205,0.00015108
0.000109079,8.26e-05,0.00014067,0.000104785,0.00010355
0.000116982,9.364e-05,0.00014954,0.00011209,0.00014954
0.000103475,8.706e-05,0.00013061,9.805e-05,0.0001044
0.000115711,0.00010036,0.00015134,0.00010683,0.00015134
0.00010728,8.209e-05,0.00013313,0.000111675,0.0001069
0.000123464,0.00010424,0.00015195,0.000123055,0.00015195
0.000114216,0.00010123,0.00013569,0.000109835,0.00012999
0.000120166,8.917e-05,0.00015587,0.00011922,0.00015587
0.000100563,8.814e-05,0.00012802,9.469e-05,9.378e-05
0.000114316,9.449e-05,0.00013709,0.000117595,0.00011107
0.000104557,8.94e-05,0.00012546,0.000103465,9.949e-05
0.000100453,7.989e-05,0.00012273,0.000101245,0.0001213
0.000109146,9.241e-05,0.00013567,0.000105455,0.000119
0.000111306,9.508e-05,0.0001236,0.00011191,0.00010669
0.000106564,9.163e-05,0.00012621,0.000106785,0.00012621
0.000104625,8.762e-05,0.00012163,0.00010499,0.00010036
0.00011965,9.45e-05,0.00014986,0.000118355,0.00010996
0.000103853,8.293e-05,0.00014673,9.204e-05,0.00010741
0.000114885,9.34e-05,0.0001514,0.00011117,0.00011676
0.000107102,9.012e-05,0.00014588,9.813e-05,0.00010674
0.000106699,8.934e-05,0.00013352,0.0001025,8.934e-05
0.00011328,8.684e-05,0.00015484,0.00010416,0.00011564
0.000105459,8.363e-05,0.00012517,0.00010616,0.0001142
0.00010972,9.859e-05,0.00011975,0.00011156,0.00011342
0.000113994,9.683e-05,0.00013879,0.00010987,0.00012746
0.000120445,9.55e-05,0.00014298,0.0001215,0.00011272
0.000101828,7.872e-05,0.00011838,0.00010388,0.00011774
0.000102113,7.032e-05,0.00012726,0.000103955,9.963e-05
0.000111872,8.403e-05,0.00013623,0.00011108,0.00013623
0.000109216,8.559e-05,0.00012224,0.00010926,0.0001065
9.8478e-05,7.611e-05,0.00013069,9.2775e-05,0.00010325
0.000107485,8.967e-05,0.00012118,0.000107675,8.967e-05
0.000114055,9.577e-05,0.00013566,0.00011437,0.00013566
0.000110184,8.433e-05,0.00014232,0.00010728,0.00010178
0.000115428,9.452e-05,0.00013874,0.00011752,0.00013874
0.000106379,9.277e-05,0.00013585,0.000101325,0.00010213
0.000122824,9.777e-05,0.00015716,0.000121275,0.00015716
0.000106627,8.841e-05,0.00012257,0.000110425,0.00010804
0.000109785,7.226e-05,0.00015197,0.000106115,0.00015197
0.000106556,9.437e-05,0.00012373,0.000100485,0.00012319
0.000114726,9.235e-05,0.00015457,0.0001079,0.00011801
0.00010861,9.116e-05,0.00013695,0.00010442,0.00011996
0.00010936,7.908e-05,0.00013518,0.00011507,0.00010731
0.00011919,9.52e-05,0.00015568,0.00011525,0.00015568
0.000109836,8.456e-05,0.0001428,0.000105835,0.00010198
0.000113339,9.432e-05,0.00015185,0.000105415,0.00015185
0.000102116,8.464e-05,0.00011908,0.000101635,0.00010796
0.000113383,0.00010028,0.00012842,0.000111605,0.00012519
0.000115008,8.694e-05,0.00014803,0.000116695,0.0001086
0.000102796,8.462e-05,0.00012836,0.000100805,8.462e-05
0.000104807,7.847e-05,0.00014662,9.898e-05,0.00010539
9.7979e-05,7.348e-05,0.00013594,9.2975e-05,8.685e-05
0.000111689,9.144e-05,0.00014584,0.00010721,0.00010888
9.4838e-05,6.839e-05,0.0001284,9.3485e-05,8.913e-05
0.000118433,9.535e-05,0.00015578,0.00011416,0.00011186
0.000103653,7.813e-05,0.00013752,0.000102385,9.023e-05
0.000111351,0.00010278,0.00012838,0.00010779,0.00011803
9.683e-05,7.889e-05,0.00011301,9.448e-05,9.09e-05
0.000109159,9.29e-05,0.00012978,0.000108685,0.00010104
0.000109918,7.922e-05,0.00014185,0.000111145,0.00011632
0.000117039,8.715e-05,0.00015457,0.000115165,0.00011692
0.000102686,8.213e-05,0.00012036,0.000101165,0.00012036
0.000105563,8.4e-05,0.00012876,0.00010537,0.0001045
0.000107154,8.901e-05,0.00012603,0.000103935,0.00012603
0.000116606,8.412e-05,0.00014977,0.00011175,0.00011116
0.00011061,9.08e-05,0.00013149,0.000111935,0.00013149
0.000112013,8.111e-05,0.00015166,0.00010749,0.00010548
0.000108882,8.595e-05,0.00013099,0.000108675,0.00013099
0.000108034,8.433e-05,0.00012749,0.00011071,0.00010879
0.000114403,9.058e-05,0.00014114,0.00011965,0.00014114
0.000108821,9.447e-05,0.00013801,0.00010531,0.00013801
0.000116405,8.699e-05,0.00014919,0.00011409,0.00010735
0.000105545,8.674e-05,0.00012764,0.00010489,0.00012764
0.000114923,9.019e-05,0.0001472,0.00010788,0.00010235
0.000117621,9.109e-05,0.0001408,0.00011738,0.00013162
0.000111294,9.236e-05,0.00013594,0.000108895,0.00013594
0.00011309,8.855e-05,0.00012845,0.00011332,0.0001141
9.7369e-05,7.868e-05,0.00012895,9.137e-05,0.00012895
0.000117882,8.949e-05,0.00014515,0.000117725,0.00010787
9.8512e-05,8.257e-05,0.00012283,9.5265e-05,0.00012283
0.00010841,8.935e-05,0.00013014,0.000107935,0.00011007
9.7673e-05,7.839e-05,0.00012001,9.887e-05,0.00012001
0.00012322,0.00010038,0.00015491,0.000119665,0.00013363
0.000108995,9.239e-05,0.00013251,0.00010576,0.00013251
0.000101387,8.752e-05,0.00011301,0.000101205,0.00010319
0.000109694,9.432e-05,0.0001295,0.00010791,0.0001295
0.000104394,8.513e-05,0.00012696,0.00010214,9.876e-05
0.000115245,9.574e-05,0.00015135,0.00010835,0.00015135
0.000105124,7.934e-05,0.00013999,9.8895e-05,9.027e-05
0.000108129,9.68e-05,0.00011927,0.000108795,0.00010926
9.9034e-05,7.572e-05,0.0001252,9.5435e-05,9.218e-05
0.00011126,9.299e-05,0.00014162,0.00010603,0.0001043
0.000110338,8.876e-05,0.00014009,0.00010636,0.00011193
0.000112443,9.256e-05,0.00014869,0.00010616,0.00010993
0.000107814,9.696e-05,0.00012434,0.00010647,0.00011703
0.000111932,9.172e-05,0.0001395,0.000109885,0.00010804
0.000117287,9.008e-05,0.00014275,0.000118425,0.00011583
0.000108372,8.182e-05,0.00013574,0.00011187,0.00010445
0.000115512,8.797e-05,0.0001375,0.00011836,0.0001375
0.000111701,8.356e-05,0.00015123,0.000105175,0.00010064
0.00011511,8.645e-05,0.00013291,0.000116535,0.00011713
0.000101808,7.64e-05,0.00013796,9.756e-05,0.00010396
0.000109627,9.241e-05,0.0001262,0.000110525,0.0001262
9.914e-05,9.092e-05,0.00011437,9.526e-05,9.092e-05
0.000116609,9.204e-05,0.00014526,0.00011449,0.00014526
9.9444e-05,9.093e-05,0.00010867,9.842e-05,9.23e-05
0.000110899,8.883e-05,0.00013775,0.000112885,0.00012163
0.000112229,9.655e-05,0.00014448,0.000105045,0.00011554
0.000108431,8.244e-05,0.00013821,0.0001074,0.000116
0.000105895,7.984e-05,0.00012999,0.000107565,9.982e-05
0.000107381,8.459e-05,0.00014424,0.00010444,8.969e-05
0.000114042,9.742e-05,0.00015738,0.000104875,0.00011034
0.000106534,7.626e-05,0.00014994,0.000100675,9.252e-05
0.000110762,9.732e-05,0.00014303,0.00010307,0.00010757
9.7139e-05,7.167e-05,0.00012906,9.4065e-05,9.142e-05
0.000108798,9.527e-05,0.00013627,0.00010267,0.00010162
0.000110799,9.118e-05,0.00013717,0.000108925,0.00011919
0.000104134,7.506e-05,0.00013107,0.00010025,9.71e-05
0.000111158,9.623e-05,0.00013089,0.000107945,0.00013089
0.000108405,8.532e-05,0.0001437,0.000101775,9.373e-05
0.000128794,0.00010472,0.00016762,0.000126105,0.00016762
0.000109199,9.379e-05,0.00013767,0.000102915,0.00012087
0.000120339,9.233e-05,0.00016342,0.000113935,0.00016342
9.933e-05,8.534e-05,0.00011663,9.624e-05,0.00010719
0.000108459,9.692e-05,0.00013073,0.0001047,0.00010005
0.000102795,8.25e-05,0.00012871,0.00010141,8.903e-05
0.000112594,8.845e-05,0.00013895,0.000110475,0.00011066
0.000108989,9.45e-05,0.00013758,0.00010368,9.45e-05
0.000118004,9.426e-05,0.00014386,0.00011721,0.00010996
0.000124552,0.00010528,0.00014892,0.000124,0.00014892
0.000114052,9.151e-05,0.00015097,0.00011422,0.00011178
0.000103959,7.914e-05,0.00011915,0.00010726,0.00011275
0.000108674,6.879e-05,0.0001407,0.000110845,0.00011012
0.000111869,8.739e-05,0.00013026,0.000115225,8.739e-05
0.000100569,7.601e-05,0.00012989,9.896e-05,0.00011075
0.000110815,9.858e-05,0.00012554,0.00011201,9.858e-05
9.809e-05,7.794e-05,0.00012349,9.5905e-05,0.00010405
0.000112006,8.158e-05,0.0001587,0.00010375,9.9e-05
0.000110229,8.467e-05,0.00014529,0.00010502,0.00010864
0.000110381,7.148e-05,0.00013785,0.00011598,0.00012868
0.000109601,8.856e-05,0.00015334,0.0001025,0.00010694
0.000112345,8.72e-05,0.0001321,0.000112325,0.0001321
0.000106482,9.41e-05,0.00012113,0.00010678,9.41e-05
0.000106984,7.986e-05,0.00015806,9.9045e-05,8.79e-05
0.000114594,0.0001011,0.00014941,0.000108245,0.00010886
0.00011366,8.079e-05,0.00014367,0.000115305,0.00012494
0.000104644,8.886e-05,0.00013262,0.000100805,0.00010247
0.000110661,8.544e-05,0.0001452,0.000104865,0.00012025
0.00010851,9.547e-05,0.00013214,0.00010226,9.871e-05
0.000121114,9.771e-05,0.00015972,0.00011458,0.00015972
0.00010539,8.99e-05,0.00013865,9.723e-05,9.654e-05
0.00010739,8.98e-05,0.00013101,0.000108215,0.00013101
0.000107443,8.118e-05,0.00015314,9.9745e-05,9.875e-05
0.000106203,8.784e-05,0.0001212,0.000108435,0.0001182
0.000104226,8.691e-05,0.00013332,0.000100295,9.608e-05
0.000119317,9.304e-05,0.00015656,0.000115205,0.00015656
0.000103547,8.185e-05,0.0001389,9.8655e-05,0.00010255
0.000111179,9.864e-05,0.00013954,0.000105345,0.00011608
0.000104719,8.141e-05,0.00014997,9.951e-05,0.00010671
0.000108624,7.923e-05,0.00014428,0.000108905,0.00011289
0.000112541,9.445e-05,0.00014087,0.000106515,9.445e-05
0.000101779,9.414e-05,0.00011617,0.00010038,0.00011617
0.000111297,9.239e-05,0.00012723,0.000112315,0.00010036
0.000107636,8.009e-05,0.00013284,0.000107965,0.00011678
0.000120529,0.00010254,0.00016053,0.00011176,0.00012149
0.000100607,7.678e-05,0.0001205,9.9335e-05,0.0001205
0.000114869,8.508e-05,0.00013646,0.000115145,0.00011164
0.000100334,7.917e-05,0.00013357,9.821e-05,0.00013357
0.000110334,8.579e-05,0.00013587,0.000109415,0.00011038
0.000105395,9.501e-05,0.00012284,0.000104485,0.00012284
0.00011875,0.00010653,0.00014543,0.000113725,0.0001091
0.000103617,8.853e-05,0.00011431,0.00010482,0.00010953
0.00012004,9.885e-05,0.00016073,0.000112285,0.00011147
0.000109376,9.04e-05,0.00013035,0.00011,0.00012051
0.000101151,7.865e-05,0.0001261,0.00010115,0.00010636
0.000109849,8.927e-05,0.00014572,0.000104945,8.927e-05
0.000106169,7.37e-05,0.00014912,0.00010341,0.0001108
0.000108664,9.499e-05,0.00012076,0.000110125,9.499e-05
0.000109734,9.318e-05,0.00013335,0.00010554,0.00013335
0.000106401,8.544e-05,0.00012108,0.000109345,0.00011088
0.000116229,8.957e-05,0.00015822,0.000107,8.957e-05
9.9121e-05,7.559e-05,0.00011347,0.00010438,0.00010363
0.000112265,8.371e-05,0.00013328,0.000110625,0.00012344
0.000108041,9.628e-05,0.00013068,0.0001038,0.00010528
0.00010921,9.108e-05,0.00012244,0.00010933,0.00012244
0.000105311,8.976e-05,0.0001205,0.000104315,0.00010087
0.000119959,9.183e-05,0.000156,0.000116,0.000156
0.000102711,7.725e-05,0.00011592,0.000103235,0.00010337
0.000111816,9.232e-05,0.00013466,0.000109025,0.00013466
0.000104841,9.294e-05,0.00012327,0.000102645,0.00011161
0.000116691,9.296e-05,0.00015509,0.00011296,0.00015509
0.000106982,9.471e-05,0.00012165,0.0001062,0.00011007
0.000115304,8.853e-05,0.00013718,0.000116605,0.00011888
0.000101447,8.529e-05,0.00013775,9.4895e-05,9.876e-05
0.000109746,8.25e-05,0.00013938,0.000110095,0.00013938
0.000112391,9.62e-05,0.00013388,0.00011396,0.00011519
0.000109251,8.197e-05,0.00013243,0.00011049,0.00013243
0.000122605,9.789e-05,0.00016034,0.000117885,0.00012221
0.0001077,8.928e-05,0.0001291,0.000107635,0.00010953
0.000109177,9.288e-05,0.00012869,0.00010845,0.00012869
0.000111956,9.316e-05,0.00014036,0.000107795,0.00013119
0.000112295,9.789e-05,0.00012615,0.00011171,0.00012615
0.000110856,8.222e-05,0.00014434,0.00010831,0.00010819
0.000105942,8.8e-05,0.00012701,0.00010317,8.8e-05
0.000112392,7.781e-05,0.00014744,0.00011435,0.00011227
0.000115149,9.105e-05,0.00013628,0.0001184,0.00013628
0.000110964,9.181e-05,0.00014794,0.00010079,0.00010202
0.000108135,9.473e-05,0.00013227,0.000103305,0.00013227
0.000111137,9.234e-05,0.00014805,0.000102595,0.00010139
0.000104488,8.877e-05,0.00012782,0.000100825,0.00012782
0.000111385,8.273e-05,0.00012435,0.000114355,0.0001093
0.000102089,8.907e-05,0.00012849,9.912e-05,9.778e-05
0.000107481,8.744e-05,0.00013128,0.000104585,8.744e-05
0.000106422,9.173e-05,0.00011723,0.00010575,0.00011398
0.00010369,7.451e-05,0.00012378,0.00011096,0.00011332
0.000122271,9.634e-05,0.00015638,0.000119715,0.00013343
0.000109422,7.682e-05,0.00013747,0.0001112,0.00011223
0.000108822,8.344e-05,0.00013425,0.000108925,8.344e-05
0.000106035,7.853e-05,0.00013186,0.00010529,0.0001071
0.0001083,9.655e-05,0.00012216,0.00010821,0.00010986
0.00010187,8.367e-05,0.00013519,9.5645e-05,0.00010402
0.000112173,9.656e-05,0.00012862,0.000113675,9.873e-05
0.000105206,8.552e-05,0.00011856,0.000106415,0.00010549
0.000110229,8.931e-05,0.0001303,0.000111605,0.0001303
0.000102439,8.345e-05,0.00013547,9.7875e-05,0.00011148
0.000111421,9.113e-05,0.00014307,0.000108605,0.00011232
0.000108814,9.097e-05,0.00012872,0.000107235,0.0001037
0.000103311,7.85e-05,0.00014717,9.946e-05,8.168e-05
0.000116718,7.044e-05,0.00016139,0.000121405,0.00011703
0.000105133,8.223e-05,0.00012721,0.00010533,0.00012721
0.000112464,8.544e-05,0.00013853,0.00011196,0.00010559
0.000112897,8.439e-05,0.00013306,0.00011634,0.00013306
0.000118325,8.557e-05,0.00015231,0.000117375,0.00010711
0.000109376,8.385e-05,0.00012963,0.000109375,0.00012963
0.000109604,8.519e-05,0.00013519,0.00010739,0.00010745
0.000105957,9.196e-05,0.00012116,0.00010734,0.00012116
0.000116557,9.782e-05,0.00014928,0.00010886,0.00012938
0.000104013,9.347e-05,0.00012166,0.000102475,9.814e-05
0.000103706,7.709e-05,0.00013415,0.000103145,9.36e-05
0.000125655,9.277e-05,0.00016876,0.00011815,0.00016876
0.000107389,9.04e-05,0.00013382,0.00010576,0.00010266
0.000100071,8.064e-05,0.00013764,9.79e-05,8.558e-05
0.000106378,8.878e-05,0.00012928,0.00010346,0.00010473
0.0001032,7.246e-05,0.00012904,0.000105705,0.00011742
0.00010582,7.753e-05,0.00015401,9.8505e-05,0.00010815
9.7796e-05,7.88e-05,0.00012826,9.5215e-05,8.391e-05
0.000108748,9.079e-05,0.00013392,0.000107405,0.00010854
0.000102937,8.451e-05,0.00012226,0.00010125,8.451e-05
0.000113109,9.081e-05,0.00013215,0.00011297,0.00013215
0.000113107,9.648e-05,0.00014641,0.00010774,0.00011523
0.000121389,9.51e-05,0.00016359,0.000114245,0.00016359
0.000109138,8.657e-05,0.00012297,0.000111145,0.00010374
0.000110661,8.919e-05,0.00012738,0.00011167,0.00012738
0.000102106,8.356e-05,0.00011872,0.000102975,0.00011712
0.000122554,9.75e-05,0.00015431,0.000120045,0.00015431
0.000109615,8.762e-05,0.00012534,0.00010888,0.0001045
0.000103959,7.914e-05,0.00014067,0.00010271,8.92e-05
0.000110309,9.398e-05,0.00013866,0.000104975,0.0001045
0.000104888,8.185e-05,0.00012907,0.00010237,8.185e-05
0.000109844,7.887e-05,0.00015381,0.00010576,0.00011478
0.0001116,8.712e-05,0.00013557,0.00011102,0.00012001
0.000112751,8.114e-05,0.00014891,0.000110925,9.821e-05
0.000107683,9.428e-05,0.00012859,0.00010218,0.00010083
0.000109751,7.898e-05,0.00015226,0.00010808,0.00011156
9.789e-05,7.802e-05,0.00013359,9.1405e-05,0.00010321
0.000116431,7.622e-05,0.00015181,0.000119355,0.0001384
0.000105725,8.441e-05,0.000136,0.00010137,0.00010715
0.000107758,7.632e-05,0.00013905,0.000107095,0.00010916
0.000107279,8.278e-05,0.0001302,0.00010807,0.00011236
0.00010882,6.976e-05,0.00013755,0.000111265,0.00012704
0.000113065,7.605e-05,0.00015674,0.000110035,0.00012629
0.000101406,7.717e-05,0.0001357,9.7185e-05,8.858e-05
0.000119926,9.598e-05,0.00016093,0.00011634,0.00012178
0.000108799,7.41e-05,0.00013839,0.00010959,0.00011715
0.000104971,7.879e-05,0.00012494,0.00010818,0.00010482
0.000133884,9.814e-05,0.00016907,0.00013846,0.00016907
0.000104164,8.305e-05,0.00012733,0.00010331,9.751e-05
0.00012711,9.683e-05,0.00016348,0.00012814,0.00016348
0.000101172,7.858e-05,0.00012627,9.6115e-05,9.667e-05
0.000112091,9.152e-05,0.00013898,0.00011268,0.00013898
0.00010465,9.382e-05,0.00013291,9.924e-05,9.633e-05
0.000107807,8.237e-05,0.00012192,0.000110285,0.00011785
0.000119517,9.305e-05,0.00015406,0.0001152,0.00012852
0.000114462,9.326e-05,0.00014834,0.000110765,0.00014834
0.000114209,9.438e-05,0.00014052,0.00010795,0.00013661
0.00010666,9.035e-05,0.00012101,0.00010584,0.00010046
0.000112969,9.49e-05,0.0001399,0.000111575,0.00012162
0.000119075,8.393e-05,0.00015654,0.000115445,0.00015654
0.00011228,9.562e-05,0.00013133,0.00011328,0.00010066
0.0001045,8.626e-05,0.00012693,0.000104665,9.332e-05
0.000112584,9.548e-05,0.00015019,0.000106975,0.00010862
0.000112353,8.056e-05,0.0001381,0.000115445,0.00011903
0.000114685,9.019e-05,0.00013499,0.00011758,0.00010301
0.000109216,9.032e-05,0.00013039,0.00010944,0.00012426
0.000109907,9.138e-05,0.00014118,0.00010497,0.00011056
0.000106401,7.077e-05,0.00014225,0.000108805,0.00011013
0.000109221,9.704e-05,0.00012875,0.00010743,0.00012875
0.000102529,9.058e-05,0.00011832,0.000102405,9.194e-05
0.000109172,9.032e-05,0.00012608,0.00011175,0.00011081
0.000119846,9.524e-05,0.00016222,0.000115775,0.00016222
0.000110815,8.41e-05,0.00013252,0.000111375,0.00010409
0.000109079,9.613e-05,0.00013406,0.00010667,0.00013406
0.00010535,9.028e-05,0.00013539,9.983e-05,9.664e-05
0.000105865,8.478e-05,0.00012555,0.00010551,0.00012555
0.000124451,0.0001106,0.00014694,0.00012304,0.00013338
0.000117536,8.542e-05,0.00015456,0.00011582,0.00015456
9.8946e-05,7.745e-05,0.00011775,9.8675e-05,0.0001012
0.000103651,7.282e-05,0.00013926,0.000102745,0.00010334
0.000119721,9.865e-05,0.00015292,0.000114985,0.00012717
0.000103639,7.799e-05,0.0001321,0.000104885,0.00010554
0.000114976,9.767e-05,0.00014265,0.00010982,0.00012336
0.000106411,7.181e-05,0.00013436,0.00010723,0.00010778
0.000119645,0.00010627,0.00014355,0.00011447,0.00012223
0.000108405,7.681e-05,0.00013586,0.00011074,0.0001024
0.000109387,9.409e-05,0.00012349,0.00011107,9.409e-05
9.5451e-05,8.409e-05,0.00012079,9.2265e-05,8.409e-05
0.000103093,7.447e-05,0.00014175,0.000101485,0.00011024
0.000108635,9.329e-05,0.00013577,0.00010401,0.00010446
0.00010255,8.112e-05,0.00013098,9.971e-05,0.00010223
0.000116316,9.81e-05,0.00013118,0.0001201,0.00013118
0.000111746,9.498e-05,0.00012816,0.00011128,0.000109
0.00011468,0.00010009,0.00014482,0.00010956,0.00011203
0.000108974,7.443e-05,0.00013677,0.000111305,0.00010406
0.000118988,9.779e-05,0.00014837,0.000115475,0.00012858
0.00011468,7.037e-05,0.00014984,0.00012128,0.00011241
0.000120917,8.625e-05,0.00016221,0.00011489,0.00016221
9.4698e-05,7.551e-05,0.00010332,9.614e-05,8.749e-05
0.000114415,8.49e-05,0.0001556,0.00010543,0.0001556
9.8069e-05,8.323e-05,0.00011162,9.8915e-05,0.00010083
0.000100961,8.397e-05,0.00012769,9.932e-05,9.364e-05
0.000107651,7.524e-05,0.00014896,0.00010688,0.00010188
0.000107721,8.357e-05,0.00012528,0.00011172,0.0001229
0.000112626,8.605e-05,0.00014909,0.000110305,0.00011233
0.000109386,8.406e-05,0.00013902,0.00010582,0.00013902
0.000110338,9.561e-05,0.00013007,0.000108775,9.809e-05
0.000105365,8.04e-05,0.00013771,0.000102655,9.514e-05
0.000105289,7.862e-05,0.00014368,0.000102675,0.00010815
0.000107577,7.945e-05,0.00015499,9.819e-05,7.945e-05
0.000117247,9.933e-05,0.00015046,0.00010982,0.00015046
0.000106694,8.978e-05,0.00012693,0.0001027,0.00010358
0.000112317,8.738e-05,0.0001492,0.000104045,0.0001492
0.000104745,8.405e-05,0.00013013,0.00010506,0.00010184
0.000111894,9.013e-05,0.00015193,0.000104175,9.771e-05
0.00010714,8.882e-05,0.00012,0.00010792,9.545e-05
0.000111625,7.804e-05,0.00014147,0.000113155,0.00013133
0.000105576,8.445e-05,0.00013364,0.000101,9.82e-05
0.00010522,8.848e-05,0.00012987,0.000102665,8.848e-05
0.00010559,8.759e-05,0.00013218,0.000100925,0.00010101
0.000107382,8.336e-05,0.00012572,0.00011023,0.00011115
0.000109801,9.241e-05,0.00013168,0.00010954,0.00010964
0.000109103,8.994e-05,0.00013775,0.000104715,0.00011395
0.000102699,7.458e-05,0.00013615,0.000103435,0.00011447
0.000108631,8.545e-05,0.00013125,0.000111645,0.00012628
0.000111464,7.343e-05,0.00015551,0.00011106,0.00010303
0.000110014,9.1e-05,0.00013227,0.00010817,9.1e-05
0.000111257,8.291e-05,0.0001389,0.00011576,0.00013247
0.000108019,9.394e-05,0.00011936,0.000108145,0.00011569
0.000109693,8.126e-05,0.00014077,0.000110305,0.00012733
9.9276e-05,7.018e-05,0.00012423,9.9435e-05,9.263e-05
9.698e-05,8.04e-05,0.0001163,9.261e-05,9.273e-05
0.000108927,8.888e-05,0.00012844,0.00010867,8.888e-05
0.000108425,9.12e-05,0.00013301,0.000106045,0.00011429
0.00011508,9.202e-05,0.00013864,0.000115275,0.0001089
0.000115952,9.734e-05,0.00014532,0.00011174,0.00012794
0.000101677,6.857e-05,0.00012986,0.00010432,0.00011025
0.000115211,9.301e-05,0.00013964,0.000112855,9.301e-05
0.000109019,6.804e-05,0.00013951,0.00011415,0.00011122
0.000103675,8.432e-05,0.00013069,0.000104565,8.432e-05
0.000110575,8.521e-05,0.00015379,0.000101295,0.00011377
0.000104074,8.191e-05,0.00012498,0.00010601,0.00012042
0.000102029,8.035e-05,0.00012688,9.8465e-05,9.508e-05
0.00011007,9.596e-05,0.00013775,0.00010367,0.00012539
0.000116547,8.858e-05,0.00016631,0.000106,8.858e-05
0.000102009,8.269e-05,0.00012453,0.00010369,0.0001123
0.000110374,8.904e-05,0.00014226,0.000108125,8.904e-05
0.000106981,8.46e-05,0.00012782,0.000107485,0.00010155
0.000117164,9.984e-05,0.00013771,0.000119205,0.00013771
0.000101393,9.232e-05,0.00012494,9.7505e-05,9.294e-05
0.000114505,8.728e-05,0.00015066,0.00011149,0.00015066
0.000105154,7.915e-05,0.00013278,0.00010128,0.00010145
0.000111141,9.084e-05,0.00014997,0.000103895,0.00014997
0.000103405,8.39e-05,0.00011795,0.000104675,0.0001055
0.000105696,9.307e-05,0.00011622,0.000105765,9.307e-05
0.000108001,8.249e-05,0.00012741,0.000113435,0.00012741
0.000114079,9.075e-05,0.00013927,0.0001184,0.0001213
0.000114106,9.594e-05,0.00014058,0.000110775,0.00014058
0.000103326,8.466e-05,0.00013047,9.9895e-05,9.441e-05
0.000122216,9.368e-05,0.00015931,0.000121075,0.00015931
0.000107533,8.523e-05,0.00013221,0.00010778,0.00012918
0.000110019,9.145e-05,0.00012308,0.00011164,9.791e-05
0.000108117,7.977e-05,0.00013373,0.000108925,0.00012021
0.00010999,0.00010074,0.00012687,0.00010792,0.00011517
0.000102448,8.356e-05,0.0001289,9.9355e-05,8.356e-05
0.000111535,9.364e-05,0.00014109,0.00010428,9.797e-05
0.000107276,8.807e-05,0.00013752,0.000102875,0.00013752
0.000110751,8.258e-05,0.00014144,0.000110095,9.998e-05
0.000110339,8.019e-05,0.00013116,0.000108705,0.00012873
0.000114966,9.249e-05,0.00014518,0.000111555,0.00010549
0.000109674,9.591e-05,0.00012696,0.00010977,0.00010907
0.00011045,7.307e-05,0.00014162,0.000114055,0.00010886
0.000105271,9.489e-05,0.00011756,0.000105005,0.00011756
0.000101513,8.516e-05,0.00012601,9.9025e-05,0.00010987
0.000103672,7.591e-05,0.000134,0.000101785,0.000134
0.00010724,9.549e-05,0.00012646,0.000103705,0.00011562
0.000113729,9.807e-05,0.0001293,0.000115155,0.00011171
0.000118978,0.00010014,0.00014666,0.000118435,0.00014666
0.00012539,0.00010888,0.00015633,0.00012151,0.0001105
0.000119808,9.351e-05,0.00014307,0.00012265,0.00014307
0.000106931,9.017e-05,0.00013838,0.00010118,0.00011187
0.00012575,9.899e-05,0.00015754,0.000122255,0.00015754
9.7905e-05,8.037e-05,0.00011764,9.535e-05,9.391e-05
0.000105786,9.202e-05,0.00012646,0.000105315,9.828e-05
0.000101621,7.463e-05,0.00013137,0.00010086,8.907e-05
0.000111381,9.152e-05,0.00013955,0.000108255,0.00011231
0.000115111,9.119e-05,0.00014473,0.000112465,0.00012227
0.000109044,9.091e-05,0.00012755,0.00010945,0.00010596
0.000110647,8.7e-05,0.00012904,0.000110425,0.00012904
0.000108327,8.857e-05,0.00014085,0.00010486,0.00010777
0.00012055,9.777e-05,0.00015995,0.000118495,0.00015995
0.000114677,8.569e-05,0.00014656,0.00011833,0.00011787
0.000105246,8.979e-05,0.00012087,0.00010512,0.0001018
0.000110045,9.563e-05,0.00012371,0.00011121,0.00010598
0.000110414,8.371e-05,0.000145,0.00010863,9.64e-05
9.8544e-05,7.701e-05,0.00011559,9.8945e-05,0.00011215
0.000101048,7.612e-05,0.00013096,9.609e-05,9.471e-05
0.000110819,8.233e-05,0.0001278,0.00011184,0.00012743
0.000108042,7.634e-05,0.00013889,0.000110255,0.00010612
0.000118477,9.917e-05,0.00015277,0.000113385,0.00015277
0.000113548,8.562e-05,0.00014437,0.00011161,0.00010391
0.000115698,9.265e-05,0.00013972,0.00011534,0.00012662
9.9957e-05,8.164e-05,0.0001275,9.229e-05,0.0001057
0.000104931,7.901e-05,0.00014649,0.00010081,9.78e-05
0.000109961,6.907e-05,0.00014567,0.00010972,0.00011922
0.000105752,7.81e-05,0.00012744,0.00010799,0.00012555
9.9911e-05,8.393e-05,0.00012963,9.215e-05,0.00010562
0.000105742,9.753e-05,0.00011662,0.000104145,9.753e-05
0.00011603,8.182e-05,0.00014421,0.00011914,0.00011103
0.000111951,8.077e-05,0.00015091,0.000110395,0.00015091
0.000115055,9.917e-05,0.00013696,0.000117175,0.00012791
0.000104775,9.183e-05,0.00012335,0.000105385,0.00012335
0.000116268,9.869e-05,0.00013288,0.000117935,0.00012048
0.000101186,8.667e-05,0.00012372,0.00010087,0.00012372
0.000105191,9.278e-05,0.00011608,0.000105935,9.432e-05
9.284e-05,7.755e-05,0.00011952,9.043e-05,9.63e-05
0.000114605,9.453e-05,0.0001398,0.000113335,0.00013018
0.000106605,9.122e-05,0.00012664,0.00010473,0.00010626
0.000106496,9.507e-05,0.00012057,0.00010498,0.00011261
0.0001131,9.513e-05,0.00014758,0.000107215,0.0001071
0.000103344,8.003e-05,0.00012083,0.00010463,0.00010582
0.000110868,9.344e-05,0.00014542,0.00010753,0.00010903
0.000116006,7.596e-05,0.00014515,0.000120855,0.0001394
0.000114698,8.736e-05,0.00013757,0.000112045,0.00010421
0.000101794,8.655e-05,0.00012787,9.708e-05,0.00012787
0.000115935,9.105e-05,0.00014683,0.000114815,0.00011848
0.000108042,9.055e-05,0.00013656,0.000103585,9.576e-05
0.000110569,9.305e-05,0.0001253,0.000113365,9.699e-05
0.000107134,8.452e-05,0.00014997,0.000103485,0.00014997
0.000106106,9.066e-05,0.00011928,0.00010424,0.00011928
0.000105614,8.786e-05,0.0001375,0.000103105,0.0001375
0.000110092,8.653e-05,0.00013537,0.00011057,0.00011328
0.000128551,0.00010115,0.00016195,0.000127295,0.00016195
0.000105434,9.055e-05,0.00012323,0.000103075,0.00012323
0.000104881,9.13e-05,0.00012009,0.000104975,0.00011589
9.9809e-05,8.196e-05,0.00012224,9.767e-05,0.00010118
0.000102813,7.523e-05,0.00014619,9.948e-05,9.257e-05
0.000107883,8.658e-05,0.00013578,0.00010662,0.00011565
0.000112274,9.632e-05,0.00013535,0.000109555,0.00013535
0.000102681,8.243e-05,0.00012478,0.00010302,0.00012478
0.000110653,8.233e-05,0.00014654,0.00010545,0.00010214
0.000103394,9.536e-05,0.00011529,0.000103285,9.846e-05
0.000106705,8.955e-05,0.0001233,0.000108255,0.00010817
0.000116484,9.675e-05,0.00015215,0.000111375,0.00010781
0.000102935,9.141e-05,0.00012124,0.00010022,9.141e-05
0.000108185,8.353e-05,0.00015455,0.00010048,0.0001073
0.000107965,8.418e-05,0.00014893,0.00010268,8.418e-05
0.000113845,9.46e-05,0.00014081,0.00011413,0.00010156
0.000108341,7.668e-05,0.00013044,0.00011264,0.0001152
0.00010288,9.479e-05,0.000117,0.000102625,0.00010023
0.000101679,7.26e-05,0.00013548,0.000100635,0.00010306
0.000106955,9.268e-05,0.00012725,0.0001022,9.963e-05
0.000114091,9.19e-05,0.00013134,0.00011675,0.00011842
0.000111236,8.393e-05,0.00014755,0.000108635,9.732e-05
0.000131081,0.00011387,0.00015812,0.00012749,0.00015812
0.000107221,8.406e-05,0.00013519,0.000110205,0.00010722
0.000113661,8.898e-05,0.00013647,0.00011351,0.00013647
0.000109391,8.678e-05,0.0001283,0.00010921,0.00010521
0.000115349,8.762e-05,0.00014082,0.00011701,0.00011898
0.000106941,8.073e-05,0.00014622,9.84e-05,0.00010871
0.000101114,8.332e-05,0.00011955,0.00010227,8.332e-05
0.000106211,8.787e-05,0.00013175,0.000104035,0.00012429
0.000103261,7.573e-05,0.00012866,0.000105555,0.000102
0.000102226,8.814e-05,0.00011186,0.00010407,0.00010352
0.000100127,8.318e-05,0.00012763,9.184e-05,8.318e-05
0.00010897,9.535e-05,0.00012748,0.000109055,0.00011254
0.000104565,7.171e-05,0.0001401,0.000103295,0.00011369
0.000113676,9.303e-05,0.00013662,0.00011128,0.00013662
0.000106434,8.7e-05,0.00014759,9.572e-05,9.333e-05
0.000110129,7.968e-05,0.0001472,0.00010828,0.00012568
0.000108259,8.133e-05,0.00014529,0.00010374,9.925e-05
0.000109541,9.784e-05,0.00012024,0.000109605,9.884e-05
0.00011191,9.011e-05,0.00013418,0.00011308,9.335e-05
